"dataset","dataset_label","replicate","scenario","taxon","observed_prevalence","prevalence_H","prevalence_Case","positive_samples_H","positive_samples_Case","total_count","sacat_retained","sacat_formed_structural_absence","sacat_regular_structural_absence","sacat_nonregular_structural_absence","sacat_formed_relative_abundance","sacat_formed_omnibus","sacat_both_components_formed","sacat_reason_structural_absence","sacat_reason_relative_abundance","sacat_warning_structural_absence","sacat_warning_relative_abundance"
"BaxterE_2016","Baxter 2016",1,"balanced","Akkermansia",0.845,0.88,0.81,88,81,25292,TRUE,TRUE,TRUE,FALSE,TRUE,TRUE,TRUE,"ok","ok","",""
"BaxterE_2016","Baxter 2016",1,"balanced","Alistipes",0.92,0.93,0.91,93,91,26838,TRUE,TRUE,TRUE,FALSE,TRUE,TRUE,TRUE,"ok","ok","",""
"BaxterE_2016","Baxter 2016",1,"balanced","Anaerostipes",0.98,0.97,0.99,97,99,30091,TRUE,TRUE,TRUE,FALSE,TRUE,TRUE,TRUE,"ok","ok","",""
"BaxterE_2016","Baxter 2016",1,"balanced","Bacteroides",1,1,1,100,100,122844,TRUE,TRUE,FALSE,TRUE,TRUE,TRUE,TRUE,"no_observed_zeros","ok","",""
"BaxterE_2016","Baxter 2016",1,"balanced","Bifidobacterium",0.755,0.8,0.71,80,71,8838,TRUE,TRUE,TRUE,FALSE,TRUE,TRUE,TRUE,"ok","ok","",""
"BaxterE_2016","Baxter 2016",1,"balanced","Blautia",1,1,1,100,100,129482,TRUE,TRUE,FALSE,TRUE,TRUE,TRUE,TRUE,"no_observed_zeros","ok","",""
"BaxterE_2016","Baxter 2016",1,"balanced","Clostridium_IV",0.985,0.98,0.99,98,99,17397,TRUE,TRUE,TRUE,FALSE,TRUE,TRUE,TRUE,"ok","ok","",""
"BaxterE_2016","Baxter 2016",1,"balanced","Clostridium_sensu_stricto",0.74,0.77,0.71,77,71,9598,TRUE,TRUE,TRUE,FALSE,TRUE,TRUE,TRUE,"ok","ok","",""
"BaxterE_2016","Baxter 2016",1,"balanced","Clostridium_XI",0.89,0.9,0.88,90,88,9700,TRUE,TRUE,TRUE,FALSE,TRUE,TRUE,TRUE,"ok","ok","",""
"BaxterE_2016","Baxter 2016",1,"balanced","Clostridium_XlVa",0.995,0.99,1,99,100,15264,TRUE,TRUE,TRUE,FALSE,TRUE,TRUE,TRUE,"ok","ok","",""
"BaxterE_2016","Baxter 2016",1,"balanced","Clostridium_XVIII",0.9,0.9,0.9,90,90,4993,TRUE,TRUE,TRUE,FALSE,TRUE,TRUE,TRUE,"ok","ok","",""
"BaxterE_2016","Baxter 2016",1,"balanced","Collinsella",0.61,0.68,0.54,68,54,7682,TRUE,TRUE,TRUE,FALSE,TRUE,TRUE,TRUE,"ok","ok","",""
"BaxterE_2016","Baxter 2016",1,"balanced","Coprococcus",0.875,0.91,0.84,91,84,9214,TRUE,TRUE,TRUE,FALSE,TRUE,TRUE,TRUE,"ok","ok","",""
"BaxterE_2016","Baxter 2016",1,"balanced","Dorea",0.965,0.96,0.97,96,97,13950,TRUE,TRUE,TRUE,FALSE,TRUE,TRUE,TRUE,"ok","ok","",""
"BaxterE_2016","Baxter 2016",1,"balanced","Escherichia/Shigella",0.795,0.84,0.75,84,75,6544,TRUE,TRUE,FALSE,TRUE,TRUE,TRUE,TRUE,"structural_absence_boundary_at_zero","ok","",""
"BaxterE_2016","Baxter 2016",1,"balanced","Faecalibacterium",0.985,0.98,0.99,98,99,45548,TRUE,TRUE,TRUE,FALSE,TRUE,TRUE,TRUE,"ok","ok","",""
"BaxterE_2016","Baxter 2016",1,"balanced","Gemmiger",0.79,0.77,0.81,77,81,9039,TRUE,TRUE,TRUE,FALSE,TRUE,TRUE,TRUE,"ok","ok","",""
"BaxterE_2016","Baxter 2016",1,"balanced","Lachnospiracea_incertae_sedis",1,1,1,100,100,33587,TRUE,TRUE,FALSE,TRUE,TRUE,TRUE,TRUE,"no_observed_zeros","ok","",""
"BaxterE_2016","Baxter 2016",1,"balanced","Methanobrevibacter",0.42,0.46,0.38,46,38,6678,TRUE,TRUE,TRUE,FALSE,TRUE,TRUE,TRUE,"ok","ok","",""
"BaxterE_2016","Baxter 2016",1,"balanced","Oscillibacter",0.925,0.95,0.9,95,90,10824,TRUE,TRUE,TRUE,FALSE,TRUE,TRUE,TRUE,"ok","ok","",""
"BaxterE_2016","Baxter 2016",1,"balanced","Parabacteroides",0.73,0.74,0.72,74,72,5616,TRUE,TRUE,TRUE,FALSE,TRUE,TRUE,TRUE,"ok","ok","",""
"BaxterE_2016","Baxter 2016",1,"balanced","Phascolarctobacterium",0.64,0.65,0.63,65,63,7560,TRUE,TRUE,TRUE,FALSE,TRUE,TRUE,TRUE,"ok","ok","",""
"BaxterE_2016","Baxter 2016",1,"balanced","Prevotella",0.365,0.4,0.33,40,33,13704,TRUE,TRUE,TRUE,FALSE,TRUE,TRUE,TRUE,"ok","ok","",""
"BaxterE_2016","Baxter 2016",1,"balanced","Roseburia",0.99,1,0.98,100,98,32096,TRUE,TRUE,TRUE,FALSE,TRUE,TRUE,TRUE,"ok","ok","",""
"BaxterE_2016","Baxter 2016",1,"balanced","Ruminococcus",0.89,0.88,0.9,88,90,25242,TRUE,TRUE,TRUE,FALSE,TRUE,TRUE,TRUE,"ok","ok","",""
"BaxterE_2016","Baxter 2016",1,"balanced","Ruminococcus2",0.975,0.97,0.98,97,98,17532,TRUE,TRUE,TRUE,FALSE,TRUE,TRUE,TRUE,"ok","ok","",""
"BaxterE_2016","Baxter 2016",1,"balanced","Streptococcus",0.855,0.9,0.81,90,81,6808,TRUE,TRUE,TRUE,FALSE,TRUE,TRUE,TRUE,"ok","ok","",""
"BaxterE_2016","Baxter 2016",1,"balanced","Unclassified_Clostridiales",0.925,0.94,0.91,94,91,11218,TRUE,TRUE,TRUE,FALSE,TRUE,TRUE,TRUE,"ok","ok","",""
"BaxterE_2016","Baxter 2016",1,"balanced","Unclassified_Lachnospiraceae",1,1,1,100,100,37619,TRUE,TRUE,FALSE,TRUE,TRUE,TRUE,TRUE,"no_observed_zeros","ok","",""
"BaxterE_2016","Baxter 2016",1,"balanced","Unclassified_Ruminococcaceae",0.98,0.98,0.98,98,98,24842,TRUE,TRUE,TRUE,FALSE,TRUE,TRUE,TRUE,"ok","ok","",""
"BaxterE_2016","Baxter 2016",1,"fourfold","Akkermansia",0.82,0.81,0.83,81,83,22721,TRUE,TRUE,TRUE,FALSE,TRUE,TRUE,TRUE,"ok","ok","",""
"BaxterE_2016","Baxter 2016",1,"fourfold","Alistipes",0.915,0.89,0.94,89,94,23206,TRUE,TRUE,TRUE,FALSE,TRUE,TRUE,TRUE,"ok","ok","",""
"BaxterE_2016","Baxter 2016",1,"fourfold","Anaerostipes",0.985,0.98,0.99,98,99,30737,TRUE,TRUE,TRUE,FALSE,TRUE,TRUE,TRUE,"ok","ok","",""
"BaxterE_2016","Baxter 2016",1,"fourfold","Bacteroides",1,1,1,100,100,109103,TRUE,TRUE,FALSE,TRUE,TRUE,TRUE,TRUE,"no_observed_zeros","ok","",""
"BaxterE_2016","Baxter 2016",1,"fourfold","Bifidobacterium",0.715,0.72,0.71,72,71,9312,TRUE,TRUE,TRUE,FALSE,TRUE,TRUE,TRUE,"ok","ok","",""
"BaxterE_2016","Baxter 2016",1,"fourfold","Blautia",0.995,0.99,1,99,100,124111,TRUE,TRUE,TRUE,FALSE,TRUE,TRUE,TRUE,"ok","ok","",""
"BaxterE_2016","Baxter 2016",1,"fourfold","Clostridium_IV",0.985,0.97,1,97,100,15225,TRUE,TRUE,FALSE,TRUE,TRUE,TRUE,TRUE,"structural_absence_boundary_at_zero","ok","",""
"BaxterE_2016","Baxter 2016",1,"fourfold","Clostridium_sensu_stricto",0.71,0.67,0.75,67,75,8698,TRUE,TRUE,TRUE,FALSE,TRUE,TRUE,TRUE,"ok","ok","",""
"BaxterE_2016","Baxter 2016",1,"fourfold","Clostridium_XI",0.805,0.78,0.83,78,83,8944,TRUE,TRUE,TRUE,FALSE,TRUE,TRUE,TRUE,"ok","ok","",""
"BaxterE_2016","Baxter 2016",1,"fourfold","Clostridium_XlVa",0.99,0.98,1,98,100,14763,TRUE,TRUE,TRUE,FALSE,TRUE,TRUE,TRUE,"ok","ok","",""
"BaxterE_2016","Baxter 2016",1,"fourfold","Clostridium_XVIII",0.845,0.78,0.91,78,91,5119,TRUE,TRUE,TRUE,FALSE,TRUE,TRUE,TRUE,"ok","ok","",""
"BaxterE_2016","Baxter 2016",1,"fourfold","Collinsella",0.57,0.61,0.53,61,53,7365,TRUE,TRUE,TRUE,FALSE,TRUE,TRUE,TRUE,"ok","ok","",""
"BaxterE_2016","Baxter 2016",1,"fourfold","Coprococcus",0.845,0.86,0.83,86,83,8265,TRUE,TRUE,TRUE,FALSE,TRUE,TRUE,TRUE,"ok","ok","",""
"BaxterE_2016","Baxter 2016",1,"fourfold","Dorea",0.94,0.92,0.96,92,96,12500,TRUE,TRUE,TRUE,FALSE,TRUE,TRUE,TRUE,"ok","ok","",""
"BaxterE_2016","Baxter 2016",1,"fourfold","Escherichia/Shigella",0.705,0.66,0.75,66,75,7278,TRUE,TRUE,TRUE,FALSE,TRUE,TRUE,TRUE,"ok","ok","",""
"BaxterE_2016","Baxter 2016",1,"fourfold","Faecalibacterium",0.98,0.97,0.99,97,99,42755,TRUE,TRUE,TRUE,FALSE,TRUE,TRUE,TRUE,"ok","ok","",""
"BaxterE_2016","Baxter 2016",1,"fourfold","Gemmiger",0.76,0.69,0.83,69,83,9342,TRUE,TRUE,TRUE,FALSE,TRUE,TRUE,TRUE,"ok","ok","",""
"BaxterE_2016","Baxter 2016",1,"fourfold","Lachnospiracea_incertae_sedis",0.995,0.99,1,99,100,31715,TRUE,TRUE,TRUE,FALSE,TRUE,TRUE,TRUE,"ok","ok","",""
"BaxterE_2016","Baxter 2016",1,"fourfold","Methanobrevibacter",0.38,0.37,0.39,37,39,5138,TRUE,TRUE,TRUE,FALSE,TRUE,TRUE,TRUE,"ok","ok","",""
"BaxterE_2016","Baxter 2016",1,"fourfold","Oscillibacter",0.905,0.9,0.91,90,91,10794,TRUE,TRUE,TRUE,FALSE,TRUE,TRUE,TRUE,"ok","ok","",""
"BaxterE_2016","Baxter 2016",1,"fourfold","Parabacteroides",0.7,0.63,0.77,63,77,5398,TRUE,TRUE,TRUE,FALSE,TRUE,TRUE,TRUE,"ok","ok","",""
"BaxterE_2016","Baxter 2016",1,"fourfold","Phascolarctobacterium",0.635,0.6,0.67,60,67,8698,TRUE,TRUE,TRUE,FALSE,TRUE,TRUE,TRUE,"ok","ok","",""
"BaxterE_2016","Baxter 2016",1,"fourfold","Prevotella",0.35,0.34,0.36,34,36,11318,TRUE,TRUE,TRUE,FALSE,TRUE,TRUE,TRUE,"ok","ok","",""
"BaxterE_2016","Baxter 2016",1,"fourfold","Roseburia",0.97,0.97,0.97,97,97,32283,TRUE,TRUE,TRUE,FALSE,TRUE,TRUE,TRUE,"ok","ok","",""
"BaxterE_2016","Baxter 2016",1,"fourfold","Ruminococcus",0.865,0.82,0.91,82,91,22076,TRUE,TRUE,TRUE,FALSE,TRUE,TRUE,TRUE,"ok","ok","",""
"BaxterE_2016","Baxter 2016",1,"fourfold","Ruminococcus2",0.965,0.96,0.97,96,97,17024,TRUE,TRUE,TRUE,FALSE,TRUE,TRUE,TRUE,"ok","ok","",""
"BaxterE_2016","Baxter 2016",1,"fourfold","Streptococcus",0.825,0.74,0.91,74,91,5008,TRUE,TRUE,FALSE,TRUE,TRUE,TRUE,TRUE,"structural_absence_boundary_at_zero","ok","",""
"BaxterE_2016","Baxter 2016",1,"fourfold","Unclassified_Clostridiales",0.895,0.88,0.91,88,91,10428,TRUE,TRUE,TRUE,FALSE,TRUE,TRUE,TRUE,"ok","ok","",""
"BaxterE_2016","Baxter 2016",1,"fourfold","Unclassified_Lachnospiraceae",0.995,0.99,1,99,100,34836,TRUE,TRUE,FALSE,TRUE,TRUE,TRUE,TRUE,"structural_absence_boundary_at_zero","ok","",""
"BaxterE_2016","Baxter 2016",1,"fourfold","Unclassified_Ruminococcaceae",0.98,0.96,1,96,100,23960,TRUE,TRUE,TRUE,FALSE,TRUE,TRUE,TRUE,"ok","ok","",""
"BaxterE_2016","Baxter 2016",2,"balanced","Akkermansia",0.84,0.9,0.78,90,78,24105,TRUE,TRUE,TRUE,FALSE,TRUE,TRUE,TRUE,"ok","ok","",""
"BaxterE_2016","Baxter 2016",2,"balanced","Alistipes",0.92,0.93,0.91,93,91,27018,TRUE,TRUE,TRUE,FALSE,TRUE,TRUE,TRUE,"ok","ok","",""
"BaxterE_2016","Baxter 2016",2,"balanced","Anaerostipes",0.98,0.98,0.98,98,98,30104,TRUE,TRUE,TRUE,FALSE,TRUE,TRUE,TRUE,"ok","ok","",""
"BaxterE_2016","Baxter 2016",2,"balanced","Bacteroides",1,1,1,100,100,130328,TRUE,TRUE,FALSE,TRUE,TRUE,TRUE,TRUE,"no_observed_zeros","ok","",""
"BaxterE_2016","Baxter 2016",2,"balanced","Bifidobacterium",0.765,0.79,0.74,79,74,10332,TRUE,TRUE,TRUE,FALSE,TRUE,TRUE,TRUE,"ok","ok","",""
"BaxterE_2016","Baxter 2016",2,"balanced","Blautia",1,1,1,100,100,134180,TRUE,TRUE,FALSE,TRUE,TRUE,TRUE,TRUE,"no_observed_zeros","ok","",""
"BaxterE_2016","Baxter 2016",2,"balanced","Clostridium_IV",0.99,0.98,1,98,100,16775,TRUE,TRUE,TRUE,FALSE,TRUE,TRUE,TRUE,"ok","ok","",""
"BaxterE_2016","Baxter 2016",2,"balanced","Clostridium_sensu_stricto",0.74,0.77,0.71,77,71,7884,TRUE,TRUE,TRUE,FALSE,TRUE,TRUE,TRUE,"ok","ok","",""
"BaxterE_2016","Baxter 2016",2,"balanced","Clostridium_XI",0.82,0.88,0.76,88,76,8916,TRUE,TRUE,TRUE,FALSE,TRUE,TRUE,TRUE,"ok","ok","",""
"BaxterE_2016","Baxter 2016",2,"balanced","Clostridium_XlVa",0.995,1,0.99,100,99,16200,TRUE,TRUE,TRUE,FALSE,TRUE,TRUE,TRUE,"ok","ok","",""
"BaxterE_2016","Baxter 2016",2,"balanced","Clostridium_XVIII",0.905,0.9,0.91,90,91,5423,TRUE,TRUE,TRUE,FALSE,TRUE,TRUE,TRUE,"ok","ok","",""
"BaxterE_2016","Baxter 2016",2,"balanced","Collinsella",0.61,0.61,0.61,61,61,9942,TRUE,TRUE,TRUE,FALSE,TRUE,TRUE,TRUE,"ok","ok","",""
"BaxterE_2016","Baxter 2016",2,"balanced","Coprococcus",0.875,0.89,0.86,89,86,9824,TRUE,TRUE,TRUE,FALSE,TRUE,TRUE,TRUE,"ok","ok","",""
"BaxterE_2016","Baxter 2016",2,"balanced","Dorea",0.97,0.98,0.96,98,96,13679,TRUE,TRUE,TRUE,FALSE,TRUE,TRUE,TRUE,"ok","ok","",""
"BaxterE_2016","Baxter 2016",2,"balanced","Escherichia/Shigella",0.745,0.75,0.74,75,74,8352,TRUE,TRUE,TRUE,FALSE,TRUE,TRUE,TRUE,"ok","ok","",""
"BaxterE_2016","Baxter 2016",2,"balanced","Faecalibacterium",0.985,0.98,0.99,98,99,49339,TRUE,TRUE,TRUE,FALSE,TRUE,TRUE,TRUE,"ok","ok","",""
"BaxterE_2016","Baxter 2016",2,"balanced","Gemmiger",0.795,0.8,0.79,80,79,9134,TRUE,TRUE,TRUE,FALSE,TRUE,TRUE,TRUE,"ok","ok","",""
"BaxterE_2016","Baxter 2016",2,"balanced","Lachnospiracea_incertae_sedis",1,1,1,100,100,35174,TRUE,TRUE,FALSE,TRUE,TRUE,TRUE,TRUE,"no_observed_zeros","ok","",""
"BaxterE_2016","Baxter 2016",2,"balanced","Methanobrevibacter",0.425,0.42,0.43,42,43,6593,TRUE,TRUE,TRUE,FALSE,TRUE,TRUE,TRUE,"ok","ok","",""
"BaxterE_2016","Baxter 2016",2,"balanced","Oscillibacter",0.905,0.93,0.88,93,88,10296,TRUE,TRUE,TRUE,FALSE,TRUE,TRUE,TRUE,"ok","ok","",""
"BaxterE_2016","Baxter 2016",2,"balanced","Parabacteroides",0.735,0.74,0.73,74,73,5394,TRUE,TRUE,TRUE,FALSE,TRUE,TRUE,TRUE,"ok","ok","",""
"BaxterE_2016","Baxter 2016",2,"balanced","Phascolarctobacterium",0.655,0.63,0.68,63,68,8734,TRUE,TRUE,TRUE,FALSE,TRUE,TRUE,TRUE,"ok","ok","",""
"BaxterE_2016","Baxter 2016",2,"balanced","Prevotella",0.415,0.38,0.45,38,45,11581,TRUE,TRUE,TRUE,FALSE,TRUE,TRUE,TRUE,"ok","ok","",""
"BaxterE_2016","Baxter 2016",2,"balanced","Roseburia",0.98,0.98,0.98,98,98,34203,TRUE,TRUE,TRUE,FALSE,TRUE,TRUE,TRUE,"ok","ok","",""
"BaxterE_2016","Baxter 2016",2,"balanced","Ruminococcus",0.875,0.91,0.84,91,84,24523,TRUE,TRUE,TRUE,FALSE,TRUE,TRUE,TRUE,"ok","ok","",""
"BaxterE_2016","Baxter 2016",2,"balanced","Ruminococcus2",0.995,1,0.99,100,99,18150,TRUE,TRUE,TRUE,FALSE,TRUE,TRUE,TRUE,"ok","ok","",""
"BaxterE_2016","Baxter 2016",2,"balanced","Streptococcus",0.865,0.84,0.89,84,89,5696,TRUE,TRUE,TRUE,FALSE,TRUE,TRUE,TRUE,"ok","ok","",""
"BaxterE_2016","Baxter 2016",2,"balanced","Unclassified_Clostridiales",0.92,0.95,0.89,95,89,11958,TRUE,TRUE,TRUE,FALSE,TRUE,TRUE,TRUE,"ok","ok","",""
"BaxterE_2016","Baxter 2016",2,"balanced","Unclassified_Lachnospiraceae",1,1,1,100,100,38282,TRUE,TRUE,FALSE,TRUE,TRUE,TRUE,TRUE,"no_observed_zeros","ok","",""
"BaxterE_2016","Baxter 2016",2,"balanced","Unclassified_Ruminococcaceae",0.97,1,0.94,100,94,26267,TRUE,TRUE,TRUE,FALSE,TRUE,TRUE,TRUE,"ok","ok","",""
"BaxterE_2016","Baxter 2016",2,"fourfold","Akkermansia",0.84,0.83,0.85,83,85,22482,TRUE,TRUE,TRUE,FALSE,TRUE,TRUE,TRUE,"ok","ok","",""
"BaxterE_2016","Baxter 2016",2,"fourfold","Alistipes",0.915,0.9,0.93,90,93,22082,TRUE,TRUE,TRUE,FALSE,TRUE,TRUE,TRUE,"ok","ok","",""
"BaxterE_2016","Baxter 2016",2,"fourfold","Anaerostipes",0.975,0.95,1,95,100,28429,TRUE,TRUE,TRUE,FALSE,TRUE,TRUE,TRUE,"ok","ok","",""
"BaxterE_2016","Baxter 2016",2,"fourfold","Bacteroides",1,1,1,100,100,114912,TRUE,TRUE,FALSE,TRUE,TRUE,TRUE,TRUE,"no_observed_zeros","ok","",""
"BaxterE_2016","Baxter 2016",2,"fourfold","Bifidobacterium",0.735,0.71,0.76,71,76,7817,TRUE,TRUE,TRUE,FALSE,TRUE,TRUE,TRUE,"ok","ok","",""
"BaxterE_2016","Baxter 2016",2,"fourfold","Blautia",0.995,0.99,1,99,100,139770,TRUE,TRUE,TRUE,FALSE,TRUE,TRUE,TRUE,"ok","ok","",""
"BaxterE_2016","Baxter 2016",2,"fourfold","Clostridium_IV",0.98,0.96,1,96,100,14302,TRUE,TRUE,FALSE,TRUE,TRUE,TRUE,TRUE,"structural_absence_boundary_at_zero","ok","",""
"BaxterE_2016","Baxter 2016",2,"fourfold","Clostridium_sensu_stricto",0.715,0.69,0.74,69,74,7537,TRUE,TRUE,TRUE,FALSE,TRUE,TRUE,TRUE,"ok","ok","",""
"BaxterE_2016","Baxter 2016",2,"fourfold","Clostridium_XI",0.82,0.83,0.81,83,81,7936,TRUE,TRUE,TRUE,FALSE,TRUE,TRUE,TRUE,"ok","ok","",""
"BaxterE_2016","Baxter 2016",2,"fourfold","Clostridium_XlVa",1,1,1,100,100,15861,TRUE,TRUE,FALSE,TRUE,TRUE,TRUE,TRUE,"no_observed_zeros","ok","",""
"BaxterE_2016","Baxter 2016",2,"fourfold","Clostridium_XVIII",0.865,0.85,0.88,85,88,4967,TRUE,TRUE,TRUE,FALSE,TRUE,TRUE,TRUE,"ok","ok","",""
"BaxterE_2016","Baxter 2016",2,"fourfold","Collinsella",0.575,0.53,0.62,53,62,8451,TRUE,TRUE,TRUE,FALSE,TRUE,TRUE,TRUE,"ok","ok","",""
"BaxterE_2016","Baxter 2016",2,"fourfold","Coprococcus",0.85,0.84,0.86,84,86,8747,TRUE,TRUE,TRUE,FALSE,TRUE,TRUE,TRUE,"ok","ok","",""
"BaxterE_2016","Baxter 2016",2,"fourfold","Dorea",0.95,0.94,0.96,94,96,15748,TRUE,TRUE,TRUE,FALSE,TRUE,TRUE,TRUE,"ok","ok","",""
"BaxterE_2016","Baxter 2016",2,"fourfold","Escherichia/Shigella",0.72,0.61,0.83,61,83,6273,TRUE,TRUE,TRUE,FALSE,TRUE,TRUE,TRUE,"ok","ok","",""
"BaxterE_2016","Baxter 2016",2,"fourfold","Faecalibacterium",0.985,0.98,0.99,98,99,50056,TRUE,TRUE,TRUE,FALSE,TRUE,TRUE,TRUE,"ok","ok","",""
"BaxterE_2016","Baxter 2016",2,"fourfold","Gemmiger",0.765,0.74,0.79,74,79,8855,TRUE,TRUE,TRUE,FALSE,TRUE,TRUE,TRUE,"ok","ok","",""
"BaxterE_2016","Baxter 2016",2,"fourfold","Lachnospiracea_incertae_sedis",1,1,1,100,100,32771,TRUE,TRUE,FALSE,TRUE,TRUE,TRUE,TRUE,"no_observed_zeros","ok","",""
"BaxterE_2016","Baxter 2016",2,"fourfold","Methanobrevibacter",0.43,0.38,0.48,38,48,5925,TRUE,TRUE,TRUE,FALSE,TRUE,TRUE,TRUE,"ok","ok","",""
"BaxterE_2016","Baxter 2016",2,"fourfold","Oscillibacter",0.88,0.85,0.91,85,91,8155,TRUE,TRUE,TRUE,FALSE,TRUE,TRUE,TRUE,"ok","ok","",""
"BaxterE_2016","Baxter 2016",2,"fourfold","Parabacteroides",0.7,0.66,0.74,66,74,5352,TRUE,TRUE,TRUE,FALSE,TRUE,TRUE,TRUE,"ok","ok","",""
"BaxterE_2016","Baxter 2016",2,"fourfold","Phascolarctobacterium",0.62,0.56,0.68,56,68,7662,TRUE,TRUE,TRUE,FALSE,TRUE,TRUE,TRUE,"ok","ok","",""
"BaxterE_2016","Baxter 2016",2,"fourfold","Prevotella",0.38,0.3,0.46,30,46,15248,TRUE,TRUE,TRUE,FALSE,TRUE,TRUE,TRUE,"ok","ok","",""
"BaxterE_2016","Baxter 2016",2,"fourfold","Roseburia",0.965,0.94,0.99,94,99,35781,TRUE,TRUE,TRUE,FALSE,TRUE,TRUE,TRUE,"ok","ok","",""
"BaxterE_2016","Baxter 2016",2,"fourfold","Ruminococcus",0.875,0.88,0.87,88,87,23359,TRUE,TRUE,TRUE,FALSE,TRUE,TRUE,TRUE,"ok","ok","",""
"BaxterE_2016","Baxter 2016",2,"fourfold","Ruminococcus2",0.975,0.96,0.99,96,99,18828,TRUE,TRUE,TRUE,FALSE,TRUE,TRUE,TRUE,"ok","ok","",""
"BaxterE_2016","Baxter 2016",2,"fourfold","Streptococcus",0.825,0.76,0.89,76,89,6252,TRUE,TRUE,TRUE,FALSE,TRUE,TRUE,TRUE,"ok","ok","",""
"BaxterE_2016","Baxter 2016",2,"fourfold","Unclassified_Clostridiales",0.895,0.87,0.92,87,92,12392,TRUE,TRUE,TRUE,FALSE,TRUE,TRUE,TRUE,"ok","ok","",""
"BaxterE_2016","Baxter 2016",2,"fourfold","Unclassified_Lachnospiraceae",1,1,1,100,100,36525,TRUE,TRUE,FALSE,TRUE,TRUE,TRUE,TRUE,"no_observed_zeros","ok","",""
"BaxterE_2016","Baxter 2016",2,"fourfold","Unclassified_Ruminococcaceae",0.97,0.98,0.96,98,96,22063,TRUE,TRUE,TRUE,FALSE,TRUE,TRUE,TRUE,"ok","ok","",""
"BaxterE_2016","Baxter 2016",3,"balanced","Akkermansia",0.865,0.87,0.86,87,86,23805,TRUE,TRUE,TRUE,FALSE,TRUE,TRUE,TRUE,"ok","ok","",""
"BaxterE_2016","Baxter 2016",3,"balanced","Alistipes",0.935,0.94,0.93,94,93,24769,TRUE,TRUE,TRUE,FALSE,TRUE,TRUE,TRUE,"ok","ok","",""
"BaxterE_2016","Baxter 2016",3,"balanced","Anaerostipes",0.985,0.99,0.98,99,98,29452,TRUE,TRUE,TRUE,FALSE,TRUE,TRUE,TRUE,"ok","ok","",""
"BaxterE_2016","Baxter 2016",3,"balanced","Bacteroides",1,1,1,100,100,120769,TRUE,TRUE,FALSE,TRUE,TRUE,TRUE,TRUE,"no_observed_zeros","ok","",""
"BaxterE_2016","Baxter 2016",3,"balanced","Bifidobacterium",0.735,0.76,0.71,76,71,9530,TRUE,TRUE,TRUE,FALSE,TRUE,TRUE,TRUE,"ok","ok","",""
"BaxterE_2016","Baxter 2016",3,"balanced","Blautia",1,1,1,100,100,128934,TRUE,TRUE,FALSE,TRUE,TRUE,TRUE,TRUE,"no_observed_zeros","ok","",""
"BaxterE_2016","Baxter 2016",3,"balanced","Clostridium_IV",0.99,1,0.98,100,98,15317,TRUE,TRUE,FALSE,TRUE,TRUE,TRUE,TRUE,"structural_absence_boundary_at_zero","ok","",""
"BaxterE_2016","Baxter 2016",3,"balanced","Clostridium_sensu_stricto",0.73,0.7,0.76,70,76,8785,TRUE,TRUE,TRUE,FALSE,TRUE,TRUE,TRUE,"ok","ok","",""
"BaxterE_2016","Baxter 2016",3,"balanced","Clostridium_XI",0.87,0.85,0.89,85,89,8568,TRUE,TRUE,TRUE,FALSE,TRUE,TRUE,TRUE,"ok","ok","",""
"BaxterE_2016","Baxter 2016",3,"balanced","Clostridium_XlVa",1,1,1,100,100,15502,TRUE,TRUE,FALSE,TRUE,TRUE,TRUE,TRUE,"no_observed_zeros","ok","",""
"BaxterE_2016","Baxter 2016",3,"balanced","Clostridium_XVIII",0.9,0.94,0.86,94,86,4949,TRUE,TRUE,TRUE,FALSE,TRUE,TRUE,TRUE,"ok","ok","",""
"BaxterE_2016","Baxter 2016",3,"balanced","Collinsella",0.605,0.66,0.55,66,55,8471,TRUE,TRUE,TRUE,FALSE,TRUE,TRUE,TRUE,"ok","ok","",""
"BaxterE_2016","Baxter 2016",3,"balanced","Coprococcus",0.89,0.88,0.9,88,90,9174,TRUE,TRUE,TRUE,FALSE,TRUE,TRUE,TRUE,"ok","ok","",""
"BaxterE_2016","Baxter 2016",3,"balanced","Dorea",0.95,0.95,0.95,95,95,14100,TRUE,TRUE,TRUE,FALSE,TRUE,TRUE,TRUE,"ok","ok","",""
"BaxterE_2016","Baxter 2016",3,"balanced","Escherichia/Shigella",0.765,0.75,0.78,75,78,7216,TRUE,TRUE,TRUE,FALSE,TRUE,TRUE,TRUE,"ok","ok","",""
"BaxterE_2016","Baxter 2016",3,"balanced","Faecalibacterium",0.99,0.99,0.99,99,99,48588,TRUE,TRUE,TRUE,FALSE,TRUE,TRUE,TRUE,"ok","ok","",""
"BaxterE_2016","Baxter 2016",3,"balanced","Gemmiger",0.8,0.81,0.79,81,79,9096,TRUE,TRUE,TRUE,FALSE,TRUE,TRUE,TRUE,"ok","ok","",""
"BaxterE_2016","Baxter 2016",3,"balanced","Lachnospiracea_incertae_sedis",1,1,1,100,100,34103,TRUE,TRUE,FALSE,TRUE,TRUE,TRUE,TRUE,"no_observed_zeros","ok","",""
"BaxterE_2016","Baxter 2016",3,"balanced","Methanobrevibacter",0.445,0.47,0.42,47,42,6166,TRUE,TRUE,TRUE,FALSE,TRUE,TRUE,TRUE,"ok","ok","",""
"BaxterE_2016","Baxter 2016",3,"balanced","Oscillibacter",0.89,0.9,0.88,90,88,10177,TRUE,TRUE,TRUE,FALSE,TRUE,TRUE,TRUE,"ok","ok","",""
"BaxterE_2016","Baxter 2016",3,"balanced","Parabacteroides",0.705,0.75,0.66,75,66,5434,TRUE,TRUE,TRUE,FALSE,TRUE,TRUE,TRUE,"ok","ok","",""
"BaxterE_2016","Baxter 2016",3,"balanced","Phascolarctobacterium",0.625,0.66,0.59,66,59,7495,TRUE,TRUE,TRUE,FALSE,TRUE,TRUE,TRUE,"ok","ok","",""
"BaxterE_2016","Baxter 2016",3,"balanced","Prevotella",0.395,0.41,0.38,41,38,14628,TRUE,TRUE,TRUE,FALSE,TRUE,TRUE,TRUE,"ok","ok","",""
"BaxterE_2016","Baxter 2016",3,"balanced","Roseburia",0.98,0.99,0.97,99,97,32309,TRUE,TRUE,TRUE,FALSE,TRUE,TRUE,TRUE,"ok","ok","",""
"BaxterE_2016","Baxter 2016",3,"balanced","Ruminococcus",0.88,0.88,0.88,88,88,24587,TRUE,TRUE,TRUE,FALSE,TRUE,TRUE,TRUE,"ok","ok","",""
"BaxterE_2016","Baxter 2016",3,"balanced","Ruminococcus2",0.985,0.99,0.98,99,98,17886,TRUE,TRUE,TRUE,FALSE,TRUE,TRUE,TRUE,"ok","ok","",""
"BaxterE_2016","Baxter 2016",3,"balanced","Streptococcus",0.84,0.84,0.84,84,84,5859,TRUE,TRUE,TRUE,FALSE,TRUE,TRUE,TRUE,"ok","ok","",""
"BaxterE_2016","Baxter 2016",3,"balanced","Unclassified_Clostridiales",0.935,0.94,0.93,94,93,11372,TRUE,TRUE,TRUE,FALSE,TRUE,TRUE,TRUE,"ok","ok","",""
"BaxterE_2016","Baxter 2016",3,"balanced","Unclassified_Lachnospiraceae",1,1,1,100,100,36338,TRUE,TRUE,FALSE,TRUE,TRUE,TRUE,TRUE,"no_observed_zeros","ok","",""
"BaxterE_2016","Baxter 2016",3,"balanced","Unclassified_Ruminococcaceae",0.985,0.99,0.98,99,98,23879,TRUE,TRUE,TRUE,FALSE,TRUE,TRUE,TRUE,"ok","ok","",""
"BaxterE_2016","Baxter 2016",3,"fourfold","Akkermansia",0.845,0.78,0.91,78,91,20988,TRUE,TRUE,TRUE,FALSE,TRUE,TRUE,TRUE,"ok","ok","",""
"BaxterE_2016","Baxter 2016",3,"fourfold","Alistipes",0.93,0.91,0.95,91,95,21487,TRUE,TRUE,TRUE,FALSE,TRUE,TRUE,TRUE,"ok","ok","",""
"BaxterE_2016","Baxter 2016",3,"fourfold","Anaerostipes",0.97,0.95,0.99,95,99,26688,TRUE,TRUE,TRUE,FALSE,TRUE,TRUE,TRUE,"ok","ok","",""
"BaxterE_2016","Baxter 2016",3,"fourfold","Bacteroides",0.995,0.99,1,99,100,107400,TRUE,TRUE,TRUE,FALSE,TRUE,TRUE,TRUE,"ok","ok","",""
"BaxterE_2016","Baxter 2016",3,"fourfold","Bifidobacterium",0.735,0.73,0.74,73,74,7819,TRUE,TRUE,TRUE,FALSE,TRUE,TRUE,TRUE,"ok","ok","",""
"BaxterE_2016","Baxter 2016",3,"fourfold","Blautia",1,1,1,100,100,120492,TRUE,TRUE,FALSE,TRUE,TRUE,TRUE,TRUE,"no_observed_zeros","ok","",""
"BaxterE_2016","Baxter 2016",3,"fourfold","Clostridium_IV",0.985,0.98,0.99,98,99,14921,TRUE,TRUE,TRUE,FALSE,TRUE,TRUE,TRUE,"ok","ok","",""
"BaxterE_2016","Baxter 2016",3,"fourfold","Clostridium_sensu_stricto",0.73,0.65,0.81,65,81,8730,TRUE,TRUE,TRUE,FALSE,TRUE,TRUE,TRUE,"ok","ok","",""
"BaxterE_2016","Baxter 2016",3,"fourfold","Clostridium_XI",0.83,0.79,0.87,79,87,7971,TRUE,TRUE,TRUE,FALSE,TRUE,TRUE,TRUE,"ok","ok","",""
"BaxterE_2016","Baxter 2016",3,"fourfold","Clostridium_XlVa",1,1,1,100,100,14510,TRUE,TRUE,FALSE,TRUE,TRUE,TRUE,TRUE,"no_observed_zeros","ok","",""
"BaxterE_2016","Baxter 2016",3,"fourfold","Clostridium_XVIII",0.845,0.81,0.88,81,88,5382,TRUE,TRUE,TRUE,FALSE,TRUE,TRUE,TRUE,"ok","ok","",""
"BaxterE_2016","Baxter 2016",3,"fourfold","Collinsella",0.595,0.61,0.58,61,58,7077,TRUE,TRUE,TRUE,FALSE,TRUE,TRUE,TRUE,"ok","ok","",""
"BaxterE_2016","Baxter 2016",3,"fourfold","Coprococcus",0.87,0.88,0.86,88,86,7619,TRUE,TRUE,TRUE,FALSE,TRUE,TRUE,TRUE,"ok","ok","",""
"BaxterE_2016","Baxter 2016",3,"fourfold","Dorea",0.955,0.95,0.96,95,96,13015,TRUE,TRUE,TRUE,FALSE,TRUE,TRUE,TRUE,"ok","ok","",""
"BaxterE_2016","Baxter 2016",3,"fourfold","Escherichia/Shigella",0.73,0.64,0.82,64,82,5952,TRUE,TRUE,FALSE,TRUE,TRUE,TRUE,TRUE,"structural_absence_boundary_at_zero","ok","",""
"BaxterE_2016","Baxter 2016",3,"fourfold","Faecalibacterium",0.99,0.99,0.99,99,99,40672,TRUE,TRUE,TRUE,FALSE,TRUE,TRUE,TRUE,"ok","ok","",""
"BaxterE_2016","Baxter 2016",3,"fourfold","Gemmiger",0.765,0.72,0.81,72,81,8856,TRUE,TRUE,TRUE,FALSE,TRUE,TRUE,TRUE,"ok","ok","",""
"BaxterE_2016","Baxter 2016",3,"fourfold","Lachnospiracea_incertae_sedis",1,1,1,100,100,37825,TRUE,TRUE,FALSE,TRUE,TRUE,TRUE,TRUE,"no_observed_zeros","ok","",""
"BaxterE_2016","Baxter 2016",3,"fourfold","Methanobrevibacter",0.45,0.38,0.52,38,52,4897,TRUE,TRUE,TRUE,FALSE,TRUE,TRUE,TRUE,"ok","ok","",""
"BaxterE_2016","Baxter 2016",3,"fourfold","Oscillibacter",0.905,0.87,0.94,87,94,9230,TRUE,TRUE,TRUE,FALSE,TRUE,TRUE,TRUE,"ok","ok","",""
"BaxterE_2016","Baxter 2016",3,"fourfold","Parabacteroides",0.725,0.72,0.73,72,73,4761,TRUE,TRUE,TRUE,FALSE,TRUE,TRUE,TRUE,"ok","ok","",""
"BaxterE_2016","Baxter 2016",3,"fourfold","Phascolarctobacterium",0.635,0.61,0.66,61,66,7067,TRUE,TRUE,TRUE,FALSE,TRUE,TRUE,TRUE,"ok","ok","",""
"BaxterE_2016","Baxter 2016",3,"fourfold","Prevotella",0.36,0.35,0.37,35,37,12689,TRUE,TRUE,TRUE,FALSE,TRUE,TRUE,TRUE,"ok","ok","",""
"BaxterE_2016","Baxter 2016",3,"fourfold","Roseburia",0.965,0.97,0.96,97,96,29109,TRUE,TRUE,TRUE,FALSE,TRUE,TRUE,TRUE,"ok","ok","",""
"BaxterE_2016","Baxter 2016",3,"fourfold","Ruminococcus",0.885,0.86,0.91,86,91,22990,TRUE,TRUE,TRUE,FALSE,TRUE,TRUE,TRUE,"ok","ok","",""
"BaxterE_2016","Baxter 2016",3,"fourfold","Ruminococcus2",0.97,0.96,0.98,96,98,15481,TRUE,TRUE,TRUE,FALSE,TRUE,TRUE,TRUE,"ok","ok","",""
"BaxterE_2016","Baxter 2016",3,"fourfold","Streptococcus",0.81,0.7,0.92,70,92,6192,TRUE,TRUE,TRUE,FALSE,TRUE,TRUE,TRUE,"ok","ok","",""
"BaxterE_2016","Baxter 2016",3,"fourfold","Unclassified_Clostridiales",0.895,0.88,0.91,88,91,9219,TRUE,TRUE,TRUE,FALSE,TRUE,TRUE,TRUE,"ok","ok","",""
"BaxterE_2016","Baxter 2016",3,"fourfold","Unclassified_Lachnospiraceae",1,1,1,100,100,32475,TRUE,TRUE,FALSE,TRUE,TRUE,TRUE,TRUE,"no_observed_zeros","ok","",""
"BaxterE_2016","Baxter 2016",3,"fourfold","Unclassified_Ruminococcaceae",0.98,0.97,0.99,97,99,21290,TRUE,TRUE,TRUE,FALSE,TRUE,TRUE,TRUE,"ok","ok","",""
"BaxterE_2016","Baxter 2016",4,"balanced","Akkermansia",0.845,0.85,0.84,85,84,23741,TRUE,TRUE,TRUE,FALSE,TRUE,TRUE,TRUE,"ok","ok","",""
"BaxterE_2016","Baxter 2016",4,"balanced","Alistipes",0.91,0.89,0.93,89,93,26127,TRUE,TRUE,TRUE,FALSE,TRUE,TRUE,TRUE,"ok","ok","",""
"BaxterE_2016","Baxter 2016",4,"balanced","Anaerostipes",0.985,0.98,0.99,98,99,28761,TRUE,TRUE,TRUE,FALSE,TRUE,TRUE,TRUE,"ok","ok","",""
"BaxterE_2016","Baxter 2016",4,"balanced","Bacteroides",1,1,1,100,100,127779,TRUE,TRUE,FALSE,TRUE,TRUE,TRUE,TRUE,"no_observed_zeros","ok","",""
"BaxterE_2016","Baxter 2016",4,"balanced","Bifidobacterium",0.735,0.76,0.71,76,71,8313,TRUE,TRUE,TRUE,FALSE,TRUE,TRUE,TRUE,"ok","ok","",""
"BaxterE_2016","Baxter 2016",4,"balanced","Blautia",1,1,1,100,100,124251,TRUE,TRUE,FALSE,TRUE,TRUE,TRUE,TRUE,"no_observed_zeros","ok","",""
"BaxterE_2016","Baxter 2016",4,"balanced","Clostridium_IV",0.99,1,0.98,100,98,18892,TRUE,TRUE,TRUE,FALSE,TRUE,TRUE,TRUE,"ok","ok","",""
"BaxterE_2016","Baxter 2016",4,"balanced","Clostridium_sensu_stricto",0.725,0.72,0.73,72,73,8745,TRUE,TRUE,TRUE,FALSE,TRUE,TRUE,TRUE,"ok","ok","",""
"BaxterE_2016","Baxter 2016",4,"balanced","Clostridium_XI",0.83,0.82,0.84,82,84,8859,TRUE,TRUE,TRUE,FALSE,TRUE,TRUE,TRUE,"ok","ok","",""
"BaxterE_2016","Baxter 2016",4,"balanced","Clostridium_XlVa",1,1,1,100,100,15631,TRUE,TRUE,FALSE,TRUE,TRUE,TRUE,TRUE,"no_observed_zeros","ok","",""
"BaxterE_2016","Baxter 2016",4,"balanced","Clostridium_XVIII",0.89,0.9,0.88,90,88,5084,TRUE,TRUE,TRUE,FALSE,TRUE,TRUE,TRUE,"ok","ok","",""
"BaxterE_2016","Baxter 2016",4,"balanced","Collinsella",0.595,0.61,0.58,61,58,7751,TRUE,TRUE,TRUE,FALSE,TRUE,TRUE,TRUE,"ok","ok","",""
"BaxterE_2016","Baxter 2016",4,"balanced","Coprococcus",0.87,0.87,0.87,87,87,9282,TRUE,TRUE,TRUE,FALSE,TRUE,TRUE,TRUE,"ok","ok","",""
"BaxterE_2016","Baxter 2016",4,"balanced","Dorea",0.955,0.95,0.96,95,96,13821,TRUE,TRUE,TRUE,FALSE,TRUE,TRUE,TRUE,"ok","ok","",""
"BaxterE_2016","Baxter 2016",4,"balanced","Escherichia/Shigella",0.765,0.75,0.78,75,78,7213,TRUE,TRUE,TRUE,FALSE,TRUE,TRUE,TRUE,"ok","ok","",""
"BaxterE_2016","Baxter 2016",4,"balanced","Faecalibacterium",0.99,0.99,0.99,99,99,44488,TRUE,TRUE,TRUE,FALSE,TRUE,TRUE,TRUE,"ok","ok","",""
"BaxterE_2016","Baxter 2016",4,"balanced","Gemmiger",0.8,0.77,0.83,77,83,9237,TRUE,TRUE,TRUE,FALSE,TRUE,TRUE,TRUE,"ok","ok","",""
"BaxterE_2016","Baxter 2016",4,"balanced","Lachnospiracea_incertae_sedis",1,1,1,100,100,35182,TRUE,TRUE,FALSE,TRUE,TRUE,TRUE,TRUE,"no_observed_zeros","ok","",""
"BaxterE_2016","Baxter 2016",4,"balanced","Methanobrevibacter",0.43,0.44,0.42,44,42,6265,TRUE,TRUE,TRUE,FALSE,TRUE,TRUE,TRUE,"ok","ok","",""
"BaxterE_2016","Baxter 2016",4,"balanced","Oscillibacter",0.885,0.89,0.88,89,88,10059,TRUE,TRUE,TRUE,FALSE,TRUE,TRUE,TRUE,"ok","ok","",""
"BaxterE_2016","Baxter 2016",4,"balanced","Parabacteroides",0.71,0.7,0.72,70,72,5519,TRUE,TRUE,TRUE,FALSE,TRUE,TRUE,TRUE,"ok","ok","",""
"BaxterE_2016","Baxter 2016",4,"balanced","Phascolarctobacterium",0.665,0.68,0.65,68,65,7566,TRUE,TRUE,TRUE,FALSE,TRUE,TRUE,TRUE,"ok","ok","",""
"BaxterE_2016","Baxter 2016",4,"balanced","Prevotella",0.405,0.38,0.43,38,43,13472,TRUE,TRUE,TRUE,FALSE,TRUE,TRUE,TRUE,"ok","ok","",""
"BaxterE_2016","Baxter 2016",4,"balanced","Roseburia",0.975,0.99,0.96,99,96,34200,TRUE,TRUE,TRUE,FALSE,TRUE,TRUE,TRUE,"ok","ok","",""
"BaxterE_2016","Baxter 2016",4,"balanced","Ruminococcus",0.88,0.84,0.92,84,92,24773,TRUE,TRUE,TRUE,FALSE,TRUE,TRUE,TRUE,"ok","ok","",""
"BaxterE_2016","Baxter 2016",4,"balanced","Ruminococcus2",0.97,0.98,0.96,98,96,16536,TRUE,TRUE,TRUE,FALSE,TRUE,TRUE,TRUE,"ok","ok","",""
"BaxterE_2016","Baxter 2016",4,"balanced","Streptococcus",0.88,0.89,0.87,89,87,6967,TRUE,TRUE,FALSE,TRUE,TRUE,TRUE,TRUE,"structural_absence_boundary_at_zero","ok","",""
"BaxterE_2016","Baxter 2016",4,"balanced","Unclassified_Clostridiales",0.915,0.91,0.92,91,92,11526,TRUE,TRUE,TRUE,FALSE,TRUE,TRUE,TRUE,"ok","ok","",""
"BaxterE_2016","Baxter 2016",4,"balanced","Unclassified_Lachnospiraceae",1,1,1,100,100,37360,TRUE,TRUE,FALSE,TRUE,TRUE,TRUE,TRUE,"no_observed_zeros","ok","",""
"BaxterE_2016","Baxter 2016",4,"balanced","Unclassified_Ruminococcaceae",0.98,0.98,0.98,98,98,25285,TRUE,TRUE,TRUE,FALSE,TRUE,TRUE,TRUE,"ok","ok","",""
"BaxterE_2016","Baxter 2016",4,"fourfold","Akkermansia",0.81,0.77,0.85,77,85,24141,TRUE,TRUE,TRUE,FALSE,TRUE,TRUE,TRUE,"ok","ok","",""
"BaxterE_2016","Baxter 2016",4,"fourfold","Alistipes",0.92,0.92,0.92,92,92,24968,TRUE,TRUE,TRUE,FALSE,TRUE,TRUE,TRUE,"ok","ok","",""
"BaxterE_2016","Baxter 2016",4,"fourfold","Anaerostipes",0.975,0.95,1,95,100,28919,TRUE,TRUE,TRUE,FALSE,TRUE,TRUE,TRUE,"ok","ok","",""
"BaxterE_2016","Baxter 2016",4,"fourfold","Bacteroides",1,1,1,100,100,113902,TRUE,TRUE,FALSE,TRUE,TRUE,TRUE,TRUE,"no_observed_zeros","ok","",""
"BaxterE_2016","Baxter 2016",4,"fourfold","Bifidobacterium",0.715,0.72,0.71,72,71,8152,TRUE,TRUE,TRUE,FALSE,TRUE,TRUE,TRUE,"ok","ok","",""
"BaxterE_2016","Baxter 2016",4,"fourfold","Blautia",0.995,0.99,1,99,100,130800,TRUE,TRUE,TRUE,FALSE,TRUE,TRUE,TRUE,"ok","ok","",""
"BaxterE_2016","Baxter 2016",4,"fourfold","Clostridium_IV",0.985,0.98,0.99,98,99,16385,TRUE,TRUE,FALSE,TRUE,TRUE,TRUE,TRUE,"structural_absence_boundary_at_zero","ok","",""
"BaxterE_2016","Baxter 2016",4,"fourfold","Clostridium_sensu_stricto",0.68,0.61,0.75,61,75,8882,TRUE,TRUE,TRUE,FALSE,TRUE,TRUE,TRUE,"ok","ok","",""
"BaxterE_2016","Baxter 2016",4,"fourfold","Clostridium_XI",0.8,0.74,0.86,74,86,7775,TRUE,TRUE,TRUE,FALSE,TRUE,TRUE,TRUE,"ok","ok","",""
"BaxterE_2016","Baxter 2016",4,"fourfold","Clostridium_XlVa",0.99,0.98,1,98,100,15911,TRUE,TRUE,FALSE,TRUE,TRUE,TRUE,TRUE,"structural_absence_boundary_at_zero","ok","",""
"BaxterE_2016","Baxter 2016",4,"fourfold","Clostridium_XVIII",0.85,0.76,0.94,76,94,5142,TRUE,TRUE,TRUE,FALSE,TRUE,TRUE,TRUE,"ok","ok","",""
"BaxterE_2016","Baxter 2016",4,"fourfold","Collinsella",0.62,0.61,0.63,61,63,8395,TRUE,TRUE,TRUE,FALSE,TRUE,TRUE,TRUE,"ok","ok","",""
"BaxterE_2016","Baxter 2016",4,"fourfold","Coprococcus",0.85,0.84,0.86,84,86,9408,TRUE,TRUE,TRUE,FALSE,TRUE,TRUE,TRUE,"ok","ok","",""
"BaxterE_2016","Baxter 2016",4,"fourfold","Dorea",0.95,0.94,0.96,94,96,14709,TRUE,TRUE,TRUE,FALSE,TRUE,TRUE,TRUE,"ok","ok","",""
"BaxterE_2016","Baxter 2016",4,"fourfold","Escherichia/Shigella",0.745,0.67,0.82,67,82,7272,TRUE,TRUE,TRUE,FALSE,TRUE,TRUE,TRUE,"ok","ok","",""
"BaxterE_2016","Baxter 2016",4,"fourfold","Faecalibacterium",0.98,0.98,0.98,98,98,44194,TRUE,TRUE,TRUE,FALSE,TRUE,TRUE,TRUE,"ok","ok","",""
"BaxterE_2016","Baxter 2016",4,"fourfold","Gemmiger",0.775,0.71,0.84,71,84,8916,TRUE,TRUE,TRUE,FALSE,TRUE,TRUE,TRUE,"ok","ok","",""
"BaxterE_2016","Baxter 2016",4,"fourfold","Lachnospiracea_incertae_sedis",0.995,0.99,1,99,100,34003,TRUE,TRUE,TRUE,FALSE,TRUE,TRUE,TRUE,"ok","ok","",""
"BaxterE_2016","Baxter 2016",4,"fourfold","Methanobrevibacter",0.4,0.36,0.44,36,44,5359,TRUE,TRUE,TRUE,FALSE,TRUE,TRUE,TRUE,"ok","ok","",""
"BaxterE_2016","Baxter 2016",4,"fourfold","Oscillibacter",0.875,0.85,0.9,85,90,10744,TRUE,TRUE,TRUE,FALSE,TRUE,TRUE,TRUE,"ok","ok","",""
"BaxterE_2016","Baxter 2016",4,"fourfold","Parabacteroides",0.71,0.67,0.75,67,75,5598,TRUE,TRUE,TRUE,FALSE,TRUE,TRUE,TRUE,"ok","ok","",""
"BaxterE_2016","Baxter 2016",4,"fourfold","Phascolarctobacterium",0.65,0.63,0.67,63,67,6237,TRUE,TRUE,TRUE,FALSE,TRUE,TRUE,TRUE,"ok","ok","",""
"BaxterE_2016","Baxter 2016",4,"fourfold","Prevotella",0.355,0.3,0.41,30,41,10658,TRUE,TRUE,TRUE,FALSE,TRUE,TRUE,TRUE,"ok","ok","",""
"BaxterE_2016","Baxter 2016",4,"fourfold","Roseburia",0.98,0.99,0.97,99,97,33875,TRUE,TRUE,TRUE,FALSE,TRUE,TRUE,TRUE,"ok","ok","",""
"BaxterE_2016","Baxter 2016",4,"fourfold","Ruminococcus",0.88,0.83,0.93,83,93,24598,TRUE,TRUE,TRUE,FALSE,TRUE,TRUE,TRUE,"ok","ok","",""
"BaxterE_2016","Baxter 2016",4,"fourfold","Ruminococcus2",0.985,0.97,1,97,100,19488,TRUE,TRUE,FALSE,TRUE,TRUE,TRUE,TRUE,"structural_absence_boundary_at_zero","ok","",""
"BaxterE_2016","Baxter 2016",4,"fourfold","Streptococcus",0.825,0.75,0.9,75,90,6662,TRUE,TRUE,TRUE,FALSE,TRUE,TRUE,TRUE,"ok","ok","",""
"BaxterE_2016","Baxter 2016",4,"fourfold","Unclassified_Clostridiales",0.88,0.85,0.91,85,91,11010,TRUE,TRUE,TRUE,FALSE,TRUE,TRUE,TRUE,"ok","ok","",""
"BaxterE_2016","Baxter 2016",4,"fourfold","Unclassified_Lachnospiraceae",1,1,1,100,100,36938,TRUE,TRUE,FALSE,TRUE,TRUE,TRUE,TRUE,"no_observed_zeros","ok","",""
"BaxterE_2016","Baxter 2016",4,"fourfold","Unclassified_Ruminococcaceae",0.97,0.96,0.98,96,98,23370,TRUE,TRUE,TRUE,FALSE,TRUE,TRUE,TRUE,"ok","ok","",""
"BaxterE_2016","Baxter 2016",5,"balanced","Akkermansia",0.835,0.82,0.85,82,85,25550,TRUE,TRUE,TRUE,FALSE,TRUE,TRUE,TRUE,"ok","ok","",""
"BaxterE_2016","Baxter 2016",5,"balanced","Alistipes",0.925,0.89,0.96,89,96,24921,TRUE,TRUE,TRUE,FALSE,TRUE,TRUE,TRUE,"ok","ok","",""
"BaxterE_2016","Baxter 2016",5,"balanced","Anaerostipes",0.98,0.99,0.97,99,97,31278,TRUE,TRUE,TRUE,FALSE,TRUE,TRUE,TRUE,"ok","ok","",""
"BaxterE_2016","Baxter 2016",5,"balanced","Bacteroides",1,1,1,100,100,118330,TRUE,TRUE,FALSE,TRUE,TRUE,TRUE,TRUE,"no_observed_zeros","ok","",""
"BaxterE_2016","Baxter 2016",5,"balanced","Bifidobacterium",0.76,0.72,0.8,72,80,9162,TRUE,TRUE,TRUE,FALSE,TRUE,TRUE,TRUE,"ok","ok","",""
"BaxterE_2016","Baxter 2016",5,"balanced","Blautia",1,1,1,100,100,132733,TRUE,TRUE,FALSE,TRUE,TRUE,TRUE,TRUE,"no_observed_zeros","ok","",""
"BaxterE_2016","Baxter 2016",5,"balanced","Clostridium_IV",0.99,0.99,0.99,99,99,17821,TRUE,TRUE,TRUE,FALSE,TRUE,TRUE,TRUE,"ok","ok","",""
"BaxterE_2016","Baxter 2016",5,"balanced","Clostridium_sensu_stricto",0.74,0.71,0.77,71,77,9953,TRUE,TRUE,TRUE,FALSE,TRUE,TRUE,TRUE,"ok","ok","",""
"BaxterE_2016","Baxter 2016",5,"balanced","Clostridium_XI",0.865,0.85,0.88,85,88,9009,TRUE,TRUE,TRUE,FALSE,TRUE,TRUE,TRUE,"ok","ok","",""
"BaxterE_2016","Baxter 2016",5,"balanced","Clostridium_XlVa",1,1,1,100,100,15287,TRUE,TRUE,FALSE,TRUE,TRUE,TRUE,TRUE,"no_observed_zeros","ok","",""
"BaxterE_2016","Baxter 2016",5,"balanced","Clostridium_XVIII",0.91,0.9,0.92,90,92,5272,TRUE,TRUE,TRUE,FALSE,TRUE,TRUE,TRUE,"ok","ok","",""
"BaxterE_2016","Baxter 2016",5,"balanced","Collinsella",0.605,0.53,0.68,53,68,7687,TRUE,TRUE,TRUE,FALSE,TRUE,TRUE,TRUE,"ok","ok","",""
"BaxterE_2016","Baxter 2016",5,"balanced","Coprococcus",0.87,0.85,0.89,85,89,9919,TRUE,TRUE,TRUE,FALSE,TRUE,TRUE,TRUE,"ok","ok","",""
"BaxterE_2016","Baxter 2016",5,"balanced","Dorea",0.955,0.95,0.96,95,96,15183,TRUE,TRUE,TRUE,FALSE,TRUE,TRUE,TRUE,"ok","ok","",""
"BaxterE_2016","Baxter 2016",5,"balanced","Escherichia/Shigella",0.75,0.74,0.76,74,76,7513,TRUE,TRUE,TRUE,FALSE,TRUE,TRUE,TRUE,"ok","ok","",""
"BaxterE_2016","Baxter 2016",5,"balanced","Faecalibacterium",0.99,1,0.98,100,98,47942,TRUE,TRUE,TRUE,FALSE,TRUE,TRUE,TRUE,"ok","ok","",""
"BaxterE_2016","Baxter 2016",5,"balanced","Gemmiger",0.77,0.78,0.76,78,76,9675,TRUE,TRUE,TRUE,FALSE,TRUE,TRUE,TRUE,"ok","ok","",""
"BaxterE_2016","Baxter 2016",5,"balanced","Lachnospiracea_incertae_sedis",1,1,1,100,100,34720,TRUE,TRUE,FALSE,TRUE,TRUE,TRUE,TRUE,"no_observed_zeros","ok","",""
"BaxterE_2016","Baxter 2016",5,"balanced","Methanobrevibacter",0.44,0.42,0.46,42,46,6063,TRUE,TRUE,TRUE,FALSE,TRUE,TRUE,TRUE,"ok","ok","",""
"BaxterE_2016","Baxter 2016",5,"balanced","Oscillibacter",0.89,0.88,0.9,88,90,10056,TRUE,TRUE,TRUE,FALSE,TRUE,TRUE,TRUE,"ok","ok","",""
"BaxterE_2016","Baxter 2016",5,"balanced","Parabacteroides",0.725,0.66,0.79,66,79,5369,TRUE,TRUE,TRUE,FALSE,TRUE,TRUE,TRUE,"ok","ok","",""
"BaxterE_2016","Baxter 2016",5,"balanced","Phascolarctobacterium",0.685,0.61,0.76,61,76,7594,TRUE,TRUE,TRUE,FALSE,TRUE,TRUE,TRUE,"ok","ok","",""
"BaxterE_2016","Baxter 2016",5,"balanced","Prevotella",0.36,0.38,0.34,38,34,13777,TRUE,TRUE,TRUE,FALSE,TRUE,TRUE,TRUE,"ok","ok","",""
"BaxterE_2016","Baxter 2016",5,"balanced","Roseburia",0.985,0.98,0.99,98,99,35294,TRUE,TRUE,TRUE,FALSE,TRUE,TRUE,TRUE,"ok","ok","",""
"BaxterE_2016","Baxter 2016",5,"balanced","Ruminococcus",0.88,0.84,0.92,84,92,25695,TRUE,TRUE,TRUE,FALSE,TRUE,TRUE,TRUE,"ok","ok","",""
"BaxterE_2016","Baxter 2016",5,"balanced","Ruminococcus2",0.975,0.97,0.98,97,98,18050,TRUE,TRUE,TRUE,FALSE,TRUE,TRUE,TRUE,"ok","ok","",""
"BaxterE_2016","Baxter 2016",5,"balanced","Streptococcus",0.85,0.85,0.85,85,85,6329,TRUE,TRUE,TRUE,FALSE,TRUE,TRUE,TRUE,"ok","ok","",""
"BaxterE_2016","Baxter 2016",5,"balanced","Unclassified_Clostridiales",0.92,0.9,0.94,90,94,11062,TRUE,TRUE,TRUE,FALSE,TRUE,TRUE,TRUE,"ok","ok","",""
"BaxterE_2016","Baxter 2016",5,"balanced","Unclassified_Lachnospiraceae",1,1,1,100,100,39610,TRUE,TRUE,FALSE,TRUE,TRUE,TRUE,TRUE,"no_observed_zeros","ok","",""
"BaxterE_2016","Baxter 2016",5,"balanced","Unclassified_Ruminococcaceae",0.985,0.98,0.99,98,99,24696,TRUE,TRUE,TRUE,FALSE,TRUE,TRUE,TRUE,"ok","ok","",""
"BaxterE_2016","Baxter 2016",5,"fourfold","Akkermansia",0.835,0.79,0.88,79,88,26718,TRUE,TRUE,TRUE,FALSE,TRUE,TRUE,TRUE,"ok","ok","",""
"BaxterE_2016","Baxter 2016",5,"fourfold","Alistipes",0.9,0.83,0.97,83,97,26525,TRUE,TRUE,TRUE,FALSE,TRUE,TRUE,TRUE,"ok","ok","",""
"BaxterE_2016","Baxter 2016",5,"fourfold","Anaerostipes",0.97,0.96,0.98,96,98,31587,TRUE,TRUE,TRUE,FALSE,TRUE,TRUE,TRUE,"ok","ok","",""
"BaxterE_2016","Baxter 2016",5,"fourfold","Bacteroides",1,1,1,100,100,128620,TRUE,TRUE,FALSE,TRUE,TRUE,TRUE,TRUE,"no_observed_zeros","ok","",""
"BaxterE_2016","Baxter 2016",5,"fourfold","Bifidobacterium",0.73,0.63,0.83,63,83,11695,TRUE,TRUE,TRUE,FALSE,TRUE,TRUE,TRUE,"ok","ok","",""
"BaxterE_2016","Baxter 2016",5,"fourfold","Blautia",1,1,1,100,100,129479,TRUE,TRUE,FALSE,TRUE,TRUE,TRUE,TRUE,"no_observed_zeros","ok","",""
"BaxterE_2016","Baxter 2016",5,"fourfold","Clostridium_IV",0.975,0.96,0.99,96,99,17035,TRUE,TRUE,TRUE,FALSE,TRUE,TRUE,TRUE,"ok","ok","",""
"BaxterE_2016","Baxter 2016",5,"fourfold","Clostridium_sensu_stricto",0.705,0.62,0.79,62,79,10043,TRUE,TRUE,TRUE,FALSE,TRUE,TRUE,TRUE,"ok","ok","",""
"BaxterE_2016","Baxter 2016",5,"fourfold","Clostridium_XI",0.84,0.77,0.91,77,91,8130,TRUE,TRUE,TRUE,FALSE,TRUE,TRUE,TRUE,"ok","ok","",""
"BaxterE_2016","Baxter 2016",5,"fourfold","Clostridium_XlVa",0.995,0.99,1,99,100,15739,TRUE,TRUE,FALSE,TRUE,TRUE,TRUE,TRUE,"structural_absence_boundary_at_zero","ok","",""
"BaxterE_2016","Baxter 2016",5,"fourfold","Clostridium_XVIII",0.89,0.82,0.96,82,96,5402,TRUE,TRUE,TRUE,FALSE,TRUE,TRUE,TRUE,"ok","ok","",""
"BaxterE_2016","Baxter 2016",5,"fourfold","Collinsella",0.6,0.51,0.69,51,69,8854,TRUE,TRUE,TRUE,FALSE,TRUE,TRUE,TRUE,"ok","ok","",""
"BaxterE_2016","Baxter 2016",5,"fourfold","Coprococcus",0.85,0.82,0.88,82,88,9536,TRUE,TRUE,TRUE,FALSE,TRUE,TRUE,TRUE,"ok","ok","",""
"BaxterE_2016","Baxter 2016",5,"fourfold","Dorea",0.955,0.94,0.97,94,97,13744,TRUE,TRUE,TRUE,FALSE,TRUE,TRUE,TRUE,"ok","ok","",""
"BaxterE_2016","Baxter 2016",5,"fourfold","Escherichia/Shigella",0.735,0.65,0.82,65,82,6233,TRUE,TRUE,TRUE,FALSE,TRUE,TRUE,TRUE,"ok","ok","",""
"BaxterE_2016","Baxter 2016",5,"fourfold","Faecalibacterium",0.985,0.98,0.99,98,99,48666,TRUE,TRUE,TRUE,FALSE,TRUE,TRUE,TRUE,"ok","ok","",""
"BaxterE_2016","Baxter 2016",5,"fourfold","Gemmiger",0.78,0.75,0.81,75,81,9719,TRUE,TRUE,TRUE,FALSE,TRUE,TRUE,TRUE,"ok","ok","",""
"BaxterE_2016","Baxter 2016",5,"fourfold","Lachnospiracea_incertae_sedis",1,1,1,100,100,36400,TRUE,TRUE,FALSE,TRUE,TRUE,TRUE,TRUE,"no_observed_zeros","ok","",""
"BaxterE_2016","Baxter 2016",5,"fourfold","Methanobrevibacter",0.425,0.38,0.47,38,47,5650,TRUE,TRUE,TRUE,FALSE,TRUE,TRUE,TRUE,"ok","ok","",""
"BaxterE_2016","Baxter 2016",5,"fourfold","Oscillibacter",0.895,0.85,0.94,85,94,11326,TRUE,TRUE,TRUE,FALSE,TRUE,TRUE,TRUE,"ok","ok","",""
"BaxterE_2016","Baxter 2016",5,"fourfold","Parabacteroides",0.705,0.62,0.79,62,79,6199,TRUE,TRUE,TRUE,FALSE,TRUE,TRUE,TRUE,"ok","ok","",""
"BaxterE_2016","Baxter 2016",5,"fourfold","Phascolarctobacterium",0.63,0.5,0.76,50,76,9138,TRUE,TRUE,TRUE,FALSE,TRUE,TRUE,TRUE,"ok","ok","",""
"BaxterE_2016","Baxter 2016",5,"fourfold","Prevotella",0.365,0.35,0.38,35,38,14354,TRUE,TRUE,TRUE,FALSE,TRUE,TRUE,TRUE,"ok","ok","",""
"BaxterE_2016","Baxter 2016",5,"fourfold","Roseburia",0.985,0.98,0.99,98,99,35393,TRUE,TRUE,TRUE,FALSE,TRUE,TRUE,TRUE,"ok","ok","",""
"BaxterE_2016","Baxter 2016",5,"fourfold","Ruminococcus",0.88,0.84,0.92,84,92,25656,TRUE,TRUE,TRUE,FALSE,TRUE,TRUE,TRUE,"ok","ok","",""
"BaxterE_2016","Baxter 2016",5,"fourfold","Ruminococcus2",0.985,0.97,1,97,100,19223,TRUE,TRUE,TRUE,FALSE,TRUE,TRUE,TRUE,"ok","ok","",""
"BaxterE_2016","Baxter 2016",5,"fourfold","Streptococcus",0.82,0.72,0.92,72,92,7565,TRUE,TRUE,TRUE,FALSE,TRUE,TRUE,TRUE,"ok","ok","",""
"BaxterE_2016","Baxter 2016",5,"fourfold","Unclassified_Clostridiales",0.89,0.83,0.95,83,95,11538,TRUE,TRUE,TRUE,FALSE,TRUE,TRUE,TRUE,"ok","ok","",""
"BaxterE_2016","Baxter 2016",5,"fourfold","Unclassified_Lachnospiraceae",1,1,1,100,100,38466,TRUE,TRUE,FALSE,TRUE,TRUE,TRUE,TRUE,"no_observed_zeros","ok","",""
"BaxterE_2016","Baxter 2016",5,"fourfold","Unclassified_Ruminococcaceae",0.965,0.94,0.99,94,99,27428,TRUE,TRUE,TRUE,FALSE,TRUE,TRUE,TRUE,"ok","ok","",""
"BaxterE_2016","Baxter 2016",6,"balanced","Akkermansia",0.86,0.83,0.89,83,89,25231,TRUE,TRUE,TRUE,FALSE,TRUE,TRUE,TRUE,"ok","ok","",""
"BaxterE_2016","Baxter 2016",6,"balanced","Alistipes",0.925,0.92,0.93,92,93,28493,TRUE,TRUE,TRUE,FALSE,TRUE,TRUE,TRUE,"ok","ok","",""
"BaxterE_2016","Baxter 2016",6,"balanced","Anaerostipes",0.975,0.99,0.96,99,96,33295,TRUE,TRUE,TRUE,FALSE,TRUE,TRUE,TRUE,"ok","ok","",""
"BaxterE_2016","Baxter 2016",6,"balanced","Bacteroides",1,1,1,100,100,130762,TRUE,TRUE,FALSE,TRUE,TRUE,TRUE,TRUE,"no_observed_zeros","ok","",""
"BaxterE_2016","Baxter 2016",6,"balanced","Bifidobacterium",0.7,0.69,0.71,69,71,10884,TRUE,TRUE,TRUE,FALSE,TRUE,TRUE,TRUE,"ok","ok","",""
"BaxterE_2016","Baxter 2016",6,"balanced","Blautia",1,1,1,100,100,140610,TRUE,TRUE,FALSE,TRUE,TRUE,TRUE,TRUE,"no_observed_zeros","ok","",""
"BaxterE_2016","Baxter 2016",6,"balanced","Clostridium_IV",0.99,0.99,0.99,99,99,16414,TRUE,TRUE,TRUE,FALSE,TRUE,TRUE,TRUE,"ok","ok","",""
"BaxterE_2016","Baxter 2016",6,"balanced","Clostridium_sensu_stricto",0.75,0.74,0.76,74,76,10717,TRUE,TRUE,TRUE,FALSE,TRUE,TRUE,TRUE,"ok","ok","",""
"BaxterE_2016","Baxter 2016",6,"balanced","Clostridium_XI",0.875,0.9,0.85,90,85,10275,TRUE,TRUE,TRUE,FALSE,TRUE,TRUE,TRUE,"ok","ok","",""
"BaxterE_2016","Baxter 2016",6,"balanced","Clostridium_XlVa",1,1,1,100,100,16586,TRUE,TRUE,FALSE,TRUE,TRUE,TRUE,TRUE,"no_observed_zeros","ok","",""
"BaxterE_2016","Baxter 2016",6,"balanced","Clostridium_XVIII",0.915,0.9,0.93,90,93,5488,TRUE,TRUE,TRUE,FALSE,TRUE,TRUE,TRUE,"ok","ok","",""
"BaxterE_2016","Baxter 2016",6,"balanced","Collinsella",0.585,0.63,0.54,63,54,8355,TRUE,TRUE,TRUE,FALSE,TRUE,TRUE,TRUE,"ok","ok","",""
"BaxterE_2016","Baxter 2016",6,"balanced","Coprococcus",0.87,0.87,0.87,87,87,10001,TRUE,TRUE,TRUE,FALSE,TRUE,TRUE,TRUE,"ok","ok","",""
"BaxterE_2016","Baxter 2016",6,"balanced","Dorea",0.96,0.97,0.95,97,95,14490,TRUE,TRUE,TRUE,FALSE,TRUE,TRUE,TRUE,"ok","ok","",""
"BaxterE_2016","Baxter 2016",6,"balanced","Escherichia/Shigella",0.76,0.78,0.74,78,74,7791,TRUE,TRUE,TRUE,FALSE,TRUE,TRUE,TRUE,"ok","ok","",""
"BaxterE_2016","Baxter 2016",6,"balanced","Faecalibacterium",0.985,0.99,0.98,99,98,49362,TRUE,TRUE,TRUE,FALSE,TRUE,TRUE,TRUE,"ok","ok","",""
"BaxterE_2016","Baxter 2016",6,"balanced","Gemmiger",0.77,0.78,0.76,78,76,9958,TRUE,TRUE,TRUE,FALSE,TRUE,TRUE,TRUE,"ok","ok","",""
"BaxterE_2016","Baxter 2016",6,"balanced","Lachnospiracea_incertae_sedis",1,1,1,100,100,35689,TRUE,TRUE,FALSE,TRUE,TRUE,TRUE,TRUE,"no_observed_zeros","ok","",""
"BaxterE_2016","Baxter 2016",6,"balanced","Methanobrevibacter",0.43,0.48,0.38,48,38,7707,TRUE,TRUE,TRUE,FALSE,TRUE,TRUE,TRUE,"ok","ok","",""
"BaxterE_2016","Baxter 2016",6,"balanced","Oscillibacter",0.92,0.94,0.9,94,90,11125,TRUE,TRUE,TRUE,FALSE,TRUE,TRUE,TRUE,"ok","ok","",""
"BaxterE_2016","Baxter 2016",6,"balanced","Parabacteroides",0.705,0.76,0.65,76,65,6058,TRUE,TRUE,TRUE,FALSE,TRUE,TRUE,TRUE,"ok","ok","",""
"BaxterE_2016","Baxter 2016",6,"balanced","Phascolarctobacterium",0.65,0.67,0.63,67,63,7738,TRUE,TRUE,TRUE,FALSE,TRUE,TRUE,TRUE,"ok","ok","",""
"BaxterE_2016","Baxter 2016",6,"balanced","Prevotella",0.425,0.48,0.37,48,37,14623,TRUE,TRUE,TRUE,FALSE,TRUE,TRUE,TRUE,"ok","ok","",""
"BaxterE_2016","Baxter 2016",6,"balanced","Roseburia",0.985,0.98,0.99,98,99,35119,TRUE,TRUE,TRUE,FALSE,TRUE,TRUE,TRUE,"ok","ok","",""
"BaxterE_2016","Baxter 2016",6,"balanced","Ruminococcus",0.89,0.88,0.9,88,90,26228,TRUE,TRUE,TRUE,FALSE,TRUE,TRUE,TRUE,"ok","ok","",""
"BaxterE_2016","Baxter 2016",6,"balanced","Ruminococcus2",0.975,0.99,0.96,99,96,18551,TRUE,TRUE,TRUE,FALSE,TRUE,TRUE,TRUE,"ok","ok","",""
"BaxterE_2016","Baxter 2016",6,"balanced","Streptococcus",0.88,0.89,0.87,89,87,6890,TRUE,TRUE,TRUE,FALSE,TRUE,TRUE,TRUE,"ok","ok","",""
"BaxterE_2016","Baxter 2016",6,"balanced","Unclassified_Clostridiales",0.925,0.91,0.94,91,94,12584,TRUE,TRUE,TRUE,FALSE,TRUE,TRUE,TRUE,"ok","ok","",""
"BaxterE_2016","Baxter 2016",6,"balanced","Unclassified_Lachnospiraceae",1,1,1,100,100,39232,TRUE,TRUE,FALSE,TRUE,TRUE,TRUE,TRUE,"no_observed_zeros","ok","",""
"BaxterE_2016","Baxter 2016",6,"balanced","Unclassified_Ruminococcaceae",0.975,0.99,0.96,99,96,26762,TRUE,TRUE,TRUE,FALSE,TRUE,TRUE,TRUE,"ok","ok","",""
"BaxterE_2016","Baxter 2016",6,"fourfold","Akkermansia",0.83,0.78,0.88,78,88,21889,TRUE,TRUE,TRUE,FALSE,TRUE,TRUE,TRUE,"ok","ok","",""
"BaxterE_2016","Baxter 2016",6,"fourfold","Alistipes",0.92,0.89,0.95,89,95,21131,TRUE,TRUE,TRUE,FALSE,TRUE,TRUE,TRUE,"ok","ok","",""
"BaxterE_2016","Baxter 2016",6,"fourfold","Anaerostipes",0.98,0.98,0.98,98,98,28418,TRUE,TRUE,TRUE,FALSE,TRUE,TRUE,TRUE,"ok","ok","",""
"BaxterE_2016","Baxter 2016",6,"fourfold","Bacteroides",0.995,0.99,1,99,100,114035,TRUE,TRUE,TRUE,FALSE,TRUE,TRUE,TRUE,"ok","ok","",""
"BaxterE_2016","Baxter 2016",6,"fourfold","Bifidobacterium",0.72,0.65,0.79,65,79,8374,TRUE,TRUE,TRUE,FALSE,TRUE,TRUE,TRUE,"ok","ok","",""
"BaxterE_2016","Baxter 2016",6,"fourfold","Blautia",1,1,1,100,100,125750,TRUE,TRUE,FALSE,TRUE,TRUE,TRUE,TRUE,"no_observed_zeros","ok","",""
"BaxterE_2016","Baxter 2016",6,"fourfold","Clostridium_IV",0.975,0.96,0.99,96,99,15363,TRUE,TRUE,TRUE,FALSE,TRUE,TRUE,TRUE,"ok","ok","",""
"BaxterE_2016","Baxter 2016",6,"fourfold","Clostridium_sensu_stricto",0.755,0.7,0.81,70,81,10062,TRUE,TRUE,TRUE,FALSE,TRUE,TRUE,TRUE,"ok","ok","",""
"BaxterE_2016","Baxter 2016",6,"fourfold","Clostridium_XI",0.795,0.73,0.86,73,86,9103,TRUE,TRUE,TRUE,FALSE,TRUE,TRUE,TRUE,"ok","ok","",""
"BaxterE_2016","Baxter 2016",6,"fourfold","Clostridium_XlVa",0.995,0.99,1,99,100,14980,TRUE,TRUE,FALSE,TRUE,TRUE,TRUE,TRUE,"structural_absence_boundary_at_zero","ok","",""
"BaxterE_2016","Baxter 2016",6,"fourfold","Clostridium_XVIII",0.87,0.81,0.93,81,93,5884,TRUE,TRUE,TRUE,FALSE,TRUE,TRUE,TRUE,"ok","ok","",""
"BaxterE_2016","Baxter 2016",6,"fourfold","Collinsella",0.58,0.6,0.56,60,56,7310,TRUE,TRUE,TRUE,FALSE,TRUE,TRUE,TRUE,"ok","ok","",""
"BaxterE_2016","Baxter 2016",6,"fourfold","Coprococcus",0.875,0.86,0.89,86,89,8792,TRUE,TRUE,TRUE,FALSE,TRUE,TRUE,TRUE,"ok","ok","",""
"BaxterE_2016","Baxter 2016",6,"fourfold","Dorea",0.95,0.95,0.95,95,95,12010,TRUE,TRUE,TRUE,FALSE,TRUE,TRUE,TRUE,"ok","ok","",""
"BaxterE_2016","Baxter 2016",6,"fourfold","Escherichia/Shigella",0.725,0.68,0.77,68,77,6783,TRUE,TRUE,FALSE,TRUE,TRUE,TRUE,TRUE,"structural_absence_boundary_at_zero","ok","",""
"BaxterE_2016","Baxter 2016",6,"fourfold","Faecalibacterium",0.99,0.99,0.99,99,99,42638,TRUE,TRUE,TRUE,FALSE,TRUE,TRUE,TRUE,"ok","ok","",""
"BaxterE_2016","Baxter 2016",6,"fourfold","Gemmiger",0.78,0.75,0.81,75,81,8651,TRUE,TRUE,TRUE,FALSE,TRUE,TRUE,TRUE,"ok","ok","",""
"BaxterE_2016","Baxter 2016",6,"fourfold","Lachnospiracea_incertae_sedis",1,1,1,100,100,31899,TRUE,TRUE,FALSE,TRUE,TRUE,TRUE,TRUE,"no_observed_zeros","ok","",""
"BaxterE_2016","Baxter 2016",6,"fourfold","Methanobrevibacter",0.41,0.4,0.42,40,42,5955,TRUE,TRUE,TRUE,FALSE,TRUE,TRUE,TRUE,"ok","ok","",""
"BaxterE_2016","Baxter 2016",6,"fourfold","Oscillibacter",0.885,0.85,0.92,85,92,10338,TRUE,TRUE,TRUE,FALSE,TRUE,TRUE,TRUE,"ok","ok","",""
"BaxterE_2016","Baxter 2016",6,"fourfold","Parabacteroides",0.67,0.64,0.7,64,70,5050,TRUE,TRUE,TRUE,FALSE,TRUE,TRUE,TRUE,"ok","ok","",""
"BaxterE_2016","Baxter 2016",6,"fourfold","Phascolarctobacterium",0.65,0.65,0.65,65,65,7360,TRUE,TRUE,TRUE,FALSE,TRUE,TRUE,TRUE,"ok","ok","",""
"BaxterE_2016","Baxter 2016",6,"fourfold","Prevotella",0.37,0.38,0.36,38,36,8822,TRUE,TRUE,TRUE,FALSE,TRUE,TRUE,TRUE,"ok","ok","",""
"BaxterE_2016","Baxter 2016",6,"fourfold","Roseburia",0.985,0.99,0.98,99,98,32058,TRUE,TRUE,TRUE,FALSE,TRUE,TRUE,TRUE,"ok","ok","",""
"BaxterE_2016","Baxter 2016",6,"fourfold","Ruminococcus",0.86,0.82,0.9,82,90,24112,TRUE,TRUE,TRUE,FALSE,TRUE,TRUE,TRUE,"ok","ok","",""
"BaxterE_2016","Baxter 2016",6,"fourfold","Ruminococcus2",0.985,0.97,1,97,100,15660,TRUE,TRUE,TRUE,FALSE,TRUE,TRUE,TRUE,"ok","ok","",""
"BaxterE_2016","Baxter 2016",6,"fourfold","Streptococcus",0.815,0.8,0.83,80,83,5903,TRUE,TRUE,TRUE,FALSE,TRUE,TRUE,TRUE,"ok","ok","",""
"BaxterE_2016","Baxter 2016",6,"fourfold","Unclassified_Clostridiales",0.885,0.84,0.93,84,93,10324,TRUE,TRUE,TRUE,FALSE,TRUE,TRUE,TRUE,"ok","ok","",""
"BaxterE_2016","Baxter 2016",6,"fourfold","Unclassified_Lachnospiraceae",1,1,1,100,100,35221,TRUE,TRUE,FALSE,TRUE,TRUE,TRUE,TRUE,"no_observed_zeros","ok","",""
"BaxterE_2016","Baxter 2016",6,"fourfold","Unclassified_Ruminococcaceae",0.98,0.99,0.97,99,97,22827,TRUE,TRUE,TRUE,FALSE,TRUE,TRUE,TRUE,"ok","ok","",""
"BaxterE_2016","Baxter 2016",7,"balanced","Akkermansia",0.825,0.85,0.8,85,80,23526,TRUE,TRUE,TRUE,FALSE,TRUE,TRUE,TRUE,"ok","ok","",""
"BaxterE_2016","Baxter 2016",7,"balanced","Alistipes",0.93,0.93,0.93,93,93,24745,TRUE,TRUE,TRUE,FALSE,TRUE,TRUE,TRUE,"ok","ok","",""
"BaxterE_2016","Baxter 2016",7,"balanced","Anaerostipes",0.985,1,0.97,100,97,27411,TRUE,TRUE,TRUE,FALSE,TRUE,TRUE,TRUE,"ok","ok","",""
"BaxterE_2016","Baxter 2016",7,"balanced","Bacteroides",1,1,1,100,100,120013,TRUE,TRUE,FALSE,TRUE,TRUE,TRUE,TRUE,"no_observed_zeros","ok","",""
"BaxterE_2016","Baxter 2016",7,"balanced","Bifidobacterium",0.745,0.72,0.77,72,77,8429,TRUE,TRUE,TRUE,FALSE,TRUE,TRUE,TRUE,"ok","ok","",""
"BaxterE_2016","Baxter 2016",7,"balanced","Blautia",1,1,1,100,100,125033,TRUE,TRUE,FALSE,TRUE,TRUE,TRUE,TRUE,"no_observed_zeros","ok","",""
"BaxterE_2016","Baxter 2016",7,"balanced","Clostridium_IV",0.99,0.99,0.99,99,99,14924,TRUE,TRUE,TRUE,FALSE,TRUE,TRUE,TRUE,"ok","ok","",""
"BaxterE_2016","Baxter 2016",7,"balanced","Clostridium_sensu_stricto",0.74,0.79,0.69,79,69,8679,TRUE,TRUE,TRUE,FALSE,TRUE,TRUE,TRUE,"ok","ok","",""
"BaxterE_2016","Baxter 2016",7,"balanced","Clostridium_XI",0.85,0.84,0.86,84,86,8912,TRUE,TRUE,TRUE,FALSE,TRUE,TRUE,TRUE,"ok","ok","",""
"BaxterE_2016","Baxter 2016",7,"balanced","Clostridium_XlVa",1,1,1,100,100,15138,TRUE,TRUE,FALSE,TRUE,TRUE,TRUE,TRUE,"no_observed_zeros","ok","",""
"BaxterE_2016","Baxter 2016",7,"balanced","Clostridium_XVIII",0.88,0.87,0.89,87,89,4869,TRUE,TRUE,TRUE,FALSE,TRUE,TRUE,TRUE,"ok","ok","",""
"BaxterE_2016","Baxter 2016",7,"balanced","Collinsella",0.6,0.61,0.59,61,59,8076,TRUE,TRUE,TRUE,FALSE,TRUE,TRUE,TRUE,"ok","ok","",""
"BaxterE_2016","Baxter 2016",7,"balanced","Coprococcus",0.87,0.84,0.9,84,90,9012,TRUE,TRUE,TRUE,FALSE,TRUE,TRUE,TRUE,"ok","ok","",""
"BaxterE_2016","Baxter 2016",7,"balanced","Dorea",0.97,0.98,0.96,98,96,13752,TRUE,TRUE,TRUE,FALSE,TRUE,TRUE,TRUE,"ok","ok","",""
"BaxterE_2016","Baxter 2016",7,"balanced","Escherichia/Shigella",0.76,0.71,0.81,71,81,6687,TRUE,TRUE,TRUE,FALSE,TRUE,TRUE,TRUE,"ok","ok","",""
"BaxterE_2016","Baxter 2016",7,"balanced","Faecalibacterium",0.99,0.99,0.99,99,99,44267,TRUE,TRUE,TRUE,FALSE,TRUE,TRUE,TRUE,"ok","ok","",""
"BaxterE_2016","Baxter 2016",7,"balanced","Gemmiger",0.77,0.76,0.78,76,78,9046,TRUE,TRUE,TRUE,FALSE,TRUE,TRUE,TRUE,"ok","ok","",""
"BaxterE_2016","Baxter 2016",7,"balanced","Lachnospiracea_incertae_sedis",1,1,1,100,100,31957,TRUE,TRUE,FALSE,TRUE,TRUE,TRUE,TRUE,"no_observed_zeros","ok","",""
"BaxterE_2016","Baxter 2016",7,"balanced","Methanobrevibacter",0.415,0.43,0.4,43,40,5913,TRUE,TRUE,TRUE,FALSE,TRUE,TRUE,TRUE,"ok","ok","",""
"BaxterE_2016","Baxter 2016",7,"balanced","Oscillibacter",0.91,0.92,0.9,92,90,10172,TRUE,TRUE,TRUE,FALSE,TRUE,TRUE,TRUE,"ok","ok","",""
"BaxterE_2016","Baxter 2016",7,"balanced","Parabacteroides",0.725,0.7,0.75,70,75,5382,TRUE,TRUE,TRUE,FALSE,TRUE,TRUE,TRUE,"ok","ok","",""
"BaxterE_2016","Baxter 2016",7,"balanced","Phascolarctobacterium",0.65,0.64,0.66,64,66,6675,TRUE,TRUE,TRUE,FALSE,TRUE,TRUE,TRUE,"ok","ok","",""
"BaxterE_2016","Baxter 2016",7,"balanced","Prevotella",0.385,0.4,0.37,40,37,10479,TRUE,TRUE,TRUE,FALSE,TRUE,TRUE,TRUE,"ok","ok","",""
"BaxterE_2016","Baxter 2016",7,"balanced","Roseburia",0.98,0.98,0.98,98,98,32061,TRUE,TRUE,TRUE,FALSE,TRUE,TRUE,TRUE,"ok","ok","",""
"BaxterE_2016","Baxter 2016",7,"balanced","Ruminococcus",0.87,0.91,0.83,91,83,23738,TRUE,TRUE,TRUE,FALSE,TRUE,TRUE,TRUE,"ok","ok","",""
"BaxterE_2016","Baxter 2016",7,"balanced","Ruminococcus2",0.98,0.97,0.99,97,99,16455,TRUE,TRUE,TRUE,FALSE,TRUE,TRUE,TRUE,"ok","ok","",""
"BaxterE_2016","Baxter 2016",7,"balanced","Streptococcus",0.85,0.89,0.81,89,81,5921,TRUE,TRUE,TRUE,FALSE,TRUE,TRUE,TRUE,"ok","ok","",""
"BaxterE_2016","Baxter 2016",7,"balanced","Unclassified_Clostridiales",0.92,0.92,0.92,92,92,11046,TRUE,TRUE,TRUE,FALSE,TRUE,TRUE,TRUE,"ok","ok","",""
"BaxterE_2016","Baxter 2016",7,"balanced","Unclassified_Lachnospiraceae",1,1,1,100,100,35804,TRUE,TRUE,FALSE,TRUE,TRUE,TRUE,TRUE,"no_observed_zeros","ok","",""
"BaxterE_2016","Baxter 2016",7,"balanced","Unclassified_Ruminococcaceae",0.985,0.99,0.98,99,98,22573,TRUE,TRUE,TRUE,FALSE,TRUE,TRUE,TRUE,"ok","ok","",""
"BaxterE_2016","Baxter 2016",7,"fourfold","Akkermansia",0.84,0.83,0.85,83,85,21264,TRUE,TRUE,TRUE,FALSE,TRUE,TRUE,TRUE,"ok","ok","",""
"BaxterE_2016","Baxter 2016",7,"fourfold","Alistipes",0.9,0.87,0.93,87,93,22375,TRUE,TRUE,TRUE,FALSE,TRUE,TRUE,TRUE,"ok","ok","",""
"BaxterE_2016","Baxter 2016",7,"fourfold","Anaerostipes",0.975,0.97,0.98,97,98,25391,TRUE,TRUE,TRUE,FALSE,TRUE,TRUE,TRUE,"ok","ok","",""
"BaxterE_2016","Baxter 2016",7,"fourfold","Bacteroides",1,1,1,100,100,106424,TRUE,TRUE,FALSE,TRUE,TRUE,TRUE,TRUE,"no_observed_zeros","ok","",""
"BaxterE_2016","Baxter 2016",7,"fourfold","Bifidobacterium",0.715,0.68,0.75,68,75,7851,TRUE,TRUE,TRUE,FALSE,TRUE,TRUE,TRUE,"ok","ok","",""
"BaxterE_2016","Baxter 2016",7,"fourfold","Blautia",1,1,1,100,100,114482,TRUE,TRUE,FALSE,TRUE,TRUE,TRUE,TRUE,"no_observed_zeros","ok","",""
"BaxterE_2016","Baxter 2016",7,"fourfold","Clostridium_IV",0.97,0.95,0.99,95,99,14613,TRUE,TRUE,TRUE,FALSE,TRUE,TRUE,TRUE,"ok","ok","",""
"BaxterE_2016","Baxter 2016",7,"fourfold","Clostridium_sensu_stricto",0.73,0.71,0.75,71,75,6915,TRUE,TRUE,TRUE,FALSE,TRUE,TRUE,TRUE,"ok","ok","",""
"BaxterE_2016","Baxter 2016",7,"fourfold","Clostridium_XI",0.835,0.82,0.85,82,85,7330,TRUE,TRUE,TRUE,FALSE,TRUE,TRUE,TRUE,"ok","ok","",""
"BaxterE_2016","Baxter 2016",7,"fourfold","Clostridium_XlVa",0.995,0.99,1,99,100,15479,TRUE,TRUE,FALSE,TRUE,TRUE,TRUE,TRUE,"structural_absence_boundary_at_zero","ok","",""
"BaxterE_2016","Baxter 2016",7,"fourfold","Clostridium_XVIII",0.855,0.8,0.91,80,91,3738,TRUE,TRUE,TRUE,FALSE,TRUE,TRUE,TRUE,"ok","ok","",""
"BaxterE_2016","Baxter 2016",7,"fourfold","Collinsella",0.605,0.58,0.63,58,63,6424,TRUE,TRUE,TRUE,FALSE,TRUE,TRUE,TRUE,"ok","ok","",""
"BaxterE_2016","Baxter 2016",7,"fourfold","Coprococcus",0.855,0.81,0.9,81,90,7960,TRUE,TRUE,TRUE,FALSE,TRUE,TRUE,TRUE,"ok","ok","",""
"BaxterE_2016","Baxter 2016",7,"fourfold","Dorea",0.945,0.94,0.95,94,95,12369,TRUE,TRUE,TRUE,FALSE,TRUE,TRUE,TRUE,"ok","ok","",""
"BaxterE_2016","Baxter 2016",7,"fourfold","Escherichia/Shigella",0.675,0.48,0.87,48,87,8541,TRUE,TRUE,TRUE,FALSE,TRUE,TRUE,TRUE,"ok","ok","",""
"BaxterE_2016","Baxter 2016",7,"fourfold","Faecalibacterium",0.98,0.98,0.98,98,98,43347,TRUE,TRUE,TRUE,FALSE,TRUE,TRUE,TRUE,"ok","ok","",""
"BaxterE_2016","Baxter 2016",7,"fourfold","Gemmiger",0.785,0.74,0.83,74,83,7440,TRUE,TRUE,TRUE,FALSE,TRUE,TRUE,TRUE,"ok","ok","",""
"BaxterE_2016","Baxter 2016",7,"fourfold","Lachnospiracea_incertae_sedis",1,1,1,100,100,27513,TRUE,TRUE,FALSE,TRUE,TRUE,TRUE,TRUE,"no_observed_zeros","ok","",""
"BaxterE_2016","Baxter 2016",7,"fourfold","Methanobrevibacter",0.385,0.35,0.42,35,42,5543,TRUE,TRUE,TRUE,FALSE,TRUE,TRUE,TRUE,"ok","ok","",""
"BaxterE_2016","Baxter 2016",7,"fourfold","Oscillibacter",0.87,0.84,0.9,84,90,9568,TRUE,TRUE,TRUE,FALSE,TRUE,TRUE,TRUE,"ok","ok","",""
"BaxterE_2016","Baxter 2016",7,"fourfold","Parabacteroides",0.685,0.64,0.73,64,73,5921,TRUE,TRUE,TRUE,FALSE,TRUE,TRUE,TRUE,"ok","ok","",""
"BaxterE_2016","Baxter 2016",7,"fourfold","Phascolarctobacterium",0.615,0.58,0.65,58,65,7340,TRUE,TRUE,TRUE,FALSE,TRUE,TRUE,TRUE,"ok","ok","",""
"BaxterE_2016","Baxter 2016",7,"fourfold","Prevotella",0.35,0.31,0.39,31,39,10335,TRUE,TRUE,TRUE,FALSE,TRUE,TRUE,TRUE,"ok","ok","",""
"BaxterE_2016","Baxter 2016",7,"fourfold","Roseburia",0.98,0.98,0.98,98,98,30921,TRUE,TRUE,TRUE,FALSE,TRUE,TRUE,TRUE,"ok","ok","",""
"BaxterE_2016","Baxter 2016",7,"fourfold","Ruminococcus",0.87,0.87,0.87,87,87,21774,TRUE,TRUE,TRUE,FALSE,TRUE,TRUE,TRUE,"ok","ok","",""
"BaxterE_2016","Baxter 2016",7,"fourfold","Ruminococcus2",0.975,0.96,0.99,96,99,16135,TRUE,TRUE,TRUE,FALSE,TRUE,TRUE,TRUE,"ok","ok","",""
"BaxterE_2016","Baxter 2016",7,"fourfold","Streptococcus",0.83,0.78,0.88,78,88,5408,TRUE,TRUE,TRUE,FALSE,TRUE,TRUE,TRUE,"ok","ok","",""
"BaxterE_2016","Baxter 2016",7,"fourfold","Unclassified_Clostridiales",0.92,0.91,0.93,91,93,8899,TRUE,TRUE,TRUE,FALSE,TRUE,TRUE,TRUE,"ok","ok","",""
"BaxterE_2016","Baxter 2016",7,"fourfold","Unclassified_Lachnospiraceae",1,1,1,100,100,32826,TRUE,TRUE,FALSE,TRUE,TRUE,TRUE,TRUE,"no_observed_zeros","ok","",""
"BaxterE_2016","Baxter 2016",7,"fourfold","Unclassified_Ruminococcaceae",0.975,0.96,0.99,96,99,22845,TRUE,TRUE,TRUE,FALSE,TRUE,TRUE,TRUE,"ok","ok","",""
"BaxterE_2016","Baxter 2016",8,"balanced","Akkermansia",0.845,0.88,0.81,88,81,21242,TRUE,TRUE,TRUE,FALSE,TRUE,TRUE,TRUE,"ok","ok","",""
"BaxterE_2016","Baxter 2016",8,"balanced","Alistipes",0.915,0.91,0.92,91,92,23657,TRUE,TRUE,TRUE,FALSE,TRUE,TRUE,TRUE,"ok","ok","",""
"BaxterE_2016","Baxter 2016",8,"balanced","Anaerostipes",0.98,0.98,0.98,98,98,29075,TRUE,TRUE,TRUE,FALSE,TRUE,TRUE,TRUE,"ok","ok","",""
"BaxterE_2016","Baxter 2016",8,"balanced","Bacteroides",1,1,1,100,100,119064,TRUE,TRUE,FALSE,TRUE,TRUE,TRUE,TRUE,"no_observed_zeros","ok","",""
"BaxterE_2016","Baxter 2016",8,"balanced","Bifidobacterium",0.755,0.75,0.76,75,76,9377,TRUE,TRUE,TRUE,FALSE,TRUE,TRUE,TRUE,"ok","ok","",""
"BaxterE_2016","Baxter 2016",8,"balanced","Blautia",1,1,1,100,100,127556,TRUE,TRUE,FALSE,TRUE,TRUE,TRUE,TRUE,"no_observed_zeros","ok","",""
"BaxterE_2016","Baxter 2016",8,"balanced","Clostridium_IV",0.995,1,0.99,100,99,15907,TRUE,TRUE,FALSE,TRUE,TRUE,TRUE,TRUE,"structural_absence_boundary_at_zero","ok","",""
"BaxterE_2016","Baxter 2016",8,"balanced","Clostridium_sensu_stricto",0.72,0.74,0.7,74,70,8202,TRUE,TRUE,TRUE,FALSE,TRUE,TRUE,TRUE,"ok","ok","",""
"BaxterE_2016","Baxter 2016",8,"balanced","Clostridium_XI",0.86,0.85,0.87,85,87,7959,TRUE,TRUE,TRUE,FALSE,TRUE,TRUE,TRUE,"ok","ok","",""
"BaxterE_2016","Baxter 2016",8,"balanced","Clostridium_XlVa",1,1,1,100,100,15879,TRUE,TRUE,FALSE,TRUE,TRUE,TRUE,TRUE,"no_observed_zeros","ok","",""
"BaxterE_2016","Baxter 2016",8,"balanced","Clostridium_XVIII",0.92,0.95,0.89,95,89,4844,TRUE,TRUE,TRUE,FALSE,TRUE,TRUE,TRUE,"ok","ok","",""
"BaxterE_2016","Baxter 2016",8,"balanced","Collinsella",0.585,0.58,0.59,58,59,7743,TRUE,TRUE,TRUE,FALSE,TRUE,TRUE,TRUE,"ok","ok","",""
"BaxterE_2016","Baxter 2016",8,"balanced","Coprococcus",0.87,0.89,0.85,89,85,9371,TRUE,TRUE,TRUE,FALSE,TRUE,TRUE,TRUE,"ok","ok","",""
"BaxterE_2016","Baxter 2016",8,"balanced","Dorea",0.96,0.95,0.97,95,97,13890,TRUE,TRUE,TRUE,FALSE,TRUE,TRUE,TRUE,"ok","ok","",""
"BaxterE_2016","Baxter 2016",8,"balanced","Escherichia/Shigella",0.765,0.73,0.8,73,80,7370,TRUE,TRUE,TRUE,FALSE,TRUE,TRUE,TRUE,"ok","ok","",""
"BaxterE_2016","Baxter 2016",8,"balanced","Faecalibacterium",0.985,1,0.97,100,97,45041,TRUE,TRUE,TRUE,FALSE,TRUE,TRUE,TRUE,"ok","ok","",""
"BaxterE_2016","Baxter 2016",8,"balanced","Gemmiger",0.79,0.77,0.81,77,81,8726,TRUE,TRUE,TRUE,FALSE,TRUE,TRUE,TRUE,"ok","ok","",""
"BaxterE_2016","Baxter 2016",8,"balanced","Lachnospiracea_incertae_sedis",1,1,1,100,100,32475,TRUE,TRUE,FALSE,TRUE,TRUE,TRUE,TRUE,"no_observed_zeros","ok","",""
"BaxterE_2016","Baxter 2016",8,"balanced","Methanobrevibacter",0.41,0.38,0.44,38,44,5615,TRUE,TRUE,TRUE,FALSE,TRUE,TRUE,TRUE,"ok","ok","",""
"BaxterE_2016","Baxter 2016",8,"balanced","Oscillibacter",0.915,0.9,0.93,90,93,9993,TRUE,TRUE,TRUE,FALSE,TRUE,TRUE,TRUE,"ok","ok","",""
"BaxterE_2016","Baxter 2016",8,"balanced","Parabacteroides",0.71,0.71,0.71,71,71,5474,TRUE,TRUE,TRUE,FALSE,TRUE,TRUE,TRUE,"ok","ok","",""
"BaxterE_2016","Baxter 2016",8,"balanced","Phascolarctobacterium",0.66,0.67,0.65,67,65,7619,TRUE,TRUE,TRUE,FALSE,TRUE,TRUE,TRUE,"ok","ok","",""
"BaxterE_2016","Baxter 2016",8,"balanced","Prevotella",0.38,0.34,0.42,34,42,15631,TRUE,TRUE,TRUE,FALSE,TRUE,TRUE,TRUE,"ok","ok","",""
"BaxterE_2016","Baxter 2016",8,"balanced","Roseburia",0.985,0.98,0.99,98,99,33984,TRUE,TRUE,TRUE,FALSE,TRUE,TRUE,TRUE,"ok","ok","",""
"BaxterE_2016","Baxter 2016",8,"balanced","Ruminococcus",0.885,0.88,0.89,88,89,24869,TRUE,TRUE,TRUE,FALSE,TRUE,TRUE,TRUE,"ok","ok","",""
"BaxterE_2016","Baxter 2016",8,"balanced","Ruminococcus2",0.975,0.98,0.97,98,97,17906,TRUE,TRUE,TRUE,FALSE,TRUE,TRUE,TRUE,"ok","ok","",""
"BaxterE_2016","Baxter 2016",8,"balanced","Streptococcus",0.865,0.87,0.86,87,86,6483,TRUE,TRUE,TRUE,FALSE,TRUE,TRUE,TRUE,"ok","ok","",""
"BaxterE_2016","Baxter 2016",8,"balanced","Unclassified_Clostridiales",0.92,0.93,0.91,93,91,11065,TRUE,TRUE,TRUE,FALSE,TRUE,TRUE,TRUE,"ok","ok","",""
"BaxterE_2016","Baxter 2016",8,"balanced","Unclassified_Lachnospiraceae",1,1,1,100,100,37423,TRUE,TRUE,FALSE,TRUE,TRUE,TRUE,TRUE,"no_observed_zeros","ok","",""
"BaxterE_2016","Baxter 2016",8,"balanced","Unclassified_Ruminococcaceae",0.985,0.99,0.98,99,98,24610,TRUE,TRUE,TRUE,FALSE,TRUE,TRUE,TRUE,"ok","ok","",""
"BaxterE_2016","Baxter 2016",8,"fourfold","Akkermansia",0.84,0.85,0.83,85,83,24085,TRUE,TRUE,TRUE,FALSE,TRUE,TRUE,TRUE,"ok","ok","",""
"BaxterE_2016","Baxter 2016",8,"fourfold","Alistipes",0.895,0.86,0.93,86,93,27208,TRUE,TRUE,TRUE,FALSE,TRUE,TRUE,TRUE,"ok","ok","",""
"BaxterE_2016","Baxter 2016",8,"fourfold","Anaerostipes",0.97,0.96,0.98,96,98,28506,TRUE,TRUE,TRUE,FALSE,TRUE,TRUE,TRUE,"ok","ok","",""
"BaxterE_2016","Baxter 2016",8,"fourfold","Bacteroides",1,1,1,100,100,117752,TRUE,TRUE,FALSE,TRUE,TRUE,TRUE,TRUE,"no_observed_zeros","ok","",""
"BaxterE_2016","Baxter 2016",8,"fourfold","Bifidobacterium",0.7,0.65,0.75,65,75,9314,TRUE,TRUE,TRUE,FALSE,TRUE,TRUE,TRUE,"ok","ok","",""
"BaxterE_2016","Baxter 2016",8,"fourfold","Blautia",1,1,1,100,100,126041,TRUE,TRUE,FALSE,TRUE,TRUE,TRUE,TRUE,"no_observed_zeros","ok","",""
"BaxterE_2016","Baxter 2016",8,"fourfold","Clostridium_IV",0.98,0.97,0.99,97,99,15535,TRUE,TRUE,TRUE,FALSE,TRUE,TRUE,TRUE,"ok","ok","",""
"BaxterE_2016","Baxter 2016",8,"fourfold","Clostridium_sensu_stricto",0.72,0.64,0.8,64,80,9889,TRUE,TRUE,TRUE,FALSE,TRUE,TRUE,TRUE,"ok","ok","",""
"BaxterE_2016","Baxter 2016",8,"fourfold","Clostridium_XI",0.82,0.77,0.87,77,87,9320,TRUE,TRUE,TRUE,FALSE,TRUE,TRUE,TRUE,"ok","ok","",""
"BaxterE_2016","Baxter 2016",8,"fourfold","Clostridium_XlVa",1,1,1,100,100,14663,TRUE,TRUE,FALSE,TRUE,TRUE,TRUE,TRUE,"no_observed_zeros","ok","",""
"BaxterE_2016","Baxter 2016",8,"fourfold","Clostridium_XVIII",0.865,0.82,0.91,82,91,5269,TRUE,TRUE,TRUE,FALSE,TRUE,TRUE,TRUE,"ok","ok","",""
"BaxterE_2016","Baxter 2016",8,"fourfold","Collinsella",0.605,0.58,0.63,58,63,8794,TRUE,TRUE,TRUE,FALSE,TRUE,TRUE,TRUE,"ok","ok","",""
"BaxterE_2016","Baxter 2016",8,"fourfold","Coprococcus",0.855,0.84,0.87,84,87,8944,TRUE,TRUE,TRUE,FALSE,TRUE,TRUE,TRUE,"ok","ok","",""
"BaxterE_2016","Baxter 2016",8,"fourfold","Dorea",0.935,0.9,0.97,90,97,14610,TRUE,TRUE,TRUE,FALSE,TRUE,TRUE,TRUE,"ok","ok","",""
"BaxterE_2016","Baxter 2016",8,"fourfold","Escherichia/Shigella",0.73,0.63,0.83,63,83,8357,TRUE,TRUE,TRUE,FALSE,TRUE,TRUE,TRUE,"ok","ok","",""
"BaxterE_2016","Baxter 2016",8,"fourfold","Faecalibacterium",0.98,0.98,0.98,98,98,46491,TRUE,TRUE,TRUE,FALSE,TRUE,TRUE,TRUE,"ok","ok","",""
"BaxterE_2016","Baxter 2016",8,"fourfold","Gemmiger",0.775,0.73,0.82,73,82,9403,TRUE,TRUE,TRUE,FALSE,TRUE,TRUE,TRUE,"ok","ok","",""
"BaxterE_2016","Baxter 2016",8,"fourfold","Lachnospiracea_incertae_sedis",0.99,0.98,1,98,100,34028,TRUE,TRUE,TRUE,FALSE,TRUE,TRUE,TRUE,"ok","ok","",""
"BaxterE_2016","Baxter 2016",8,"fourfold","Methanobrevibacter",0.375,0.3,0.45,30,45,5848,TRUE,TRUE,TRUE,FALSE,TRUE,TRUE,TRUE,"ok","ok","",""
"BaxterE_2016","Baxter 2016",8,"fourfold","Oscillibacter",0.9,0.86,0.94,86,94,10970,TRUE,TRUE,TRUE,FALSE,TRUE,TRUE,TRUE,"ok","ok","",""
"BaxterE_2016","Baxter 2016",8,"fourfold","Parabacteroides",0.7,0.63,0.77,63,77,5308,TRUE,TRUE,TRUE,FALSE,TRUE,TRUE,TRUE,"ok","ok","",""
"BaxterE_2016","Baxter 2016",8,"fourfold","Phascolarctobacterium",0.63,0.6,0.66,60,66,7324,TRUE,TRUE,TRUE,FALSE,TRUE,TRUE,TRUE,"ok","ok","",""
"BaxterE_2016","Baxter 2016",8,"fourfold","Prevotella",0.37,0.27,0.47,27,47,14622,TRUE,TRUE,TRUE,FALSE,TRUE,TRUE,TRUE,"ok","ok","",""
"BaxterE_2016","Baxter 2016",8,"fourfold","Roseburia",0.98,0.97,0.99,97,99,34228,TRUE,TRUE,TRUE,FALSE,TRUE,TRUE,TRUE,"ok","ok","",""
"BaxterE_2016","Baxter 2016",8,"fourfold","Ruminococcus",0.89,0.87,0.91,87,91,25342,TRUE,TRUE,TRUE,FALSE,TRUE,TRUE,TRUE,"ok","ok","",""
"BaxterE_2016","Baxter 2016",8,"fourfold","Ruminococcus2",0.98,0.97,0.99,97,99,17794,TRUE,TRUE,TRUE,FALSE,TRUE,TRUE,TRUE,"ok","ok","",""
"BaxterE_2016","Baxter 2016",8,"fourfold","Streptococcus",0.815,0.78,0.85,78,85,5620,TRUE,TRUE,TRUE,FALSE,TRUE,TRUE,TRUE,"ok","ok","",""
"BaxterE_2016","Baxter 2016",8,"fourfold","Unclassified_Clostridiales",0.905,0.88,0.93,88,93,11882,TRUE,TRUE,TRUE,FALSE,TRUE,TRUE,TRUE,"ok","ok","",""
"BaxterE_2016","Baxter 2016",8,"fourfold","Unclassified_Lachnospiraceae",1,1,1,100,100,36529,TRUE,TRUE,FALSE,TRUE,TRUE,TRUE,TRUE,"no_observed_zeros","ok","",""
"BaxterE_2016","Baxter 2016",8,"fourfold","Unclassified_Ruminococcaceae",0.97,0.96,0.98,96,98,23584,TRUE,TRUE,TRUE,FALSE,TRUE,TRUE,TRUE,"ok","ok","",""
"BaxterE_2016","Baxter 2016",9,"balanced","Akkermansia",0.86,0.89,0.83,89,83,22471,TRUE,TRUE,TRUE,FALSE,TRUE,TRUE,TRUE,"ok","ok","",""
"BaxterE_2016","Baxter 2016",9,"balanced","Alistipes",0.915,0.9,0.93,90,93,23181,TRUE,TRUE,TRUE,FALSE,TRUE,TRUE,TRUE,"ok","ok","",""
"BaxterE_2016","Baxter 2016",9,"balanced","Anaerostipes",0.985,0.98,0.99,98,99,29369,TRUE,TRUE,TRUE,FALSE,TRUE,TRUE,TRUE,"ok","ok","",""
"BaxterE_2016","Baxter 2016",9,"balanced","Bacteroides",1,1,1,100,100,118646,TRUE,TRUE,FALSE,TRUE,TRUE,TRUE,TRUE,"no_observed_zeros","ok","",""
"BaxterE_2016","Baxter 2016",9,"balanced","Bifidobacterium",0.715,0.76,0.67,76,67,8759,TRUE,TRUE,TRUE,FALSE,TRUE,TRUE,TRUE,"ok","ok","",""
"BaxterE_2016","Baxter 2016",9,"balanced","Blautia",1,1,1,100,100,127919,TRUE,TRUE,FALSE,TRUE,TRUE,TRUE,TRUE,"no_observed_zeros","ok","",""
"BaxterE_2016","Baxter 2016",9,"balanced","Clostridium_IV",0.99,0.98,1,98,100,15072,TRUE,TRUE,TRUE,FALSE,TRUE,TRUE,TRUE,"ok","ok","",""
"BaxterE_2016","Baxter 2016",9,"balanced","Clostridium_sensu_stricto",0.735,0.75,0.72,75,72,10276,TRUE,TRUE,TRUE,FALSE,TRUE,TRUE,TRUE,"ok","ok","",""
"BaxterE_2016","Baxter 2016",9,"balanced","Clostridium_XI",0.835,0.83,0.84,83,84,10141,TRUE,TRUE,TRUE,FALSE,TRUE,TRUE,TRUE,"ok","ok","",""
"BaxterE_2016","Baxter 2016",9,"balanced","Clostridium_XlVa",1,1,1,100,100,15455,TRUE,TRUE,FALSE,TRUE,TRUE,TRUE,TRUE,"no_observed_zeros","ok","",""
"BaxterE_2016","Baxter 2016",9,"balanced","Clostridium_XVIII",0.895,0.88,0.91,88,91,4994,TRUE,TRUE,TRUE,FALSE,TRUE,TRUE,TRUE,"ok","ok","",""
"BaxterE_2016","Baxter 2016",9,"balanced","Collinsella",0.585,0.6,0.57,60,57,7461,TRUE,TRUE,TRUE,FALSE,TRUE,TRUE,TRUE,"ok","ok","",""
"BaxterE_2016","Baxter 2016",9,"balanced","Coprococcus",0.88,0.89,0.87,89,87,8082,TRUE,TRUE,TRUE,FALSE,TRUE,TRUE,TRUE,"ok","ok","",""
"BaxterE_2016","Baxter 2016",9,"balanced","Dorea",0.965,0.95,0.98,95,98,14096,TRUE,TRUE,TRUE,FALSE,TRUE,TRUE,TRUE,"ok","ok","",""
"BaxterE_2016","Baxter 2016",9,"balanced","Escherichia/Shigella",0.77,0.79,0.75,79,75,7341,TRUE,TRUE,TRUE,FALSE,TRUE,TRUE,TRUE,"ok","ok","",""
"BaxterE_2016","Baxter 2016",9,"balanced","Faecalibacterium",0.99,0.99,0.99,99,99,45526,TRUE,TRUE,TRUE,FALSE,TRUE,TRUE,TRUE,"ok","ok","",""
"BaxterE_2016","Baxter 2016",9,"balanced","Gemmiger",0.8,0.79,0.81,79,81,8514,TRUE,TRUE,TRUE,FALSE,TRUE,TRUE,TRUE,"ok","ok","",""
"BaxterE_2016","Baxter 2016",9,"balanced","Lachnospiracea_incertae_sedis",1,1,1,100,100,34299,TRUE,TRUE,FALSE,TRUE,TRUE,TRUE,TRUE,"no_observed_zeros","ok","",""
"BaxterE_2016","Baxter 2016",9,"balanced","Methanobrevibacter",0.42,0.42,0.42,42,42,6426,TRUE,TRUE,TRUE,FALSE,TRUE,TRUE,TRUE,"ok","ok","",""
"BaxterE_2016","Baxter 2016",9,"balanced","Oscillibacter",0.905,0.89,0.92,89,92,9826,TRUE,TRUE,TRUE,FALSE,TRUE,TRUE,TRUE,"ok","ok","",""
"BaxterE_2016","Baxter 2016",9,"balanced","Parabacteroides",0.735,0.74,0.73,74,73,5440,TRUE,TRUE,TRUE,FALSE,TRUE,TRUE,TRUE,"ok","ok","",""
"BaxterE_2016","Baxter 2016",9,"balanced","Phascolarctobacterium",0.65,0.66,0.64,66,64,6595,TRUE,TRUE,TRUE,FALSE,TRUE,TRUE,TRUE,"ok","ok","",""
"BaxterE_2016","Baxter 2016",9,"balanced","Prevotella",0.36,0.35,0.37,35,37,12828,TRUE,TRUE,TRUE,FALSE,TRUE,TRUE,TRUE,"ok","ok","",""
"BaxterE_2016","Baxter 2016",9,"balanced","Roseburia",0.98,0.98,0.98,98,98,33119,TRUE,TRUE,TRUE,FALSE,TRUE,TRUE,TRUE,"ok","ok","",""
"BaxterE_2016","Baxter 2016",9,"balanced","Ruminococcus",0.875,0.84,0.91,84,91,22739,TRUE,TRUE,TRUE,FALSE,TRUE,TRUE,TRUE,"ok","ok","",""
"BaxterE_2016","Baxter 2016",9,"balanced","Ruminococcus2",0.98,1,0.96,100,96,18088,TRUE,TRUE,TRUE,FALSE,TRUE,TRUE,TRUE,"ok","ok","",""
"BaxterE_2016","Baxter 2016",9,"balanced","Streptococcus",0.855,0.83,0.88,83,88,7120,TRUE,TRUE,TRUE,FALSE,TRUE,TRUE,TRUE,"ok","ok","",""
"BaxterE_2016","Baxter 2016",9,"balanced","Unclassified_Clostridiales",0.94,0.93,0.95,93,95,10134,TRUE,TRUE,TRUE,FALSE,TRUE,TRUE,TRUE,"ok","ok","",""
"BaxterE_2016","Baxter 2016",9,"balanced","Unclassified_Lachnospiraceae",1,1,1,100,100,35811,TRUE,TRUE,FALSE,TRUE,TRUE,TRUE,TRUE,"no_observed_zeros","ok","",""
"BaxterE_2016","Baxter 2016",9,"balanced","Unclassified_Ruminococcaceae",0.975,0.97,0.98,97,98,23586,TRUE,TRUE,TRUE,FALSE,TRUE,TRUE,TRUE,"ok","ok","",""
"BaxterE_2016","Baxter 2016",9,"fourfold","Akkermansia",0.83,0.8,0.86,80,86,20301,TRUE,TRUE,TRUE,FALSE,TRUE,TRUE,TRUE,"ok","ok","",""
"BaxterE_2016","Baxter 2016",9,"fourfold","Alistipes",0.9,0.86,0.94,86,94,23461,TRUE,TRUE,TRUE,FALSE,TRUE,TRUE,TRUE,"ok","ok","",""
"BaxterE_2016","Baxter 2016",9,"fourfold","Anaerostipes",0.975,0.96,0.99,96,99,27759,TRUE,TRUE,TRUE,FALSE,TRUE,TRUE,TRUE,"ok","ok","",""
"BaxterE_2016","Baxter 2016",9,"fourfold","Bacteroides",1,1,1,100,100,110978,TRUE,TRUE,FALSE,TRUE,TRUE,TRUE,TRUE,"no_observed_zeros","ok","",""
"BaxterE_2016","Baxter 2016",9,"fourfold","Bifidobacterium",0.75,0.76,0.74,76,74,7113,TRUE,TRUE,TRUE,FALSE,TRUE,TRUE,TRUE,"ok","ok","",""
"BaxterE_2016","Baxter 2016",9,"fourfold","Blautia",1,1,1,100,100,121608,TRUE,TRUE,FALSE,TRUE,TRUE,TRUE,TRUE,"no_observed_zeros","ok","",""
"BaxterE_2016","Baxter 2016",9,"fourfold","Clostridium_IV",0.98,0.96,1,96,100,15278,TRUE,TRUE,FALSE,TRUE,TRUE,TRUE,TRUE,"structural_absence_boundary_at_zero","ok","",""
"BaxterE_2016","Baxter 2016",9,"fourfold","Clostridium_sensu_stricto",0.725,0.69,0.76,69,76,8767,TRUE,TRUE,TRUE,FALSE,TRUE,TRUE,TRUE,"ok","ok","",""
"BaxterE_2016","Baxter 2016",9,"fourfold","Clostridium_XI",0.84,0.81,0.87,81,87,8367,TRUE,TRUE,TRUE,FALSE,TRUE,TRUE,TRUE,"ok","ok","",""
"BaxterE_2016","Baxter 2016",9,"fourfold","Clostridium_XlVa",0.985,0.97,1,97,100,14493,TRUE,TRUE,TRUE,FALSE,TRUE,TRUE,TRUE,"ok","ok","",""
"BaxterE_2016","Baxter 2016",9,"fourfold","Clostridium_XVIII",0.83,0.73,0.93,73,93,4543,TRUE,TRUE,TRUE,FALSE,TRUE,TRUE,TRUE,"ok","ok","",""
"BaxterE_2016","Baxter 2016",9,"fourfold","Collinsella",0.59,0.59,0.59,59,59,7278,TRUE,TRUE,TRUE,FALSE,TRUE,TRUE,TRUE,"ok","ok","",""
"BaxterE_2016","Baxter 2016",9,"fourfold","Coprococcus",0.87,0.88,0.86,88,86,8945,TRUE,TRUE,TRUE,FALSE,TRUE,TRUE,TRUE,"ok","ok","",""
"BaxterE_2016","Baxter 2016",9,"fourfold","Dorea",0.96,0.95,0.97,95,97,13112,TRUE,TRUE,TRUE,FALSE,TRUE,TRUE,TRUE,"ok","ok","",""
"BaxterE_2016","Baxter 2016",9,"fourfold","Escherichia/Shigella",0.745,0.68,0.81,68,81,5337,TRUE,TRUE,FALSE,TRUE,TRUE,TRUE,TRUE,"structural_absence_boundary_at_zero","ok","",""
"BaxterE_2016","Baxter 2016",9,"fourfold","Faecalibacterium",0.995,0.99,1,99,100,43489,TRUE,TRUE,TRUE,FALSE,TRUE,TRUE,TRUE,"ok","ok","",""
"BaxterE_2016","Baxter 2016",9,"fourfold","Gemmiger",0.77,0.76,0.78,76,78,8932,TRUE,TRUE,TRUE,FALSE,TRUE,TRUE,TRUE,"ok","ok","",""
"BaxterE_2016","Baxter 2016",9,"fourfold","Lachnospiracea_incertae_sedis",0.995,0.99,1,99,100,30155,TRUE,TRUE,TRUE,FALSE,TRUE,TRUE,TRUE,"ok","ok","",""
"BaxterE_2016","Baxter 2016",9,"fourfold","Methanobrevibacter",0.42,0.4,0.44,40,44,6542,TRUE,TRUE,TRUE,FALSE,TRUE,TRUE,TRUE,"ok","ok","",""
"BaxterE_2016","Baxter 2016",9,"fourfold","Oscillibacter",0.87,0.83,0.91,83,91,9164,TRUE,TRUE,TRUE,FALSE,TRUE,TRUE,TRUE,"ok","ok","",""
"BaxterE_2016","Baxter 2016",9,"fourfold","Parabacteroides",0.715,0.69,0.74,69,74,4694,TRUE,TRUE,TRUE,FALSE,TRUE,TRUE,TRUE,"ok","ok","",""
"BaxterE_2016","Baxter 2016",9,"fourfold","Phascolarctobacterium",0.63,0.58,0.68,58,68,7307,TRUE,TRUE,TRUE,FALSE,TRUE,TRUE,TRUE,"ok","ok","",""
"BaxterE_2016","Baxter 2016",9,"fourfold","Prevotella",0.365,0.31,0.42,31,42,12873,TRUE,TRUE,TRUE,FALSE,TRUE,TRUE,TRUE,"ok","ok","",""
"BaxterE_2016","Baxter 2016",9,"fourfold","Roseburia",0.97,0.96,0.98,96,98,31908,TRUE,TRUE,TRUE,FALSE,TRUE,TRUE,TRUE,"ok","ok","",""
"BaxterE_2016","Baxter 2016",9,"fourfold","Ruminococcus",0.875,0.8,0.95,80,95,23537,TRUE,TRUE,TRUE,FALSE,TRUE,TRUE,TRUE,"ok","ok","",""
"BaxterE_2016","Baxter 2016",9,"fourfold","Ruminococcus2",0.975,0.97,0.98,97,98,16841,TRUE,TRUE,TRUE,FALSE,TRUE,TRUE,TRUE,"ok","ok","",""
"BaxterE_2016","Baxter 2016",9,"fourfold","Streptococcus",0.83,0.74,0.92,74,92,4963,TRUE,TRUE,TRUE,FALSE,TRUE,TRUE,TRUE,"ok","ok","",""
"BaxterE_2016","Baxter 2016",9,"fourfold","Unclassified_Clostridiales",0.91,0.87,0.95,87,95,11166,TRUE,TRUE,TRUE,FALSE,TRUE,TRUE,TRUE,"ok","ok","",""
"BaxterE_2016","Baxter 2016",9,"fourfold","Unclassified_Lachnospiraceae",1,1,1,100,100,34859,TRUE,TRUE,FALSE,TRUE,TRUE,TRUE,TRUE,"no_observed_zeros","ok","",""
"BaxterE_2016","Baxter 2016",9,"fourfold","Unclassified_Ruminococcaceae",0.98,0.97,0.99,97,99,22236,TRUE,TRUE,TRUE,FALSE,TRUE,TRUE,TRUE,"ok","ok","",""
"BaxterE_2016","Baxter 2016",10,"balanced","Akkermansia",0.86,0.84,0.88,84,88,25654,TRUE,TRUE,TRUE,FALSE,TRUE,TRUE,TRUE,"ok","ok","",""
"BaxterE_2016","Baxter 2016",10,"balanced","Alistipes",0.92,0.94,0.9,94,90,27380,TRUE,TRUE,TRUE,FALSE,TRUE,TRUE,TRUE,"ok","ok","",""
"BaxterE_2016","Baxter 2016",10,"balanced","Anaerostipes",0.985,0.98,0.99,98,99,29537,TRUE,TRUE,TRUE,FALSE,TRUE,TRUE,TRUE,"ok","ok","",""
"BaxterE_2016","Baxter 2016",10,"balanced","Bacteroides",1,1,1,100,100,127856,TRUE,TRUE,FALSE,TRUE,TRUE,TRUE,TRUE,"no_observed_zeros","ok","",""
"BaxterE_2016","Baxter 2016",10,"balanced","Bifidobacterium",0.75,0.8,0.7,80,70,8610,TRUE,TRUE,TRUE,FALSE,TRUE,TRUE,TRUE,"ok","ok","",""
"BaxterE_2016","Baxter 2016",10,"balanced","Blautia",1,1,1,100,100,131356,TRUE,TRUE,FALSE,TRUE,TRUE,TRUE,TRUE,"no_observed_zeros","ok","",""
"BaxterE_2016","Baxter 2016",10,"balanced","Clostridium_IV",0.995,1,0.99,100,99,18866,TRUE,TRUE,TRUE,FALSE,TRUE,TRUE,TRUE,"ok","ok","",""
"BaxterE_2016","Baxter 2016",10,"balanced","Clostridium_sensu_stricto",0.735,0.67,0.8,67,80,10111,TRUE,TRUE,TRUE,FALSE,TRUE,TRUE,TRUE,"ok","ok","",""
"BaxterE_2016","Baxter 2016",10,"balanced","Clostridium_XI",0.855,0.81,0.9,81,90,9949,TRUE,TRUE,TRUE,FALSE,TRUE,TRUE,TRUE,"ok","ok","",""
"BaxterE_2016","Baxter 2016",10,"balanced","Clostridium_XlVa",1,1,1,100,100,16611,TRUE,TRUE,FALSE,TRUE,TRUE,TRUE,TRUE,"no_observed_zeros","ok","",""
"BaxterE_2016","Baxter 2016",10,"balanced","Clostridium_XVIII",0.9,0.89,0.91,89,91,5746,TRUE,TRUE,TRUE,FALSE,TRUE,TRUE,TRUE,"ok","ok","",""
"BaxterE_2016","Baxter 2016",10,"balanced","Collinsella",0.61,0.61,0.61,61,61,8698,TRUE,TRUE,TRUE,FALSE,TRUE,TRUE,TRUE,"ok","ok","",""
"BaxterE_2016","Baxter 2016",10,"balanced","Coprococcus",0.87,0.85,0.89,85,89,9450,TRUE,TRUE,TRUE,FALSE,TRUE,TRUE,TRUE,"ok","ok","",""
"BaxterE_2016","Baxter 2016",10,"balanced","Dorea",0.965,0.95,0.98,95,98,14494,TRUE,TRUE,TRUE,FALSE,TRUE,TRUE,TRUE,"ok","ok","",""
"BaxterE_2016","Baxter 2016",10,"balanced","Escherichia/Shigella",0.765,0.77,0.76,77,76,6758,TRUE,TRUE,TRUE,FALSE,TRUE,TRUE,TRUE,"ok","ok","",""
"BaxterE_2016","Baxter 2016",10,"balanced","Faecalibacterium",0.99,1,0.98,100,98,48699,TRUE,TRUE,TRUE,FALSE,TRUE,TRUE,TRUE,"ok","ok","",""
"BaxterE_2016","Baxter 2016",10,"balanced","Gemmiger",0.785,0.75,0.82,75,82,9799,TRUE,TRUE,TRUE,FALSE,TRUE,TRUE,TRUE,"ok","ok","",""
"BaxterE_2016","Baxter 2016",10,"balanced","Lachnospiracea_incertae_sedis",1,1,1,100,100,36199,TRUE,TRUE,FALSE,TRUE,TRUE,TRUE,TRUE,"no_observed_zeros","ok","",""
"BaxterE_2016","Baxter 2016",10,"balanced","Methanobrevibacter",0.415,0.38,0.45,38,45,6686,TRUE,TRUE,TRUE,FALSE,TRUE,TRUE,TRUE,"ok","ok","",""
"BaxterE_2016","Baxter 2016",10,"balanced","Oscillibacter",0.905,0.93,0.88,93,88,12278,TRUE,TRUE,TRUE,FALSE,TRUE,TRUE,TRUE,"ok","ok","",""
"BaxterE_2016","Baxter 2016",10,"balanced","Parabacteroides",0.74,0.78,0.7,78,70,5390,TRUE,TRUE,TRUE,FALSE,TRUE,TRUE,TRUE,"ok","ok","",""
"BaxterE_2016","Baxter 2016",10,"balanced","Phascolarctobacterium",0.65,0.73,0.57,73,57,7981,TRUE,TRUE,TRUE,FALSE,TRUE,TRUE,TRUE,"ok","ok","",""
"BaxterE_2016","Baxter 2016",10,"balanced","Prevotella",0.395,0.4,0.39,40,39,13848,TRUE,TRUE,TRUE,FALSE,TRUE,TRUE,TRUE,"ok","ok","",""
"BaxterE_2016","Baxter 2016",10,"balanced","Roseburia",0.985,0.98,0.99,98,99,34740,TRUE,TRUE,TRUE,FALSE,TRUE,TRUE,TRUE,"ok","ok","",""
"BaxterE_2016","Baxter 2016",10,"balanced","Ruminococcus",0.905,0.92,0.89,92,89,24334,TRUE,TRUE,TRUE,FALSE,TRUE,TRUE,TRUE,"ok","ok","",""
"BaxterE_2016","Baxter 2016",10,"balanced","Ruminococcus2",0.99,0.98,1,98,100,19659,TRUE,TRUE,TRUE,FALSE,TRUE,TRUE,TRUE,"ok","ok","",""
"BaxterE_2016","Baxter 2016",10,"balanced","Streptococcus",0.87,0.84,0.9,84,90,6256,TRUE,TRUE,TRUE,FALSE,TRUE,TRUE,TRUE,"ok","ok","",""
"BaxterE_2016","Baxter 2016",10,"balanced","Unclassified_Clostridiales",0.93,0.92,0.94,92,94,11657,TRUE,TRUE,TRUE,FALSE,TRUE,TRUE,TRUE,"ok","ok","",""
"BaxterE_2016","Baxter 2016",10,"balanced","Unclassified_Lachnospiraceae",1,1,1,100,100,38552,TRUE,TRUE,FALSE,TRUE,TRUE,TRUE,TRUE,"no_observed_zeros","ok","",""
"BaxterE_2016","Baxter 2016",10,"balanced","Unclassified_Ruminococcaceae",0.98,0.98,0.98,98,98,26113,TRUE,TRUE,TRUE,FALSE,TRUE,TRUE,TRUE,"ok","ok","",""
"BaxterE_2016","Baxter 2016",10,"fourfold","Akkermansia",0.82,0.74,0.9,74,90,20535,TRUE,TRUE,TRUE,FALSE,TRUE,TRUE,TRUE,"ok","ok","",""
"BaxterE_2016","Baxter 2016",10,"fourfold","Alistipes",0.92,0.9,0.94,90,94,24173,TRUE,TRUE,TRUE,FALSE,TRUE,TRUE,TRUE,"ok","ok","",""
"BaxterE_2016","Baxter 2016",10,"fourfold","Anaerostipes",0.98,0.97,0.99,97,99,26131,TRUE,TRUE,TRUE,FALSE,TRUE,TRUE,TRUE,"ok","ok","",""
"BaxterE_2016","Baxter 2016",10,"fourfold","Bacteroides",1,1,1,100,100,114975,TRUE,TRUE,FALSE,TRUE,TRUE,TRUE,TRUE,"no_observed_zeros","ok","",""
"BaxterE_2016","Baxter 2016",10,"fourfold","Bifidobacterium",0.72,0.72,0.72,72,72,7340,TRUE,TRUE,TRUE,FALSE,TRUE,TRUE,TRUE,"ok","ok","",""
"BaxterE_2016","Baxter 2016",10,"fourfold","Blautia",1,1,1,100,100,116230,TRUE,TRUE,FALSE,TRUE,TRUE,TRUE,TRUE,"no_observed_zeros","ok","",""
"BaxterE_2016","Baxter 2016",10,"fourfold","Clostridium_IV",0.955,0.92,0.99,92,99,13943,TRUE,TRUE,TRUE,FALSE,TRUE,TRUE,TRUE,"ok","ok","",""
"BaxterE_2016","Baxter 2016",10,"fourfold","Clostridium_sensu_stricto",0.7,0.58,0.82,58,82,9318,TRUE,TRUE,TRUE,FALSE,TRUE,TRUE,TRUE,"ok","ok","",""
"BaxterE_2016","Baxter 2016",10,"fourfold","Clostridium_XI",0.805,0.72,0.89,72,89,9498,TRUE,TRUE,TRUE,FALSE,TRUE,TRUE,TRUE,"ok","ok","",""
"BaxterE_2016","Baxter 2016",10,"fourfold","Clostridium_XlVa",0.995,0.99,1,99,100,13792,TRUE,TRUE,TRUE,FALSE,TRUE,TRUE,TRUE,"ok","ok","",""
"BaxterE_2016","Baxter 2016",10,"fourfold","Clostridium_XVIII",0.875,0.85,0.9,85,90,4816,TRUE,TRUE,TRUE,FALSE,TRUE,TRUE,TRUE,"ok","ok","",""
"BaxterE_2016","Baxter 2016",10,"fourfold","Collinsella",0.6,0.58,0.62,58,62,5980,TRUE,TRUE,TRUE,FALSE,TRUE,TRUE,TRUE,"ok","ok","",""
"BaxterE_2016","Baxter 2016",10,"fourfold","Coprococcus",0.85,0.82,0.88,82,88,9587,TRUE,TRUE,TRUE,FALSE,TRUE,TRUE,TRUE,"ok","ok","",""
"BaxterE_2016","Baxter 2016",10,"fourfold","Dorea",0.935,0.9,0.97,90,97,12816,TRUE,TRUE,TRUE,FALSE,TRUE,TRUE,TRUE,"ok","ok","",""
"BaxterE_2016","Baxter 2016",10,"fourfold","Escherichia/Shigella",0.725,0.69,0.76,69,76,6674,TRUE,TRUE,TRUE,FALSE,TRUE,TRUE,TRUE,"ok","ok","",""
"BaxterE_2016","Baxter 2016",10,"fourfold","Faecalibacterium",0.98,0.97,0.99,97,99,41763,TRUE,TRUE,TRUE,FALSE,TRUE,TRUE,TRUE,"ok","ok","",""
"BaxterE_2016","Baxter 2016",10,"fourfold","Gemmiger",0.765,0.71,0.82,71,82,7983,TRUE,TRUE,TRUE,FALSE,TRUE,TRUE,TRUE,"ok","ok","",""
"BaxterE_2016","Baxter 2016",10,"fourfold","Lachnospiracea_incertae_sedis",0.995,0.99,1,99,100,32270,TRUE,TRUE,TRUE,FALSE,TRUE,TRUE,TRUE,"ok","ok","",""
"BaxterE_2016","Baxter 2016",10,"fourfold","Methanobrevibacter",0.44,0.35,0.53,35,53,5088,TRUE,TRUE,TRUE,FALSE,TRUE,TRUE,TRUE,"ok","ok","",""
"BaxterE_2016","Baxter 2016",10,"fourfold","Oscillibacter",0.885,0.86,0.91,86,91,8557,TRUE,TRUE,TRUE,FALSE,TRUE,TRUE,TRUE,"ok","ok","",""
"BaxterE_2016","Baxter 2016",10,"fourfold","Parabacteroides",0.68,0.66,0.7,66,70,4854,TRUE,TRUE,TRUE,FALSE,TRUE,TRUE,TRUE,"ok","ok","",""
"BaxterE_2016","Baxter 2016",10,"fourfold","Phascolarctobacterium",0.64,0.65,0.63,65,63,6270,TRUE,TRUE,TRUE,FALSE,TRUE,TRUE,TRUE,"ok","ok","",""
"BaxterE_2016","Baxter 2016",10,"fourfold","Prevotella",0.365,0.35,0.38,35,38,9794,TRUE,TRUE,TRUE,FALSE,TRUE,TRUE,TRUE,"ok","ok","",""
"BaxterE_2016","Baxter 2016",10,"fourfold","Roseburia",0.97,0.97,0.97,97,97,33646,TRUE,TRUE,TRUE,FALSE,TRUE,TRUE,TRUE,"ok","ok","",""
"BaxterE_2016","Baxter 2016",10,"fourfold","Ruminococcus",0.86,0.84,0.88,84,88,23101,TRUE,TRUE,TRUE,FALSE,TRUE,TRUE,TRUE,"ok","ok","",""
"BaxterE_2016","Baxter 2016",10,"fourfold","Ruminococcus2",0.95,0.92,0.98,92,98,16497,TRUE,TRUE,TRUE,FALSE,TRUE,TRUE,TRUE,"ok","ok","",""
"BaxterE_2016","Baxter 2016",10,"fourfold","Streptococcus",0.84,0.77,0.91,77,91,6425,TRUE,TRUE,FALSE,TRUE,TRUE,TRUE,TRUE,"structural_absence_boundary_at_zero","ok","",""
"BaxterE_2016","Baxter 2016",10,"fourfold","Unclassified_Clostridiales",0.915,0.88,0.95,88,95,10348,TRUE,TRUE,TRUE,FALSE,TRUE,TRUE,TRUE,"ok","ok","",""
"BaxterE_2016","Baxter 2016",10,"fourfold","Unclassified_Lachnospiraceae",1,1,1,100,100,35255,TRUE,TRUE,FALSE,TRUE,TRUE,TRUE,TRUE,"no_observed_zeros","ok","",""
"BaxterE_2016","Baxter 2016",10,"fourfold","Unclassified_Ruminococcaceae",0.97,0.96,0.98,96,98,19928,TRUE,TRUE,TRUE,FALSE,TRUE,TRUE,TRUE,"ok","ok","",""
"BaxterE_2016","Baxter 2016",11,"balanced","Akkermansia",0.855,0.83,0.88,83,88,21875,TRUE,TRUE,TRUE,FALSE,TRUE,TRUE,TRUE,"ok","ok","",""
"BaxterE_2016","Baxter 2016",11,"balanced","Alistipes",0.92,0.91,0.93,91,93,22577,TRUE,TRUE,TRUE,FALSE,TRUE,TRUE,TRUE,"ok","ok","",""
"BaxterE_2016","Baxter 2016",11,"balanced","Anaerostipes",0.98,0.98,0.98,98,98,28544,TRUE,TRUE,TRUE,FALSE,TRUE,TRUE,TRUE,"ok","ok","",""
"BaxterE_2016","Baxter 2016",11,"balanced","Bacteroides",1,1,1,100,100,117104,TRUE,TRUE,FALSE,TRUE,TRUE,TRUE,TRUE,"no_observed_zeros","ok","",""
"BaxterE_2016","Baxter 2016",11,"balanced","Bifidobacterium",0.725,0.69,0.76,69,76,8716,TRUE,TRUE,TRUE,FALSE,TRUE,TRUE,TRUE,"ok","ok","",""
"BaxterE_2016","Baxter 2016",11,"balanced","Blautia",1,1,1,100,100,133327,TRUE,TRUE,FALSE,TRUE,TRUE,TRUE,TRUE,"no_observed_zeros","ok","",""
"BaxterE_2016","Baxter 2016",11,"balanced","Clostridium_IV",0.985,0.98,0.99,98,99,16259,TRUE,TRUE,TRUE,FALSE,TRUE,TRUE,TRUE,"ok","ok","",""
"BaxterE_2016","Baxter 2016",11,"balanced","Clostridium_sensu_stricto",0.735,0.72,0.75,72,75,8931,TRUE,TRUE,TRUE,FALSE,TRUE,TRUE,TRUE,"ok","ok","",""
"BaxterE_2016","Baxter 2016",11,"balanced","Clostridium_XI",0.865,0.88,0.85,88,85,8877,TRUE,TRUE,TRUE,FALSE,TRUE,TRUE,TRUE,"ok","ok","",""
"BaxterE_2016","Baxter 2016",11,"balanced","Clostridium_XlVa",1,1,1,100,100,15376,TRUE,TRUE,FALSE,TRUE,TRUE,TRUE,TRUE,"no_observed_zeros","ok","",""
"BaxterE_2016","Baxter 2016",11,"balanced","Clostridium_XVIII",0.905,0.92,0.89,92,89,4712,TRUE,TRUE,TRUE,FALSE,TRUE,TRUE,TRUE,"ok","ok","",""
"BaxterE_2016","Baxter 2016",11,"balanced","Collinsella",0.615,0.65,0.58,65,58,7474,TRUE,TRUE,TRUE,FALSE,TRUE,TRUE,TRUE,"ok","ok","",""
"BaxterE_2016","Baxter 2016",11,"balanced","Coprococcus",0.86,0.84,0.88,84,88,8923,TRUE,TRUE,TRUE,FALSE,TRUE,TRUE,TRUE,"ok","ok","",""
"BaxterE_2016","Baxter 2016",11,"balanced","Dorea",0.95,0.96,0.94,96,94,14372,TRUE,TRUE,TRUE,FALSE,TRUE,TRUE,TRUE,"ok","ok","",""
"BaxterE_2016","Baxter 2016",11,"balanced","Escherichia/Shigella",0.74,0.77,0.71,77,71,7339,TRUE,TRUE,TRUE,FALSE,TRUE,TRUE,TRUE,"ok","ok","",""
"BaxterE_2016","Baxter 2016",11,"balanced","Faecalibacterium",0.985,0.98,0.99,98,99,46017,TRUE,TRUE,TRUE,FALSE,TRUE,TRUE,TRUE,"ok","ok","",""
"BaxterE_2016","Baxter 2016",11,"balanced","Gemmiger",0.79,0.78,0.8,78,80,8659,TRUE,TRUE,TRUE,FALSE,TRUE,TRUE,TRUE,"ok","ok","",""
"BaxterE_2016","Baxter 2016",11,"balanced","Lachnospiracea_incertae_sedis",1,1,1,100,100,34233,TRUE,TRUE,FALSE,TRUE,TRUE,TRUE,TRUE,"no_observed_zeros","ok","",""
"BaxterE_2016","Baxter 2016",11,"balanced","Methanobrevibacter",0.43,0.46,0.4,46,40,6621,TRUE,TRUE,TRUE,FALSE,TRUE,TRUE,TRUE,"ok","ok","",""
"BaxterE_2016","Baxter 2016",11,"balanced","Oscillibacter",0.915,0.92,0.91,92,91,9591,TRUE,TRUE,TRUE,FALSE,TRUE,TRUE,TRUE,"ok","ok","",""
"BaxterE_2016","Baxter 2016",11,"balanced","Parabacteroides",0.72,0.65,0.79,65,79,5346,TRUE,TRUE,TRUE,FALSE,TRUE,TRUE,TRUE,"ok","ok","",""
"BaxterE_2016","Baxter 2016",11,"balanced","Phascolarctobacterium",0.64,0.6,0.68,60,68,7385,TRUE,TRUE,TRUE,FALSE,TRUE,TRUE,TRUE,"ok","ok","",""
"BaxterE_2016","Baxter 2016",11,"balanced","Prevotella",0.37,0.34,0.4,34,40,14889,TRUE,TRUE,TRUE,FALSE,TRUE,TRUE,TRUE,"ok","ok","",""
"BaxterE_2016","Baxter 2016",11,"balanced","Roseburia",0.985,0.97,1,97,100,34664,TRUE,TRUE,TRUE,FALSE,TRUE,TRUE,TRUE,"ok","ok","",""
"BaxterE_2016","Baxter 2016",11,"balanced","Ruminococcus",0.89,0.87,0.91,87,91,25405,TRUE,TRUE,TRUE,FALSE,TRUE,TRUE,TRUE,"ok","ok","",""
"BaxterE_2016","Baxter 2016",11,"balanced","Ruminococcus2",0.985,0.98,0.99,98,99,18252,TRUE,TRUE,TRUE,FALSE,TRUE,TRUE,TRUE,"ok","ok","",""
"BaxterE_2016","Baxter 2016",11,"balanced","Streptococcus",0.85,0.88,0.82,88,82,7974,TRUE,TRUE,TRUE,FALSE,TRUE,TRUE,TRUE,"ok","ok","",""
"BaxterE_2016","Baxter 2016",11,"balanced","Unclassified_Clostridiales",0.905,0.87,0.94,87,94,10750,TRUE,TRUE,TRUE,FALSE,TRUE,TRUE,TRUE,"ok","ok","",""
"BaxterE_2016","Baxter 2016",11,"balanced","Unclassified_Lachnospiraceae",1,1,1,100,100,36626,TRUE,TRUE,FALSE,TRUE,TRUE,TRUE,TRUE,"no_observed_zeros","ok","",""
"BaxterE_2016","Baxter 2016",11,"balanced","Unclassified_Ruminococcaceae",0.98,0.97,0.99,97,99,24709,TRUE,TRUE,TRUE,FALSE,TRUE,TRUE,TRUE,"ok","ok","",""
"BaxterE_2016","Baxter 2016",11,"fourfold","Akkermansia",0.84,0.81,0.87,81,87,22778,TRUE,TRUE,TRUE,FALSE,TRUE,TRUE,TRUE,"ok","ok","",""
"BaxterE_2016","Baxter 2016",11,"fourfold","Alistipes",0.9,0.86,0.94,86,94,25329,TRUE,TRUE,TRUE,FALSE,TRUE,TRUE,TRUE,"ok","ok","",""
"BaxterE_2016","Baxter 2016",11,"fourfold","Anaerostipes",0.985,0.98,0.99,98,99,25433,TRUE,TRUE,TRUE,FALSE,TRUE,TRUE,TRUE,"ok","ok","",""
"BaxterE_2016","Baxter 2016",11,"fourfold","Bacteroides",1,1,1,100,100,126964,TRUE,TRUE,FALSE,TRUE,TRUE,TRUE,TRUE,"no_observed_zeros","ok","",""
"BaxterE_2016","Baxter 2016",11,"fourfold","Bifidobacterium",0.715,0.63,0.8,63,80,8691,TRUE,TRUE,TRUE,FALSE,TRUE,TRUE,TRUE,"ok","ok","",""
"BaxterE_2016","Baxter 2016",11,"fourfold","Blautia",1,1,1,100,100,99156,TRUE,TRUE,FALSE,TRUE,TRUE,TRUE,TRUE,"no_observed_zeros","ok","",""
"BaxterE_2016","Baxter 2016",11,"fourfold","Clostridium_IV",0.97,0.95,0.99,95,99,14764,TRUE,TRUE,TRUE,FALSE,TRUE,TRUE,TRUE,"ok","ok","",""
"BaxterE_2016","Baxter 2016",11,"fourfold","Clostridium_sensu_stricto",0.71,0.64,0.78,64,78,7202,TRUE,TRUE,TRUE,FALSE,TRUE,TRUE,TRUE,"ok","ok","",""
"BaxterE_2016","Baxter 2016",11,"fourfold","Clostridium_XI",0.825,0.81,0.84,81,84,7437,TRUE,TRUE,TRUE,FALSE,TRUE,TRUE,TRUE,"ok","ok","",""
"BaxterE_2016","Baxter 2016",11,"fourfold","Clostridium_XlVa",0.995,0.99,1,99,100,13453,TRUE,TRUE,TRUE,FALSE,TRUE,TRUE,TRUE,"ok","ok","",""
"BaxterE_2016","Baxter 2016",11,"fourfold","Clostridium_XVIII",0.87,0.83,0.91,83,91,4695,TRUE,TRUE,TRUE,FALSE,TRUE,TRUE,TRUE,"ok","ok","",""
"BaxterE_2016","Baxter 2016",11,"fourfold","Collinsella",0.585,0.59,0.58,59,58,6093,TRUE,TRUE,TRUE,FALSE,TRUE,TRUE,TRUE,"ok","ok","",""
"BaxterE_2016","Baxter 2016",11,"fourfold","Coprococcus",0.865,0.83,0.9,83,90,8284,TRUE,TRUE,TRUE,FALSE,TRUE,TRUE,TRUE,"ok","ok","",""
"BaxterE_2016","Baxter 2016",11,"fourfold","Dorea",0.945,0.93,0.96,93,96,11302,TRUE,TRUE,TRUE,FALSE,TRUE,TRUE,TRUE,"ok","ok","",""
"BaxterE_2016","Baxter 2016",11,"fourfold","Escherichia/Shigella",0.69,0.61,0.77,61,77,5796,TRUE,TRUE,TRUE,FALSE,TRUE,TRUE,TRUE,"ok","ok","",""
"BaxterE_2016","Baxter 2016",11,"fourfold","Faecalibacterium",0.985,0.98,0.99,98,99,42492,TRUE,TRUE,TRUE,FALSE,TRUE,TRUE,TRUE,"ok","ok","",""
"BaxterE_2016","Baxter 2016",11,"fourfold","Gemmiger",0.77,0.74,0.8,74,80,8549,TRUE,TRUE,TRUE,FALSE,TRUE,TRUE,TRUE,"ok","ok","",""
"BaxterE_2016","Baxter 2016",11,"fourfold","Lachnospiracea_incertae_sedis",0.995,0.99,1,99,100,27114,TRUE,TRUE,TRUE,FALSE,TRUE,TRUE,TRUE,"ok","ok","",""
"BaxterE_2016","Baxter 2016",11,"fourfold","Methanobrevibacter",0.395,0.4,0.39,40,39,5688,TRUE,TRUE,TRUE,FALSE,TRUE,TRUE,TRUE,"ok","ok","",""
"BaxterE_2016","Baxter 2016",11,"fourfold","Oscillibacter",0.885,0.86,0.91,86,91,9782,TRUE,TRUE,TRUE,FALSE,TRUE,TRUE,TRUE,"ok","ok","",""
"BaxterE_2016","Baxter 2016",11,"fourfold","Parabacteroides",0.695,0.62,0.77,62,77,4906,TRUE,TRUE,TRUE,FALSE,TRUE,TRUE,TRUE,"ok","ok","",""
"BaxterE_2016","Baxter 2016",11,"fourfold","Phascolarctobacterium",0.605,0.52,0.69,52,69,6639,TRUE,TRUE,TRUE,FALSE,TRUE,TRUE,TRUE,"ok","ok","",""
"BaxterE_2016","Baxter 2016",11,"fourfold","Prevotella",0.345,0.3,0.39,30,39,13514,TRUE,TRUE,TRUE,FALSE,TRUE,TRUE,TRUE,"ok","ok","",""
"BaxterE_2016","Baxter 2016",11,"fourfold","Roseburia",0.98,0.96,1,96,100,31618,TRUE,TRUE,TRUE,FALSE,TRUE,TRUE,TRUE,"ok","ok","",""
"BaxterE_2016","Baxter 2016",11,"fourfold","Ruminococcus",0.87,0.83,0.91,83,91,23977,TRUE,TRUE,TRUE,FALSE,TRUE,TRUE,TRUE,"ok","ok","",""
"BaxterE_2016","Baxter 2016",11,"fourfold","Ruminococcus2",0.965,0.94,0.99,94,99,14770,TRUE,TRUE,TRUE,FALSE,TRUE,TRUE,TRUE,"ok","ok","",""
"BaxterE_2016","Baxter 2016",11,"fourfold","Streptococcus",0.84,0.81,0.87,81,87,5998,TRUE,TRUE,TRUE,FALSE,TRUE,TRUE,TRUE,"ok","ok","",""
"BaxterE_2016","Baxter 2016",11,"fourfold","Unclassified_Clostridiales",0.89,0.85,0.93,85,93,9789,TRUE,TRUE,TRUE,FALSE,TRUE,TRUE,TRUE,"ok","ok","",""
"BaxterE_2016","Baxter 2016",11,"fourfold","Unclassified_Lachnospiraceae",1,1,1,100,100,32606,TRUE,TRUE,FALSE,TRUE,TRUE,TRUE,TRUE,"no_observed_zeros","ok","",""
"BaxterE_2016","Baxter 2016",11,"fourfold","Unclassified_Ruminococcaceae",0.96,0.94,0.98,94,98,24001,TRUE,TRUE,TRUE,FALSE,TRUE,TRUE,TRUE,"ok","ok","",""
"BaxterE_2016","Baxter 2016",12,"balanced","Akkermansia",0.865,0.82,0.91,82,91,22819,TRUE,TRUE,TRUE,FALSE,TRUE,TRUE,TRUE,"ok","ok","",""
"BaxterE_2016","Baxter 2016",12,"balanced","Alistipes",0.91,0.9,0.92,90,92,28363,TRUE,TRUE,TRUE,FALSE,TRUE,TRUE,TRUE,"ok","ok","",""
"BaxterE_2016","Baxter 2016",12,"balanced","Anaerostipes",0.98,0.96,1,96,100,30161,TRUE,TRUE,TRUE,FALSE,TRUE,TRUE,TRUE,"ok","ok","",""
"BaxterE_2016","Baxter 2016",12,"balanced","Bacteroides",1,1,1,100,100,127417,TRUE,TRUE,FALSE,TRUE,TRUE,TRUE,TRUE,"no_observed_zeros","ok","",""
"BaxterE_2016","Baxter 2016",12,"balanced","Bifidobacterium",0.73,0.69,0.77,69,77,9364,TRUE,TRUE,TRUE,FALSE,TRUE,TRUE,TRUE,"ok","ok","",""
"BaxterE_2016","Baxter 2016",12,"balanced","Blautia",1,1,1,100,100,128460,TRUE,TRUE,FALSE,TRUE,TRUE,TRUE,TRUE,"no_observed_zeros","ok","",""
"BaxterE_2016","Baxter 2016",12,"balanced","Clostridium_IV",0.99,1,0.98,100,98,15824,TRUE,TRUE,TRUE,FALSE,TRUE,TRUE,TRUE,"ok","ok","",""
"BaxterE_2016","Baxter 2016",12,"balanced","Clostridium_sensu_stricto",0.72,0.78,0.66,78,66,9073,TRUE,TRUE,TRUE,FALSE,TRUE,TRUE,TRUE,"ok","ok","",""
"BaxterE_2016","Baxter 2016",12,"balanced","Clostridium_XI",0.865,0.88,0.85,88,85,8728,TRUE,TRUE,TRUE,FALSE,TRUE,TRUE,TRUE,"ok","ok","",""
"BaxterE_2016","Baxter 2016",12,"balanced","Clostridium_XlVa",1,1,1,100,100,15543,TRUE,TRUE,FALSE,TRUE,TRUE,TRUE,TRUE,"no_observed_zeros","ok","",""
"BaxterE_2016","Baxter 2016",12,"balanced","Clostridium_XVIII",0.915,0.92,0.91,92,91,5148,TRUE,TRUE,TRUE,FALSE,TRUE,TRUE,TRUE,"ok","ok","",""
"BaxterE_2016","Baxter 2016",12,"balanced","Collinsella",0.59,0.57,0.61,57,61,8257,TRUE,TRUE,TRUE,FALSE,TRUE,TRUE,TRUE,"ok","ok","",""
"BaxterE_2016","Baxter 2016",12,"balanced","Coprococcus",0.865,0.91,0.82,91,82,8869,TRUE,TRUE,TRUE,FALSE,TRUE,TRUE,TRUE,"ok","ok","",""
"BaxterE_2016","Baxter 2016",12,"balanced","Dorea",0.955,0.98,0.93,98,93,13688,TRUE,TRUE,TRUE,FALSE,TRUE,TRUE,TRUE,"ok","ok","",""
"BaxterE_2016","Baxter 2016",12,"balanced","Escherichia/Shigella",0.78,0.78,0.78,78,78,7129,TRUE,TRUE,TRUE,FALSE,TRUE,TRUE,TRUE,"ok","ok","",""
"BaxterE_2016","Baxter 2016",12,"balanced","Faecalibacterium",0.98,0.99,0.97,99,97,45834,TRUE,TRUE,TRUE,FALSE,TRUE,TRUE,TRUE,"ok","ok","",""
"BaxterE_2016","Baxter 2016",12,"balanced","Gemmiger",0.81,0.83,0.79,83,79,8661,TRUE,TRUE,TRUE,FALSE,TRUE,TRUE,TRUE,"ok","ok","",""
"BaxterE_2016","Baxter 2016",12,"balanced","Lachnospiracea_incertae_sedis",1,1,1,100,100,35116,TRUE,TRUE,FALSE,TRUE,TRUE,TRUE,TRUE,"no_observed_zeros","ok","",""
"BaxterE_2016","Baxter 2016",12,"balanced","Methanobrevibacter",0.39,0.37,0.41,37,41,6379,TRUE,TRUE,TRUE,FALSE,TRUE,TRUE,TRUE,"ok","ok","",""
"BaxterE_2016","Baxter 2016",12,"balanced","Oscillibacter",0.88,0.87,0.89,87,89,10464,TRUE,TRUE,TRUE,FALSE,TRUE,TRUE,TRUE,"ok","ok","",""
"BaxterE_2016","Baxter 2016",12,"balanced","Parabacteroides",0.73,0.75,0.71,75,71,5910,TRUE,TRUE,TRUE,FALSE,TRUE,TRUE,TRUE,"ok","ok","",""
"BaxterE_2016","Baxter 2016",12,"balanced","Phascolarctobacterium",0.63,0.65,0.61,65,61,7798,TRUE,TRUE,TRUE,FALSE,TRUE,TRUE,TRUE,"ok","ok","",""
"BaxterE_2016","Baxter 2016",12,"balanced","Prevotella",0.355,0.35,0.36,35,36,15095,TRUE,TRUE,TRUE,FALSE,TRUE,TRUE,TRUE,"ok","ok","",""
"BaxterE_2016","Baxter 2016",12,"balanced","Roseburia",0.975,0.96,0.99,96,99,33194,TRUE,TRUE,TRUE,FALSE,TRUE,TRUE,TRUE,"ok","ok","",""
"BaxterE_2016","Baxter 2016",12,"balanced","Ruminococcus",0.875,0.88,0.87,88,87,24495,TRUE,TRUE,TRUE,FALSE,TRUE,TRUE,TRUE,"ok","ok","",""
"BaxterE_2016","Baxter 2016",12,"balanced","Ruminococcus2",0.99,0.99,0.99,99,99,17057,TRUE,TRUE,TRUE,FALSE,TRUE,TRUE,TRUE,"ok","ok","",""
"BaxterE_2016","Baxter 2016",12,"balanced","Streptococcus",0.86,0.89,0.83,89,83,7116,TRUE,TRUE,TRUE,FALSE,TRUE,TRUE,TRUE,"ok","ok","",""
"BaxterE_2016","Baxter 2016",12,"balanced","Unclassified_Clostridiales",0.945,0.94,0.95,94,95,11324,TRUE,TRUE,TRUE,FALSE,TRUE,TRUE,TRUE,"ok","ok","",""
"BaxterE_2016","Baxter 2016",12,"balanced","Unclassified_Lachnospiraceae",1,1,1,100,100,37657,TRUE,TRUE,FALSE,TRUE,TRUE,TRUE,TRUE,"no_observed_zeros","ok","",""
"BaxterE_2016","Baxter 2016",12,"balanced","Unclassified_Ruminococcaceae",0.985,0.99,0.98,99,98,23935,TRUE,TRUE,TRUE,FALSE,TRUE,TRUE,TRUE,"ok","ok","",""
"BaxterE_2016","Baxter 2016",12,"fourfold","Akkermansia",0.845,0.78,0.91,78,91,20505,TRUE,TRUE,TRUE,FALSE,TRUE,TRUE,TRUE,"ok","ok","",""
"BaxterE_2016","Baxter 2016",12,"fourfold","Alistipes",0.925,0.89,0.96,89,96,20226,TRUE,TRUE,TRUE,FALSE,TRUE,TRUE,TRUE,"ok","ok","",""
"BaxterE_2016","Baxter 2016",12,"fourfold","Anaerostipes",0.975,0.95,1,95,100,29274,TRUE,TRUE,TRUE,FALSE,TRUE,TRUE,TRUE,"ok","ok","",""
"BaxterE_2016","Baxter 2016",12,"fourfold","Bacteroides",0.995,0.99,1,99,100,112092,TRUE,TRUE,TRUE,FALSE,TRUE,TRUE,TRUE,"ok","ok","",""
"BaxterE_2016","Baxter 2016",12,"fourfold","Bifidobacterium",0.74,0.67,0.81,67,81,8502,TRUE,TRUE,TRUE,FALSE,TRUE,TRUE,TRUE,"ok","ok","",""
"BaxterE_2016","Baxter 2016",12,"fourfold","Blautia",1,1,1,100,100,124652,TRUE,TRUE,FALSE,TRUE,TRUE,TRUE,TRUE,"no_observed_zeros","ok","",""
"BaxterE_2016","Baxter 2016",12,"fourfold","Clostridium_IV",0.985,0.98,0.99,98,99,12933,TRUE,TRUE,TRUE,FALSE,TRUE,TRUE,TRUE,"ok","ok","",""
"BaxterE_2016","Baxter 2016",12,"fourfold","Clostridium_sensu_stricto",0.715,0.7,0.73,70,73,7918,TRUE,TRUE,TRUE,FALSE,TRUE,TRUE,TRUE,"ok","ok","",""
"BaxterE_2016","Baxter 2016",12,"fourfold","Clostridium_XI",0.81,0.8,0.82,80,82,8116,TRUE,TRUE,TRUE,FALSE,TRUE,TRUE,TRUE,"ok","ok","",""
"BaxterE_2016","Baxter 2016",12,"fourfold","Clostridium_XlVa",1,1,1,100,100,14737,TRUE,TRUE,FALSE,TRUE,TRUE,TRUE,TRUE,"no_observed_zeros","ok","",""
"BaxterE_2016","Baxter 2016",12,"fourfold","Clostridium_XVIII",0.86,0.77,0.95,77,95,4375,TRUE,TRUE,TRUE,FALSE,TRUE,TRUE,TRUE,"ok","ok","",""
"BaxterE_2016","Baxter 2016",12,"fourfold","Collinsella",0.59,0.55,0.63,55,63,7923,TRUE,TRUE,TRUE,FALSE,TRUE,TRUE,TRUE,"ok","ok","",""
"BaxterE_2016","Baxter 2016",12,"fourfold","Coprococcus",0.86,0.88,0.84,88,84,7642,TRUE,TRUE,TRUE,FALSE,TRUE,TRUE,TRUE,"ok","ok","",""
"BaxterE_2016","Baxter 2016",12,"fourfold","Dorea",0.955,0.96,0.95,96,95,13230,TRUE,TRUE,TRUE,FALSE,TRUE,TRUE,TRUE,"ok","ok","",""
"BaxterE_2016","Baxter 2016",12,"fourfold","Escherichia/Shigella",0.72,0.67,0.77,67,77,8720,TRUE,TRUE,FALSE,TRUE,TRUE,TRUE,TRUE,"structural_absence_boundary_at_zero","ok","",""
"BaxterE_2016","Baxter 2016",12,"fourfold","Faecalibacterium",0.98,0.99,0.97,99,97,45286,TRUE,TRUE,TRUE,FALSE,TRUE,TRUE,TRUE,"ok","ok","",""
"BaxterE_2016","Baxter 2016",12,"fourfold","Gemmiger",0.79,0.78,0.8,78,80,8048,TRUE,TRUE,TRUE,FALSE,TRUE,TRUE,TRUE,"ok","ok","",""
"BaxterE_2016","Baxter 2016",12,"fourfold","Lachnospiracea_incertae_sedis",1,1,1,100,100,33176,TRUE,TRUE,FALSE,TRUE,TRUE,TRUE,TRUE,"no_observed_zeros","ok","",""
"BaxterE_2016","Baxter 2016",12,"fourfold","Methanobrevibacter",0.425,0.37,0.48,37,48,4909,TRUE,TRUE,TRUE,FALSE,TRUE,TRUE,TRUE,"ok","ok","",""
"BaxterE_2016","Baxter 2016",12,"fourfold","Oscillibacter",0.89,0.84,0.94,84,94,8989,TRUE,TRUE,TRUE,FALSE,TRUE,TRUE,TRUE,"ok","ok","",""
"BaxterE_2016","Baxter 2016",12,"fourfold","Parabacteroides",0.7,0.67,0.73,67,73,4599,TRUE,TRUE,TRUE,FALSE,TRUE,TRUE,TRUE,"ok","ok","",""
"BaxterE_2016","Baxter 2016",12,"fourfold","Phascolarctobacterium",0.65,0.6,0.7,60,70,7332,TRUE,TRUE,TRUE,FALSE,TRUE,TRUE,TRUE,"ok","ok","",""
"BaxterE_2016","Baxter 2016",12,"fourfold","Prevotella",0.37,0.33,0.41,33,41,14996,TRUE,TRUE,TRUE,FALSE,TRUE,TRUE,TRUE,"ok","ok","",""
"BaxterE_2016","Baxter 2016",12,"fourfold","Roseburia",0.965,0.95,0.98,95,98,33736,TRUE,TRUE,TRUE,FALSE,TRUE,TRUE,TRUE,"ok","ok","",""
"BaxterE_2016","Baxter 2016",12,"fourfold","Ruminococcus",0.875,0.87,0.88,87,88,24339,TRUE,TRUE,TRUE,FALSE,TRUE,TRUE,TRUE,"ok","ok","",""
"BaxterE_2016","Baxter 2016",12,"fourfold","Ruminococcus2",0.98,0.98,0.98,98,98,16451,TRUE,TRUE,TRUE,FALSE,TRUE,TRUE,TRUE,"ok","ok","",""
"BaxterE_2016","Baxter 2016",12,"fourfold","Streptococcus",0.84,0.81,0.87,81,87,6011,TRUE,TRUE,TRUE,FALSE,TRUE,TRUE,TRUE,"ok","ok","",""
"BaxterE_2016","Baxter 2016",12,"fourfold","Unclassified_Clostridiales",0.925,0.9,0.95,90,95,9096,TRUE,TRUE,TRUE,FALSE,TRUE,TRUE,TRUE,"ok","ok","",""
"BaxterE_2016","Baxter 2016",12,"fourfold","Unclassified_Lachnospiraceae",0.995,0.99,1,99,100,34272,TRUE,TRUE,TRUE,FALSE,TRUE,TRUE,TRUE,"ok","ok","",""
"BaxterE_2016","Baxter 2016",12,"fourfold","Unclassified_Ruminococcaceae",0.985,0.98,0.99,98,99,23231,TRUE,TRUE,TRUE,FALSE,TRUE,TRUE,TRUE,"ok","ok","",""
"BaxterE_2016","Baxter 2016",13,"balanced","Akkermansia",0.86,0.84,0.88,84,88,25243,TRUE,TRUE,TRUE,FALSE,TRUE,TRUE,TRUE,"ok","ok","",""
"BaxterE_2016","Baxter 2016",13,"balanced","Alistipes",0.93,0.93,0.93,93,93,28353,TRUE,TRUE,TRUE,FALSE,TRUE,TRUE,TRUE,"ok","ok","",""
"BaxterE_2016","Baxter 2016",13,"balanced","Anaerostipes",0.98,0.98,0.98,98,98,30492,TRUE,TRUE,TRUE,FALSE,TRUE,TRUE,TRUE,"ok","ok","",""
"BaxterE_2016","Baxter 2016",13,"balanced","Bacteroides",1,1,1,100,100,131696,TRUE,TRUE,FALSE,TRUE,TRUE,TRUE,TRUE,"no_observed_zeros","ok","",""
"BaxterE_2016","Baxter 2016",13,"balanced","Bifidobacterium",0.74,0.76,0.72,76,72,8491,TRUE,TRUE,TRUE,FALSE,TRUE,TRUE,TRUE,"ok","ok","",""
"BaxterE_2016","Baxter 2016",13,"balanced","Blautia",1,1,1,100,100,134252,TRUE,TRUE,FALSE,TRUE,TRUE,TRUE,TRUE,"no_observed_zeros","ok","",""
"BaxterE_2016","Baxter 2016",13,"balanced","Clostridium_IV",0.99,0.99,0.99,99,99,15792,TRUE,TRUE,TRUE,FALSE,TRUE,TRUE,TRUE,"ok","ok","",""
"BaxterE_2016","Baxter 2016",13,"balanced","Clostridium_sensu_stricto",0.73,0.71,0.75,71,75,10205,TRUE,TRUE,TRUE,FALSE,TRUE,TRUE,TRUE,"ok","ok","",""
"BaxterE_2016","Baxter 2016",13,"balanced","Clostridium_XI",0.85,0.84,0.86,84,86,9205,TRUE,TRUE,TRUE,FALSE,TRUE,TRUE,TRUE,"ok","ok","",""
"BaxterE_2016","Baxter 2016",13,"balanced","Clostridium_XlVa",1,1,1,100,100,15573,TRUE,TRUE,FALSE,TRUE,TRUE,TRUE,TRUE,"no_observed_zeros","ok","",""
"BaxterE_2016","Baxter 2016",13,"balanced","Clostridium_XVIII",0.915,0.92,0.91,92,91,5262,TRUE,TRUE,TRUE,FALSE,TRUE,TRUE,TRUE,"ok","ok","",""
"BaxterE_2016","Baxter 2016",13,"balanced","Collinsella",0.615,0.56,0.67,56,67,8199,TRUE,TRUE,TRUE,FALSE,TRUE,TRUE,TRUE,"ok","ok","",""
"BaxterE_2016","Baxter 2016",13,"balanced","Coprococcus",0.87,0.85,0.89,85,89,10332,TRUE,TRUE,TRUE,FALSE,TRUE,TRUE,TRUE,"ok","ok","",""
"BaxterE_2016","Baxter 2016",13,"balanced","Dorea",0.97,0.96,0.98,96,98,15099,TRUE,TRUE,TRUE,FALSE,TRUE,TRUE,TRUE,"ok","ok","",""
"BaxterE_2016","Baxter 2016",13,"balanced","Escherichia/Shigella",0.775,0.82,0.73,82,73,6891,TRUE,TRUE,FALSE,TRUE,TRUE,TRUE,TRUE,"structural_absence_boundary_at_zero","ok","",""
"BaxterE_2016","Baxter 2016",13,"balanced","Faecalibacterium",0.995,1,0.99,100,99,48829,TRUE,TRUE,TRUE,FALSE,TRUE,TRUE,TRUE,"ok","ok","",""
"BaxterE_2016","Baxter 2016",13,"balanced","Gemmiger",0.79,0.76,0.82,76,82,9376,TRUE,TRUE,TRUE,FALSE,TRUE,TRUE,TRUE,"ok","ok","",""
"BaxterE_2016","Baxter 2016",13,"balanced","Lachnospiracea_incertae_sedis",1,1,1,100,100,34515,TRUE,TRUE,FALSE,TRUE,TRUE,TRUE,TRUE,"no_observed_zeros","ok","",""
"BaxterE_2016","Baxter 2016",13,"balanced","Methanobrevibacter",0.43,0.45,0.41,45,41,6627,TRUE,TRUE,TRUE,FALSE,TRUE,TRUE,TRUE,"ok","ok","",""
"BaxterE_2016","Baxter 2016",13,"balanced","Oscillibacter",0.905,0.91,0.9,91,90,11173,TRUE,TRUE,TRUE,FALSE,TRUE,TRUE,TRUE,"ok","ok","",""
"BaxterE_2016","Baxter 2016",13,"balanced","Parabacteroides",0.7,0.72,0.68,72,68,5626,TRUE,TRUE,TRUE,FALSE,TRUE,TRUE,TRUE,"ok","ok","",""
"BaxterE_2016","Baxter 2016",13,"balanced","Phascolarctobacterium",0.66,0.69,0.63,69,63,9098,TRUE,TRUE,TRUE,FALSE,TRUE,TRUE,TRUE,"ok","ok","",""
"BaxterE_2016","Baxter 2016",13,"balanced","Prevotella",0.4,0.42,0.38,42,38,16155,TRUE,TRUE,TRUE,FALSE,TRUE,TRUE,TRUE,"ok","ok","",""
"BaxterE_2016","Baxter 2016",13,"balanced","Roseburia",0.985,0.98,0.99,98,99,35906,TRUE,TRUE,TRUE,FALSE,TRUE,TRUE,TRUE,"ok","ok","",""
"BaxterE_2016","Baxter 2016",13,"balanced","Ruminococcus",0.9,0.9,0.9,90,90,25448,TRUE,TRUE,TRUE,FALSE,TRUE,TRUE,TRUE,"ok","ok","",""
"BaxterE_2016","Baxter 2016",13,"balanced","Ruminococcus2",0.975,0.97,0.98,97,98,18373,TRUE,TRUE,TRUE,FALSE,TRUE,TRUE,TRUE,"ok","ok","",""
"BaxterE_2016","Baxter 2016",13,"balanced","Streptococcus",0.88,0.82,0.94,82,94,6534,TRUE,TRUE,TRUE,FALSE,TRUE,TRUE,TRUE,"ok","ok","",""
"BaxterE_2016","Baxter 2016",13,"balanced","Unclassified_Clostridiales",0.905,0.9,0.91,90,91,11824,TRUE,TRUE,TRUE,FALSE,TRUE,TRUE,TRUE,"ok","ok","",""
"BaxterE_2016","Baxter 2016",13,"balanced","Unclassified_Lachnospiraceae",1,1,1,100,100,38552,TRUE,TRUE,FALSE,TRUE,TRUE,TRUE,TRUE,"no_observed_zeros","ok","",""
"BaxterE_2016","Baxter 2016",13,"balanced","Unclassified_Ruminococcaceae",0.975,0.98,0.97,98,97,27538,TRUE,TRUE,TRUE,FALSE,TRUE,TRUE,TRUE,"ok","ok","",""
"BaxterE_2016","Baxter 2016",13,"fourfold","Akkermansia",0.835,0.82,0.85,82,85,23677,TRUE,TRUE,TRUE,FALSE,TRUE,TRUE,TRUE,"ok","ok","",""
"BaxterE_2016","Baxter 2016",13,"fourfold","Alistipes",0.895,0.85,0.94,85,94,29243,TRUE,TRUE,TRUE,FALSE,TRUE,TRUE,TRUE,"ok","ok","",""
"BaxterE_2016","Baxter 2016",13,"fourfold","Anaerostipes",0.98,0.97,0.99,97,99,27894,TRUE,TRUE,TRUE,FALSE,TRUE,TRUE,TRUE,"ok","ok","",""
"BaxterE_2016","Baxter 2016",13,"fourfold","Bacteroides",1,1,1,100,100,118033,TRUE,TRUE,FALSE,TRUE,TRUE,TRUE,TRUE,"no_observed_zeros","ok","",""
"BaxterE_2016","Baxter 2016",13,"fourfold","Bifidobacterium",0.715,0.68,0.75,68,75,8724,TRUE,TRUE,TRUE,FALSE,TRUE,TRUE,TRUE,"ok","ok","",""
"BaxterE_2016","Baxter 2016",13,"fourfold","Blautia",0.995,0.99,1,99,100,126642,TRUE,TRUE,TRUE,FALSE,TRUE,TRUE,TRUE,"ok","ok","",""
"BaxterE_2016","Baxter 2016",13,"fourfold","Clostridium_IV",0.975,0.97,0.98,97,98,18343,TRUE,TRUE,TRUE,FALSE,TRUE,TRUE,TRUE,"ok","ok","",""
"BaxterE_2016","Baxter 2016",13,"fourfold","Clostridium_sensu_stricto",0.7,0.64,0.76,64,76,8948,TRUE,TRUE,TRUE,FALSE,TRUE,TRUE,TRUE,"ok","ok","",""
"BaxterE_2016","Baxter 2016",13,"fourfold","Clostridium_XI",0.8,0.72,0.88,72,88,11150,TRUE,TRUE,TRUE,FALSE,TRUE,TRUE,TRUE,"ok","ok","",""
"BaxterE_2016","Baxter 2016",13,"fourfold","Clostridium_XlVa",1,1,1,100,100,15144,TRUE,TRUE,FALSE,TRUE,TRUE,TRUE,TRUE,"no_observed_zeros","ok","",""
"BaxterE_2016","Baxter 2016",13,"fourfold","Clostridium_XVIII",0.85,0.77,0.93,77,93,5138,TRUE,TRUE,TRUE,FALSE,TRUE,TRUE,TRUE,"ok","ok","",""
"BaxterE_2016","Baxter 2016",13,"fourfold","Collinsella",0.59,0.52,0.66,52,66,8577,TRUE,TRUE,TRUE,FALSE,TRUE,TRUE,TRUE,"ok","ok","",""
"BaxterE_2016","Baxter 2016",13,"fourfold","Coprococcus",0.865,0.83,0.9,83,90,9388,TRUE,TRUE,TRUE,FALSE,TRUE,TRUE,TRUE,"ok","ok","",""
"BaxterE_2016","Baxter 2016",13,"fourfold","Dorea",0.95,0.91,0.99,91,99,14787,TRUE,TRUE,TRUE,FALSE,TRUE,TRUE,TRUE,"ok","ok","",""
"BaxterE_2016","Baxter 2016",13,"fourfold","Escherichia/Shigella",0.705,0.6,0.81,60,81,5852,TRUE,TRUE,TRUE,FALSE,TRUE,TRUE,TRUE,"ok","ok","",""
"BaxterE_2016","Baxter 2016",13,"fourfold","Faecalibacterium",0.985,0.98,0.99,98,99,44747,TRUE,TRUE,TRUE,FALSE,TRUE,TRUE,TRUE,"ok","ok","",""
"BaxterE_2016","Baxter 2016",13,"fourfold","Gemmiger",0.76,0.69,0.83,69,83,9989,TRUE,TRUE,TRUE,FALSE,TRUE,TRUE,TRUE,"ok","ok","",""
"BaxterE_2016","Baxter 2016",13,"fourfold","Lachnospiracea_incertae_sedis",1,1,1,100,100,35177,TRUE,TRUE,FALSE,TRUE,TRUE,TRUE,TRUE,"no_observed_zeros","ok","",""
"BaxterE_2016","Baxter 2016",13,"fourfold","Methanobrevibacter",0.4,0.38,0.42,38,42,6956,TRUE,TRUE,TRUE,FALSE,TRUE,TRUE,TRUE,"ok","ok","",""
"BaxterE_2016","Baxter 2016",13,"fourfold","Oscillibacter",0.88,0.85,0.91,85,91,13007,TRUE,TRUE,TRUE,FALSE,TRUE,TRUE,TRUE,"ok","ok","",""
"BaxterE_2016","Baxter 2016",13,"fourfold","Parabacteroides",0.71,0.7,0.72,70,72,5530,TRUE,TRUE,TRUE,FALSE,TRUE,TRUE,TRUE,"ok","ok","",""
"BaxterE_2016","Baxter 2016",13,"fourfold","Phascolarctobacterium",0.605,0.59,0.62,59,62,7636,TRUE,TRUE,TRUE,FALSE,TRUE,TRUE,TRUE,"ok","ok","",""
"BaxterE_2016","Baxter 2016",13,"fourfold","Prevotella",0.35,0.28,0.42,28,42,15476,TRUE,TRUE,TRUE,FALSE,TRUE,TRUE,TRUE,"ok","ok","",""
"BaxterE_2016","Baxter 2016",13,"fourfold","Roseburia",0.97,0.96,0.98,96,98,32507,TRUE,TRUE,TRUE,FALSE,TRUE,TRUE,TRUE,"ok","ok","",""
"BaxterE_2016","Baxter 2016",13,"fourfold","Ruminococcus",0.885,0.86,0.91,86,91,24286,TRUE,TRUE,TRUE,FALSE,TRUE,TRUE,TRUE,"ok","ok","",""
"BaxterE_2016","Baxter 2016",13,"fourfold","Ruminococcus2",0.965,0.95,0.98,95,98,18362,TRUE,TRUE,TRUE,FALSE,TRUE,TRUE,TRUE,"ok","ok","",""
"BaxterE_2016","Baxter 2016",13,"fourfold","Streptococcus",0.805,0.69,0.92,69,92,6492,TRUE,TRUE,TRUE,FALSE,TRUE,TRUE,TRUE,"ok","ok","",""
"BaxterE_2016","Baxter 2016",13,"fourfold","Unclassified_Clostridiales",0.875,0.82,0.93,82,93,12298,TRUE,TRUE,TRUE,FALSE,TRUE,TRUE,TRUE,"ok","ok","",""
"BaxterE_2016","Baxter 2016",13,"fourfold","Unclassified_Lachnospiraceae",1,1,1,100,100,36954,TRUE,TRUE,FALSE,TRUE,TRUE,TRUE,TRUE,"no_observed_zeros","ok","",""
"BaxterE_2016","Baxter 2016",13,"fourfold","Unclassified_Ruminococcaceae",0.98,0.99,0.97,99,97,26326,TRUE,TRUE,TRUE,FALSE,TRUE,TRUE,TRUE,"ok","ok","",""
"BaxterE_2016","Baxter 2016",14,"balanced","Akkermansia",0.835,0.84,0.83,84,83,20796,TRUE,TRUE,TRUE,FALSE,TRUE,TRUE,TRUE,"ok","ok","",""
"BaxterE_2016","Baxter 2016",14,"balanced","Alistipes",0.915,0.92,0.91,92,91,24478,TRUE,TRUE,TRUE,FALSE,TRUE,TRUE,TRUE,"ok","ok","",""
"BaxterE_2016","Baxter 2016",14,"balanced","Anaerostipes",0.99,0.98,1,98,100,28201,TRUE,TRUE,TRUE,FALSE,TRUE,TRUE,TRUE,"ok","ok","",""
"BaxterE_2016","Baxter 2016",14,"balanced","Bacteroides",1,1,1,100,100,119235,TRUE,TRUE,FALSE,TRUE,TRUE,TRUE,TRUE,"no_observed_zeros","ok","",""
"BaxterE_2016","Baxter 2016",14,"balanced","Bifidobacterium",0.745,0.79,0.7,79,70,7482,TRUE,TRUE,TRUE,FALSE,TRUE,TRUE,TRUE,"ok","ok","",""
"BaxterE_2016","Baxter 2016",14,"balanced","Blautia",1,1,1,100,100,124668,TRUE,TRUE,FALSE,TRUE,TRUE,TRUE,TRUE,"no_observed_zeros","ok","",""
"BaxterE_2016","Baxter 2016",14,"balanced","Clostridium_IV",0.985,0.98,0.99,98,99,15451,TRUE,TRUE,TRUE,FALSE,TRUE,TRUE,TRUE,"ok","ok","",""
"BaxterE_2016","Baxter 2016",14,"balanced","Clostridium_sensu_stricto",0.72,0.75,0.69,75,69,8562,TRUE,TRUE,TRUE,FALSE,TRUE,TRUE,TRUE,"ok","ok","",""
"BaxterE_2016","Baxter 2016",14,"balanced","Clostridium_XI",0.845,0.82,0.87,82,87,8158,TRUE,TRUE,TRUE,FALSE,TRUE,TRUE,TRUE,"ok","ok","",""
"BaxterE_2016","Baxter 2016",14,"balanced","Clostridium_XlVa",1,1,1,100,100,15265,TRUE,TRUE,FALSE,TRUE,TRUE,TRUE,TRUE,"no_observed_zeros","ok","",""
"BaxterE_2016","Baxter 2016",14,"balanced","Clostridium_XVIII",0.92,0.9,0.94,90,94,5333,TRUE,TRUE,TRUE,FALSE,TRUE,TRUE,TRUE,"ok","ok","",""
"BaxterE_2016","Baxter 2016",14,"balanced","Collinsella",0.605,0.59,0.62,59,62,7151,TRUE,TRUE,TRUE,FALSE,TRUE,TRUE,TRUE,"ok","ok","",""
"BaxterE_2016","Baxter 2016",14,"balanced","Coprococcus",0.87,0.89,0.85,89,85,8624,TRUE,TRUE,TRUE,FALSE,TRUE,TRUE,TRUE,"ok","ok","",""
"BaxterE_2016","Baxter 2016",14,"balanced","Dorea",0.955,0.94,0.97,94,97,13139,TRUE,TRUE,TRUE,FALSE,TRUE,TRUE,TRUE,"ok","ok","",""
"BaxterE_2016","Baxter 2016",14,"balanced","Escherichia/Shigella",0.765,0.74,0.79,74,79,6928,TRUE,TRUE,TRUE,FALSE,TRUE,TRUE,TRUE,"ok","ok","",""
"BaxterE_2016","Baxter 2016",14,"balanced","Faecalibacterium",0.985,0.98,0.99,98,99,43349,TRUE,TRUE,TRUE,FALSE,TRUE,TRUE,TRUE,"ok","ok","",""
"BaxterE_2016","Baxter 2016",14,"balanced","Gemmiger",0.78,0.77,0.79,77,79,9173,TRUE,TRUE,TRUE,FALSE,TRUE,TRUE,TRUE,"ok","ok","",""
"BaxterE_2016","Baxter 2016",14,"balanced","Lachnospiracea_incertae_sedis",1,1,1,100,100,33385,TRUE,TRUE,FALSE,TRUE,TRUE,TRUE,TRUE,"no_observed_zeros","ok","",""
"BaxterE_2016","Baxter 2016",14,"balanced","Methanobrevibacter",0.43,0.46,0.4,46,40,6106,TRUE,TRUE,TRUE,FALSE,TRUE,TRUE,TRUE,"ok","ok","",""
"BaxterE_2016","Baxter 2016",14,"balanced","Oscillibacter",0.89,0.89,0.89,89,89,9674,TRUE,TRUE,TRUE,FALSE,TRUE,TRUE,TRUE,"ok","ok","",""
"BaxterE_2016","Baxter 2016",14,"balanced","Parabacteroides",0.725,0.73,0.72,73,72,5424,TRUE,TRUE,TRUE,FALSE,TRUE,TRUE,TRUE,"ok","ok","",""
"BaxterE_2016","Baxter 2016",14,"balanced","Phascolarctobacterium",0.645,0.61,0.68,61,68,7428,TRUE,TRUE,TRUE,FALSE,TRUE,TRUE,TRUE,"ok","ok","",""
"BaxterE_2016","Baxter 2016",14,"balanced","Prevotella",0.365,0.37,0.36,37,36,14100,TRUE,TRUE,TRUE,FALSE,TRUE,TRUE,TRUE,"ok","ok","",""
"BaxterE_2016","Baxter 2016",14,"balanced","Roseburia",0.98,0.99,0.97,99,97,33734,TRUE,TRUE,TRUE,FALSE,TRUE,TRUE,TRUE,"ok","ok","",""
"BaxterE_2016","Baxter 2016",14,"balanced","Ruminococcus",0.875,0.89,0.86,89,86,25619,TRUE,TRUE,TRUE,FALSE,TRUE,TRUE,TRUE,"ok","ok","",""
"BaxterE_2016","Baxter 2016",14,"balanced","Ruminococcus2",0.985,0.99,0.98,99,98,16927,TRUE,TRUE,TRUE,FALSE,TRUE,TRUE,TRUE,"ok","ok","",""
"BaxterE_2016","Baxter 2016",14,"balanced","Streptococcus",0.835,0.87,0.8,87,80,6619,TRUE,TRUE,TRUE,FALSE,TRUE,TRUE,TRUE,"ok","ok","",""
"BaxterE_2016","Baxter 2016",14,"balanced","Unclassified_Clostridiales",0.935,0.93,0.94,93,94,10296,TRUE,TRUE,TRUE,FALSE,TRUE,TRUE,TRUE,"ok","ok","",""
"BaxterE_2016","Baxter 2016",14,"balanced","Unclassified_Lachnospiraceae",1,1,1,100,100,35020,TRUE,TRUE,FALSE,TRUE,TRUE,TRUE,TRUE,"no_observed_zeros","ok","",""
"BaxterE_2016","Baxter 2016",14,"balanced","Unclassified_Ruminococcaceae",0.99,0.98,1,98,100,22526,TRUE,TRUE,TRUE,FALSE,TRUE,TRUE,TRUE,"ok","ok","",""
"BaxterE_2016","Baxter 2016",14,"fourfold","Akkermansia",0.815,0.76,0.87,76,87,23439,TRUE,TRUE,TRUE,FALSE,TRUE,TRUE,TRUE,"ok","ok","",""
"BaxterE_2016","Baxter 2016",14,"fourfold","Alistipes",0.905,0.9,0.91,90,91,24748,TRUE,TRUE,TRUE,FALSE,TRUE,TRUE,TRUE,"ok","ok","",""
"BaxterE_2016","Baxter 2016",14,"fourfold","Anaerostipes",0.965,0.93,1,93,100,29260,TRUE,TRUE,TRUE,FALSE,TRUE,TRUE,TRUE,"ok","ok","",""
"BaxterE_2016","Baxter 2016",14,"fourfold","Bacteroides",1,1,1,100,100,112613,TRUE,TRUE,FALSE,TRUE,TRUE,TRUE,TRUE,"no_observed_zeros","ok","",""
"BaxterE_2016","Baxter 2016",14,"fourfold","Bifidobacterium",0.73,0.71,0.75,71,75,8467,TRUE,TRUE,TRUE,FALSE,TRUE,TRUE,TRUE,"ok","ok","",""
"BaxterE_2016","Baxter 2016",14,"fourfold","Blautia",0.995,0.99,1,99,100,121242,TRUE,TRUE,TRUE,FALSE,TRUE,TRUE,TRUE,"ok","ok","",""
"BaxterE_2016","Baxter 2016",14,"fourfold","Clostridium_IV",0.98,0.97,0.99,97,99,14324,TRUE,TRUE,TRUE,FALSE,TRUE,TRUE,TRUE,"ok","ok","",""
"BaxterE_2016","Baxter 2016",14,"fourfold","Clostridium_sensu_stricto",0.675,0.62,0.73,62,73,6930,TRUE,TRUE,TRUE,FALSE,TRUE,TRUE,TRUE,"ok","ok","",""
"BaxterE_2016","Baxter 2016",14,"fourfold","Clostridium_XI",0.8,0.72,0.88,72,88,8634,TRUE,TRUE,TRUE,FALSE,TRUE,TRUE,TRUE,"ok","ok","",""
"BaxterE_2016","Baxter 2016",14,"fourfold","Clostridium_XlVa",0.99,0.98,1,98,100,15340,TRUE,TRUE,TRUE,FALSE,TRUE,TRUE,TRUE,"ok","ok","",""
"BaxterE_2016","Baxter 2016",14,"fourfold","Clostridium_XVIII",0.87,0.79,0.95,79,95,4858,TRUE,TRUE,TRUE,FALSE,TRUE,TRUE,TRUE,"ok","ok","",""
"BaxterE_2016","Baxter 2016",14,"fourfold","Collinsella",0.595,0.54,0.65,54,65,8424,TRUE,TRUE,TRUE,FALSE,TRUE,TRUE,TRUE,"ok","ok","",""
"BaxterE_2016","Baxter 2016",14,"fourfold","Coprococcus",0.86,0.86,0.86,86,86,8583,TRUE,TRUE,TRUE,FALSE,TRUE,TRUE,TRUE,"ok","ok","",""
"BaxterE_2016","Baxter 2016",14,"fourfold","Dorea",0.95,0.93,0.97,93,97,13283,TRUE,TRUE,TRUE,FALSE,TRUE,TRUE,TRUE,"ok","ok","",""
"BaxterE_2016","Baxter 2016",14,"fourfold","Escherichia/Shigella",0.7,0.6,0.8,60,80,5121,TRUE,TRUE,TRUE,FALSE,TRUE,TRUE,TRUE,"ok","ok","",""
"BaxterE_2016","Baxter 2016",14,"fourfold","Faecalibacterium",0.99,0.99,0.99,99,99,41451,TRUE,TRUE,TRUE,FALSE,TRUE,TRUE,TRUE,"ok","ok","",""
"BaxterE_2016","Baxter 2016",14,"fourfold","Gemmiger",0.775,0.72,0.83,72,83,7907,TRUE,TRUE,TRUE,FALSE,TRUE,TRUE,TRUE,"ok","ok","",""
"BaxterE_2016","Baxter 2016",14,"fourfold","Lachnospiracea_incertae_sedis",1,1,1,100,100,31855,TRUE,TRUE,FALSE,TRUE,TRUE,TRUE,TRUE,"no_observed_zeros","ok","",""
"BaxterE_2016","Baxter 2016",14,"fourfold","Methanobrevibacter",0.405,0.36,0.45,36,45,5543,TRUE,TRUE,TRUE,FALSE,TRUE,TRUE,TRUE,"ok","ok","",""
"BaxterE_2016","Baxter 2016",14,"fourfold","Oscillibacter",0.875,0.83,0.92,83,92,9892,TRUE,TRUE,TRUE,FALSE,TRUE,TRUE,TRUE,"ok","ok","",""
"BaxterE_2016","Baxter 2016",14,"fourfold","Parabacteroides",0.685,0.66,0.71,66,71,5069,TRUE,TRUE,TRUE,FALSE,TRUE,TRUE,TRUE,"ok","ok","",""
"BaxterE_2016","Baxter 2016",14,"fourfold","Phascolarctobacterium",0.66,0.6,0.72,60,72,9389,TRUE,TRUE,TRUE,FALSE,TRUE,TRUE,TRUE,"ok","ok","",""
"BaxterE_2016","Baxter 2016",14,"fourfold","Prevotella",0.365,0.34,0.39,34,39,9398,TRUE,TRUE,TRUE,FALSE,TRUE,TRUE,TRUE,"ok","ok","",""
"BaxterE_2016","Baxter 2016",14,"fourfold","Roseburia",0.98,0.97,0.99,97,99,34853,TRUE,TRUE,TRUE,FALSE,TRUE,TRUE,TRUE,"ok","ok","",""
"BaxterE_2016","Baxter 2016",14,"fourfold","Ruminococcus",0.885,0.86,0.91,86,91,25092,TRUE,TRUE,TRUE,FALSE,TRUE,TRUE,TRUE,"ok","ok","",""
"BaxterE_2016","Baxter 2016",14,"fourfold","Ruminococcus2",0.955,0.92,0.99,92,99,17570,TRUE,TRUE,TRUE,FALSE,TRUE,TRUE,TRUE,"ok","ok","",""
"BaxterE_2016","Baxter 2016",14,"fourfold","Streptococcus",0.825,0.75,0.9,75,90,4906,TRUE,TRUE,TRUE,FALSE,TRUE,TRUE,TRUE,"ok","ok","",""
"BaxterE_2016","Baxter 2016",14,"fourfold","Unclassified_Clostridiales",0.9,0.87,0.93,87,93,11888,TRUE,TRUE,TRUE,FALSE,TRUE,TRUE,TRUE,"ok","ok","",""
"BaxterE_2016","Baxter 2016",14,"fourfold","Unclassified_Lachnospiraceae",1,1,1,100,100,36499,TRUE,TRUE,FALSE,TRUE,TRUE,TRUE,TRUE,"no_observed_zeros","ok","",""
"BaxterE_2016","Baxter 2016",14,"fourfold","Unclassified_Ruminococcaceae",0.97,0.95,0.99,95,99,23866,TRUE,TRUE,TRUE,FALSE,TRUE,TRUE,TRUE,"ok","ok","",""
"BaxterE_2016","Baxter 2016",15,"balanced","Akkermansia",0.85,0.83,0.87,83,87,23869,TRUE,TRUE,TRUE,FALSE,TRUE,TRUE,TRUE,"ok","ok","",""
"BaxterE_2016","Baxter 2016",15,"balanced","Alistipes",0.915,0.9,0.93,90,93,24553,TRUE,TRUE,TRUE,FALSE,TRUE,TRUE,TRUE,"ok","ok","",""
"BaxterE_2016","Baxter 2016",15,"balanced","Anaerostipes",0.985,0.97,1,97,100,29383,TRUE,TRUE,TRUE,FALSE,TRUE,TRUE,TRUE,"ok","ok","",""
"BaxterE_2016","Baxter 2016",15,"balanced","Bacteroides",0.995,1,0.99,100,99,118242,TRUE,TRUE,TRUE,FALSE,TRUE,TRUE,TRUE,"ok","ok","",""
"BaxterE_2016","Baxter 2016",15,"balanced","Bifidobacterium",0.765,0.82,0.71,82,71,8349,TRUE,TRUE,TRUE,FALSE,TRUE,TRUE,TRUE,"ok","ok","",""
"BaxterE_2016","Baxter 2016",15,"balanced","Blautia",1,1,1,100,100,135619,TRUE,TRUE,FALSE,TRUE,TRUE,TRUE,TRUE,"no_observed_zeros","ok","",""
"BaxterE_2016","Baxter 2016",15,"balanced","Clostridium_IV",0.99,0.99,0.99,99,99,16528,TRUE,TRUE,TRUE,FALSE,TRUE,TRUE,TRUE,"ok","ok","",""
"BaxterE_2016","Baxter 2016",15,"balanced","Clostridium_sensu_stricto",0.78,0.82,0.74,82,74,8567,TRUE,TRUE,TRUE,FALSE,TRUE,TRUE,TRUE,"ok","ok","",""
"BaxterE_2016","Baxter 2016",15,"balanced","Clostridium_XI",0.87,0.92,0.82,92,82,8691,TRUE,TRUE,TRUE,FALSE,TRUE,TRUE,TRUE,"ok","ok","",""
"BaxterE_2016","Baxter 2016",15,"balanced","Clostridium_XlVa",0.995,0.99,1,99,100,16726,TRUE,TRUE,TRUE,FALSE,TRUE,TRUE,TRUE,"ok","ok","",""
"BaxterE_2016","Baxter 2016",15,"balanced","Clostridium_XVIII",0.905,0.9,0.91,90,91,5064,TRUE,TRUE,TRUE,FALSE,TRUE,TRUE,TRUE,"ok","ok","",""
"BaxterE_2016","Baxter 2016",15,"balanced","Collinsella",0.595,0.56,0.63,56,63,7598,TRUE,TRUE,TRUE,FALSE,TRUE,TRUE,TRUE,"ok","ok","",""
"BaxterE_2016","Baxter 2016",15,"balanced","Coprococcus",0.875,0.86,0.89,86,89,8502,TRUE,TRUE,TRUE,FALSE,TRUE,TRUE,TRUE,"ok","ok","",""
"BaxterE_2016","Baxter 2016",15,"balanced","Dorea",0.955,0.95,0.96,95,96,13623,TRUE,TRUE,TRUE,FALSE,TRUE,TRUE,TRUE,"ok","ok","",""
"BaxterE_2016","Baxter 2016",15,"balanced","Escherichia/Shigella",0.78,0.77,0.79,77,79,7729,TRUE,TRUE,TRUE,FALSE,TRUE,TRUE,TRUE,"ok","ok","",""
"BaxterE_2016","Baxter 2016",15,"balanced","Faecalibacterium",0.99,1,0.98,100,98,46288,TRUE,TRUE,TRUE,FALSE,TRUE,TRUE,TRUE,"ok","ok","",""
"BaxterE_2016","Baxter 2016",15,"balanced","Gemmiger",0.795,0.74,0.85,74,85,9178,TRUE,TRUE,TRUE,FALSE,TRUE,TRUE,TRUE,"ok","ok","",""
"BaxterE_2016","Baxter 2016",15,"balanced","Lachnospiracea_incertae_sedis",1,1,1,100,100,37618,TRUE,TRUE,FALSE,TRUE,TRUE,TRUE,TRUE,"no_observed_zeros","ok","",""
"BaxterE_2016","Baxter 2016",15,"balanced","Methanobrevibacter",0.42,0.4,0.44,40,44,7055,TRUE,TRUE,TRUE,FALSE,TRUE,TRUE,TRUE,"ok","ok","",""
"BaxterE_2016","Baxter 2016",15,"balanced","Oscillibacter",0.915,0.89,0.94,89,94,11106,TRUE,TRUE,TRUE,FALSE,TRUE,TRUE,TRUE,"ok","ok","",""
"BaxterE_2016","Baxter 2016",15,"balanced","Parabacteroides",0.73,0.77,0.69,77,69,5303,TRUE,TRUE,TRUE,FALSE,TRUE,TRUE,TRUE,"ok","ok","",""
"BaxterE_2016","Baxter 2016",15,"balanced","Phascolarctobacterium",0.675,0.65,0.7,65,70,6987,TRUE,TRUE,TRUE,FALSE,TRUE,TRUE,TRUE,"ok","ok","",""
"BaxterE_2016","Baxter 2016",15,"balanced","Prevotella",0.365,0.36,0.37,36,37,15350,TRUE,TRUE,TRUE,FALSE,TRUE,TRUE,TRUE,"ok","ok","",""
"BaxterE_2016","Baxter 2016",15,"balanced","Roseburia",0.975,0.96,0.99,96,99,35243,TRUE,TRUE,TRUE,FALSE,TRUE,TRUE,TRUE,"ok","ok","",""
"BaxterE_2016","Baxter 2016",15,"balanced","Ruminococcus",0.89,0.85,0.93,85,93,26504,TRUE,TRUE,TRUE,FALSE,TRUE,TRUE,TRUE,"ok","ok","",""
"BaxterE_2016","Baxter 2016",15,"balanced","Ruminococcus2",0.985,1,0.97,100,97,18004,TRUE,TRUE,TRUE,FALSE,TRUE,TRUE,TRUE,"ok","ok","",""
"BaxterE_2016","Baxter 2016",15,"balanced","Streptococcus",0.855,0.92,0.79,92,79,5912,TRUE,TRUE,TRUE,FALSE,TRUE,TRUE,TRUE,"ok","ok","",""
"BaxterE_2016","Baxter 2016",15,"balanced","Unclassified_Clostridiales",0.93,0.91,0.95,91,95,11464,TRUE,TRUE,TRUE,FALSE,TRUE,TRUE,TRUE,"ok","ok","",""
"BaxterE_2016","Baxter 2016",15,"balanced","Unclassified_Lachnospiraceae",1,1,1,100,100,37131,TRUE,TRUE,FALSE,TRUE,TRUE,TRUE,TRUE,"no_observed_zeros","ok","",""
"BaxterE_2016","Baxter 2016",15,"balanced","Unclassified_Ruminococcaceae",0.975,0.96,0.99,96,99,24793,TRUE,TRUE,TRUE,FALSE,TRUE,TRUE,TRUE,"ok","ok","",""
"BaxterE_2016","Baxter 2016",15,"fourfold","Akkermansia",0.835,0.81,0.86,81,86,22388,TRUE,TRUE,TRUE,FALSE,TRUE,TRUE,TRUE,"ok","ok","",""
"BaxterE_2016","Baxter 2016",15,"fourfold","Alistipes",0.91,0.88,0.94,88,94,21227,TRUE,TRUE,TRUE,FALSE,TRUE,TRUE,TRUE,"ok","ok","",""
"BaxterE_2016","Baxter 2016",15,"fourfold","Anaerostipes",0.98,0.96,1,96,100,22865,TRUE,TRUE,TRUE,FALSE,TRUE,TRUE,TRUE,"ok","ok","",""
"BaxterE_2016","Baxter 2016",15,"fourfold","Bacteroides",1,1,1,100,100,101781,TRUE,TRUE,FALSE,TRUE,TRUE,TRUE,TRUE,"no_observed_zeros","ok","",""
"BaxterE_2016","Baxter 2016",15,"fourfold","Bifidobacterium",0.725,0.7,0.75,70,75,6304,TRUE,TRUE,TRUE,FALSE,TRUE,TRUE,TRUE,"ok","ok","",""
"BaxterE_2016","Baxter 2016",15,"fourfold","Blautia",1,1,1,100,100,105099,TRUE,TRUE,FALSE,TRUE,TRUE,TRUE,TRUE,"no_observed_zeros","ok","",""
"BaxterE_2016","Baxter 2016",15,"fourfold","Clostridium_IV",0.98,0.97,0.99,97,99,12234,TRUE,TRUE,TRUE,FALSE,TRUE,TRUE,TRUE,"ok","ok","",""
"BaxterE_2016","Baxter 2016",15,"fourfold","Clostridium_sensu_stricto",0.75,0.76,0.74,76,74,7843,TRUE,TRUE,TRUE,FALSE,TRUE,TRUE,TRUE,"ok","ok","",""
"BaxterE_2016","Baxter 2016",15,"fourfold","Clostridium_XI",0.81,0.8,0.82,80,82,7355,TRUE,TRUE,TRUE,FALSE,TRUE,TRUE,TRUE,"ok","ok","",""
"BaxterE_2016","Baxter 2016",15,"fourfold","Clostridium_XlVa",0.995,0.99,1,99,100,12812,TRUE,TRUE,TRUE,FALSE,TRUE,TRUE,TRUE,"ok","ok","",""
"BaxterE_2016","Baxter 2016",15,"fourfold","Clostridium_XVIII",0.86,0.83,0.89,83,89,3688,TRUE,TRUE,TRUE,FALSE,TRUE,TRUE,TRUE,"ok","ok","",""
"BaxterE_2016","Baxter 2016",15,"fourfold","Collinsella",0.61,0.58,0.64,58,64,6232,TRUE,TRUE,TRUE,FALSE,TRUE,TRUE,TRUE,"ok","ok","",""
"BaxterE_2016","Baxter 2016",15,"fourfold","Coprococcus",0.865,0.84,0.89,84,89,7521,TRUE,TRUE,TRUE,FALSE,TRUE,TRUE,TRUE,"ok","ok","",""
"BaxterE_2016","Baxter 2016",15,"fourfold","Dorea",0.95,0.93,0.97,93,97,11823,TRUE,TRUE,TRUE,FALSE,TRUE,TRUE,TRUE,"ok","ok","",""
"BaxterE_2016","Baxter 2016",15,"fourfold","Escherichia/Shigella",0.73,0.62,0.84,62,84,5730,TRUE,TRUE,FALSE,TRUE,TRUE,TRUE,TRUE,"structural_absence_boundary_at_zero","ok","",""
"BaxterE_2016","Baxter 2016",15,"fourfold","Faecalibacterium",0.975,0.96,0.99,96,99,39026,TRUE,TRUE,TRUE,FALSE,TRUE,TRUE,TRUE,"ok","ok","",""
"BaxterE_2016","Baxter 2016",15,"fourfold","Gemmiger",0.76,0.66,0.86,66,86,7242,TRUE,TRUE,TRUE,FALSE,TRUE,TRUE,TRUE,"ok","ok","",""
"BaxterE_2016","Baxter 2016",15,"fourfold","Lachnospiracea_incertae_sedis",0.995,0.99,1,99,100,29231,TRUE,TRUE,TRUE,FALSE,TRUE,TRUE,TRUE,"ok","ok","",""
"BaxterE_2016","Baxter 2016",15,"fourfold","Methanobrevibacter",0.405,0.32,0.49,32,49,4902,TRUE,TRUE,TRUE,FALSE,TRUE,TRUE,TRUE,"ok","ok","",""
"BaxterE_2016","Baxter 2016",15,"fourfold","Oscillibacter",0.9,0.84,0.96,84,96,9217,TRUE,TRUE,TRUE,FALSE,TRUE,TRUE,TRUE,"ok","ok","",""
"BaxterE_2016","Baxter 2016",15,"fourfold","Parabacteroides",0.67,0.65,0.69,65,69,4611,TRUE,TRUE,TRUE,FALSE,TRUE,TRUE,TRUE,"ok","ok","",""
"BaxterE_2016","Baxter 2016",15,"fourfold","Phascolarctobacterium",0.63,0.59,0.67,59,67,6893,TRUE,TRUE,TRUE,FALSE,TRUE,TRUE,TRUE,"ok","ok","",""
"BaxterE_2016","Baxter 2016",15,"fourfold","Prevotella",0.35,0.3,0.4,30,40,12252,TRUE,TRUE,TRUE,FALSE,TRUE,TRUE,TRUE,"ok","ok","",""
"BaxterE_2016","Baxter 2016",15,"fourfold","Roseburia",0.985,0.97,1,97,100,26426,TRUE,TRUE,TRUE,FALSE,TRUE,TRUE,TRUE,"ok","ok","",""
"BaxterE_2016","Baxter 2016",15,"fourfold","Ruminococcus",0.855,0.79,0.92,79,92,20935,TRUE,TRUE,TRUE,FALSE,TRUE,TRUE,TRUE,"ok","ok","",""
"BaxterE_2016","Baxter 2016",15,"fourfold","Ruminococcus2",0.985,0.99,0.98,99,98,13848,TRUE,TRUE,TRUE,FALSE,TRUE,TRUE,TRUE,"ok","ok","",""
"BaxterE_2016","Baxter 2016",15,"fourfold","Streptococcus",0.81,0.78,0.84,78,84,5427,TRUE,TRUE,TRUE,FALSE,TRUE,TRUE,TRUE,"ok","ok","",""
"BaxterE_2016","Baxter 2016",15,"fourfold","Unclassified_Clostridiales",0.91,0.87,0.95,87,95,8668,TRUE,TRUE,TRUE,FALSE,TRUE,TRUE,TRUE,"ok","ok","",""
"BaxterE_2016","Baxter 2016",15,"fourfold","Unclassified_Lachnospiraceae",0.99,0.98,1,98,100,31198,TRUE,TRUE,TRUE,FALSE,TRUE,TRUE,TRUE,"ok","ok","",""
"BaxterE_2016","Baxter 2016",15,"fourfold","Unclassified_Ruminococcaceae",0.96,0.94,0.98,94,98,21820,TRUE,TRUE,TRUE,FALSE,TRUE,TRUE,TRUE,"ok","ok","",""
"BaxterE_2016","Baxter 2016",16,"balanced","Akkermansia",0.855,0.87,0.84,87,84,24584,TRUE,TRUE,TRUE,FALSE,TRUE,TRUE,TRUE,"ok","ok","",""
"BaxterE_2016","Baxter 2016",16,"balanced","Alistipes",0.925,0.92,0.93,92,93,25881,TRUE,TRUE,TRUE,FALSE,TRUE,TRUE,TRUE,"ok","ok","",""
"BaxterE_2016","Baxter 2016",16,"balanced","Anaerostipes",0.99,0.98,1,98,100,29953,TRUE,TRUE,TRUE,FALSE,TRUE,TRUE,TRUE,"ok","ok","",""
"BaxterE_2016","Baxter 2016",16,"balanced","Bacteroides",1,1,1,100,100,117978,TRUE,TRUE,FALSE,TRUE,TRUE,TRUE,TRUE,"no_observed_zeros","ok","",""
"BaxterE_2016","Baxter 2016",16,"balanced","Bifidobacterium",0.765,0.77,0.76,77,76,9142,TRUE,TRUE,TRUE,FALSE,TRUE,TRUE,TRUE,"ok","ok","",""
"BaxterE_2016","Baxter 2016",16,"balanced","Blautia",1,1,1,100,100,131789,TRUE,TRUE,FALSE,TRUE,TRUE,TRUE,TRUE,"no_observed_zeros","ok","",""
"BaxterE_2016","Baxter 2016",16,"balanced","Clostridium_IV",0.985,0.98,0.99,98,99,15851,TRUE,TRUE,TRUE,FALSE,TRUE,TRUE,TRUE,"ok","ok","",""
"BaxterE_2016","Baxter 2016",16,"balanced","Clostridium_sensu_stricto",0.735,0.69,0.78,69,78,9814,TRUE,TRUE,TRUE,FALSE,TRUE,TRUE,TRUE,"ok","ok","",""
"BaxterE_2016","Baxter 2016",16,"balanced","Clostridium_XI",0.84,0.8,0.88,80,88,8902,TRUE,TRUE,TRUE,FALSE,TRUE,TRUE,TRUE,"ok","ok","",""
"BaxterE_2016","Baxter 2016",16,"balanced","Clostridium_XlVa",1,1,1,100,100,15497,TRUE,TRUE,FALSE,TRUE,TRUE,TRUE,TRUE,"no_observed_zeros","ok","",""
"BaxterE_2016","Baxter 2016",16,"balanced","Clostridium_XVIII",0.9,0.86,0.94,86,94,5220,TRUE,TRUE,TRUE,FALSE,TRUE,TRUE,TRUE,"ok","ok","",""
"BaxterE_2016","Baxter 2016",16,"balanced","Collinsella",0.615,0.63,0.6,63,60,7972,TRUE,TRUE,TRUE,FALSE,TRUE,TRUE,TRUE,"ok","ok","",""
"BaxterE_2016","Baxter 2016",16,"balanced","Coprococcus",0.865,0.88,0.85,88,85,9043,TRUE,TRUE,TRUE,FALSE,TRUE,TRUE,TRUE,"ok","ok","",""
"BaxterE_2016","Baxter 2016",16,"balanced","Dorea",0.95,0.97,0.93,97,93,13952,TRUE,TRUE,TRUE,FALSE,TRUE,TRUE,TRUE,"ok","ok","",""
"BaxterE_2016","Baxter 2016",16,"balanced","Escherichia/Shigella",0.735,0.72,0.75,72,75,6519,TRUE,TRUE,TRUE,FALSE,TRUE,TRUE,TRUE,"ok","ok","",""
"BaxterE_2016","Baxter 2016",16,"balanced","Faecalibacterium",0.98,0.97,0.99,97,99,45801,TRUE,TRUE,TRUE,FALSE,TRUE,TRUE,TRUE,"ok","ok","",""
"BaxterE_2016","Baxter 2016",16,"balanced","Gemmiger",0.795,0.85,0.74,85,74,10190,TRUE,TRUE,TRUE,FALSE,TRUE,TRUE,TRUE,"ok","ok","",""
"BaxterE_2016","Baxter 2016",16,"balanced","Lachnospiracea_incertae_sedis",1,1,1,100,100,34632,TRUE,TRUE,FALSE,TRUE,TRUE,TRUE,TRUE,"no_observed_zeros","ok","",""
"BaxterE_2016","Baxter 2016",16,"balanced","Methanobrevibacter",0.44,0.44,0.44,44,44,6112,TRUE,TRUE,TRUE,FALSE,TRUE,TRUE,TRUE,"ok","ok","",""
"BaxterE_2016","Baxter 2016",16,"balanced","Oscillibacter",0.89,0.89,0.89,89,89,10722,TRUE,TRUE,TRUE,FALSE,TRUE,TRUE,TRUE,"ok","ok","",""
"BaxterE_2016","Baxter 2016",16,"balanced","Parabacteroides",0.735,0.7,0.77,70,77,5558,TRUE,TRUE,TRUE,FALSE,TRUE,TRUE,TRUE,"ok","ok","",""
"BaxterE_2016","Baxter 2016",16,"balanced","Phascolarctobacterium",0.65,0.65,0.65,65,65,8385,TRUE,TRUE,TRUE,FALSE,TRUE,TRUE,TRUE,"ok","ok","",""
"BaxterE_2016","Baxter 2016",16,"balanced","Prevotella",0.395,0.4,0.39,40,39,13295,TRUE,TRUE,TRUE,FALSE,TRUE,TRUE,TRUE,"ok","ok","",""
"BaxterE_2016","Baxter 2016",16,"balanced","Roseburia",0.98,0.98,0.98,98,98,34871,TRUE,TRUE,TRUE,FALSE,TRUE,TRUE,TRUE,"ok","ok","",""
"BaxterE_2016","Baxter 2016",16,"balanced","Ruminococcus",0.88,0.87,0.89,87,89,23571,TRUE,TRUE,TRUE,FALSE,TRUE,TRUE,TRUE,"ok","ok","",""
"BaxterE_2016","Baxter 2016",16,"balanced","Ruminococcus2",0.96,0.93,0.99,93,99,18197,TRUE,TRUE,TRUE,FALSE,TRUE,TRUE,TRUE,"ok","ok","",""
"BaxterE_2016","Baxter 2016",16,"balanced","Streptococcus",0.86,0.87,0.85,87,85,5807,TRUE,TRUE,TRUE,FALSE,TRUE,TRUE,TRUE,"ok","ok","",""
"BaxterE_2016","Baxter 2016",16,"balanced","Unclassified_Clostridiales",0.925,0.92,0.93,92,93,10656,TRUE,TRUE,TRUE,FALSE,TRUE,TRUE,TRUE,"ok","ok","",""
"BaxterE_2016","Baxter 2016",16,"balanced","Unclassified_Lachnospiraceae",1,1,1,100,100,37303,TRUE,TRUE,FALSE,TRUE,TRUE,TRUE,TRUE,"no_observed_zeros","ok","",""
"BaxterE_2016","Baxter 2016",16,"balanced","Unclassified_Ruminococcaceae",0.97,0.96,0.98,96,98,24837,TRUE,TRUE,TRUE,FALSE,TRUE,TRUE,TRUE,"ok","ok","",""
"BaxterE_2016","Baxter 2016",16,"fourfold","Akkermansia",0.8,0.76,0.84,76,84,24824,TRUE,TRUE,TRUE,FALSE,TRUE,TRUE,TRUE,"ok","ok","",""
"BaxterE_2016","Baxter 2016",16,"fourfold","Alistipes",0.9,0.87,0.93,87,93,25541,TRUE,TRUE,TRUE,FALSE,TRUE,TRUE,TRUE,"ok","ok","",""
"BaxterE_2016","Baxter 2016",16,"fourfold","Anaerostipes",0.975,0.96,0.99,96,99,28687,TRUE,TRUE,TRUE,FALSE,TRUE,TRUE,TRUE,"ok","ok","",""
"BaxterE_2016","Baxter 2016",16,"fourfold","Bacteroides",1,1,1,100,100,123497,TRUE,TRUE,FALSE,TRUE,TRUE,TRUE,TRUE,"no_observed_zeros","ok","",""
"BaxterE_2016","Baxter 2016",16,"fourfold","Bifidobacterium",0.72,0.65,0.79,65,79,10293,TRUE,TRUE,TRUE,FALSE,TRUE,TRUE,TRUE,"ok","ok","",""
"BaxterE_2016","Baxter 2016",16,"fourfold","Blautia",1,1,1,100,100,128466,TRUE,TRUE,FALSE,TRUE,TRUE,TRUE,TRUE,"no_observed_zeros","ok","",""
"BaxterE_2016","Baxter 2016",16,"fourfold","Clostridium_IV",0.97,0.94,1,94,100,17107,TRUE,TRUE,TRUE,FALSE,TRUE,TRUE,TRUE,"ok","ok","",""
"BaxterE_2016","Baxter 2016",16,"fourfold","Clostridium_sensu_stricto",0.72,0.65,0.79,65,79,8436,TRUE,TRUE,TRUE,FALSE,TRUE,TRUE,TRUE,"ok","ok","",""
"BaxterE_2016","Baxter 2016",16,"fourfold","Clostridium_XI",0.8,0.68,0.92,68,92,8764,TRUE,TRUE,TRUE,FALSE,TRUE,TRUE,TRUE,"ok","ok","",""
"BaxterE_2016","Baxter 2016",16,"fourfold","Clostridium_XlVa",1,1,1,100,100,15586,TRUE,TRUE,FALSE,TRUE,TRUE,TRUE,TRUE,"no_observed_zeros","ok","",""
"BaxterE_2016","Baxter 2016",16,"fourfold","Clostridium_XVIII",0.84,0.75,0.93,75,93,4574,TRUE,TRUE,TRUE,FALSE,TRUE,TRUE,TRUE,"ok","ok","",""
"BaxterE_2016","Baxter 2016",16,"fourfold","Collinsella",0.605,0.58,0.63,58,63,6625,TRUE,TRUE,TRUE,FALSE,TRUE,TRUE,TRUE,"ok","ok","",""
"BaxterE_2016","Baxter 2016",16,"fourfold","Coprococcus",0.855,0.86,0.85,86,85,8912,TRUE,TRUE,TRUE,FALSE,TRUE,TRUE,TRUE,"ok","ok","",""
"BaxterE_2016","Baxter 2016",16,"fourfold","Dorea",0.95,0.96,0.94,96,94,11897,TRUE,TRUE,TRUE,FALSE,TRUE,TRUE,TRUE,"ok","ok","",""
"BaxterE_2016","Baxter 2016",16,"fourfold","Escherichia/Shigella",0.72,0.61,0.83,61,83,6938,TRUE,TRUE,TRUE,FALSE,TRUE,TRUE,TRUE,"ok","ok","",""
"BaxterE_2016","Baxter 2016",16,"fourfold","Faecalibacterium",0.99,0.99,0.99,99,99,42909,TRUE,TRUE,TRUE,FALSE,TRUE,TRUE,TRUE,"ok","ok","",""
"BaxterE_2016","Baxter 2016",16,"fourfold","Gemmiger",0.785,0.79,0.78,79,78,8632,TRUE,TRUE,TRUE,FALSE,TRUE,TRUE,TRUE,"ok","ok","",""
"BaxterE_2016","Baxter 2016",16,"fourfold","Lachnospiracea_incertae_sedis",1,1,1,100,100,30382,TRUE,TRUE,FALSE,TRUE,TRUE,TRUE,TRUE,"no_observed_zeros","ok","",""
"BaxterE_2016","Baxter 2016",16,"fourfold","Methanobrevibacter",0.395,0.34,0.45,34,45,5131,TRUE,TRUE,TRUE,FALSE,TRUE,TRUE,TRUE,"ok","ok","",""
"BaxterE_2016","Baxter 2016",16,"fourfold","Oscillibacter",0.86,0.81,0.91,81,91,8961,TRUE,TRUE,TRUE,FALSE,TRUE,TRUE,TRUE,"ok","ok","",""
"BaxterE_2016","Baxter 2016",16,"fourfold","Parabacteroides",0.685,0.6,0.77,60,77,6115,TRUE,TRUE,TRUE,FALSE,TRUE,TRUE,TRUE,"ok","ok","",""
"BaxterE_2016","Baxter 2016",16,"fourfold","Phascolarctobacterium",0.645,0.61,0.68,61,68,6899,TRUE,TRUE,TRUE,FALSE,TRUE,TRUE,TRUE,"ok","ok","",""
"BaxterE_2016","Baxter 2016",16,"fourfold","Prevotella",0.35,0.31,0.39,31,39,14587,TRUE,TRUE,TRUE,FALSE,TRUE,TRUE,TRUE,"ok","ok","",""
"BaxterE_2016","Baxter 2016",16,"fourfold","Roseburia",0.98,0.99,0.97,99,97,33113,TRUE,TRUE,TRUE,FALSE,TRUE,TRUE,TRUE,"ok","ok","",""
"BaxterE_2016","Baxter 2016",16,"fourfold","Ruminococcus",0.885,0.85,0.92,85,92,24308,TRUE,TRUE,TRUE,FALSE,TRUE,TRUE,TRUE,"ok","ok","",""
"BaxterE_2016","Baxter 2016",16,"fourfold","Ruminococcus2",0.975,0.95,1,95,100,16342,TRUE,TRUE,TRUE,FALSE,TRUE,TRUE,TRUE,"ok","ok","",""
"BaxterE_2016","Baxter 2016",16,"fourfold","Streptococcus",0.825,0.74,0.91,74,91,6467,TRUE,TRUE,TRUE,FALSE,TRUE,TRUE,TRUE,"ok","ok","",""
"BaxterE_2016","Baxter 2016",16,"fourfold","Unclassified_Clostridiales",0.9,0.86,0.94,86,94,10431,TRUE,TRUE,TRUE,FALSE,TRUE,TRUE,TRUE,"ok","ok","",""
"BaxterE_2016","Baxter 2016",16,"fourfold","Unclassified_Lachnospiraceae",1,1,1,100,100,36230,TRUE,TRUE,FALSE,TRUE,TRUE,TRUE,TRUE,"no_observed_zeros","ok","",""
"BaxterE_2016","Baxter 2016",16,"fourfold","Unclassified_Ruminococcaceae",0.975,0.96,0.99,96,99,22148,TRUE,TRUE,TRUE,FALSE,TRUE,TRUE,TRUE,"ok","ok","",""
"BaxterE_2016","Baxter 2016",17,"balanced","Akkermansia",0.87,0.84,0.9,84,90,22995,TRUE,TRUE,TRUE,FALSE,TRUE,TRUE,TRUE,"ok","ok","",""
"BaxterE_2016","Baxter 2016",17,"balanced","Alistipes",0.915,0.93,0.9,93,90,25383,TRUE,TRUE,TRUE,FALSE,TRUE,TRUE,TRUE,"ok","ok","",""
"BaxterE_2016","Baxter 2016",17,"balanced","Anaerostipes",0.985,0.99,0.98,99,98,30480,TRUE,TRUE,TRUE,FALSE,TRUE,TRUE,TRUE,"ok","ok","",""
"BaxterE_2016","Baxter 2016",17,"balanced","Bacteroides",1,1,1,100,100,126163,TRUE,TRUE,FALSE,TRUE,TRUE,TRUE,TRUE,"no_observed_zeros","ok","",""
"BaxterE_2016","Baxter 2016",17,"balanced","Bifidobacterium",0.725,0.71,0.74,71,74,10111,TRUE,TRUE,TRUE,FALSE,TRUE,TRUE,TRUE,"ok","ok","",""
"BaxterE_2016","Baxter 2016",17,"balanced","Blautia",1,1,1,100,100,131963,TRUE,TRUE,FALSE,TRUE,TRUE,TRUE,TRUE,"no_observed_zeros","ok","",""
"BaxterE_2016","Baxter 2016",17,"balanced","Clostridium_IV",0.985,1,0.97,100,97,15505,TRUE,TRUE,TRUE,FALSE,TRUE,TRUE,TRUE,"ok","ok","",""
"BaxterE_2016","Baxter 2016",17,"balanced","Clostridium_sensu_stricto",0.735,0.75,0.72,75,72,9370,TRUE,TRUE,TRUE,FALSE,TRUE,TRUE,TRUE,"ok","ok","",""
"BaxterE_2016","Baxter 2016",17,"balanced","Clostridium_XI",0.835,0.78,0.89,78,89,9259,TRUE,TRUE,TRUE,FALSE,TRUE,TRUE,TRUE,"ok","ok","",""
"BaxterE_2016","Baxter 2016",17,"balanced","Clostridium_XlVa",1,1,1,100,100,16041,TRUE,TRUE,FALSE,TRUE,TRUE,TRUE,TRUE,"no_observed_zeros","ok","",""
"BaxterE_2016","Baxter 2016",17,"balanced","Clostridium_XVIII",0.895,0.9,0.89,90,89,4972,TRUE,TRUE,TRUE,FALSE,TRUE,TRUE,TRUE,"ok","ok","",""
"BaxterE_2016","Baxter 2016",17,"balanced","Collinsella",0.6,0.63,0.57,63,57,7452,TRUE,TRUE,TRUE,FALSE,TRUE,TRUE,TRUE,"ok","ok","",""
"BaxterE_2016","Baxter 2016",17,"balanced","Coprococcus",0.865,0.87,0.86,87,86,9054,TRUE,TRUE,TRUE,FALSE,TRUE,TRUE,TRUE,"ok","ok","",""
"BaxterE_2016","Baxter 2016",17,"balanced","Dorea",0.96,0.98,0.94,98,94,13907,TRUE,TRUE,TRUE,FALSE,TRUE,TRUE,TRUE,"ok","ok","",""
"BaxterE_2016","Baxter 2016",17,"balanced","Escherichia/Shigella",0.755,0.72,0.79,72,79,6156,TRUE,TRUE,TRUE,FALSE,TRUE,TRUE,TRUE,"ok","ok","",""
"BaxterE_2016","Baxter 2016",17,"balanced","Faecalibacterium",0.98,0.99,0.97,99,97,45158,TRUE,TRUE,TRUE,FALSE,TRUE,TRUE,TRUE,"ok","ok","",""
"BaxterE_2016","Baxter 2016",17,"balanced","Gemmiger",0.805,0.83,0.78,83,78,7974,TRUE,TRUE,TRUE,FALSE,TRUE,TRUE,TRUE,"ok","ok","",""
"BaxterE_2016","Baxter 2016",17,"balanced","Lachnospiracea_incertae_sedis",1,1,1,100,100,35276,TRUE,TRUE,FALSE,TRUE,TRUE,TRUE,TRUE,"no_observed_zeros","ok","",""
"BaxterE_2016","Baxter 2016",17,"balanced","Methanobrevibacter",0.415,0.42,0.41,42,41,5641,TRUE,TRUE,TRUE,FALSE,TRUE,TRUE,TRUE,"ok","ok","",""
"BaxterE_2016","Baxter 2016",17,"balanced","Oscillibacter",0.905,0.9,0.91,90,91,9177,TRUE,TRUE,TRUE,FALSE,TRUE,TRUE,TRUE,"ok","ok","",""
"BaxterE_2016","Baxter 2016",17,"balanced","Parabacteroides",0.695,0.65,0.74,65,74,5726,TRUE,TRUE,TRUE,FALSE,TRUE,TRUE,TRUE,"ok","ok","",""
"BaxterE_2016","Baxter 2016",17,"balanced","Phascolarctobacterium",0.67,0.71,0.63,71,63,7257,TRUE,TRUE,TRUE,FALSE,TRUE,TRUE,TRUE,"ok","ok","",""
"BaxterE_2016","Baxter 2016",17,"balanced","Prevotella",0.37,0.39,0.35,39,35,13074,TRUE,TRUE,TRUE,FALSE,TRUE,TRUE,TRUE,"ok","ok","",""
"BaxterE_2016","Baxter 2016",17,"balanced","Roseburia",0.99,0.99,0.99,99,99,35229,TRUE,TRUE,TRUE,FALSE,TRUE,TRUE,TRUE,"ok","ok","",""
"BaxterE_2016","Baxter 2016",17,"balanced","Ruminococcus",0.875,0.88,0.87,88,87,23141,TRUE,TRUE,TRUE,FALSE,TRUE,TRUE,TRUE,"ok","ok","",""
"BaxterE_2016","Baxter 2016",17,"balanced","Ruminococcus2",0.985,0.99,0.98,99,98,18339,TRUE,TRUE,TRUE,FALSE,TRUE,TRUE,TRUE,"ok","ok","",""
"BaxterE_2016","Baxter 2016",17,"balanced","Streptococcus",0.885,0.87,0.9,87,90,6744,TRUE,TRUE,TRUE,FALSE,TRUE,TRUE,TRUE,"ok","ok","",""
"BaxterE_2016","Baxter 2016",17,"balanced","Unclassified_Clostridiales",0.935,0.94,0.93,94,93,10875,TRUE,TRUE,TRUE,FALSE,TRUE,TRUE,TRUE,"ok","ok","",""
"BaxterE_2016","Baxter 2016",17,"balanced","Unclassified_Lachnospiraceae",1,1,1,100,100,37899,TRUE,TRUE,FALSE,TRUE,TRUE,TRUE,TRUE,"no_observed_zeros","ok","",""
"BaxterE_2016","Baxter 2016",17,"balanced","Unclassified_Ruminococcaceae",0.99,1,0.98,100,98,23723,TRUE,TRUE,TRUE,FALSE,TRUE,TRUE,TRUE,"ok","ok","",""
"BaxterE_2016","Baxter 2016",17,"fourfold","Akkermansia",0.83,0.74,0.92,74,92,21551,TRUE,TRUE,TRUE,FALSE,TRUE,TRUE,TRUE,"ok","ok","",""
"BaxterE_2016","Baxter 2016",17,"fourfold","Alistipes",0.915,0.89,0.94,89,94,24517,TRUE,TRUE,TRUE,FALSE,TRUE,TRUE,TRUE,"ok","ok","",""
"BaxterE_2016","Baxter 2016",17,"fourfold","Anaerostipes",0.98,0.98,0.98,98,98,27160,TRUE,TRUE,TRUE,FALSE,TRUE,TRUE,TRUE,"ok","ok","",""
"BaxterE_2016","Baxter 2016",17,"fourfold","Bacteroides",0.99,0.98,1,98,100,114045,TRUE,TRUE,TRUE,FALSE,TRUE,TRUE,TRUE,"ok","ok","",""
"BaxterE_2016","Baxter 2016",17,"fourfold","Bifidobacterium",0.71,0.66,0.76,66,76,9278,TRUE,TRUE,TRUE,FALSE,TRUE,TRUE,TRUE,"ok","ok","",""
"BaxterE_2016","Baxter 2016",17,"fourfold","Blautia",1,1,1,100,100,121577,TRUE,TRUE,FALSE,TRUE,TRUE,TRUE,TRUE,"no_observed_zeros","ok","",""
"BaxterE_2016","Baxter 2016",17,"fourfold","Clostridium_IV",0.985,0.98,0.99,98,99,15117,TRUE,TRUE,TRUE,FALSE,TRUE,TRUE,TRUE,"ok","ok","",""
"BaxterE_2016","Baxter 2016",17,"fourfold","Clostridium_sensu_stricto",0.75,0.7,0.8,70,80,6732,TRUE,TRUE,TRUE,FALSE,TRUE,TRUE,TRUE,"ok","ok","",""
"BaxterE_2016","Baxter 2016",17,"fourfold","Clostridium_XI",0.8,0.69,0.91,69,91,8240,TRUE,TRUE,TRUE,FALSE,TRUE,TRUE,TRUE,"ok","ok","",""
"BaxterE_2016","Baxter 2016",17,"fourfold","Clostridium_XlVa",0.995,0.99,1,99,100,14793,TRUE,TRUE,TRUE,FALSE,TRUE,TRUE,TRUE,"ok","ok","",""
"BaxterE_2016","Baxter 2016",17,"fourfold","Clostridium_XVIII",0.885,0.82,0.95,82,95,3702,TRUE,TRUE,TRUE,FALSE,TRUE,TRUE,TRUE,"ok","ok","",""
"BaxterE_2016","Baxter 2016",17,"fourfold","Collinsella",0.605,0.6,0.61,60,61,7533,TRUE,TRUE,TRUE,FALSE,TRUE,TRUE,TRUE,"ok","ok","",""
"BaxterE_2016","Baxter 2016",17,"fourfold","Coprococcus",0.86,0.86,0.86,86,86,9412,TRUE,TRUE,TRUE,FALSE,TRUE,TRUE,TRUE,"ok","ok","",""
"BaxterE_2016","Baxter 2016",17,"fourfold","Dorea",0.955,0.95,0.96,95,96,12512,TRUE,TRUE,TRUE,FALSE,TRUE,TRUE,TRUE,"ok","ok","",""
"BaxterE_2016","Baxter 2016",17,"fourfold","Escherichia/Shigella",0.725,0.62,0.83,62,83,5818,TRUE,TRUE,FALSE,TRUE,TRUE,TRUE,TRUE,"structural_absence_boundary_at_zero","ok","",""
"BaxterE_2016","Baxter 2016",17,"fourfold","Faecalibacterium",0.99,1,0.98,100,98,41022,TRUE,TRUE,TRUE,FALSE,TRUE,TRUE,TRUE,"ok","ok","",""
"BaxterE_2016","Baxter 2016",17,"fourfold","Gemmiger",0.78,0.8,0.76,80,76,7676,TRUE,TRUE,TRUE,FALSE,TRUE,TRUE,TRUE,"ok","ok","",""
"BaxterE_2016","Baxter 2016",17,"fourfold","Lachnospiracea_incertae_sedis",0.995,0.99,1,99,100,30762,TRUE,TRUE,TRUE,FALSE,TRUE,TRUE,TRUE,"ok","ok","",""
"BaxterE_2016","Baxter 2016",17,"fourfold","Methanobrevibacter",0.41,0.37,0.45,37,45,6159,TRUE,TRUE,TRUE,FALSE,TRUE,TRUE,TRUE,"ok","ok","",""
"BaxterE_2016","Baxter 2016",17,"fourfold","Oscillibacter",0.885,0.83,0.94,83,94,9334,TRUE,TRUE,TRUE,FALSE,TRUE,TRUE,TRUE,"ok","ok","",""
"BaxterE_2016","Baxter 2016",17,"fourfold","Parabacteroides",0.68,0.62,0.74,62,74,5466,TRUE,TRUE,TRUE,FALSE,TRUE,TRUE,TRUE,"ok","ok","",""
"BaxterE_2016","Baxter 2016",17,"fourfold","Phascolarctobacterium",0.605,0.6,0.61,60,61,7113,TRUE,TRUE,TRUE,FALSE,TRUE,TRUE,TRUE,"ok","ok","",""
"BaxterE_2016","Baxter 2016",17,"fourfold","Prevotella",0.37,0.34,0.4,34,40,11119,TRUE,TRUE,TRUE,FALSE,TRUE,TRUE,TRUE,"ok","ok","",""
"BaxterE_2016","Baxter 2016",17,"fourfold","Roseburia",0.98,0.98,0.98,98,98,30431,TRUE,TRUE,TRUE,FALSE,TRUE,TRUE,TRUE,"ok","ok","",""
"BaxterE_2016","Baxter 2016",17,"fourfold","Ruminococcus",0.86,0.85,0.87,85,87,20132,TRUE,TRUE,TRUE,FALSE,TRUE,TRUE,TRUE,"ok","ok","",""
"BaxterE_2016","Baxter 2016",17,"fourfold","Ruminococcus2",0.98,0.97,0.99,97,99,15133,TRUE,TRUE,TRUE,FALSE,TRUE,TRUE,TRUE,"ok","ok","",""
"BaxterE_2016","Baxter 2016",17,"fourfold","Streptococcus",0.82,0.79,0.85,79,85,5025,TRUE,TRUE,TRUE,FALSE,TRUE,TRUE,TRUE,"ok","ok","",""
"BaxterE_2016","Baxter 2016",17,"fourfold","Unclassified_Clostridiales",0.9,0.88,0.92,88,92,10047,TRUE,TRUE,TRUE,FALSE,TRUE,TRUE,TRUE,"ok","ok","",""
"BaxterE_2016","Baxter 2016",17,"fourfold","Unclassified_Lachnospiraceae",0.995,0.99,1,99,100,31990,TRUE,TRUE,TRUE,FALSE,TRUE,TRUE,TRUE,"ok","ok","",""
"BaxterE_2016","Baxter 2016",17,"fourfold","Unclassified_Ruminococcaceae",0.975,0.97,0.98,97,98,20758,TRUE,TRUE,TRUE,FALSE,TRUE,TRUE,TRUE,"ok","ok","",""
"BaxterE_2016","Baxter 2016",18,"balanced","Akkermansia",0.875,0.89,0.86,89,86,23876,TRUE,TRUE,TRUE,FALSE,TRUE,TRUE,TRUE,"ok","ok","",""
"BaxterE_2016","Baxter 2016",18,"balanced","Alistipes",0.915,0.89,0.94,89,94,26505,TRUE,TRUE,TRUE,FALSE,TRUE,TRUE,TRUE,"ok","ok","",""
"BaxterE_2016","Baxter 2016",18,"balanced","Anaerostipes",0.985,0.97,1,97,100,32141,TRUE,TRUE,TRUE,FALSE,TRUE,TRUE,TRUE,"ok","ok","",""
"BaxterE_2016","Baxter 2016",18,"balanced","Bacteroides",1,1,1,100,100,123738,TRUE,TRUE,FALSE,TRUE,TRUE,TRUE,TRUE,"no_observed_zeros","ok","",""
"BaxterE_2016","Baxter 2016",18,"balanced","Bifidobacterium",0.74,0.71,0.77,71,77,10052,TRUE,TRUE,TRUE,FALSE,TRUE,TRUE,TRUE,"ok","ok","",""
"BaxterE_2016","Baxter 2016",18,"balanced","Blautia",1,1,1,100,100,133223,TRUE,TRUE,FALSE,TRUE,TRUE,TRUE,TRUE,"no_observed_zeros","ok","",""
"BaxterE_2016","Baxter 2016",18,"balanced","Clostridium_IV",0.99,0.99,0.99,99,99,17121,TRUE,TRUE,TRUE,FALSE,TRUE,TRUE,TRUE,"ok","ok","",""
"BaxterE_2016","Baxter 2016",18,"balanced","Clostridium_sensu_stricto",0.735,0.75,0.72,75,72,8659,TRUE,TRUE,TRUE,FALSE,TRUE,TRUE,TRUE,"ok","ok","",""
"BaxterE_2016","Baxter 2016",18,"balanced","Clostridium_XI",0.83,0.82,0.84,82,84,9420,TRUE,TRUE,TRUE,FALSE,TRUE,TRUE,TRUE,"ok","ok","",""
"BaxterE_2016","Baxter 2016",18,"balanced","Clostridium_XlVa",0.995,1,0.99,100,99,15788,TRUE,TRUE,TRUE,FALSE,TRUE,TRUE,TRUE,"ok","ok","",""
"BaxterE_2016","Baxter 2016",18,"balanced","Clostridium_XVIII",0.885,0.88,0.89,88,89,5359,TRUE,TRUE,TRUE,FALSE,TRUE,TRUE,TRUE,"ok","ok","",""
"BaxterE_2016","Baxter 2016",18,"balanced","Collinsella",0.625,0.59,0.66,59,66,9062,TRUE,TRUE,TRUE,FALSE,TRUE,TRUE,TRUE,"ok","ok","",""
"BaxterE_2016","Baxter 2016",18,"balanced","Coprococcus",0.88,0.87,0.89,87,89,9381,TRUE,TRUE,TRUE,FALSE,TRUE,TRUE,TRUE,"ok","ok","",""
"BaxterE_2016","Baxter 2016",18,"balanced","Dorea",0.955,0.96,0.95,96,95,14700,TRUE,TRUE,TRUE,FALSE,TRUE,TRUE,TRUE,"ok","ok","",""
"BaxterE_2016","Baxter 2016",18,"balanced","Escherichia/Shigella",0.735,0.74,0.73,74,73,6573,TRUE,TRUE,TRUE,FALSE,TRUE,TRUE,TRUE,"ok","ok","",""
"BaxterE_2016","Baxter 2016",18,"balanced","Faecalibacterium",0.98,0.98,0.98,98,98,47842,TRUE,TRUE,TRUE,FALSE,TRUE,TRUE,TRUE,"ok","ok","",""
"BaxterE_2016","Baxter 2016",18,"balanced","Gemmiger",0.8,0.81,0.79,81,79,9200,TRUE,TRUE,TRUE,FALSE,TRUE,TRUE,TRUE,"ok","ok","",""
"BaxterE_2016","Baxter 2016",18,"balanced","Lachnospiracea_incertae_sedis",1,1,1,100,100,38159,TRUE,TRUE,FALSE,TRUE,TRUE,TRUE,TRUE,"no_observed_zeros","ok","",""
"BaxterE_2016","Baxter 2016",18,"balanced","Methanobrevibacter",0.435,0.46,0.41,46,41,6065,TRUE,TRUE,TRUE,FALSE,TRUE,TRUE,TRUE,"ok","ok","",""
"BaxterE_2016","Baxter 2016",18,"balanced","Oscillibacter",0.92,0.91,0.93,91,93,11137,TRUE,TRUE,TRUE,FALSE,TRUE,TRUE,TRUE,"ok","ok","",""
"BaxterE_2016","Baxter 2016",18,"balanced","Parabacteroides",0.74,0.71,0.77,71,77,5698,TRUE,TRUE,TRUE,FALSE,TRUE,TRUE,TRUE,"ok","ok","",""
"BaxterE_2016","Baxter 2016",18,"balanced","Phascolarctobacterium",0.675,0.64,0.71,64,71,7132,TRUE,TRUE,TRUE,FALSE,TRUE,TRUE,TRUE,"ok","ok","",""
"BaxterE_2016","Baxter 2016",18,"balanced","Prevotella",0.37,0.34,0.4,34,40,14044,TRUE,TRUE,TRUE,FALSE,TRUE,TRUE,TRUE,"ok","ok","",""
"BaxterE_2016","Baxter 2016",18,"balanced","Roseburia",0.985,0.99,0.98,99,98,36344,TRUE,TRUE,TRUE,FALSE,TRUE,TRUE,TRUE,"ok","ok","",""
"BaxterE_2016","Baxter 2016",18,"balanced","Ruminococcus",0.89,0.88,0.9,88,90,25435,TRUE,TRUE,TRUE,FALSE,TRUE,TRUE,TRUE,"ok","ok","",""
"BaxterE_2016","Baxter 2016",18,"balanced","Ruminococcus2",0.985,0.98,0.99,98,99,18924,TRUE,TRUE,TRUE,FALSE,TRUE,TRUE,TRUE,"ok","ok","",""
"BaxterE_2016","Baxter 2016",18,"balanced","Streptococcus",0.86,0.83,0.89,83,89,6423,TRUE,TRUE,TRUE,FALSE,TRUE,TRUE,TRUE,"ok","ok","",""
"BaxterE_2016","Baxter 2016",18,"balanced","Unclassified_Clostridiales",0.925,0.92,0.93,92,93,11797,TRUE,TRUE,TRUE,FALSE,TRUE,TRUE,TRUE,"ok","ok","",""
"BaxterE_2016","Baxter 2016",18,"balanced","Unclassified_Lachnospiraceae",1,1,1,100,100,40067,TRUE,TRUE,FALSE,TRUE,TRUE,TRUE,TRUE,"no_observed_zeros","ok","",""
"BaxterE_2016","Baxter 2016",18,"balanced","Unclassified_Ruminococcaceae",0.98,0.97,0.99,97,99,26520,TRUE,TRUE,TRUE,FALSE,TRUE,TRUE,TRUE,"ok","ok","",""
"BaxterE_2016","Baxter 2016",18,"fourfold","Akkermansia",0.805,0.78,0.83,78,83,24557,TRUE,TRUE,TRUE,FALSE,TRUE,TRUE,TRUE,"ok","ok","",""
"BaxterE_2016","Baxter 2016",18,"fourfold","Alistipes",0.92,0.86,0.98,86,98,25960,TRUE,TRUE,TRUE,FALSE,TRUE,TRUE,TRUE,"ok","ok","",""
"BaxterE_2016","Baxter 2016",18,"fourfold","Anaerostipes",0.98,0.96,1,96,100,26910,TRUE,TRUE,TRUE,FALSE,TRUE,TRUE,TRUE,"ok","ok","",""
"BaxterE_2016","Baxter 2016",18,"fourfold","Bacteroides",0.995,0.99,1,99,100,119486,TRUE,TRUE,TRUE,FALSE,TRUE,TRUE,TRUE,"ok","ok","",""
"BaxterE_2016","Baxter 2016",18,"fourfold","Bifidobacterium",0.71,0.66,0.76,66,76,7852,TRUE,TRUE,TRUE,FALSE,TRUE,TRUE,TRUE,"ok","ok","",""
"BaxterE_2016","Baxter 2016",18,"fourfold","Blautia",1,1,1,100,100,112817,TRUE,TRUE,FALSE,TRUE,TRUE,TRUE,TRUE,"no_observed_zeros","ok","",""
"BaxterE_2016","Baxter 2016",18,"fourfold","Clostridium_IV",0.98,0.97,0.99,97,99,15720,TRUE,TRUE,TRUE,FALSE,TRUE,TRUE,TRUE,"ok","ok","",""
"BaxterE_2016","Baxter 2016",18,"fourfold","Clostridium_sensu_stricto",0.715,0.68,0.75,68,75,9439,TRUE,TRUE,TRUE,FALSE,TRUE,TRUE,TRUE,"ok","ok","",""
"BaxterE_2016","Baxter 2016",18,"fourfold","Clostridium_XI",0.825,0.77,0.88,77,88,8787,TRUE,TRUE,TRUE,FALSE,TRUE,TRUE,TRUE,"ok","ok","",""
"BaxterE_2016","Baxter 2016",18,"fourfold","Clostridium_XlVa",0.995,0.99,1,99,100,14334,TRUE,TRUE,TRUE,FALSE,TRUE,TRUE,TRUE,"ok","ok","",""
"BaxterE_2016","Baxter 2016",18,"fourfold","Clostridium_XVIII",0.895,0.87,0.92,87,92,5814,TRUE,TRUE,TRUE,FALSE,TRUE,TRUE,TRUE,"ok","ok","",""
"BaxterE_2016","Baxter 2016",18,"fourfold","Collinsella",0.585,0.54,0.63,54,63,8012,TRUE,TRUE,TRUE,FALSE,TRUE,TRUE,TRUE,"ok","ok","",""
"BaxterE_2016","Baxter 2016",18,"fourfold","Coprococcus",0.86,0.83,0.89,83,89,8500,TRUE,TRUE,TRUE,FALSE,TRUE,TRUE,TRUE,"ok","ok","",""
"BaxterE_2016","Baxter 2016",18,"fourfold","Dorea",0.94,0.92,0.96,92,96,12790,TRUE,TRUE,TRUE,FALSE,TRUE,TRUE,TRUE,"ok","ok","",""
"BaxterE_2016","Baxter 2016",18,"fourfold","Escherichia/Shigella",0.685,0.62,0.75,62,75,5154,TRUE,TRUE,TRUE,FALSE,TRUE,TRUE,TRUE,"ok","ok","",""
"BaxterE_2016","Baxter 2016",18,"fourfold","Faecalibacterium",0.985,0.98,0.99,98,99,37365,TRUE,TRUE,TRUE,FALSE,TRUE,TRUE,TRUE,"ok","ok","",""
"BaxterE_2016","Baxter 2016",18,"fourfold","Gemmiger",0.765,0.77,0.76,77,76,9021,TRUE,TRUE,TRUE,FALSE,TRUE,TRUE,TRUE,"ok","ok","",""
"BaxterE_2016","Baxter 2016",18,"fourfold","Lachnospiracea_incertae_sedis",1,1,1,100,100,30358,TRUE,TRUE,FALSE,TRUE,TRUE,TRUE,TRUE,"no_observed_zeros","ok","",""
"BaxterE_2016","Baxter 2016",18,"fourfold","Methanobrevibacter",0.41,0.42,0.4,42,40,5639,TRUE,TRUE,TRUE,FALSE,TRUE,TRUE,TRUE,"ok","ok","",""
"BaxterE_2016","Baxter 2016",18,"fourfold","Oscillibacter",0.885,0.85,0.92,85,92,9921,TRUE,TRUE,TRUE,FALSE,TRUE,TRUE,TRUE,"ok","ok","",""
"BaxterE_2016","Baxter 2016",18,"fourfold","Parabacteroides",0.685,0.64,0.73,64,73,5599,TRUE,TRUE,TRUE,FALSE,TRUE,TRUE,TRUE,"ok","ok","",""
"BaxterE_2016","Baxter 2016",18,"fourfold","Phascolarctobacterium",0.61,0.55,0.67,55,67,8172,TRUE,TRUE,TRUE,FALSE,TRUE,TRUE,TRUE,"ok","ok","",""
"BaxterE_2016","Baxter 2016",18,"fourfold","Prevotella",0.365,0.28,0.45,28,45,13482,TRUE,TRUE,TRUE,FALSE,TRUE,TRUE,TRUE,"ok","ok","",""
"BaxterE_2016","Baxter 2016",18,"fourfold","Roseburia",0.965,0.95,0.98,95,98,32387,TRUE,TRUE,TRUE,FALSE,TRUE,TRUE,TRUE,"ok","ok","",""
"BaxterE_2016","Baxter 2016",18,"fourfold","Ruminococcus",0.86,0.82,0.9,82,90,24854,TRUE,TRUE,TRUE,FALSE,TRUE,TRUE,TRUE,"ok","ok","",""
"BaxterE_2016","Baxter 2016",18,"fourfold","Ruminococcus2",0.98,0.96,1,96,100,16099,TRUE,TRUE,TRUE,FALSE,TRUE,TRUE,TRUE,"ok","ok","",""
"BaxterE_2016","Baxter 2016",18,"fourfold","Streptococcus",0.83,0.76,0.9,76,90,6730,TRUE,TRUE,TRUE,FALSE,TRUE,TRUE,TRUE,"ok","ok","",""
"BaxterE_2016","Baxter 2016",18,"fourfold","Unclassified_Clostridiales",0.91,0.91,0.91,91,91,10195,TRUE,TRUE,TRUE,FALSE,TRUE,TRUE,TRUE,"ok","ok","",""
"BaxterE_2016","Baxter 2016",18,"fourfold","Unclassified_Lachnospiraceae",1,1,1,100,100,35031,TRUE,TRUE,FALSE,TRUE,TRUE,TRUE,TRUE,"no_observed_zeros","ok","",""
"BaxterE_2016","Baxter 2016",18,"fourfold","Unclassified_Ruminococcaceae",0.965,0.94,0.99,94,99,21830,TRUE,TRUE,TRUE,FALSE,TRUE,TRUE,TRUE,"ok","ok","",""
"BaxterE_2016","Baxter 2016",19,"balanced","Akkermansia",0.85,0.86,0.84,86,84,26619,TRUE,TRUE,TRUE,FALSE,TRUE,TRUE,TRUE,"ok","ok","",""
"BaxterE_2016","Baxter 2016",19,"balanced","Alistipes",0.935,0.93,0.94,93,94,27637,TRUE,TRUE,TRUE,FALSE,TRUE,TRUE,TRUE,"ok","ok","",""
"BaxterE_2016","Baxter 2016",19,"balanced","Anaerostipes",0.99,0.99,0.99,99,99,30454,TRUE,TRUE,TRUE,FALSE,TRUE,TRUE,TRUE,"ok","ok","",""
"BaxterE_2016","Baxter 2016",19,"balanced","Bacteroides",1,1,1,100,100,137007,TRUE,TRUE,FALSE,TRUE,TRUE,TRUE,TRUE,"no_observed_zeros","ok","",""
"BaxterE_2016","Baxter 2016",19,"balanced","Bifidobacterium",0.72,0.65,0.79,65,79,8805,TRUE,TRUE,TRUE,FALSE,TRUE,TRUE,TRUE,"ok","ok","",""
"BaxterE_2016","Baxter 2016",19,"balanced","Blautia",1,1,1,100,100,135562,TRUE,TRUE,FALSE,TRUE,TRUE,TRUE,TRUE,"no_observed_zeros","ok","",""
"BaxterE_2016","Baxter 2016",19,"balanced","Clostridium_IV",0.99,1,0.98,100,98,16394,TRUE,TRUE,TRUE,FALSE,TRUE,TRUE,TRUE,"ok","ok","",""
"BaxterE_2016","Baxter 2016",19,"balanced","Clostridium_sensu_stricto",0.735,0.67,0.8,67,80,8966,TRUE,TRUE,TRUE,FALSE,TRUE,TRUE,TRUE,"ok","ok","",""
"BaxterE_2016","Baxter 2016",19,"balanced","Clostridium_XI",0.845,0.83,0.86,83,86,8802,TRUE,TRUE,TRUE,FALSE,TRUE,TRUE,TRUE,"ok","ok","",""
"BaxterE_2016","Baxter 2016",19,"balanced","Clostridium_XlVa",0.995,1,0.99,100,99,16183,TRUE,TRUE,TRUE,FALSE,TRUE,TRUE,TRUE,"ok","ok","",""
"BaxterE_2016","Baxter 2016",19,"balanced","Clostridium_XVIII",0.9,0.88,0.92,88,92,4832,TRUE,TRUE,TRUE,FALSE,TRUE,TRUE,TRUE,"ok","ok","",""
"BaxterE_2016","Baxter 2016",19,"balanced","Collinsella",0.595,0.56,0.63,56,63,8232,TRUE,TRUE,TRUE,FALSE,TRUE,TRUE,TRUE,"ok","ok","",""
"BaxterE_2016","Baxter 2016",19,"balanced","Coprococcus",0.88,0.91,0.85,91,85,9297,TRUE,TRUE,TRUE,FALSE,TRUE,TRUE,TRUE,"ok","ok","",""
"BaxterE_2016","Baxter 2016",19,"balanced","Dorea",0.955,0.97,0.94,97,94,13822,TRUE,TRUE,TRUE,FALSE,TRUE,TRUE,TRUE,"ok","ok","",""
"BaxterE_2016","Baxter 2016",19,"balanced","Escherichia/Shigella",0.8,0.74,0.86,74,86,6903,TRUE,TRUE,FALSE,TRUE,TRUE,TRUE,TRUE,"structural_absence_boundary_at_zero","ok","",""
"BaxterE_2016","Baxter 2016",19,"balanced","Faecalibacterium",0.985,1,0.97,100,97,47906,TRUE,TRUE,TRUE,FALSE,TRUE,TRUE,TRUE,"ok","ok","",""
"BaxterE_2016","Baxter 2016",19,"balanced","Gemmiger",0.815,0.85,0.78,85,78,8755,TRUE,TRUE,TRUE,FALSE,TRUE,TRUE,TRUE,"ok","ok","",""
"BaxterE_2016","Baxter 2016",19,"balanced","Lachnospiracea_incertae_sedis",1,1,1,100,100,34632,TRUE,TRUE,FALSE,TRUE,TRUE,TRUE,TRUE,"no_observed_zeros","ok","",""
"BaxterE_2016","Baxter 2016",19,"balanced","Methanobrevibacter",0.42,0.41,0.43,41,43,7188,TRUE,TRUE,TRUE,FALSE,TRUE,TRUE,TRUE,"ok","ok","",""
"BaxterE_2016","Baxter 2016",19,"balanced","Oscillibacter",0.895,0.85,0.94,85,94,10284,TRUE,TRUE,TRUE,FALSE,TRUE,TRUE,TRUE,"ok","ok","",""
"BaxterE_2016","Baxter 2016",19,"balanced","Parabacteroides",0.725,0.72,0.73,72,73,6236,TRUE,TRUE,TRUE,FALSE,TRUE,TRUE,TRUE,"ok","ok","",""
"BaxterE_2016","Baxter 2016",19,"balanced","Phascolarctobacterium",0.65,0.69,0.61,69,61,8101,TRUE,TRUE,TRUE,FALSE,TRUE,TRUE,TRUE,"ok","ok","",""
"BaxterE_2016","Baxter 2016",19,"balanced","Prevotella",0.38,0.37,0.39,37,39,16456,TRUE,TRUE,TRUE,FALSE,TRUE,TRUE,TRUE,"ok","ok","",""
"BaxterE_2016","Baxter 2016",19,"balanced","Roseburia",0.98,0.97,0.99,97,99,34698,TRUE,TRUE,TRUE,FALSE,TRUE,TRUE,TRUE,"ok","ok","",""
"BaxterE_2016","Baxter 2016",19,"balanced","Ruminococcus",0.895,0.9,0.89,90,89,26339,TRUE,TRUE,TRUE,FALSE,TRUE,TRUE,TRUE,"ok","ok","",""
"BaxterE_2016","Baxter 2016",19,"balanced","Ruminococcus2",0.98,0.99,0.97,99,97,18575,TRUE,TRUE,TRUE,FALSE,TRUE,TRUE,TRUE,"ok","ok","",""
"BaxterE_2016","Baxter 2016",19,"balanced","Streptococcus",0.845,0.85,0.84,85,84,5669,TRUE,TRUE,TRUE,FALSE,TRUE,TRUE,TRUE,"ok","ok","",""
"BaxterE_2016","Baxter 2016",19,"balanced","Unclassified_Clostridiales",0.94,0.95,0.93,95,93,11228,TRUE,TRUE,TRUE,FALSE,TRUE,TRUE,TRUE,"ok","ok","",""
"BaxterE_2016","Baxter 2016",19,"balanced","Unclassified_Lachnospiraceae",1,1,1,100,100,36294,TRUE,TRUE,FALSE,TRUE,TRUE,TRUE,TRUE,"no_observed_zeros","ok","",""
"BaxterE_2016","Baxter 2016",19,"balanced","Unclassified_Ruminococcaceae",0.975,0.97,0.98,97,98,25432,TRUE,TRUE,TRUE,FALSE,TRUE,TRUE,TRUE,"ok","ok","",""
"BaxterE_2016","Baxter 2016",19,"fourfold","Akkermansia",0.83,0.81,0.85,81,85,22847,TRUE,TRUE,TRUE,FALSE,TRUE,TRUE,TRUE,"ok","ok","",""
"BaxterE_2016","Baxter 2016",19,"fourfold","Alistipes",0.925,0.9,0.95,90,95,22046,TRUE,TRUE,TRUE,FALSE,TRUE,TRUE,TRUE,"ok","ok","",""
"BaxterE_2016","Baxter 2016",19,"fourfold","Anaerostipes",0.975,0.97,0.98,97,98,28580,TRUE,TRUE,TRUE,FALSE,TRUE,TRUE,TRUE,"ok","ok","",""
"BaxterE_2016","Baxter 2016",19,"fourfold","Bacteroides",0.995,0.99,1,99,100,104658,TRUE,TRUE,TRUE,FALSE,TRUE,TRUE,TRUE,"ok","ok","",""
"BaxterE_2016","Baxter 2016",19,"fourfold","Bifidobacterium",0.72,0.62,0.82,62,82,10796,TRUE,TRUE,TRUE,FALSE,TRUE,TRUE,TRUE,"ok","ok","",""
"BaxterE_2016","Baxter 2016",19,"fourfold","Blautia",1,1,1,100,100,124220,TRUE,TRUE,FALSE,TRUE,TRUE,TRUE,TRUE,"no_observed_zeros","ok","",""
"BaxterE_2016","Baxter 2016",19,"fourfold","Clostridium_IV",0.995,1,0.99,100,99,13823,TRUE,TRUE,TRUE,FALSE,TRUE,TRUE,TRUE,"ok","ok","",""
"BaxterE_2016","Baxter 2016",19,"fourfold","Clostridium_sensu_stricto",0.735,0.65,0.82,65,82,8842,TRUE,TRUE,TRUE,FALSE,TRUE,TRUE,TRUE,"ok","ok","",""
"BaxterE_2016","Baxter 2016",19,"fourfold","Clostridium_XI",0.815,0.75,0.88,75,88,8820,TRUE,TRUE,TRUE,FALSE,TRUE,TRUE,TRUE,"ok","ok","",""
"BaxterE_2016","Baxter 2016",19,"fourfold","Clostridium_XlVa",0.99,0.98,1,98,100,13841,TRUE,TRUE,TRUE,FALSE,TRUE,TRUE,TRUE,"ok","ok","",""
"BaxterE_2016","Baxter 2016",19,"fourfold","Clostridium_XVIII",0.88,0.81,0.95,81,95,4767,TRUE,TRUE,TRUE,FALSE,TRUE,TRUE,TRUE,"ok","ok","",""
"BaxterE_2016","Baxter 2016",19,"fourfold","Collinsella",0.6,0.51,0.69,51,69,8922,TRUE,TRUE,TRUE,FALSE,TRUE,TRUE,TRUE,"ok","ok","",""
"BaxterE_2016","Baxter 2016",19,"fourfold","Coprococcus",0.855,0.86,0.85,86,85,8045,TRUE,TRUE,TRUE,FALSE,TRUE,TRUE,TRUE,"ok","ok","",""
"BaxterE_2016","Baxter 2016",19,"fourfold","Dorea",0.955,0.95,0.96,95,96,13071,TRUE,TRUE,TRUE,FALSE,TRUE,TRUE,TRUE,"ok","ok","",""
"BaxterE_2016","Baxter 2016",19,"fourfold","Escherichia/Shigella",0.685,0.58,0.79,58,79,5779,TRUE,TRUE,TRUE,FALSE,TRUE,TRUE,TRUE,"ok","ok","",""
"BaxterE_2016","Baxter 2016",19,"fourfold","Faecalibacterium",0.975,0.98,0.97,98,97,39548,TRUE,TRUE,TRUE,FALSE,TRUE,TRUE,TRUE,"ok","ok","",""
"BaxterE_2016","Baxter 2016",19,"fourfold","Gemmiger",0.765,0.74,0.79,74,79,8563,TRUE,TRUE,TRUE,FALSE,TRUE,TRUE,TRUE,"ok","ok","",""
"BaxterE_2016","Baxter 2016",19,"fourfold","Lachnospiracea_incertae_sedis",1,1,1,100,100,35871,TRUE,TRUE,FALSE,TRUE,TRUE,TRUE,TRUE,"no_observed_zeros","ok","",""
"BaxterE_2016","Baxter 2016",19,"fourfold","Methanobrevibacter",0.405,0.34,0.47,34,47,6272,TRUE,TRUE,TRUE,FALSE,TRUE,TRUE,TRUE,"ok","ok","",""
"BaxterE_2016","Baxter 2016",19,"fourfold","Oscillibacter",0.885,0.82,0.95,82,95,8837,TRUE,TRUE,TRUE,FALSE,TRUE,TRUE,TRUE,"ok","ok","",""
"BaxterE_2016","Baxter 2016",19,"fourfold","Parabacteroides",0.695,0.66,0.73,66,73,5224,TRUE,TRUE,TRUE,FALSE,TRUE,TRUE,TRUE,"ok","ok","",""
"BaxterE_2016","Baxter 2016",19,"fourfold","Phascolarctobacterium",0.65,0.65,0.65,65,65,6401,TRUE,TRUE,TRUE,FALSE,TRUE,TRUE,TRUE,"ok","ok","",""
"BaxterE_2016","Baxter 2016",19,"fourfold","Prevotella",0.345,0.31,0.38,31,38,10750,TRUE,TRUE,TRUE,FALSE,TRUE,TRUE,TRUE,"ok","ok","",""
"BaxterE_2016","Baxter 2016",19,"fourfold","Roseburia",0.985,0.97,1,97,100,30893,TRUE,TRUE,TRUE,FALSE,TRUE,TRUE,TRUE,"ok","ok","",""
"BaxterE_2016","Baxter 2016",19,"fourfold","Ruminococcus",0.88,0.85,0.91,85,91,20412,TRUE,TRUE,TRUE,FALSE,TRUE,TRUE,TRUE,"ok","ok","",""
"BaxterE_2016","Baxter 2016",19,"fourfold","Ruminococcus2",0.965,0.96,0.97,96,97,16215,TRUE,TRUE,TRUE,FALSE,TRUE,TRUE,TRUE,"ok","ok","",""
"BaxterE_2016","Baxter 2016",19,"fourfold","Streptococcus",0.81,0.76,0.86,76,86,5570,TRUE,TRUE,TRUE,FALSE,TRUE,TRUE,TRUE,"ok","ok","",""
"BaxterE_2016","Baxter 2016",19,"fourfold","Unclassified_Clostridiales",0.925,0.92,0.93,92,93,10252,TRUE,TRUE,TRUE,FALSE,TRUE,TRUE,TRUE,"ok","ok","",""
"BaxterE_2016","Baxter 2016",19,"fourfold","Unclassified_Lachnospiraceae",1,1,1,100,100,34853,TRUE,TRUE,FALSE,TRUE,TRUE,TRUE,TRUE,"no_observed_zeros","ok","",""
"BaxterE_2016","Baxter 2016",19,"fourfold","Unclassified_Ruminococcaceae",0.985,0.97,1,97,100,24243,TRUE,TRUE,TRUE,FALSE,TRUE,TRUE,TRUE,"ok","ok","",""
"BaxterE_2016","Baxter 2016",20,"balanced","Akkermansia",0.82,0.79,0.85,79,85,25564,TRUE,TRUE,TRUE,FALSE,TRUE,TRUE,TRUE,"ok","ok","",""
"BaxterE_2016","Baxter 2016",20,"balanced","Alistipes",0.925,0.94,0.91,94,91,26833,TRUE,TRUE,TRUE,FALSE,TRUE,TRUE,TRUE,"ok","ok","",""
"BaxterE_2016","Baxter 2016",20,"balanced","Anaerostipes",0.99,0.98,1,98,100,28991,TRUE,TRUE,TRUE,FALSE,TRUE,TRUE,TRUE,"ok","ok","",""
"BaxterE_2016","Baxter 2016",20,"balanced","Bacteroides",1,1,1,100,100,126305,TRUE,TRUE,FALSE,TRUE,TRUE,TRUE,TRUE,"no_observed_zeros","ok","",""
"BaxterE_2016","Baxter 2016",20,"balanced","Bifidobacterium",0.72,0.7,0.74,70,74,8268,TRUE,TRUE,TRUE,FALSE,TRUE,TRUE,TRUE,"ok","ok","",""
"BaxterE_2016","Baxter 2016",20,"balanced","Blautia",1,1,1,100,100,129376,TRUE,TRUE,FALSE,TRUE,TRUE,TRUE,TRUE,"no_observed_zeros","ok","",""
"BaxterE_2016","Baxter 2016",20,"balanced","Clostridium_IV",0.995,0.99,1,99,100,17800,TRUE,TRUE,FALSE,TRUE,TRUE,TRUE,TRUE,"structural_absence_boundary_at_zero","ok","",""
"BaxterE_2016","Baxter 2016",20,"balanced","Clostridium_sensu_stricto",0.7,0.7,0.7,70,70,9164,TRUE,TRUE,TRUE,FALSE,TRUE,TRUE,TRUE,"ok","ok","",""
"BaxterE_2016","Baxter 2016",20,"balanced","Clostridium_XI",0.84,0.85,0.83,85,83,9818,TRUE,TRUE,TRUE,FALSE,TRUE,TRUE,TRUE,"ok","ok","",""
"BaxterE_2016","Baxter 2016",20,"balanced","Clostridium_XlVa",1,1,1,100,100,16642,TRUE,TRUE,FALSE,TRUE,TRUE,TRUE,TRUE,"no_observed_zeros","ok","",""
"BaxterE_2016","Baxter 2016",20,"balanced","Clostridium_XVIII",0.89,0.92,0.86,92,86,4944,TRUE,TRUE,TRUE,FALSE,TRUE,TRUE,TRUE,"ok","ok","",""
"BaxterE_2016","Baxter 2016",20,"balanced","Collinsella",0.61,0.59,0.63,59,63,7572,TRUE,TRUE,TRUE,FALSE,TRUE,TRUE,TRUE,"ok","ok","",""
"BaxterE_2016","Baxter 2016",20,"balanced","Coprococcus",0.88,0.87,0.89,87,89,9440,TRUE,TRUE,TRUE,FALSE,TRUE,TRUE,TRUE,"ok","ok","",""
"BaxterE_2016","Baxter 2016",20,"balanced","Dorea",0.96,0.97,0.95,97,95,14065,TRUE,TRUE,TRUE,FALSE,TRUE,TRUE,TRUE,"ok","ok","",""
"BaxterE_2016","Baxter 2016",20,"balanced","Escherichia/Shigella",0.755,0.8,0.71,80,71,7118,TRUE,TRUE,TRUE,FALSE,TRUE,TRUE,TRUE,"ok","ok","",""
"BaxterE_2016","Baxter 2016",20,"balanced","Faecalibacterium",0.985,0.98,0.99,98,99,43924,TRUE,TRUE,TRUE,FALSE,TRUE,TRUE,TRUE,"ok","ok","",""
"BaxterE_2016","Baxter 2016",20,"balanced","Gemmiger",0.775,0.75,0.8,75,80,9011,TRUE,TRUE,TRUE,FALSE,TRUE,TRUE,TRUE,"ok","ok","",""
"BaxterE_2016","Baxter 2016",20,"balanced","Lachnospiracea_incertae_sedis",1,1,1,100,100,33685,TRUE,TRUE,FALSE,TRUE,TRUE,TRUE,TRUE,"no_observed_zeros","ok","",""
"BaxterE_2016","Baxter 2016",20,"balanced","Methanobrevibacter",0.425,0.47,0.38,47,38,5811,TRUE,TRUE,TRUE,FALSE,TRUE,TRUE,TRUE,"ok","ok","",""
"BaxterE_2016","Baxter 2016",20,"balanced","Oscillibacter",0.895,0.88,0.91,88,91,10422,TRUE,TRUE,TRUE,FALSE,TRUE,TRUE,TRUE,"ok","ok","",""
"BaxterE_2016","Baxter 2016",20,"balanced","Parabacteroides",0.72,0.71,0.73,71,73,5539,TRUE,TRUE,TRUE,FALSE,TRUE,TRUE,TRUE,"ok","ok","",""
"BaxterE_2016","Baxter 2016",20,"balanced","Phascolarctobacterium",0.69,0.66,0.72,66,72,7503,TRUE,TRUE,TRUE,FALSE,TRUE,TRUE,TRUE,"ok","ok","",""
"BaxterE_2016","Baxter 2016",20,"balanced","Prevotella",0.385,0.44,0.33,44,33,11477,TRUE,TRUE,TRUE,FALSE,TRUE,TRUE,TRUE,"ok","ok","",""
"BaxterE_2016","Baxter 2016",20,"balanced","Roseburia",0.985,0.99,0.98,99,98,35186,TRUE,TRUE,TRUE,FALSE,TRUE,TRUE,TRUE,"ok","ok","",""
"BaxterE_2016","Baxter 2016",20,"balanced","Ruminococcus",0.885,0.84,0.93,84,93,24446,TRUE,TRUE,TRUE,FALSE,TRUE,TRUE,TRUE,"ok","ok","",""
"BaxterE_2016","Baxter 2016",20,"balanced","Ruminococcus2",0.985,0.99,0.98,99,98,17486,TRUE,TRUE,TRUE,FALSE,TRUE,TRUE,TRUE,"ok","ok","",""
"BaxterE_2016","Baxter 2016",20,"balanced","Streptococcus",0.88,0.88,0.88,88,88,7362,TRUE,TRUE,TRUE,FALSE,TRUE,TRUE,TRUE,"ok","ok","",""
"BaxterE_2016","Baxter 2016",20,"balanced","Unclassified_Clostridiales",0.915,0.93,0.9,93,90,11201,TRUE,TRUE,TRUE,FALSE,TRUE,TRUE,TRUE,"ok","ok","",""
"BaxterE_2016","Baxter 2016",20,"balanced","Unclassified_Lachnospiraceae",1,1,1,100,100,36896,TRUE,TRUE,FALSE,TRUE,TRUE,TRUE,TRUE,"no_observed_zeros","ok","",""
"BaxterE_2016","Baxter 2016",20,"balanced","Unclassified_Ruminococcaceae",0.98,0.97,0.99,97,99,23542,TRUE,TRUE,TRUE,FALSE,TRUE,TRUE,TRUE,"ok","ok","",""
"BaxterE_2016","Baxter 2016",20,"fourfold","Akkermansia",0.835,0.78,0.89,78,89,23858,TRUE,TRUE,TRUE,FALSE,TRUE,TRUE,TRUE,"ok","ok","",""
"BaxterE_2016","Baxter 2016",20,"fourfold","Alistipes",0.9,0.89,0.91,89,91,27864,TRUE,TRUE,TRUE,FALSE,TRUE,TRUE,TRUE,"ok","ok","",""
"BaxterE_2016","Baxter 2016",20,"fourfold","Anaerostipes",0.98,0.96,1,96,100,29577,TRUE,TRUE,TRUE,FALSE,TRUE,TRUE,TRUE,"ok","ok","",""
"BaxterE_2016","Baxter 2016",20,"fourfold","Bacteroides",1,1,1,100,100,143563,TRUE,TRUE,FALSE,TRUE,TRUE,TRUE,TRUE,"no_observed_zeros","ok","",""
"BaxterE_2016","Baxter 2016",20,"fourfold","Bifidobacterium",0.74,0.71,0.77,71,77,8838,TRUE,TRUE,TRUE,FALSE,TRUE,TRUE,TRUE,"ok","ok","",""
"BaxterE_2016","Baxter 2016",20,"fourfold","Blautia",1,1,1,100,100,116525,TRUE,TRUE,FALSE,TRUE,TRUE,TRUE,TRUE,"no_observed_zeros","ok","",""
"BaxterE_2016","Baxter 2016",20,"fourfold","Clostridium_IV",0.975,0.96,0.99,96,99,13903,TRUE,TRUE,TRUE,FALSE,TRUE,TRUE,TRUE,"ok","ok","",""
"BaxterE_2016","Baxter 2016",20,"fourfold","Clostridium_sensu_stricto",0.7,0.63,0.77,63,77,7618,TRUE,TRUE,TRUE,FALSE,TRUE,TRUE,TRUE,"ok","ok","",""
"BaxterE_2016","Baxter 2016",20,"fourfold","Clostridium_XI",0.795,0.72,0.87,72,87,8686,TRUE,TRUE,TRUE,FALSE,TRUE,TRUE,TRUE,"ok","ok","",""
"BaxterE_2016","Baxter 2016",20,"fourfold","Clostridium_XlVa",1,1,1,100,100,16784,TRUE,TRUE,FALSE,TRUE,TRUE,TRUE,TRUE,"no_observed_zeros","ok","",""
"BaxterE_2016","Baxter 2016",20,"fourfold","Clostridium_XVIII",0.905,0.89,0.92,89,92,5559,TRUE,TRUE,TRUE,FALSE,TRUE,TRUE,TRUE,"ok","ok","",""
"BaxterE_2016","Baxter 2016",20,"fourfold","Collinsella",0.58,0.51,0.65,51,65,7988,TRUE,TRUE,TRUE,FALSE,TRUE,TRUE,TRUE,"ok","ok","",""
"BaxterE_2016","Baxter 2016",20,"fourfold","Coprococcus",0.84,0.81,0.87,81,87,8802,TRUE,TRUE,TRUE,FALSE,TRUE,TRUE,TRUE,"ok","ok","",""
"BaxterE_2016","Baxter 2016",20,"fourfold","Dorea",0.96,0.96,0.96,96,96,11783,TRUE,TRUE,TRUE,FALSE,TRUE,TRUE,TRUE,"ok","ok","",""
"BaxterE_2016","Baxter 2016",20,"fourfold","Escherichia/Shigella",0.72,0.7,0.74,70,74,5641,TRUE,TRUE,TRUE,FALSE,TRUE,TRUE,TRUE,"ok","ok","",""
"BaxterE_2016","Baxter 2016",20,"fourfold","Faecalibacterium",0.99,0.98,1,98,100,41763,TRUE,TRUE,TRUE,FALSE,TRUE,TRUE,TRUE,"ok","ok","",""
"BaxterE_2016","Baxter 2016",20,"fourfold","Gemmiger",0.74,0.68,0.8,68,80,10425,TRUE,TRUE,TRUE,FALSE,TRUE,TRUE,TRUE,"ok","ok","",""
"BaxterE_2016","Baxter 2016",20,"fourfold","Lachnospiracea_incertae_sedis",1,1,1,100,100,29904,TRUE,TRUE,FALSE,TRUE,TRUE,TRUE,TRUE,"no_observed_zeros","ok","",""
"BaxterE_2016","Baxter 2016",20,"fourfold","Methanobrevibacter",0.4,0.39,0.41,39,41,5230,TRUE,TRUE,TRUE,FALSE,TRUE,TRUE,TRUE,"ok","ok","",""
"BaxterE_2016","Baxter 2016",20,"fourfold","Oscillibacter",0.875,0.84,0.91,84,91,10252,TRUE,TRUE,TRUE,FALSE,TRUE,TRUE,TRUE,"ok","ok","",""
"BaxterE_2016","Baxter 2016",20,"fourfold","Parabacteroides",0.695,0.64,0.75,64,75,6080,TRUE,TRUE,TRUE,FALSE,TRUE,TRUE,TRUE,"ok","ok","",""
"BaxterE_2016","Baxter 2016",20,"fourfold","Phascolarctobacterium",0.615,0.52,0.71,52,71,7976,TRUE,TRUE,TRUE,FALSE,TRUE,TRUE,TRUE,"ok","ok","",""
"BaxterE_2016","Baxter 2016",20,"fourfold","Prevotella",0.34,0.35,0.33,35,33,16299,TRUE,TRUE,TRUE,FALSE,TRUE,TRUE,TRUE,"ok","ok","",""
"BaxterE_2016","Baxter 2016",20,"fourfold","Roseburia",0.97,0.97,0.97,97,97,35828,TRUE,TRUE,TRUE,FALSE,TRUE,TRUE,TRUE,"ok","ok","",""
"BaxterE_2016","Baxter 2016",20,"fourfold","Ruminococcus",0.865,0.8,0.93,80,93,25375,TRUE,TRUE,TRUE,FALSE,TRUE,TRUE,TRUE,"ok","ok","",""
"BaxterE_2016","Baxter 2016",20,"fourfold","Ruminococcus2",0.97,0.96,0.98,96,98,16607,TRUE,TRUE,TRUE,FALSE,TRUE,TRUE,TRUE,"ok","ok","",""
"BaxterE_2016","Baxter 2016",20,"fourfold","Streptococcus",0.845,0.79,0.9,79,90,6331,TRUE,TRUE,TRUE,FALSE,TRUE,TRUE,TRUE,"ok","ok","",""
"BaxterE_2016","Baxter 2016",20,"fourfold","Unclassified_Clostridiales",0.915,0.9,0.93,90,93,11654,TRUE,TRUE,TRUE,FALSE,TRUE,TRUE,TRUE,"ok","ok","",""
"BaxterE_2016","Baxter 2016",20,"fourfold","Unclassified_Lachnospiraceae",1,1,1,100,100,35761,TRUE,TRUE,FALSE,TRUE,TRUE,TRUE,TRUE,"no_observed_zeros","ok","",""
"BaxterE_2016","Baxter 2016",20,"fourfold","Unclassified_Ruminococcaceae",0.965,0.95,0.98,95,98,22362,TRUE,TRUE,TRUE,FALSE,TRUE,TRUE,TRUE,"ok","ok","",""
"BaxterE_2016","Baxter 2016",21,"balanced","Akkermansia",0.85,0.85,0.85,85,85,23339,TRUE,TRUE,TRUE,FALSE,TRUE,TRUE,TRUE,"ok","ok","",""
"BaxterE_2016","Baxter 2016",21,"balanced","Alistipes",0.9,0.92,0.88,92,88,26585,TRUE,TRUE,TRUE,FALSE,TRUE,TRUE,TRUE,"ok","ok","",""
"BaxterE_2016","Baxter 2016",21,"balanced","Anaerostipes",0.97,0.97,0.97,97,97,31723,TRUE,TRUE,TRUE,FALSE,TRUE,TRUE,TRUE,"ok","ok","",""
"BaxterE_2016","Baxter 2016",21,"balanced","Bacteroides",1,1,1,100,100,125360,TRUE,TRUE,FALSE,TRUE,TRUE,TRUE,TRUE,"no_observed_zeros","ok","",""
"BaxterE_2016","Baxter 2016",21,"balanced","Bifidobacterium",0.735,0.76,0.71,76,71,10633,TRUE,TRUE,TRUE,FALSE,TRUE,TRUE,TRUE,"ok","ok","",""
"BaxterE_2016","Baxter 2016",21,"balanced","Blautia",1,1,1,100,100,139576,TRUE,TRUE,FALSE,TRUE,TRUE,TRUE,TRUE,"no_observed_zeros","ok","",""
"BaxterE_2016","Baxter 2016",21,"balanced","Clostridium_IV",0.995,1,0.99,100,99,16359,TRUE,TRUE,FALSE,TRUE,TRUE,TRUE,TRUE,"structural_absence_boundary_at_zero","ok","",""
"BaxterE_2016","Baxter 2016",21,"balanced","Clostridium_sensu_stricto",0.75,0.77,0.73,77,73,9600,TRUE,TRUE,TRUE,FALSE,TRUE,TRUE,TRUE,"ok","ok","",""
"BaxterE_2016","Baxter 2016",21,"balanced","Clostridium_XI",0.84,0.84,0.84,84,84,9794,TRUE,TRUE,TRUE,FALSE,TRUE,TRUE,TRUE,"ok","ok","",""
"BaxterE_2016","Baxter 2016",21,"balanced","Clostridium_XlVa",0.995,0.99,1,99,100,15365,TRUE,TRUE,TRUE,FALSE,TRUE,TRUE,TRUE,"ok","ok","",""
"BaxterE_2016","Baxter 2016",21,"balanced","Clostridium_XVIII",0.87,0.87,0.87,87,87,5512,TRUE,TRUE,TRUE,FALSE,TRUE,TRUE,TRUE,"ok","ok","",""
"BaxterE_2016","Baxter 2016",21,"balanced","Collinsella",0.59,0.58,0.6,58,60,8638,TRUE,TRUE,TRUE,FALSE,TRUE,TRUE,TRUE,"ok","ok","",""
"BaxterE_2016","Baxter 2016",21,"balanced","Coprococcus",0.86,0.85,0.87,85,87,9888,TRUE,TRUE,TRUE,FALSE,TRUE,TRUE,TRUE,"ok","ok","",""
"BaxterE_2016","Baxter 2016",21,"balanced","Dorea",0.96,0.97,0.95,97,95,14498,TRUE,TRUE,TRUE,FALSE,TRUE,TRUE,TRUE,"ok","ok","",""
"BaxterE_2016","Baxter 2016",21,"balanced","Escherichia/Shigella",0.765,0.8,0.73,80,73,6909,TRUE,TRUE,FALSE,TRUE,TRUE,TRUE,TRUE,"structural_absence_boundary_at_zero","ok","",""
"BaxterE_2016","Baxter 2016",21,"balanced","Faecalibacterium",0.985,0.98,0.99,98,99,47291,TRUE,TRUE,TRUE,FALSE,TRUE,TRUE,TRUE,"ok","ok","",""
"BaxterE_2016","Baxter 2016",21,"balanced","Gemmiger",0.8,0.81,0.79,81,79,9346,TRUE,TRUE,TRUE,FALSE,TRUE,TRUE,TRUE,"ok","ok","",""
"BaxterE_2016","Baxter 2016",21,"balanced","Lachnospiracea_incertae_sedis",1,1,1,100,100,36714,TRUE,TRUE,FALSE,TRUE,TRUE,TRUE,TRUE,"no_observed_zeros","ok","",""
"BaxterE_2016","Baxter 2016",21,"balanced","Methanobrevibacter",0.435,0.41,0.46,41,46,5483,TRUE,TRUE,TRUE,FALSE,TRUE,TRUE,TRUE,"ok","ok","",""
"BaxterE_2016","Baxter 2016",21,"balanced","Oscillibacter",0.915,0.9,0.93,90,93,10430,TRUE,TRUE,TRUE,FALSE,TRUE,TRUE,TRUE,"ok","ok","",""
"BaxterE_2016","Baxter 2016",21,"balanced","Parabacteroides",0.725,0.72,0.73,72,73,5672,TRUE,TRUE,TRUE,FALSE,TRUE,TRUE,TRUE,"ok","ok","",""
"BaxterE_2016","Baxter 2016",21,"balanced","Phascolarctobacterium",0.64,0.69,0.59,69,59,7286,TRUE,TRUE,TRUE,FALSE,TRUE,TRUE,TRUE,"ok","ok","",""
"BaxterE_2016","Baxter 2016",21,"balanced","Prevotella",0.375,0.37,0.38,37,38,12031,TRUE,TRUE,TRUE,FALSE,TRUE,TRUE,TRUE,"ok","ok","",""
"BaxterE_2016","Baxter 2016",21,"balanced","Roseburia",0.98,0.98,0.98,98,98,34932,TRUE,TRUE,TRUE,FALSE,TRUE,TRUE,TRUE,"ok","ok","",""
"BaxterE_2016","Baxter 2016",21,"balanced","Ruminococcus",0.86,0.88,0.84,88,84,24812,TRUE,TRUE,TRUE,FALSE,TRUE,TRUE,TRUE,"ok","ok","",""
"BaxterE_2016","Baxter 2016",21,"balanced","Ruminococcus2",0.985,0.99,0.98,99,98,19337,TRUE,TRUE,TRUE,FALSE,TRUE,TRUE,TRUE,"ok","ok","",""
"BaxterE_2016","Baxter 2016",21,"balanced","Streptococcus",0.86,0.84,0.88,84,88,6324,TRUE,TRUE,TRUE,FALSE,TRUE,TRUE,TRUE,"ok","ok","",""
"BaxterE_2016","Baxter 2016",21,"balanced","Unclassified_Clostridiales",0.915,0.91,0.92,91,92,11326,TRUE,TRUE,TRUE,FALSE,TRUE,TRUE,TRUE,"ok","ok","",""
"BaxterE_2016","Baxter 2016",21,"balanced","Unclassified_Lachnospiraceae",0.995,1,0.99,100,99,38210,TRUE,TRUE,TRUE,FALSE,TRUE,TRUE,TRUE,"ok","ok","",""
"BaxterE_2016","Baxter 2016",21,"balanced","Unclassified_Ruminococcaceae",0.97,0.97,0.97,97,97,23603,TRUE,TRUE,TRUE,FALSE,TRUE,TRUE,TRUE,"ok","ok","",""
"BaxterE_2016","Baxter 2016",21,"fourfold","Akkermansia",0.81,0.78,0.84,78,84,21971,TRUE,TRUE,TRUE,FALSE,TRUE,TRUE,TRUE,"ok","ok","",""
"BaxterE_2016","Baxter 2016",21,"fourfold","Alistipes",0.915,0.9,0.93,90,93,23566,TRUE,TRUE,TRUE,FALSE,TRUE,TRUE,TRUE,"ok","ok","",""
"BaxterE_2016","Baxter 2016",21,"fourfold","Anaerostipes",0.97,0.96,0.98,96,98,29774,TRUE,TRUE,TRUE,FALSE,TRUE,TRUE,TRUE,"ok","ok","",""
"BaxterE_2016","Baxter 2016",21,"fourfold","Bacteroides",0.995,1,0.99,100,99,104890,TRUE,TRUE,TRUE,FALSE,TRUE,TRUE,TRUE,"ok","ok","",""
"BaxterE_2016","Baxter 2016",21,"fourfold","Bifidobacterium",0.71,0.69,0.73,69,73,8646,TRUE,TRUE,TRUE,FALSE,TRUE,TRUE,TRUE,"ok","ok","",""
"BaxterE_2016","Baxter 2016",21,"fourfold","Blautia",1,1,1,100,100,119379,TRUE,TRUE,FALSE,TRUE,TRUE,TRUE,TRUE,"no_observed_zeros","ok","",""
"BaxterE_2016","Baxter 2016",21,"fourfold","Clostridium_IV",0.985,0.98,0.99,98,99,14907,TRUE,TRUE,TRUE,FALSE,TRUE,TRUE,TRUE,"ok","ok","",""
"BaxterE_2016","Baxter 2016",21,"fourfold","Clostridium_sensu_stricto",0.7,0.68,0.72,68,72,9379,TRUE,TRUE,TRUE,FALSE,TRUE,TRUE,TRUE,"ok","ok","",""
"BaxterE_2016","Baxter 2016",21,"fourfold","Clostridium_XI",0.825,0.77,0.88,77,88,8056,TRUE,TRUE,TRUE,FALSE,TRUE,TRUE,TRUE,"ok","ok","",""
"BaxterE_2016","Baxter 2016",21,"fourfold","Clostridium_XlVa",0.995,0.99,1,99,100,14763,TRUE,TRUE,TRUE,FALSE,TRUE,TRUE,TRUE,"ok","ok","",""
"BaxterE_2016","Baxter 2016",21,"fourfold","Clostridium_XVIII",0.85,0.76,0.94,76,94,4741,TRUE,TRUE,TRUE,FALSE,TRUE,TRUE,TRUE,"ok","ok","",""
"BaxterE_2016","Baxter 2016",21,"fourfold","Collinsella",0.61,0.57,0.65,57,65,6455,TRUE,TRUE,TRUE,FALSE,TRUE,TRUE,TRUE,"ok","ok","",""
"BaxterE_2016","Baxter 2016",21,"fourfold","Coprococcus",0.86,0.83,0.89,83,89,8953,TRUE,TRUE,TRUE,FALSE,TRUE,TRUE,TRUE,"ok","ok","",""
"BaxterE_2016","Baxter 2016",21,"fourfold","Dorea",0.95,0.94,0.96,94,96,13439,TRUE,TRUE,TRUE,FALSE,TRUE,TRUE,TRUE,"ok","ok","",""
"BaxterE_2016","Baxter 2016",21,"fourfold","Escherichia/Shigella",0.71,0.64,0.78,64,78,5610,TRUE,TRUE,TRUE,FALSE,TRUE,TRUE,TRUE,"ok","ok","",""
"BaxterE_2016","Baxter 2016",21,"fourfold","Faecalibacterium",0.98,0.97,0.99,97,99,41545,TRUE,TRUE,TRUE,FALSE,TRUE,TRUE,TRUE,"ok","ok","",""
"BaxterE_2016","Baxter 2016",21,"fourfold","Gemmiger",0.785,0.76,0.81,76,81,8644,TRUE,TRUE,TRUE,FALSE,TRUE,TRUE,TRUE,"ok","ok","",""
"BaxterE_2016","Baxter 2016",21,"fourfold","Lachnospiracea_incertae_sedis",0.99,0.98,1,98,100,30901,TRUE,TRUE,TRUE,FALSE,TRUE,TRUE,TRUE,"ok","ok","",""
"BaxterE_2016","Baxter 2016",21,"fourfold","Methanobrevibacter",0.4,0.39,0.41,39,41,6596,TRUE,TRUE,TRUE,FALSE,TRUE,TRUE,TRUE,"ok","ok","",""
"BaxterE_2016","Baxter 2016",21,"fourfold","Oscillibacter",0.84,0.76,0.92,76,92,9019,TRUE,TRUE,TRUE,FALSE,TRUE,TRUE,TRUE,"ok","ok","",""
"BaxterE_2016","Baxter 2016",21,"fourfold","Parabacteroides",0.705,0.69,0.72,69,72,4422,TRUE,TRUE,TRUE,FALSE,TRUE,TRUE,TRUE,"ok","ok","",""
"BaxterE_2016","Baxter 2016",21,"fourfold","Phascolarctobacterium",0.64,0.63,0.65,63,65,7112,TRUE,TRUE,TRUE,FALSE,TRUE,TRUE,TRUE,"ok","ok","",""
"BaxterE_2016","Baxter 2016",21,"fourfold","Prevotella",0.335,0.31,0.36,31,36,10917,TRUE,TRUE,TRUE,FALSE,TRUE,TRUE,TRUE,"ok","ok","",""
"BaxterE_2016","Baxter 2016",21,"fourfold","Roseburia",0.975,0.96,0.99,96,99,29333,TRUE,TRUE,TRUE,FALSE,TRUE,TRUE,TRUE,"ok","ok","",""
"BaxterE_2016","Baxter 2016",21,"fourfold","Ruminococcus",0.85,0.84,0.86,84,86,24737,TRUE,TRUE,TRUE,FALSE,TRUE,TRUE,TRUE,"ok","ok","",""
"BaxterE_2016","Baxter 2016",21,"fourfold","Ruminococcus2",0.965,0.95,0.98,95,98,16042,TRUE,TRUE,TRUE,FALSE,TRUE,TRUE,TRUE,"ok","ok","",""
"BaxterE_2016","Baxter 2016",21,"fourfold","Streptococcus",0.79,0.69,0.89,69,89,5941,TRUE,TRUE,TRUE,FALSE,TRUE,TRUE,TRUE,"ok","ok","",""
"BaxterE_2016","Baxter 2016",21,"fourfold","Unclassified_Clostridiales",0.895,0.87,0.92,87,92,10767,TRUE,TRUE,TRUE,FALSE,TRUE,TRUE,TRUE,"ok","ok","",""
"BaxterE_2016","Baxter 2016",21,"fourfold","Unclassified_Lachnospiraceae",1,1,1,100,100,35520,TRUE,TRUE,FALSE,TRUE,TRUE,TRUE,TRUE,"no_observed_zeros","ok","",""
"BaxterE_2016","Baxter 2016",21,"fourfold","Unclassified_Ruminococcaceae",0.965,0.95,0.98,95,98,22527,TRUE,TRUE,TRUE,FALSE,TRUE,TRUE,TRUE,"ok","ok","",""
"BaxterE_2016","Baxter 2016",22,"balanced","Akkermansia",0.855,0.81,0.9,81,90,23002,TRUE,TRUE,TRUE,FALSE,TRUE,TRUE,TRUE,"ok","ok","",""
"BaxterE_2016","Baxter 2016",22,"balanced","Alistipes",0.93,0.93,0.93,93,93,26654,TRUE,TRUE,TRUE,FALSE,TRUE,TRUE,TRUE,"ok","ok","",""
"BaxterE_2016","Baxter 2016",22,"balanced","Anaerostipes",0.975,0.99,0.96,99,96,30655,TRUE,TRUE,TRUE,FALSE,TRUE,TRUE,TRUE,"ok","ok","",""
"BaxterE_2016","Baxter 2016",22,"balanced","Bacteroides",1,1,1,100,100,122950,TRUE,TRUE,FALSE,TRUE,TRUE,TRUE,TRUE,"no_observed_zeros","ok","",""
"BaxterE_2016","Baxter 2016",22,"balanced","Bifidobacterium",0.74,0.67,0.81,67,81,8542,TRUE,TRUE,TRUE,FALSE,TRUE,TRUE,TRUE,"ok","ok","",""
"BaxterE_2016","Baxter 2016",22,"balanced","Blautia",1,1,1,100,100,130086,TRUE,TRUE,FALSE,TRUE,TRUE,TRUE,TRUE,"no_observed_zeros","ok","",""
"BaxterE_2016","Baxter 2016",22,"balanced","Clostridium_IV",0.985,0.99,0.98,99,98,16529,TRUE,TRUE,TRUE,FALSE,TRUE,TRUE,TRUE,"ok","ok","",""
"BaxterE_2016","Baxter 2016",22,"balanced","Clostridium_sensu_stricto",0.71,0.74,0.68,74,68,9324,TRUE,TRUE,TRUE,FALSE,TRUE,TRUE,TRUE,"ok","ok","",""
"BaxterE_2016","Baxter 2016",22,"balanced","Clostridium_XI",0.83,0.83,0.83,83,83,9930,TRUE,TRUE,TRUE,FALSE,TRUE,TRUE,TRUE,"ok","ok","",""
"BaxterE_2016","Baxter 2016",22,"balanced","Clostridium_XlVa",0.995,1,0.99,100,99,15865,TRUE,TRUE,TRUE,FALSE,TRUE,TRUE,TRUE,"ok","ok","",""
"BaxterE_2016","Baxter 2016",22,"balanced","Clostridium_XVIII",0.91,0.94,0.88,94,88,5395,TRUE,TRUE,TRUE,FALSE,TRUE,TRUE,TRUE,"ok","ok","",""
"BaxterE_2016","Baxter 2016",22,"balanced","Collinsella",0.605,0.56,0.65,56,65,8087,TRUE,TRUE,TRUE,FALSE,TRUE,TRUE,TRUE,"ok","ok","",""
"BaxterE_2016","Baxter 2016",22,"balanced","Coprococcus",0.87,0.85,0.89,85,89,9539,TRUE,TRUE,TRUE,FALSE,TRUE,TRUE,TRUE,"ok","ok","",""
"BaxterE_2016","Baxter 2016",22,"balanced","Dorea",0.96,0.95,0.97,95,97,14187,TRUE,TRUE,TRUE,FALSE,TRUE,TRUE,TRUE,"ok","ok","",""
"BaxterE_2016","Baxter 2016",22,"balanced","Escherichia/Shigella",0.77,0.81,0.73,81,73,6997,TRUE,TRUE,TRUE,FALSE,TRUE,TRUE,TRUE,"ok","ok","",""
"BaxterE_2016","Baxter 2016",22,"balanced","Faecalibacterium",0.98,0.97,0.99,97,99,46078,TRUE,TRUE,TRUE,FALSE,TRUE,TRUE,TRUE,"ok","ok","",""
"BaxterE_2016","Baxter 2016",22,"balanced","Gemmiger",0.795,0.79,0.8,79,80,9335,TRUE,TRUE,TRUE,FALSE,TRUE,TRUE,TRUE,"ok","ok","",""
"BaxterE_2016","Baxter 2016",22,"balanced","Lachnospiracea_incertae_sedis",1,1,1,100,100,35311,TRUE,TRUE,FALSE,TRUE,TRUE,TRUE,TRUE,"no_observed_zeros","ok","",""
"BaxterE_2016","Baxter 2016",22,"balanced","Methanobrevibacter",0.425,0.38,0.47,38,47,6585,TRUE,TRUE,TRUE,FALSE,TRUE,TRUE,TRUE,"ok","ok","",""
"BaxterE_2016","Baxter 2016",22,"balanced","Oscillibacter",0.88,0.87,0.89,87,89,11536,TRUE,TRUE,TRUE,FALSE,TRUE,TRUE,TRUE,"ok","ok","",""
"BaxterE_2016","Baxter 2016",22,"balanced","Parabacteroides",0.715,0.73,0.7,73,70,5290,TRUE,TRUE,TRUE,FALSE,TRUE,TRUE,TRUE,"ok","ok","",""
"BaxterE_2016","Baxter 2016",22,"balanced","Phascolarctobacterium",0.66,0.65,0.67,65,67,8400,TRUE,TRUE,TRUE,FALSE,TRUE,TRUE,TRUE,"ok","ok","",""
"BaxterE_2016","Baxter 2016",22,"balanced","Prevotella",0.385,0.36,0.41,36,41,14211,TRUE,TRUE,TRUE,FALSE,TRUE,TRUE,TRUE,"ok","ok","",""
"BaxterE_2016","Baxter 2016",22,"balanced","Roseburia",0.98,0.98,0.98,98,98,35925,TRUE,TRUE,TRUE,FALSE,TRUE,TRUE,TRUE,"ok","ok","",""
"BaxterE_2016","Baxter 2016",22,"balanced","Ruminococcus",0.885,0.86,0.91,86,91,25816,TRUE,TRUE,TRUE,FALSE,TRUE,TRUE,TRUE,"ok","ok","",""
"BaxterE_2016","Baxter 2016",22,"balanced","Ruminococcus2",0.97,0.99,0.95,99,95,17846,TRUE,TRUE,TRUE,FALSE,TRUE,TRUE,TRUE,"ok","ok","",""
"BaxterE_2016","Baxter 2016",22,"balanced","Streptococcus",0.84,0.85,0.83,85,83,6376,TRUE,TRUE,TRUE,FALSE,TRUE,TRUE,TRUE,"ok","ok","",""
"BaxterE_2016","Baxter 2016",22,"balanced","Unclassified_Clostridiales",0.925,0.91,0.94,91,94,12345,TRUE,TRUE,TRUE,FALSE,TRUE,TRUE,TRUE,"ok","ok","",""
"BaxterE_2016","Baxter 2016",22,"balanced","Unclassified_Lachnospiraceae",1,1,1,100,100,38016,TRUE,TRUE,FALSE,TRUE,TRUE,TRUE,TRUE,"no_observed_zeros","ok","",""
"BaxterE_2016","Baxter 2016",22,"balanced","Unclassified_Ruminococcaceae",0.99,0.98,1,98,100,26227,TRUE,TRUE,TRUE,FALSE,TRUE,TRUE,TRUE,"ok","ok","",""
"BaxterE_2016","Baxter 2016",22,"fourfold","Akkermansia",0.81,0.71,0.91,71,91,22629,TRUE,TRUE,TRUE,FALSE,TRUE,TRUE,TRUE,"ok","ok","",""
"BaxterE_2016","Baxter 2016",22,"fourfold","Alistipes",0.905,0.88,0.93,88,93,22281,TRUE,TRUE,TRUE,FALSE,TRUE,TRUE,TRUE,"ok","ok","",""
"BaxterE_2016","Baxter 2016",22,"fourfold","Anaerostipes",0.985,0.98,0.99,98,99,27273,TRUE,TRUE,TRUE,FALSE,TRUE,TRUE,TRUE,"ok","ok","",""
"BaxterE_2016","Baxter 2016",22,"fourfold","Bacteroides",1,1,1,100,100,117410,TRUE,TRUE,FALSE,TRUE,TRUE,TRUE,TRUE,"no_observed_zeros","ok","",""
"BaxterE_2016","Baxter 2016",22,"fourfold","Bifidobacterium",0.68,0.59,0.77,59,77,7546,TRUE,TRUE,TRUE,FALSE,TRUE,TRUE,TRUE,"ok","ok","",""
"BaxterE_2016","Baxter 2016",22,"fourfold","Blautia",1,1,1,100,100,113915,TRUE,TRUE,FALSE,TRUE,TRUE,TRUE,TRUE,"no_observed_zeros","ok","",""
"BaxterE_2016","Baxter 2016",22,"fourfold","Clostridium_IV",0.97,0.95,0.99,95,99,15316,TRUE,TRUE,TRUE,FALSE,TRUE,TRUE,TRUE,"ok","ok","",""
"BaxterE_2016","Baxter 2016",22,"fourfold","Clostridium_sensu_stricto",0.685,0.64,0.73,64,73,8454,TRUE,TRUE,TRUE,FALSE,TRUE,TRUE,TRUE,"ok","ok","",""
"BaxterE_2016","Baxter 2016",22,"fourfold","Clostridium_XI",0.82,0.76,0.88,76,88,8878,TRUE,TRUE,TRUE,FALSE,TRUE,TRUE,TRUE,"ok","ok","",""
"BaxterE_2016","Baxter 2016",22,"fourfold","Clostridium_XlVa",1,1,1,100,100,13379,TRUE,TRUE,FALSE,TRUE,TRUE,TRUE,TRUE,"no_observed_zeros","ok","",""
"BaxterE_2016","Baxter 2016",22,"fourfold","Clostridium_XVIII",0.885,0.84,0.93,84,93,4509,TRUE,TRUE,TRUE,FALSE,TRUE,TRUE,TRUE,"ok","ok","",""
"BaxterE_2016","Baxter 2016",22,"fourfold","Collinsella",0.605,0.55,0.66,55,66,7082,TRUE,TRUE,TRUE,FALSE,TRUE,TRUE,TRUE,"ok","ok","",""
"BaxterE_2016","Baxter 2016",22,"fourfold","Coprococcus",0.845,0.81,0.88,81,88,8310,TRUE,TRUE,TRUE,FALSE,TRUE,TRUE,TRUE,"ok","ok","",""
"BaxterE_2016","Baxter 2016",22,"fourfold","Dorea",0.95,0.95,0.95,95,95,12161,TRUE,TRUE,TRUE,FALSE,TRUE,TRUE,TRUE,"ok","ok","",""
"BaxterE_2016","Baxter 2016",22,"fourfold","Escherichia/Shigella",0.72,0.65,0.79,65,79,6660,TRUE,TRUE,TRUE,FALSE,TRUE,TRUE,TRUE,"ok","ok","",""
"BaxterE_2016","Baxter 2016",22,"fourfold","Faecalibacterium",0.995,1,0.99,100,99,42633,TRUE,TRUE,TRUE,FALSE,TRUE,TRUE,TRUE,"ok","ok","",""
"BaxterE_2016","Baxter 2016",22,"fourfold","Gemmiger",0.745,0.69,0.8,69,80,7768,TRUE,TRUE,TRUE,FALSE,TRUE,TRUE,TRUE,"ok","ok","",""
"BaxterE_2016","Baxter 2016",22,"fourfold","Lachnospiracea_incertae_sedis",1,1,1,100,100,31222,TRUE,TRUE,FALSE,TRUE,TRUE,TRUE,TRUE,"no_observed_zeros","ok","",""
"BaxterE_2016","Baxter 2016",22,"fourfold","Methanobrevibacter",0.425,0.37,0.48,37,48,4412,TRUE,TRUE,TRUE,FALSE,TRUE,TRUE,TRUE,"ok","ok","",""
"BaxterE_2016","Baxter 2016",22,"fourfold","Oscillibacter",0.865,0.81,0.92,81,92,10986,TRUE,TRUE,TRUE,FALSE,TRUE,TRUE,TRUE,"ok","ok","",""
"BaxterE_2016","Baxter 2016",22,"fourfold","Parabacteroides",0.695,0.67,0.72,67,72,4994,TRUE,TRUE,TRUE,FALSE,TRUE,TRUE,TRUE,"ok","ok","",""
"BaxterE_2016","Baxter 2016",22,"fourfold","Phascolarctobacterium",0.635,0.57,0.7,57,70,7722,TRUE,TRUE,TRUE,FALSE,TRUE,TRUE,TRUE,"ok","ok","",""
"BaxterE_2016","Baxter 2016",22,"fourfold","Prevotella",0.355,0.31,0.4,31,40,11317,TRUE,TRUE,TRUE,FALSE,TRUE,TRUE,TRUE,"ok","ok","",""
"BaxterE_2016","Baxter 2016",22,"fourfold","Roseburia",0.97,0.97,0.97,97,97,31141,TRUE,TRUE,TRUE,FALSE,TRUE,TRUE,TRUE,"ok","ok","",""
"BaxterE_2016","Baxter 2016",22,"fourfold","Ruminococcus",0.85,0.79,0.91,79,91,22250,TRUE,TRUE,TRUE,FALSE,TRUE,TRUE,TRUE,"ok","ok","",""
"BaxterE_2016","Baxter 2016",22,"fourfold","Ruminococcus2",0.96,0.96,0.96,96,96,17619,TRUE,TRUE,TRUE,FALSE,TRUE,TRUE,TRUE,"ok","ok","",""
"BaxterE_2016","Baxter 2016",22,"fourfold","Streptococcus",0.87,0.86,0.88,86,88,5310,TRUE,TRUE,FALSE,TRUE,TRUE,TRUE,TRUE,"structural_absence_boundary_at_zero","ok","",""
"BaxterE_2016","Baxter 2016",22,"fourfold","Unclassified_Clostridiales",0.92,0.87,0.97,87,97,10272,TRUE,TRUE,TRUE,FALSE,TRUE,TRUE,TRUE,"ok","ok","",""
"BaxterE_2016","Baxter 2016",22,"fourfold","Unclassified_Lachnospiraceae",1,1,1,100,100,33616,TRUE,TRUE,FALSE,TRUE,TRUE,TRUE,TRUE,"no_observed_zeros","ok","",""
"BaxterE_2016","Baxter 2016",22,"fourfold","Unclassified_Ruminococcaceae",0.97,0.96,0.98,96,98,23499,TRUE,TRUE,TRUE,FALSE,TRUE,TRUE,TRUE,"ok","ok","",""
"BaxterE_2016","Baxter 2016",23,"balanced","Akkermansia",0.835,0.85,0.82,85,82,25004,TRUE,TRUE,TRUE,FALSE,TRUE,TRUE,TRUE,"ok","ok","",""
"BaxterE_2016","Baxter 2016",23,"balanced","Alistipes",0.925,0.88,0.97,88,97,25400,TRUE,TRUE,TRUE,FALSE,TRUE,TRUE,TRUE,"ok","ok","",""
"BaxterE_2016","Baxter 2016",23,"balanced","Anaerostipes",0.985,0.98,0.99,98,99,28281,TRUE,TRUE,TRUE,FALSE,TRUE,TRUE,TRUE,"ok","ok","",""
"BaxterE_2016","Baxter 2016",23,"balanced","Bacteroides",0.995,0.99,1,99,100,125670,TRUE,TRUE,TRUE,FALSE,TRUE,TRUE,TRUE,"ok","ok","",""
"BaxterE_2016","Baxter 2016",23,"balanced","Bifidobacterium",0.715,0.76,0.67,76,67,8947,TRUE,TRUE,TRUE,FALSE,TRUE,TRUE,TRUE,"ok","ok","",""
"BaxterE_2016","Baxter 2016",23,"balanced","Blautia",1,1,1,100,100,127423,TRUE,TRUE,FALSE,TRUE,TRUE,TRUE,TRUE,"no_observed_zeros","ok","",""
"BaxterE_2016","Baxter 2016",23,"balanced","Clostridium_IV",0.995,0.99,1,99,100,16288,TRUE,TRUE,FALSE,TRUE,TRUE,TRUE,TRUE,"structural_absence_boundary_at_zero","ok","",""
"BaxterE_2016","Baxter 2016",23,"balanced","Clostridium_sensu_stricto",0.74,0.73,0.75,73,75,8623,TRUE,TRUE,TRUE,FALSE,TRUE,TRUE,TRUE,"ok","ok","",""
"BaxterE_2016","Baxter 2016",23,"balanced","Clostridium_XI",0.845,0.82,0.87,82,87,9236,TRUE,TRUE,TRUE,FALSE,TRUE,TRUE,TRUE,"ok","ok","",""
"BaxterE_2016","Baxter 2016",23,"balanced","Clostridium_XlVa",1,1,1,100,100,15772,TRUE,TRUE,FALSE,TRUE,TRUE,TRUE,TRUE,"no_observed_zeros","ok","",""
"BaxterE_2016","Baxter 2016",23,"balanced","Clostridium_XVIII",0.915,0.96,0.87,96,87,4930,TRUE,TRUE,TRUE,FALSE,TRUE,TRUE,TRUE,"ok","ok","",""
"BaxterE_2016","Baxter 2016",23,"balanced","Collinsella",0.6,0.65,0.55,65,55,8361,TRUE,TRUE,TRUE,FALSE,TRUE,TRUE,TRUE,"ok","ok","",""
"BaxterE_2016","Baxter 2016",23,"balanced","Coprococcus",0.875,0.9,0.85,90,85,9210,TRUE,TRUE,TRUE,FALSE,TRUE,TRUE,TRUE,"ok","ok","",""
"BaxterE_2016","Baxter 2016",23,"balanced","Dorea",0.955,0.98,0.93,98,93,13682,TRUE,TRUE,TRUE,FALSE,TRUE,TRUE,TRUE,"ok","ok","",""
"BaxterE_2016","Baxter 2016",23,"balanced","Escherichia/Shigella",0.755,0.78,0.73,78,73,7340,TRUE,TRUE,TRUE,FALSE,TRUE,TRUE,TRUE,"ok","ok","",""
"BaxterE_2016","Baxter 2016",23,"balanced","Faecalibacterium",0.985,0.98,0.99,98,99,43575,TRUE,TRUE,TRUE,FALSE,TRUE,TRUE,TRUE,"ok","ok","",""
"BaxterE_2016","Baxter 2016",23,"balanced","Gemmiger",0.785,0.79,0.78,79,78,8297,TRUE,TRUE,TRUE,FALSE,TRUE,TRUE,TRUE,"ok","ok","",""
"BaxterE_2016","Baxter 2016",23,"balanced","Lachnospiracea_incertae_sedis",1,1,1,100,100,34704,TRUE,TRUE,FALSE,TRUE,TRUE,TRUE,TRUE,"no_observed_zeros","ok","",""
"BaxterE_2016","Baxter 2016",23,"balanced","Methanobrevibacter",0.415,0.42,0.41,42,41,6116,TRUE,TRUE,TRUE,FALSE,TRUE,TRUE,TRUE,"ok","ok","",""
"BaxterE_2016","Baxter 2016",23,"balanced","Oscillibacter",0.9,0.86,0.94,86,94,11032,TRUE,TRUE,TRUE,FALSE,TRUE,TRUE,TRUE,"ok","ok","",""
"BaxterE_2016","Baxter 2016",23,"balanced","Parabacteroides",0.715,0.68,0.75,68,75,5651,TRUE,TRUE,TRUE,FALSE,TRUE,TRUE,TRUE,"ok","ok","",""
"BaxterE_2016","Baxter 2016",23,"balanced","Phascolarctobacterium",0.645,0.66,0.63,66,63,7611,TRUE,TRUE,TRUE,FALSE,TRUE,TRUE,TRUE,"ok","ok","",""
"BaxterE_2016","Baxter 2016",23,"balanced","Prevotella",0.395,0.37,0.42,37,42,13421,TRUE,TRUE,TRUE,FALSE,TRUE,TRUE,TRUE,"ok","ok","",""
"BaxterE_2016","Baxter 2016",23,"balanced","Roseburia",0.985,0.98,0.99,98,99,34269,TRUE,TRUE,TRUE,FALSE,TRUE,TRUE,TRUE,"ok","ok","",""
"BaxterE_2016","Baxter 2016",23,"balanced","Ruminococcus",0.895,0.87,0.92,87,92,24921,TRUE,TRUE,TRUE,FALSE,TRUE,TRUE,TRUE,"ok","ok","",""
"BaxterE_2016","Baxter 2016",23,"balanced","Ruminococcus2",0.98,0.98,0.98,98,98,17896,TRUE,TRUE,TRUE,FALSE,TRUE,TRUE,TRUE,"ok","ok","",""
"BaxterE_2016","Baxter 2016",23,"balanced","Streptococcus",0.85,0.84,0.86,84,86,6271,TRUE,TRUE,TRUE,FALSE,TRUE,TRUE,TRUE,"ok","ok","",""
"BaxterE_2016","Baxter 2016",23,"balanced","Unclassified_Clostridiales",0.925,0.91,0.94,91,94,11195,TRUE,TRUE,TRUE,FALSE,TRUE,TRUE,TRUE,"ok","ok","",""
"BaxterE_2016","Baxter 2016",23,"balanced","Unclassified_Lachnospiraceae",1,1,1,100,100,35890,TRUE,TRUE,FALSE,TRUE,TRUE,TRUE,TRUE,"no_observed_zeros","ok","",""
"BaxterE_2016","Baxter 2016",23,"balanced","Unclassified_Ruminococcaceae",0.985,0.98,0.99,98,99,24900,TRUE,TRUE,TRUE,FALSE,TRUE,TRUE,TRUE,"ok","ok","",""
"BaxterE_2016","Baxter 2016",23,"fourfold","Akkermansia",0.815,0.71,0.92,71,92,25516,TRUE,TRUE,TRUE,FALSE,TRUE,TRUE,TRUE,"ok","ok","",""
"BaxterE_2016","Baxter 2016",23,"fourfold","Alistipes",0.905,0.83,0.98,83,98,26708,TRUE,TRUE,TRUE,FALSE,TRUE,TRUE,TRUE,"ok","ok","",""
"BaxterE_2016","Baxter 2016",23,"fourfold","Anaerostipes",0.99,0.99,0.99,99,99,29603,TRUE,TRUE,TRUE,FALSE,TRUE,TRUE,TRUE,"ok","ok","",""
"BaxterE_2016","Baxter 2016",23,"fourfold","Bacteroides",1,1,1,100,100,120521,TRUE,TRUE,FALSE,TRUE,TRUE,TRUE,TRUE,"no_observed_zeros","ok","",""
"BaxterE_2016","Baxter 2016",23,"fourfold","Bifidobacterium",0.68,0.68,0.68,68,68,8758,TRUE,TRUE,TRUE,FALSE,TRUE,TRUE,TRUE,"ok","ok","",""
"BaxterE_2016","Baxter 2016",23,"fourfold","Blautia",1,1,1,100,100,128464,TRUE,TRUE,FALSE,TRUE,TRUE,TRUE,TRUE,"no_observed_zeros","ok","",""
"BaxterE_2016","Baxter 2016",23,"fourfold","Clostridium_IV",0.97,0.94,1,94,100,15707,TRUE,TRUE,TRUE,FALSE,TRUE,TRUE,TRUE,"ok","ok","",""
"BaxterE_2016","Baxter 2016",23,"fourfold","Clostridium_sensu_stricto",0.705,0.62,0.79,62,79,8602,TRUE,TRUE,TRUE,FALSE,TRUE,TRUE,TRUE,"ok","ok","",""
"BaxterE_2016","Baxter 2016",23,"fourfold","Clostridium_XI",0.82,0.73,0.91,73,91,8516,TRUE,TRUE,TRUE,FALSE,TRUE,TRUE,TRUE,"ok","ok","",""
"BaxterE_2016","Baxter 2016",23,"fourfold","Clostridium_XlVa",0.995,0.99,1,99,100,15699,TRUE,TRUE,TRUE,FALSE,TRUE,TRUE,TRUE,"ok","ok","",""
"BaxterE_2016","Baxter 2016",23,"fourfold","Clostridium_XVIII",0.91,0.88,0.94,88,94,4968,TRUE,TRUE,TRUE,FALSE,TRUE,TRUE,TRUE,"ok","ok","",""
"BaxterE_2016","Baxter 2016",23,"fourfold","Collinsella",0.585,0.6,0.57,60,57,7823,TRUE,TRUE,TRUE,FALSE,TRUE,TRUE,TRUE,"ok","ok","",""
"BaxterE_2016","Baxter 2016",23,"fourfold","Coprococcus",0.86,0.86,0.86,86,86,8215,TRUE,TRUE,TRUE,FALSE,TRUE,TRUE,TRUE,"ok","ok","",""
"BaxterE_2016","Baxter 2016",23,"fourfold","Dorea",0.955,0.95,0.96,95,96,12567,TRUE,TRUE,TRUE,FALSE,TRUE,TRUE,TRUE,"ok","ok","",""
"BaxterE_2016","Baxter 2016",23,"fourfold","Escherichia/Shigella",0.705,0.61,0.8,61,80,5506,TRUE,TRUE,TRUE,FALSE,TRUE,TRUE,TRUE,"ok","ok","",""
"BaxterE_2016","Baxter 2016",23,"fourfold","Faecalibacterium",0.98,0.96,1,96,100,44652,TRUE,TRUE,TRUE,FALSE,TRUE,TRUE,TRUE,"ok","ok","",""
"BaxterE_2016","Baxter 2016",23,"fourfold","Gemmiger",0.755,0.73,0.78,73,78,8432,TRUE,TRUE,TRUE,FALSE,TRUE,TRUE,TRUE,"ok","ok","",""
"BaxterE_2016","Baxter 2016",23,"fourfold","Lachnospiracea_incertae_sedis",0.995,0.99,1,99,100,30468,TRUE,TRUE,TRUE,FALSE,TRUE,TRUE,TRUE,"ok","ok","",""
"BaxterE_2016","Baxter 2016",23,"fourfold","Methanobrevibacter",0.395,0.35,0.44,35,44,5551,TRUE,TRUE,TRUE,FALSE,TRUE,TRUE,TRUE,"ok","ok","",""
"BaxterE_2016","Baxter 2016",23,"fourfold","Oscillibacter",0.87,0.79,0.95,79,95,11088,TRUE,TRUE,TRUE,FALSE,TRUE,TRUE,TRUE,"ok","ok","",""
"BaxterE_2016","Baxter 2016",23,"fourfold","Parabacteroides",0.705,0.62,0.79,62,79,5453,TRUE,TRUE,TRUE,FALSE,TRUE,TRUE,TRUE,"ok","ok","",""
"BaxterE_2016","Baxter 2016",23,"fourfold","Phascolarctobacterium",0.63,0.6,0.66,60,66,8418,TRUE,TRUE,TRUE,FALSE,TRUE,TRUE,TRUE,"ok","ok","",""
"BaxterE_2016","Baxter 2016",23,"fourfold","Prevotella",0.355,0.26,0.45,26,45,14398,TRUE,TRUE,TRUE,FALSE,TRUE,TRUE,TRUE,"ok","ok","",""
"BaxterE_2016","Baxter 2016",23,"fourfold","Roseburia",0.975,0.95,1,95,100,31496,TRUE,TRUE,TRUE,FALSE,TRUE,TRUE,TRUE,"ok","ok","",""
"BaxterE_2016","Baxter 2016",23,"fourfold","Ruminococcus",0.88,0.8,0.96,80,96,23410,TRUE,TRUE,TRUE,FALSE,TRUE,TRUE,TRUE,"ok","ok","",""
"BaxterE_2016","Baxter 2016",23,"fourfold","Ruminococcus2",0.985,0.97,1,97,100,16463,TRUE,TRUE,FALSE,TRUE,TRUE,TRUE,TRUE,"structural_absence_boundary_at_zero","ok","",""
"BaxterE_2016","Baxter 2016",23,"fourfold","Streptococcus",0.84,0.78,0.9,78,90,5951,TRUE,TRUE,TRUE,FALSE,TRUE,TRUE,TRUE,"ok","ok","",""
"BaxterE_2016","Baxter 2016",23,"fourfold","Unclassified_Clostridiales",0.92,0.89,0.95,89,95,11538,TRUE,TRUE,TRUE,FALSE,TRUE,TRUE,TRUE,"ok","ok","",""
"BaxterE_2016","Baxter 2016",23,"fourfold","Unclassified_Lachnospiraceae",0.995,1,0.99,100,99,34828,TRUE,TRUE,TRUE,FALSE,TRUE,TRUE,TRUE,"ok","ok","",""
"BaxterE_2016","Baxter 2016",23,"fourfold","Unclassified_Ruminococcaceae",0.965,0.94,0.99,94,99,26229,TRUE,TRUE,TRUE,FALSE,TRUE,TRUE,TRUE,"ok","ok","",""
"BaxterE_2016","Baxter 2016",24,"balanced","Akkermansia",0.85,0.86,0.84,86,84,23847,TRUE,TRUE,TRUE,FALSE,TRUE,TRUE,TRUE,"ok","ok","",""
"BaxterE_2016","Baxter 2016",24,"balanced","Alistipes",0.91,0.91,0.91,91,91,29205,TRUE,TRUE,TRUE,FALSE,TRUE,TRUE,TRUE,"ok","ok","",""
"BaxterE_2016","Baxter 2016",24,"balanced","Anaerostipes",0.98,0.98,0.98,98,98,31542,TRUE,TRUE,TRUE,FALSE,TRUE,TRUE,TRUE,"ok","ok","",""
"BaxterE_2016","Baxter 2016",24,"balanced","Bacteroides",1,1,1,100,100,131133,TRUE,TRUE,FALSE,TRUE,TRUE,TRUE,TRUE,"no_observed_zeros","ok","",""
"BaxterE_2016","Baxter 2016",24,"balanced","Bifidobacterium",0.735,0.73,0.74,73,74,9175,TRUE,TRUE,TRUE,FALSE,TRUE,TRUE,TRUE,"ok","ok","",""
"BaxterE_2016","Baxter 2016",24,"balanced","Blautia",1,1,1,100,100,136195,TRUE,TRUE,FALSE,TRUE,TRUE,TRUE,TRUE,"no_observed_zeros","ok","",""
"BaxterE_2016","Baxter 2016",24,"balanced","Clostridium_IV",0.99,0.98,1,98,100,16160,TRUE,TRUE,TRUE,FALSE,TRUE,TRUE,TRUE,"ok","ok","",""
"BaxterE_2016","Baxter 2016",24,"balanced","Clostridium_sensu_stricto",0.755,0.78,0.73,78,73,9703,TRUE,TRUE,TRUE,FALSE,TRUE,TRUE,TRUE,"ok","ok","",""
"BaxterE_2016","Baxter 2016",24,"balanced","Clostridium_XI",0.87,0.82,0.92,82,92,10512,TRUE,TRUE,TRUE,FALSE,TRUE,TRUE,TRUE,"ok","ok","",""
"BaxterE_2016","Baxter 2016",24,"balanced","Clostridium_XlVa",1,1,1,100,100,16077,TRUE,TRUE,FALSE,TRUE,TRUE,TRUE,TRUE,"no_observed_zeros","ok","",""
"BaxterE_2016","Baxter 2016",24,"balanced","Clostridium_XVIII",0.91,0.92,0.9,92,90,5620,TRUE,TRUE,TRUE,FALSE,TRUE,TRUE,TRUE,"ok","ok","",""
"BaxterE_2016","Baxter 2016",24,"balanced","Collinsella",0.61,0.65,0.57,65,57,8785,TRUE,TRUE,TRUE,FALSE,TRUE,TRUE,TRUE,"ok","ok","",""
"BaxterE_2016","Baxter 2016",24,"balanced","Coprococcus",0.87,0.85,0.89,85,89,9610,TRUE,TRUE,TRUE,FALSE,TRUE,TRUE,TRUE,"ok","ok","",""
"BaxterE_2016","Baxter 2016",24,"balanced","Dorea",0.945,0.96,0.93,96,93,15652,TRUE,TRUE,TRUE,FALSE,TRUE,TRUE,TRUE,"ok","ok","",""
"BaxterE_2016","Baxter 2016",24,"balanced","Escherichia/Shigella",0.77,0.76,0.78,76,78,7288,TRUE,TRUE,TRUE,FALSE,TRUE,TRUE,TRUE,"ok","ok","",""
"BaxterE_2016","Baxter 2016",24,"balanced","Faecalibacterium",0.995,0.99,1,99,100,51406,TRUE,TRUE,TRUE,FALSE,TRUE,TRUE,TRUE,"ok","ok","",""
"BaxterE_2016","Baxter 2016",24,"balanced","Gemmiger",0.79,0.8,0.78,80,78,9590,TRUE,TRUE,TRUE,FALSE,TRUE,TRUE,TRUE,"ok","ok","",""
"BaxterE_2016","Baxter 2016",24,"balanced","Lachnospiracea_incertae_sedis",1,1,1,100,100,36271,TRUE,TRUE,FALSE,TRUE,TRUE,TRUE,TRUE,"no_observed_zeros","ok","",""
"BaxterE_2016","Baxter 2016",24,"balanced","Methanobrevibacter",0.415,0.42,0.41,42,41,7670,TRUE,TRUE,TRUE,FALSE,TRUE,TRUE,TRUE,"ok","ok","",""
"BaxterE_2016","Baxter 2016",24,"balanced","Oscillibacter",0.91,0.89,0.93,89,93,11108,TRUE,TRUE,TRUE,FALSE,TRUE,TRUE,TRUE,"ok","ok","",""
"BaxterE_2016","Baxter 2016",24,"balanced","Parabacteroides",0.725,0.79,0.66,79,66,5150,TRUE,TRUE,TRUE,FALSE,TRUE,TRUE,TRUE,"ok","ok","",""
"BaxterE_2016","Baxter 2016",24,"balanced","Phascolarctobacterium",0.66,0.69,0.63,69,63,7479,TRUE,TRUE,TRUE,FALSE,TRUE,TRUE,TRUE,"ok","ok","",""
"BaxterE_2016","Baxter 2016",24,"balanced","Prevotella",0.38,0.45,0.31,45,31,11392,TRUE,TRUE,TRUE,FALSE,TRUE,TRUE,TRUE,"ok","ok","",""
"BaxterE_2016","Baxter 2016",24,"balanced","Roseburia",0.98,0.99,0.97,99,97,35471,TRUE,TRUE,TRUE,FALSE,TRUE,TRUE,TRUE,"ok","ok","",""
"BaxterE_2016","Baxter 2016",24,"balanced","Ruminococcus",0.88,0.87,0.89,87,89,28248,TRUE,TRUE,TRUE,FALSE,TRUE,TRUE,TRUE,"ok","ok","",""
"BaxterE_2016","Baxter 2016",24,"balanced","Ruminococcus2",0.98,0.98,0.98,98,98,20311,TRUE,TRUE,TRUE,FALSE,TRUE,TRUE,TRUE,"ok","ok","",""
"BaxterE_2016","Baxter 2016",24,"balanced","Streptococcus",0.87,0.89,0.85,89,85,6697,TRUE,TRUE,TRUE,FALSE,TRUE,TRUE,TRUE,"ok","ok","",""
"BaxterE_2016","Baxter 2016",24,"balanced","Unclassified_Clostridiales",0.915,0.95,0.88,95,88,12625,TRUE,TRUE,TRUE,FALSE,TRUE,TRUE,TRUE,"ok","ok","",""
"BaxterE_2016","Baxter 2016",24,"balanced","Unclassified_Lachnospiraceae",1,1,1,100,100,38535,TRUE,TRUE,FALSE,TRUE,TRUE,TRUE,TRUE,"no_observed_zeros","ok","",""
"BaxterE_2016","Baxter 2016",24,"balanced","Unclassified_Ruminococcaceae",0.97,0.98,0.96,98,96,26239,TRUE,TRUE,TRUE,FALSE,TRUE,TRUE,TRUE,"ok","ok","",""
"BaxterE_2016","Baxter 2016",24,"fourfold","Akkermansia",0.82,0.74,0.9,74,90,21183,TRUE,TRUE,TRUE,FALSE,TRUE,TRUE,TRUE,"ok","ok","",""
"BaxterE_2016","Baxter 2016",24,"fourfold","Alistipes",0.91,0.9,0.92,90,92,26270,TRUE,TRUE,TRUE,FALSE,TRUE,TRUE,TRUE,"ok","ok","",""
"BaxterE_2016","Baxter 2016",24,"fourfold","Anaerostipes",0.98,0.98,0.98,98,98,27634,TRUE,TRUE,TRUE,FALSE,TRUE,TRUE,TRUE,"ok","ok","",""
"BaxterE_2016","Baxter 2016",24,"fourfold","Bacteroides",0.995,0.99,1,99,100,118427,TRUE,TRUE,TRUE,FALSE,TRUE,TRUE,TRUE,"ok","ok","",""
"BaxterE_2016","Baxter 2016",24,"fourfold","Bifidobacterium",0.73,0.69,0.77,69,77,9168,TRUE,TRUE,TRUE,FALSE,TRUE,TRUE,TRUE,"ok","ok","",""
"BaxterE_2016","Baxter 2016",24,"fourfold","Blautia",1,1,1,100,100,125223,TRUE,TRUE,FALSE,TRUE,TRUE,TRUE,TRUE,"no_observed_zeros","ok","",""
"BaxterE_2016","Baxter 2016",24,"fourfold","Clostridium_IV",0.985,0.97,1,97,100,14459,TRUE,TRUE,FALSE,TRUE,TRUE,TRUE,TRUE,"structural_absence_boundary_at_zero","ok","",""
"BaxterE_2016","Baxter 2016",24,"fourfold","Clostridium_sensu_stricto",0.72,0.73,0.71,73,71,8951,TRUE,TRUE,TRUE,FALSE,TRUE,TRUE,TRUE,"ok","ok","",""
"BaxterE_2016","Baxter 2016",24,"fourfold","Clostridium_XI",0.84,0.77,0.91,77,91,8564,TRUE,TRUE,TRUE,FALSE,TRUE,TRUE,TRUE,"ok","ok","",""
"BaxterE_2016","Baxter 2016",24,"fourfold","Clostridium_XlVa",1,1,1,100,100,16140,TRUE,TRUE,FALSE,TRUE,TRUE,TRUE,TRUE,"no_observed_zeros","ok","",""
"BaxterE_2016","Baxter 2016",24,"fourfold","Clostridium_XVIII",0.89,0.86,0.92,86,92,4697,TRUE,TRUE,TRUE,FALSE,TRUE,TRUE,TRUE,"ok","ok","",""
"BaxterE_2016","Baxter 2016",24,"fourfold","Collinsella",0.595,0.58,0.61,58,61,7404,TRUE,TRUE,TRUE,FALSE,TRUE,TRUE,TRUE,"ok","ok","",""
"BaxterE_2016","Baxter 2016",24,"fourfold","Coprococcus",0.87,0.86,0.88,86,88,8405,TRUE,TRUE,TRUE,FALSE,TRUE,TRUE,TRUE,"ok","ok","",""
"BaxterE_2016","Baxter 2016",24,"fourfold","Dorea",0.93,0.93,0.93,93,93,12334,TRUE,TRUE,TRUE,FALSE,TRUE,TRUE,TRUE,"ok","ok","",""
"BaxterE_2016","Baxter 2016",24,"fourfold","Escherichia/Shigella",0.735,0.64,0.83,64,83,6056,TRUE,TRUE,FALSE,TRUE,TRUE,TRUE,TRUE,"structural_absence_boundary_at_zero","ok","",""
"BaxterE_2016","Baxter 2016",24,"fourfold","Faecalibacterium",0.99,0.98,1,98,100,39833,TRUE,TRUE,TRUE,FALSE,TRUE,TRUE,TRUE,"ok","ok","",""
"BaxterE_2016","Baxter 2016",24,"fourfold","Gemmiger",0.785,0.76,0.81,76,81,8898,TRUE,TRUE,TRUE,FALSE,TRUE,TRUE,TRUE,"ok","ok","",""
"BaxterE_2016","Baxter 2016",24,"fourfold","Lachnospiracea_incertae_sedis",0.995,0.99,1,99,100,27937,TRUE,TRUE,TRUE,FALSE,TRUE,TRUE,TRUE,"ok","ok","",""
"BaxterE_2016","Baxter 2016",24,"fourfold","Methanobrevibacter",0.38,0.35,0.41,35,41,7340,TRUE,TRUE,TRUE,FALSE,TRUE,TRUE,TRUE,"ok","ok","",""
"BaxterE_2016","Baxter 2016",24,"fourfold","Oscillibacter",0.885,0.85,0.92,85,92,10137,TRUE,TRUE,TRUE,FALSE,TRUE,TRUE,TRUE,"ok","ok","",""
"BaxterE_2016","Baxter 2016",24,"fourfold","Parabacteroides",0.695,0.73,0.66,73,66,4337,TRUE,TRUE,TRUE,FALSE,TRUE,TRUE,TRUE,"ok","ok","",""
"BaxterE_2016","Baxter 2016",24,"fourfold","Phascolarctobacterium",0.625,0.59,0.66,59,66,6371,TRUE,TRUE,TRUE,FALSE,TRUE,TRUE,TRUE,"ok","ok","",""
"BaxterE_2016","Baxter 2016",24,"fourfold","Prevotella",0.37,0.38,0.36,38,36,8227,TRUE,TRUE,TRUE,FALSE,TRUE,TRUE,TRUE,"ok","ok","",""
"BaxterE_2016","Baxter 2016",24,"fourfold","Roseburia",0.975,0.98,0.97,98,97,30483,TRUE,TRUE,TRUE,FALSE,TRUE,TRUE,TRUE,"ok","ok","",""
"BaxterE_2016","Baxter 2016",24,"fourfold","Ruminococcus",0.89,0.85,0.93,85,93,22655,TRUE,TRUE,TRUE,FALSE,TRUE,TRUE,TRUE,"ok","ok","",""
"BaxterE_2016","Baxter 2016",24,"fourfold","Ruminococcus2",0.985,0.98,0.99,98,99,17497,TRUE,TRUE,TRUE,FALSE,TRUE,TRUE,TRUE,"ok","ok","",""
"BaxterE_2016","Baxter 2016",24,"fourfold","Streptococcus",0.8,0.79,0.81,79,81,7288,TRUE,TRUE,TRUE,FALSE,TRUE,TRUE,TRUE,"ok","ok","",""
"BaxterE_2016","Baxter 2016",24,"fourfold","Unclassified_Clostridiales",0.9,0.88,0.92,88,92,10329,TRUE,TRUE,TRUE,FALSE,TRUE,TRUE,TRUE,"ok","ok","",""
"BaxterE_2016","Baxter 2016",24,"fourfold","Unclassified_Lachnospiraceae",1,1,1,100,100,33814,TRUE,TRUE,FALSE,TRUE,TRUE,TRUE,TRUE,"no_observed_zeros","ok","",""
"BaxterE_2016","Baxter 2016",24,"fourfold","Unclassified_Ruminococcaceae",0.98,0.98,0.98,98,98,21387,TRUE,TRUE,TRUE,FALSE,TRUE,TRUE,TRUE,"ok","ok","",""
"BaxterE_2016","Baxter 2016",25,"balanced","Akkermansia",0.815,0.79,0.84,79,84,24048,TRUE,TRUE,TRUE,FALSE,TRUE,TRUE,TRUE,"ok","ok","",""
"BaxterE_2016","Baxter 2016",25,"balanced","Alistipes",0.935,0.96,0.91,96,91,26914,TRUE,TRUE,TRUE,FALSE,TRUE,TRUE,TRUE,"ok","ok","",""
"BaxterE_2016","Baxter 2016",25,"balanced","Anaerostipes",0.98,0.97,0.99,97,99,29412,TRUE,TRUE,TRUE,FALSE,TRUE,TRUE,TRUE,"ok","ok","",""
"BaxterE_2016","Baxter 2016",25,"balanced","Bacteroides",0.995,0.99,1,99,100,125512,TRUE,TRUE,TRUE,FALSE,TRUE,TRUE,TRUE,"ok","ok","",""
"BaxterE_2016","Baxter 2016",25,"balanced","Bifidobacterium",0.745,0.8,0.69,80,69,9389,TRUE,TRUE,TRUE,FALSE,TRUE,TRUE,TRUE,"ok","ok","",""
"BaxterE_2016","Baxter 2016",25,"balanced","Blautia",1,1,1,100,100,130856,TRUE,TRUE,FALSE,TRUE,TRUE,TRUE,TRUE,"no_observed_zeros","ok","",""
"BaxterE_2016","Baxter 2016",25,"balanced","Clostridium_IV",0.99,0.98,1,98,100,15225,TRUE,TRUE,TRUE,FALSE,TRUE,TRUE,TRUE,"ok","ok","",""
"BaxterE_2016","Baxter 2016",25,"balanced","Clostridium_sensu_stricto",0.735,0.75,0.72,75,72,8739,TRUE,TRUE,TRUE,FALSE,TRUE,TRUE,TRUE,"ok","ok","",""
"BaxterE_2016","Baxter 2016",25,"balanced","Clostridium_XI",0.825,0.81,0.84,81,84,9147,TRUE,TRUE,TRUE,FALSE,TRUE,TRUE,TRUE,"ok","ok","",""
"BaxterE_2016","Baxter 2016",25,"balanced","Clostridium_XlVa",0.995,0.99,1,99,100,15241,TRUE,TRUE,TRUE,FALSE,TRUE,TRUE,TRUE,"ok","ok","",""
"BaxterE_2016","Baxter 2016",25,"balanced","Clostridium_XVIII",0.885,0.87,0.9,87,90,5295,TRUE,TRUE,TRUE,FALSE,TRUE,TRUE,TRUE,"ok","ok","",""
"BaxterE_2016","Baxter 2016",25,"balanced","Collinsella",0.61,0.6,0.62,60,62,8167,TRUE,TRUE,TRUE,FALSE,TRUE,TRUE,TRUE,"ok","ok","",""
"BaxterE_2016","Baxter 2016",25,"balanced","Coprococcus",0.86,0.83,0.89,83,89,9244,TRUE,TRUE,TRUE,FALSE,TRUE,TRUE,TRUE,"ok","ok","",""
"BaxterE_2016","Baxter 2016",25,"balanced","Dorea",0.965,0.95,0.98,95,98,14159,TRUE,TRUE,TRUE,FALSE,TRUE,TRUE,TRUE,"ok","ok","",""
"BaxterE_2016","Baxter 2016",25,"balanced","Escherichia/Shigella",0.765,0.73,0.8,73,80,7396,TRUE,TRUE,TRUE,FALSE,TRUE,TRUE,TRUE,"ok","ok","",""
"BaxterE_2016","Baxter 2016",25,"balanced","Faecalibacterium",0.99,0.98,1,98,100,44251,TRUE,TRUE,TRUE,FALSE,TRUE,TRUE,TRUE,"ok","ok","",""
"BaxterE_2016","Baxter 2016",25,"balanced","Gemmiger",0.8,0.78,0.82,78,82,9090,TRUE,TRUE,TRUE,FALSE,TRUE,TRUE,TRUE,"ok","ok","",""
"BaxterE_2016","Baxter 2016",25,"balanced","Lachnospiracea_incertae_sedis",1,1,1,100,100,34922,TRUE,TRUE,FALSE,TRUE,TRUE,TRUE,TRUE,"no_observed_zeros","ok","",""
"BaxterE_2016","Baxter 2016",25,"balanced","Methanobrevibacter",0.425,0.41,0.44,41,44,6230,TRUE,TRUE,TRUE,FALSE,TRUE,TRUE,TRUE,"ok","ok","",""
"BaxterE_2016","Baxter 2016",25,"balanced","Oscillibacter",0.905,0.93,0.88,93,88,10013,TRUE,TRUE,TRUE,FALSE,TRUE,TRUE,TRUE,"ok","ok","",""
"BaxterE_2016","Baxter 2016",25,"balanced","Parabacteroides",0.715,0.67,0.76,67,76,5533,TRUE,TRUE,TRUE,FALSE,TRUE,TRUE,TRUE,"ok","ok","",""
"BaxterE_2016","Baxter 2016",25,"balanced","Phascolarctobacterium",0.645,0.6,0.69,60,69,8326,TRUE,TRUE,TRUE,FALSE,TRUE,TRUE,TRUE,"ok","ok","",""
"BaxterE_2016","Baxter 2016",25,"balanced","Prevotella",0.385,0.35,0.42,35,42,13994,TRUE,TRUE,TRUE,FALSE,TRUE,TRUE,TRUE,"ok","ok","",""
"BaxterE_2016","Baxter 2016",25,"balanced","Roseburia",0.98,0.97,0.99,97,99,34439,TRUE,TRUE,TRUE,FALSE,TRUE,TRUE,TRUE,"ok","ok","",""
"BaxterE_2016","Baxter 2016",25,"balanced","Ruminococcus",0.89,0.87,0.91,87,91,25124,TRUE,TRUE,TRUE,FALSE,TRUE,TRUE,TRUE,"ok","ok","",""
"BaxterE_2016","Baxter 2016",25,"balanced","Ruminococcus2",0.985,0.98,0.99,98,99,17516,TRUE,TRUE,TRUE,FALSE,TRUE,TRUE,TRUE,"ok","ok","",""
"BaxterE_2016","Baxter 2016",25,"balanced","Streptococcus",0.86,0.87,0.85,87,85,6448,TRUE,TRUE,TRUE,FALSE,TRUE,TRUE,TRUE,"ok","ok","",""
"BaxterE_2016","Baxter 2016",25,"balanced","Unclassified_Clostridiales",0.92,0.93,0.91,93,91,11034,TRUE,TRUE,TRUE,FALSE,TRUE,TRUE,TRUE,"ok","ok","",""
"BaxterE_2016","Baxter 2016",25,"balanced","Unclassified_Lachnospiraceae",0.995,0.99,1,99,100,36152,TRUE,TRUE,TRUE,FALSE,TRUE,TRUE,TRUE,"ok","ok","",""
"BaxterE_2016","Baxter 2016",25,"balanced","Unclassified_Ruminococcaceae",0.99,0.99,0.99,99,99,24682,TRUE,TRUE,TRUE,FALSE,TRUE,TRUE,TRUE,"ok","ok","",""
"BaxterE_2016","Baxter 2016",25,"fourfold","Akkermansia",0.84,0.77,0.91,77,91,25550,TRUE,TRUE,TRUE,FALSE,TRUE,TRUE,TRUE,"ok","ok","",""
"BaxterE_2016","Baxter 2016",25,"fourfold","Alistipes",0.9,0.89,0.91,89,91,24121,TRUE,TRUE,TRUE,FALSE,TRUE,TRUE,TRUE,"ok","ok","",""
"BaxterE_2016","Baxter 2016",25,"fourfold","Anaerostipes",0.965,0.94,0.99,94,99,30652,TRUE,TRUE,TRUE,FALSE,TRUE,TRUE,TRUE,"ok","ok","",""
"BaxterE_2016","Baxter 2016",25,"fourfold","Bacteroides",1,1,1,100,100,114286,TRUE,TRUE,FALSE,TRUE,TRUE,TRUE,TRUE,"no_observed_zeros","ok","",""
"BaxterE_2016","Baxter 2016",25,"fourfold","Bifidobacterium",0.725,0.72,0.73,72,73,7473,TRUE,TRUE,TRUE,FALSE,TRUE,TRUE,TRUE,"ok","ok","",""
"BaxterE_2016","Baxter 2016",25,"fourfold","Blautia",1,1,1,100,100,134607,TRUE,TRUE,FALSE,TRUE,TRUE,TRUE,TRUE,"no_observed_zeros","ok","",""
"BaxterE_2016","Baxter 2016",25,"fourfold","Clostridium_IV",0.97,0.94,1,94,100,15052,TRUE,TRUE,TRUE,FALSE,TRUE,TRUE,TRUE,"ok","ok","",""
"BaxterE_2016","Baxter 2016",25,"fourfold","Clostridium_sensu_stricto",0.715,0.7,0.73,70,73,8302,TRUE,TRUE,TRUE,FALSE,TRUE,TRUE,TRUE,"ok","ok","",""
"BaxterE_2016","Baxter 2016",25,"fourfold","Clostridium_XI",0.825,0.76,0.89,76,89,8991,TRUE,TRUE,TRUE,FALSE,TRUE,TRUE,TRUE,"ok","ok","",""
"BaxterE_2016","Baxter 2016",25,"fourfold","Clostridium_XlVa",0.99,0.98,1,98,100,16329,TRUE,TRUE,TRUE,FALSE,TRUE,TRUE,TRUE,"ok","ok","",""
"BaxterE_2016","Baxter 2016",25,"fourfold","Clostridium_XVIII",0.83,0.73,0.93,73,93,4574,TRUE,TRUE,TRUE,FALSE,TRUE,TRUE,TRUE,"ok","ok","",""
"BaxterE_2016","Baxter 2016",25,"fourfold","Collinsella",0.58,0.55,0.61,55,61,7580,TRUE,TRUE,TRUE,FALSE,TRUE,TRUE,TRUE,"ok","ok","",""
"BaxterE_2016","Baxter 2016",25,"fourfold","Coprococcus",0.835,0.78,0.89,78,89,8990,TRUE,TRUE,TRUE,FALSE,TRUE,TRUE,TRUE,"ok","ok","",""
"BaxterE_2016","Baxter 2016",25,"fourfold","Dorea",0.95,0.94,0.96,94,96,14103,TRUE,TRUE,TRUE,FALSE,TRUE,TRUE,TRUE,"ok","ok","",""
"BaxterE_2016","Baxter 2016",25,"fourfold","Escherichia/Shigella",0.745,0.65,0.84,65,84,5338,TRUE,TRUE,TRUE,FALSE,TRUE,TRUE,TRUE,"ok","ok","",""
"BaxterE_2016","Baxter 2016",25,"fourfold","Faecalibacterium",0.985,0.97,1,97,100,46667,TRUE,TRUE,TRUE,FALSE,TRUE,TRUE,TRUE,"ok","ok","",""
"BaxterE_2016","Baxter 2016",25,"fourfold","Gemmiger",0.785,0.74,0.83,74,83,7789,TRUE,TRUE,TRUE,FALSE,TRUE,TRUE,TRUE,"ok","ok","",""
"BaxterE_2016","Baxter 2016",25,"fourfold","Lachnospiracea_incertae_sedis",1,1,1,100,100,34554,TRUE,TRUE,FALSE,TRUE,TRUE,TRUE,TRUE,"no_observed_zeros","ok","",""
"BaxterE_2016","Baxter 2016",25,"fourfold","Methanobrevibacter",0.415,0.37,0.46,37,46,5668,TRUE,TRUE,TRUE,FALSE,TRUE,TRUE,TRUE,"ok","ok","",""
"BaxterE_2016","Baxter 2016",25,"fourfold","Oscillibacter",0.86,0.82,0.9,82,90,10557,TRUE,TRUE,TRUE,FALSE,TRUE,TRUE,TRUE,"ok","ok","",""
"BaxterE_2016","Baxter 2016",25,"fourfold","Parabacteroides",0.7,0.62,0.78,62,78,5168,TRUE,TRUE,TRUE,FALSE,TRUE,TRUE,TRUE,"ok","ok","",""
"BaxterE_2016","Baxter 2016",25,"fourfold","Phascolarctobacterium",0.645,0.56,0.73,56,73,7500,TRUE,TRUE,TRUE,FALSE,TRUE,TRUE,TRUE,"ok","ok","",""
"BaxterE_2016","Baxter 2016",25,"fourfold","Prevotella",0.365,0.27,0.46,27,46,14016,TRUE,TRUE,TRUE,FALSE,TRUE,TRUE,TRUE,"ok","ok","",""
"BaxterE_2016","Baxter 2016",25,"fourfold","Roseburia",0.97,0.96,0.98,96,98,34290,TRUE,TRUE,TRUE,FALSE,TRUE,TRUE,TRUE,"ok","ok","",""
"BaxterE_2016","Baxter 2016",25,"fourfold","Ruminococcus",0.855,0.81,0.9,81,90,26304,TRUE,TRUE,TRUE,FALSE,TRUE,TRUE,TRUE,"ok","ok","",""
"BaxterE_2016","Baxter 2016",25,"fourfold","Ruminococcus2",0.97,0.97,0.97,97,97,17750,TRUE,TRUE,TRUE,FALSE,TRUE,TRUE,TRUE,"ok","ok","",""
"BaxterE_2016","Baxter 2016",25,"fourfold","Streptococcus",0.815,0.76,0.87,76,87,6726,TRUE,TRUE,TRUE,FALSE,TRUE,TRUE,TRUE,"ok","ok","",""
"BaxterE_2016","Baxter 2016",25,"fourfold","Unclassified_Clostridiales",0.925,0.93,0.92,93,92,9917,TRUE,TRUE,TRUE,FALSE,TRUE,TRUE,TRUE,"ok","ok","",""
"BaxterE_2016","Baxter 2016",25,"fourfold","Unclassified_Lachnospiraceae",1,1,1,100,100,37040,TRUE,TRUE,FALSE,TRUE,TRUE,TRUE,TRUE,"no_observed_zeros","ok","",""
"BaxterE_2016","Baxter 2016",25,"fourfold","Unclassified_Ruminococcaceae",0.975,0.96,0.99,96,99,24942,TRUE,TRUE,TRUE,FALSE,TRUE,TRUE,TRUE,"ok","ok","",""
"BaxterE_2016","Baxter 2016",26,"balanced","Akkermansia",0.855,0.88,0.83,88,83,22357,TRUE,TRUE,TRUE,FALSE,TRUE,TRUE,TRUE,"ok","ok","",""
"BaxterE_2016","Baxter 2016",26,"balanced","Alistipes",0.92,0.92,0.92,92,92,25968,TRUE,TRUE,TRUE,FALSE,TRUE,TRUE,TRUE,"ok","ok","",""
"BaxterE_2016","Baxter 2016",26,"balanced","Anaerostipes",0.985,0.98,0.99,98,99,28296,TRUE,TRUE,TRUE,FALSE,TRUE,TRUE,TRUE,"ok","ok","",""
"BaxterE_2016","Baxter 2016",26,"balanced","Bacteroides",0.995,1,0.99,100,99,115197,TRUE,TRUE,TRUE,FALSE,TRUE,TRUE,TRUE,"ok","ok","",""
"BaxterE_2016","Baxter 2016",26,"balanced","Bifidobacterium",0.73,0.71,0.75,71,75,8034,TRUE,TRUE,TRUE,FALSE,TRUE,TRUE,TRUE,"ok","ok","",""
"BaxterE_2016","Baxter 2016",26,"balanced","Blautia",1,1,1,100,100,120838,TRUE,TRUE,FALSE,TRUE,TRUE,TRUE,TRUE,"no_observed_zeros","ok","",""
"BaxterE_2016","Baxter 2016",26,"balanced","Clostridium_IV",0.995,1,0.99,100,99,17515,TRUE,TRUE,TRUE,FALSE,TRUE,TRUE,TRUE,"ok","ok","",""
"BaxterE_2016","Baxter 2016",26,"balanced","Clostridium_sensu_stricto",0.72,0.76,0.68,76,68,8873,TRUE,TRUE,TRUE,FALSE,TRUE,TRUE,TRUE,"ok","ok","",""
"BaxterE_2016","Baxter 2016",26,"balanced","Clostridium_XI",0.845,0.88,0.81,88,81,9009,TRUE,TRUE,TRUE,FALSE,TRUE,TRUE,TRUE,"ok","ok","",""
"BaxterE_2016","Baxter 2016",26,"balanced","Clostridium_XlVa",1,1,1,100,100,15696,TRUE,TRUE,FALSE,TRUE,TRUE,TRUE,TRUE,"no_observed_zeros","ok","",""
"BaxterE_2016","Baxter 2016",26,"balanced","Clostridium_XVIII",0.885,0.92,0.85,92,85,4650,TRUE,TRUE,TRUE,FALSE,TRUE,TRUE,TRUE,"ok","ok","",""
"BaxterE_2016","Baxter 2016",26,"balanced","Collinsella",0.61,0.61,0.61,61,61,7570,TRUE,TRUE,TRUE,FALSE,TRUE,TRUE,TRUE,"ok","ok","",""
"BaxterE_2016","Baxter 2016",26,"balanced","Coprococcus",0.875,0.91,0.84,91,84,9398,TRUE,TRUE,TRUE,FALSE,TRUE,TRUE,TRUE,"ok","ok","",""
"BaxterE_2016","Baxter 2016",26,"balanced","Dorea",0.95,0.96,0.94,96,94,13447,TRUE,TRUE,TRUE,FALSE,TRUE,TRUE,TRUE,"ok","ok","",""
"BaxterE_2016","Baxter 2016",26,"balanced","Escherichia/Shigella",0.785,0.78,0.79,78,79,6369,TRUE,TRUE,FALSE,TRUE,TRUE,TRUE,TRUE,"structural_absence_boundary_at_zero","ok","",""
"BaxterE_2016","Baxter 2016",26,"balanced","Faecalibacterium",0.98,1,0.96,100,96,42711,TRUE,TRUE,TRUE,FALSE,TRUE,TRUE,TRUE,"ok","ok","",""
"BaxterE_2016","Baxter 2016",26,"balanced","Gemmiger",0.78,0.8,0.76,80,76,8245,TRUE,TRUE,TRUE,FALSE,TRUE,TRUE,TRUE,"ok","ok","",""
"BaxterE_2016","Baxter 2016",26,"balanced","Lachnospiracea_incertae_sedis",1,1,1,100,100,32079,TRUE,TRUE,FALSE,TRUE,TRUE,TRUE,TRUE,"no_observed_zeros","ok","",""
"BaxterE_2016","Baxter 2016",26,"balanced","Methanobrevibacter",0.43,0.49,0.37,49,37,6672,TRUE,TRUE,TRUE,FALSE,TRUE,TRUE,TRUE,"ok","ok","",""
"BaxterE_2016","Baxter 2016",26,"balanced","Oscillibacter",0.885,0.87,0.9,87,90,10512,TRUE,TRUE,TRUE,FALSE,TRUE,TRUE,TRUE,"ok","ok","",""
"BaxterE_2016","Baxter 2016",26,"balanced","Parabacteroides",0.705,0.72,0.69,72,69,5513,TRUE,TRUE,TRUE,FALSE,TRUE,TRUE,TRUE,"ok","ok","",""
"BaxterE_2016","Baxter 2016",26,"balanced","Phascolarctobacterium",0.645,0.68,0.61,68,61,7694,TRUE,TRUE,TRUE,FALSE,TRUE,TRUE,TRUE,"ok","ok","",""
"BaxterE_2016","Baxter 2016",26,"balanced","Prevotella",0.355,0.37,0.34,37,34,13563,TRUE,TRUE,TRUE,FALSE,TRUE,TRUE,TRUE,"ok","ok","",""
"BaxterE_2016","Baxter 2016",26,"balanced","Roseburia",0.985,0.98,0.99,98,99,32766,TRUE,TRUE,TRUE,FALSE,TRUE,TRUE,TRUE,"ok","ok","",""
"BaxterE_2016","Baxter 2016",26,"balanced","Ruminococcus",0.895,0.92,0.87,92,87,24873,TRUE,TRUE,TRUE,FALSE,TRUE,TRUE,TRUE,"ok","ok","",""
"BaxterE_2016","Baxter 2016",26,"balanced","Ruminococcus2",0.975,0.96,0.99,96,99,17947,TRUE,TRUE,TRUE,FALSE,TRUE,TRUE,TRUE,"ok","ok","",""
"BaxterE_2016","Baxter 2016",26,"balanced","Streptococcus",0.85,0.82,0.88,82,88,6766,TRUE,TRUE,TRUE,FALSE,TRUE,TRUE,TRUE,"ok","ok","",""
"BaxterE_2016","Baxter 2016",26,"balanced","Unclassified_Clostridiales",0.905,0.92,0.89,92,89,11587,TRUE,TRUE,TRUE,FALSE,TRUE,TRUE,TRUE,"ok","ok","",""
"BaxterE_2016","Baxter 2016",26,"balanced","Unclassified_Lachnospiraceae",1,1,1,100,100,34231,TRUE,TRUE,FALSE,TRUE,TRUE,TRUE,TRUE,"no_observed_zeros","ok","",""
"BaxterE_2016","Baxter 2016",26,"balanced","Unclassified_Ruminococcaceae",0.97,1,0.94,100,94,24146,TRUE,TRUE,TRUE,FALSE,TRUE,TRUE,TRUE,"ok","ok","",""
"BaxterE_2016","Baxter 2016",26,"fourfold","Akkermansia",0.805,0.79,0.82,79,82,18917,TRUE,TRUE,TRUE,FALSE,TRUE,TRUE,TRUE,"ok","ok","",""
"BaxterE_2016","Baxter 2016",26,"fourfold","Alistipes",0.895,0.86,0.93,86,93,26266,TRUE,TRUE,TRUE,FALSE,TRUE,TRUE,TRUE,"ok","ok","",""
"BaxterE_2016","Baxter 2016",26,"fourfold","Anaerostipes",0.975,0.97,0.98,97,98,23041,TRUE,TRUE,TRUE,FALSE,TRUE,TRUE,TRUE,"ok","ok","",""
"BaxterE_2016","Baxter 2016",26,"fourfold","Bacteroides",1,1,1,100,100,116309,TRUE,TRUE,FALSE,TRUE,TRUE,TRUE,TRUE,"no_observed_zeros","ok","",""
"BaxterE_2016","Baxter 2016",26,"fourfold","Bifidobacterium",0.73,0.71,0.75,71,75,7135,TRUE,TRUE,TRUE,FALSE,TRUE,TRUE,TRUE,"ok","ok","",""
"BaxterE_2016","Baxter 2016",26,"fourfold","Blautia",0.995,0.99,1,99,100,112456,TRUE,TRUE,TRUE,FALSE,TRUE,TRUE,TRUE,"ok","ok","",""
"BaxterE_2016","Baxter 2016",26,"fourfold","Clostridium_IV",0.97,0.97,0.97,97,97,13893,TRUE,TRUE,TRUE,FALSE,TRUE,TRUE,TRUE,"ok","ok","",""
"BaxterE_2016","Baxter 2016",26,"fourfold","Clostridium_sensu_stricto",0.72,0.71,0.73,71,73,6909,TRUE,TRUE,TRUE,FALSE,TRUE,TRUE,TRUE,"ok","ok","",""
"BaxterE_2016","Baxter 2016",26,"fourfold","Clostridium_XI",0.83,0.82,0.84,82,84,7376,TRUE,TRUE,TRUE,FALSE,TRUE,TRUE,TRUE,"ok","ok","",""
"BaxterE_2016","Baxter 2016",26,"fourfold","Clostridium_XlVa",1,1,1,100,100,14189,TRUE,TRUE,FALSE,TRUE,TRUE,TRUE,TRUE,"no_observed_zeros","ok","",""
"BaxterE_2016","Baxter 2016",26,"fourfold","Clostridium_XVIII",0.86,0.81,0.91,81,91,4490,TRUE,TRUE,TRUE,FALSE,TRUE,TRUE,TRUE,"ok","ok","",""
"BaxterE_2016","Baxter 2016",26,"fourfold","Collinsella",0.61,0.62,0.6,62,60,6758,TRUE,TRUE,TRUE,FALSE,TRUE,TRUE,TRUE,"ok","ok","",""
"BaxterE_2016","Baxter 2016",26,"fourfold","Coprococcus",0.865,0.89,0.84,89,84,7287,TRUE,TRUE,TRUE,FALSE,TRUE,TRUE,TRUE,"ok","ok","",""
"BaxterE_2016","Baxter 2016",26,"fourfold","Dorea",0.955,0.95,0.96,95,96,12330,TRUE,TRUE,TRUE,FALSE,TRUE,TRUE,TRUE,"ok","ok","",""
"BaxterE_2016","Baxter 2016",26,"fourfold","Escherichia/Shigella",0.7,0.62,0.78,62,78,6161,TRUE,TRUE,TRUE,FALSE,TRUE,TRUE,TRUE,"ok","ok","",""
"BaxterE_2016","Baxter 2016",26,"fourfold","Faecalibacterium",0.985,0.99,0.98,99,98,40080,TRUE,TRUE,TRUE,FALSE,TRUE,TRUE,TRUE,"ok","ok","",""
"BaxterE_2016","Baxter 2016",26,"fourfold","Gemmiger",0.75,0.77,0.73,77,73,8153,TRUE,TRUE,TRUE,FALSE,TRUE,TRUE,TRUE,"ok","ok","",""
"BaxterE_2016","Baxter 2016",26,"fourfold","Lachnospiracea_incertae_sedis",1,1,1,100,100,31735,TRUE,TRUE,FALSE,TRUE,TRUE,TRUE,TRUE,"no_observed_zeros","ok","",""
"BaxterE_2016","Baxter 2016",26,"fourfold","Methanobrevibacter",0.39,0.43,0.35,43,35,4056,TRUE,TRUE,TRUE,FALSE,TRUE,TRUE,TRUE,"ok","ok","",""
"BaxterE_2016","Baxter 2016",26,"fourfold","Oscillibacter",0.87,0.82,0.92,82,92,8597,TRUE,TRUE,TRUE,FALSE,TRUE,TRUE,TRUE,"ok","ok","",""
"BaxterE_2016","Baxter 2016",26,"fourfold","Parabacteroides",0.71,0.7,0.72,70,72,5579,TRUE,TRUE,TRUE,FALSE,TRUE,TRUE,TRUE,"ok","ok","",""
"BaxterE_2016","Baxter 2016",26,"fourfold","Phascolarctobacterium",0.63,0.61,0.65,61,65,7452,TRUE,TRUE,TRUE,FALSE,TRUE,TRUE,TRUE,"ok","ok","",""
"BaxterE_2016","Baxter 2016",26,"fourfold","Prevotella",0.37,0.28,0.46,28,46,11493,TRUE,TRUE,TRUE,FALSE,TRUE,TRUE,TRUE,"ok","ok","",""
"BaxterE_2016","Baxter 2016",26,"fourfold","Roseburia",0.975,0.97,0.98,97,98,31736,TRUE,TRUE,TRUE,FALSE,TRUE,TRUE,TRUE,"ok","ok","",""
"BaxterE_2016","Baxter 2016",26,"fourfold","Ruminococcus",0.885,0.88,0.89,88,89,22224,TRUE,TRUE,TRUE,FALSE,TRUE,TRUE,TRUE,"ok","ok","",""
"BaxterE_2016","Baxter 2016",26,"fourfold","Ruminococcus2",0.975,0.95,1,95,100,15565,TRUE,TRUE,TRUE,FALSE,TRUE,TRUE,TRUE,"ok","ok","",""
"BaxterE_2016","Baxter 2016",26,"fourfold","Streptococcus",0.84,0.79,0.89,79,89,5634,TRUE,TRUE,TRUE,FALSE,TRUE,TRUE,TRUE,"ok","ok","",""
"BaxterE_2016","Baxter 2016",26,"fourfold","Unclassified_Clostridiales",0.895,0.85,0.94,85,94,8867,TRUE,TRUE,TRUE,FALSE,TRUE,TRUE,TRUE,"ok","ok","",""
"BaxterE_2016","Baxter 2016",26,"fourfold","Unclassified_Lachnospiraceae",1,1,1,100,100,31250,TRUE,TRUE,FALSE,TRUE,TRUE,TRUE,TRUE,"no_observed_zeros","ok","",""
"BaxterE_2016","Baxter 2016",26,"fourfold","Unclassified_Ruminococcaceae",0.99,0.99,0.99,99,99,21125,TRUE,TRUE,TRUE,FALSE,TRUE,TRUE,TRUE,"ok","ok","",""
"BaxterE_2016","Baxter 2016",27,"balanced","Akkermansia",0.845,0.86,0.83,86,83,24534,TRUE,TRUE,TRUE,FALSE,TRUE,TRUE,TRUE,"ok","ok","",""
"BaxterE_2016","Baxter 2016",27,"balanced","Alistipes",0.915,0.9,0.93,90,93,25399,TRUE,TRUE,TRUE,FALSE,TRUE,TRUE,TRUE,"ok","ok","",""
"BaxterE_2016","Baxter 2016",27,"balanced","Anaerostipes",0.98,0.97,0.99,97,99,30146,TRUE,TRUE,TRUE,FALSE,TRUE,TRUE,TRUE,"ok","ok","",""
"BaxterE_2016","Baxter 2016",27,"balanced","Bacteroides",0.995,1,0.99,100,99,117768,TRUE,TRUE,TRUE,FALSE,TRUE,TRUE,TRUE,"ok","ok","",""
"BaxterE_2016","Baxter 2016",27,"balanced","Bifidobacterium",0.74,0.72,0.76,72,76,8714,TRUE,TRUE,TRUE,FALSE,TRUE,TRUE,TRUE,"ok","ok","",""
"BaxterE_2016","Baxter 2016",27,"balanced","Blautia",1,1,1,100,100,132371,TRUE,TRUE,FALSE,TRUE,TRUE,TRUE,TRUE,"no_observed_zeros","ok","",""
"BaxterE_2016","Baxter 2016",27,"balanced","Clostridium_IV",0.995,0.99,1,99,100,15765,TRUE,TRUE,FALSE,TRUE,TRUE,TRUE,TRUE,"structural_absence_boundary_at_zero","ok","",""
"BaxterE_2016","Baxter 2016",27,"balanced","Clostridium_sensu_stricto",0.79,0.8,0.78,80,78,9050,TRUE,TRUE,TRUE,FALSE,TRUE,TRUE,TRUE,"ok","ok","",""
"BaxterE_2016","Baxter 2016",27,"balanced","Clostridium_XI",0.845,0.84,0.85,84,85,9326,TRUE,TRUE,TRUE,FALSE,TRUE,TRUE,TRUE,"ok","ok","",""
"BaxterE_2016","Baxter 2016",27,"balanced","Clostridium_XlVa",1,1,1,100,100,15805,TRUE,TRUE,FALSE,TRUE,TRUE,TRUE,TRUE,"no_observed_zeros","ok","",""
"BaxterE_2016","Baxter 2016",27,"balanced","Clostridium_XVIII",0.89,0.9,0.88,90,88,5552,TRUE,TRUE,TRUE,FALSE,TRUE,TRUE,TRUE,"ok","ok","",""
"BaxterE_2016","Baxter 2016",27,"balanced","Collinsella",0.625,0.62,0.63,62,63,8832,TRUE,TRUE,TRUE,FALSE,TRUE,TRUE,TRUE,"ok","ok","",""
"BaxterE_2016","Baxter 2016",27,"balanced","Coprococcus",0.87,0.87,0.87,87,87,9020,TRUE,TRUE,TRUE,FALSE,TRUE,TRUE,TRUE,"ok","ok","",""
"BaxterE_2016","Baxter 2016",27,"balanced","Dorea",0.97,0.97,0.97,97,97,13943,TRUE,TRUE,TRUE,FALSE,TRUE,TRUE,TRUE,"ok","ok","",""
"BaxterE_2016","Baxter 2016",27,"balanced","Escherichia/Shigella",0.755,0.75,0.76,75,76,6209,TRUE,TRUE,FALSE,TRUE,TRUE,TRUE,TRUE,"structural_absence_boundary_at_zero","ok","",""
"BaxterE_2016","Baxter 2016",27,"balanced","Faecalibacterium",0.985,0.98,0.99,98,99,44867,TRUE,TRUE,TRUE,FALSE,TRUE,TRUE,TRUE,"ok","ok","",""
"BaxterE_2016","Baxter 2016",27,"balanced","Gemmiger",0.785,0.82,0.75,82,75,8953,TRUE,TRUE,TRUE,FALSE,TRUE,TRUE,TRUE,"ok","ok","",""
"BaxterE_2016","Baxter 2016",27,"balanced","Lachnospiracea_incertae_sedis",1,1,1,100,100,33960,TRUE,TRUE,FALSE,TRUE,TRUE,TRUE,TRUE,"no_observed_zeros","ok","",""
"BaxterE_2016","Baxter 2016",27,"balanced","Methanobrevibacter",0.44,0.48,0.4,48,40,6860,TRUE,TRUE,TRUE,FALSE,TRUE,TRUE,TRUE,"ok","ok","",""
"BaxterE_2016","Baxter 2016",27,"balanced","Oscillibacter",0.89,0.91,0.87,91,87,9938,TRUE,TRUE,TRUE,FALSE,TRUE,TRUE,TRUE,"ok","ok","",""
"BaxterE_2016","Baxter 2016",27,"balanced","Parabacteroides",0.705,0.74,0.67,74,67,5290,TRUE,TRUE,TRUE,FALSE,TRUE,TRUE,TRUE,"ok","ok","",""
"BaxterE_2016","Baxter 2016",27,"balanced","Phascolarctobacterium",0.635,0.6,0.67,60,67,6997,TRUE,TRUE,TRUE,FALSE,TRUE,TRUE,TRUE,"ok","ok","",""
"BaxterE_2016","Baxter 2016",27,"balanced","Prevotella",0.375,0.39,0.36,39,36,14383,TRUE,TRUE,TRUE,FALSE,TRUE,TRUE,TRUE,"ok","ok","",""
"BaxterE_2016","Baxter 2016",27,"balanced","Roseburia",0.98,0.98,0.98,98,98,32899,TRUE,TRUE,TRUE,FALSE,TRUE,TRUE,TRUE,"ok","ok","",""
"BaxterE_2016","Baxter 2016",27,"balanced","Ruminococcus",0.88,0.86,0.9,86,90,25132,TRUE,TRUE,TRUE,FALSE,TRUE,TRUE,TRUE,"ok","ok","",""
"BaxterE_2016","Baxter 2016",27,"balanced","Ruminococcus2",0.985,0.97,1,97,100,19335,TRUE,TRUE,TRUE,FALSE,TRUE,TRUE,TRUE,"ok","ok","",""
"BaxterE_2016","Baxter 2016",27,"balanced","Streptococcus",0.895,0.85,0.94,85,94,6562,TRUE,TRUE,TRUE,FALSE,TRUE,TRUE,TRUE,"ok","ok","",""
"BaxterE_2016","Baxter 2016",27,"balanced","Unclassified_Clostridiales",0.935,0.95,0.92,95,92,12406,TRUE,TRUE,TRUE,FALSE,TRUE,TRUE,TRUE,"ok","ok","",""
"BaxterE_2016","Baxter 2016",27,"balanced","Unclassified_Lachnospiraceae",1,1,1,100,100,34990,TRUE,TRUE,FALSE,TRUE,TRUE,TRUE,TRUE,"no_observed_zeros","ok","",""
"BaxterE_2016","Baxter 2016",27,"balanced","Unclassified_Ruminococcaceae",0.995,0.99,1,99,100,24930,TRUE,TRUE,TRUE,FALSE,TRUE,TRUE,TRUE,"ok","ok","",""
"BaxterE_2016","Baxter 2016",27,"fourfold","Akkermansia",0.82,0.81,0.83,81,83,24270,TRUE,TRUE,TRUE,FALSE,TRUE,TRUE,TRUE,"ok","ok","",""
"BaxterE_2016","Baxter 2016",27,"fourfold","Alistipes",0.91,0.87,0.95,87,95,23316,TRUE,TRUE,TRUE,FALSE,TRUE,TRUE,TRUE,"ok","ok","",""
"BaxterE_2016","Baxter 2016",27,"fourfold","Anaerostipes",0.96,0.93,0.99,93,99,30353,TRUE,TRUE,TRUE,FALSE,TRUE,TRUE,TRUE,"ok","ok","",""
"BaxterE_2016","Baxter 2016",27,"fourfold","Bacteroides",0.985,0.97,1,97,100,110133,TRUE,TRUE,TRUE,FALSE,TRUE,TRUE,TRUE,"ok","ok","",""
"BaxterE_2016","Baxter 2016",27,"fourfold","Bifidobacterium",0.71,0.67,0.75,67,75,8992,TRUE,TRUE,TRUE,FALSE,TRUE,TRUE,TRUE,"ok","ok","",""
"BaxterE_2016","Baxter 2016",27,"fourfold","Blautia",1,1,1,100,100,140597,TRUE,TRUE,FALSE,TRUE,TRUE,TRUE,TRUE,"no_observed_zeros","ok","",""
"BaxterE_2016","Baxter 2016",27,"fourfold","Clostridium_IV",0.97,0.94,1,94,100,14936,TRUE,TRUE,FALSE,TRUE,TRUE,TRUE,TRUE,"structural_absence_boundary_at_zero","ok","",""
"BaxterE_2016","Baxter 2016",27,"fourfold","Clostridium_sensu_stricto",0.69,0.61,0.77,61,77,10975,TRUE,TRUE,TRUE,FALSE,TRUE,TRUE,TRUE,"ok","ok","",""
"BaxterE_2016","Baxter 2016",27,"fourfold","Clostridium_XI",0.795,0.73,0.86,73,86,9444,TRUE,TRUE,TRUE,FALSE,TRUE,TRUE,TRUE,"ok","ok","",""
"BaxterE_2016","Baxter 2016",27,"fourfold","Clostridium_XlVa",1,1,1,100,100,15111,TRUE,TRUE,FALSE,TRUE,TRUE,TRUE,TRUE,"no_observed_zeros","ok","",""
"BaxterE_2016","Baxter 2016",27,"fourfold","Clostridium_XVIII",0.845,0.78,0.91,78,91,5697,TRUE,TRUE,TRUE,FALSE,TRUE,TRUE,TRUE,"ok","ok","",""
"BaxterE_2016","Baxter 2016",27,"fourfold","Collinsella",0.595,0.54,0.65,54,65,8060,TRUE,TRUE,TRUE,FALSE,TRUE,TRUE,TRUE,"ok","ok","",""
"BaxterE_2016","Baxter 2016",27,"fourfold","Coprococcus",0.86,0.86,0.86,86,86,9169,TRUE,TRUE,TRUE,FALSE,TRUE,TRUE,TRUE,"ok","ok","",""
"BaxterE_2016","Baxter 2016",27,"fourfold","Dorea",0.95,0.93,0.97,93,97,15178,TRUE,TRUE,TRUE,FALSE,TRUE,TRUE,TRUE,"ok","ok","",""
"BaxterE_2016","Baxter 2016",27,"fourfold","Escherichia/Shigella",0.69,0.55,0.83,55,83,6792,TRUE,TRUE,TRUE,FALSE,TRUE,TRUE,TRUE,"ok","ok","",""
"BaxterE_2016","Baxter 2016",27,"fourfold","Faecalibacterium",0.98,0.97,0.99,97,99,47073,TRUE,TRUE,TRUE,FALSE,TRUE,TRUE,TRUE,"ok","ok","",""
"BaxterE_2016","Baxter 2016",27,"fourfold","Gemmiger",0.775,0.78,0.77,78,77,8595,TRUE,TRUE,TRUE,FALSE,TRUE,TRUE,TRUE,"ok","ok","",""
"BaxterE_2016","Baxter 2016",27,"fourfold","Lachnospiracea_incertae_sedis",1,1,1,100,100,33022,TRUE,TRUE,FALSE,TRUE,TRUE,TRUE,TRUE,"no_observed_zeros","ok","",""
"BaxterE_2016","Baxter 2016",27,"fourfold","Methanobrevibacter",0.41,0.42,0.4,42,40,5326,TRUE,TRUE,TRUE,FALSE,TRUE,TRUE,TRUE,"ok","ok","",""
"BaxterE_2016","Baxter 2016",27,"fourfold","Oscillibacter",0.885,0.87,0.9,87,90,9363,TRUE,TRUE,TRUE,FALSE,TRUE,TRUE,TRUE,"ok","ok","",""
"BaxterE_2016","Baxter 2016",27,"fourfold","Parabacteroides",0.695,0.66,0.73,66,73,4857,TRUE,TRUE,TRUE,FALSE,TRUE,TRUE,TRUE,"ok","ok","",""
"BaxterE_2016","Baxter 2016",27,"fourfold","Phascolarctobacterium",0.675,0.62,0.73,62,73,7493,TRUE,TRUE,TRUE,FALSE,TRUE,TRUE,TRUE,"ok","ok","",""
"BaxterE_2016","Baxter 2016",27,"fourfold","Prevotella",0.35,0.32,0.38,32,38,11489,TRUE,TRUE,TRUE,FALSE,TRUE,TRUE,TRUE,"ok","ok","",""
"BaxterE_2016","Baxter 2016",27,"fourfold","Roseburia",0.975,0.98,0.97,98,97,34612,TRUE,TRUE,TRUE,FALSE,TRUE,TRUE,TRUE,"ok","ok","",""
"BaxterE_2016","Baxter 2016",27,"fourfold","Ruminococcus",0.885,0.85,0.92,85,92,23923,TRUE,TRUE,TRUE,FALSE,TRUE,TRUE,TRUE,"ok","ok","",""
"BaxterE_2016","Baxter 2016",27,"fourfold","Ruminococcus2",0.975,0.95,1,95,100,18654,TRUE,TRUE,TRUE,FALSE,TRUE,TRUE,TRUE,"ok","ok","",""
"BaxterE_2016","Baxter 2016",27,"fourfold","Streptococcus",0.78,0.67,0.89,67,89,5930,TRUE,TRUE,TRUE,FALSE,TRUE,TRUE,TRUE,"ok","ok","",""
"BaxterE_2016","Baxter 2016",27,"fourfold","Unclassified_Clostridiales",0.89,0.88,0.9,88,90,10241,TRUE,TRUE,TRUE,FALSE,TRUE,TRUE,TRUE,"ok","ok","",""
"BaxterE_2016","Baxter 2016",27,"fourfold","Unclassified_Lachnospiraceae",1,1,1,100,100,40118,TRUE,TRUE,FALSE,TRUE,TRUE,TRUE,TRUE,"no_observed_zeros","ok","",""
"BaxterE_2016","Baxter 2016",27,"fourfold","Unclassified_Ruminococcaceae",0.965,0.96,0.97,96,97,21615,TRUE,TRUE,TRUE,FALSE,TRUE,TRUE,TRUE,"ok","ok","",""
"BaxterE_2016","Baxter 2016",28,"balanced","Akkermansia",0.82,0.77,0.87,77,87,22735,TRUE,TRUE,TRUE,FALSE,TRUE,TRUE,TRUE,"ok","ok","",""
"BaxterE_2016","Baxter 2016",28,"balanced","Alistipes",0.92,0.92,0.92,92,92,25296,TRUE,TRUE,TRUE,FALSE,TRUE,TRUE,TRUE,"ok","ok","",""
"BaxterE_2016","Baxter 2016",28,"balanced","Anaerostipes",0.985,0.98,0.99,98,99,28787,TRUE,TRUE,TRUE,FALSE,TRUE,TRUE,TRUE,"ok","ok","",""
"BaxterE_2016","Baxter 2016",28,"balanced","Bacteroides",1,1,1,100,100,119473,TRUE,TRUE,FALSE,TRUE,TRUE,TRUE,TRUE,"no_observed_zeros","ok","",""
"BaxterE_2016","Baxter 2016",28,"balanced","Bifidobacterium",0.75,0.71,0.79,71,79,8064,TRUE,TRUE,TRUE,FALSE,TRUE,TRUE,TRUE,"ok","ok","",""
"BaxterE_2016","Baxter 2016",28,"balanced","Blautia",1,1,1,100,100,125122,TRUE,TRUE,FALSE,TRUE,TRUE,TRUE,TRUE,"no_observed_zeros","ok","",""
"BaxterE_2016","Baxter 2016",28,"balanced","Clostridium_IV",0.98,0.98,0.98,98,98,16063,TRUE,TRUE,TRUE,FALSE,TRUE,TRUE,TRUE,"ok","ok","",""
"BaxterE_2016","Baxter 2016",28,"balanced","Clostridium_sensu_stricto",0.725,0.72,0.73,72,73,9730,TRUE,TRUE,TRUE,FALSE,TRUE,TRUE,TRUE,"ok","ok","",""
"BaxterE_2016","Baxter 2016",28,"balanced","Clostridium_XI",0.855,0.84,0.87,84,87,8621,TRUE,TRUE,TRUE,FALSE,TRUE,TRUE,TRUE,"ok","ok","",""
"BaxterE_2016","Baxter 2016",28,"balanced","Clostridium_XlVa",1,1,1,100,100,15431,TRUE,TRUE,FALSE,TRUE,TRUE,TRUE,TRUE,"no_observed_zeros","ok","",""
"BaxterE_2016","Baxter 2016",28,"balanced","Clostridium_XVIII",0.91,0.93,0.89,93,89,5528,TRUE,TRUE,TRUE,FALSE,TRUE,TRUE,TRUE,"ok","ok","",""
"BaxterE_2016","Baxter 2016",28,"balanced","Collinsella",0.63,0.6,0.66,60,66,7203,TRUE,TRUE,TRUE,FALSE,TRUE,TRUE,TRUE,"ok","ok","",""
"BaxterE_2016","Baxter 2016",28,"balanced","Coprococcus",0.865,0.85,0.88,85,88,8938,TRUE,TRUE,TRUE,FALSE,TRUE,TRUE,TRUE,"ok","ok","",""
"BaxterE_2016","Baxter 2016",28,"balanced","Dorea",0.95,0.95,0.95,95,95,14162,TRUE,TRUE,TRUE,FALSE,TRUE,TRUE,TRUE,"ok","ok","",""
"BaxterE_2016","Baxter 2016",28,"balanced","Escherichia/Shigella",0.8,0.79,0.81,79,81,6910,TRUE,TRUE,FALSE,TRUE,TRUE,TRUE,TRUE,"structural_absence_boundary_at_zero","ok","",""
"BaxterE_2016","Baxter 2016",28,"balanced","Faecalibacterium",0.98,0.99,0.97,99,97,43626,TRUE,TRUE,TRUE,FALSE,TRUE,TRUE,TRUE,"ok","ok","",""
"BaxterE_2016","Baxter 2016",28,"balanced","Gemmiger",0.795,0.78,0.81,78,81,9198,TRUE,TRUE,TRUE,FALSE,TRUE,TRUE,TRUE,"ok","ok","",""
"BaxterE_2016","Baxter 2016",28,"balanced","Lachnospiracea_incertae_sedis",1,1,1,100,100,34102,TRUE,TRUE,FALSE,TRUE,TRUE,TRUE,TRUE,"no_observed_zeros","ok","",""
"BaxterE_2016","Baxter 2016",28,"balanced","Methanobrevibacter",0.415,0.34,0.49,34,49,5912,TRUE,TRUE,TRUE,FALSE,TRUE,TRUE,TRUE,"ok","ok","",""
"BaxterE_2016","Baxter 2016",28,"balanced","Oscillibacter",0.89,0.86,0.92,86,92,10127,TRUE,TRUE,TRUE,FALSE,TRUE,TRUE,TRUE,"ok","ok","",""
"BaxterE_2016","Baxter 2016",28,"balanced","Parabacteroides",0.7,0.68,0.72,68,72,5745,TRUE,TRUE,TRUE,FALSE,TRUE,TRUE,TRUE,"ok","ok","",""
"BaxterE_2016","Baxter 2016",28,"balanced","Phascolarctobacterium",0.635,0.64,0.63,64,63,7920,TRUE,TRUE,TRUE,FALSE,TRUE,TRUE,TRUE,"ok","ok","",""
"BaxterE_2016","Baxter 2016",28,"balanced","Prevotella",0.365,0.39,0.34,39,34,13371,TRUE,TRUE,TRUE,FALSE,TRUE,TRUE,TRUE,"ok","ok","",""
"BaxterE_2016","Baxter 2016",28,"balanced","Roseburia",0.98,0.98,0.98,98,98,32094,TRUE,TRUE,TRUE,FALSE,TRUE,TRUE,TRUE,"ok","ok","",""
"BaxterE_2016","Baxter 2016",28,"balanced","Ruminococcus",0.885,0.86,0.91,86,91,24325,TRUE,TRUE,TRUE,FALSE,TRUE,TRUE,TRUE,"ok","ok","",""
"BaxterE_2016","Baxter 2016",28,"balanced","Ruminococcus2",0.985,1,0.97,100,97,16888,TRUE,TRUE,TRUE,FALSE,TRUE,TRUE,TRUE,"ok","ok","",""
"BaxterE_2016","Baxter 2016",28,"balanced","Streptococcus",0.86,0.87,0.85,87,85,5393,TRUE,TRUE,TRUE,FALSE,TRUE,TRUE,TRUE,"ok","ok","",""
"BaxterE_2016","Baxter 2016",28,"balanced","Unclassified_Clostridiales",0.93,0.91,0.95,91,95,10895,TRUE,TRUE,TRUE,FALSE,TRUE,TRUE,TRUE,"ok","ok","",""
"BaxterE_2016","Baxter 2016",28,"balanced","Unclassified_Lachnospiraceae",1,1,1,100,100,37625,TRUE,TRUE,FALSE,TRUE,TRUE,TRUE,TRUE,"no_observed_zeros","ok","",""
"BaxterE_2016","Baxter 2016",28,"balanced","Unclassified_Ruminococcaceae",0.975,0.96,0.99,96,99,23631,TRUE,TRUE,TRUE,FALSE,TRUE,TRUE,TRUE,"ok","ok","",""
"BaxterE_2016","Baxter 2016",28,"fourfold","Akkermansia",0.84,0.76,0.92,76,92,22835,TRUE,TRUE,TRUE,FALSE,TRUE,TRUE,TRUE,"ok","ok","",""
"BaxterE_2016","Baxter 2016",28,"fourfold","Alistipes",0.9,0.87,0.93,87,93,21913,TRUE,TRUE,TRUE,FALSE,TRUE,TRUE,TRUE,"ok","ok","",""
"BaxterE_2016","Baxter 2016",28,"fourfold","Anaerostipes",0.97,0.95,0.99,95,99,29152,TRUE,TRUE,TRUE,FALSE,TRUE,TRUE,TRUE,"ok","ok","",""
"BaxterE_2016","Baxter 2016",28,"fourfold","Bacteroides",0.995,1,0.99,100,99,98103,TRUE,TRUE,TRUE,FALSE,TRUE,TRUE,TRUE,"ok","ok","",""
"BaxterE_2016","Baxter 2016",28,"fourfold","Bifidobacterium",0.715,0.68,0.75,68,75,8331,TRUE,TRUE,TRUE,FALSE,TRUE,TRUE,TRUE,"ok","ok","",""
"BaxterE_2016","Baxter 2016",28,"fourfold","Blautia",1,1,1,100,100,121878,TRUE,TRUE,FALSE,TRUE,TRUE,TRUE,TRUE,"no_observed_zeros","ok","",""
"BaxterE_2016","Baxter 2016",28,"fourfold","Clostridium_IV",0.985,0.98,0.99,98,99,14258,TRUE,TRUE,TRUE,FALSE,TRUE,TRUE,TRUE,"ok","ok","",""
"BaxterE_2016","Baxter 2016",28,"fourfold","Clostridium_sensu_stricto",0.69,0.62,0.76,62,76,8684,TRUE,TRUE,TRUE,FALSE,TRUE,TRUE,TRUE,"ok","ok","",""
"BaxterE_2016","Baxter 2016",28,"fourfold","Clostridium_XI",0.815,0.8,0.83,80,83,9941,TRUE,TRUE,TRUE,FALSE,TRUE,TRUE,TRUE,"ok","ok","",""
"BaxterE_2016","Baxter 2016",28,"fourfold","Clostridium_XlVa",0.995,0.99,1,99,100,13822,TRUE,TRUE,FALSE,TRUE,TRUE,TRUE,TRUE,"structural_absence_boundary_at_zero","ok","",""
"BaxterE_2016","Baxter 2016",28,"fourfold","Clostridium_XVIII",0.82,0.77,0.87,77,87,5212,TRUE,TRUE,TRUE,FALSE,TRUE,TRUE,TRUE,"ok","ok","",""
"BaxterE_2016","Baxter 2016",28,"fourfold","Collinsella",0.59,0.54,0.64,54,64,6410,TRUE,TRUE,TRUE,FALSE,TRUE,TRUE,TRUE,"ok","ok","",""
"BaxterE_2016","Baxter 2016",28,"fourfold","Coprococcus",0.865,0.82,0.91,82,91,8756,TRUE,TRUE,TRUE,FALSE,TRUE,TRUE,TRUE,"ok","ok","",""
"BaxterE_2016","Baxter 2016",28,"fourfold","Dorea",0.965,0.95,0.98,95,98,12661,TRUE,TRUE,TRUE,FALSE,TRUE,TRUE,TRUE,"ok","ok","",""
"BaxterE_2016","Baxter 2016",28,"fourfold","Escherichia/Shigella",0.695,0.6,0.79,60,79,5632,TRUE,TRUE,TRUE,FALSE,TRUE,TRUE,TRUE,"ok","ok","",""
"BaxterE_2016","Baxter 2016",28,"fourfold","Faecalibacterium",0.985,0.98,0.99,98,99,42554,TRUE,TRUE,TRUE,FALSE,TRUE,TRUE,TRUE,"ok","ok","",""
"BaxterE_2016","Baxter 2016",28,"fourfold","Gemmiger",0.765,0.7,0.83,70,83,8381,TRUE,TRUE,TRUE,FALSE,TRUE,TRUE,TRUE,"ok","ok","",""
"BaxterE_2016","Baxter 2016",28,"fourfold","Lachnospiracea_incertae_sedis",1,1,1,100,100,31011,TRUE,TRUE,FALSE,TRUE,TRUE,TRUE,TRUE,"no_observed_zeros","ok","",""
"BaxterE_2016","Baxter 2016",28,"fourfold","Methanobrevibacter",0.405,0.27,0.54,27,54,6007,TRUE,TRUE,TRUE,FALSE,TRUE,TRUE,TRUE,"ok","ok","",""
"BaxterE_2016","Baxter 2016",28,"fourfold","Oscillibacter",0.875,0.8,0.95,80,95,9731,TRUE,TRUE,TRUE,FALSE,TRUE,TRUE,TRUE,"ok","ok","",""
"BaxterE_2016","Baxter 2016",28,"fourfold","Parabacteroides",0.71,0.64,0.78,64,78,4597,TRUE,TRUE,TRUE,FALSE,TRUE,TRUE,TRUE,"ok","ok","",""
"BaxterE_2016","Baxter 2016",28,"fourfold","Phascolarctobacterium",0.635,0.6,0.67,60,67,7547,TRUE,TRUE,TRUE,FALSE,TRUE,TRUE,TRUE,"ok","ok","",""
"BaxterE_2016","Baxter 2016",28,"fourfold","Prevotella",0.37,0.34,0.4,34,40,13753,TRUE,TRUE,TRUE,FALSE,TRUE,TRUE,TRUE,"ok","ok","",""
"BaxterE_2016","Baxter 2016",28,"fourfold","Roseburia",0.98,0.97,0.99,97,99,32293,TRUE,TRUE,TRUE,FALSE,TRUE,TRUE,TRUE,"ok","ok","",""
"BaxterE_2016","Baxter 2016",28,"fourfold","Ruminococcus",0.87,0.81,0.93,81,93,22596,TRUE,TRUE,TRUE,FALSE,TRUE,TRUE,TRUE,"ok","ok","",""
"BaxterE_2016","Baxter 2016",28,"fourfold","Ruminococcus2",0.965,0.96,0.97,96,97,15654,TRUE,TRUE,TRUE,FALSE,TRUE,TRUE,TRUE,"ok","ok","",""
"BaxterE_2016","Baxter 2016",28,"fourfold","Streptococcus",0.845,0.81,0.88,81,88,7700,TRUE,TRUE,TRUE,FALSE,TRUE,TRUE,TRUE,"ok","ok","",""
"BaxterE_2016","Baxter 2016",28,"fourfold","Unclassified_Clostridiales",0.875,0.8,0.95,80,95,10981,TRUE,TRUE,TRUE,FALSE,TRUE,TRUE,TRUE,"ok","ok","",""
"BaxterE_2016","Baxter 2016",28,"fourfold","Unclassified_Lachnospiraceae",0.995,0.99,1,99,100,34475,TRUE,TRUE,TRUE,FALSE,TRUE,TRUE,TRUE,"ok","ok","",""
"BaxterE_2016","Baxter 2016",28,"fourfold","Unclassified_Ruminococcaceae",0.97,0.96,0.98,96,98,24507,TRUE,TRUE,TRUE,FALSE,TRUE,TRUE,TRUE,"ok","ok","",""
"BaxterE_2016","Baxter 2016",29,"balanced","Akkermansia",0.85,0.86,0.84,86,84,26379,TRUE,TRUE,TRUE,FALSE,TRUE,TRUE,TRUE,"ok","ok","",""
"BaxterE_2016","Baxter 2016",29,"balanced","Alistipes",0.94,0.92,0.96,92,96,25523,TRUE,TRUE,TRUE,FALSE,TRUE,TRUE,TRUE,"ok","ok","",""
"BaxterE_2016","Baxter 2016",29,"balanced","Anaerostipes",0.985,0.99,0.98,99,98,30506,TRUE,TRUE,TRUE,FALSE,TRUE,TRUE,TRUE,"ok","ok","",""
"BaxterE_2016","Baxter 2016",29,"balanced","Bacteroides",1,1,1,100,100,118229,TRUE,TRUE,FALSE,TRUE,TRUE,TRUE,TRUE,"no_observed_zeros","ok","",""
"BaxterE_2016","Baxter 2016",29,"balanced","Bifidobacterium",0.75,0.73,0.77,73,77,9484,TRUE,TRUE,TRUE,FALSE,TRUE,TRUE,TRUE,"ok","ok","",""
"BaxterE_2016","Baxter 2016",29,"balanced","Blautia",1,1,1,100,100,132797,TRUE,TRUE,FALSE,TRUE,TRUE,TRUE,TRUE,"no_observed_zeros","ok","",""
"BaxterE_2016","Baxter 2016",29,"balanced","Clostridium_IV",0.985,0.98,0.99,98,99,15731,TRUE,TRUE,TRUE,FALSE,TRUE,TRUE,TRUE,"ok","ok","",""
"BaxterE_2016","Baxter 2016",29,"balanced","Clostridium_sensu_stricto",0.755,0.75,0.76,75,76,9406,TRUE,TRUE,TRUE,FALSE,TRUE,TRUE,TRUE,"ok","ok","",""
"BaxterE_2016","Baxter 2016",29,"balanced","Clostridium_XI",0.835,0.84,0.83,84,83,9408,TRUE,TRUE,TRUE,FALSE,TRUE,TRUE,TRUE,"ok","ok","",""
"BaxterE_2016","Baxter 2016",29,"balanced","Clostridium_XlVa",1,1,1,100,100,15469,TRUE,TRUE,FALSE,TRUE,TRUE,TRUE,TRUE,"no_observed_zeros","ok","",""
"BaxterE_2016","Baxter 2016",29,"balanced","Clostridium_XVIII",0.925,0.93,0.92,93,92,4673,TRUE,TRUE,TRUE,FALSE,TRUE,TRUE,TRUE,"ok","ok","",""
"BaxterE_2016","Baxter 2016",29,"balanced","Collinsella",0.615,0.57,0.66,57,66,7822,TRUE,TRUE,TRUE,FALSE,TRUE,TRUE,TRUE,"ok","ok","",""
"BaxterE_2016","Baxter 2016",29,"balanced","Coprococcus",0.865,0.82,0.91,82,91,9156,TRUE,TRUE,TRUE,FALSE,TRUE,TRUE,TRUE,"ok","ok","",""
"BaxterE_2016","Baxter 2016",29,"balanced","Dorea",0.945,0.96,0.93,96,93,14061,TRUE,TRUE,TRUE,FALSE,TRUE,TRUE,TRUE,"ok","ok","",""
"BaxterE_2016","Baxter 2016",29,"balanced","Escherichia/Shigella",0.77,0.74,0.8,74,80,6201,TRUE,TRUE,TRUE,FALSE,TRUE,TRUE,TRUE,"ok","ok","",""
"BaxterE_2016","Baxter 2016",29,"balanced","Faecalibacterium",0.985,0.98,0.99,98,99,45012,TRUE,TRUE,TRUE,FALSE,TRUE,TRUE,TRUE,"ok","ok","",""
"BaxterE_2016","Baxter 2016",29,"balanced","Gemmiger",0.805,0.82,0.79,82,79,9250,TRUE,TRUE,TRUE,FALSE,TRUE,TRUE,TRUE,"ok","ok","",""
"BaxterE_2016","Baxter 2016",29,"balanced","Lachnospiracea_incertae_sedis",1,1,1,100,100,34237,TRUE,TRUE,FALSE,TRUE,TRUE,TRUE,TRUE,"no_observed_zeros","ok","",""
"BaxterE_2016","Baxter 2016",29,"balanced","Methanobrevibacter",0.425,0.42,0.43,42,43,9910,TRUE,TRUE,TRUE,FALSE,TRUE,TRUE,TRUE,"ok","ok","",""
"BaxterE_2016","Baxter 2016",29,"balanced","Oscillibacter",0.895,0.87,0.92,87,92,10308,TRUE,TRUE,TRUE,FALSE,TRUE,TRUE,TRUE,"ok","ok","",""
"BaxterE_2016","Baxter 2016",29,"balanced","Parabacteroides",0.72,0.64,0.8,64,80,5834,TRUE,TRUE,TRUE,FALSE,TRUE,TRUE,TRUE,"ok","ok","",""
"BaxterE_2016","Baxter 2016",29,"balanced","Phascolarctobacterium",0.66,0.69,0.63,69,63,6880,TRUE,TRUE,TRUE,FALSE,TRUE,TRUE,TRUE,"ok","ok","",""
"BaxterE_2016","Baxter 2016",29,"balanced","Prevotella",0.375,0.34,0.41,34,41,12168,TRUE,TRUE,TRUE,FALSE,TRUE,TRUE,TRUE,"ok","ok","",""
"BaxterE_2016","Baxter 2016",29,"balanced","Roseburia",0.98,0.97,0.99,97,99,35331,TRUE,TRUE,TRUE,FALSE,TRUE,TRUE,TRUE,"ok","ok","",""
"BaxterE_2016","Baxter 2016",29,"balanced","Ruminococcus",0.9,0.88,0.92,88,92,26095,TRUE,TRUE,TRUE,FALSE,TRUE,TRUE,TRUE,"ok","ok","",""
"BaxterE_2016","Baxter 2016",29,"balanced","Ruminococcus2",0.975,0.98,0.97,98,97,18320,TRUE,TRUE,TRUE,FALSE,TRUE,TRUE,TRUE,"ok","ok","",""
"BaxterE_2016","Baxter 2016",29,"balanced","Streptococcus",0.855,0.85,0.86,85,86,6936,TRUE,TRUE,TRUE,FALSE,TRUE,TRUE,TRUE,"ok","ok","",""
"BaxterE_2016","Baxter 2016",29,"balanced","Unclassified_Clostridiales",0.92,0.9,0.94,90,94,11833,TRUE,TRUE,TRUE,FALSE,TRUE,TRUE,TRUE,"ok","ok","",""
"BaxterE_2016","Baxter 2016",29,"balanced","Unclassified_Lachnospiraceae",0.995,0.99,1,99,100,39037,TRUE,TRUE,TRUE,FALSE,TRUE,TRUE,TRUE,"ok","ok","",""
"BaxterE_2016","Baxter 2016",29,"balanced","Unclassified_Ruminococcaceae",0.975,0.96,0.99,96,99,27653,TRUE,TRUE,TRUE,FALSE,TRUE,TRUE,TRUE,"ok","ok","",""
"BaxterE_2016","Baxter 2016",29,"fourfold","Akkermansia",0.84,0.81,0.87,81,87,22207,TRUE,TRUE,TRUE,FALSE,TRUE,TRUE,TRUE,"ok","ok","",""
"BaxterE_2016","Baxter 2016",29,"fourfold","Alistipes",0.92,0.89,0.95,89,95,25453,TRUE,TRUE,TRUE,FALSE,TRUE,TRUE,TRUE,"ok","ok","",""
"BaxterE_2016","Baxter 2016",29,"fourfold","Anaerostipes",0.975,0.96,0.99,96,99,29469,TRUE,TRUE,TRUE,FALSE,TRUE,TRUE,TRUE,"ok","ok","",""
"BaxterE_2016","Baxter 2016",29,"fourfold","Bacteroides",0.99,0.98,1,98,100,113695,TRUE,TRUE,TRUE,FALSE,TRUE,TRUE,TRUE,"ok","ok","",""
"BaxterE_2016","Baxter 2016",29,"fourfold","Bifidobacterium",0.685,0.64,0.73,64,73,10146,TRUE,TRUE,TRUE,FALSE,TRUE,TRUE,TRUE,"ok","ok","",""
"BaxterE_2016","Baxter 2016",29,"fourfold","Blautia",1,1,1,100,100,119849,TRUE,TRUE,FALSE,TRUE,TRUE,TRUE,TRUE,"no_observed_zeros","ok","",""
"BaxterE_2016","Baxter 2016",29,"fourfold","Clostridium_IV",0.98,0.96,1,96,100,13784,TRUE,TRUE,TRUE,FALSE,TRUE,TRUE,TRUE,"ok","ok","",""
"BaxterE_2016","Baxter 2016",29,"fourfold","Clostridium_sensu_stricto",0.71,0.61,0.81,61,81,8950,TRUE,TRUE,TRUE,FALSE,TRUE,TRUE,TRUE,"ok","ok","",""
"BaxterE_2016","Baxter 2016",29,"fourfold","Clostridium_XI",0.825,0.78,0.87,78,87,7871,TRUE,TRUE,TRUE,FALSE,TRUE,TRUE,TRUE,"ok","ok","",""
"BaxterE_2016","Baxter 2016",29,"fourfold","Clostridium_XlVa",0.995,0.99,1,99,100,14554,TRUE,TRUE,FALSE,TRUE,TRUE,TRUE,TRUE,"structural_absence_boundary_at_zero","ok","",""
"BaxterE_2016","Baxter 2016",29,"fourfold","Clostridium_XVIII",0.87,0.81,0.93,81,93,5037,TRUE,TRUE,TRUE,FALSE,TRUE,TRUE,TRUE,"ok","ok","",""
"BaxterE_2016","Baxter 2016",29,"fourfold","Collinsella",0.62,0.53,0.71,53,71,8028,TRUE,TRUE,TRUE,FALSE,TRUE,TRUE,TRUE,"ok","ok","",""
"BaxterE_2016","Baxter 2016",29,"fourfold","Coprococcus",0.845,0.77,0.92,77,92,9225,TRUE,TRUE,TRUE,FALSE,TRUE,TRUE,TRUE,"ok","ok","",""
"BaxterE_2016","Baxter 2016",29,"fourfold","Dorea",0.935,0.93,0.94,93,94,13305,TRUE,TRUE,TRUE,FALSE,TRUE,TRUE,TRUE,"ok","ok","",""
"BaxterE_2016","Baxter 2016",29,"fourfold","Escherichia/Shigella",0.725,0.71,0.74,71,74,6573,TRUE,TRUE,TRUE,FALSE,TRUE,TRUE,TRUE,"ok","ok","",""
"BaxterE_2016","Baxter 2016",29,"fourfold","Faecalibacterium",0.985,0.98,0.99,98,99,46380,TRUE,TRUE,TRUE,FALSE,TRUE,TRUE,TRUE,"ok","ok","",""
"BaxterE_2016","Baxter 2016",29,"fourfold","Gemmiger",0.77,0.75,0.79,75,79,8124,TRUE,TRUE,TRUE,FALSE,TRUE,TRUE,TRUE,"ok","ok","",""
"BaxterE_2016","Baxter 2016",29,"fourfold","Lachnospiracea_incertae_sedis",1,1,1,100,100,31946,TRUE,TRUE,FALSE,TRUE,TRUE,TRUE,TRUE,"no_observed_zeros","ok","",""
"BaxterE_2016","Baxter 2016",29,"fourfold","Methanobrevibacter",0.425,0.34,0.51,34,51,6348,TRUE,TRUE,TRUE,FALSE,TRUE,TRUE,TRUE,"ok","ok","",""
"BaxterE_2016","Baxter 2016",29,"fourfold","Oscillibacter",0.89,0.83,0.95,83,95,10192,TRUE,TRUE,TRUE,FALSE,TRUE,TRUE,TRUE,"ok","ok","",""
"BaxterE_2016","Baxter 2016",29,"fourfold","Parabacteroides",0.68,0.56,0.8,56,80,5114,TRUE,TRUE,TRUE,FALSE,TRUE,TRUE,TRUE,"ok","ok","",""
"BaxterE_2016","Baxter 2016",29,"fourfold","Phascolarctobacterium",0.635,0.59,0.68,59,68,6758,TRUE,TRUE,TRUE,FALSE,TRUE,TRUE,TRUE,"ok","ok","",""
"BaxterE_2016","Baxter 2016",29,"fourfold","Prevotella",0.355,0.31,0.4,31,40,13212,TRUE,TRUE,TRUE,FALSE,TRUE,TRUE,TRUE,"ok","ok","",""
"BaxterE_2016","Baxter 2016",29,"fourfold","Roseburia",0.975,0.95,1,95,100,33489,TRUE,TRUE,TRUE,FALSE,TRUE,TRUE,TRUE,"ok","ok","",""
"BaxterE_2016","Baxter 2016",29,"fourfold","Ruminococcus",0.885,0.84,0.93,84,93,23395,TRUE,TRUE,TRUE,FALSE,TRUE,TRUE,TRUE,"ok","ok","",""
"BaxterE_2016","Baxter 2016",29,"fourfold","Ruminococcus2",0.96,0.94,0.98,94,98,17908,TRUE,TRUE,TRUE,FALSE,TRUE,TRUE,TRUE,"ok","ok","",""
"BaxterE_2016","Baxter 2016",29,"fourfold","Streptococcus",0.815,0.72,0.91,72,91,5738,TRUE,TRUE,TRUE,FALSE,TRUE,TRUE,TRUE,"ok","ok","",""
"BaxterE_2016","Baxter 2016",29,"fourfold","Unclassified_Clostridiales",0.895,0.84,0.95,84,95,10131,TRUE,TRUE,TRUE,FALSE,TRUE,TRUE,TRUE,"ok","ok","",""
"BaxterE_2016","Baxter 2016",29,"fourfold","Unclassified_Lachnospiraceae",1,1,1,100,100,35510,TRUE,TRUE,FALSE,TRUE,TRUE,TRUE,TRUE,"no_observed_zeros","ok","",""
"BaxterE_2016","Baxter 2016",29,"fourfold","Unclassified_Ruminococcaceae",0.97,0.95,0.99,95,99,25128,TRUE,TRUE,TRUE,FALSE,TRUE,TRUE,TRUE,"ok","ok","",""
"BaxterE_2016","Baxter 2016",30,"balanced","Akkermansia",0.84,0.84,0.84,84,84,21925,TRUE,TRUE,TRUE,FALSE,TRUE,TRUE,TRUE,"ok","ok","",""
"BaxterE_2016","Baxter 2016",30,"balanced","Alistipes",0.925,0.91,0.94,91,94,23109,TRUE,TRUE,TRUE,FALSE,TRUE,TRUE,TRUE,"ok","ok","",""
"BaxterE_2016","Baxter 2016",30,"balanced","Anaerostipes",0.98,0.97,0.99,97,99,27073,TRUE,TRUE,TRUE,FALSE,TRUE,TRUE,TRUE,"ok","ok","",""
"BaxterE_2016","Baxter 2016",30,"balanced","Bacteroides",1,1,1,100,100,114889,TRUE,TRUE,FALSE,TRUE,TRUE,TRUE,TRUE,"no_observed_zeros","ok","",""
"BaxterE_2016","Baxter 2016",30,"balanced","Bifidobacterium",0.72,0.76,0.68,76,68,7688,TRUE,TRUE,TRUE,FALSE,TRUE,TRUE,TRUE,"ok","ok","",""
"BaxterE_2016","Baxter 2016",30,"balanced","Blautia",1,1,1,100,100,125930,TRUE,TRUE,FALSE,TRUE,TRUE,TRUE,TRUE,"no_observed_zeros","ok","",""
"BaxterE_2016","Baxter 2016",30,"balanced","Clostridium_IV",0.99,0.98,1,98,100,14441,TRUE,TRUE,TRUE,FALSE,TRUE,TRUE,TRUE,"ok","ok","",""
"BaxterE_2016","Baxter 2016",30,"balanced","Clostridium_sensu_stricto",0.74,0.72,0.76,72,76,8367,TRUE,TRUE,TRUE,FALSE,TRUE,TRUE,TRUE,"ok","ok","",""
"BaxterE_2016","Baxter 2016",30,"balanced","Clostridium_XI",0.835,0.84,0.83,84,83,8326,TRUE,TRUE,TRUE,FALSE,TRUE,TRUE,TRUE,"ok","ok","",""
"BaxterE_2016","Baxter 2016",30,"balanced","Clostridium_XlVa",1,1,1,100,100,15435,TRUE,TRUE,FALSE,TRUE,TRUE,TRUE,TRUE,"no_observed_zeros","ok","",""
"BaxterE_2016","Baxter 2016",30,"balanced","Clostridium_XVIII",0.89,0.89,0.89,89,89,4928,TRUE,TRUE,TRUE,FALSE,TRUE,TRUE,TRUE,"ok","ok","",""
"BaxterE_2016","Baxter 2016",30,"balanced","Collinsella",0.605,0.62,0.59,62,59,7580,TRUE,TRUE,TRUE,FALSE,TRUE,TRUE,TRUE,"ok","ok","",""
"BaxterE_2016","Baxter 2016",30,"balanced","Coprococcus",0.86,0.84,0.88,84,88,8651,TRUE,TRUE,TRUE,FALSE,TRUE,TRUE,TRUE,"ok","ok","",""
"BaxterE_2016","Baxter 2016",30,"balanced","Dorea",0.97,0.97,0.97,97,97,13616,TRUE,TRUE,TRUE,FALSE,TRUE,TRUE,TRUE,"ok","ok","",""
"BaxterE_2016","Baxter 2016",30,"balanced","Escherichia/Shigella",0.76,0.76,0.76,76,76,8826,TRUE,TRUE,TRUE,FALSE,TRUE,TRUE,TRUE,"ok","ok","",""
"BaxterE_2016","Baxter 2016",30,"balanced","Faecalibacterium",0.985,0.98,0.99,98,99,45747,TRUE,TRUE,TRUE,FALSE,TRUE,TRUE,TRUE,"ok","ok","",""
"BaxterE_2016","Baxter 2016",30,"balanced","Gemmiger",0.775,0.77,0.78,77,78,8492,TRUE,TRUE,TRUE,FALSE,TRUE,TRUE,TRUE,"ok","ok","",""
"BaxterE_2016","Baxter 2016",30,"balanced","Lachnospiracea_incertae_sedis",1,1,1,100,100,32467,TRUE,TRUE,FALSE,TRUE,TRUE,TRUE,TRUE,"no_observed_zeros","ok","",""
"BaxterE_2016","Baxter 2016",30,"balanced","Methanobrevibacter",0.395,0.37,0.42,37,42,5530,TRUE,TRUE,TRUE,FALSE,TRUE,TRUE,TRUE,"ok","ok","",""
"BaxterE_2016","Baxter 2016",30,"balanced","Oscillibacter",0.91,0.89,0.93,89,93,10573,TRUE,TRUE,TRUE,FALSE,TRUE,TRUE,TRUE,"ok","ok","",""
"BaxterE_2016","Baxter 2016",30,"balanced","Parabacteroides",0.71,0.7,0.72,70,72,5334,TRUE,TRUE,TRUE,FALSE,TRUE,TRUE,TRUE,"ok","ok","",""
"BaxterE_2016","Baxter 2016",30,"balanced","Phascolarctobacterium",0.66,0.72,0.6,72,60,7642,TRUE,TRUE,TRUE,FALSE,TRUE,TRUE,TRUE,"ok","ok","",""
"BaxterE_2016","Baxter 2016",30,"balanced","Prevotella",0.385,0.37,0.4,37,40,13530,TRUE,TRUE,TRUE,FALSE,TRUE,TRUE,TRUE,"ok","ok","",""
"BaxterE_2016","Baxter 2016",30,"balanced","Roseburia",0.985,0.98,0.99,98,99,34899,TRUE,TRUE,TRUE,FALSE,TRUE,TRUE,TRUE,"ok","ok","",""
"BaxterE_2016","Baxter 2016",30,"balanced","Ruminococcus",0.88,0.88,0.88,88,88,24536,TRUE,TRUE,TRUE,FALSE,TRUE,TRUE,TRUE,"ok","ok","",""
"BaxterE_2016","Baxter 2016",30,"balanced","Ruminococcus2",0.985,0.98,0.99,98,99,17363,TRUE,TRUE,TRUE,FALSE,TRUE,TRUE,TRUE,"ok","ok","",""
"BaxterE_2016","Baxter 2016",30,"balanced","Streptococcus",0.855,0.82,0.89,82,89,6145,TRUE,TRUE,TRUE,FALSE,TRUE,TRUE,TRUE,"ok","ok","",""
"BaxterE_2016","Baxter 2016",30,"balanced","Unclassified_Clostridiales",0.92,0.91,0.93,91,93,10403,TRUE,TRUE,TRUE,FALSE,TRUE,TRUE,TRUE,"ok","ok","",""
"BaxterE_2016","Baxter 2016",30,"balanced","Unclassified_Lachnospiraceae",1,1,1,100,100,36072,TRUE,TRUE,FALSE,TRUE,TRUE,TRUE,TRUE,"no_observed_zeros","ok","",""
"BaxterE_2016","Baxter 2016",30,"balanced","Unclassified_Ruminococcaceae",0.985,0.99,0.98,99,98,23823,TRUE,TRUE,TRUE,FALSE,TRUE,TRUE,TRUE,"ok","ok","",""
"BaxterE_2016","Baxter 2016",30,"fourfold","Akkermansia",0.81,0.78,0.84,78,84,21569,TRUE,TRUE,TRUE,FALSE,TRUE,TRUE,TRUE,"ok","ok","",""
"BaxterE_2016","Baxter 2016",30,"fourfold","Alistipes",0.905,0.84,0.97,84,97,20293,TRUE,TRUE,TRUE,FALSE,TRUE,TRUE,TRUE,"ok","ok","",""
"BaxterE_2016","Baxter 2016",30,"fourfold","Anaerostipes",0.98,0.96,1,96,100,28102,TRUE,TRUE,TRUE,FALSE,TRUE,TRUE,TRUE,"ok","ok","",""
"BaxterE_2016","Baxter 2016",30,"fourfold","Bacteroides",1,1,1,100,100,93683,TRUE,TRUE,FALSE,TRUE,TRUE,TRUE,TRUE,"no_observed_zeros","ok","",""
"BaxterE_2016","Baxter 2016",30,"fourfold","Bifidobacterium",0.715,0.7,0.73,70,73,6389,TRUE,TRUE,TRUE,FALSE,TRUE,TRUE,TRUE,"ok","ok","",""
"BaxterE_2016","Baxter 2016",30,"fourfold","Blautia",1,1,1,100,100,128248,TRUE,TRUE,FALSE,TRUE,TRUE,TRUE,TRUE,"no_observed_zeros","ok","",""
"BaxterE_2016","Baxter 2016",30,"fourfold","Clostridium_IV",0.985,0.97,1,97,100,15808,TRUE,TRUE,FALSE,TRUE,TRUE,TRUE,TRUE,"structural_absence_boundary_at_zero","ok","",""
"BaxterE_2016","Baxter 2016",30,"fourfold","Clostridium_sensu_stricto",0.7,0.64,0.76,64,76,8064,TRUE,TRUE,TRUE,FALSE,TRUE,TRUE,TRUE,"ok","ok","",""
"BaxterE_2016","Baxter 2016",30,"fourfold","Clostridium_XI",0.815,0.74,0.89,74,89,8368,TRUE,TRUE,TRUE,FALSE,TRUE,TRUE,TRUE,"ok","ok","",""
"BaxterE_2016","Baxter 2016",30,"fourfold","Clostridium_XlVa",0.99,0.98,1,98,100,14354,TRUE,TRUE,TRUE,FALSE,TRUE,TRUE,TRUE,"ok","ok","",""
"BaxterE_2016","Baxter 2016",30,"fourfold","Clostridium_XVIII",0.84,0.75,0.93,75,93,5081,TRUE,TRUE,TRUE,FALSE,TRUE,TRUE,TRUE,"ok","ok","",""
"BaxterE_2016","Baxter 2016",30,"fourfold","Collinsella",0.595,0.61,0.58,61,58,6623,TRUE,TRUE,TRUE,FALSE,TRUE,TRUE,TRUE,"ok","ok","",""
"BaxterE_2016","Baxter 2016",30,"fourfold","Coprococcus",0.865,0.86,0.87,86,87,8075,TRUE,TRUE,TRUE,FALSE,TRUE,TRUE,TRUE,"ok","ok","",""
"BaxterE_2016","Baxter 2016",30,"fourfold","Dorea",0.955,0.96,0.95,96,95,14226,TRUE,TRUE,TRUE,FALSE,TRUE,TRUE,TRUE,"ok","ok","",""
"BaxterE_2016","Baxter 2016",30,"fourfold","Escherichia/Shigella",0.69,0.59,0.79,59,79,6158,TRUE,TRUE,TRUE,FALSE,TRUE,TRUE,TRUE,"ok","ok","",""
"BaxterE_2016","Baxter 2016",30,"fourfold","Faecalibacterium",0.99,0.98,1,98,100,44536,TRUE,TRUE,TRUE,FALSE,TRUE,TRUE,TRUE,"ok","ok","",""
"BaxterE_2016","Baxter 2016",30,"fourfold","Gemmiger",0.77,0.74,0.8,74,80,7776,TRUE,TRUE,TRUE,FALSE,TRUE,TRUE,TRUE,"ok","ok","",""
"BaxterE_2016","Baxter 2016",30,"fourfold","Lachnospiracea_incertae_sedis",1,1,1,100,100,29591,TRUE,TRUE,FALSE,TRUE,TRUE,TRUE,TRUE,"no_observed_zeros","ok","",""
"BaxterE_2016","Baxter 2016",30,"fourfold","Methanobrevibacter",0.42,0.32,0.52,32,52,6786,TRUE,TRUE,TRUE,FALSE,TRUE,TRUE,TRUE,"ok","ok","",""
"BaxterE_2016","Baxter 2016",30,"fourfold","Oscillibacter",0.875,0.82,0.93,82,93,11312,TRUE,TRUE,TRUE,FALSE,TRUE,TRUE,TRUE,"ok","ok","",""
"BaxterE_2016","Baxter 2016",30,"fourfold","Parabacteroides",0.7,0.62,0.78,62,78,5575,TRUE,TRUE,TRUE,FALSE,TRUE,TRUE,TRUE,"ok","ok","",""
"BaxterE_2016","Baxter 2016",30,"fourfold","Phascolarctobacterium",0.605,0.6,0.61,60,61,6768,TRUE,TRUE,TRUE,FALSE,TRUE,TRUE,TRUE,"ok","ok","",""
"BaxterE_2016","Baxter 2016",30,"fourfold","Prevotella",0.36,0.31,0.41,31,41,13604,TRUE,TRUE,TRUE,FALSE,TRUE,TRUE,TRUE,"ok","ok","",""
"BaxterE_2016","Baxter 2016",30,"fourfold","Roseburia",0.975,0.97,0.98,97,98,30823,TRUE,TRUE,TRUE,FALSE,TRUE,TRUE,TRUE,"ok","ok","",""
"BaxterE_2016","Baxter 2016",30,"fourfold","Ruminococcus",0.875,0.85,0.9,85,90,23835,TRUE,TRUE,TRUE,FALSE,TRUE,TRUE,TRUE,"ok","ok","",""
"BaxterE_2016","Baxter 2016",30,"fourfold","Ruminococcus2",0.97,0.95,0.99,95,99,17785,TRUE,TRUE,TRUE,FALSE,TRUE,TRUE,TRUE,"ok","ok","",""
"BaxterE_2016","Baxter 2016",30,"fourfold","Streptococcus",0.815,0.73,0.9,73,90,5336,TRUE,TRUE,TRUE,FALSE,TRUE,TRUE,TRUE,"ok","ok","",""
"BaxterE_2016","Baxter 2016",30,"fourfold","Unclassified_Clostridiales",0.9,0.87,0.93,87,93,11461,TRUE,TRUE,TRUE,FALSE,TRUE,TRUE,TRUE,"ok","ok","",""
"BaxterE_2016","Baxter 2016",30,"fourfold","Unclassified_Lachnospiraceae",1,1,1,100,100,35428,TRUE,TRUE,FALSE,TRUE,TRUE,TRUE,TRUE,"no_observed_zeros","ok","",""
"BaxterE_2016","Baxter 2016",30,"fourfold","Unclassified_Ruminococcaceae",0.98,0.96,1,96,100,24100,TRUE,TRUE,TRUE,FALSE,TRUE,TRUE,TRUE,"ok","ok","",""
"BaxterE_2016","Baxter 2016",31,"balanced","Akkermansia",0.865,0.91,0.82,91,82,24681,TRUE,TRUE,TRUE,FALSE,TRUE,TRUE,TRUE,"ok","ok","",""
"BaxterE_2016","Baxter 2016",31,"balanced","Alistipes",0.915,0.91,0.92,91,92,25376,TRUE,TRUE,TRUE,FALSE,TRUE,TRUE,TRUE,"ok","ok","",""
"BaxterE_2016","Baxter 2016",31,"balanced","Anaerostipes",0.985,1,0.97,100,97,31635,TRUE,TRUE,TRUE,FALSE,TRUE,TRUE,TRUE,"ok","ok","",""
"BaxterE_2016","Baxter 2016",31,"balanced","Bacteroides",1,1,1,100,100,119863,TRUE,TRUE,FALSE,TRUE,TRUE,TRUE,TRUE,"no_observed_zeros","ok","",""
"BaxterE_2016","Baxter 2016",31,"balanced","Bifidobacterium",0.735,0.76,0.71,76,71,8231,TRUE,TRUE,TRUE,FALSE,TRUE,TRUE,TRUE,"ok","ok","",""
"BaxterE_2016","Baxter 2016",31,"balanced","Blautia",1,1,1,100,100,130606,TRUE,TRUE,FALSE,TRUE,TRUE,TRUE,TRUE,"no_observed_zeros","ok","",""
"BaxterE_2016","Baxter 2016",31,"balanced","Clostridium_IV",0.99,0.98,1,98,100,16702,TRUE,TRUE,FALSE,TRUE,TRUE,TRUE,TRUE,"structural_absence_boundary_at_zero","ok","",""
"BaxterE_2016","Baxter 2016",31,"balanced","Clostridium_sensu_stricto",0.735,0.71,0.76,71,76,8340,TRUE,TRUE,TRUE,FALSE,TRUE,TRUE,TRUE,"ok","ok","",""
"BaxterE_2016","Baxter 2016",31,"balanced","Clostridium_XI",0.835,0.84,0.83,84,83,8653,TRUE,TRUE,TRUE,FALSE,TRUE,TRUE,TRUE,"ok","ok","",""
"BaxterE_2016","Baxter 2016",31,"balanced","Clostridium_XlVa",0.995,0.99,1,99,100,15882,TRUE,TRUE,TRUE,FALSE,TRUE,TRUE,TRUE,"ok","ok","",""
"BaxterE_2016","Baxter 2016",31,"balanced","Clostridium_XVIII",0.875,0.88,0.87,88,87,5236,TRUE,TRUE,TRUE,FALSE,TRUE,TRUE,TRUE,"ok","ok","",""
"BaxterE_2016","Baxter 2016",31,"balanced","Collinsella",0.595,0.62,0.57,62,57,7650,TRUE,TRUE,TRUE,FALSE,TRUE,TRUE,TRUE,"ok","ok","",""
"BaxterE_2016","Baxter 2016",31,"balanced","Coprococcus",0.89,0.86,0.92,86,92,8913,TRUE,TRUE,TRUE,FALSE,TRUE,TRUE,TRUE,"ok","ok","",""
"BaxterE_2016","Baxter 2016",31,"balanced","Dorea",0.95,0.97,0.93,97,93,14654,TRUE,TRUE,TRUE,FALSE,TRUE,TRUE,TRUE,"ok","ok","",""
"BaxterE_2016","Baxter 2016",31,"balanced","Escherichia/Shigella",0.77,0.79,0.75,79,75,6052,TRUE,TRUE,TRUE,FALSE,TRUE,TRUE,TRUE,"ok","ok","",""
"BaxterE_2016","Baxter 2016",31,"balanced","Faecalibacterium",0.99,0.98,1,98,100,43142,TRUE,TRUE,TRUE,FALSE,TRUE,TRUE,TRUE,"ok","ok","",""
"BaxterE_2016","Baxter 2016",31,"balanced","Gemmiger",0.78,0.75,0.81,75,81,9427,TRUE,TRUE,TRUE,FALSE,TRUE,TRUE,TRUE,"ok","ok","",""
"BaxterE_2016","Baxter 2016",31,"balanced","Lachnospiracea_incertae_sedis",1,1,1,100,100,32183,TRUE,TRUE,FALSE,TRUE,TRUE,TRUE,TRUE,"no_observed_zeros","ok","",""
"BaxterE_2016","Baxter 2016",31,"balanced","Methanobrevibacter",0.41,0.4,0.42,40,42,5302,TRUE,TRUE,TRUE,FALSE,TRUE,TRUE,TRUE,"ok","ok","",""
"BaxterE_2016","Baxter 2016",31,"balanced","Oscillibacter",0.905,0.95,0.86,95,86,9922,TRUE,TRUE,TRUE,FALSE,TRUE,TRUE,TRUE,"ok","ok","",""
"BaxterE_2016","Baxter 2016",31,"balanced","Parabacteroides",0.715,0.74,0.69,74,69,5326,TRUE,TRUE,TRUE,FALSE,TRUE,TRUE,TRUE,"ok","ok","",""
"BaxterE_2016","Baxter 2016",31,"balanced","Phascolarctobacterium",0.645,0.7,0.59,70,59,7258,TRUE,TRUE,TRUE,FALSE,TRUE,TRUE,TRUE,"ok","ok","",""
"BaxterE_2016","Baxter 2016",31,"balanced","Prevotella",0.355,0.4,0.31,40,31,12612,TRUE,TRUE,TRUE,FALSE,TRUE,TRUE,TRUE,"ok","ok","",""
"BaxterE_2016","Baxter 2016",31,"balanced","Roseburia",0.98,0.97,0.99,97,99,36944,TRUE,TRUE,TRUE,FALSE,TRUE,TRUE,TRUE,"ok","ok","",""
"BaxterE_2016","Baxter 2016",31,"balanced","Ruminococcus",0.905,0.91,0.9,91,90,25450,TRUE,TRUE,TRUE,FALSE,TRUE,TRUE,TRUE,"ok","ok","",""
"BaxterE_2016","Baxter 2016",31,"balanced","Ruminococcus2",0.975,0.97,0.98,97,98,18040,TRUE,TRUE,TRUE,FALSE,TRUE,TRUE,TRUE,"ok","ok","",""
"BaxterE_2016","Baxter 2016",31,"balanced","Streptococcus",0.84,0.8,0.88,80,88,6591,TRUE,TRUE,TRUE,FALSE,TRUE,TRUE,TRUE,"ok","ok","",""
"BaxterE_2016","Baxter 2016",31,"balanced","Unclassified_Clostridiales",0.93,0.93,0.93,93,93,10880,TRUE,TRUE,TRUE,FALSE,TRUE,TRUE,TRUE,"ok","ok","",""
"BaxterE_2016","Baxter 2016",31,"balanced","Unclassified_Lachnospiraceae",1,1,1,100,100,36760,TRUE,TRUE,FALSE,TRUE,TRUE,TRUE,TRUE,"no_observed_zeros","ok","",""
"BaxterE_2016","Baxter 2016",31,"balanced","Unclassified_Ruminococcaceae",0.985,0.99,0.98,99,98,23937,TRUE,TRUE,TRUE,FALSE,TRUE,TRUE,TRUE,"ok","ok","",""
"BaxterE_2016","Baxter 2016",31,"fourfold","Akkermansia",0.83,0.82,0.84,82,84,21633,TRUE,TRUE,TRUE,FALSE,TRUE,TRUE,TRUE,"ok","ok","",""
"BaxterE_2016","Baxter 2016",31,"fourfold","Alistipes",0.925,0.89,0.96,89,96,26154,TRUE,TRUE,TRUE,FALSE,TRUE,TRUE,TRUE,"ok","ok","",""
"BaxterE_2016","Baxter 2016",31,"fourfold","Anaerostipes",0.975,0.98,0.97,98,97,26209,TRUE,TRUE,TRUE,FALSE,TRUE,TRUE,TRUE,"ok","ok","",""
"BaxterE_2016","Baxter 2016",31,"fourfold","Bacteroides",0.995,0.99,1,99,100,126729,TRUE,TRUE,TRUE,FALSE,TRUE,TRUE,TRUE,"ok","ok","",""
"BaxterE_2016","Baxter 2016",31,"fourfold","Bifidobacterium",0.725,0.72,0.73,72,73,9270,TRUE,TRUE,TRUE,FALSE,TRUE,TRUE,TRUE,"ok","ok","",""
"BaxterE_2016","Baxter 2016",31,"fourfold","Blautia",1,1,1,100,100,124346,TRUE,TRUE,FALSE,TRUE,TRUE,TRUE,TRUE,"no_observed_zeros","ok","",""
"BaxterE_2016","Baxter 2016",31,"fourfold","Clostridium_IV",0.98,0.96,1,96,100,13049,TRUE,TRUE,TRUE,FALSE,TRUE,TRUE,TRUE,"ok","ok","",""
"BaxterE_2016","Baxter 2016",31,"fourfold","Clostridium_sensu_stricto",0.73,0.64,0.82,64,82,10193,TRUE,TRUE,TRUE,FALSE,TRUE,TRUE,TRUE,"ok","ok","",""
"BaxterE_2016","Baxter 2016",31,"fourfold","Clostridium_XI",0.81,0.75,0.87,75,87,9897,TRUE,TRUE,TRUE,FALSE,TRUE,TRUE,TRUE,"ok","ok","",""
"BaxterE_2016","Baxter 2016",31,"fourfold","Clostridium_XlVa",0.99,0.98,1,98,100,16603,TRUE,TRUE,TRUE,FALSE,TRUE,TRUE,TRUE,"ok","ok","",""
"BaxterE_2016","Baxter 2016",31,"fourfold","Clostridium_XVIII",0.89,0.87,0.91,87,91,4097,TRUE,TRUE,TRUE,FALSE,TRUE,TRUE,TRUE,"ok","ok","",""
"BaxterE_2016","Baxter 2016",31,"fourfold","Collinsella",0.59,0.58,0.6,58,60,10552,TRUE,TRUE,TRUE,FALSE,TRUE,TRUE,TRUE,"ok","ok","",""
"BaxterE_2016","Baxter 2016",31,"fourfold","Coprococcus",0.875,0.84,0.91,84,91,8720,TRUE,TRUE,TRUE,FALSE,TRUE,TRUE,TRUE,"ok","ok","",""
"BaxterE_2016","Baxter 2016",31,"fourfold","Dorea",0.945,0.95,0.94,95,94,12727,TRUE,TRUE,TRUE,FALSE,TRUE,TRUE,TRUE,"ok","ok","",""
"BaxterE_2016","Baxter 2016",31,"fourfold","Escherichia/Shigella",0.74,0.68,0.8,68,80,8122,TRUE,TRUE,TRUE,FALSE,TRUE,TRUE,TRUE,"ok","ok","",""
"BaxterE_2016","Baxter 2016",31,"fourfold","Faecalibacterium",0.985,0.98,0.99,98,99,43646,TRUE,TRUE,TRUE,FALSE,TRUE,TRUE,TRUE,"ok","ok","",""
"BaxterE_2016","Baxter 2016",31,"fourfold","Gemmiger",0.775,0.74,0.81,74,81,8805,TRUE,TRUE,TRUE,FALSE,TRUE,TRUE,TRUE,"ok","ok","",""
"BaxterE_2016","Baxter 2016",31,"fourfold","Lachnospiracea_incertae_sedis",1,1,1,100,100,31609,TRUE,TRUE,FALSE,TRUE,TRUE,TRUE,TRUE,"no_observed_zeros","ok","",""
"BaxterE_2016","Baxter 2016",31,"fourfold","Methanobrevibacter",0.4,0.37,0.43,37,43,7349,TRUE,TRUE,TRUE,FALSE,TRUE,TRUE,TRUE,"ok","ok","",""
"BaxterE_2016","Baxter 2016",31,"fourfold","Oscillibacter",0.855,0.82,0.89,82,89,10674,TRUE,TRUE,TRUE,FALSE,TRUE,TRUE,TRUE,"ok","ok","",""
"BaxterE_2016","Baxter 2016",31,"fourfold","Parabacteroides",0.71,0.71,0.71,71,71,5176,TRUE,TRUE,TRUE,FALSE,TRUE,TRUE,TRUE,"ok","ok","",""
"BaxterE_2016","Baxter 2016",31,"fourfold","Phascolarctobacterium",0.635,0.66,0.61,66,61,6841,TRUE,TRUE,TRUE,FALSE,TRUE,TRUE,TRUE,"ok","ok","",""
"BaxterE_2016","Baxter 2016",31,"fourfold","Prevotella",0.36,0.38,0.34,38,34,10841,TRUE,TRUE,TRUE,FALSE,TRUE,TRUE,TRUE,"ok","ok","",""
"BaxterE_2016","Baxter 2016",31,"fourfold","Roseburia",0.965,0.95,0.98,95,98,35190,TRUE,TRUE,TRUE,FALSE,TRUE,TRUE,TRUE,"ok","ok","",""
"BaxterE_2016","Baxter 2016",31,"fourfold","Ruminococcus",0.875,0.87,0.88,87,88,21059,TRUE,TRUE,TRUE,FALSE,TRUE,TRUE,TRUE,"ok","ok","",""
"BaxterE_2016","Baxter 2016",31,"fourfold","Ruminococcus2",0.97,0.96,0.98,96,98,17132,TRUE,TRUE,TRUE,FALSE,TRUE,TRUE,TRUE,"ok","ok","",""
"BaxterE_2016","Baxter 2016",31,"fourfold","Streptococcus",0.83,0.75,0.91,75,91,5547,TRUE,TRUE,TRUE,FALSE,TRUE,TRUE,TRUE,"ok","ok","",""
"BaxterE_2016","Baxter 2016",31,"fourfold","Unclassified_Clostridiales",0.895,0.87,0.92,87,92,10611,TRUE,TRUE,TRUE,FALSE,TRUE,TRUE,TRUE,"ok","ok","",""
"BaxterE_2016","Baxter 2016",31,"fourfold","Unclassified_Lachnospiraceae",1,1,1,100,100,35062,TRUE,TRUE,FALSE,TRUE,TRUE,TRUE,TRUE,"no_observed_zeros","ok","",""
"BaxterE_2016","Baxter 2016",31,"fourfold","Unclassified_Ruminococcaceae",0.975,0.97,0.98,97,98,22746,TRUE,TRUE,TRUE,FALSE,TRUE,TRUE,TRUE,"ok","ok","",""
"BaxterE_2016","Baxter 2016",32,"balanced","Akkermansia",0.85,0.83,0.87,83,87,22478,TRUE,TRUE,TRUE,FALSE,TRUE,TRUE,TRUE,"ok","ok","",""
"BaxterE_2016","Baxter 2016",32,"balanced","Alistipes",0.93,0.93,0.93,93,93,25417,TRUE,TRUE,TRUE,FALSE,TRUE,TRUE,TRUE,"ok","ok","",""
"BaxterE_2016","Baxter 2016",32,"balanced","Anaerostipes",0.99,0.99,0.99,99,99,30138,TRUE,TRUE,TRUE,FALSE,TRUE,TRUE,TRUE,"ok","ok","",""
"BaxterE_2016","Baxter 2016",32,"balanced","Bacteroides",1,1,1,100,100,125758,TRUE,TRUE,FALSE,TRUE,TRUE,TRUE,TRUE,"no_observed_zeros","ok","",""
"BaxterE_2016","Baxter 2016",32,"balanced","Bifidobacterium",0.73,0.68,0.78,68,78,8688,TRUE,TRUE,TRUE,FALSE,TRUE,TRUE,TRUE,"ok","ok","",""
"BaxterE_2016","Baxter 2016",32,"balanced","Blautia",1,1,1,100,100,135440,TRUE,TRUE,FALSE,TRUE,TRUE,TRUE,TRUE,"no_observed_zeros","ok","",""
"BaxterE_2016","Baxter 2016",32,"balanced","Clostridium_IV",0.995,1,0.99,100,99,15694,TRUE,TRUE,TRUE,FALSE,TRUE,TRUE,TRUE,"ok","ok","",""
"BaxterE_2016","Baxter 2016",32,"balanced","Clostridium_sensu_stricto",0.76,0.8,0.72,80,72,10273,TRUE,TRUE,TRUE,FALSE,TRUE,TRUE,TRUE,"ok","ok","",""
"BaxterE_2016","Baxter 2016",32,"balanced","Clostridium_XI",0.865,0.81,0.92,81,92,9364,TRUE,TRUE,TRUE,FALSE,TRUE,TRUE,TRUE,"ok","ok","",""
"BaxterE_2016","Baxter 2016",32,"balanced","Clostridium_XlVa",1,1,1,100,100,15967,TRUE,TRUE,FALSE,TRUE,TRUE,TRUE,TRUE,"no_observed_zeros","ok","",""
"BaxterE_2016","Baxter 2016",32,"balanced","Clostridium_XVIII",0.885,0.91,0.86,91,86,5261,TRUE,TRUE,TRUE,FALSE,TRUE,TRUE,TRUE,"ok","ok","",""
"BaxterE_2016","Baxter 2016",32,"balanced","Collinsella",0.615,0.58,0.65,58,65,7758,TRUE,TRUE,TRUE,FALSE,TRUE,TRUE,TRUE,"ok","ok","",""
"BaxterE_2016","Baxter 2016",32,"balanced","Coprococcus",0.875,0.87,0.88,87,88,8941,TRUE,TRUE,TRUE,FALSE,TRUE,TRUE,TRUE,"ok","ok","",""
"BaxterE_2016","Baxter 2016",32,"balanced","Dorea",0.955,0.94,0.97,94,97,14319,TRUE,TRUE,TRUE,FALSE,TRUE,TRUE,TRUE,"ok","ok","",""
"BaxterE_2016","Baxter 2016",32,"balanced","Escherichia/Shigella",0.76,0.73,0.79,73,79,6636,TRUE,TRUE,TRUE,FALSE,TRUE,TRUE,TRUE,"ok","ok","",""
"BaxterE_2016","Baxter 2016",32,"balanced","Faecalibacterium",0.99,1,0.98,100,98,48400,TRUE,TRUE,TRUE,FALSE,TRUE,TRUE,TRUE,"ok","ok","",""
"BaxterE_2016","Baxter 2016",32,"balanced","Gemmiger",0.765,0.74,0.79,74,79,9226,TRUE,TRUE,TRUE,FALSE,TRUE,TRUE,TRUE,"ok","ok","",""
"BaxterE_2016","Baxter 2016",32,"balanced","Lachnospiracea_incertae_sedis",1,1,1,100,100,36303,TRUE,TRUE,FALSE,TRUE,TRUE,TRUE,TRUE,"no_observed_zeros","ok","",""
"BaxterE_2016","Baxter 2016",32,"balanced","Methanobrevibacter",0.415,0.42,0.41,42,41,7074,TRUE,TRUE,TRUE,FALSE,TRUE,TRUE,TRUE,"ok","ok","",""
"BaxterE_2016","Baxter 2016",32,"balanced","Oscillibacter",0.915,0.9,0.93,90,93,10062,TRUE,TRUE,TRUE,FALSE,TRUE,TRUE,TRUE,"ok","ok","",""
"BaxterE_2016","Baxter 2016",32,"balanced","Parabacteroides",0.72,0.73,0.71,73,71,5456,TRUE,TRUE,TRUE,FALSE,TRUE,TRUE,TRUE,"ok","ok","",""
"BaxterE_2016","Baxter 2016",32,"balanced","Phascolarctobacterium",0.67,0.7,0.64,70,64,7838,TRUE,TRUE,TRUE,FALSE,TRUE,TRUE,TRUE,"ok","ok","",""
"BaxterE_2016","Baxter 2016",32,"balanced","Prevotella",0.36,0.38,0.34,38,34,13700,TRUE,TRUE,TRUE,FALSE,TRUE,TRUE,TRUE,"ok","ok","",""
"BaxterE_2016","Baxter 2016",32,"balanced","Roseburia",0.98,0.98,0.98,98,98,35056,TRUE,TRUE,TRUE,FALSE,TRUE,TRUE,TRUE,"ok","ok","",""
"BaxterE_2016","Baxter 2016",32,"balanced","Ruminococcus",0.895,0.9,0.89,90,89,25690,TRUE,TRUE,TRUE,FALSE,TRUE,TRUE,TRUE,"ok","ok","",""
"BaxterE_2016","Baxter 2016",32,"balanced","Ruminococcus2",0.98,0.98,0.98,98,98,17881,TRUE,TRUE,TRUE,FALSE,TRUE,TRUE,TRUE,"ok","ok","",""
"BaxterE_2016","Baxter 2016",32,"balanced","Streptococcus",0.845,0.82,0.87,82,87,6983,TRUE,TRUE,TRUE,FALSE,TRUE,TRUE,TRUE,"ok","ok","",""
"BaxterE_2016","Baxter 2016",32,"balanced","Unclassified_Clostridiales",0.915,0.91,0.92,91,92,11188,TRUE,TRUE,TRUE,FALSE,TRUE,TRUE,TRUE,"ok","ok","",""
"BaxterE_2016","Baxter 2016",32,"balanced","Unclassified_Lachnospiraceae",1,1,1,100,100,38304,TRUE,TRUE,FALSE,TRUE,TRUE,TRUE,TRUE,"no_observed_zeros","ok","",""
"BaxterE_2016","Baxter 2016",32,"balanced","Unclassified_Ruminococcaceae",0.985,1,0.97,100,97,24476,TRUE,TRUE,TRUE,FALSE,TRUE,TRUE,TRUE,"ok","ok","",""
"BaxterE_2016","Baxter 2016",32,"fourfold","Akkermansia",0.815,0.75,0.88,75,88,23205,TRUE,TRUE,TRUE,FALSE,TRUE,TRUE,TRUE,"ok","ok","",""
"BaxterE_2016","Baxter 2016",32,"fourfold","Alistipes",0.915,0.91,0.92,91,92,24835,TRUE,TRUE,TRUE,FALSE,TRUE,TRUE,TRUE,"ok","ok","",""
"BaxterE_2016","Baxter 2016",32,"fourfold","Anaerostipes",0.97,0.96,0.98,96,98,26885,TRUE,TRUE,TRUE,FALSE,TRUE,TRUE,TRUE,"ok","ok","",""
"BaxterE_2016","Baxter 2016",32,"fourfold","Bacteroides",1,1,1,100,100,111905,TRUE,TRUE,FALSE,TRUE,TRUE,TRUE,TRUE,"no_observed_zeros","ok","",""
"BaxterE_2016","Baxter 2016",32,"fourfold","Bifidobacterium",0.735,0.67,0.8,67,80,9854,TRUE,TRUE,TRUE,FALSE,TRUE,TRUE,TRUE,"ok","ok","",""
"BaxterE_2016","Baxter 2016",32,"fourfold","Blautia",1,1,1,100,100,120240,TRUE,TRUE,FALSE,TRUE,TRUE,TRUE,TRUE,"no_observed_zeros","ok","",""
"BaxterE_2016","Baxter 2016",32,"fourfold","Clostridium_IV",0.98,0.97,0.99,97,99,16904,TRUE,TRUE,TRUE,FALSE,TRUE,TRUE,TRUE,"ok","ok","",""
"BaxterE_2016","Baxter 2016",32,"fourfold","Clostridium_sensu_stricto",0.745,0.74,0.75,74,75,7608,TRUE,TRUE,TRUE,FALSE,TRUE,TRUE,TRUE,"ok","ok","",""
"BaxterE_2016","Baxter 2016",32,"fourfold","Clostridium_XI",0.84,0.76,0.92,76,92,7496,TRUE,TRUE,TRUE,FALSE,TRUE,TRUE,TRUE,"ok","ok","",""
"BaxterE_2016","Baxter 2016",32,"fourfold","Clostridium_XlVa",0.99,0.98,1,98,100,13506,TRUE,FALSE,FALSE,FALSE,TRUE,TRUE,FALSE,"structural_absence_nonoptimal_nuisance_fit","ok","",""
"BaxterE_2016","Baxter 2016",32,"fourfold","Clostridium_XVIII",0.865,0.82,0.91,82,91,5008,TRUE,TRUE,TRUE,FALSE,TRUE,TRUE,TRUE,"ok","ok","",""
"BaxterE_2016","Baxter 2016",32,"fourfold","Collinsella",0.59,0.54,0.64,54,64,8553,TRUE,TRUE,TRUE,FALSE,TRUE,TRUE,TRUE,"ok","ok","",""
"BaxterE_2016","Baxter 2016",32,"fourfold","Coprococcus",0.85,0.83,0.87,83,87,8963,TRUE,TRUE,TRUE,FALSE,TRUE,TRUE,TRUE,"ok","ok","",""
"BaxterE_2016","Baxter 2016",32,"fourfold","Dorea",0.95,0.91,0.99,91,99,14023,TRUE,TRUE,TRUE,FALSE,TRUE,TRUE,TRUE,"ok","ok","",""
"BaxterE_2016","Baxter 2016",32,"fourfold","Escherichia/Shigella",0.705,0.59,0.82,59,82,4978,TRUE,TRUE,TRUE,FALSE,TRUE,TRUE,TRUE,"ok","ok","",""
"BaxterE_2016","Baxter 2016",32,"fourfold","Faecalibacterium",0.98,0.99,0.97,99,97,41896,TRUE,TRUE,TRUE,FALSE,TRUE,TRUE,TRUE,"ok","ok","",""
"BaxterE_2016","Baxter 2016",32,"fourfold","Gemmiger",0.78,0.73,0.83,73,83,10272,TRUE,TRUE,TRUE,FALSE,TRUE,TRUE,TRUE,"ok","ok","",""
"BaxterE_2016","Baxter 2016",32,"fourfold","Lachnospiracea_incertae_sedis",0.995,0.99,1,99,100,34646,TRUE,TRUE,TRUE,FALSE,TRUE,TRUE,TRUE,"ok","ok","",""
"BaxterE_2016","Baxter 2016",32,"fourfold","Methanobrevibacter",0.415,0.38,0.45,38,45,5440,TRUE,TRUE,TRUE,FALSE,TRUE,TRUE,TRUE,"ok","ok","",""
"BaxterE_2016","Baxter 2016",32,"fourfold","Oscillibacter",0.89,0.85,0.93,85,93,9793,TRUE,TRUE,TRUE,FALSE,TRUE,TRUE,TRUE,"ok","ok","",""
"BaxterE_2016","Baxter 2016",32,"fourfold","Parabacteroides",0.7,0.68,0.72,68,72,5034,TRUE,TRUE,TRUE,FALSE,TRUE,TRUE,TRUE,"ok","ok","",""
"BaxterE_2016","Baxter 2016",32,"fourfold","Phascolarctobacterium",0.625,0.59,0.66,59,66,7508,TRUE,TRUE,TRUE,FALSE,TRUE,TRUE,TRUE,"ok","ok","",""
"BaxterE_2016","Baxter 2016",32,"fourfold","Prevotella",0.345,0.3,0.39,30,39,13122,TRUE,TRUE,TRUE,FALSE,TRUE,TRUE,TRUE,"ok","ok","",""
"BaxterE_2016","Baxter 2016",32,"fourfold","Roseburia",0.975,0.97,0.98,97,98,31392,TRUE,TRUE,TRUE,FALSE,TRUE,TRUE,TRUE,"ok","ok","",""
"BaxterE_2016","Baxter 2016",32,"fourfold","Ruminococcus",0.875,0.84,0.91,84,91,25967,TRUE,TRUE,TRUE,FALSE,TRUE,TRUE,TRUE,"ok","ok","",""
"BaxterE_2016","Baxter 2016",32,"fourfold","Ruminococcus2",0.975,0.99,0.96,99,96,16861,TRUE,TRUE,TRUE,FALSE,TRUE,TRUE,TRUE,"ok","ok","",""
"BaxterE_2016","Baxter 2016",32,"fourfold","Streptococcus",0.79,0.68,0.9,68,90,8394,TRUE,TRUE,TRUE,FALSE,TRUE,TRUE,TRUE,"ok","ok","",""
"BaxterE_2016","Baxter 2016",32,"fourfold","Unclassified_Clostridiales",0.895,0.84,0.95,84,95,10739,TRUE,TRUE,TRUE,FALSE,TRUE,TRUE,TRUE,"ok","ok","",""
"BaxterE_2016","Baxter 2016",32,"fourfold","Unclassified_Lachnospiraceae",1,1,1,100,100,34036,TRUE,TRUE,FALSE,TRUE,TRUE,TRUE,TRUE,"no_observed_zeros","ok","",""
"BaxterE_2016","Baxter 2016",32,"fourfold","Unclassified_Ruminococcaceae",0.965,0.97,0.96,97,96,23487,TRUE,TRUE,TRUE,FALSE,TRUE,TRUE,TRUE,"ok","ok","",""
"BaxterE_2016","Baxter 2016",33,"balanced","Akkermansia",0.83,0.83,0.83,83,83,23155,TRUE,TRUE,TRUE,FALSE,TRUE,TRUE,TRUE,"ok","ok","",""
"BaxterE_2016","Baxter 2016",33,"balanced","Alistipes",0.92,0.9,0.94,90,94,24817,TRUE,TRUE,TRUE,FALSE,TRUE,TRUE,TRUE,"ok","ok","",""
"BaxterE_2016","Baxter 2016",33,"balanced","Anaerostipes",0.985,0.99,0.98,99,98,29131,TRUE,TRUE,TRUE,FALSE,TRUE,TRUE,TRUE,"ok","ok","",""
"BaxterE_2016","Baxter 2016",33,"balanced","Bacteroides",1,1,1,100,100,121391,TRUE,TRUE,FALSE,TRUE,TRUE,TRUE,TRUE,"no_observed_zeros","ok","",""
"BaxterE_2016","Baxter 2016",33,"balanced","Bifidobacterium",0.735,0.76,0.71,76,71,10576,TRUE,TRUE,TRUE,FALSE,TRUE,TRUE,TRUE,"ok","ok","",""
"BaxterE_2016","Baxter 2016",33,"balanced","Blautia",1,1,1,100,100,131321,TRUE,TRUE,FALSE,TRUE,TRUE,TRUE,TRUE,"no_observed_zeros","ok","",""
"BaxterE_2016","Baxter 2016",33,"balanced","Clostridium_IV",0.985,0.97,1,97,100,16816,TRUE,TRUE,TRUE,FALSE,TRUE,TRUE,TRUE,"ok","ok","",""
"BaxterE_2016","Baxter 2016",33,"balanced","Clostridium_sensu_stricto",0.74,0.72,0.76,72,76,9760,TRUE,TRUE,TRUE,FALSE,TRUE,TRUE,TRUE,"ok","ok","",""
"BaxterE_2016","Baxter 2016",33,"balanced","Clostridium_XI",0.86,0.85,0.87,85,87,9944,TRUE,TRUE,TRUE,FALSE,TRUE,TRUE,TRUE,"ok","ok","",""
"BaxterE_2016","Baxter 2016",33,"balanced","Clostridium_XlVa",1,1,1,100,100,15762,TRUE,TRUE,FALSE,TRUE,TRUE,TRUE,TRUE,"no_observed_zeros","ok","",""
"BaxterE_2016","Baxter 2016",33,"balanced","Clostridium_XVIII",0.915,0.93,0.9,93,90,5374,TRUE,TRUE,TRUE,FALSE,TRUE,TRUE,TRUE,"ok","ok","",""
"BaxterE_2016","Baxter 2016",33,"balanced","Collinsella",0.62,0.57,0.67,57,67,8601,TRUE,TRUE,TRUE,FALSE,TRUE,TRUE,TRUE,"ok","ok","",""
"BaxterE_2016","Baxter 2016",33,"balanced","Coprococcus",0.87,0.82,0.92,82,92,9494,TRUE,TRUE,TRUE,FALSE,TRUE,TRUE,TRUE,"ok","ok","",""
"BaxterE_2016","Baxter 2016",33,"balanced","Dorea",0.965,0.97,0.96,97,96,13848,TRUE,TRUE,TRUE,FALSE,TRUE,TRUE,TRUE,"ok","ok","",""
"BaxterE_2016","Baxter 2016",33,"balanced","Escherichia/Shigella",0.735,0.76,0.71,76,71,8397,TRUE,TRUE,TRUE,FALSE,TRUE,TRUE,TRUE,"ok","ok","",""
"BaxterE_2016","Baxter 2016",33,"balanced","Faecalibacterium",0.985,0.97,1,97,100,46015,TRUE,TRUE,TRUE,FALSE,TRUE,TRUE,TRUE,"ok","ok","",""
"BaxterE_2016","Baxter 2016",33,"balanced","Gemmiger",0.79,0.74,0.84,74,84,9323,TRUE,TRUE,TRUE,FALSE,TRUE,TRUE,TRUE,"ok","ok","",""
"BaxterE_2016","Baxter 2016",33,"balanced","Lachnospiracea_incertae_sedis",1,1,1,100,100,37736,TRUE,TRUE,FALSE,TRUE,TRUE,TRUE,TRUE,"no_observed_zeros","ok","",""
"BaxterE_2016","Baxter 2016",33,"balanced","Methanobrevibacter",0.415,0.37,0.46,37,46,6654,TRUE,TRUE,TRUE,FALSE,TRUE,TRUE,TRUE,"ok","ok","",""
"BaxterE_2016","Baxter 2016",33,"balanced","Oscillibacter",0.895,0.91,0.88,91,88,10336,TRUE,TRUE,TRUE,FALSE,TRUE,TRUE,TRUE,"ok","ok","",""
"BaxterE_2016","Baxter 2016",33,"balanced","Parabacteroides",0.715,0.7,0.73,70,73,5625,TRUE,TRUE,TRUE,FALSE,TRUE,TRUE,TRUE,"ok","ok","",""
"BaxterE_2016","Baxter 2016",33,"balanced","Phascolarctobacterium",0.635,0.61,0.66,61,66,7250,TRUE,TRUE,TRUE,FALSE,TRUE,TRUE,TRUE,"ok","ok","",""
"BaxterE_2016","Baxter 2016",33,"balanced","Prevotella",0.395,0.39,0.4,39,40,13921,TRUE,TRUE,TRUE,FALSE,TRUE,TRUE,TRUE,"ok","ok","",""
"BaxterE_2016","Baxter 2016",33,"balanced","Roseburia",0.985,0.97,1,97,100,34094,TRUE,TRUE,TRUE,FALSE,TRUE,TRUE,TRUE,"ok","ok","",""
"BaxterE_2016","Baxter 2016",33,"balanced","Ruminococcus",0.87,0.83,0.91,83,91,23897,TRUE,TRUE,TRUE,FALSE,TRUE,TRUE,TRUE,"ok","ok","",""
"BaxterE_2016","Baxter 2016",33,"balanced","Ruminococcus2",0.985,0.99,0.98,99,98,16785,TRUE,TRUE,TRUE,FALSE,TRUE,TRUE,TRUE,"ok","ok","",""
"BaxterE_2016","Baxter 2016",33,"balanced","Streptococcus",0.86,0.85,0.87,85,87,6850,TRUE,TRUE,TRUE,FALSE,TRUE,TRUE,TRUE,"ok","ok","",""
"BaxterE_2016","Baxter 2016",33,"balanced","Unclassified_Clostridiales",0.93,0.92,0.94,92,94,11542,TRUE,TRUE,TRUE,FALSE,TRUE,TRUE,TRUE,"ok","ok","",""
"BaxterE_2016","Baxter 2016",33,"balanced","Unclassified_Lachnospiraceae",1,1,1,100,100,37588,TRUE,TRUE,FALSE,TRUE,TRUE,TRUE,TRUE,"no_observed_zeros","ok","",""
"BaxterE_2016","Baxter 2016",33,"balanced","Unclassified_Ruminococcaceae",0.97,0.98,0.96,98,96,24285,TRUE,TRUE,TRUE,FALSE,TRUE,TRUE,TRUE,"ok","ok","",""
"BaxterE_2016","Baxter 2016",33,"fourfold","Akkermansia",0.825,0.77,0.88,77,88,23609,TRUE,TRUE,TRUE,FALSE,TRUE,TRUE,TRUE,"ok","ok","",""
"BaxterE_2016","Baxter 2016",33,"fourfold","Alistipes",0.91,0.88,0.94,88,94,24715,TRUE,TRUE,TRUE,FALSE,TRUE,TRUE,TRUE,"ok","ok","",""
"BaxterE_2016","Baxter 2016",33,"fourfold","Anaerostipes",0.975,0.97,0.98,97,98,28900,TRUE,TRUE,TRUE,FALSE,TRUE,TRUE,TRUE,"ok","ok","",""
"BaxterE_2016","Baxter 2016",33,"fourfold","Bacteroides",1,1,1,100,100,113067,TRUE,TRUE,FALSE,TRUE,TRUE,TRUE,TRUE,"no_observed_zeros","ok","",""
"BaxterE_2016","Baxter 2016",33,"fourfold","Bifidobacterium",0.705,0.68,0.73,68,73,9225,TRUE,TRUE,TRUE,FALSE,TRUE,TRUE,TRUE,"ok","ok","",""
"BaxterE_2016","Baxter 2016",33,"fourfold","Blautia",1,1,1,100,100,132647,TRUE,TRUE,FALSE,TRUE,TRUE,TRUE,TRUE,"no_observed_zeros","ok","",""
"BaxterE_2016","Baxter 2016",33,"fourfold","Clostridium_IV",0.95,0.9,1,90,100,17862,TRUE,TRUE,TRUE,FALSE,TRUE,TRUE,TRUE,"ok","ok","",""
"BaxterE_2016","Baxter 2016",33,"fourfold","Clostridium_sensu_stricto",0.72,0.67,0.77,67,77,9818,TRUE,TRUE,TRUE,FALSE,TRUE,TRUE,TRUE,"ok","ok","",""
"BaxterE_2016","Baxter 2016",33,"fourfold","Clostridium_XI",0.845,0.8,0.89,80,89,9733,TRUE,TRUE,TRUE,FALSE,TRUE,TRUE,TRUE,"ok","ok","",""
"BaxterE_2016","Baxter 2016",33,"fourfold","Clostridium_XlVa",1,1,1,100,100,14589,TRUE,TRUE,FALSE,TRUE,TRUE,TRUE,TRUE,"no_observed_zeros","ok","",""
"BaxterE_2016","Baxter 2016",33,"fourfold","Clostridium_XVIII",0.86,0.78,0.94,78,94,5392,TRUE,TRUE,TRUE,FALSE,TRUE,TRUE,TRUE,"ok","ok","",""
"BaxterE_2016","Baxter 2016",33,"fourfold","Collinsella",0.595,0.53,0.66,53,66,8908,TRUE,TRUE,TRUE,FALSE,TRUE,TRUE,TRUE,"ok","ok","",""
"BaxterE_2016","Baxter 2016",33,"fourfold","Coprococcus",0.855,0.79,0.92,79,92,9859,TRUE,TRUE,TRUE,FALSE,TRUE,TRUE,TRUE,"ok","ok","",""
"BaxterE_2016","Baxter 2016",33,"fourfold","Dorea",0.955,0.95,0.96,95,96,12730,TRUE,TRUE,TRUE,FALSE,TRUE,TRUE,TRUE,"ok","ok","",""
"BaxterE_2016","Baxter 2016",33,"fourfold","Escherichia/Shigella",0.715,0.63,0.8,63,80,5084,TRUE,TRUE,TRUE,FALSE,TRUE,TRUE,TRUE,"ok","ok","",""
"BaxterE_2016","Baxter 2016",33,"fourfold","Faecalibacterium",0.98,0.96,1,96,100,49628,TRUE,TRUE,TRUE,FALSE,TRUE,TRUE,TRUE,"ok","ok","",""
"BaxterE_2016","Baxter 2016",33,"fourfold","Gemmiger",0.78,0.7,0.86,70,86,9223,TRUE,TRUE,TRUE,FALSE,TRUE,TRUE,TRUE,"ok","ok","",""
"BaxterE_2016","Baxter 2016",33,"fourfold","Lachnospiracea_incertae_sedis",1,1,1,100,100,31785,TRUE,TRUE,FALSE,TRUE,TRUE,TRUE,TRUE,"no_observed_zeros","ok","",""
"BaxterE_2016","Baxter 2016",33,"fourfold","Methanobrevibacter",0.415,0.34,0.49,34,49,6596,TRUE,TRUE,TRUE,FALSE,TRUE,TRUE,TRUE,"ok","ok","",""
"BaxterE_2016","Baxter 2016",33,"fourfold","Oscillibacter",0.865,0.83,0.9,83,90,10628,TRUE,TRUE,TRUE,FALSE,TRUE,TRUE,TRUE,"ok","ok","",""
"BaxterE_2016","Baxter 2016",33,"fourfold","Parabacteroides",0.7,0.62,0.78,62,78,4995,TRUE,TRUE,TRUE,FALSE,TRUE,TRUE,TRUE,"ok","ok","",""
"BaxterE_2016","Baxter 2016",33,"fourfold","Phascolarctobacterium",0.59,0.52,0.66,52,66,7303,TRUE,TRUE,TRUE,FALSE,TRUE,TRUE,TRUE,"ok","ok","",""
"BaxterE_2016","Baxter 2016",33,"fourfold","Prevotella",0.365,0.32,0.41,32,41,17266,TRUE,TRUE,TRUE,FALSE,TRUE,TRUE,TRUE,"ok","ok","",""
"BaxterE_2016","Baxter 2016",33,"fourfold","Roseburia",0.98,0.96,1,96,100,32321,TRUE,TRUE,TRUE,FALSE,TRUE,TRUE,TRUE,"ok","ok","",""
"BaxterE_2016","Baxter 2016",33,"fourfold","Ruminococcus",0.855,0.79,0.92,79,92,21888,TRUE,TRUE,TRUE,FALSE,TRUE,TRUE,TRUE,"ok","ok","",""
"BaxterE_2016","Baxter 2016",33,"fourfold","Ruminococcus2",0.985,0.98,0.99,98,99,18752,TRUE,TRUE,TRUE,FALSE,TRUE,TRUE,TRUE,"ok","ok","",""
"BaxterE_2016","Baxter 2016",33,"fourfold","Streptococcus",0.815,0.72,0.91,72,91,6574,TRUE,TRUE,TRUE,FALSE,TRUE,TRUE,TRUE,"ok","ok","",""
"BaxterE_2016","Baxter 2016",33,"fourfold","Unclassified_Clostridiales",0.88,0.82,0.94,82,94,11844,TRUE,TRUE,TRUE,FALSE,TRUE,TRUE,TRUE,"ok","ok","",""
"BaxterE_2016","Baxter 2016",33,"fourfold","Unclassified_Lachnospiraceae",1,1,1,100,100,37256,TRUE,TRUE,FALSE,TRUE,TRUE,TRUE,TRUE,"no_observed_zeros","ok","",""
"BaxterE_2016","Baxter 2016",33,"fourfold","Unclassified_Ruminococcaceae",0.98,0.97,0.99,97,99,24054,TRUE,TRUE,TRUE,FALSE,TRUE,TRUE,TRUE,"ok","ok","",""
"BaxterE_2016","Baxter 2016",34,"balanced","Akkermansia",0.845,0.89,0.8,89,80,25472,TRUE,TRUE,TRUE,FALSE,TRUE,TRUE,TRUE,"ok","ok","",""
"BaxterE_2016","Baxter 2016",34,"balanced","Alistipes",0.93,0.95,0.91,95,91,28306,TRUE,TRUE,TRUE,FALSE,TRUE,TRUE,TRUE,"ok","ok","",""
"BaxterE_2016","Baxter 2016",34,"balanced","Anaerostipes",0.99,1,0.98,100,98,30166,TRUE,TRUE,TRUE,FALSE,TRUE,TRUE,TRUE,"ok","ok","",""
"BaxterE_2016","Baxter 2016",34,"balanced","Bacteroides",1,1,1,100,100,127541,TRUE,TRUE,FALSE,TRUE,TRUE,TRUE,TRUE,"no_observed_zeros","ok","",""
"BaxterE_2016","Baxter 2016",34,"balanced","Bifidobacterium",0.745,0.71,0.78,71,78,9187,TRUE,TRUE,TRUE,FALSE,TRUE,TRUE,TRUE,"ok","ok","",""
"BaxterE_2016","Baxter 2016",34,"balanced","Blautia",1,1,1,100,100,132876,TRUE,TRUE,FALSE,TRUE,TRUE,TRUE,TRUE,"no_observed_zeros","ok","",""
"BaxterE_2016","Baxter 2016",34,"balanced","Clostridium_IV",0.995,0.99,1,99,100,15563,TRUE,TRUE,FALSE,TRUE,TRUE,TRUE,TRUE,"structural_absence_boundary_at_zero","ok","",""
"BaxterE_2016","Baxter 2016",34,"balanced","Clostridium_sensu_stricto",0.765,0.74,0.79,74,79,9389,TRUE,TRUE,TRUE,FALSE,TRUE,TRUE,TRUE,"ok","ok","",""
"BaxterE_2016","Baxter 2016",34,"balanced","Clostridium_XI",0.855,0.89,0.82,89,82,9749,TRUE,TRUE,TRUE,FALSE,TRUE,TRUE,TRUE,"ok","ok","",""
"BaxterE_2016","Baxter 2016",34,"balanced","Clostridium_XlVa",1,1,1,100,100,15719,TRUE,TRUE,FALSE,TRUE,TRUE,TRUE,TRUE,"no_observed_zeros","ok","",""
"BaxterE_2016","Baxter 2016",34,"balanced","Clostridium_XVIII",0.91,0.89,0.93,89,93,5040,TRUE,TRUE,TRUE,FALSE,TRUE,TRUE,TRUE,"ok","ok","",""
"BaxterE_2016","Baxter 2016",34,"balanced","Collinsella",0.595,0.57,0.62,57,62,8099,TRUE,TRUE,TRUE,FALSE,TRUE,TRUE,TRUE,"ok","ok","",""
"BaxterE_2016","Baxter 2016",34,"balanced","Coprococcus",0.87,0.86,0.88,86,88,9464,TRUE,TRUE,TRUE,FALSE,TRUE,TRUE,TRUE,"ok","ok","",""
"BaxterE_2016","Baxter 2016",34,"balanced","Dorea",0.955,0.96,0.95,96,95,14583,TRUE,TRUE,TRUE,FALSE,TRUE,TRUE,TRUE,"ok","ok","",""
"BaxterE_2016","Baxter 2016",34,"balanced","Escherichia/Shigella",0.765,0.78,0.75,78,75,7554,TRUE,TRUE,TRUE,FALSE,TRUE,TRUE,TRUE,"ok","ok","",""
"BaxterE_2016","Baxter 2016",34,"balanced","Faecalibacterium",0.985,0.98,0.99,98,99,46259,TRUE,TRUE,TRUE,FALSE,TRUE,TRUE,TRUE,"ok","ok","",""
"BaxterE_2016","Baxter 2016",34,"balanced","Gemmiger",0.79,0.79,0.79,79,79,10532,TRUE,TRUE,TRUE,FALSE,TRUE,TRUE,TRUE,"ok","ok","",""
"BaxterE_2016","Baxter 2016",34,"balanced","Lachnospiracea_incertae_sedis",1,1,1,100,100,34894,TRUE,TRUE,FALSE,TRUE,TRUE,TRUE,TRUE,"no_observed_zeros","ok","",""
"BaxterE_2016","Baxter 2016",34,"balanced","Methanobrevibacter",0.4,0.45,0.35,45,35,6485,TRUE,TRUE,TRUE,FALSE,TRUE,TRUE,TRUE,"ok","ok","",""
"BaxterE_2016","Baxter 2016",34,"balanced","Oscillibacter",0.915,0.93,0.9,93,90,10196,TRUE,TRUE,TRUE,FALSE,TRUE,TRUE,TRUE,"ok","ok","",""
"BaxterE_2016","Baxter 2016",34,"balanced","Parabacteroides",0.73,0.73,0.73,73,73,5678,TRUE,TRUE,TRUE,FALSE,TRUE,TRUE,TRUE,"ok","ok","",""
"BaxterE_2016","Baxter 2016",34,"balanced","Phascolarctobacterium",0.63,0.6,0.66,60,66,7918,TRUE,TRUE,TRUE,FALSE,TRUE,TRUE,TRUE,"ok","ok","",""
"BaxterE_2016","Baxter 2016",34,"balanced","Prevotella",0.39,0.35,0.43,35,43,12894,TRUE,TRUE,TRUE,FALSE,TRUE,TRUE,TRUE,"ok","ok","",""
"BaxterE_2016","Baxter 2016",34,"balanced","Roseburia",0.97,0.98,0.96,98,96,36141,TRUE,TRUE,TRUE,FALSE,TRUE,TRUE,TRUE,"ok","ok","",""
"BaxterE_2016","Baxter 2016",34,"balanced","Ruminococcus",0.89,0.91,0.87,91,87,24382,TRUE,TRUE,TRUE,FALSE,TRUE,TRUE,TRUE,"ok","ok","",""
"BaxterE_2016","Baxter 2016",34,"balanced","Ruminococcus2",0.98,0.97,0.99,97,99,17895,TRUE,TRUE,TRUE,FALSE,TRUE,TRUE,TRUE,"ok","ok","",""
"BaxterE_2016","Baxter 2016",34,"balanced","Streptococcus",0.87,0.91,0.83,91,83,6817,TRUE,TRUE,TRUE,FALSE,TRUE,TRUE,TRUE,"ok","ok","",""
"BaxterE_2016","Baxter 2016",34,"balanced","Unclassified_Clostridiales",0.93,0.94,0.92,94,92,10835,TRUE,TRUE,TRUE,FALSE,TRUE,TRUE,TRUE,"ok","ok","",""
"BaxterE_2016","Baxter 2016",34,"balanced","Unclassified_Lachnospiraceae",1,1,1,100,100,38118,TRUE,TRUE,FALSE,TRUE,TRUE,TRUE,TRUE,"no_observed_zeros","ok","",""
"BaxterE_2016","Baxter 2016",34,"balanced","Unclassified_Ruminococcaceae",0.975,0.97,0.98,97,98,24906,TRUE,TRUE,TRUE,FALSE,TRUE,TRUE,TRUE,"ok","ok","",""
"BaxterE_2016","Baxter 2016",34,"fourfold","Akkermansia",0.795,0.79,0.8,79,80,24316,TRUE,TRUE,TRUE,FALSE,TRUE,TRUE,TRUE,"ok","ok","",""
"BaxterE_2016","Baxter 2016",34,"fourfold","Alistipes",0.91,0.91,0.91,91,91,24914,TRUE,TRUE,TRUE,FALSE,TRUE,TRUE,TRUE,"ok","ok","",""
"BaxterE_2016","Baxter 2016",34,"fourfold","Anaerostipes",0.985,0.98,0.99,98,99,30006,TRUE,TRUE,TRUE,FALSE,TRUE,TRUE,TRUE,"ok","ok","",""
"BaxterE_2016","Baxter 2016",34,"fourfold","Bacteroides",0.995,0.99,1,99,100,116994,TRUE,TRUE,TRUE,FALSE,TRUE,TRUE,TRUE,"ok","ok","",""
"BaxterE_2016","Baxter 2016",34,"fourfold","Bifidobacterium",0.715,0.62,0.81,62,81,10588,TRUE,TRUE,TRUE,FALSE,TRUE,TRUE,TRUE,"ok","ok","",""
"BaxterE_2016","Baxter 2016",34,"fourfold","Blautia",1,1,1,100,100,128316,TRUE,TRUE,FALSE,TRUE,TRUE,TRUE,TRUE,"no_observed_zeros","ok","",""
"BaxterE_2016","Baxter 2016",34,"fourfold","Clostridium_IV",0.99,0.98,1,98,100,17500,TRUE,TRUE,FALSE,TRUE,TRUE,TRUE,TRUE,"structural_absence_boundary_at_zero","ok","",""
"BaxterE_2016","Baxter 2016",34,"fourfold","Clostridium_sensu_stricto",0.72,0.65,0.79,65,79,5982,TRUE,TRUE,TRUE,FALSE,TRUE,TRUE,TRUE,"ok","ok","",""
"BaxterE_2016","Baxter 2016",34,"fourfold","Clostridium_XI",0.845,0.82,0.87,82,87,7075,TRUE,TRUE,TRUE,FALSE,TRUE,TRUE,TRUE,"ok","ok","",""
"BaxterE_2016","Baxter 2016",34,"fourfold","Clostridium_XlVa",0.995,0.99,1,99,100,15683,TRUE,TRUE,FALSE,TRUE,TRUE,TRUE,TRUE,"structural_absence_boundary_at_zero","ok","",""
"BaxterE_2016","Baxter 2016",34,"fourfold","Clostridium_XVIII",0.885,0.83,0.94,83,94,6687,TRUE,TRUE,TRUE,FALSE,TRUE,TRUE,TRUE,"ok","ok","",""
"BaxterE_2016","Baxter 2016",34,"fourfold","Collinsella",0.585,0.54,0.63,54,63,9049,TRUE,TRUE,TRUE,FALSE,TRUE,TRUE,TRUE,"ok","ok","",""
"BaxterE_2016","Baxter 2016",34,"fourfold","Coprococcus",0.865,0.85,0.88,85,88,9018,TRUE,TRUE,TRUE,FALSE,TRUE,TRUE,TRUE,"ok","ok","",""
"BaxterE_2016","Baxter 2016",34,"fourfold","Dorea",0.945,0.93,0.96,93,96,12830,TRUE,TRUE,TRUE,FALSE,TRUE,TRUE,TRUE,"ok","ok","",""
"BaxterE_2016","Baxter 2016",34,"fourfold","Escherichia/Shigella",0.715,0.66,0.77,66,77,6451,TRUE,TRUE,TRUE,FALSE,TRUE,TRUE,TRUE,"ok","ok","",""
"BaxterE_2016","Baxter 2016",34,"fourfold","Faecalibacterium",0.985,0.98,0.99,98,99,40369,TRUE,TRUE,TRUE,FALSE,TRUE,TRUE,TRUE,"ok","ok","",""
"BaxterE_2016","Baxter 2016",34,"fourfold","Gemmiger",0.78,0.77,0.79,77,79,10192,TRUE,TRUE,TRUE,FALSE,TRUE,TRUE,TRUE,"ok","ok","",""
"BaxterE_2016","Baxter 2016",34,"fourfold","Lachnospiracea_incertae_sedis",1,1,1,100,100,30119,TRUE,TRUE,FALSE,TRUE,TRUE,TRUE,TRUE,"no_observed_zeros","ok","",""
"BaxterE_2016","Baxter 2016",34,"fourfold","Methanobrevibacter",0.375,0.36,0.39,36,39,5685,TRUE,TRUE,TRUE,FALSE,TRUE,TRUE,TRUE,"ok","ok","",""
"BaxterE_2016","Baxter 2016",34,"fourfold","Oscillibacter",0.85,0.82,0.88,82,88,8390,TRUE,TRUE,TRUE,FALSE,TRUE,TRUE,TRUE,"ok","ok","",""
"BaxterE_2016","Baxter 2016",34,"fourfold","Parabacteroides",0.685,0.62,0.75,62,75,5324,TRUE,TRUE,TRUE,FALSE,TRUE,TRUE,TRUE,"ok","ok","",""
"BaxterE_2016","Baxter 2016",34,"fourfold","Phascolarctobacterium",0.635,0.54,0.73,54,73,7755,TRUE,TRUE,TRUE,FALSE,TRUE,TRUE,TRUE,"ok","ok","",""
"BaxterE_2016","Baxter 2016",34,"fourfold","Prevotella",0.38,0.32,0.44,32,44,13638,TRUE,TRUE,TRUE,FALSE,TRUE,TRUE,TRUE,"ok","ok","",""
"BaxterE_2016","Baxter 2016",34,"fourfold","Roseburia",0.975,0.97,0.98,97,98,32191,TRUE,TRUE,TRUE,FALSE,TRUE,TRUE,TRUE,"ok","ok","",""
"BaxterE_2016","Baxter 2016",34,"fourfold","Ruminococcus",0.89,0.86,0.92,86,92,23782,TRUE,TRUE,TRUE,FALSE,TRUE,TRUE,TRUE,"ok","ok","",""
"BaxterE_2016","Baxter 2016",34,"fourfold","Ruminococcus2",0.97,0.95,0.99,95,99,15334,TRUE,TRUE,TRUE,FALSE,TRUE,TRUE,TRUE,"ok","ok","",""
"BaxterE_2016","Baxter 2016",34,"fourfold","Streptococcus",0.82,0.73,0.91,73,91,6209,TRUE,TRUE,TRUE,FALSE,TRUE,TRUE,TRUE,"ok","ok","",""
"BaxterE_2016","Baxter 2016",34,"fourfold","Unclassified_Clostridiales",0.915,0.92,0.91,92,91,9778,TRUE,TRUE,TRUE,FALSE,TRUE,TRUE,TRUE,"ok","ok","",""
"BaxterE_2016","Baxter 2016",34,"fourfold","Unclassified_Lachnospiraceae",1,1,1,100,100,34698,TRUE,TRUE,FALSE,TRUE,TRUE,TRUE,TRUE,"no_observed_zeros","ok","",""
"BaxterE_2016","Baxter 2016",34,"fourfold","Unclassified_Ruminococcaceae",0.99,0.98,1,98,100,19166,TRUE,TRUE,TRUE,FALSE,TRUE,TRUE,TRUE,"ok","ok","",""
"BaxterE_2016","Baxter 2016",35,"balanced","Akkermansia",0.85,0.83,0.87,83,87,24768,TRUE,TRUE,TRUE,FALSE,TRUE,TRUE,TRUE,"ok","ok","",""
"BaxterE_2016","Baxter 2016",35,"balanced","Alistipes",0.935,0.94,0.93,94,93,25951,TRUE,TRUE,TRUE,FALSE,TRUE,TRUE,TRUE,"ok","ok","",""
"BaxterE_2016","Baxter 2016",35,"balanced","Anaerostipes",0.98,0.97,0.99,97,99,30355,TRUE,TRUE,TRUE,FALSE,TRUE,TRUE,TRUE,"ok","ok","",""
"BaxterE_2016","Baxter 2016",35,"balanced","Bacteroides",1,1,1,100,100,126946,TRUE,TRUE,FALSE,TRUE,TRUE,TRUE,TRUE,"no_observed_zeros","ok","",""
"BaxterE_2016","Baxter 2016",35,"balanced","Bifidobacterium",0.725,0.7,0.75,70,75,9518,TRUE,TRUE,TRUE,FALSE,TRUE,TRUE,TRUE,"ok","ok","",""
"BaxterE_2016","Baxter 2016",35,"balanced","Blautia",1,1,1,100,100,126899,TRUE,TRUE,FALSE,TRUE,TRUE,TRUE,TRUE,"no_observed_zeros","ok","",""
"BaxterE_2016","Baxter 2016",35,"balanced","Clostridium_IV",0.99,1,0.98,100,98,15529,TRUE,TRUE,TRUE,FALSE,TRUE,TRUE,TRUE,"ok","ok","",""
"BaxterE_2016","Baxter 2016",35,"balanced","Clostridium_sensu_stricto",0.75,0.74,0.76,74,76,9204,TRUE,TRUE,TRUE,FALSE,TRUE,TRUE,TRUE,"ok","ok","",""
"BaxterE_2016","Baxter 2016",35,"balanced","Clostridium_XI",0.83,0.82,0.84,82,84,9515,TRUE,TRUE,TRUE,FALSE,TRUE,TRUE,TRUE,"ok","ok","",""
"BaxterE_2016","Baxter 2016",35,"balanced","Clostridium_XlVa",1,1,1,100,100,15419,TRUE,TRUE,FALSE,TRUE,TRUE,TRUE,TRUE,"no_observed_zeros","ok","",""
"BaxterE_2016","Baxter 2016",35,"balanced","Clostridium_XVIII",0.91,0.88,0.94,88,94,5330,TRUE,TRUE,TRUE,FALSE,TRUE,TRUE,TRUE,"ok","ok","",""
"BaxterE_2016","Baxter 2016",35,"balanced","Collinsella",0.615,0.6,0.63,60,63,8420,TRUE,TRUE,TRUE,FALSE,TRUE,TRUE,TRUE,"ok","ok","",""
"BaxterE_2016","Baxter 2016",35,"balanced","Coprococcus",0.86,0.85,0.87,85,87,9532,TRUE,TRUE,TRUE,FALSE,TRUE,TRUE,TRUE,"ok","ok","",""
"BaxterE_2016","Baxter 2016",35,"balanced","Dorea",0.96,0.96,0.96,96,96,13735,TRUE,TRUE,TRUE,FALSE,TRUE,TRUE,TRUE,"ok","ok","",""
"BaxterE_2016","Baxter 2016",35,"balanced","Escherichia/Shigella",0.765,0.79,0.74,79,74,7387,TRUE,TRUE,TRUE,FALSE,TRUE,TRUE,TRUE,"ok","ok","",""
"BaxterE_2016","Baxter 2016",35,"balanced","Faecalibacterium",0.98,0.98,0.98,98,98,44992,TRUE,TRUE,TRUE,FALSE,TRUE,TRUE,TRUE,"ok","ok","",""
"BaxterE_2016","Baxter 2016",35,"balanced","Gemmiger",0.79,0.77,0.81,77,81,9021,TRUE,TRUE,TRUE,FALSE,TRUE,TRUE,TRUE,"ok","ok","",""
"BaxterE_2016","Baxter 2016",35,"balanced","Lachnospiracea_incertae_sedis",1,1,1,100,100,33581,TRUE,TRUE,FALSE,TRUE,TRUE,TRUE,TRUE,"no_observed_zeros","ok","",""
"BaxterE_2016","Baxter 2016",35,"balanced","Methanobrevibacter",0.43,0.41,0.45,41,45,6157,TRUE,TRUE,TRUE,FALSE,TRUE,TRUE,TRUE,"ok","ok","",""
"BaxterE_2016","Baxter 2016",35,"balanced","Oscillibacter",0.915,0.92,0.91,92,91,10123,TRUE,TRUE,TRUE,FALSE,TRUE,TRUE,TRUE,"ok","ok","",""
"BaxterE_2016","Baxter 2016",35,"balanced","Parabacteroides",0.715,0.72,0.71,72,71,5549,TRUE,TRUE,TRUE,FALSE,TRUE,TRUE,TRUE,"ok","ok","",""
"BaxterE_2016","Baxter 2016",35,"balanced","Phascolarctobacterium",0.655,0.66,0.65,66,65,7489,TRUE,TRUE,TRUE,FALSE,TRUE,TRUE,TRUE,"ok","ok","",""
"BaxterE_2016","Baxter 2016",35,"balanced","Prevotella",0.375,0.39,0.36,39,36,12231,TRUE,TRUE,TRUE,FALSE,TRUE,TRUE,TRUE,"ok","ok","",""
"BaxterE_2016","Baxter 2016",35,"balanced","Roseburia",0.985,0.98,0.99,98,99,36408,TRUE,TRUE,TRUE,FALSE,TRUE,TRUE,TRUE,"ok","ok","",""
"BaxterE_2016","Baxter 2016",35,"balanced","Ruminococcus",0.895,0.88,0.91,88,91,25450,TRUE,TRUE,TRUE,FALSE,TRUE,TRUE,TRUE,"ok","ok","",""
"BaxterE_2016","Baxter 2016",35,"balanced","Ruminococcus2",0.98,0.97,0.99,97,99,18151,TRUE,TRUE,TRUE,FALSE,TRUE,TRUE,TRUE,"ok","ok","",""
"BaxterE_2016","Baxter 2016",35,"balanced","Streptococcus",0.865,0.91,0.82,91,82,6455,TRUE,TRUE,TRUE,FALSE,TRUE,TRUE,TRUE,"ok","ok","",""
"BaxterE_2016","Baxter 2016",35,"balanced","Unclassified_Clostridiales",0.935,0.93,0.94,93,94,11438,TRUE,TRUE,TRUE,FALSE,TRUE,TRUE,TRUE,"ok","ok","",""
"BaxterE_2016","Baxter 2016",35,"balanced","Unclassified_Lachnospiraceae",1,1,1,100,100,38353,TRUE,TRUE,FALSE,TRUE,TRUE,TRUE,TRUE,"no_observed_zeros","ok","",""
"BaxterE_2016","Baxter 2016",35,"balanced","Unclassified_Ruminococcaceae",0.975,0.98,0.97,98,97,24202,TRUE,TRUE,TRUE,FALSE,TRUE,TRUE,TRUE,"ok","ok","",""
"BaxterE_2016","Baxter 2016",35,"fourfold","Akkermansia",0.805,0.72,0.89,72,89,23442,TRUE,TRUE,TRUE,FALSE,TRUE,TRUE,TRUE,"ok","ok","",""
"BaxterE_2016","Baxter 2016",35,"fourfold","Alistipes",0.925,0.93,0.92,93,92,24131,TRUE,TRUE,TRUE,FALSE,TRUE,TRUE,TRUE,"ok","ok","",""
"BaxterE_2016","Baxter 2016",35,"fourfold","Anaerostipes",0.99,0.98,1,98,100,27025,TRUE,TRUE,TRUE,FALSE,TRUE,TRUE,TRUE,"ok","ok","",""
"BaxterE_2016","Baxter 2016",35,"fourfold","Bacteroides",1,1,1,100,100,112520,TRUE,TRUE,FALSE,TRUE,TRUE,TRUE,TRUE,"no_observed_zeros","ok","",""
"BaxterE_2016","Baxter 2016",35,"fourfold","Bifidobacterium",0.71,0.63,0.79,63,79,9192,TRUE,TRUE,TRUE,FALSE,TRUE,TRUE,TRUE,"ok","ok","",""
"BaxterE_2016","Baxter 2016",35,"fourfold","Blautia",1,1,1,100,100,132898,TRUE,TRUE,FALSE,TRUE,TRUE,TRUE,TRUE,"no_observed_zeros","ok","",""
"BaxterE_2016","Baxter 2016",35,"fourfold","Clostridium_IV",0.98,0.97,0.99,97,99,15564,TRUE,TRUE,TRUE,FALSE,TRUE,TRUE,TRUE,"ok","ok","",""
"BaxterE_2016","Baxter 2016",35,"fourfold","Clostridium_sensu_stricto",0.705,0.59,0.82,59,82,11059,TRUE,TRUE,TRUE,FALSE,TRUE,TRUE,TRUE,"ok","ok","",""
"BaxterE_2016","Baxter 2016",35,"fourfold","Clostridium_XI",0.795,0.72,0.87,72,87,9115,TRUE,TRUE,TRUE,FALSE,TRUE,TRUE,TRUE,"ok","ok","",""
"BaxterE_2016","Baxter 2016",35,"fourfold","Clostridium_XlVa",1,1,1,100,100,15402,TRUE,TRUE,FALSE,TRUE,TRUE,TRUE,TRUE,"no_observed_zeros","ok","",""
"BaxterE_2016","Baxter 2016",35,"fourfold","Clostridium_XVIII",0.83,0.75,0.91,75,91,4363,TRUE,TRUE,TRUE,FALSE,TRUE,TRUE,TRUE,"ok","ok","",""
"BaxterE_2016","Baxter 2016",35,"fourfold","Collinsella",0.605,0.57,0.64,57,64,8119,TRUE,TRUE,TRUE,FALSE,TRUE,TRUE,TRUE,"ok","ok","",""
"BaxterE_2016","Baxter 2016",35,"fourfold","Coprococcus",0.87,0.85,0.89,85,89,9709,TRUE,TRUE,TRUE,FALSE,TRUE,TRUE,TRUE,"ok","ok","",""
"BaxterE_2016","Baxter 2016",35,"fourfold","Dorea",0.95,0.94,0.96,94,96,13834,TRUE,TRUE,TRUE,FALSE,TRUE,TRUE,TRUE,"ok","ok","",""
"BaxterE_2016","Baxter 2016",35,"fourfold","Escherichia/Shigella",0.73,0.7,0.76,70,76,8615,TRUE,TRUE,TRUE,FALSE,TRUE,TRUE,TRUE,"ok","ok","",""
"BaxterE_2016","Baxter 2016",35,"fourfold","Faecalibacterium",0.975,0.96,0.99,96,99,44699,TRUE,TRUE,TRUE,FALSE,TRUE,TRUE,TRUE,"ok","ok","",""
"BaxterE_2016","Baxter 2016",35,"fourfold","Gemmiger",0.76,0.7,0.82,70,82,9042,TRUE,TRUE,TRUE,FALSE,TRUE,TRUE,TRUE,"ok","ok","",""
"BaxterE_2016","Baxter 2016",35,"fourfold","Lachnospiracea_incertae_sedis",1,1,1,100,100,39320,TRUE,TRUE,FALSE,TRUE,TRUE,TRUE,TRUE,"no_observed_zeros","ok","",""
"BaxterE_2016","Baxter 2016",35,"fourfold","Methanobrevibacter",0.41,0.33,0.49,33,49,5984,TRUE,TRUE,TRUE,FALSE,TRUE,TRUE,TRUE,"ok","ok","",""
"BaxterE_2016","Baxter 2016",35,"fourfold","Oscillibacter",0.88,0.83,0.93,83,93,9583,TRUE,TRUE,TRUE,FALSE,TRUE,TRUE,TRUE,"ok","ok","",""
"BaxterE_2016","Baxter 2016",35,"fourfold","Parabacteroides",0.71,0.68,0.74,68,74,5108,TRUE,TRUE,TRUE,FALSE,TRUE,TRUE,TRUE,"ok","ok","",""
"BaxterE_2016","Baxter 2016",35,"fourfold","Phascolarctobacterium",0.65,0.64,0.66,64,66,8894,TRUE,TRUE,TRUE,FALSE,TRUE,TRUE,TRUE,"ok","ok","",""
"BaxterE_2016","Baxter 2016",35,"fourfold","Prevotella",0.35,0.32,0.38,32,38,14029,TRUE,TRUE,TRUE,FALSE,TRUE,TRUE,TRUE,"ok","ok","",""
"BaxterE_2016","Baxter 2016",35,"fourfold","Roseburia",0.98,0.96,1,96,100,32564,TRUE,TRUE,TRUE,FALSE,TRUE,TRUE,TRUE,"ok","ok","",""
"BaxterE_2016","Baxter 2016",35,"fourfold","Ruminococcus",0.87,0.84,0.9,84,90,23539,TRUE,TRUE,TRUE,FALSE,TRUE,TRUE,TRUE,"ok","ok","",""
"BaxterE_2016","Baxter 2016",35,"fourfold","Ruminococcus2",0.975,0.95,1,95,100,18435,TRUE,TRUE,TRUE,FALSE,TRUE,TRUE,TRUE,"ok","ok","",""
"BaxterE_2016","Baxter 2016",35,"fourfold","Streptococcus",0.825,0.82,0.83,82,83,4748,TRUE,TRUE,TRUE,FALSE,TRUE,TRUE,TRUE,"ok","ok","",""
"BaxterE_2016","Baxter 2016",35,"fourfold","Unclassified_Clostridiales",0.9,0.86,0.94,86,94,11840,TRUE,TRUE,TRUE,FALSE,TRUE,TRUE,TRUE,"ok","ok","",""
"BaxterE_2016","Baxter 2016",35,"fourfold","Unclassified_Lachnospiraceae",1,1,1,100,100,37154,TRUE,TRUE,FALSE,TRUE,TRUE,TRUE,TRUE,"no_observed_zeros","ok","",""
"BaxterE_2016","Baxter 2016",35,"fourfold","Unclassified_Ruminococcaceae",0.96,0.95,0.97,95,97,23158,TRUE,TRUE,TRUE,FALSE,TRUE,TRUE,TRUE,"ok","ok","",""
"BaxterE_2016","Baxter 2016",36,"balanced","Akkermansia",0.87,0.84,0.9,84,90,22404,TRUE,TRUE,TRUE,FALSE,TRUE,TRUE,TRUE,"ok","ok","",""
"BaxterE_2016","Baxter 2016",36,"balanced","Alistipes",0.935,0.91,0.96,91,96,25250,TRUE,TRUE,TRUE,FALSE,TRUE,TRUE,TRUE,"ok","ok","",""
"BaxterE_2016","Baxter 2016",36,"balanced","Anaerostipes",0.985,1,0.97,100,97,30543,TRUE,TRUE,TRUE,FALSE,TRUE,TRUE,TRUE,"ok","ok","",""
"BaxterE_2016","Baxter 2016",36,"balanced","Bacteroides",1,1,1,100,100,126845,TRUE,TRUE,FALSE,TRUE,TRUE,TRUE,TRUE,"no_observed_zeros","ok","",""
"BaxterE_2016","Baxter 2016",36,"balanced","Bifidobacterium",0.76,0.74,0.78,74,78,8154,TRUE,TRUE,TRUE,FALSE,TRUE,TRUE,TRUE,"ok","ok","",""
"BaxterE_2016","Baxter 2016",36,"balanced","Blautia",1,1,1,100,100,133598,TRUE,TRUE,FALSE,TRUE,TRUE,TRUE,TRUE,"no_observed_zeros","ok","",""
"BaxterE_2016","Baxter 2016",36,"balanced","Clostridium_IV",0.985,0.98,0.99,98,99,17360,TRUE,TRUE,TRUE,FALSE,TRUE,TRUE,TRUE,"ok","ok","",""
"BaxterE_2016","Baxter 2016",36,"balanced","Clostridium_sensu_stricto",0.725,0.73,0.72,73,72,8954,TRUE,TRUE,TRUE,FALSE,TRUE,TRUE,TRUE,"ok","ok","",""
"BaxterE_2016","Baxter 2016",36,"balanced","Clostridium_XI",0.845,0.81,0.88,81,88,9000,TRUE,TRUE,TRUE,FALSE,TRUE,TRUE,TRUE,"ok","ok","",""
"BaxterE_2016","Baxter 2016",36,"balanced","Clostridium_XlVa",1,1,1,100,100,16272,TRUE,TRUE,FALSE,TRUE,TRUE,TRUE,TRUE,"no_observed_zeros","ok","",""
"BaxterE_2016","Baxter 2016",36,"balanced","Clostridium_XVIII",0.905,0.88,0.93,88,93,4938,TRUE,TRUE,TRUE,FALSE,TRUE,TRUE,TRUE,"ok","ok","",""
"BaxterE_2016","Baxter 2016",36,"balanced","Collinsella",0.605,0.56,0.65,56,65,8009,TRUE,TRUE,TRUE,FALSE,TRUE,TRUE,TRUE,"ok","ok","",""
"BaxterE_2016","Baxter 2016",36,"balanced","Coprococcus",0.87,0.82,0.92,82,92,9169,TRUE,TRUE,TRUE,FALSE,TRUE,TRUE,TRUE,"ok","ok","",""
"BaxterE_2016","Baxter 2016",36,"balanced","Dorea",0.96,0.95,0.97,95,97,13642,TRUE,TRUE,TRUE,FALSE,TRUE,TRUE,TRUE,"ok","ok","",""
"BaxterE_2016","Baxter 2016",36,"balanced","Escherichia/Shigella",0.725,0.69,0.76,69,76,7839,TRUE,TRUE,TRUE,FALSE,TRUE,TRUE,TRUE,"ok","ok","",""
"BaxterE_2016","Baxter 2016",36,"balanced","Faecalibacterium",0.985,0.99,0.98,99,98,46977,TRUE,TRUE,TRUE,FALSE,TRUE,TRUE,TRUE,"ok","ok","",""
"BaxterE_2016","Baxter 2016",36,"balanced","Gemmiger",0.78,0.76,0.8,76,80,9028,TRUE,TRUE,TRUE,FALSE,TRUE,TRUE,TRUE,"ok","ok","",""
"BaxterE_2016","Baxter 2016",36,"balanced","Lachnospiracea_incertae_sedis",1,1,1,100,100,32940,TRUE,TRUE,FALSE,TRUE,TRUE,TRUE,TRUE,"no_observed_zeros","ok","",""
"BaxterE_2016","Baxter 2016",36,"balanced","Methanobrevibacter",0.415,0.42,0.41,42,41,6157,TRUE,TRUE,TRUE,FALSE,TRUE,TRUE,TRUE,"ok","ok","",""
"BaxterE_2016","Baxter 2016",36,"balanced","Oscillibacter",0.905,0.9,0.91,90,91,10399,TRUE,TRUE,TRUE,FALSE,TRUE,TRUE,TRUE,"ok","ok","",""
"BaxterE_2016","Baxter 2016",36,"balanced","Parabacteroides",0.72,0.68,0.76,68,76,5321,TRUE,TRUE,TRUE,FALSE,TRUE,TRUE,TRUE,"ok","ok","",""
"BaxterE_2016","Baxter 2016",36,"balanced","Phascolarctobacterium",0.655,0.62,0.69,62,69,7498,TRUE,TRUE,TRUE,FALSE,TRUE,TRUE,TRUE,"ok","ok","",""
"BaxterE_2016","Baxter 2016",36,"balanced","Prevotella",0.375,0.37,0.38,37,38,13660,TRUE,TRUE,TRUE,FALSE,TRUE,TRUE,TRUE,"ok","ok","",""
"BaxterE_2016","Baxter 2016",36,"balanced","Roseburia",0.985,0.98,0.99,98,99,35424,TRUE,TRUE,TRUE,FALSE,TRUE,TRUE,TRUE,"ok","ok","",""
"BaxterE_2016","Baxter 2016",36,"balanced","Ruminococcus",0.875,0.91,0.84,91,84,24590,TRUE,TRUE,TRUE,FALSE,TRUE,TRUE,TRUE,"ok","ok","",""
"BaxterE_2016","Baxter 2016",36,"balanced","Ruminococcus2",0.985,0.99,0.98,99,98,17487,TRUE,TRUE,TRUE,FALSE,TRUE,TRUE,TRUE,"ok","ok","",""
"BaxterE_2016","Baxter 2016",36,"balanced","Streptococcus",0.84,0.84,0.84,84,84,6402,TRUE,TRUE,TRUE,FALSE,TRUE,TRUE,TRUE,"ok","ok","",""
"BaxterE_2016","Baxter 2016",36,"balanced","Unclassified_Clostridiales",0.945,0.94,0.95,94,95,11956,TRUE,TRUE,TRUE,FALSE,TRUE,TRUE,TRUE,"ok","ok","",""
"BaxterE_2016","Baxter 2016",36,"balanced","Unclassified_Lachnospiraceae",1,1,1,100,100,37368,TRUE,TRUE,FALSE,TRUE,TRUE,TRUE,TRUE,"no_observed_zeros","ok","",""
"BaxterE_2016","Baxter 2016",36,"balanced","Unclassified_Ruminococcaceae",0.965,0.97,0.96,97,96,24619,TRUE,TRUE,TRUE,FALSE,TRUE,TRUE,TRUE,"ok","ok","",""
"BaxterE_2016","Baxter 2016",36,"fourfold","Akkermansia",0.81,0.77,0.85,77,85,22130,TRUE,TRUE,TRUE,FALSE,TRUE,TRUE,TRUE,"ok","ok","",""
"BaxterE_2016","Baxter 2016",36,"fourfold","Alistipes",0.91,0.84,0.98,84,98,25260,TRUE,TRUE,TRUE,FALSE,TRUE,TRUE,TRUE,"ok","ok","",""
"BaxterE_2016","Baxter 2016",36,"fourfold","Anaerostipes",0.985,0.99,0.98,99,98,25888,TRUE,TRUE,TRUE,FALSE,TRUE,TRUE,TRUE,"ok","ok","",""
"BaxterE_2016","Baxter 2016",36,"fourfold","Bacteroides",1,1,1,100,100,111010,TRUE,TRUE,FALSE,TRUE,TRUE,TRUE,TRUE,"no_observed_zeros","ok","",""
"BaxterE_2016","Baxter 2016",36,"fourfold","Bifidobacterium",0.74,0.69,0.79,69,79,7929,TRUE,TRUE,TRUE,FALSE,TRUE,TRUE,TRUE,"ok","ok","",""
"BaxterE_2016","Baxter 2016",36,"fourfold","Blautia",1,1,1,100,100,114477,TRUE,TRUE,FALSE,TRUE,TRUE,TRUE,TRUE,"no_observed_zeros","ok","",""
"BaxterE_2016","Baxter 2016",36,"fourfold","Clostridium_IV",0.98,0.97,0.99,97,99,17202,TRUE,TRUE,TRUE,FALSE,TRUE,TRUE,TRUE,"ok","ok","",""
"BaxterE_2016","Baxter 2016",36,"fourfold","Clostridium_sensu_stricto",0.725,0.68,0.77,68,77,7517,TRUE,TRUE,TRUE,FALSE,TRUE,TRUE,TRUE,"ok","ok","",""
"BaxterE_2016","Baxter 2016",36,"fourfold","Clostridium_XI",0.835,0.79,0.88,79,88,7643,TRUE,TRUE,TRUE,FALSE,TRUE,TRUE,TRUE,"ok","ok","",""
"BaxterE_2016","Baxter 2016",36,"fourfold","Clostridium_XlVa",1,1,1,100,100,14114,TRUE,TRUE,FALSE,TRUE,TRUE,TRUE,TRUE,"no_observed_zeros","ok","",""
"BaxterE_2016","Baxter 2016",36,"fourfold","Clostridium_XVIII",0.84,0.73,0.95,73,95,4555,TRUE,TRUE,TRUE,FALSE,TRUE,TRUE,TRUE,"ok","ok","",""
"BaxterE_2016","Baxter 2016",36,"fourfold","Collinsella",0.595,0.54,0.65,54,65,7462,TRUE,TRUE,TRUE,FALSE,TRUE,TRUE,TRUE,"ok","ok","",""
"BaxterE_2016","Baxter 2016",36,"fourfold","Coprococcus",0.86,0.8,0.92,80,92,8528,TRUE,TRUE,TRUE,FALSE,TRUE,TRUE,TRUE,"ok","ok","",""
"BaxterE_2016","Baxter 2016",36,"fourfold","Dorea",0.96,0.94,0.98,94,98,12529,TRUE,TRUE,TRUE,FALSE,TRUE,TRUE,TRUE,"ok","ok","",""
"BaxterE_2016","Baxter 2016",36,"fourfold","Escherichia/Shigella",0.715,0.62,0.81,62,81,7629,TRUE,TRUE,TRUE,FALSE,TRUE,TRUE,TRUE,"ok","ok","",""
"BaxterE_2016","Baxter 2016",36,"fourfold","Faecalibacterium",0.98,0.98,0.98,98,98,40289,TRUE,TRUE,TRUE,FALSE,TRUE,TRUE,TRUE,"ok","ok","",""
"BaxterE_2016","Baxter 2016",36,"fourfold","Gemmiger",0.78,0.74,0.82,74,82,8286,TRUE,TRUE,TRUE,FALSE,TRUE,TRUE,TRUE,"ok","ok","",""
"BaxterE_2016","Baxter 2016",36,"fourfold","Lachnospiracea_incertae_sedis",0.995,0.99,1,99,100,30919,TRUE,TRUE,TRUE,FALSE,TRUE,TRUE,TRUE,"ok","ok","",""
"BaxterE_2016","Baxter 2016",36,"fourfold","Methanobrevibacter",0.39,0.37,0.41,37,41,7200,TRUE,TRUE,TRUE,FALSE,TRUE,TRUE,TRUE,"ok","ok","",""
"BaxterE_2016","Baxter 2016",36,"fourfold","Oscillibacter",0.905,0.87,0.94,87,94,9992,TRUE,TRUE,TRUE,FALSE,TRUE,TRUE,TRUE,"ok","ok","",""
"BaxterE_2016","Baxter 2016",36,"fourfold","Parabacteroides",0.695,0.61,0.78,61,78,5296,TRUE,TRUE,TRUE,FALSE,TRUE,TRUE,TRUE,"ok","ok","",""
"BaxterE_2016","Baxter 2016",36,"fourfold","Phascolarctobacterium",0.62,0.54,0.7,54,70,7496,TRUE,TRUE,TRUE,FALSE,TRUE,TRUE,TRUE,"ok","ok","",""
"BaxterE_2016","Baxter 2016",36,"fourfold","Prevotella",0.365,0.29,0.44,29,44,11873,TRUE,TRUE,TRUE,FALSE,TRUE,TRUE,TRUE,"ok","ok","",""
"BaxterE_2016","Baxter 2016",36,"fourfold","Roseburia",0.97,0.97,0.97,97,97,31151,TRUE,TRUE,TRUE,FALSE,TRUE,TRUE,TRUE,"ok","ok","",""
"BaxterE_2016","Baxter 2016",36,"fourfold","Ruminococcus",0.85,0.85,0.85,85,85,22977,TRUE,TRUE,TRUE,FALSE,TRUE,TRUE,TRUE,"ok","ok","",""
"BaxterE_2016","Baxter 2016",36,"fourfold","Ruminococcus2",0.98,0.96,1,96,100,16585,TRUE,TRUE,TRUE,FALSE,TRUE,TRUE,TRUE,"ok","ok","",""
"BaxterE_2016","Baxter 2016",36,"fourfold","Streptococcus",0.815,0.77,0.86,77,86,6356,TRUE,TRUE,TRUE,FALSE,TRUE,TRUE,TRUE,"ok","ok","",""
"BaxterE_2016","Baxter 2016",36,"fourfold","Unclassified_Clostridiales",0.9,0.88,0.92,88,92,11262,TRUE,TRUE,TRUE,FALSE,TRUE,TRUE,TRUE,"ok","ok","",""
"BaxterE_2016","Baxter 2016",36,"fourfold","Unclassified_Lachnospiraceae",1,1,1,100,100,34359,TRUE,TRUE,FALSE,TRUE,TRUE,TRUE,TRUE,"no_observed_zeros","ok","",""
"BaxterE_2016","Baxter 2016",36,"fourfold","Unclassified_Ruminococcaceae",0.985,0.97,1,97,100,25142,TRUE,TRUE,TRUE,FALSE,TRUE,TRUE,TRUE,"ok","ok","",""
"BaxterE_2016","Baxter 2016",37,"balanced","Akkermansia",0.835,0.84,0.83,84,83,23359,TRUE,TRUE,TRUE,FALSE,TRUE,TRUE,TRUE,"ok","ok","",""
"BaxterE_2016","Baxter 2016",37,"balanced","Alistipes",0.915,0.91,0.92,91,92,24488,TRUE,TRUE,TRUE,FALSE,TRUE,TRUE,TRUE,"ok","ok","",""
"BaxterE_2016","Baxter 2016",37,"balanced","Anaerostipes",0.97,0.96,0.98,96,98,29734,TRUE,TRUE,TRUE,FALSE,TRUE,TRUE,TRUE,"ok","ok","",""
"BaxterE_2016","Baxter 2016",37,"balanced","Bacteroides",1,1,1,100,100,122909,TRUE,TRUE,FALSE,TRUE,TRUE,TRUE,TRUE,"no_observed_zeros","ok","",""
"BaxterE_2016","Baxter 2016",37,"balanced","Bifidobacterium",0.71,0.72,0.7,72,70,11030,TRUE,TRUE,TRUE,FALSE,TRUE,TRUE,TRUE,"ok","ok","",""
"BaxterE_2016","Baxter 2016",37,"balanced","Blautia",1,1,1,100,100,129445,TRUE,TRUE,FALSE,TRUE,TRUE,TRUE,TRUE,"no_observed_zeros","ok","",""
"BaxterE_2016","Baxter 2016",37,"balanced","Clostridium_IV",0.99,0.99,0.99,99,99,16761,TRUE,TRUE,TRUE,FALSE,TRUE,TRUE,TRUE,"ok","ok","",""
"BaxterE_2016","Baxter 2016",37,"balanced","Clostridium_sensu_stricto",0.73,0.75,0.71,75,71,9048,TRUE,TRUE,TRUE,FALSE,TRUE,TRUE,TRUE,"ok","ok","",""
"BaxterE_2016","Baxter 2016",37,"balanced","Clostridium_XI",0.855,0.89,0.82,89,82,9475,TRUE,TRUE,TRUE,FALSE,TRUE,TRUE,TRUE,"ok","ok","",""
"BaxterE_2016","Baxter 2016",37,"balanced","Clostridium_XlVa",0.99,0.98,1,98,100,15802,TRUE,TRUE,TRUE,FALSE,TRUE,TRUE,TRUE,"ok","ok","",""
"BaxterE_2016","Baxter 2016",37,"balanced","Clostridium_XVIII",0.91,0.9,0.92,90,92,4969,TRUE,TRUE,TRUE,FALSE,TRUE,TRUE,TRUE,"ok","ok","",""
"BaxterE_2016","Baxter 2016",37,"balanced","Collinsella",0.59,0.58,0.6,58,60,9162,TRUE,TRUE,TRUE,FALSE,TRUE,TRUE,TRUE,"ok","ok","",""
"BaxterE_2016","Baxter 2016",37,"balanced","Coprococcus",0.88,0.88,0.88,88,88,9332,TRUE,TRUE,TRUE,FALSE,TRUE,TRUE,TRUE,"ok","ok","",""
"BaxterE_2016","Baxter 2016",37,"balanced","Dorea",0.945,0.93,0.96,93,96,13639,TRUE,TRUE,TRUE,FALSE,TRUE,TRUE,TRUE,"ok","ok","",""
"BaxterE_2016","Baxter 2016",37,"balanced","Escherichia/Shigella",0.78,0.77,0.79,77,79,7343,TRUE,TRUE,TRUE,FALSE,TRUE,TRUE,TRUE,"ok","ok","",""
"BaxterE_2016","Baxter 2016",37,"balanced","Faecalibacterium",0.985,0.98,0.99,98,99,43320,TRUE,TRUE,TRUE,FALSE,TRUE,TRUE,TRUE,"ok","ok","",""
"BaxterE_2016","Baxter 2016",37,"balanced","Gemmiger",0.795,0.8,0.79,80,79,8923,TRUE,TRUE,TRUE,FALSE,TRUE,TRUE,TRUE,"ok","ok","",""
"BaxterE_2016","Baxter 2016",37,"balanced","Lachnospiracea_incertae_sedis",1,1,1,100,100,35792,TRUE,TRUE,FALSE,TRUE,TRUE,TRUE,TRUE,"no_observed_zeros","ok","",""
"BaxterE_2016","Baxter 2016",37,"balanced","Methanobrevibacter",0.43,0.48,0.38,48,38,6929,TRUE,TRUE,TRUE,FALSE,TRUE,TRUE,TRUE,"ok","ok","",""
"BaxterE_2016","Baxter 2016",37,"balanced","Oscillibacter",0.915,0.94,0.89,94,89,10302,TRUE,TRUE,TRUE,FALSE,TRUE,TRUE,TRUE,"ok","ok","",""
"BaxterE_2016","Baxter 2016",37,"balanced","Parabacteroides",0.705,0.65,0.76,65,76,5786,TRUE,TRUE,TRUE,FALSE,TRUE,TRUE,TRUE,"ok","ok","",""
"BaxterE_2016","Baxter 2016",37,"balanced","Phascolarctobacterium",0.665,0.68,0.65,68,65,7797,TRUE,TRUE,TRUE,FALSE,TRUE,TRUE,TRUE,"ok","ok","",""
"BaxterE_2016","Baxter 2016",37,"balanced","Prevotella",0.38,0.35,0.41,35,41,13164,TRUE,TRUE,TRUE,FALSE,TRUE,TRUE,TRUE,"ok","ok","",""
"BaxterE_2016","Baxter 2016",37,"balanced","Roseburia",0.97,0.98,0.96,98,96,34115,TRUE,TRUE,TRUE,FALSE,TRUE,TRUE,TRUE,"ok","ok","",""
"BaxterE_2016","Baxter 2016",37,"balanced","Ruminococcus",0.905,0.92,0.89,92,89,24967,TRUE,TRUE,TRUE,FALSE,TRUE,TRUE,TRUE,"ok","ok","",""
"BaxterE_2016","Baxter 2016",37,"balanced","Ruminococcus2",0.985,0.98,0.99,98,99,17323,TRUE,TRUE,TRUE,FALSE,TRUE,TRUE,TRUE,"ok","ok","",""
"BaxterE_2016","Baxter 2016",37,"balanced","Streptococcus",0.845,0.86,0.83,86,83,7943,TRUE,TRUE,TRUE,FALSE,TRUE,TRUE,TRUE,"ok","ok","",""
"BaxterE_2016","Baxter 2016",37,"balanced","Unclassified_Clostridiales",0.925,0.89,0.96,89,96,10872,TRUE,TRUE,TRUE,FALSE,TRUE,TRUE,TRUE,"ok","ok","",""
"BaxterE_2016","Baxter 2016",37,"balanced","Unclassified_Lachnospiraceae",1,1,1,100,100,36697,TRUE,TRUE,FALSE,TRUE,TRUE,TRUE,TRUE,"no_observed_zeros","ok","",""
"BaxterE_2016","Baxter 2016",37,"balanced","Unclassified_Ruminococcaceae",0.985,0.99,0.98,99,98,24534,TRUE,TRUE,TRUE,FALSE,TRUE,TRUE,TRUE,"ok","ok","",""
"BaxterE_2016","Baxter 2016",37,"fourfold","Akkermansia",0.84,0.78,0.9,78,90,22901,TRUE,TRUE,TRUE,FALSE,TRUE,TRUE,TRUE,"ok","ok","",""
"BaxterE_2016","Baxter 2016",37,"fourfold","Alistipes",0.925,0.9,0.95,90,95,21810,TRUE,TRUE,TRUE,FALSE,TRUE,TRUE,TRUE,"ok","ok","",""
"BaxterE_2016","Baxter 2016",37,"fourfold","Anaerostipes",0.97,0.95,0.99,95,99,28288,TRUE,TRUE,TRUE,FALSE,TRUE,TRUE,TRUE,"ok","ok","",""
"BaxterE_2016","Baxter 2016",37,"fourfold","Bacteroides",0.99,0.98,1,98,100,111515,TRUE,TRUE,TRUE,FALSE,TRUE,TRUE,TRUE,"ok","ok","",""
"BaxterE_2016","Baxter 2016",37,"fourfold","Bifidobacterium",0.735,0.7,0.77,70,77,6098,TRUE,TRUE,TRUE,FALSE,TRUE,TRUE,TRUE,"ok","ok","",""
"BaxterE_2016","Baxter 2016",37,"fourfold","Blautia",1,1,1,100,100,127906,TRUE,TRUE,FALSE,TRUE,TRUE,TRUE,TRUE,"no_observed_zeros","ok","",""
"BaxterE_2016","Baxter 2016",37,"fourfold","Clostridium_IV",0.98,0.97,0.99,97,99,13547,TRUE,TRUE,TRUE,FALSE,TRUE,TRUE,TRUE,"ok","ok","",""
"BaxterE_2016","Baxter 2016",37,"fourfold","Clostridium_sensu_stricto",0.75,0.71,0.79,71,79,7146,TRUE,TRUE,TRUE,FALSE,TRUE,TRUE,TRUE,"ok","ok","",""
"BaxterE_2016","Baxter 2016",37,"fourfold","Clostridium_XI",0.835,0.82,0.85,82,85,7029,TRUE,TRUE,TRUE,FALSE,TRUE,TRUE,TRUE,"ok","ok","",""
"BaxterE_2016","Baxter 2016",37,"fourfold","Clostridium_XlVa",1,1,1,100,100,14569,TRUE,TRUE,FALSE,TRUE,TRUE,TRUE,TRUE,"no_observed_zeros","ok","",""
"BaxterE_2016","Baxter 2016",37,"fourfold","Clostridium_XVIII",0.865,0.79,0.94,79,94,4249,TRUE,TRUE,TRUE,FALSE,TRUE,TRUE,TRUE,"ok","ok","",""
"BaxterE_2016","Baxter 2016",37,"fourfold","Collinsella",0.6,0.56,0.64,56,64,5968,TRUE,TRUE,TRUE,FALSE,TRUE,TRUE,TRUE,"ok","ok","",""
"BaxterE_2016","Baxter 2016",37,"fourfold","Coprococcus",0.86,0.85,0.87,85,87,8092,TRUE,TRUE,TRUE,FALSE,TRUE,TRUE,TRUE,"ok","ok","",""
"BaxterE_2016","Baxter 2016",37,"fourfold","Dorea",0.955,0.93,0.98,93,98,13268,TRUE,TRUE,TRUE,FALSE,TRUE,TRUE,TRUE,"ok","ok","",""
"BaxterE_2016","Baxter 2016",37,"fourfold","Escherichia/Shigella",0.73,0.65,0.81,65,81,5897,TRUE,TRUE,TRUE,FALSE,TRUE,TRUE,TRUE,"ok","ok","",""
"BaxterE_2016","Baxter 2016",37,"fourfold","Faecalibacterium",0.995,0.99,1,99,100,41549,TRUE,TRUE,TRUE,FALSE,TRUE,TRUE,TRUE,"ok","ok","",""
"BaxterE_2016","Baxter 2016",37,"fourfold","Gemmiger",0.78,0.78,0.78,78,78,8402,TRUE,TRUE,TRUE,FALSE,TRUE,TRUE,TRUE,"ok","ok","",""
"BaxterE_2016","Baxter 2016",37,"fourfold","Lachnospiracea_incertae_sedis",1,1,1,100,100,31101,TRUE,TRUE,FALSE,TRUE,TRUE,TRUE,TRUE,"no_observed_zeros","ok","",""
"BaxterE_2016","Baxter 2016",37,"fourfold","Methanobrevibacter",0.41,0.44,0.38,44,38,4815,TRUE,TRUE,TRUE,FALSE,TRUE,TRUE,TRUE,"ok","ok","",""
"BaxterE_2016","Baxter 2016",37,"fourfold","Oscillibacter",0.875,0.84,0.91,84,91,7796,TRUE,TRUE,TRUE,FALSE,TRUE,TRUE,TRUE,"ok","ok","",""
"BaxterE_2016","Baxter 2016",37,"fourfold","Parabacteroides",0.68,0.62,0.74,62,74,5581,TRUE,TRUE,TRUE,FALSE,TRUE,TRUE,TRUE,"ok","ok","",""
"BaxterE_2016","Baxter 2016",37,"fourfold","Phascolarctobacterium",0.63,0.59,0.67,59,67,6760,TRUE,TRUE,TRUE,FALSE,TRUE,TRUE,TRUE,"ok","ok","",""
"BaxterE_2016","Baxter 2016",37,"fourfold","Prevotella",0.365,0.34,0.39,34,39,14841,TRUE,TRUE,TRUE,FALSE,TRUE,TRUE,TRUE,"ok","ok","",""
"BaxterE_2016","Baxter 2016",37,"fourfold","Roseburia",0.975,0.97,0.98,97,98,31804,TRUE,TRUE,TRUE,FALSE,TRUE,TRUE,TRUE,"ok","ok","",""
"BaxterE_2016","Baxter 2016",37,"fourfold","Ruminococcus",0.895,0.88,0.91,88,91,22954,TRUE,TRUE,TRUE,FALSE,TRUE,TRUE,TRUE,"ok","ok","",""
"BaxterE_2016","Baxter 2016",37,"fourfold","Ruminococcus2",0.955,0.92,0.99,92,99,16920,TRUE,TRUE,TRUE,FALSE,TRUE,TRUE,TRUE,"ok","ok","",""
"BaxterE_2016","Baxter 2016",37,"fourfold","Streptococcus",0.825,0.78,0.87,78,87,5493,TRUE,TRUE,TRUE,FALSE,TRUE,TRUE,TRUE,"ok","ok","",""
"BaxterE_2016","Baxter 2016",37,"fourfold","Unclassified_Clostridiales",0.895,0.83,0.96,83,96,8960,TRUE,TRUE,TRUE,FALSE,TRUE,TRUE,TRUE,"ok","ok","",""
"BaxterE_2016","Baxter 2016",37,"fourfold","Unclassified_Lachnospiraceae",0.995,0.99,1,99,100,34984,TRUE,TRUE,TRUE,FALSE,TRUE,TRUE,TRUE,"ok","ok","",""
"BaxterE_2016","Baxter 2016",37,"fourfold","Unclassified_Ruminococcaceae",0.97,0.95,0.99,95,99,20550,TRUE,TRUE,TRUE,FALSE,TRUE,TRUE,TRUE,"ok","ok","",""
"BaxterE_2016","Baxter 2016",38,"balanced","Akkermansia",0.845,0.85,0.84,85,84,24862,TRUE,TRUE,TRUE,FALSE,TRUE,TRUE,TRUE,"ok","ok","",""
"BaxterE_2016","Baxter 2016",38,"balanced","Alistipes",0.915,0.95,0.88,95,88,27577,TRUE,TRUE,TRUE,FALSE,TRUE,TRUE,TRUE,"ok","ok","",""
"BaxterE_2016","Baxter 2016",38,"balanced","Anaerostipes",0.985,0.98,0.99,98,99,28678,TRUE,TRUE,TRUE,FALSE,TRUE,TRUE,TRUE,"ok","ok","",""
"BaxterE_2016","Baxter 2016",38,"balanced","Bacteroides",1,1,1,100,100,126924,TRUE,TRUE,FALSE,TRUE,TRUE,TRUE,TRUE,"no_observed_zeros","ok","",""
"BaxterE_2016","Baxter 2016",38,"balanced","Bifidobacterium",0.74,0.78,0.7,78,70,9428,TRUE,TRUE,TRUE,FALSE,TRUE,TRUE,TRUE,"ok","ok","",""
"BaxterE_2016","Baxter 2016",38,"balanced","Blautia",1,1,1,100,100,132850,TRUE,TRUE,FALSE,TRUE,TRUE,TRUE,TRUE,"no_observed_zeros","ok","",""
"BaxterE_2016","Baxter 2016",38,"balanced","Clostridium_IV",0.995,0.99,1,99,100,16045,TRUE,TRUE,TRUE,FALSE,TRUE,TRUE,TRUE,"ok","ok","",""
"BaxterE_2016","Baxter 2016",38,"balanced","Clostridium_sensu_stricto",0.735,0.75,0.72,75,72,8861,TRUE,TRUE,TRUE,FALSE,TRUE,TRUE,TRUE,"ok","ok","",""
"BaxterE_2016","Baxter 2016",38,"balanced","Clostridium_XI",0.855,0.87,0.84,87,84,9314,TRUE,TRUE,TRUE,FALSE,TRUE,TRUE,TRUE,"ok","ok","",""
"BaxterE_2016","Baxter 2016",38,"balanced","Clostridium_XlVa",1,1,1,100,100,15582,TRUE,TRUE,FALSE,TRUE,TRUE,TRUE,TRUE,"no_observed_zeros","ok","",""
"BaxterE_2016","Baxter 2016",38,"balanced","Clostridium_XVIII",0.885,0.89,0.88,89,88,5116,TRUE,TRUE,TRUE,FALSE,TRUE,TRUE,TRUE,"ok","ok","",""
"BaxterE_2016","Baxter 2016",38,"balanced","Collinsella",0.595,0.61,0.58,61,58,9263,TRUE,TRUE,TRUE,FALSE,TRUE,TRUE,TRUE,"ok","ok","",""
"BaxterE_2016","Baxter 2016",38,"balanced","Coprococcus",0.865,0.89,0.84,89,84,9625,TRUE,TRUE,TRUE,FALSE,TRUE,TRUE,TRUE,"ok","ok","",""
"BaxterE_2016","Baxter 2016",38,"balanced","Dorea",0.955,0.96,0.95,96,95,13891,TRUE,TRUE,TRUE,FALSE,TRUE,TRUE,TRUE,"ok","ok","",""
"BaxterE_2016","Baxter 2016",38,"balanced","Escherichia/Shigella",0.77,0.75,0.79,75,79,7281,TRUE,TRUE,TRUE,FALSE,TRUE,TRUE,TRUE,"ok","ok","",""
"BaxterE_2016","Baxter 2016",38,"balanced","Faecalibacterium",0.99,0.98,1,98,100,47329,TRUE,TRUE,TRUE,FALSE,TRUE,TRUE,TRUE,"ok","ok","",""
"BaxterE_2016","Baxter 2016",38,"balanced","Gemmiger",0.81,0.79,0.83,79,83,9448,TRUE,TRUE,TRUE,FALSE,TRUE,TRUE,TRUE,"ok","ok","",""
"BaxterE_2016","Baxter 2016",38,"balanced","Lachnospiracea_incertae_sedis",1,1,1,100,100,35133,TRUE,TRUE,FALSE,TRUE,TRUE,TRUE,TRUE,"no_observed_zeros","ok","",""
"BaxterE_2016","Baxter 2016",38,"balanced","Methanobrevibacter",0.415,0.4,0.43,40,43,5890,TRUE,TRUE,TRUE,FALSE,TRUE,TRUE,TRUE,"ok","ok","",""
"BaxterE_2016","Baxter 2016",38,"balanced","Oscillibacter",0.915,0.89,0.94,89,94,11381,TRUE,TRUE,TRUE,FALSE,TRUE,TRUE,TRUE,"ok","ok","",""
"BaxterE_2016","Baxter 2016",38,"balanced","Parabacteroides",0.72,0.72,0.72,72,72,5949,TRUE,TRUE,TRUE,FALSE,TRUE,TRUE,TRUE,"ok","ok","",""
"BaxterE_2016","Baxter 2016",38,"balanced","Phascolarctobacterium",0.65,0.67,0.63,67,63,7537,TRUE,TRUE,TRUE,FALSE,TRUE,TRUE,TRUE,"ok","ok","",""
"BaxterE_2016","Baxter 2016",38,"balanced","Prevotella",0.405,0.45,0.36,45,36,11255,TRUE,TRUE,TRUE,FALSE,TRUE,TRUE,TRUE,"ok","ok","",""
"BaxterE_2016","Baxter 2016",38,"balanced","Roseburia",0.985,0.99,0.98,99,98,34909,TRUE,TRUE,TRUE,FALSE,TRUE,TRUE,TRUE,"ok","ok","",""
"BaxterE_2016","Baxter 2016",38,"balanced","Ruminococcus",0.88,0.87,0.89,87,89,25384,TRUE,TRUE,TRUE,FALSE,TRUE,TRUE,TRUE,"ok","ok","",""
"BaxterE_2016","Baxter 2016",38,"balanced","Ruminococcus2",0.98,1,0.96,100,96,17839,TRUE,TRUE,TRUE,FALSE,TRUE,TRUE,TRUE,"ok","ok","",""
"BaxterE_2016","Baxter 2016",38,"balanced","Streptococcus",0.855,0.86,0.85,86,85,7003,TRUE,TRUE,TRUE,FALSE,TRUE,TRUE,TRUE,"ok","ok","",""
"BaxterE_2016","Baxter 2016",38,"balanced","Unclassified_Clostridiales",0.92,0.89,0.95,89,95,11083,TRUE,TRUE,TRUE,FALSE,TRUE,TRUE,TRUE,"ok","ok","",""
"BaxterE_2016","Baxter 2016",38,"balanced","Unclassified_Lachnospiraceae",1,1,1,100,100,37251,TRUE,TRUE,FALSE,TRUE,TRUE,TRUE,TRUE,"no_observed_zeros","ok","",""
"BaxterE_2016","Baxter 2016",38,"balanced","Unclassified_Ruminococcaceae",0.985,0.99,0.98,99,98,25112,TRUE,TRUE,TRUE,FALSE,TRUE,TRUE,TRUE,"ok","ok","",""
"BaxterE_2016","Baxter 2016",38,"fourfold","Akkermansia",0.82,0.77,0.87,77,87,21132,TRUE,TRUE,TRUE,FALSE,TRUE,TRUE,TRUE,"ok","ok","",""
"BaxterE_2016","Baxter 2016",38,"fourfold","Alistipes",0.9,0.9,0.9,90,90,23890,TRUE,TRUE,TRUE,FALSE,TRUE,TRUE,TRUE,"ok","ok","",""
"BaxterE_2016","Baxter 2016",38,"fourfold","Anaerostipes",0.975,0.96,0.99,96,99,29122,TRUE,TRUE,TRUE,FALSE,TRUE,TRUE,TRUE,"ok","ok","",""
"BaxterE_2016","Baxter 2016",38,"fourfold","Bacteroides",1,1,1,100,100,111126,TRUE,TRUE,FALSE,TRUE,TRUE,TRUE,TRUE,"no_observed_zeros","ok","",""
"BaxterE_2016","Baxter 2016",38,"fourfold","Bifidobacterium",0.705,0.68,0.73,68,73,7698,TRUE,TRUE,TRUE,FALSE,TRUE,TRUE,TRUE,"ok","ok","",""
"BaxterE_2016","Baxter 2016",38,"fourfold","Blautia",1,1,1,100,100,130929,TRUE,TRUE,FALSE,TRUE,TRUE,TRUE,TRUE,"no_observed_zeros","ok","",""
"BaxterE_2016","Baxter 2016",38,"fourfold","Clostridium_IV",0.98,0.96,1,96,100,15787,TRUE,TRUE,FALSE,TRUE,TRUE,TRUE,TRUE,"structural_absence_boundary_at_zero","ok","",""
"BaxterE_2016","Baxter 2016",38,"fourfold","Clostridium_sensu_stricto",0.75,0.73,0.77,73,77,10150,TRUE,TRUE,TRUE,FALSE,TRUE,TRUE,TRUE,"ok","ok","",""
"BaxterE_2016","Baxter 2016",38,"fourfold","Clostridium_XI",0.87,0.84,0.9,84,90,10774,TRUE,TRUE,TRUE,FALSE,TRUE,TRUE,TRUE,"ok","ok","",""
"BaxterE_2016","Baxter 2016",38,"fourfold","Clostridium_XlVa",0.99,0.98,1,98,100,15016,TRUE,TRUE,TRUE,FALSE,TRUE,TRUE,TRUE,"ok","ok","",""
"BaxterE_2016","Baxter 2016",38,"fourfold","Clostridium_XVIII",0.89,0.85,0.93,85,93,4649,TRUE,TRUE,TRUE,FALSE,TRUE,TRUE,TRUE,"ok","ok","",""
"BaxterE_2016","Baxter 2016",38,"fourfold","Collinsella",0.585,0.58,0.59,58,59,7253,TRUE,TRUE,TRUE,FALSE,TRUE,TRUE,TRUE,"ok","ok","",""
"BaxterE_2016","Baxter 2016",38,"fourfold","Coprococcus",0.86,0.86,0.86,86,86,9552,TRUE,TRUE,TRUE,FALSE,TRUE,TRUE,TRUE,"ok","ok","",""
"BaxterE_2016","Baxter 2016",38,"fourfold","Dorea",0.945,0.93,0.96,93,96,14139,TRUE,TRUE,TRUE,FALSE,TRUE,TRUE,TRUE,"ok","ok","",""
"BaxterE_2016","Baxter 2016",38,"fourfold","Escherichia/Shigella",0.71,0.64,0.78,64,78,5961,TRUE,TRUE,TRUE,FALSE,TRUE,TRUE,TRUE,"ok","ok","",""
"BaxterE_2016","Baxter 2016",38,"fourfold","Faecalibacterium",0.985,0.97,1,97,100,44629,TRUE,TRUE,TRUE,FALSE,TRUE,TRUE,TRUE,"ok","ok","",""
"BaxterE_2016","Baxter 2016",38,"fourfold","Gemmiger",0.76,0.72,0.8,72,80,9387,TRUE,TRUE,TRUE,FALSE,TRUE,TRUE,TRUE,"ok","ok","",""
"BaxterE_2016","Baxter 2016",38,"fourfold","Lachnospiracea_incertae_sedis",1,1,1,100,100,31258,TRUE,TRUE,FALSE,TRUE,TRUE,TRUE,TRUE,"no_observed_zeros","ok","",""
"BaxterE_2016","Baxter 2016",38,"fourfold","Methanobrevibacter",0.41,0.36,0.46,36,46,5513,TRUE,TRUE,TRUE,FALSE,TRUE,TRUE,TRUE,"ok","ok","",""
"BaxterE_2016","Baxter 2016",38,"fourfold","Oscillibacter",0.885,0.84,0.93,84,93,8704,TRUE,TRUE,TRUE,FALSE,TRUE,TRUE,TRUE,"ok","ok","",""
"BaxterE_2016","Baxter 2016",38,"fourfold","Parabacteroides",0.69,0.66,0.72,66,72,5705,TRUE,TRUE,TRUE,FALSE,TRUE,TRUE,TRUE,"ok","ok","",""
"BaxterE_2016","Baxter 2016",38,"fourfold","Phascolarctobacterium",0.64,0.61,0.67,61,67,8089,TRUE,TRUE,TRUE,FALSE,TRUE,TRUE,TRUE,"ok","ok","",""
"BaxterE_2016","Baxter 2016",38,"fourfold","Prevotella",0.345,0.37,0.32,37,32,14015,TRUE,TRUE,TRUE,FALSE,TRUE,TRUE,TRUE,"ok","ok","",""
"BaxterE_2016","Baxter 2016",38,"fourfold","Roseburia",0.96,0.95,0.97,95,97,33525,TRUE,TRUE,TRUE,FALSE,TRUE,TRUE,TRUE,"ok","ok","",""
"BaxterE_2016","Baxter 2016",38,"fourfold","Ruminococcus",0.86,0.82,0.9,82,90,26056,TRUE,TRUE,TRUE,FALSE,TRUE,TRUE,TRUE,"ok","ok","",""
"BaxterE_2016","Baxter 2016",38,"fourfold","Ruminococcus2",0.965,0.96,0.97,96,97,18658,TRUE,TRUE,TRUE,FALSE,TRUE,TRUE,TRUE,"ok","ok","",""
"BaxterE_2016","Baxter 2016",38,"fourfold","Streptococcus",0.815,0.73,0.9,73,90,7564,TRUE,TRUE,TRUE,FALSE,TRUE,TRUE,TRUE,"ok","ok","",""
"BaxterE_2016","Baxter 2016",38,"fourfold","Unclassified_Clostridiales",0.895,0.86,0.93,86,93,10453,TRUE,TRUE,TRUE,FALSE,TRUE,TRUE,TRUE,"ok","ok","",""
"BaxterE_2016","Baxter 2016",38,"fourfold","Unclassified_Lachnospiraceae",0.995,0.99,1,99,100,34499,TRUE,TRUE,TRUE,FALSE,TRUE,TRUE,TRUE,"ok","ok","",""
"BaxterE_2016","Baxter 2016",38,"fourfold","Unclassified_Ruminococcaceae",0.975,0.98,0.97,98,97,21538,TRUE,TRUE,TRUE,FALSE,TRUE,TRUE,TRUE,"ok","ok","",""
"BaxterE_2016","Baxter 2016",39,"balanced","Akkermansia",0.86,0.82,0.9,82,90,22493,TRUE,TRUE,TRUE,FALSE,TRUE,TRUE,TRUE,"ok","ok","",""
"BaxterE_2016","Baxter 2016",39,"balanced","Alistipes",0.93,0.93,0.93,93,93,25929,TRUE,TRUE,TRUE,FALSE,TRUE,TRUE,TRUE,"ok","ok","",""
"BaxterE_2016","Baxter 2016",39,"balanced","Anaerostipes",0.98,0.98,0.98,98,98,32462,TRUE,TRUE,TRUE,FALSE,TRUE,TRUE,TRUE,"ok","ok","",""
"BaxterE_2016","Baxter 2016",39,"balanced","Bacteroides",1,1,1,100,100,134361,TRUE,TRUE,FALSE,TRUE,TRUE,TRUE,TRUE,"no_observed_zeros","ok","",""
"BaxterE_2016","Baxter 2016",39,"balanced","Bifidobacterium",0.735,0.74,0.73,74,73,9645,TRUE,TRUE,TRUE,FALSE,TRUE,TRUE,TRUE,"ok","ok","",""
"BaxterE_2016","Baxter 2016",39,"balanced","Blautia",1,1,1,100,100,143863,TRUE,TRUE,FALSE,TRUE,TRUE,TRUE,TRUE,"no_observed_zeros","ok","",""
"BaxterE_2016","Baxter 2016",39,"balanced","Clostridium_IV",0.99,0.98,1,98,100,15613,TRUE,TRUE,TRUE,FALSE,TRUE,TRUE,TRUE,"ok","ok","",""
"BaxterE_2016","Baxter 2016",39,"balanced","Clostridium_sensu_stricto",0.735,0.75,0.72,75,72,9548,TRUE,TRUE,TRUE,FALSE,TRUE,TRUE,TRUE,"ok","ok","",""
"BaxterE_2016","Baxter 2016",39,"balanced","Clostridium_XI",0.85,0.84,0.86,84,86,9295,TRUE,TRUE,TRUE,FALSE,TRUE,TRUE,TRUE,"ok","ok","",""
"BaxterE_2016","Baxter 2016",39,"balanced","Clostridium_XlVa",1,1,1,100,100,16770,TRUE,TRUE,FALSE,TRUE,TRUE,TRUE,TRUE,"no_observed_zeros","ok","",""
"BaxterE_2016","Baxter 2016",39,"balanced","Clostridium_XVIII",0.88,0.86,0.9,86,90,5664,TRUE,TRUE,TRUE,FALSE,TRUE,TRUE,TRUE,"ok","ok","",""
"BaxterE_2016","Baxter 2016",39,"balanced","Collinsella",0.6,0.57,0.63,57,63,8017,TRUE,TRUE,TRUE,FALSE,TRUE,TRUE,TRUE,"ok","ok","",""
"BaxterE_2016","Baxter 2016",39,"balanced","Coprococcus",0.86,0.88,0.84,88,84,9416,TRUE,TRUE,TRUE,FALSE,TRUE,TRUE,TRUE,"ok","ok","",""
"BaxterE_2016","Baxter 2016",39,"balanced","Dorea",0.955,0.93,0.98,93,98,14575,TRUE,TRUE,TRUE,FALSE,TRUE,TRUE,TRUE,"ok","ok","",""
"BaxterE_2016","Baxter 2016",39,"balanced","Escherichia/Shigella",0.745,0.77,0.72,77,72,8177,TRUE,TRUE,TRUE,FALSE,TRUE,TRUE,TRUE,"ok","ok","",""
"BaxterE_2016","Baxter 2016",39,"balanced","Faecalibacterium",0.99,0.99,0.99,99,99,52081,TRUE,TRUE,TRUE,FALSE,TRUE,TRUE,TRUE,"ok","ok","",""
"BaxterE_2016","Baxter 2016",39,"balanced","Gemmiger",0.78,0.75,0.81,75,81,9823,TRUE,TRUE,TRUE,FALSE,TRUE,TRUE,TRUE,"ok","ok","",""
"BaxterE_2016","Baxter 2016",39,"balanced","Lachnospiracea_incertae_sedis",1,1,1,100,100,36959,TRUE,TRUE,FALSE,TRUE,TRUE,TRUE,TRUE,"no_observed_zeros","ok","",""
"BaxterE_2016","Baxter 2016",39,"balanced","Methanobrevibacter",0.405,0.43,0.38,43,38,6356,TRUE,TRUE,TRUE,FALSE,TRUE,TRUE,TRUE,"ok","ok","",""
"BaxterE_2016","Baxter 2016",39,"balanced","Oscillibacter",0.9,0.92,0.88,92,88,10340,TRUE,TRUE,TRUE,FALSE,TRUE,TRUE,TRUE,"ok","ok","",""
"BaxterE_2016","Baxter 2016",39,"balanced","Parabacteroides",0.715,0.75,0.68,75,68,5426,TRUE,TRUE,TRUE,FALSE,TRUE,TRUE,TRUE,"ok","ok","",""
"BaxterE_2016","Baxter 2016",39,"balanced","Phascolarctobacterium",0.67,0.71,0.63,71,63,8058,TRUE,TRUE,TRUE,FALSE,TRUE,TRUE,TRUE,"ok","ok","",""
"BaxterE_2016","Baxter 2016",39,"balanced","Prevotella",0.39,0.38,0.4,38,40,14154,TRUE,TRUE,TRUE,FALSE,TRUE,TRUE,TRUE,"ok","ok","",""
"BaxterE_2016","Baxter 2016",39,"balanced","Roseburia",0.985,0.98,0.99,98,99,40378,TRUE,TRUE,TRUE,FALSE,TRUE,TRUE,TRUE,"ok","ok","",""
"BaxterE_2016","Baxter 2016",39,"balanced","Ruminococcus",0.885,0.91,0.86,91,86,26094,TRUE,TRUE,TRUE,FALSE,TRUE,TRUE,TRUE,"ok","ok","",""
"BaxterE_2016","Baxter 2016",39,"balanced","Ruminococcus2",0.985,0.99,0.98,99,98,19754,TRUE,TRUE,TRUE,FALSE,TRUE,TRUE,TRUE,"ok","ok","",""
"BaxterE_2016","Baxter 2016",39,"balanced","Streptococcus",0.87,0.85,0.89,85,89,6979,TRUE,TRUE,TRUE,FALSE,TRUE,TRUE,TRUE,"ok","ok","",""
"BaxterE_2016","Baxter 2016",39,"balanced","Unclassified_Clostridiales",0.94,0.91,0.97,91,97,11065,TRUE,TRUE,TRUE,FALSE,TRUE,TRUE,TRUE,"ok","ok","",""
"BaxterE_2016","Baxter 2016",39,"balanced","Unclassified_Lachnospiraceae",0.995,0.99,1,99,100,40023,TRUE,TRUE,TRUE,FALSE,TRUE,TRUE,TRUE,"ok","ok","",""
"BaxterE_2016","Baxter 2016",39,"balanced","Unclassified_Ruminococcaceae",0.975,0.98,0.97,98,97,25067,TRUE,TRUE,TRUE,FALSE,TRUE,TRUE,TRUE,"ok","ok","",""
"BaxterE_2016","Baxter 2016",39,"fourfold","Akkermansia",0.84,0.77,0.91,77,91,21286,TRUE,TRUE,TRUE,FALSE,TRUE,TRUE,TRUE,"ok","ok","",""
"BaxterE_2016","Baxter 2016",39,"fourfold","Alistipes",0.895,0.89,0.9,89,90,23856,TRUE,TRUE,TRUE,FALSE,TRUE,TRUE,TRUE,"ok","ok","",""
"BaxterE_2016","Baxter 2016",39,"fourfold","Anaerostipes",0.97,0.96,0.98,96,98,25960,TRUE,TRUE,TRUE,FALSE,TRUE,TRUE,TRUE,"ok","ok","",""
"BaxterE_2016","Baxter 2016",39,"fourfold","Bacteroides",1,1,1,100,100,113496,TRUE,TRUE,FALSE,TRUE,TRUE,TRUE,TRUE,"no_observed_zeros","ok","",""
"BaxterE_2016","Baxter 2016",39,"fourfold","Bifidobacterium",0.73,0.71,0.75,71,75,9353,TRUE,TRUE,TRUE,FALSE,TRUE,TRUE,TRUE,"ok","ok","",""
"BaxterE_2016","Baxter 2016",39,"fourfold","Blautia",1,1,1,100,100,115404,TRUE,TRUE,FALSE,TRUE,TRUE,TRUE,TRUE,"no_observed_zeros","ok","",""
"BaxterE_2016","Baxter 2016",39,"fourfold","Clostridium_IV",0.97,0.96,0.98,96,98,14109,TRUE,TRUE,TRUE,FALSE,TRUE,TRUE,TRUE,"ok","ok","",""
"BaxterE_2016","Baxter 2016",39,"fourfold","Clostridium_sensu_stricto",0.665,0.59,0.74,59,74,9436,TRUE,TRUE,TRUE,FALSE,TRUE,TRUE,TRUE,"ok","ok","",""
"BaxterE_2016","Baxter 2016",39,"fourfold","Clostridium_XI",0.825,0.79,0.86,79,86,8867,TRUE,TRUE,TRUE,FALSE,TRUE,TRUE,TRUE,"ok","ok","",""
"BaxterE_2016","Baxter 2016",39,"fourfold","Clostridium_XlVa",0.99,0.98,1,98,100,13820,TRUE,TRUE,TRUE,FALSE,TRUE,TRUE,TRUE,"ok","ok","",""
"BaxterE_2016","Baxter 2016",39,"fourfold","Clostridium_XVIII",0.895,0.85,0.94,85,94,4358,TRUE,TRUE,TRUE,FALSE,TRUE,TRUE,TRUE,"ok","ok","",""
"BaxterE_2016","Baxter 2016",39,"fourfold","Collinsella",0.605,0.58,0.63,58,63,8116,TRUE,TRUE,TRUE,FALSE,TRUE,TRUE,TRUE,"ok","ok","",""
"BaxterE_2016","Baxter 2016",39,"fourfold","Coprococcus",0.855,0.87,0.84,87,84,8865,TRUE,TRUE,TRUE,FALSE,TRUE,TRUE,TRUE,"ok","ok","",""
"BaxterE_2016","Baxter 2016",39,"fourfold","Dorea",0.955,0.93,0.98,93,98,12171,TRUE,TRUE,TRUE,FALSE,TRUE,TRUE,TRUE,"ok","ok","",""
"BaxterE_2016","Baxter 2016",39,"fourfold","Escherichia/Shigella",0.71,0.66,0.76,66,76,7632,TRUE,TRUE,FALSE,TRUE,TRUE,TRUE,TRUE,"structural_absence_boundary_at_zero","ok","",""
"BaxterE_2016","Baxter 2016",39,"fourfold","Faecalibacterium",0.99,0.99,0.99,99,99,44155,TRUE,TRUE,TRUE,FALSE,TRUE,TRUE,TRUE,"ok","ok","",""
"BaxterE_2016","Baxter 2016",39,"fourfold","Gemmiger",0.78,0.74,0.82,74,82,7873,TRUE,TRUE,TRUE,FALSE,TRUE,TRUE,TRUE,"ok","ok","",""
"BaxterE_2016","Baxter 2016",39,"fourfold","Lachnospiracea_incertae_sedis",0.995,0.99,1,99,100,32937,TRUE,TRUE,TRUE,FALSE,TRUE,TRUE,TRUE,"ok","ok","",""
"BaxterE_2016","Baxter 2016",39,"fourfold","Methanobrevibacter",0.415,0.4,0.43,40,43,6459,TRUE,TRUE,TRUE,FALSE,TRUE,TRUE,TRUE,"ok","ok","",""
"BaxterE_2016","Baxter 2016",39,"fourfold","Oscillibacter",0.88,0.8,0.96,80,96,9701,TRUE,TRUE,TRUE,FALSE,TRUE,TRUE,TRUE,"ok","ok","",""
"BaxterE_2016","Baxter 2016",39,"fourfold","Parabacteroides",0.7,0.72,0.68,72,68,4221,TRUE,TRUE,TRUE,FALSE,TRUE,TRUE,TRUE,"ok","ok","",""
"BaxterE_2016","Baxter 2016",39,"fourfold","Phascolarctobacterium",0.64,0.63,0.65,63,65,6112,TRUE,TRUE,TRUE,FALSE,TRUE,TRUE,TRUE,"ok","ok","",""
"BaxterE_2016","Baxter 2016",39,"fourfold","Prevotella",0.36,0.3,0.42,30,42,11307,TRUE,TRUE,TRUE,FALSE,TRUE,TRUE,TRUE,"ok","ok","",""
"BaxterE_2016","Baxter 2016",39,"fourfold","Roseburia",0.98,0.97,0.99,97,99,31447,TRUE,TRUE,TRUE,FALSE,TRUE,TRUE,TRUE,"ok","ok","",""
"BaxterE_2016","Baxter 2016",39,"fourfold","Ruminococcus",0.89,0.88,0.9,88,90,20881,TRUE,TRUE,TRUE,FALSE,TRUE,TRUE,TRUE,"ok","ok","",""
"BaxterE_2016","Baxter 2016",39,"fourfold","Ruminococcus2",0.965,0.95,0.98,95,98,15898,TRUE,TRUE,TRUE,FALSE,TRUE,TRUE,TRUE,"ok","ok","",""
"BaxterE_2016","Baxter 2016",39,"fourfold","Streptococcus",0.86,0.81,0.91,81,91,4803,TRUE,TRUE,FALSE,TRUE,TRUE,TRUE,TRUE,"structural_absence_boundary_at_zero","ok","",""
"BaxterE_2016","Baxter 2016",39,"fourfold","Unclassified_Clostridiales",0.915,0.85,0.98,85,98,9083,TRUE,TRUE,TRUE,FALSE,TRUE,TRUE,TRUE,"ok","ok","",""
"BaxterE_2016","Baxter 2016",39,"fourfold","Unclassified_Lachnospiraceae",1,1,1,100,100,33323,TRUE,TRUE,FALSE,TRUE,TRUE,TRUE,TRUE,"no_observed_zeros","ok","",""
"BaxterE_2016","Baxter 2016",39,"fourfold","Unclassified_Ruminococcaceae",0.975,0.96,0.99,96,99,22326,TRUE,TRUE,TRUE,FALSE,TRUE,TRUE,TRUE,"ok","ok","",""
"BaxterE_2016","Baxter 2016",40,"balanced","Akkermansia",0.855,0.91,0.8,91,80,26798,TRUE,TRUE,TRUE,FALSE,TRUE,TRUE,TRUE,"ok","ok","",""
"BaxterE_2016","Baxter 2016",40,"balanced","Alistipes",0.925,0.94,0.91,94,91,24881,TRUE,TRUE,TRUE,FALSE,TRUE,TRUE,TRUE,"ok","ok","",""
"BaxterE_2016","Baxter 2016",40,"balanced","Anaerostipes",0.98,0.97,0.99,97,99,30077,TRUE,TRUE,TRUE,FALSE,TRUE,TRUE,TRUE,"ok","ok","",""
"BaxterE_2016","Baxter 2016",40,"balanced","Bacteroides",0.995,1,0.99,100,99,124810,TRUE,TRUE,TRUE,FALSE,TRUE,TRUE,TRUE,"ok","ok","",""
"BaxterE_2016","Baxter 2016",40,"balanced","Bifidobacterium",0.745,0.76,0.73,76,73,9094,TRUE,TRUE,TRUE,FALSE,TRUE,TRUE,TRUE,"ok","ok","",""
"BaxterE_2016","Baxter 2016",40,"balanced","Blautia",1,1,1,100,100,131924,TRUE,TRUE,FALSE,TRUE,TRUE,TRUE,TRUE,"no_observed_zeros","ok","",""
"BaxterE_2016","Baxter 2016",40,"balanced","Clostridium_IV",0.995,0.99,1,99,100,15469,TRUE,TRUE,TRUE,FALSE,TRUE,TRUE,TRUE,"ok","ok","",""
"BaxterE_2016","Baxter 2016",40,"balanced","Clostridium_sensu_stricto",0.75,0.72,0.78,72,78,8099,TRUE,TRUE,TRUE,FALSE,TRUE,TRUE,TRUE,"ok","ok","",""
"BaxterE_2016","Baxter 2016",40,"balanced","Clostridium_XI",0.85,0.85,0.85,85,85,9370,TRUE,TRUE,TRUE,FALSE,TRUE,TRUE,TRUE,"ok","ok","",""
"BaxterE_2016","Baxter 2016",40,"balanced","Clostridium_XlVa",1,1,1,100,100,15627,TRUE,TRUE,FALSE,TRUE,TRUE,TRUE,TRUE,"no_observed_zeros","ok","",""
"BaxterE_2016","Baxter 2016",40,"balanced","Clostridium_XVIII",0.905,0.91,0.9,91,90,4592,TRUE,TRUE,TRUE,FALSE,TRUE,TRUE,TRUE,"ok","ok","",""
"BaxterE_2016","Baxter 2016",40,"balanced","Collinsella",0.605,0.6,0.61,60,61,7381,TRUE,TRUE,TRUE,FALSE,TRUE,TRUE,TRUE,"ok","ok","",""
"BaxterE_2016","Baxter 2016",40,"balanced","Coprococcus",0.865,0.89,0.84,89,84,9317,TRUE,TRUE,TRUE,FALSE,TRUE,TRUE,TRUE,"ok","ok","",""
"BaxterE_2016","Baxter 2016",40,"balanced","Dorea",0.95,0.98,0.92,98,92,14452,TRUE,TRUE,TRUE,FALSE,TRUE,TRUE,TRUE,"ok","ok","",""
"BaxterE_2016","Baxter 2016",40,"balanced","Escherichia/Shigella",0.76,0.71,0.81,71,81,6946,TRUE,TRUE,TRUE,FALSE,TRUE,TRUE,TRUE,"ok","ok","",""
"BaxterE_2016","Baxter 2016",40,"balanced","Faecalibacterium",0.985,0.97,1,97,100,46188,TRUE,TRUE,TRUE,FALSE,TRUE,TRUE,TRUE,"ok","ok","",""
"BaxterE_2016","Baxter 2016",40,"balanced","Gemmiger",0.8,0.83,0.77,83,77,8759,TRUE,TRUE,TRUE,FALSE,TRUE,TRUE,TRUE,"ok","ok","",""
"BaxterE_2016","Baxter 2016",40,"balanced","Lachnospiracea_incertae_sedis",1,1,1,100,100,38839,TRUE,TRUE,FALSE,TRUE,TRUE,TRUE,TRUE,"no_observed_zeros","ok","",""
"BaxterE_2016","Baxter 2016",40,"balanced","Methanobrevibacter",0.43,0.44,0.42,44,42,5340,TRUE,TRUE,TRUE,FALSE,TRUE,TRUE,TRUE,"ok","ok","",""
"BaxterE_2016","Baxter 2016",40,"balanced","Oscillibacter",0.92,0.95,0.89,95,89,10744,TRUE,TRUE,TRUE,FALSE,TRUE,TRUE,TRUE,"ok","ok","",""
"BaxterE_2016","Baxter 2016",40,"balanced","Parabacteroides",0.71,0.7,0.72,70,72,6148,TRUE,TRUE,TRUE,FALSE,TRUE,TRUE,TRUE,"ok","ok","",""
"BaxterE_2016","Baxter 2016",40,"balanced","Phascolarctobacterium",0.64,0.61,0.67,61,67,7744,TRUE,TRUE,TRUE,FALSE,TRUE,TRUE,TRUE,"ok","ok","",""
"BaxterE_2016","Baxter 2016",40,"balanced","Prevotella",0.375,0.38,0.37,38,37,12361,TRUE,TRUE,TRUE,FALSE,TRUE,TRUE,TRUE,"ok","ok","",""
"BaxterE_2016","Baxter 2016",40,"balanced","Roseburia",0.985,0.98,0.99,98,99,35860,TRUE,TRUE,TRUE,FALSE,TRUE,TRUE,TRUE,"ok","ok","",""
"BaxterE_2016","Baxter 2016",40,"balanced","Ruminococcus",0.88,0.85,0.91,85,91,24593,TRUE,TRUE,TRUE,FALSE,TRUE,TRUE,TRUE,"ok","ok","",""
"BaxterE_2016","Baxter 2016",40,"balanced","Ruminococcus2",0.98,0.98,0.98,98,98,17065,TRUE,TRUE,TRUE,FALSE,TRUE,TRUE,TRUE,"ok","ok","",""
"BaxterE_2016","Baxter 2016",40,"balanced","Streptococcus",0.865,0.86,0.87,86,87,6180,TRUE,TRUE,TRUE,FALSE,TRUE,TRUE,TRUE,"ok","ok","",""
"BaxterE_2016","Baxter 2016",40,"balanced","Unclassified_Clostridiales",0.92,0.92,0.92,92,92,10693,TRUE,TRUE,TRUE,FALSE,TRUE,TRUE,TRUE,"ok","ok","",""
"BaxterE_2016","Baxter 2016",40,"balanced","Unclassified_Lachnospiraceae",1,1,1,100,100,37578,TRUE,TRUE,FALSE,TRUE,TRUE,TRUE,TRUE,"no_observed_zeros","ok","",""
"BaxterE_2016","Baxter 2016",40,"balanced","Unclassified_Ruminococcaceae",0.985,0.97,1,97,100,24968,TRUE,TRUE,TRUE,FALSE,TRUE,TRUE,TRUE,"ok","ok","",""
"BaxterE_2016","Baxter 2016",40,"fourfold","Akkermansia",0.835,0.78,0.89,78,89,22053,TRUE,TRUE,TRUE,FALSE,TRUE,TRUE,TRUE,"ok","ok","",""
"BaxterE_2016","Baxter 2016",40,"fourfold","Alistipes",0.91,0.91,0.91,91,91,23567,TRUE,TRUE,TRUE,FALSE,TRUE,TRUE,TRUE,"ok","ok","",""
"BaxterE_2016","Baxter 2016",40,"fourfold","Anaerostipes",0.98,0.96,1,96,100,29465,TRUE,TRUE,TRUE,FALSE,TRUE,TRUE,TRUE,"ok","ok","",""
"BaxterE_2016","Baxter 2016",40,"fourfold","Bacteroides",1,1,1,100,100,115743,TRUE,TRUE,FALSE,TRUE,TRUE,TRUE,TRUE,"no_observed_zeros","ok","",""
"BaxterE_2016","Baxter 2016",40,"fourfold","Bifidobacterium",0.73,0.71,0.75,71,75,10618,TRUE,TRUE,TRUE,FALSE,TRUE,TRUE,TRUE,"ok","ok","",""
"BaxterE_2016","Baxter 2016",40,"fourfold","Blautia",1,1,1,100,100,136701,TRUE,TRUE,FALSE,TRUE,TRUE,TRUE,TRUE,"no_observed_zeros","ok","",""
"BaxterE_2016","Baxter 2016",40,"fourfold","Clostridium_IV",0.97,0.94,1,94,100,13042,TRUE,TRUE,TRUE,FALSE,TRUE,TRUE,TRUE,"ok","ok","",""
"BaxterE_2016","Baxter 2016",40,"fourfold","Clostridium_sensu_stricto",0.72,0.67,0.77,67,77,8797,TRUE,TRUE,TRUE,FALSE,TRUE,TRUE,TRUE,"ok","ok","",""
"BaxterE_2016","Baxter 2016",40,"fourfold","Clostridium_XI",0.835,0.8,0.87,80,87,8435,TRUE,TRUE,TRUE,FALSE,TRUE,TRUE,TRUE,"ok","ok","",""
"BaxterE_2016","Baxter 2016",40,"fourfold","Clostridium_XlVa",0.995,0.99,1,99,100,14585,TRUE,TRUE,TRUE,FALSE,TRUE,TRUE,TRUE,"ok","ok","",""
"BaxterE_2016","Baxter 2016",40,"fourfold","Clostridium_XVIII",0.885,0.84,0.93,84,93,5521,TRUE,TRUE,TRUE,FALSE,TRUE,TRUE,TRUE,"ok","ok","",""
"BaxterE_2016","Baxter 2016",40,"fourfold","Collinsella",0.59,0.55,0.63,55,63,9129,TRUE,TRUE,TRUE,FALSE,TRUE,TRUE,TRUE,"ok","ok","",""
"BaxterE_2016","Baxter 2016",40,"fourfold","Coprococcus",0.87,0.88,0.86,88,86,8712,TRUE,TRUE,TRUE,FALSE,TRUE,TRUE,TRUE,"ok","ok","",""
"BaxterE_2016","Baxter 2016",40,"fourfold","Dorea",0.94,0.95,0.93,95,93,14409,TRUE,TRUE,TRUE,FALSE,TRUE,TRUE,TRUE,"ok","ok","",""
"BaxterE_2016","Baxter 2016",40,"fourfold","Escherichia/Shigella",0.75,0.64,0.86,64,86,6884,TRUE,TRUE,TRUE,FALSE,TRUE,TRUE,TRUE,"ok","ok","",""
"BaxterE_2016","Baxter 2016",40,"fourfold","Faecalibacterium",0.995,0.99,1,99,100,47290,TRUE,TRUE,TRUE,FALSE,TRUE,TRUE,TRUE,"ok","ok","",""
"BaxterE_2016","Baxter 2016",40,"fourfold","Gemmiger",0.77,0.78,0.76,78,76,9432,TRUE,TRUE,TRUE,FALSE,TRUE,TRUE,TRUE,"ok","ok","",""
"BaxterE_2016","Baxter 2016",40,"fourfold","Lachnospiracea_incertae_sedis",1,1,1,100,100,33539,TRUE,TRUE,FALSE,TRUE,TRUE,TRUE,TRUE,"no_observed_zeros","ok","",""
"BaxterE_2016","Baxter 2016",40,"fourfold","Methanobrevibacter",0.405,0.35,0.46,35,46,5743,TRUE,TRUE,TRUE,FALSE,TRUE,TRUE,TRUE,"ok","ok","",""
"BaxterE_2016","Baxter 2016",40,"fourfold","Oscillibacter",0.885,0.88,0.89,88,89,9598,TRUE,TRUE,TRUE,FALSE,TRUE,TRUE,TRUE,"ok","ok","",""
"BaxterE_2016","Baxter 2016",40,"fourfold","Parabacteroides",0.715,0.69,0.74,69,74,5294,TRUE,TRUE,TRUE,FALSE,TRUE,TRUE,TRUE,"ok","ok","",""
"BaxterE_2016","Baxter 2016",40,"fourfold","Phascolarctobacterium",0.63,0.58,0.68,58,68,6163,TRUE,TRUE,TRUE,FALSE,TRUE,TRUE,TRUE,"ok","ok","",""
"BaxterE_2016","Baxter 2016",40,"fourfold","Prevotella",0.35,0.33,0.37,33,37,10366,TRUE,TRUE,TRUE,FALSE,TRUE,TRUE,TRUE,"ok","ok","",""
"BaxterE_2016","Baxter 2016",40,"fourfold","Roseburia",0.975,0.97,0.98,97,98,35150,TRUE,TRUE,TRUE,FALSE,TRUE,TRUE,TRUE,"ok","ok","",""
"BaxterE_2016","Baxter 2016",40,"fourfold","Ruminococcus",0.885,0.85,0.92,85,92,23090,TRUE,TRUE,TRUE,FALSE,TRUE,TRUE,TRUE,"ok","ok","",""
"BaxterE_2016","Baxter 2016",40,"fourfold","Ruminococcus2",0.97,0.95,0.99,95,99,17824,TRUE,TRUE,TRUE,FALSE,TRUE,TRUE,TRUE,"ok","ok","",""
"BaxterE_2016","Baxter 2016",40,"fourfold","Streptococcus",0.815,0.73,0.9,73,90,5976,TRUE,TRUE,TRUE,FALSE,TRUE,TRUE,TRUE,"ok","ok","",""
"BaxterE_2016","Baxter 2016",40,"fourfold","Unclassified_Clostridiales",0.905,0.89,0.92,89,92,10359,TRUE,TRUE,TRUE,FALSE,TRUE,TRUE,TRUE,"ok","ok","",""
"BaxterE_2016","Baxter 2016",40,"fourfold","Unclassified_Lachnospiraceae",1,1,1,100,100,34733,TRUE,TRUE,FALSE,TRUE,TRUE,TRUE,TRUE,"no_observed_zeros","ok","",""
"BaxterE_2016","Baxter 2016",40,"fourfold","Unclassified_Ruminococcaceae",0.965,0.94,0.99,94,99,22997,TRUE,TRUE,TRUE,FALSE,TRUE,TRUE,TRUE,"ok","ok","",""
"BaxterE_2016","Baxter 2016",41,"balanced","Akkermansia",0.865,0.83,0.9,83,90,22819,TRUE,TRUE,TRUE,FALSE,TRUE,TRUE,TRUE,"ok","ok","",""
"BaxterE_2016","Baxter 2016",41,"balanced","Alistipes",0.94,0.92,0.96,92,96,25133,TRUE,TRUE,TRUE,FALSE,TRUE,TRUE,TRUE,"ok","ok","",""
"BaxterE_2016","Baxter 2016",41,"balanced","Anaerostipes",0.985,0.98,0.99,98,99,28404,TRUE,TRUE,TRUE,FALSE,TRUE,TRUE,TRUE,"ok","ok","",""
"BaxterE_2016","Baxter 2016",41,"balanced","Bacteroides",1,1,1,100,100,120454,TRUE,TRUE,FALSE,TRUE,TRUE,TRUE,TRUE,"no_observed_zeros","ok","",""
"BaxterE_2016","Baxter 2016",41,"balanced","Bifidobacterium",0.725,0.75,0.7,75,70,8427,TRUE,TRUE,TRUE,FALSE,TRUE,TRUE,TRUE,"ok","ok","",""
"BaxterE_2016","Baxter 2016",41,"balanced","Blautia",1,1,1,100,100,122802,TRUE,TRUE,FALSE,TRUE,TRUE,TRUE,TRUE,"no_observed_zeros","ok","",""
"BaxterE_2016","Baxter 2016",41,"balanced","Clostridium_IV",0.99,0.98,1,98,100,15125,TRUE,TRUE,TRUE,FALSE,TRUE,TRUE,TRUE,"ok","ok","",""
"BaxterE_2016","Baxter 2016",41,"balanced","Clostridium_sensu_stricto",0.735,0.71,0.76,71,76,9266,TRUE,TRUE,TRUE,FALSE,TRUE,TRUE,TRUE,"ok","ok","",""
"BaxterE_2016","Baxter 2016",41,"balanced","Clostridium_XI",0.84,0.87,0.81,87,81,9589,TRUE,TRUE,TRUE,FALSE,TRUE,TRUE,TRUE,"ok","ok","",""
"BaxterE_2016","Baxter 2016",41,"balanced","Clostridium_XlVa",1,1,1,100,100,15032,TRUE,TRUE,FALSE,TRUE,TRUE,TRUE,TRUE,"no_observed_zeros","ok","",""
"BaxterE_2016","Baxter 2016",41,"balanced","Clostridium_XVIII",0.905,0.88,0.93,88,93,4842,TRUE,TRUE,TRUE,FALSE,TRUE,TRUE,TRUE,"ok","ok","",""
"BaxterE_2016","Baxter 2016",41,"balanced","Collinsella",0.615,0.64,0.59,64,59,8264,TRUE,TRUE,TRUE,FALSE,TRUE,TRUE,TRUE,"ok","ok","",""
"BaxterE_2016","Baxter 2016",41,"balanced","Coprococcus",0.865,0.84,0.89,84,89,9724,TRUE,TRUE,TRUE,FALSE,TRUE,TRUE,TRUE,"ok","ok","",""
"BaxterE_2016","Baxter 2016",41,"balanced","Dorea",0.945,0.94,0.95,94,95,13841,TRUE,TRUE,TRUE,FALSE,TRUE,TRUE,TRUE,"ok","ok","",""
"BaxterE_2016","Baxter 2016",41,"balanced","Escherichia/Shigella",0.75,0.74,0.76,74,76,6365,TRUE,TRUE,TRUE,FALSE,TRUE,TRUE,TRUE,"ok","ok","",""
"BaxterE_2016","Baxter 2016",41,"balanced","Faecalibacterium",0.985,0.98,0.99,98,99,45845,TRUE,TRUE,TRUE,FALSE,TRUE,TRUE,TRUE,"ok","ok","",""
"BaxterE_2016","Baxter 2016",41,"balanced","Gemmiger",0.77,0.72,0.82,72,82,8931,TRUE,TRUE,TRUE,FALSE,TRUE,TRUE,TRUE,"ok","ok","",""
"BaxterE_2016","Baxter 2016",41,"balanced","Lachnospiracea_incertae_sedis",1,1,1,100,100,34226,TRUE,TRUE,FALSE,TRUE,TRUE,TRUE,TRUE,"no_observed_zeros","ok","",""
"BaxterE_2016","Baxter 2016",41,"balanced","Methanobrevibacter",0.41,0.41,0.41,41,41,6411,TRUE,TRUE,TRUE,FALSE,TRUE,TRUE,TRUE,"ok","ok","",""
"BaxterE_2016","Baxter 2016",41,"balanced","Oscillibacter",0.915,0.92,0.91,92,91,10929,TRUE,TRUE,TRUE,FALSE,TRUE,TRUE,TRUE,"ok","ok","",""
"BaxterE_2016","Baxter 2016",41,"balanced","Parabacteroides",0.715,0.76,0.67,76,67,5524,TRUE,TRUE,TRUE,FALSE,TRUE,TRUE,TRUE,"ok","ok","",""
"BaxterE_2016","Baxter 2016",41,"balanced","Phascolarctobacterium",0.675,0.69,0.66,69,66,7111,TRUE,TRUE,TRUE,FALSE,TRUE,TRUE,TRUE,"ok","ok","",""
"BaxterE_2016","Baxter 2016",41,"balanced","Prevotella",0.375,0.38,0.37,38,37,15437,TRUE,TRUE,TRUE,FALSE,TRUE,TRUE,TRUE,"ok","ok","",""
"BaxterE_2016","Baxter 2016",41,"balanced","Roseburia",0.97,0.96,0.98,96,98,33672,TRUE,TRUE,TRUE,FALSE,TRUE,TRUE,TRUE,"ok","ok","",""
"BaxterE_2016","Baxter 2016",41,"balanced","Ruminococcus",0.895,0.89,0.9,89,90,25778,TRUE,TRUE,TRUE,FALSE,TRUE,TRUE,TRUE,"ok","ok","",""
"BaxterE_2016","Baxter 2016",41,"balanced","Ruminococcus2",0.97,0.95,0.99,95,99,17509,TRUE,TRUE,TRUE,FALSE,TRUE,TRUE,TRUE,"ok","ok","",""
"BaxterE_2016","Baxter 2016",41,"balanced","Streptococcus",0.825,0.84,0.81,84,81,6070,TRUE,TRUE,TRUE,FALSE,TRUE,TRUE,TRUE,"ok","ok","",""
"BaxterE_2016","Baxter 2016",41,"balanced","Unclassified_Clostridiales",0.92,0.9,0.94,90,94,11502,TRUE,TRUE,TRUE,FALSE,TRUE,TRUE,TRUE,"ok","ok","",""
"BaxterE_2016","Baxter 2016",41,"balanced","Unclassified_Lachnospiraceae",1,1,1,100,100,37366,TRUE,TRUE,FALSE,TRUE,TRUE,TRUE,TRUE,"no_observed_zeros","ok","",""
"BaxterE_2016","Baxter 2016",41,"balanced","Unclassified_Ruminococcaceae",0.97,0.97,0.97,97,97,24605,TRUE,TRUE,TRUE,FALSE,TRUE,TRUE,TRUE,"ok","ok","",""
"BaxterE_2016","Baxter 2016",41,"fourfold","Akkermansia",0.845,0.79,0.9,79,90,19249,TRUE,TRUE,TRUE,FALSE,TRUE,TRUE,TRUE,"ok","ok","",""
"BaxterE_2016","Baxter 2016",41,"fourfold","Alistipes",0.905,0.88,0.93,88,93,25996,TRUE,TRUE,TRUE,FALSE,TRUE,TRUE,TRUE,"ok","ok","",""
"BaxterE_2016","Baxter 2016",41,"fourfold","Anaerostipes",0.98,0.97,0.99,97,99,29843,TRUE,TRUE,TRUE,FALSE,TRUE,TRUE,TRUE,"ok","ok","",""
"BaxterE_2016","Baxter 2016",41,"fourfold","Bacteroides",0.995,0.99,1,99,100,123905,TRUE,TRUE,TRUE,FALSE,TRUE,TRUE,TRUE,"ok","ok","",""
"BaxterE_2016","Baxter 2016",41,"fourfold","Bifidobacterium",0.7,0.71,0.69,71,69,9061,TRUE,TRUE,TRUE,FALSE,TRUE,TRUE,TRUE,"ok","ok","",""
"BaxterE_2016","Baxter 2016",41,"fourfold","Blautia",1,1,1,100,100,119580,TRUE,TRUE,FALSE,TRUE,TRUE,TRUE,TRUE,"no_observed_zeros","ok","",""
"BaxterE_2016","Baxter 2016",41,"fourfold","Clostridium_IV",0.985,0.97,1,97,100,15264,TRUE,TRUE,FALSE,TRUE,TRUE,TRUE,TRUE,"structural_absence_boundary_at_zero","ok","",""
"BaxterE_2016","Baxter 2016",41,"fourfold","Clostridium_sensu_stricto",0.725,0.64,0.81,64,81,7672,TRUE,TRUE,TRUE,FALSE,TRUE,TRUE,TRUE,"ok","ok","",""
"BaxterE_2016","Baxter 2016",41,"fourfold","Clostridium_XI",0.81,0.77,0.85,77,85,8024,TRUE,TRUE,TRUE,FALSE,TRUE,TRUE,TRUE,"ok","ok","",""
"BaxterE_2016","Baxter 2016",41,"fourfold","Clostridium_XlVa",1,1,1,100,100,14517,TRUE,TRUE,FALSE,TRUE,TRUE,TRUE,TRUE,"no_observed_zeros","ok","",""
"BaxterE_2016","Baxter 2016",41,"fourfold","Clostridium_XVIII",0.855,0.77,0.94,77,94,4091,TRUE,TRUE,TRUE,FALSE,TRUE,TRUE,TRUE,"ok","ok","",""
"BaxterE_2016","Baxter 2016",41,"fourfold","Collinsella",0.585,0.54,0.63,54,63,8889,TRUE,TRUE,TRUE,FALSE,TRUE,TRUE,TRUE,"ok","ok","",""
"BaxterE_2016","Baxter 2016",41,"fourfold","Coprococcus",0.855,0.79,0.92,79,92,8895,TRUE,TRUE,TRUE,FALSE,TRUE,TRUE,TRUE,"ok","ok","",""
"BaxterE_2016","Baxter 2016",41,"fourfold","Dorea",0.97,0.96,0.98,96,98,12410,TRUE,TRUE,TRUE,FALSE,TRUE,TRUE,TRUE,"ok","ok","",""
"BaxterE_2016","Baxter 2016",41,"fourfold","Escherichia/Shigella",0.715,0.61,0.82,61,82,6442,TRUE,TRUE,TRUE,FALSE,TRUE,TRUE,TRUE,"ok","ok","",""
"BaxterE_2016","Baxter 2016",41,"fourfold","Faecalibacterium",0.975,0.97,0.98,97,98,45210,TRUE,TRUE,TRUE,FALSE,TRUE,TRUE,TRUE,"ok","ok","",""
"BaxterE_2016","Baxter 2016",41,"fourfold","Gemmiger",0.76,0.68,0.84,68,84,9661,TRUE,TRUE,TRUE,FALSE,TRUE,TRUE,TRUE,"ok","ok","",""
"BaxterE_2016","Baxter 2016",41,"fourfold","Lachnospiracea_incertae_sedis",1,1,1,100,100,30045,TRUE,TRUE,FALSE,TRUE,TRUE,TRUE,TRUE,"no_observed_zeros","ok","",""
"BaxterE_2016","Baxter 2016",41,"fourfold","Methanobrevibacter",0.395,0.33,0.46,33,46,6202,TRUE,TRUE,TRUE,FALSE,TRUE,TRUE,TRUE,"ok","ok","",""
"BaxterE_2016","Baxter 2016",41,"fourfold","Oscillibacter",0.865,0.81,0.92,81,92,10296,TRUE,TRUE,TRUE,FALSE,TRUE,TRUE,TRUE,"ok","ok","",""
"BaxterE_2016","Baxter 2016",41,"fourfold","Parabacteroides",0.69,0.67,0.71,67,71,5475,TRUE,TRUE,TRUE,FALSE,TRUE,TRUE,TRUE,"ok","ok","",""
"BaxterE_2016","Baxter 2016",41,"fourfold","Phascolarctobacterium",0.655,0.59,0.72,59,72,7789,TRUE,TRUE,TRUE,FALSE,TRUE,TRUE,TRUE,"ok","ok","",""
"BaxterE_2016","Baxter 2016",41,"fourfold","Prevotella",0.35,0.31,0.39,31,39,13731,TRUE,TRUE,TRUE,FALSE,TRUE,TRUE,TRUE,"ok","ok","",""
"BaxterE_2016","Baxter 2016",41,"fourfold","Roseburia",0.985,0.97,1,97,100,34455,TRUE,TRUE,TRUE,FALSE,TRUE,TRUE,TRUE,"ok","ok","",""
"BaxterE_2016","Baxter 2016",41,"fourfold","Ruminococcus",0.86,0.8,0.92,80,92,26116,TRUE,TRUE,TRUE,FALSE,TRUE,TRUE,TRUE,"ok","ok","",""
"BaxterE_2016","Baxter 2016",41,"fourfold","Ruminococcus2",0.965,0.95,0.98,95,98,17322,TRUE,TRUE,TRUE,FALSE,TRUE,TRUE,TRUE,"ok","ok","",""
"BaxterE_2016","Baxter 2016",41,"fourfold","Streptococcus",0.835,0.78,0.89,78,89,5292,TRUE,TRUE,TRUE,FALSE,TRUE,TRUE,TRUE,"ok","ok","",""
"BaxterE_2016","Baxter 2016",41,"fourfold","Unclassified_Clostridiales",0.905,0.85,0.96,85,96,11795,TRUE,TRUE,TRUE,FALSE,TRUE,TRUE,TRUE,"ok","ok","",""
"BaxterE_2016","Baxter 2016",41,"fourfold","Unclassified_Lachnospiraceae",0.995,0.99,1,99,100,35323,TRUE,TRUE,TRUE,FALSE,TRUE,TRUE,TRUE,"ok","ok","",""
"BaxterE_2016","Baxter 2016",41,"fourfold","Unclassified_Ruminococcaceae",0.97,0.96,0.98,96,98,23705,TRUE,TRUE,TRUE,FALSE,TRUE,TRUE,TRUE,"ok","ok","",""
"BaxterE_2016","Baxter 2016",42,"balanced","Akkermansia",0.855,0.82,0.89,82,89,25141,TRUE,TRUE,TRUE,FALSE,TRUE,TRUE,TRUE,"ok","ok","",""
"BaxterE_2016","Baxter 2016",42,"balanced","Alistipes",0.915,0.92,0.91,92,91,25732,TRUE,TRUE,TRUE,FALSE,TRUE,TRUE,TRUE,"ok","ok","",""
"BaxterE_2016","Baxter 2016",42,"balanced","Anaerostipes",0.98,0.98,0.98,98,98,31225,TRUE,TRUE,TRUE,FALSE,TRUE,TRUE,TRUE,"ok","ok","",""
"BaxterE_2016","Baxter 2016",42,"balanced","Bacteroides",1,1,1,100,100,116321,TRUE,TRUE,FALSE,TRUE,TRUE,TRUE,TRUE,"no_observed_zeros","ok","",""
"BaxterE_2016","Baxter 2016",42,"balanced","Bifidobacterium",0.735,0.76,0.71,76,71,9434,TRUE,TRUE,TRUE,FALSE,TRUE,TRUE,TRUE,"ok","ok","",""
"BaxterE_2016","Baxter 2016",42,"balanced","Blautia",1,1,1,100,100,132953,TRUE,TRUE,FALSE,TRUE,TRUE,TRUE,TRUE,"no_observed_zeros","ok","",""
"BaxterE_2016","Baxter 2016",42,"balanced","Clostridium_IV",0.995,1,0.99,100,99,15637,TRUE,TRUE,FALSE,TRUE,TRUE,TRUE,TRUE,"structural_absence_boundary_at_zero","ok","",""
"BaxterE_2016","Baxter 2016",42,"balanced","Clostridium_sensu_stricto",0.72,0.77,0.67,77,67,9590,TRUE,TRUE,TRUE,FALSE,TRUE,TRUE,TRUE,"ok","ok","",""
"BaxterE_2016","Baxter 2016",42,"balanced","Clostridium_XI",0.85,0.87,0.83,87,83,9211,TRUE,TRUE,TRUE,FALSE,TRUE,TRUE,TRUE,"ok","ok","",""
"BaxterE_2016","Baxter 2016",42,"balanced","Clostridium_XlVa",1,1,1,100,100,15797,TRUE,TRUE,FALSE,TRUE,TRUE,TRUE,TRUE,"no_observed_zeros","ok","",""
"BaxterE_2016","Baxter 2016",42,"balanced","Clostridium_XVIII",0.91,0.92,0.9,92,90,5002,TRUE,TRUE,TRUE,FALSE,TRUE,TRUE,TRUE,"ok","ok","",""
"BaxterE_2016","Baxter 2016",42,"balanced","Collinsella",0.605,0.6,0.61,60,61,8581,TRUE,TRUE,TRUE,FALSE,TRUE,TRUE,TRUE,"ok","ok","",""
"BaxterE_2016","Baxter 2016",42,"balanced","Coprococcus",0.88,0.87,0.89,87,89,9053,TRUE,TRUE,TRUE,FALSE,TRUE,TRUE,TRUE,"ok","ok","",""
"BaxterE_2016","Baxter 2016",42,"balanced","Dorea",0.965,0.96,0.97,96,97,13452,TRUE,TRUE,TRUE,FALSE,TRUE,TRUE,TRUE,"ok","ok","",""
"BaxterE_2016","Baxter 2016",42,"balanced","Escherichia/Shigella",0.775,0.79,0.76,79,76,7786,TRUE,TRUE,FALSE,TRUE,TRUE,TRUE,TRUE,"structural_absence_boundary_at_zero","ok","",""
"BaxterE_2016","Baxter 2016",42,"balanced","Faecalibacterium",0.99,1,0.98,100,98,44967,TRUE,TRUE,TRUE,FALSE,TRUE,TRUE,TRUE,"ok","ok","",""
"BaxterE_2016","Baxter 2016",42,"balanced","Gemmiger",0.775,0.75,0.8,75,80,9115,TRUE,TRUE,TRUE,FALSE,TRUE,TRUE,TRUE,"ok","ok","",""
"BaxterE_2016","Baxter 2016",42,"balanced","Lachnospiracea_incertae_sedis",1,1,1,100,100,33011,TRUE,TRUE,FALSE,TRUE,TRUE,TRUE,TRUE,"no_observed_zeros","ok","",""
"BaxterE_2016","Baxter 2016",42,"balanced","Methanobrevibacter",0.41,0.41,0.41,41,41,6875,TRUE,TRUE,TRUE,FALSE,TRUE,TRUE,TRUE,"ok","ok","",""
"BaxterE_2016","Baxter 2016",42,"balanced","Oscillibacter",0.905,0.89,0.92,89,92,10568,TRUE,TRUE,TRUE,FALSE,TRUE,TRUE,TRUE,"ok","ok","",""
"BaxterE_2016","Baxter 2016",42,"balanced","Parabacteroides",0.745,0.8,0.69,80,69,5082,TRUE,TRUE,TRUE,FALSE,TRUE,TRUE,TRUE,"ok","ok","",""
"BaxterE_2016","Baxter 2016",42,"balanced","Phascolarctobacterium",0.66,0.66,0.66,66,66,7731,TRUE,TRUE,TRUE,FALSE,TRUE,TRUE,TRUE,"ok","ok","",""
"BaxterE_2016","Baxter 2016",42,"balanced","Prevotella",0.37,0.34,0.4,34,40,12193,TRUE,TRUE,TRUE,FALSE,TRUE,TRUE,TRUE,"ok","ok","",""
"BaxterE_2016","Baxter 2016",42,"balanced","Roseburia",0.985,0.97,1,97,100,32679,TRUE,TRUE,TRUE,FALSE,TRUE,TRUE,TRUE,"ok","ok","",""
"BaxterE_2016","Baxter 2016",42,"balanced","Ruminococcus",0.91,0.94,0.88,94,88,24168,TRUE,TRUE,TRUE,FALSE,TRUE,TRUE,TRUE,"ok","ok","",""
"BaxterE_2016","Baxter 2016",42,"balanced","Ruminococcus2",0.98,0.98,0.98,98,98,17668,TRUE,TRUE,TRUE,FALSE,TRUE,TRUE,TRUE,"ok","ok","",""
"BaxterE_2016","Baxter 2016",42,"balanced","Streptococcus",0.87,0.89,0.85,89,85,5852,TRUE,TRUE,TRUE,FALSE,TRUE,TRUE,TRUE,"ok","ok","",""
"BaxterE_2016","Baxter 2016",42,"balanced","Unclassified_Clostridiales",0.915,0.91,0.92,91,92,10965,TRUE,TRUE,TRUE,FALSE,TRUE,TRUE,TRUE,"ok","ok","",""
"BaxterE_2016","Baxter 2016",42,"balanced","Unclassified_Lachnospiraceae",1,1,1,100,100,37082,TRUE,TRUE,FALSE,TRUE,TRUE,TRUE,TRUE,"no_observed_zeros","ok","",""
"BaxterE_2016","Baxter 2016",42,"balanced","Unclassified_Ruminococcaceae",0.97,0.99,0.95,99,95,23872,TRUE,TRUE,TRUE,FALSE,TRUE,TRUE,TRUE,"ok","ok","",""
"BaxterE_2016","Baxter 2016",42,"fourfold","Akkermansia",0.82,0.75,0.89,75,89,20755,TRUE,TRUE,TRUE,FALSE,TRUE,TRUE,TRUE,"ok","ok","",""
"BaxterE_2016","Baxter 2016",42,"fourfold","Alistipes",0.92,0.91,0.93,91,93,25105,TRUE,TRUE,TRUE,FALSE,TRUE,TRUE,TRUE,"ok","ok","",""
"BaxterE_2016","Baxter 2016",42,"fourfold","Anaerostipes",0.98,0.98,0.98,98,98,28891,TRUE,TRUE,TRUE,FALSE,TRUE,TRUE,TRUE,"ok","ok","",""
"BaxterE_2016","Baxter 2016",42,"fourfold","Bacteroides",0.995,0.99,1,99,100,118648,TRUE,TRUE,TRUE,FALSE,TRUE,TRUE,TRUE,"ok","ok","",""
"BaxterE_2016","Baxter 2016",42,"fourfold","Bifidobacterium",0.71,0.66,0.76,66,76,9034,TRUE,TRUE,TRUE,FALSE,TRUE,TRUE,TRUE,"ok","ok","",""
"BaxterE_2016","Baxter 2016",42,"fourfold","Blautia",1,1,1,100,100,120222,TRUE,TRUE,FALSE,TRUE,TRUE,TRUE,TRUE,"no_observed_zeros","ok","",""
"BaxterE_2016","Baxter 2016",42,"fourfold","Clostridium_IV",0.985,0.98,0.99,98,99,13625,TRUE,TRUE,FALSE,TRUE,TRUE,TRUE,TRUE,"structural_absence_boundary_at_zero","ok","",""
"BaxterE_2016","Baxter 2016",42,"fourfold","Clostridium_sensu_stricto",0.7,0.66,0.74,66,74,8091,TRUE,TRUE,TRUE,FALSE,TRUE,TRUE,TRUE,"ok","ok","",""
"BaxterE_2016","Baxter 2016",42,"fourfold","Clostridium_XI",0.815,0.81,0.82,81,82,7081,TRUE,TRUE,TRUE,FALSE,TRUE,TRUE,TRUE,"ok","ok","",""
"BaxterE_2016","Baxter 2016",42,"fourfold","Clostridium_XlVa",0.995,0.99,1,99,100,14722,TRUE,TRUE,FALSE,TRUE,TRUE,TRUE,TRUE,"structural_absence_boundary_at_zero","ok","",""
"BaxterE_2016","Baxter 2016",42,"fourfold","Clostridium_XVIII",0.88,0.83,0.93,83,93,4522,TRUE,TRUE,TRUE,FALSE,TRUE,TRUE,TRUE,"ok","ok","",""
"BaxterE_2016","Baxter 2016",42,"fourfold","Collinsella",0.595,0.55,0.64,55,64,7354,TRUE,TRUE,TRUE,FALSE,TRUE,TRUE,TRUE,"ok","ok","",""
"BaxterE_2016","Baxter 2016",42,"fourfold","Coprococcus",0.85,0.83,0.87,83,87,8616,TRUE,TRUE,TRUE,FALSE,TRUE,TRUE,TRUE,"ok","ok","",""
"BaxterE_2016","Baxter 2016",42,"fourfold","Dorea",0.97,0.95,0.99,95,99,13029,TRUE,TRUE,TRUE,FALSE,TRUE,TRUE,TRUE,"ok","ok","",""
"BaxterE_2016","Baxter 2016",42,"fourfold","Escherichia/Shigella",0.7,0.61,0.79,61,79,7704,TRUE,TRUE,TRUE,FALSE,TRUE,TRUE,TRUE,"ok","ok","",""
"BaxterE_2016","Baxter 2016",42,"fourfold","Faecalibacterium",0.98,0.98,0.98,98,98,43530,TRUE,TRUE,TRUE,FALSE,TRUE,TRUE,TRUE,"ok","ok","",""
"BaxterE_2016","Baxter 2016",42,"fourfold","Gemmiger",0.795,0.75,0.84,75,84,9064,TRUE,TRUE,TRUE,FALSE,TRUE,TRUE,TRUE,"ok","ok","",""
"BaxterE_2016","Baxter 2016",42,"fourfold","Lachnospiracea_incertae_sedis",0.995,0.99,1,99,100,30894,TRUE,TRUE,TRUE,FALSE,TRUE,TRUE,TRUE,"ok","ok","",""
"BaxterE_2016","Baxter 2016",42,"fourfold","Methanobrevibacter",0.435,0.39,0.48,39,48,6010,TRUE,TRUE,TRUE,FALSE,TRUE,TRUE,TRUE,"ok","ok","",""
"BaxterE_2016","Baxter 2016",42,"fourfold","Oscillibacter",0.885,0.84,0.93,84,93,9346,TRUE,TRUE,TRUE,FALSE,TRUE,TRUE,TRUE,"ok","ok","",""
"BaxterE_2016","Baxter 2016",42,"fourfold","Parabacteroides",0.7,0.72,0.68,72,68,4421,TRUE,TRUE,TRUE,FALSE,TRUE,TRUE,TRUE,"ok","ok","",""
"BaxterE_2016","Baxter 2016",42,"fourfold","Phascolarctobacterium",0.65,0.66,0.64,66,64,8342,TRUE,TRUE,TRUE,FALSE,TRUE,TRUE,TRUE,"ok","ok","",""
"BaxterE_2016","Baxter 2016",42,"fourfold","Prevotella",0.36,0.3,0.42,30,42,13923,TRUE,TRUE,TRUE,FALSE,TRUE,TRUE,TRUE,"ok","ok","",""
"BaxterE_2016","Baxter 2016",42,"fourfold","Roseburia",0.98,0.97,0.99,97,99,33743,TRUE,TRUE,TRUE,FALSE,TRUE,TRUE,TRUE,"ok","ok","",""
"BaxterE_2016","Baxter 2016",42,"fourfold","Ruminococcus",0.875,0.86,0.89,86,89,23116,TRUE,TRUE,TRUE,FALSE,TRUE,TRUE,TRUE,"ok","ok","",""
"BaxterE_2016","Baxter 2016",42,"fourfold","Ruminococcus2",0.965,0.94,0.99,94,99,16819,TRUE,TRUE,TRUE,FALSE,TRUE,TRUE,TRUE,"ok","ok","",""
"BaxterE_2016","Baxter 2016",42,"fourfold","Streptococcus",0.835,0.8,0.87,80,87,5603,TRUE,TRUE,TRUE,FALSE,TRUE,TRUE,TRUE,"ok","ok","",""
"BaxterE_2016","Baxter 2016",42,"fourfold","Unclassified_Clostridiales",0.905,0.86,0.95,86,95,10154,TRUE,TRUE,TRUE,FALSE,TRUE,TRUE,TRUE,"ok","ok","",""
"BaxterE_2016","Baxter 2016",42,"fourfold","Unclassified_Lachnospiraceae",1,1,1,100,100,35921,TRUE,TRUE,FALSE,TRUE,TRUE,TRUE,TRUE,"no_observed_zeros","ok","",""
"BaxterE_2016","Baxter 2016",42,"fourfold","Unclassified_Ruminococcaceae",0.975,0.97,0.98,97,98,24096,TRUE,TRUE,TRUE,FALSE,TRUE,TRUE,TRUE,"ok","ok","",""
"BaxterE_2016","Baxter 2016",43,"balanced","Akkermansia",0.85,0.88,0.82,88,82,24296,TRUE,TRUE,TRUE,FALSE,TRUE,TRUE,TRUE,"ok","ok","",""
"BaxterE_2016","Baxter 2016",43,"balanced","Alistipes",0.925,0.91,0.94,91,94,28627,TRUE,TRUE,TRUE,FALSE,TRUE,TRUE,TRUE,"ok","ok","",""
"BaxterE_2016","Baxter 2016",43,"balanced","Anaerostipes",0.985,0.99,0.98,99,98,29769,TRUE,TRUE,TRUE,FALSE,TRUE,TRUE,TRUE,"ok","ok","",""
"BaxterE_2016","Baxter 2016",43,"balanced","Bacteroides",1,1,1,100,100,129921,TRUE,TRUE,FALSE,TRUE,TRUE,TRUE,TRUE,"no_observed_zeros","ok","",""
"BaxterE_2016","Baxter 2016",43,"balanced","Bifidobacterium",0.75,0.73,0.77,73,77,8339,TRUE,TRUE,TRUE,FALSE,TRUE,TRUE,TRUE,"ok","ok","",""
"BaxterE_2016","Baxter 2016",43,"balanced","Blautia",1,1,1,100,100,132294,TRUE,TRUE,FALSE,TRUE,TRUE,TRUE,TRUE,"no_observed_zeros","ok","",""
"BaxterE_2016","Baxter 2016",43,"balanced","Clostridium_IV",0.99,0.98,1,98,100,17208,TRUE,TRUE,TRUE,FALSE,TRUE,TRUE,TRUE,"ok","ok","",""
"BaxterE_2016","Baxter 2016",43,"balanced","Clostridium_sensu_stricto",0.74,0.76,0.72,76,72,9006,TRUE,TRUE,TRUE,FALSE,TRUE,TRUE,TRUE,"ok","ok","",""
"BaxterE_2016","Baxter 2016",43,"balanced","Clostridium_XI",0.87,0.87,0.87,87,87,8506,TRUE,TRUE,TRUE,FALSE,TRUE,TRUE,TRUE,"ok","ok","",""
"BaxterE_2016","Baxter 2016",43,"balanced","Clostridium_XlVa",1,1,1,100,100,16465,TRUE,TRUE,FALSE,TRUE,TRUE,TRUE,TRUE,"no_observed_zeros","ok","",""
"BaxterE_2016","Baxter 2016",43,"balanced","Clostridium_XVIII",0.905,0.91,0.9,91,90,4751,TRUE,TRUE,TRUE,FALSE,TRUE,TRUE,TRUE,"ok","ok","",""
"BaxterE_2016","Baxter 2016",43,"balanced","Collinsella",0.64,0.64,0.64,64,64,7663,TRUE,TRUE,TRUE,FALSE,TRUE,TRUE,TRUE,"ok","ok","",""
"BaxterE_2016","Baxter 2016",43,"balanced","Coprococcus",0.87,0.86,0.88,86,88,9145,TRUE,TRUE,TRUE,FALSE,TRUE,TRUE,TRUE,"ok","ok","",""
"BaxterE_2016","Baxter 2016",43,"balanced","Dorea",0.97,0.99,0.95,99,95,14028,TRUE,TRUE,TRUE,FALSE,TRUE,TRUE,TRUE,"ok","ok","",""
"BaxterE_2016","Baxter 2016",43,"balanced","Escherichia/Shigella",0.76,0.78,0.74,78,74,7125,TRUE,TRUE,TRUE,FALSE,TRUE,TRUE,TRUE,"ok","ok","",""
"BaxterE_2016","Baxter 2016",43,"balanced","Faecalibacterium",0.99,0.99,0.99,99,99,47253,TRUE,TRUE,TRUE,FALSE,TRUE,TRUE,TRUE,"ok","ok","",""
"BaxterE_2016","Baxter 2016",43,"balanced","Gemmiger",0.785,0.78,0.79,78,79,9752,TRUE,TRUE,TRUE,FALSE,TRUE,TRUE,TRUE,"ok","ok","",""
"BaxterE_2016","Baxter 2016",43,"balanced","Lachnospiracea_incertae_sedis",1,1,1,100,100,34404,TRUE,TRUE,FALSE,TRUE,TRUE,TRUE,TRUE,"no_observed_zeros","ok","",""
"BaxterE_2016","Baxter 2016",43,"balanced","Methanobrevibacter",0.405,0.41,0.4,41,40,6425,TRUE,TRUE,TRUE,FALSE,TRUE,TRUE,TRUE,"ok","ok","",""
"BaxterE_2016","Baxter 2016",43,"balanced","Oscillibacter",0.925,0.95,0.9,95,90,10999,TRUE,TRUE,TRUE,FALSE,TRUE,TRUE,TRUE,"ok","ok","",""
"BaxterE_2016","Baxter 2016",43,"balanced","Parabacteroides",0.71,0.75,0.67,75,67,6445,TRUE,TRUE,TRUE,FALSE,TRUE,TRUE,TRUE,"ok","ok","",""
"BaxterE_2016","Baxter 2016",43,"balanced","Phascolarctobacterium",0.655,0.63,0.68,63,68,7498,TRUE,TRUE,TRUE,FALSE,TRUE,TRUE,TRUE,"ok","ok","",""
"BaxterE_2016","Baxter 2016",43,"balanced","Prevotella",0.39,0.37,0.41,37,41,14777,TRUE,TRUE,TRUE,FALSE,TRUE,TRUE,TRUE,"ok","ok","",""
"BaxterE_2016","Baxter 2016",43,"balanced","Roseburia",0.985,0.99,0.98,99,98,35524,TRUE,TRUE,TRUE,FALSE,TRUE,TRUE,TRUE,"ok","ok","",""
"BaxterE_2016","Baxter 2016",43,"balanced","Ruminococcus",0.88,0.87,0.89,87,89,26683,TRUE,TRUE,TRUE,FALSE,TRUE,TRUE,TRUE,"ok","ok","",""
"BaxterE_2016","Baxter 2016",43,"balanced","Ruminococcus2",0.98,0.97,0.99,97,99,19023,TRUE,TRUE,TRUE,FALSE,TRUE,TRUE,TRUE,"ok","ok","",""
"BaxterE_2016","Baxter 2016",43,"balanced","Streptococcus",0.865,0.83,0.9,83,90,6053,TRUE,TRUE,TRUE,FALSE,TRUE,TRUE,TRUE,"ok","ok","",""
"BaxterE_2016","Baxter 2016",43,"balanced","Unclassified_Clostridiales",0.915,0.91,0.92,91,92,11207,TRUE,TRUE,TRUE,FALSE,TRUE,TRUE,TRUE,"ok","ok","",""
"BaxterE_2016","Baxter 2016",43,"balanced","Unclassified_Lachnospiraceae",1,1,1,100,100,37981,TRUE,TRUE,FALSE,TRUE,TRUE,TRUE,TRUE,"no_observed_zeros","ok","",""
"BaxterE_2016","Baxter 2016",43,"balanced","Unclassified_Ruminococcaceae",0.98,0.98,0.98,98,98,25343,TRUE,TRUE,TRUE,FALSE,TRUE,TRUE,TRUE,"ok","ok","",""
"BaxterE_2016","Baxter 2016",43,"fourfold","Akkermansia",0.82,0.82,0.82,82,82,21545,TRUE,TRUE,TRUE,FALSE,TRUE,TRUE,TRUE,"ok","ok","",""
"BaxterE_2016","Baxter 2016",43,"fourfold","Alistipes",0.92,0.89,0.95,89,95,25249,TRUE,TRUE,TRUE,FALSE,TRUE,TRUE,TRUE,"ok","ok","",""
"BaxterE_2016","Baxter 2016",43,"fourfold","Anaerostipes",0.985,0.98,0.99,98,99,28493,TRUE,TRUE,TRUE,FALSE,TRUE,TRUE,TRUE,"ok","ok","",""
"BaxterE_2016","Baxter 2016",43,"fourfold","Bacteroides",1,1,1,100,100,116185,TRUE,TRUE,FALSE,TRUE,TRUE,TRUE,TRUE,"no_observed_zeros","ok","",""
"BaxterE_2016","Baxter 2016",43,"fourfold","Bifidobacterium",0.715,0.69,0.74,69,74,8988,TRUE,TRUE,TRUE,FALSE,TRUE,TRUE,TRUE,"ok","ok","",""
"BaxterE_2016","Baxter 2016",43,"fourfold","Blautia",1,1,1,100,100,123820,TRUE,TRUE,FALSE,TRUE,TRUE,TRUE,TRUE,"no_observed_zeros","ok","",""
"BaxterE_2016","Baxter 2016",43,"fourfold","Clostridium_IV",0.99,0.98,1,98,100,14222,TRUE,TRUE,FALSE,TRUE,TRUE,TRUE,TRUE,"structural_absence_boundary_at_zero","ok","",""
"BaxterE_2016","Baxter 2016",43,"fourfold","Clostridium_sensu_stricto",0.72,0.67,0.77,67,77,7218,TRUE,TRUE,TRUE,FALSE,TRUE,TRUE,TRUE,"ok","ok","",""
"BaxterE_2016","Baxter 2016",43,"fourfold","Clostridium_XI",0.825,0.78,0.87,78,87,7046,TRUE,TRUE,TRUE,FALSE,TRUE,TRUE,TRUE,"ok","ok","",""
"BaxterE_2016","Baxter 2016",43,"fourfold","Clostridium_XlVa",1,1,1,100,100,15920,TRUE,TRUE,FALSE,TRUE,TRUE,TRUE,TRUE,"no_observed_zeros","ok","",""
"BaxterE_2016","Baxter 2016",43,"fourfold","Clostridium_XVIII",0.86,0.81,0.91,81,91,4505,TRUE,TRUE,TRUE,FALSE,TRUE,TRUE,TRUE,"ok","ok","",""
"BaxterE_2016","Baxter 2016",43,"fourfold","Collinsella",0.605,0.61,0.6,61,60,7539,TRUE,TRUE,TRUE,FALSE,TRUE,TRUE,TRUE,"ok","ok","",""
"BaxterE_2016","Baxter 2016",43,"fourfold","Coprococcus",0.88,0.88,0.88,88,88,8761,TRUE,TRUE,TRUE,FALSE,TRUE,TRUE,TRUE,"ok","ok","",""
"BaxterE_2016","Baxter 2016",43,"fourfold","Dorea",0.95,0.97,0.93,97,93,13161,TRUE,TRUE,TRUE,FALSE,TRUE,TRUE,TRUE,"ok","ok","",""
"BaxterE_2016","Baxter 2016",43,"fourfold","Escherichia/Shigella",0.72,0.65,0.79,65,79,5546,TRUE,TRUE,TRUE,FALSE,TRUE,TRUE,TRUE,"ok","ok","",""
"BaxterE_2016","Baxter 2016",43,"fourfold","Faecalibacterium",0.99,0.98,1,98,100,43943,TRUE,TRUE,TRUE,FALSE,TRUE,TRUE,TRUE,"ok","ok","",""
"BaxterE_2016","Baxter 2016",43,"fourfold","Gemmiger",0.78,0.73,0.83,73,83,9595,TRUE,TRUE,TRUE,FALSE,TRUE,TRUE,TRUE,"ok","ok","",""
"BaxterE_2016","Baxter 2016",43,"fourfold","Lachnospiracea_incertae_sedis",1,1,1,100,100,35734,TRUE,TRUE,FALSE,TRUE,TRUE,TRUE,TRUE,"no_observed_zeros","ok","",""
"BaxterE_2016","Baxter 2016",43,"fourfold","Methanobrevibacter",0.415,0.41,0.42,41,42,5365,TRUE,TRUE,TRUE,FALSE,TRUE,TRUE,TRUE,"ok","ok","",""
"BaxterE_2016","Baxter 2016",43,"fourfold","Oscillibacter",0.87,0.82,0.92,82,92,9812,TRUE,TRUE,TRUE,FALSE,TRUE,TRUE,TRUE,"ok","ok","",""
"BaxterE_2016","Baxter 2016",43,"fourfold","Parabacteroides",0.705,0.69,0.72,69,72,5394,TRUE,TRUE,TRUE,FALSE,TRUE,TRUE,TRUE,"ok","ok","",""
"BaxterE_2016","Baxter 2016",43,"fourfold","Phascolarctobacterium",0.635,0.58,0.69,58,69,8241,TRUE,TRUE,TRUE,FALSE,TRUE,TRUE,TRUE,"ok","ok","",""
"BaxterE_2016","Baxter 2016",43,"fourfold","Prevotella",0.34,0.25,0.43,25,43,19091,TRUE,TRUE,TRUE,FALSE,TRUE,TRUE,TRUE,"ok","ok","",""
"BaxterE_2016","Baxter 2016",43,"fourfold","Roseburia",0.985,0.99,0.98,99,98,33768,TRUE,TRUE,TRUE,FALSE,TRUE,TRUE,TRUE,"ok","ok","",""
"BaxterE_2016","Baxter 2016",43,"fourfold","Ruminococcus",0.905,0.87,0.94,87,94,25774,TRUE,TRUE,TRUE,FALSE,TRUE,TRUE,TRUE,"ok","ok","",""
"BaxterE_2016","Baxter 2016",43,"fourfold","Ruminococcus2",0.98,0.97,0.99,97,99,17237,TRUE,TRUE,TRUE,FALSE,TRUE,TRUE,TRUE,"ok","ok","",""
"BaxterE_2016","Baxter 2016",43,"fourfold","Streptococcus",0.79,0.69,0.89,69,89,5054,TRUE,TRUE,TRUE,FALSE,TRUE,TRUE,TRUE,"ok","ok","",""
"BaxterE_2016","Baxter 2016",43,"fourfold","Unclassified_Clostridiales",0.905,0.89,0.92,89,92,10504,TRUE,TRUE,TRUE,FALSE,TRUE,TRUE,TRUE,"ok","ok","",""
"BaxterE_2016","Baxter 2016",43,"fourfold","Unclassified_Lachnospiraceae",1,1,1,100,100,35032,TRUE,TRUE,FALSE,TRUE,TRUE,TRUE,TRUE,"no_observed_zeros","ok","",""
"BaxterE_2016","Baxter 2016",43,"fourfold","Unclassified_Ruminococcaceae",0.985,0.97,1,97,100,22899,TRUE,TRUE,TRUE,FALSE,TRUE,TRUE,TRUE,"ok","ok","",""
"BaxterE_2016","Baxter 2016",44,"balanced","Akkermansia",0.85,0.86,0.84,86,84,21841,TRUE,TRUE,TRUE,FALSE,TRUE,TRUE,TRUE,"ok","ok","",""
"BaxterE_2016","Baxter 2016",44,"balanced","Alistipes",0.93,0.92,0.94,92,94,25807,TRUE,TRUE,TRUE,FALSE,TRUE,TRUE,TRUE,"ok","ok","",""
"BaxterE_2016","Baxter 2016",44,"balanced","Anaerostipes",0.98,0.99,0.97,99,97,28729,TRUE,TRUE,TRUE,FALSE,TRUE,TRUE,TRUE,"ok","ok","",""
"BaxterE_2016","Baxter 2016",44,"balanced","Bacteroides",1,1,1,100,100,120066,TRUE,TRUE,FALSE,TRUE,TRUE,TRUE,TRUE,"no_observed_zeros","ok","",""
"BaxterE_2016","Baxter 2016",44,"balanced","Bifidobacterium",0.715,0.66,0.77,66,77,9036,TRUE,TRUE,TRUE,FALSE,TRUE,TRUE,TRUE,"ok","ok","",""
"BaxterE_2016","Baxter 2016",44,"balanced","Blautia",1,1,1,100,100,131574,TRUE,TRUE,FALSE,TRUE,TRUE,TRUE,TRUE,"no_observed_zeros","ok","",""
"BaxterE_2016","Baxter 2016",44,"balanced","Clostridium_IV",0.995,0.99,1,99,100,15929,TRUE,TRUE,TRUE,FALSE,TRUE,TRUE,TRUE,"ok","ok","",""
"BaxterE_2016","Baxter 2016",44,"balanced","Clostridium_sensu_stricto",0.735,0.72,0.75,72,75,8266,TRUE,TRUE,TRUE,FALSE,TRUE,TRUE,TRUE,"ok","ok","",""
"BaxterE_2016","Baxter 2016",44,"balanced","Clostridium_XI",0.86,0.85,0.87,85,87,8581,TRUE,TRUE,TRUE,FALSE,TRUE,TRUE,TRUE,"ok","ok","",""
"BaxterE_2016","Baxter 2016",44,"balanced","Clostridium_XlVa",0.995,0.99,1,99,100,15614,TRUE,TRUE,TRUE,FALSE,TRUE,TRUE,TRUE,"ok","ok","",""
"BaxterE_2016","Baxter 2016",44,"balanced","Clostridium_XVIII",0.915,0.92,0.91,92,91,4469,TRUE,TRUE,TRUE,FALSE,TRUE,TRUE,TRUE,"ok","ok","",""
"BaxterE_2016","Baxter 2016",44,"balanced","Collinsella",0.62,0.62,0.62,62,62,8114,TRUE,TRUE,TRUE,FALSE,TRUE,TRUE,TRUE,"ok","ok","",""
"BaxterE_2016","Baxter 2016",44,"balanced","Coprococcus",0.875,0.87,0.88,87,88,9254,TRUE,TRUE,TRUE,FALSE,TRUE,TRUE,TRUE,"ok","ok","",""
"BaxterE_2016","Baxter 2016",44,"balanced","Dorea",0.965,0.97,0.96,97,96,14172,TRUE,TRUE,TRUE,FALSE,TRUE,TRUE,TRUE,"ok","ok","",""
"BaxterE_2016","Baxter 2016",44,"balanced","Escherichia/Shigella",0.785,0.76,0.81,76,81,6340,TRUE,TRUE,FALSE,TRUE,TRUE,TRUE,TRUE,"structural_absence_boundary_at_zero","ok","",""
"BaxterE_2016","Baxter 2016",44,"balanced","Faecalibacterium",0.985,0.97,1,97,100,43664,TRUE,TRUE,TRUE,FALSE,TRUE,TRUE,TRUE,"ok","ok","",""
"BaxterE_2016","Baxter 2016",44,"balanced","Gemmiger",0.805,0.83,0.78,83,78,8820,TRUE,TRUE,TRUE,FALSE,TRUE,TRUE,TRUE,"ok","ok","",""
"BaxterE_2016","Baxter 2016",44,"balanced","Lachnospiracea_incertae_sedis",1,1,1,100,100,35630,TRUE,TRUE,FALSE,TRUE,TRUE,TRUE,TRUE,"no_observed_zeros","ok","",""
"BaxterE_2016","Baxter 2016",44,"balanced","Methanobrevibacter",0.425,0.48,0.37,48,37,5776,TRUE,TRUE,TRUE,FALSE,TRUE,TRUE,TRUE,"ok","ok","",""
"BaxterE_2016","Baxter 2016",44,"balanced","Oscillibacter",0.885,0.9,0.87,90,87,9989,TRUE,TRUE,TRUE,FALSE,TRUE,TRUE,TRUE,"ok","ok","",""
"BaxterE_2016","Baxter 2016",44,"balanced","Parabacteroides",0.685,0.71,0.66,71,66,5423,TRUE,TRUE,TRUE,FALSE,TRUE,TRUE,TRUE,"ok","ok","",""
"BaxterE_2016","Baxter 2016",44,"balanced","Phascolarctobacterium",0.65,0.68,0.62,68,62,6831,TRUE,TRUE,TRUE,FALSE,TRUE,TRUE,TRUE,"ok","ok","",""
"BaxterE_2016","Baxter 2016",44,"balanced","Prevotella",0.385,0.44,0.33,44,33,14132,TRUE,TRUE,TRUE,FALSE,TRUE,TRUE,TRUE,"ok","ok","",""
"BaxterE_2016","Baxter 2016",44,"balanced","Roseburia",0.985,0.99,0.98,99,98,32470,TRUE,TRUE,TRUE,FALSE,TRUE,TRUE,TRUE,"ok","ok","",""
"BaxterE_2016","Baxter 2016",44,"balanced","Ruminococcus",0.88,0.88,0.88,88,88,23495,TRUE,TRUE,TRUE,FALSE,TRUE,TRUE,TRUE,"ok","ok","",""
"BaxterE_2016","Baxter 2016",44,"balanced","Ruminococcus2",0.985,0.98,0.99,98,99,18223,TRUE,TRUE,TRUE,FALSE,TRUE,TRUE,TRUE,"ok","ok","",""
"BaxterE_2016","Baxter 2016",44,"balanced","Streptococcus",0.84,0.83,0.85,83,85,6692,TRUE,TRUE,TRUE,FALSE,TRUE,TRUE,TRUE,"ok","ok","",""
"BaxterE_2016","Baxter 2016",44,"balanced","Unclassified_Clostridiales",0.915,0.92,0.91,92,91,10865,TRUE,TRUE,TRUE,FALSE,TRUE,TRUE,TRUE,"ok","ok","",""
"BaxterE_2016","Baxter 2016",44,"balanced","Unclassified_Lachnospiraceae",1,1,1,100,100,37097,TRUE,TRUE,FALSE,TRUE,TRUE,TRUE,TRUE,"no_observed_zeros","ok","",""
"BaxterE_2016","Baxter 2016",44,"balanced","Unclassified_Ruminococcaceae",0.965,0.96,0.97,96,97,24174,TRUE,TRUE,TRUE,FALSE,TRUE,TRUE,TRUE,"ok","ok","",""
"BaxterE_2016","Baxter 2016",44,"fourfold","Akkermansia",0.835,0.83,0.84,83,84,23342,TRUE,TRUE,TRUE,FALSE,TRUE,TRUE,TRUE,"ok","ok","",""
"BaxterE_2016","Baxter 2016",44,"fourfold","Alistipes",0.885,0.85,0.92,85,92,24429,TRUE,TRUE,TRUE,FALSE,TRUE,TRUE,TRUE,"ok","ok","",""
"BaxterE_2016","Baxter 2016",44,"fourfold","Anaerostipes",0.96,0.94,0.98,94,98,30210,TRUE,TRUE,TRUE,FALSE,TRUE,TRUE,TRUE,"ok","ok","",""
"BaxterE_2016","Baxter 2016",44,"fourfold","Bacteroides",1,1,1,100,100,123096,TRUE,TRUE,FALSE,TRUE,TRUE,TRUE,TRUE,"no_observed_zeros","ok","",""
"BaxterE_2016","Baxter 2016",44,"fourfold","Bifidobacterium",0.74,0.67,0.81,67,81,8310,TRUE,TRUE,TRUE,FALSE,TRUE,TRUE,TRUE,"ok","ok","",""
"BaxterE_2016","Baxter 2016",44,"fourfold","Blautia",1,1,1,100,100,133429,TRUE,TRUE,FALSE,TRUE,TRUE,TRUE,TRUE,"no_observed_zeros","ok","",""
"BaxterE_2016","Baxter 2016",44,"fourfold","Clostridium_IV",0.985,0.98,0.99,98,99,15066,TRUE,TRUE,TRUE,FALSE,TRUE,TRUE,TRUE,"ok","ok","",""
"BaxterE_2016","Baxter 2016",44,"fourfold","Clostridium_sensu_stricto",0.685,0.59,0.78,59,78,8564,TRUE,TRUE,TRUE,FALSE,TRUE,TRUE,TRUE,"ok","ok","",""
"BaxterE_2016","Baxter 2016",44,"fourfold","Clostridium_XI",0.795,0.73,0.86,73,86,8271,TRUE,TRUE,TRUE,FALSE,TRUE,TRUE,TRUE,"ok","ok","",""
"BaxterE_2016","Baxter 2016",44,"fourfold","Clostridium_XlVa",1,1,1,100,100,15433,TRUE,TRUE,FALSE,TRUE,TRUE,TRUE,TRUE,"no_observed_zeros","ok","",""
"BaxterE_2016","Baxter 2016",44,"fourfold","Clostridium_XVIII",0.835,0.76,0.91,76,91,4859,TRUE,TRUE,TRUE,FALSE,TRUE,TRUE,TRUE,"ok","ok","",""
"BaxterE_2016","Baxter 2016",44,"fourfold","Collinsella",0.59,0.53,0.65,53,65,9492,TRUE,TRUE,TRUE,FALSE,TRUE,TRUE,TRUE,"ok","ok","",""
"BaxterE_2016","Baxter 2016",44,"fourfold","Coprococcus",0.875,0.86,0.89,86,89,8805,TRUE,TRUE,TRUE,FALSE,TRUE,TRUE,TRUE,"ok","ok","",""
"BaxterE_2016","Baxter 2016",44,"fourfold","Dorea",0.945,0.93,0.96,93,96,13773,TRUE,TRUE,TRUE,FALSE,TRUE,TRUE,TRUE,"ok","ok","",""
"BaxterE_2016","Baxter 2016",44,"fourfold","Escherichia/Shigella",0.72,0.61,0.83,61,83,5721,TRUE,TRUE,TRUE,FALSE,TRUE,TRUE,TRUE,"ok","ok","",""
"BaxterE_2016","Baxter 2016",44,"fourfold","Faecalibacterium",0.99,0.98,1,98,100,42608,TRUE,TRUE,TRUE,FALSE,TRUE,TRUE,TRUE,"ok","ok","",""
"BaxterE_2016","Baxter 2016",44,"fourfold","Gemmiger",0.77,0.77,0.77,77,77,7905,TRUE,TRUE,TRUE,FALSE,TRUE,TRUE,TRUE,"ok","ok","",""
"BaxterE_2016","Baxter 2016",44,"fourfold","Lachnospiracea_incertae_sedis",1,1,1,100,100,33035,TRUE,TRUE,FALSE,TRUE,TRUE,TRUE,TRUE,"no_observed_zeros","ok","",""
"BaxterE_2016","Baxter 2016",44,"fourfold","Methanobrevibacter",0.415,0.43,0.4,43,40,5173,TRUE,TRUE,TRUE,FALSE,TRUE,TRUE,TRUE,"ok","ok","",""
"BaxterE_2016","Baxter 2016",44,"fourfold","Oscillibacter",0.89,0.87,0.91,87,91,10447,TRUE,TRUE,TRUE,FALSE,TRUE,TRUE,TRUE,"ok","ok","",""
"BaxterE_2016","Baxter 2016",44,"fourfold","Parabacteroides",0.71,0.69,0.73,69,73,4770,TRUE,TRUE,TRUE,FALSE,TRUE,TRUE,TRUE,"ok","ok","",""
"BaxterE_2016","Baxter 2016",44,"fourfold","Phascolarctobacterium",0.655,0.66,0.65,66,65,6584,TRUE,TRUE,TRUE,FALSE,TRUE,TRUE,TRUE,"ok","ok","",""
"BaxterE_2016","Baxter 2016",44,"fourfold","Prevotella",0.365,0.35,0.38,35,38,13187,TRUE,TRUE,TRUE,FALSE,TRUE,TRUE,TRUE,"ok","ok","",""
"BaxterE_2016","Baxter 2016",44,"fourfold","Roseburia",0.985,0.98,0.99,98,99,29901,TRUE,TRUE,TRUE,FALSE,TRUE,TRUE,TRUE,"ok","ok","",""
"BaxterE_2016","Baxter 2016",44,"fourfold","Ruminococcus",0.885,0.85,0.92,85,92,24716,TRUE,TRUE,TRUE,FALSE,TRUE,TRUE,TRUE,"ok","ok","",""
"BaxterE_2016","Baxter 2016",44,"fourfold","Ruminococcus2",0.965,0.94,0.99,94,99,17631,TRUE,TRUE,TRUE,FALSE,TRUE,TRUE,TRUE,"ok","ok","",""
"BaxterE_2016","Baxter 2016",44,"fourfold","Streptococcus",0.835,0.76,0.91,76,91,6245,TRUE,TRUE,TRUE,FALSE,TRUE,TRUE,TRUE,"ok","ok","",""
"BaxterE_2016","Baxter 2016",44,"fourfold","Unclassified_Clostridiales",0.925,0.95,0.9,95,90,12074,TRUE,TRUE,TRUE,FALSE,TRUE,TRUE,TRUE,"ok","ok","",""
"BaxterE_2016","Baxter 2016",44,"fourfold","Unclassified_Lachnospiraceae",1,1,1,100,100,35680,TRUE,TRUE,FALSE,TRUE,TRUE,TRUE,TRUE,"no_observed_zeros","ok","",""
"BaxterE_2016","Baxter 2016",44,"fourfold","Unclassified_Ruminococcaceae",0.96,0.97,0.95,97,95,22750,TRUE,TRUE,TRUE,FALSE,TRUE,TRUE,TRUE,"ok","ok","",""
"BaxterE_2016","Baxter 2016",45,"balanced","Akkermansia",0.83,0.87,0.79,87,79,23444,TRUE,TRUE,TRUE,FALSE,TRUE,TRUE,TRUE,"ok","ok","",""
"BaxterE_2016","Baxter 2016",45,"balanced","Alistipes",0.925,0.94,0.91,94,91,27472,TRUE,TRUE,TRUE,FALSE,TRUE,TRUE,TRUE,"ok","ok","",""
"BaxterE_2016","Baxter 2016",45,"balanced","Anaerostipes",0.99,0.99,0.99,99,99,30715,TRUE,TRUE,TRUE,FALSE,TRUE,TRUE,TRUE,"ok","ok","",""
"BaxterE_2016","Baxter 2016",45,"balanced","Bacteroides",1,1,1,100,100,129519,TRUE,TRUE,FALSE,TRUE,TRUE,TRUE,TRUE,"no_observed_zeros","ok","",""
"BaxterE_2016","Baxter 2016",45,"balanced","Bifidobacterium",0.74,0.74,0.74,74,74,9230,TRUE,TRUE,TRUE,FALSE,TRUE,TRUE,TRUE,"ok","ok","",""
"BaxterE_2016","Baxter 2016",45,"balanced","Blautia",1,1,1,100,100,133929,TRUE,TRUE,FALSE,TRUE,TRUE,TRUE,TRUE,"no_observed_zeros","ok","",""
"BaxterE_2016","Baxter 2016",45,"balanced","Clostridium_IV",0.985,0.99,0.98,99,98,17435,TRUE,TRUE,TRUE,FALSE,TRUE,TRUE,TRUE,"ok","ok","",""
"BaxterE_2016","Baxter 2016",45,"balanced","Clostridium_sensu_stricto",0.74,0.71,0.77,71,77,9315,TRUE,TRUE,TRUE,FALSE,TRUE,TRUE,TRUE,"ok","ok","",""
"BaxterE_2016","Baxter 2016",45,"balanced","Clostridium_XI",0.82,0.8,0.84,80,84,9376,TRUE,TRUE,TRUE,FALSE,TRUE,TRUE,TRUE,"ok","ok","",""
"BaxterE_2016","Baxter 2016",45,"balanced","Clostridium_XlVa",1,1,1,100,100,15880,TRUE,TRUE,FALSE,TRUE,TRUE,TRUE,TRUE,"no_observed_zeros","ok","",""
"BaxterE_2016","Baxter 2016",45,"balanced","Clostridium_XVIII",0.91,0.87,0.95,87,95,5289,TRUE,TRUE,TRUE,FALSE,TRUE,TRUE,TRUE,"ok","ok","",""
"BaxterE_2016","Baxter 2016",45,"balanced","Collinsella",0.605,0.57,0.64,57,64,7924,TRUE,TRUE,TRUE,FALSE,TRUE,TRUE,TRUE,"ok","ok","",""
"BaxterE_2016","Baxter 2016",45,"balanced","Coprococcus",0.87,0.88,0.86,88,86,9665,TRUE,TRUE,TRUE,FALSE,TRUE,TRUE,TRUE,"ok","ok","",""
"BaxterE_2016","Baxter 2016",45,"balanced","Dorea",0.95,0.96,0.94,96,94,14849,TRUE,TRUE,TRUE,FALSE,TRUE,TRUE,TRUE,"ok","ok","",""
"BaxterE_2016","Baxter 2016",45,"balanced","Escherichia/Shigella",0.775,0.71,0.84,71,84,7545,TRUE,TRUE,TRUE,FALSE,TRUE,TRUE,TRUE,"ok","ok","",""
"BaxterE_2016","Baxter 2016",45,"balanced","Faecalibacterium",0.985,0.98,0.99,98,99,48987,TRUE,TRUE,TRUE,FALSE,TRUE,TRUE,TRUE,"ok","ok","",""
"BaxterE_2016","Baxter 2016",45,"balanced","Gemmiger",0.785,0.85,0.72,85,72,9552,TRUE,TRUE,TRUE,FALSE,TRUE,TRUE,TRUE,"ok","ok","",""
"BaxterE_2016","Baxter 2016",45,"balanced","Lachnospiracea_incertae_sedis",1,1,1,100,100,33737,TRUE,TRUE,FALSE,TRUE,TRUE,TRUE,TRUE,"no_observed_zeros","ok","",""
"BaxterE_2016","Baxter 2016",45,"balanced","Methanobrevibacter",0.43,0.42,0.44,42,44,6544,TRUE,TRUE,TRUE,FALSE,TRUE,TRUE,TRUE,"ok","ok","",""
"BaxterE_2016","Baxter 2016",45,"balanced","Oscillibacter",0.915,0.93,0.9,93,90,10048,TRUE,TRUE,TRUE,FALSE,TRUE,TRUE,TRUE,"ok","ok","",""
"BaxterE_2016","Baxter 2016",45,"balanced","Parabacteroides",0.73,0.77,0.69,77,69,5465,TRUE,TRUE,TRUE,FALSE,TRUE,TRUE,TRUE,"ok","ok","",""
"BaxterE_2016","Baxter 2016",45,"balanced","Phascolarctobacterium",0.645,0.68,0.61,68,61,8649,TRUE,TRUE,TRUE,FALSE,TRUE,TRUE,TRUE,"ok","ok","",""
"BaxterE_2016","Baxter 2016",45,"balanced","Prevotella",0.355,0.4,0.31,40,31,15594,TRUE,TRUE,TRUE,FALSE,TRUE,TRUE,TRUE,"ok","ok","",""
"BaxterE_2016","Baxter 2016",45,"balanced","Roseburia",0.975,0.96,0.99,96,99,35653,TRUE,TRUE,TRUE,FALSE,TRUE,TRUE,TRUE,"ok","ok","",""
"BaxterE_2016","Baxter 2016",45,"balanced","Ruminococcus",0.89,0.89,0.89,89,89,25771,TRUE,TRUE,TRUE,FALSE,TRUE,TRUE,TRUE,"ok","ok","",""
"BaxterE_2016","Baxter 2016",45,"balanced","Ruminococcus2",0.975,0.98,0.97,98,97,18747,TRUE,TRUE,TRUE,FALSE,TRUE,TRUE,TRUE,"ok","ok","",""
"BaxterE_2016","Baxter 2016",45,"balanced","Streptococcus",0.875,0.85,0.9,85,90,7239,TRUE,TRUE,TRUE,FALSE,TRUE,TRUE,TRUE,"ok","ok","",""
"BaxterE_2016","Baxter 2016",45,"balanced","Unclassified_Clostridiales",0.93,0.92,0.94,92,94,11322,TRUE,TRUE,TRUE,FALSE,TRUE,TRUE,TRUE,"ok","ok","",""
"BaxterE_2016","Baxter 2016",45,"balanced","Unclassified_Lachnospiraceae",1,1,1,100,100,38552,TRUE,TRUE,FALSE,TRUE,TRUE,TRUE,TRUE,"no_observed_zeros","ok","",""
"BaxterE_2016","Baxter 2016",45,"balanced","Unclassified_Ruminococcaceae",0.98,1,0.96,100,96,23925,TRUE,TRUE,TRUE,FALSE,TRUE,TRUE,TRUE,"ok","ok","",""
"BaxterE_2016","Baxter 2016",45,"fourfold","Akkermansia",0.83,0.8,0.86,80,86,21411,TRUE,TRUE,TRUE,FALSE,TRUE,TRUE,TRUE,"ok","ok","",""
"BaxterE_2016","Baxter 2016",45,"fourfold","Alistipes",0.925,0.91,0.94,91,94,21300,TRUE,TRUE,TRUE,FALSE,TRUE,TRUE,TRUE,"ok","ok","",""
"BaxterE_2016","Baxter 2016",45,"fourfold","Anaerostipes",0.975,0.97,0.98,97,98,29837,TRUE,TRUE,TRUE,FALSE,TRUE,TRUE,TRUE,"ok","ok","",""
"BaxterE_2016","Baxter 2016",45,"fourfold","Bacteroides",1,1,1,100,100,106648,TRUE,TRUE,FALSE,TRUE,TRUE,TRUE,TRUE,"no_observed_zeros","ok","",""
"BaxterE_2016","Baxter 2016",45,"fourfold","Bifidobacterium",0.71,0.68,0.74,68,74,7793,TRUE,TRUE,TRUE,FALSE,TRUE,TRUE,TRUE,"ok","ok","",""
"BaxterE_2016","Baxter 2016",45,"fourfold","Blautia",0.995,0.99,1,99,100,131446,TRUE,TRUE,TRUE,FALSE,TRUE,TRUE,TRUE,"ok","ok","",""
"BaxterE_2016","Baxter 2016",45,"fourfold","Clostridium_IV",0.98,0.96,1,96,100,15155,TRUE,TRUE,FALSE,TRUE,TRUE,TRUE,TRUE,"structural_absence_boundary_at_zero","ok","",""
"BaxterE_2016","Baxter 2016",45,"fourfold","Clostridium_sensu_stricto",0.705,0.62,0.79,62,79,8519,TRUE,TRUE,TRUE,FALSE,TRUE,TRUE,TRUE,"ok","ok","",""
"BaxterE_2016","Baxter 2016",45,"fourfold","Clostridium_XI",0.8,0.72,0.88,72,88,7719,TRUE,TRUE,TRUE,FALSE,TRUE,TRUE,TRUE,"ok","ok","",""
"BaxterE_2016","Baxter 2016",45,"fourfold","Clostridium_XlVa",0.995,0.99,1,99,100,15062,TRUE,TRUE,TRUE,FALSE,TRUE,TRUE,TRUE,"ok","ok","",""
"BaxterE_2016","Baxter 2016",45,"fourfold","Clostridium_XVIII",0.87,0.86,0.88,86,88,4612,TRUE,TRUE,TRUE,FALSE,TRUE,TRUE,TRUE,"ok","ok","",""
"BaxterE_2016","Baxter 2016",45,"fourfold","Collinsella",0.615,0.57,0.66,57,66,7189,TRUE,TRUE,TRUE,FALSE,TRUE,TRUE,TRUE,"ok","ok","",""
"BaxterE_2016","Baxter 2016",45,"fourfold","Coprococcus",0.87,0.87,0.87,87,87,7935,TRUE,TRUE,TRUE,FALSE,TRUE,TRUE,TRUE,"ok","ok","",""
"BaxterE_2016","Baxter 2016",45,"fourfold","Dorea",0.955,0.95,0.96,95,96,13045,TRUE,TRUE,TRUE,FALSE,TRUE,TRUE,TRUE,"ok","ok","",""
"BaxterE_2016","Baxter 2016",45,"fourfold","Escherichia/Shigella",0.75,0.66,0.84,66,84,6290,TRUE,TRUE,FALSE,TRUE,TRUE,TRUE,TRUE,"structural_absence_boundary_at_zero","ok","",""
"BaxterE_2016","Baxter 2016",45,"fourfold","Faecalibacterium",0.985,0.98,0.99,98,99,42846,TRUE,TRUE,TRUE,FALSE,TRUE,TRUE,TRUE,"ok","ok","",""
"BaxterE_2016","Baxter 2016",45,"fourfold","Gemmiger",0.79,0.82,0.76,82,76,8182,TRUE,TRUE,TRUE,FALSE,TRUE,TRUE,TRUE,"ok","ok","",""
"BaxterE_2016","Baxter 2016",45,"fourfold","Lachnospiracea_incertae_sedis",1,1,1,100,100,30751,TRUE,TRUE,FALSE,TRUE,TRUE,TRUE,TRUE,"no_observed_zeros","ok","",""
"BaxterE_2016","Baxter 2016",45,"fourfold","Methanobrevibacter",0.41,0.35,0.47,35,47,6993,TRUE,TRUE,TRUE,FALSE,TRUE,TRUE,TRUE,"ok","ok","",""
"BaxterE_2016","Baxter 2016",45,"fourfold","Oscillibacter",0.89,0.86,0.92,86,92,9166,TRUE,TRUE,TRUE,FALSE,TRUE,TRUE,TRUE,"ok","ok","",""
"BaxterE_2016","Baxter 2016",45,"fourfold","Parabacteroides",0.695,0.7,0.69,70,69,4335,TRUE,TRUE,TRUE,FALSE,TRUE,TRUE,TRUE,"ok","ok","",""
"BaxterE_2016","Baxter 2016",45,"fourfold","Phascolarctobacterium",0.675,0.69,0.66,69,66,6970,TRUE,TRUE,TRUE,FALSE,TRUE,TRUE,TRUE,"ok","ok","",""
"BaxterE_2016","Baxter 2016",45,"fourfold","Prevotella",0.335,0.33,0.34,33,34,9696,TRUE,TRUE,TRUE,FALSE,TRUE,TRUE,TRUE,"ok","ok","",""
"BaxterE_2016","Baxter 2016",45,"fourfold","Roseburia",0.975,0.95,1,95,100,33859,TRUE,TRUE,TRUE,FALSE,TRUE,TRUE,TRUE,"ok","ok","",""
"BaxterE_2016","Baxter 2016",45,"fourfold","Ruminococcus",0.905,0.89,0.92,89,92,24278,TRUE,TRUE,TRUE,FALSE,TRUE,TRUE,TRUE,"ok","ok","",""
"BaxterE_2016","Baxter 2016",45,"fourfold","Ruminococcus2",0.965,0.95,0.98,95,98,15889,TRUE,TRUE,TRUE,FALSE,TRUE,TRUE,TRUE,"ok","ok","",""
"BaxterE_2016","Baxter 2016",45,"fourfold","Streptococcus",0.835,0.78,0.89,78,89,6037,TRUE,TRUE,TRUE,FALSE,TRUE,TRUE,TRUE,"ok","ok","",""
"BaxterE_2016","Baxter 2016",45,"fourfold","Unclassified_Clostridiales",0.915,0.88,0.95,88,95,9950,TRUE,TRUE,TRUE,FALSE,TRUE,TRUE,TRUE,"ok","ok","",""
"BaxterE_2016","Baxter 2016",45,"fourfold","Unclassified_Lachnospiraceae",1,1,1,100,100,36663,TRUE,TRUE,FALSE,TRUE,TRUE,TRUE,TRUE,"no_observed_zeros","ok","",""
"BaxterE_2016","Baxter 2016",45,"fourfold","Unclassified_Ruminococcaceae",0.985,0.98,0.99,98,99,22547,TRUE,TRUE,TRUE,FALSE,TRUE,TRUE,TRUE,"ok","ok","",""
"BaxterE_2016","Baxter 2016",46,"balanced","Akkermansia",0.845,0.89,0.8,89,80,20220,TRUE,TRUE,TRUE,FALSE,TRUE,TRUE,TRUE,"ok","ok","",""
"BaxterE_2016","Baxter 2016",46,"balanced","Alistipes",0.92,0.94,0.9,94,90,25544,TRUE,TRUE,TRUE,FALSE,TRUE,TRUE,TRUE,"ok","ok","",""
"BaxterE_2016","Baxter 2016",46,"balanced","Anaerostipes",0.98,0.98,0.98,98,98,30811,TRUE,TRUE,TRUE,FALSE,TRUE,TRUE,TRUE,"ok","ok","",""
"BaxterE_2016","Baxter 2016",46,"balanced","Bacteroides",1,1,1,100,100,119720,TRUE,TRUE,FALSE,TRUE,TRUE,TRUE,TRUE,"no_observed_zeros","ok","",""
"BaxterE_2016","Baxter 2016",46,"balanced","Bifidobacterium",0.73,0.71,0.75,71,75,9459,TRUE,TRUE,TRUE,FALSE,TRUE,TRUE,TRUE,"ok","ok","",""
"BaxterE_2016","Baxter 2016",46,"balanced","Blautia",1,1,1,100,100,136738,TRUE,TRUE,FALSE,TRUE,TRUE,TRUE,TRUE,"no_observed_zeros","ok","",""
"BaxterE_2016","Baxter 2016",46,"balanced","Clostridium_IV",0.99,0.99,0.99,99,99,16319,TRUE,TRUE,TRUE,FALSE,TRUE,TRUE,TRUE,"ok","ok","",""
"BaxterE_2016","Baxter 2016",46,"balanced","Clostridium_sensu_stricto",0.72,0.71,0.73,71,73,7679,TRUE,TRUE,TRUE,FALSE,TRUE,TRUE,TRUE,"ok","ok","",""
"BaxterE_2016","Baxter 2016",46,"balanced","Clostridium_XI",0.87,0.88,0.86,88,86,8460,TRUE,TRUE,TRUE,FALSE,TRUE,TRUE,TRUE,"ok","ok","",""
"BaxterE_2016","Baxter 2016",46,"balanced","Clostridium_XlVa",1,1,1,100,100,16095,TRUE,TRUE,FALSE,TRUE,TRUE,TRUE,TRUE,"no_observed_zeros","ok","",""
"BaxterE_2016","Baxter 2016",46,"balanced","Clostridium_XVIII",0.895,0.9,0.89,90,89,5678,TRUE,TRUE,TRUE,FALSE,TRUE,TRUE,TRUE,"ok","ok","",""
"BaxterE_2016","Baxter 2016",46,"balanced","Collinsella",0.605,0.64,0.57,64,57,9942,TRUE,TRUE,TRUE,FALSE,TRUE,TRUE,TRUE,"ok","ok","",""
"BaxterE_2016","Baxter 2016",46,"balanced","Coprococcus",0.885,0.9,0.87,90,87,9358,TRUE,TRUE,TRUE,FALSE,TRUE,TRUE,TRUE,"ok","ok","",""
"BaxterE_2016","Baxter 2016",46,"balanced","Dorea",0.955,0.93,0.98,93,98,14007,TRUE,TRUE,TRUE,FALSE,TRUE,TRUE,TRUE,"ok","ok","",""
"BaxterE_2016","Baxter 2016",46,"balanced","Escherichia/Shigella",0.74,0.71,0.77,71,77,7093,TRUE,TRUE,TRUE,FALSE,TRUE,TRUE,TRUE,"ok","ok","",""
"BaxterE_2016","Baxter 2016",46,"balanced","Faecalibacterium",0.985,0.98,0.99,98,99,44148,TRUE,TRUE,TRUE,FALSE,TRUE,TRUE,TRUE,"ok","ok","",""
"BaxterE_2016","Baxter 2016",46,"balanced","Gemmiger",0.785,0.78,0.79,78,79,9565,TRUE,TRUE,TRUE,FALSE,TRUE,TRUE,TRUE,"ok","ok","",""
"BaxterE_2016","Baxter 2016",46,"balanced","Lachnospiracea_incertae_sedis",1,1,1,100,100,36625,TRUE,TRUE,FALSE,TRUE,TRUE,TRUE,TRUE,"no_observed_zeros","ok","",""
"BaxterE_2016","Baxter 2016",46,"balanced","Methanobrevibacter",0.41,0.4,0.42,40,42,5648,TRUE,TRUE,TRUE,FALSE,TRUE,TRUE,TRUE,"ok","ok","",""
"BaxterE_2016","Baxter 2016",46,"balanced","Oscillibacter",0.905,0.93,0.88,93,88,10751,TRUE,TRUE,TRUE,FALSE,TRUE,TRUE,TRUE,"ok","ok","",""
"BaxterE_2016","Baxter 2016",46,"balanced","Parabacteroides",0.74,0.77,0.71,77,71,5220,TRUE,TRUE,TRUE,FALSE,TRUE,TRUE,TRUE,"ok","ok","",""
"BaxterE_2016","Baxter 2016",46,"balanced","Phascolarctobacterium",0.635,0.69,0.58,69,58,8206,TRUE,TRUE,TRUE,FALSE,TRUE,TRUE,TRUE,"ok","ok","",""
"BaxterE_2016","Baxter 2016",46,"balanced","Prevotella",0.385,0.38,0.39,38,39,12800,TRUE,TRUE,TRUE,FALSE,TRUE,TRUE,TRUE,"ok","ok","",""
"BaxterE_2016","Baxter 2016",46,"balanced","Roseburia",0.975,0.96,0.99,96,99,34949,TRUE,TRUE,TRUE,FALSE,TRUE,TRUE,TRUE,"ok","ok","",""
"BaxterE_2016","Baxter 2016",46,"balanced","Ruminococcus",0.895,0.86,0.93,86,93,24684,TRUE,TRUE,TRUE,FALSE,TRUE,TRUE,TRUE,"ok","ok","",""
"BaxterE_2016","Baxter 2016",46,"balanced","Ruminococcus2",0.975,0.98,0.97,98,97,18581,TRUE,TRUE,TRUE,FALSE,TRUE,TRUE,TRUE,"ok","ok","",""
"BaxterE_2016","Baxter 2016",46,"balanced","Streptococcus",0.87,0.88,0.86,88,86,7127,TRUE,TRUE,TRUE,FALSE,TRUE,TRUE,TRUE,"ok","ok","",""
"BaxterE_2016","Baxter 2016",46,"balanced","Unclassified_Clostridiales",0.945,0.97,0.92,97,92,11369,TRUE,TRUE,TRUE,FALSE,TRUE,TRUE,TRUE,"ok","ok","",""
"BaxterE_2016","Baxter 2016",46,"balanced","Unclassified_Lachnospiraceae",1,1,1,100,100,37114,TRUE,TRUE,FALSE,TRUE,TRUE,TRUE,TRUE,"no_observed_zeros","ok","",""
"BaxterE_2016","Baxter 2016",46,"balanced","Unclassified_Ruminococcaceae",0.985,0.99,0.98,99,98,24177,TRUE,TRUE,TRUE,FALSE,TRUE,TRUE,TRUE,"ok","ok","",""
"BaxterE_2016","Baxter 2016",46,"fourfold","Akkermansia",0.835,0.84,0.83,84,83,19601,TRUE,TRUE,TRUE,FALSE,TRUE,TRUE,TRUE,"ok","ok","",""
"BaxterE_2016","Baxter 2016",46,"fourfold","Alistipes",0.91,0.91,0.91,91,91,25731,TRUE,TRUE,TRUE,FALSE,TRUE,TRUE,TRUE,"ok","ok","",""
"BaxterE_2016","Baxter 2016",46,"fourfold","Anaerostipes",0.97,0.96,0.98,96,98,29030,TRUE,TRUE,TRUE,FALSE,TRUE,TRUE,TRUE,"ok","ok","",""
"BaxterE_2016","Baxter 2016",46,"fourfold","Bacteroides",0.995,0.99,1,99,100,117674,TRUE,TRUE,TRUE,FALSE,TRUE,TRUE,TRUE,"ok","ok","",""
"BaxterE_2016","Baxter 2016",46,"fourfold","Bifidobacterium",0.73,0.67,0.79,67,79,7921,TRUE,TRUE,TRUE,FALSE,TRUE,TRUE,TRUE,"ok","ok","",""
"BaxterE_2016","Baxter 2016",46,"fourfold","Blautia",1,1,1,100,100,124230,TRUE,TRUE,FALSE,TRUE,TRUE,TRUE,TRUE,"no_observed_zeros","ok","",""
"BaxterE_2016","Baxter 2016",46,"fourfold","Clostridium_IV",0.99,0.99,0.99,99,99,15336,TRUE,TRUE,TRUE,FALSE,TRUE,TRUE,TRUE,"ok","ok","",""
"BaxterE_2016","Baxter 2016",46,"fourfold","Clostridium_sensu_stricto",0.715,0.63,0.8,63,80,8601,TRUE,TRUE,TRUE,FALSE,TRUE,TRUE,TRUE,"ok","ok","",""
"BaxterE_2016","Baxter 2016",46,"fourfold","Clostridium_XI",0.82,0.78,0.86,78,86,10103,TRUE,TRUE,TRUE,FALSE,TRUE,TRUE,TRUE,"ok","ok","",""
"BaxterE_2016","Baxter 2016",46,"fourfold","Clostridium_XlVa",1,1,1,100,100,13839,TRUE,TRUE,FALSE,TRUE,TRUE,TRUE,TRUE,"no_observed_zeros","ok","",""
"BaxterE_2016","Baxter 2016",46,"fourfold","Clostridium_XVIII",0.86,0.79,0.93,79,93,6214,TRUE,TRUE,TRUE,FALSE,TRUE,TRUE,TRUE,"ok","ok","",""
"BaxterE_2016","Baxter 2016",46,"fourfold","Collinsella",0.585,0.59,0.58,59,58,7579,TRUE,TRUE,TRUE,FALSE,TRUE,TRUE,TRUE,"ok","ok","",""
"BaxterE_2016","Baxter 2016",46,"fourfold","Coprococcus",0.845,0.86,0.83,86,83,8975,TRUE,TRUE,TRUE,FALSE,TRUE,TRUE,TRUE,"ok","ok","",""
"BaxterE_2016","Baxter 2016",46,"fourfold","Dorea",0.95,0.92,0.98,92,98,13889,TRUE,TRUE,TRUE,FALSE,TRUE,TRUE,TRUE,"ok","ok","",""
"BaxterE_2016","Baxter 2016",46,"fourfold","Escherichia/Shigella",0.725,0.62,0.83,62,83,8400,TRUE,TRUE,FALSE,TRUE,TRUE,TRUE,TRUE,"structural_absence_boundary_at_zero","ok","",""
"BaxterE_2016","Baxter 2016",46,"fourfold","Faecalibacterium",0.985,0.97,1,97,100,41395,TRUE,TRUE,TRUE,FALSE,TRUE,TRUE,TRUE,"ok","ok","",""
"BaxterE_2016","Baxter 2016",46,"fourfold","Gemmiger",0.765,0.73,0.8,73,80,9478,TRUE,TRUE,TRUE,FALSE,TRUE,TRUE,TRUE,"ok","ok","",""
"BaxterE_2016","Baxter 2016",46,"fourfold","Lachnospiracea_incertae_sedis",1,1,1,100,100,32121,TRUE,TRUE,FALSE,TRUE,TRUE,TRUE,TRUE,"no_observed_zeros","ok","",""
"BaxterE_2016","Baxter 2016",46,"fourfold","Methanobrevibacter",0.415,0.4,0.43,40,43,4529,TRUE,TRUE,TRUE,FALSE,TRUE,TRUE,TRUE,"ok","ok","",""
"BaxterE_2016","Baxter 2016",46,"fourfold","Oscillibacter",0.895,0.89,0.9,89,90,10178,TRUE,TRUE,TRUE,FALSE,TRUE,TRUE,TRUE,"ok","ok","",""
"BaxterE_2016","Baxter 2016",46,"fourfold","Parabacteroides",0.685,0.66,0.71,66,71,4326,TRUE,TRUE,TRUE,FALSE,TRUE,TRUE,TRUE,"ok","ok","",""
"BaxterE_2016","Baxter 2016",46,"fourfold","Phascolarctobacterium",0.625,0.65,0.6,65,60,6473,TRUE,TRUE,TRUE,FALSE,TRUE,TRUE,TRUE,"ok","ok","",""
"BaxterE_2016","Baxter 2016",46,"fourfold","Prevotella",0.365,0.3,0.43,30,43,9565,TRUE,TRUE,TRUE,FALSE,TRUE,TRUE,TRUE,"ok","ok","",""
"BaxterE_2016","Baxter 2016",46,"fourfold","Roseburia",0.98,0.97,0.99,97,99,31986,TRUE,TRUE,TRUE,FALSE,TRUE,TRUE,TRUE,"ok","ok","",""
"BaxterE_2016","Baxter 2016",46,"fourfold","Ruminococcus",0.9,0.85,0.95,85,95,23629,TRUE,TRUE,TRUE,FALSE,TRUE,TRUE,TRUE,"ok","ok","",""
"BaxterE_2016","Baxter 2016",46,"fourfold","Ruminococcus2",0.98,0.98,0.98,98,98,18137,TRUE,TRUE,TRUE,FALSE,TRUE,TRUE,TRUE,"ok","ok","",""
"BaxterE_2016","Baxter 2016",46,"fourfold","Streptococcus",0.84,0.8,0.88,80,88,5678,TRUE,TRUE,FALSE,TRUE,TRUE,TRUE,TRUE,"structural_absence_boundary_at_zero","ok","",""
"BaxterE_2016","Baxter 2016",46,"fourfold","Unclassified_Clostridiales",0.91,0.88,0.94,88,94,9851,TRUE,TRUE,TRUE,FALSE,TRUE,TRUE,TRUE,"ok","ok","",""
"BaxterE_2016","Baxter 2016",46,"fourfold","Unclassified_Lachnospiraceae",1,1,1,100,100,33592,TRUE,TRUE,FALSE,TRUE,TRUE,TRUE,TRUE,"no_observed_zeros","ok","",""
"BaxterE_2016","Baxter 2016",46,"fourfold","Unclassified_Ruminococcaceae",0.97,0.96,0.98,96,98,21321,TRUE,TRUE,TRUE,FALSE,TRUE,TRUE,TRUE,"ok","ok","",""
"BaxterE_2016","Baxter 2016",47,"balanced","Akkermansia",0.84,0.9,0.78,90,78,21826,TRUE,TRUE,TRUE,FALSE,TRUE,TRUE,TRUE,"ok","ok","",""
"BaxterE_2016","Baxter 2016",47,"balanced","Alistipes",0.92,0.89,0.95,89,95,23916,TRUE,TRUE,TRUE,FALSE,TRUE,TRUE,TRUE,"ok","ok","",""
"BaxterE_2016","Baxter 2016",47,"balanced","Anaerostipes",0.98,0.98,0.98,98,98,27708,TRUE,TRUE,TRUE,FALSE,TRUE,TRUE,TRUE,"ok","ok","",""
"BaxterE_2016","Baxter 2016",47,"balanced","Bacteroides",1,1,1,100,100,112710,TRUE,TRUE,FALSE,TRUE,TRUE,TRUE,TRUE,"no_observed_zeros","ok","",""
"BaxterE_2016","Baxter 2016",47,"balanced","Bifidobacterium",0.745,0.7,0.79,70,79,8744,TRUE,TRUE,TRUE,FALSE,TRUE,TRUE,TRUE,"ok","ok","",""
"BaxterE_2016","Baxter 2016",47,"balanced","Blautia",1,1,1,100,100,120622,TRUE,TRUE,FALSE,TRUE,TRUE,TRUE,TRUE,"no_observed_zeros","ok","",""
"BaxterE_2016","Baxter 2016",47,"balanced","Clostridium_IV",0.99,0.99,0.99,99,99,15458,TRUE,TRUE,TRUE,FALSE,TRUE,TRUE,TRUE,"ok","ok","",""
"BaxterE_2016","Baxter 2016",47,"balanced","Clostridium_sensu_stricto",0.76,0.79,0.73,79,73,8348,TRUE,TRUE,TRUE,FALSE,TRUE,TRUE,TRUE,"ok","ok","",""
"BaxterE_2016","Baxter 2016",47,"balanced","Clostridium_XI",0.83,0.84,0.82,84,82,8419,TRUE,TRUE,TRUE,FALSE,TRUE,TRUE,TRUE,"ok","ok","",""
"BaxterE_2016","Baxter 2016",47,"balanced","Clostridium_XlVa",0.995,1,0.99,100,99,14549,TRUE,TRUE,TRUE,FALSE,TRUE,TRUE,TRUE,"ok","ok","",""
"BaxterE_2016","Baxter 2016",47,"balanced","Clostridium_XVIII",0.89,0.87,0.91,87,91,4965,TRUE,TRUE,TRUE,FALSE,TRUE,TRUE,TRUE,"ok","ok","",""
"BaxterE_2016","Baxter 2016",47,"balanced","Collinsella",0.59,0.58,0.6,58,60,7872,TRUE,TRUE,TRUE,FALSE,TRUE,TRUE,TRUE,"ok","ok","",""
"BaxterE_2016","Baxter 2016",47,"balanced","Coprococcus",0.86,0.85,0.87,85,87,9590,TRUE,TRUE,TRUE,FALSE,TRUE,TRUE,TRUE,"ok","ok","",""
"BaxterE_2016","Baxter 2016",47,"balanced","Dorea",0.96,0.97,0.95,97,95,13219,TRUE,TRUE,TRUE,FALSE,TRUE,TRUE,TRUE,"ok","ok","",""
"BaxterE_2016","Baxter 2016",47,"balanced","Escherichia/Shigella",0.745,0.74,0.75,74,75,6906,TRUE,TRUE,FALSE,TRUE,TRUE,TRUE,TRUE,"structural_absence_boundary_at_zero","ok","",""
"BaxterE_2016","Baxter 2016",47,"balanced","Faecalibacterium",0.995,0.99,1,99,100,42720,TRUE,TRUE,TRUE,FALSE,TRUE,TRUE,TRUE,"ok","ok","",""
"BaxterE_2016","Baxter 2016",47,"balanced","Gemmiger",0.78,0.78,0.78,78,78,8707,TRUE,TRUE,TRUE,FALSE,TRUE,TRUE,TRUE,"ok","ok","",""
"BaxterE_2016","Baxter 2016",47,"balanced","Lachnospiracea_incertae_sedis",1,1,1,100,100,33838,TRUE,TRUE,FALSE,TRUE,TRUE,TRUE,TRUE,"no_observed_zeros","ok","",""
"BaxterE_2016","Baxter 2016",47,"balanced","Methanobrevibacter",0.4,0.41,0.39,41,39,5801,TRUE,TRUE,TRUE,FALSE,TRUE,TRUE,TRUE,"ok","ok","",""
"BaxterE_2016","Baxter 2016",47,"balanced","Oscillibacter",0.925,0.91,0.94,91,94,9622,TRUE,TRUE,TRUE,FALSE,TRUE,TRUE,TRUE,"ok","ok","",""
"BaxterE_2016","Baxter 2016",47,"balanced","Parabacteroides",0.73,0.71,0.75,71,75,5365,TRUE,TRUE,TRUE,FALSE,TRUE,TRUE,TRUE,"ok","ok","",""
"BaxterE_2016","Baxter 2016",47,"balanced","Phascolarctobacterium",0.66,0.62,0.7,62,70,7045,TRUE,TRUE,TRUE,FALSE,TRUE,TRUE,TRUE,"ok","ok","",""
"BaxterE_2016","Baxter 2016",47,"balanced","Prevotella",0.37,0.3,0.44,30,44,13341,TRUE,TRUE,TRUE,FALSE,TRUE,TRUE,TRUE,"ok","ok","",""
"BaxterE_2016","Baxter 2016",47,"balanced","Roseburia",0.98,1,0.96,100,96,32097,TRUE,TRUE,TRUE,FALSE,TRUE,TRUE,TRUE,"ok","ok","",""
"BaxterE_2016","Baxter 2016",47,"balanced","Ruminococcus",0.89,0.91,0.87,91,87,23217,TRUE,TRUE,TRUE,FALSE,TRUE,TRUE,TRUE,"ok","ok","",""
"BaxterE_2016","Baxter 2016",47,"balanced","Ruminococcus2",0.98,0.99,0.97,99,97,17075,TRUE,TRUE,TRUE,FALSE,TRUE,TRUE,TRUE,"ok","ok","",""
"BaxterE_2016","Baxter 2016",47,"balanced","Streptococcus",0.85,0.93,0.77,93,77,6031,TRUE,TRUE,TRUE,FALSE,TRUE,TRUE,TRUE,"ok","ok","",""
"BaxterE_2016","Baxter 2016",47,"balanced","Unclassified_Clostridiales",0.92,0.91,0.93,91,93,11274,TRUE,TRUE,TRUE,FALSE,TRUE,TRUE,TRUE,"ok","ok","",""
"BaxterE_2016","Baxter 2016",47,"balanced","Unclassified_Lachnospiraceae",1,1,1,100,100,34852,TRUE,TRUE,FALSE,TRUE,TRUE,TRUE,TRUE,"no_observed_zeros","ok","",""
"BaxterE_2016","Baxter 2016",47,"balanced","Unclassified_Ruminococcaceae",0.97,0.95,0.99,95,99,22552,TRUE,TRUE,TRUE,FALSE,TRUE,TRUE,TRUE,"ok","ok","",""
"BaxterE_2016","Baxter 2016",47,"fourfold","Akkermansia",0.81,0.81,0.81,81,81,21690,TRUE,TRUE,TRUE,FALSE,TRUE,TRUE,TRUE,"ok","ok","",""
"BaxterE_2016","Baxter 2016",47,"fourfold","Alistipes",0.92,0.85,0.99,85,99,23857,TRUE,TRUE,TRUE,FALSE,TRUE,TRUE,TRUE,"ok","ok","",""
"BaxterE_2016","Baxter 2016",47,"fourfold","Anaerostipes",0.98,0.97,0.99,97,99,26282,TRUE,TRUE,TRUE,FALSE,TRUE,TRUE,TRUE,"ok","ok","",""
"BaxterE_2016","Baxter 2016",47,"fourfold","Bacteroides",1,1,1,100,100,126142,TRUE,TRUE,FALSE,TRUE,TRUE,TRUE,TRUE,"no_observed_zeros","ok","",""
"BaxterE_2016","Baxter 2016",47,"fourfold","Bifidobacterium",0.725,0.67,0.78,67,78,9456,TRUE,TRUE,TRUE,FALSE,TRUE,TRUE,TRUE,"ok","ok","",""
"BaxterE_2016","Baxter 2016",47,"fourfold","Blautia",1,1,1,100,100,115891,TRUE,TRUE,FALSE,TRUE,TRUE,TRUE,TRUE,"no_observed_zeros","ok","",""
"BaxterE_2016","Baxter 2016",47,"fourfold","Clostridium_IV",0.97,0.95,0.99,95,99,15741,TRUE,TRUE,TRUE,FALSE,TRUE,TRUE,TRUE,"ok","ok","",""
"BaxterE_2016","Baxter 2016",47,"fourfold","Clostridium_sensu_stricto",0.705,0.67,0.74,67,74,7888,TRUE,TRUE,TRUE,FALSE,TRUE,TRUE,TRUE,"ok","ok","",""
"BaxterE_2016","Baxter 2016",47,"fourfold","Clostridium_XI",0.81,0.76,0.86,76,86,7368,TRUE,TRUE,TRUE,FALSE,TRUE,TRUE,TRUE,"ok","ok","",""
"BaxterE_2016","Baxter 2016",47,"fourfold","Clostridium_XlVa",0.985,0.98,0.99,98,99,16485,TRUE,TRUE,TRUE,FALSE,TRUE,TRUE,TRUE,"ok","ok","",""
"BaxterE_2016","Baxter 2016",47,"fourfold","Clostridium_XVIII",0.865,0.79,0.94,79,94,4177,TRUE,TRUE,TRUE,FALSE,TRUE,TRUE,TRUE,"ok","ok","",""
"BaxterE_2016","Baxter 2016",47,"fourfold","Collinsella",0.595,0.57,0.62,57,62,8537,TRUE,TRUE,TRUE,FALSE,TRUE,TRUE,TRUE,"ok","ok","",""
"BaxterE_2016","Baxter 2016",47,"fourfold","Coprococcus",0.855,0.84,0.87,84,87,7923,TRUE,TRUE,TRUE,FALSE,TRUE,TRUE,TRUE,"ok","ok","",""
"BaxterE_2016","Baxter 2016",47,"fourfold","Dorea",0.96,0.97,0.95,97,95,11962,TRUE,TRUE,TRUE,FALSE,TRUE,TRUE,TRUE,"ok","ok","",""
"BaxterE_2016","Baxter 2016",47,"fourfold","Escherichia/Shigella",0.685,0.59,0.78,59,78,7140,TRUE,TRUE,TRUE,FALSE,TRUE,TRUE,TRUE,"ok","ok","",""
"BaxterE_2016","Baxter 2016",47,"fourfold","Faecalibacterium",0.995,0.99,1,99,100,45000,TRUE,TRUE,TRUE,FALSE,TRUE,TRUE,TRUE,"ok","ok","",""
"BaxterE_2016","Baxter 2016",47,"fourfold","Gemmiger",0.785,0.77,0.8,77,80,8554,TRUE,TRUE,TRUE,FALSE,TRUE,TRUE,TRUE,"ok","ok","",""
"BaxterE_2016","Baxter 2016",47,"fourfold","Lachnospiracea_incertae_sedis",0.995,0.99,1,99,100,32768,TRUE,TRUE,TRUE,FALSE,TRUE,TRUE,TRUE,"ok","ok","",""
"BaxterE_2016","Baxter 2016",47,"fourfold","Methanobrevibacter",0.435,0.37,0.5,37,50,5984,TRUE,TRUE,TRUE,FALSE,TRUE,TRUE,TRUE,"ok","ok","",""
"BaxterE_2016","Baxter 2016",47,"fourfold","Oscillibacter",0.9,0.85,0.95,85,95,10903,TRUE,TRUE,TRUE,FALSE,TRUE,TRUE,TRUE,"ok","ok","",""
"BaxterE_2016","Baxter 2016",47,"fourfold","Parabacteroides",0.64,0.51,0.77,51,77,6256,TRUE,TRUE,TRUE,FALSE,TRUE,TRUE,TRUE,"ok","ok","",""
"BaxterE_2016","Baxter 2016",47,"fourfold","Phascolarctobacterium",0.63,0.54,0.72,54,72,7672,TRUE,TRUE,TRUE,FALSE,TRUE,TRUE,TRUE,"ok","ok","",""
"BaxterE_2016","Baxter 2016",47,"fourfold","Prevotella",0.355,0.22,0.49,22,49,15919,TRUE,TRUE,TRUE,FALSE,TRUE,TRUE,TRUE,"ok","ok","",""
"BaxterE_2016","Baxter 2016",47,"fourfold","Roseburia",0.985,0.99,0.98,99,98,29960,TRUE,TRUE,TRUE,FALSE,TRUE,TRUE,TRUE,"ok","ok","",""
"BaxterE_2016","Baxter 2016",47,"fourfold","Ruminococcus",0.89,0.87,0.91,87,91,24255,TRUE,TRUE,TRUE,FALSE,TRUE,TRUE,TRUE,"ok","ok","",""
"BaxterE_2016","Baxter 2016",47,"fourfold","Ruminococcus2",0.98,0.97,0.99,97,99,16695,TRUE,TRUE,TRUE,FALSE,TRUE,TRUE,TRUE,"ok","ok","",""
"BaxterE_2016","Baxter 2016",47,"fourfold","Streptococcus",0.865,0.85,0.88,85,88,5476,TRUE,TRUE,TRUE,FALSE,TRUE,TRUE,TRUE,"ok","ok","",""
"BaxterE_2016","Baxter 2016",47,"fourfold","Unclassified_Clostridiales",0.915,0.9,0.93,90,93,11429,TRUE,TRUE,TRUE,FALSE,TRUE,TRUE,TRUE,"ok","ok","",""
"BaxterE_2016","Baxter 2016",47,"fourfold","Unclassified_Lachnospiraceae",1,1,1,100,100,32740,TRUE,TRUE,FALSE,TRUE,TRUE,TRUE,TRUE,"no_observed_zeros","ok","",""
"BaxterE_2016","Baxter 2016",47,"fourfold","Unclassified_Ruminococcaceae",0.975,0.96,0.99,96,99,26082,TRUE,TRUE,TRUE,FALSE,TRUE,TRUE,TRUE,"ok","ok","",""
"BaxterE_2016","Baxter 2016",48,"balanced","Akkermansia",0.85,0.86,0.84,86,84,24819,TRUE,TRUE,TRUE,FALSE,TRUE,TRUE,TRUE,"ok","ok","",""
"BaxterE_2016","Baxter 2016",48,"balanced","Alistipes",0.94,0.94,0.94,94,94,26242,TRUE,TRUE,TRUE,FALSE,TRUE,TRUE,TRUE,"ok","ok","",""
"BaxterE_2016","Baxter 2016",48,"balanced","Anaerostipes",0.99,0.99,0.99,99,99,30071,TRUE,TRUE,TRUE,FALSE,TRUE,TRUE,TRUE,"ok","ok","",""
"BaxterE_2016","Baxter 2016",48,"balanced","Bacteroides",1,1,1,100,100,123660,TRUE,TRUE,FALSE,TRUE,TRUE,TRUE,TRUE,"no_observed_zeros","ok","",""
"BaxterE_2016","Baxter 2016",48,"balanced","Bifidobacterium",0.755,0.79,0.72,79,72,9422,TRUE,TRUE,TRUE,FALSE,TRUE,TRUE,TRUE,"ok","ok","",""
"BaxterE_2016","Baxter 2016",48,"balanced","Blautia",1,1,1,100,100,134297,TRUE,TRUE,FALSE,TRUE,TRUE,TRUE,TRUE,"no_observed_zeros","ok","",""
"BaxterE_2016","Baxter 2016",48,"balanced","Clostridium_IV",0.975,0.99,0.96,99,96,19238,TRUE,TRUE,TRUE,FALSE,TRUE,TRUE,TRUE,"ok","ok","",""
"BaxterE_2016","Baxter 2016",48,"balanced","Clostridium_sensu_stricto",0.745,0.77,0.72,77,72,9036,TRUE,TRUE,TRUE,FALSE,TRUE,TRUE,TRUE,"ok","ok","",""
"BaxterE_2016","Baxter 2016",48,"balanced","Clostridium_XI",0.825,0.84,0.81,84,81,9829,TRUE,TRUE,TRUE,FALSE,TRUE,TRUE,TRUE,"ok","ok","",""
"BaxterE_2016","Baxter 2016",48,"balanced","Clostridium_XlVa",1,1,1,100,100,15919,TRUE,TRUE,FALSE,TRUE,TRUE,TRUE,TRUE,"no_observed_zeros","ok","",""
"BaxterE_2016","Baxter 2016",48,"balanced","Clostridium_XVIII",0.9,0.91,0.89,91,89,6268,TRUE,TRUE,TRUE,FALSE,TRUE,TRUE,TRUE,"ok","ok","",""
"BaxterE_2016","Baxter 2016",48,"balanced","Collinsella",0.595,0.59,0.6,59,60,7893,TRUE,TRUE,TRUE,FALSE,TRUE,TRUE,TRUE,"ok","ok","",""
"BaxterE_2016","Baxter 2016",48,"balanced","Coprococcus",0.875,0.9,0.85,90,85,9431,TRUE,TRUE,TRUE,FALSE,TRUE,TRUE,TRUE,"ok","ok","",""
"BaxterE_2016","Baxter 2016",48,"balanced","Dorea",0.955,0.95,0.96,95,96,14423,TRUE,TRUE,TRUE,FALSE,TRUE,TRUE,TRUE,"ok","ok","",""
"BaxterE_2016","Baxter 2016",48,"balanced","Escherichia/Shigella",0.74,0.76,0.72,76,72,7126,TRUE,TRUE,TRUE,FALSE,TRUE,TRUE,TRUE,"ok","ok","",""
"BaxterE_2016","Baxter 2016",48,"balanced","Faecalibacterium",0.99,0.99,0.99,99,99,46200,TRUE,TRUE,TRUE,FALSE,TRUE,TRUE,TRUE,"ok","ok","",""
"BaxterE_2016","Baxter 2016",48,"balanced","Gemmiger",0.785,0.78,0.79,78,79,9482,TRUE,TRUE,TRUE,FALSE,TRUE,TRUE,TRUE,"ok","ok","",""
"BaxterE_2016","Baxter 2016",48,"balanced","Lachnospiracea_incertae_sedis",1,1,1,100,100,35019,TRUE,TRUE,FALSE,TRUE,TRUE,TRUE,TRUE,"no_observed_zeros","ok","",""
"BaxterE_2016","Baxter 2016",48,"balanced","Methanobrevibacter",0.39,0.32,0.46,32,46,6061,TRUE,TRUE,TRUE,FALSE,TRUE,TRUE,TRUE,"ok","ok","",""
"BaxterE_2016","Baxter 2016",48,"balanced","Oscillibacter",0.91,0.94,0.88,94,88,9853,TRUE,TRUE,TRUE,FALSE,TRUE,TRUE,TRUE,"ok","ok","",""
"BaxterE_2016","Baxter 2016",48,"balanced","Parabacteroides",0.71,0.71,0.71,71,71,5582,TRUE,TRUE,TRUE,FALSE,TRUE,TRUE,TRUE,"ok","ok","",""
"BaxterE_2016","Baxter 2016",48,"balanced","Phascolarctobacterium",0.64,0.69,0.59,69,59,7247,TRUE,TRUE,TRUE,FALSE,TRUE,TRUE,TRUE,"ok","ok","",""
"BaxterE_2016","Baxter 2016",48,"balanced","Prevotella",0.365,0.38,0.35,38,35,11541,TRUE,TRUE,TRUE,FALSE,TRUE,TRUE,TRUE,"ok","ok","",""
"BaxterE_2016","Baxter 2016",48,"balanced","Roseburia",0.98,0.99,0.97,99,97,35449,TRUE,TRUE,TRUE,FALSE,TRUE,TRUE,TRUE,"ok","ok","",""
"BaxterE_2016","Baxter 2016",48,"balanced","Ruminococcus",0.9,0.91,0.89,91,89,25124,TRUE,TRUE,TRUE,FALSE,TRUE,TRUE,TRUE,"ok","ok","",""
"BaxterE_2016","Baxter 2016",48,"balanced","Ruminococcus2",0.97,0.98,0.96,98,96,19418,TRUE,TRUE,TRUE,FALSE,TRUE,TRUE,TRUE,"ok","ok","",""
"BaxterE_2016","Baxter 2016",48,"balanced","Streptococcus",0.85,0.85,0.85,85,85,6656,TRUE,TRUE,TRUE,FALSE,TRUE,TRUE,TRUE,"ok","ok","",""
"BaxterE_2016","Baxter 2016",48,"balanced","Unclassified_Clostridiales",0.915,0.92,0.91,92,91,11332,TRUE,TRUE,TRUE,FALSE,TRUE,TRUE,TRUE,"ok","ok","",""
"BaxterE_2016","Baxter 2016",48,"balanced","Unclassified_Lachnospiraceae",1,1,1,100,100,38063,TRUE,TRUE,FALSE,TRUE,TRUE,TRUE,TRUE,"no_observed_zeros","ok","",""
"BaxterE_2016","Baxter 2016",48,"balanced","Unclassified_Ruminococcaceae",0.98,1,0.96,100,96,23703,TRUE,TRUE,TRUE,FALSE,TRUE,TRUE,TRUE,"ok","ok","",""
"BaxterE_2016","Baxter 2016",48,"fourfold","Akkermansia",0.82,0.78,0.86,78,86,19713,TRUE,TRUE,TRUE,FALSE,TRUE,TRUE,TRUE,"ok","ok","",""
"BaxterE_2016","Baxter 2016",48,"fourfold","Alistipes",0.91,0.89,0.93,89,93,21890,TRUE,TRUE,TRUE,FALSE,TRUE,TRUE,TRUE,"ok","ok","",""
"BaxterE_2016","Baxter 2016",48,"fourfold","Anaerostipes",0.965,0.95,0.98,95,98,26761,TRUE,TRUE,TRUE,FALSE,TRUE,TRUE,TRUE,"ok","ok","",""
"BaxterE_2016","Baxter 2016",48,"fourfold","Bacteroides",1,1,1,100,100,109898,TRUE,TRUE,FALSE,TRUE,TRUE,TRUE,TRUE,"no_observed_zeros","ok","",""
"BaxterE_2016","Baxter 2016",48,"fourfold","Bifidobacterium",0.725,0.73,0.72,73,72,6742,TRUE,TRUE,TRUE,FALSE,TRUE,TRUE,TRUE,"ok","ok","",""
"BaxterE_2016","Baxter 2016",48,"fourfold","Blautia",1,1,1,100,100,114931,TRUE,TRUE,FALSE,TRUE,TRUE,TRUE,TRUE,"no_observed_zeros","ok","",""
"BaxterE_2016","Baxter 2016",48,"fourfold","Clostridium_IV",0.995,0.99,1,99,100,15520,TRUE,TRUE,FALSE,TRUE,TRUE,TRUE,TRUE,"structural_absence_boundary_at_zero","ok","",""
"BaxterE_2016","Baxter 2016",48,"fourfold","Clostridium_sensu_stricto",0.72,0.73,0.71,73,71,7751,TRUE,TRUE,TRUE,FALSE,TRUE,TRUE,TRUE,"ok","ok","",""
"BaxterE_2016","Baxter 2016",48,"fourfold","Clostridium_XI",0.835,0.84,0.83,84,83,7826,TRUE,TRUE,TRUE,FALSE,TRUE,TRUE,TRUE,"ok","ok","",""
"BaxterE_2016","Baxter 2016",48,"fourfold","Clostridium_XlVa",1,1,1,100,100,14527,TRUE,TRUE,FALSE,TRUE,TRUE,TRUE,TRUE,"no_observed_zeros","ok","",""
"BaxterE_2016","Baxter 2016",48,"fourfold","Clostridium_XVIII",0.875,0.83,0.92,83,92,4171,TRUE,TRUE,TRUE,FALSE,TRUE,TRUE,TRUE,"ok","ok","",""
"BaxterE_2016","Baxter 2016",48,"fourfold","Collinsella",0.585,0.55,0.62,55,62,6738,TRUE,TRUE,TRUE,FALSE,TRUE,TRUE,TRUE,"ok","ok","",""
"BaxterE_2016","Baxter 2016",48,"fourfold","Coprococcus",0.87,0.87,0.87,87,87,7750,TRUE,TRUE,TRUE,FALSE,TRUE,TRUE,TRUE,"ok","ok","",""
"BaxterE_2016","Baxter 2016",48,"fourfold","Dorea",0.94,0.92,0.96,92,96,12629,TRUE,TRUE,TRUE,FALSE,TRUE,TRUE,TRUE,"ok","ok","",""
"BaxterE_2016","Baxter 2016",48,"fourfold","Escherichia/Shigella",0.695,0.64,0.75,64,75,7027,TRUE,TRUE,TRUE,FALSE,TRUE,TRUE,TRUE,"ok","ok","",""
"BaxterE_2016","Baxter 2016",48,"fourfold","Faecalibacterium",0.98,0.98,0.98,98,98,40323,TRUE,TRUE,TRUE,FALSE,TRUE,TRUE,TRUE,"ok","ok","",""
"BaxterE_2016","Baxter 2016",48,"fourfold","Gemmiger",0.79,0.79,0.79,79,79,8198,TRUE,TRUE,TRUE,FALSE,TRUE,TRUE,TRUE,"ok","ok","",""
"BaxterE_2016","Baxter 2016",48,"fourfold","Lachnospiracea_incertae_sedis",1,1,1,100,100,28189,TRUE,TRUE,FALSE,TRUE,TRUE,TRUE,TRUE,"no_observed_zeros","ok","",""
"BaxterE_2016","Baxter 2016",48,"fourfold","Methanobrevibacter",0.375,0.29,0.46,29,46,7570,TRUE,TRUE,TRUE,FALSE,TRUE,TRUE,TRUE,"ok","ok","",""
"BaxterE_2016","Baxter 2016",48,"fourfold","Oscillibacter",0.885,0.87,0.9,87,90,10808,TRUE,TRUE,TRUE,FALSE,TRUE,TRUE,TRUE,"ok","ok","",""
"BaxterE_2016","Baxter 2016",48,"fourfold","Parabacteroides",0.68,0.6,0.76,60,76,4693,TRUE,TRUE,TRUE,FALSE,TRUE,TRUE,TRUE,"ok","ok","",""
"BaxterE_2016","Baxter 2016",48,"fourfold","Phascolarctobacterium",0.625,0.62,0.63,62,63,6332,TRUE,TRUE,TRUE,FALSE,TRUE,TRUE,TRUE,"ok","ok","",""
"BaxterE_2016","Baxter 2016",48,"fourfold","Prevotella",0.35,0.34,0.36,34,36,10261,TRUE,TRUE,TRUE,FALSE,TRUE,TRUE,TRUE,"ok","ok","",""
"BaxterE_2016","Baxter 2016",48,"fourfold","Roseburia",0.98,0.98,0.98,98,98,30441,TRUE,TRUE,TRUE,FALSE,TRUE,TRUE,TRUE,"ok","ok","",""
"BaxterE_2016","Baxter 2016",48,"fourfold","Ruminococcus",0.89,0.9,0.88,90,88,22816,TRUE,TRUE,TRUE,FALSE,TRUE,TRUE,TRUE,"ok","ok","",""
"BaxterE_2016","Baxter 2016",48,"fourfold","Ruminococcus2",0.965,0.94,0.99,94,99,15770,TRUE,TRUE,TRUE,FALSE,TRUE,TRUE,TRUE,"ok","ok","",""
"BaxterE_2016","Baxter 2016",48,"fourfold","Streptococcus",0.815,0.73,0.9,73,90,6352,TRUE,TRUE,TRUE,FALSE,TRUE,TRUE,TRUE,"ok","ok","",""
"BaxterE_2016","Baxter 2016",48,"fourfold","Unclassified_Clostridiales",0.93,0.93,0.93,93,93,10511,TRUE,TRUE,TRUE,FALSE,TRUE,TRUE,TRUE,"ok","ok","",""
"BaxterE_2016","Baxter 2016",48,"fourfold","Unclassified_Lachnospiraceae",1,1,1,100,100,33240,TRUE,TRUE,FALSE,TRUE,TRUE,TRUE,TRUE,"no_observed_zeros","ok","",""
"BaxterE_2016","Baxter 2016",48,"fourfold","Unclassified_Ruminococcaceae",0.99,0.99,0.99,99,99,24058,TRUE,TRUE,TRUE,FALSE,TRUE,TRUE,TRUE,"ok","ok","",""
"BaxterE_2016","Baxter 2016",49,"balanced","Akkermansia",0.855,0.81,0.9,81,90,24454,TRUE,TRUE,TRUE,FALSE,TRUE,TRUE,TRUE,"ok","ok","",""
"BaxterE_2016","Baxter 2016",49,"balanced","Alistipes",0.925,0.92,0.93,92,93,29533,TRUE,TRUE,TRUE,FALSE,TRUE,TRUE,TRUE,"ok","ok","",""
"BaxterE_2016","Baxter 2016",49,"balanced","Anaerostipes",0.98,0.99,0.97,99,97,30517,TRUE,TRUE,TRUE,FALSE,TRUE,TRUE,TRUE,"ok","ok","",""
"BaxterE_2016","Baxter 2016",49,"balanced","Bacteroides",1,1,1,100,100,138350,TRUE,TRUE,FALSE,TRUE,TRUE,TRUE,TRUE,"no_observed_zeros","ok","",""
"BaxterE_2016","Baxter 2016",49,"balanced","Bifidobacterium",0.74,0.79,0.69,79,69,9329,TRUE,TRUE,TRUE,FALSE,TRUE,TRUE,TRUE,"ok","ok","",""
"BaxterE_2016","Baxter 2016",49,"balanced","Blautia",0.995,0.99,1,99,100,136876,TRUE,TRUE,TRUE,FALSE,TRUE,TRUE,TRUE,"ok","ok","",""
"BaxterE_2016","Baxter 2016",49,"balanced","Clostridium_IV",0.99,0.99,0.99,99,99,19211,TRUE,TRUE,TRUE,FALSE,TRUE,TRUE,TRUE,"ok","ok","",""
"BaxterE_2016","Baxter 2016",49,"balanced","Clostridium_sensu_stricto",0.775,0.76,0.79,76,79,9587,TRUE,TRUE,TRUE,FALSE,TRUE,TRUE,TRUE,"ok","ok","",""
"BaxterE_2016","Baxter 2016",49,"balanced","Clostridium_XI",0.86,0.87,0.85,87,85,9306,TRUE,TRUE,TRUE,FALSE,TRUE,TRUE,TRUE,"ok","ok","",""
"BaxterE_2016","Baxter 2016",49,"balanced","Clostridium_XlVa",1,1,1,100,100,16641,TRUE,TRUE,FALSE,TRUE,TRUE,TRUE,TRUE,"no_observed_zeros","ok","",""
"BaxterE_2016","Baxter 2016",49,"balanced","Clostridium_XVIII",0.905,0.9,0.91,90,91,5396,TRUE,TRUE,TRUE,FALSE,TRUE,TRUE,TRUE,"ok","ok","",""
"BaxterE_2016","Baxter 2016",49,"balanced","Collinsella",0.6,0.61,0.59,61,59,8718,TRUE,TRUE,TRUE,FALSE,TRUE,TRUE,TRUE,"ok","ok","",""
"BaxterE_2016","Baxter 2016",49,"balanced","Coprococcus",0.865,0.86,0.87,86,87,10077,TRUE,TRUE,TRUE,FALSE,TRUE,TRUE,TRUE,"ok","ok","",""
"BaxterE_2016","Baxter 2016",49,"balanced","Dorea",0.955,0.93,0.98,93,98,15072,TRUE,TRUE,TRUE,FALSE,TRUE,TRUE,TRUE,"ok","ok","",""
"BaxterE_2016","Baxter 2016",49,"balanced","Escherichia/Shigella",0.79,0.74,0.84,74,84,7068,TRUE,TRUE,TRUE,FALSE,TRUE,TRUE,TRUE,"ok","ok","",""
"BaxterE_2016","Baxter 2016",49,"balanced","Faecalibacterium",0.98,0.97,0.99,97,99,47115,TRUE,TRUE,TRUE,FALSE,TRUE,TRUE,TRUE,"ok","ok","",""
"BaxterE_2016","Baxter 2016",49,"balanced","Gemmiger",0.795,0.8,0.79,80,79,9452,TRUE,TRUE,TRUE,FALSE,TRUE,TRUE,TRUE,"ok","ok","",""
"BaxterE_2016","Baxter 2016",49,"balanced","Lachnospiracea_incertae_sedis",1,1,1,100,100,36019,TRUE,TRUE,FALSE,TRUE,TRUE,TRUE,TRUE,"no_observed_zeros","ok","",""
"BaxterE_2016","Baxter 2016",49,"balanced","Methanobrevibacter",0.405,0.38,0.43,38,43,6637,TRUE,TRUE,TRUE,FALSE,TRUE,TRUE,TRUE,"ok","ok","",""
"BaxterE_2016","Baxter 2016",49,"balanced","Oscillibacter",0.92,0.91,0.93,91,93,10845,TRUE,TRUE,TRUE,FALSE,TRUE,TRUE,TRUE,"ok","ok","",""
"BaxterE_2016","Baxter 2016",49,"balanced","Parabacteroides",0.73,0.71,0.75,71,75,5841,TRUE,TRUE,TRUE,FALSE,TRUE,TRUE,TRUE,"ok","ok","",""
"BaxterE_2016","Baxter 2016",49,"balanced","Phascolarctobacterium",0.635,0.62,0.65,62,65,7809,TRUE,TRUE,TRUE,FALSE,TRUE,TRUE,TRUE,"ok","ok","",""
"BaxterE_2016","Baxter 2016",49,"balanced","Prevotella",0.385,0.38,0.39,38,39,13461,TRUE,TRUE,TRUE,FALSE,TRUE,TRUE,TRUE,"ok","ok","",""
"BaxterE_2016","Baxter 2016",49,"balanced","Roseburia",0.98,0.99,0.97,99,97,37751,TRUE,TRUE,TRUE,FALSE,TRUE,TRUE,TRUE,"ok","ok","",""
"BaxterE_2016","Baxter 2016",49,"balanced","Ruminococcus",0.88,0.84,0.92,84,92,27621,TRUE,TRUE,TRUE,FALSE,TRUE,TRUE,TRUE,"ok","ok","",""
"BaxterE_2016","Baxter 2016",49,"balanced","Ruminococcus2",0.97,1,0.94,100,94,18374,TRUE,TRUE,TRUE,FALSE,TRUE,TRUE,TRUE,"ok","ok","",""
"BaxterE_2016","Baxter 2016",49,"balanced","Streptococcus",0.875,0.88,0.87,88,87,6576,TRUE,TRUE,TRUE,FALSE,TRUE,TRUE,TRUE,"ok","ok","",""
"BaxterE_2016","Baxter 2016",49,"balanced","Unclassified_Clostridiales",0.925,0.89,0.96,89,96,12302,TRUE,TRUE,TRUE,FALSE,TRUE,TRUE,TRUE,"ok","ok","",""
"BaxterE_2016","Baxter 2016",49,"balanced","Unclassified_Lachnospiraceae",1,1,1,100,100,39875,TRUE,TRUE,FALSE,TRUE,TRUE,TRUE,TRUE,"no_observed_zeros","ok","",""
"BaxterE_2016","Baxter 2016",49,"balanced","Unclassified_Ruminococcaceae",0.985,0.99,0.98,99,98,25744,TRUE,TRUE,TRUE,FALSE,TRUE,TRUE,TRUE,"ok","ok","",""
"BaxterE_2016","Baxter 2016",49,"fourfold","Akkermansia",0.85,0.78,0.92,78,92,25303,TRUE,TRUE,TRUE,FALSE,TRUE,TRUE,TRUE,"ok","ok","",""
"BaxterE_2016","Baxter 2016",49,"fourfold","Alistipes",0.925,0.92,0.93,92,93,22252,TRUE,TRUE,TRUE,FALSE,TRUE,TRUE,TRUE,"ok","ok","",""
"BaxterE_2016","Baxter 2016",49,"fourfold","Anaerostipes",0.97,0.95,0.99,95,99,28171,TRUE,TRUE,TRUE,FALSE,TRUE,TRUE,TRUE,"ok","ok","",""
"BaxterE_2016","Baxter 2016",49,"fourfold","Bacteroides",0.995,0.99,1,99,100,115256,TRUE,TRUE,TRUE,FALSE,TRUE,TRUE,TRUE,"ok","ok","",""
"BaxterE_2016","Baxter 2016",49,"fourfold","Bifidobacterium",0.72,0.71,0.73,71,73,9072,TRUE,TRUE,TRUE,FALSE,TRUE,TRUE,TRUE,"ok","ok","",""
"BaxterE_2016","Baxter 2016",49,"fourfold","Blautia",0.995,0.99,1,99,100,125257,TRUE,TRUE,TRUE,FALSE,TRUE,TRUE,TRUE,"ok","ok","",""
"BaxterE_2016","Baxter 2016",49,"fourfold","Clostridium_IV",0.99,0.99,0.99,99,99,14802,TRUE,TRUE,TRUE,FALSE,TRUE,TRUE,TRUE,"ok","ok","",""
"BaxterE_2016","Baxter 2016",49,"fourfold","Clostridium_sensu_stricto",0.72,0.65,0.79,65,79,9185,TRUE,TRUE,TRUE,FALSE,TRUE,TRUE,TRUE,"ok","ok","",""
"BaxterE_2016","Baxter 2016",49,"fourfold","Clostridium_XI",0.815,0.78,0.85,78,85,9345,TRUE,TRUE,TRUE,FALSE,TRUE,TRUE,TRUE,"ok","ok","",""
"BaxterE_2016","Baxter 2016",49,"fourfold","Clostridium_XlVa",0.995,0.99,1,99,100,14101,TRUE,TRUE,FALSE,TRUE,TRUE,TRUE,TRUE,"structural_absence_boundary_at_zero","ok","",""
"BaxterE_2016","Baxter 2016",49,"fourfold","Clostridium_XVIII",0.845,0.78,0.91,78,91,4494,TRUE,TRUE,TRUE,FALSE,TRUE,TRUE,TRUE,"ok","ok","",""
"BaxterE_2016","Baxter 2016",49,"fourfold","Collinsella",0.6,0.55,0.65,55,65,6856,TRUE,TRUE,TRUE,FALSE,TRUE,TRUE,TRUE,"ok","ok","",""
"BaxterE_2016","Baxter 2016",49,"fourfold","Coprococcus",0.855,0.81,0.9,81,90,8274,TRUE,TRUE,TRUE,FALSE,TRUE,TRUE,TRUE,"ok","ok","",""
"BaxterE_2016","Baxter 2016",49,"fourfold","Dorea",0.955,0.93,0.98,93,98,12632,TRUE,TRUE,TRUE,FALSE,TRUE,TRUE,TRUE,"ok","ok","",""
"BaxterE_2016","Baxter 2016",49,"fourfold","Escherichia/Shigella",0.72,0.64,0.8,64,80,6550,TRUE,TRUE,TRUE,FALSE,TRUE,TRUE,TRUE,"ok","ok","",""
"BaxterE_2016","Baxter 2016",49,"fourfold","Faecalibacterium",0.995,1,0.99,100,99,41090,TRUE,TRUE,TRUE,FALSE,TRUE,TRUE,TRUE,"ok","ok","",""
"BaxterE_2016","Baxter 2016",49,"fourfold","Gemmiger",0.785,0.76,0.81,76,81,7136,TRUE,TRUE,TRUE,FALSE,TRUE,TRUE,TRUE,"ok","ok","",""
"BaxterE_2016","Baxter 2016",49,"fourfold","Lachnospiracea_incertae_sedis",0.995,0.99,1,99,100,33916,TRUE,TRUE,TRUE,FALSE,TRUE,TRUE,TRUE,"ok","ok","",""
"BaxterE_2016","Baxter 2016",49,"fourfold","Methanobrevibacter",0.41,0.33,0.49,33,49,7327,TRUE,TRUE,TRUE,FALSE,TRUE,TRUE,TRUE,"ok","ok","",""
"BaxterE_2016","Baxter 2016",49,"fourfold","Oscillibacter",0.88,0.81,0.95,81,95,10148,TRUE,TRUE,TRUE,FALSE,TRUE,TRUE,TRUE,"ok","ok","",""
"BaxterE_2016","Baxter 2016",49,"fourfold","Parabacteroides",0.7,0.64,0.76,64,76,4597,TRUE,TRUE,TRUE,FALSE,TRUE,TRUE,TRUE,"ok","ok","",""
"BaxterE_2016","Baxter 2016",49,"fourfold","Phascolarctobacterium",0.63,0.58,0.68,58,68,8184,TRUE,TRUE,TRUE,FALSE,TRUE,TRUE,TRUE,"ok","ok","",""
"BaxterE_2016","Baxter 2016",49,"fourfold","Prevotella",0.35,0.3,0.4,30,40,12651,TRUE,TRUE,TRUE,FALSE,TRUE,TRUE,TRUE,"ok","ok","",""
"BaxterE_2016","Baxter 2016",49,"fourfold","Roseburia",0.98,0.98,0.98,98,98,32154,TRUE,TRUE,TRUE,FALSE,TRUE,TRUE,TRUE,"ok","ok","",""
"BaxterE_2016","Baxter 2016",49,"fourfold","Ruminococcus",0.875,0.83,0.92,83,92,25453,TRUE,TRUE,TRUE,FALSE,TRUE,TRUE,TRUE,"ok","ok","",""
"BaxterE_2016","Baxter 2016",49,"fourfold","Ruminococcus2",0.985,1,0.97,100,97,16321,TRUE,TRUE,TRUE,FALSE,TRUE,TRUE,TRUE,"ok","ok","",""
"BaxterE_2016","Baxter 2016",49,"fourfold","Streptococcus",0.82,0.79,0.85,79,85,6559,TRUE,TRUE,TRUE,FALSE,TRUE,TRUE,TRUE,"ok","ok","",""
"BaxterE_2016","Baxter 2016",49,"fourfold","Unclassified_Clostridiales",0.92,0.89,0.95,89,95,9738,TRUE,TRUE,TRUE,FALSE,TRUE,TRUE,TRUE,"ok","ok","",""
"BaxterE_2016","Baxter 2016",49,"fourfold","Unclassified_Lachnospiraceae",1,1,1,100,100,35633,TRUE,TRUE,FALSE,TRUE,TRUE,TRUE,TRUE,"no_observed_zeros","ok","",""
"BaxterE_2016","Baxter 2016",49,"fourfold","Unclassified_Ruminococcaceae",0.975,0.96,0.99,96,99,22837,TRUE,TRUE,TRUE,FALSE,TRUE,TRUE,TRUE,"ok","ok","",""
"BaxterE_2016","Baxter 2016",50,"balanced","Akkermansia",0.85,0.84,0.86,84,86,22508,TRUE,TRUE,TRUE,FALSE,TRUE,TRUE,TRUE,"ok","ok","",""
"BaxterE_2016","Baxter 2016",50,"balanced","Alistipes",0.925,0.92,0.93,92,93,25453,TRUE,TRUE,TRUE,FALSE,TRUE,TRUE,TRUE,"ok","ok","",""
"BaxterE_2016","Baxter 2016",50,"balanced","Anaerostipes",0.985,0.98,0.99,98,99,28493,TRUE,TRUE,TRUE,FALSE,TRUE,TRUE,TRUE,"ok","ok","",""
"BaxterE_2016","Baxter 2016",50,"balanced","Bacteroides",0.995,0.99,1,99,100,125854,TRUE,TRUE,TRUE,FALSE,TRUE,TRUE,TRUE,"ok","ok","",""
"BaxterE_2016","Baxter 2016",50,"balanced","Bifidobacterium",0.74,0.76,0.72,76,72,9345,TRUE,TRUE,TRUE,FALSE,TRUE,TRUE,TRUE,"ok","ok","",""
"BaxterE_2016","Baxter 2016",50,"balanced","Blautia",1,1,1,100,100,127348,TRUE,TRUE,FALSE,TRUE,TRUE,TRUE,TRUE,"no_observed_zeros","ok","",""
"BaxterE_2016","Baxter 2016",50,"balanced","Clostridium_IV",0.99,0.99,0.99,99,99,16318,TRUE,TRUE,TRUE,FALSE,TRUE,TRUE,TRUE,"ok","ok","",""
"BaxterE_2016","Baxter 2016",50,"balanced","Clostridium_sensu_stricto",0.76,0.73,0.79,73,79,8541,TRUE,TRUE,TRUE,FALSE,TRUE,TRUE,TRUE,"ok","ok","",""
"BaxterE_2016","Baxter 2016",50,"balanced","Clostridium_XI",0.845,0.84,0.85,84,85,8040,TRUE,TRUE,TRUE,FALSE,TRUE,TRUE,TRUE,"ok","ok","",""
"BaxterE_2016","Baxter 2016",50,"balanced","Clostridium_XlVa",0.995,1,0.99,100,99,15551,TRUE,TRUE,TRUE,FALSE,TRUE,TRUE,TRUE,"ok","ok","",""
"BaxterE_2016","Baxter 2016",50,"balanced","Clostridium_XVIII",0.91,0.98,0.84,98,84,4787,TRUE,TRUE,TRUE,FALSE,TRUE,TRUE,TRUE,"ok","ok","",""
"BaxterE_2016","Baxter 2016",50,"balanced","Collinsella",0.61,0.6,0.62,60,62,8052,TRUE,TRUE,TRUE,FALSE,TRUE,TRUE,TRUE,"ok","ok","",""
"BaxterE_2016","Baxter 2016",50,"balanced","Coprococcus",0.88,0.91,0.85,91,85,8727,TRUE,TRUE,TRUE,FALSE,TRUE,TRUE,TRUE,"ok","ok","",""
"BaxterE_2016","Baxter 2016",50,"balanced","Dorea",0.955,0.96,0.95,96,95,13606,TRUE,TRUE,TRUE,FALSE,TRUE,TRUE,TRUE,"ok","ok","",""
"BaxterE_2016","Baxter 2016",50,"balanced","Escherichia/Shigella",0.77,0.72,0.82,72,82,7033,TRUE,TRUE,FALSE,TRUE,TRUE,TRUE,TRUE,"structural_absence_boundary_at_zero","ok","",""
"BaxterE_2016","Baxter 2016",50,"balanced","Faecalibacterium",0.995,0.99,1,99,100,44716,TRUE,TRUE,TRUE,FALSE,TRUE,TRUE,TRUE,"ok","ok","",""
"BaxterE_2016","Baxter 2016",50,"balanced","Gemmiger",0.8,0.82,0.78,82,78,8559,TRUE,TRUE,TRUE,FALSE,TRUE,TRUE,TRUE,"ok","ok","",""
"BaxterE_2016","Baxter 2016",50,"balanced","Lachnospiracea_incertae_sedis",1,1,1,100,100,33515,TRUE,TRUE,FALSE,TRUE,TRUE,TRUE,TRUE,"no_observed_zeros","ok","",""
"BaxterE_2016","Baxter 2016",50,"balanced","Methanobrevibacter",0.42,0.43,0.41,43,41,6347,TRUE,TRUE,TRUE,FALSE,TRUE,TRUE,TRUE,"ok","ok","",""
"BaxterE_2016","Baxter 2016",50,"balanced","Oscillibacter",0.905,0.92,0.89,92,89,10409,TRUE,TRUE,TRUE,FALSE,TRUE,TRUE,TRUE,"ok","ok","",""
"BaxterE_2016","Baxter 2016",50,"balanced","Parabacteroides",0.71,0.66,0.76,66,76,5967,TRUE,TRUE,TRUE,FALSE,TRUE,TRUE,TRUE,"ok","ok","",""
"BaxterE_2016","Baxter 2016",50,"balanced","Phascolarctobacterium",0.65,0.59,0.71,59,71,7956,TRUE,TRUE,TRUE,FALSE,TRUE,TRUE,TRUE,"ok","ok","",""
"BaxterE_2016","Baxter 2016",50,"balanced","Prevotella",0.395,0.32,0.47,32,47,16984,TRUE,TRUE,TRUE,FALSE,TRUE,TRUE,TRUE,"ok","ok","",""
"BaxterE_2016","Baxter 2016",50,"balanced","Roseburia",0.985,0.98,0.99,98,99,32699,TRUE,TRUE,TRUE,FALSE,TRUE,TRUE,TRUE,"ok","ok","",""
"BaxterE_2016","Baxter 2016",50,"balanced","Ruminococcus",0.905,0.89,0.92,89,92,23741,TRUE,TRUE,TRUE,FALSE,TRUE,TRUE,TRUE,"ok","ok","",""
"BaxterE_2016","Baxter 2016",50,"balanced","Ruminococcus2",0.98,0.97,0.99,97,99,18343,TRUE,TRUE,TRUE,FALSE,TRUE,TRUE,TRUE,"ok","ok","",""
"BaxterE_2016","Baxter 2016",50,"balanced","Streptococcus",0.88,0.89,0.87,89,87,6483,TRUE,TRUE,TRUE,FALSE,TRUE,TRUE,TRUE,"ok","ok","",""
"BaxterE_2016","Baxter 2016",50,"balanced","Unclassified_Clostridiales",0.925,0.94,0.91,94,91,10488,TRUE,TRUE,TRUE,FALSE,TRUE,TRUE,TRUE,"ok","ok","",""
"BaxterE_2016","Baxter 2016",50,"balanced","Unclassified_Lachnospiraceae",1,1,1,100,100,36839,TRUE,TRUE,FALSE,TRUE,TRUE,TRUE,TRUE,"no_observed_zeros","ok","",""
"BaxterE_2016","Baxter 2016",50,"balanced","Unclassified_Ruminococcaceae",0.98,0.97,0.99,97,99,24368,TRUE,TRUE,TRUE,FALSE,TRUE,TRUE,TRUE,"ok","ok","",""
"BaxterE_2016","Baxter 2016",50,"fourfold","Akkermansia",0.82,0.81,0.83,81,83,20490,TRUE,TRUE,TRUE,FALSE,TRUE,TRUE,TRUE,"ok","ok","",""
"BaxterE_2016","Baxter 2016",50,"fourfold","Alistipes",0.895,0.87,0.92,87,92,24030,TRUE,TRUE,TRUE,FALSE,TRUE,TRUE,TRUE,"ok","ok","",""
"BaxterE_2016","Baxter 2016",50,"fourfold","Anaerostipes",0.975,0.96,0.99,96,99,29123,TRUE,TRUE,TRUE,FALSE,TRUE,TRUE,TRUE,"ok","ok","",""
"BaxterE_2016","Baxter 2016",50,"fourfold","Bacteroides",0.995,0.99,1,99,100,115610,TRUE,TRUE,TRUE,FALSE,TRUE,TRUE,TRUE,"ok","ok","",""
"BaxterE_2016","Baxter 2016",50,"fourfold","Bifidobacterium",0.725,0.71,0.74,71,74,8694,TRUE,TRUE,TRUE,FALSE,TRUE,TRUE,TRUE,"ok","ok","",""
"BaxterE_2016","Baxter 2016",50,"fourfold","Blautia",1,1,1,100,100,121355,TRUE,TRUE,FALSE,TRUE,TRUE,TRUE,TRUE,"no_observed_zeros","ok","",""
"BaxterE_2016","Baxter 2016",50,"fourfold","Clostridium_IV",0.985,0.98,0.99,98,99,16463,TRUE,TRUE,TRUE,FALSE,TRUE,TRUE,TRUE,"ok","ok","",""
"BaxterE_2016","Baxter 2016",50,"fourfold","Clostridium_sensu_stricto",0.7,0.63,0.77,63,77,7752,TRUE,TRUE,TRUE,FALSE,TRUE,TRUE,TRUE,"ok","ok","",""
"BaxterE_2016","Baxter 2016",50,"fourfold","Clostridium_XI",0.835,0.8,0.87,80,87,8216,TRUE,TRUE,TRUE,FALSE,TRUE,TRUE,TRUE,"ok","ok","",""
"BaxterE_2016","Baxter 2016",50,"fourfold","Clostridium_XlVa",1,1,1,100,100,15080,TRUE,TRUE,FALSE,TRUE,TRUE,TRUE,TRUE,"no_observed_zeros","ok","",""
"BaxterE_2016","Baxter 2016",50,"fourfold","Clostridium_XVIII",0.855,0.81,0.9,81,90,3774,TRUE,TRUE,TRUE,FALSE,TRUE,TRUE,TRUE,"ok","ok","",""
"BaxterE_2016","Baxter 2016",50,"fourfold","Collinsella",0.59,0.57,0.61,57,61,7339,TRUE,TRUE,TRUE,FALSE,TRUE,TRUE,TRUE,"ok","ok","",""
"BaxterE_2016","Baxter 2016",50,"fourfold","Coprococcus",0.845,0.83,0.86,83,86,9013,TRUE,TRUE,TRUE,FALSE,TRUE,TRUE,TRUE,"ok","ok","",""
"BaxterE_2016","Baxter 2016",50,"fourfold","Dorea",0.94,0.92,0.96,92,96,13653,TRUE,TRUE,TRUE,FALSE,TRUE,TRUE,TRUE,"ok","ok","",""
"BaxterE_2016","Baxter 2016",50,"fourfold","Escherichia/Shigella",0.725,0.63,0.82,63,82,8340,TRUE,TRUE,TRUE,FALSE,TRUE,TRUE,TRUE,"ok","ok","",""
"BaxterE_2016","Baxter 2016",50,"fourfold","Faecalibacterium",0.98,0.96,1,96,100,42880,TRUE,TRUE,TRUE,FALSE,TRUE,TRUE,TRUE,"ok","ok","",""
"BaxterE_2016","Baxter 2016",50,"fourfold","Gemmiger",0.77,0.76,0.78,76,78,8558,TRUE,TRUE,TRUE,FALSE,TRUE,TRUE,TRUE,"ok","ok","",""
"BaxterE_2016","Baxter 2016",50,"fourfold","Lachnospiracea_incertae_sedis",0.995,0.99,1,99,100,31330,TRUE,TRUE,FALSE,TRUE,TRUE,TRUE,TRUE,"structural_absence_boundary_at_zero","ok","",""
"BaxterE_2016","Baxter 2016",50,"fourfold","Methanobrevibacter",0.415,0.36,0.47,36,47,5732,TRUE,TRUE,TRUE,FALSE,TRUE,TRUE,TRUE,"ok","ok","",""
"BaxterE_2016","Baxter 2016",50,"fourfold","Oscillibacter",0.895,0.87,0.92,87,92,9012,TRUE,TRUE,TRUE,FALSE,TRUE,TRUE,TRUE,"ok","ok","",""
"BaxterE_2016","Baxter 2016",50,"fourfold","Parabacteroides",0.69,0.6,0.78,60,78,5525,TRUE,TRUE,TRUE,FALSE,TRUE,TRUE,TRUE,"ok","ok","",""
"BaxterE_2016","Baxter 2016",50,"fourfold","Phascolarctobacterium",0.645,0.57,0.72,57,72,8126,TRUE,TRUE,TRUE,FALSE,TRUE,TRUE,TRUE,"ok","ok","",""
"BaxterE_2016","Baxter 2016",50,"fourfold","Prevotella",0.37,0.24,0.5,24,50,20516,TRUE,TRUE,TRUE,FALSE,TRUE,TRUE,TRUE,"ok","ok","",""
"BaxterE_2016","Baxter 2016",50,"fourfold","Roseburia",0.975,0.96,0.99,96,99,32400,TRUE,TRUE,TRUE,FALSE,TRUE,TRUE,TRUE,"ok","ok","",""
"BaxterE_2016","Baxter 2016",50,"fourfold","Ruminococcus",0.88,0.85,0.91,85,91,23107,TRUE,TRUE,TRUE,FALSE,TRUE,TRUE,TRUE,"ok","ok","",""
"BaxterE_2016","Baxter 2016",50,"fourfold","Ruminococcus2",0.955,0.93,0.98,93,98,18014,TRUE,TRUE,TRUE,FALSE,TRUE,TRUE,TRUE,"ok","ok","",""
"BaxterE_2016","Baxter 2016",50,"fourfold","Streptococcus",0.82,0.74,0.9,74,90,7319,TRUE,TRUE,TRUE,FALSE,TRUE,TRUE,TRUE,"ok","ok","",""
"BaxterE_2016","Baxter 2016",50,"fourfold","Unclassified_Clostridiales",0.9,0.89,0.91,89,91,10555,TRUE,TRUE,TRUE,FALSE,TRUE,TRUE,TRUE,"ok","ok","",""
"BaxterE_2016","Baxter 2016",50,"fourfold","Unclassified_Lachnospiraceae",1,1,1,100,100,34621,TRUE,TRUE,FALSE,TRUE,TRUE,TRUE,TRUE,"no_observed_zeros","ok","",""
"BaxterE_2016","Baxter 2016",50,"fourfold","Unclassified_Ruminococcaceae",0.985,0.97,1,97,100,25203,TRUE,TRUE,TRUE,FALSE,TRUE,TRUE,TRUE,"ok","ok","",""
"BaxterE_2016","Baxter 2016",51,"balanced","Akkermansia",0.835,0.85,0.82,85,82,24476,TRUE,TRUE,TRUE,FALSE,TRUE,TRUE,TRUE,"ok","ok","",""
"BaxterE_2016","Baxter 2016",51,"balanced","Alistipes",0.925,0.94,0.91,94,91,23150,TRUE,TRUE,TRUE,FALSE,TRUE,TRUE,TRUE,"ok","ok","",""
"BaxterE_2016","Baxter 2016",51,"balanced","Anaerostipes",0.985,1,0.97,100,97,30344,TRUE,TRUE,TRUE,FALSE,TRUE,TRUE,TRUE,"ok","ok","",""
"BaxterE_2016","Baxter 2016",51,"balanced","Bacteroides",1,1,1,100,100,112333,TRUE,TRUE,FALSE,TRUE,TRUE,TRUE,TRUE,"no_observed_zeros","ok","",""
"BaxterE_2016","Baxter 2016",51,"balanced","Bifidobacterium",0.735,0.79,0.68,79,68,9219,TRUE,TRUE,TRUE,FALSE,TRUE,TRUE,TRUE,"ok","ok","",""
"BaxterE_2016","Baxter 2016",51,"balanced","Blautia",1,1,1,100,100,130737,TRUE,TRUE,FALSE,TRUE,TRUE,TRUE,TRUE,"no_observed_zeros","ok","",""
"BaxterE_2016","Baxter 2016",51,"balanced","Clostridium_IV",0.985,0.98,0.99,98,99,14713,TRUE,TRUE,TRUE,FALSE,TRUE,TRUE,TRUE,"ok","ok","",""
"BaxterE_2016","Baxter 2016",51,"balanced","Clostridium_sensu_stricto",0.72,0.76,0.68,76,68,9687,TRUE,TRUE,TRUE,FALSE,TRUE,TRUE,TRUE,"ok","ok","",""
"BaxterE_2016","Baxter 2016",51,"balanced","Clostridium_XI",0.84,0.82,0.86,82,86,9304,TRUE,TRUE,TRUE,FALSE,TRUE,TRUE,TRUE,"ok","ok","",""
"BaxterE_2016","Baxter 2016",51,"balanced","Clostridium_XlVa",1,1,1,100,100,14716,TRUE,TRUE,FALSE,TRUE,TRUE,TRUE,TRUE,"no_observed_zeros","ok","",""
"BaxterE_2016","Baxter 2016",51,"balanced","Clostridium_XVIII",0.9,0.88,0.92,88,92,5133,TRUE,TRUE,TRUE,FALSE,TRUE,TRUE,TRUE,"ok","ok","",""
"BaxterE_2016","Baxter 2016",51,"balanced","Collinsella",0.6,0.57,0.63,57,63,8371,TRUE,TRUE,TRUE,FALSE,TRUE,TRUE,TRUE,"ok","ok","",""
"BaxterE_2016","Baxter 2016",51,"balanced","Coprococcus",0.88,0.87,0.89,87,89,9504,TRUE,TRUE,TRUE,FALSE,TRUE,TRUE,TRUE,"ok","ok","",""
"BaxterE_2016","Baxter 2016",51,"balanced","Dorea",0.96,0.98,0.94,98,94,13699,TRUE,TRUE,TRUE,FALSE,TRUE,TRUE,TRUE,"ok","ok","",""
"BaxterE_2016","Baxter 2016",51,"balanced","Escherichia/Shigella",0.77,0.8,0.74,80,74,7133,TRUE,TRUE,TRUE,FALSE,TRUE,TRUE,TRUE,"ok","ok","",""
"BaxterE_2016","Baxter 2016",51,"balanced","Faecalibacterium",0.99,0.99,0.99,99,99,45068,TRUE,TRUE,TRUE,FALSE,TRUE,TRUE,TRUE,"ok","ok","",""
"BaxterE_2016","Baxter 2016",51,"balanced","Gemmiger",0.78,0.8,0.76,80,76,8423,TRUE,TRUE,TRUE,FALSE,TRUE,TRUE,TRUE,"ok","ok","",""
"BaxterE_2016","Baxter 2016",51,"balanced","Lachnospiracea_incertae_sedis",1,1,1,100,100,34324,TRUE,TRUE,FALSE,TRUE,TRUE,TRUE,TRUE,"no_observed_zeros","ok","",""
"BaxterE_2016","Baxter 2016",51,"balanced","Methanobrevibacter",0.41,0.4,0.42,40,42,6233,TRUE,TRUE,TRUE,FALSE,TRUE,TRUE,TRUE,"ok","ok","",""
"BaxterE_2016","Baxter 2016",51,"balanced","Oscillibacter",0.895,0.92,0.87,92,87,9500,TRUE,TRUE,TRUE,FALSE,TRUE,TRUE,TRUE,"ok","ok","",""
"BaxterE_2016","Baxter 2016",51,"balanced","Parabacteroides",0.71,0.69,0.73,69,73,4566,TRUE,TRUE,TRUE,FALSE,TRUE,TRUE,TRUE,"ok","ok","",""
"BaxterE_2016","Baxter 2016",51,"balanced","Phascolarctobacterium",0.67,0.68,0.66,68,66,7012,TRUE,TRUE,TRUE,FALSE,TRUE,TRUE,TRUE,"ok","ok","",""
"BaxterE_2016","Baxter 2016",51,"balanced","Prevotella",0.375,0.43,0.32,43,32,14466,TRUE,TRUE,TRUE,FALSE,TRUE,TRUE,TRUE,"ok","ok","",""
"BaxterE_2016","Baxter 2016",51,"balanced","Roseburia",0.99,1,0.98,100,98,34400,TRUE,TRUE,TRUE,FALSE,TRUE,TRUE,TRUE,"ok","ok","",""
"BaxterE_2016","Baxter 2016",51,"balanced","Ruminococcus",0.89,0.9,0.88,90,88,24312,TRUE,TRUE,TRUE,FALSE,TRUE,TRUE,TRUE,"ok","ok","",""
"BaxterE_2016","Baxter 2016",51,"balanced","Ruminococcus2",0.985,1,0.97,100,97,17500,TRUE,TRUE,TRUE,FALSE,TRUE,TRUE,TRUE,"ok","ok","",""
"BaxterE_2016","Baxter 2016",51,"balanced","Streptococcus",0.865,0.89,0.84,89,84,6120,TRUE,TRUE,TRUE,FALSE,TRUE,TRUE,TRUE,"ok","ok","",""
"BaxterE_2016","Baxter 2016",51,"balanced","Unclassified_Clostridiales",0.905,0.9,0.91,90,91,10792,TRUE,TRUE,TRUE,FALSE,TRUE,TRUE,TRUE,"ok","ok","",""
"BaxterE_2016","Baxter 2016",51,"balanced","Unclassified_Lachnospiraceae",1,1,1,100,100,36220,TRUE,TRUE,FALSE,TRUE,TRUE,TRUE,TRUE,"no_observed_zeros","ok","",""
"BaxterE_2016","Baxter 2016",51,"balanced","Unclassified_Ruminococcaceae",0.98,0.97,0.99,97,99,23782,TRUE,TRUE,TRUE,FALSE,TRUE,TRUE,TRUE,"ok","ok","",""
"BaxterE_2016","Baxter 2016",51,"fourfold","Akkermansia",0.845,0.81,0.88,81,88,23674,TRUE,TRUE,TRUE,FALSE,TRUE,TRUE,TRUE,"ok","ok","",""
"BaxterE_2016","Baxter 2016",51,"fourfold","Alistipes",0.92,0.92,0.92,92,92,26337,TRUE,TRUE,TRUE,FALSE,TRUE,TRUE,TRUE,"ok","ok","",""
"BaxterE_2016","Baxter 2016",51,"fourfold","Anaerostipes",0.985,0.99,0.98,99,98,27663,TRUE,TRUE,TRUE,FALSE,TRUE,TRUE,TRUE,"ok","ok","",""
"BaxterE_2016","Baxter 2016",51,"fourfold","Bacteroides",0.995,0.99,1,99,100,121303,TRUE,TRUE,FALSE,TRUE,TRUE,TRUE,TRUE,"structural_absence_boundary_at_zero","ok","",""
"BaxterE_2016","Baxter 2016",51,"fourfold","Bifidobacterium",0.69,0.67,0.71,67,71,10230,TRUE,TRUE,TRUE,FALSE,TRUE,TRUE,TRUE,"ok","ok","",""
"BaxterE_2016","Baxter 2016",51,"fourfold","Blautia",1,1,1,100,100,131399,TRUE,TRUE,FALSE,TRUE,TRUE,TRUE,TRUE,"no_observed_zeros","ok","",""
"BaxterE_2016","Baxter 2016",51,"fourfold","Clostridium_IV",0.99,0.98,1,98,100,17319,TRUE,TRUE,FALSE,TRUE,TRUE,TRUE,TRUE,"structural_absence_boundary_at_zero","ok","",""
"BaxterE_2016","Baxter 2016",51,"fourfold","Clostridium_sensu_stricto",0.73,0.68,0.78,68,78,9018,TRUE,TRUE,TRUE,FALSE,TRUE,TRUE,TRUE,"ok","ok","",""
"BaxterE_2016","Baxter 2016",51,"fourfold","Clostridium_XI",0.82,0.76,0.88,76,88,8655,TRUE,TRUE,TRUE,FALSE,TRUE,TRUE,TRUE,"ok","ok","",""
"BaxterE_2016","Baxter 2016",51,"fourfold","Clostridium_XlVa",1,1,1,100,100,15890,TRUE,TRUE,FALSE,TRUE,TRUE,TRUE,TRUE,"no_observed_zeros","ok","",""
"BaxterE_2016","Baxter 2016",51,"fourfold","Clostridium_XVIII",0.865,0.8,0.93,80,93,4383,TRUE,TRUE,TRUE,FALSE,TRUE,TRUE,TRUE,"ok","ok","",""
"BaxterE_2016","Baxter 2016",51,"fourfold","Collinsella",0.59,0.54,0.64,54,64,9540,TRUE,TRUE,TRUE,FALSE,TRUE,TRUE,TRUE,"ok","ok","",""
"BaxterE_2016","Baxter 2016",51,"fourfold","Coprococcus",0.85,0.81,0.89,81,89,8409,TRUE,TRUE,TRUE,FALSE,TRUE,TRUE,TRUE,"ok","ok","",""
"BaxterE_2016","Baxter 2016",51,"fourfold","Dorea",0.965,0.98,0.95,98,95,14218,TRUE,TRUE,TRUE,FALSE,TRUE,TRUE,TRUE,"ok","ok","",""
"BaxterE_2016","Baxter 2016",51,"fourfold","Escherichia/Shigella",0.7,0.62,0.78,62,78,5843,TRUE,TRUE,TRUE,FALSE,TRUE,TRUE,TRUE,"ok","ok","",""
"BaxterE_2016","Baxter 2016",51,"fourfold","Faecalibacterium",0.98,0.96,1,96,100,40478,TRUE,TRUE,TRUE,FALSE,TRUE,TRUE,TRUE,"ok","ok","",""
"BaxterE_2016","Baxter 2016",51,"fourfold","Gemmiger",0.79,0.79,0.79,79,79,8240,TRUE,TRUE,TRUE,FALSE,TRUE,TRUE,TRUE,"ok","ok","",""
"BaxterE_2016","Baxter 2016",51,"fourfold","Lachnospiracea_incertae_sedis",1,1,1,100,100,34197,TRUE,TRUE,FALSE,TRUE,TRUE,TRUE,TRUE,"no_observed_zeros","ok","",""
"BaxterE_2016","Baxter 2016",51,"fourfold","Methanobrevibacter",0.38,0.34,0.42,34,42,6874,TRUE,TRUE,TRUE,FALSE,TRUE,TRUE,TRUE,"ok","ok","",""
"BaxterE_2016","Baxter 2016",51,"fourfold","Oscillibacter",0.89,0.88,0.9,88,90,9904,TRUE,TRUE,TRUE,FALSE,TRUE,TRUE,TRUE,"ok","ok","",""
"BaxterE_2016","Baxter 2016",51,"fourfold","Parabacteroides",0.695,0.66,0.73,66,73,5890,TRUE,TRUE,TRUE,FALSE,TRUE,TRUE,TRUE,"ok","ok","",""
"BaxterE_2016","Baxter 2016",51,"fourfold","Phascolarctobacterium",0.615,0.57,0.66,57,66,6429,TRUE,TRUE,TRUE,FALSE,TRUE,TRUE,TRUE,"ok","ok","",""
"BaxterE_2016","Baxter 2016",51,"fourfold","Prevotella",0.34,0.37,0.31,37,31,8423,TRUE,TRUE,TRUE,FALSE,TRUE,TRUE,TRUE,"ok","ok","",""
"BaxterE_2016","Baxter 2016",51,"fourfold","Roseburia",0.98,0.98,0.98,98,98,30126,TRUE,TRUE,TRUE,FALSE,TRUE,TRUE,TRUE,"ok","ok","",""
"BaxterE_2016","Baxter 2016",51,"fourfold","Ruminococcus",0.87,0.84,0.9,84,90,22093,TRUE,TRUE,TRUE,FALSE,TRUE,TRUE,TRUE,"ok","ok","",""
"BaxterE_2016","Baxter 2016",51,"fourfold","Ruminococcus2",0.975,0.96,0.99,96,99,18041,TRUE,TRUE,TRUE,FALSE,TRUE,TRUE,TRUE,"ok","ok","",""
"BaxterE_2016","Baxter 2016",51,"fourfold","Streptococcus",0.795,0.71,0.88,71,88,6499,TRUE,TRUE,TRUE,FALSE,TRUE,TRUE,TRUE,"ok","ok","",""
"BaxterE_2016","Baxter 2016",51,"fourfold","Unclassified_Clostridiales",0.91,0.89,0.93,89,93,10461,TRUE,TRUE,TRUE,FALSE,TRUE,TRUE,TRUE,"ok","ok","",""
"BaxterE_2016","Baxter 2016",51,"fourfold","Unclassified_Lachnospiraceae",1,1,1,100,100,35584,TRUE,TRUE,FALSE,TRUE,TRUE,TRUE,TRUE,"no_observed_zeros","ok","",""
"BaxterE_2016","Baxter 2016",51,"fourfold","Unclassified_Ruminococcaceae",0.985,0.97,1,97,100,23251,TRUE,TRUE,TRUE,FALSE,TRUE,TRUE,TRUE,"ok","ok","",""
"BaxterE_2016","Baxter 2016",52,"balanced","Akkermansia",0.82,0.87,0.77,87,77,22994,TRUE,TRUE,TRUE,FALSE,TRUE,TRUE,TRUE,"ok","ok","",""
"BaxterE_2016","Baxter 2016",52,"balanced","Alistipes",0.935,0.96,0.91,96,91,24817,TRUE,TRUE,TRUE,FALSE,TRUE,TRUE,TRUE,"ok","ok","",""
"BaxterE_2016","Baxter 2016",52,"balanced","Anaerostipes",0.985,0.99,0.98,99,98,29608,TRUE,TRUE,TRUE,FALSE,TRUE,TRUE,TRUE,"ok","ok","",""
"BaxterE_2016","Baxter 2016",52,"balanced","Bacteroides",1,1,1,100,100,126586,TRUE,TRUE,FALSE,TRUE,TRUE,TRUE,TRUE,"no_observed_zeros","ok","",""
"BaxterE_2016","Baxter 2016",52,"balanced","Bifidobacterium",0.735,0.75,0.72,75,72,9773,TRUE,TRUE,TRUE,FALSE,TRUE,TRUE,TRUE,"ok","ok","",""
"BaxterE_2016","Baxter 2016",52,"balanced","Blautia",1,1,1,100,100,133304,TRUE,TRUE,FALSE,TRUE,TRUE,TRUE,TRUE,"no_observed_zeros","ok","",""
"BaxterE_2016","Baxter 2016",52,"balanced","Clostridium_IV",0.98,0.98,0.98,98,98,17379,TRUE,TRUE,TRUE,FALSE,TRUE,TRUE,TRUE,"ok","ok","",""
"BaxterE_2016","Baxter 2016",52,"balanced","Clostridium_sensu_stricto",0.77,0.76,0.78,76,78,9717,TRUE,TRUE,TRUE,FALSE,TRUE,TRUE,TRUE,"ok","ok","",""
"BaxterE_2016","Baxter 2016",52,"balanced","Clostridium_XI",0.855,0.85,0.86,85,86,9683,TRUE,TRUE,TRUE,FALSE,TRUE,TRUE,TRUE,"ok","ok","",""
"BaxterE_2016","Baxter 2016",52,"balanced","Clostridium_XlVa",1,1,1,100,100,15925,TRUE,TRUE,FALSE,TRUE,TRUE,TRUE,TRUE,"no_observed_zeros","ok","",""
"BaxterE_2016","Baxter 2016",52,"balanced","Clostridium_XVIII",0.91,0.9,0.92,90,92,5056,TRUE,TRUE,TRUE,FALSE,TRUE,TRUE,TRUE,"ok","ok","",""
"BaxterE_2016","Baxter 2016",52,"balanced","Collinsella",0.6,0.54,0.66,54,66,9115,TRUE,TRUE,TRUE,FALSE,TRUE,TRUE,TRUE,"ok","ok","",""
"BaxterE_2016","Baxter 2016",52,"balanced","Coprococcus",0.885,0.88,0.89,88,89,9934,TRUE,TRUE,TRUE,FALSE,TRUE,TRUE,TRUE,"ok","ok","",""
"BaxterE_2016","Baxter 2016",52,"balanced","Dorea",0.955,0.96,0.95,96,95,15429,TRUE,TRUE,TRUE,FALSE,TRUE,TRUE,TRUE,"ok","ok","",""
"BaxterE_2016","Baxter 2016",52,"balanced","Escherichia/Shigella",0.765,0.72,0.81,72,81,6838,TRUE,TRUE,TRUE,FALSE,TRUE,TRUE,TRUE,"ok","ok","",""
"BaxterE_2016","Baxter 2016",52,"balanced","Faecalibacterium",0.99,0.99,0.99,99,99,46555,TRUE,TRUE,TRUE,FALSE,TRUE,TRUE,TRUE,"ok","ok","",""
"BaxterE_2016","Baxter 2016",52,"balanced","Gemmiger",0.775,0.79,0.76,79,76,8923,TRUE,TRUE,TRUE,FALSE,TRUE,TRUE,TRUE,"ok","ok","",""
"BaxterE_2016","Baxter 2016",52,"balanced","Lachnospiracea_incertae_sedis",1,1,1,100,100,36165,TRUE,TRUE,FALSE,TRUE,TRUE,TRUE,TRUE,"no_observed_zeros","ok","",""
"BaxterE_2016","Baxter 2016",52,"balanced","Methanobrevibacter",0.415,0.42,0.41,42,41,5930,TRUE,TRUE,TRUE,FALSE,TRUE,TRUE,TRUE,"ok","ok","",""
"BaxterE_2016","Baxter 2016",52,"balanced","Oscillibacter",0.9,0.9,0.9,90,90,10328,TRUE,TRUE,TRUE,FALSE,TRUE,TRUE,TRUE,"ok","ok","",""
"BaxterE_2016","Baxter 2016",52,"balanced","Parabacteroides",0.725,0.76,0.69,76,69,5681,TRUE,TRUE,TRUE,FALSE,TRUE,TRUE,TRUE,"ok","ok","",""
"BaxterE_2016","Baxter 2016",52,"balanced","Phascolarctobacterium",0.665,0.74,0.59,74,59,7229,TRUE,TRUE,TRUE,FALSE,TRUE,TRUE,TRUE,"ok","ok","",""
"BaxterE_2016","Baxter 2016",52,"balanced","Prevotella",0.39,0.37,0.41,37,41,14759,TRUE,TRUE,TRUE,FALSE,TRUE,TRUE,TRUE,"ok","ok","",""
"BaxterE_2016","Baxter 2016",52,"balanced","Roseburia",0.98,0.98,0.98,98,98,36227,TRUE,TRUE,TRUE,FALSE,TRUE,TRUE,TRUE,"ok","ok","",""
"BaxterE_2016","Baxter 2016",52,"balanced","Ruminococcus",0.895,0.89,0.9,89,90,23985,TRUE,TRUE,TRUE,FALSE,TRUE,TRUE,TRUE,"ok","ok","",""
"BaxterE_2016","Baxter 2016",52,"balanced","Ruminococcus2",0.985,0.98,0.99,98,99,18590,TRUE,TRUE,TRUE,FALSE,TRUE,TRUE,TRUE,"ok","ok","",""
"BaxterE_2016","Baxter 2016",52,"balanced","Streptococcus",0.865,0.87,0.86,87,86,7405,TRUE,TRUE,TRUE,FALSE,TRUE,TRUE,TRUE,"ok","ok","",""
"BaxterE_2016","Baxter 2016",52,"balanced","Unclassified_Clostridiales",0.935,0.95,0.92,95,92,12006,TRUE,TRUE,TRUE,FALSE,TRUE,TRUE,TRUE,"ok","ok","",""
"BaxterE_2016","Baxter 2016",52,"balanced","Unclassified_Lachnospiraceae",1,1,1,100,100,39448,TRUE,TRUE,FALSE,TRUE,TRUE,TRUE,TRUE,"no_observed_zeros","ok","",""
"BaxterE_2016","Baxter 2016",52,"balanced","Unclassified_Ruminococcaceae",0.975,0.98,0.97,98,97,24954,TRUE,TRUE,TRUE,FALSE,TRUE,TRUE,TRUE,"ok","ok","",""
"BaxterE_2016","Baxter 2016",52,"fourfold","Akkermansia",0.83,0.84,0.82,84,82,20523,TRUE,TRUE,TRUE,FALSE,TRUE,TRUE,TRUE,"ok","ok","",""
"BaxterE_2016","Baxter 2016",52,"fourfold","Alistipes",0.92,0.92,0.92,92,92,28419,TRUE,TRUE,TRUE,FALSE,TRUE,TRUE,TRUE,"ok","ok","",""
"BaxterE_2016","Baxter 2016",52,"fourfold","Anaerostipes",0.985,0.98,0.99,98,99,26608,TRUE,TRUE,TRUE,FALSE,TRUE,TRUE,TRUE,"ok","ok","",""
"BaxterE_2016","Baxter 2016",52,"fourfold","Bacteroides",0.99,0.98,1,98,100,120312,TRUE,TRUE,TRUE,FALSE,TRUE,TRUE,TRUE,"ok","ok","",""
"BaxterE_2016","Baxter 2016",52,"fourfold","Bifidobacterium",0.705,0.68,0.73,68,73,8026,TRUE,TRUE,TRUE,FALSE,TRUE,TRUE,TRUE,"ok","ok","",""
"BaxterE_2016","Baxter 2016",52,"fourfold","Blautia",1,1,1,100,100,126538,TRUE,TRUE,FALSE,TRUE,TRUE,TRUE,TRUE,"no_observed_zeros","ok","",""
"BaxterE_2016","Baxter 2016",52,"fourfold","Clostridium_IV",0.97,0.95,0.99,95,99,16601,TRUE,TRUE,TRUE,FALSE,TRUE,TRUE,TRUE,"ok","ok","",""
"BaxterE_2016","Baxter 2016",52,"fourfold","Clostridium_sensu_stricto",0.705,0.63,0.78,63,78,8783,TRUE,TRUE,TRUE,FALSE,TRUE,TRUE,TRUE,"ok","ok","",""
"BaxterE_2016","Baxter 2016",52,"fourfold","Clostridium_XI",0.795,0.72,0.87,72,87,9488,TRUE,TRUE,TRUE,FALSE,TRUE,TRUE,TRUE,"ok","ok","",""
"BaxterE_2016","Baxter 2016",52,"fourfold","Clostridium_XlVa",0.995,0.99,1,99,100,15547,TRUE,TRUE,TRUE,FALSE,TRUE,TRUE,TRUE,"ok","ok","",""
"BaxterE_2016","Baxter 2016",52,"fourfold","Clostridium_XVIII",0.87,0.81,0.93,81,93,5324,TRUE,TRUE,TRUE,FALSE,TRUE,TRUE,TRUE,"ok","ok","",""
"BaxterE_2016","Baxter 2016",52,"fourfold","Collinsella",0.6,0.5,0.7,50,70,8847,TRUE,TRUE,TRUE,FALSE,TRUE,TRUE,TRUE,"ok","ok","",""
"BaxterE_2016","Baxter 2016",52,"fourfold","Coprococcus",0.865,0.86,0.87,86,87,8712,TRUE,TRUE,TRUE,FALSE,TRUE,TRUE,TRUE,"ok","ok","",""
"BaxterE_2016","Baxter 2016",52,"fourfold","Dorea",0.955,0.95,0.96,95,96,13436,TRUE,TRUE,TRUE,FALSE,TRUE,TRUE,TRUE,"ok","ok","",""
"BaxterE_2016","Baxter 2016",52,"fourfold","Escherichia/Shigella",0.72,0.6,0.84,60,84,6715,TRUE,TRUE,TRUE,FALSE,TRUE,TRUE,TRUE,"ok","ok","",""
"BaxterE_2016","Baxter 2016",52,"fourfold","Faecalibacterium",0.99,0.99,0.99,99,99,39452,TRUE,TRUE,TRUE,FALSE,TRUE,TRUE,TRUE,"ok","ok","",""
"BaxterE_2016","Baxter 2016",52,"fourfold","Gemmiger",0.77,0.78,0.76,78,76,8696,TRUE,TRUE,TRUE,FALSE,TRUE,TRUE,TRUE,"ok","ok","",""
"BaxterE_2016","Baxter 2016",52,"fourfold","Lachnospiracea_incertae_sedis",1,1,1,100,100,32402,TRUE,TRUE,FALSE,TRUE,TRUE,TRUE,TRUE,"no_observed_zeros","ok","",""
"BaxterE_2016","Baxter 2016",52,"fourfold","Methanobrevibacter",0.41,0.38,0.44,38,44,6289,TRUE,TRUE,TRUE,FALSE,TRUE,TRUE,TRUE,"ok","ok","",""
"BaxterE_2016","Baxter 2016",52,"fourfold","Oscillibacter",0.875,0.83,0.92,83,92,9653,TRUE,TRUE,TRUE,FALSE,TRUE,TRUE,TRUE,"ok","ok","",""
"BaxterE_2016","Baxter 2016",52,"fourfold","Parabacteroides",0.695,0.71,0.68,71,68,4768,TRUE,TRUE,TRUE,FALSE,TRUE,TRUE,TRUE,"ok","ok","",""
"BaxterE_2016","Baxter 2016",52,"fourfold","Phascolarctobacterium",0.615,0.62,0.61,62,61,7350,TRUE,TRUE,TRUE,FALSE,TRUE,TRUE,TRUE,"ok","ok","",""
"BaxterE_2016","Baxter 2016",52,"fourfold","Prevotella",0.375,0.33,0.42,33,42,11891,TRUE,TRUE,TRUE,FALSE,TRUE,TRUE,TRUE,"ok","ok","",""
"BaxterE_2016","Baxter 2016",52,"fourfold","Roseburia",0.98,0.99,0.97,99,97,29596,TRUE,TRUE,TRUE,FALSE,TRUE,TRUE,TRUE,"ok","ok","",""
"BaxterE_2016","Baxter 2016",52,"fourfold","Ruminococcus",0.875,0.88,0.87,88,87,20480,TRUE,TRUE,TRUE,FALSE,TRUE,TRUE,TRUE,"ok","ok","",""
"BaxterE_2016","Baxter 2016",52,"fourfold","Ruminococcus2",0.97,0.94,1,94,100,18780,TRUE,TRUE,TRUE,FALSE,TRUE,TRUE,TRUE,"ok","ok","",""
"BaxterE_2016","Baxter 2016",52,"fourfold","Streptococcus",0.805,0.76,0.85,76,85,5589,TRUE,TRUE,TRUE,FALSE,TRUE,TRUE,TRUE,"ok","ok","",""
"BaxterE_2016","Baxter 2016",52,"fourfold","Unclassified_Clostridiales",0.91,0.88,0.94,88,94,10421,TRUE,TRUE,TRUE,FALSE,TRUE,TRUE,TRUE,"ok","ok","",""
"BaxterE_2016","Baxter 2016",52,"fourfold","Unclassified_Lachnospiraceae",1,1,1,100,100,32808,TRUE,TRUE,FALSE,TRUE,TRUE,TRUE,TRUE,"no_observed_zeros","ok","",""
"BaxterE_2016","Baxter 2016",52,"fourfold","Unclassified_Ruminococcaceae",0.98,0.96,1,96,100,20558,TRUE,TRUE,TRUE,FALSE,TRUE,TRUE,TRUE,"ok","ok","",""
"BaxterE_2016","Baxter 2016",53,"balanced","Akkermansia",0.865,0.85,0.88,85,88,25070,TRUE,TRUE,TRUE,FALSE,TRUE,TRUE,TRUE,"ok","ok","",""
"BaxterE_2016","Baxter 2016",53,"balanced","Alistipes",0.935,0.92,0.95,92,95,23495,TRUE,TRUE,TRUE,FALSE,TRUE,TRUE,TRUE,"ok","ok","",""
"BaxterE_2016","Baxter 2016",53,"balanced","Anaerostipes",0.985,0.99,0.98,99,98,31641,TRUE,TRUE,TRUE,FALSE,TRUE,TRUE,TRUE,"ok","ok","",""
"BaxterE_2016","Baxter 2016",53,"balanced","Bacteroides",1,1,1,100,100,116134,TRUE,TRUE,FALSE,TRUE,TRUE,TRUE,TRUE,"no_observed_zeros","ok","",""
"BaxterE_2016","Baxter 2016",53,"balanced","Bifidobacterium",0.755,0.77,0.74,77,74,8862,TRUE,TRUE,TRUE,FALSE,TRUE,TRUE,TRUE,"ok","ok","",""
"BaxterE_2016","Baxter 2016",53,"balanced","Blautia",1,1,1,100,100,134870,TRUE,TRUE,FALSE,TRUE,TRUE,TRUE,TRUE,"no_observed_zeros","ok","",""
"BaxterE_2016","Baxter 2016",53,"balanced","Clostridium_IV",0.985,0.98,0.99,98,99,15863,TRUE,TRUE,TRUE,FALSE,TRUE,TRUE,TRUE,"ok","ok","",""
"BaxterE_2016","Baxter 2016",53,"balanced","Clostridium_sensu_stricto",0.715,0.73,0.7,73,70,8402,TRUE,TRUE,TRUE,FALSE,TRUE,TRUE,TRUE,"ok","ok","",""
"BaxterE_2016","Baxter 2016",53,"balanced","Clostridium_XI",0.845,0.86,0.83,86,83,8339,TRUE,TRUE,TRUE,FALSE,TRUE,TRUE,TRUE,"ok","ok","",""
"BaxterE_2016","Baxter 2016",53,"balanced","Clostridium_XlVa",1,1,1,100,100,16876,TRUE,TRUE,FALSE,TRUE,TRUE,TRUE,TRUE,"no_observed_zeros","ok","",""
"BaxterE_2016","Baxter 2016",53,"balanced","Clostridium_XVIII",0.9,0.91,0.89,91,89,5458,TRUE,TRUE,TRUE,FALSE,TRUE,TRUE,TRUE,"ok","ok","",""
"BaxterE_2016","Baxter 2016",53,"balanced","Collinsella",0.6,0.58,0.62,58,62,8524,TRUE,TRUE,TRUE,FALSE,TRUE,TRUE,TRUE,"ok","ok","",""
"BaxterE_2016","Baxter 2016",53,"balanced","Coprococcus",0.87,0.87,0.87,87,87,9458,TRUE,TRUE,TRUE,FALSE,TRUE,TRUE,TRUE,"ok","ok","",""
"BaxterE_2016","Baxter 2016",53,"balanced","Dorea",0.95,0.94,0.96,94,96,14206,TRUE,TRUE,TRUE,FALSE,TRUE,TRUE,TRUE,"ok","ok","",""
"BaxterE_2016","Baxter 2016",53,"balanced","Escherichia/Shigella",0.765,0.77,0.76,77,76,6646,TRUE,TRUE,TRUE,FALSE,TRUE,TRUE,TRUE,"ok","ok","",""
"BaxterE_2016","Baxter 2016",53,"balanced","Faecalibacterium",0.995,0.99,1,99,100,43036,TRUE,TRUE,TRUE,FALSE,TRUE,TRUE,TRUE,"ok","ok","",""
"BaxterE_2016","Baxter 2016",53,"balanced","Gemmiger",0.775,0.77,0.78,77,78,8757,TRUE,TRUE,TRUE,FALSE,TRUE,TRUE,TRUE,"ok","ok","",""
"BaxterE_2016","Baxter 2016",53,"balanced","Lachnospiracea_incertae_sedis",1,1,1,100,100,37387,TRUE,TRUE,FALSE,TRUE,TRUE,TRUE,TRUE,"no_observed_zeros","ok","",""
"BaxterE_2016","Baxter 2016",53,"balanced","Methanobrevibacter",0.405,0.34,0.47,34,47,7405,TRUE,TRUE,TRUE,FALSE,TRUE,TRUE,TRUE,"ok","ok","",""
"BaxterE_2016","Baxter 2016",53,"balanced","Oscillibacter",0.91,0.92,0.9,92,90,10701,TRUE,TRUE,TRUE,FALSE,TRUE,TRUE,TRUE,"ok","ok","",""
"BaxterE_2016","Baxter 2016",53,"balanced","Parabacteroides",0.715,0.76,0.67,76,67,5814,TRUE,TRUE,TRUE,FALSE,TRUE,TRUE,TRUE,"ok","ok","",""
"BaxterE_2016","Baxter 2016",53,"balanced","Phascolarctobacterium",0.645,0.61,0.68,61,68,7019,TRUE,TRUE,TRUE,FALSE,TRUE,TRUE,TRUE,"ok","ok","",""
"BaxterE_2016","Baxter 2016",53,"balanced","Prevotella",0.395,0.37,0.42,37,42,13928,TRUE,TRUE,TRUE,FALSE,TRUE,TRUE,TRUE,"ok","ok","",""
"BaxterE_2016","Baxter 2016",53,"balanced","Roseburia",0.98,0.98,0.98,98,98,32819,TRUE,TRUE,TRUE,FALSE,TRUE,TRUE,TRUE,"ok","ok","",""
"BaxterE_2016","Baxter 2016",53,"balanced","Ruminococcus",0.9,0.91,0.89,91,89,26875,TRUE,TRUE,TRUE,FALSE,TRUE,TRUE,TRUE,"ok","ok","",""
"BaxterE_2016","Baxter 2016",53,"balanced","Ruminococcus2",0.98,0.97,0.99,97,99,17819,TRUE,TRUE,TRUE,FALSE,TRUE,TRUE,TRUE,"ok","ok","",""
"BaxterE_2016","Baxter 2016",53,"balanced","Streptococcus",0.875,0.82,0.93,82,93,6373,TRUE,TRUE,TRUE,FALSE,TRUE,TRUE,TRUE,"ok","ok","",""
"BaxterE_2016","Baxter 2016",53,"balanced","Unclassified_Clostridiales",0.92,0.93,0.91,93,91,11928,TRUE,TRUE,TRUE,FALSE,TRUE,TRUE,TRUE,"ok","ok","",""
"BaxterE_2016","Baxter 2016",53,"balanced","Unclassified_Lachnospiraceae",1,1,1,100,100,37109,TRUE,TRUE,FALSE,TRUE,TRUE,TRUE,TRUE,"no_observed_zeros","ok","",""
"BaxterE_2016","Baxter 2016",53,"balanced","Unclassified_Ruminococcaceae",0.96,0.98,0.94,98,94,24715,TRUE,TRUE,TRUE,FALSE,TRUE,TRUE,TRUE,"ok","ok","",""
"BaxterE_2016","Baxter 2016",53,"fourfold","Akkermansia",0.83,0.76,0.9,76,90,19179,TRUE,TRUE,TRUE,FALSE,TRUE,TRUE,TRUE,"ok","ok","",""
"BaxterE_2016","Baxter 2016",53,"fourfold","Alistipes",0.92,0.89,0.95,89,95,25682,TRUE,TRUE,TRUE,FALSE,TRUE,TRUE,TRUE,"ok","ok","",""
"BaxterE_2016","Baxter 2016",53,"fourfold","Anaerostipes",0.985,0.99,0.98,99,98,26858,TRUE,TRUE,TRUE,FALSE,TRUE,TRUE,TRUE,"ok","ok","",""
"BaxterE_2016","Baxter 2016",53,"fourfold","Bacteroides",0.995,0.99,1,99,100,106201,TRUE,TRUE,TRUE,FALSE,TRUE,TRUE,TRUE,"ok","ok","",""
"BaxterE_2016","Baxter 2016",53,"fourfold","Bifidobacterium",0.715,0.7,0.73,70,73,8186,TRUE,TRUE,TRUE,FALSE,TRUE,TRUE,TRUE,"ok","ok","",""
"BaxterE_2016","Baxter 2016",53,"fourfold","Blautia",0.995,0.99,1,99,100,131748,TRUE,TRUE,TRUE,FALSE,TRUE,TRUE,TRUE,"ok","ok","",""
"BaxterE_2016","Baxter 2016",53,"fourfold","Clostridium_IV",0.985,0.97,1,97,100,15676,TRUE,TRUE,FALSE,TRUE,TRUE,TRUE,TRUE,"structural_absence_boundary_at_zero","ok","",""
"BaxterE_2016","Baxter 2016",53,"fourfold","Clostridium_sensu_stricto",0.715,0.67,0.76,67,76,9369,TRUE,TRUE,TRUE,FALSE,TRUE,TRUE,TRUE,"ok","ok","",""
"BaxterE_2016","Baxter 2016",53,"fourfold","Clostridium_XI",0.825,0.8,0.85,80,85,8424,TRUE,TRUE,TRUE,FALSE,TRUE,TRUE,TRUE,"ok","ok","",""
"BaxterE_2016","Baxter 2016",53,"fourfold","Clostridium_XlVa",0.995,0.99,1,99,100,14707,TRUE,TRUE,TRUE,FALSE,TRUE,TRUE,TRUE,"ok","ok","",""
"BaxterE_2016","Baxter 2016",53,"fourfold","Clostridium_XVIII",0.87,0.83,0.91,83,91,4988,TRUE,TRUE,TRUE,FALSE,TRUE,TRUE,TRUE,"ok","ok","",""
"BaxterE_2016","Baxter 2016",53,"fourfold","Collinsella",0.585,0.58,0.59,58,59,7114,TRUE,TRUE,TRUE,FALSE,TRUE,TRUE,TRUE,"ok","ok","",""
"BaxterE_2016","Baxter 2016",53,"fourfold","Coprococcus",0.855,0.85,0.86,85,86,8167,TRUE,TRUE,TRUE,FALSE,TRUE,TRUE,TRUE,"ok","ok","",""
"BaxterE_2016","Baxter 2016",53,"fourfold","Dorea",0.955,0.94,0.97,94,97,13448,TRUE,TRUE,TRUE,FALSE,TRUE,TRUE,TRUE,"ok","ok","",""
"BaxterE_2016","Baxter 2016",53,"fourfold","Escherichia/Shigella",0.725,0.65,0.8,65,80,5783,TRUE,TRUE,TRUE,FALSE,TRUE,TRUE,TRUE,"ok","ok","",""
"BaxterE_2016","Baxter 2016",53,"fourfold","Faecalibacterium",0.99,0.98,1,98,100,42817,TRUE,TRUE,TRUE,FALSE,TRUE,TRUE,TRUE,"ok","ok","",""
"BaxterE_2016","Baxter 2016",53,"fourfold","Gemmiger",0.78,0.74,0.82,74,82,7716,TRUE,TRUE,TRUE,FALSE,TRUE,TRUE,TRUE,"ok","ok","",""
"BaxterE_2016","Baxter 2016",53,"fourfold","Lachnospiracea_incertae_sedis",1,1,1,100,100,31044,TRUE,TRUE,FALSE,TRUE,TRUE,TRUE,TRUE,"no_observed_zeros","ok","",""
"BaxterE_2016","Baxter 2016",53,"fourfold","Methanobrevibacter",0.39,0.31,0.47,31,47,5286,TRUE,TRUE,TRUE,FALSE,TRUE,TRUE,TRUE,"ok","ok","",""
"BaxterE_2016","Baxter 2016",53,"fourfold","Oscillibacter",0.88,0.82,0.94,82,94,10399,TRUE,TRUE,TRUE,FALSE,TRUE,TRUE,TRUE,"ok","ok","",""
"BaxterE_2016","Baxter 2016",53,"fourfold","Parabacteroides",0.72,0.76,0.68,76,68,4871,TRUE,TRUE,TRUE,FALSE,TRUE,TRUE,TRUE,"ok","ok","",""
"BaxterE_2016","Baxter 2016",53,"fourfold","Phascolarctobacterium",0.62,0.55,0.69,55,69,5798,TRUE,TRUE,TRUE,FALSE,TRUE,TRUE,TRUE,"ok","ok","",""
"BaxterE_2016","Baxter 2016",53,"fourfold","Prevotella",0.345,0.29,0.4,29,40,11702,TRUE,TRUE,TRUE,FALSE,TRUE,TRUE,TRUE,"ok","ok","",""
"BaxterE_2016","Baxter 2016",53,"fourfold","Roseburia",0.97,0.95,0.99,95,99,34642,TRUE,TRUE,TRUE,FALSE,TRUE,TRUE,TRUE,"ok","ok","",""
"BaxterE_2016","Baxter 2016",53,"fourfold","Ruminococcus",0.88,0.85,0.91,85,91,24381,TRUE,TRUE,TRUE,FALSE,TRUE,TRUE,TRUE,"ok","ok","",""
"BaxterE_2016","Baxter 2016",53,"fourfold","Ruminococcus2",0.98,0.97,0.99,97,99,17886,TRUE,TRUE,TRUE,FALSE,TRUE,TRUE,TRUE,"ok","ok","",""
"BaxterE_2016","Baxter 2016",53,"fourfold","Streptococcus",0.84,0.79,0.89,79,89,6130,TRUE,TRUE,TRUE,FALSE,TRUE,TRUE,TRUE,"ok","ok","",""
"BaxterE_2016","Baxter 2016",53,"fourfold","Unclassified_Clostridiales",0.905,0.86,0.95,86,95,9181,TRUE,TRUE,TRUE,FALSE,TRUE,TRUE,TRUE,"ok","ok","",""
"BaxterE_2016","Baxter 2016",53,"fourfold","Unclassified_Lachnospiraceae",1,1,1,100,100,35717,TRUE,TRUE,FALSE,TRUE,TRUE,TRUE,TRUE,"no_observed_zeros","ok","",""
"BaxterE_2016","Baxter 2016",53,"fourfold","Unclassified_Ruminococcaceae",0.97,0.97,0.97,97,97,21214,TRUE,TRUE,TRUE,FALSE,TRUE,TRUE,TRUE,"ok","ok","",""
"BaxterE_2016","Baxter 2016",54,"balanced","Akkermansia",0.87,0.88,0.86,88,86,25849,TRUE,TRUE,TRUE,FALSE,TRUE,TRUE,TRUE,"ok","ok","",""
"BaxterE_2016","Baxter 2016",54,"balanced","Alistipes",0.915,0.91,0.92,91,92,26888,TRUE,TRUE,TRUE,FALSE,TRUE,TRUE,TRUE,"ok","ok","",""
"BaxterE_2016","Baxter 2016",54,"balanced","Anaerostipes",0.995,1,0.99,100,99,32829,TRUE,TRUE,TRUE,FALSE,TRUE,TRUE,TRUE,"ok","ok","",""
"BaxterE_2016","Baxter 2016",54,"balanced","Bacteroides",1,1,1,100,100,131339,TRUE,TRUE,FALSE,TRUE,TRUE,TRUE,TRUE,"no_observed_zeros","ok","",""
"BaxterE_2016","Baxter 2016",54,"balanced","Bifidobacterium",0.755,0.74,0.77,74,77,9509,TRUE,TRUE,TRUE,FALSE,TRUE,TRUE,TRUE,"ok","ok","",""
"BaxterE_2016","Baxter 2016",54,"balanced","Blautia",1,1,1,100,100,142419,TRUE,TRUE,FALSE,TRUE,TRUE,TRUE,TRUE,"no_observed_zeros","ok","",""
"BaxterE_2016","Baxter 2016",54,"balanced","Clostridium_IV",0.995,1,0.99,100,99,15876,TRUE,TRUE,TRUE,FALSE,TRUE,TRUE,TRUE,"ok","ok","",""
"BaxterE_2016","Baxter 2016",54,"balanced","Clostridium_sensu_stricto",0.76,0.74,0.78,74,78,10428,TRUE,TRUE,TRUE,FALSE,TRUE,TRUE,TRUE,"ok","ok","",""
"BaxterE_2016","Baxter 2016",54,"balanced","Clostridium_XI",0.86,0.88,0.84,88,84,10428,TRUE,TRUE,TRUE,FALSE,TRUE,TRUE,TRUE,"ok","ok","",""
"BaxterE_2016","Baxter 2016",54,"balanced","Clostridium_XlVa",1,1,1,100,100,17090,TRUE,TRUE,FALSE,TRUE,TRUE,TRUE,TRUE,"no_observed_zeros","ok","",""
"BaxterE_2016","Baxter 2016",54,"balanced","Clostridium_XVIII",0.93,0.94,0.92,94,92,4947,TRUE,TRUE,TRUE,FALSE,TRUE,TRUE,TRUE,"ok","ok","",""
"BaxterE_2016","Baxter 2016",54,"balanced","Collinsella",0.615,0.61,0.62,61,62,8276,TRUE,TRUE,TRUE,FALSE,TRUE,TRUE,TRUE,"ok","ok","",""
"BaxterE_2016","Baxter 2016",54,"balanced","Coprococcus",0.88,0.9,0.86,90,86,9721,TRUE,TRUE,TRUE,FALSE,TRUE,TRUE,TRUE,"ok","ok","",""
"BaxterE_2016","Baxter 2016",54,"balanced","Dorea",0.965,0.96,0.97,96,97,15034,TRUE,TRUE,TRUE,FALSE,TRUE,TRUE,TRUE,"ok","ok","",""
"BaxterE_2016","Baxter 2016",54,"balanced","Escherichia/Shigella",0.755,0.69,0.82,69,82,9305,TRUE,TRUE,TRUE,FALSE,TRUE,TRUE,TRUE,"ok","ok","",""
"BaxterE_2016","Baxter 2016",54,"balanced","Faecalibacterium",0.985,0.98,0.99,98,99,44864,TRUE,TRUE,TRUE,FALSE,TRUE,TRUE,TRUE,"ok","ok","",""
"BaxterE_2016","Baxter 2016",54,"balanced","Gemmiger",0.805,0.86,0.75,86,75,9196,TRUE,TRUE,TRUE,FALSE,TRUE,TRUE,TRUE,"ok","ok","",""
"BaxterE_2016","Baxter 2016",54,"balanced","Lachnospiracea_incertae_sedis",1,1,1,100,100,40782,TRUE,TRUE,FALSE,TRUE,TRUE,TRUE,TRUE,"no_observed_zeros","ok","",""
"BaxterE_2016","Baxter 2016",54,"balanced","Methanobrevibacter",0.41,0.39,0.43,39,43,7110,TRUE,TRUE,TRUE,FALSE,TRUE,TRUE,TRUE,"ok","ok","",""
"BaxterE_2016","Baxter 2016",54,"balanced","Oscillibacter",0.9,0.93,0.87,93,87,10328,TRUE,TRUE,TRUE,FALSE,TRUE,TRUE,TRUE,"ok","ok","",""
"BaxterE_2016","Baxter 2016",54,"balanced","Parabacteroides",0.725,0.75,0.7,75,70,5898,TRUE,TRUE,TRUE,FALSE,TRUE,TRUE,TRUE,"ok","ok","",""
"BaxterE_2016","Baxter 2016",54,"balanced","Phascolarctobacterium",0.665,0.67,0.66,67,66,7139,TRUE,TRUE,TRUE,FALSE,TRUE,TRUE,TRUE,"ok","ok","",""
"BaxterE_2016","Baxter 2016",54,"balanced","Prevotella",0.37,0.35,0.39,35,39,13420,TRUE,TRUE,TRUE,FALSE,TRUE,TRUE,TRUE,"ok","ok","",""
"BaxterE_2016","Baxter 2016",54,"balanced","Roseburia",0.985,0.99,0.98,99,98,38075,TRUE,TRUE,TRUE,FALSE,TRUE,TRUE,TRUE,"ok","ok","",""
"BaxterE_2016","Baxter 2016",54,"balanced","Ruminococcus",0.89,0.9,0.88,90,88,27089,TRUE,TRUE,TRUE,FALSE,TRUE,TRUE,TRUE,"ok","ok","",""
"BaxterE_2016","Baxter 2016",54,"balanced","Ruminococcus2",0.98,0.97,0.99,97,99,18973,TRUE,TRUE,TRUE,FALSE,TRUE,TRUE,TRUE,"ok","ok","",""
"BaxterE_2016","Baxter 2016",54,"balanced","Streptococcus",0.88,0.88,0.88,88,88,6498,TRUE,TRUE,FALSE,TRUE,TRUE,TRUE,TRUE,"structural_absence_boundary_at_zero","ok","",""
"BaxterE_2016","Baxter 2016",54,"balanced","Unclassified_Clostridiales",0.93,0.96,0.9,96,90,11176,TRUE,TRUE,TRUE,FALSE,TRUE,TRUE,TRUE,"ok","ok","",""
"BaxterE_2016","Baxter 2016",54,"balanced","Unclassified_Lachnospiraceae",1,1,1,100,100,40272,TRUE,TRUE,FALSE,TRUE,TRUE,TRUE,TRUE,"no_observed_zeros","ok","",""
"BaxterE_2016","Baxter 2016",54,"balanced","Unclassified_Ruminococcaceae",0.985,0.99,0.98,99,98,25198,TRUE,TRUE,TRUE,FALSE,TRUE,TRUE,TRUE,"ok","ok","",""
"BaxterE_2016","Baxter 2016",54,"fourfold","Akkermansia",0.83,0.81,0.85,81,85,20051,TRUE,TRUE,TRUE,FALSE,TRUE,TRUE,TRUE,"ok","ok","",""
"BaxterE_2016","Baxter 2016",54,"fourfold","Alistipes",0.905,0.88,0.93,88,93,23477,TRUE,TRUE,TRUE,FALSE,TRUE,TRUE,TRUE,"ok","ok","",""
"BaxterE_2016","Baxter 2016",54,"fourfold","Anaerostipes",0.98,0.98,0.98,98,98,28050,TRUE,TRUE,TRUE,FALSE,TRUE,TRUE,TRUE,"ok","ok","",""
"BaxterE_2016","Baxter 2016",54,"fourfold","Bacteroides",0.995,0.99,1,99,100,114699,TRUE,TRUE,FALSE,TRUE,TRUE,TRUE,TRUE,"structural_absence_boundary_at_zero","ok","",""
"BaxterE_2016","Baxter 2016",54,"fourfold","Bifidobacterium",0.705,0.67,0.74,67,74,8095,TRUE,TRUE,TRUE,FALSE,TRUE,TRUE,TRUE,"ok","ok","",""
"BaxterE_2016","Baxter 2016",54,"fourfold","Blautia",1,1,1,100,100,137265,TRUE,TRUE,FALSE,TRUE,TRUE,TRUE,TRUE,"no_observed_zeros","ok","",""
"BaxterE_2016","Baxter 2016",54,"fourfold","Clostridium_IV",0.97,0.95,0.99,95,99,14341,TRUE,TRUE,TRUE,FALSE,TRUE,TRUE,TRUE,"ok","ok","",""
"BaxterE_2016","Baxter 2016",54,"fourfold","Clostridium_sensu_stricto",0.71,0.64,0.78,64,78,8682,TRUE,TRUE,TRUE,FALSE,TRUE,TRUE,TRUE,"ok","ok","",""
"BaxterE_2016","Baxter 2016",54,"fourfold","Clostridium_XI",0.84,0.8,0.88,80,88,8163,TRUE,TRUE,TRUE,FALSE,TRUE,TRUE,TRUE,"ok","ok","",""
"BaxterE_2016","Baxter 2016",54,"fourfold","Clostridium_XlVa",0.995,0.99,1,99,100,16930,TRUE,TRUE,FALSE,TRUE,TRUE,TRUE,TRUE,"structural_absence_boundary_at_zero","ok","",""
"BaxterE_2016","Baxter 2016",54,"fourfold","Clostridium_XVIII",0.825,0.75,0.9,75,90,6161,TRUE,TRUE,TRUE,FALSE,TRUE,TRUE,TRUE,"ok","ok","",""
"BaxterE_2016","Baxter 2016",54,"fourfold","Collinsella",0.605,0.56,0.65,56,65,7001,TRUE,TRUE,TRUE,FALSE,TRUE,TRUE,TRUE,"ok","ok","",""
"BaxterE_2016","Baxter 2016",54,"fourfold","Coprococcus",0.87,0.88,0.86,88,86,7994,TRUE,TRUE,TRUE,FALSE,TRUE,TRUE,TRUE,"ok","ok","",""
"BaxterE_2016","Baxter 2016",54,"fourfold","Dorea",0.95,0.92,0.98,92,98,13636,TRUE,TRUE,TRUE,FALSE,TRUE,TRUE,TRUE,"ok","ok","",""
"BaxterE_2016","Baxter 2016",54,"fourfold","Escherichia/Shigella",0.715,0.55,0.88,55,88,8809,TRUE,TRUE,TRUE,FALSE,TRUE,TRUE,TRUE,"ok","ok","",""
"BaxterE_2016","Baxter 2016",54,"fourfold","Faecalibacterium",0.975,0.96,0.99,96,99,42220,TRUE,TRUE,TRUE,FALSE,TRUE,TRUE,TRUE,"ok","ok","",""
"BaxterE_2016","Baxter 2016",54,"fourfold","Gemmiger",0.775,0.76,0.79,76,79,8414,TRUE,TRUE,TRUE,FALSE,TRUE,TRUE,TRUE,"ok","ok","",""
"BaxterE_2016","Baxter 2016",54,"fourfold","Lachnospiracea_incertae_sedis",0.995,0.99,1,99,100,36909,TRUE,TRUE,TRUE,FALSE,TRUE,TRUE,TRUE,"ok","ok","",""
"BaxterE_2016","Baxter 2016",54,"fourfold","Methanobrevibacter",0.41,0.32,0.5,32,50,6415,TRUE,TRUE,TRUE,FALSE,TRUE,TRUE,TRUE,"ok","ok","",""
"BaxterE_2016","Baxter 2016",54,"fourfold","Oscillibacter",0.875,0.85,0.9,85,90,9944,TRUE,TRUE,TRUE,FALSE,TRUE,TRUE,TRUE,"ok","ok","",""
"BaxterE_2016","Baxter 2016",54,"fourfold","Parabacteroides",0.695,0.66,0.73,66,73,5778,TRUE,TRUE,TRUE,FALSE,TRUE,TRUE,TRUE,"ok","ok","",""
"BaxterE_2016","Baxter 2016",54,"fourfold","Phascolarctobacterium",0.64,0.61,0.67,61,67,8194,TRUE,TRUE,TRUE,FALSE,TRUE,TRUE,TRUE,"ok","ok","",""
"BaxterE_2016","Baxter 2016",54,"fourfold","Prevotella",0.375,0.31,0.44,31,44,10881,TRUE,TRUE,TRUE,FALSE,TRUE,TRUE,TRUE,"ok","ok","",""
"BaxterE_2016","Baxter 2016",54,"fourfold","Roseburia",0.985,0.99,0.98,99,98,32358,TRUE,TRUE,TRUE,FALSE,TRUE,TRUE,TRUE,"ok","ok","",""
"BaxterE_2016","Baxter 2016",54,"fourfold","Ruminococcus",0.86,0.84,0.88,84,88,24700,TRUE,TRUE,TRUE,FALSE,TRUE,TRUE,TRUE,"ok","ok","",""
"BaxterE_2016","Baxter 2016",54,"fourfold","Ruminococcus2",0.97,0.94,1,94,100,17510,TRUE,TRUE,TRUE,FALSE,TRUE,TRUE,TRUE,"ok","ok","",""
"BaxterE_2016","Baxter 2016",54,"fourfold","Streptococcus",0.845,0.8,0.89,80,89,6616,TRUE,TRUE,TRUE,FALSE,TRUE,TRUE,TRUE,"ok","ok","",""
"BaxterE_2016","Baxter 2016",54,"fourfold","Unclassified_Clostridiales",0.895,0.87,0.92,87,92,10695,TRUE,TRUE,TRUE,FALSE,TRUE,TRUE,TRUE,"ok","ok","",""
"BaxterE_2016","Baxter 2016",54,"fourfold","Unclassified_Lachnospiraceae",1,1,1,100,100,35119,TRUE,TRUE,FALSE,TRUE,TRUE,TRUE,TRUE,"no_observed_zeros","ok","",""
"BaxterE_2016","Baxter 2016",54,"fourfold","Unclassified_Ruminococcaceae",0.985,0.98,0.99,98,99,21030,TRUE,TRUE,TRUE,FALSE,TRUE,TRUE,TRUE,"ok","ok","",""
"BaxterE_2016","Baxter 2016",55,"balanced","Akkermansia",0.84,0.8,0.88,80,88,22840,TRUE,TRUE,TRUE,FALSE,TRUE,TRUE,TRUE,"ok","ok","",""
"BaxterE_2016","Baxter 2016",55,"balanced","Alistipes",0.915,0.89,0.94,89,94,25331,TRUE,TRUE,TRUE,FALSE,TRUE,TRUE,TRUE,"ok","ok","",""
"BaxterE_2016","Baxter 2016",55,"balanced","Anaerostipes",0.975,0.98,0.97,98,97,28287,TRUE,TRUE,TRUE,FALSE,TRUE,TRUE,TRUE,"ok","ok","",""
"BaxterE_2016","Baxter 2016",55,"balanced","Bacteroides",1,1,1,100,100,120300,TRUE,TRUE,FALSE,TRUE,TRUE,TRUE,TRUE,"no_observed_zeros","ok","",""
"BaxterE_2016","Baxter 2016",55,"balanced","Bifidobacterium",0.735,0.71,0.76,71,76,9129,TRUE,TRUE,TRUE,FALSE,TRUE,TRUE,TRUE,"ok","ok","",""
"BaxterE_2016","Baxter 2016",55,"balanced","Blautia",1,1,1,100,100,128073,TRUE,TRUE,FALSE,TRUE,TRUE,TRUE,TRUE,"no_observed_zeros","ok","",""
"BaxterE_2016","Baxter 2016",55,"balanced","Clostridium_IV",0.99,0.98,1,98,100,15763,TRUE,TRUE,TRUE,FALSE,TRUE,TRUE,TRUE,"ok","ok","",""
"BaxterE_2016","Baxter 2016",55,"balanced","Clostridium_sensu_stricto",0.725,0.75,0.7,75,70,8361,TRUE,TRUE,TRUE,FALSE,TRUE,TRUE,TRUE,"ok","ok","",""
"BaxterE_2016","Baxter 2016",55,"balanced","Clostridium_XI",0.86,0.86,0.86,86,86,8507,TRUE,TRUE,TRUE,FALSE,TRUE,TRUE,TRUE,"ok","ok","",""
"BaxterE_2016","Baxter 2016",55,"balanced","Clostridium_XlVa",0.995,0.99,1,99,100,14972,TRUE,TRUE,TRUE,FALSE,TRUE,TRUE,TRUE,"ok","ok","",""
"BaxterE_2016","Baxter 2016",55,"balanced","Clostridium_XVIII",0.91,0.9,0.92,90,92,5677,TRUE,TRUE,TRUE,FALSE,TRUE,TRUE,TRUE,"ok","ok","",""
"BaxterE_2016","Baxter 2016",55,"balanced","Collinsella",0.59,0.57,0.61,57,61,7663,TRUE,TRUE,TRUE,FALSE,TRUE,TRUE,TRUE,"ok","ok","",""
"BaxterE_2016","Baxter 2016",55,"balanced","Coprococcus",0.875,0.84,0.91,84,91,8518,TRUE,TRUE,TRUE,FALSE,TRUE,TRUE,TRUE,"ok","ok","",""
"BaxterE_2016","Baxter 2016",55,"balanced","Dorea",0.96,0.95,0.97,95,97,14107,TRUE,TRUE,TRUE,FALSE,TRUE,TRUE,TRUE,"ok","ok","",""
"BaxterE_2016","Baxter 2016",55,"balanced","Escherichia/Shigella",0.765,0.75,0.78,75,78,7580,TRUE,TRUE,TRUE,FALSE,TRUE,TRUE,TRUE,"ok","ok","",""
"BaxterE_2016","Baxter 2016",55,"balanced","Faecalibacterium",0.985,0.97,1,97,100,44098,TRUE,TRUE,TRUE,FALSE,TRUE,TRUE,TRUE,"ok","ok","",""
"BaxterE_2016","Baxter 2016",55,"balanced","Gemmiger",0.77,0.74,0.8,74,80,8793,TRUE,TRUE,TRUE,FALSE,TRUE,TRUE,TRUE,"ok","ok","",""
"BaxterE_2016","Baxter 2016",55,"balanced","Lachnospiracea_incertae_sedis",1,1,1,100,100,37190,TRUE,TRUE,FALSE,TRUE,TRUE,TRUE,TRUE,"no_observed_zeros","ok","",""
"BaxterE_2016","Baxter 2016",55,"balanced","Methanobrevibacter",0.425,0.43,0.42,43,42,5936,TRUE,TRUE,TRUE,FALSE,TRUE,TRUE,TRUE,"ok","ok","",""
"BaxterE_2016","Baxter 2016",55,"balanced","Oscillibacter",0.91,0.87,0.95,87,95,10019,TRUE,TRUE,TRUE,FALSE,TRUE,TRUE,TRUE,"ok","ok","",""
"BaxterE_2016","Baxter 2016",55,"balanced","Parabacteroides",0.725,0.7,0.75,70,75,5635,TRUE,TRUE,TRUE,FALSE,TRUE,TRUE,TRUE,"ok","ok","",""
"BaxterE_2016","Baxter 2016",55,"balanced","Phascolarctobacterium",0.64,0.6,0.68,60,68,7789,TRUE,TRUE,TRUE,FALSE,TRUE,TRUE,TRUE,"ok","ok","",""
"BaxterE_2016","Baxter 2016",55,"balanced","Prevotella",0.37,0.38,0.36,38,36,12260,TRUE,TRUE,TRUE,FALSE,TRUE,TRUE,TRUE,"ok","ok","",""
"BaxterE_2016","Baxter 2016",55,"balanced","Roseburia",0.98,0.97,0.99,97,99,33576,TRUE,TRUE,TRUE,FALSE,TRUE,TRUE,TRUE,"ok","ok","",""
"BaxterE_2016","Baxter 2016",55,"balanced","Ruminococcus",0.88,0.89,0.87,89,87,23324,TRUE,TRUE,TRUE,FALSE,TRUE,TRUE,TRUE,"ok","ok","",""
"BaxterE_2016","Baxter 2016",55,"balanced","Ruminococcus2",0.985,0.98,0.99,98,99,17825,TRUE,TRUE,TRUE,FALSE,TRUE,TRUE,TRUE,"ok","ok","",""
"BaxterE_2016","Baxter 2016",55,"balanced","Streptococcus",0.865,0.86,0.87,86,87,6133,TRUE,TRUE,TRUE,FALSE,TRUE,TRUE,TRUE,"ok","ok","",""
"BaxterE_2016","Baxter 2016",55,"balanced","Unclassified_Clostridiales",0.935,0.93,0.94,93,94,10579,TRUE,TRUE,TRUE,FALSE,TRUE,TRUE,TRUE,"ok","ok","",""
"BaxterE_2016","Baxter 2016",55,"balanced","Unclassified_Lachnospiraceae",1,1,1,100,100,35246,TRUE,TRUE,FALSE,TRUE,TRUE,TRUE,TRUE,"no_observed_zeros","ok","",""
"BaxterE_2016","Baxter 2016",55,"balanced","Unclassified_Ruminococcaceae",0.99,0.98,1,98,100,23144,TRUE,TRUE,TRUE,FALSE,TRUE,TRUE,TRUE,"ok","ok","",""
"BaxterE_2016","Baxter 2016",55,"fourfold","Akkermansia",0.85,0.79,0.91,79,91,22601,TRUE,TRUE,TRUE,FALSE,TRUE,TRUE,TRUE,"ok","ok","",""
"BaxterE_2016","Baxter 2016",55,"fourfold","Alistipes",0.91,0.86,0.96,86,96,26574,TRUE,TRUE,TRUE,FALSE,TRUE,TRUE,TRUE,"ok","ok","",""
"BaxterE_2016","Baxter 2016",55,"fourfold","Anaerostipes",0.98,0.96,1,96,100,27196,TRUE,TRUE,TRUE,FALSE,TRUE,TRUE,TRUE,"ok","ok","",""
"BaxterE_2016","Baxter 2016",55,"fourfold","Bacteroides",0.995,0.99,1,99,100,123985,TRUE,TRUE,TRUE,FALSE,TRUE,TRUE,TRUE,"ok","ok","",""
"BaxterE_2016","Baxter 2016",55,"fourfold","Bifidobacterium",0.71,0.66,0.76,66,76,7624,TRUE,TRUE,TRUE,FALSE,TRUE,TRUE,TRUE,"ok","ok","",""
"BaxterE_2016","Baxter 2016",55,"fourfold","Blautia",1,1,1,100,100,112502,TRUE,TRUE,FALSE,TRUE,TRUE,TRUE,TRUE,"no_observed_zeros","ok","",""
"BaxterE_2016","Baxter 2016",55,"fourfold","Clostridium_IV",0.975,0.96,0.99,96,99,15068,TRUE,TRUE,TRUE,FALSE,TRUE,TRUE,TRUE,"ok","ok","",""
"BaxterE_2016","Baxter 2016",55,"fourfold","Clostridium_sensu_stricto",0.685,0.61,0.76,61,76,8943,TRUE,TRUE,TRUE,FALSE,TRUE,TRUE,TRUE,"ok","ok","",""
"BaxterE_2016","Baxter 2016",55,"fourfold","Clostridium_XI",0.805,0.74,0.87,74,87,8897,TRUE,TRUE,TRUE,FALSE,TRUE,TRUE,TRUE,"ok","ok","",""
"BaxterE_2016","Baxter 2016",55,"fourfold","Clostridium_XlVa",1,1,1,100,100,14259,TRUE,TRUE,FALSE,TRUE,TRUE,TRUE,TRUE,"no_observed_zeros","ok","",""
"BaxterE_2016","Baxter 2016",55,"fourfold","Clostridium_XVIII",0.845,0.78,0.91,78,91,5057,TRUE,TRUE,TRUE,FALSE,TRUE,TRUE,TRUE,"ok","ok","",""
"BaxterE_2016","Baxter 2016",55,"fourfold","Collinsella",0.6,0.55,0.65,55,65,6100,TRUE,TRUE,TRUE,FALSE,TRUE,TRUE,TRUE,"ok","ok","",""
"BaxterE_2016","Baxter 2016",55,"fourfold","Coprococcus",0.86,0.82,0.9,82,90,8939,TRUE,TRUE,TRUE,FALSE,TRUE,TRUE,TRUE,"ok","ok","",""
"BaxterE_2016","Baxter 2016",55,"fourfold","Dorea",0.95,0.94,0.96,94,96,12661,TRUE,TRUE,TRUE,FALSE,TRUE,TRUE,TRUE,"ok","ok","",""
"BaxterE_2016","Baxter 2016",55,"fourfold","Escherichia/Shigella",0.7,0.59,0.81,59,81,7056,TRUE,TRUE,TRUE,FALSE,TRUE,TRUE,TRUE,"ok","ok","",""
"BaxterE_2016","Baxter 2016",55,"fourfold","Faecalibacterium",0.985,0.97,1,97,100,43679,TRUE,TRUE,TRUE,FALSE,TRUE,TRUE,TRUE,"ok","ok","",""
"BaxterE_2016","Baxter 2016",55,"fourfold","Gemmiger",0.79,0.71,0.87,71,87,7927,TRUE,TRUE,TRUE,FALSE,TRUE,TRUE,TRUE,"ok","ok","",""
"BaxterE_2016","Baxter 2016",55,"fourfold","Lachnospiracea_incertae_sedis",1,1,1,100,100,32139,TRUE,TRUE,FALSE,TRUE,TRUE,TRUE,TRUE,"no_observed_zeros","ok","",""
"BaxterE_2016","Baxter 2016",55,"fourfold","Methanobrevibacter",0.41,0.4,0.42,40,42,4763,TRUE,TRUE,TRUE,FALSE,TRUE,TRUE,TRUE,"ok","ok","",""
"BaxterE_2016","Baxter 2016",55,"fourfold","Oscillibacter",0.87,0.79,0.95,79,95,9088,TRUE,TRUE,TRUE,FALSE,TRUE,TRUE,TRUE,"ok","ok","",""
"BaxterE_2016","Baxter 2016",55,"fourfold","Parabacteroides",0.695,0.62,0.77,62,77,4979,TRUE,TRUE,TRUE,FALSE,TRUE,TRUE,TRUE,"ok","ok","",""
"BaxterE_2016","Baxter 2016",55,"fourfold","Phascolarctobacterium",0.61,0.53,0.69,53,69,7428,TRUE,TRUE,TRUE,FALSE,TRUE,TRUE,TRUE,"ok","ok","",""
"BaxterE_2016","Baxter 2016",55,"fourfold","Prevotella",0.33,0.33,0.33,33,33,11190,TRUE,TRUE,TRUE,FALSE,TRUE,TRUE,TRUE,"ok","ok","",""
"BaxterE_2016","Baxter 2016",55,"fourfold","Roseburia",0.95,0.9,1,90,100,32546,TRUE,TRUE,TRUE,FALSE,TRUE,TRUE,TRUE,"ok","ok","",""
"BaxterE_2016","Baxter 2016",55,"fourfold","Ruminococcus",0.84,0.81,0.87,81,87,23015,TRUE,TRUE,TRUE,FALSE,TRUE,TRUE,TRUE,"ok","ok","",""
"BaxterE_2016","Baxter 2016",55,"fourfold","Ruminococcus2",0.965,0.93,1,93,100,17026,TRUE,TRUE,TRUE,FALSE,TRUE,TRUE,TRUE,"ok","ok","",""
"BaxterE_2016","Baxter 2016",55,"fourfold","Streptococcus",0.84,0.79,0.89,79,89,6606,TRUE,TRUE,TRUE,FALSE,TRUE,TRUE,TRUE,"ok","ok","",""
"BaxterE_2016","Baxter 2016",55,"fourfold","Unclassified_Clostridiales",0.905,0.86,0.95,86,95,10849,TRUE,TRUE,TRUE,FALSE,TRUE,TRUE,TRUE,"ok","ok","",""
"BaxterE_2016","Baxter 2016",55,"fourfold","Unclassified_Lachnospiraceae",0.995,0.99,1,99,100,35093,TRUE,TRUE,TRUE,FALSE,TRUE,TRUE,TRUE,"ok","ok","",""
"BaxterE_2016","Baxter 2016",55,"fourfold","Unclassified_Ruminococcaceae",0.975,0.97,0.98,97,98,21324,TRUE,TRUE,TRUE,FALSE,TRUE,TRUE,TRUE,"ok","ok","",""
"BaxterE_2016","Baxter 2016",56,"balanced","Akkermansia",0.83,0.8,0.86,80,86,26310,TRUE,TRUE,TRUE,FALSE,TRUE,TRUE,TRUE,"ok","ok","",""
"BaxterE_2016","Baxter 2016",56,"balanced","Alistipes",0.94,0.94,0.94,94,94,27634,TRUE,TRUE,TRUE,FALSE,TRUE,TRUE,TRUE,"ok","ok","",""
"BaxterE_2016","Baxter 2016",56,"balanced","Anaerostipes",0.98,0.98,0.98,98,98,29747,TRUE,TRUE,TRUE,FALSE,TRUE,TRUE,TRUE,"ok","ok","",""
"BaxterE_2016","Baxter 2016",56,"balanced","Bacteroides",0.995,0.99,1,99,100,123746,TRUE,TRUE,TRUE,FALSE,TRUE,TRUE,TRUE,"ok","ok","",""
"BaxterE_2016","Baxter 2016",56,"balanced","Bifidobacterium",0.735,0.73,0.74,73,74,8656,TRUE,TRUE,TRUE,FALSE,TRUE,TRUE,TRUE,"ok","ok","",""
"BaxterE_2016","Baxter 2016",56,"balanced","Blautia",1,1,1,100,100,133740,TRUE,TRUE,FALSE,TRUE,TRUE,TRUE,TRUE,"no_observed_zeros","ok","",""
"BaxterE_2016","Baxter 2016",56,"balanced","Clostridium_IV",0.99,1,0.98,100,98,16281,TRUE,TRUE,TRUE,FALSE,TRUE,TRUE,TRUE,"ok","ok","",""
"BaxterE_2016","Baxter 2016",56,"balanced","Clostridium_sensu_stricto",0.735,0.69,0.78,69,78,8906,TRUE,TRUE,TRUE,FALSE,TRUE,TRUE,TRUE,"ok","ok","",""
"BaxterE_2016","Baxter 2016",56,"balanced","Clostridium_XI",0.84,0.8,0.88,80,88,9207,TRUE,TRUE,TRUE,FALSE,TRUE,TRUE,TRUE,"ok","ok","",""
"BaxterE_2016","Baxter 2016",56,"balanced","Clostridium_XlVa",1,1,1,100,100,16140,TRUE,TRUE,FALSE,TRUE,TRUE,TRUE,TRUE,"no_observed_zeros","ok","",""
"BaxterE_2016","Baxter 2016",56,"balanced","Clostridium_XVIII",0.89,0.9,0.88,90,88,4900,TRUE,TRUE,TRUE,FALSE,TRUE,TRUE,TRUE,"ok","ok","",""
"BaxterE_2016","Baxter 2016",56,"balanced","Collinsella",0.625,0.6,0.65,60,65,8015,TRUE,TRUE,TRUE,FALSE,TRUE,TRUE,TRUE,"ok","ok","",""
"BaxterE_2016","Baxter 2016",56,"balanced","Coprococcus",0.86,0.84,0.88,84,88,9484,TRUE,TRUE,TRUE,FALSE,TRUE,TRUE,TRUE,"ok","ok","",""
"BaxterE_2016","Baxter 2016",56,"balanced","Dorea",0.965,0.96,0.97,96,97,14965,TRUE,TRUE,TRUE,FALSE,TRUE,TRUE,TRUE,"ok","ok","",""
"BaxterE_2016","Baxter 2016",56,"balanced","Escherichia/Shigella",0.77,0.78,0.76,78,76,6605,TRUE,TRUE,TRUE,FALSE,TRUE,TRUE,TRUE,"ok","ok","",""
"BaxterE_2016","Baxter 2016",56,"balanced","Faecalibacterium",0.985,0.99,0.98,99,98,46404,TRUE,TRUE,TRUE,FALSE,TRUE,TRUE,TRUE,"ok","ok","",""
"BaxterE_2016","Baxter 2016",56,"balanced","Gemmiger",0.785,0.8,0.77,80,77,9158,TRUE,TRUE,TRUE,FALSE,TRUE,TRUE,TRUE,"ok","ok","",""
"BaxterE_2016","Baxter 2016",56,"balanced","Lachnospiracea_incertae_sedis",1,1,1,100,100,35436,TRUE,TRUE,FALSE,TRUE,TRUE,TRUE,TRUE,"no_observed_zeros","ok","",""
"BaxterE_2016","Baxter 2016",56,"balanced","Methanobrevibacter",0.41,0.41,0.41,41,41,5970,TRUE,TRUE,TRUE,FALSE,TRUE,TRUE,TRUE,"ok","ok","",""
"BaxterE_2016","Baxter 2016",56,"balanced","Oscillibacter",0.89,0.84,0.94,84,94,9972,TRUE,TRUE,TRUE,FALSE,TRUE,TRUE,TRUE,"ok","ok","",""
"BaxterE_2016","Baxter 2016",56,"balanced","Parabacteroides",0.735,0.66,0.81,66,81,5911,TRUE,TRUE,TRUE,FALSE,TRUE,TRUE,TRUE,"ok","ok","",""
"BaxterE_2016","Baxter 2016",56,"balanced","Phascolarctobacterium",0.66,0.62,0.7,62,70,7933,TRUE,TRUE,TRUE,FALSE,TRUE,TRUE,TRUE,"ok","ok","",""
"BaxterE_2016","Baxter 2016",56,"balanced","Prevotella",0.38,0.4,0.36,40,36,11821,TRUE,TRUE,TRUE,FALSE,TRUE,TRUE,TRUE,"ok","ok","",""
"BaxterE_2016","Baxter 2016",56,"balanced","Roseburia",0.985,0.98,0.99,98,99,34939,TRUE,TRUE,TRUE,FALSE,TRUE,TRUE,TRUE,"ok","ok","",""
"BaxterE_2016","Baxter 2016",56,"balanced","Ruminococcus",0.87,0.83,0.91,83,91,25254,TRUE,TRUE,TRUE,FALSE,TRUE,TRUE,TRUE,"ok","ok","",""
"BaxterE_2016","Baxter 2016",56,"balanced","Ruminococcus2",0.975,0.98,0.97,98,97,18839,TRUE,TRUE,TRUE,FALSE,TRUE,TRUE,TRUE,"ok","ok","",""
"BaxterE_2016","Baxter 2016",56,"balanced","Streptococcus",0.855,0.88,0.83,88,83,6987,TRUE,TRUE,TRUE,FALSE,TRUE,TRUE,TRUE,"ok","ok","",""
"BaxterE_2016","Baxter 2016",56,"balanced","Unclassified_Clostridiales",0.935,0.93,0.94,93,94,11910,TRUE,TRUE,TRUE,FALSE,TRUE,TRUE,TRUE,"ok","ok","",""
"BaxterE_2016","Baxter 2016",56,"balanced","Unclassified_Lachnospiraceae",1,1,1,100,100,38977,TRUE,TRUE,FALSE,TRUE,TRUE,TRUE,TRUE,"no_observed_zeros","ok","",""
"BaxterE_2016","Baxter 2016",56,"balanced","Unclassified_Ruminococcaceae",0.98,0.96,1,96,100,23245,TRUE,TRUE,TRUE,FALSE,TRUE,TRUE,TRUE,"ok","ok","",""
"BaxterE_2016","Baxter 2016",56,"fourfold","Akkermansia",0.865,0.82,0.91,82,91,21686,TRUE,TRUE,TRUE,FALSE,TRUE,TRUE,TRUE,"ok","ok","",""
"BaxterE_2016","Baxter 2016",56,"fourfold","Alistipes",0.915,0.9,0.93,90,93,24253,TRUE,TRUE,TRUE,FALSE,TRUE,TRUE,TRUE,"ok","ok","",""
"BaxterE_2016","Baxter 2016",56,"fourfold","Anaerostipes",0.99,0.99,0.99,99,99,30845,TRUE,TRUE,TRUE,FALSE,TRUE,TRUE,TRUE,"ok","ok","",""
"BaxterE_2016","Baxter 2016",56,"fourfold","Bacteroides",1,1,1,100,100,112225,TRUE,TRUE,FALSE,TRUE,TRUE,TRUE,TRUE,"no_observed_zeros","ok","",""
"BaxterE_2016","Baxter 2016",56,"fourfold","Bifidobacterium",0.705,0.68,0.73,68,73,8413,TRUE,TRUE,TRUE,FALSE,TRUE,TRUE,TRUE,"ok","ok","",""
"BaxterE_2016","Baxter 2016",56,"fourfold","Blautia",0.995,1,0.99,100,99,141387,TRUE,TRUE,TRUE,FALSE,TRUE,TRUE,TRUE,"ok","ok","",""
"BaxterE_2016","Baxter 2016",56,"fourfold","Clostridium_IV",0.99,1,0.98,100,98,13347,TRUE,TRUE,TRUE,FALSE,TRUE,TRUE,TRUE,"ok","ok","",""
"BaxterE_2016","Baxter 2016",56,"fourfold","Clostridium_sensu_stricto",0.68,0.57,0.79,57,79,7300,TRUE,TRUE,TRUE,FALSE,TRUE,TRUE,TRUE,"ok","ok","",""
"BaxterE_2016","Baxter 2016",56,"fourfold","Clostridium_XI",0.795,0.7,0.89,70,89,8581,TRUE,TRUE,TRUE,FALSE,TRUE,TRUE,TRUE,"ok","ok","",""
"BaxterE_2016","Baxter 2016",56,"fourfold","Clostridium_XlVa",0.995,0.99,1,99,100,15045,TRUE,TRUE,FALSE,TRUE,TRUE,TRUE,TRUE,"structural_absence_boundary_at_zero","ok","",""
"BaxterE_2016","Baxter 2016",56,"fourfold","Clostridium_XVIII",0.865,0.82,0.91,82,91,4249,TRUE,TRUE,TRUE,FALSE,TRUE,TRUE,TRUE,"ok","ok","",""
"BaxterE_2016","Baxter 2016",56,"fourfold","Collinsella",0.6,0.53,0.67,53,67,8104,TRUE,TRUE,TRUE,FALSE,TRUE,TRUE,TRUE,"ok","ok","",""
"BaxterE_2016","Baxter 2016",56,"fourfold","Coprococcus",0.86,0.82,0.9,82,90,8302,TRUE,TRUE,TRUE,FALSE,TRUE,TRUE,TRUE,"ok","ok","",""
"BaxterE_2016","Baxter 2016",56,"fourfold","Dorea",0.96,0.94,0.98,94,98,15366,TRUE,TRUE,TRUE,FALSE,TRUE,TRUE,TRUE,"ok","ok","",""
"BaxterE_2016","Baxter 2016",56,"fourfold","Escherichia/Shigella",0.705,0.6,0.81,60,81,6968,TRUE,TRUE,TRUE,FALSE,TRUE,TRUE,TRUE,"ok","ok","",""
"BaxterE_2016","Baxter 2016",56,"fourfold","Faecalibacterium",0.99,0.99,0.99,99,99,40307,TRUE,TRUE,TRUE,FALSE,TRUE,TRUE,TRUE,"ok","ok","",""
"BaxterE_2016","Baxter 2016",56,"fourfold","Gemmiger",0.795,0.77,0.82,77,82,7965,TRUE,TRUE,TRUE,FALSE,TRUE,TRUE,TRUE,"ok","ok","",""
"BaxterE_2016","Baxter 2016",56,"fourfold","Lachnospiracea_incertae_sedis",1,1,1,100,100,34884,TRUE,TRUE,FALSE,TRUE,TRUE,TRUE,TRUE,"no_observed_zeros","ok","",""
"BaxterE_2016","Baxter 2016",56,"fourfold","Methanobrevibacter",0.43,0.39,0.47,39,47,5326,TRUE,TRUE,TRUE,FALSE,TRUE,TRUE,TRUE,"ok","ok","",""
"BaxterE_2016","Baxter 2016",56,"fourfold","Oscillibacter",0.89,0.82,0.96,82,96,8644,TRUE,TRUE,TRUE,FALSE,TRUE,TRUE,TRUE,"ok","ok","",""
"BaxterE_2016","Baxter 2016",56,"fourfold","Parabacteroides",0.7,0.6,0.8,60,80,4688,TRUE,TRUE,TRUE,FALSE,TRUE,TRUE,TRUE,"ok","ok","",""
"BaxterE_2016","Baxter 2016",56,"fourfold","Phascolarctobacterium",0.62,0.49,0.75,49,75,7206,TRUE,TRUE,TRUE,FALSE,TRUE,TRUE,TRUE,"ok","ok","",""
"BaxterE_2016","Baxter 2016",56,"fourfold","Prevotella",0.345,0.26,0.43,26,43,11042,TRUE,TRUE,TRUE,FALSE,TRUE,TRUE,TRUE,"ok","ok","",""
"BaxterE_2016","Baxter 2016",56,"fourfold","Roseburia",0.985,0.98,0.99,98,99,32901,TRUE,TRUE,TRUE,FALSE,TRUE,TRUE,TRUE,"ok","ok","",""
"BaxterE_2016","Baxter 2016",56,"fourfold","Ruminococcus",0.865,0.8,0.93,80,93,23960,TRUE,TRUE,TRUE,FALSE,TRUE,TRUE,TRUE,"ok","ok","",""
"BaxterE_2016","Baxter 2016",56,"fourfold","Ruminococcus2",0.97,0.96,0.98,96,98,16941,TRUE,TRUE,TRUE,FALSE,TRUE,TRUE,TRUE,"ok","ok","",""
"BaxterE_2016","Baxter 2016",56,"fourfold","Streptococcus",0.83,0.79,0.87,79,87,5225,TRUE,TRUE,TRUE,FALSE,TRUE,TRUE,TRUE,"ok","ok","",""
"BaxterE_2016","Baxter 2016",56,"fourfold","Unclassified_Clostridiales",0.91,0.85,0.97,85,97,9810,TRUE,TRUE,TRUE,FALSE,TRUE,TRUE,TRUE,"ok","ok","",""
"BaxterE_2016","Baxter 2016",56,"fourfold","Unclassified_Lachnospiraceae",1,1,1,100,100,36548,TRUE,TRUE,FALSE,TRUE,TRUE,TRUE,TRUE,"no_observed_zeros","ok","",""
"BaxterE_2016","Baxter 2016",56,"fourfold","Unclassified_Ruminococcaceae",0.975,0.96,0.99,96,99,23230,TRUE,TRUE,TRUE,FALSE,TRUE,TRUE,TRUE,"ok","ok","",""
"BaxterE_2016","Baxter 2016",57,"balanced","Akkermansia",0.85,0.8,0.9,80,90,25969,TRUE,TRUE,TRUE,FALSE,TRUE,TRUE,TRUE,"ok","ok","",""
"BaxterE_2016","Baxter 2016",57,"balanced","Alistipes",0.925,0.97,0.88,97,88,25505,TRUE,TRUE,TRUE,FALSE,TRUE,TRUE,TRUE,"ok","ok","",""
"BaxterE_2016","Baxter 2016",57,"balanced","Anaerostipes",0.985,0.98,0.99,98,99,31161,TRUE,TRUE,TRUE,FALSE,TRUE,TRUE,TRUE,"ok","ok","",""
"BaxterE_2016","Baxter 2016",57,"balanced","Bacteroides",0.995,0.99,1,99,100,125447,TRUE,TRUE,TRUE,FALSE,TRUE,TRUE,TRUE,"ok","ok","",""
"BaxterE_2016","Baxter 2016",57,"balanced","Bifidobacterium",0.73,0.72,0.74,72,74,9423,TRUE,TRUE,TRUE,FALSE,TRUE,TRUE,TRUE,"ok","ok","",""
"BaxterE_2016","Baxter 2016",57,"balanced","Blautia",1,1,1,100,100,139923,TRUE,TRUE,FALSE,TRUE,TRUE,TRUE,TRUE,"no_observed_zeros","ok","",""
"BaxterE_2016","Baxter 2016",57,"balanced","Clostridium_IV",0.98,0.98,0.98,98,98,17259,TRUE,TRUE,TRUE,FALSE,TRUE,TRUE,TRUE,"ok","ok","",""
"BaxterE_2016","Baxter 2016",57,"balanced","Clostridium_sensu_stricto",0.74,0.7,0.78,70,78,9591,TRUE,TRUE,TRUE,FALSE,TRUE,TRUE,TRUE,"ok","ok","",""
"BaxterE_2016","Baxter 2016",57,"balanced","Clostridium_XI",0.84,0.83,0.85,83,85,9225,TRUE,TRUE,TRUE,FALSE,TRUE,TRUE,TRUE,"ok","ok","",""
"BaxterE_2016","Baxter 2016",57,"balanced","Clostridium_XlVa",1,1,1,100,100,16318,TRUE,TRUE,FALSE,TRUE,TRUE,TRUE,TRUE,"no_observed_zeros","ok","",""
"BaxterE_2016","Baxter 2016",57,"balanced","Clostridium_XVIII",0.885,0.85,0.92,85,92,5259,TRUE,TRUE,TRUE,FALSE,TRUE,TRUE,TRUE,"ok","ok","",""
"BaxterE_2016","Baxter 2016",57,"balanced","Collinsella",0.595,0.65,0.54,65,54,8246,TRUE,TRUE,TRUE,FALSE,TRUE,TRUE,TRUE,"ok","ok","",""
"BaxterE_2016","Baxter 2016",57,"balanced","Coprococcus",0.87,0.87,0.87,87,87,9666,TRUE,TRUE,TRUE,FALSE,TRUE,TRUE,TRUE,"ok","ok","",""
"BaxterE_2016","Baxter 2016",57,"balanced","Dorea",0.95,0.96,0.94,96,94,15110,TRUE,TRUE,TRUE,FALSE,TRUE,TRUE,TRUE,"ok","ok","",""
"BaxterE_2016","Baxter 2016",57,"balanced","Escherichia/Shigella",0.76,0.7,0.82,70,82,6423,TRUE,TRUE,TRUE,FALSE,TRUE,TRUE,TRUE,"ok","ok","",""
"BaxterE_2016","Baxter 2016",57,"balanced","Faecalibacterium",0.995,1,0.99,100,99,46984,TRUE,TRUE,TRUE,FALSE,TRUE,TRUE,TRUE,"ok","ok","",""
"BaxterE_2016","Baxter 2016",57,"balanced","Gemmiger",0.775,0.77,0.78,77,78,10056,TRUE,TRUE,TRUE,FALSE,TRUE,TRUE,TRUE,"ok","ok","",""
"BaxterE_2016","Baxter 2016",57,"balanced","Lachnospiracea_incertae_sedis",1,1,1,100,100,35059,TRUE,TRUE,FALSE,TRUE,TRUE,TRUE,TRUE,"no_observed_zeros","ok","",""
"BaxterE_2016","Baxter 2016",57,"balanced","Methanobrevibacter",0.41,0.41,0.41,41,41,7962,TRUE,TRUE,TRUE,FALSE,TRUE,TRUE,TRUE,"ok","ok","",""
"BaxterE_2016","Baxter 2016",57,"balanced","Oscillibacter",0.895,0.94,0.85,94,85,10731,TRUE,TRUE,TRUE,FALSE,TRUE,TRUE,TRUE,"ok","ok","",""
"BaxterE_2016","Baxter 2016",57,"balanced","Parabacteroides",0.74,0.78,0.7,78,70,5292,TRUE,TRUE,TRUE,FALSE,TRUE,TRUE,TRUE,"ok","ok","",""
"BaxterE_2016","Baxter 2016",57,"balanced","Phascolarctobacterium",0.665,0.62,0.71,62,71,8786,TRUE,TRUE,TRUE,FALSE,TRUE,TRUE,TRUE,"ok","ok","",""
"BaxterE_2016","Baxter 2016",57,"balanced","Prevotella",0.38,0.43,0.33,43,33,12899,TRUE,TRUE,TRUE,FALSE,TRUE,TRUE,TRUE,"ok","ok","",""
"BaxterE_2016","Baxter 2016",57,"balanced","Roseburia",0.98,0.98,0.98,98,98,36279,TRUE,TRUE,TRUE,FALSE,TRUE,TRUE,TRUE,"ok","ok","",""
"BaxterE_2016","Baxter 2016",57,"balanced","Ruminococcus",0.875,0.88,0.87,88,87,28066,TRUE,TRUE,TRUE,FALSE,TRUE,TRUE,TRUE,"ok","ok","",""
"BaxterE_2016","Baxter 2016",57,"balanced","Ruminococcus2",0.975,0.99,0.96,99,96,19457,TRUE,TRUE,TRUE,FALSE,TRUE,TRUE,TRUE,"ok","ok","",""
"BaxterE_2016","Baxter 2016",57,"balanced","Streptococcus",0.865,0.83,0.9,83,90,6332,TRUE,TRUE,TRUE,FALSE,TRUE,TRUE,TRUE,"ok","ok","",""
"BaxterE_2016","Baxter 2016",57,"balanced","Unclassified_Clostridiales",0.93,0.93,0.93,93,93,11535,TRUE,TRUE,TRUE,FALSE,TRUE,TRUE,TRUE,"ok","ok","",""
"BaxterE_2016","Baxter 2016",57,"balanced","Unclassified_Lachnospiraceae",1,1,1,100,100,39299,TRUE,TRUE,FALSE,TRUE,TRUE,TRUE,TRUE,"no_observed_zeros","ok","",""
"BaxterE_2016","Baxter 2016",57,"balanced","Unclassified_Ruminococcaceae",0.975,0.98,0.97,98,97,26620,TRUE,TRUE,TRUE,FALSE,TRUE,TRUE,TRUE,"ok","ok","",""
"BaxterE_2016","Baxter 2016",57,"fourfold","Akkermansia",0.8,0.73,0.87,73,87,21279,TRUE,TRUE,TRUE,FALSE,TRUE,TRUE,TRUE,"ok","ok","",""
"BaxterE_2016","Baxter 2016",57,"fourfold","Alistipes",0.92,0.93,0.91,93,91,25764,TRUE,TRUE,TRUE,FALSE,TRUE,TRUE,TRUE,"ok","ok","",""
"BaxterE_2016","Baxter 2016",57,"fourfold","Anaerostipes",0.98,0.97,0.99,97,99,32549,TRUE,TRUE,TRUE,FALSE,TRUE,TRUE,TRUE,"ok","ok","",""
"BaxterE_2016","Baxter 2016",57,"fourfold","Bacteroides",1,1,1,100,100,128875,TRUE,TRUE,FALSE,TRUE,TRUE,TRUE,TRUE,"no_observed_zeros","ok","",""
"BaxterE_2016","Baxter 2016",57,"fourfold","Bifidobacterium",0.73,0.68,0.78,68,78,11182,TRUE,TRUE,TRUE,FALSE,TRUE,TRUE,TRUE,"ok","ok","",""
"BaxterE_2016","Baxter 2016",57,"fourfold","Blautia",1,1,1,100,100,140666,TRUE,TRUE,FALSE,TRUE,TRUE,TRUE,TRUE,"no_observed_zeros","ok","",""
"BaxterE_2016","Baxter 2016",57,"fourfold","Clostridium_IV",0.975,0.96,0.99,96,99,14727,TRUE,TRUE,TRUE,FALSE,TRUE,TRUE,TRUE,"ok","ok","",""
"BaxterE_2016","Baxter 2016",57,"fourfold","Clostridium_sensu_stricto",0.725,0.65,0.8,65,80,8118,TRUE,TRUE,TRUE,FALSE,TRUE,TRUE,TRUE,"ok","ok","",""
"BaxterE_2016","Baxter 2016",57,"fourfold","Clostridium_XI",0.83,0.78,0.88,78,88,8923,TRUE,TRUE,TRUE,FALSE,TRUE,TRUE,TRUE,"ok","ok","",""
"BaxterE_2016","Baxter 2016",57,"fourfold","Clostridium_XlVa",0.995,0.99,1,99,100,15552,TRUE,TRUE,FALSE,TRUE,TRUE,TRUE,TRUE,"structural_absence_boundary_at_zero","ok","",""
"BaxterE_2016","Baxter 2016",57,"fourfold","Clostridium_XVIII",0.865,0.79,0.94,79,94,5238,TRUE,TRUE,TRUE,FALSE,TRUE,TRUE,TRUE,"ok","ok","",""
"BaxterE_2016","Baxter 2016",57,"fourfold","Collinsella",0.595,0.63,0.56,63,56,8226,TRUE,TRUE,TRUE,FALSE,TRUE,TRUE,TRUE,"ok","ok","",""
"BaxterE_2016","Baxter 2016",57,"fourfold","Coprococcus",0.86,0.83,0.89,83,89,9816,TRUE,TRUE,TRUE,FALSE,TRUE,TRUE,TRUE,"ok","ok","",""
"BaxterE_2016","Baxter 2016",57,"fourfold","Dorea",0.955,0.96,0.95,96,95,14420,TRUE,TRUE,TRUE,FALSE,TRUE,TRUE,TRUE,"ok","ok","",""
"BaxterE_2016","Baxter 2016",57,"fourfold","Escherichia/Shigella",0.74,0.63,0.85,63,85,6889,TRUE,TRUE,FALSE,TRUE,TRUE,TRUE,TRUE,"structural_absence_boundary_at_zero","ok","",""
"BaxterE_2016","Baxter 2016",57,"fourfold","Faecalibacterium",0.98,0.97,0.99,97,99,47582,TRUE,TRUE,TRUE,FALSE,TRUE,TRUE,TRUE,"ok","ok","",""
"BaxterE_2016","Baxter 2016",57,"fourfold","Gemmiger",0.775,0.8,0.75,80,75,8040,TRUE,TRUE,TRUE,FALSE,TRUE,TRUE,TRUE,"ok","ok","",""
"BaxterE_2016","Baxter 2016",57,"fourfold","Lachnospiracea_incertae_sedis",1,1,1,100,100,39589,TRUE,TRUE,FALSE,TRUE,TRUE,TRUE,TRUE,"no_observed_zeros","ok","",""
"BaxterE_2016","Baxter 2016",57,"fourfold","Methanobrevibacter",0.395,0.39,0.4,39,40,4584,TRUE,TRUE,TRUE,FALSE,TRUE,TRUE,TRUE,"ok","ok","",""
"BaxterE_2016","Baxter 2016",57,"fourfold","Oscillibacter",0.88,0.9,0.86,90,86,9835,TRUE,TRUE,TRUE,FALSE,TRUE,TRUE,TRUE,"ok","ok","",""
"BaxterE_2016","Baxter 2016",57,"fourfold","Parabacteroides",0.71,0.7,0.72,70,72,4718,TRUE,TRUE,TRUE,FALSE,TRUE,TRUE,TRUE,"ok","ok","",""
"BaxterE_2016","Baxter 2016",57,"fourfold","Phascolarctobacterium",0.675,0.58,0.77,58,77,6909,TRUE,TRUE,TRUE,FALSE,TRUE,TRUE,TRUE,"ok","ok","",""
"BaxterE_2016","Baxter 2016",57,"fourfold","Prevotella",0.39,0.4,0.38,40,38,9673,TRUE,TRUE,TRUE,FALSE,TRUE,TRUE,TRUE,"ok","ok","",""
"BaxterE_2016","Baxter 2016",57,"fourfold","Roseburia",0.985,0.98,0.99,98,99,34029,TRUE,TRUE,TRUE,FALSE,TRUE,TRUE,TRUE,"ok","ok","",""
"BaxterE_2016","Baxter 2016",57,"fourfold","Ruminococcus",0.875,0.84,0.91,84,91,24390,TRUE,TRUE,TRUE,FALSE,TRUE,TRUE,TRUE,"ok","ok","",""
"BaxterE_2016","Baxter 2016",57,"fourfold","Ruminococcus2",0.98,0.97,0.99,97,99,18680,TRUE,TRUE,TRUE,FALSE,TRUE,TRUE,TRUE,"ok","ok","",""
"BaxterE_2016","Baxter 2016",57,"fourfold","Streptococcus",0.835,0.74,0.93,74,93,6501,TRUE,TRUE,FALSE,TRUE,TRUE,TRUE,TRUE,"structural_absence_boundary_at_zero","ok","",""
"BaxterE_2016","Baxter 2016",57,"fourfold","Unclassified_Clostridiales",0.905,0.89,0.92,89,92,9771,TRUE,TRUE,TRUE,FALSE,TRUE,TRUE,TRUE,"ok","ok","",""
"BaxterE_2016","Baxter 2016",57,"fourfold","Unclassified_Lachnospiraceae",1,1,1,100,100,37368,TRUE,TRUE,FALSE,TRUE,TRUE,TRUE,TRUE,"no_observed_zeros","ok","",""
"BaxterE_2016","Baxter 2016",57,"fourfold","Unclassified_Ruminococcaceae",0.985,0.98,0.99,98,99,23815,TRUE,TRUE,TRUE,FALSE,TRUE,TRUE,TRUE,"ok","ok","",""
"BaxterE_2016","Baxter 2016",58,"balanced","Akkermansia",0.835,0.83,0.84,83,84,24844,TRUE,TRUE,TRUE,FALSE,TRUE,TRUE,TRUE,"ok","ok","",""
"BaxterE_2016","Baxter 2016",58,"balanced","Alistipes",0.915,0.9,0.93,90,93,25748,TRUE,TRUE,TRUE,FALSE,TRUE,TRUE,TRUE,"ok","ok","",""
"BaxterE_2016","Baxter 2016",58,"balanced","Anaerostipes",0.98,0.98,0.98,98,98,30373,TRUE,TRUE,TRUE,FALSE,TRUE,TRUE,TRUE,"ok","ok","",""
"BaxterE_2016","Baxter 2016",58,"balanced","Bacteroides",1,1,1,100,100,127076,TRUE,TRUE,FALSE,TRUE,TRUE,TRUE,TRUE,"no_observed_zeros","ok","",""
"BaxterE_2016","Baxter 2016",58,"balanced","Bifidobacterium",0.75,0.75,0.75,75,75,9720,TRUE,TRUE,TRUE,FALSE,TRUE,TRUE,TRUE,"ok","ok","",""
"BaxterE_2016","Baxter 2016",58,"balanced","Blautia",1,1,1,100,100,130904,TRUE,TRUE,FALSE,TRUE,TRUE,TRUE,TRUE,"no_observed_zeros","ok","",""
"BaxterE_2016","Baxter 2016",58,"balanced","Clostridium_IV",0.995,0.99,1,99,100,16219,TRUE,TRUE,FALSE,TRUE,TRUE,TRUE,TRUE,"structural_absence_boundary_at_zero","ok","",""
"BaxterE_2016","Baxter 2016",58,"balanced","Clostridium_sensu_stricto",0.745,0.71,0.78,71,78,8147,TRUE,TRUE,TRUE,FALSE,TRUE,TRUE,TRUE,"ok","ok","",""
"BaxterE_2016","Baxter 2016",58,"balanced","Clostridium_XI",0.83,0.86,0.8,86,80,9106,TRUE,TRUE,TRUE,FALSE,TRUE,TRUE,TRUE,"ok","ok","",""
"BaxterE_2016","Baxter 2016",58,"balanced","Clostridium_XlVa",0.995,0.99,1,99,100,16289,TRUE,TRUE,TRUE,FALSE,TRUE,TRUE,TRUE,"ok","ok","",""
"BaxterE_2016","Baxter 2016",58,"balanced","Clostridium_XVIII",0.89,0.88,0.9,88,90,5757,TRUE,TRUE,TRUE,FALSE,TRUE,TRUE,TRUE,"ok","ok","",""
"BaxterE_2016","Baxter 2016",58,"balanced","Collinsella",0.61,0.6,0.62,60,62,8169,TRUE,TRUE,TRUE,FALSE,TRUE,TRUE,TRUE,"ok","ok","",""
"BaxterE_2016","Baxter 2016",58,"balanced","Coprococcus",0.875,0.85,0.9,85,90,9681,TRUE,TRUE,TRUE,FALSE,TRUE,TRUE,TRUE,"ok","ok","",""
"BaxterE_2016","Baxter 2016",58,"balanced","Dorea",0.955,0.96,0.95,96,95,13569,TRUE,TRUE,TRUE,FALSE,TRUE,TRUE,TRUE,"ok","ok","",""
"BaxterE_2016","Baxter 2016",58,"balanced","Escherichia/Shigella",0.755,0.72,0.79,72,79,6930,TRUE,TRUE,TRUE,FALSE,TRUE,TRUE,TRUE,"ok","ok","",""
"BaxterE_2016","Baxter 2016",58,"balanced","Faecalibacterium",0.985,0.98,0.99,98,99,46358,TRUE,TRUE,TRUE,FALSE,TRUE,TRUE,TRUE,"ok","ok","",""
"BaxterE_2016","Baxter 2016",58,"balanced","Gemmiger",0.795,0.77,0.82,77,82,9485,TRUE,TRUE,TRUE,FALSE,TRUE,TRUE,TRUE,"ok","ok","",""
"BaxterE_2016","Baxter 2016",58,"balanced","Lachnospiracea_incertae_sedis",1,1,1,100,100,33217,TRUE,TRUE,FALSE,TRUE,TRUE,TRUE,TRUE,"no_observed_zeros","ok","",""
"BaxterE_2016","Baxter 2016",58,"balanced","Methanobrevibacter",0.42,0.37,0.47,37,47,5608,TRUE,TRUE,TRUE,FALSE,TRUE,TRUE,TRUE,"ok","ok","",""
"BaxterE_2016","Baxter 2016",58,"balanced","Oscillibacter",0.91,0.94,0.88,94,88,9721,TRUE,TRUE,TRUE,FALSE,TRUE,TRUE,TRUE,"ok","ok","",""
"BaxterE_2016","Baxter 2016",58,"balanced","Parabacteroides",0.715,0.69,0.74,69,74,5547,TRUE,TRUE,TRUE,FALSE,TRUE,TRUE,TRUE,"ok","ok","",""
"BaxterE_2016","Baxter 2016",58,"balanced","Phascolarctobacterium",0.665,0.61,0.72,61,72,7680,TRUE,TRUE,TRUE,FALSE,TRUE,TRUE,TRUE,"ok","ok","",""
"BaxterE_2016","Baxter 2016",58,"balanced","Prevotella",0.37,0.36,0.38,36,38,13109,TRUE,TRUE,TRUE,FALSE,TRUE,TRUE,TRUE,"ok","ok","",""
"BaxterE_2016","Baxter 2016",58,"balanced","Roseburia",0.975,0.96,0.99,96,99,35146,TRUE,TRUE,TRUE,FALSE,TRUE,TRUE,TRUE,"ok","ok","",""
"BaxterE_2016","Baxter 2016",58,"balanced","Ruminococcus",0.875,0.9,0.85,90,85,24760,TRUE,TRUE,TRUE,FALSE,TRUE,TRUE,TRUE,"ok","ok","",""
"BaxterE_2016","Baxter 2016",58,"balanced","Ruminococcus2",0.975,0.96,0.99,96,99,18446,TRUE,TRUE,TRUE,FALSE,TRUE,TRUE,TRUE,"ok","ok","",""
"BaxterE_2016","Baxter 2016",58,"balanced","Streptococcus",0.86,0.84,0.88,84,88,7518,TRUE,TRUE,TRUE,FALSE,TRUE,TRUE,TRUE,"ok","ok","",""
"BaxterE_2016","Baxter 2016",58,"balanced","Unclassified_Clostridiales",0.93,0.94,0.92,94,92,11138,TRUE,TRUE,TRUE,FALSE,TRUE,TRUE,TRUE,"ok","ok","",""
"BaxterE_2016","Baxter 2016",58,"balanced","Unclassified_Lachnospiraceae",1,1,1,100,100,36775,TRUE,TRUE,FALSE,TRUE,TRUE,TRUE,TRUE,"no_observed_zeros","ok","",""
"BaxterE_2016","Baxter 2016",58,"balanced","Unclassified_Ruminococcaceae",0.985,0.97,1,97,100,25231,TRUE,TRUE,TRUE,FALSE,TRUE,TRUE,TRUE,"ok","ok","",""
"BaxterE_2016","Baxter 2016",58,"fourfold","Akkermansia",0.84,0.77,0.91,77,91,23090,TRUE,TRUE,TRUE,FALSE,TRUE,TRUE,TRUE,"ok","ok","",""
"BaxterE_2016","Baxter 2016",58,"fourfold","Alistipes",0.91,0.85,0.97,85,97,23249,TRUE,TRUE,TRUE,FALSE,TRUE,TRUE,TRUE,"ok","ok","",""
"BaxterE_2016","Baxter 2016",58,"fourfold","Anaerostipes",0.97,0.96,0.98,96,98,28890,TRUE,TRUE,TRUE,FALSE,TRUE,TRUE,TRUE,"ok","ok","",""
"BaxterE_2016","Baxter 2016",58,"fourfold","Bacteroides",0.995,0.99,1,99,100,109125,TRUE,TRUE,TRUE,FALSE,TRUE,TRUE,TRUE,"ok","ok","",""
"BaxterE_2016","Baxter 2016",58,"fourfold","Bifidobacterium",0.73,0.69,0.77,69,77,8085,TRUE,TRUE,TRUE,FALSE,TRUE,TRUE,TRUE,"ok","ok","",""
"BaxterE_2016","Baxter 2016",58,"fourfold","Blautia",1,1,1,100,100,132707,TRUE,TRUE,FALSE,TRUE,TRUE,TRUE,TRUE,"no_observed_zeros","ok","",""
"BaxterE_2016","Baxter 2016",58,"fourfold","Clostridium_IV",0.975,0.95,1,95,100,13278,TRUE,TRUE,TRUE,FALSE,TRUE,TRUE,TRUE,"ok","ok","",""
"BaxterE_2016","Baxter 2016",58,"fourfold","Clostridium_sensu_stricto",0.725,0.64,0.81,64,81,7803,TRUE,TRUE,TRUE,FALSE,TRUE,TRUE,TRUE,"ok","ok","",""
"BaxterE_2016","Baxter 2016",58,"fourfold","Clostridium_XI",0.8,0.76,0.84,76,84,8455,TRUE,TRUE,TRUE,FALSE,TRUE,TRUE,TRUE,"ok","ok","",""
"BaxterE_2016","Baxter 2016",58,"fourfold","Clostridium_XlVa",1,1,1,100,100,15283,TRUE,TRUE,FALSE,TRUE,TRUE,TRUE,TRUE,"no_observed_zeros","ok","",""
"BaxterE_2016","Baxter 2016",58,"fourfold","Clostridium_XVIII",0.865,0.8,0.93,80,93,5234,TRUE,TRUE,TRUE,FALSE,TRUE,TRUE,TRUE,"ok","ok","",""
"BaxterE_2016","Baxter 2016",58,"fourfold","Collinsella",0.585,0.54,0.63,54,63,7246,TRUE,TRUE,TRUE,FALSE,TRUE,TRUE,TRUE,"ok","ok","",""
"BaxterE_2016","Baxter 2016",58,"fourfold","Coprococcus",0.87,0.84,0.9,84,90,8784,TRUE,TRUE,TRUE,FALSE,TRUE,TRUE,TRUE,"ok","ok","",""
"BaxterE_2016","Baxter 2016",58,"fourfold","Dorea",0.95,0.96,0.94,96,94,13684,TRUE,TRUE,TRUE,FALSE,TRUE,TRUE,TRUE,"ok","ok","",""
"BaxterE_2016","Baxter 2016",58,"fourfold","Escherichia/Shigella",0.725,0.61,0.84,61,84,6327,TRUE,TRUE,TRUE,FALSE,TRUE,TRUE,TRUE,"ok","ok","",""
"BaxterE_2016","Baxter 2016",58,"fourfold","Faecalibacterium",0.985,0.97,1,97,100,44697,TRUE,TRUE,TRUE,FALSE,TRUE,TRUE,TRUE,"ok","ok","",""
"BaxterE_2016","Baxter 2016",58,"fourfold","Gemmiger",0.77,0.72,0.82,72,82,8493,TRUE,TRUE,TRUE,FALSE,TRUE,TRUE,TRUE,"ok","ok","",""
"BaxterE_2016","Baxter 2016",58,"fourfold","Lachnospiracea_incertae_sedis",1,1,1,100,100,34083,TRUE,TRUE,FALSE,TRUE,TRUE,TRUE,TRUE,"no_observed_zeros","ok","",""
"BaxterE_2016","Baxter 2016",58,"fourfold","Methanobrevibacter",0.395,0.3,0.49,30,49,7065,TRUE,TRUE,TRUE,FALSE,TRUE,TRUE,TRUE,"ok","ok","",""
"BaxterE_2016","Baxter 2016",58,"fourfold","Oscillibacter",0.89,0.88,0.9,88,90,9433,TRUE,TRUE,TRUE,FALSE,TRUE,TRUE,TRUE,"ok","ok","",""
"BaxterE_2016","Baxter 2016",58,"fourfold","Parabacteroides",0.705,0.68,0.73,68,73,4414,TRUE,TRUE,TRUE,FALSE,TRUE,TRUE,TRUE,"ok","ok","",""
"BaxterE_2016","Baxter 2016",58,"fourfold","Phascolarctobacterium",0.64,0.55,0.73,55,73,6456,TRUE,TRUE,TRUE,FALSE,TRUE,TRUE,TRUE,"ok","ok","",""
"BaxterE_2016","Baxter 2016",58,"fourfold","Prevotella",0.375,0.28,0.47,28,47,12814,TRUE,TRUE,TRUE,FALSE,TRUE,TRUE,TRUE,"ok","ok","",""
"BaxterE_2016","Baxter 2016",58,"fourfold","Roseburia",0.98,0.96,1,96,100,31757,TRUE,TRUE,TRUE,FALSE,TRUE,TRUE,TRUE,"ok","ok","",""
"BaxterE_2016","Baxter 2016",58,"fourfold","Ruminococcus",0.86,0.87,0.85,87,85,22930,TRUE,TRUE,TRUE,FALSE,TRUE,TRUE,TRUE,"ok","ok","",""
"BaxterE_2016","Baxter 2016",58,"fourfold","Ruminococcus2",0.945,0.89,1,89,100,18597,TRUE,TRUE,TRUE,FALSE,TRUE,TRUE,TRUE,"ok","ok","",""
"BaxterE_2016","Baxter 2016",58,"fourfold","Streptococcus",0.78,0.7,0.86,70,86,5334,TRUE,TRUE,TRUE,FALSE,TRUE,TRUE,TRUE,"ok","ok","",""
"BaxterE_2016","Baxter 2016",58,"fourfold","Unclassified_Clostridiales",0.92,0.91,0.93,91,93,11975,TRUE,TRUE,TRUE,FALSE,TRUE,TRUE,TRUE,"ok","ok","",""
"BaxterE_2016","Baxter 2016",58,"fourfold","Unclassified_Lachnospiraceae",1,1,1,100,100,36644,TRUE,TRUE,FALSE,TRUE,TRUE,TRUE,TRUE,"no_observed_zeros","ok","",""
"BaxterE_2016","Baxter 2016",58,"fourfold","Unclassified_Ruminococcaceae",0.97,0.94,1,94,100,23086,TRUE,TRUE,TRUE,FALSE,TRUE,TRUE,TRUE,"ok","ok","",""
"BaxterE_2016","Baxter 2016",59,"balanced","Akkermansia",0.85,0.87,0.83,87,83,22005,TRUE,TRUE,TRUE,FALSE,TRUE,TRUE,TRUE,"ok","ok","",""
"BaxterE_2016","Baxter 2016",59,"balanced","Alistipes",0.93,0.93,0.93,93,93,26001,TRUE,TRUE,TRUE,FALSE,TRUE,TRUE,TRUE,"ok","ok","",""
"BaxterE_2016","Baxter 2016",59,"balanced","Anaerostipes",0.975,0.99,0.96,99,96,33111,TRUE,TRUE,TRUE,FALSE,TRUE,TRUE,TRUE,"ok","ok","",""
"BaxterE_2016","Baxter 2016",59,"balanced","Bacteroides",1,1,1,100,100,116070,TRUE,TRUE,FALSE,TRUE,TRUE,TRUE,TRUE,"no_observed_zeros","ok","",""
"BaxterE_2016","Baxter 2016",59,"balanced","Bifidobacterium",0.74,0.74,0.74,74,74,8507,TRUE,TRUE,TRUE,FALSE,TRUE,TRUE,TRUE,"ok","ok","",""
"BaxterE_2016","Baxter 2016",59,"balanced","Blautia",1,1,1,100,100,139833,TRUE,TRUE,FALSE,TRUE,TRUE,TRUE,TRUE,"no_observed_zeros","ok","",""
"BaxterE_2016","Baxter 2016",59,"balanced","Clostridium_IV",0.995,1,0.99,100,99,17139,TRUE,TRUE,TRUE,FALSE,TRUE,TRUE,TRUE,"ok","ok","",""
"BaxterE_2016","Baxter 2016",59,"balanced","Clostridium_sensu_stricto",0.77,0.78,0.76,78,76,10062,TRUE,TRUE,TRUE,FALSE,TRUE,TRUE,TRUE,"ok","ok","",""
"BaxterE_2016","Baxter 2016",59,"balanced","Clostridium_XI",0.865,0.86,0.87,86,87,9339,TRUE,TRUE,TRUE,FALSE,TRUE,TRUE,TRUE,"ok","ok","",""
"BaxterE_2016","Baxter 2016",59,"balanced","Clostridium_XlVa",1,1,1,100,100,16669,TRUE,TRUE,FALSE,TRUE,TRUE,TRUE,TRUE,"no_observed_zeros","ok","",""
"BaxterE_2016","Baxter 2016",59,"balanced","Clostridium_XVIII",0.91,0.93,0.89,93,89,5417,TRUE,TRUE,TRUE,FALSE,TRUE,TRUE,TRUE,"ok","ok","",""
"BaxterE_2016","Baxter 2016",59,"balanced","Collinsella",0.625,0.65,0.6,65,60,7899,TRUE,TRUE,TRUE,FALSE,TRUE,TRUE,TRUE,"ok","ok","",""
"BaxterE_2016","Baxter 2016",59,"balanced","Coprococcus",0.86,0.84,0.88,84,88,9161,TRUE,TRUE,TRUE,FALSE,TRUE,TRUE,TRUE,"ok","ok","",""
"BaxterE_2016","Baxter 2016",59,"balanced","Dorea",0.95,0.93,0.97,93,97,15185,TRUE,TRUE,TRUE,FALSE,TRUE,TRUE,TRUE,"ok","ok","",""
"BaxterE_2016","Baxter 2016",59,"balanced","Escherichia/Shigella",0.785,0.83,0.74,83,74,8000,TRUE,TRUE,FALSE,TRUE,TRUE,TRUE,TRUE,"structural_absence_boundary_at_zero","ok","",""
"BaxterE_2016","Baxter 2016",59,"balanced","Faecalibacterium",0.985,0.99,0.98,99,98,47725,TRUE,TRUE,TRUE,FALSE,TRUE,TRUE,TRUE,"ok","ok","",""
"BaxterE_2016","Baxter 2016",59,"balanced","Gemmiger",0.77,0.77,0.77,77,77,9452,TRUE,TRUE,TRUE,FALSE,TRUE,TRUE,TRUE,"ok","ok","",""
"BaxterE_2016","Baxter 2016",59,"balanced","Lachnospiracea_incertae_sedis",0.995,0.99,1,99,100,36180,TRUE,TRUE,TRUE,FALSE,TRUE,TRUE,TRUE,"ok","ok","",""
"BaxterE_2016","Baxter 2016",59,"balanced","Methanobrevibacter",0.42,0.41,0.43,41,43,7047,TRUE,TRUE,TRUE,FALSE,TRUE,TRUE,TRUE,"ok","ok","",""
"BaxterE_2016","Baxter 2016",59,"balanced","Oscillibacter",0.89,0.84,0.94,84,94,10834,TRUE,TRUE,TRUE,FALSE,TRUE,TRUE,TRUE,"ok","ok","",""
"BaxterE_2016","Baxter 2016",59,"balanced","Parabacteroides",0.705,0.65,0.76,65,76,4997,TRUE,TRUE,TRUE,FALSE,TRUE,TRUE,TRUE,"ok","ok","",""
"BaxterE_2016","Baxter 2016",59,"balanced","Phascolarctobacterium",0.66,0.64,0.68,64,68,7478,TRUE,TRUE,TRUE,FALSE,TRUE,TRUE,TRUE,"ok","ok","",""
"BaxterE_2016","Baxter 2016",59,"balanced","Prevotella",0.42,0.46,0.38,46,38,12804,TRUE,TRUE,TRUE,FALSE,TRUE,TRUE,TRUE,"ok","ok","",""
"BaxterE_2016","Baxter 2016",59,"balanced","Roseburia",0.985,0.99,0.98,99,98,37845,TRUE,TRUE,TRUE,FALSE,TRUE,TRUE,TRUE,"ok","ok","",""
"BaxterE_2016","Baxter 2016",59,"balanced","Ruminococcus",0.89,0.85,0.93,85,93,25698,TRUE,TRUE,TRUE,FALSE,TRUE,TRUE,TRUE,"ok","ok","",""
"BaxterE_2016","Baxter 2016",59,"balanced","Ruminococcus2",0.98,1,0.96,100,96,19654,TRUE,TRUE,TRUE,FALSE,TRUE,TRUE,TRUE,"ok","ok","",""
"BaxterE_2016","Baxter 2016",59,"balanced","Streptococcus",0.875,0.86,0.89,86,89,6178,TRUE,TRUE,TRUE,FALSE,TRUE,TRUE,TRUE,"ok","ok","",""
"BaxterE_2016","Baxter 2016",59,"balanced","Unclassified_Clostridiales",0.915,0.94,0.89,94,89,11531,TRUE,TRUE,TRUE,FALSE,TRUE,TRUE,TRUE,"ok","ok","",""
"BaxterE_2016","Baxter 2016",59,"balanced","Unclassified_Lachnospiraceae",1,1,1,100,100,39540,TRUE,TRUE,FALSE,TRUE,TRUE,TRUE,TRUE,"no_observed_zeros","ok","",""
"BaxterE_2016","Baxter 2016",59,"balanced","Unclassified_Ruminococcaceae",0.985,0.98,0.99,98,99,25795,TRUE,TRUE,TRUE,FALSE,TRUE,TRUE,TRUE,"ok","ok","",""
"BaxterE_2016","Baxter 2016",59,"fourfold","Akkermansia",0.825,0.79,0.86,79,86,21043,TRUE,TRUE,TRUE,FALSE,TRUE,TRUE,TRUE,"ok","ok","",""
"BaxterE_2016","Baxter 2016",59,"fourfold","Alistipes",0.9,0.89,0.91,89,91,23758,TRUE,TRUE,TRUE,FALSE,TRUE,TRUE,TRUE,"ok","ok","",""
"BaxterE_2016","Baxter 2016",59,"fourfold","Anaerostipes",0.99,0.99,0.99,99,99,23209,TRUE,TRUE,TRUE,FALSE,TRUE,TRUE,TRUE,"ok","ok","",""
"BaxterE_2016","Baxter 2016",59,"fourfold","Bacteroides",1,1,1,100,100,117329,TRUE,TRUE,FALSE,TRUE,TRUE,TRUE,TRUE,"no_observed_zeros","ok","",""
"BaxterE_2016","Baxter 2016",59,"fourfold","Bifidobacterium",0.695,0.71,0.68,71,68,7291,TRUE,TRUE,TRUE,FALSE,TRUE,TRUE,TRUE,"ok","ok","",""
"BaxterE_2016","Baxter 2016",59,"fourfold","Blautia",1,1,1,100,100,106921,TRUE,TRUE,FALSE,TRUE,TRUE,TRUE,TRUE,"no_observed_zeros","ok","",""
"BaxterE_2016","Baxter 2016",59,"fourfold","Clostridium_IV",0.97,0.95,0.99,95,99,16669,TRUE,TRUE,TRUE,FALSE,TRUE,TRUE,TRUE,"ok","ok","",""
"BaxterE_2016","Baxter 2016",59,"fourfold","Clostridium_sensu_stricto",0.725,0.68,0.77,68,77,10246,TRUE,TRUE,TRUE,FALSE,TRUE,TRUE,TRUE,"ok","ok","",""
"BaxterE_2016","Baxter 2016",59,"fourfold","Clostridium_XI",0.84,0.77,0.91,77,91,8057,TRUE,TRUE,TRUE,FALSE,TRUE,TRUE,TRUE,"ok","ok","",""
"BaxterE_2016","Baxter 2016",59,"fourfold","Clostridium_XlVa",1,1,1,100,100,14546,TRUE,TRUE,FALSE,TRUE,TRUE,TRUE,TRUE,"no_observed_zeros","ok","",""
"BaxterE_2016","Baxter 2016",59,"fourfold","Clostridium_XVIII",0.855,0.81,0.9,81,90,4183,TRUE,TRUE,TRUE,FALSE,TRUE,TRUE,TRUE,"ok","ok","",""
"BaxterE_2016","Baxter 2016",59,"fourfold","Collinsella",0.61,0.61,0.61,61,61,7670,TRUE,TRUE,TRUE,FALSE,TRUE,TRUE,TRUE,"ok","ok","",""
"BaxterE_2016","Baxter 2016",59,"fourfold","Coprococcus",0.86,0.84,0.88,84,88,8441,TRUE,TRUE,TRUE,FALSE,TRUE,TRUE,TRUE,"ok","ok","",""
"BaxterE_2016","Baxter 2016",59,"fourfold","Dorea",0.95,0.92,0.98,92,98,11308,TRUE,TRUE,TRUE,FALSE,TRUE,TRUE,TRUE,"ok","ok","",""
"BaxterE_2016","Baxter 2016",59,"fourfold","Escherichia/Shigella",0.68,0.63,0.73,63,73,5105,TRUE,TRUE,TRUE,FALSE,TRUE,TRUE,TRUE,"ok","ok","",""
"BaxterE_2016","Baxter 2016",59,"fourfold","Faecalibacterium",0.985,0.98,0.99,98,99,40067,TRUE,TRUE,TRUE,FALSE,TRUE,TRUE,TRUE,"ok","ok","",""
"BaxterE_2016","Baxter 2016",59,"fourfold","Gemmiger",0.77,0.79,0.75,79,75,8579,TRUE,TRUE,TRUE,FALSE,TRUE,TRUE,TRUE,"ok","ok","",""
"BaxterE_2016","Baxter 2016",59,"fourfold","Lachnospiracea_incertae_sedis",0.995,0.99,1,99,100,28122,TRUE,TRUE,TRUE,FALSE,TRUE,TRUE,TRUE,"ok","ok","",""
"BaxterE_2016","Baxter 2016",59,"fourfold","Methanobrevibacter",0.395,0.34,0.45,34,45,6944,TRUE,TRUE,TRUE,FALSE,TRUE,TRUE,TRUE,"ok","ok","",""
"BaxterE_2016","Baxter 2016",59,"fourfold","Oscillibacter",0.89,0.82,0.96,82,96,10492,TRUE,TRUE,TRUE,FALSE,TRUE,TRUE,TRUE,"ok","ok","",""
"BaxterE_2016","Baxter 2016",59,"fourfold","Parabacteroides",0.705,0.65,0.76,65,76,4907,TRUE,TRUE,TRUE,FALSE,TRUE,TRUE,TRUE,"ok","ok","",""
"BaxterE_2016","Baxter 2016",59,"fourfold","Phascolarctobacterium",0.62,0.56,0.68,56,68,6286,TRUE,TRUE,TRUE,FALSE,TRUE,TRUE,TRUE,"ok","ok","",""
"BaxterE_2016","Baxter 2016",59,"fourfold","Prevotella",0.33,0.32,0.34,32,34,15288,TRUE,TRUE,TRUE,FALSE,TRUE,TRUE,TRUE,"ok","ok","",""
"BaxterE_2016","Baxter 2016",59,"fourfold","Roseburia",0.975,0.98,0.97,98,97,29150,TRUE,TRUE,TRUE,FALSE,TRUE,TRUE,TRUE,"ok","ok","",""
"BaxterE_2016","Baxter 2016",59,"fourfold","Ruminococcus",0.865,0.8,0.93,80,93,23531,TRUE,TRUE,TRUE,FALSE,TRUE,TRUE,TRUE,"ok","ok","",""
"BaxterE_2016","Baxter 2016",59,"fourfold","Ruminococcus2",0.97,0.96,0.98,96,98,14499,TRUE,TRUE,TRUE,FALSE,TRUE,TRUE,TRUE,"ok","ok","",""
"BaxterE_2016","Baxter 2016",59,"fourfold","Streptococcus",0.795,0.69,0.9,69,90,4238,TRUE,TRUE,TRUE,FALSE,TRUE,TRUE,TRUE,"ok","ok","",""
"BaxterE_2016","Baxter 2016",59,"fourfold","Unclassified_Clostridiales",0.9,0.88,0.92,88,92,9510,TRUE,TRUE,TRUE,FALSE,TRUE,TRUE,TRUE,"ok","ok","",""
"BaxterE_2016","Baxter 2016",59,"fourfold","Unclassified_Lachnospiraceae",1,1,1,100,100,30796,TRUE,TRUE,FALSE,TRUE,TRUE,TRUE,TRUE,"no_observed_zeros","ok","",""
"BaxterE_2016","Baxter 2016",59,"fourfold","Unclassified_Ruminococcaceae",0.97,0.95,0.99,95,99,22120,TRUE,TRUE,TRUE,FALSE,TRUE,TRUE,TRUE,"ok","ok","",""
"BaxterE_2016","Baxter 2016",60,"balanced","Akkermansia",0.835,0.91,0.76,91,76,22662,TRUE,TRUE,TRUE,FALSE,TRUE,TRUE,TRUE,"ok","ok","",""
"BaxterE_2016","Baxter 2016",60,"balanced","Alistipes",0.92,0.92,0.92,92,92,24506,TRUE,TRUE,TRUE,FALSE,TRUE,TRUE,TRUE,"ok","ok","",""
"BaxterE_2016","Baxter 2016",60,"balanced","Anaerostipes",0.975,0.96,0.99,96,99,29809,TRUE,TRUE,TRUE,FALSE,TRUE,TRUE,TRUE,"ok","ok","",""
"BaxterE_2016","Baxter 2016",60,"balanced","Bacteroides",1,1,1,100,100,125731,TRUE,TRUE,FALSE,TRUE,TRUE,TRUE,TRUE,"no_observed_zeros","ok","",""
"BaxterE_2016","Baxter 2016",60,"balanced","Bifidobacterium",0.75,0.75,0.75,75,75,8591,TRUE,TRUE,TRUE,FALSE,TRUE,TRUE,TRUE,"ok","ok","",""
"BaxterE_2016","Baxter 2016",60,"balanced","Blautia",1,1,1,100,100,128276,TRUE,TRUE,FALSE,TRUE,TRUE,TRUE,TRUE,"no_observed_zeros","ok","",""
"BaxterE_2016","Baxter 2016",60,"balanced","Clostridium_IV",0.99,0.99,0.99,99,99,15254,TRUE,TRUE,TRUE,FALSE,TRUE,TRUE,TRUE,"ok","ok","",""
"BaxterE_2016","Baxter 2016",60,"balanced","Clostridium_sensu_stricto",0.73,0.75,0.71,75,71,9578,TRUE,TRUE,TRUE,FALSE,TRUE,TRUE,TRUE,"ok","ok","",""
"BaxterE_2016","Baxter 2016",60,"balanced","Clostridium_XI",0.825,0.82,0.83,82,83,10014,TRUE,TRUE,TRUE,FALSE,TRUE,TRUE,TRUE,"ok","ok","",""
"BaxterE_2016","Baxter 2016",60,"balanced","Clostridium_XlVa",1,1,1,100,100,15835,TRUE,TRUE,FALSE,TRUE,TRUE,TRUE,TRUE,"no_observed_zeros","ok","",""
"BaxterE_2016","Baxter 2016",60,"balanced","Clostridium_XVIII",0.89,0.88,0.9,88,90,5679,TRUE,TRUE,TRUE,FALSE,TRUE,TRUE,TRUE,"ok","ok","",""
"BaxterE_2016","Baxter 2016",60,"balanced","Collinsella",0.615,0.62,0.61,62,61,7158,TRUE,TRUE,TRUE,FALSE,TRUE,TRUE,TRUE,"ok","ok","",""
"BaxterE_2016","Baxter 2016",60,"balanced","Coprococcus",0.87,0.89,0.85,89,85,8307,TRUE,TRUE,TRUE,FALSE,TRUE,TRUE,TRUE,"ok","ok","",""
"BaxterE_2016","Baxter 2016",60,"balanced","Dorea",0.96,0.97,0.95,97,95,13405,TRUE,TRUE,TRUE,FALSE,TRUE,TRUE,TRUE,"ok","ok","",""
"BaxterE_2016","Baxter 2016",60,"balanced","Escherichia/Shigella",0.755,0.76,0.75,76,75,6901,TRUE,TRUE,TRUE,FALSE,TRUE,TRUE,TRUE,"ok","ok","",""
"BaxterE_2016","Baxter 2016",60,"balanced","Faecalibacterium",0.995,0.99,1,99,100,43938,TRUE,TRUE,TRUE,FALSE,TRUE,TRUE,TRUE,"ok","ok","",""
"BaxterE_2016","Baxter 2016",60,"balanced","Gemmiger",0.785,0.79,0.78,79,78,8743,TRUE,TRUE,TRUE,FALSE,TRUE,TRUE,TRUE,"ok","ok","",""
"BaxterE_2016","Baxter 2016",60,"balanced","Lachnospiracea_incertae_sedis",1,1,1,100,100,34025,TRUE,TRUE,FALSE,TRUE,TRUE,TRUE,TRUE,"no_observed_zeros","ok","",""
"BaxterE_2016","Baxter 2016",60,"balanced","Methanobrevibacter",0.425,0.48,0.37,48,37,6008,TRUE,TRUE,TRUE,FALSE,TRUE,TRUE,TRUE,"ok","ok","",""
"BaxterE_2016","Baxter 2016",60,"balanced","Oscillibacter",0.925,0.93,0.92,93,92,9870,TRUE,TRUE,TRUE,FALSE,TRUE,TRUE,TRUE,"ok","ok","",""
"BaxterE_2016","Baxter 2016",60,"balanced","Parabacteroides",0.74,0.7,0.78,70,78,4973,TRUE,TRUE,TRUE,FALSE,TRUE,TRUE,TRUE,"ok","ok","",""
"BaxterE_2016","Baxter 2016",60,"balanced","Phascolarctobacterium",0.645,0.61,0.68,61,68,7811,TRUE,TRUE,TRUE,FALSE,TRUE,TRUE,TRUE,"ok","ok","",""
"BaxterE_2016","Baxter 2016",60,"balanced","Prevotella",0.375,0.38,0.37,38,37,11726,TRUE,TRUE,TRUE,FALSE,TRUE,TRUE,TRUE,"ok","ok","",""
"BaxterE_2016","Baxter 2016",60,"balanced","Roseburia",0.965,0.95,0.98,95,98,34741,TRUE,TRUE,TRUE,FALSE,TRUE,TRUE,TRUE,"ok","ok","",""
"BaxterE_2016","Baxter 2016",60,"balanced","Ruminococcus",0.885,0.89,0.88,89,88,25401,TRUE,TRUE,TRUE,FALSE,TRUE,TRUE,TRUE,"ok","ok","",""
"BaxterE_2016","Baxter 2016",60,"balanced","Ruminococcus2",0.975,0.97,0.98,97,98,16887,TRUE,TRUE,TRUE,FALSE,TRUE,TRUE,TRUE,"ok","ok","",""
"BaxterE_2016","Baxter 2016",60,"balanced","Streptococcus",0.875,0.89,0.86,89,86,5950,TRUE,TRUE,TRUE,FALSE,TRUE,TRUE,TRUE,"ok","ok","",""
"BaxterE_2016","Baxter 2016",60,"balanced","Unclassified_Clostridiales",0.915,0.89,0.94,89,94,10785,TRUE,TRUE,TRUE,FALSE,TRUE,TRUE,TRUE,"ok","ok","",""
"BaxterE_2016","Baxter 2016",60,"balanced","Unclassified_Lachnospiraceae",1,1,1,100,100,35850,TRUE,TRUE,FALSE,TRUE,TRUE,TRUE,TRUE,"no_observed_zeros","ok","",""
"BaxterE_2016","Baxter 2016",60,"balanced","Unclassified_Ruminococcaceae",0.99,1,0.98,100,98,23777,TRUE,TRUE,TRUE,FALSE,TRUE,TRUE,TRUE,"ok","ok","",""
"BaxterE_2016","Baxter 2016",60,"fourfold","Akkermansia",0.865,0.86,0.87,86,87,22770,TRUE,TRUE,TRUE,FALSE,TRUE,TRUE,TRUE,"ok","ok","",""
"BaxterE_2016","Baxter 2016",60,"fourfold","Alistipes",0.92,0.9,0.94,90,94,23394,TRUE,TRUE,TRUE,FALSE,TRUE,TRUE,TRUE,"ok","ok","",""
"BaxterE_2016","Baxter 2016",60,"fourfold","Anaerostipes",0.98,0.96,1,96,100,28832,TRUE,TRUE,TRUE,FALSE,TRUE,TRUE,TRUE,"ok","ok","",""
"BaxterE_2016","Baxter 2016",60,"fourfold","Bacteroides",1,1,1,100,100,128682,TRUE,TRUE,FALSE,TRUE,TRUE,TRUE,TRUE,"no_observed_zeros","ok","",""
"BaxterE_2016","Baxter 2016",60,"fourfold","Bifidobacterium",0.685,0.62,0.75,62,75,8086,TRUE,TRUE,TRUE,FALSE,TRUE,TRUE,TRUE,"ok","ok","",""
"BaxterE_2016","Baxter 2016",60,"fourfold","Blautia",1,1,1,100,100,123519,TRUE,TRUE,FALSE,TRUE,TRUE,TRUE,TRUE,"no_observed_zeros","ok","",""
"BaxterE_2016","Baxter 2016",60,"fourfold","Clostridium_IV",0.985,0.98,0.99,98,99,13592,TRUE,TRUE,TRUE,FALSE,TRUE,TRUE,TRUE,"ok","ok","",""
"BaxterE_2016","Baxter 2016",60,"fourfold","Clostridium_sensu_stricto",0.725,0.68,0.77,68,77,10556,TRUE,TRUE,TRUE,FALSE,TRUE,TRUE,TRUE,"ok","ok","",""
"BaxterE_2016","Baxter 2016",60,"fourfold","Clostridium_XI",0.825,0.77,0.88,77,88,9259,TRUE,TRUE,TRUE,FALSE,TRUE,TRUE,TRUE,"ok","ok","",""
"BaxterE_2016","Baxter 2016",60,"fourfold","Clostridium_XlVa",1,1,1,100,100,16769,TRUE,TRUE,FALSE,TRUE,TRUE,TRUE,TRUE,"no_observed_zeros","ok","",""
"BaxterE_2016","Baxter 2016",60,"fourfold","Clostridium_XVIII",0.85,0.78,0.92,78,92,4732,TRUE,TRUE,TRUE,FALSE,TRUE,TRUE,TRUE,"ok","ok","",""
"BaxterE_2016","Baxter 2016",60,"fourfold","Collinsella",0.59,0.57,0.61,57,61,8645,TRUE,TRUE,TRUE,FALSE,TRUE,TRUE,TRUE,"ok","ok","",""
"BaxterE_2016","Baxter 2016",60,"fourfold","Coprococcus",0.855,0.83,0.88,83,88,8767,TRUE,TRUE,TRUE,FALSE,TRUE,TRUE,TRUE,"ok","ok","",""
"BaxterE_2016","Baxter 2016",60,"fourfold","Dorea",0.945,0.94,0.95,94,95,13749,TRUE,TRUE,TRUE,FALSE,TRUE,TRUE,TRUE,"ok","ok","",""
"BaxterE_2016","Baxter 2016",60,"fourfold","Escherichia/Shigella",0.735,0.65,0.82,65,82,7521,TRUE,TRUE,TRUE,FALSE,TRUE,TRUE,TRUE,"ok","ok","",""
"BaxterE_2016","Baxter 2016",60,"fourfold","Faecalibacterium",0.985,0.97,1,97,100,44503,TRUE,TRUE,TRUE,FALSE,TRUE,TRUE,TRUE,"ok","ok","",""
"BaxterE_2016","Baxter 2016",60,"fourfold","Gemmiger",0.775,0.76,0.79,76,79,8777,TRUE,TRUE,TRUE,FALSE,TRUE,TRUE,TRUE,"ok","ok","",""
"BaxterE_2016","Baxter 2016",60,"fourfold","Lachnospiracea_incertae_sedis",1,1,1,100,100,30236,TRUE,TRUE,FALSE,TRUE,TRUE,TRUE,TRUE,"no_observed_zeros","ok","",""
"BaxterE_2016","Baxter 2016",60,"fourfold","Methanobrevibacter",0.405,0.42,0.39,42,39,6950,TRUE,TRUE,TRUE,FALSE,TRUE,TRUE,TRUE,"ok","ok","",""
"BaxterE_2016","Baxter 2016",60,"fourfold","Oscillibacter",0.885,0.88,0.89,88,89,10051,TRUE,TRUE,TRUE,FALSE,TRUE,TRUE,TRUE,"ok","ok","",""
"BaxterE_2016","Baxter 2016",60,"fourfold","Parabacteroides",0.72,0.61,0.83,61,83,5620,TRUE,TRUE,TRUE,FALSE,TRUE,TRUE,TRUE,"ok","ok","",""
"BaxterE_2016","Baxter 2016",60,"fourfold","Phascolarctobacterium",0.615,0.52,0.71,52,71,7659,TRUE,TRUE,TRUE,FALSE,TRUE,TRUE,TRUE,"ok","ok","",""
"BaxterE_2016","Baxter 2016",60,"fourfold","Prevotella",0.35,0.26,0.44,26,44,16682,TRUE,TRUE,TRUE,FALSE,TRUE,TRUE,TRUE,"ok","ok","",""
"BaxterE_2016","Baxter 2016",60,"fourfold","Roseburia",0.965,0.94,0.99,94,99,32635,TRUE,TRUE,TRUE,FALSE,TRUE,TRUE,TRUE,"ok","ok","",""
"BaxterE_2016","Baxter 2016",60,"fourfold","Ruminococcus",0.87,0.85,0.89,85,89,26069,TRUE,TRUE,TRUE,FALSE,TRUE,TRUE,TRUE,"ok","ok","",""
"BaxterE_2016","Baxter 2016",60,"fourfold","Ruminococcus2",0.975,0.97,0.98,97,98,19490,TRUE,TRUE,TRUE,FALSE,TRUE,TRUE,TRUE,"ok","ok","",""
"BaxterE_2016","Baxter 2016",60,"fourfold","Streptococcus",0.825,0.75,0.9,75,90,6801,TRUE,TRUE,TRUE,FALSE,TRUE,TRUE,TRUE,"ok","ok","",""
"BaxterE_2016","Baxter 2016",60,"fourfold","Unclassified_Clostridiales",0.9,0.85,0.95,85,95,10835,TRUE,TRUE,TRUE,FALSE,TRUE,TRUE,TRUE,"ok","ok","",""
"BaxterE_2016","Baxter 2016",60,"fourfold","Unclassified_Lachnospiraceae",0.995,0.99,1,99,100,36279,TRUE,TRUE,TRUE,FALSE,TRUE,TRUE,TRUE,"ok","ok","",""
"BaxterE_2016","Baxter 2016",60,"fourfold","Unclassified_Ruminococcaceae",0.97,0.96,0.98,96,98,23017,TRUE,TRUE,TRUE,FALSE,TRUE,TRUE,TRUE,"ok","ok","",""
"BaxterE_2016","Baxter 2016",61,"balanced","Akkermansia",0.84,0.82,0.86,82,86,24934,TRUE,TRUE,TRUE,FALSE,TRUE,TRUE,TRUE,"ok","ok","",""
"BaxterE_2016","Baxter 2016",61,"balanced","Alistipes",0.915,0.92,0.91,92,91,27769,TRUE,TRUE,TRUE,FALSE,TRUE,TRUE,TRUE,"ok","ok","",""
"BaxterE_2016","Baxter 2016",61,"balanced","Anaerostipes",0.995,0.99,1,99,100,29612,TRUE,TRUE,TRUE,FALSE,TRUE,TRUE,TRUE,"ok","ok","",""
"BaxterE_2016","Baxter 2016",61,"balanced","Bacteroides",1,1,1,100,100,127790,TRUE,TRUE,FALSE,TRUE,TRUE,TRUE,TRUE,"no_observed_zeros","ok","",""
"BaxterE_2016","Baxter 2016",61,"balanced","Bifidobacterium",0.73,0.74,0.72,74,72,9697,TRUE,TRUE,TRUE,FALSE,TRUE,TRUE,TRUE,"ok","ok","",""
"BaxterE_2016","Baxter 2016",61,"balanced","Blautia",1,1,1,100,100,128445,TRUE,TRUE,FALSE,TRUE,TRUE,TRUE,TRUE,"no_observed_zeros","ok","",""
"BaxterE_2016","Baxter 2016",61,"balanced","Clostridium_IV",0.99,0.99,0.99,99,99,17161,TRUE,TRUE,TRUE,FALSE,TRUE,TRUE,TRUE,"ok","ok","",""
"BaxterE_2016","Baxter 2016",61,"balanced","Clostridium_sensu_stricto",0.78,0.77,0.79,77,79,8585,TRUE,TRUE,TRUE,FALSE,TRUE,TRUE,TRUE,"ok","ok","",""
"BaxterE_2016","Baxter 2016",61,"balanced","Clostridium_XI",0.84,0.87,0.81,87,81,8509,TRUE,TRUE,TRUE,FALSE,TRUE,TRUE,TRUE,"ok","ok","",""
"BaxterE_2016","Baxter 2016",61,"balanced","Clostridium_XlVa",0.995,0.99,1,99,100,16488,TRUE,TRUE,TRUE,FALSE,TRUE,TRUE,TRUE,"ok","ok","",""
"BaxterE_2016","Baxter 2016",61,"balanced","Clostridium_XVIII",0.91,0.9,0.92,90,92,4711,TRUE,TRUE,TRUE,FALSE,TRUE,TRUE,TRUE,"ok","ok","",""
"BaxterE_2016","Baxter 2016",61,"balanced","Collinsella",0.585,0.55,0.62,55,62,8056,TRUE,TRUE,TRUE,FALSE,TRUE,TRUE,TRUE,"ok","ok","",""
"BaxterE_2016","Baxter 2016",61,"balanced","Coprococcus",0.875,0.89,0.86,89,86,9598,TRUE,TRUE,TRUE,FALSE,TRUE,TRUE,TRUE,"ok","ok","",""
"BaxterE_2016","Baxter 2016",61,"balanced","Dorea",0.96,0.96,0.96,96,96,13345,TRUE,TRUE,TRUE,FALSE,TRUE,TRUE,TRUE,"ok","ok","",""
"BaxterE_2016","Baxter 2016",61,"balanced","Escherichia/Shigella",0.755,0.8,0.71,80,71,8264,TRUE,TRUE,TRUE,FALSE,TRUE,TRUE,TRUE,"ok","ok","",""
"BaxterE_2016","Baxter 2016",61,"balanced","Faecalibacterium",0.985,0.98,0.99,98,99,45437,TRUE,TRUE,TRUE,FALSE,TRUE,TRUE,TRUE,"ok","ok","",""
"BaxterE_2016","Baxter 2016",61,"balanced","Gemmiger",0.79,0.82,0.76,82,76,9041,TRUE,TRUE,TRUE,FALSE,TRUE,TRUE,TRUE,"ok","ok","",""
"BaxterE_2016","Baxter 2016",61,"balanced","Lachnospiracea_incertae_sedis",1,1,1,100,100,34965,TRUE,TRUE,FALSE,TRUE,TRUE,TRUE,TRUE,"no_observed_zeros","ok","",""
"BaxterE_2016","Baxter 2016",61,"balanced","Methanobrevibacter",0.395,0.41,0.38,41,38,6547,TRUE,TRUE,TRUE,FALSE,TRUE,TRUE,TRUE,"ok","ok","",""
"BaxterE_2016","Baxter 2016",61,"balanced","Oscillibacter",0.89,0.9,0.88,90,88,10283,TRUE,TRUE,TRUE,FALSE,TRUE,TRUE,TRUE,"ok","ok","",""
"BaxterE_2016","Baxter 2016",61,"balanced","Parabacteroides",0.69,0.7,0.68,70,68,5696,TRUE,TRUE,TRUE,FALSE,TRUE,TRUE,TRUE,"ok","ok","",""
"BaxterE_2016","Baxter 2016",61,"balanced","Phascolarctobacterium",0.67,0.67,0.67,67,67,7922,TRUE,TRUE,TRUE,FALSE,TRUE,TRUE,TRUE,"ok","ok","",""
"BaxterE_2016","Baxter 2016",61,"balanced","Prevotella",0.375,0.37,0.38,37,38,13562,TRUE,TRUE,TRUE,FALSE,TRUE,TRUE,TRUE,"ok","ok","",""
"BaxterE_2016","Baxter 2016",61,"balanced","Roseburia",0.98,0.97,0.99,97,99,34483,TRUE,TRUE,TRUE,FALSE,TRUE,TRUE,TRUE,"ok","ok","",""
"BaxterE_2016","Baxter 2016",61,"balanced","Ruminococcus",0.89,0.89,0.89,89,89,25757,TRUE,TRUE,TRUE,FALSE,TRUE,TRUE,TRUE,"ok","ok","",""
"BaxterE_2016","Baxter 2016",61,"balanced","Ruminococcus2",0.97,0.97,0.97,97,97,18973,TRUE,TRUE,TRUE,FALSE,TRUE,TRUE,TRUE,"ok","ok","",""
"BaxterE_2016","Baxter 2016",61,"balanced","Streptococcus",0.845,0.87,0.82,87,82,6185,TRUE,TRUE,TRUE,FALSE,TRUE,TRUE,TRUE,"ok","ok","",""
"BaxterE_2016","Baxter 2016",61,"balanced","Unclassified_Clostridiales",0.92,0.9,0.94,90,94,11502,TRUE,TRUE,TRUE,FALSE,TRUE,TRUE,TRUE,"ok","ok","",""
"BaxterE_2016","Baxter 2016",61,"balanced","Unclassified_Lachnospiraceae",1,1,1,100,100,36828,TRUE,TRUE,FALSE,TRUE,TRUE,TRUE,TRUE,"no_observed_zeros","ok","",""
"BaxterE_2016","Baxter 2016",61,"balanced","Unclassified_Ruminococcaceae",0.975,0.99,0.96,99,96,25317,TRUE,TRUE,TRUE,FALSE,TRUE,TRUE,TRUE,"ok","ok","",""
"BaxterE_2016","Baxter 2016",61,"fourfold","Akkermansia",0.82,0.77,0.87,77,87,26143,TRUE,TRUE,TRUE,FALSE,TRUE,TRUE,TRUE,"ok","ok","",""
"BaxterE_2016","Baxter 2016",61,"fourfold","Alistipes",0.905,0.88,0.93,88,93,25823,TRUE,TRUE,TRUE,FALSE,TRUE,TRUE,TRUE,"ok","ok","",""
"BaxterE_2016","Baxter 2016",61,"fourfold","Anaerostipes",0.985,0.97,1,97,100,29996,TRUE,TRUE,TRUE,FALSE,TRUE,TRUE,TRUE,"ok","ok","",""
"BaxterE_2016","Baxter 2016",61,"fourfold","Bacteroides",1,1,1,100,100,131852,TRUE,TRUE,FALSE,TRUE,TRUE,TRUE,TRUE,"no_observed_zeros","ok","",""
"BaxterE_2016","Baxter 2016",61,"fourfold","Bifidobacterium",0.695,0.68,0.71,68,71,8203,TRUE,TRUE,TRUE,FALSE,TRUE,TRUE,TRUE,"ok","ok","",""
"BaxterE_2016","Baxter 2016",61,"fourfold","Blautia",1,1,1,100,100,130858,TRUE,TRUE,FALSE,TRUE,TRUE,TRUE,TRUE,"no_observed_zeros","ok","",""
"BaxterE_2016","Baxter 2016",61,"fourfold","Clostridium_IV",0.98,0.96,1,96,100,14463,TRUE,TRUE,TRUE,FALSE,TRUE,TRUE,TRUE,"ok","ok","",""
"BaxterE_2016","Baxter 2016",61,"fourfold","Clostridium_sensu_stricto",0.735,0.69,0.78,69,78,8551,TRUE,TRUE,TRUE,FALSE,TRUE,TRUE,TRUE,"ok","ok","",""
"BaxterE_2016","Baxter 2016",61,"fourfold","Clostridium_XI",0.815,0.76,0.87,76,87,8510,TRUE,TRUE,TRUE,FALSE,TRUE,TRUE,TRUE,"ok","ok","",""
"BaxterE_2016","Baxter 2016",61,"fourfold","Clostridium_XlVa",1,1,1,100,100,16368,TRUE,TRUE,FALSE,TRUE,TRUE,TRUE,TRUE,"no_observed_zeros","ok","",""
"BaxterE_2016","Baxter 2016",61,"fourfold","Clostridium_XVIII",0.87,0.79,0.95,79,95,4429,TRUE,TRUE,TRUE,FALSE,TRUE,TRUE,TRUE,"ok","ok","",""
"BaxterE_2016","Baxter 2016",61,"fourfold","Collinsella",0.585,0.55,0.62,55,62,7409,TRUE,TRUE,TRUE,FALSE,TRUE,TRUE,TRUE,"ok","ok","",""
"BaxterE_2016","Baxter 2016",61,"fourfold","Coprococcus",0.845,0.84,0.85,84,85,9089,TRUE,TRUE,TRUE,FALSE,TRUE,TRUE,TRUE,"ok","ok","",""
"BaxterE_2016","Baxter 2016",61,"fourfold","Dorea",0.965,0.96,0.97,96,97,13198,TRUE,TRUE,TRUE,FALSE,TRUE,TRUE,TRUE,"ok","ok","",""
"BaxterE_2016","Baxter 2016",61,"fourfold","Escherichia/Shigella",0.71,0.67,0.75,67,75,7348,TRUE,TRUE,TRUE,FALSE,TRUE,TRUE,TRUE,"ok","ok","",""
"BaxterE_2016","Baxter 2016",61,"fourfold","Faecalibacterium",0.99,0.98,1,98,100,47632,TRUE,TRUE,TRUE,FALSE,TRUE,TRUE,TRUE,"ok","ok","",""
"BaxterE_2016","Baxter 2016",61,"fourfold","Gemmiger",0.755,0.74,0.77,74,77,8240,TRUE,TRUE,TRUE,FALSE,TRUE,TRUE,TRUE,"ok","ok","",""
"BaxterE_2016","Baxter 2016",61,"fourfold","Lachnospiracea_incertae_sedis",1,1,1,100,100,30838,TRUE,TRUE,FALSE,TRUE,TRUE,TRUE,TRUE,"no_observed_zeros","ok","",""
"BaxterE_2016","Baxter 2016",61,"fourfold","Methanobrevibacter",0.43,0.38,0.48,38,48,6044,TRUE,TRUE,TRUE,FALSE,TRUE,TRUE,TRUE,"ok","ok","",""
"BaxterE_2016","Baxter 2016",61,"fourfold","Oscillibacter",0.9,0.88,0.92,88,92,9481,TRUE,TRUE,TRUE,FALSE,TRUE,TRUE,TRUE,"ok","ok","",""
"BaxterE_2016","Baxter 2016",61,"fourfold","Parabacteroides",0.69,0.62,0.76,62,76,6403,TRUE,TRUE,TRUE,FALSE,TRUE,TRUE,TRUE,"ok","ok","",""
"BaxterE_2016","Baxter 2016",61,"fourfold","Phascolarctobacterium",0.655,0.62,0.69,62,69,8364,TRUE,TRUE,TRUE,FALSE,TRUE,TRUE,TRUE,"ok","ok","",""
"BaxterE_2016","Baxter 2016",61,"fourfold","Prevotella",0.34,0.29,0.39,29,39,11970,TRUE,TRUE,TRUE,FALSE,TRUE,TRUE,TRUE,"ok","ok","",""
"BaxterE_2016","Baxter 2016",61,"fourfold","Roseburia",0.975,0.95,1,95,100,38400,TRUE,TRUE,TRUE,FALSE,TRUE,TRUE,TRUE,"ok","ok","",""
"BaxterE_2016","Baxter 2016",61,"fourfold","Ruminococcus",0.885,0.84,0.93,84,93,28912,TRUE,TRUE,TRUE,FALSE,TRUE,TRUE,TRUE,"ok","ok","",""
"BaxterE_2016","Baxter 2016",61,"fourfold","Ruminococcus2",0.985,0.98,0.99,98,99,18417,TRUE,TRUE,TRUE,FALSE,TRUE,TRUE,TRUE,"ok","ok","",""
"BaxterE_2016","Baxter 2016",61,"fourfold","Streptococcus",0.825,0.79,0.86,79,86,7661,TRUE,TRUE,FALSE,TRUE,TRUE,TRUE,TRUE,"structural_absence_boundary_at_zero","ok","",""
"BaxterE_2016","Baxter 2016",61,"fourfold","Unclassified_Clostridiales",0.89,0.83,0.95,83,95,10359,TRUE,TRUE,TRUE,FALSE,TRUE,TRUE,TRUE,"ok","ok","",""
"BaxterE_2016","Baxter 2016",61,"fourfold","Unclassified_Lachnospiraceae",0.985,0.97,1,97,100,36744,TRUE,TRUE,TRUE,FALSE,TRUE,TRUE,TRUE,"ok","ok","",""
"BaxterE_2016","Baxter 2016",61,"fourfold","Unclassified_Ruminococcaceae",0.98,0.97,0.99,97,99,24422,TRUE,TRUE,TRUE,FALSE,TRUE,TRUE,TRUE,"ok","ok","",""
"BaxterE_2016","Baxter 2016",62,"balanced","Akkermansia",0.835,0.82,0.85,82,85,24101,TRUE,TRUE,TRUE,FALSE,TRUE,TRUE,TRUE,"ok","ok","",""
"BaxterE_2016","Baxter 2016",62,"balanced","Alistipes",0.92,0.92,0.92,92,92,26494,TRUE,TRUE,TRUE,FALSE,TRUE,TRUE,TRUE,"ok","ok","",""
"BaxterE_2016","Baxter 2016",62,"balanced","Anaerostipes",0.985,0.98,0.99,98,99,28182,TRUE,TRUE,TRUE,FALSE,TRUE,TRUE,TRUE,"ok","ok","",""
"BaxterE_2016","Baxter 2016",62,"balanced","Bacteroides",1,1,1,100,100,124564,TRUE,TRUE,FALSE,TRUE,TRUE,TRUE,TRUE,"no_observed_zeros","ok","",""
"BaxterE_2016","Baxter 2016",62,"balanced","Bifidobacterium",0.73,0.79,0.67,79,67,9305,TRUE,TRUE,TRUE,FALSE,TRUE,TRUE,TRUE,"ok","ok","",""
"BaxterE_2016","Baxter 2016",62,"balanced","Blautia",1,1,1,100,100,126969,TRUE,TRUE,FALSE,TRUE,TRUE,TRUE,TRUE,"no_observed_zeros","ok","",""
"BaxterE_2016","Baxter 2016",62,"balanced","Clostridium_IV",0.99,0.99,0.99,99,99,14888,TRUE,TRUE,TRUE,FALSE,TRUE,TRUE,TRUE,"ok","ok","",""
"BaxterE_2016","Baxter 2016",62,"balanced","Clostridium_sensu_stricto",0.71,0.69,0.73,69,73,8815,TRUE,TRUE,TRUE,FALSE,TRUE,TRUE,TRUE,"ok","ok","",""
"BaxterE_2016","Baxter 2016",62,"balanced","Clostridium_XI",0.83,0.81,0.85,81,85,9698,TRUE,TRUE,TRUE,FALSE,TRUE,TRUE,TRUE,"ok","ok","",""
"BaxterE_2016","Baxter 2016",62,"balanced","Clostridium_XlVa",1,1,1,100,100,15521,TRUE,TRUE,FALSE,TRUE,TRUE,TRUE,TRUE,"no_observed_zeros","ok","",""
"BaxterE_2016","Baxter 2016",62,"balanced","Clostridium_XVIII",0.9,0.91,0.89,91,89,5402,TRUE,TRUE,TRUE,FALSE,TRUE,TRUE,TRUE,"ok","ok","",""
"BaxterE_2016","Baxter 2016",62,"balanced","Collinsella",0.615,0.6,0.63,60,63,8744,TRUE,TRUE,TRUE,FALSE,TRUE,TRUE,TRUE,"ok","ok","",""
"BaxterE_2016","Baxter 2016",62,"balanced","Coprococcus",0.875,0.86,0.89,86,89,9412,TRUE,TRUE,TRUE,FALSE,TRUE,TRUE,TRUE,"ok","ok","",""
"BaxterE_2016","Baxter 2016",62,"balanced","Dorea",0.95,0.96,0.94,96,94,14181,TRUE,TRUE,TRUE,FALSE,TRUE,TRUE,TRUE,"ok","ok","",""
"BaxterE_2016","Baxter 2016",62,"balanced","Escherichia/Shigella",0.78,0.84,0.72,84,72,7026,TRUE,TRUE,TRUE,FALSE,TRUE,TRUE,TRUE,"ok","ok","",""
"BaxterE_2016","Baxter 2016",62,"balanced","Faecalibacterium",0.98,0.97,0.99,97,99,46614,TRUE,TRUE,TRUE,FALSE,TRUE,TRUE,TRUE,"ok","ok","",""
"BaxterE_2016","Baxter 2016",62,"balanced","Gemmiger",0.8,0.81,0.79,81,79,10188,TRUE,TRUE,TRUE,FALSE,TRUE,TRUE,TRUE,"ok","ok","",""
"BaxterE_2016","Baxter 2016",62,"balanced","Lachnospiracea_incertae_sedis",1,1,1,100,100,34236,TRUE,TRUE,FALSE,TRUE,TRUE,TRUE,TRUE,"no_observed_zeros","ok","",""
"BaxterE_2016","Baxter 2016",62,"balanced","Methanobrevibacter",0.42,0.4,0.44,40,44,6158,TRUE,TRUE,TRUE,FALSE,TRUE,TRUE,TRUE,"ok","ok","",""
"BaxterE_2016","Baxter 2016",62,"balanced","Oscillibacter",0.91,0.89,0.93,89,93,10683,TRUE,TRUE,TRUE,FALSE,TRUE,TRUE,TRUE,"ok","ok","",""
"BaxterE_2016","Baxter 2016",62,"balanced","Parabacteroides",0.725,0.68,0.77,68,77,5917,TRUE,TRUE,TRUE,FALSE,TRUE,TRUE,TRUE,"ok","ok","",""
"BaxterE_2016","Baxter 2016",62,"balanced","Phascolarctobacterium",0.65,0.67,0.63,67,63,7343,TRUE,TRUE,TRUE,FALSE,TRUE,TRUE,TRUE,"ok","ok","",""
"BaxterE_2016","Baxter 2016",62,"balanced","Prevotella",0.36,0.36,0.36,36,36,13401,TRUE,TRUE,TRUE,FALSE,TRUE,TRUE,TRUE,"ok","ok","",""
"BaxterE_2016","Baxter 2016",62,"balanced","Roseburia",0.975,0.97,0.98,97,98,33659,TRUE,TRUE,TRUE,FALSE,TRUE,TRUE,TRUE,"ok","ok","",""
"BaxterE_2016","Baxter 2016",62,"balanced","Ruminococcus",0.875,0.84,0.91,84,91,24803,TRUE,TRUE,TRUE,FALSE,TRUE,TRUE,TRUE,"ok","ok","",""
"BaxterE_2016","Baxter 2016",62,"balanced","Ruminococcus2",0.99,0.99,0.99,99,99,17048,TRUE,TRUE,TRUE,FALSE,TRUE,TRUE,TRUE,"ok","ok","",""
"BaxterE_2016","Baxter 2016",62,"balanced","Streptococcus",0.875,0.89,0.86,89,86,6624,TRUE,TRUE,TRUE,FALSE,TRUE,TRUE,TRUE,"ok","ok","",""
"BaxterE_2016","Baxter 2016",62,"balanced","Unclassified_Clostridiales",0.905,0.92,0.89,92,89,10790,TRUE,TRUE,TRUE,FALSE,TRUE,TRUE,TRUE,"ok","ok","",""
"BaxterE_2016","Baxter 2016",62,"balanced","Unclassified_Lachnospiraceae",1,1,1,100,100,37482,TRUE,TRUE,FALSE,TRUE,TRUE,TRUE,TRUE,"no_observed_zeros","ok","",""
"BaxterE_2016","Baxter 2016",62,"balanced","Unclassified_Ruminococcaceae",0.985,0.99,0.98,99,98,23785,TRUE,TRUE,TRUE,FALSE,TRUE,TRUE,TRUE,"ok","ok","",""
"BaxterE_2016","Baxter 2016",62,"fourfold","Akkermansia",0.845,0.8,0.89,80,89,22195,TRUE,TRUE,TRUE,FALSE,TRUE,TRUE,TRUE,"ok","ok","",""
"BaxterE_2016","Baxter 2016",62,"fourfold","Alistipes",0.885,0.85,0.92,85,92,30598,TRUE,TRUE,TRUE,FALSE,TRUE,TRUE,TRUE,"ok","ok","",""
"BaxterE_2016","Baxter 2016",62,"fourfold","Anaerostipes",0.97,0.95,0.99,95,99,29725,TRUE,TRUE,TRUE,FALSE,TRUE,TRUE,TRUE,"ok","ok","",""
"BaxterE_2016","Baxter 2016",62,"fourfold","Bacteroides",1,1,1,100,100,132326,TRUE,TRUE,FALSE,TRUE,TRUE,TRUE,TRUE,"no_observed_zeros","ok","",""
"BaxterE_2016","Baxter 2016",62,"fourfold","Bifidobacterium",0.715,0.74,0.69,74,69,9442,TRUE,TRUE,TRUE,FALSE,TRUE,TRUE,TRUE,"ok","ok","",""
"BaxterE_2016","Baxter 2016",62,"fourfold","Blautia",0.995,0.99,1,99,100,124680,TRUE,TRUE,TRUE,FALSE,TRUE,TRUE,TRUE,"ok","ok","",""
"BaxterE_2016","Baxter 2016",62,"fourfold","Clostridium_IV",0.975,0.95,1,95,100,16717,TRUE,TRUE,TRUE,FALSE,TRUE,TRUE,TRUE,"ok","ok","",""
"BaxterE_2016","Baxter 2016",62,"fourfold","Clostridium_sensu_stricto",0.73,0.63,0.83,63,83,9954,TRUE,TRUE,TRUE,FALSE,TRUE,TRUE,TRUE,"ok","ok","",""
"BaxterE_2016","Baxter 2016",62,"fourfold","Clostridium_XI",0.805,0.75,0.86,75,86,10494,TRUE,TRUE,TRUE,FALSE,TRUE,TRUE,TRUE,"ok","ok","",""
"BaxterE_2016","Baxter 2016",62,"fourfold","Clostridium_XlVa",0.995,0.99,1,99,100,14989,TRUE,TRUE,TRUE,FALSE,TRUE,TRUE,TRUE,"ok","ok","",""
"BaxterE_2016","Baxter 2016",62,"fourfold","Clostridium_XVIII",0.865,0.78,0.95,78,95,5496,TRUE,TRUE,TRUE,FALSE,TRUE,TRUE,TRUE,"ok","ok","",""
"BaxterE_2016","Baxter 2016",62,"fourfold","Collinsella",0.585,0.53,0.64,53,64,8031,TRUE,TRUE,TRUE,FALSE,TRUE,TRUE,TRUE,"ok","ok","",""
"BaxterE_2016","Baxter 2016",62,"fourfold","Coprococcus",0.86,0.81,0.91,81,91,9107,TRUE,TRUE,TRUE,FALSE,TRUE,TRUE,TRUE,"ok","ok","",""
"BaxterE_2016","Baxter 2016",62,"fourfold","Dorea",0.97,0.96,0.98,96,98,12844,TRUE,TRUE,TRUE,FALSE,TRUE,TRUE,TRUE,"ok","ok","",""
"BaxterE_2016","Baxter 2016",62,"fourfold","Escherichia/Shigella",0.705,0.65,0.76,65,76,7140,TRUE,TRUE,TRUE,FALSE,TRUE,TRUE,TRUE,"ok","ok","",""
"BaxterE_2016","Baxter 2016",62,"fourfold","Faecalibacterium",0.99,0.98,1,98,100,43281,TRUE,TRUE,TRUE,FALSE,TRUE,TRUE,TRUE,"ok","ok","",""
"BaxterE_2016","Baxter 2016",62,"fourfold","Gemmiger",0.785,0.75,0.82,75,82,9989,TRUE,TRUE,TRUE,FALSE,TRUE,TRUE,TRUE,"ok","ok","",""
"BaxterE_2016","Baxter 2016",62,"fourfold","Lachnospiracea_incertae_sedis",1,1,1,100,100,30921,TRUE,TRUE,FALSE,TRUE,TRUE,TRUE,TRUE,"no_observed_zeros","ok","",""
"BaxterE_2016","Baxter 2016",62,"fourfold","Methanobrevibacter",0.41,0.33,0.49,33,49,7095,TRUE,TRUE,TRUE,FALSE,TRUE,TRUE,TRUE,"ok","ok","",""
"BaxterE_2016","Baxter 2016",62,"fourfold","Oscillibacter",0.895,0.85,0.94,85,94,9741,TRUE,TRUE,TRUE,FALSE,TRUE,TRUE,TRUE,"ok","ok","",""
"BaxterE_2016","Baxter 2016",62,"fourfold","Parabacteroides",0.695,0.64,0.75,64,75,5552,TRUE,TRUE,TRUE,FALSE,TRUE,TRUE,TRUE,"ok","ok","",""
"BaxterE_2016","Baxter 2016",62,"fourfold","Phascolarctobacterium",0.63,0.61,0.65,61,65,7299,TRUE,TRUE,TRUE,FALSE,TRUE,TRUE,TRUE,"ok","ok","",""
"BaxterE_2016","Baxter 2016",62,"fourfold","Prevotella",0.36,0.33,0.39,33,39,10399,TRUE,TRUE,TRUE,FALSE,TRUE,TRUE,TRUE,"ok","ok","",""
"BaxterE_2016","Baxter 2016",62,"fourfold","Roseburia",0.98,0.97,0.99,97,99,33507,TRUE,TRUE,TRUE,FALSE,TRUE,TRUE,TRUE,"ok","ok","",""
"BaxterE_2016","Baxter 2016",62,"fourfold","Ruminococcus",0.895,0.82,0.97,82,97,24268,TRUE,TRUE,TRUE,FALSE,TRUE,TRUE,TRUE,"ok","ok","",""
"BaxterE_2016","Baxter 2016",62,"fourfold","Ruminococcus2",0.965,0.94,0.99,94,99,16973,TRUE,TRUE,TRUE,FALSE,TRUE,TRUE,TRUE,"ok","ok","",""
"BaxterE_2016","Baxter 2016",62,"fourfold","Streptococcus",0.805,0.73,0.88,73,88,5019,TRUE,TRUE,TRUE,FALSE,TRUE,TRUE,TRUE,"ok","ok","",""
"BaxterE_2016","Baxter 2016",62,"fourfold","Unclassified_Clostridiales",0.91,0.88,0.94,88,94,13002,TRUE,TRUE,TRUE,FALSE,TRUE,TRUE,TRUE,"ok","ok","",""
"BaxterE_2016","Baxter 2016",62,"fourfold","Unclassified_Lachnospiraceae",0.995,0.99,1,99,100,37444,TRUE,TRUE,TRUE,FALSE,TRUE,TRUE,TRUE,"ok","ok","",""
"BaxterE_2016","Baxter 2016",62,"fourfold","Unclassified_Ruminococcaceae",0.985,0.98,0.99,98,99,23349,TRUE,TRUE,TRUE,FALSE,TRUE,TRUE,TRUE,"ok","ok","",""
"BaxterE_2016","Baxter 2016",63,"balanced","Akkermansia",0.85,0.82,0.88,82,88,26704,TRUE,TRUE,TRUE,FALSE,TRUE,TRUE,TRUE,"ok","ok","",""
"BaxterE_2016","Baxter 2016",63,"balanced","Alistipes",0.925,0.92,0.93,92,93,27521,TRUE,TRUE,TRUE,FALSE,TRUE,TRUE,TRUE,"ok","ok","",""
"BaxterE_2016","Baxter 2016",63,"balanced","Anaerostipes",0.99,0.99,0.99,99,99,30652,TRUE,TRUE,TRUE,FALSE,TRUE,TRUE,TRUE,"ok","ok","",""
"BaxterE_2016","Baxter 2016",63,"balanced","Bacteroides",0.995,1,0.99,100,99,123305,TRUE,TRUE,TRUE,FALSE,TRUE,TRUE,TRUE,"ok","ok","",""
"BaxterE_2016","Baxter 2016",63,"balanced","Bifidobacterium",0.73,0.76,0.7,76,70,10044,TRUE,TRUE,TRUE,FALSE,TRUE,TRUE,TRUE,"ok","ok","",""
"BaxterE_2016","Baxter 2016",63,"balanced","Blautia",1,1,1,100,100,136771,TRUE,TRUE,FALSE,TRUE,TRUE,TRUE,TRUE,"no_observed_zeros","ok","",""
"BaxterE_2016","Baxter 2016",63,"balanced","Clostridium_IV",0.985,0.98,0.99,98,99,15186,TRUE,TRUE,TRUE,FALSE,TRUE,TRUE,TRUE,"ok","ok","",""
"BaxterE_2016","Baxter 2016",63,"balanced","Clostridium_sensu_stricto",0.73,0.73,0.73,73,73,8596,TRUE,TRUE,TRUE,FALSE,TRUE,TRUE,TRUE,"ok","ok","",""
"BaxterE_2016","Baxter 2016",63,"balanced","Clostridium_XI",0.84,0.82,0.86,82,86,9497,TRUE,TRUE,TRUE,FALSE,TRUE,TRUE,TRUE,"ok","ok","",""
"BaxterE_2016","Baxter 2016",63,"balanced","Clostridium_XlVa",1,1,1,100,100,15675,TRUE,TRUE,FALSE,TRUE,TRUE,TRUE,TRUE,"no_observed_zeros","ok","",""
"BaxterE_2016","Baxter 2016",63,"balanced","Clostridium_XVIII",0.92,0.89,0.95,89,95,5441,TRUE,TRUE,TRUE,FALSE,TRUE,TRUE,TRUE,"ok","ok","",""
"BaxterE_2016","Baxter 2016",63,"balanced","Collinsella",0.625,0.69,0.56,69,56,9943,TRUE,TRUE,TRUE,FALSE,TRUE,TRUE,TRUE,"ok","ok","",""
"BaxterE_2016","Baxter 2016",63,"balanced","Coprococcus",0.88,0.84,0.92,84,92,9573,TRUE,TRUE,TRUE,FALSE,TRUE,TRUE,TRUE,"ok","ok","",""
"BaxterE_2016","Baxter 2016",63,"balanced","Dorea",0.96,0.95,0.97,95,97,14334,TRUE,TRUE,TRUE,FALSE,TRUE,TRUE,TRUE,"ok","ok","",""
"BaxterE_2016","Baxter 2016",63,"balanced","Escherichia/Shigella",0.79,0.84,0.74,84,74,7083,TRUE,TRUE,FALSE,TRUE,TRUE,TRUE,TRUE,"structural_absence_boundary_at_zero","ok","",""
"BaxterE_2016","Baxter 2016",63,"balanced","Faecalibacterium",0.99,0.99,0.99,99,99,47671,TRUE,TRUE,TRUE,FALSE,TRUE,TRUE,TRUE,"ok","ok","",""
"BaxterE_2016","Baxter 2016",63,"balanced","Gemmiger",0.795,0.79,0.8,79,80,9062,TRUE,TRUE,TRUE,FALSE,TRUE,TRUE,TRUE,"ok","ok","",""
"BaxterE_2016","Baxter 2016",63,"balanced","Lachnospiracea_incertae_sedis",1,1,1,100,100,37444,TRUE,TRUE,FALSE,TRUE,TRUE,TRUE,TRUE,"no_observed_zeros","ok","",""
"BaxterE_2016","Baxter 2016",63,"balanced","Methanobrevibacter",0.415,0.4,0.43,40,43,6741,TRUE,TRUE,TRUE,FALSE,TRUE,TRUE,TRUE,"ok","ok","",""
"BaxterE_2016","Baxter 2016",63,"balanced","Oscillibacter",0.91,0.92,0.9,92,90,11423,TRUE,TRUE,TRUE,FALSE,TRUE,TRUE,TRUE,"ok","ok","",""
"BaxterE_2016","Baxter 2016",63,"balanced","Parabacteroides",0.71,0.71,0.71,71,71,5265,TRUE,TRUE,TRUE,FALSE,TRUE,TRUE,TRUE,"ok","ok","",""
"BaxterE_2016","Baxter 2016",63,"balanced","Phascolarctobacterium",0.67,0.63,0.71,63,71,8104,TRUE,TRUE,TRUE,FALSE,TRUE,TRUE,TRUE,"ok","ok","",""
"BaxterE_2016","Baxter 2016",63,"balanced","Prevotella",0.38,0.43,0.33,43,33,13143,TRUE,TRUE,TRUE,FALSE,TRUE,TRUE,TRUE,"ok","ok","",""
"BaxterE_2016","Baxter 2016",63,"balanced","Roseburia",0.975,0.96,0.99,96,99,33909,TRUE,TRUE,TRUE,FALSE,TRUE,TRUE,TRUE,"ok","ok","",""
"BaxterE_2016","Baxter 2016",63,"balanced","Ruminococcus",0.895,0.9,0.89,90,89,25592,TRUE,TRUE,TRUE,FALSE,TRUE,TRUE,TRUE,"ok","ok","",""
"BaxterE_2016","Baxter 2016",63,"balanced","Ruminococcus2",0.975,0.97,0.98,97,98,18621,TRUE,TRUE,TRUE,FALSE,TRUE,TRUE,TRUE,"ok","ok","",""
"BaxterE_2016","Baxter 2016",63,"balanced","Streptococcus",0.86,0.84,0.88,84,88,5999,TRUE,TRUE,TRUE,FALSE,TRUE,TRUE,TRUE,"ok","ok","",""
"BaxterE_2016","Baxter 2016",63,"balanced","Unclassified_Clostridiales",0.93,0.91,0.95,91,95,11994,TRUE,TRUE,TRUE,FALSE,TRUE,TRUE,TRUE,"ok","ok","",""
"BaxterE_2016","Baxter 2016",63,"balanced","Unclassified_Lachnospiraceae",1,1,1,100,100,37927,TRUE,TRUE,FALSE,TRUE,TRUE,TRUE,TRUE,"no_observed_zeros","ok","",""
"BaxterE_2016","Baxter 2016",63,"balanced","Unclassified_Ruminococcaceae",0.98,0.98,0.98,98,98,26136,TRUE,TRUE,TRUE,FALSE,TRUE,TRUE,TRUE,"ok","ok","",""
"BaxterE_2016","Baxter 2016",63,"fourfold","Akkermansia",0.815,0.74,0.89,74,89,23476,TRUE,TRUE,TRUE,FALSE,TRUE,TRUE,TRUE,"ok","ok","",""
"BaxterE_2016","Baxter 2016",63,"fourfold","Alistipes",0.905,0.87,0.94,87,94,25550,TRUE,TRUE,TRUE,FALSE,TRUE,TRUE,TRUE,"ok","ok","",""
"BaxterE_2016","Baxter 2016",63,"fourfold","Anaerostipes",0.975,0.97,0.98,97,98,30849,TRUE,TRUE,TRUE,FALSE,TRUE,TRUE,TRUE,"ok","ok","",""
"BaxterE_2016","Baxter 2016",63,"fourfold","Bacteroides",1,1,1,100,100,124291,TRUE,TRUE,FALSE,TRUE,TRUE,TRUE,TRUE,"no_observed_zeros","ok","",""
"BaxterE_2016","Baxter 2016",63,"fourfold","Bifidobacterium",0.74,0.75,0.73,75,73,9192,TRUE,TRUE,TRUE,FALSE,TRUE,TRUE,TRUE,"ok","ok","",""
"BaxterE_2016","Baxter 2016",63,"fourfold","Blautia",1,1,1,100,100,138319,TRUE,TRUE,FALSE,TRUE,TRUE,TRUE,TRUE,"no_observed_zeros","ok","",""
"BaxterE_2016","Baxter 2016",63,"fourfold","Clostridium_IV",0.985,0.98,0.99,98,99,16645,TRUE,TRUE,TRUE,FALSE,TRUE,TRUE,TRUE,"ok","ok","",""
"BaxterE_2016","Baxter 2016",63,"fourfold","Clostridium_sensu_stricto",0.74,0.72,0.76,72,76,11098,TRUE,TRUE,TRUE,FALSE,TRUE,TRUE,TRUE,"ok","ok","",""
"BaxterE_2016","Baxter 2016",63,"fourfold","Clostridium_XI",0.835,0.77,0.9,77,90,11066,TRUE,TRUE,TRUE,FALSE,TRUE,TRUE,TRUE,"ok","ok","",""
"BaxterE_2016","Baxter 2016",63,"fourfold","Clostridium_XlVa",1,1,1,100,100,15787,TRUE,TRUE,FALSE,TRUE,TRUE,TRUE,TRUE,"no_observed_zeros","ok","",""
"BaxterE_2016","Baxter 2016",63,"fourfold","Clostridium_XVIII",0.9,0.83,0.97,83,97,5461,TRUE,TRUE,TRUE,FALSE,TRUE,TRUE,TRUE,"ok","ok","",""
"BaxterE_2016","Baxter 2016",63,"fourfold","Collinsella",0.575,0.62,0.53,62,53,7044,TRUE,TRUE,TRUE,FALSE,TRUE,TRUE,TRUE,"ok","ok","",""
"BaxterE_2016","Baxter 2016",63,"fourfold","Coprococcus",0.865,0.83,0.9,83,90,9746,TRUE,TRUE,TRUE,FALSE,TRUE,TRUE,TRUE,"ok","ok","",""
"BaxterE_2016","Baxter 2016",63,"fourfold","Dorea",0.965,0.95,0.98,95,98,13950,TRUE,TRUE,TRUE,FALSE,TRUE,TRUE,TRUE,"ok","ok","",""
"BaxterE_2016","Baxter 2016",63,"fourfold","Escherichia/Shigella",0.71,0.63,0.79,63,79,7369,TRUE,TRUE,TRUE,FALSE,TRUE,TRUE,TRUE,"ok","ok","",""
"BaxterE_2016","Baxter 2016",63,"fourfold","Faecalibacterium",0.99,0.99,0.99,99,99,44665,TRUE,TRUE,TRUE,FALSE,TRUE,TRUE,TRUE,"ok","ok","",""
"BaxterE_2016","Baxter 2016",63,"fourfold","Gemmiger",0.78,0.72,0.84,72,84,9561,TRUE,TRUE,TRUE,FALSE,TRUE,TRUE,TRUE,"ok","ok","",""
"BaxterE_2016","Baxter 2016",63,"fourfold","Lachnospiracea_incertae_sedis",1,1,1,100,100,36470,TRUE,TRUE,FALSE,TRUE,TRUE,TRUE,TRUE,"no_observed_zeros","ok","",""
"BaxterE_2016","Baxter 2016",63,"fourfold","Methanobrevibacter",0.405,0.35,0.46,35,46,6041,TRUE,TRUE,TRUE,FALSE,TRUE,TRUE,TRUE,"ok","ok","",""
"BaxterE_2016","Baxter 2016",63,"fourfold","Oscillibacter",0.875,0.83,0.92,83,92,9381,TRUE,TRUE,TRUE,FALSE,TRUE,TRUE,TRUE,"ok","ok","",""
"BaxterE_2016","Baxter 2016",63,"fourfold","Parabacteroides",0.68,0.63,0.73,63,73,5255,TRUE,TRUE,TRUE,FALSE,TRUE,TRUE,TRUE,"ok","ok","",""
"BaxterE_2016","Baxter 2016",63,"fourfold","Phascolarctobacterium",0.625,0.54,0.71,54,71,8444,TRUE,TRUE,TRUE,FALSE,TRUE,TRUE,TRUE,"ok","ok","",""
"BaxterE_2016","Baxter 2016",63,"fourfold","Prevotella",0.37,0.36,0.38,36,38,9654,TRUE,TRUE,TRUE,FALSE,TRUE,TRUE,TRUE,"ok","ok","",""
"BaxterE_2016","Baxter 2016",63,"fourfold","Roseburia",0.98,0.97,0.99,97,99,34201,TRUE,TRUE,TRUE,FALSE,TRUE,TRUE,TRUE,"ok","ok","",""
"BaxterE_2016","Baxter 2016",63,"fourfold","Ruminococcus",0.86,0.84,0.88,84,88,24110,TRUE,TRUE,TRUE,FALSE,TRUE,TRUE,TRUE,"ok","ok","",""
"BaxterE_2016","Baxter 2016",63,"fourfold","Ruminococcus2",0.98,0.97,0.99,97,99,18143,TRUE,TRUE,TRUE,FALSE,TRUE,TRUE,TRUE,"ok","ok","",""
"BaxterE_2016","Baxter 2016",63,"fourfold","Streptococcus",0.845,0.76,0.93,76,93,6504,TRUE,TRUE,TRUE,FALSE,TRUE,TRUE,TRUE,"ok","ok","",""
"BaxterE_2016","Baxter 2016",63,"fourfold","Unclassified_Clostridiales",0.905,0.84,0.97,84,97,11049,TRUE,TRUE,TRUE,FALSE,TRUE,TRUE,TRUE,"ok","ok","",""
"BaxterE_2016","Baxter 2016",63,"fourfold","Unclassified_Lachnospiraceae",1,1,1,100,100,36657,TRUE,TRUE,FALSE,TRUE,TRUE,TRUE,TRUE,"no_observed_zeros","ok","",""
"BaxterE_2016","Baxter 2016",63,"fourfold","Unclassified_Ruminococcaceae",0.985,0.98,0.99,98,99,22528,TRUE,TRUE,TRUE,FALSE,TRUE,TRUE,TRUE,"ok","ok","",""
"BaxterE_2016","Baxter 2016",64,"balanced","Akkermansia",0.85,0.82,0.88,82,88,23864,TRUE,TRUE,TRUE,FALSE,TRUE,TRUE,TRUE,"ok","ok","",""
"BaxterE_2016","Baxter 2016",64,"balanced","Alistipes",0.925,0.94,0.91,94,91,24425,TRUE,TRUE,TRUE,FALSE,TRUE,TRUE,TRUE,"ok","ok","",""
"BaxterE_2016","Baxter 2016",64,"balanced","Anaerostipes",0.98,0.98,0.98,98,98,30353,TRUE,TRUE,TRUE,FALSE,TRUE,TRUE,TRUE,"ok","ok","",""
"BaxterE_2016","Baxter 2016",64,"balanced","Bacteroides",1,1,1,100,100,119888,TRUE,TRUE,FALSE,TRUE,TRUE,TRUE,TRUE,"no_observed_zeros","ok","",""
"BaxterE_2016","Baxter 2016",64,"balanced","Bifidobacterium",0.725,0.76,0.69,76,69,8740,TRUE,TRUE,TRUE,FALSE,TRUE,TRUE,TRUE,"ok","ok","",""
"BaxterE_2016","Baxter 2016",64,"balanced","Blautia",1,1,1,100,100,126894,TRUE,TRUE,FALSE,TRUE,TRUE,TRUE,TRUE,"no_observed_zeros","ok","",""
"BaxterE_2016","Baxter 2016",64,"balanced","Clostridium_IV",0.99,1,0.98,100,98,15504,TRUE,TRUE,TRUE,FALSE,TRUE,TRUE,TRUE,"ok","ok","",""
"BaxterE_2016","Baxter 2016",64,"balanced","Clostridium_sensu_stricto",0.73,0.68,0.78,68,78,8549,TRUE,TRUE,TRUE,FALSE,TRUE,TRUE,TRUE,"ok","ok","",""
"BaxterE_2016","Baxter 2016",64,"balanced","Clostridium_XI",0.865,0.86,0.87,86,87,8022,TRUE,TRUE,TRUE,FALSE,TRUE,TRUE,TRUE,"ok","ok","",""
"BaxterE_2016","Baxter 2016",64,"balanced","Clostridium_XlVa",0.995,0.99,1,99,100,15021,TRUE,TRUE,TRUE,FALSE,TRUE,TRUE,TRUE,"ok","ok","",""
"BaxterE_2016","Baxter 2016",64,"balanced","Clostridium_XVIII",0.89,0.92,0.86,92,86,5056,TRUE,TRUE,TRUE,FALSE,TRUE,TRUE,TRUE,"ok","ok","",""
"BaxterE_2016","Baxter 2016",64,"balanced","Collinsella",0.595,0.61,0.58,61,58,7349,TRUE,TRUE,TRUE,FALSE,TRUE,TRUE,TRUE,"ok","ok","",""
"BaxterE_2016","Baxter 2016",64,"balanced","Coprococcus",0.86,0.85,0.87,85,87,9244,TRUE,TRUE,TRUE,FALSE,TRUE,TRUE,TRUE,"ok","ok","",""
"BaxterE_2016","Baxter 2016",64,"balanced","Dorea",0.955,0.94,0.97,94,97,13610,TRUE,TRUE,TRUE,FALSE,TRUE,TRUE,TRUE,"ok","ok","",""
"BaxterE_2016","Baxter 2016",64,"balanced","Escherichia/Shigella",0.75,0.82,0.68,82,68,7230,TRUE,TRUE,TRUE,FALSE,TRUE,TRUE,TRUE,"ok","ok","",""
"BaxterE_2016","Baxter 2016",64,"balanced","Faecalibacterium",0.99,0.99,0.99,99,99,44286,TRUE,TRUE,TRUE,FALSE,TRUE,TRUE,TRUE,"ok","ok","",""
"BaxterE_2016","Baxter 2016",64,"balanced","Gemmiger",0.775,0.71,0.84,71,84,8928,TRUE,TRUE,TRUE,FALSE,TRUE,TRUE,TRUE,"ok","ok","",""
"BaxterE_2016","Baxter 2016",64,"balanced","Lachnospiracea_incertae_sedis",1,1,1,100,100,32919,TRUE,TRUE,FALSE,TRUE,TRUE,TRUE,TRUE,"no_observed_zeros","ok","",""
"BaxterE_2016","Baxter 2016",64,"balanced","Methanobrevibacter",0.44,0.36,0.52,36,52,5864,TRUE,TRUE,TRUE,FALSE,TRUE,TRUE,TRUE,"ok","ok","",""
"BaxterE_2016","Baxter 2016",64,"balanced","Oscillibacter",0.905,0.91,0.9,91,90,9901,TRUE,TRUE,TRUE,FALSE,TRUE,TRUE,TRUE,"ok","ok","",""
"BaxterE_2016","Baxter 2016",64,"balanced","Parabacteroides",0.73,0.72,0.74,72,74,5062,TRUE,TRUE,TRUE,FALSE,TRUE,TRUE,TRUE,"ok","ok","",""
"BaxterE_2016","Baxter 2016",64,"balanced","Phascolarctobacterium",0.665,0.61,0.72,61,72,7480,TRUE,TRUE,TRUE,FALSE,TRUE,TRUE,TRUE,"ok","ok","",""
"BaxterE_2016","Baxter 2016",64,"balanced","Prevotella",0.385,0.37,0.4,37,40,13516,TRUE,TRUE,TRUE,FALSE,TRUE,TRUE,TRUE,"ok","ok","",""
"BaxterE_2016","Baxter 2016",64,"balanced","Roseburia",0.975,0.98,0.97,98,97,35227,TRUE,TRUE,TRUE,FALSE,TRUE,TRUE,TRUE,"ok","ok","",""
"BaxterE_2016","Baxter 2016",64,"balanced","Ruminococcus",0.875,0.87,0.88,87,88,25838,TRUE,TRUE,TRUE,FALSE,TRUE,TRUE,TRUE,"ok","ok","",""
"BaxterE_2016","Baxter 2016",64,"balanced","Ruminococcus2",0.985,0.98,0.99,98,99,16745,TRUE,TRUE,TRUE,FALSE,TRUE,TRUE,TRUE,"ok","ok","",""
"BaxterE_2016","Baxter 2016",64,"balanced","Streptococcus",0.845,0.86,0.83,86,83,7739,TRUE,TRUE,TRUE,FALSE,TRUE,TRUE,TRUE,"ok","ok","",""
"BaxterE_2016","Baxter 2016",64,"balanced","Unclassified_Clostridiales",0.915,0.92,0.91,92,91,10959,TRUE,TRUE,TRUE,FALSE,TRUE,TRUE,TRUE,"ok","ok","",""
"BaxterE_2016","Baxter 2016",64,"balanced","Unclassified_Lachnospiraceae",1,1,1,100,100,37447,TRUE,TRUE,FALSE,TRUE,TRUE,TRUE,TRUE,"no_observed_zeros","ok","",""
"BaxterE_2016","Baxter 2016",64,"balanced","Unclassified_Ruminococcaceae",0.975,0.97,0.98,97,98,22999,TRUE,TRUE,TRUE,FALSE,TRUE,TRUE,TRUE,"ok","ok","",""
"BaxterE_2016","Baxter 2016",64,"fourfold","Akkermansia",0.835,0.78,0.89,78,89,20847,TRUE,TRUE,TRUE,FALSE,TRUE,TRUE,TRUE,"ok","ok","",""
"BaxterE_2016","Baxter 2016",64,"fourfold","Alistipes",0.905,0.88,0.93,88,93,23908,TRUE,TRUE,TRUE,FALSE,TRUE,TRUE,TRUE,"ok","ok","",""
"BaxterE_2016","Baxter 2016",64,"fourfold","Anaerostipes",0.97,0.95,0.99,95,99,25194,TRUE,TRUE,TRUE,FALSE,TRUE,TRUE,TRUE,"ok","ok","",""
"BaxterE_2016","Baxter 2016",64,"fourfold","Bacteroides",0.995,0.99,1,99,100,114909,TRUE,TRUE,FALSE,TRUE,TRUE,TRUE,TRUE,"structural_absence_boundary_at_zero","ok","",""
"BaxterE_2016","Baxter 2016",64,"fourfold","Bifidobacterium",0.695,0.69,0.7,69,70,8006,TRUE,TRUE,TRUE,FALSE,TRUE,TRUE,TRUE,"ok","ok","",""
"BaxterE_2016","Baxter 2016",64,"fourfold","Blautia",1,1,1,100,100,116997,TRUE,TRUE,FALSE,TRUE,TRUE,TRUE,TRUE,"no_observed_zeros","ok","",""
"BaxterE_2016","Baxter 2016",64,"fourfold","Clostridium_IV",0.97,0.96,0.98,96,98,18319,TRUE,TRUE,TRUE,FALSE,TRUE,TRUE,TRUE,"ok","ok","",""
"BaxterE_2016","Baxter 2016",64,"fourfold","Clostridium_sensu_stricto",0.685,0.61,0.76,61,76,10282,TRUE,TRUE,TRUE,FALSE,TRUE,TRUE,TRUE,"ok","ok","",""
"BaxterE_2016","Baxter 2016",64,"fourfold","Clostridium_XI",0.795,0.71,0.88,71,88,9106,TRUE,TRUE,TRUE,FALSE,TRUE,TRUE,TRUE,"ok","ok","",""
"BaxterE_2016","Baxter 2016",64,"fourfold","Clostridium_XlVa",0.995,0.99,1,99,100,14694,TRUE,TRUE,TRUE,FALSE,TRUE,TRUE,TRUE,"ok","ok","",""
"BaxterE_2016","Baxter 2016",64,"fourfold","Clostridium_XVIII",0.86,0.81,0.91,81,91,5051,TRUE,TRUE,TRUE,FALSE,TRUE,TRUE,TRUE,"ok","ok","",""
"BaxterE_2016","Baxter 2016",64,"fourfold","Collinsella",0.585,0.56,0.61,56,61,6233,TRUE,TRUE,TRUE,FALSE,TRUE,TRUE,TRUE,"ok","ok","",""
"BaxterE_2016","Baxter 2016",64,"fourfold","Coprococcus",0.855,0.83,0.88,83,88,8827,TRUE,TRUE,TRUE,FALSE,TRUE,TRUE,TRUE,"ok","ok","",""
"BaxterE_2016","Baxter 2016",64,"fourfold","Dorea",0.95,0.93,0.97,93,97,14323,TRUE,TRUE,TRUE,FALSE,TRUE,TRUE,TRUE,"ok","ok","",""
"BaxterE_2016","Baxter 2016",64,"fourfold","Escherichia/Shigella",0.705,0.67,0.74,67,74,7518,TRUE,TRUE,TRUE,FALSE,TRUE,TRUE,TRUE,"ok","ok","",""
"BaxterE_2016","Baxter 2016",64,"fourfold","Faecalibacterium",0.99,0.99,0.99,99,99,42962,TRUE,TRUE,TRUE,FALSE,TRUE,TRUE,TRUE,"ok","ok","",""
"BaxterE_2016","Baxter 2016",64,"fourfold","Gemmiger",0.78,0.72,0.84,72,84,8577,TRUE,TRUE,TRUE,FALSE,TRUE,TRUE,TRUE,"ok","ok","",""
"BaxterE_2016","Baxter 2016",64,"fourfold","Lachnospiracea_incertae_sedis",1,1,1,100,100,30665,TRUE,TRUE,FALSE,TRUE,TRUE,TRUE,TRUE,"no_observed_zeros","ok","",""
"BaxterE_2016","Baxter 2016",64,"fourfold","Methanobrevibacter",0.415,0.29,0.54,29,54,7082,TRUE,TRUE,TRUE,FALSE,TRUE,TRUE,TRUE,"ok","ok","",""
"BaxterE_2016","Baxter 2016",64,"fourfold","Oscillibacter",0.86,0.79,0.93,79,93,8672,TRUE,TRUE,TRUE,FALSE,TRUE,TRUE,TRUE,"ok","ok","",""
"BaxterE_2016","Baxter 2016",64,"fourfold","Parabacteroides",0.69,0.64,0.74,64,74,4929,TRUE,TRUE,TRUE,FALSE,TRUE,TRUE,TRUE,"ok","ok","",""
"BaxterE_2016","Baxter 2016",64,"fourfold","Phascolarctobacterium",0.655,0.57,0.74,57,74,6713,TRUE,TRUE,TRUE,FALSE,TRUE,TRUE,TRUE,"ok","ok","",""
"BaxterE_2016","Baxter 2016",64,"fourfold","Prevotella",0.345,0.29,0.4,29,40,15669,TRUE,TRUE,TRUE,FALSE,TRUE,TRUE,TRUE,"ok","ok","",""
"BaxterE_2016","Baxter 2016",64,"fourfold","Roseburia",0.965,0.94,0.99,94,99,30849,TRUE,TRUE,TRUE,FALSE,TRUE,TRUE,TRUE,"ok","ok","",""
"BaxterE_2016","Baxter 2016",64,"fourfold","Ruminococcus",0.855,0.82,0.89,82,89,24754,TRUE,TRUE,TRUE,FALSE,TRUE,TRUE,TRUE,"ok","ok","",""
"BaxterE_2016","Baxter 2016",64,"fourfold","Ruminococcus2",0.97,0.95,0.99,95,99,16929,TRUE,TRUE,TRUE,FALSE,TRUE,TRUE,TRUE,"ok","ok","",""
"BaxterE_2016","Baxter 2016",64,"fourfold","Streptococcus",0.82,0.76,0.88,76,88,5982,TRUE,TRUE,TRUE,FALSE,TRUE,TRUE,TRUE,"ok","ok","",""
"BaxterE_2016","Baxter 2016",64,"fourfold","Unclassified_Clostridiales",0.89,0.84,0.94,84,94,10291,TRUE,TRUE,TRUE,FALSE,TRUE,TRUE,TRUE,"ok","ok","",""
"BaxterE_2016","Baxter 2016",64,"fourfold","Unclassified_Lachnospiraceae",1,1,1,100,100,35431,TRUE,TRUE,FALSE,TRUE,TRUE,TRUE,TRUE,"no_observed_zeros","ok","",""
"BaxterE_2016","Baxter 2016",64,"fourfold","Unclassified_Ruminococcaceae",0.965,0.95,0.98,95,98,22466,TRUE,TRUE,TRUE,FALSE,TRUE,TRUE,TRUE,"ok","ok","",""
"BaxterE_2016","Baxter 2016",65,"balanced","Akkermansia",0.835,0.87,0.8,87,80,24307,TRUE,TRUE,TRUE,FALSE,TRUE,TRUE,TRUE,"ok","ok","",""
"BaxterE_2016","Baxter 2016",65,"balanced","Alistipes",0.93,0.94,0.92,94,92,25521,TRUE,TRUE,TRUE,FALSE,TRUE,TRUE,TRUE,"ok","ok","",""
"BaxterE_2016","Baxter 2016",65,"balanced","Anaerostipes",0.98,0.98,0.98,98,98,31347,TRUE,TRUE,TRUE,FALSE,TRUE,TRUE,TRUE,"ok","ok","",""
"BaxterE_2016","Baxter 2016",65,"balanced","Bacteroides",1,1,1,100,100,123138,TRUE,TRUE,FALSE,TRUE,TRUE,TRUE,TRUE,"no_observed_zeros","ok","",""
"BaxterE_2016","Baxter 2016",65,"balanced","Bifidobacterium",0.735,0.73,0.74,73,74,8700,TRUE,TRUE,TRUE,FALSE,TRUE,TRUE,TRUE,"ok","ok","",""
"BaxterE_2016","Baxter 2016",65,"balanced","Blautia",1,1,1,100,100,133087,TRUE,TRUE,FALSE,TRUE,TRUE,TRUE,TRUE,"no_observed_zeros","ok","",""
"BaxterE_2016","Baxter 2016",65,"balanced","Clostridium_IV",0.99,1,0.98,100,98,14488,TRUE,TRUE,FALSE,TRUE,TRUE,TRUE,TRUE,"structural_absence_boundary_at_zero","ok","",""
"BaxterE_2016","Baxter 2016",65,"balanced","Clostridium_sensu_stricto",0.73,0.76,0.7,76,70,9066,TRUE,TRUE,TRUE,FALSE,TRUE,TRUE,TRUE,"ok","ok","",""
"BaxterE_2016","Baxter 2016",65,"balanced","Clostridium_XI",0.84,0.85,0.83,85,83,9838,TRUE,TRUE,TRUE,FALSE,TRUE,TRUE,TRUE,"ok","ok","",""
"BaxterE_2016","Baxter 2016",65,"balanced","Clostridium_XlVa",0.995,1,0.99,100,99,15589,TRUE,TRUE,TRUE,FALSE,TRUE,TRUE,TRUE,"ok","ok","",""
"BaxterE_2016","Baxter 2016",65,"balanced","Clostridium_XVIII",0.915,0.93,0.9,93,90,4915,TRUE,TRUE,TRUE,FALSE,TRUE,TRUE,TRUE,"ok","ok","",""
"BaxterE_2016","Baxter 2016",65,"balanced","Collinsella",0.625,0.62,0.63,62,63,7923,TRUE,TRUE,TRUE,FALSE,TRUE,TRUE,TRUE,"ok","ok","",""
"BaxterE_2016","Baxter 2016",65,"balanced","Coprococcus",0.875,0.88,0.87,88,87,8898,TRUE,TRUE,TRUE,FALSE,TRUE,TRUE,TRUE,"ok","ok","",""
"BaxterE_2016","Baxter 2016",65,"balanced","Dorea",0.95,0.94,0.96,94,96,14037,TRUE,TRUE,TRUE,FALSE,TRUE,TRUE,TRUE,"ok","ok","",""
"BaxterE_2016","Baxter 2016",65,"balanced","Escherichia/Shigella",0.775,0.76,0.79,76,79,6693,TRUE,TRUE,TRUE,FALSE,TRUE,TRUE,TRUE,"ok","ok","",""
"BaxterE_2016","Baxter 2016",65,"balanced","Faecalibacterium",0.99,1,0.98,100,98,45310,TRUE,TRUE,TRUE,FALSE,TRUE,TRUE,TRUE,"ok","ok","",""
"BaxterE_2016","Baxter 2016",65,"balanced","Gemmiger",0.79,0.85,0.73,85,73,8932,TRUE,TRUE,TRUE,FALSE,TRUE,TRUE,TRUE,"ok","ok","",""
"BaxterE_2016","Baxter 2016",65,"balanced","Lachnospiracea_incertae_sedis",1,1,1,100,100,34855,TRUE,TRUE,FALSE,TRUE,TRUE,TRUE,TRUE,"no_observed_zeros","ok","",""
"BaxterE_2016","Baxter 2016",65,"balanced","Methanobrevibacter",0.415,0.44,0.39,44,39,6681,TRUE,TRUE,TRUE,FALSE,TRUE,TRUE,TRUE,"ok","ok","",""
"BaxterE_2016","Baxter 2016",65,"balanced","Oscillibacter",0.895,0.89,0.9,89,90,10870,TRUE,TRUE,TRUE,FALSE,TRUE,TRUE,TRUE,"ok","ok","",""
"BaxterE_2016","Baxter 2016",65,"balanced","Parabacteroides",0.715,0.74,0.69,74,69,5523,TRUE,TRUE,TRUE,FALSE,TRUE,TRUE,TRUE,"ok","ok","",""
"BaxterE_2016","Baxter 2016",65,"balanced","Phascolarctobacterium",0.645,0.63,0.66,63,66,8051,TRUE,TRUE,TRUE,FALSE,TRUE,TRUE,TRUE,"ok","ok","",""
"BaxterE_2016","Baxter 2016",65,"balanced","Prevotella",0.385,0.29,0.48,29,48,13527,TRUE,TRUE,TRUE,FALSE,TRUE,TRUE,TRUE,"ok","ok","",""
"BaxterE_2016","Baxter 2016",65,"balanced","Roseburia",0.985,0.98,0.99,98,99,33990,TRUE,TRUE,TRUE,FALSE,TRUE,TRUE,TRUE,"ok","ok","",""
"BaxterE_2016","Baxter 2016",65,"balanced","Ruminococcus",0.895,0.92,0.87,92,87,25257,TRUE,TRUE,TRUE,FALSE,TRUE,TRUE,TRUE,"ok","ok","",""
"BaxterE_2016","Baxter 2016",65,"balanced","Ruminococcus2",0.985,0.98,0.99,98,99,18463,TRUE,TRUE,TRUE,FALSE,TRUE,TRUE,TRUE,"ok","ok","",""
"BaxterE_2016","Baxter 2016",65,"balanced","Streptococcus",0.855,0.82,0.89,82,89,5513,TRUE,TRUE,TRUE,FALSE,TRUE,TRUE,TRUE,"ok","ok","",""
"BaxterE_2016","Baxter 2016",65,"balanced","Unclassified_Clostridiales",0.92,0.91,0.93,91,93,10661,TRUE,TRUE,TRUE,FALSE,TRUE,TRUE,TRUE,"ok","ok","",""
"BaxterE_2016","Baxter 2016",65,"balanced","Unclassified_Lachnospiraceae",1,1,1,100,100,36377,TRUE,TRUE,FALSE,TRUE,TRUE,TRUE,TRUE,"no_observed_zeros","ok","",""
"BaxterE_2016","Baxter 2016",65,"balanced","Unclassified_Ruminococcaceae",0.985,1,0.97,100,97,24263,TRUE,TRUE,TRUE,FALSE,TRUE,TRUE,TRUE,"ok","ok","",""
"BaxterE_2016","Baxter 2016",65,"fourfold","Akkermansia",0.84,0.83,0.85,83,85,19859,TRUE,TRUE,TRUE,FALSE,TRUE,TRUE,TRUE,"ok","ok","",""
"BaxterE_2016","Baxter 2016",65,"fourfold","Alistipes",0.91,0.89,0.93,89,93,24277,TRUE,TRUE,TRUE,FALSE,TRUE,TRUE,TRUE,"ok","ok","",""
"BaxterE_2016","Baxter 2016",65,"fourfold","Anaerostipes",0.99,0.98,1,98,100,29897,TRUE,TRUE,TRUE,FALSE,TRUE,TRUE,TRUE,"ok","ok","",""
"BaxterE_2016","Baxter 2016",65,"fourfold","Bacteroides",1,1,1,100,100,105382,TRUE,TRUE,FALSE,TRUE,TRUE,TRUE,TRUE,"no_observed_zeros","ok","",""
"BaxterE_2016","Baxter 2016",65,"fourfold","Bifidobacterium",0.73,0.69,0.77,69,77,8596,TRUE,TRUE,TRUE,FALSE,TRUE,TRUE,TRUE,"ok","ok","",""
"BaxterE_2016","Baxter 2016",65,"fourfold","Blautia",0.995,0.99,1,99,100,129356,TRUE,TRUE,TRUE,FALSE,TRUE,TRUE,TRUE,"ok","ok","",""
"BaxterE_2016","Baxter 2016",65,"fourfold","Clostridium_IV",0.985,0.98,0.99,98,99,13268,TRUE,TRUE,TRUE,FALSE,TRUE,TRUE,TRUE,"ok","ok","",""
"BaxterE_2016","Baxter 2016",65,"fourfold","Clostridium_sensu_stricto",0.73,0.69,0.77,69,77,7195,TRUE,TRUE,TRUE,FALSE,TRUE,TRUE,TRUE,"ok","ok","",""
"BaxterE_2016","Baxter 2016",65,"fourfold","Clostridium_XI",0.795,0.75,0.84,75,84,7425,TRUE,TRUE,TRUE,FALSE,TRUE,TRUE,TRUE,"ok","ok","",""
"BaxterE_2016","Baxter 2016",65,"fourfold","Clostridium_XlVa",0.99,0.98,1,98,100,14693,TRUE,TRUE,TRUE,FALSE,TRUE,TRUE,TRUE,"ok","ok","",""
"BaxterE_2016","Baxter 2016",65,"fourfold","Clostridium_XVIII",0.85,0.76,0.94,76,94,4957,TRUE,TRUE,TRUE,FALSE,TRUE,TRUE,TRUE,"ok","ok","",""
"BaxterE_2016","Baxter 2016",65,"fourfold","Collinsella",0.595,0.59,0.6,59,60,7666,TRUE,TRUE,TRUE,FALSE,TRUE,TRUE,TRUE,"ok","ok","",""
"BaxterE_2016","Baxter 2016",65,"fourfold","Coprococcus",0.855,0.85,0.86,85,86,8788,TRUE,TRUE,TRUE,FALSE,TRUE,TRUE,TRUE,"ok","ok","",""
"BaxterE_2016","Baxter 2016",65,"fourfold","Dorea",0.955,0.94,0.97,94,97,13807,TRUE,TRUE,TRUE,FALSE,TRUE,TRUE,TRUE,"ok","ok","",""
"BaxterE_2016","Baxter 2016",65,"fourfold","Escherichia/Shigella",0.71,0.58,0.84,58,84,5936,TRUE,TRUE,TRUE,FALSE,TRUE,TRUE,TRUE,"ok","ok","",""
"BaxterE_2016","Baxter 2016",65,"fourfold","Faecalibacterium",0.99,0.99,0.99,99,99,43905,TRUE,TRUE,TRUE,FALSE,TRUE,TRUE,TRUE,"ok","ok","",""
"BaxterE_2016","Baxter 2016",65,"fourfold","Gemmiger",0.77,0.78,0.76,78,76,10273,TRUE,TRUE,TRUE,FALSE,TRUE,TRUE,TRUE,"ok","ok","",""
"BaxterE_2016","Baxter 2016",65,"fourfold","Lachnospiracea_incertae_sedis",0.99,0.98,1,98,100,34731,TRUE,TRUE,TRUE,FALSE,TRUE,TRUE,TRUE,"ok","ok","",""
"BaxterE_2016","Baxter 2016",65,"fourfold","Methanobrevibacter",0.395,0.4,0.39,40,39,5032,TRUE,TRUE,TRUE,FALSE,TRUE,TRUE,TRUE,"ok","ok","",""
"BaxterE_2016","Baxter 2016",65,"fourfold","Oscillibacter",0.905,0.87,0.94,87,94,9575,TRUE,TRUE,TRUE,FALSE,TRUE,TRUE,TRUE,"ok","ok","",""
"BaxterE_2016","Baxter 2016",65,"fourfold","Parabacteroides",0.71,0.64,0.78,64,78,4703,TRUE,TRUE,TRUE,FALSE,TRUE,TRUE,TRUE,"ok","ok","",""
"BaxterE_2016","Baxter 2016",65,"fourfold","Phascolarctobacterium",0.62,0.58,0.66,58,66,7084,TRUE,TRUE,TRUE,FALSE,TRUE,TRUE,TRUE,"ok","ok","",""
"BaxterE_2016","Baxter 2016",65,"fourfold","Prevotella",0.36,0.23,0.49,23,49,14063,TRUE,TRUE,TRUE,FALSE,TRUE,TRUE,TRUE,"ok","ok","",""
"BaxterE_2016","Baxter 2016",65,"fourfold","Roseburia",0.975,0.97,0.98,97,98,32922,TRUE,TRUE,TRUE,FALSE,TRUE,TRUE,TRUE,"ok","ok","",""
"BaxterE_2016","Baxter 2016",65,"fourfold","Ruminococcus",0.895,0.88,0.91,88,91,21999,TRUE,TRUE,TRUE,FALSE,TRUE,TRUE,TRUE,"ok","ok","",""
"BaxterE_2016","Baxter 2016",65,"fourfold","Ruminococcus2",0.965,0.94,0.99,94,99,17540,TRUE,TRUE,TRUE,FALSE,TRUE,TRUE,TRUE,"ok","ok","",""
"BaxterE_2016","Baxter 2016",65,"fourfold","Streptococcus",0.86,0.79,0.93,79,93,6859,TRUE,TRUE,FALSE,TRUE,TRUE,TRUE,TRUE,"structural_absence_boundary_at_zero","ok","",""
"BaxterE_2016","Baxter 2016",65,"fourfold","Unclassified_Clostridiales",0.905,0.88,0.93,88,93,10969,TRUE,TRUE,TRUE,FALSE,TRUE,TRUE,TRUE,"ok","ok","",""
"BaxterE_2016","Baxter 2016",65,"fourfold","Unclassified_Lachnospiraceae",0.995,0.99,1,99,100,35891,TRUE,TRUE,TRUE,FALSE,TRUE,TRUE,TRUE,"ok","ok","",""
"BaxterE_2016","Baxter 2016",65,"fourfold","Unclassified_Ruminococcaceae",0.98,0.98,0.98,98,98,24384,TRUE,TRUE,TRUE,FALSE,TRUE,TRUE,TRUE,"ok","ok","",""
"BaxterE_2016","Baxter 2016",66,"balanced","Akkermansia",0.85,0.89,0.81,89,81,24410,TRUE,TRUE,TRUE,FALSE,TRUE,TRUE,TRUE,"ok","ok","",""
"BaxterE_2016","Baxter 2016",66,"balanced","Alistipes",0.91,0.88,0.94,88,94,25814,TRUE,TRUE,TRUE,FALSE,TRUE,TRUE,TRUE,"ok","ok","",""
"BaxterE_2016","Baxter 2016",66,"balanced","Anaerostipes",0.98,0.96,1,96,100,27968,TRUE,TRUE,TRUE,FALSE,TRUE,TRUE,TRUE,"ok","ok","",""
"BaxterE_2016","Baxter 2016",66,"balanced","Bacteroides",1,1,1,100,100,121258,TRUE,TRUE,FALSE,TRUE,TRUE,TRUE,TRUE,"no_observed_zeros","ok","",""
"BaxterE_2016","Baxter 2016",66,"balanced","Bifidobacterium",0.73,0.73,0.73,73,73,8386,TRUE,TRUE,TRUE,FALSE,TRUE,TRUE,TRUE,"ok","ok","",""
"BaxterE_2016","Baxter 2016",66,"balanced","Blautia",1,1,1,100,100,127344,TRUE,TRUE,FALSE,TRUE,TRUE,TRUE,TRUE,"no_observed_zeros","ok","",""
"BaxterE_2016","Baxter 2016",66,"balanced","Clostridium_IV",0.975,0.99,0.96,99,96,16220,TRUE,TRUE,TRUE,FALSE,TRUE,TRUE,TRUE,"ok","ok","",""
"BaxterE_2016","Baxter 2016",66,"balanced","Clostridium_sensu_stricto",0.76,0.72,0.8,72,80,8803,TRUE,TRUE,TRUE,FALSE,TRUE,TRUE,TRUE,"ok","ok","",""
"BaxterE_2016","Baxter 2016",66,"balanced","Clostridium_XI",0.835,0.83,0.84,83,84,9448,TRUE,TRUE,TRUE,FALSE,TRUE,TRUE,TRUE,"ok","ok","",""
"BaxterE_2016","Baxter 2016",66,"balanced","Clostridium_XlVa",1,1,1,100,100,15801,TRUE,TRUE,FALSE,TRUE,TRUE,TRUE,TRUE,"no_observed_zeros","ok","",""
"BaxterE_2016","Baxter 2016",66,"balanced","Clostridium_XVIII",0.9,0.91,0.89,91,89,4936,TRUE,TRUE,TRUE,FALSE,TRUE,TRUE,TRUE,"ok","ok","",""
"BaxterE_2016","Baxter 2016",66,"balanced","Collinsella",0.595,0.57,0.62,57,62,7322,TRUE,TRUE,TRUE,FALSE,TRUE,TRUE,TRUE,"ok","ok","",""
"BaxterE_2016","Baxter 2016",66,"balanced","Coprococcus",0.88,0.88,0.88,88,88,9263,TRUE,TRUE,TRUE,FALSE,TRUE,TRUE,TRUE,"ok","ok","",""
"BaxterE_2016","Baxter 2016",66,"balanced","Dorea",0.955,0.95,0.96,95,96,13485,TRUE,TRUE,TRUE,FALSE,TRUE,TRUE,TRUE,"ok","ok","",""
"BaxterE_2016","Baxter 2016",66,"balanced","Escherichia/Shigella",0.765,0.83,0.7,83,70,7322,TRUE,TRUE,TRUE,FALSE,TRUE,TRUE,TRUE,"ok","ok","",""
"BaxterE_2016","Baxter 2016",66,"balanced","Faecalibacterium",0.98,0.99,0.97,99,97,42857,TRUE,TRUE,TRUE,FALSE,TRUE,TRUE,TRUE,"ok","ok","",""
"BaxterE_2016","Baxter 2016",66,"balanced","Gemmiger",0.8,0.79,0.81,79,81,8850,TRUE,TRUE,TRUE,FALSE,TRUE,TRUE,TRUE,"ok","ok","",""
"BaxterE_2016","Baxter 2016",66,"balanced","Lachnospiracea_incertae_sedis",1,1,1,100,100,32768,TRUE,TRUE,FALSE,TRUE,TRUE,TRUE,TRUE,"no_observed_zeros","ok","",""
"BaxterE_2016","Baxter 2016",66,"balanced","Methanobrevibacter",0.415,0.38,0.45,38,45,6512,TRUE,TRUE,TRUE,FALSE,TRUE,TRUE,TRUE,"ok","ok","",""
"BaxterE_2016","Baxter 2016",66,"balanced","Oscillibacter",0.905,0.86,0.95,86,95,10557,TRUE,TRUE,TRUE,FALSE,TRUE,TRUE,TRUE,"ok","ok","",""
"BaxterE_2016","Baxter 2016",66,"balanced","Parabacteroides",0.71,0.7,0.72,70,72,5367,TRUE,TRUE,TRUE,FALSE,TRUE,TRUE,TRUE,"ok","ok","",""
"BaxterE_2016","Baxter 2016",66,"balanced","Phascolarctobacterium",0.66,0.64,0.68,64,68,7396,TRUE,TRUE,TRUE,FALSE,TRUE,TRUE,TRUE,"ok","ok","",""
"BaxterE_2016","Baxter 2016",66,"balanced","Prevotella",0.345,0.4,0.29,40,29,11291,TRUE,TRUE,TRUE,FALSE,TRUE,TRUE,TRUE,"ok","ok","",""
"BaxterE_2016","Baxter 2016",66,"balanced","Roseburia",0.98,0.97,0.99,97,99,32417,TRUE,TRUE,TRUE,FALSE,TRUE,TRUE,TRUE,"ok","ok","",""
"BaxterE_2016","Baxter 2016",66,"balanced","Ruminococcus",0.87,0.83,0.91,83,91,24334,TRUE,TRUE,TRUE,FALSE,TRUE,TRUE,TRUE,"ok","ok","",""
"BaxterE_2016","Baxter 2016",66,"balanced","Ruminococcus2",0.985,0.98,0.99,98,99,17326,TRUE,TRUE,TRUE,FALSE,TRUE,TRUE,TRUE,"ok","ok","",""
"BaxterE_2016","Baxter 2016",66,"balanced","Streptococcus",0.845,0.86,0.83,86,83,6880,TRUE,TRUE,TRUE,FALSE,TRUE,TRUE,TRUE,"ok","ok","",""
"BaxterE_2016","Baxter 2016",66,"balanced","Unclassified_Clostridiales",0.935,0.93,0.94,93,94,11134,TRUE,TRUE,TRUE,FALSE,TRUE,TRUE,TRUE,"ok","ok","",""
"BaxterE_2016","Baxter 2016",66,"balanced","Unclassified_Lachnospiraceae",1,1,1,100,100,35358,TRUE,TRUE,FALSE,TRUE,TRUE,TRUE,TRUE,"no_observed_zeros","ok","",""
"BaxterE_2016","Baxter 2016",66,"balanced","Unclassified_Ruminococcaceae",0.975,0.97,0.98,97,98,24075,TRUE,TRUE,TRUE,FALSE,TRUE,TRUE,TRUE,"ok","ok","",""
"BaxterE_2016","Baxter 2016",66,"fourfold","Akkermansia",0.83,0.84,0.82,84,82,23605,TRUE,TRUE,TRUE,FALSE,TRUE,TRUE,TRUE,"ok","ok","",""
"BaxterE_2016","Baxter 2016",66,"fourfold","Alistipes",0.905,0.87,0.94,87,94,25748,TRUE,TRUE,TRUE,FALSE,TRUE,TRUE,TRUE,"ok","ok","",""
"BaxterE_2016","Baxter 2016",66,"fourfold","Anaerostipes",0.98,0.96,1,96,100,25553,TRUE,TRUE,TRUE,FALSE,TRUE,TRUE,TRUE,"ok","ok","",""
"BaxterE_2016","Baxter 2016",66,"fourfold","Bacteroides",1,1,1,100,100,123834,TRUE,TRUE,FALSE,TRUE,TRUE,TRUE,TRUE,"no_observed_zeros","ok","",""
"BaxterE_2016","Baxter 2016",66,"fourfold","Bifidobacterium",0.715,0.66,0.77,66,77,8035,TRUE,TRUE,TRUE,FALSE,TRUE,TRUE,TRUE,"ok","ok","",""
"BaxterE_2016","Baxter 2016",66,"fourfold","Blautia",1,1,1,100,100,113381,TRUE,TRUE,FALSE,TRUE,TRUE,TRUE,TRUE,"no_observed_zeros","ok","",""
"BaxterE_2016","Baxter 2016",66,"fourfold","Clostridium_IV",0.98,0.98,0.98,98,98,15870,TRUE,TRUE,TRUE,FALSE,TRUE,TRUE,TRUE,"ok","ok","",""
"BaxterE_2016","Baxter 2016",66,"fourfold","Clostridium_sensu_stricto",0.705,0.61,0.8,61,80,7945,TRUE,TRUE,TRUE,FALSE,TRUE,TRUE,TRUE,"ok","ok","",""
"BaxterE_2016","Baxter 2016",66,"fourfold","Clostridium_XI",0.825,0.79,0.86,79,86,7568,TRUE,TRUE,TRUE,FALSE,TRUE,TRUE,TRUE,"ok","ok","",""
"BaxterE_2016","Baxter 2016",66,"fourfold","Clostridium_XlVa",0.995,0.99,1,99,100,14071,TRUE,TRUE,TRUE,FALSE,TRUE,TRUE,TRUE,"ok","ok","",""
"BaxterE_2016","Baxter 2016",66,"fourfold","Clostridium_XVIII",0.875,0.84,0.91,84,91,4553,TRUE,TRUE,TRUE,FALSE,TRUE,TRUE,TRUE,"ok","ok","",""
"BaxterE_2016","Baxter 2016",66,"fourfold","Collinsella",0.58,0.53,0.63,53,63,7353,TRUE,TRUE,TRUE,FALSE,TRUE,TRUE,TRUE,"ok","ok","",""
"BaxterE_2016","Baxter 2016",66,"fourfold","Coprococcus",0.845,0.82,0.87,82,87,8648,TRUE,TRUE,TRUE,FALSE,TRUE,TRUE,TRUE,"ok","ok","",""
"BaxterE_2016","Baxter 2016",66,"fourfold","Dorea",0.945,0.93,0.96,93,96,11774,TRUE,TRUE,TRUE,FALSE,TRUE,TRUE,TRUE,"ok","ok","",""
"BaxterE_2016","Baxter 2016",66,"fourfold","Escherichia/Shigella",0.715,0.69,0.74,69,74,7657,TRUE,TRUE,TRUE,FALSE,TRUE,TRUE,TRUE,"ok","ok","",""
"BaxterE_2016","Baxter 2016",66,"fourfold","Faecalibacterium",0.985,0.98,0.99,98,99,42145,TRUE,TRUE,TRUE,FALSE,TRUE,TRUE,TRUE,"ok","ok","",""
"BaxterE_2016","Baxter 2016",66,"fourfold","Gemmiger",0.79,0.75,0.83,75,83,7612,TRUE,TRUE,TRUE,FALSE,TRUE,TRUE,TRUE,"ok","ok","",""
"BaxterE_2016","Baxter 2016",66,"fourfold","Lachnospiracea_incertae_sedis",0.995,0.99,1,99,100,29118,TRUE,TRUE,TRUE,FALSE,TRUE,TRUE,TRUE,"ok","ok","",""
"BaxterE_2016","Baxter 2016",66,"fourfold","Methanobrevibacter",0.415,0.36,0.47,36,47,5927,TRUE,TRUE,TRUE,FALSE,TRUE,TRUE,TRUE,"ok","ok","",""
"BaxterE_2016","Baxter 2016",66,"fourfold","Oscillibacter",0.865,0.79,0.94,79,94,9504,TRUE,TRUE,TRUE,FALSE,TRUE,TRUE,TRUE,"ok","ok","",""
"BaxterE_2016","Baxter 2016",66,"fourfold","Parabacteroides",0.67,0.58,0.76,58,76,5983,TRUE,TRUE,TRUE,FALSE,TRUE,TRUE,TRUE,"ok","ok","",""
"BaxterE_2016","Baxter 2016",66,"fourfold","Phascolarctobacterium",0.63,0.56,0.7,56,70,6778,TRUE,TRUE,TRUE,FALSE,TRUE,TRUE,TRUE,"ok","ok","",""
"BaxterE_2016","Baxter 2016",66,"fourfold","Prevotella",0.365,0.34,0.39,34,39,18655,TRUE,TRUE,TRUE,FALSE,TRUE,TRUE,TRUE,"ok","ok","",""
"BaxterE_2016","Baxter 2016",66,"fourfold","Roseburia",0.975,0.95,1,95,100,31354,TRUE,TRUE,TRUE,FALSE,TRUE,TRUE,TRUE,"ok","ok","",""
"BaxterE_2016","Baxter 2016",66,"fourfold","Ruminococcus",0.865,0.77,0.96,77,96,25647,TRUE,TRUE,TRUE,FALSE,TRUE,TRUE,TRUE,"ok","ok","",""
"BaxterE_2016","Baxter 2016",66,"fourfold","Ruminococcus2",0.975,0.96,0.99,96,99,16643,TRUE,TRUE,TRUE,FALSE,TRUE,TRUE,TRUE,"ok","ok","",""
"BaxterE_2016","Baxter 2016",66,"fourfold","Streptococcus",0.805,0.75,0.86,75,86,5902,TRUE,TRUE,TRUE,FALSE,TRUE,TRUE,TRUE,"ok","ok","",""
"BaxterE_2016","Baxter 2016",66,"fourfold","Unclassified_Clostridiales",0.92,0.9,0.94,90,94,10505,TRUE,TRUE,TRUE,FALSE,TRUE,TRUE,TRUE,"ok","ok","",""
"BaxterE_2016","Baxter 2016",66,"fourfold","Unclassified_Lachnospiraceae",1,1,1,100,100,33443,TRUE,TRUE,FALSE,TRUE,TRUE,TRUE,TRUE,"no_observed_zeros","ok","",""
"BaxterE_2016","Baxter 2016",66,"fourfold","Unclassified_Ruminococcaceae",0.97,0.95,0.99,95,99,22690,TRUE,TRUE,TRUE,FALSE,TRUE,TRUE,TRUE,"ok","ok","",""
"BaxterE_2016","Baxter 2016",67,"balanced","Akkermansia",0.88,0.84,0.92,84,92,21578,TRUE,TRUE,TRUE,FALSE,TRUE,TRUE,TRUE,"ok","ok","",""
"BaxterE_2016","Baxter 2016",67,"balanced","Alistipes",0.925,0.89,0.96,89,96,25763,TRUE,TRUE,TRUE,FALSE,TRUE,TRUE,TRUE,"ok","ok","",""
"BaxterE_2016","Baxter 2016",67,"balanced","Anaerostipes",0.985,0.98,0.99,98,99,29685,TRUE,TRUE,TRUE,FALSE,TRUE,TRUE,TRUE,"ok","ok","",""
"BaxterE_2016","Baxter 2016",67,"balanced","Bacteroides",1,1,1,100,100,122706,TRUE,TRUE,FALSE,TRUE,TRUE,TRUE,TRUE,"no_observed_zeros","ok","",""
"BaxterE_2016","Baxter 2016",67,"balanced","Bifidobacterium",0.745,0.76,0.73,76,73,8519,TRUE,TRUE,TRUE,FALSE,TRUE,TRUE,TRUE,"ok","ok","",""
"BaxterE_2016","Baxter 2016",67,"balanced","Blautia",1,1,1,100,100,129858,TRUE,TRUE,FALSE,TRUE,TRUE,TRUE,TRUE,"no_observed_zeros","ok","",""
"BaxterE_2016","Baxter 2016",67,"balanced","Clostridium_IV",0.995,0.99,1,99,100,14161,TRUE,TRUE,TRUE,FALSE,TRUE,TRUE,TRUE,"ok","ok","",""
"BaxterE_2016","Baxter 2016",67,"balanced","Clostridium_sensu_stricto",0.76,0.74,0.78,74,78,9313,TRUE,TRUE,TRUE,FALSE,TRUE,TRUE,TRUE,"ok","ok","",""
"BaxterE_2016","Baxter 2016",67,"balanced","Clostridium_XI",0.855,0.86,0.85,86,85,9275,TRUE,TRUE,TRUE,FALSE,TRUE,TRUE,TRUE,"ok","ok","",""
"BaxterE_2016","Baxter 2016",67,"balanced","Clostridium_XlVa",1,1,1,100,100,15139,TRUE,TRUE,FALSE,TRUE,TRUE,TRUE,TRUE,"no_observed_zeros","ok","",""
"BaxterE_2016","Baxter 2016",67,"balanced","Clostridium_XVIII",0.88,0.84,0.92,84,92,4690,TRUE,TRUE,TRUE,FALSE,TRUE,TRUE,TRUE,"ok","ok","",""
"BaxterE_2016","Baxter 2016",67,"balanced","Collinsella",0.615,0.59,0.64,59,64,8030,TRUE,TRUE,TRUE,FALSE,TRUE,TRUE,TRUE,"ok","ok","",""
"BaxterE_2016","Baxter 2016",67,"balanced","Coprococcus",0.85,0.84,0.86,84,86,8741,TRUE,TRUE,TRUE,FALSE,TRUE,TRUE,TRUE,"ok","ok","",""
"BaxterE_2016","Baxter 2016",67,"balanced","Dorea",0.955,0.95,0.96,95,96,13940,TRUE,TRUE,TRUE,FALSE,TRUE,TRUE,TRUE,"ok","ok","",""
"BaxterE_2016","Baxter 2016",67,"balanced","Escherichia/Shigella",0.725,0.7,0.75,70,75,6522,TRUE,TRUE,TRUE,FALSE,TRUE,TRUE,TRUE,"ok","ok","",""
"BaxterE_2016","Baxter 2016",67,"balanced","Faecalibacterium",0.98,0.98,0.98,98,98,44574,TRUE,TRUE,TRUE,FALSE,TRUE,TRUE,TRUE,"ok","ok","",""
"BaxterE_2016","Baxter 2016",67,"balanced","Gemmiger",0.775,0.74,0.81,74,81,8566,TRUE,TRUE,TRUE,FALSE,TRUE,TRUE,TRUE,"ok","ok","",""
"BaxterE_2016","Baxter 2016",67,"balanced","Lachnospiracea_incertae_sedis",1,1,1,100,100,32785,TRUE,TRUE,FALSE,TRUE,TRUE,TRUE,TRUE,"no_observed_zeros","ok","",""
"BaxterE_2016","Baxter 2016",67,"balanced","Methanobrevibacter",0.43,0.38,0.48,38,48,5869,TRUE,TRUE,TRUE,FALSE,TRUE,TRUE,TRUE,"ok","ok","",""
"BaxterE_2016","Baxter 2016",67,"balanced","Oscillibacter",0.895,0.89,0.9,89,90,9830,TRUE,TRUE,TRUE,FALSE,TRUE,TRUE,TRUE,"ok","ok","",""
"BaxterE_2016","Baxter 2016",67,"balanced","Parabacteroides",0.695,0.69,0.7,69,70,5296,TRUE,TRUE,TRUE,FALSE,TRUE,TRUE,TRUE,"ok","ok","",""
"BaxterE_2016","Baxter 2016",67,"balanced","Phascolarctobacterium",0.635,0.55,0.72,55,72,7444,TRUE,TRUE,TRUE,FALSE,TRUE,TRUE,TRUE,"ok","ok","",""
"BaxterE_2016","Baxter 2016",67,"balanced","Prevotella",0.38,0.31,0.45,31,45,12256,TRUE,TRUE,TRUE,FALSE,TRUE,TRUE,TRUE,"ok","ok","",""
"BaxterE_2016","Baxter 2016",67,"balanced","Roseburia",0.98,0.96,1,96,100,33073,TRUE,TRUE,TRUE,FALSE,TRUE,TRUE,TRUE,"ok","ok","",""
"BaxterE_2016","Baxter 2016",67,"balanced","Ruminococcus",0.88,0.84,0.92,84,92,24218,TRUE,TRUE,TRUE,FALSE,TRUE,TRUE,TRUE,"ok","ok","",""
"BaxterE_2016","Baxter 2016",67,"balanced","Ruminococcus2",0.98,0.97,0.99,97,99,18041,TRUE,TRUE,TRUE,FALSE,TRUE,TRUE,TRUE,"ok","ok","",""
"BaxterE_2016","Baxter 2016",67,"balanced","Streptococcus",0.85,0.86,0.84,86,84,7024,TRUE,TRUE,TRUE,FALSE,TRUE,TRUE,TRUE,"ok","ok","",""
"BaxterE_2016","Baxter 2016",67,"balanced","Unclassified_Clostridiales",0.94,0.9,0.98,90,98,9917,TRUE,TRUE,TRUE,FALSE,TRUE,TRUE,TRUE,"ok","ok","",""
"BaxterE_2016","Baxter 2016",67,"balanced","Unclassified_Lachnospiraceae",1,1,1,100,100,35594,TRUE,TRUE,FALSE,TRUE,TRUE,TRUE,TRUE,"no_observed_zeros","ok","",""
"BaxterE_2016","Baxter 2016",67,"balanced","Unclassified_Ruminococcaceae",0.99,0.99,0.99,99,99,22733,TRUE,TRUE,TRUE,FALSE,TRUE,TRUE,TRUE,"ok","ok","",""
"BaxterE_2016","Baxter 2016",67,"fourfold","Akkermansia",0.835,0.74,0.93,74,93,22322,TRUE,TRUE,TRUE,FALSE,TRUE,TRUE,TRUE,"ok","ok","",""
"BaxterE_2016","Baxter 2016",67,"fourfold","Alistipes",0.895,0.83,0.96,83,96,23229,TRUE,TRUE,TRUE,FALSE,TRUE,TRUE,TRUE,"ok","ok","",""
"BaxterE_2016","Baxter 2016",67,"fourfold","Anaerostipes",0.975,0.96,0.99,96,99,26751,TRUE,TRUE,TRUE,FALSE,TRUE,TRUE,TRUE,"ok","ok","",""
"BaxterE_2016","Baxter 2016",67,"fourfold","Bacteroides",1,1,1,100,100,112297,TRUE,TRUE,FALSE,TRUE,TRUE,TRUE,TRUE,"no_observed_zeros","ok","",""
"BaxterE_2016","Baxter 2016",67,"fourfold","Bifidobacterium",0.715,0.7,0.73,70,73,9334,TRUE,TRUE,TRUE,FALSE,TRUE,TRUE,TRUE,"ok","ok","",""
"BaxterE_2016","Baxter 2016",67,"fourfold","Blautia",0.995,0.99,1,99,100,121874,TRUE,TRUE,TRUE,FALSE,TRUE,TRUE,TRUE,"ok","ok","",""
"BaxterE_2016","Baxter 2016",67,"fourfold","Clostridium_IV",0.98,0.96,1,96,100,14060,TRUE,TRUE,FALSE,TRUE,TRUE,TRUE,TRUE,"structural_absence_boundary_at_zero","ok","",""
"BaxterE_2016","Baxter 2016",67,"fourfold","Clostridium_sensu_stricto",0.725,0.66,0.79,66,79,8234,TRUE,TRUE,TRUE,FALSE,TRUE,TRUE,TRUE,"ok","ok","",""
"BaxterE_2016","Baxter 2016",67,"fourfold","Clostridium_XI",0.825,0.79,0.86,79,86,8512,TRUE,TRUE,TRUE,FALSE,TRUE,TRUE,TRUE,"ok","ok","",""
"BaxterE_2016","Baxter 2016",67,"fourfold","Clostridium_XlVa",0.995,0.99,1,99,100,14603,TRUE,TRUE,TRUE,FALSE,TRUE,TRUE,TRUE,"ok","ok","",""
"BaxterE_2016","Baxter 2016",67,"fourfold","Clostridium_XVIII",0.86,0.81,0.91,81,91,4693,TRUE,TRUE,TRUE,FALSE,TRUE,TRUE,TRUE,"ok","ok","",""
"BaxterE_2016","Baxter 2016",67,"fourfold","Collinsella",0.615,0.56,0.67,56,67,8971,TRUE,TRUE,TRUE,FALSE,TRUE,TRUE,TRUE,"ok","ok","",""
"BaxterE_2016","Baxter 2016",67,"fourfold","Coprococcus",0.86,0.83,0.89,83,89,9608,TRUE,TRUE,TRUE,FALSE,TRUE,TRUE,TRUE,"ok","ok","",""
"BaxterE_2016","Baxter 2016",67,"fourfold","Dorea",0.945,0.94,0.95,94,95,14036,TRUE,TRUE,TRUE,FALSE,TRUE,TRUE,TRUE,"ok","ok","",""
"BaxterE_2016","Baxter 2016",67,"fourfold","Escherichia/Shigella",0.74,0.64,0.84,64,84,7597,TRUE,TRUE,FALSE,TRUE,TRUE,TRUE,TRUE,"structural_absence_boundary_at_zero","ok","",""
"BaxterE_2016","Baxter 2016",67,"fourfold","Faecalibacterium",0.985,0.98,0.99,98,99,39538,TRUE,TRUE,TRUE,FALSE,TRUE,TRUE,TRUE,"ok","ok","",""
"BaxterE_2016","Baxter 2016",67,"fourfold","Gemmiger",0.79,0.74,0.84,74,84,8692,TRUE,TRUE,TRUE,FALSE,TRUE,TRUE,TRUE,"ok","ok","",""
"BaxterE_2016","Baxter 2016",67,"fourfold","Lachnospiracea_incertae_sedis",0.995,0.99,1,99,100,32186,TRUE,TRUE,TRUE,FALSE,TRUE,TRUE,TRUE,"ok","ok","",""
"BaxterE_2016","Baxter 2016",67,"fourfold","Methanobrevibacter",0.425,0.32,0.53,32,53,5086,TRUE,TRUE,TRUE,FALSE,TRUE,TRUE,TRUE,"ok","ok","",""
"BaxterE_2016","Baxter 2016",67,"fourfold","Oscillibacter",0.86,0.77,0.95,77,95,9122,TRUE,TRUE,TRUE,FALSE,TRUE,TRUE,TRUE,"ok","ok","",""
"BaxterE_2016","Baxter 2016",67,"fourfold","Parabacteroides",0.675,0.58,0.77,58,77,5025,TRUE,TRUE,TRUE,FALSE,TRUE,TRUE,TRUE,"ok","ok","",""
"BaxterE_2016","Baxter 2016",67,"fourfold","Phascolarctobacterium",0.64,0.5,0.78,50,78,8477,TRUE,TRUE,TRUE,FALSE,TRUE,TRUE,TRUE,"ok","ok","",""
"BaxterE_2016","Baxter 2016",67,"fourfold","Prevotella",0.35,0.26,0.44,26,44,16237,TRUE,TRUE,TRUE,FALSE,TRUE,TRUE,TRUE,"ok","ok","",""
"BaxterE_2016","Baxter 2016",67,"fourfold","Roseburia",0.97,0.94,1,94,100,33613,TRUE,TRUE,TRUE,FALSE,TRUE,TRUE,TRUE,"ok","ok","",""
"BaxterE_2016","Baxter 2016",67,"fourfold","Ruminococcus",0.87,0.82,0.92,82,92,22131,TRUE,TRUE,TRUE,FALSE,TRUE,TRUE,TRUE,"ok","ok","",""
"BaxterE_2016","Baxter 2016",67,"fourfold","Ruminococcus2",0.98,0.96,1,96,100,17999,TRUE,TRUE,TRUE,FALSE,TRUE,TRUE,TRUE,"ok","ok","",""
"BaxterE_2016","Baxter 2016",67,"fourfold","Streptococcus",0.805,0.73,0.88,73,88,7724,TRUE,TRUE,TRUE,FALSE,TRUE,TRUE,TRUE,"ok","ok","",""
"BaxterE_2016","Baxter 2016",67,"fourfold","Unclassified_Clostridiales",0.9,0.81,0.99,81,99,10260,TRUE,TRUE,TRUE,FALSE,TRUE,TRUE,TRUE,"ok","ok","",""
"BaxterE_2016","Baxter 2016",67,"fourfold","Unclassified_Lachnospiraceae",0.995,0.99,1,99,100,37185,TRUE,TRUE,TRUE,FALSE,TRUE,TRUE,TRUE,"ok","ok","",""
"BaxterE_2016","Baxter 2016",67,"fourfold","Unclassified_Ruminococcaceae",0.98,0.96,1,96,100,20879,TRUE,TRUE,TRUE,FALSE,TRUE,TRUE,TRUE,"ok","ok","",""
"BaxterE_2016","Baxter 2016",68,"balanced","Akkermansia",0.835,0.83,0.84,83,84,23178,TRUE,TRUE,TRUE,FALSE,TRUE,TRUE,TRUE,"ok","ok","",""
"BaxterE_2016","Baxter 2016",68,"balanced","Alistipes",0.92,0.92,0.92,92,92,24338,TRUE,TRUE,TRUE,FALSE,TRUE,TRUE,TRUE,"ok","ok","",""
"BaxterE_2016","Baxter 2016",68,"balanced","Anaerostipes",0.975,0.99,0.96,99,96,29021,TRUE,TRUE,TRUE,FALSE,TRUE,TRUE,TRUE,"ok","ok","",""
"BaxterE_2016","Baxter 2016",68,"balanced","Bacteroides",1,1,1,100,100,125372,TRUE,TRUE,FALSE,TRUE,TRUE,TRUE,TRUE,"no_observed_zeros","ok","",""
"BaxterE_2016","Baxter 2016",68,"balanced","Bifidobacterium",0.72,0.71,0.73,71,73,8491,TRUE,TRUE,TRUE,FALSE,TRUE,TRUE,TRUE,"ok","ok","",""
"BaxterE_2016","Baxter 2016",68,"balanced","Blautia",1,1,1,100,100,127060,TRUE,TRUE,FALSE,TRUE,TRUE,TRUE,TRUE,"no_observed_zeros","ok","",""
"BaxterE_2016","Baxter 2016",68,"balanced","Clostridium_IV",0.985,0.99,0.98,99,98,15894,TRUE,TRUE,TRUE,FALSE,TRUE,TRUE,TRUE,"ok","ok","",""
"BaxterE_2016","Baxter 2016",68,"balanced","Clostridium_sensu_stricto",0.765,0.76,0.77,76,77,8928,TRUE,TRUE,TRUE,FALSE,TRUE,TRUE,TRUE,"ok","ok","",""
"BaxterE_2016","Baxter 2016",68,"balanced","Clostridium_XI",0.835,0.79,0.88,79,88,8690,TRUE,TRUE,TRUE,FALSE,TRUE,TRUE,TRUE,"ok","ok","",""
"BaxterE_2016","Baxter 2016",68,"balanced","Clostridium_XlVa",1,1,1,100,100,15658,TRUE,TRUE,FALSE,TRUE,TRUE,TRUE,TRUE,"no_observed_zeros","ok","",""
"BaxterE_2016","Baxter 2016",68,"balanced","Clostridium_XVIII",0.9,0.87,0.93,87,93,4985,TRUE,TRUE,TRUE,FALSE,TRUE,TRUE,TRUE,"ok","ok","",""
"BaxterE_2016","Baxter 2016",68,"balanced","Collinsella",0.595,0.59,0.6,59,60,7712,TRUE,TRUE,TRUE,FALSE,TRUE,TRUE,TRUE,"ok","ok","",""
"BaxterE_2016","Baxter 2016",68,"balanced","Coprococcus",0.865,0.87,0.86,87,86,9245,TRUE,TRUE,TRUE,FALSE,TRUE,TRUE,TRUE,"ok","ok","",""
"BaxterE_2016","Baxter 2016",68,"balanced","Dorea",0.965,0.96,0.97,96,97,13633,TRUE,TRUE,TRUE,FALSE,TRUE,TRUE,TRUE,"ok","ok","",""
"BaxterE_2016","Baxter 2016",68,"balanced","Escherichia/Shigella",0.765,0.78,0.75,78,75,7299,TRUE,TRUE,TRUE,FALSE,TRUE,TRUE,TRUE,"ok","ok","",""
"BaxterE_2016","Baxter 2016",68,"balanced","Faecalibacterium",0.995,1,0.99,100,99,43657,TRUE,TRUE,TRUE,FALSE,TRUE,TRUE,TRUE,"ok","ok","",""
"BaxterE_2016","Baxter 2016",68,"balanced","Gemmiger",0.775,0.79,0.76,79,76,8873,TRUE,TRUE,TRUE,FALSE,TRUE,TRUE,TRUE,"ok","ok","",""
"BaxterE_2016","Baxter 2016",68,"balanced","Lachnospiracea_incertae_sedis",1,1,1,100,100,33216,TRUE,TRUE,FALSE,TRUE,TRUE,TRUE,TRUE,"no_observed_zeros","ok","",""
"BaxterE_2016","Baxter 2016",68,"balanced","Methanobrevibacter",0.45,0.44,0.46,44,46,5422,TRUE,TRUE,TRUE,FALSE,TRUE,TRUE,TRUE,"ok","ok","",""
"BaxterE_2016","Baxter 2016",68,"balanced","Oscillibacter",0.92,0.95,0.89,95,89,9685,TRUE,TRUE,TRUE,FALSE,TRUE,TRUE,TRUE,"ok","ok","",""
"BaxterE_2016","Baxter 2016",68,"balanced","Parabacteroides",0.735,0.75,0.72,75,72,5457,TRUE,TRUE,TRUE,FALSE,TRUE,TRUE,TRUE,"ok","ok","",""
"BaxterE_2016","Baxter 2016",68,"balanced","Phascolarctobacterium",0.665,0.66,0.67,66,67,8264,TRUE,TRUE,TRUE,FALSE,TRUE,TRUE,TRUE,"ok","ok","",""
"BaxterE_2016","Baxter 2016",68,"balanced","Prevotella",0.375,0.4,0.35,40,35,12094,TRUE,TRUE,TRUE,FALSE,TRUE,TRUE,TRUE,"ok","ok","",""
"BaxterE_2016","Baxter 2016",68,"balanced","Roseburia",0.97,0.98,0.96,98,96,33232,TRUE,TRUE,TRUE,FALSE,TRUE,TRUE,TRUE,"ok","ok","",""
"BaxterE_2016","Baxter 2016",68,"balanced","Ruminococcus",0.885,0.89,0.88,89,88,24611,TRUE,TRUE,TRUE,FALSE,TRUE,TRUE,TRUE,"ok","ok","",""
"BaxterE_2016","Baxter 2016",68,"balanced","Ruminococcus2",0.98,0.97,0.99,97,99,17598,TRUE,TRUE,TRUE,FALSE,TRUE,TRUE,TRUE,"ok","ok","",""
"BaxterE_2016","Baxter 2016",68,"balanced","Streptococcus",0.85,0.83,0.87,83,87,6777,TRUE,TRUE,TRUE,FALSE,TRUE,TRUE,TRUE,"ok","ok","",""
"BaxterE_2016","Baxter 2016",68,"balanced","Unclassified_Clostridiales",0.925,0.92,0.93,92,93,11026,TRUE,TRUE,TRUE,FALSE,TRUE,TRUE,TRUE,"ok","ok","",""
"BaxterE_2016","Baxter 2016",68,"balanced","Unclassified_Lachnospiraceae",1,1,1,100,100,36376,TRUE,TRUE,FALSE,TRUE,TRUE,TRUE,TRUE,"no_observed_zeros","ok","",""
"BaxterE_2016","Baxter 2016",68,"balanced","Unclassified_Ruminococcaceae",0.99,0.99,0.99,99,99,23433,TRUE,TRUE,TRUE,FALSE,TRUE,TRUE,TRUE,"ok","ok","",""
"BaxterE_2016","Baxter 2016",68,"fourfold","Akkermansia",0.795,0.78,0.81,78,81,20947,TRUE,TRUE,TRUE,FALSE,TRUE,TRUE,TRUE,"ok","ok","",""
"BaxterE_2016","Baxter 2016",68,"fourfold","Alistipes",0.9,0.88,0.92,88,92,24125,TRUE,TRUE,TRUE,FALSE,TRUE,TRUE,TRUE,"ok","ok","",""
"BaxterE_2016","Baxter 2016",68,"fourfold","Anaerostipes",0.975,0.97,0.98,97,98,29131,TRUE,TRUE,TRUE,FALSE,TRUE,TRUE,TRUE,"ok","ok","",""
"BaxterE_2016","Baxter 2016",68,"fourfold","Bacteroides",0.995,0.99,1,99,100,119430,TRUE,TRUE,FALSE,TRUE,TRUE,TRUE,TRUE,"structural_absence_boundary_at_zero","ok","",""
"BaxterE_2016","Baxter 2016",68,"fourfold","Bifidobacterium",0.72,0.69,0.75,69,75,6858,TRUE,TRUE,TRUE,FALSE,TRUE,TRUE,TRUE,"ok","ok","",""
"BaxterE_2016","Baxter 2016",68,"fourfold","Blautia",1,1,1,100,100,127048,TRUE,TRUE,FALSE,TRUE,TRUE,TRUE,TRUE,"no_observed_zeros","ok","",""
"BaxterE_2016","Baxter 2016",68,"fourfold","Clostridium_IV",0.995,1,0.99,100,99,15761,TRUE,TRUE,FALSE,TRUE,TRUE,TRUE,TRUE,"structural_absence_boundary_at_zero","ok","",""
"BaxterE_2016","Baxter 2016",68,"fourfold","Clostridium_sensu_stricto",0.72,0.66,0.78,66,78,6764,TRUE,TRUE,TRUE,FALSE,TRUE,TRUE,TRUE,"ok","ok","",""
"BaxterE_2016","Baxter 2016",68,"fourfold","Clostridium_XI",0.83,0.79,0.87,79,87,7727,TRUE,TRUE,TRUE,FALSE,TRUE,TRUE,TRUE,"ok","ok","",""
"BaxterE_2016","Baxter 2016",68,"fourfold","Clostridium_XlVa",1,1,1,100,100,15944,TRUE,TRUE,FALSE,TRUE,TRUE,TRUE,TRUE,"no_observed_zeros","ok","",""
"BaxterE_2016","Baxter 2016",68,"fourfold","Clostridium_XVIII",0.87,0.79,0.95,79,95,5416,TRUE,TRUE,TRUE,FALSE,TRUE,TRUE,TRUE,"ok","ok","",""
"BaxterE_2016","Baxter 2016",68,"fourfold","Collinsella",0.6,0.58,0.62,58,62,6028,TRUE,TRUE,TRUE,FALSE,TRUE,TRUE,TRUE,"ok","ok","",""
"BaxterE_2016","Baxter 2016",68,"fourfold","Coprococcus",0.86,0.84,0.88,84,88,8047,TRUE,TRUE,TRUE,FALSE,TRUE,TRUE,TRUE,"ok","ok","",""
"BaxterE_2016","Baxter 2016",68,"fourfold","Dorea",0.95,0.93,0.97,93,97,12642,TRUE,TRUE,TRUE,FALSE,TRUE,TRUE,TRUE,"ok","ok","",""
"BaxterE_2016","Baxter 2016",68,"fourfold","Escherichia/Shigella",0.705,0.64,0.77,64,77,6242,TRUE,TRUE,TRUE,FALSE,TRUE,TRUE,TRUE,"ok","ok","",""
"BaxterE_2016","Baxter 2016",68,"fourfold","Faecalibacterium",0.985,0.99,0.98,99,98,41523,TRUE,TRUE,TRUE,FALSE,TRUE,TRUE,TRUE,"ok","ok","",""
"BaxterE_2016","Baxter 2016",68,"fourfold","Gemmiger",0.775,0.78,0.77,78,77,7382,TRUE,TRUE,TRUE,FALSE,TRUE,TRUE,TRUE,"ok","ok","",""
"BaxterE_2016","Baxter 2016",68,"fourfold","Lachnospiracea_incertae_sedis",0.995,1,0.99,100,99,31720,TRUE,TRUE,TRUE,FALSE,TRUE,TRUE,TRUE,"ok","ok","",""
"BaxterE_2016","Baxter 2016",68,"fourfold","Methanobrevibacter",0.405,0.35,0.46,35,46,6077,TRUE,TRUE,TRUE,FALSE,TRUE,TRUE,TRUE,"ok","ok","",""
"BaxterE_2016","Baxter 2016",68,"fourfold","Oscillibacter",0.9,0.9,0.9,90,90,9737,TRUE,TRUE,TRUE,FALSE,TRUE,TRUE,TRUE,"ok","ok","",""
"BaxterE_2016","Baxter 2016",68,"fourfold","Parabacteroides",0.715,0.69,0.74,69,74,5929,TRUE,TRUE,TRUE,FALSE,TRUE,TRUE,TRUE,"ok","ok","",""
"BaxterE_2016","Baxter 2016",68,"fourfold","Phascolarctobacterium",0.65,0.64,0.66,64,66,6555,TRUE,TRUE,TRUE,FALSE,TRUE,TRUE,TRUE,"ok","ok","",""
"BaxterE_2016","Baxter 2016",68,"fourfold","Prevotella",0.34,0.31,0.37,31,37,12253,TRUE,TRUE,TRUE,FALSE,TRUE,TRUE,TRUE,"ok","ok","",""
"BaxterE_2016","Baxter 2016",68,"fourfold","Roseburia",0.98,0.99,0.97,99,97,31104,TRUE,TRUE,TRUE,FALSE,TRUE,TRUE,TRUE,"ok","ok","",""
"BaxterE_2016","Baxter 2016",68,"fourfold","Ruminococcus",0.86,0.87,0.85,87,85,24839,TRUE,TRUE,TRUE,FALSE,TRUE,TRUE,TRUE,"ok","ok","",""
"BaxterE_2016","Baxter 2016",68,"fourfold","Ruminococcus2",0.975,0.95,1,95,100,16473,TRUE,TRUE,TRUE,FALSE,TRUE,TRUE,TRUE,"ok","ok","",""
"BaxterE_2016","Baxter 2016",68,"fourfold","Streptococcus",0.84,0.77,0.91,77,91,6816,TRUE,TRUE,FALSE,TRUE,TRUE,TRUE,TRUE,"structural_absence_boundary_at_zero","ok","",""
"BaxterE_2016","Baxter 2016",68,"fourfold","Unclassified_Clostridiales",0.915,0.88,0.95,88,95,10523,TRUE,TRUE,TRUE,FALSE,TRUE,TRUE,TRUE,"ok","ok","",""
"BaxterE_2016","Baxter 2016",68,"fourfold","Unclassified_Lachnospiraceae",1,1,1,100,100,32615,TRUE,TRUE,FALSE,TRUE,TRUE,TRUE,TRUE,"no_observed_zeros","ok","",""
"BaxterE_2016","Baxter 2016",68,"fourfold","Unclassified_Ruminococcaceae",0.99,0.98,1,98,100,21602,TRUE,TRUE,TRUE,FALSE,TRUE,TRUE,TRUE,"ok","ok","",""
"BaxterE_2016","Baxter 2016",69,"balanced","Akkermansia",0.86,0.87,0.85,87,85,22971,TRUE,TRUE,TRUE,FALSE,TRUE,TRUE,TRUE,"ok","ok","",""
"BaxterE_2016","Baxter 2016",69,"balanced","Alistipes",0.915,0.88,0.95,88,95,27935,TRUE,TRUE,TRUE,FALSE,TRUE,TRUE,TRUE,"ok","ok","",""
"BaxterE_2016","Baxter 2016",69,"balanced","Anaerostipes",0.995,0.99,1,99,100,30764,TRUE,TRUE,TRUE,FALSE,TRUE,TRUE,TRUE,"ok","ok","",""
"BaxterE_2016","Baxter 2016",69,"balanced","Bacteroides",1,1,1,100,100,129060,TRUE,TRUE,FALSE,TRUE,TRUE,TRUE,TRUE,"no_observed_zeros","ok","",""
"BaxterE_2016","Baxter 2016",69,"balanced","Bifidobacterium",0.725,0.73,0.72,73,72,8843,TRUE,TRUE,TRUE,FALSE,TRUE,TRUE,TRUE,"ok","ok","",""
"BaxterE_2016","Baxter 2016",69,"balanced","Blautia",1,1,1,100,100,131746,TRUE,TRUE,FALSE,TRUE,TRUE,TRUE,TRUE,"no_observed_zeros","ok","",""
"BaxterE_2016","Baxter 2016",69,"balanced","Clostridium_IV",0.98,0.97,0.99,97,99,16432,TRUE,TRUE,TRUE,FALSE,TRUE,TRUE,TRUE,"ok","ok","",""
"BaxterE_2016","Baxter 2016",69,"balanced","Clostridium_sensu_stricto",0.73,0.72,0.74,72,74,9764,TRUE,TRUE,TRUE,FALSE,TRUE,TRUE,TRUE,"ok","ok","",""
"BaxterE_2016","Baxter 2016",69,"balanced","Clostridium_XI",0.83,0.82,0.84,82,84,10612,TRUE,TRUE,TRUE,FALSE,TRUE,TRUE,TRUE,"ok","ok","",""
"BaxterE_2016","Baxter 2016",69,"balanced","Clostridium_XlVa",1,1,1,100,100,14825,TRUE,TRUE,FALSE,TRUE,TRUE,TRUE,TRUE,"no_observed_zeros","ok","",""
"BaxterE_2016","Baxter 2016",69,"balanced","Clostridium_XVIII",0.91,0.92,0.9,92,90,5894,TRUE,TRUE,TRUE,FALSE,TRUE,TRUE,TRUE,"ok","ok","",""
"BaxterE_2016","Baxter 2016",69,"balanced","Collinsella",0.59,0.59,0.59,59,59,7832,TRUE,TRUE,TRUE,FALSE,TRUE,TRUE,TRUE,"ok","ok","",""
"BaxterE_2016","Baxter 2016",69,"balanced","Coprococcus",0.865,0.85,0.88,85,88,10102,TRUE,TRUE,TRUE,FALSE,TRUE,TRUE,TRUE,"ok","ok","",""
"BaxterE_2016","Baxter 2016",69,"balanced","Dorea",0.955,0.95,0.96,95,96,14966,TRUE,TRUE,TRUE,FALSE,TRUE,TRUE,TRUE,"ok","ok","",""
"BaxterE_2016","Baxter 2016",69,"balanced","Escherichia/Shigella",0.75,0.78,0.72,78,72,6998,TRUE,TRUE,TRUE,FALSE,TRUE,TRUE,TRUE,"ok","ok","",""
"BaxterE_2016","Baxter 2016",69,"balanced","Faecalibacterium",0.99,0.99,0.99,99,99,46869,TRUE,TRUE,TRUE,FALSE,TRUE,TRUE,TRUE,"ok","ok","",""
"BaxterE_2016","Baxter 2016",69,"balanced","Gemmiger",0.785,0.81,0.76,81,76,10053,TRUE,TRUE,TRUE,FALSE,TRUE,TRUE,TRUE,"ok","ok","",""
"BaxterE_2016","Baxter 2016",69,"balanced","Lachnospiracea_incertae_sedis",1,1,1,100,100,35463,TRUE,TRUE,FALSE,TRUE,TRUE,TRUE,TRUE,"no_observed_zeros","ok","",""
"BaxterE_2016","Baxter 2016",69,"balanced","Methanobrevibacter",0.425,0.42,0.43,42,43,6557,TRUE,TRUE,TRUE,FALSE,TRUE,TRUE,TRUE,"ok","ok","",""
"BaxterE_2016","Baxter 2016",69,"balanced","Oscillibacter",0.9,0.87,0.93,87,93,10939,TRUE,TRUE,TRUE,FALSE,TRUE,TRUE,TRUE,"ok","ok","",""
"BaxterE_2016","Baxter 2016",69,"balanced","Parabacteroides",0.705,0.7,0.71,70,71,6615,TRUE,TRUE,TRUE,FALSE,TRUE,TRUE,TRUE,"ok","ok","",""
"BaxterE_2016","Baxter 2016",69,"balanced","Phascolarctobacterium",0.65,0.66,0.64,66,64,7761,TRUE,TRUE,TRUE,FALSE,TRUE,TRUE,TRUE,"ok","ok","",""
"BaxterE_2016","Baxter 2016",69,"balanced","Prevotella",0.37,0.34,0.4,34,40,16624,TRUE,TRUE,TRUE,FALSE,TRUE,TRUE,TRUE,"ok","ok","",""
"BaxterE_2016","Baxter 2016",69,"balanced","Roseburia",0.985,0.97,1,97,100,34599,TRUE,TRUE,TRUE,FALSE,TRUE,TRUE,TRUE,"ok","ok","",""
"BaxterE_2016","Baxter 2016",69,"balanced","Ruminococcus",0.88,0.91,0.85,91,85,25507,TRUE,TRUE,TRUE,FALSE,TRUE,TRUE,TRUE,"ok","ok","",""
"BaxterE_2016","Baxter 2016",69,"balanced","Ruminococcus2",0.98,0.97,0.99,97,99,19269,TRUE,TRUE,TRUE,FALSE,TRUE,TRUE,TRUE,"ok","ok","",""
"BaxterE_2016","Baxter 2016",69,"balanced","Streptococcus",0.88,0.87,0.89,87,89,6051,TRUE,TRUE,TRUE,FALSE,TRUE,TRUE,TRUE,"ok","ok","",""
"BaxterE_2016","Baxter 2016",69,"balanced","Unclassified_Clostridiales",0.915,0.89,0.94,89,94,11252,TRUE,TRUE,TRUE,FALSE,TRUE,TRUE,TRUE,"ok","ok","",""
"BaxterE_2016","Baxter 2016",69,"balanced","Unclassified_Lachnospiraceae",1,1,1,100,100,37182,TRUE,TRUE,FALSE,TRUE,TRUE,TRUE,TRUE,"no_observed_zeros","ok","",""
"BaxterE_2016","Baxter 2016",69,"balanced","Unclassified_Ruminococcaceae",0.975,0.99,0.96,99,96,25682,TRUE,TRUE,TRUE,FALSE,TRUE,TRUE,TRUE,"ok","ok","",""
"BaxterE_2016","Baxter 2016",69,"fourfold","Akkermansia",0.805,0.75,0.86,75,86,24668,TRUE,TRUE,TRUE,FALSE,TRUE,TRUE,TRUE,"ok","ok","",""
"BaxterE_2016","Baxter 2016",69,"fourfold","Alistipes",0.915,0.89,0.94,89,94,26588,TRUE,TRUE,TRUE,FALSE,TRUE,TRUE,TRUE,"ok","ok","",""
"BaxterE_2016","Baxter 2016",69,"fourfold","Anaerostipes",0.985,0.98,0.99,98,99,24971,TRUE,TRUE,TRUE,FALSE,TRUE,TRUE,TRUE,"ok","ok","",""
"BaxterE_2016","Baxter 2016",69,"fourfold","Bacteroides",1,1,1,100,100,121481,TRUE,TRUE,FALSE,TRUE,TRUE,TRUE,TRUE,"no_observed_zeros","ok","",""
"BaxterE_2016","Baxter 2016",69,"fourfold","Bifidobacterium",0.72,0.69,0.75,69,75,7415,TRUE,TRUE,TRUE,FALSE,TRUE,TRUE,TRUE,"ok","ok","",""
"BaxterE_2016","Baxter 2016",69,"fourfold","Blautia",1,1,1,100,100,124729,TRUE,TRUE,FALSE,TRUE,TRUE,TRUE,TRUE,"no_observed_zeros","ok","",""
"BaxterE_2016","Baxter 2016",69,"fourfold","Clostridium_IV",0.98,0.96,1,96,100,15736,TRUE,TRUE,FALSE,TRUE,TRUE,TRUE,TRUE,"structural_absence_boundary_at_zero","ok","",""
"BaxterE_2016","Baxter 2016",69,"fourfold","Clostridium_sensu_stricto",0.7,0.68,0.72,68,72,8119,TRUE,TRUE,TRUE,FALSE,TRUE,TRUE,TRUE,"ok","ok","",""
"BaxterE_2016","Baxter 2016",69,"fourfold","Clostridium_XI",0.835,0.8,0.87,80,87,7745,TRUE,TRUE,TRUE,FALSE,TRUE,TRUE,TRUE,"ok","ok","",""
"BaxterE_2016","Baxter 2016",69,"fourfold","Clostridium_XlVa",0.995,0.99,1,99,100,16287,TRUE,TRUE,FALSE,TRUE,TRUE,TRUE,TRUE,"structural_absence_boundary_at_zero","ok","",""
"BaxterE_2016","Baxter 2016",69,"fourfold","Clostridium_XVIII",0.845,0.82,0.87,82,87,4859,TRUE,TRUE,TRUE,FALSE,TRUE,TRUE,TRUE,"ok","ok","",""
"BaxterE_2016","Baxter 2016",69,"fourfold","Collinsella",0.58,0.56,0.6,56,60,8661,TRUE,TRUE,TRUE,FALSE,TRUE,TRUE,TRUE,"ok","ok","",""
"BaxterE_2016","Baxter 2016",69,"fourfold","Coprococcus",0.86,0.83,0.89,83,89,9560,TRUE,TRUE,TRUE,FALSE,TRUE,TRUE,TRUE,"ok","ok","",""
"BaxterE_2016","Baxter 2016",69,"fourfold","Dorea",0.965,0.95,0.98,95,98,13327,TRUE,TRUE,TRUE,FALSE,TRUE,TRUE,TRUE,"ok","ok","",""
"BaxterE_2016","Baxter 2016",69,"fourfold","Escherichia/Shigella",0.72,0.64,0.8,64,80,7336,TRUE,TRUE,TRUE,FALSE,TRUE,TRUE,TRUE,"ok","ok","",""
"BaxterE_2016","Baxter 2016",69,"fourfold","Faecalibacterium",0.99,0.99,0.99,99,99,43157,TRUE,TRUE,TRUE,FALSE,TRUE,TRUE,TRUE,"ok","ok","",""
"BaxterE_2016","Baxter 2016",69,"fourfold","Gemmiger",0.79,0.77,0.81,77,81,9422,TRUE,TRUE,TRUE,FALSE,TRUE,TRUE,TRUE,"ok","ok","",""
"BaxterE_2016","Baxter 2016",69,"fourfold","Lachnospiracea_incertae_sedis",1,1,1,100,100,28811,TRUE,TRUE,FALSE,TRUE,TRUE,TRUE,TRUE,"no_observed_zeros","ok","",""
"BaxterE_2016","Baxter 2016",69,"fourfold","Methanobrevibacter",0.42,0.36,0.48,36,48,6898,TRUE,TRUE,TRUE,FALSE,TRUE,TRUE,TRUE,"ok","ok","",""
"BaxterE_2016","Baxter 2016",69,"fourfold","Oscillibacter",0.895,0.83,0.96,83,96,11310,TRUE,TRUE,TRUE,FALSE,TRUE,TRUE,TRUE,"ok","ok","",""
"BaxterE_2016","Baxter 2016",69,"fourfold","Parabacteroides",0.68,0.62,0.74,62,74,4750,TRUE,TRUE,TRUE,FALSE,TRUE,TRUE,TRUE,"ok","ok","",""
"BaxterE_2016","Baxter 2016",69,"fourfold","Phascolarctobacterium",0.625,0.6,0.65,60,65,8114,TRUE,TRUE,TRUE,FALSE,TRUE,TRUE,TRUE,"ok","ok","",""
"BaxterE_2016","Baxter 2016",69,"fourfold","Prevotella",0.375,0.31,0.44,31,44,12707,TRUE,TRUE,TRUE,FALSE,TRUE,TRUE,TRUE,"ok","ok","",""
"BaxterE_2016","Baxter 2016",69,"fourfold","Roseburia",0.985,0.97,1,97,100,31698,TRUE,TRUE,TRUE,FALSE,TRUE,TRUE,TRUE,"ok","ok","",""
"BaxterE_2016","Baxter 2016",69,"fourfold","Ruminococcus",0.88,0.87,0.89,87,89,22583,TRUE,TRUE,TRUE,FALSE,TRUE,TRUE,TRUE,"ok","ok","",""
"BaxterE_2016","Baxter 2016",69,"fourfold","Ruminococcus2",0.985,0.97,1,97,100,17997,TRUE,TRUE,FALSE,TRUE,TRUE,TRUE,TRUE,"structural_absence_boundary_at_zero","ok","",""
"BaxterE_2016","Baxter 2016",69,"fourfold","Streptococcus",0.805,0.77,0.84,77,84,6429,TRUE,TRUE,TRUE,FALSE,TRUE,TRUE,TRUE,"ok","ok","",""
"BaxterE_2016","Baxter 2016",69,"fourfold","Unclassified_Clostridiales",0.895,0.85,0.94,85,94,10279,TRUE,TRUE,TRUE,FALSE,TRUE,TRUE,TRUE,"ok","ok","",""
"BaxterE_2016","Baxter 2016",69,"fourfold","Unclassified_Lachnospiraceae",1,1,1,100,100,36869,TRUE,TRUE,FALSE,TRUE,TRUE,TRUE,TRUE,"no_observed_zeros","ok","",""
"BaxterE_2016","Baxter 2016",69,"fourfold","Unclassified_Ruminococcaceae",0.98,0.96,1,96,100,25905,TRUE,TRUE,TRUE,FALSE,TRUE,TRUE,TRUE,"ok","ok","",""
"BaxterE_2016","Baxter 2016",70,"balanced","Akkermansia",0.855,0.91,0.8,91,80,20959,TRUE,TRUE,TRUE,FALSE,TRUE,TRUE,TRUE,"ok","ok","",""
"BaxterE_2016","Baxter 2016",70,"balanced","Alistipes",0.89,0.91,0.87,91,87,25337,TRUE,TRUE,TRUE,FALSE,TRUE,TRUE,TRUE,"ok","ok","",""
"BaxterE_2016","Baxter 2016",70,"balanced","Anaerostipes",0.985,0.99,0.98,99,98,29756,TRUE,TRUE,TRUE,FALSE,TRUE,TRUE,TRUE,"ok","ok","",""
"BaxterE_2016","Baxter 2016",70,"balanced","Bacteroides",0.995,0.99,1,99,100,122768,TRUE,TRUE,TRUE,FALSE,TRUE,TRUE,TRUE,"ok","ok","",""
"BaxterE_2016","Baxter 2016",70,"balanced","Bifidobacterium",0.745,0.78,0.71,78,71,8690,TRUE,TRUE,TRUE,FALSE,TRUE,TRUE,TRUE,"ok","ok","",""
"BaxterE_2016","Baxter 2016",70,"balanced","Blautia",1,1,1,100,100,132616,TRUE,TRUE,FALSE,TRUE,TRUE,TRUE,TRUE,"no_observed_zeros","ok","",""
"BaxterE_2016","Baxter 2016",70,"balanced","Clostridium_IV",0.99,0.98,1,98,100,17341,TRUE,TRUE,TRUE,FALSE,TRUE,TRUE,TRUE,"ok","ok","",""
"BaxterE_2016","Baxter 2016",70,"balanced","Clostridium_sensu_stricto",0.755,0.8,0.71,80,71,9985,TRUE,TRUE,TRUE,FALSE,TRUE,TRUE,TRUE,"ok","ok","",""
"BaxterE_2016","Baxter 2016",70,"balanced","Clostridium_XI",0.855,0.85,0.86,85,86,8829,TRUE,TRUE,TRUE,FALSE,TRUE,TRUE,TRUE,"ok","ok","",""
"BaxterE_2016","Baxter 2016",70,"balanced","Clostridium_XlVa",1,1,1,100,100,15668,TRUE,TRUE,FALSE,TRUE,TRUE,TRUE,TRUE,"no_observed_zeros","ok","",""
"BaxterE_2016","Baxter 2016",70,"balanced","Clostridium_XVIII",0.91,0.9,0.92,90,92,5221,TRUE,TRUE,TRUE,FALSE,TRUE,TRUE,TRUE,"ok","ok","",""
"BaxterE_2016","Baxter 2016",70,"balanced","Collinsella",0.585,0.63,0.54,63,54,7947,TRUE,TRUE,TRUE,FALSE,TRUE,TRUE,TRUE,"ok","ok","",""
"BaxterE_2016","Baxter 2016",70,"balanced","Coprococcus",0.87,0.89,0.85,89,85,9224,TRUE,TRUE,TRUE,FALSE,TRUE,TRUE,TRUE,"ok","ok","",""
"BaxterE_2016","Baxter 2016",70,"balanced","Dorea",0.96,0.93,0.99,93,99,14181,TRUE,TRUE,TRUE,FALSE,TRUE,TRUE,TRUE,"ok","ok","",""
"BaxterE_2016","Baxter 2016",70,"balanced","Escherichia/Shigella",0.76,0.71,0.81,71,81,7360,TRUE,TRUE,TRUE,FALSE,TRUE,TRUE,TRUE,"ok","ok","",""
"BaxterE_2016","Baxter 2016",70,"balanced","Faecalibacterium",0.99,0.98,1,98,100,46023,TRUE,TRUE,TRUE,FALSE,TRUE,TRUE,TRUE,"ok","ok","",""
"BaxterE_2016","Baxter 2016",70,"balanced","Gemmiger",0.785,0.75,0.82,75,82,8566,TRUE,TRUE,TRUE,FALSE,TRUE,TRUE,TRUE,"ok","ok","",""
"BaxterE_2016","Baxter 2016",70,"balanced","Lachnospiracea_incertae_sedis",1,1,1,100,100,34893,TRUE,TRUE,FALSE,TRUE,TRUE,TRUE,TRUE,"no_observed_zeros","ok","",""
"BaxterE_2016","Baxter 2016",70,"balanced","Methanobrevibacter",0.42,0.43,0.41,43,41,6739,TRUE,TRUE,TRUE,FALSE,TRUE,TRUE,TRUE,"ok","ok","",""
"BaxterE_2016","Baxter 2016",70,"balanced","Oscillibacter",0.91,0.93,0.89,93,89,10220,TRUE,TRUE,TRUE,FALSE,TRUE,TRUE,TRUE,"ok","ok","",""
"BaxterE_2016","Baxter 2016",70,"balanced","Parabacteroides",0.68,0.65,0.71,65,71,5466,TRUE,TRUE,TRUE,FALSE,TRUE,TRUE,TRUE,"ok","ok","",""
"BaxterE_2016","Baxter 2016",70,"balanced","Phascolarctobacterium",0.635,0.58,0.69,58,69,8111,TRUE,TRUE,TRUE,FALSE,TRUE,TRUE,TRUE,"ok","ok","",""
"BaxterE_2016","Baxter 2016",70,"balanced","Prevotella",0.37,0.34,0.4,34,40,13946,TRUE,TRUE,TRUE,FALSE,TRUE,TRUE,TRUE,"ok","ok","",""
"BaxterE_2016","Baxter 2016",70,"balanced","Roseburia",0.975,0.97,0.98,97,98,35001,TRUE,TRUE,TRUE,FALSE,TRUE,TRUE,TRUE,"ok","ok","",""
"BaxterE_2016","Baxter 2016",70,"balanced","Ruminococcus",0.87,0.89,0.85,89,85,25164,TRUE,TRUE,TRUE,FALSE,TRUE,TRUE,TRUE,"ok","ok","",""
"BaxterE_2016","Baxter 2016",70,"balanced","Ruminococcus2",0.99,0.99,0.99,99,99,17410,TRUE,TRUE,TRUE,FALSE,TRUE,TRUE,TRUE,"ok","ok","",""
"BaxterE_2016","Baxter 2016",70,"balanced","Streptococcus",0.84,0.86,0.82,86,82,6878,TRUE,TRUE,TRUE,FALSE,TRUE,TRUE,TRUE,"ok","ok","",""
"BaxterE_2016","Baxter 2016",70,"balanced","Unclassified_Clostridiales",0.92,0.95,0.89,95,89,10936,TRUE,TRUE,TRUE,FALSE,TRUE,TRUE,TRUE,"ok","ok","",""
"BaxterE_2016","Baxter 2016",70,"balanced","Unclassified_Lachnospiraceae",1,1,1,100,100,37129,TRUE,TRUE,FALSE,TRUE,TRUE,TRUE,TRUE,"no_observed_zeros","ok","",""
"BaxterE_2016","Baxter 2016",70,"balanced","Unclassified_Ruminococcaceae",0.99,1,0.98,100,98,24498,TRUE,TRUE,TRUE,FALSE,TRUE,TRUE,TRUE,"ok","ok","",""
"BaxterE_2016","Baxter 2016",70,"fourfold","Akkermansia",0.81,0.81,0.81,81,81,23342,TRUE,TRUE,TRUE,FALSE,TRUE,TRUE,TRUE,"ok","ok","",""
"BaxterE_2016","Baxter 2016",70,"fourfold","Alistipes",0.905,0.89,0.92,89,92,23809,TRUE,TRUE,TRUE,FALSE,TRUE,TRUE,TRUE,"ok","ok","",""
"BaxterE_2016","Baxter 2016",70,"fourfold","Anaerostipes",0.975,0.97,0.98,97,98,29435,TRUE,TRUE,TRUE,FALSE,TRUE,TRUE,TRUE,"ok","ok","",""
"BaxterE_2016","Baxter 2016",70,"fourfold","Bacteroides",0.995,0.99,1,99,100,111991,TRUE,TRUE,TRUE,FALSE,TRUE,TRUE,TRUE,"ok","ok","",""
"BaxterE_2016","Baxter 2016",70,"fourfold","Bifidobacterium",0.725,0.72,0.73,72,73,7603,TRUE,TRUE,TRUE,FALSE,TRUE,TRUE,TRUE,"ok","ok","",""
"BaxterE_2016","Baxter 2016",70,"fourfold","Blautia",1,1,1,100,100,133675,TRUE,TRUE,FALSE,TRUE,TRUE,TRUE,TRUE,"no_observed_zeros","ok","",""
"BaxterE_2016","Baxter 2016",70,"fourfold","Clostridium_IV",0.985,0.97,1,97,100,16427,TRUE,TRUE,FALSE,TRUE,TRUE,TRUE,TRUE,"structural_absence_boundary_at_zero","ok","",""
"BaxterE_2016","Baxter 2016",70,"fourfold","Clostridium_sensu_stricto",0.715,0.63,0.8,63,80,7692,TRUE,TRUE,TRUE,FALSE,TRUE,TRUE,TRUE,"ok","ok","",""
"BaxterE_2016","Baxter 2016",70,"fourfold","Clostridium_XI",0.82,0.79,0.85,79,85,7380,TRUE,TRUE,TRUE,FALSE,TRUE,TRUE,TRUE,"ok","ok","",""
"BaxterE_2016","Baxter 2016",70,"fourfold","Clostridium_XlVa",1,1,1,100,100,15318,TRUE,TRUE,FALSE,TRUE,TRUE,TRUE,TRUE,"no_observed_zeros","ok","",""
"BaxterE_2016","Baxter 2016",70,"fourfold","Clostridium_XVIII",0.855,0.79,0.92,79,92,5831,TRUE,TRUE,TRUE,FALSE,TRUE,TRUE,TRUE,"ok","ok","",""
"BaxterE_2016","Baxter 2016",70,"fourfold","Collinsella",0.575,0.6,0.55,60,55,6860,TRUE,TRUE,TRUE,FALSE,TRUE,TRUE,TRUE,"ok","ok","",""
"BaxterE_2016","Baxter 2016",70,"fourfold","Coprococcus",0.86,0.86,0.86,86,86,9226,TRUE,TRUE,TRUE,FALSE,TRUE,TRUE,TRUE,"ok","ok","",""
"BaxterE_2016","Baxter 2016",70,"fourfold","Dorea",0.95,0.92,0.98,92,98,13760,TRUE,TRUE,TRUE,FALSE,TRUE,TRUE,TRUE,"ok","ok","",""
"BaxterE_2016","Baxter 2016",70,"fourfold","Escherichia/Shigella",0.695,0.54,0.85,54,85,6765,TRUE,TRUE,TRUE,FALSE,TRUE,TRUE,TRUE,"ok","ok","",""
"BaxterE_2016","Baxter 2016",70,"fourfold","Faecalibacterium",0.985,0.97,1,97,100,45383,TRUE,TRUE,TRUE,FALSE,TRUE,TRUE,TRUE,"ok","ok","",""
"BaxterE_2016","Baxter 2016",70,"fourfold","Gemmiger",0.77,0.7,0.84,70,84,9748,TRUE,TRUE,TRUE,FALSE,TRUE,TRUE,TRUE,"ok","ok","",""
"BaxterE_2016","Baxter 2016",70,"fourfold","Lachnospiracea_incertae_sedis",0.995,0.99,1,99,100,34612,TRUE,TRUE,TRUE,FALSE,TRUE,TRUE,TRUE,"ok","ok","",""
"BaxterE_2016","Baxter 2016",70,"fourfold","Methanobrevibacter",0.395,0.38,0.41,38,41,5303,TRUE,TRUE,TRUE,FALSE,TRUE,TRUE,TRUE,"ok","ok","",""
"BaxterE_2016","Baxter 2016",70,"fourfold","Oscillibacter",0.885,0.87,0.9,87,90,9785,TRUE,TRUE,TRUE,FALSE,TRUE,TRUE,TRUE,"ok","ok","",""
"BaxterE_2016","Baxter 2016",70,"fourfold","Parabacteroides",0.72,0.67,0.77,67,77,5240,TRUE,TRUE,TRUE,FALSE,TRUE,TRUE,TRUE,"ok","ok","",""
"BaxterE_2016","Baxter 2016",70,"fourfold","Phascolarctobacterium",0.63,0.54,0.72,54,72,7213,TRUE,TRUE,TRUE,FALSE,TRUE,TRUE,TRUE,"ok","ok","",""
"BaxterE_2016","Baxter 2016",70,"fourfold","Prevotella",0.38,0.27,0.49,27,49,9564,TRUE,TRUE,TRUE,FALSE,TRUE,TRUE,TRUE,"ok","ok","",""
"BaxterE_2016","Baxter 2016",70,"fourfold","Roseburia",0.98,0.98,0.98,98,98,32223,TRUE,TRUE,TRUE,FALSE,TRUE,TRUE,TRUE,"ok","ok","",""
"BaxterE_2016","Baxter 2016",70,"fourfold","Ruminococcus",0.905,0.89,0.92,89,92,23537,TRUE,TRUE,TRUE,FALSE,TRUE,TRUE,TRUE,"ok","ok","",""
"BaxterE_2016","Baxter 2016",70,"fourfold","Ruminococcus2",0.97,0.95,0.99,95,99,18790,TRUE,TRUE,TRUE,FALSE,TRUE,TRUE,TRUE,"ok","ok","",""
"BaxterE_2016","Baxter 2016",70,"fourfold","Streptococcus",0.81,0.74,0.88,74,88,6993,TRUE,TRUE,TRUE,FALSE,TRUE,TRUE,TRUE,"ok","ok","",""
"BaxterE_2016","Baxter 2016",70,"fourfold","Unclassified_Clostridiales",0.92,0.94,0.9,94,90,12341,TRUE,TRUE,TRUE,FALSE,TRUE,TRUE,TRUE,"ok","ok","",""
"BaxterE_2016","Baxter 2016",70,"fourfold","Unclassified_Lachnospiraceae",1,1,1,100,100,35221,TRUE,TRUE,FALSE,TRUE,TRUE,TRUE,TRUE,"no_observed_zeros","ok","",""
"BaxterE_2016","Baxter 2016",70,"fourfold","Unclassified_Ruminococcaceae",0.985,0.99,0.98,99,98,23806,TRUE,TRUE,TRUE,FALSE,TRUE,TRUE,TRUE,"ok","ok","",""
"BaxterE_2016","Baxter 2016",71,"balanced","Akkermansia",0.86,0.9,0.82,90,82,23129,TRUE,TRUE,TRUE,FALSE,TRUE,TRUE,TRUE,"ok","ok","",""
"BaxterE_2016","Baxter 2016",71,"balanced","Alistipes",0.93,0.93,0.93,93,93,25707,TRUE,TRUE,TRUE,FALSE,TRUE,TRUE,TRUE,"ok","ok","",""
"BaxterE_2016","Baxter 2016",71,"balanced","Anaerostipes",0.985,0.99,0.98,99,98,29132,TRUE,TRUE,TRUE,FALSE,TRUE,TRUE,TRUE,"ok","ok","",""
"BaxterE_2016","Baxter 2016",71,"balanced","Bacteroides",1,1,1,100,100,126691,TRUE,TRUE,FALSE,TRUE,TRUE,TRUE,TRUE,"no_observed_zeros","ok","",""
"BaxterE_2016","Baxter 2016",71,"balanced","Bifidobacterium",0.75,0.78,0.72,78,72,9584,TRUE,TRUE,TRUE,FALSE,TRUE,TRUE,TRUE,"ok","ok","",""
"BaxterE_2016","Baxter 2016",71,"balanced","Blautia",1,1,1,100,100,132968,TRUE,TRUE,FALSE,TRUE,TRUE,TRUE,TRUE,"no_observed_zeros","ok","",""
"BaxterE_2016","Baxter 2016",71,"balanced","Clostridium_IV",0.995,0.99,1,99,100,16092,TRUE,TRUE,TRUE,FALSE,TRUE,TRUE,TRUE,"ok","ok","",""
"BaxterE_2016","Baxter 2016",71,"balanced","Clostridium_sensu_stricto",0.745,0.74,0.75,74,75,8679,TRUE,TRUE,TRUE,FALSE,TRUE,TRUE,TRUE,"ok","ok","",""
"BaxterE_2016","Baxter 2016",71,"balanced","Clostridium_XI",0.865,0.88,0.85,88,85,9870,TRUE,TRUE,TRUE,FALSE,TRUE,TRUE,TRUE,"ok","ok","",""
"BaxterE_2016","Baxter 2016",71,"balanced","Clostridium_XlVa",0.995,1,0.99,100,99,15888,TRUE,TRUE,TRUE,FALSE,TRUE,TRUE,TRUE,"ok","ok","",""
"BaxterE_2016","Baxter 2016",71,"balanced","Clostridium_XVIII",0.92,0.95,0.89,95,89,5217,TRUE,TRUE,TRUE,FALSE,TRUE,TRUE,TRUE,"ok","ok","",""
"BaxterE_2016","Baxter 2016",71,"balanced","Collinsella",0.61,0.67,0.55,67,55,7976,TRUE,TRUE,TRUE,FALSE,TRUE,TRUE,TRUE,"ok","ok","",""
"BaxterE_2016","Baxter 2016",71,"balanced","Coprococcus",0.88,0.9,0.86,90,86,9211,TRUE,TRUE,TRUE,FALSE,TRUE,TRUE,TRUE,"ok","ok","",""
"BaxterE_2016","Baxter 2016",71,"balanced","Dorea",0.96,0.98,0.94,98,94,14789,TRUE,TRUE,TRUE,FALSE,TRUE,TRUE,TRUE,"ok","ok","",""
"BaxterE_2016","Baxter 2016",71,"balanced","Escherichia/Shigella",0.77,0.81,0.73,81,73,7729,TRUE,TRUE,TRUE,FALSE,TRUE,TRUE,TRUE,"ok","ok","",""
"BaxterE_2016","Baxter 2016",71,"balanced","Faecalibacterium",0.98,0.97,0.99,97,99,44838,TRUE,TRUE,TRUE,FALSE,TRUE,TRUE,TRUE,"ok","ok","",""
"BaxterE_2016","Baxter 2016",71,"balanced","Gemmiger",0.775,0.84,0.71,84,71,8760,TRUE,TRUE,TRUE,FALSE,TRUE,TRUE,TRUE,"ok","ok","",""
"BaxterE_2016","Baxter 2016",71,"balanced","Lachnospiracea_incertae_sedis",1,1,1,100,100,34971,TRUE,TRUE,FALSE,TRUE,TRUE,TRUE,TRUE,"no_observed_zeros","ok","",""
"BaxterE_2016","Baxter 2016",71,"balanced","Methanobrevibacter",0.44,0.47,0.41,47,41,6066,TRUE,TRUE,TRUE,FALSE,TRUE,TRUE,TRUE,"ok","ok","",""
"BaxterE_2016","Baxter 2016",71,"balanced","Oscillibacter",0.895,0.91,0.88,91,88,10471,TRUE,TRUE,TRUE,FALSE,TRUE,TRUE,TRUE,"ok","ok","",""
"BaxterE_2016","Baxter 2016",71,"balanced","Parabacteroides",0.72,0.71,0.73,71,73,5681,TRUE,TRUE,TRUE,FALSE,TRUE,TRUE,TRUE,"ok","ok","",""
"BaxterE_2016","Baxter 2016",71,"balanced","Phascolarctobacterium",0.65,0.66,0.64,66,64,7373,TRUE,TRUE,TRUE,FALSE,TRUE,TRUE,TRUE,"ok","ok","",""
"BaxterE_2016","Baxter 2016",71,"balanced","Prevotella",0.355,0.4,0.31,40,31,11262,TRUE,TRUE,TRUE,FALSE,TRUE,TRUE,TRUE,"ok","ok","",""
"BaxterE_2016","Baxter 2016",71,"balanced","Roseburia",0.985,0.99,0.98,99,98,35419,TRUE,TRUE,TRUE,FALSE,TRUE,TRUE,TRUE,"ok","ok","",""
"BaxterE_2016","Baxter 2016",71,"balanced","Ruminococcus",0.9,0.93,0.87,93,87,24515,TRUE,TRUE,TRUE,FALSE,TRUE,TRUE,TRUE,"ok","ok","",""
"BaxterE_2016","Baxter 2016",71,"balanced","Ruminococcus2",0.985,0.99,0.98,99,98,17894,TRUE,TRUE,TRUE,FALSE,TRUE,TRUE,TRUE,"ok","ok","",""
"BaxterE_2016","Baxter 2016",71,"balanced","Streptococcus",0.865,0.87,0.86,87,86,7111,TRUE,TRUE,TRUE,FALSE,TRUE,TRUE,TRUE,"ok","ok","",""
"BaxterE_2016","Baxter 2016",71,"balanced","Unclassified_Clostridiales",0.905,0.92,0.89,92,89,11292,TRUE,TRUE,TRUE,FALSE,TRUE,TRUE,TRUE,"ok","ok","",""
"BaxterE_2016","Baxter 2016",71,"balanced","Unclassified_Lachnospiraceae",1,1,1,100,100,37031,TRUE,TRUE,FALSE,TRUE,TRUE,TRUE,TRUE,"no_observed_zeros","ok","",""
"BaxterE_2016","Baxter 2016",71,"balanced","Unclassified_Ruminococcaceae",0.995,1,0.99,100,99,24005,TRUE,TRUE,TRUE,FALSE,TRUE,TRUE,TRUE,"ok","ok","",""
"BaxterE_2016","Baxter 2016",71,"fourfold","Akkermansia",0.83,0.83,0.83,83,83,21673,TRUE,TRUE,TRUE,FALSE,TRUE,TRUE,TRUE,"ok","ok","",""
"BaxterE_2016","Baxter 2016",71,"fourfold","Alistipes",0.925,0.92,0.93,92,93,23395,TRUE,TRUE,TRUE,FALSE,TRUE,TRUE,TRUE,"ok","ok","",""
"BaxterE_2016","Baxter 2016",71,"fourfold","Anaerostipes",0.975,0.97,0.98,97,98,28366,TRUE,TRUE,TRUE,FALSE,TRUE,TRUE,TRUE,"ok","ok","",""
"BaxterE_2016","Baxter 2016",71,"fourfold","Bacteroides",0.995,0.99,1,99,100,114582,TRUE,TRUE,TRUE,FALSE,TRUE,TRUE,TRUE,"ok","ok","",""
"BaxterE_2016","Baxter 2016",71,"fourfold","Bifidobacterium",0.71,0.68,0.74,68,74,7149,TRUE,TRUE,TRUE,FALSE,TRUE,TRUE,TRUE,"ok","ok","",""
"BaxterE_2016","Baxter 2016",71,"fourfold","Blautia",0.995,0.99,1,99,100,125872,TRUE,TRUE,TRUE,FALSE,TRUE,TRUE,TRUE,"ok","ok","",""
"BaxterE_2016","Baxter 2016",71,"fourfold","Clostridium_IV",0.98,0.97,0.99,97,99,14484,TRUE,TRUE,TRUE,FALSE,TRUE,TRUE,TRUE,"ok","ok","",""
"BaxterE_2016","Baxter 2016",71,"fourfold","Clostridium_sensu_stricto",0.685,0.67,0.7,67,70,8173,TRUE,TRUE,TRUE,FALSE,TRUE,TRUE,TRUE,"ok","ok","",""
"BaxterE_2016","Baxter 2016",71,"fourfold","Clostridium_XI",0.845,0.82,0.87,82,87,8475,TRUE,TRUE,TRUE,FALSE,TRUE,TRUE,TRUE,"ok","ok","",""
"BaxterE_2016","Baxter 2016",71,"fourfold","Clostridium_XlVa",1,1,1,100,100,14976,TRUE,TRUE,FALSE,TRUE,TRUE,TRUE,TRUE,"no_observed_zeros","ok","",""
"BaxterE_2016","Baxter 2016",71,"fourfold","Clostridium_XVIII",0.875,0.83,0.92,83,92,4853,TRUE,TRUE,TRUE,FALSE,TRUE,TRUE,TRUE,"ok","ok","",""
"BaxterE_2016","Baxter 2016",71,"fourfold","Collinsella",0.585,0.64,0.53,64,53,7212,TRUE,TRUE,TRUE,FALSE,TRUE,TRUE,TRUE,"ok","ok","",""
"BaxterE_2016","Baxter 2016",71,"fourfold","Coprococcus",0.87,0.89,0.85,89,85,8227,TRUE,TRUE,TRUE,FALSE,TRUE,TRUE,TRUE,"ok","ok","",""
"BaxterE_2016","Baxter 2016",71,"fourfold","Dorea",0.965,0.97,0.96,97,96,12583,TRUE,TRUE,TRUE,FALSE,TRUE,TRUE,TRUE,"ok","ok","",""
"BaxterE_2016","Baxter 2016",71,"fourfold","Escherichia/Shigella",0.73,0.69,0.77,69,77,5020,TRUE,TRUE,TRUE,FALSE,TRUE,TRUE,TRUE,"ok","ok","",""
"BaxterE_2016","Baxter 2016",71,"fourfold","Faecalibacterium",0.99,0.98,1,98,100,42221,TRUE,TRUE,TRUE,FALSE,TRUE,TRUE,TRUE,"ok","ok","",""
"BaxterE_2016","Baxter 2016",71,"fourfold","Gemmiger",0.76,0.78,0.74,78,74,9381,TRUE,TRUE,TRUE,FALSE,TRUE,TRUE,TRUE,"ok","ok","",""
"BaxterE_2016","Baxter 2016",71,"fourfold","Lachnospiracea_incertae_sedis",1,1,1,100,100,30540,TRUE,TRUE,FALSE,TRUE,TRUE,TRUE,TRUE,"no_observed_zeros","ok","",""
"BaxterE_2016","Baxter 2016",71,"fourfold","Methanobrevibacter",0.38,0.36,0.4,36,40,5992,TRUE,TRUE,TRUE,FALSE,TRUE,TRUE,TRUE,"ok","ok","",""
"BaxterE_2016","Baxter 2016",71,"fourfold","Oscillibacter",0.905,0.89,0.92,89,92,10500,TRUE,TRUE,TRUE,FALSE,TRUE,TRUE,TRUE,"ok","ok","",""
"BaxterE_2016","Baxter 2016",71,"fourfold","Parabacteroides",0.69,0.65,0.73,65,73,4947,TRUE,TRUE,TRUE,FALSE,TRUE,TRUE,TRUE,"ok","ok","",""
"BaxterE_2016","Baxter 2016",71,"fourfold","Phascolarctobacterium",0.635,0.59,0.68,59,68,7866,TRUE,TRUE,TRUE,FALSE,TRUE,TRUE,TRUE,"ok","ok","",""
"BaxterE_2016","Baxter 2016",71,"fourfold","Prevotella",0.375,0.37,0.38,37,38,14025,TRUE,TRUE,TRUE,FALSE,TRUE,TRUE,TRUE,"ok","ok","",""
"BaxterE_2016","Baxter 2016",71,"fourfold","Roseburia",0.98,0.98,0.98,98,98,30748,TRUE,TRUE,TRUE,FALSE,TRUE,TRUE,TRUE,"ok","ok","",""
"BaxterE_2016","Baxter 2016",71,"fourfold","Ruminococcus",0.87,0.86,0.88,86,88,24401,TRUE,TRUE,TRUE,FALSE,TRUE,TRUE,TRUE,"ok","ok","",""
"BaxterE_2016","Baxter 2016",71,"fourfold","Ruminococcus2",0.965,0.96,0.97,96,97,15272,TRUE,TRUE,TRUE,FALSE,TRUE,TRUE,TRUE,"ok","ok","",""
"BaxterE_2016","Baxter 2016",71,"fourfold","Streptococcus",0.845,0.8,0.89,80,89,5626,TRUE,TRUE,TRUE,FALSE,TRUE,TRUE,TRUE,"ok","ok","",""
"BaxterE_2016","Baxter 2016",71,"fourfold","Unclassified_Clostridiales",0.9,0.91,0.89,91,89,9839,TRUE,TRUE,TRUE,FALSE,TRUE,TRUE,TRUE,"ok","ok","",""
"BaxterE_2016","Baxter 2016",71,"fourfold","Unclassified_Lachnospiraceae",0.995,0.99,1,99,100,33908,TRUE,TRUE,TRUE,FALSE,TRUE,TRUE,TRUE,"ok","ok","",""
"BaxterE_2016","Baxter 2016",71,"fourfold","Unclassified_Ruminococcaceae",0.985,0.99,0.98,99,98,22376,TRUE,TRUE,TRUE,FALSE,TRUE,TRUE,TRUE,"ok","ok","",""
"BaxterE_2016","Baxter 2016",72,"balanced","Akkermansia",0.835,0.82,0.85,82,85,21952,TRUE,TRUE,TRUE,FALSE,TRUE,TRUE,TRUE,"ok","ok","",""
"BaxterE_2016","Baxter 2016",72,"balanced","Alistipes",0.92,0.89,0.95,89,95,25690,TRUE,TRUE,TRUE,FALSE,TRUE,TRUE,TRUE,"ok","ok","",""
"BaxterE_2016","Baxter 2016",72,"balanced","Anaerostipes",0.975,0.98,0.97,98,97,28361,TRUE,TRUE,TRUE,FALSE,TRUE,TRUE,TRUE,"ok","ok","",""
"BaxterE_2016","Baxter 2016",72,"balanced","Bacteroides",1,1,1,100,100,122338,TRUE,TRUE,FALSE,TRUE,TRUE,TRUE,TRUE,"no_observed_zeros","ok","",""
"BaxterE_2016","Baxter 2016",72,"balanced","Bifidobacterium",0.76,0.73,0.79,73,79,8755,TRUE,TRUE,TRUE,FALSE,TRUE,TRUE,TRUE,"ok","ok","",""
"BaxterE_2016","Baxter 2016",72,"balanced","Blautia",1,1,1,100,100,127273,TRUE,TRUE,FALSE,TRUE,TRUE,TRUE,TRUE,"no_observed_zeros","ok","",""
"BaxterE_2016","Baxter 2016",72,"balanced","Clostridium_IV",0.995,0.99,1,99,100,16558,TRUE,TRUE,TRUE,FALSE,TRUE,TRUE,TRUE,"ok","ok","",""
"BaxterE_2016","Baxter 2016",72,"balanced","Clostridium_sensu_stricto",0.765,0.79,0.74,79,74,8223,TRUE,TRUE,TRUE,FALSE,TRUE,TRUE,TRUE,"ok","ok","",""
"BaxterE_2016","Baxter 2016",72,"balanced","Clostridium_XI",0.845,0.87,0.82,87,82,8767,TRUE,TRUE,TRUE,FALSE,TRUE,TRUE,TRUE,"ok","ok","",""
"BaxterE_2016","Baxter 2016",72,"balanced","Clostridium_XlVa",1,1,1,100,100,15635,TRUE,TRUE,FALSE,TRUE,TRUE,TRUE,TRUE,"no_observed_zeros","ok","",""
"BaxterE_2016","Baxter 2016",72,"balanced","Clostridium_XVIII",0.885,0.91,0.86,91,86,4808,TRUE,TRUE,TRUE,FALSE,TRUE,TRUE,TRUE,"ok","ok","",""
"BaxterE_2016","Baxter 2016",72,"balanced","Collinsella",0.585,0.58,0.59,58,59,7475,TRUE,TRUE,TRUE,FALSE,TRUE,TRUE,TRUE,"ok","ok","",""
"BaxterE_2016","Baxter 2016",72,"balanced","Coprococcus",0.865,0.89,0.84,89,84,8889,TRUE,TRUE,TRUE,FALSE,TRUE,TRUE,TRUE,"ok","ok","",""
"BaxterE_2016","Baxter 2016",72,"balanced","Dorea",0.945,0.93,0.96,93,96,12964,TRUE,TRUE,TRUE,FALSE,TRUE,TRUE,TRUE,"ok","ok","",""
"BaxterE_2016","Baxter 2016",72,"balanced","Escherichia/Shigella",0.745,0.72,0.77,72,77,7068,TRUE,TRUE,TRUE,FALSE,TRUE,TRUE,TRUE,"ok","ok","",""
"BaxterE_2016","Baxter 2016",72,"balanced","Faecalibacterium",0.98,0.98,0.98,98,98,42636,TRUE,TRUE,TRUE,FALSE,TRUE,TRUE,TRUE,"ok","ok","",""
"BaxterE_2016","Baxter 2016",72,"balanced","Gemmiger",0.795,0.82,0.77,82,77,9002,TRUE,TRUE,TRUE,FALSE,TRUE,TRUE,TRUE,"ok","ok","",""
"BaxterE_2016","Baxter 2016",72,"balanced","Lachnospiracea_incertae_sedis",1,1,1,100,100,34585,TRUE,TRUE,FALSE,TRUE,TRUE,TRUE,TRUE,"no_observed_zeros","ok","",""
"BaxterE_2016","Baxter 2016",72,"balanced","Methanobrevibacter",0.425,0.39,0.46,39,46,5624,TRUE,TRUE,TRUE,FALSE,TRUE,TRUE,TRUE,"ok","ok","",""
"BaxterE_2016","Baxter 2016",72,"balanced","Oscillibacter",0.92,0.91,0.93,91,93,9711,TRUE,TRUE,TRUE,FALSE,TRUE,TRUE,TRUE,"ok","ok","",""
"BaxterE_2016","Baxter 2016",72,"balanced","Parabacteroides",0.705,0.68,0.73,68,73,5640,TRUE,TRUE,TRUE,FALSE,TRUE,TRUE,TRUE,"ok","ok","",""
"BaxterE_2016","Baxter 2016",72,"balanced","Phascolarctobacterium",0.64,0.64,0.64,64,64,6965,TRUE,TRUE,TRUE,FALSE,TRUE,TRUE,TRUE,"ok","ok","",""
"BaxterE_2016","Baxter 2016",72,"balanced","Prevotella",0.385,0.33,0.44,33,44,11357,TRUE,TRUE,TRUE,FALSE,TRUE,TRUE,TRUE,"ok","ok","",""
"BaxterE_2016","Baxter 2016",72,"balanced","Roseburia",0.99,0.99,0.99,99,99,32163,TRUE,TRUE,TRUE,FALSE,TRUE,TRUE,TRUE,"ok","ok","",""
"BaxterE_2016","Baxter 2016",72,"balanced","Ruminococcus",0.87,0.83,0.91,83,91,23823,TRUE,TRUE,TRUE,FALSE,TRUE,TRUE,TRUE,"ok","ok","",""
"BaxterE_2016","Baxter 2016",72,"balanced","Ruminococcus2",0.99,0.99,0.99,99,99,17655,TRUE,TRUE,TRUE,FALSE,TRUE,TRUE,TRUE,"ok","ok","",""
"BaxterE_2016","Baxter 2016",72,"balanced","Streptococcus",0.87,0.91,0.83,91,83,5927,TRUE,TRUE,TRUE,FALSE,TRUE,TRUE,TRUE,"ok","ok","",""
"BaxterE_2016","Baxter 2016",72,"balanced","Unclassified_Clostridiales",0.915,0.94,0.89,94,89,10544,TRUE,TRUE,TRUE,FALSE,TRUE,TRUE,TRUE,"ok","ok","",""
"BaxterE_2016","Baxter 2016",72,"balanced","Unclassified_Lachnospiraceae",1,1,1,100,100,34600,TRUE,TRUE,FALSE,TRUE,TRUE,TRUE,TRUE,"no_observed_zeros","ok","",""
"BaxterE_2016","Baxter 2016",72,"balanced","Unclassified_Ruminococcaceae",0.99,0.99,0.99,99,99,23601,TRUE,TRUE,TRUE,FALSE,TRUE,TRUE,TRUE,"ok","ok","",""
"BaxterE_2016","Baxter 2016",72,"fourfold","Akkermansia",0.83,0.79,0.87,79,87,20559,TRUE,TRUE,TRUE,FALSE,TRUE,TRUE,TRUE,"ok","ok","",""
"BaxterE_2016","Baxter 2016",72,"fourfold","Alistipes",0.915,0.87,0.96,87,96,23322,TRUE,TRUE,TRUE,FALSE,TRUE,TRUE,TRUE,"ok","ok","",""
"BaxterE_2016","Baxter 2016",72,"fourfold","Anaerostipes",0.975,0.98,0.97,98,97,27246,TRUE,TRUE,TRUE,FALSE,TRUE,TRUE,TRUE,"ok","ok","",""
"BaxterE_2016","Baxter 2016",72,"fourfold","Bacteroides",1,1,1,100,100,118164,TRUE,TRUE,FALSE,TRUE,TRUE,TRUE,TRUE,"no_observed_zeros","ok","",""
"BaxterE_2016","Baxter 2016",72,"fourfold","Bifidobacterium",0.735,0.68,0.79,68,79,8182,TRUE,TRUE,TRUE,FALSE,TRUE,TRUE,TRUE,"ok","ok","",""
"BaxterE_2016","Baxter 2016",72,"fourfold","Blautia",1,1,1,100,100,112067,TRUE,TRUE,FALSE,TRUE,TRUE,TRUE,TRUE,"no_observed_zeros","ok","",""
"BaxterE_2016","Baxter 2016",72,"fourfold","Clostridium_IV",0.975,0.95,1,95,100,14154,TRUE,TRUE,TRUE,FALSE,TRUE,TRUE,TRUE,"ok","ok","",""
"BaxterE_2016","Baxter 2016",72,"fourfold","Clostridium_sensu_stricto",0.71,0.66,0.76,66,76,9206,TRUE,TRUE,TRUE,FALSE,TRUE,TRUE,TRUE,"ok","ok","",""
"BaxterE_2016","Baxter 2016",72,"fourfold","Clostridium_XI",0.765,0.68,0.85,68,85,9485,TRUE,TRUE,TRUE,FALSE,TRUE,TRUE,TRUE,"ok","ok","",""
"BaxterE_2016","Baxter 2016",72,"fourfold","Clostridium_XlVa",0.995,0.99,1,99,100,14061,TRUE,TRUE,TRUE,FALSE,TRUE,TRUE,TRUE,"ok","ok","",""
"BaxterE_2016","Baxter 2016",72,"fourfold","Clostridium_XVIII",0.88,0.84,0.92,84,92,4749,TRUE,TRUE,TRUE,FALSE,TRUE,TRUE,TRUE,"ok","ok","",""
"BaxterE_2016","Baxter 2016",72,"fourfold","Collinsella",0.61,0.58,0.64,58,64,6632,TRUE,TRUE,TRUE,FALSE,TRUE,TRUE,TRUE,"ok","ok","",""
"BaxterE_2016","Baxter 2016",72,"fourfold","Coprococcus",0.865,0.87,0.86,87,86,8435,TRUE,TRUE,TRUE,FALSE,TRUE,TRUE,TRUE,"ok","ok","",""
"BaxterE_2016","Baxter 2016",72,"fourfold","Dorea",0.95,0.94,0.96,94,96,12575,TRUE,TRUE,TRUE,FALSE,TRUE,TRUE,TRUE,"ok","ok","",""
"BaxterE_2016","Baxter 2016",72,"fourfold","Escherichia/Shigella",0.725,0.63,0.82,63,82,5826,TRUE,TRUE,TRUE,FALSE,TRUE,TRUE,TRUE,"ok","ok","",""
"BaxterE_2016","Baxter 2016",72,"fourfold","Faecalibacterium",0.99,0.99,0.99,99,99,41109,TRUE,TRUE,TRUE,FALSE,TRUE,TRUE,TRUE,"ok","ok","",""
"BaxterE_2016","Baxter 2016",72,"fourfold","Gemmiger",0.78,0.79,0.77,79,77,7330,TRUE,TRUE,TRUE,FALSE,TRUE,TRUE,TRUE,"ok","ok","",""
"BaxterE_2016","Baxter 2016",72,"fourfold","Lachnospiracea_incertae_sedis",1,1,1,100,100,29617,TRUE,TRUE,FALSE,TRUE,TRUE,TRUE,TRUE,"no_observed_zeros","ok","",""
"BaxterE_2016","Baxter 2016",72,"fourfold","Methanobrevibacter",0.415,0.31,0.52,31,52,6113,TRUE,TRUE,TRUE,FALSE,TRUE,TRUE,TRUE,"ok","ok","",""
"BaxterE_2016","Baxter 2016",72,"fourfold","Oscillibacter",0.885,0.86,0.91,86,91,10426,TRUE,TRUE,TRUE,FALSE,TRUE,TRUE,TRUE,"ok","ok","",""
"BaxterE_2016","Baxter 2016",72,"fourfold","Parabacteroides",0.69,0.62,0.76,62,76,5558,TRUE,TRUE,TRUE,FALSE,TRUE,TRUE,TRUE,"ok","ok","",""
"BaxterE_2016","Baxter 2016",72,"fourfold","Phascolarctobacterium",0.61,0.54,0.68,54,68,6967,TRUE,TRUE,TRUE,FALSE,TRUE,TRUE,TRUE,"ok","ok","",""
"BaxterE_2016","Baxter 2016",72,"fourfold","Prevotella",0.385,0.27,0.5,27,50,11348,TRUE,TRUE,TRUE,FALSE,TRUE,TRUE,TRUE,"ok","ok","",""
"BaxterE_2016","Baxter 2016",72,"fourfold","Roseburia",0.97,0.95,0.99,95,99,33756,TRUE,TRUE,TRUE,FALSE,TRUE,TRUE,TRUE,"ok","ok","",""
"BaxterE_2016","Baxter 2016",72,"fourfold","Ruminococcus",0.87,0.82,0.92,82,92,22042,TRUE,TRUE,TRUE,FALSE,TRUE,TRUE,TRUE,"ok","ok","",""
"BaxterE_2016","Baxter 2016",72,"fourfold","Ruminococcus2",0.98,0.98,0.98,98,98,15163,TRUE,TRUE,TRUE,FALSE,TRUE,TRUE,TRUE,"ok","ok","",""
"BaxterE_2016","Baxter 2016",72,"fourfold","Streptococcus",0.835,0.8,0.87,80,87,6532,TRUE,TRUE,TRUE,FALSE,TRUE,TRUE,TRUE,"ok","ok","",""
"BaxterE_2016","Baxter 2016",72,"fourfold","Unclassified_Clostridiales",0.9,0.9,0.9,90,90,10699,TRUE,TRUE,TRUE,FALSE,TRUE,TRUE,TRUE,"ok","ok","",""
"BaxterE_2016","Baxter 2016",72,"fourfold","Unclassified_Lachnospiraceae",1,1,1,100,100,33722,TRUE,TRUE,FALSE,TRUE,TRUE,TRUE,TRUE,"no_observed_zeros","ok","",""
"BaxterE_2016","Baxter 2016",72,"fourfold","Unclassified_Ruminococcaceae",0.97,0.94,1,94,100,22630,TRUE,TRUE,TRUE,FALSE,TRUE,TRUE,TRUE,"ok","ok","",""
"BaxterE_2016","Baxter 2016",73,"balanced","Akkermansia",0.855,0.85,0.86,85,86,22520,TRUE,TRUE,TRUE,FALSE,TRUE,TRUE,TRUE,"ok","ok","",""
"BaxterE_2016","Baxter 2016",73,"balanced","Alistipes",0.92,0.94,0.9,94,90,24452,TRUE,TRUE,TRUE,FALSE,TRUE,TRUE,TRUE,"ok","ok","",""
"BaxterE_2016","Baxter 2016",73,"balanced","Anaerostipes",0.985,0.98,0.99,98,99,33334,TRUE,TRUE,TRUE,FALSE,TRUE,TRUE,TRUE,"ok","ok","",""
"BaxterE_2016","Baxter 2016",73,"balanced","Bacteroides",1,1,1,100,100,114274,TRUE,TRUE,FALSE,TRUE,TRUE,TRUE,TRUE,"no_observed_zeros","ok","",""
"BaxterE_2016","Baxter 2016",73,"balanced","Bifidobacterium",0.755,0.75,0.76,75,76,9180,TRUE,TRUE,TRUE,FALSE,TRUE,TRUE,TRUE,"ok","ok","",""
"BaxterE_2016","Baxter 2016",73,"balanced","Blautia",1,1,1,100,100,138101,TRUE,TRUE,FALSE,TRUE,TRUE,TRUE,TRUE,"no_observed_zeros","ok","",""
"BaxterE_2016","Baxter 2016",73,"balanced","Clostridium_IV",0.99,0.99,0.99,99,99,15117,TRUE,TRUE,TRUE,FALSE,TRUE,TRUE,TRUE,"ok","ok","",""
"BaxterE_2016","Baxter 2016",73,"balanced","Clostridium_sensu_stricto",0.735,0.75,0.72,75,72,8929,TRUE,TRUE,TRUE,FALSE,TRUE,TRUE,TRUE,"ok","ok","",""
"BaxterE_2016","Baxter 2016",73,"balanced","Clostridium_XI",0.845,0.84,0.85,84,85,9334,TRUE,TRUE,TRUE,FALSE,TRUE,TRUE,TRUE,"ok","ok","",""
"BaxterE_2016","Baxter 2016",73,"balanced","Clostridium_XlVa",1,1,1,100,100,16463,TRUE,TRUE,FALSE,TRUE,TRUE,TRUE,TRUE,"no_observed_zeros","ok","",""
"BaxterE_2016","Baxter 2016",73,"balanced","Clostridium_XVIII",0.9,0.89,0.91,89,91,5880,TRUE,TRUE,TRUE,FALSE,TRUE,TRUE,TRUE,"ok","ok","",""
"BaxterE_2016","Baxter 2016",73,"balanced","Collinsella",0.625,0.64,0.61,64,61,7753,TRUE,TRUE,TRUE,FALSE,TRUE,TRUE,TRUE,"ok","ok","",""
"BaxterE_2016","Baxter 2016",73,"balanced","Coprococcus",0.87,0.84,0.9,84,90,9172,TRUE,TRUE,TRUE,FALSE,TRUE,TRUE,TRUE,"ok","ok","",""
"BaxterE_2016","Baxter 2016",73,"balanced","Dorea",0.95,0.96,0.94,96,94,14215,TRUE,TRUE,TRUE,FALSE,TRUE,TRUE,TRUE,"ok","ok","",""
"BaxterE_2016","Baxter 2016",73,"balanced","Escherichia/Shigella",0.745,0.77,0.72,77,72,7115,TRUE,TRUE,TRUE,FALSE,TRUE,TRUE,TRUE,"ok","ok","",""
"BaxterE_2016","Baxter 2016",73,"balanced","Faecalibacterium",0.995,0.99,1,99,100,44892,TRUE,TRUE,TRUE,FALSE,TRUE,TRUE,TRUE,"ok","ok","",""
"BaxterE_2016","Baxter 2016",73,"balanced","Gemmiger",0.78,0.78,0.78,78,78,9134,TRUE,TRUE,TRUE,FALSE,TRUE,TRUE,TRUE,"ok","ok","",""
"BaxterE_2016","Baxter 2016",73,"balanced","Lachnospiracea_incertae_sedis",1,1,1,100,100,39656,TRUE,TRUE,FALSE,TRUE,TRUE,TRUE,TRUE,"no_observed_zeros","ok","",""
"BaxterE_2016","Baxter 2016",73,"balanced","Methanobrevibacter",0.415,0.42,0.41,42,41,6348,TRUE,TRUE,TRUE,FALSE,TRUE,TRUE,TRUE,"ok","ok","",""
"BaxterE_2016","Baxter 2016",73,"balanced","Oscillibacter",0.895,0.86,0.93,86,93,10319,TRUE,TRUE,TRUE,FALSE,TRUE,TRUE,TRUE,"ok","ok","",""
"BaxterE_2016","Baxter 2016",73,"balanced","Parabacteroides",0.72,0.7,0.74,70,74,4909,TRUE,TRUE,TRUE,FALSE,TRUE,TRUE,TRUE,"ok","ok","",""
"BaxterE_2016","Baxter 2016",73,"balanced","Phascolarctobacterium",0.655,0.68,0.63,68,63,7187,TRUE,TRUE,TRUE,FALSE,TRUE,TRUE,TRUE,"ok","ok","",""
"BaxterE_2016","Baxter 2016",73,"balanced","Prevotella",0.36,0.35,0.37,35,37,13376,TRUE,TRUE,TRUE,FALSE,TRUE,TRUE,TRUE,"ok","ok","",""
"BaxterE_2016","Baxter 2016",73,"balanced","Roseburia",0.985,0.98,0.99,98,99,33040,TRUE,TRUE,TRUE,FALSE,TRUE,TRUE,TRUE,"ok","ok","",""
"BaxterE_2016","Baxter 2016",73,"balanced","Ruminococcus",0.9,0.88,0.92,88,92,25973,TRUE,TRUE,TRUE,FALSE,TRUE,TRUE,TRUE,"ok","ok","",""
"BaxterE_2016","Baxter 2016",73,"balanced","Ruminococcus2",0.975,0.96,0.99,96,99,17689,TRUE,TRUE,TRUE,FALSE,TRUE,TRUE,TRUE,"ok","ok","",""
"BaxterE_2016","Baxter 2016",73,"balanced","Streptococcus",0.855,0.81,0.9,81,90,6395,TRUE,TRUE,TRUE,FALSE,TRUE,TRUE,TRUE,"ok","ok","",""
"BaxterE_2016","Baxter 2016",73,"balanced","Unclassified_Clostridiales",0.925,0.92,0.93,92,93,11678,TRUE,TRUE,TRUE,FALSE,TRUE,TRUE,TRUE,"ok","ok","",""
"BaxterE_2016","Baxter 2016",73,"balanced","Unclassified_Lachnospiraceae",1,1,1,100,100,37920,TRUE,TRUE,FALSE,TRUE,TRUE,TRUE,TRUE,"no_observed_zeros","ok","",""
"BaxterE_2016","Baxter 2016",73,"balanced","Unclassified_Ruminococcaceae",0.975,0.96,0.99,96,99,24274,TRUE,TRUE,TRUE,FALSE,TRUE,TRUE,TRUE,"ok","ok","",""
"BaxterE_2016","Baxter 2016",73,"fourfold","Akkermansia",0.83,0.8,0.86,80,86,24303,TRUE,TRUE,TRUE,FALSE,TRUE,TRUE,TRUE,"ok","ok","",""
"BaxterE_2016","Baxter 2016",73,"fourfold","Alistipes",0.9,0.88,0.92,88,92,25740,TRUE,TRUE,TRUE,FALSE,TRUE,TRUE,TRUE,"ok","ok","",""
"BaxterE_2016","Baxter 2016",73,"fourfold","Anaerostipes",0.975,0.96,0.99,96,99,28637,TRUE,TRUE,TRUE,FALSE,TRUE,TRUE,TRUE,"ok","ok","",""
"BaxterE_2016","Baxter 2016",73,"fourfold","Bacteroides",1,1,1,100,100,123837,TRUE,TRUE,FALSE,TRUE,TRUE,TRUE,TRUE,"no_observed_zeros","ok","",""
"BaxterE_2016","Baxter 2016",73,"fourfold","Bifidobacterium",0.715,0.65,0.78,65,78,7736,TRUE,TRUE,TRUE,FALSE,TRUE,TRUE,TRUE,"ok","ok","",""
"BaxterE_2016","Baxter 2016",73,"fourfold","Blautia",1,1,1,100,100,121313,TRUE,TRUE,FALSE,TRUE,TRUE,TRUE,TRUE,"no_observed_zeros","ok","",""
"BaxterE_2016","Baxter 2016",73,"fourfold","Clostridium_IV",0.99,0.99,0.99,99,99,15067,TRUE,TRUE,TRUE,FALSE,TRUE,TRUE,TRUE,"ok","ok","",""
"BaxterE_2016","Baxter 2016",73,"fourfold","Clostridium_sensu_stricto",0.745,0.64,0.85,64,85,8770,TRUE,TRUE,TRUE,FALSE,TRUE,TRUE,TRUE,"ok","ok","",""
"BaxterE_2016","Baxter 2016",73,"fourfold","Clostridium_XI",0.815,0.76,0.87,76,87,9491,TRUE,TRUE,TRUE,FALSE,TRUE,TRUE,TRUE,"ok","ok","",""
"BaxterE_2016","Baxter 2016",73,"fourfold","Clostridium_XlVa",1,1,1,100,100,15661,TRUE,TRUE,FALSE,TRUE,TRUE,TRUE,TRUE,"no_observed_zeros","ok","",""
"BaxterE_2016","Baxter 2016",73,"fourfold","Clostridium_XVIII",0.875,0.82,0.93,82,93,5234,TRUE,TRUE,TRUE,FALSE,TRUE,TRUE,TRUE,"ok","ok","",""
"BaxterE_2016","Baxter 2016",73,"fourfold","Collinsella",0.6,0.62,0.58,62,58,7210,TRUE,TRUE,TRUE,FALSE,TRUE,TRUE,TRUE,"ok","ok","",""
"BaxterE_2016","Baxter 2016",73,"fourfold","Coprococcus",0.86,0.81,0.91,81,91,9509,TRUE,TRUE,TRUE,FALSE,TRUE,TRUE,TRUE,"ok","ok","",""
"BaxterE_2016","Baxter 2016",73,"fourfold","Dorea",0.95,0.92,0.98,92,98,13044,TRUE,TRUE,TRUE,FALSE,TRUE,TRUE,TRUE,"ok","ok","",""
"BaxterE_2016","Baxter 2016",73,"fourfold","Escherichia/Shigella",0.725,0.67,0.78,67,78,5509,TRUE,TRUE,TRUE,FALSE,TRUE,TRUE,TRUE,"ok","ok","",""
"BaxterE_2016","Baxter 2016",73,"fourfold","Faecalibacterium",0.985,0.99,0.98,99,98,43144,TRUE,TRUE,TRUE,FALSE,TRUE,TRUE,TRUE,"ok","ok","",""
"BaxterE_2016","Baxter 2016",73,"fourfold","Gemmiger",0.78,0.76,0.8,76,80,9302,TRUE,TRUE,TRUE,FALSE,TRUE,TRUE,TRUE,"ok","ok","",""
"BaxterE_2016","Baxter 2016",73,"fourfold","Lachnospiracea_incertae_sedis",1,1,1,100,100,27804,TRUE,TRUE,FALSE,TRUE,TRUE,TRUE,TRUE,"no_observed_zeros","ok","",""
"BaxterE_2016","Baxter 2016",73,"fourfold","Methanobrevibacter",0.39,0.38,0.4,38,40,6057,TRUE,TRUE,TRUE,FALSE,TRUE,TRUE,TRUE,"ok","ok","",""
"BaxterE_2016","Baxter 2016",73,"fourfold","Oscillibacter",0.87,0.82,0.92,82,92,9915,TRUE,TRUE,TRUE,FALSE,TRUE,TRUE,TRUE,"ok","ok","",""
"BaxterE_2016","Baxter 2016",73,"fourfold","Parabacteroides",0.705,0.67,0.74,67,74,6203,TRUE,TRUE,TRUE,FALSE,TRUE,TRUE,TRUE,"ok","ok","",""
"BaxterE_2016","Baxter 2016",73,"fourfold","Phascolarctobacterium",0.61,0.59,0.63,59,63,7185,TRUE,TRUE,TRUE,FALSE,TRUE,TRUE,TRUE,"ok","ok","",""
"BaxterE_2016","Baxter 2016",73,"fourfold","Prevotella",0.34,0.27,0.41,27,41,12339,TRUE,TRUE,TRUE,FALSE,TRUE,TRUE,TRUE,"ok","ok","",""
"BaxterE_2016","Baxter 2016",73,"fourfold","Roseburia",0.98,0.97,0.99,97,99,32070,TRUE,TRUE,TRUE,FALSE,TRUE,TRUE,TRUE,"ok","ok","",""
"BaxterE_2016","Baxter 2016",73,"fourfold","Ruminococcus",0.875,0.87,0.88,87,88,22154,TRUE,TRUE,TRUE,FALSE,TRUE,TRUE,TRUE,"ok","ok","",""
"BaxterE_2016","Baxter 2016",73,"fourfold","Ruminococcus2",0.975,0.95,1,95,100,15113,TRUE,TRUE,TRUE,FALSE,TRUE,TRUE,TRUE,"ok","ok","",""
"BaxterE_2016","Baxter 2016",73,"fourfold","Streptococcus",0.815,0.72,0.91,72,91,6255,TRUE,TRUE,TRUE,FALSE,TRUE,TRUE,TRUE,"ok","ok","",""
"BaxterE_2016","Baxter 2016",73,"fourfold","Unclassified_Clostridiales",0.905,0.88,0.93,88,93,10219,TRUE,TRUE,TRUE,FALSE,TRUE,TRUE,TRUE,"ok","ok","",""
"BaxterE_2016","Baxter 2016",73,"fourfold","Unclassified_Lachnospiraceae",0.995,0.99,1,99,100,36006,TRUE,TRUE,TRUE,FALSE,TRUE,TRUE,TRUE,"ok","ok","",""
"BaxterE_2016","Baxter 2016",73,"fourfold","Unclassified_Ruminococcaceae",0.975,0.95,1,95,100,21566,TRUE,TRUE,TRUE,FALSE,TRUE,TRUE,TRUE,"ok","ok","",""
"BaxterE_2016","Baxter 2016",74,"balanced","Akkermansia",0.84,0.8,0.88,80,88,24248,TRUE,TRUE,TRUE,FALSE,TRUE,TRUE,TRUE,"ok","ok","",""
"BaxterE_2016","Baxter 2016",74,"balanced","Alistipes",0.92,0.89,0.95,89,95,24791,TRUE,TRUE,TRUE,FALSE,TRUE,TRUE,TRUE,"ok","ok","",""
"BaxterE_2016","Baxter 2016",74,"balanced","Anaerostipes",0.975,0.98,0.97,98,97,27249,TRUE,TRUE,TRUE,FALSE,TRUE,TRUE,TRUE,"ok","ok","",""
"BaxterE_2016","Baxter 2016",74,"balanced","Bacteroides",1,1,1,100,100,119690,TRUE,TRUE,FALSE,TRUE,TRUE,TRUE,TRUE,"no_observed_zeros","ok","",""
"BaxterE_2016","Baxter 2016",74,"balanced","Bifidobacterium",0.74,0.76,0.72,76,72,8757,TRUE,TRUE,TRUE,FALSE,TRUE,TRUE,TRUE,"ok","ok","",""
"BaxterE_2016","Baxter 2016",74,"balanced","Blautia",1,1,1,100,100,121370,TRUE,TRUE,FALSE,TRUE,TRUE,TRUE,TRUE,"no_observed_zeros","ok","",""
"BaxterE_2016","Baxter 2016",74,"balanced","Clostridium_IV",0.99,0.98,1,98,100,15234,TRUE,TRUE,TRUE,FALSE,TRUE,TRUE,TRUE,"ok","ok","",""
"BaxterE_2016","Baxter 2016",74,"balanced","Clostridium_sensu_stricto",0.74,0.71,0.77,71,77,9652,TRUE,TRUE,TRUE,FALSE,TRUE,TRUE,TRUE,"ok","ok","",""
"BaxterE_2016","Baxter 2016",74,"balanced","Clostridium_XI",0.85,0.81,0.89,81,89,9381,TRUE,TRUE,TRUE,FALSE,TRUE,TRUE,TRUE,"ok","ok","",""
"BaxterE_2016","Baxter 2016",74,"balanced","Clostridium_XlVa",1,1,1,100,100,15665,TRUE,TRUE,FALSE,TRUE,TRUE,TRUE,TRUE,"no_observed_zeros","ok","",""
"BaxterE_2016","Baxter 2016",74,"balanced","Clostridium_XVIII",0.9,0.87,0.93,87,93,4425,TRUE,TRUE,TRUE,FALSE,TRUE,TRUE,TRUE,"ok","ok","",""
"BaxterE_2016","Baxter 2016",74,"balanced","Collinsella",0.615,0.6,0.63,60,63,8149,TRUE,TRUE,TRUE,FALSE,TRUE,TRUE,TRUE,"ok","ok","",""
"BaxterE_2016","Baxter 2016",74,"balanced","Coprococcus",0.87,0.86,0.88,86,88,8975,TRUE,TRUE,TRUE,FALSE,TRUE,TRUE,TRUE,"ok","ok","",""
"BaxterE_2016","Baxter 2016",74,"balanced","Dorea",0.97,0.98,0.96,98,96,13382,TRUE,TRUE,TRUE,FALSE,TRUE,TRUE,TRUE,"ok","ok","",""
"BaxterE_2016","Baxter 2016",74,"balanced","Escherichia/Shigella",0.78,0.75,0.81,75,81,8936,TRUE,TRUE,FALSE,TRUE,TRUE,TRUE,TRUE,"structural_absence_boundary_at_zero","ok","",""
"BaxterE_2016","Baxter 2016",74,"balanced","Faecalibacterium",0.985,0.98,0.99,98,99,43578,TRUE,TRUE,TRUE,FALSE,TRUE,TRUE,TRUE,"ok","ok","",""
"BaxterE_2016","Baxter 2016",74,"balanced","Gemmiger",0.785,0.77,0.8,77,80,8878,TRUE,TRUE,TRUE,FALSE,TRUE,TRUE,TRUE,"ok","ok","",""
"BaxterE_2016","Baxter 2016",74,"balanced","Lachnospiracea_incertae_sedis",1,1,1,100,100,32537,TRUE,TRUE,FALSE,TRUE,TRUE,TRUE,TRUE,"no_observed_zeros","ok","",""
"BaxterE_2016","Baxter 2016",74,"balanced","Methanobrevibacter",0.425,0.37,0.48,37,48,8187,TRUE,TRUE,TRUE,FALSE,TRUE,TRUE,TRUE,"ok","ok","",""
"BaxterE_2016","Baxter 2016",74,"balanced","Oscillibacter",0.91,0.88,0.94,88,94,10630,TRUE,TRUE,TRUE,FALSE,TRUE,TRUE,TRUE,"ok","ok","",""
"BaxterE_2016","Baxter 2016",74,"balanced","Parabacteroides",0.72,0.77,0.67,77,67,5821,TRUE,TRUE,TRUE,FALSE,TRUE,TRUE,TRUE,"ok","ok","",""
"BaxterE_2016","Baxter 2016",74,"balanced","Phascolarctobacterium",0.645,0.66,0.63,66,63,7815,TRUE,TRUE,TRUE,FALSE,TRUE,TRUE,TRUE,"ok","ok","",""
"BaxterE_2016","Baxter 2016",74,"balanced","Prevotella",0.4,0.42,0.38,42,38,15996,TRUE,TRUE,TRUE,FALSE,TRUE,TRUE,TRUE,"ok","ok","",""
"BaxterE_2016","Baxter 2016",74,"balanced","Roseburia",0.985,0.98,0.99,98,99,32744,TRUE,TRUE,TRUE,FALSE,TRUE,TRUE,TRUE,"ok","ok","",""
"BaxterE_2016","Baxter 2016",74,"balanced","Ruminococcus",0.87,0.87,0.87,87,87,24429,TRUE,TRUE,TRUE,FALSE,TRUE,TRUE,TRUE,"ok","ok","",""
"BaxterE_2016","Baxter 2016",74,"balanced","Ruminococcus2",0.975,0.96,0.99,96,99,17251,TRUE,TRUE,TRUE,FALSE,TRUE,TRUE,TRUE,"ok","ok","",""
"BaxterE_2016","Baxter 2016",74,"balanced","Streptococcus",0.88,0.87,0.89,87,89,5730,TRUE,TRUE,TRUE,FALSE,TRUE,TRUE,TRUE,"ok","ok","",""
"BaxterE_2016","Baxter 2016",74,"balanced","Unclassified_Clostridiales",0.92,0.91,0.93,91,93,11013,TRUE,TRUE,TRUE,FALSE,TRUE,TRUE,TRUE,"ok","ok","",""
"BaxterE_2016","Baxter 2016",74,"balanced","Unclassified_Lachnospiraceae",1,1,1,100,100,37109,TRUE,TRUE,FALSE,TRUE,TRUE,TRUE,TRUE,"no_observed_zeros","ok","",""
"BaxterE_2016","Baxter 2016",74,"balanced","Unclassified_Ruminococcaceae",0.975,0.98,0.97,98,97,25736,TRUE,TRUE,TRUE,FALSE,TRUE,TRUE,TRUE,"ok","ok","",""
"BaxterE_2016","Baxter 2016",74,"fourfold","Akkermansia",0.84,0.77,0.91,77,91,24554,TRUE,TRUE,TRUE,FALSE,TRUE,TRUE,TRUE,"ok","ok","",""
"BaxterE_2016","Baxter 2016",74,"fourfold","Alistipes",0.915,0.87,0.96,87,96,26005,TRUE,TRUE,TRUE,FALSE,TRUE,TRUE,TRUE,"ok","ok","",""
"BaxterE_2016","Baxter 2016",74,"fourfold","Anaerostipes",0.99,0.99,0.99,99,99,26257,TRUE,TRUE,TRUE,FALSE,TRUE,TRUE,TRUE,"ok","ok","",""
"BaxterE_2016","Baxter 2016",74,"fourfold","Bacteroides",1,1,1,100,100,117197,TRUE,TRUE,FALSE,TRUE,TRUE,TRUE,TRUE,"no_observed_zeros","ok","",""
"BaxterE_2016","Baxter 2016",74,"fourfold","Bifidobacterium",0.735,0.7,0.77,70,77,8650,TRUE,TRUE,TRUE,FALSE,TRUE,TRUE,TRUE,"ok","ok","",""
"BaxterE_2016","Baxter 2016",74,"fourfold","Blautia",1,1,1,100,100,129937,TRUE,TRUE,FALSE,TRUE,TRUE,TRUE,TRUE,"no_observed_zeros","ok","",""
"BaxterE_2016","Baxter 2016",74,"fourfold","Clostridium_IV",0.98,0.97,0.99,97,99,16544,TRUE,TRUE,TRUE,FALSE,TRUE,TRUE,TRUE,"ok","ok","",""
"BaxterE_2016","Baxter 2016",74,"fourfold","Clostridium_sensu_stricto",0.75,0.67,0.83,67,83,7965,TRUE,TRUE,TRUE,FALSE,TRUE,TRUE,TRUE,"ok","ok","",""
"BaxterE_2016","Baxter 2016",74,"fourfold","Clostridium_XI",0.795,0.75,0.84,75,84,8650,TRUE,TRUE,TRUE,FALSE,TRUE,TRUE,TRUE,"ok","ok","",""
"BaxterE_2016","Baxter 2016",74,"fourfold","Clostridium_XlVa",0.99,0.98,1,98,100,15596,TRUE,TRUE,TRUE,FALSE,TRUE,TRUE,TRUE,"ok","ok","",""
"BaxterE_2016","Baxter 2016",74,"fourfold","Clostridium_XVIII",0.885,0.83,0.94,83,94,5298,TRUE,TRUE,TRUE,FALSE,TRUE,TRUE,TRUE,"ok","ok","",""
"BaxterE_2016","Baxter 2016",74,"fourfold","Collinsella",0.585,0.54,0.63,54,63,8398,TRUE,TRUE,TRUE,FALSE,TRUE,TRUE,TRUE,"ok","ok","",""
"BaxterE_2016","Baxter 2016",74,"fourfold","Coprococcus",0.855,0.83,0.88,83,88,9131,TRUE,TRUE,TRUE,FALSE,TRUE,TRUE,TRUE,"ok","ok","",""
"BaxterE_2016","Baxter 2016",74,"fourfold","Dorea",0.95,0.93,0.97,93,97,13022,TRUE,TRUE,TRUE,FALSE,TRUE,TRUE,TRUE,"ok","ok","",""
"BaxterE_2016","Baxter 2016",74,"fourfold","Escherichia/Shigella",0.725,0.66,0.79,66,79,6892,TRUE,TRUE,TRUE,FALSE,TRUE,TRUE,TRUE,"ok","ok","",""
"BaxterE_2016","Baxter 2016",74,"fourfold","Faecalibacterium",0.99,0.98,1,98,100,45859,TRUE,TRUE,TRUE,FALSE,TRUE,TRUE,TRUE,"ok","ok","",""
"BaxterE_2016","Baxter 2016",74,"fourfold","Gemmiger",0.775,0.75,0.8,75,80,8824,TRUE,TRUE,TRUE,FALSE,TRUE,TRUE,TRUE,"ok","ok","",""
"BaxterE_2016","Baxter 2016",74,"fourfold","Lachnospiracea_incertae_sedis",1,1,1,100,100,33054,TRUE,TRUE,FALSE,TRUE,TRUE,TRUE,TRUE,"no_observed_zeros","ok","",""
"BaxterE_2016","Baxter 2016",74,"fourfold","Methanobrevibacter",0.395,0.36,0.43,36,43,7474,TRUE,TRUE,TRUE,FALSE,TRUE,TRUE,TRUE,"ok","ok","",""
"BaxterE_2016","Baxter 2016",74,"fourfold","Oscillibacter",0.86,0.8,0.92,80,92,11290,TRUE,TRUE,TRUE,FALSE,TRUE,TRUE,TRUE,"ok","ok","",""
"BaxterE_2016","Baxter 2016",74,"fourfold","Parabacteroides",0.71,0.7,0.72,70,72,5526,TRUE,TRUE,TRUE,FALSE,TRUE,TRUE,TRUE,"ok","ok","",""
"BaxterE_2016","Baxter 2016",74,"fourfold","Phascolarctobacterium",0.63,0.6,0.66,60,66,7880,TRUE,TRUE,TRUE,FALSE,TRUE,TRUE,TRUE,"ok","ok","",""
"BaxterE_2016","Baxter 2016",74,"fourfold","Prevotella",0.37,0.36,0.38,36,38,11370,TRUE,TRUE,TRUE,FALSE,TRUE,TRUE,TRUE,"ok","ok","",""
"BaxterE_2016","Baxter 2016",74,"fourfold","Roseburia",0.98,0.97,0.99,97,99,34706,TRUE,TRUE,TRUE,FALSE,TRUE,TRUE,TRUE,"ok","ok","",""
"BaxterE_2016","Baxter 2016",74,"fourfold","Ruminococcus",0.885,0.85,0.92,85,92,28786,TRUE,TRUE,TRUE,FALSE,TRUE,TRUE,TRUE,"ok","ok","",""
"BaxterE_2016","Baxter 2016",74,"fourfold","Ruminococcus2",0.975,0.96,0.99,96,99,16517,TRUE,TRUE,TRUE,FALSE,TRUE,TRUE,TRUE,"ok","ok","",""
"BaxterE_2016","Baxter 2016",74,"fourfold","Streptococcus",0.81,0.75,0.87,75,87,4494,TRUE,TRUE,TRUE,FALSE,TRUE,TRUE,TRUE,"ok","ok","",""
"BaxterE_2016","Baxter 2016",74,"fourfold","Unclassified_Clostridiales",0.91,0.87,0.95,87,95,11052,TRUE,TRUE,TRUE,FALSE,TRUE,TRUE,TRUE,"ok","ok","",""
"BaxterE_2016","Baxter 2016",74,"fourfold","Unclassified_Lachnospiraceae",1,1,1,100,100,35806,TRUE,TRUE,FALSE,TRUE,TRUE,TRUE,TRUE,"no_observed_zeros","ok","",""
"BaxterE_2016","Baxter 2016",74,"fourfold","Unclassified_Ruminococcaceae",0.97,0.95,0.99,95,99,26438,TRUE,TRUE,TRUE,FALSE,TRUE,TRUE,TRUE,"ok","ok","",""
"BaxterE_2016","Baxter 2016",75,"balanced","Akkermansia",0.855,0.88,0.83,88,83,24063,TRUE,TRUE,TRUE,FALSE,TRUE,TRUE,TRUE,"ok","ok","",""
"BaxterE_2016","Baxter 2016",75,"balanced","Alistipes",0.915,0.92,0.91,92,91,27669,TRUE,TRUE,TRUE,FALSE,TRUE,TRUE,TRUE,"ok","ok","",""
"BaxterE_2016","Baxter 2016",75,"balanced","Anaerostipes",0.99,0.98,1,98,100,30279,TRUE,TRUE,TRUE,FALSE,TRUE,TRUE,TRUE,"ok","ok","",""
"BaxterE_2016","Baxter 2016",75,"balanced","Bacteroides",1,1,1,100,100,126180,TRUE,TRUE,FALSE,TRUE,TRUE,TRUE,TRUE,"no_observed_zeros","ok","",""
"BaxterE_2016","Baxter 2016",75,"balanced","Bifidobacterium",0.725,0.69,0.76,69,76,8645,TRUE,TRUE,TRUE,FALSE,TRUE,TRUE,TRUE,"ok","ok","",""
"BaxterE_2016","Baxter 2016",75,"balanced","Blautia",1,1,1,100,100,136337,TRUE,TRUE,FALSE,TRUE,TRUE,TRUE,TRUE,"no_observed_zeros","ok","",""
"BaxterE_2016","Baxter 2016",75,"balanced","Clostridium_IV",0.99,0.98,1,98,100,15369,TRUE,TRUE,TRUE,FALSE,TRUE,TRUE,TRUE,"ok","ok","",""
"BaxterE_2016","Baxter 2016",75,"balanced","Clostridium_sensu_stricto",0.75,0.74,0.76,74,76,9714,TRUE,TRUE,TRUE,FALSE,TRUE,TRUE,TRUE,"ok","ok","",""
"BaxterE_2016","Baxter 2016",75,"balanced","Clostridium_XI",0.825,0.79,0.86,79,86,9495,TRUE,TRUE,TRUE,FALSE,TRUE,TRUE,TRUE,"ok","ok","",""
"BaxterE_2016","Baxter 2016",75,"balanced","Clostridium_XlVa",1,1,1,100,100,16624,TRUE,TRUE,FALSE,TRUE,TRUE,TRUE,TRUE,"no_observed_zeros","ok","",""
"BaxterE_2016","Baxter 2016",75,"balanced","Clostridium_XVIII",0.925,0.94,0.91,94,91,5193,TRUE,TRUE,TRUE,FALSE,TRUE,TRUE,TRUE,"ok","ok","",""
"BaxterE_2016","Baxter 2016",75,"balanced","Collinsella",0.6,0.59,0.61,59,61,8042,TRUE,TRUE,TRUE,FALSE,TRUE,TRUE,TRUE,"ok","ok","",""
"BaxterE_2016","Baxter 2016",75,"balanced","Coprococcus",0.87,0.86,0.88,86,88,8788,TRUE,TRUE,TRUE,FALSE,TRUE,TRUE,TRUE,"ok","ok","",""
"BaxterE_2016","Baxter 2016",75,"balanced","Dorea",0.965,0.99,0.94,99,94,14779,TRUE,TRUE,TRUE,FALSE,TRUE,TRUE,TRUE,"ok","ok","",""
"BaxterE_2016","Baxter 2016",75,"balanced","Escherichia/Shigella",0.755,0.71,0.8,71,80,7474,TRUE,TRUE,TRUE,FALSE,TRUE,TRUE,TRUE,"ok","ok","",""
"BaxterE_2016","Baxter 2016",75,"balanced","Faecalibacterium",0.99,0.98,1,98,100,48589,TRUE,TRUE,TRUE,FALSE,TRUE,TRUE,TRUE,"ok","ok","",""
"BaxterE_2016","Baxter 2016",75,"balanced","Gemmiger",0.795,0.83,0.76,83,76,9681,TRUE,TRUE,TRUE,FALSE,TRUE,TRUE,TRUE,"ok","ok","",""
"BaxterE_2016","Baxter 2016",75,"balanced","Lachnospiracea_incertae_sedis",1,1,1,100,100,36948,TRUE,TRUE,FALSE,TRUE,TRUE,TRUE,TRUE,"no_observed_zeros","ok","",""
"BaxterE_2016","Baxter 2016",75,"balanced","Methanobrevibacter",0.425,0.43,0.42,43,42,5979,TRUE,TRUE,TRUE,FALSE,TRUE,TRUE,TRUE,"ok","ok","",""
"BaxterE_2016","Baxter 2016",75,"balanced","Oscillibacter",0.895,0.91,0.88,91,88,10678,TRUE,TRUE,TRUE,FALSE,TRUE,TRUE,TRUE,"ok","ok","",""
"BaxterE_2016","Baxter 2016",75,"balanced","Parabacteroides",0.71,0.71,0.71,71,71,5770,TRUE,TRUE,TRUE,FALSE,TRUE,TRUE,TRUE,"ok","ok","",""
"BaxterE_2016","Baxter 2016",75,"balanced","Phascolarctobacterium",0.645,0.61,0.68,61,68,8664,TRUE,TRUE,TRUE,FALSE,TRUE,TRUE,TRUE,"ok","ok","",""
"BaxterE_2016","Baxter 2016",75,"balanced","Prevotella",0.375,0.37,0.38,37,38,12735,TRUE,TRUE,TRUE,FALSE,TRUE,TRUE,TRUE,"ok","ok","",""
"BaxterE_2016","Baxter 2016",75,"balanced","Roseburia",0.985,0.99,0.98,99,98,36090,TRUE,TRUE,TRUE,FALSE,TRUE,TRUE,TRUE,"ok","ok","",""
"BaxterE_2016","Baxter 2016",75,"balanced","Ruminococcus",0.87,0.88,0.86,88,86,25843,TRUE,TRUE,TRUE,FALSE,TRUE,TRUE,TRUE,"ok","ok","",""
"BaxterE_2016","Baxter 2016",75,"balanced","Ruminococcus2",0.985,0.98,0.99,98,99,18755,TRUE,TRUE,TRUE,FALSE,TRUE,TRUE,TRUE,"ok","ok","",""
"BaxterE_2016","Baxter 2016",75,"balanced","Streptococcus",0.875,0.85,0.9,85,90,6108,TRUE,TRUE,TRUE,FALSE,TRUE,TRUE,TRUE,"ok","ok","",""
"BaxterE_2016","Baxter 2016",75,"balanced","Unclassified_Clostridiales",0.935,0.94,0.93,94,93,10975,TRUE,TRUE,TRUE,FALSE,TRUE,TRUE,TRUE,"ok","ok","",""
"BaxterE_2016","Baxter 2016",75,"balanced","Unclassified_Lachnospiraceae",1,1,1,100,100,37830,TRUE,TRUE,FALSE,TRUE,TRUE,TRUE,TRUE,"no_observed_zeros","ok","",""
"BaxterE_2016","Baxter 2016",75,"balanced","Unclassified_Ruminococcaceae",0.98,0.98,0.98,98,98,24377,TRUE,TRUE,TRUE,FALSE,TRUE,TRUE,TRUE,"ok","ok","",""
"BaxterE_2016","Baxter 2016",75,"fourfold","Akkermansia",0.82,0.8,0.84,80,84,22464,TRUE,TRUE,TRUE,FALSE,TRUE,TRUE,TRUE,"ok","ok","",""
"BaxterE_2016","Baxter 2016",75,"fourfold","Alistipes",0.91,0.9,0.92,90,92,23136,TRUE,TRUE,TRUE,FALSE,TRUE,TRUE,TRUE,"ok","ok","",""
"BaxterE_2016","Baxter 2016",75,"fourfold","Anaerostipes",0.98,0.97,0.99,97,99,28251,TRUE,TRUE,TRUE,FALSE,TRUE,TRUE,TRUE,"ok","ok","",""
"BaxterE_2016","Baxter 2016",75,"fourfold","Bacteroides",0.995,0.99,1,99,100,103774,TRUE,TRUE,TRUE,FALSE,TRUE,TRUE,TRUE,"ok","ok","",""
"BaxterE_2016","Baxter 2016",75,"fourfold","Bifidobacterium",0.715,0.66,0.77,66,77,8792,TRUE,TRUE,TRUE,FALSE,TRUE,TRUE,TRUE,"ok","ok","",""
"BaxterE_2016","Baxter 2016",75,"fourfold","Blautia",1,1,1,100,100,118801,TRUE,TRUE,FALSE,TRUE,TRUE,TRUE,TRUE,"no_observed_zeros","ok","",""
"BaxterE_2016","Baxter 2016",75,"fourfold","Clostridium_IV",0.98,0.96,1,96,100,16199,TRUE,TRUE,FALSE,TRUE,TRUE,TRUE,TRUE,"structural_absence_boundary_at_zero","ok","",""
"BaxterE_2016","Baxter 2016",75,"fourfold","Clostridium_sensu_stricto",0.685,0.63,0.74,63,74,7086,TRUE,TRUE,TRUE,FALSE,TRUE,TRUE,TRUE,"ok","ok","",""
"BaxterE_2016","Baxter 2016",75,"fourfold","Clostridium_XI",0.79,0.71,0.87,71,87,8116,TRUE,TRUE,TRUE,FALSE,TRUE,TRUE,TRUE,"ok","ok","",""
"BaxterE_2016","Baxter 2016",75,"fourfold","Clostridium_XlVa",1,1,1,100,100,14598,TRUE,TRUE,FALSE,TRUE,TRUE,TRUE,TRUE,"no_observed_zeros","ok","",""
"BaxterE_2016","Baxter 2016",75,"fourfold","Clostridium_XVIII",0.855,0.81,0.9,81,90,5117,TRUE,TRUE,TRUE,FALSE,TRUE,TRUE,TRUE,"ok","ok","",""
"BaxterE_2016","Baxter 2016",75,"fourfold","Collinsella",0.59,0.58,0.6,58,60,7096,TRUE,TRUE,TRUE,FALSE,TRUE,TRUE,TRUE,"ok","ok","",""
"BaxterE_2016","Baxter 2016",75,"fourfold","Coprococcus",0.86,0.84,0.88,84,88,7967,TRUE,TRUE,TRUE,FALSE,TRUE,TRUE,TRUE,"ok","ok","",""
"BaxterE_2016","Baxter 2016",75,"fourfold","Dorea",0.955,0.96,0.95,96,95,11996,TRUE,TRUE,TRUE,FALSE,TRUE,TRUE,TRUE,"ok","ok","",""
"BaxterE_2016","Baxter 2016",75,"fourfold","Escherichia/Shigella",0.7,0.6,0.8,60,80,5412,TRUE,TRUE,TRUE,FALSE,TRUE,TRUE,TRUE,"ok","ok","",""
"BaxterE_2016","Baxter 2016",75,"fourfold","Faecalibacterium",0.99,0.98,1,98,100,43132,TRUE,TRUE,TRUE,FALSE,TRUE,TRUE,TRUE,"ok","ok","",""
"BaxterE_2016","Baxter 2016",75,"fourfold","Gemmiger",0.785,0.78,0.79,78,79,8661,TRUE,TRUE,TRUE,FALSE,TRUE,TRUE,TRUE,"ok","ok","",""
"BaxterE_2016","Baxter 2016",75,"fourfold","Lachnospiracea_incertae_sedis",1,1,1,100,100,29394,TRUE,TRUE,FALSE,TRUE,TRUE,TRUE,TRUE,"no_observed_zeros","ok","",""
"BaxterE_2016","Baxter 2016",75,"fourfold","Methanobrevibacter",0.395,0.36,0.43,36,43,4680,TRUE,TRUE,TRUE,FALSE,TRUE,TRUE,TRUE,"ok","ok","",""
"BaxterE_2016","Baxter 2016",75,"fourfold","Oscillibacter",0.87,0.85,0.89,85,89,8743,TRUE,TRUE,TRUE,FALSE,TRUE,TRUE,TRUE,"ok","ok","",""
"BaxterE_2016","Baxter 2016",75,"fourfold","Parabacteroides",0.71,0.65,0.77,65,77,5118,TRUE,TRUE,TRUE,FALSE,TRUE,TRUE,TRUE,"ok","ok","",""
"BaxterE_2016","Baxter 2016",75,"fourfold","Phascolarctobacterium",0.66,0.61,0.71,61,71,6729,TRUE,TRUE,TRUE,FALSE,TRUE,TRUE,TRUE,"ok","ok","",""
"BaxterE_2016","Baxter 2016",75,"fourfold","Prevotella",0.34,0.33,0.35,33,35,12051,TRUE,TRUE,TRUE,FALSE,TRUE,TRUE,TRUE,"ok","ok","",""
"BaxterE_2016","Baxter 2016",75,"fourfold","Roseburia",0.97,0.96,0.98,96,98,33266,TRUE,TRUE,TRUE,FALSE,TRUE,TRUE,TRUE,"ok","ok","",""
"BaxterE_2016","Baxter 2016",75,"fourfold","Ruminococcus",0.86,0.8,0.92,80,92,23568,TRUE,TRUE,TRUE,FALSE,TRUE,TRUE,TRUE,"ok","ok","",""
"BaxterE_2016","Baxter 2016",75,"fourfold","Ruminococcus2",0.975,0.97,0.98,97,98,16598,TRUE,TRUE,TRUE,FALSE,TRUE,TRUE,TRUE,"ok","ok","",""
"BaxterE_2016","Baxter 2016",75,"fourfold","Streptococcus",0.835,0.78,0.89,78,89,5934,TRUE,TRUE,TRUE,FALSE,TRUE,TRUE,TRUE,"ok","ok","",""
"BaxterE_2016","Baxter 2016",75,"fourfold","Unclassified_Clostridiales",0.895,0.89,0.9,89,90,9406,TRUE,TRUE,TRUE,FALSE,TRUE,TRUE,TRUE,"ok","ok","",""
"BaxterE_2016","Baxter 2016",75,"fourfold","Unclassified_Lachnospiraceae",1,1,1,100,100,33772,TRUE,TRUE,FALSE,TRUE,TRUE,TRUE,TRUE,"no_observed_zeros","ok","",""
"BaxterE_2016","Baxter 2016",75,"fourfold","Unclassified_Ruminococcaceae",0.985,0.98,0.99,98,99,21046,TRUE,TRUE,TRUE,FALSE,TRUE,TRUE,TRUE,"ok","ok","",""
"BaxterE_2016","Baxter 2016",76,"balanced","Akkermansia",0.8,0.82,0.78,82,78,24180,TRUE,TRUE,TRUE,FALSE,TRUE,TRUE,TRUE,"ok","ok","",""
"BaxterE_2016","Baxter 2016",76,"balanced","Alistipes",0.92,0.92,0.92,92,92,28221,TRUE,TRUE,TRUE,FALSE,TRUE,TRUE,TRUE,"ok","ok","",""
"BaxterE_2016","Baxter 2016",76,"balanced","Anaerostipes",0.98,0.97,0.99,97,99,31827,TRUE,TRUE,TRUE,FALSE,TRUE,TRUE,TRUE,"ok","ok","",""
"BaxterE_2016","Baxter 2016",76,"balanced","Bacteroides",1,1,1,100,100,134741,TRUE,TRUE,FALSE,TRUE,TRUE,TRUE,TRUE,"no_observed_zeros","ok","",""
"BaxterE_2016","Baxter 2016",76,"balanced","Bifidobacterium",0.745,0.71,0.78,71,78,8192,TRUE,TRUE,TRUE,FALSE,TRUE,TRUE,TRUE,"ok","ok","",""
"BaxterE_2016","Baxter 2016",76,"balanced","Blautia",1,1,1,100,100,135488,TRUE,TRUE,FALSE,TRUE,TRUE,TRUE,TRUE,"no_observed_zeros","ok","",""
"BaxterE_2016","Baxter 2016",76,"balanced","Clostridium_IV",0.99,1,0.98,100,98,14993,TRUE,TRUE,TRUE,FALSE,TRUE,TRUE,TRUE,"ok","ok","",""
"BaxterE_2016","Baxter 2016",76,"balanced","Clostridium_sensu_stricto",0.72,0.7,0.74,70,74,9366,TRUE,TRUE,TRUE,FALSE,TRUE,TRUE,TRUE,"ok","ok","",""
"BaxterE_2016","Baxter 2016",76,"balanced","Clostridium_XI",0.84,0.8,0.88,80,88,9153,TRUE,TRUE,TRUE,FALSE,TRUE,TRUE,TRUE,"ok","ok","",""
"BaxterE_2016","Baxter 2016",76,"balanced","Clostridium_XlVa",1,1,1,100,100,16560,TRUE,TRUE,FALSE,TRUE,TRUE,TRUE,TRUE,"no_observed_zeros","ok","",""
"BaxterE_2016","Baxter 2016",76,"balanced","Clostridium_XVIII",0.92,0.93,0.91,93,91,5153,TRUE,TRUE,TRUE,FALSE,TRUE,TRUE,TRUE,"ok","ok","",""
"BaxterE_2016","Baxter 2016",76,"balanced","Collinsella",0.595,0.66,0.53,66,53,7880,TRUE,TRUE,TRUE,FALSE,TRUE,TRUE,TRUE,"ok","ok","",""
"BaxterE_2016","Baxter 2016",76,"balanced","Coprococcus",0.875,0.88,0.87,88,87,9362,TRUE,TRUE,TRUE,FALSE,TRUE,TRUE,TRUE,"ok","ok","",""
"BaxterE_2016","Baxter 2016",76,"balanced","Dorea",0.945,0.94,0.95,94,95,14752,TRUE,TRUE,TRUE,FALSE,TRUE,TRUE,TRUE,"ok","ok","",""
"BaxterE_2016","Baxter 2016",76,"balanced","Escherichia/Shigella",0.77,0.78,0.76,78,76,7135,TRUE,TRUE,TRUE,FALSE,TRUE,TRUE,TRUE,"ok","ok","",""
"BaxterE_2016","Baxter 2016",76,"balanced","Faecalibacterium",0.98,0.98,0.98,98,98,50210,TRUE,TRUE,TRUE,FALSE,TRUE,TRUE,TRUE,"ok","ok","",""
"BaxterE_2016","Baxter 2016",76,"balanced","Gemmiger",0.81,0.79,0.83,79,83,9987,TRUE,TRUE,TRUE,FALSE,TRUE,TRUE,TRUE,"ok","ok","",""
"BaxterE_2016","Baxter 2016",76,"balanced","Lachnospiracea_incertae_sedis",1,1,1,100,100,34210,TRUE,TRUE,FALSE,TRUE,TRUE,TRUE,TRUE,"no_observed_zeros","ok","",""
"BaxterE_2016","Baxter 2016",76,"balanced","Methanobrevibacter",0.4,0.45,0.35,45,35,6515,TRUE,TRUE,TRUE,FALSE,TRUE,TRUE,TRUE,"ok","ok","",""
"BaxterE_2016","Baxter 2016",76,"balanced","Oscillibacter",0.895,0.95,0.84,95,84,11132,TRUE,TRUE,TRUE,FALSE,TRUE,TRUE,TRUE,"ok","ok","",""
"BaxterE_2016","Baxter 2016",76,"balanced","Parabacteroides",0.725,0.72,0.73,72,73,5784,TRUE,TRUE,TRUE,FALSE,TRUE,TRUE,TRUE,"ok","ok","",""
"BaxterE_2016","Baxter 2016",76,"balanced","Phascolarctobacterium",0.67,0.68,0.66,68,66,8390,TRUE,TRUE,TRUE,FALSE,TRUE,TRUE,TRUE,"ok","ok","",""
"BaxterE_2016","Baxter 2016",76,"balanced","Prevotella",0.345,0.39,0.3,39,30,14347,TRUE,TRUE,TRUE,FALSE,TRUE,TRUE,TRUE,"ok","ok","",""
"BaxterE_2016","Baxter 2016",76,"balanced","Roseburia",0.985,1,0.97,100,97,38096,TRUE,TRUE,TRUE,FALSE,TRUE,TRUE,TRUE,"ok","ok","",""
"BaxterE_2016","Baxter 2016",76,"balanced","Ruminococcus",0.895,0.92,0.87,92,87,26496,TRUE,TRUE,TRUE,FALSE,TRUE,TRUE,TRUE,"ok","ok","",""
"BaxterE_2016","Baxter 2016",76,"balanced","Ruminococcus2",0.985,0.99,0.98,99,98,19133,TRUE,TRUE,TRUE,FALSE,TRUE,TRUE,TRUE,"ok","ok","",""
"BaxterE_2016","Baxter 2016",76,"balanced","Streptococcus",0.85,0.85,0.85,85,85,7153,TRUE,TRUE,TRUE,FALSE,TRUE,TRUE,TRUE,"ok","ok","",""
"BaxterE_2016","Baxter 2016",76,"balanced","Unclassified_Clostridiales",0.94,0.97,0.91,97,91,11565,TRUE,TRUE,TRUE,FALSE,TRUE,TRUE,TRUE,"ok","ok","",""
"BaxterE_2016","Baxter 2016",76,"balanced","Unclassified_Lachnospiraceae",1,1,1,100,100,39024,TRUE,TRUE,FALSE,TRUE,TRUE,TRUE,TRUE,"no_observed_zeros","ok","",""
"BaxterE_2016","Baxter 2016",76,"balanced","Unclassified_Ruminococcaceae",0.985,1,0.97,100,97,26344,TRUE,TRUE,TRUE,FALSE,TRUE,TRUE,TRUE,"ok","ok","",""
"BaxterE_2016","Baxter 2016",76,"fourfold","Akkermansia",0.83,0.81,0.85,81,85,23705,TRUE,TRUE,TRUE,FALSE,TRUE,TRUE,TRUE,"ok","ok","",""
"BaxterE_2016","Baxter 2016",76,"fourfold","Alistipes",0.905,0.89,0.92,89,92,24054,TRUE,TRUE,TRUE,FALSE,TRUE,TRUE,TRUE,"ok","ok","",""
"BaxterE_2016","Baxter 2016",76,"fourfold","Anaerostipes",0.975,0.96,0.99,96,99,28571,TRUE,TRUE,TRUE,FALSE,TRUE,TRUE,TRUE,"ok","ok","",""
"BaxterE_2016","Baxter 2016",76,"fourfold","Bacteroides",1,1,1,100,100,129795,TRUE,TRUE,FALSE,TRUE,TRUE,TRUE,TRUE,"no_observed_zeros","ok","",""
"BaxterE_2016","Baxter 2016",76,"fourfold","Bifidobacterium",0.705,0.68,0.73,68,73,8138,TRUE,TRUE,TRUE,FALSE,TRUE,TRUE,TRUE,"ok","ok","",""
"BaxterE_2016","Baxter 2016",76,"fourfold","Blautia",1,1,1,100,100,127961,TRUE,TRUE,FALSE,TRUE,TRUE,TRUE,TRUE,"no_observed_zeros","ok","",""
"BaxterE_2016","Baxter 2016",76,"fourfold","Clostridium_IV",0.99,0.99,0.99,99,99,13789,TRUE,TRUE,TRUE,FALSE,TRUE,TRUE,TRUE,"ok","ok","",""
"BaxterE_2016","Baxter 2016",76,"fourfold","Clostridium_sensu_stricto",0.705,0.65,0.76,65,76,11377,TRUE,TRUE,TRUE,FALSE,TRUE,TRUE,TRUE,"ok","ok","",""
"BaxterE_2016","Baxter 2016",76,"fourfold","Clostridium_XI",0.835,0.79,0.88,79,88,9750,TRUE,TRUE,TRUE,FALSE,TRUE,TRUE,TRUE,"ok","ok","",""
"BaxterE_2016","Baxter 2016",76,"fourfold","Clostridium_XlVa",1,1,1,100,100,14956,TRUE,TRUE,FALSE,TRUE,TRUE,TRUE,TRUE,"no_observed_zeros","ok","",""
"BaxterE_2016","Baxter 2016",76,"fourfold","Clostridium_XVIII",0.87,0.83,0.91,83,91,5768,TRUE,TRUE,TRUE,FALSE,TRUE,TRUE,TRUE,"ok","ok","",""
"BaxterE_2016","Baxter 2016",76,"fourfold","Collinsella",0.58,0.59,0.57,59,57,7587,TRUE,TRUE,TRUE,FALSE,TRUE,TRUE,TRUE,"ok","ok","",""
"BaxterE_2016","Baxter 2016",76,"fourfold","Coprococcus",0.85,0.84,0.86,84,86,9163,TRUE,TRUE,TRUE,FALSE,TRUE,TRUE,TRUE,"ok","ok","",""
"BaxterE_2016","Baxter 2016",76,"fourfold","Dorea",0.95,0.95,0.95,95,95,13588,TRUE,TRUE,TRUE,FALSE,TRUE,TRUE,TRUE,"ok","ok","",""
"BaxterE_2016","Baxter 2016",76,"fourfold","Escherichia/Shigella",0.71,0.63,0.79,63,79,7951,TRUE,TRUE,TRUE,FALSE,TRUE,TRUE,TRUE,"ok","ok","",""
"BaxterE_2016","Baxter 2016",76,"fourfold","Faecalibacterium",0.99,0.99,0.99,99,99,47119,TRUE,TRUE,TRUE,FALSE,TRUE,TRUE,TRUE,"ok","ok","",""
"BaxterE_2016","Baxter 2016",76,"fourfold","Gemmiger",0.8,0.77,0.83,77,83,8698,TRUE,TRUE,TRUE,FALSE,TRUE,TRUE,TRUE,"ok","ok","",""
"BaxterE_2016","Baxter 2016",76,"fourfold","Lachnospiracea_incertae_sedis",1,1,1,100,100,35468,TRUE,TRUE,FALSE,TRUE,TRUE,TRUE,TRUE,"no_observed_zeros","ok","",""
"BaxterE_2016","Baxter 2016",76,"fourfold","Methanobrevibacter",0.43,0.44,0.42,44,42,5311,TRUE,TRUE,TRUE,FALSE,TRUE,TRUE,TRUE,"ok","ok","",""
"BaxterE_2016","Baxter 2016",76,"fourfold","Oscillibacter",0.89,0.91,0.87,91,87,8768,TRUE,TRUE,TRUE,FALSE,TRUE,TRUE,TRUE,"ok","ok","",""
"BaxterE_2016","Baxter 2016",76,"fourfold","Parabacteroides",0.695,0.64,0.75,64,75,5028,TRUE,TRUE,TRUE,FALSE,TRUE,TRUE,TRUE,"ok","ok","",""
"BaxterE_2016","Baxter 2016",76,"fourfold","Phascolarctobacterium",0.65,0.65,0.65,65,65,7864,TRUE,TRUE,TRUE,FALSE,TRUE,TRUE,TRUE,"ok","ok","",""
"BaxterE_2016","Baxter 2016",76,"fourfold","Prevotella",0.355,0.39,0.32,39,32,11433,TRUE,TRUE,TRUE,FALSE,TRUE,TRUE,TRUE,"ok","ok","",""
"BaxterE_2016","Baxter 2016",76,"fourfold","Roseburia",0.985,1,0.97,100,97,33938,TRUE,TRUE,TRUE,FALSE,TRUE,TRUE,TRUE,"ok","ok","",""
"BaxterE_2016","Baxter 2016",76,"fourfold","Ruminococcus",0.88,0.87,0.89,87,89,23166,TRUE,TRUE,TRUE,FALSE,TRUE,TRUE,TRUE,"ok","ok","",""
"BaxterE_2016","Baxter 2016",76,"fourfold","Ruminococcus2",0.98,0.97,0.99,97,99,19099,TRUE,TRUE,TRUE,FALSE,TRUE,TRUE,TRUE,"ok","ok","",""
"BaxterE_2016","Baxter 2016",76,"fourfold","Streptococcus",0.835,0.77,0.9,77,90,6553,TRUE,TRUE,TRUE,FALSE,TRUE,TRUE,TRUE,"ok","ok","",""
"BaxterE_2016","Baxter 2016",76,"fourfold","Unclassified_Clostridiales",0.91,0.92,0.9,92,90,9939,TRUE,TRUE,TRUE,FALSE,TRUE,TRUE,TRUE,"ok","ok","",""
"BaxterE_2016","Baxter 2016",76,"fourfold","Unclassified_Lachnospiraceae",1,1,1,100,100,35155,TRUE,TRUE,FALSE,TRUE,TRUE,TRUE,TRUE,"no_observed_zeros","ok","",""
"BaxterE_2016","Baxter 2016",76,"fourfold","Unclassified_Ruminococcaceae",0.975,0.97,0.98,97,98,23167,TRUE,TRUE,TRUE,FALSE,TRUE,TRUE,TRUE,"ok","ok","",""
"BaxterE_2016","Baxter 2016",77,"balanced","Akkermansia",0.835,0.79,0.88,79,88,24618,TRUE,TRUE,TRUE,FALSE,TRUE,TRUE,TRUE,"ok","ok","",""
"BaxterE_2016","Baxter 2016",77,"balanced","Alistipes",0.92,0.87,0.97,87,97,26526,TRUE,TRUE,TRUE,FALSE,TRUE,TRUE,TRUE,"ok","ok","",""
"BaxterE_2016","Baxter 2016",77,"balanced","Anaerostipes",0.99,0.99,0.99,99,99,28947,TRUE,TRUE,TRUE,FALSE,TRUE,TRUE,TRUE,"ok","ok","",""
"BaxterE_2016","Baxter 2016",77,"balanced","Bacteroides",1,1,1,100,100,124291,TRUE,TRUE,FALSE,TRUE,TRUE,TRUE,TRUE,"no_observed_zeros","ok","",""
"BaxterE_2016","Baxter 2016",77,"balanced","Bifidobacterium",0.74,0.73,0.75,73,75,8600,TRUE,TRUE,TRUE,FALSE,TRUE,TRUE,TRUE,"ok","ok","",""
"BaxterE_2016","Baxter 2016",77,"balanced","Blautia",1,1,1,100,100,124486,TRUE,TRUE,FALSE,TRUE,TRUE,TRUE,TRUE,"no_observed_zeros","ok","",""
"BaxterE_2016","Baxter 2016",77,"balanced","Clostridium_IV",0.99,0.99,0.99,99,99,14446,TRUE,TRUE,TRUE,FALSE,TRUE,TRUE,TRUE,"ok","ok","",""
"BaxterE_2016","Baxter 2016",77,"balanced","Clostridium_sensu_stricto",0.765,0.78,0.75,78,75,7962,TRUE,TRUE,TRUE,FALSE,TRUE,TRUE,TRUE,"ok","ok","",""
"BaxterE_2016","Baxter 2016",77,"balanced","Clostridium_XI",0.87,0.91,0.83,91,83,8173,TRUE,TRUE,TRUE,FALSE,TRUE,TRUE,TRUE,"ok","ok","",""
"BaxterE_2016","Baxter 2016",77,"balanced","Clostridium_XlVa",1,1,1,100,100,15965,TRUE,TRUE,FALSE,TRUE,TRUE,TRUE,TRUE,"no_observed_zeros","ok","",""
"BaxterE_2016","Baxter 2016",77,"balanced","Clostridium_XVIII",0.905,0.89,0.92,89,92,4790,TRUE,TRUE,TRUE,FALSE,TRUE,TRUE,TRUE,"ok","ok","",""
"BaxterE_2016","Baxter 2016",77,"balanced","Collinsella",0.62,0.62,0.62,62,62,7707,TRUE,TRUE,TRUE,FALSE,TRUE,TRUE,TRUE,"ok","ok","",""
"BaxterE_2016","Baxter 2016",77,"balanced","Coprococcus",0.86,0.87,0.85,87,85,9184,TRUE,TRUE,TRUE,FALSE,TRUE,TRUE,TRUE,"ok","ok","",""
"BaxterE_2016","Baxter 2016",77,"balanced","Dorea",0.955,0.96,0.95,96,95,13360,TRUE,TRUE,TRUE,FALSE,TRUE,TRUE,TRUE,"ok","ok","",""
"BaxterE_2016","Baxter 2016",77,"balanced","Escherichia/Shigella",0.72,0.73,0.71,73,71,7836,TRUE,TRUE,TRUE,FALSE,TRUE,TRUE,TRUE,"ok","ok","",""
"BaxterE_2016","Baxter 2016",77,"balanced","Faecalibacterium",0.985,0.98,0.99,98,99,44685,TRUE,TRUE,TRUE,FALSE,TRUE,TRUE,TRUE,"ok","ok","",""
"BaxterE_2016","Baxter 2016",77,"balanced","Gemmiger",0.795,0.76,0.83,76,83,8787,TRUE,TRUE,TRUE,FALSE,TRUE,TRUE,TRUE,"ok","ok","",""
"BaxterE_2016","Baxter 2016",77,"balanced","Lachnospiracea_incertae_sedis",1,1,1,100,100,34236,TRUE,TRUE,FALSE,TRUE,TRUE,TRUE,TRUE,"no_observed_zeros","ok","",""
"BaxterE_2016","Baxter 2016",77,"balanced","Methanobrevibacter",0.42,0.45,0.39,45,39,6306,TRUE,TRUE,TRUE,FALSE,TRUE,TRUE,TRUE,"ok","ok","",""
"BaxterE_2016","Baxter 2016",77,"balanced","Oscillibacter",0.915,0.91,0.92,91,92,10591,TRUE,TRUE,TRUE,FALSE,TRUE,TRUE,TRUE,"ok","ok","",""
"BaxterE_2016","Baxter 2016",77,"balanced","Parabacteroides",0.71,0.7,0.72,70,72,5318,TRUE,TRUE,TRUE,FALSE,TRUE,TRUE,TRUE,"ok","ok","",""
"BaxterE_2016","Baxter 2016",77,"balanced","Phascolarctobacterium",0.65,0.68,0.62,68,62,7542,TRUE,TRUE,TRUE,FALSE,TRUE,TRUE,TRUE,"ok","ok","",""
"BaxterE_2016","Baxter 2016",77,"balanced","Prevotella",0.395,0.4,0.39,40,39,12185,TRUE,TRUE,TRUE,FALSE,TRUE,TRUE,TRUE,"ok","ok","",""
"BaxterE_2016","Baxter 2016",77,"balanced","Roseburia",0.98,0.96,1,96,100,32880,TRUE,TRUE,TRUE,FALSE,TRUE,TRUE,TRUE,"ok","ok","",""
"BaxterE_2016","Baxter 2016",77,"balanced","Ruminococcus",0.905,0.89,0.92,89,92,23699,TRUE,TRUE,TRUE,FALSE,TRUE,TRUE,TRUE,"ok","ok","",""
"BaxterE_2016","Baxter 2016",77,"balanced","Ruminococcus2",0.985,1,0.97,100,97,18535,TRUE,TRUE,TRUE,FALSE,TRUE,TRUE,TRUE,"ok","ok","",""
"BaxterE_2016","Baxter 2016",77,"balanced","Streptococcus",0.86,0.89,0.83,89,83,5503,TRUE,TRUE,TRUE,FALSE,TRUE,TRUE,TRUE,"ok","ok","",""
"BaxterE_2016","Baxter 2016",77,"balanced","Unclassified_Clostridiales",0.925,0.93,0.92,93,92,10987,TRUE,TRUE,TRUE,FALSE,TRUE,TRUE,TRUE,"ok","ok","",""
"BaxterE_2016","Baxter 2016",77,"balanced","Unclassified_Lachnospiraceae",1,1,1,100,100,36153,TRUE,TRUE,FALSE,TRUE,TRUE,TRUE,TRUE,"no_observed_zeros","ok","",""
"BaxterE_2016","Baxter 2016",77,"balanced","Unclassified_Ruminococcaceae",0.985,1,0.97,100,97,24466,TRUE,TRUE,TRUE,FALSE,TRUE,TRUE,TRUE,"ok","ok","",""
"BaxterE_2016","Baxter 2016",77,"fourfold","Akkermansia",0.815,0.77,0.86,77,86,19111,TRUE,TRUE,TRUE,FALSE,TRUE,TRUE,TRUE,"ok","ok","",""
"BaxterE_2016","Baxter 2016",77,"fourfold","Alistipes",0.915,0.88,0.95,88,95,21952,TRUE,TRUE,TRUE,FALSE,TRUE,TRUE,TRUE,"ok","ok","",""
"BaxterE_2016","Baxter 2016",77,"fourfold","Anaerostipes",0.975,0.96,0.99,96,99,28801,TRUE,TRUE,TRUE,FALSE,TRUE,TRUE,TRUE,"ok","ok","",""
"BaxterE_2016","Baxter 2016",77,"fourfold","Bacteroides",1,1,1,100,100,112930,TRUE,TRUE,FALSE,TRUE,TRUE,TRUE,TRUE,"no_observed_zeros","ok","",""
"BaxterE_2016","Baxter 2016",77,"fourfold","Bifidobacterium",0.74,0.74,0.74,74,74,6946,TRUE,TRUE,TRUE,FALSE,TRUE,TRUE,TRUE,"ok","ok","",""
"BaxterE_2016","Baxter 2016",77,"fourfold","Blautia",1,1,1,100,100,107294,TRUE,TRUE,FALSE,TRUE,TRUE,TRUE,TRUE,"no_observed_zeros","ok","",""
"BaxterE_2016","Baxter 2016",77,"fourfold","Clostridium_IV",0.975,0.96,0.99,96,99,14434,TRUE,TRUE,TRUE,FALSE,TRUE,TRUE,TRUE,"ok","ok","",""
"BaxterE_2016","Baxter 2016",77,"fourfold","Clostridium_sensu_stricto",0.7,0.69,0.71,69,71,7480,TRUE,TRUE,TRUE,FALSE,TRUE,TRUE,TRUE,"ok","ok","",""
"BaxterE_2016","Baxter 2016",77,"fourfold","Clostridium_XI",0.835,0.82,0.85,82,85,6930,TRUE,TRUE,TRUE,FALSE,TRUE,TRUE,TRUE,"ok","ok","",""
"BaxterE_2016","Baxter 2016",77,"fourfold","Clostridium_XlVa",1,1,1,100,100,14271,TRUE,TRUE,FALSE,TRUE,TRUE,TRUE,TRUE,"no_observed_zeros","ok","",""
"BaxterE_2016","Baxter 2016",77,"fourfold","Clostridium_XVIII",0.87,0.84,0.9,84,90,5211,TRUE,TRUE,TRUE,FALSE,TRUE,TRUE,TRUE,"ok","ok","",""
"BaxterE_2016","Baxter 2016",77,"fourfold","Collinsella",0.575,0.55,0.6,55,60,6777,TRUE,TRUE,TRUE,FALSE,TRUE,TRUE,TRUE,"ok","ok","",""
"BaxterE_2016","Baxter 2016",77,"fourfold","Coprococcus",0.86,0.84,0.88,84,88,7559,TRUE,TRUE,TRUE,FALSE,TRUE,TRUE,TRUE,"ok","ok","",""
"BaxterE_2016","Baxter 2016",77,"fourfold","Dorea",0.955,0.96,0.95,96,95,11873,TRUE,TRUE,TRUE,FALSE,TRUE,TRUE,TRUE,"ok","ok","",""
"BaxterE_2016","Baxter 2016",77,"fourfold","Escherichia/Shigella",0.715,0.67,0.76,67,76,6704,TRUE,TRUE,TRUE,FALSE,TRUE,TRUE,TRUE,"ok","ok","",""
"BaxterE_2016","Baxter 2016",77,"fourfold","Faecalibacterium",0.995,0.99,1,99,100,37252,TRUE,TRUE,TRUE,FALSE,TRUE,TRUE,TRUE,"ok","ok","",""
"BaxterE_2016","Baxter 2016",77,"fourfold","Gemmiger",0.755,0.71,0.8,71,80,8337,TRUE,TRUE,TRUE,FALSE,TRUE,TRUE,TRUE,"ok","ok","",""
"BaxterE_2016","Baxter 2016",77,"fourfold","Lachnospiracea_incertae_sedis",1,1,1,100,100,27397,TRUE,TRUE,FALSE,TRUE,TRUE,TRUE,TRUE,"no_observed_zeros","ok","",""
"BaxterE_2016","Baxter 2016",77,"fourfold","Methanobrevibacter",0.385,0.34,0.43,34,43,5243,TRUE,TRUE,TRUE,FALSE,TRUE,TRUE,TRUE,"ok","ok","",""
"BaxterE_2016","Baxter 2016",77,"fourfold","Oscillibacter",0.88,0.83,0.93,83,93,9674,TRUE,TRUE,TRUE,FALSE,TRUE,TRUE,TRUE,"ok","ok","",""
"BaxterE_2016","Baxter 2016",77,"fourfold","Parabacteroides",0.665,0.56,0.77,56,77,5563,TRUE,TRUE,TRUE,FALSE,TRUE,TRUE,TRUE,"ok","ok","",""
"BaxterE_2016","Baxter 2016",77,"fourfold","Phascolarctobacterium",0.645,0.63,0.66,63,66,5758,TRUE,TRUE,TRUE,FALSE,TRUE,TRUE,TRUE,"ok","ok","",""
"BaxterE_2016","Baxter 2016",77,"fourfold","Prevotella",0.335,0.23,0.44,23,44,10893,TRUE,TRUE,TRUE,FALSE,TRUE,TRUE,TRUE,"ok","ok","",""
"BaxterE_2016","Baxter 2016",77,"fourfold","Roseburia",0.97,0.94,1,94,100,32219,TRUE,TRUE,TRUE,FALSE,TRUE,TRUE,TRUE,"ok","ok","",""
"BaxterE_2016","Baxter 2016",77,"fourfold","Ruminococcus",0.88,0.85,0.91,85,91,21463,TRUE,TRUE,TRUE,FALSE,TRUE,TRUE,TRUE,"ok","ok","",""
"BaxterE_2016","Baxter 2016",77,"fourfold","Ruminococcus2",0.96,0.96,0.96,96,96,13731,TRUE,TRUE,TRUE,FALSE,TRUE,TRUE,TRUE,"ok","ok","",""
"BaxterE_2016","Baxter 2016",77,"fourfold","Streptococcus",0.81,0.76,0.86,76,86,6796,TRUE,TRUE,TRUE,FALSE,TRUE,TRUE,TRUE,"ok","ok","",""
"BaxterE_2016","Baxter 2016",77,"fourfold","Unclassified_Clostridiales",0.895,0.88,0.91,88,91,9664,TRUE,TRUE,TRUE,FALSE,TRUE,TRUE,TRUE,"ok","ok","",""
"BaxterE_2016","Baxter 2016",77,"fourfold","Unclassified_Lachnospiraceae",1,1,1,100,100,31864,TRUE,TRUE,FALSE,TRUE,TRUE,TRUE,TRUE,"no_observed_zeros","ok","",""
"BaxterE_2016","Baxter 2016",77,"fourfold","Unclassified_Ruminococcaceae",0.96,0.95,0.97,95,97,21470,TRUE,TRUE,TRUE,FALSE,TRUE,TRUE,TRUE,"ok","ok","",""
"BaxterE_2016","Baxter 2016",78,"balanced","Akkermansia",0.84,0.81,0.87,81,87,23640,TRUE,TRUE,TRUE,FALSE,TRUE,TRUE,TRUE,"ok","ok","",""
"BaxterE_2016","Baxter 2016",78,"balanced","Alistipes",0.935,0.92,0.95,92,95,23985,TRUE,TRUE,TRUE,FALSE,TRUE,TRUE,TRUE,"ok","ok","",""
"BaxterE_2016","Baxter 2016",78,"balanced","Anaerostipes",0.985,0.99,0.98,99,98,29493,TRUE,TRUE,TRUE,FALSE,TRUE,TRUE,TRUE,"ok","ok","",""
"BaxterE_2016","Baxter 2016",78,"balanced","Bacteroides",1,1,1,100,100,119671,TRUE,TRUE,FALSE,TRUE,TRUE,TRUE,TRUE,"no_observed_zeros","ok","",""
"BaxterE_2016","Baxter 2016",78,"balanced","Bifidobacterium",0.74,0.78,0.7,78,70,8159,TRUE,TRUE,TRUE,FALSE,TRUE,TRUE,TRUE,"ok","ok","",""
"BaxterE_2016","Baxter 2016",78,"balanced","Blautia",1,1,1,100,100,130539,TRUE,TRUE,FALSE,TRUE,TRUE,TRUE,TRUE,"no_observed_zeros","ok","",""
"BaxterE_2016","Baxter 2016",78,"balanced","Clostridium_IV",0.98,0.97,0.99,97,99,16363,TRUE,TRUE,TRUE,FALSE,TRUE,TRUE,TRUE,"ok","ok","",""
"BaxterE_2016","Baxter 2016",78,"balanced","Clostridium_sensu_stricto",0.74,0.73,0.75,73,75,8547,TRUE,TRUE,TRUE,FALSE,TRUE,TRUE,TRUE,"ok","ok","",""
"BaxterE_2016","Baxter 2016",78,"balanced","Clostridium_XI",0.86,0.84,0.88,84,88,8185,TRUE,TRUE,TRUE,FALSE,TRUE,TRUE,TRUE,"ok","ok","",""
"BaxterE_2016","Baxter 2016",78,"balanced","Clostridium_XlVa",1,1,1,100,100,15505,TRUE,TRUE,FALSE,TRUE,TRUE,TRUE,TRUE,"no_observed_zeros","ok","",""
"BaxterE_2016","Baxter 2016",78,"balanced","Clostridium_XVIII",0.905,0.88,0.93,88,93,5025,TRUE,TRUE,TRUE,FALSE,TRUE,TRUE,TRUE,"ok","ok","",""
"BaxterE_2016","Baxter 2016",78,"balanced","Collinsella",0.6,0.69,0.51,69,51,8122,TRUE,TRUE,TRUE,FALSE,TRUE,TRUE,TRUE,"ok","ok","",""
"BaxterE_2016","Baxter 2016",78,"balanced","Coprococcus",0.87,0.9,0.84,90,84,9353,TRUE,TRUE,TRUE,FALSE,TRUE,TRUE,TRUE,"ok","ok","",""
"BaxterE_2016","Baxter 2016",78,"balanced","Dorea",0.955,0.95,0.96,95,96,13622,TRUE,TRUE,TRUE,FALSE,TRUE,TRUE,TRUE,"ok","ok","",""
"BaxterE_2016","Baxter 2016",78,"balanced","Escherichia/Shigella",0.77,0.81,0.73,81,73,7373,TRUE,TRUE,TRUE,FALSE,TRUE,TRUE,TRUE,"ok","ok","",""
"BaxterE_2016","Baxter 2016",78,"balanced","Faecalibacterium",0.985,1,0.97,100,97,45102,TRUE,TRUE,TRUE,FALSE,TRUE,TRUE,TRUE,"ok","ok","",""
"BaxterE_2016","Baxter 2016",78,"balanced","Gemmiger",0.795,0.78,0.81,78,81,9121,TRUE,TRUE,TRUE,FALSE,TRUE,TRUE,TRUE,"ok","ok","",""
"BaxterE_2016","Baxter 2016",78,"balanced","Lachnospiracea_incertae_sedis",1,1,1,100,100,33698,TRUE,TRUE,FALSE,TRUE,TRUE,TRUE,TRUE,"no_observed_zeros","ok","",""
"BaxterE_2016","Baxter 2016",78,"balanced","Methanobrevibacter",0.415,0.48,0.35,48,35,6519,TRUE,TRUE,TRUE,FALSE,TRUE,TRUE,TRUE,"ok","ok","",""
"BaxterE_2016","Baxter 2016",78,"balanced","Oscillibacter",0.915,0.9,0.93,90,93,10720,TRUE,TRUE,TRUE,FALSE,TRUE,TRUE,TRUE,"ok","ok","",""
"BaxterE_2016","Baxter 2016",78,"balanced","Parabacteroides",0.72,0.71,0.73,71,73,5501,TRUE,TRUE,TRUE,FALSE,TRUE,TRUE,TRUE,"ok","ok","",""
"BaxterE_2016","Baxter 2016",78,"balanced","Phascolarctobacterium",0.655,0.61,0.7,61,70,7356,TRUE,TRUE,TRUE,FALSE,TRUE,TRUE,TRUE,"ok","ok","",""
"BaxterE_2016","Baxter 2016",78,"balanced","Prevotella",0.385,0.4,0.37,40,37,14570,TRUE,TRUE,TRUE,FALSE,TRUE,TRUE,TRUE,"ok","ok","",""
"BaxterE_2016","Baxter 2016",78,"balanced","Roseburia",0.975,0.96,0.99,96,99,33782,TRUE,TRUE,TRUE,FALSE,TRUE,TRUE,TRUE,"ok","ok","",""
"BaxterE_2016","Baxter 2016",78,"balanced","Ruminococcus",0.885,0.89,0.88,89,88,24818,TRUE,TRUE,TRUE,FALSE,TRUE,TRUE,TRUE,"ok","ok","",""
"BaxterE_2016","Baxter 2016",78,"balanced","Ruminococcus2",0.985,0.98,0.99,98,99,17443,TRUE,TRUE,TRUE,FALSE,TRUE,TRUE,TRUE,"ok","ok","",""
"BaxterE_2016","Baxter 2016",78,"balanced","Streptococcus",0.84,0.83,0.85,83,85,7125,TRUE,TRUE,TRUE,FALSE,TRUE,TRUE,TRUE,"ok","ok","",""
"BaxterE_2016","Baxter 2016",78,"balanced","Unclassified_Clostridiales",0.91,0.9,0.92,90,92,11377,TRUE,TRUE,TRUE,FALSE,TRUE,TRUE,TRUE,"ok","ok","",""
"BaxterE_2016","Baxter 2016",78,"balanced","Unclassified_Lachnospiraceae",1,1,1,100,100,37244,TRUE,TRUE,FALSE,TRUE,TRUE,TRUE,TRUE,"no_observed_zeros","ok","",""
"BaxterE_2016","Baxter 2016",78,"balanced","Unclassified_Ruminococcaceae",0.975,0.99,0.96,99,96,24450,TRUE,TRUE,TRUE,FALSE,TRUE,TRUE,TRUE,"ok","ok","",""
"BaxterE_2016","Baxter 2016",78,"fourfold","Akkermansia",0.825,0.75,0.9,75,90,24300,TRUE,TRUE,TRUE,FALSE,TRUE,TRUE,TRUE,"ok","ok","",""
"BaxterE_2016","Baxter 2016",78,"fourfold","Alistipes",0.905,0.87,0.94,87,94,25135,TRUE,TRUE,TRUE,FALSE,TRUE,TRUE,TRUE,"ok","ok","",""
"BaxterE_2016","Baxter 2016",78,"fourfold","Anaerostipes",0.975,0.96,0.99,96,99,30277,TRUE,TRUE,TRUE,FALSE,TRUE,TRUE,TRUE,"ok","ok","",""
"BaxterE_2016","Baxter 2016",78,"fourfold","Bacteroides",1,1,1,100,100,125731,TRUE,TRUE,FALSE,TRUE,TRUE,TRUE,TRUE,"no_observed_zeros","ok","",""
"BaxterE_2016","Baxter 2016",78,"fourfold","Bifidobacterium",0.725,0.71,0.74,71,74,9657,TRUE,TRUE,TRUE,FALSE,TRUE,TRUE,TRUE,"ok","ok","",""
"BaxterE_2016","Baxter 2016",78,"fourfold","Blautia",1,1,1,100,100,123210,TRUE,TRUE,FALSE,TRUE,TRUE,TRUE,TRUE,"no_observed_zeros","ok","",""
"BaxterE_2016","Baxter 2016",78,"fourfold","Clostridium_IV",0.975,0.96,0.99,96,99,15586,TRUE,TRUE,TRUE,FALSE,TRUE,TRUE,TRUE,"ok","ok","",""
"BaxterE_2016","Baxter 2016",78,"fourfold","Clostridium_sensu_stricto",0.74,0.68,0.8,68,80,7365,TRUE,TRUE,TRUE,FALSE,TRUE,TRUE,TRUE,"ok","ok","",""
"BaxterE_2016","Baxter 2016",78,"fourfold","Clostridium_XI",0.835,0.76,0.91,76,91,8433,TRUE,TRUE,TRUE,FALSE,TRUE,TRUE,TRUE,"ok","ok","",""
"BaxterE_2016","Baxter 2016",78,"fourfold","Clostridium_XlVa",0.995,0.99,1,99,100,15216,TRUE,TRUE,FALSE,TRUE,TRUE,TRUE,TRUE,"structural_absence_boundary_at_zero","ok","",""
"BaxterE_2016","Baxter 2016",78,"fourfold","Clostridium_XVIII",0.885,0.81,0.96,81,96,5409,TRUE,TRUE,TRUE,FALSE,TRUE,TRUE,TRUE,"ok","ok","",""
"BaxterE_2016","Baxter 2016",78,"fourfold","Collinsella",0.59,0.61,0.57,61,57,7383,TRUE,TRUE,TRUE,FALSE,TRUE,TRUE,TRUE,"ok","ok","",""
"BaxterE_2016","Baxter 2016",78,"fourfold","Coprococcus",0.86,0.87,0.85,87,85,8794,TRUE,TRUE,TRUE,FALSE,TRUE,TRUE,TRUE,"ok","ok","",""
"BaxterE_2016","Baxter 2016",78,"fourfold","Dorea",0.965,0.96,0.97,96,97,14081,TRUE,TRUE,TRUE,FALSE,TRUE,TRUE,TRUE,"ok","ok","",""
"BaxterE_2016","Baxter 2016",78,"fourfold","Escherichia/Shigella",0.74,0.73,0.75,73,75,6901,TRUE,TRUE,TRUE,FALSE,TRUE,TRUE,TRUE,"ok","ok","",""
"BaxterE_2016","Baxter 2016",78,"fourfold","Faecalibacterium",0.985,1,0.97,100,97,43315,TRUE,TRUE,TRUE,FALSE,TRUE,TRUE,TRUE,"ok","ok","",""
"BaxterE_2016","Baxter 2016",78,"fourfold","Gemmiger",0.775,0.73,0.82,73,82,9517,TRUE,TRUE,TRUE,FALSE,TRUE,TRUE,TRUE,"ok","ok","",""
"BaxterE_2016","Baxter 2016",78,"fourfold","Lachnospiracea_incertae_sedis",1,1,1,100,100,32957,TRUE,TRUE,FALSE,TRUE,TRUE,TRUE,TRUE,"no_observed_zeros","ok","",""
"BaxterE_2016","Baxter 2016",78,"fourfold","Methanobrevibacter",0.395,0.41,0.38,41,38,5655,TRUE,TRUE,TRUE,FALSE,TRUE,TRUE,TRUE,"ok","ok","",""
"BaxterE_2016","Baxter 2016",78,"fourfold","Oscillibacter",0.875,0.81,0.94,81,94,10217,TRUE,TRUE,TRUE,FALSE,TRUE,TRUE,TRUE,"ok","ok","",""
"BaxterE_2016","Baxter 2016",78,"fourfold","Parabacteroides",0.695,0.62,0.77,62,77,5353,TRUE,TRUE,TRUE,FALSE,TRUE,TRUE,TRUE,"ok","ok","",""
"BaxterE_2016","Baxter 2016",78,"fourfold","Phascolarctobacterium",0.645,0.58,0.71,58,71,6904,TRUE,TRUE,TRUE,FALSE,TRUE,TRUE,TRUE,"ok","ok","",""
"BaxterE_2016","Baxter 2016",78,"fourfold","Prevotella",0.36,0.34,0.38,34,38,11226,TRUE,TRUE,TRUE,FALSE,TRUE,TRUE,TRUE,"ok","ok","",""
"BaxterE_2016","Baxter 2016",78,"fourfold","Roseburia",0.98,0.97,0.99,97,99,33734,TRUE,TRUE,TRUE,FALSE,TRUE,TRUE,TRUE,"ok","ok","",""
"BaxterE_2016","Baxter 2016",78,"fourfold","Ruminococcus",0.875,0.84,0.91,84,91,26032,TRUE,TRUE,TRUE,FALSE,TRUE,TRUE,TRUE,"ok","ok","",""
"BaxterE_2016","Baxter 2016",78,"fourfold","Ruminococcus2",0.99,0.98,1,98,100,19234,TRUE,TRUE,TRUE,FALSE,TRUE,TRUE,TRUE,"ok","ok","",""
"BaxterE_2016","Baxter 2016",78,"fourfold","Streptococcus",0.78,0.65,0.91,65,91,5637,TRUE,TRUE,TRUE,FALSE,TRUE,TRUE,TRUE,"ok","ok","",""
"BaxterE_2016","Baxter 2016",78,"fourfold","Unclassified_Clostridiales",0.92,0.87,0.97,87,97,11596,TRUE,TRUE,TRUE,FALSE,TRUE,TRUE,TRUE,"ok","ok","",""
"BaxterE_2016","Baxter 2016",78,"fourfold","Unclassified_Lachnospiraceae",1,1,1,100,100,37665,TRUE,TRUE,FALSE,TRUE,TRUE,TRUE,TRUE,"no_observed_zeros","ok","",""
"BaxterE_2016","Baxter 2016",78,"fourfold","Unclassified_Ruminococcaceae",0.97,0.97,0.97,97,97,25464,TRUE,TRUE,TRUE,FALSE,TRUE,TRUE,TRUE,"ok","ok","",""
"BaxterE_2016","Baxter 2016",79,"balanced","Akkermansia",0.86,0.87,0.85,87,85,25300,TRUE,TRUE,TRUE,FALSE,TRUE,TRUE,TRUE,"ok","ok","",""
"BaxterE_2016","Baxter 2016",79,"balanced","Alistipes",0.925,0.94,0.91,94,91,25860,TRUE,TRUE,TRUE,FALSE,TRUE,TRUE,TRUE,"ok","ok","",""
"BaxterE_2016","Baxter 2016",79,"balanced","Anaerostipes",0.985,0.97,1,97,100,28433,TRUE,TRUE,TRUE,FALSE,TRUE,TRUE,TRUE,"ok","ok","",""
"BaxterE_2016","Baxter 2016",79,"balanced","Bacteroides",1,1,1,100,100,129129,TRUE,TRUE,FALSE,TRUE,TRUE,TRUE,TRUE,"no_observed_zeros","ok","",""
"BaxterE_2016","Baxter 2016",79,"balanced","Bifidobacterium",0.73,0.72,0.74,72,74,9381,TRUE,TRUE,TRUE,FALSE,TRUE,TRUE,TRUE,"ok","ok","",""
"BaxterE_2016","Baxter 2016",79,"balanced","Blautia",1,1,1,100,100,127993,TRUE,TRUE,FALSE,TRUE,TRUE,TRUE,TRUE,"no_observed_zeros","ok","",""
"BaxterE_2016","Baxter 2016",79,"balanced","Clostridium_IV",0.99,0.99,0.99,99,99,15378,TRUE,TRUE,TRUE,FALSE,TRUE,TRUE,TRUE,"ok","ok","",""
"BaxterE_2016","Baxter 2016",79,"balanced","Clostridium_sensu_stricto",0.76,0.77,0.75,77,75,7932,TRUE,TRUE,TRUE,FALSE,TRUE,TRUE,TRUE,"ok","ok","",""
"BaxterE_2016","Baxter 2016",79,"balanced","Clostridium_XI",0.87,0.86,0.88,86,88,8612,TRUE,TRUE,TRUE,FALSE,TRUE,TRUE,TRUE,"ok","ok","",""
"BaxterE_2016","Baxter 2016",79,"balanced","Clostridium_XlVa",0.995,0.99,1,99,100,15762,TRUE,TRUE,TRUE,FALSE,TRUE,TRUE,TRUE,"ok","ok","",""
"BaxterE_2016","Baxter 2016",79,"balanced","Clostridium_XVIII",0.915,0.89,0.94,89,94,5022,TRUE,TRUE,TRUE,FALSE,TRUE,TRUE,TRUE,"ok","ok","",""
"BaxterE_2016","Baxter 2016",79,"balanced","Collinsella",0.61,0.66,0.56,66,56,7635,TRUE,TRUE,TRUE,FALSE,TRUE,TRUE,TRUE,"ok","ok","",""
"BaxterE_2016","Baxter 2016",79,"balanced","Coprococcus",0.86,0.82,0.9,82,90,9233,TRUE,TRUE,TRUE,FALSE,TRUE,TRUE,TRUE,"ok","ok","",""
"BaxterE_2016","Baxter 2016",79,"balanced","Dorea",0.965,0.94,0.99,94,99,13387,TRUE,TRUE,TRUE,FALSE,TRUE,TRUE,TRUE,"ok","ok","",""
"BaxterE_2016","Baxter 2016",79,"balanced","Escherichia/Shigella",0.765,0.8,0.73,80,73,6694,TRUE,TRUE,TRUE,FALSE,TRUE,TRUE,TRUE,"ok","ok","",""
"BaxterE_2016","Baxter 2016",79,"balanced","Faecalibacterium",0.995,1,0.99,100,99,46930,TRUE,TRUE,TRUE,FALSE,TRUE,TRUE,TRUE,"ok","ok","",""
"BaxterE_2016","Baxter 2016",79,"balanced","Gemmiger",0.77,0.75,0.79,75,79,9874,TRUE,TRUE,TRUE,FALSE,TRUE,TRUE,TRUE,"ok","ok","",""
"BaxterE_2016","Baxter 2016",79,"balanced","Lachnospiracea_incertae_sedis",1,1,1,100,100,34444,TRUE,TRUE,FALSE,TRUE,TRUE,TRUE,TRUE,"no_observed_zeros","ok","",""
"BaxterE_2016","Baxter 2016",79,"balanced","Methanobrevibacter",0.41,0.42,0.4,42,40,6303,TRUE,TRUE,TRUE,FALSE,TRUE,TRUE,TRUE,"ok","ok","",""
"BaxterE_2016","Baxter 2016",79,"balanced","Oscillibacter",0.895,0.92,0.87,92,87,10863,TRUE,TRUE,TRUE,FALSE,TRUE,TRUE,TRUE,"ok","ok","",""
"BaxterE_2016","Baxter 2016",79,"balanced","Parabacteroides",0.74,0.77,0.71,77,71,5410,TRUE,TRUE,TRUE,FALSE,TRUE,TRUE,TRUE,"ok","ok","",""
"BaxterE_2016","Baxter 2016",79,"balanced","Phascolarctobacterium",0.64,0.58,0.7,58,70,8492,TRUE,TRUE,TRUE,FALSE,TRUE,TRUE,TRUE,"ok","ok","",""
"BaxterE_2016","Baxter 2016",79,"balanced","Prevotella",0.395,0.44,0.35,44,35,13280,TRUE,TRUE,TRUE,FALSE,TRUE,TRUE,TRUE,"ok","ok","",""
"BaxterE_2016","Baxter 2016",79,"balanced","Roseburia",0.97,0.97,0.97,97,97,33009,TRUE,TRUE,TRUE,FALSE,TRUE,TRUE,TRUE,"ok","ok","",""
"BaxterE_2016","Baxter 2016",79,"balanced","Ruminococcus",0.905,0.87,0.94,87,94,25292,TRUE,TRUE,TRUE,FALSE,TRUE,TRUE,TRUE,"ok","ok","",""
"BaxterE_2016","Baxter 2016",79,"balanced","Ruminococcus2",0.97,0.96,0.98,96,98,17858,TRUE,TRUE,TRUE,FALSE,TRUE,TRUE,TRUE,"ok","ok","",""
"BaxterE_2016","Baxter 2016",79,"balanced","Streptococcus",0.895,0.86,0.93,86,93,6633,TRUE,TRUE,FALSE,TRUE,TRUE,TRUE,TRUE,"structural_absence_boundary_at_zero","ok","",""
"BaxterE_2016","Baxter 2016",79,"balanced","Unclassified_Clostridiales",0.92,0.91,0.93,91,93,10749,TRUE,TRUE,TRUE,FALSE,TRUE,TRUE,TRUE,"ok","ok","",""
"BaxterE_2016","Baxter 2016",79,"balanced","Unclassified_Lachnospiraceae",0.995,0.99,1,99,100,36686,TRUE,TRUE,TRUE,FALSE,TRUE,TRUE,TRUE,"ok","ok","",""
"BaxterE_2016","Baxter 2016",79,"balanced","Unclassified_Ruminococcaceae",0.99,0.99,0.99,99,99,24976,TRUE,TRUE,TRUE,FALSE,TRUE,TRUE,TRUE,"ok","ok","",""
"BaxterE_2016","Baxter 2016",79,"fourfold","Akkermansia",0.825,0.75,0.9,75,90,23653,TRUE,TRUE,TRUE,FALSE,TRUE,TRUE,TRUE,"ok","ok","",""
"BaxterE_2016","Baxter 2016",79,"fourfold","Alistipes",0.915,0.91,0.92,91,92,21894,TRUE,TRUE,TRUE,FALSE,TRUE,TRUE,TRUE,"ok","ok","",""
"BaxterE_2016","Baxter 2016",79,"fourfold","Anaerostipes",0.98,0.96,1,96,100,27072,TRUE,TRUE,TRUE,FALSE,TRUE,TRUE,TRUE,"ok","ok","",""
"BaxterE_2016","Baxter 2016",79,"fourfold","Bacteroides",1,1,1,100,100,104050,TRUE,TRUE,FALSE,TRUE,TRUE,TRUE,TRUE,"no_observed_zeros","ok","",""
"BaxterE_2016","Baxter 2016",79,"fourfold","Bifidobacterium",0.725,0.68,0.77,68,77,6757,TRUE,TRUE,TRUE,FALSE,TRUE,TRUE,TRUE,"ok","ok","",""
"BaxterE_2016","Baxter 2016",79,"fourfold","Blautia",1,1,1,100,100,114018,TRUE,TRUE,FALSE,TRUE,TRUE,TRUE,TRUE,"no_observed_zeros","ok","",""
"BaxterE_2016","Baxter 2016",79,"fourfold","Clostridium_IV",0.97,0.95,0.99,95,99,12970,TRUE,TRUE,TRUE,FALSE,TRUE,TRUE,TRUE,"ok","ok","",""
"BaxterE_2016","Baxter 2016",79,"fourfold","Clostridium_sensu_stricto",0.695,0.62,0.77,62,77,10136,TRUE,TRUE,TRUE,FALSE,TRUE,TRUE,TRUE,"ok","ok","",""
"BaxterE_2016","Baxter 2016",79,"fourfold","Clostridium_XI",0.815,0.77,0.86,77,86,9861,TRUE,TRUE,TRUE,FALSE,TRUE,TRUE,TRUE,"ok","ok","",""
"BaxterE_2016","Baxter 2016",79,"fourfold","Clostridium_XlVa",0.995,0.99,1,99,100,13298,TRUE,TRUE,FALSE,TRUE,TRUE,TRUE,TRUE,"structural_absence_boundary_at_zero","ok","",""
"BaxterE_2016","Baxter 2016",79,"fourfold","Clostridium_XVIII",0.835,0.71,0.96,71,96,5396,TRUE,TRUE,TRUE,FALSE,TRUE,TRUE,TRUE,"ok","ok","",""
"BaxterE_2016","Baxter 2016",79,"fourfold","Collinsella",0.61,0.63,0.59,63,59,6414,TRUE,TRUE,TRUE,FALSE,TRUE,TRUE,TRUE,"ok","ok","",""
"BaxterE_2016","Baxter 2016",79,"fourfold","Coprococcus",0.83,0.77,0.89,77,89,8358,TRUE,TRUE,TRUE,FALSE,TRUE,TRUE,TRUE,"ok","ok","",""
"BaxterE_2016","Baxter 2016",79,"fourfold","Dorea",0.95,0.91,0.99,91,99,12997,TRUE,TRUE,TRUE,FALSE,TRUE,TRUE,TRUE,"ok","ok","",""
"BaxterE_2016","Baxter 2016",79,"fourfold","Escherichia/Shigella",0.695,0.63,0.76,63,76,6731,TRUE,TRUE,TRUE,FALSE,TRUE,TRUE,TRUE,"ok","ok","",""
"BaxterE_2016","Baxter 2016",79,"fourfold","Faecalibacterium",0.99,0.99,0.99,99,99,41904,TRUE,TRUE,TRUE,FALSE,TRUE,TRUE,TRUE,"ok","ok","",""
"BaxterE_2016","Baxter 2016",79,"fourfold","Gemmiger",0.77,0.74,0.8,74,80,8332,TRUE,TRUE,TRUE,FALSE,TRUE,TRUE,TRUE,"ok","ok","",""
"BaxterE_2016","Baxter 2016",79,"fourfold","Lachnospiracea_incertae_sedis",0.995,0.99,1,99,100,31958,TRUE,TRUE,TRUE,FALSE,TRUE,TRUE,TRUE,"ok","ok","",""
"BaxterE_2016","Baxter 2016",79,"fourfold","Methanobrevibacter",0.41,0.38,0.44,38,44,5690,TRUE,TRUE,TRUE,FALSE,TRUE,TRUE,TRUE,"ok","ok","",""
"BaxterE_2016","Baxter 2016",79,"fourfold","Oscillibacter",0.875,0.83,0.92,83,92,10125,TRUE,TRUE,TRUE,FALSE,TRUE,TRUE,TRUE,"ok","ok","",""
"BaxterE_2016","Baxter 2016",79,"fourfold","Parabacteroides",0.68,0.69,0.67,69,67,4694,TRUE,TRUE,TRUE,FALSE,TRUE,TRUE,TRUE,"ok","ok","",""
"BaxterE_2016","Baxter 2016",79,"fourfold","Phascolarctobacterium",0.625,0.53,0.72,53,72,7869,TRUE,TRUE,TRUE,FALSE,TRUE,TRUE,TRUE,"ok","ok","",""
"BaxterE_2016","Baxter 2016",79,"fourfold","Prevotella",0.34,0.33,0.35,33,35,12500,TRUE,TRUE,TRUE,FALSE,TRUE,TRUE,TRUE,"ok","ok","",""
"BaxterE_2016","Baxter 2016",79,"fourfold","Roseburia",0.985,0.98,0.99,98,99,32751,TRUE,TRUE,TRUE,FALSE,TRUE,TRUE,TRUE,"ok","ok","",""
"BaxterE_2016","Baxter 2016",79,"fourfold","Ruminococcus",0.875,0.84,0.91,84,91,25122,TRUE,TRUE,TRUE,FALSE,TRUE,TRUE,TRUE,"ok","ok","",""
"BaxterE_2016","Baxter 2016",79,"fourfold","Ruminococcus2",0.97,0.95,0.99,95,99,16948,TRUE,TRUE,TRUE,FALSE,TRUE,TRUE,TRUE,"ok","ok","",""
"BaxterE_2016","Baxter 2016",79,"fourfold","Streptococcus",0.785,0.65,0.92,65,92,5890,TRUE,TRUE,TRUE,FALSE,TRUE,TRUE,TRUE,"ok","ok","",""
"BaxterE_2016","Baxter 2016",79,"fourfold","Unclassified_Clostridiales",0.92,0.9,0.94,90,94,10285,TRUE,TRUE,TRUE,FALSE,TRUE,TRUE,TRUE,"ok","ok","",""
"BaxterE_2016","Baxter 2016",79,"fourfold","Unclassified_Lachnospiraceae",1,1,1,100,100,34027,TRUE,TRUE,FALSE,TRUE,TRUE,TRUE,TRUE,"no_observed_zeros","ok","",""
"BaxterE_2016","Baxter 2016",79,"fourfold","Unclassified_Ruminococcaceae",0.965,0.96,0.97,96,97,22137,TRUE,TRUE,TRUE,FALSE,TRUE,TRUE,TRUE,"ok","ok","",""
"BaxterE_2016","Baxter 2016",80,"balanced","Akkermansia",0.83,0.81,0.85,81,85,24005,TRUE,TRUE,TRUE,FALSE,TRUE,TRUE,TRUE,"ok","ok","",""
"BaxterE_2016","Baxter 2016",80,"balanced","Alistipes",0.925,0.95,0.9,95,90,25676,TRUE,TRUE,TRUE,FALSE,TRUE,TRUE,TRUE,"ok","ok","",""
"BaxterE_2016","Baxter 2016",80,"balanced","Anaerostipes",0.985,0.98,0.99,98,99,31739,TRUE,TRUE,TRUE,FALSE,TRUE,TRUE,TRUE,"ok","ok","",""
"BaxterE_2016","Baxter 2016",80,"balanced","Bacteroides",1,1,1,100,100,110656,TRUE,TRUE,FALSE,TRUE,TRUE,TRUE,TRUE,"no_observed_zeros","ok","",""
"BaxterE_2016","Baxter 2016",80,"balanced","Bifidobacterium",0.73,0.7,0.76,70,76,10212,TRUE,TRUE,TRUE,FALSE,TRUE,TRUE,TRUE,"ok","ok","",""
"BaxterE_2016","Baxter 2016",80,"balanced","Blautia",0.995,0.99,1,99,100,139082,TRUE,TRUE,TRUE,FALSE,TRUE,TRUE,TRUE,"ok","ok","",""
"BaxterE_2016","Baxter 2016",80,"balanced","Clostridium_IV",0.995,1,0.99,100,99,17250,TRUE,TRUE,FALSE,TRUE,TRUE,TRUE,TRUE,"structural_absence_boundary_at_zero","ok","",""
"BaxterE_2016","Baxter 2016",80,"balanced","Clostridium_sensu_stricto",0.745,0.79,0.7,79,70,9440,TRUE,TRUE,TRUE,FALSE,TRUE,TRUE,TRUE,"ok","ok","",""
"BaxterE_2016","Baxter 2016",80,"balanced","Clostridium_XI",0.835,0.85,0.82,85,82,9715,TRUE,TRUE,TRUE,FALSE,TRUE,TRUE,TRUE,"ok","ok","",""
"BaxterE_2016","Baxter 2016",80,"balanced","Clostridium_XlVa",1,1,1,100,100,15320,TRUE,TRUE,FALSE,TRUE,TRUE,TRUE,TRUE,"no_observed_zeros","ok","",""
"BaxterE_2016","Baxter 2016",80,"balanced","Clostridium_XVIII",0.915,0.9,0.93,90,93,5394,TRUE,TRUE,TRUE,FALSE,TRUE,TRUE,TRUE,"ok","ok","",""
"BaxterE_2016","Baxter 2016",80,"balanced","Collinsella",0.615,0.66,0.57,66,57,8792,TRUE,TRUE,TRUE,FALSE,TRUE,TRUE,TRUE,"ok","ok","",""
"BaxterE_2016","Baxter 2016",80,"balanced","Coprococcus",0.87,0.89,0.85,89,85,9339,TRUE,TRUE,TRUE,FALSE,TRUE,TRUE,TRUE,"ok","ok","",""
"BaxterE_2016","Baxter 2016",80,"balanced","Dorea",0.97,0.97,0.97,97,97,14669,TRUE,TRUE,TRUE,FALSE,TRUE,TRUE,TRUE,"ok","ok","",""
"BaxterE_2016","Baxter 2016",80,"balanced","Escherichia/Shigella",0.77,0.74,0.8,74,80,6572,TRUE,TRUE,FALSE,TRUE,TRUE,TRUE,TRUE,"structural_absence_boundary_at_zero","ok","",""
"BaxterE_2016","Baxter 2016",80,"balanced","Faecalibacterium",0.99,1,0.98,100,98,44081,TRUE,TRUE,TRUE,FALSE,TRUE,TRUE,TRUE,"ok","ok","",""
"BaxterE_2016","Baxter 2016",80,"balanced","Gemmiger",0.79,0.81,0.77,81,77,8510,TRUE,TRUE,TRUE,FALSE,TRUE,TRUE,TRUE,"ok","ok","",""
"BaxterE_2016","Baxter 2016",80,"balanced","Lachnospiracea_incertae_sedis",1,1,1,100,100,33848,TRUE,TRUE,FALSE,TRUE,TRUE,TRUE,TRUE,"no_observed_zeros","ok","",""
"BaxterE_2016","Baxter 2016",80,"balanced","Methanobrevibacter",0.395,0.45,0.34,45,34,6178,TRUE,TRUE,TRUE,FALSE,TRUE,TRUE,TRUE,"ok","ok","",""
"BaxterE_2016","Baxter 2016",80,"balanced","Oscillibacter",0.895,0.91,0.88,91,88,10369,TRUE,TRUE,TRUE,FALSE,TRUE,TRUE,TRUE,"ok","ok","",""
"BaxterE_2016","Baxter 2016",80,"balanced","Parabacteroides",0.72,0.76,0.68,76,68,5171,TRUE,TRUE,TRUE,FALSE,TRUE,TRUE,TRUE,"ok","ok","",""
"BaxterE_2016","Baxter 2016",80,"balanced","Phascolarctobacterium",0.665,0.72,0.61,72,61,7478,TRUE,TRUE,TRUE,FALSE,TRUE,TRUE,TRUE,"ok","ok","",""
"BaxterE_2016","Baxter 2016",80,"balanced","Prevotella",0.37,0.42,0.32,42,32,12831,TRUE,TRUE,TRUE,FALSE,TRUE,TRUE,TRUE,"ok","ok","",""
"BaxterE_2016","Baxter 2016",80,"balanced","Roseburia",0.985,0.99,0.98,99,98,34643,TRUE,TRUE,TRUE,FALSE,TRUE,TRUE,TRUE,"ok","ok","",""
"BaxterE_2016","Baxter 2016",80,"balanced","Ruminococcus",0.885,0.9,0.87,90,87,25260,TRUE,TRUE,TRUE,FALSE,TRUE,TRUE,TRUE,"ok","ok","",""
"BaxterE_2016","Baxter 2016",80,"balanced","Ruminococcus2",0.96,0.97,0.95,97,95,18040,TRUE,TRUE,TRUE,FALSE,TRUE,TRUE,TRUE,"ok","ok","",""
"BaxterE_2016","Baxter 2016",80,"balanced","Streptococcus",0.87,0.84,0.9,84,90,7250,TRUE,TRUE,TRUE,FALSE,TRUE,TRUE,TRUE,"ok","ok","",""
"BaxterE_2016","Baxter 2016",80,"balanced","Unclassified_Clostridiales",0.91,0.95,0.87,95,87,11022,TRUE,TRUE,TRUE,FALSE,TRUE,TRUE,TRUE,"ok","ok","",""
"BaxterE_2016","Baxter 2016",80,"balanced","Unclassified_Lachnospiraceae",1,1,1,100,100,37893,TRUE,TRUE,FALSE,TRUE,TRUE,TRUE,TRUE,"no_observed_zeros","ok","",""
"BaxterE_2016","Baxter 2016",80,"balanced","Unclassified_Ruminococcaceae",0.97,0.98,0.96,98,96,23571,TRUE,TRUE,TRUE,FALSE,TRUE,TRUE,TRUE,"ok","ok","",""
"BaxterE_2016","Baxter 2016",80,"fourfold","Akkermansia",0.84,0.8,0.88,80,88,21022,TRUE,TRUE,TRUE,FALSE,TRUE,TRUE,TRUE,"ok","ok","",""
"BaxterE_2016","Baxter 2016",80,"fourfold","Alistipes",0.905,0.9,0.91,90,91,20162,TRUE,TRUE,TRUE,FALSE,TRUE,TRUE,TRUE,"ok","ok","",""
"BaxterE_2016","Baxter 2016",80,"fourfold","Anaerostipes",0.975,0.96,0.99,96,99,29490,TRUE,TRUE,TRUE,FALSE,TRUE,TRUE,TRUE,"ok","ok","",""
"BaxterE_2016","Baxter 2016",80,"fourfold","Bacteroides",0.995,0.99,1,99,100,121753,TRUE,TRUE,FALSE,TRUE,TRUE,TRUE,TRUE,"structural_absence_boundary_at_zero","ok","",""
"BaxterE_2016","Baxter 2016",80,"fourfold","Bifidobacterium",0.745,0.68,0.81,68,81,7130,TRUE,TRUE,TRUE,FALSE,TRUE,TRUE,TRUE,"ok","ok","",""
"BaxterE_2016","Baxter 2016",80,"fourfold","Blautia",1,1,1,100,100,127823,TRUE,TRUE,FALSE,TRUE,TRUE,TRUE,TRUE,"no_observed_zeros","ok","",""
"BaxterE_2016","Baxter 2016",80,"fourfold","Clostridium_IV",0.995,1,0.99,100,99,15708,TRUE,TRUE,TRUE,FALSE,TRUE,TRUE,TRUE,"ok","ok","",""
"BaxterE_2016","Baxter 2016",80,"fourfold","Clostridium_sensu_stricto",0.71,0.68,0.74,68,74,8731,TRUE,TRUE,TRUE,FALSE,TRUE,TRUE,TRUE,"ok","ok","",""
"BaxterE_2016","Baxter 2016",80,"fourfold","Clostridium_XI",0.805,0.76,0.85,76,85,8540,TRUE,TRUE,TRUE,FALSE,TRUE,TRUE,TRUE,"ok","ok","",""
"BaxterE_2016","Baxter 2016",80,"fourfold","Clostridium_XlVa",0.99,0.98,1,98,100,14967,TRUE,TRUE,TRUE,FALSE,TRUE,TRUE,TRUE,"ok","ok","",""
"BaxterE_2016","Baxter 2016",80,"fourfold","Clostridium_XVIII",0.855,0.75,0.96,75,96,4573,TRUE,TRUE,TRUE,FALSE,TRUE,TRUE,TRUE,"ok","ok","",""
"BaxterE_2016","Baxter 2016",80,"fourfold","Collinsella",0.59,0.61,0.57,61,57,6412,TRUE,TRUE,TRUE,FALSE,TRUE,TRUE,TRUE,"ok","ok","",""
"BaxterE_2016","Baxter 2016",80,"fourfold","Coprococcus",0.86,0.86,0.86,86,86,8620,TRUE,TRUE,TRUE,FALSE,TRUE,TRUE,TRUE,"ok","ok","",""
"BaxterE_2016","Baxter 2016",80,"fourfold","Dorea",0.95,0.95,0.95,95,95,13206,TRUE,TRUE,TRUE,FALSE,TRUE,TRUE,TRUE,"ok","ok","",""
"BaxterE_2016","Baxter 2016",80,"fourfold","Escherichia/Shigella",0.73,0.62,0.84,62,84,6928,TRUE,TRUE,FALSE,TRUE,TRUE,TRUE,TRUE,"structural_absence_boundary_at_zero","ok","",""
"BaxterE_2016","Baxter 2016",80,"fourfold","Faecalibacterium",0.98,0.98,0.98,98,98,43710,TRUE,TRUE,TRUE,FALSE,TRUE,TRUE,TRUE,"ok","ok","",""
"BaxterE_2016","Baxter 2016",80,"fourfold","Gemmiger",0.755,0.77,0.74,77,74,9047,TRUE,TRUE,TRUE,FALSE,TRUE,TRUE,TRUE,"ok","ok","",""
"BaxterE_2016","Baxter 2016",80,"fourfold","Lachnospiracea_incertae_sedis",1,1,1,100,100,33460,TRUE,TRUE,FALSE,TRUE,TRUE,TRUE,TRUE,"no_observed_zeros","ok","",""
"BaxterE_2016","Baxter 2016",80,"fourfold","Methanobrevibacter",0.4,0.42,0.38,42,38,5275,TRUE,TRUE,TRUE,FALSE,TRUE,TRUE,TRUE,"ok","ok","",""
"BaxterE_2016","Baxter 2016",80,"fourfold","Oscillibacter",0.89,0.87,0.91,87,91,8098,TRUE,TRUE,TRUE,FALSE,TRUE,TRUE,TRUE,"ok","ok","",""
"BaxterE_2016","Baxter 2016",80,"fourfold","Parabacteroides",0.685,0.68,0.69,68,69,4441,TRUE,TRUE,TRUE,FALSE,TRUE,TRUE,TRUE,"ok","ok","",""
"BaxterE_2016","Baxter 2016",80,"fourfold","Phascolarctobacterium",0.65,0.68,0.62,68,62,6222,TRUE,TRUE,TRUE,FALSE,TRUE,TRUE,TRUE,"ok","ok","",""
"BaxterE_2016","Baxter 2016",80,"fourfold","Prevotella",0.36,0.37,0.35,37,35,11885,TRUE,TRUE,TRUE,FALSE,TRUE,TRUE,TRUE,"ok","ok","",""
"BaxterE_2016","Baxter 2016",80,"fourfold","Roseburia",0.985,1,0.97,100,97,32421,TRUE,TRUE,TRUE,FALSE,TRUE,TRUE,TRUE,"ok","ok","",""
"BaxterE_2016","Baxter 2016",80,"fourfold","Ruminococcus",0.89,0.88,0.9,88,90,22443,TRUE,TRUE,TRUE,FALSE,TRUE,TRUE,TRUE,"ok","ok","",""
"BaxterE_2016","Baxter 2016",80,"fourfold","Ruminococcus2",0.965,0.96,0.97,96,97,15237,TRUE,TRUE,TRUE,FALSE,TRUE,TRUE,TRUE,"ok","ok","",""
"BaxterE_2016","Baxter 2016",80,"fourfold","Streptococcus",0.83,0.76,0.9,76,90,5962,TRUE,TRUE,TRUE,FALSE,TRUE,TRUE,TRUE,"ok","ok","",""
"BaxterE_2016","Baxter 2016",80,"fourfold","Unclassified_Clostridiales",0.925,0.93,0.92,93,92,10358,TRUE,TRUE,TRUE,FALSE,TRUE,TRUE,TRUE,"ok","ok","",""
"BaxterE_2016","Baxter 2016",80,"fourfold","Unclassified_Lachnospiraceae",0.995,0.99,1,99,100,35187,TRUE,TRUE,TRUE,FALSE,TRUE,TRUE,TRUE,"ok","ok","",""
"BaxterE_2016","Baxter 2016",80,"fourfold","Unclassified_Ruminococcaceae",0.975,0.97,0.98,97,98,23089,TRUE,TRUE,TRUE,FALSE,TRUE,TRUE,TRUE,"ok","ok","",""
"BaxterE_2016","Baxter 2016",81,"balanced","Akkermansia",0.85,0.9,0.8,90,80,23981,TRUE,TRUE,TRUE,FALSE,TRUE,TRUE,TRUE,"ok","ok","",""
"BaxterE_2016","Baxter 2016",81,"balanced","Alistipes",0.92,0.94,0.9,94,90,25893,TRUE,TRUE,TRUE,FALSE,TRUE,TRUE,TRUE,"ok","ok","",""
"BaxterE_2016","Baxter 2016",81,"balanced","Anaerostipes",0.985,0.99,0.98,99,98,29284,TRUE,TRUE,TRUE,FALSE,TRUE,TRUE,TRUE,"ok","ok","",""
"BaxterE_2016","Baxter 2016",81,"balanced","Bacteroides",1,1,1,100,100,123212,TRUE,TRUE,FALSE,TRUE,TRUE,TRUE,TRUE,"no_observed_zeros","ok","",""
"BaxterE_2016","Baxter 2016",81,"balanced","Bifidobacterium",0.735,0.76,0.71,76,71,8647,TRUE,TRUE,TRUE,FALSE,TRUE,TRUE,TRUE,"ok","ok","",""
"BaxterE_2016","Baxter 2016",81,"balanced","Blautia",1,1,1,100,100,135957,TRUE,TRUE,FALSE,TRUE,TRUE,TRUE,TRUE,"no_observed_zeros","ok","",""
"BaxterE_2016","Baxter 2016",81,"balanced","Clostridium_IV",0.99,0.99,0.99,99,99,15934,TRUE,TRUE,TRUE,FALSE,TRUE,TRUE,TRUE,"ok","ok","",""
"BaxterE_2016","Baxter 2016",81,"balanced","Clostridium_sensu_stricto",0.755,0.79,0.72,79,72,8118,TRUE,TRUE,TRUE,FALSE,TRUE,TRUE,TRUE,"ok","ok","",""
"BaxterE_2016","Baxter 2016",81,"balanced","Clostridium_XI",0.845,0.86,0.83,86,83,7853,TRUE,TRUE,TRUE,FALSE,TRUE,TRUE,TRUE,"ok","ok","",""
"BaxterE_2016","Baxter 2016",81,"balanced","Clostridium_XlVa",1,1,1,100,100,15583,TRUE,TRUE,FALSE,TRUE,TRUE,TRUE,TRUE,"no_observed_zeros","ok","",""
"BaxterE_2016","Baxter 2016",81,"balanced","Clostridium_XVIII",0.89,0.89,0.89,89,89,5349,TRUE,TRUE,TRUE,FALSE,TRUE,TRUE,TRUE,"ok","ok","",""
"BaxterE_2016","Baxter 2016",81,"balanced","Collinsella",0.62,0.64,0.6,64,60,8316,TRUE,TRUE,TRUE,FALSE,TRUE,TRUE,TRUE,"ok","ok","",""
"BaxterE_2016","Baxter 2016",81,"balanced","Coprococcus",0.87,0.83,0.91,83,91,8975,TRUE,TRUE,TRUE,FALSE,TRUE,TRUE,TRUE,"ok","ok","",""
"BaxterE_2016","Baxter 2016",81,"balanced","Dorea",0.965,0.96,0.97,96,97,14141,TRUE,TRUE,TRUE,FALSE,TRUE,TRUE,TRUE,"ok","ok","",""
"BaxterE_2016","Baxter 2016",81,"balanced","Escherichia/Shigella",0.765,0.84,0.69,84,69,6486,TRUE,TRUE,TRUE,FALSE,TRUE,TRUE,TRUE,"ok","ok","",""
"BaxterE_2016","Baxter 2016",81,"balanced","Faecalibacterium",0.985,0.99,0.98,99,98,45405,TRUE,TRUE,TRUE,FALSE,TRUE,TRUE,TRUE,"ok","ok","",""
"BaxterE_2016","Baxter 2016",81,"balanced","Gemmiger",0.785,0.77,0.8,77,80,10063,TRUE,TRUE,TRUE,FALSE,TRUE,TRUE,TRUE,"ok","ok","",""
"BaxterE_2016","Baxter 2016",81,"balanced","Lachnospiracea_incertae_sedis",1,1,1,100,100,35705,TRUE,TRUE,FALSE,TRUE,TRUE,TRUE,TRUE,"no_observed_zeros","ok","",""
"BaxterE_2016","Baxter 2016",81,"balanced","Methanobrevibacter",0.41,0.43,0.39,43,39,5787,TRUE,TRUE,TRUE,FALSE,TRUE,TRUE,TRUE,"ok","ok","",""
"BaxterE_2016","Baxter 2016",81,"balanced","Oscillibacter",0.905,0.89,0.92,89,92,9721,TRUE,TRUE,TRUE,FALSE,TRUE,TRUE,TRUE,"ok","ok","",""
"BaxterE_2016","Baxter 2016",81,"balanced","Parabacteroides",0.695,0.66,0.73,66,73,5579,TRUE,TRUE,TRUE,FALSE,TRUE,TRUE,TRUE,"ok","ok","",""
"BaxterE_2016","Baxter 2016",81,"balanced","Phascolarctobacterium",0.65,0.64,0.66,64,66,8029,TRUE,TRUE,TRUE,FALSE,TRUE,TRUE,TRUE,"ok","ok","",""
"BaxterE_2016","Baxter 2016",81,"balanced","Prevotella",0.375,0.42,0.33,42,33,14301,TRUE,TRUE,TRUE,FALSE,TRUE,TRUE,TRUE,"ok","ok","",""
"BaxterE_2016","Baxter 2016",81,"balanced","Roseburia",0.985,0.98,0.99,98,99,32557,TRUE,TRUE,TRUE,FALSE,TRUE,TRUE,TRUE,"ok","ok","",""
"BaxterE_2016","Baxter 2016",81,"balanced","Ruminococcus",0.885,0.9,0.87,90,87,24069,TRUE,TRUE,TRUE,FALSE,TRUE,TRUE,TRUE,"ok","ok","",""
"BaxterE_2016","Baxter 2016",81,"balanced","Ruminococcus2",0.99,0.99,0.99,99,99,18114,TRUE,TRUE,TRUE,FALSE,TRUE,TRUE,TRUE,"ok","ok","",""
"BaxterE_2016","Baxter 2016",81,"balanced","Streptococcus",0.875,0.83,0.92,83,92,5864,TRUE,TRUE,TRUE,FALSE,TRUE,TRUE,TRUE,"ok","ok","",""
"BaxterE_2016","Baxter 2016",81,"balanced","Unclassified_Clostridiales",0.92,0.93,0.91,93,91,10976,TRUE,TRUE,TRUE,FALSE,TRUE,TRUE,TRUE,"ok","ok","",""
"BaxterE_2016","Baxter 2016",81,"balanced","Unclassified_Lachnospiraceae",1,1,1,100,100,36602,TRUE,TRUE,FALSE,TRUE,TRUE,TRUE,TRUE,"no_observed_zeros","ok","",""
"BaxterE_2016","Baxter 2016",81,"balanced","Unclassified_Ruminococcaceae",0.975,0.96,0.99,96,99,23425,TRUE,TRUE,TRUE,FALSE,TRUE,TRUE,TRUE,"ok","ok","",""
"BaxterE_2016","Baxter 2016",81,"fourfold","Akkermansia",0.8,0.79,0.81,79,81,26114,TRUE,TRUE,TRUE,FALSE,TRUE,TRUE,TRUE,"ok","ok","",""
"BaxterE_2016","Baxter 2016",81,"fourfold","Alistipes",0.915,0.92,0.91,92,91,25656,TRUE,TRUE,TRUE,FALSE,TRUE,TRUE,TRUE,"ok","ok","",""
"BaxterE_2016","Baxter 2016",81,"fourfold","Anaerostipes",0.975,0.97,0.98,97,98,26662,TRUE,TRUE,TRUE,FALSE,TRUE,TRUE,TRUE,"ok","ok","",""
"BaxterE_2016","Baxter 2016",81,"fourfold","Bacteroides",1,1,1,100,100,120457,TRUE,TRUE,FALSE,TRUE,TRUE,TRUE,TRUE,"no_observed_zeros","ok","",""
"BaxterE_2016","Baxter 2016",81,"fourfold","Bifidobacterium",0.725,0.74,0.71,74,71,8598,TRUE,TRUE,TRUE,FALSE,TRUE,TRUE,TRUE,"ok","ok","",""
"BaxterE_2016","Baxter 2016",81,"fourfold","Blautia",1,1,1,100,100,136354,TRUE,TRUE,FALSE,TRUE,TRUE,TRUE,TRUE,"no_observed_zeros","ok","",""
"BaxterE_2016","Baxter 2016",81,"fourfold","Clostridium_IV",0.985,0.97,1,97,100,18841,TRUE,TRUE,FALSE,TRUE,TRUE,TRUE,TRUE,"structural_absence_boundary_at_zero","ok","",""
"BaxterE_2016","Baxter 2016",81,"fourfold","Clostridium_sensu_stricto",0.7,0.65,0.75,65,75,8102,TRUE,TRUE,TRUE,FALSE,TRUE,TRUE,TRUE,"ok","ok","",""
"BaxterE_2016","Baxter 2016",81,"fourfold","Clostridium_XI",0.825,0.81,0.84,81,84,7627,TRUE,TRUE,TRUE,FALSE,TRUE,TRUE,TRUE,"ok","ok","",""
"BaxterE_2016","Baxter 2016",81,"fourfold","Clostridium_XlVa",1,1,1,100,100,17231,TRUE,TRUE,FALSE,TRUE,TRUE,TRUE,TRUE,"no_observed_zeros","ok","",""
"BaxterE_2016","Baxter 2016",81,"fourfold","Clostridium_XVIII",0.86,0.83,0.89,83,89,5351,TRUE,TRUE,TRUE,FALSE,TRUE,TRUE,TRUE,"ok","ok","",""
"BaxterE_2016","Baxter 2016",81,"fourfold","Collinsella",0.59,0.58,0.6,58,60,7199,TRUE,TRUE,TRUE,FALSE,TRUE,TRUE,TRUE,"ok","ok","",""
"BaxterE_2016","Baxter 2016",81,"fourfold","Coprococcus",0.855,0.82,0.89,82,89,9091,TRUE,TRUE,TRUE,FALSE,TRUE,TRUE,TRUE,"ok","ok","",""
"BaxterE_2016","Baxter 2016",81,"fourfold","Dorea",0.96,0.95,0.97,95,97,13414,TRUE,TRUE,TRUE,FALSE,TRUE,TRUE,TRUE,"ok","ok","",""
"BaxterE_2016","Baxter 2016",81,"fourfold","Escherichia/Shigella",0.7,0.7,0.7,70,70,4973,TRUE,TRUE,TRUE,FALSE,TRUE,TRUE,TRUE,"ok","ok","",""
"BaxterE_2016","Baxter 2016",81,"fourfold","Faecalibacterium",0.985,0.98,0.99,98,99,44312,TRUE,TRUE,TRUE,FALSE,TRUE,TRUE,TRUE,"ok","ok","",""
"BaxterE_2016","Baxter 2016",81,"fourfold","Gemmiger",0.77,0.72,0.82,72,82,9490,TRUE,TRUE,TRUE,FALSE,TRUE,TRUE,TRUE,"ok","ok","",""
"BaxterE_2016","Baxter 2016",81,"fourfold","Lachnospiracea_incertae_sedis",0.995,0.99,1,99,100,31517,TRUE,TRUE,TRUE,FALSE,TRUE,TRUE,TRUE,"ok","ok","",""
"BaxterE_2016","Baxter 2016",81,"fourfold","Methanobrevibacter",0.395,0.38,0.41,38,41,5311,TRUE,TRUE,TRUE,FALSE,TRUE,TRUE,TRUE,"ok","ok","",""
"BaxterE_2016","Baxter 2016",81,"fourfold","Oscillibacter",0.88,0.83,0.93,83,93,9816,TRUE,TRUE,TRUE,FALSE,TRUE,TRUE,TRUE,"ok","ok","",""
"BaxterE_2016","Baxter 2016",81,"fourfold","Parabacteroides",0.7,0.63,0.77,63,77,5703,TRUE,TRUE,TRUE,FALSE,TRUE,TRUE,TRUE,"ok","ok","",""
"BaxterE_2016","Baxter 2016",81,"fourfold","Phascolarctobacterium",0.65,0.58,0.72,58,72,7706,TRUE,TRUE,TRUE,FALSE,TRUE,TRUE,TRUE,"ok","ok","",""
"BaxterE_2016","Baxter 2016",81,"fourfold","Prevotella",0.34,0.33,0.35,33,35,20923,TRUE,TRUE,TRUE,FALSE,TRUE,TRUE,TRUE,"ok","ok","",""
"BaxterE_2016","Baxter 2016",81,"fourfold","Roseburia",0.97,0.95,0.99,95,99,32275,TRUE,TRUE,TRUE,FALSE,TRUE,TRUE,TRUE,"ok","ok","",""
"BaxterE_2016","Baxter 2016",81,"fourfold","Ruminococcus",0.88,0.87,0.89,87,89,24479,TRUE,TRUE,TRUE,FALSE,TRUE,TRUE,TRUE,"ok","ok","",""
"BaxterE_2016","Baxter 2016",81,"fourfold","Ruminococcus2",0.975,0.97,0.98,97,98,18568,TRUE,TRUE,TRUE,FALSE,TRUE,TRUE,TRUE,"ok","ok","",""
"BaxterE_2016","Baxter 2016",81,"fourfold","Streptococcus",0.855,0.78,0.93,78,93,5119,TRUE,TRUE,FALSE,TRUE,TRUE,TRUE,TRUE,"structural_absence_boundary_at_zero","ok","",""
"BaxterE_2016","Baxter 2016",81,"fourfold","Unclassified_Clostridiales",0.9,0.88,0.92,88,92,10957,TRUE,TRUE,TRUE,FALSE,TRUE,TRUE,TRUE,"ok","ok","",""
"BaxterE_2016","Baxter 2016",81,"fourfold","Unclassified_Lachnospiraceae",1,1,1,100,100,36637,TRUE,TRUE,FALSE,TRUE,TRUE,TRUE,TRUE,"no_observed_zeros","ok","",""
"BaxterE_2016","Baxter 2016",81,"fourfold","Unclassified_Ruminococcaceae",0.97,0.95,0.99,95,99,24274,TRUE,TRUE,TRUE,FALSE,TRUE,TRUE,TRUE,"ok","ok","",""
"BaxterE_2016","Baxter 2016",82,"balanced","Akkermansia",0.82,0.81,0.83,81,83,23984,TRUE,TRUE,TRUE,FALSE,TRUE,TRUE,TRUE,"ok","ok","",""
"BaxterE_2016","Baxter 2016",82,"balanced","Alistipes",0.91,0.91,0.91,91,91,25492,TRUE,TRUE,TRUE,FALSE,TRUE,TRUE,TRUE,"ok","ok","",""
"BaxterE_2016","Baxter 2016",82,"balanced","Anaerostipes",0.985,0.98,0.99,98,99,30318,TRUE,TRUE,TRUE,FALSE,TRUE,TRUE,TRUE,"ok","ok","",""
"BaxterE_2016","Baxter 2016",82,"balanced","Bacteroides",0.995,1,0.99,100,99,126607,TRUE,TRUE,TRUE,FALSE,TRUE,TRUE,TRUE,"ok","ok","",""
"BaxterE_2016","Baxter 2016",82,"balanced","Bifidobacterium",0.745,0.7,0.79,70,79,8523,TRUE,TRUE,TRUE,FALSE,TRUE,TRUE,TRUE,"ok","ok","",""
"BaxterE_2016","Baxter 2016",82,"balanced","Blautia",1,1,1,100,100,131740,TRUE,TRUE,FALSE,TRUE,TRUE,TRUE,TRUE,"no_observed_zeros","ok","",""
"BaxterE_2016","Baxter 2016",82,"balanced","Clostridium_IV",0.995,0.99,1,99,100,15148,TRUE,TRUE,FALSE,TRUE,TRUE,TRUE,TRUE,"structural_absence_boundary_at_zero","ok","",""
"BaxterE_2016","Baxter 2016",82,"balanced","Clostridium_sensu_stricto",0.725,0.74,0.71,74,71,8789,TRUE,TRUE,TRUE,FALSE,TRUE,TRUE,TRUE,"ok","ok","",""
"BaxterE_2016","Baxter 2016",82,"balanced","Clostridium_XI",0.825,0.85,0.8,85,80,9618,TRUE,TRUE,TRUE,FALSE,TRUE,TRUE,TRUE,"ok","ok","",""
"BaxterE_2016","Baxter 2016",82,"balanced","Clostridium_XlVa",1,1,1,100,100,14962,TRUE,TRUE,FALSE,TRUE,TRUE,TRUE,TRUE,"no_observed_zeros","ok","",""
"BaxterE_2016","Baxter 2016",82,"balanced","Clostridium_XVIII",0.875,0.88,0.87,88,87,5233,TRUE,TRUE,TRUE,FALSE,TRUE,TRUE,TRUE,"ok","ok","",""
"BaxterE_2016","Baxter 2016",82,"balanced","Collinsella",0.605,0.58,0.63,58,63,8119,TRUE,TRUE,TRUE,FALSE,TRUE,TRUE,TRUE,"ok","ok","",""
"BaxterE_2016","Baxter 2016",82,"balanced","Coprococcus",0.87,0.87,0.87,87,87,8992,TRUE,TRUE,TRUE,FALSE,TRUE,TRUE,TRUE,"ok","ok","",""
"BaxterE_2016","Baxter 2016",82,"balanced","Dorea",0.945,0.94,0.95,94,95,14253,TRUE,TRUE,TRUE,FALSE,TRUE,TRUE,TRUE,"ok","ok","",""
"BaxterE_2016","Baxter 2016",82,"balanced","Escherichia/Shigella",0.765,0.73,0.8,73,80,6675,TRUE,TRUE,TRUE,FALSE,TRUE,TRUE,TRUE,"ok","ok","",""
"BaxterE_2016","Baxter 2016",82,"balanced","Faecalibacterium",0.985,0.98,0.99,98,99,45141,TRUE,TRUE,TRUE,FALSE,TRUE,TRUE,TRUE,"ok","ok","",""
"BaxterE_2016","Baxter 2016",82,"balanced","Gemmiger",0.8,0.77,0.83,77,83,9058,TRUE,TRUE,TRUE,FALSE,TRUE,TRUE,TRUE,"ok","ok","",""
"BaxterE_2016","Baxter 2016",82,"balanced","Lachnospiracea_incertae_sedis",1,1,1,100,100,34169,TRUE,TRUE,FALSE,TRUE,TRUE,TRUE,TRUE,"no_observed_zeros","ok","",""
"BaxterE_2016","Baxter 2016",82,"balanced","Methanobrevibacter",0.395,0.33,0.46,33,46,5649,TRUE,TRUE,TRUE,FALSE,TRUE,TRUE,TRUE,"ok","ok","",""
"BaxterE_2016","Baxter 2016",82,"balanced","Oscillibacter",0.915,0.91,0.92,91,92,10219,TRUE,TRUE,TRUE,FALSE,TRUE,TRUE,TRUE,"ok","ok","",""
"BaxterE_2016","Baxter 2016",82,"balanced","Parabacteroides",0.725,0.7,0.75,70,75,5525,TRUE,TRUE,TRUE,FALSE,TRUE,TRUE,TRUE,"ok","ok","",""
"BaxterE_2016","Baxter 2016",82,"balanced","Phascolarctobacterium",0.655,0.64,0.67,64,67,7428,TRUE,TRUE,TRUE,FALSE,TRUE,TRUE,TRUE,"ok","ok","",""
"BaxterE_2016","Baxter 2016",82,"balanced","Prevotella",0.355,0.34,0.37,34,37,13279,TRUE,TRUE,TRUE,FALSE,TRUE,TRUE,TRUE,"ok","ok","",""
"BaxterE_2016","Baxter 2016",82,"balanced","Roseburia",0.985,0.99,0.98,99,98,33398,TRUE,TRUE,TRUE,FALSE,TRUE,TRUE,TRUE,"ok","ok","",""
"BaxterE_2016","Baxter 2016",82,"balanced","Ruminococcus",0.9,0.9,0.9,90,90,23943,TRUE,TRUE,TRUE,FALSE,TRUE,TRUE,TRUE,"ok","ok","",""
"BaxterE_2016","Baxter 2016",82,"balanced","Ruminococcus2",0.98,0.97,0.99,97,99,17444,TRUE,TRUE,TRUE,FALSE,TRUE,TRUE,TRUE,"ok","ok","",""
"BaxterE_2016","Baxter 2016",82,"balanced","Streptococcus",0.875,0.88,0.87,88,87,7429,TRUE,TRUE,TRUE,FALSE,TRUE,TRUE,TRUE,"ok","ok","",""
"BaxterE_2016","Baxter 2016",82,"balanced","Unclassified_Clostridiales",0.935,0.92,0.95,92,95,10936,TRUE,TRUE,TRUE,FALSE,TRUE,TRUE,TRUE,"ok","ok","",""
"BaxterE_2016","Baxter 2016",82,"balanced","Unclassified_Lachnospiraceae",1,1,1,100,100,36117,TRUE,TRUE,FALSE,TRUE,TRUE,TRUE,TRUE,"no_observed_zeros","ok","",""
"BaxterE_2016","Baxter 2016",82,"balanced","Unclassified_Ruminococcaceae",0.985,0.99,0.98,99,98,24090,TRUE,TRUE,TRUE,FALSE,TRUE,TRUE,TRUE,"ok","ok","",""
"BaxterE_2016","Baxter 2016",82,"fourfold","Akkermansia",0.805,0.71,0.9,71,90,24428,TRUE,TRUE,TRUE,FALSE,TRUE,TRUE,TRUE,"ok","ok","",""
"BaxterE_2016","Baxter 2016",82,"fourfold","Alistipes",0.92,0.89,0.95,89,95,23469,TRUE,TRUE,TRUE,FALSE,TRUE,TRUE,TRUE,"ok","ok","",""
"BaxterE_2016","Baxter 2016",82,"fourfold","Anaerostipes",0.985,0.98,0.99,98,99,28250,TRUE,TRUE,TRUE,FALSE,TRUE,TRUE,TRUE,"ok","ok","",""
"BaxterE_2016","Baxter 2016",82,"fourfold","Bacteroides",1,1,1,100,100,116667,TRUE,TRUE,FALSE,TRUE,TRUE,TRUE,TRUE,"no_observed_zeros","ok","",""
"BaxterE_2016","Baxter 2016",82,"fourfold","Bifidobacterium",0.7,0.62,0.78,62,78,8638,TRUE,TRUE,TRUE,FALSE,TRUE,TRUE,TRUE,"ok","ok","",""
"BaxterE_2016","Baxter 2016",82,"fourfold","Blautia",1,1,1,100,100,125326,TRUE,TRUE,FALSE,TRUE,TRUE,TRUE,TRUE,"no_observed_zeros","ok","",""
"BaxterE_2016","Baxter 2016",82,"fourfold","Clostridium_IV",0.975,0.95,1,95,100,19424,TRUE,TRUE,FALSE,TRUE,TRUE,TRUE,TRUE,"structural_absence_boundary_at_zero","ok","",""
"BaxterE_2016","Baxter 2016",82,"fourfold","Clostridium_sensu_stricto",0.71,0.67,0.75,67,75,9537,TRUE,TRUE,TRUE,FALSE,TRUE,TRUE,TRUE,"ok","ok","",""
"BaxterE_2016","Baxter 2016",82,"fourfold","Clostridium_XI",0.85,0.84,0.86,84,86,9031,TRUE,TRUE,TRUE,FALSE,TRUE,TRUE,TRUE,"ok","ok","",""
"BaxterE_2016","Baxter 2016",82,"fourfold","Clostridium_XlVa",1,1,1,100,100,16091,TRUE,TRUE,FALSE,TRUE,TRUE,TRUE,TRUE,"no_observed_zeros","ok","",""
"BaxterE_2016","Baxter 2016",82,"fourfold","Clostridium_XVIII",0.85,0.78,0.92,78,92,4419,TRUE,TRUE,TRUE,FALSE,TRUE,TRUE,TRUE,"ok","ok","",""
"BaxterE_2016","Baxter 2016",82,"fourfold","Collinsella",0.58,0.52,0.64,52,64,7022,TRUE,TRUE,TRUE,FALSE,TRUE,TRUE,TRUE,"ok","ok","",""
"BaxterE_2016","Baxter 2016",82,"fourfold","Coprococcus",0.865,0.86,0.87,86,87,8677,TRUE,TRUE,TRUE,FALSE,TRUE,TRUE,TRUE,"ok","ok","",""
"BaxterE_2016","Baxter 2016",82,"fourfold","Dorea",0.94,0.91,0.97,91,97,12603,TRUE,TRUE,TRUE,FALSE,TRUE,TRUE,TRUE,"ok","ok","",""
"BaxterE_2016","Baxter 2016",82,"fourfold","Escherichia/Shigella",0.745,0.67,0.82,67,82,6762,TRUE,TRUE,FALSE,TRUE,TRUE,TRUE,TRUE,"structural_absence_boundary_at_zero","ok","",""
"BaxterE_2016","Baxter 2016",82,"fourfold","Faecalibacterium",0.985,0.98,0.99,98,99,48090,TRUE,TRUE,TRUE,FALSE,TRUE,TRUE,TRUE,"ok","ok","",""
"BaxterE_2016","Baxter 2016",82,"fourfold","Gemmiger",0.775,0.73,0.82,73,82,8355,TRUE,TRUE,TRUE,FALSE,TRUE,TRUE,TRUE,"ok","ok","",""
"BaxterE_2016","Baxter 2016",82,"fourfold","Lachnospiracea_incertae_sedis",1,1,1,100,100,34776,TRUE,TRUE,FALSE,TRUE,TRUE,TRUE,TRUE,"no_observed_zeros","ok","",""
"BaxterE_2016","Baxter 2016",82,"fourfold","Methanobrevibacter",0.41,0.32,0.5,32,50,6327,TRUE,TRUE,TRUE,FALSE,TRUE,TRUE,TRUE,"ok","ok","",""
"BaxterE_2016","Baxter 2016",82,"fourfold","Oscillibacter",0.875,0.84,0.91,84,91,10033,TRUE,TRUE,TRUE,FALSE,TRUE,TRUE,TRUE,"ok","ok","",""
"BaxterE_2016","Baxter 2016",82,"fourfold","Parabacteroides",0.725,0.67,0.78,67,78,5137,TRUE,TRUE,TRUE,FALSE,TRUE,TRUE,TRUE,"ok","ok","",""
"BaxterE_2016","Baxter 2016",82,"fourfold","Phascolarctobacterium",0.63,0.58,0.68,58,68,5711,TRUE,TRUE,TRUE,FALSE,TRUE,TRUE,TRUE,"ok","ok","",""
"BaxterE_2016","Baxter 2016",82,"fourfold","Prevotella",0.35,0.29,0.41,29,41,12799,TRUE,TRUE,TRUE,FALSE,TRUE,TRUE,TRUE,"ok","ok","",""
"BaxterE_2016","Baxter 2016",82,"fourfold","Roseburia",0.975,0.97,0.98,97,98,34253,TRUE,TRUE,TRUE,FALSE,TRUE,TRUE,TRUE,"ok","ok","",""
"BaxterE_2016","Baxter 2016",82,"fourfold","Ruminococcus",0.875,0.83,0.92,83,92,22665,TRUE,TRUE,TRUE,FALSE,TRUE,TRUE,TRUE,"ok","ok","",""
"BaxterE_2016","Baxter 2016",82,"fourfold","Ruminococcus2",0.975,0.97,0.98,97,98,18611,TRUE,TRUE,TRUE,FALSE,TRUE,TRUE,TRUE,"ok","ok","",""
"BaxterE_2016","Baxter 2016",82,"fourfold","Streptococcus",0.805,0.73,0.88,73,88,6276,TRUE,TRUE,TRUE,FALSE,TRUE,TRUE,TRUE,"ok","ok","",""
"BaxterE_2016","Baxter 2016",82,"fourfold","Unclassified_Clostridiales",0.89,0.84,0.94,84,94,9867,TRUE,TRUE,TRUE,FALSE,TRUE,TRUE,TRUE,"ok","ok","",""
"BaxterE_2016","Baxter 2016",82,"fourfold","Unclassified_Lachnospiraceae",1,1,1,100,100,35977,TRUE,TRUE,FALSE,TRUE,TRUE,TRUE,TRUE,"no_observed_zeros","ok","",""
"BaxterE_2016","Baxter 2016",82,"fourfold","Unclassified_Ruminococcaceae",0.97,0.95,0.99,95,99,23540,TRUE,TRUE,TRUE,FALSE,TRUE,TRUE,TRUE,"ok","ok","",""
"BaxterE_2016","Baxter 2016",83,"balanced","Akkermansia",0.85,0.85,0.85,85,85,23225,TRUE,TRUE,TRUE,FALSE,TRUE,TRUE,TRUE,"ok","ok","",""
"BaxterE_2016","Baxter 2016",83,"balanced","Alistipes",0.93,0.97,0.89,97,89,25007,TRUE,TRUE,TRUE,FALSE,TRUE,TRUE,TRUE,"ok","ok","",""
"BaxterE_2016","Baxter 2016",83,"balanced","Anaerostipes",0.99,0.99,0.99,99,99,27949,TRUE,TRUE,TRUE,FALSE,TRUE,TRUE,TRUE,"ok","ok","",""
"BaxterE_2016","Baxter 2016",83,"balanced","Bacteroides",1,1,1,100,100,118893,TRUE,TRUE,FALSE,TRUE,TRUE,TRUE,TRUE,"no_observed_zeros","ok","",""
"BaxterE_2016","Baxter 2016",83,"balanced","Bifidobacterium",0.715,0.66,0.77,66,77,7542,TRUE,TRUE,TRUE,FALSE,TRUE,TRUE,TRUE,"ok","ok","",""
"BaxterE_2016","Baxter 2016",83,"balanced","Blautia",1,1,1,100,100,125213,TRUE,TRUE,FALSE,TRUE,TRUE,TRUE,TRUE,"no_observed_zeros","ok","",""
"BaxterE_2016","Baxter 2016",83,"balanced","Clostridium_IV",0.98,0.99,0.97,99,97,14682,TRUE,TRUE,TRUE,FALSE,TRUE,TRUE,TRUE,"ok","ok","",""
"BaxterE_2016","Baxter 2016",83,"balanced","Clostridium_sensu_stricto",0.745,0.79,0.7,79,70,6777,TRUE,TRUE,TRUE,FALSE,TRUE,TRUE,TRUE,"ok","ok","",""
"BaxterE_2016","Baxter 2016",83,"balanced","Clostridium_XI",0.85,0.86,0.84,86,84,7060,TRUE,TRUE,TRUE,FALSE,TRUE,TRUE,TRUE,"ok","ok","",""
"BaxterE_2016","Baxter 2016",83,"balanced","Clostridium_XlVa",0.995,0.99,1,99,100,15165,TRUE,TRUE,TRUE,FALSE,TRUE,TRUE,TRUE,"ok","ok","",""
"BaxterE_2016","Baxter 2016",83,"balanced","Clostridium_XVIII",0.91,0.89,0.93,89,93,5508,TRUE,TRUE,TRUE,FALSE,TRUE,TRUE,TRUE,"ok","ok","",""
"BaxterE_2016","Baxter 2016",83,"balanced","Collinsella",0.615,0.6,0.63,60,63,8331,TRUE,TRUE,TRUE,FALSE,TRUE,TRUE,TRUE,"ok","ok","",""
"BaxterE_2016","Baxter 2016",83,"balanced","Coprococcus",0.875,0.9,0.85,90,85,8542,TRUE,TRUE,TRUE,FALSE,TRUE,TRUE,TRUE,"ok","ok","",""
"BaxterE_2016","Baxter 2016",83,"balanced","Dorea",0.96,0.96,0.96,96,96,13182,TRUE,TRUE,TRUE,FALSE,TRUE,TRUE,TRUE,"ok","ok","",""
"BaxterE_2016","Baxter 2016",83,"balanced","Escherichia/Shigella",0.77,0.76,0.78,76,78,6437,TRUE,TRUE,FALSE,TRUE,TRUE,TRUE,TRUE,"structural_absence_boundary_at_zero","ok","",""
"BaxterE_2016","Baxter 2016",83,"balanced","Faecalibacterium",0.98,0.99,0.97,99,97,42604,TRUE,TRUE,TRUE,FALSE,TRUE,TRUE,TRUE,"ok","ok","",""
"BaxterE_2016","Baxter 2016",83,"balanced","Gemmiger",0.76,0.75,0.77,75,77,9268,TRUE,TRUE,TRUE,FALSE,TRUE,TRUE,TRUE,"ok","ok","",""
"BaxterE_2016","Baxter 2016",83,"balanced","Lachnospiracea_incertae_sedis",1,1,1,100,100,32576,TRUE,TRUE,FALSE,TRUE,TRUE,TRUE,TRUE,"no_observed_zeros","ok","",""
"BaxterE_2016","Baxter 2016",83,"balanced","Methanobrevibacter",0.38,0.45,0.31,45,31,5702,TRUE,TRUE,TRUE,FALSE,TRUE,TRUE,TRUE,"ok","ok","",""
"BaxterE_2016","Baxter 2016",83,"balanced","Oscillibacter",0.895,0.9,0.89,90,89,9376,TRUE,TRUE,TRUE,FALSE,TRUE,TRUE,TRUE,"ok","ok","",""
"BaxterE_2016","Baxter 2016",83,"balanced","Parabacteroides",0.705,0.77,0.64,77,64,5374,TRUE,TRUE,TRUE,FALSE,TRUE,TRUE,TRUE,"ok","ok","",""
"BaxterE_2016","Baxter 2016",83,"balanced","Phascolarctobacterium",0.63,0.66,0.6,66,60,7450,TRUE,TRUE,TRUE,FALSE,TRUE,TRUE,TRUE,"ok","ok","",""
"BaxterE_2016","Baxter 2016",83,"balanced","Prevotella",0.385,0.41,0.36,41,36,13012,TRUE,TRUE,TRUE,FALSE,TRUE,TRUE,TRUE,"ok","ok","",""
"BaxterE_2016","Baxter 2016",83,"balanced","Roseburia",0.98,0.98,0.98,98,98,32811,TRUE,TRUE,TRUE,FALSE,TRUE,TRUE,TRUE,"ok","ok","",""
"BaxterE_2016","Baxter 2016",83,"balanced","Ruminococcus",0.885,0.95,0.82,95,82,24742,TRUE,TRUE,TRUE,FALSE,TRUE,TRUE,TRUE,"ok","ok","",""
"BaxterE_2016","Baxter 2016",83,"balanced","Ruminococcus2",0.985,0.99,0.98,99,98,16829,TRUE,TRUE,TRUE,FALSE,TRUE,TRUE,TRUE,"ok","ok","",""
"BaxterE_2016","Baxter 2016",83,"balanced","Streptococcus",0.865,0.85,0.88,85,88,5705,TRUE,TRUE,TRUE,FALSE,TRUE,TRUE,TRUE,"ok","ok","",""
"BaxterE_2016","Baxter 2016",83,"balanced","Unclassified_Clostridiales",0.905,0.91,0.9,91,90,10567,TRUE,TRUE,TRUE,FALSE,TRUE,TRUE,TRUE,"ok","ok","",""
"BaxterE_2016","Baxter 2016",83,"balanced","Unclassified_Lachnospiraceae",1,1,1,100,100,34233,TRUE,TRUE,FALSE,TRUE,TRUE,TRUE,TRUE,"no_observed_zeros","ok","",""
"BaxterE_2016","Baxter 2016",83,"balanced","Unclassified_Ruminococcaceae",0.98,0.98,0.98,98,98,22299,TRUE,TRUE,TRUE,FALSE,TRUE,TRUE,TRUE,"ok","ok","",""
"BaxterE_2016","Baxter 2016",83,"fourfold","Akkermansia",0.835,0.78,0.89,78,89,24516,TRUE,TRUE,TRUE,FALSE,TRUE,TRUE,TRUE,"ok","ok","",""
"BaxterE_2016","Baxter 2016",83,"fourfold","Alistipes",0.915,0.93,0.9,93,90,21643,TRUE,TRUE,TRUE,FALSE,TRUE,TRUE,TRUE,"ok","ok","",""
"BaxterE_2016","Baxter 2016",83,"fourfold","Anaerostipes",0.985,0.98,0.99,98,99,28224,TRUE,TRUE,TRUE,FALSE,TRUE,TRUE,TRUE,"ok","ok","",""
"BaxterE_2016","Baxter 2016",83,"fourfold","Bacteroides",1,1,1,100,100,112365,TRUE,TRUE,FALSE,TRUE,TRUE,TRUE,TRUE,"no_observed_zeros","ok","",""
"BaxterE_2016","Baxter 2016",83,"fourfold","Bifidobacterium",0.7,0.63,0.77,63,77,9951,TRUE,TRUE,TRUE,FALSE,TRUE,TRUE,TRUE,"ok","ok","",""
"BaxterE_2016","Baxter 2016",83,"fourfold","Blautia",1,1,1,100,100,129413,TRUE,TRUE,FALSE,TRUE,TRUE,TRUE,TRUE,"no_observed_zeros","ok","",""
"BaxterE_2016","Baxter 2016",83,"fourfold","Clostridium_IV",0.985,0.98,0.99,98,99,14016,TRUE,TRUE,TRUE,FALSE,TRUE,TRUE,TRUE,"ok","ok","",""
"BaxterE_2016","Baxter 2016",83,"fourfold","Clostridium_sensu_stricto",0.7,0.7,0.7,70,70,8063,TRUE,TRUE,TRUE,FALSE,TRUE,TRUE,TRUE,"ok","ok","",""
"BaxterE_2016","Baxter 2016",83,"fourfold","Clostridium_XI",0.82,0.8,0.84,80,84,10285,TRUE,TRUE,TRUE,FALSE,TRUE,TRUE,TRUE,"ok","ok","",""
"BaxterE_2016","Baxter 2016",83,"fourfold","Clostridium_XlVa",1,1,1,100,100,14770,TRUE,TRUE,FALSE,TRUE,TRUE,TRUE,TRUE,"no_observed_zeros","ok","",""
"BaxterE_2016","Baxter 2016",83,"fourfold","Clostridium_XVIII",0.875,0.81,0.94,81,94,5371,TRUE,TRUE,TRUE,FALSE,TRUE,TRUE,TRUE,"ok","ok","",""
"BaxterE_2016","Baxter 2016",83,"fourfold","Collinsella",0.595,0.57,0.62,57,62,7555,TRUE,TRUE,TRUE,FALSE,TRUE,TRUE,TRUE,"ok","ok","",""
"BaxterE_2016","Baxter 2016",83,"fourfold","Coprococcus",0.86,0.88,0.84,88,84,9312,TRUE,TRUE,TRUE,FALSE,TRUE,TRUE,TRUE,"ok","ok","",""
"BaxterE_2016","Baxter 2016",83,"fourfold","Dorea",0.955,0.96,0.95,96,95,13516,TRUE,TRUE,TRUE,FALSE,TRUE,TRUE,TRUE,"ok","ok","",""
"BaxterE_2016","Baxter 2016",83,"fourfold","Escherichia/Shigella",0.73,0.63,0.83,63,83,7272,TRUE,TRUE,FALSE,TRUE,TRUE,TRUE,TRUE,"structural_absence_boundary_at_zero","ok","",""
"BaxterE_2016","Baxter 2016",83,"fourfold","Faecalibacterium",0.995,1,0.99,100,99,43536,TRUE,TRUE,TRUE,FALSE,TRUE,TRUE,TRUE,"ok","ok","",""
"BaxterE_2016","Baxter 2016",83,"fourfold","Gemmiger",0.785,0.77,0.8,77,80,7867,TRUE,TRUE,TRUE,FALSE,TRUE,TRUE,TRUE,"ok","ok","",""
"BaxterE_2016","Baxter 2016",83,"fourfold","Lachnospiracea_incertae_sedis",1,1,1,100,100,30363,TRUE,TRUE,FALSE,TRUE,TRUE,TRUE,TRUE,"no_observed_zeros","ok","",""
"BaxterE_2016","Baxter 2016",83,"fourfold","Methanobrevibacter",0.405,0.43,0.38,43,38,6230,TRUE,TRUE,TRUE,FALSE,TRUE,TRUE,TRUE,"ok","ok","",""
"BaxterE_2016","Baxter 2016",83,"fourfold","Oscillibacter",0.87,0.83,0.91,83,91,8752,TRUE,TRUE,TRUE,FALSE,TRUE,TRUE,TRUE,"ok","ok","",""
"BaxterE_2016","Baxter 2016",83,"fourfold","Parabacteroides",0.705,0.74,0.67,74,67,4753,TRUE,TRUE,TRUE,FALSE,TRUE,TRUE,TRUE,"ok","ok","",""
"BaxterE_2016","Baxter 2016",83,"fourfold","Phascolarctobacterium",0.635,0.63,0.64,63,64,6732,TRUE,TRUE,TRUE,FALSE,TRUE,TRUE,TRUE,"ok","ok","",""
"BaxterE_2016","Baxter 2016",83,"fourfold","Prevotella",0.36,0.37,0.35,37,35,12145,TRUE,TRUE,TRUE,FALSE,TRUE,TRUE,TRUE,"ok","ok","",""
"BaxterE_2016","Baxter 2016",83,"fourfold","Roseburia",0.98,0.98,0.98,98,98,35586,TRUE,TRUE,TRUE,FALSE,TRUE,TRUE,TRUE,"ok","ok","",""
"BaxterE_2016","Baxter 2016",83,"fourfold","Ruminococcus",0.9,0.93,0.87,93,87,22306,TRUE,TRUE,TRUE,FALSE,TRUE,TRUE,TRUE,"ok","ok","",""
"BaxterE_2016","Baxter 2016",83,"fourfold","Ruminococcus2",0.975,0.97,0.98,97,98,17903,TRUE,TRUE,TRUE,FALSE,TRUE,TRUE,TRUE,"ok","ok","",""
"BaxterE_2016","Baxter 2016",83,"fourfold","Streptococcus",0.825,0.76,0.89,76,89,5891,TRUE,TRUE,TRUE,FALSE,TRUE,TRUE,TRUE,"ok","ok","",""
"BaxterE_2016","Baxter 2016",83,"fourfold","Unclassified_Clostridiales",0.9,0.86,0.94,86,94,10710,TRUE,TRUE,TRUE,FALSE,TRUE,TRUE,TRUE,"ok","ok","",""
"BaxterE_2016","Baxter 2016",83,"fourfold","Unclassified_Lachnospiraceae",1,1,1,100,100,34896,TRUE,TRUE,FALSE,TRUE,TRUE,TRUE,TRUE,"no_observed_zeros","ok","",""
"BaxterE_2016","Baxter 2016",83,"fourfold","Unclassified_Ruminococcaceae",0.985,0.97,1,97,100,22350,TRUE,TRUE,TRUE,FALSE,TRUE,TRUE,TRUE,"ok","ok","",""
"BaxterE_2016","Baxter 2016",84,"balanced","Akkermansia",0.86,0.84,0.88,84,88,24781,TRUE,TRUE,TRUE,FALSE,TRUE,TRUE,TRUE,"ok","ok","",""
"BaxterE_2016","Baxter 2016",84,"balanced","Alistipes",0.93,0.91,0.95,91,95,27562,TRUE,TRUE,TRUE,FALSE,TRUE,TRUE,TRUE,"ok","ok","",""
"BaxterE_2016","Baxter 2016",84,"balanced","Anaerostipes",0.99,0.99,0.99,99,99,30949,TRUE,TRUE,TRUE,FALSE,TRUE,TRUE,TRUE,"ok","ok","",""
"BaxterE_2016","Baxter 2016",84,"balanced","Bacteroides",1,1,1,100,100,131534,TRUE,TRUE,FALSE,TRUE,TRUE,TRUE,TRUE,"no_observed_zeros","ok","",""
"BaxterE_2016","Baxter 2016",84,"balanced","Bifidobacterium",0.74,0.75,0.73,75,73,9990,TRUE,TRUE,TRUE,FALSE,TRUE,TRUE,TRUE,"ok","ok","",""
"BaxterE_2016","Baxter 2016",84,"balanced","Blautia",1,1,1,100,100,132507,TRUE,TRUE,FALSE,TRUE,TRUE,TRUE,TRUE,"no_observed_zeros","ok","",""
"BaxterE_2016","Baxter 2016",84,"balanced","Clostridium_IV",0.995,1,0.99,100,99,17922,TRUE,TRUE,TRUE,FALSE,TRUE,TRUE,TRUE,"ok","ok","",""
"BaxterE_2016","Baxter 2016",84,"balanced","Clostridium_sensu_stricto",0.76,0.8,0.72,80,72,9697,TRUE,TRUE,TRUE,FALSE,TRUE,TRUE,TRUE,"ok","ok","",""
"BaxterE_2016","Baxter 2016",84,"balanced","Clostridium_XI",0.875,0.9,0.85,90,85,9957,TRUE,TRUE,TRUE,FALSE,TRUE,TRUE,TRUE,"ok","ok","",""
"BaxterE_2016","Baxter 2016",84,"balanced","Clostridium_XlVa",1,1,1,100,100,15848,TRUE,TRUE,FALSE,TRUE,TRUE,TRUE,TRUE,"no_observed_zeros","ok","",""
"BaxterE_2016","Baxter 2016",84,"balanced","Clostridium_XVIII",0.9,0.9,0.9,90,90,5117,TRUE,TRUE,TRUE,FALSE,TRUE,TRUE,TRUE,"ok","ok","",""
"BaxterE_2016","Baxter 2016",84,"balanced","Collinsella",0.62,0.62,0.62,62,62,8940,TRUE,TRUE,TRUE,FALSE,TRUE,TRUE,TRUE,"ok","ok","",""
"BaxterE_2016","Baxter 2016",84,"balanced","Coprococcus",0.865,0.83,0.9,83,90,9638,TRUE,TRUE,TRUE,FALSE,TRUE,TRUE,TRUE,"ok","ok","",""
"BaxterE_2016","Baxter 2016",84,"balanced","Dorea",0.955,0.95,0.96,95,96,15017,TRUE,TRUE,TRUE,FALSE,TRUE,TRUE,TRUE,"ok","ok","",""
"BaxterE_2016","Baxter 2016",84,"balanced","Escherichia/Shigella",0.775,0.76,0.79,76,79,7613,TRUE,TRUE,TRUE,FALSE,TRUE,TRUE,TRUE,"ok","ok","",""
"BaxterE_2016","Baxter 2016",84,"balanced","Faecalibacterium",0.99,0.99,0.99,99,99,49879,TRUE,TRUE,TRUE,FALSE,TRUE,TRUE,TRUE,"ok","ok","",""
"BaxterE_2016","Baxter 2016",84,"balanced","Gemmiger",0.795,0.79,0.8,79,80,10025,TRUE,TRUE,TRUE,FALSE,TRUE,TRUE,TRUE,"ok","ok","",""
"BaxterE_2016","Baxter 2016",84,"balanced","Lachnospiracea_incertae_sedis",1,1,1,100,100,37889,TRUE,TRUE,FALSE,TRUE,TRUE,TRUE,TRUE,"no_observed_zeros","ok","",""
"BaxterE_2016","Baxter 2016",84,"balanced","Methanobrevibacter",0.425,0.42,0.43,42,43,5805,TRUE,TRUE,TRUE,FALSE,TRUE,TRUE,TRUE,"ok","ok","",""
"BaxterE_2016","Baxter 2016",84,"balanced","Oscillibacter",0.92,0.93,0.91,93,91,10050,TRUE,TRUE,TRUE,FALSE,TRUE,TRUE,TRUE,"ok","ok","",""
"BaxterE_2016","Baxter 2016",84,"balanced","Parabacteroides",0.715,0.69,0.74,69,74,6144,TRUE,TRUE,TRUE,FALSE,TRUE,TRUE,TRUE,"ok","ok","",""
"BaxterE_2016","Baxter 2016",84,"balanced","Phascolarctobacterium",0.635,0.62,0.65,62,65,7831,TRUE,TRUE,TRUE,FALSE,TRUE,TRUE,TRUE,"ok","ok","",""
"BaxterE_2016","Baxter 2016",84,"balanced","Prevotella",0.37,0.34,0.4,34,40,14341,TRUE,TRUE,TRUE,FALSE,TRUE,TRUE,TRUE,"ok","ok","",""
"BaxterE_2016","Baxter 2016",84,"balanced","Roseburia",0.985,0.99,0.98,99,98,34750,TRUE,TRUE,TRUE,FALSE,TRUE,TRUE,TRUE,"ok","ok","",""
"BaxterE_2016","Baxter 2016",84,"balanced","Ruminococcus",0.895,0.89,0.9,89,90,27575,TRUE,TRUE,TRUE,FALSE,TRUE,TRUE,TRUE,"ok","ok","",""
"BaxterE_2016","Baxter 2016",84,"balanced","Ruminococcus2",0.985,0.97,1,97,100,19561,TRUE,TRUE,TRUE,FALSE,TRUE,TRUE,TRUE,"ok","ok","",""
"BaxterE_2016","Baxter 2016",84,"balanced","Streptococcus",0.855,0.86,0.85,86,85,6829,TRUE,TRUE,TRUE,FALSE,TRUE,TRUE,TRUE,"ok","ok","",""
"BaxterE_2016","Baxter 2016",84,"balanced","Unclassified_Clostridiales",0.915,0.89,0.94,89,94,11275,TRUE,TRUE,TRUE,FALSE,TRUE,TRUE,TRUE,"ok","ok","",""
"BaxterE_2016","Baxter 2016",84,"balanced","Unclassified_Lachnospiraceae",1,1,1,100,100,38217,TRUE,TRUE,FALSE,TRUE,TRUE,TRUE,TRUE,"no_observed_zeros","ok","",""
"BaxterE_2016","Baxter 2016",84,"balanced","Unclassified_Ruminococcaceae",0.97,0.96,0.98,96,98,25095,TRUE,TRUE,TRUE,FALSE,TRUE,TRUE,TRUE,"ok","ok","",""
"BaxterE_2016","Baxter 2016",84,"fourfold","Akkermansia",0.825,0.77,0.88,77,88,23749,TRUE,TRUE,TRUE,FALSE,TRUE,TRUE,TRUE,"ok","ok","",""
"BaxterE_2016","Baxter 2016",84,"fourfold","Alistipes",0.895,0.87,0.92,87,92,23771,TRUE,TRUE,TRUE,FALSE,TRUE,TRUE,TRUE,"ok","ok","",""
"BaxterE_2016","Baxter 2016",84,"fourfold","Anaerostipes",0.985,0.98,0.99,98,99,26532,TRUE,TRUE,TRUE,FALSE,TRUE,TRUE,TRUE,"ok","ok","",""
"BaxterE_2016","Baxter 2016",84,"fourfold","Bacteroides",1,1,1,100,100,112537,TRUE,TRUE,FALSE,TRUE,TRUE,TRUE,TRUE,"no_observed_zeros","ok","",""
"BaxterE_2016","Baxter 2016",84,"fourfold","Bifidobacterium",0.725,0.7,0.75,70,75,7734,TRUE,TRUE,TRUE,FALSE,TRUE,TRUE,TRUE,"ok","ok","",""
"BaxterE_2016","Baxter 2016",84,"fourfold","Blautia",1,1,1,100,100,120111,TRUE,TRUE,FALSE,TRUE,TRUE,TRUE,TRUE,"no_observed_zeros","ok","",""
"BaxterE_2016","Baxter 2016",84,"fourfold","Clostridium_IV",0.97,0.95,0.99,95,99,16434,TRUE,TRUE,TRUE,FALSE,TRUE,TRUE,TRUE,"ok","ok","",""
"BaxterE_2016","Baxter 2016",84,"fourfold","Clostridium_sensu_stricto",0.705,0.66,0.75,66,75,9671,TRUE,TRUE,TRUE,FALSE,TRUE,TRUE,TRUE,"ok","ok","",""
"BaxterE_2016","Baxter 2016",84,"fourfold","Clostridium_XI",0.835,0.81,0.86,81,86,7920,TRUE,TRUE,TRUE,FALSE,TRUE,TRUE,TRUE,"ok","ok","",""
"BaxterE_2016","Baxter 2016",84,"fourfold","Clostridium_XlVa",0.995,0.99,1,99,100,13924,TRUE,TRUE,FALSE,TRUE,TRUE,TRUE,TRUE,"structural_absence_boundary_at_zero","ok","",""
"BaxterE_2016","Baxter 2016",84,"fourfold","Clostridium_XVIII",0.855,0.78,0.93,78,93,5393,TRUE,TRUE,TRUE,FALSE,TRUE,TRUE,TRUE,"ok","ok","",""
"BaxterE_2016","Baxter 2016",84,"fourfold","Collinsella",0.605,0.55,0.66,55,66,7794,TRUE,TRUE,TRUE,FALSE,TRUE,TRUE,TRUE,"ok","ok","",""
"BaxterE_2016","Baxter 2016",84,"fourfold","Coprococcus",0.855,0.8,0.91,80,91,9502,TRUE,TRUE,TRUE,FALSE,TRUE,TRUE,TRUE,"ok","ok","",""
"BaxterE_2016","Baxter 2016",84,"fourfold","Dorea",0.95,0.95,0.95,95,95,13305,TRUE,TRUE,TRUE,FALSE,TRUE,TRUE,TRUE,"ok","ok","",""
"BaxterE_2016","Baxter 2016",84,"fourfold","Escherichia/Shigella",0.72,0.64,0.8,64,80,5307,TRUE,TRUE,FALSE,TRUE,TRUE,TRUE,TRUE,"structural_absence_boundary_at_zero","ok","",""
"BaxterE_2016","Baxter 2016",84,"fourfold","Faecalibacterium",0.99,0.99,0.99,99,99,45020,TRUE,TRUE,TRUE,FALSE,TRUE,TRUE,TRUE,"ok","ok","",""
"BaxterE_2016","Baxter 2016",84,"fourfold","Gemmiger",0.78,0.78,0.78,78,78,8848,TRUE,TRUE,TRUE,FALSE,TRUE,TRUE,TRUE,"ok","ok","",""
"BaxterE_2016","Baxter 2016",84,"fourfold","Lachnospiracea_incertae_sedis",0.995,0.99,1,99,100,35439,TRUE,TRUE,TRUE,FALSE,TRUE,TRUE,TRUE,"ok","ok","",""
"BaxterE_2016","Baxter 2016",84,"fourfold","Methanobrevibacter",0.39,0.38,0.4,38,40,5591,TRUE,TRUE,TRUE,FALSE,TRUE,TRUE,TRUE,"ok","ok","",""
"BaxterE_2016","Baxter 2016",84,"fourfold","Oscillibacter",0.9,0.88,0.92,88,92,11625,TRUE,TRUE,TRUE,FALSE,TRUE,TRUE,TRUE,"ok","ok","",""
"BaxterE_2016","Baxter 2016",84,"fourfold","Parabacteroides",0.66,0.59,0.73,59,73,5423,TRUE,TRUE,TRUE,FALSE,TRUE,TRUE,TRUE,"ok","ok","",""
"BaxterE_2016","Baxter 2016",84,"fourfold","Phascolarctobacterium",0.625,0.56,0.69,56,69,8049,TRUE,TRUE,TRUE,FALSE,TRUE,TRUE,TRUE,"ok","ok","",""
"BaxterE_2016","Baxter 2016",84,"fourfold","Prevotella",0.345,0.28,0.41,28,41,13285,TRUE,TRUE,TRUE,FALSE,TRUE,TRUE,TRUE,"ok","ok","",""
"BaxterE_2016","Baxter 2016",84,"fourfold","Roseburia",0.97,0.97,0.97,97,97,31071,TRUE,TRUE,TRUE,FALSE,TRUE,TRUE,TRUE,"ok","ok","",""
"BaxterE_2016","Baxter 2016",84,"fourfold","Ruminococcus",0.865,0.85,0.88,85,88,26518,TRUE,TRUE,TRUE,FALSE,TRUE,TRUE,TRUE,"ok","ok","",""
"BaxterE_2016","Baxter 2016",84,"fourfold","Ruminococcus2",0.97,0.95,0.99,95,99,16624,TRUE,TRUE,TRUE,FALSE,TRUE,TRUE,TRUE,"ok","ok","",""
"BaxterE_2016","Baxter 2016",84,"fourfold","Streptococcus",0.825,0.76,0.89,76,89,6387,TRUE,TRUE,TRUE,FALSE,TRUE,TRUE,TRUE,"ok","ok","",""
"BaxterE_2016","Baxter 2016",84,"fourfold","Unclassified_Clostridiales",0.915,0.87,0.96,87,96,10801,TRUE,TRUE,TRUE,FALSE,TRUE,TRUE,TRUE,"ok","ok","",""
"BaxterE_2016","Baxter 2016",84,"fourfold","Unclassified_Lachnospiraceae",1,1,1,100,100,36136,TRUE,TRUE,FALSE,TRUE,TRUE,TRUE,TRUE,"no_observed_zeros","ok","",""
"BaxterE_2016","Baxter 2016",84,"fourfold","Unclassified_Ruminococcaceae",0.98,0.96,1,96,100,24222,TRUE,TRUE,TRUE,FALSE,TRUE,TRUE,TRUE,"ok","ok","",""
"BaxterE_2016","Baxter 2016",85,"balanced","Akkermansia",0.815,0.81,0.82,81,82,23991,TRUE,TRUE,TRUE,FALSE,TRUE,TRUE,TRUE,"ok","ok","",""
"BaxterE_2016","Baxter 2016",85,"balanced","Alistipes",0.915,0.92,0.91,92,91,24703,TRUE,TRUE,TRUE,FALSE,TRUE,TRUE,TRUE,"ok","ok","",""
"BaxterE_2016","Baxter 2016",85,"balanced","Anaerostipes",0.985,0.99,0.98,99,98,31150,TRUE,TRUE,TRUE,FALSE,TRUE,TRUE,TRUE,"ok","ok","",""
"BaxterE_2016","Baxter 2016",85,"balanced","Bacteroides",1,1,1,100,100,126123,TRUE,TRUE,FALSE,TRUE,TRUE,TRUE,TRUE,"no_observed_zeros","ok","",""
"BaxterE_2016","Baxter 2016",85,"balanced","Bifidobacterium",0.755,0.77,0.74,77,74,9084,TRUE,TRUE,TRUE,FALSE,TRUE,TRUE,TRUE,"ok","ok","",""
"BaxterE_2016","Baxter 2016",85,"balanced","Blautia",1,1,1,100,100,133228,TRUE,TRUE,FALSE,TRUE,TRUE,TRUE,TRUE,"no_observed_zeros","ok","",""
"BaxterE_2016","Baxter 2016",85,"balanced","Clostridium_IV",0.995,1,0.99,100,99,15556,TRUE,TRUE,FALSE,TRUE,TRUE,TRUE,TRUE,"structural_absence_boundary_at_zero","ok","",""
"BaxterE_2016","Baxter 2016",85,"balanced","Clostridium_sensu_stricto",0.735,0.71,0.76,71,76,8696,TRUE,TRUE,TRUE,FALSE,TRUE,TRUE,TRUE,"ok","ok","",""
"BaxterE_2016","Baxter 2016",85,"balanced","Clostridium_XI",0.845,0.79,0.9,79,90,8962,TRUE,TRUE,TRUE,FALSE,TRUE,TRUE,TRUE,"ok","ok","",""
"BaxterE_2016","Baxter 2016",85,"balanced","Clostridium_XlVa",1,1,1,100,100,16715,TRUE,TRUE,FALSE,TRUE,TRUE,TRUE,TRUE,"no_observed_zeros","ok","",""
"BaxterE_2016","Baxter 2016",85,"balanced","Clostridium_XVIII",0.92,0.91,0.93,91,93,5709,TRUE,TRUE,TRUE,FALSE,TRUE,TRUE,TRUE,"ok","ok","",""
"BaxterE_2016","Baxter 2016",85,"balanced","Collinsella",0.6,0.59,0.61,59,61,8177,TRUE,TRUE,TRUE,FALSE,TRUE,TRUE,TRUE,"ok","ok","",""
"BaxterE_2016","Baxter 2016",85,"balanced","Coprococcus",0.85,0.89,0.81,89,81,9119,TRUE,TRUE,TRUE,FALSE,TRUE,TRUE,TRUE,"ok","ok","",""
"BaxterE_2016","Baxter 2016",85,"balanced","Dorea",0.965,0.95,0.98,95,98,14151,TRUE,TRUE,TRUE,FALSE,TRUE,TRUE,TRUE,"ok","ok","",""
"BaxterE_2016","Baxter 2016",85,"balanced","Escherichia/Shigella",0.75,0.79,0.71,79,71,6349,TRUE,TRUE,TRUE,FALSE,TRUE,TRUE,TRUE,"ok","ok","",""
"BaxterE_2016","Baxter 2016",85,"balanced","Faecalibacterium",0.99,0.99,0.99,99,99,46378,TRUE,TRUE,TRUE,FALSE,TRUE,TRUE,TRUE,"ok","ok","",""
"BaxterE_2016","Baxter 2016",85,"balanced","Gemmiger",0.785,0.77,0.8,77,80,9637,TRUE,TRUE,TRUE,FALSE,TRUE,TRUE,TRUE,"ok","ok","",""
"BaxterE_2016","Baxter 2016",85,"balanced","Lachnospiracea_incertae_sedis",1,1,1,100,100,34078,TRUE,TRUE,FALSE,TRUE,TRUE,TRUE,TRUE,"no_observed_zeros","ok","",""
"BaxterE_2016","Baxter 2016",85,"balanced","Methanobrevibacter",0.42,0.47,0.37,47,37,5512,TRUE,TRUE,TRUE,FALSE,TRUE,TRUE,TRUE,"ok","ok","",""
"BaxterE_2016","Baxter 2016",85,"balanced","Oscillibacter",0.91,0.93,0.89,93,89,9670,TRUE,TRUE,TRUE,FALSE,TRUE,TRUE,TRUE,"ok","ok","",""
"BaxterE_2016","Baxter 2016",85,"balanced","Parabacteroides",0.725,0.77,0.68,77,68,6057,TRUE,TRUE,TRUE,FALSE,TRUE,TRUE,TRUE,"ok","ok","",""
"BaxterE_2016","Baxter 2016",85,"balanced","Phascolarctobacterium",0.64,0.66,0.62,66,62,7400,TRUE,TRUE,TRUE,FALSE,TRUE,TRUE,TRUE,"ok","ok","",""
"BaxterE_2016","Baxter 2016",85,"balanced","Prevotella",0.37,0.38,0.36,38,36,14192,TRUE,TRUE,TRUE,FALSE,TRUE,TRUE,TRUE,"ok","ok","",""
"BaxterE_2016","Baxter 2016",85,"balanced","Roseburia",0.975,0.98,0.97,98,97,33608,TRUE,TRUE,TRUE,FALSE,TRUE,TRUE,TRUE,"ok","ok","",""
"BaxterE_2016","Baxter 2016",85,"balanced","Ruminococcus",0.885,0.89,0.88,89,88,23157,TRUE,TRUE,TRUE,FALSE,TRUE,TRUE,TRUE,"ok","ok","",""
"BaxterE_2016","Baxter 2016",85,"balanced","Ruminococcus2",0.98,1,0.96,100,96,18735,TRUE,TRUE,TRUE,FALSE,TRUE,TRUE,TRUE,"ok","ok","",""
"BaxterE_2016","Baxter 2016",85,"balanced","Streptococcus",0.875,0.85,0.9,85,90,6727,TRUE,TRUE,FALSE,TRUE,TRUE,TRUE,TRUE,"structural_absence_boundary_at_zero","ok","",""
"BaxterE_2016","Baxter 2016",85,"balanced","Unclassified_Clostridiales",0.93,0.96,0.9,96,90,10844,TRUE,TRUE,TRUE,FALSE,TRUE,TRUE,TRUE,"ok","ok","",""
"BaxterE_2016","Baxter 2016",85,"balanced","Unclassified_Lachnospiraceae",1,1,1,100,100,37921,TRUE,TRUE,FALSE,TRUE,TRUE,TRUE,TRUE,"no_observed_zeros","ok","",""
"BaxterE_2016","Baxter 2016",85,"balanced","Unclassified_Ruminococcaceae",0.98,0.98,0.98,98,98,23265,TRUE,TRUE,TRUE,FALSE,TRUE,TRUE,TRUE,"ok","ok","",""
"BaxterE_2016","Baxter 2016",85,"fourfold","Akkermansia",0.815,0.77,0.86,77,86,20772,TRUE,TRUE,TRUE,FALSE,TRUE,TRUE,TRUE,"ok","ok","",""
"BaxterE_2016","Baxter 2016",85,"fourfold","Alistipes",0.91,0.9,0.92,90,92,24307,TRUE,TRUE,TRUE,FALSE,TRUE,TRUE,TRUE,"ok","ok","",""
"BaxterE_2016","Baxter 2016",85,"fourfold","Anaerostipes",0.99,0.99,0.99,99,99,28853,TRUE,TRUE,TRUE,FALSE,TRUE,TRUE,TRUE,"ok","ok","",""
"BaxterE_2016","Baxter 2016",85,"fourfold","Bacteroides",1,1,1,100,100,110928,TRUE,TRUE,FALSE,TRUE,TRUE,TRUE,TRUE,"no_observed_zeros","ok","",""
"BaxterE_2016","Baxter 2016",85,"fourfold","Bifidobacterium",0.715,0.66,0.77,66,77,8938,TRUE,TRUE,TRUE,FALSE,TRUE,TRUE,TRUE,"ok","ok","",""
"BaxterE_2016","Baxter 2016",85,"fourfold","Blautia",1,1,1,100,100,124182,TRUE,TRUE,FALSE,TRUE,TRUE,TRUE,TRUE,"no_observed_zeros","ok","",""
"BaxterE_2016","Baxter 2016",85,"fourfold","Clostridium_IV",0.985,0.98,0.99,98,99,15753,TRUE,TRUE,TRUE,FALSE,TRUE,TRUE,TRUE,"ok","ok","",""
"BaxterE_2016","Baxter 2016",85,"fourfold","Clostridium_sensu_stricto",0.705,0.64,0.77,64,77,8900,TRUE,TRUE,TRUE,FALSE,TRUE,TRUE,TRUE,"ok","ok","",""
"BaxterE_2016","Baxter 2016",85,"fourfold","Clostridium_XI",0.825,0.75,0.9,75,90,9975,TRUE,TRUE,TRUE,FALSE,TRUE,TRUE,TRUE,"ok","ok","",""
"BaxterE_2016","Baxter 2016",85,"fourfold","Clostridium_XlVa",1,1,1,100,100,14397,TRUE,TRUE,FALSE,TRUE,TRUE,TRUE,TRUE,"no_observed_zeros","ok","",""
"BaxterE_2016","Baxter 2016",85,"fourfold","Clostridium_XVIII",0.88,0.83,0.93,83,93,4380,TRUE,TRUE,TRUE,FALSE,TRUE,TRUE,TRUE,"ok","ok","",""
"BaxterE_2016","Baxter 2016",85,"fourfold","Collinsella",0.58,0.55,0.61,55,61,7241,TRUE,TRUE,TRUE,FALSE,TRUE,TRUE,TRUE,"ok","ok","",""
"BaxterE_2016","Baxter 2016",85,"fourfold","Coprococcus",0.85,0.87,0.83,87,83,8336,TRUE,TRUE,TRUE,FALSE,TRUE,TRUE,TRUE,"ok","ok","",""
"BaxterE_2016","Baxter 2016",85,"fourfold","Dorea",0.955,0.95,0.96,95,96,12916,TRUE,TRUE,TRUE,FALSE,TRUE,TRUE,TRUE,"ok","ok","",""
"BaxterE_2016","Baxter 2016",85,"fourfold","Escherichia/Shigella",0.695,0.64,0.75,64,75,7631,TRUE,TRUE,TRUE,FALSE,TRUE,TRUE,TRUE,"ok","ok","",""
"BaxterE_2016","Baxter 2016",85,"fourfold","Faecalibacterium",0.985,0.99,0.98,99,98,43477,TRUE,TRUE,TRUE,FALSE,TRUE,TRUE,TRUE,"ok","ok","",""
"BaxterE_2016","Baxter 2016",85,"fourfold","Gemmiger",0.77,0.73,0.81,73,81,9299,TRUE,TRUE,TRUE,FALSE,TRUE,TRUE,TRUE,"ok","ok","",""
"BaxterE_2016","Baxter 2016",85,"fourfold","Lachnospiracea_incertae_sedis",0.995,1,0.99,100,99,33018,TRUE,TRUE,TRUE,FALSE,TRUE,TRUE,TRUE,"ok","ok","",""
"BaxterE_2016","Baxter 2016",85,"fourfold","Methanobrevibacter",0.42,0.46,0.38,46,38,6526,TRUE,TRUE,TRUE,FALSE,TRUE,TRUE,TRUE,"ok","ok","",""
"BaxterE_2016","Baxter 2016",85,"fourfold","Oscillibacter",0.92,0.92,0.92,92,92,8124,TRUE,TRUE,TRUE,FALSE,TRUE,TRUE,TRUE,"ok","ok","",""
"BaxterE_2016","Baxter 2016",85,"fourfold","Parabacteroides",0.705,0.71,0.7,71,70,5251,TRUE,TRUE,TRUE,FALSE,TRUE,TRUE,TRUE,"ok","ok","",""
"BaxterE_2016","Baxter 2016",85,"fourfold","Phascolarctobacterium",0.65,0.65,0.65,65,65,6313,TRUE,TRUE,TRUE,FALSE,TRUE,TRUE,TRUE,"ok","ok","",""
"BaxterE_2016","Baxter 2016",85,"fourfold","Prevotella",0.37,0.36,0.38,36,38,12086,TRUE,TRUE,TRUE,FALSE,TRUE,TRUE,TRUE,"ok","ok","",""
"BaxterE_2016","Baxter 2016",85,"fourfold","Roseburia",0.975,0.98,0.97,98,97,32715,TRUE,TRUE,TRUE,FALSE,TRUE,TRUE,TRUE,"ok","ok","",""
"BaxterE_2016","Baxter 2016",85,"fourfold","Ruminococcus",0.87,0.87,0.87,87,87,23189,TRUE,TRUE,TRUE,FALSE,TRUE,TRUE,TRUE,"ok","ok","",""
"BaxterE_2016","Baxter 2016",85,"fourfold","Ruminococcus2",0.975,0.98,0.97,98,97,17454,TRUE,TRUE,TRUE,FALSE,TRUE,TRUE,TRUE,"ok","ok","",""
"BaxterE_2016","Baxter 2016",85,"fourfold","Streptococcus",0.825,0.75,0.9,75,90,6529,TRUE,TRUE,TRUE,FALSE,TRUE,TRUE,TRUE,"ok","ok","",""
"BaxterE_2016","Baxter 2016",85,"fourfold","Unclassified_Clostridiales",0.925,0.94,0.91,94,91,10541,TRUE,TRUE,TRUE,FALSE,TRUE,TRUE,TRUE,"ok","ok","",""
"BaxterE_2016","Baxter 2016",85,"fourfold","Unclassified_Lachnospiraceae",1,1,1,100,100,35756,TRUE,TRUE,FALSE,TRUE,TRUE,TRUE,TRUE,"no_observed_zeros","ok","",""
"BaxterE_2016","Baxter 2016",85,"fourfold","Unclassified_Ruminococcaceae",0.985,0.98,0.99,98,99,20081,TRUE,TRUE,TRUE,FALSE,TRUE,TRUE,TRUE,"ok","ok","",""
"BaxterE_2016","Baxter 2016",86,"balanced","Akkermansia",0.85,0.84,0.86,84,86,23942,TRUE,TRUE,TRUE,FALSE,TRUE,TRUE,TRUE,"ok","ok","",""
"BaxterE_2016","Baxter 2016",86,"balanced","Alistipes",0.92,0.92,0.92,92,92,22941,TRUE,TRUE,TRUE,FALSE,TRUE,TRUE,TRUE,"ok","ok","",""
"BaxterE_2016","Baxter 2016",86,"balanced","Anaerostipes",0.98,0.97,0.99,97,99,29822,TRUE,TRUE,TRUE,FALSE,TRUE,TRUE,TRUE,"ok","ok","",""
"BaxterE_2016","Baxter 2016",86,"balanced","Bacteroides",1,1,1,100,100,116798,TRUE,TRUE,FALSE,TRUE,TRUE,TRUE,TRUE,"no_observed_zeros","ok","",""
"BaxterE_2016","Baxter 2016",86,"balanced","Bifidobacterium",0.73,0.72,0.74,72,74,8322,TRUE,TRUE,TRUE,FALSE,TRUE,TRUE,TRUE,"ok","ok","",""
"BaxterE_2016","Baxter 2016",86,"balanced","Blautia",1,1,1,100,100,131688,TRUE,TRUE,FALSE,TRUE,TRUE,TRUE,TRUE,"no_observed_zeros","ok","",""
"BaxterE_2016","Baxter 2016",86,"balanced","Clostridium_IV",0.99,1,0.98,100,98,16543,TRUE,TRUE,FALSE,TRUE,TRUE,TRUE,TRUE,"structural_absence_boundary_at_zero","ok","",""
"BaxterE_2016","Baxter 2016",86,"balanced","Clostridium_sensu_stricto",0.7,0.73,0.67,73,67,8968,TRUE,TRUE,TRUE,FALSE,TRUE,TRUE,TRUE,"ok","ok","",""
"BaxterE_2016","Baxter 2016",86,"balanced","Clostridium_XI",0.845,0.81,0.88,81,88,8537,TRUE,TRUE,TRUE,FALSE,TRUE,TRUE,TRUE,"ok","ok","",""
"BaxterE_2016","Baxter 2016",86,"balanced","Clostridium_XlVa",1,1,1,100,100,15428,TRUE,TRUE,FALSE,TRUE,TRUE,TRUE,TRUE,"no_observed_zeros","ok","",""
"BaxterE_2016","Baxter 2016",86,"balanced","Clostridium_XVIII",0.875,0.85,0.9,85,90,6250,TRUE,TRUE,TRUE,FALSE,TRUE,TRUE,TRUE,"ok","ok","",""
"BaxterE_2016","Baxter 2016",86,"balanced","Collinsella",0.6,0.55,0.65,55,65,7217,TRUE,TRUE,TRUE,FALSE,TRUE,TRUE,TRUE,"ok","ok","",""
"BaxterE_2016","Baxter 2016",86,"balanced","Coprococcus",0.885,0.88,0.89,88,89,8391,TRUE,TRUE,TRUE,FALSE,TRUE,TRUE,TRUE,"ok","ok","",""
"BaxterE_2016","Baxter 2016",86,"balanced","Dorea",0.955,0.93,0.98,93,98,13559,TRUE,TRUE,TRUE,FALSE,TRUE,TRUE,TRUE,"ok","ok","",""
"BaxterE_2016","Baxter 2016",86,"balanced","Escherichia/Shigella",0.745,0.76,0.73,76,73,7569,TRUE,TRUE,TRUE,FALSE,TRUE,TRUE,TRUE,"ok","ok","",""
"BaxterE_2016","Baxter 2016",86,"balanced","Faecalibacterium",0.99,1,0.98,100,98,43187,TRUE,TRUE,TRUE,FALSE,TRUE,TRUE,TRUE,"ok","ok","",""
"BaxterE_2016","Baxter 2016",86,"balanced","Gemmiger",0.78,0.73,0.83,73,83,10386,TRUE,TRUE,TRUE,FALSE,TRUE,TRUE,TRUE,"ok","ok","",""
"BaxterE_2016","Baxter 2016",86,"balanced","Lachnospiracea_incertae_sedis",1,1,1,100,100,34802,TRUE,TRUE,FALSE,TRUE,TRUE,TRUE,TRUE,"no_observed_zeros","ok","",""
"BaxterE_2016","Baxter 2016",86,"balanced","Methanobrevibacter",0.43,0.42,0.44,42,44,5270,TRUE,TRUE,TRUE,FALSE,TRUE,TRUE,TRUE,"ok","ok","",""
"BaxterE_2016","Baxter 2016",86,"balanced","Oscillibacter",0.89,0.89,0.89,89,89,9626,TRUE,TRUE,TRUE,FALSE,TRUE,TRUE,TRUE,"ok","ok","",""
"BaxterE_2016","Baxter 2016",86,"balanced","Parabacteroides",0.73,0.76,0.7,76,70,5218,TRUE,TRUE,TRUE,FALSE,TRUE,TRUE,TRUE,"ok","ok","",""
"BaxterE_2016","Baxter 2016",86,"balanced","Phascolarctobacterium",0.655,0.62,0.69,62,69,6978,TRUE,TRUE,TRUE,FALSE,TRUE,TRUE,TRUE,"ok","ok","",""
"BaxterE_2016","Baxter 2016",86,"balanced","Prevotella",0.385,0.35,0.42,35,42,10488,TRUE,TRUE,TRUE,FALSE,TRUE,TRUE,TRUE,"ok","ok","",""
"BaxterE_2016","Baxter 2016",86,"balanced","Roseburia",0.985,0.98,0.99,98,99,35681,TRUE,TRUE,TRUE,FALSE,TRUE,TRUE,TRUE,"ok","ok","",""
"BaxterE_2016","Baxter 2016",86,"balanced","Ruminococcus",0.9,0.93,0.87,93,87,24470,TRUE,TRUE,TRUE,FALSE,TRUE,TRUE,TRUE,"ok","ok","",""
"BaxterE_2016","Baxter 2016",86,"balanced","Ruminococcus2",0.985,0.99,0.98,99,98,18500,TRUE,TRUE,TRUE,FALSE,TRUE,TRUE,TRUE,"ok","ok","",""
"BaxterE_2016","Baxter 2016",86,"balanced","Streptococcus",0.83,0.85,0.81,85,81,6561,TRUE,TRUE,TRUE,FALSE,TRUE,TRUE,TRUE,"ok","ok","",""
"BaxterE_2016","Baxter 2016",86,"balanced","Unclassified_Clostridiales",0.92,0.92,0.92,92,92,10223,TRUE,TRUE,TRUE,FALSE,TRUE,TRUE,TRUE,"ok","ok","",""
"BaxterE_2016","Baxter 2016",86,"balanced","Unclassified_Lachnospiraceae",1,1,1,100,100,35535,TRUE,TRUE,FALSE,TRUE,TRUE,TRUE,TRUE,"no_observed_zeros","ok","",""
"BaxterE_2016","Baxter 2016",86,"balanced","Unclassified_Ruminococcaceae",0.98,0.98,0.98,98,98,22116,TRUE,TRUE,TRUE,FALSE,TRUE,TRUE,TRUE,"ok","ok","",""
"BaxterE_2016","Baxter 2016",86,"fourfold","Akkermansia",0.83,0.78,0.88,78,88,21650,TRUE,TRUE,TRUE,FALSE,TRUE,TRUE,TRUE,"ok","ok","",""
"BaxterE_2016","Baxter 2016",86,"fourfold","Alistipes",0.915,0.9,0.93,90,93,24987,TRUE,TRUE,TRUE,FALSE,TRUE,TRUE,TRUE,"ok","ok","",""
"BaxterE_2016","Baxter 2016",86,"fourfold","Anaerostipes",0.985,0.99,0.98,99,98,30822,TRUE,TRUE,TRUE,FALSE,TRUE,TRUE,TRUE,"ok","ok","",""
"BaxterE_2016","Baxter 2016",86,"fourfold","Bacteroides",1,1,1,100,100,135608,TRUE,TRUE,FALSE,TRUE,TRUE,TRUE,TRUE,"no_observed_zeros","ok","",""
"BaxterE_2016","Baxter 2016",86,"fourfold","Bifidobacterium",0.72,0.68,0.76,68,76,10612,TRUE,TRUE,TRUE,FALSE,TRUE,TRUE,TRUE,"ok","ok","",""
"BaxterE_2016","Baxter 2016",86,"fourfold","Blautia",1,1,1,100,100,132903,TRUE,TRUE,FALSE,TRUE,TRUE,TRUE,TRUE,"no_observed_zeros","ok","",""
"BaxterE_2016","Baxter 2016",86,"fourfold","Clostridium_IV",0.98,0.97,0.99,97,99,15524,TRUE,TRUE,TRUE,FALSE,TRUE,TRUE,TRUE,"ok","ok","",""
"BaxterE_2016","Baxter 2016",86,"fourfold","Clostridium_sensu_stricto",0.68,0.65,0.71,65,71,7183,TRUE,TRUE,TRUE,FALSE,TRUE,TRUE,TRUE,"ok","ok","",""
"BaxterE_2016","Baxter 2016",86,"fourfold","Clostridium_XI",0.795,0.7,0.89,70,89,9681,TRUE,TRUE,TRUE,FALSE,TRUE,TRUE,TRUE,"ok","ok","",""
"BaxterE_2016","Baxter 2016",86,"fourfold","Clostridium_XlVa",1,1,1,100,100,15381,TRUE,TRUE,FALSE,TRUE,TRUE,TRUE,TRUE,"no_observed_zeros","ok","",""
"BaxterE_2016","Baxter 2016",86,"fourfold","Clostridium_XVIII",0.86,0.78,0.94,78,94,4496,TRUE,TRUE,TRUE,FALSE,TRUE,TRUE,TRUE,"ok","ok","",""
"BaxterE_2016","Baxter 2016",86,"fourfold","Collinsella",0.595,0.5,0.69,50,69,9442,TRUE,TRUE,TRUE,FALSE,TRUE,TRUE,TRUE,"ok","ok","",""
"BaxterE_2016","Baxter 2016",86,"fourfold","Coprococcus",0.86,0.83,0.89,83,89,10677,TRUE,TRUE,TRUE,FALSE,TRUE,TRUE,TRUE,"ok","ok","",""
"BaxterE_2016","Baxter 2016",86,"fourfold","Dorea",0.94,0.9,0.98,90,98,14390,TRUE,TRUE,TRUE,FALSE,TRUE,TRUE,TRUE,"ok","ok","",""
"BaxterE_2016","Baxter 2016",86,"fourfold","Escherichia/Shigella",0.72,0.61,0.83,61,83,8358,TRUE,TRUE,TRUE,FALSE,TRUE,TRUE,TRUE,"ok","ok","",""
"BaxterE_2016","Baxter 2016",86,"fourfold","Faecalibacterium",0.985,0.99,0.98,99,98,46850,TRUE,TRUE,TRUE,FALSE,TRUE,TRUE,TRUE,"ok","ok","",""
"BaxterE_2016","Baxter 2016",86,"fourfold","Gemmiger",0.78,0.7,0.86,70,86,9124,TRUE,TRUE,TRUE,FALSE,TRUE,TRUE,TRUE,"ok","ok","",""
"BaxterE_2016","Baxter 2016",86,"fourfold","Lachnospiracea_incertae_sedis",0.995,0.99,1,99,100,34461,TRUE,TRUE,TRUE,FALSE,TRUE,TRUE,TRUE,"ok","ok","",""
"BaxterE_2016","Baxter 2016",86,"fourfold","Methanobrevibacter",0.405,0.33,0.48,33,48,5768,TRUE,TRUE,TRUE,FALSE,TRUE,TRUE,TRUE,"ok","ok","",""
"BaxterE_2016","Baxter 2016",86,"fourfold","Oscillibacter",0.885,0.86,0.91,86,91,10648,TRUE,TRUE,TRUE,FALSE,TRUE,TRUE,TRUE,"ok","ok","",""
"BaxterE_2016","Baxter 2016",86,"fourfold","Parabacteroides",0.72,0.72,0.72,72,72,4503,TRUE,TRUE,TRUE,FALSE,TRUE,TRUE,TRUE,"ok","ok","",""
"BaxterE_2016","Baxter 2016",86,"fourfold","Phascolarctobacterium",0.615,0.57,0.66,57,66,7545,TRUE,TRUE,TRUE,FALSE,TRUE,TRUE,TRUE,"ok","ok","",""
"BaxterE_2016","Baxter 2016",86,"fourfold","Prevotella",0.39,0.32,0.46,32,46,14810,TRUE,TRUE,TRUE,FALSE,TRUE,TRUE,TRUE,"ok","ok","",""
"BaxterE_2016","Baxter 2016",86,"fourfold","Roseburia",0.975,0.97,0.98,97,98,37960,TRUE,TRUE,TRUE,FALSE,TRUE,TRUE,TRUE,"ok","ok","",""
"BaxterE_2016","Baxter 2016",86,"fourfold","Ruminococcus",0.895,0.87,0.92,87,92,22277,TRUE,TRUE,TRUE,FALSE,TRUE,TRUE,TRUE,"ok","ok","",""
"BaxterE_2016","Baxter 2016",86,"fourfold","Ruminococcus2",0.95,0.92,0.98,92,98,18784,TRUE,TRUE,TRUE,FALSE,TRUE,TRUE,TRUE,"ok","ok","",""
"BaxterE_2016","Baxter 2016",86,"fourfold","Streptococcus",0.805,0.72,0.89,72,89,6309,TRUE,TRUE,TRUE,FALSE,TRUE,TRUE,TRUE,"ok","ok","",""
"BaxterE_2016","Baxter 2016",86,"fourfold","Unclassified_Clostridiales",0.915,0.89,0.94,89,94,11053,TRUE,TRUE,TRUE,FALSE,TRUE,TRUE,TRUE,"ok","ok","",""
"BaxterE_2016","Baxter 2016",86,"fourfold","Unclassified_Lachnospiraceae",1,1,1,100,100,37920,TRUE,TRUE,FALSE,TRUE,TRUE,TRUE,TRUE,"no_observed_zeros","ok","",""
"BaxterE_2016","Baxter 2016",86,"fourfold","Unclassified_Ruminococcaceae",0.985,0.97,1,97,100,25384,TRUE,TRUE,TRUE,FALSE,TRUE,TRUE,TRUE,"ok","ok","",""
"BaxterE_2016","Baxter 2016",87,"balanced","Akkermansia",0.855,0.85,0.86,85,86,22637,TRUE,TRUE,TRUE,FALSE,TRUE,TRUE,TRUE,"ok","ok","",""
"BaxterE_2016","Baxter 2016",87,"balanced","Alistipes",0.92,0.95,0.89,95,89,25377,TRUE,TRUE,TRUE,FALSE,TRUE,TRUE,TRUE,"ok","ok","",""
"BaxterE_2016","Baxter 2016",87,"balanced","Anaerostipes",0.98,0.97,0.99,97,99,29557,TRUE,TRUE,TRUE,FALSE,TRUE,TRUE,TRUE,"ok","ok","",""
"BaxterE_2016","Baxter 2016",87,"balanced","Bacteroides",1,1,1,100,100,120571,TRUE,TRUE,FALSE,TRUE,TRUE,TRUE,TRUE,"no_observed_zeros","ok","",""
"BaxterE_2016","Baxter 2016",87,"balanced","Bifidobacterium",0.755,0.79,0.72,79,72,9528,TRUE,TRUE,TRUE,FALSE,TRUE,TRUE,TRUE,"ok","ok","",""
"BaxterE_2016","Baxter 2016",87,"balanced","Blautia",1,1,1,100,100,127411,TRUE,TRUE,FALSE,TRUE,TRUE,TRUE,TRUE,"no_observed_zeros","ok","",""
"BaxterE_2016","Baxter 2016",87,"balanced","Clostridium_IV",0.995,1,0.99,100,99,15412,TRUE,TRUE,TRUE,FALSE,TRUE,TRUE,TRUE,"ok","ok","",""
"BaxterE_2016","Baxter 2016",87,"balanced","Clostridium_sensu_stricto",0.765,0.79,0.74,79,74,8161,TRUE,TRUE,TRUE,FALSE,TRUE,TRUE,TRUE,"ok","ok","",""
"BaxterE_2016","Baxter 2016",87,"balanced","Clostridium_XI",0.85,0.89,0.81,89,81,8660,TRUE,TRUE,TRUE,FALSE,TRUE,TRUE,TRUE,"ok","ok","",""
"BaxterE_2016","Baxter 2016",87,"balanced","Clostridium_XlVa",1,1,1,100,100,15298,TRUE,TRUE,FALSE,TRUE,TRUE,TRUE,TRUE,"no_observed_zeros","ok","",""
"BaxterE_2016","Baxter 2016",87,"balanced","Clostridium_XVIII",0.885,0.89,0.88,89,88,5110,TRUE,TRUE,TRUE,FALSE,TRUE,TRUE,TRUE,"ok","ok","",""
"BaxterE_2016","Baxter 2016",87,"balanced","Collinsella",0.61,0.68,0.54,68,54,8702,TRUE,TRUE,TRUE,FALSE,TRUE,TRUE,TRUE,"ok","ok","",""
"BaxterE_2016","Baxter 2016",87,"balanced","Coprococcus",0.88,0.93,0.83,93,83,8937,TRUE,TRUE,TRUE,FALSE,TRUE,TRUE,TRUE,"ok","ok","",""
"BaxterE_2016","Baxter 2016",87,"balanced","Dorea",0.97,0.98,0.96,98,96,13290,TRUE,TRUE,TRUE,FALSE,TRUE,TRUE,TRUE,"ok","ok","",""
"BaxterE_2016","Baxter 2016",87,"balanced","Escherichia/Shigella",0.74,0.73,0.75,73,75,7619,TRUE,TRUE,TRUE,FALSE,TRUE,TRUE,TRUE,"ok","ok","",""
"BaxterE_2016","Baxter 2016",87,"balanced","Faecalibacterium",0.995,1,0.99,100,99,45698,TRUE,TRUE,TRUE,FALSE,TRUE,TRUE,TRUE,"ok","ok","",""
"BaxterE_2016","Baxter 2016",87,"balanced","Gemmiger",0.78,0.81,0.75,81,75,9218,TRUE,TRUE,TRUE,FALSE,TRUE,TRUE,TRUE,"ok","ok","",""
"BaxterE_2016","Baxter 2016",87,"balanced","Lachnospiracea_incertae_sedis",1,1,1,100,100,34544,TRUE,TRUE,FALSE,TRUE,TRUE,TRUE,TRUE,"no_observed_zeros","ok","",""
"BaxterE_2016","Baxter 2016",87,"balanced","Methanobrevibacter",0.435,0.45,0.42,45,42,5245,TRUE,TRUE,TRUE,FALSE,TRUE,TRUE,TRUE,"ok","ok","",""
"BaxterE_2016","Baxter 2016",87,"balanced","Oscillibacter",0.915,0.95,0.88,95,88,9831,TRUE,TRUE,TRUE,FALSE,TRUE,TRUE,TRUE,"ok","ok","",""
"BaxterE_2016","Baxter 2016",87,"balanced","Parabacteroides",0.71,0.75,0.67,75,67,5407,TRUE,TRUE,TRUE,FALSE,TRUE,TRUE,TRUE,"ok","ok","",""
"BaxterE_2016","Baxter 2016",87,"balanced","Phascolarctobacterium",0.645,0.72,0.57,72,57,7445,TRUE,TRUE,TRUE,FALSE,TRUE,TRUE,TRUE,"ok","ok","",""
"BaxterE_2016","Baxter 2016",87,"balanced","Prevotella",0.385,0.42,0.35,42,35,14467,TRUE,TRUE,TRUE,FALSE,TRUE,TRUE,TRUE,"ok","ok","",""
"BaxterE_2016","Baxter 2016",87,"balanced","Roseburia",0.975,0.97,0.98,97,98,33463,TRUE,TRUE,TRUE,FALSE,TRUE,TRUE,TRUE,"ok","ok","",""
"BaxterE_2016","Baxter 2016",87,"balanced","Ruminococcus",0.89,0.91,0.87,91,87,25638,TRUE,TRUE,TRUE,FALSE,TRUE,TRUE,TRUE,"ok","ok","",""
"BaxterE_2016","Baxter 2016",87,"balanced","Ruminococcus2",0.995,1,0.99,100,99,17637,TRUE,TRUE,TRUE,FALSE,TRUE,TRUE,TRUE,"ok","ok","",""
"BaxterE_2016","Baxter 2016",87,"balanced","Streptococcus",0.87,0.87,0.87,87,87,6871,TRUE,TRUE,TRUE,FALSE,TRUE,TRUE,TRUE,"ok","ok","",""
"BaxterE_2016","Baxter 2016",87,"balanced","Unclassified_Clostridiales",0.925,0.94,0.91,94,91,9862,TRUE,TRUE,TRUE,FALSE,TRUE,TRUE,TRUE,"ok","ok","",""
"BaxterE_2016","Baxter 2016",87,"balanced","Unclassified_Lachnospiraceae",1,1,1,100,100,35960,TRUE,TRUE,FALSE,TRUE,TRUE,TRUE,TRUE,"no_observed_zeros","ok","",""
"BaxterE_2016","Baxter 2016",87,"balanced","Unclassified_Ruminococcaceae",0.975,0.99,0.96,99,96,23245,TRUE,TRUE,TRUE,FALSE,TRUE,TRUE,TRUE,"ok","ok","",""
"BaxterE_2016","Baxter 2016",87,"fourfold","Akkermansia",0.815,0.8,0.83,80,83,23123,TRUE,TRUE,TRUE,FALSE,TRUE,TRUE,TRUE,"ok","ok","",""
"BaxterE_2016","Baxter 2016",87,"fourfold","Alistipes",0.91,0.94,0.88,94,88,22266,TRUE,TRUE,TRUE,FALSE,TRUE,TRUE,TRUE,"ok","ok","",""
"BaxterE_2016","Baxter 2016",87,"fourfold","Anaerostipes",0.985,0.97,1,97,100,29655,TRUE,TRUE,TRUE,FALSE,TRUE,TRUE,TRUE,"ok","ok","",""
"BaxterE_2016","Baxter 2016",87,"fourfold","Bacteroides",1,1,1,100,100,117501,TRUE,TRUE,FALSE,TRUE,TRUE,TRUE,TRUE,"no_observed_zeros","ok","",""
"BaxterE_2016","Baxter 2016",87,"fourfold","Bifidobacterium",0.72,0.7,0.74,70,74,10527,TRUE,TRUE,TRUE,FALSE,TRUE,TRUE,TRUE,"ok","ok","",""
"BaxterE_2016","Baxter 2016",87,"fourfold","Blautia",1,1,1,100,100,121911,TRUE,TRUE,FALSE,TRUE,TRUE,TRUE,TRUE,"no_observed_zeros","ok","",""
"BaxterE_2016","Baxter 2016",87,"fourfold","Clostridium_IV",0.975,0.98,0.97,98,97,13447,TRUE,TRUE,TRUE,FALSE,TRUE,TRUE,TRUE,"ok","ok","",""
"BaxterE_2016","Baxter 2016",87,"fourfold","Clostridium_sensu_stricto",0.715,0.67,0.76,67,76,7500,TRUE,TRUE,TRUE,FALSE,TRUE,TRUE,TRUE,"ok","ok","",""
"BaxterE_2016","Baxter 2016",87,"fourfold","Clostridium_XI",0.81,0.78,0.84,78,84,8447,TRUE,TRUE,TRUE,FALSE,TRUE,TRUE,TRUE,"ok","ok","",""
"BaxterE_2016","Baxter 2016",87,"fourfold","Clostridium_XlVa",0.995,0.99,1,99,100,14516,TRUE,TRUE,TRUE,FALSE,TRUE,TRUE,TRUE,"ok","ok","",""
"BaxterE_2016","Baxter 2016",87,"fourfold","Clostridium_XVIII",0.88,0.84,0.92,84,92,4377,TRUE,TRUE,TRUE,FALSE,TRUE,TRUE,TRUE,"ok","ok","",""
"BaxterE_2016","Baxter 2016",87,"fourfold","Collinsella",0.595,0.62,0.57,62,57,7626,TRUE,TRUE,TRUE,FALSE,TRUE,TRUE,TRUE,"ok","ok","",""
"BaxterE_2016","Baxter 2016",87,"fourfold","Coprococcus",0.85,0.89,0.81,89,81,8006,TRUE,TRUE,TRUE,FALSE,TRUE,TRUE,TRUE,"ok","ok","",""
"BaxterE_2016","Baxter 2016",87,"fourfold","Dorea",0.94,0.93,0.95,93,95,12980,TRUE,TRUE,TRUE,FALSE,TRUE,TRUE,TRUE,"ok","ok","",""
"BaxterE_2016","Baxter 2016",87,"fourfold","Escherichia/Shigella",0.69,0.6,0.78,60,78,7959,TRUE,TRUE,TRUE,FALSE,TRUE,TRUE,TRUE,"ok","ok","",""
"BaxterE_2016","Baxter 2016",87,"fourfold","Faecalibacterium",0.975,0.97,0.98,97,98,42557,TRUE,TRUE,TRUE,FALSE,TRUE,TRUE,TRUE,"ok","ok","",""
"BaxterE_2016","Baxter 2016",87,"fourfold","Gemmiger",0.77,0.8,0.74,80,74,7354,TRUE,TRUE,TRUE,FALSE,TRUE,TRUE,TRUE,"ok","ok","",""
"BaxterE_2016","Baxter 2016",87,"fourfold","Lachnospiracea_incertae_sedis",1,1,1,100,100,34364,TRUE,TRUE,FALSE,TRUE,TRUE,TRUE,TRUE,"no_observed_zeros","ok","",""
"BaxterE_2016","Baxter 2016",87,"fourfold","Methanobrevibacter",0.4,0.36,0.44,36,44,4985,TRUE,TRUE,TRUE,FALSE,TRUE,TRUE,TRUE,"ok","ok","",""
"BaxterE_2016","Baxter 2016",87,"fourfold","Oscillibacter",0.87,0.88,0.86,88,86,8177,TRUE,TRUE,TRUE,FALSE,TRUE,TRUE,TRUE,"ok","ok","",""
"BaxterE_2016","Baxter 2016",87,"fourfold","Parabacteroides",0.68,0.69,0.67,69,67,4766,TRUE,TRUE,TRUE,FALSE,TRUE,TRUE,TRUE,"ok","ok","",""
"BaxterE_2016","Baxter 2016",87,"fourfold","Phascolarctobacterium",0.645,0.71,0.58,71,58,5547,TRUE,TRUE,TRUE,FALSE,TRUE,TRUE,TRUE,"ok","ok","",""
"BaxterE_2016","Baxter 2016",87,"fourfold","Prevotella",0.36,0.37,0.35,37,35,9461,TRUE,TRUE,TRUE,FALSE,TRUE,TRUE,TRUE,"ok","ok","",""
"BaxterE_2016","Baxter 2016",87,"fourfold","Roseburia",0.985,0.98,0.99,98,99,32386,TRUE,TRUE,TRUE,FALSE,TRUE,TRUE,TRUE,"ok","ok","",""
"BaxterE_2016","Baxter 2016",87,"fourfold","Ruminococcus",0.875,0.88,0.87,88,87,20615,TRUE,TRUE,TRUE,FALSE,TRUE,TRUE,TRUE,"ok","ok","",""
"BaxterE_2016","Baxter 2016",87,"fourfold","Ruminococcus2",0.965,0.96,0.97,96,97,17397,TRUE,TRUE,TRUE,FALSE,TRUE,TRUE,TRUE,"ok","ok","",""
"BaxterE_2016","Baxter 2016",87,"fourfold","Streptococcus",0.82,0.73,0.91,73,91,6143,TRUE,TRUE,FALSE,TRUE,TRUE,TRUE,TRUE,"structural_absence_boundary_at_zero","ok","",""
"BaxterE_2016","Baxter 2016",87,"fourfold","Unclassified_Clostridiales",0.89,0.87,0.91,87,91,8757,TRUE,TRUE,TRUE,FALSE,TRUE,TRUE,TRUE,"ok","ok","",""
"BaxterE_2016","Baxter 2016",87,"fourfold","Unclassified_Lachnospiraceae",1,1,1,100,100,34485,TRUE,TRUE,FALSE,TRUE,TRUE,TRUE,TRUE,"no_observed_zeros","ok","",""
"BaxterE_2016","Baxter 2016",87,"fourfold","Unclassified_Ruminococcaceae",0.99,0.99,0.99,99,99,21868,TRUE,TRUE,TRUE,FALSE,TRUE,TRUE,TRUE,"ok","ok","",""
"BaxterE_2016","Baxter 2016",88,"balanced","Akkermansia",0.835,0.85,0.82,85,82,22494,TRUE,TRUE,TRUE,FALSE,TRUE,TRUE,TRUE,"ok","ok","",""
"BaxterE_2016","Baxter 2016",88,"balanced","Alistipes",0.925,0.95,0.9,95,90,25416,TRUE,TRUE,TRUE,FALSE,TRUE,TRUE,TRUE,"ok","ok","",""
"BaxterE_2016","Baxter 2016",88,"balanced","Anaerostipes",0.985,0.98,0.99,98,99,29723,TRUE,TRUE,TRUE,FALSE,TRUE,TRUE,TRUE,"ok","ok","",""
"BaxterE_2016","Baxter 2016",88,"balanced","Bacteroides",1,1,1,100,100,124318,TRUE,TRUE,FALSE,TRUE,TRUE,TRUE,TRUE,"no_observed_zeros","ok","",""
"BaxterE_2016","Baxter 2016",88,"balanced","Bifidobacterium",0.74,0.76,0.72,76,72,8745,TRUE,TRUE,TRUE,FALSE,TRUE,TRUE,TRUE,"ok","ok","",""
"BaxterE_2016","Baxter 2016",88,"balanced","Blautia",1,1,1,100,100,134709,TRUE,TRUE,FALSE,TRUE,TRUE,TRUE,TRUE,"no_observed_zeros","ok","",""
"BaxterE_2016","Baxter 2016",88,"balanced","Clostridium_IV",0.985,0.99,0.98,99,98,16707,TRUE,TRUE,TRUE,FALSE,TRUE,TRUE,TRUE,"ok","ok","",""
"BaxterE_2016","Baxter 2016",88,"balanced","Clostridium_sensu_stricto",0.715,0.7,0.73,70,73,9034,TRUE,TRUE,TRUE,FALSE,TRUE,TRUE,TRUE,"ok","ok","",""
"BaxterE_2016","Baxter 2016",88,"balanced","Clostridium_XI",0.85,0.85,0.85,85,85,8296,TRUE,TRUE,TRUE,FALSE,TRUE,TRUE,TRUE,"ok","ok","",""
"BaxterE_2016","Baxter 2016",88,"balanced","Clostridium_XlVa",1,1,1,100,100,15523,TRUE,TRUE,FALSE,TRUE,TRUE,TRUE,TRUE,"no_observed_zeros","ok","",""
"BaxterE_2016","Baxter 2016",88,"balanced","Clostridium_XVIII",0.885,0.89,0.88,89,88,4765,TRUE,TRUE,TRUE,FALSE,TRUE,TRUE,TRUE,"ok","ok","",""
"BaxterE_2016","Baxter 2016",88,"balanced","Collinsella",0.585,0.6,0.57,60,57,7763,TRUE,TRUE,TRUE,FALSE,TRUE,TRUE,TRUE,"ok","ok","",""
"BaxterE_2016","Baxter 2016",88,"balanced","Coprococcus",0.88,0.89,0.87,89,87,9537,TRUE,TRUE,TRUE,FALSE,TRUE,TRUE,TRUE,"ok","ok","",""
"BaxterE_2016","Baxter 2016",88,"balanced","Dorea",0.96,0.99,0.93,99,93,13676,TRUE,TRUE,TRUE,FALSE,TRUE,TRUE,TRUE,"ok","ok","",""
"BaxterE_2016","Baxter 2016",88,"balanced","Escherichia/Shigella",0.75,0.74,0.76,74,76,7167,TRUE,TRUE,TRUE,FALSE,TRUE,TRUE,TRUE,"ok","ok","",""
"BaxterE_2016","Baxter 2016",88,"balanced","Faecalibacterium",0.99,1,0.98,100,98,46230,TRUE,TRUE,TRUE,FALSE,TRUE,TRUE,TRUE,"ok","ok","",""
"BaxterE_2016","Baxter 2016",88,"balanced","Gemmiger",0.79,0.85,0.73,85,73,8991,TRUE,TRUE,TRUE,FALSE,TRUE,TRUE,TRUE,"ok","ok","",""
"BaxterE_2016","Baxter 2016",88,"balanced","Lachnospiracea_incertae_sedis",1,1,1,100,100,34195,TRUE,TRUE,FALSE,TRUE,TRUE,TRUE,TRUE,"no_observed_zeros","ok","",""
"BaxterE_2016","Baxter 2016",88,"balanced","Methanobrevibacter",0.43,0.45,0.41,45,41,5720,TRUE,TRUE,TRUE,FALSE,TRUE,TRUE,TRUE,"ok","ok","",""
"BaxterE_2016","Baxter 2016",88,"balanced","Oscillibacter",0.89,0.9,0.88,90,88,10170,TRUE,TRUE,TRUE,FALSE,TRUE,TRUE,TRUE,"ok","ok","",""
"BaxterE_2016","Baxter 2016",88,"balanced","Parabacteroides",0.69,0.74,0.64,74,64,5961,TRUE,TRUE,TRUE,FALSE,TRUE,TRUE,TRUE,"ok","ok","",""
"BaxterE_2016","Baxter 2016",88,"balanced","Phascolarctobacterium",0.63,0.62,0.64,62,64,7134,TRUE,TRUE,TRUE,FALSE,TRUE,TRUE,TRUE,"ok","ok","",""
"BaxterE_2016","Baxter 2016",88,"balanced","Prevotella",0.39,0.39,0.39,39,39,15861,TRUE,TRUE,TRUE,FALSE,TRUE,TRUE,TRUE,"ok","ok","",""
"BaxterE_2016","Baxter 2016",88,"balanced","Roseburia",0.98,0.99,0.97,99,97,35322,TRUE,TRUE,TRUE,FALSE,TRUE,TRUE,TRUE,"ok","ok","",""
"BaxterE_2016","Baxter 2016",88,"balanced","Ruminococcus",0.88,0.89,0.87,89,87,24938,TRUE,TRUE,TRUE,FALSE,TRUE,TRUE,TRUE,"ok","ok","",""
"BaxterE_2016","Baxter 2016",88,"balanced","Ruminococcus2",0.985,0.97,1,97,100,18833,TRUE,TRUE,TRUE,FALSE,TRUE,TRUE,TRUE,"ok","ok","",""
"BaxterE_2016","Baxter 2016",88,"balanced","Streptococcus",0.85,0.85,0.85,85,85,5997,TRUE,TRUE,TRUE,FALSE,TRUE,TRUE,TRUE,"ok","ok","",""
"BaxterE_2016","Baxter 2016",88,"balanced","Unclassified_Clostridiales",0.925,0.92,0.93,92,93,10689,TRUE,TRUE,TRUE,FALSE,TRUE,TRUE,TRUE,"ok","ok","",""
"BaxterE_2016","Baxter 2016",88,"balanced","Unclassified_Lachnospiraceae",1,1,1,100,100,38279,TRUE,TRUE,FALSE,TRUE,TRUE,TRUE,TRUE,"no_observed_zeros","ok","",""
"BaxterE_2016","Baxter 2016",88,"balanced","Unclassified_Ruminococcaceae",0.98,1,0.96,100,96,24694,TRUE,TRUE,TRUE,FALSE,TRUE,TRUE,TRUE,"ok","ok","",""
"BaxterE_2016","Baxter 2016",88,"fourfold","Akkermansia",0.85,0.83,0.87,83,87,19720,TRUE,TRUE,TRUE,FALSE,TRUE,TRUE,TRUE,"ok","ok","",""
"BaxterE_2016","Baxter 2016",88,"fourfold","Alistipes",0.92,0.92,0.92,92,92,24704,TRUE,TRUE,TRUE,FALSE,TRUE,TRUE,TRUE,"ok","ok","",""
"BaxterE_2016","Baxter 2016",88,"fourfold","Anaerostipes",0.975,0.96,0.99,96,99,29329,TRUE,TRUE,TRUE,FALSE,TRUE,TRUE,TRUE,"ok","ok","",""
"BaxterE_2016","Baxter 2016",88,"fourfold","Bacteroides",1,1,1,100,100,122033,TRUE,TRUE,FALSE,TRUE,TRUE,TRUE,TRUE,"no_observed_zeros","ok","",""
"BaxterE_2016","Baxter 2016",88,"fourfold","Bifidobacterium",0.75,0.75,0.75,75,75,8603,TRUE,TRUE,TRUE,FALSE,TRUE,TRUE,TRUE,"ok","ok","",""
"BaxterE_2016","Baxter 2016",88,"fourfold","Blautia",1,1,1,100,100,127694,TRUE,TRUE,FALSE,TRUE,TRUE,TRUE,TRUE,"no_observed_zeros","ok","",""
"BaxterE_2016","Baxter 2016",88,"fourfold","Clostridium_IV",0.99,0.99,0.99,99,99,15255,TRUE,TRUE,TRUE,FALSE,TRUE,TRUE,TRUE,"ok","ok","",""
"BaxterE_2016","Baxter 2016",88,"fourfold","Clostridium_sensu_stricto",0.74,0.65,0.83,65,83,8120,TRUE,TRUE,TRUE,FALSE,TRUE,TRUE,TRUE,"ok","ok","",""
"BaxterE_2016","Baxter 2016",88,"fourfold","Clostridium_XI",0.84,0.84,0.84,84,84,7702,TRUE,TRUE,TRUE,FALSE,TRUE,TRUE,TRUE,"ok","ok","",""
"BaxterE_2016","Baxter 2016",88,"fourfold","Clostridium_XlVa",0.99,0.98,1,98,100,15204,TRUE,TRUE,TRUE,FALSE,TRUE,TRUE,TRUE,"ok","ok","",""
"BaxterE_2016","Baxter 2016",88,"fourfold","Clostridium_XVIII",0.885,0.86,0.91,86,91,4416,TRUE,TRUE,TRUE,FALSE,TRUE,TRUE,TRUE,"ok","ok","",""
"BaxterE_2016","Baxter 2016",88,"fourfold","Collinsella",0.6,0.59,0.61,59,61,6815,TRUE,TRUE,TRUE,FALSE,TRUE,TRUE,TRUE,"ok","ok","",""
"BaxterE_2016","Baxter 2016",88,"fourfold","Coprococcus",0.845,0.84,0.85,84,85,8110,TRUE,TRUE,TRUE,FALSE,TRUE,TRUE,TRUE,"ok","ok","",""
"BaxterE_2016","Baxter 2016",88,"fourfold","Dorea",0.96,0.98,0.94,98,94,13811,TRUE,TRUE,TRUE,FALSE,TRUE,TRUE,TRUE,"ok","ok","",""
"BaxterE_2016","Baxter 2016",88,"fourfold","Escherichia/Shigella",0.72,0.6,0.84,60,84,5778,TRUE,TRUE,TRUE,FALSE,TRUE,TRUE,TRUE,"ok","ok","",""
"BaxterE_2016","Baxter 2016",88,"fourfold","Faecalibacterium",0.995,1,0.99,100,99,46729,TRUE,TRUE,TRUE,FALSE,TRUE,TRUE,TRUE,"ok","ok","",""
"BaxterE_2016","Baxter 2016",88,"fourfold","Gemmiger",0.76,0.79,0.73,79,73,9028,TRUE,TRUE,TRUE,FALSE,TRUE,TRUE,TRUE,"ok","ok","",""
"BaxterE_2016","Baxter 2016",88,"fourfold","Lachnospiracea_incertae_sedis",1,1,1,100,100,34416,TRUE,TRUE,FALSE,TRUE,TRUE,TRUE,TRUE,"no_observed_zeros","ok","",""
"BaxterE_2016","Baxter 2016",88,"fourfold","Methanobrevibacter",0.405,0.36,0.45,36,45,6957,TRUE,TRUE,TRUE,FALSE,TRUE,TRUE,TRUE,"ok","ok","",""
"BaxterE_2016","Baxter 2016",88,"fourfold","Oscillibacter",0.885,0.87,0.9,87,90,9853,TRUE,TRUE,TRUE,FALSE,TRUE,TRUE,TRUE,"ok","ok","",""
"BaxterE_2016","Baxter 2016",88,"fourfold","Parabacteroides",0.705,0.68,0.73,68,73,6391,TRUE,TRUE,TRUE,FALSE,TRUE,TRUE,TRUE,"ok","ok","",""
"BaxterE_2016","Baxter 2016",88,"fourfold","Phascolarctobacterium",0.625,0.62,0.63,62,63,6978,TRUE,TRUE,TRUE,FALSE,TRUE,TRUE,TRUE,"ok","ok","",""
"BaxterE_2016","Baxter 2016",88,"fourfold","Prevotella",0.37,0.34,0.4,34,40,12872,TRUE,TRUE,TRUE,FALSE,TRUE,TRUE,TRUE,"ok","ok","",""
"BaxterE_2016","Baxter 2016",88,"fourfold","Roseburia",0.985,0.98,0.99,98,99,30114,TRUE,TRUE,TRUE,FALSE,TRUE,TRUE,TRUE,"ok","ok","",""
"BaxterE_2016","Baxter 2016",88,"fourfold","Ruminococcus",0.87,0.86,0.88,86,88,23022,TRUE,TRUE,TRUE,FALSE,TRUE,TRUE,TRUE,"ok","ok","",""
"BaxterE_2016","Baxter 2016",88,"fourfold","Ruminococcus2",0.97,0.95,0.99,95,99,18499,TRUE,TRUE,TRUE,FALSE,TRUE,TRUE,TRUE,"ok","ok","",""
"BaxterE_2016","Baxter 2016",88,"fourfold","Streptococcus",0.85,0.81,0.89,81,89,6373,TRUE,TRUE,TRUE,FALSE,TRUE,TRUE,TRUE,"ok","ok","",""
"BaxterE_2016","Baxter 2016",88,"fourfold","Unclassified_Clostridiales",0.91,0.86,0.96,86,96,11390,TRUE,TRUE,TRUE,FALSE,TRUE,TRUE,TRUE,"ok","ok","",""
"BaxterE_2016","Baxter 2016",88,"fourfold","Unclassified_Lachnospiraceae",1,1,1,100,100,37303,TRUE,TRUE,FALSE,TRUE,TRUE,TRUE,TRUE,"no_observed_zeros","ok","",""
"BaxterE_2016","Baxter 2016",88,"fourfold","Unclassified_Ruminococcaceae",0.97,0.99,0.95,99,95,23935,TRUE,TRUE,TRUE,FALSE,TRUE,TRUE,TRUE,"ok","ok","",""
"BaxterE_2016","Baxter 2016",89,"balanced","Akkermansia",0.855,0.87,0.84,87,84,23340,TRUE,TRUE,TRUE,FALSE,TRUE,TRUE,TRUE,"ok","ok","",""
"BaxterE_2016","Baxter 2016",89,"balanced","Alistipes",0.935,0.94,0.93,94,93,26988,TRUE,TRUE,TRUE,FALSE,TRUE,TRUE,TRUE,"ok","ok","",""
"BaxterE_2016","Baxter 2016",89,"balanced","Anaerostipes",0.99,0.99,0.99,99,99,31892,TRUE,TRUE,TRUE,FALSE,TRUE,TRUE,TRUE,"ok","ok","",""
"BaxterE_2016","Baxter 2016",89,"balanced","Bacteroides",1,1,1,100,100,131121,TRUE,TRUE,FALSE,TRUE,TRUE,TRUE,TRUE,"no_observed_zeros","ok","",""
"BaxterE_2016","Baxter 2016",89,"balanced","Bifidobacterium",0.735,0.75,0.72,75,72,8872,TRUE,TRUE,TRUE,FALSE,TRUE,TRUE,TRUE,"ok","ok","",""
"BaxterE_2016","Baxter 2016",89,"balanced","Blautia",1,1,1,100,100,138303,TRUE,TRUE,FALSE,TRUE,TRUE,TRUE,TRUE,"no_observed_zeros","ok","",""
"BaxterE_2016","Baxter 2016",89,"balanced","Clostridium_IV",0.99,0.99,0.99,99,99,16692,TRUE,TRUE,TRUE,FALSE,TRUE,TRUE,TRUE,"ok","ok","",""
"BaxterE_2016","Baxter 2016",89,"balanced","Clostridium_sensu_stricto",0.75,0.79,0.71,79,71,9220,TRUE,TRUE,TRUE,FALSE,TRUE,TRUE,TRUE,"ok","ok","",""
"BaxterE_2016","Baxter 2016",89,"balanced","Clostridium_XI",0.87,0.9,0.84,90,84,9597,TRUE,TRUE,TRUE,FALSE,TRUE,TRUE,TRUE,"ok","ok","",""
"BaxterE_2016","Baxter 2016",89,"balanced","Clostridium_XlVa",1,1,1,100,100,16622,TRUE,TRUE,FALSE,TRUE,TRUE,TRUE,TRUE,"no_observed_zeros","ok","",""
"BaxterE_2016","Baxter 2016",89,"balanced","Clostridium_XVIII",0.91,0.87,0.95,87,95,5403,TRUE,TRUE,TRUE,FALSE,TRUE,TRUE,TRUE,"ok","ok","",""
"BaxterE_2016","Baxter 2016",89,"balanced","Collinsella",0.61,0.65,0.57,65,57,8449,TRUE,TRUE,TRUE,FALSE,TRUE,TRUE,TRUE,"ok","ok","",""
"BaxterE_2016","Baxter 2016",89,"balanced","Coprococcus",0.855,0.85,0.86,85,86,9241,TRUE,TRUE,TRUE,FALSE,TRUE,TRUE,TRUE,"ok","ok","",""
"BaxterE_2016","Baxter 2016",89,"balanced","Dorea",0.95,0.92,0.98,92,98,14728,TRUE,TRUE,TRUE,FALSE,TRUE,TRUE,TRUE,"ok","ok","",""
"BaxterE_2016","Baxter 2016",89,"balanced","Escherichia/Shigella",0.775,0.77,0.78,77,78,7843,TRUE,TRUE,FALSE,TRUE,TRUE,TRUE,TRUE,"structural_absence_boundary_at_zero","ok","",""
"BaxterE_2016","Baxter 2016",89,"balanced","Faecalibacterium",0.985,0.99,0.98,99,98,50236,TRUE,TRUE,TRUE,FALSE,TRUE,TRUE,TRUE,"ok","ok","",""
"BaxterE_2016","Baxter 2016",89,"balanced","Gemmiger",0.79,0.81,0.77,81,77,9293,TRUE,TRUE,TRUE,FALSE,TRUE,TRUE,TRUE,"ok","ok","",""
"BaxterE_2016","Baxter 2016",89,"balanced","Lachnospiracea_incertae_sedis",1,1,1,100,100,35326,TRUE,TRUE,FALSE,TRUE,TRUE,TRUE,TRUE,"no_observed_zeros","ok","",""
"BaxterE_2016","Baxter 2016",89,"balanced","Methanobrevibacter",0.44,0.5,0.38,50,38,6122,TRUE,TRUE,TRUE,FALSE,TRUE,TRUE,TRUE,"ok","ok","",""
"BaxterE_2016","Baxter 2016",89,"balanced","Oscillibacter",0.9,0.92,0.88,92,88,10030,TRUE,TRUE,TRUE,FALSE,TRUE,TRUE,TRUE,"ok","ok","",""
"BaxterE_2016","Baxter 2016",89,"balanced","Parabacteroides",0.705,0.78,0.63,78,63,5712,TRUE,TRUE,TRUE,FALSE,TRUE,TRUE,TRUE,"ok","ok","",""
"BaxterE_2016","Baxter 2016",89,"balanced","Phascolarctobacterium",0.65,0.65,0.65,65,65,8436,TRUE,TRUE,TRUE,FALSE,TRUE,TRUE,TRUE,"ok","ok","",""
"BaxterE_2016","Baxter 2016",89,"balanced","Prevotella",0.365,0.4,0.33,40,33,13355,TRUE,TRUE,TRUE,FALSE,TRUE,TRUE,TRUE,"ok","ok","",""
"BaxterE_2016","Baxter 2016",89,"balanced","Roseburia",0.975,0.97,0.98,97,98,35671,TRUE,TRUE,TRUE,FALSE,TRUE,TRUE,TRUE,"ok","ok","",""
"BaxterE_2016","Baxter 2016",89,"balanced","Ruminococcus",0.905,0.9,0.91,90,91,25340,TRUE,TRUE,TRUE,FALSE,TRUE,TRUE,TRUE,"ok","ok","",""
"BaxterE_2016","Baxter 2016",89,"balanced","Ruminococcus2",0.985,0.99,0.98,99,98,19962,TRUE,TRUE,TRUE,FALSE,TRUE,TRUE,TRUE,"ok","ok","",""
"BaxterE_2016","Baxter 2016",89,"balanced","Streptococcus",0.865,0.84,0.89,84,89,6990,TRUE,TRUE,TRUE,FALSE,TRUE,TRUE,TRUE,"ok","ok","",""
"BaxterE_2016","Baxter 2016",89,"balanced","Unclassified_Clostridiales",0.925,0.95,0.9,95,90,11256,TRUE,TRUE,TRUE,FALSE,TRUE,TRUE,TRUE,"ok","ok","",""
"BaxterE_2016","Baxter 2016",89,"balanced","Unclassified_Lachnospiraceae",1,1,1,100,100,39081,TRUE,TRUE,FALSE,TRUE,TRUE,TRUE,TRUE,"no_observed_zeros","ok","",""
"BaxterE_2016","Baxter 2016",89,"balanced","Unclassified_Ruminococcaceae",0.985,0.98,0.99,98,99,26074,TRUE,TRUE,TRUE,FALSE,TRUE,TRUE,TRUE,"ok","ok","",""
"BaxterE_2016","Baxter 2016",89,"fourfold","Akkermansia",0.81,0.75,0.87,75,87,25589,TRUE,TRUE,TRUE,FALSE,TRUE,TRUE,TRUE,"ok","ok","",""
"BaxterE_2016","Baxter 2016",89,"fourfold","Alistipes",0.9,0.87,0.93,87,93,26047,TRUE,TRUE,TRUE,FALSE,TRUE,TRUE,TRUE,"ok","ok","",""
"BaxterE_2016","Baxter 2016",89,"fourfold","Anaerostipes",0.96,0.94,0.98,94,98,32137,TRUE,TRUE,TRUE,FALSE,TRUE,TRUE,TRUE,"ok","ok","",""
"BaxterE_2016","Baxter 2016",89,"fourfold","Bacteroides",1,1,1,100,100,128118,TRUE,TRUE,FALSE,TRUE,TRUE,TRUE,TRUE,"no_observed_zeros","ok","",""
"BaxterE_2016","Baxter 2016",89,"fourfold","Bifidobacterium",0.735,0.7,0.77,70,77,8457,TRUE,TRUE,TRUE,FALSE,TRUE,TRUE,TRUE,"ok","ok","",""
"BaxterE_2016","Baxter 2016",89,"fourfold","Blautia",1,1,1,100,100,140762,TRUE,TRUE,FALSE,TRUE,TRUE,TRUE,TRUE,"no_observed_zeros","ok","",""
"BaxterE_2016","Baxter 2016",89,"fourfold","Clostridium_IV",0.975,0.95,1,95,100,13935,TRUE,TRUE,FALSE,TRUE,TRUE,TRUE,TRUE,"structural_absence_boundary_at_zero","ok","",""
"BaxterE_2016","Baxter 2016",89,"fourfold","Clostridium_sensu_stricto",0.7,0.67,0.73,67,73,6042,TRUE,TRUE,TRUE,FALSE,TRUE,TRUE,TRUE,"ok","ok","",""
"BaxterE_2016","Baxter 2016",89,"fourfold","Clostridium_XI",0.795,0.75,0.84,75,84,7479,TRUE,TRUE,TRUE,FALSE,TRUE,TRUE,TRUE,"ok","ok","",""
"BaxterE_2016","Baxter 2016",89,"fourfold","Clostridium_XlVa",0.995,0.99,1,99,100,15531,TRUE,TRUE,FALSE,TRUE,TRUE,TRUE,TRUE,"structural_absence_boundary_at_zero","ok","",""
"BaxterE_2016","Baxter 2016",89,"fourfold","Clostridium_XVIII",0.84,0.69,0.99,69,99,5110,TRUE,TRUE,TRUE,FALSE,TRUE,TRUE,TRUE,"ok","ok","",""
"BaxterE_2016","Baxter 2016",89,"fourfold","Collinsella",0.58,0.56,0.6,56,60,7928,TRUE,TRUE,TRUE,FALSE,TRUE,TRUE,TRUE,"ok","ok","",""
"BaxterE_2016","Baxter 2016",89,"fourfold","Coprococcus",0.855,0.83,0.88,83,88,8416,TRUE,TRUE,TRUE,FALSE,TRUE,TRUE,TRUE,"ok","ok","",""
"BaxterE_2016","Baxter 2016",89,"fourfold","Dorea",0.955,0.92,0.99,92,99,13489,TRUE,TRUE,TRUE,FALSE,TRUE,TRUE,TRUE,"ok","ok","",""
"BaxterE_2016","Baxter 2016",89,"fourfold","Escherichia/Shigella",0.74,0.69,0.79,69,79,5645,TRUE,TRUE,TRUE,FALSE,TRUE,TRUE,TRUE,"ok","ok","",""
"BaxterE_2016","Baxter 2016",89,"fourfold","Faecalibacterium",0.99,0.99,0.99,99,99,45213,TRUE,TRUE,TRUE,FALSE,TRUE,TRUE,TRUE,"ok","ok","",""
"BaxterE_2016","Baxter 2016",89,"fourfold","Gemmiger",0.755,0.73,0.78,73,78,9617,TRUE,TRUE,TRUE,FALSE,TRUE,TRUE,TRUE,"ok","ok","",""
"BaxterE_2016","Baxter 2016",89,"fourfold","Lachnospiracea_incertae_sedis",1,1,1,100,100,36271,TRUE,TRUE,FALSE,TRUE,TRUE,TRUE,TRUE,"no_observed_zeros","ok","",""
"BaxterE_2016","Baxter 2016",89,"fourfold","Methanobrevibacter",0.385,0.43,0.34,43,34,4996,TRUE,TRUE,TRUE,FALSE,TRUE,TRUE,TRUE,"ok","ok","",""
"BaxterE_2016","Baxter 2016",89,"fourfold","Oscillibacter",0.875,0.84,0.91,84,91,10442,TRUE,TRUE,TRUE,FALSE,TRUE,TRUE,TRUE,"ok","ok","",""
"BaxterE_2016","Baxter 2016",89,"fourfold","Parabacteroides",0.685,0.71,0.66,71,66,5439,TRUE,TRUE,TRUE,FALSE,TRUE,TRUE,TRUE,"ok","ok","",""
"BaxterE_2016","Baxter 2016",89,"fourfold","Phascolarctobacterium",0.64,0.59,0.69,59,69,8294,TRUE,TRUE,TRUE,FALSE,TRUE,TRUE,TRUE,"ok","ok","",""
"BaxterE_2016","Baxter 2016",89,"fourfold","Prevotella",0.35,0.33,0.37,33,37,9991,TRUE,TRUE,TRUE,FALSE,TRUE,TRUE,TRUE,"ok","ok","",""
"BaxterE_2016","Baxter 2016",89,"fourfold","Roseburia",0.97,0.95,0.99,95,99,39157,TRUE,TRUE,TRUE,FALSE,TRUE,TRUE,TRUE,"ok","ok","",""
"BaxterE_2016","Baxter 2016",89,"fourfold","Ruminococcus",0.86,0.81,0.91,81,91,24053,TRUE,TRUE,TRUE,FALSE,TRUE,TRUE,TRUE,"ok","ok","",""
"BaxterE_2016","Baxter 2016",89,"fourfold","Ruminococcus2",0.965,0.95,0.98,95,98,17996,TRUE,TRUE,TRUE,FALSE,TRUE,TRUE,TRUE,"ok","ok","",""
"BaxterE_2016","Baxter 2016",89,"fourfold","Streptococcus",0.79,0.69,0.89,69,89,6898,TRUE,TRUE,TRUE,FALSE,TRUE,TRUE,TRUE,"ok","ok","",""
"BaxterE_2016","Baxter 2016",89,"fourfold","Unclassified_Clostridiales",0.92,0.9,0.94,90,94,10850,TRUE,TRUE,TRUE,FALSE,TRUE,TRUE,TRUE,"ok","ok","",""
"BaxterE_2016","Baxter 2016",89,"fourfold","Unclassified_Lachnospiraceae",0.995,0.99,1,99,100,37346,TRUE,TRUE,TRUE,FALSE,TRUE,TRUE,TRUE,"ok","ok","",""
"BaxterE_2016","Baxter 2016",89,"fourfold","Unclassified_Ruminococcaceae",0.985,0.97,1,97,100,25350,TRUE,TRUE,TRUE,FALSE,TRUE,TRUE,TRUE,"ok","ok","",""
"BaxterE_2016","Baxter 2016",90,"balanced","Akkermansia",0.845,0.9,0.79,90,79,23885,TRUE,TRUE,TRUE,FALSE,TRUE,TRUE,TRUE,"ok","ok","",""
"BaxterE_2016","Baxter 2016",90,"balanced","Alistipes",0.92,0.95,0.89,95,89,25539,TRUE,TRUE,TRUE,FALSE,TRUE,TRUE,TRUE,"ok","ok","",""
"BaxterE_2016","Baxter 2016",90,"balanced","Anaerostipes",0.985,1,0.97,100,97,30036,TRUE,TRUE,TRUE,FALSE,TRUE,TRUE,TRUE,"ok","ok","",""
"BaxterE_2016","Baxter 2016",90,"balanced","Bacteroides",0.995,1,0.99,100,99,125208,TRUE,TRUE,TRUE,FALSE,TRUE,TRUE,TRUE,"ok","ok","",""
"BaxterE_2016","Baxter 2016",90,"balanced","Bifidobacterium",0.735,0.74,0.73,74,73,9463,TRUE,TRUE,TRUE,FALSE,TRUE,TRUE,TRUE,"ok","ok","",""
"BaxterE_2016","Baxter 2016",90,"balanced","Blautia",1,1,1,100,100,130765,TRUE,TRUE,FALSE,TRUE,TRUE,TRUE,TRUE,"no_observed_zeros","ok","",""
"BaxterE_2016","Baxter 2016",90,"balanced","Clostridium_IV",0.985,0.98,0.99,98,99,15131,TRUE,TRUE,TRUE,FALSE,TRUE,TRUE,TRUE,"ok","ok","",""
"BaxterE_2016","Baxter 2016",90,"balanced","Clostridium_sensu_stricto",0.75,0.74,0.76,74,76,9774,TRUE,TRUE,TRUE,FALSE,TRUE,TRUE,TRUE,"ok","ok","",""
"BaxterE_2016","Baxter 2016",90,"balanced","Clostridium_XI",0.845,0.83,0.86,83,86,10370,TRUE,TRUE,TRUE,FALSE,TRUE,TRUE,TRUE,"ok","ok","",""
"BaxterE_2016","Baxter 2016",90,"balanced","Clostridium_XlVa",1,1,1,100,100,16848,TRUE,TRUE,FALSE,TRUE,TRUE,TRUE,TRUE,"no_observed_zeros","ok","",""
"BaxterE_2016","Baxter 2016",90,"balanced","Clostridium_XVIII",0.895,0.89,0.9,89,90,5302,TRUE,TRUE,TRUE,FALSE,TRUE,TRUE,TRUE,"ok","ok","",""
"BaxterE_2016","Baxter 2016",90,"balanced","Collinsella",0.605,0.63,0.58,63,58,7574,TRUE,TRUE,TRUE,FALSE,TRUE,TRUE,TRUE,"ok","ok","",""
"BaxterE_2016","Baxter 2016",90,"balanced","Coprococcus",0.865,0.87,0.86,87,86,9040,TRUE,TRUE,TRUE,FALSE,TRUE,TRUE,TRUE,"ok","ok","",""
"BaxterE_2016","Baxter 2016",90,"balanced","Dorea",0.96,0.97,0.95,97,95,14326,TRUE,TRUE,TRUE,FALSE,TRUE,TRUE,TRUE,"ok","ok","",""
"BaxterE_2016","Baxter 2016",90,"balanced","Escherichia/Shigella",0.76,0.74,0.78,74,78,9236,TRUE,TRUE,TRUE,FALSE,TRUE,TRUE,TRUE,"ok","ok","",""
"BaxterE_2016","Baxter 2016",90,"balanced","Faecalibacterium",0.985,0.99,0.98,99,98,43222,TRUE,TRUE,TRUE,FALSE,TRUE,TRUE,TRUE,"ok","ok","",""
"BaxterE_2016","Baxter 2016",90,"balanced","Gemmiger",0.785,0.78,0.79,78,79,8756,TRUE,TRUE,TRUE,FALSE,TRUE,TRUE,TRUE,"ok","ok","",""
"BaxterE_2016","Baxter 2016",90,"balanced","Lachnospiracea_incertae_sedis",1,1,1,100,100,35869,TRUE,TRUE,FALSE,TRUE,TRUE,TRUE,TRUE,"no_observed_zeros","ok","",""
"BaxterE_2016","Baxter 2016",90,"balanced","Methanobrevibacter",0.425,0.44,0.41,44,41,6756,TRUE,TRUE,TRUE,FALSE,TRUE,TRUE,TRUE,"ok","ok","",""
"BaxterE_2016","Baxter 2016",90,"balanced","Oscillibacter",0.925,0.94,0.91,94,91,9737,TRUE,TRUE,TRUE,FALSE,TRUE,TRUE,TRUE,"ok","ok","",""
"BaxterE_2016","Baxter 2016",90,"balanced","Parabacteroides",0.72,0.77,0.67,77,67,5495,TRUE,TRUE,TRUE,FALSE,TRUE,TRUE,TRUE,"ok","ok","",""
"BaxterE_2016","Baxter 2016",90,"balanced","Phascolarctobacterium",0.655,0.69,0.62,69,62,7396,TRUE,TRUE,TRUE,FALSE,TRUE,TRUE,TRUE,"ok","ok","",""
"BaxterE_2016","Baxter 2016",90,"balanced","Prevotella",0.39,0.39,0.39,39,39,12310,TRUE,TRUE,TRUE,FALSE,TRUE,TRUE,TRUE,"ok","ok","",""
"BaxterE_2016","Baxter 2016",90,"balanced","Roseburia",0.98,0.98,0.98,98,98,33465,TRUE,TRUE,TRUE,FALSE,TRUE,TRUE,TRUE,"ok","ok","",""
"BaxterE_2016","Baxter 2016",90,"balanced","Ruminococcus",0.865,0.89,0.84,89,84,25170,TRUE,TRUE,TRUE,FALSE,TRUE,TRUE,TRUE,"ok","ok","",""
"BaxterE_2016","Baxter 2016",90,"balanced","Ruminococcus2",0.99,1,0.98,100,98,18344,TRUE,TRUE,TRUE,FALSE,TRUE,TRUE,TRUE,"ok","ok","",""
"BaxterE_2016","Baxter 2016",90,"balanced","Streptococcus",0.835,0.83,0.84,83,84,7399,TRUE,TRUE,TRUE,FALSE,TRUE,TRUE,TRUE,"ok","ok","",""
"BaxterE_2016","Baxter 2016",90,"balanced","Unclassified_Clostridiales",0.935,0.95,0.92,95,92,10592,TRUE,TRUE,TRUE,FALSE,TRUE,TRUE,TRUE,"ok","ok","",""
"BaxterE_2016","Baxter 2016",90,"balanced","Unclassified_Lachnospiraceae",1,1,1,100,100,36693,TRUE,TRUE,FALSE,TRUE,TRUE,TRUE,TRUE,"no_observed_zeros","ok","",""
"BaxterE_2016","Baxter 2016",90,"balanced","Unclassified_Ruminococcaceae",0.975,0.99,0.96,99,96,23430,TRUE,TRUE,TRUE,FALSE,TRUE,TRUE,TRUE,"ok","ok","",""
"BaxterE_2016","Baxter 2016",90,"fourfold","Akkermansia",0.835,0.87,0.8,87,80,23855,TRUE,TRUE,TRUE,FALSE,TRUE,TRUE,TRUE,"ok","ok","",""
"BaxterE_2016","Baxter 2016",90,"fourfold","Alistipes",0.925,0.94,0.91,94,91,22787,TRUE,TRUE,TRUE,FALSE,TRUE,TRUE,TRUE,"ok","ok","",""
"BaxterE_2016","Baxter 2016",90,"fourfold","Anaerostipes",0.975,0.98,0.97,98,97,29822,TRUE,TRUE,TRUE,FALSE,TRUE,TRUE,TRUE,"ok","ok","",""
"BaxterE_2016","Baxter 2016",90,"fourfold","Bacteroides",0.995,0.99,1,99,100,114512,TRUE,TRUE,TRUE,FALSE,TRUE,TRUE,TRUE,"ok","ok","",""
"BaxterE_2016","Baxter 2016",90,"fourfold","Bifidobacterium",0.73,0.7,0.76,70,76,9571,TRUE,TRUE,TRUE,FALSE,TRUE,TRUE,TRUE,"ok","ok","",""
"BaxterE_2016","Baxter 2016",90,"fourfold","Blautia",1,1,1,100,100,120741,TRUE,TRUE,FALSE,TRUE,TRUE,TRUE,TRUE,"no_observed_zeros","ok","",""
"BaxterE_2016","Baxter 2016",90,"fourfold","Clostridium_IV",0.99,0.99,0.99,99,99,18277,TRUE,TRUE,TRUE,FALSE,TRUE,TRUE,TRUE,"ok","ok","",""
"BaxterE_2016","Baxter 2016",90,"fourfold","Clostridium_sensu_stricto",0.725,0.7,0.75,70,75,9326,TRUE,TRUE,TRUE,FALSE,TRUE,TRUE,TRUE,"ok","ok","",""
"BaxterE_2016","Baxter 2016",90,"fourfold","Clostridium_XI",0.82,0.75,0.89,75,89,8782,TRUE,TRUE,TRUE,FALSE,TRUE,TRUE,TRUE,"ok","ok","",""
"BaxterE_2016","Baxter 2016",90,"fourfold","Clostridium_XlVa",0.995,0.99,1,99,100,15553,TRUE,TRUE,FALSE,TRUE,TRUE,TRUE,TRUE,"structural_absence_boundary_at_zero","ok","",""
"BaxterE_2016","Baxter 2016",90,"fourfold","Clostridium_XVIII",0.895,0.83,0.96,83,96,4755,TRUE,TRUE,TRUE,FALSE,TRUE,TRUE,TRUE,"ok","ok","",""
"BaxterE_2016","Baxter 2016",90,"fourfold","Collinsella",0.595,0.58,0.61,58,61,8266,TRUE,TRUE,TRUE,FALSE,TRUE,TRUE,TRUE,"ok","ok","",""
"BaxterE_2016","Baxter 2016",90,"fourfold","Coprococcus",0.88,0.87,0.89,87,89,9441,TRUE,TRUE,TRUE,FALSE,TRUE,TRUE,TRUE,"ok","ok","",""
"BaxterE_2016","Baxter 2016",90,"fourfold","Dorea",0.95,0.95,0.95,95,95,13123,TRUE,TRUE,TRUE,FALSE,TRUE,TRUE,TRUE,"ok","ok","",""
"BaxterE_2016","Baxter 2016",90,"fourfold","Escherichia/Shigella",0.76,0.71,0.81,71,81,6659,TRUE,TRUE,TRUE,FALSE,TRUE,TRUE,TRUE,"ok","ok","",""
"BaxterE_2016","Baxter 2016",90,"fourfold","Faecalibacterium",0.98,0.99,0.97,99,97,42730,TRUE,TRUE,TRUE,FALSE,TRUE,TRUE,TRUE,"ok","ok","",""
"BaxterE_2016","Baxter 2016",90,"fourfold","Gemmiger",0.76,0.71,0.81,71,81,9309,TRUE,TRUE,TRUE,FALSE,TRUE,TRUE,TRUE,"ok","ok","",""
"BaxterE_2016","Baxter 2016",90,"fourfold","Lachnospiracea_incertae_sedis",1,1,1,100,100,33551,TRUE,TRUE,FALSE,TRUE,TRUE,TRUE,TRUE,"no_observed_zeros","ok","",""
"BaxterE_2016","Baxter 2016",90,"fourfold","Methanobrevibacter",0.395,0.38,0.41,38,41,6224,TRUE,TRUE,TRUE,FALSE,TRUE,TRUE,TRUE,"ok","ok","",""
"BaxterE_2016","Baxter 2016",90,"fourfold","Oscillibacter",0.88,0.86,0.9,86,90,10368,TRUE,TRUE,TRUE,FALSE,TRUE,TRUE,TRUE,"ok","ok","",""
"BaxterE_2016","Baxter 2016",90,"fourfold","Parabacteroides",0.7,0.73,0.67,73,67,5869,TRUE,TRUE,TRUE,FALSE,TRUE,TRUE,TRUE,"ok","ok","",""
"BaxterE_2016","Baxter 2016",90,"fourfold","Phascolarctobacterium",0.64,0.67,0.61,67,61,6700,TRUE,TRUE,TRUE,FALSE,TRUE,TRUE,TRUE,"ok","ok","",""
"BaxterE_2016","Baxter 2016",90,"fourfold","Prevotella",0.36,0.32,0.4,32,40,11793,TRUE,TRUE,TRUE,FALSE,TRUE,TRUE,TRUE,"ok","ok","",""
"BaxterE_2016","Baxter 2016",90,"fourfold","Roseburia",0.98,0.97,0.99,97,99,33949,TRUE,TRUE,TRUE,FALSE,TRUE,TRUE,TRUE,"ok","ok","",""
"BaxterE_2016","Baxter 2016",90,"fourfold","Ruminococcus",0.87,0.87,0.87,87,87,25233,TRUE,TRUE,TRUE,FALSE,TRUE,TRUE,TRUE,"ok","ok","",""
"BaxterE_2016","Baxter 2016",90,"fourfold","Ruminococcus2",0.97,0.96,0.98,96,98,15472,TRUE,TRUE,TRUE,FALSE,TRUE,TRUE,TRUE,"ok","ok","",""
"BaxterE_2016","Baxter 2016",90,"fourfold","Streptococcus",0.835,0.78,0.89,78,89,5836,TRUE,TRUE,TRUE,FALSE,TRUE,TRUE,TRUE,"ok","ok","",""
"BaxterE_2016","Baxter 2016",90,"fourfold","Unclassified_Clostridiales",0.905,0.91,0.9,91,90,12525,TRUE,TRUE,TRUE,FALSE,TRUE,TRUE,TRUE,"ok","ok","",""
"BaxterE_2016","Baxter 2016",90,"fourfold","Unclassified_Lachnospiraceae",0.995,0.99,1,99,100,36872,TRUE,TRUE,TRUE,FALSE,TRUE,TRUE,TRUE,"ok","ok","",""
"BaxterE_2016","Baxter 2016",90,"fourfold","Unclassified_Ruminococcaceae",0.975,0.99,0.96,99,96,26520,TRUE,TRUE,TRUE,FALSE,TRUE,TRUE,TRUE,"ok","ok","",""
"BaxterE_2016","Baxter 2016",91,"balanced","Akkermansia",0.855,0.89,0.82,89,82,26293,TRUE,TRUE,TRUE,FALSE,TRUE,TRUE,TRUE,"ok","ok","",""
"BaxterE_2016","Baxter 2016",91,"balanced","Alistipes",0.935,0.92,0.95,92,95,26141,TRUE,TRUE,TRUE,FALSE,TRUE,TRUE,TRUE,"ok","ok","",""
"BaxterE_2016","Baxter 2016",91,"balanced","Anaerostipes",0.98,0.98,0.98,98,98,31945,TRUE,TRUE,TRUE,FALSE,TRUE,TRUE,TRUE,"ok","ok","",""
"BaxterE_2016","Baxter 2016",91,"balanced","Bacteroides",1,1,1,100,100,128768,TRUE,TRUE,FALSE,TRUE,TRUE,TRUE,TRUE,"no_observed_zeros","ok","",""
"BaxterE_2016","Baxter 2016",91,"balanced","Bifidobacterium",0.74,0.77,0.71,77,71,9851,TRUE,TRUE,TRUE,FALSE,TRUE,TRUE,TRUE,"ok","ok","",""
"BaxterE_2016","Baxter 2016",91,"balanced","Blautia",1,1,1,100,100,146899,TRUE,TRUE,FALSE,TRUE,TRUE,TRUE,TRUE,"no_observed_zeros","ok","",""
"BaxterE_2016","Baxter 2016",91,"balanced","Clostridium_IV",0.99,1,0.98,100,98,16280,TRUE,TRUE,TRUE,FALSE,TRUE,TRUE,TRUE,"ok","ok","",""
"BaxterE_2016","Baxter 2016",91,"balanced","Clostridium_sensu_stricto",0.76,0.77,0.75,77,75,8870,TRUE,TRUE,TRUE,FALSE,TRUE,TRUE,TRUE,"ok","ok","",""
"BaxterE_2016","Baxter 2016",91,"balanced","Clostridium_XI",0.87,0.87,0.87,87,87,9466,TRUE,TRUE,TRUE,FALSE,TRUE,TRUE,TRUE,"ok","ok","",""
"BaxterE_2016","Baxter 2016",91,"balanced","Clostridium_XlVa",1,1,1,100,100,16463,TRUE,TRUE,FALSE,TRUE,TRUE,TRUE,TRUE,"no_observed_zeros","ok","",""
"BaxterE_2016","Baxter 2016",91,"balanced","Clostridium_XVIII",0.9,0.89,0.91,89,91,5963,TRUE,TRUE,TRUE,FALSE,TRUE,TRUE,TRUE,"ok","ok","",""
"BaxterE_2016","Baxter 2016",91,"balanced","Collinsella",0.595,0.57,0.62,57,62,9318,TRUE,TRUE,TRUE,FALSE,TRUE,TRUE,TRUE,"ok","ok","",""
"BaxterE_2016","Baxter 2016",91,"balanced","Coprococcus",0.875,0.89,0.86,89,86,10740,TRUE,TRUE,TRUE,FALSE,TRUE,TRUE,TRUE,"ok","ok","",""
"BaxterE_2016","Baxter 2016",91,"balanced","Dorea",0.95,0.93,0.97,93,97,15035,TRUE,TRUE,TRUE,FALSE,TRUE,TRUE,TRUE,"ok","ok","",""
"BaxterE_2016","Baxter 2016",91,"balanced","Escherichia/Shigella",0.78,0.76,0.8,76,80,7111,TRUE,TRUE,TRUE,FALSE,TRUE,TRUE,TRUE,"ok","ok","",""
"BaxterE_2016","Baxter 2016",91,"balanced","Faecalibacterium",0.995,1,0.99,100,99,48751,TRUE,TRUE,TRUE,FALSE,TRUE,TRUE,TRUE,"ok","ok","",""
"BaxterE_2016","Baxter 2016",91,"balanced","Gemmiger",0.78,0.77,0.79,77,79,10794,TRUE,TRUE,TRUE,FALSE,TRUE,TRUE,TRUE,"ok","ok","",""
"BaxterE_2016","Baxter 2016",91,"balanced","Lachnospiracea_incertae_sedis",1,1,1,100,100,37402,TRUE,TRUE,FALSE,TRUE,TRUE,TRUE,TRUE,"no_observed_zeros","ok","",""
"BaxterE_2016","Baxter 2016",91,"balanced","Methanobrevibacter",0.405,0.44,0.37,44,37,6394,TRUE,TRUE,TRUE,FALSE,TRUE,TRUE,TRUE,"ok","ok","",""
"BaxterE_2016","Baxter 2016",91,"balanced","Oscillibacter",0.905,0.9,0.91,90,91,11508,TRUE,TRUE,TRUE,FALSE,TRUE,TRUE,TRUE,"ok","ok","",""
"BaxterE_2016","Baxter 2016",91,"balanced","Parabacteroides",0.715,0.69,0.74,69,74,5689,TRUE,TRUE,TRUE,FALSE,TRUE,TRUE,TRUE,"ok","ok","",""
"BaxterE_2016","Baxter 2016",91,"balanced","Phascolarctobacterium",0.66,0.68,0.64,68,64,8205,TRUE,TRUE,TRUE,FALSE,TRUE,TRUE,TRUE,"ok","ok","",""
"BaxterE_2016","Baxter 2016",91,"balanced","Prevotella",0.37,0.39,0.35,39,35,13592,TRUE,TRUE,TRUE,FALSE,TRUE,TRUE,TRUE,"ok","ok","",""
"BaxterE_2016","Baxter 2016",91,"balanced","Roseburia",0.985,0.98,0.99,98,99,39030,TRUE,TRUE,TRUE,FALSE,TRUE,TRUE,TRUE,"ok","ok","",""
"BaxterE_2016","Baxter 2016",91,"balanced","Ruminococcus",0.895,0.92,0.87,92,87,27475,TRUE,TRUE,TRUE,FALSE,TRUE,TRUE,TRUE,"ok","ok","",""
"BaxterE_2016","Baxter 2016",91,"balanced","Ruminococcus2",0.975,0.98,0.97,98,97,19720,TRUE,TRUE,TRUE,FALSE,TRUE,TRUE,TRUE,"ok","ok","",""
"BaxterE_2016","Baxter 2016",91,"balanced","Streptococcus",0.88,0.87,0.89,87,89,7317,TRUE,TRUE,TRUE,FALSE,TRUE,TRUE,TRUE,"ok","ok","",""
"BaxterE_2016","Baxter 2016",91,"balanced","Unclassified_Clostridiales",0.94,0.97,0.91,97,91,12131,TRUE,TRUE,TRUE,FALSE,TRUE,TRUE,TRUE,"ok","ok","",""
"BaxterE_2016","Baxter 2016",91,"balanced","Unclassified_Lachnospiraceae",1,1,1,100,100,39764,TRUE,TRUE,FALSE,TRUE,TRUE,TRUE,TRUE,"no_observed_zeros","ok","",""
"BaxterE_2016","Baxter 2016",91,"balanced","Unclassified_Ruminococcaceae",0.985,1,0.97,100,97,25674,TRUE,TRUE,TRUE,FALSE,TRUE,TRUE,TRUE,"ok","ok","",""
"BaxterE_2016","Baxter 2016",91,"fourfold","Akkermansia",0.825,0.81,0.84,81,84,19136,TRUE,TRUE,TRUE,FALSE,TRUE,TRUE,TRUE,"ok","ok","",""
"BaxterE_2016","Baxter 2016",91,"fourfold","Alistipes",0.93,0.9,0.96,90,96,25752,TRUE,TRUE,TRUE,FALSE,TRUE,TRUE,TRUE,"ok","ok","",""
"BaxterE_2016","Baxter 2016",91,"fourfold","Anaerostipes",0.975,0.98,0.97,98,97,26783,TRUE,TRUE,TRUE,FALSE,TRUE,TRUE,TRUE,"ok","ok","",""
"BaxterE_2016","Baxter 2016",91,"fourfold","Bacteroides",0.99,0.98,1,98,100,110713,TRUE,TRUE,TRUE,FALSE,TRUE,TRUE,TRUE,"ok","ok","",""
"BaxterE_2016","Baxter 2016",91,"fourfold","Bifidobacterium",0.715,0.73,0.7,73,70,9268,TRUE,TRUE,TRUE,FALSE,TRUE,TRUE,TRUE,"ok","ok","",""
"BaxterE_2016","Baxter 2016",91,"fourfold","Blautia",1,1,1,100,100,119799,TRUE,TRUE,FALSE,TRUE,TRUE,TRUE,TRUE,"no_observed_zeros","ok","",""
"BaxterE_2016","Baxter 2016",91,"fourfold","Clostridium_IV",0.985,0.98,0.99,98,99,16484,TRUE,TRUE,TRUE,FALSE,TRUE,TRUE,TRUE,"ok","ok","",""
"BaxterE_2016","Baxter 2016",91,"fourfold","Clostridium_sensu_stricto",0.735,0.69,0.78,69,78,8609,TRUE,TRUE,TRUE,FALSE,TRUE,TRUE,TRUE,"ok","ok","",""
"BaxterE_2016","Baxter 2016",91,"fourfold","Clostridium_XI",0.83,0.8,0.86,80,86,8262,TRUE,TRUE,TRUE,FALSE,TRUE,TRUE,TRUE,"ok","ok","",""
"BaxterE_2016","Baxter 2016",91,"fourfold","Clostridium_XlVa",0.995,0.99,1,99,100,13975,TRUE,TRUE,FALSE,TRUE,TRUE,TRUE,TRUE,"structural_absence_boundary_at_zero","ok","",""
"BaxterE_2016","Baxter 2016",91,"fourfold","Clostridium_XVIII",0.85,0.78,0.92,78,92,4548,TRUE,TRUE,TRUE,FALSE,TRUE,TRUE,TRUE,"ok","ok","",""
"BaxterE_2016","Baxter 2016",91,"fourfold","Collinsella",0.625,0.55,0.7,55,70,8567,TRUE,TRUE,TRUE,FALSE,TRUE,TRUE,TRUE,"ok","ok","",""
"BaxterE_2016","Baxter 2016",91,"fourfold","Coprococcus",0.87,0.88,0.86,88,86,8205,TRUE,TRUE,TRUE,FALSE,TRUE,TRUE,TRUE,"ok","ok","",""
"BaxterE_2016","Baxter 2016",91,"fourfold","Dorea",0.95,0.93,0.97,93,97,13104,TRUE,TRUE,TRUE,FALSE,TRUE,TRUE,TRUE,"ok","ok","",""
"BaxterE_2016","Baxter 2016",91,"fourfold","Escherichia/Shigella",0.77,0.7,0.84,70,84,5348,TRUE,TRUE,FALSE,TRUE,TRUE,TRUE,TRUE,"structural_absence_boundary_at_zero","ok","",""
"BaxterE_2016","Baxter 2016",91,"fourfold","Faecalibacterium",0.99,0.99,0.99,99,99,41100,TRUE,TRUE,TRUE,FALSE,TRUE,TRUE,TRUE,"ok","ok","",""
"BaxterE_2016","Baxter 2016",91,"fourfold","Gemmiger",0.77,0.75,0.79,75,79,8988,TRUE,TRUE,TRUE,FALSE,TRUE,TRUE,TRUE,"ok","ok","",""
"BaxterE_2016","Baxter 2016",91,"fourfold","Lachnospiracea_incertae_sedis",1,1,1,100,100,33527,TRUE,TRUE,FALSE,TRUE,TRUE,TRUE,TRUE,"no_observed_zeros","ok","",""
"BaxterE_2016","Baxter 2016",91,"fourfold","Methanobrevibacter",0.4,0.37,0.43,37,43,5477,TRUE,TRUE,TRUE,FALSE,TRUE,TRUE,TRUE,"ok","ok","",""
"BaxterE_2016","Baxter 2016",91,"fourfold","Oscillibacter",0.87,0.82,0.92,82,92,9903,TRUE,TRUE,TRUE,FALSE,TRUE,TRUE,TRUE,"ok","ok","",""
"BaxterE_2016","Baxter 2016",91,"fourfold","Parabacteroides",0.68,0.61,0.75,61,75,4873,TRUE,TRUE,TRUE,FALSE,TRUE,TRUE,TRUE,"ok","ok","",""
"BaxterE_2016","Baxter 2016",91,"fourfold","Phascolarctobacterium",0.645,0.64,0.65,64,65,7126,TRUE,TRUE,TRUE,FALSE,TRUE,TRUE,TRUE,"ok","ok","",""
"BaxterE_2016","Baxter 2016",91,"fourfold","Prevotella",0.355,0.31,0.4,31,40,11245,TRUE,TRUE,TRUE,FALSE,TRUE,TRUE,TRUE,"ok","ok","",""
"BaxterE_2016","Baxter 2016",91,"fourfold","Roseburia",0.97,0.96,0.98,96,98,29898,TRUE,TRUE,TRUE,FALSE,TRUE,TRUE,TRUE,"ok","ok","",""
"BaxterE_2016","Baxter 2016",91,"fourfold","Ruminococcus",0.86,0.86,0.86,86,86,21723,TRUE,TRUE,TRUE,FALSE,TRUE,TRUE,TRUE,"ok","ok","",""
"BaxterE_2016","Baxter 2016",91,"fourfold","Ruminococcus2",0.96,0.94,0.98,94,98,16054,TRUE,TRUE,TRUE,FALSE,TRUE,TRUE,TRUE,"ok","ok","",""
"BaxterE_2016","Baxter 2016",91,"fourfold","Streptococcus",0.81,0.72,0.9,72,90,6560,TRUE,TRUE,TRUE,FALSE,TRUE,TRUE,TRUE,"ok","ok","",""
"BaxterE_2016","Baxter 2016",91,"fourfold","Unclassified_Clostridiales",0.89,0.87,0.91,87,91,10216,TRUE,TRUE,TRUE,FALSE,TRUE,TRUE,TRUE,"ok","ok","",""
"BaxterE_2016","Baxter 2016",91,"fourfold","Unclassified_Lachnospiraceae",0.995,0.99,1,99,100,33382,TRUE,TRUE,TRUE,FALSE,TRUE,TRUE,TRUE,"ok","ok","",""
"BaxterE_2016","Baxter 2016",91,"fourfold","Unclassified_Ruminococcaceae",0.975,0.98,0.97,98,97,22332,TRUE,TRUE,TRUE,FALSE,TRUE,TRUE,TRUE,"ok","ok","",""
"BaxterE_2016","Baxter 2016",92,"balanced","Akkermansia",0.84,0.85,0.83,85,83,26853,TRUE,TRUE,TRUE,FALSE,TRUE,TRUE,TRUE,"ok","ok","",""
"BaxterE_2016","Baxter 2016",92,"balanced","Alistipes",0.91,0.92,0.9,92,90,29086,TRUE,TRUE,TRUE,FALSE,TRUE,TRUE,TRUE,"ok","ok","",""
"BaxterE_2016","Baxter 2016",92,"balanced","Anaerostipes",0.985,0.97,1,97,100,29980,TRUE,TRUE,TRUE,FALSE,TRUE,TRUE,TRUE,"ok","ok","",""
"BaxterE_2016","Baxter 2016",92,"balanced","Bacteroides",1,1,1,100,100,131690,TRUE,TRUE,FALSE,TRUE,TRUE,TRUE,TRUE,"no_observed_zeros","ok","",""
"BaxterE_2016","Baxter 2016",92,"balanced","Bifidobacterium",0.725,0.71,0.74,71,74,9376,TRUE,TRUE,TRUE,FALSE,TRUE,TRUE,TRUE,"ok","ok","",""
"BaxterE_2016","Baxter 2016",92,"balanced","Blautia",1,1,1,100,100,130741,TRUE,TRUE,FALSE,TRUE,TRUE,TRUE,TRUE,"no_observed_zeros","ok","",""
"BaxterE_2016","Baxter 2016",92,"balanced","Clostridium_IV",0.99,0.99,0.99,99,99,15499,TRUE,TRUE,FALSE,TRUE,TRUE,TRUE,TRUE,"structural_absence_boundary_at_zero","ok","",""
"BaxterE_2016","Baxter 2016",92,"balanced","Clostridium_sensu_stricto",0.745,0.74,0.75,74,75,9864,TRUE,TRUE,TRUE,FALSE,TRUE,TRUE,TRUE,"ok","ok","",""
"BaxterE_2016","Baxter 2016",92,"balanced","Clostridium_XI",0.855,0.83,0.88,83,88,9518,TRUE,TRUE,TRUE,FALSE,TRUE,TRUE,TRUE,"ok","ok","",""
"BaxterE_2016","Baxter 2016",92,"balanced","Clostridium_XlVa",1,1,1,100,100,15299,TRUE,TRUE,FALSE,TRUE,TRUE,TRUE,TRUE,"no_observed_zeros","ok","",""
"BaxterE_2016","Baxter 2016",92,"balanced","Clostridium_XVIII",0.88,0.9,0.86,90,86,5179,TRUE,TRUE,TRUE,FALSE,TRUE,TRUE,TRUE,"ok","ok","",""
"BaxterE_2016","Baxter 2016",92,"balanced","Collinsella",0.605,0.63,0.58,63,58,9545,TRUE,TRUE,TRUE,FALSE,TRUE,TRUE,TRUE,"ok","ok","",""
"BaxterE_2016","Baxter 2016",92,"balanced","Coprococcus",0.87,0.86,0.88,86,88,10026,TRUE,TRUE,TRUE,FALSE,TRUE,TRUE,TRUE,"ok","ok","",""
"BaxterE_2016","Baxter 2016",92,"balanced","Dorea",0.955,0.93,0.98,93,98,13568,TRUE,TRUE,TRUE,FALSE,TRUE,TRUE,TRUE,"ok","ok","",""
"BaxterE_2016","Baxter 2016",92,"balanced","Escherichia/Shigella",0.75,0.75,0.75,75,75,6629,TRUE,TRUE,TRUE,FALSE,TRUE,TRUE,TRUE,"ok","ok","",""
"BaxterE_2016","Baxter 2016",92,"balanced","Faecalibacterium",0.985,0.99,0.98,99,98,47161,TRUE,TRUE,TRUE,FALSE,TRUE,TRUE,TRUE,"ok","ok","",""
"BaxterE_2016","Baxter 2016",92,"balanced","Gemmiger",0.78,0.79,0.77,79,77,10146,TRUE,TRUE,TRUE,FALSE,TRUE,TRUE,TRUE,"ok","ok","",""
"BaxterE_2016","Baxter 2016",92,"balanced","Lachnospiracea_incertae_sedis",1,1,1,100,100,33282,TRUE,TRUE,FALSE,TRUE,TRUE,TRUE,TRUE,"no_observed_zeros","ok","",""
"BaxterE_2016","Baxter 2016",92,"balanced","Methanobrevibacter",0.43,0.36,0.5,36,50,6366,TRUE,TRUE,TRUE,FALSE,TRUE,TRUE,TRUE,"ok","ok","",""
"BaxterE_2016","Baxter 2016",92,"balanced","Oscillibacter",0.91,0.9,0.92,90,92,11385,TRUE,TRUE,TRUE,FALSE,TRUE,TRUE,TRUE,"ok","ok","",""
"BaxterE_2016","Baxter 2016",92,"balanced","Parabacteroides",0.73,0.71,0.75,71,75,5632,TRUE,TRUE,TRUE,FALSE,TRUE,TRUE,TRUE,"ok","ok","",""
"BaxterE_2016","Baxter 2016",92,"balanced","Phascolarctobacterium",0.635,0.58,0.69,58,69,7828,TRUE,TRUE,TRUE,FALSE,TRUE,TRUE,TRUE,"ok","ok","",""
"BaxterE_2016","Baxter 2016",92,"balanced","Prevotella",0.36,0.29,0.43,29,43,14782,TRUE,TRUE,TRUE,FALSE,TRUE,TRUE,TRUE,"ok","ok","",""
"BaxterE_2016","Baxter 2016",92,"balanced","Roseburia",0.975,0.97,0.98,97,98,34995,TRUE,TRUE,TRUE,FALSE,TRUE,TRUE,TRUE,"ok","ok","",""
"BaxterE_2016","Baxter 2016",92,"balanced","Ruminococcus",0.865,0.86,0.87,86,87,25930,TRUE,TRUE,TRUE,FALSE,TRUE,TRUE,TRUE,"ok","ok","",""
"BaxterE_2016","Baxter 2016",92,"balanced","Ruminococcus2",0.99,0.99,0.99,99,99,19276,TRUE,TRUE,TRUE,FALSE,TRUE,TRUE,TRUE,"ok","ok","",""
"BaxterE_2016","Baxter 2016",92,"balanced","Streptococcus",0.84,0.83,0.85,83,85,6017,TRUE,TRUE,TRUE,FALSE,TRUE,TRUE,TRUE,"ok","ok","",""
"BaxterE_2016","Baxter 2016",92,"balanced","Unclassified_Clostridiales",0.92,0.9,0.94,90,94,10500,TRUE,TRUE,TRUE,FALSE,TRUE,TRUE,TRUE,"ok","ok","",""
"BaxterE_2016","Baxter 2016",92,"balanced","Unclassified_Lachnospiraceae",0.995,0.99,1,99,100,38470,TRUE,TRUE,TRUE,FALSE,TRUE,TRUE,TRUE,"ok","ok","",""
"BaxterE_2016","Baxter 2016",92,"balanced","Unclassified_Ruminococcaceae",0.985,0.98,0.99,98,99,25446,TRUE,TRUE,TRUE,FALSE,TRUE,TRUE,TRUE,"ok","ok","",""
"BaxterE_2016","Baxter 2016",92,"fourfold","Akkermansia",0.835,0.79,0.88,79,88,18252,TRUE,TRUE,TRUE,FALSE,TRUE,TRUE,TRUE,"ok","ok","",""
"BaxterE_2016","Baxter 2016",92,"fourfold","Alistipes",0.895,0.88,0.91,88,91,20426,TRUE,TRUE,TRUE,FALSE,TRUE,TRUE,TRUE,"ok","ok","",""
"BaxterE_2016","Baxter 2016",92,"fourfold","Anaerostipes",0.975,0.95,1,95,100,25326,TRUE,TRUE,TRUE,FALSE,TRUE,TRUE,TRUE,"ok","ok","",""
"BaxterE_2016","Baxter 2016",92,"fourfold","Bacteroides",1,1,1,100,100,99822,TRUE,TRUE,FALSE,TRUE,TRUE,TRUE,TRUE,"no_observed_zeros","ok","",""
"BaxterE_2016","Baxter 2016",92,"fourfold","Bifidobacterium",0.735,0.7,0.77,70,77,6829,TRUE,TRUE,TRUE,FALSE,TRUE,TRUE,TRUE,"ok","ok","",""
"BaxterE_2016","Baxter 2016",92,"fourfold","Blautia",0.995,0.99,1,99,100,110854,TRUE,TRUE,TRUE,FALSE,TRUE,TRUE,TRUE,"ok","ok","",""
"BaxterE_2016","Baxter 2016",92,"fourfold","Clostridium_IV",0.985,0.98,0.99,98,99,13446,TRUE,TRUE,TRUE,FALSE,TRUE,TRUE,TRUE,"ok","ok","",""
"BaxterE_2016","Baxter 2016",92,"fourfold","Clostridium_sensu_stricto",0.71,0.65,0.77,65,77,7139,TRUE,TRUE,TRUE,FALSE,TRUE,TRUE,TRUE,"ok","ok","",""
"BaxterE_2016","Baxter 2016",92,"fourfold","Clostridium_XI",0.785,0.71,0.86,71,86,8336,TRUE,TRUE,TRUE,FALSE,TRUE,TRUE,TRUE,"ok","ok","",""
"BaxterE_2016","Baxter 2016",92,"fourfold","Clostridium_XlVa",1,1,1,100,100,14100,TRUE,TRUE,FALSE,TRUE,TRUE,TRUE,TRUE,"no_observed_zeros","ok","",""
"BaxterE_2016","Baxter 2016",92,"fourfold","Clostridium_XVIII",0.885,0.82,0.95,82,95,4299,TRUE,TRUE,TRUE,FALSE,TRUE,TRUE,TRUE,"ok","ok","",""
"BaxterE_2016","Baxter 2016",92,"fourfold","Collinsella",0.585,0.57,0.6,57,60,6876,TRUE,TRUE,TRUE,FALSE,TRUE,TRUE,TRUE,"ok","ok","",""
"BaxterE_2016","Baxter 2016",92,"fourfold","Coprococcus",0.84,0.81,0.87,81,87,8288,TRUE,TRUE,TRUE,FALSE,TRUE,TRUE,TRUE,"ok","ok","",""
"BaxterE_2016","Baxter 2016",92,"fourfold","Dorea",0.945,0.91,0.98,91,98,13307,TRUE,TRUE,TRUE,FALSE,TRUE,TRUE,TRUE,"ok","ok","",""
"BaxterE_2016","Baxter 2016",92,"fourfold","Escherichia/Shigella",0.73,0.61,0.85,61,85,7942,TRUE,TRUE,TRUE,FALSE,TRUE,TRUE,TRUE,"ok","ok","",""
"BaxterE_2016","Baxter 2016",92,"fourfold","Faecalibacterium",0.985,0.99,0.98,99,98,40032,TRUE,TRUE,TRUE,FALSE,TRUE,TRUE,TRUE,"ok","ok","",""
"BaxterE_2016","Baxter 2016",92,"fourfold","Gemmiger",0.775,0.75,0.8,75,80,7092,TRUE,TRUE,TRUE,FALSE,TRUE,TRUE,TRUE,"ok","ok","",""
"BaxterE_2016","Baxter 2016",92,"fourfold","Lachnospiracea_incertae_sedis",0.99,0.98,1,98,100,35017,TRUE,TRUE,TRUE,FALSE,TRUE,TRUE,TRUE,"ok","ok","",""
"BaxterE_2016","Baxter 2016",92,"fourfold","Methanobrevibacter",0.425,0.32,0.53,32,53,5289,TRUE,TRUE,TRUE,FALSE,TRUE,TRUE,TRUE,"ok","ok","",""
"BaxterE_2016","Baxter 2016",92,"fourfold","Oscillibacter",0.865,0.82,0.91,82,91,7809,TRUE,TRUE,TRUE,FALSE,TRUE,TRUE,TRUE,"ok","ok","",""
"BaxterE_2016","Baxter 2016",92,"fourfold","Parabacteroides",0.715,0.68,0.75,68,75,4943,TRUE,TRUE,TRUE,FALSE,TRUE,TRUE,TRUE,"ok","ok","",""
"BaxterE_2016","Baxter 2016",92,"fourfold","Phascolarctobacterium",0.655,0.56,0.75,56,75,6409,TRUE,TRUE,TRUE,FALSE,TRUE,TRUE,TRUE,"ok","ok","",""
"BaxterE_2016","Baxter 2016",92,"fourfold","Prevotella",0.355,0.26,0.45,26,45,15212,TRUE,TRUE,TRUE,FALSE,TRUE,TRUE,TRUE,"ok","ok","",""
"BaxterE_2016","Baxter 2016",92,"fourfold","Roseburia",0.99,0.98,1,98,100,29269,TRUE,TRUE,TRUE,FALSE,TRUE,TRUE,TRUE,"ok","ok","",""
"BaxterE_2016","Baxter 2016",92,"fourfold","Ruminococcus",0.885,0.86,0.91,86,91,21659,TRUE,TRUE,TRUE,FALSE,TRUE,TRUE,TRUE,"ok","ok","",""
"BaxterE_2016","Baxter 2016",92,"fourfold","Ruminococcus2",0.975,0.96,0.99,96,99,15809,TRUE,TRUE,TRUE,FALSE,TRUE,TRUE,TRUE,"ok","ok","",""
"BaxterE_2016","Baxter 2016",92,"fourfold","Streptococcus",0.82,0.76,0.88,76,88,5857,TRUE,TRUE,TRUE,FALSE,TRUE,TRUE,TRUE,"ok","ok","",""
"BaxterE_2016","Baxter 2016",92,"fourfold","Unclassified_Clostridiales",0.915,0.87,0.96,87,96,9276,TRUE,TRUE,TRUE,FALSE,TRUE,TRUE,TRUE,"ok","ok","",""
"BaxterE_2016","Baxter 2016",92,"fourfold","Unclassified_Lachnospiraceae",1,1,1,100,100,31380,TRUE,TRUE,FALSE,TRUE,TRUE,TRUE,TRUE,"no_observed_zeros","ok","",""
"BaxterE_2016","Baxter 2016",92,"fourfold","Unclassified_Ruminococcaceae",0.98,0.97,0.99,97,99,20300,TRUE,TRUE,TRUE,FALSE,TRUE,TRUE,TRUE,"ok","ok","",""
"BaxterE_2016","Baxter 2016",93,"balanced","Akkermansia",0.835,0.84,0.83,84,83,24298,TRUE,TRUE,TRUE,FALSE,TRUE,TRUE,TRUE,"ok","ok","",""
"BaxterE_2016","Baxter 2016",93,"balanced","Alistipes",0.925,0.94,0.91,94,91,26460,TRUE,TRUE,TRUE,FALSE,TRUE,TRUE,TRUE,"ok","ok","",""
"BaxterE_2016","Baxter 2016",93,"balanced","Anaerostipes",0.985,0.99,0.98,99,98,30881,TRUE,TRUE,TRUE,FALSE,TRUE,TRUE,TRUE,"ok","ok","",""
"BaxterE_2016","Baxter 2016",93,"balanced","Bacteroides",1,1,1,100,100,127453,TRUE,TRUE,FALSE,TRUE,TRUE,TRUE,TRUE,"no_observed_zeros","ok","",""
"BaxterE_2016","Baxter 2016",93,"balanced","Bifidobacterium",0.75,0.76,0.74,76,74,9050,TRUE,TRUE,TRUE,FALSE,TRUE,TRUE,TRUE,"ok","ok","",""
"BaxterE_2016","Baxter 2016",93,"balanced","Blautia",1,1,1,100,100,138677,TRUE,TRUE,FALSE,TRUE,TRUE,TRUE,TRUE,"no_observed_zeros","ok","",""
"BaxterE_2016","Baxter 2016",93,"balanced","Clostridium_IV",0.995,1,0.99,100,99,15658,TRUE,TRUE,TRUE,FALSE,TRUE,TRUE,TRUE,"ok","ok","",""
"BaxterE_2016","Baxter 2016",93,"balanced","Clostridium_sensu_stricto",0.755,0.75,0.76,75,76,10369,TRUE,TRUE,TRUE,FALSE,TRUE,TRUE,TRUE,"ok","ok","",""
"BaxterE_2016","Baxter 2016",93,"balanced","Clostridium_XI",0.855,0.85,0.86,85,86,9141,TRUE,TRUE,TRUE,FALSE,TRUE,TRUE,TRUE,"ok","ok","",""
"BaxterE_2016","Baxter 2016",93,"balanced","Clostridium_XlVa",1,1,1,100,100,16774,TRUE,TRUE,FALSE,TRUE,TRUE,TRUE,TRUE,"no_observed_zeros","ok","",""
"BaxterE_2016","Baxter 2016",93,"balanced","Clostridium_XVIII",0.92,0.91,0.93,91,93,4855,TRUE,TRUE,TRUE,FALSE,TRUE,TRUE,TRUE,"ok","ok","",""
"BaxterE_2016","Baxter 2016",93,"balanced","Collinsella",0.6,0.62,0.58,62,58,8363,TRUE,TRUE,TRUE,FALSE,TRUE,TRUE,TRUE,"ok","ok","",""
"BaxterE_2016","Baxter 2016",93,"balanced","Coprococcus",0.865,0.89,0.84,89,84,9278,TRUE,TRUE,TRUE,FALSE,TRUE,TRUE,TRUE,"ok","ok","",""
"BaxterE_2016","Baxter 2016",93,"balanced","Dorea",0.96,0.96,0.96,96,96,14049,TRUE,TRUE,TRUE,FALSE,TRUE,TRUE,TRUE,"ok","ok","",""
"BaxterE_2016","Baxter 2016",93,"balanced","Escherichia/Shigella",0.735,0.74,0.73,74,73,6679,TRUE,TRUE,TRUE,FALSE,TRUE,TRUE,TRUE,"ok","ok","",""
"BaxterE_2016","Baxter 2016",93,"balanced","Faecalibacterium",0.99,1,0.98,100,98,47792,TRUE,TRUE,TRUE,FALSE,TRUE,TRUE,TRUE,"ok","ok","",""
"BaxterE_2016","Baxter 2016",93,"balanced","Gemmiger",0.775,0.8,0.75,80,75,8277,TRUE,TRUE,TRUE,FALSE,TRUE,TRUE,TRUE,"ok","ok","",""
"BaxterE_2016","Baxter 2016",93,"balanced","Lachnospiracea_incertae_sedis",1,1,1,100,100,34932,TRUE,TRUE,FALSE,TRUE,TRUE,TRUE,TRUE,"no_observed_zeros","ok","",""
"BaxterE_2016","Baxter 2016",93,"balanced","Methanobrevibacter",0.405,0.43,0.38,43,38,7289,TRUE,TRUE,TRUE,FALSE,TRUE,TRUE,TRUE,"ok","ok","",""
"BaxterE_2016","Baxter 2016",93,"balanced","Oscillibacter",0.91,0.94,0.88,94,88,11050,TRUE,TRUE,TRUE,FALSE,TRUE,TRUE,TRUE,"ok","ok","",""
"BaxterE_2016","Baxter 2016",93,"balanced","Parabacteroides",0.73,0.73,0.73,73,73,5951,TRUE,TRUE,TRUE,FALSE,TRUE,TRUE,TRUE,"ok","ok","",""
"BaxterE_2016","Baxter 2016",93,"balanced","Phascolarctobacterium",0.65,0.68,0.62,68,62,8292,TRUE,TRUE,TRUE,FALSE,TRUE,TRUE,TRUE,"ok","ok","",""
"BaxterE_2016","Baxter 2016",93,"balanced","Prevotella",0.365,0.38,0.35,38,35,13228,TRUE,TRUE,TRUE,FALSE,TRUE,TRUE,TRUE,"ok","ok","",""
"BaxterE_2016","Baxter 2016",93,"balanced","Roseburia",0.975,0.98,0.97,98,97,36207,TRUE,TRUE,TRUE,FALSE,TRUE,TRUE,TRUE,"ok","ok","",""
"BaxterE_2016","Baxter 2016",93,"balanced","Ruminococcus",0.89,0.89,0.89,89,89,26381,TRUE,TRUE,TRUE,FALSE,TRUE,TRUE,TRUE,"ok","ok","",""
"BaxterE_2016","Baxter 2016",93,"balanced","Ruminococcus2",0.995,0.99,1,99,100,17038,TRUE,TRUE,TRUE,FALSE,TRUE,TRUE,TRUE,"ok","ok","",""
"BaxterE_2016","Baxter 2016",93,"balanced","Streptococcus",0.86,0.88,0.84,88,84,6675,TRUE,TRUE,TRUE,FALSE,TRUE,TRUE,TRUE,"ok","ok","",""
"BaxterE_2016","Baxter 2016",93,"balanced","Unclassified_Clostridiales",0.92,0.92,0.92,92,92,11106,TRUE,TRUE,TRUE,FALSE,TRUE,TRUE,TRUE,"ok","ok","",""
"BaxterE_2016","Baxter 2016",93,"balanced","Unclassified_Lachnospiraceae",1,1,1,100,100,38907,TRUE,TRUE,FALSE,TRUE,TRUE,TRUE,TRUE,"no_observed_zeros","ok","",""
"BaxterE_2016","Baxter 2016",93,"balanced","Unclassified_Ruminococcaceae",0.99,0.99,0.99,99,99,25508,TRUE,TRUE,TRUE,FALSE,TRUE,TRUE,TRUE,"ok","ok","",""
"BaxterE_2016","Baxter 2016",93,"fourfold","Akkermansia",0.83,0.81,0.85,81,85,21563,TRUE,TRUE,TRUE,FALSE,TRUE,TRUE,TRUE,"ok","ok","",""
"BaxterE_2016","Baxter 2016",93,"fourfold","Alistipes",0.945,0.95,0.94,95,94,23757,TRUE,TRUE,TRUE,FALSE,TRUE,TRUE,TRUE,"ok","ok","",""
"BaxterE_2016","Baxter 2016",93,"fourfold","Anaerostipes",0.975,0.98,0.97,98,97,26815,TRUE,TRUE,TRUE,FALSE,TRUE,TRUE,TRUE,"ok","ok","",""
"BaxterE_2016","Baxter 2016",93,"fourfold","Bacteroides",0.995,0.99,1,99,100,120418,TRUE,TRUE,TRUE,FALSE,TRUE,TRUE,TRUE,"ok","ok","",""
"BaxterE_2016","Baxter 2016",93,"fourfold","Bifidobacterium",0.71,0.68,0.74,68,74,8836,TRUE,TRUE,TRUE,FALSE,TRUE,TRUE,TRUE,"ok","ok","",""
"BaxterE_2016","Baxter 2016",93,"fourfold","Blautia",1,1,1,100,100,131974,TRUE,TRUE,FALSE,TRUE,TRUE,TRUE,TRUE,"no_observed_zeros","ok","",""
"BaxterE_2016","Baxter 2016",93,"fourfold","Clostridium_IV",0.995,1,0.99,100,99,13763,TRUE,TRUE,TRUE,FALSE,TRUE,TRUE,TRUE,"ok","ok","",""
"BaxterE_2016","Baxter 2016",93,"fourfold","Clostridium_sensu_stricto",0.705,0.68,0.73,68,73,10250,TRUE,TRUE,TRUE,FALSE,TRUE,TRUE,TRUE,"ok","ok","",""
"BaxterE_2016","Baxter 2016",93,"fourfold","Clostridium_XI",0.805,0.74,0.87,74,87,9946,TRUE,TRUE,TRUE,FALSE,TRUE,TRUE,TRUE,"ok","ok","",""
"BaxterE_2016","Baxter 2016",93,"fourfold","Clostridium_XlVa",1,1,1,100,100,14287,TRUE,TRUE,FALSE,TRUE,TRUE,TRUE,TRUE,"no_observed_zeros","ok","",""
"BaxterE_2016","Baxter 2016",93,"fourfold","Clostridium_XVIII",0.875,0.83,0.92,83,92,4370,TRUE,TRUE,TRUE,FALSE,TRUE,TRUE,TRUE,"ok","ok","",""
"BaxterE_2016","Baxter 2016",93,"fourfold","Collinsella",0.58,0.55,0.61,55,61,7270,TRUE,TRUE,TRUE,FALSE,TRUE,TRUE,TRUE,"ok","ok","",""
"BaxterE_2016","Baxter 2016",93,"fourfold","Coprococcus",0.865,0.88,0.85,88,85,9103,TRUE,TRUE,TRUE,FALSE,TRUE,TRUE,TRUE,"ok","ok","",""
"BaxterE_2016","Baxter 2016",93,"fourfold","Dorea",0.955,0.94,0.97,94,97,14288,TRUE,TRUE,TRUE,FALSE,TRUE,TRUE,TRUE,"ok","ok","",""
"BaxterE_2016","Baxter 2016",93,"fourfold","Escherichia/Shigella",0.715,0.65,0.78,65,78,6498,TRUE,TRUE,TRUE,FALSE,TRUE,TRUE,TRUE,"ok","ok","",""
"BaxterE_2016","Baxter 2016",93,"fourfold","Faecalibacterium",0.99,1,0.98,100,98,48347,TRUE,TRUE,TRUE,FALSE,TRUE,TRUE,TRUE,"ok","ok","",""
"BaxterE_2016","Baxter 2016",93,"fourfold","Gemmiger",0.795,0.81,0.78,81,78,8117,TRUE,TRUE,TRUE,FALSE,TRUE,TRUE,TRUE,"ok","ok","",""
"BaxterE_2016","Baxter 2016",93,"fourfold","Lachnospiracea_incertae_sedis",1,1,1,100,100,32321,TRUE,TRUE,FALSE,TRUE,TRUE,TRUE,TRUE,"no_observed_zeros","ok","",""
"BaxterE_2016","Baxter 2016",93,"fourfold","Methanobrevibacter",0.41,0.39,0.43,39,43,5097,TRUE,TRUE,TRUE,FALSE,TRUE,TRUE,TRUE,"ok","ok","",""
"BaxterE_2016","Baxter 2016",93,"fourfold","Oscillibacter",0.875,0.84,0.91,84,91,8596,TRUE,TRUE,TRUE,FALSE,TRUE,TRUE,TRUE,"ok","ok","",""
"BaxterE_2016","Baxter 2016",93,"fourfold","Parabacteroides",0.695,0.64,0.75,64,75,5444,TRUE,TRUE,TRUE,FALSE,TRUE,TRUE,TRUE,"ok","ok","",""
"BaxterE_2016","Baxter 2016",93,"fourfold","Phascolarctobacterium",0.63,0.63,0.63,63,63,6974,TRUE,TRUE,TRUE,FALSE,TRUE,TRUE,TRUE,"ok","ok","",""
"BaxterE_2016","Baxter 2016",93,"fourfold","Prevotella",0.365,0.3,0.43,30,43,12695,TRUE,TRUE,TRUE,FALSE,TRUE,TRUE,TRUE,"ok","ok","",""
"BaxterE_2016","Baxter 2016",93,"fourfold","Roseburia",0.975,0.97,0.98,97,98,33605,TRUE,TRUE,TRUE,FALSE,TRUE,TRUE,TRUE,"ok","ok","",""
"BaxterE_2016","Baxter 2016",93,"fourfold","Ruminococcus",0.875,0.85,0.9,85,90,24481,TRUE,TRUE,TRUE,FALSE,TRUE,TRUE,TRUE,"ok","ok","",""
"BaxterE_2016","Baxter 2016",93,"fourfold","Ruminococcus2",0.965,0.95,0.98,95,98,14925,TRUE,TRUE,TRUE,FALSE,TRUE,TRUE,TRUE,"ok","ok","",""
"BaxterE_2016","Baxter 2016",93,"fourfold","Streptococcus",0.845,0.79,0.9,79,90,7577,TRUE,TRUE,TRUE,FALSE,TRUE,TRUE,TRUE,"ok","ok","",""
"BaxterE_2016","Baxter 2016",93,"fourfold","Unclassified_Clostridiales",0.91,0.87,0.95,87,95,10166,TRUE,TRUE,TRUE,FALSE,TRUE,TRUE,TRUE,"ok","ok","",""
"BaxterE_2016","Baxter 2016",93,"fourfold","Unclassified_Lachnospiraceae",1,1,1,100,100,35675,TRUE,TRUE,FALSE,TRUE,TRUE,TRUE,TRUE,"no_observed_zeros","ok","",""
"BaxterE_2016","Baxter 2016",93,"fourfold","Unclassified_Ruminococcaceae",0.99,0.99,0.99,99,99,21959,TRUE,TRUE,TRUE,FALSE,TRUE,TRUE,TRUE,"ok","ok","",""
"BaxterE_2016","Baxter 2016",94,"balanced","Akkermansia",0.85,0.83,0.87,83,87,23916,TRUE,TRUE,TRUE,FALSE,TRUE,TRUE,TRUE,"ok","ok","",""
"BaxterE_2016","Baxter 2016",94,"balanced","Alistipes",0.93,0.9,0.96,90,96,28031,TRUE,TRUE,TRUE,FALSE,TRUE,TRUE,TRUE,"ok","ok","",""
"BaxterE_2016","Baxter 2016",94,"balanced","Anaerostipes",0.99,1,0.98,100,98,30992,TRUE,TRUE,TRUE,FALSE,TRUE,TRUE,TRUE,"ok","ok","",""
"BaxterE_2016","Baxter 2016",94,"balanced","Bacteroides",1,1,1,100,100,124221,TRUE,TRUE,FALSE,TRUE,TRUE,TRUE,TRUE,"no_observed_zeros","ok","",""
"BaxterE_2016","Baxter 2016",94,"balanced","Bifidobacterium",0.73,0.77,0.69,77,69,9506,TRUE,TRUE,TRUE,FALSE,TRUE,TRUE,TRUE,"ok","ok","",""
"BaxterE_2016","Baxter 2016",94,"balanced","Blautia",1,1,1,100,100,133231,TRUE,TRUE,FALSE,TRUE,TRUE,TRUE,TRUE,"no_observed_zeros","ok","",""
"BaxterE_2016","Baxter 2016",94,"balanced","Clostridium_IV",0.985,0.97,1,97,100,15042,TRUE,TRUE,TRUE,FALSE,TRUE,TRUE,TRUE,"ok","ok","",""
"BaxterE_2016","Baxter 2016",94,"balanced","Clostridium_sensu_stricto",0.735,0.74,0.73,74,73,8815,TRUE,TRUE,TRUE,FALSE,TRUE,TRUE,TRUE,"ok","ok","",""
"BaxterE_2016","Baxter 2016",94,"balanced","Clostridium_XI",0.85,0.86,0.84,86,84,8992,TRUE,TRUE,TRUE,FALSE,TRUE,TRUE,TRUE,"ok","ok","",""
"BaxterE_2016","Baxter 2016",94,"balanced","Clostridium_XlVa",1,1,1,100,100,16236,TRUE,TRUE,FALSE,TRUE,TRUE,TRUE,TRUE,"no_observed_zeros","ok","",""
"BaxterE_2016","Baxter 2016",94,"balanced","Clostridium_XVIII",0.87,0.86,0.88,86,88,5017,TRUE,TRUE,TRUE,FALSE,TRUE,TRUE,TRUE,"ok","ok","",""
"BaxterE_2016","Baxter 2016",94,"balanced","Collinsella",0.61,0.58,0.64,58,64,8255,TRUE,TRUE,TRUE,FALSE,TRUE,TRUE,TRUE,"ok","ok","",""
"BaxterE_2016","Baxter 2016",94,"balanced","Coprococcus",0.87,0.88,0.86,88,86,9345,TRUE,TRUE,TRUE,FALSE,TRUE,TRUE,TRUE,"ok","ok","",""
"BaxterE_2016","Baxter 2016",94,"balanced","Dorea",0.96,0.97,0.95,97,95,14306,TRUE,TRUE,TRUE,FALSE,TRUE,TRUE,TRUE,"ok","ok","",""
"BaxterE_2016","Baxter 2016",94,"balanced","Escherichia/Shigella",0.78,0.83,0.73,83,73,7153,TRUE,TRUE,FALSE,TRUE,TRUE,TRUE,TRUE,"structural_absence_boundary_at_zero","ok","",""
"BaxterE_2016","Baxter 2016",94,"balanced","Faecalibacterium",0.985,0.98,0.99,98,99,45478,TRUE,TRUE,TRUE,FALSE,TRUE,TRUE,TRUE,"ok","ok","",""
"BaxterE_2016","Baxter 2016",94,"balanced","Gemmiger",0.785,0.79,0.78,79,78,8831,TRUE,TRUE,TRUE,FALSE,TRUE,TRUE,TRUE,"ok","ok","",""
"BaxterE_2016","Baxter 2016",94,"balanced","Lachnospiracea_incertae_sedis",1,1,1,100,100,34798,TRUE,TRUE,FALSE,TRUE,TRUE,TRUE,TRUE,"no_observed_zeros","ok","",""
"BaxterE_2016","Baxter 2016",94,"balanced","Methanobrevibacter",0.42,0.37,0.47,37,47,6680,TRUE,TRUE,TRUE,FALSE,TRUE,TRUE,TRUE,"ok","ok","",""
"BaxterE_2016","Baxter 2016",94,"balanced","Oscillibacter",0.905,0.91,0.9,91,90,10197,TRUE,TRUE,TRUE,FALSE,TRUE,TRUE,TRUE,"ok","ok","",""
"BaxterE_2016","Baxter 2016",94,"balanced","Parabacteroides",0.725,0.67,0.78,67,78,5562,TRUE,TRUE,TRUE,FALSE,TRUE,TRUE,TRUE,"ok","ok","",""
"BaxterE_2016","Baxter 2016",94,"balanced","Phascolarctobacterium",0.65,0.62,0.68,62,68,8242,TRUE,TRUE,TRUE,FALSE,TRUE,TRUE,TRUE,"ok","ok","",""
"BaxterE_2016","Baxter 2016",94,"balanced","Prevotella",0.37,0.35,0.39,35,39,14092,TRUE,TRUE,TRUE,FALSE,TRUE,TRUE,TRUE,"ok","ok","",""
"BaxterE_2016","Baxter 2016",94,"balanced","Roseburia",0.98,0.98,0.98,98,98,33914,TRUE,TRUE,TRUE,FALSE,TRUE,TRUE,TRUE,"ok","ok","",""
"BaxterE_2016","Baxter 2016",94,"balanced","Ruminococcus",0.885,0.87,0.9,87,90,24635,TRUE,TRUE,TRUE,FALSE,TRUE,TRUE,TRUE,"ok","ok","",""
"BaxterE_2016","Baxter 2016",94,"balanced","Ruminococcus2",0.975,0.98,0.97,98,97,19064,TRUE,TRUE,TRUE,FALSE,TRUE,TRUE,TRUE,"ok","ok","",""
"BaxterE_2016","Baxter 2016",94,"balanced","Streptococcus",0.86,0.88,0.84,88,84,6168,TRUE,TRUE,TRUE,FALSE,TRUE,TRUE,TRUE,"ok","ok","",""
"BaxterE_2016","Baxter 2016",94,"balanced","Unclassified_Clostridiales",0.925,0.91,0.94,91,94,11864,TRUE,TRUE,TRUE,FALSE,TRUE,TRUE,TRUE,"ok","ok","",""
"BaxterE_2016","Baxter 2016",94,"balanced","Unclassified_Lachnospiraceae",1,1,1,100,100,37841,TRUE,TRUE,FALSE,TRUE,TRUE,TRUE,TRUE,"no_observed_zeros","ok","",""
"BaxterE_2016","Baxter 2016",94,"balanced","Unclassified_Ruminococcaceae",0.98,0.98,0.98,98,98,25370,TRUE,TRUE,TRUE,FALSE,TRUE,TRUE,TRUE,"ok","ok","",""
"BaxterE_2016","Baxter 2016",94,"fourfold","Akkermansia",0.83,0.76,0.9,76,90,20135,TRUE,TRUE,TRUE,FALSE,TRUE,TRUE,TRUE,"ok","ok","",""
"BaxterE_2016","Baxter 2016",94,"fourfold","Alistipes",0.895,0.83,0.96,83,96,24840,TRUE,TRUE,TRUE,FALSE,TRUE,TRUE,TRUE,"ok","ok","",""
"BaxterE_2016","Baxter 2016",94,"fourfold","Anaerostipes",0.98,0.98,0.98,98,98,27925,TRUE,TRUE,TRUE,FALSE,TRUE,TRUE,TRUE,"ok","ok","",""
"BaxterE_2016","Baxter 2016",94,"fourfold","Bacteroides",1,1,1,100,100,114510,TRUE,TRUE,FALSE,TRUE,TRUE,TRUE,TRUE,"no_observed_zeros","ok","",""
"BaxterE_2016","Baxter 2016",94,"fourfold","Bifidobacterium",0.735,0.77,0.7,77,70,8405,TRUE,TRUE,TRUE,FALSE,TRUE,TRUE,TRUE,"ok","ok","",""
"BaxterE_2016","Baxter 2016",94,"fourfold","Blautia",0.995,0.99,1,99,100,126595,TRUE,TRUE,TRUE,FALSE,TRUE,TRUE,TRUE,"ok","ok","",""
"BaxterE_2016","Baxter 2016",94,"fourfold","Clostridium_IV",0.96,0.92,1,92,100,17113,TRUE,TRUE,TRUE,FALSE,TRUE,TRUE,TRUE,"ok","ok","",""
"BaxterE_2016","Baxter 2016",94,"fourfold","Clostridium_sensu_stricto",0.705,0.64,0.77,64,77,9258,TRUE,TRUE,TRUE,FALSE,TRUE,TRUE,TRUE,"ok","ok","",""
"BaxterE_2016","Baxter 2016",94,"fourfold","Clostridium_XI",0.825,0.79,0.86,79,86,8884,TRUE,TRUE,TRUE,FALSE,TRUE,TRUE,TRUE,"ok","ok","",""
"BaxterE_2016","Baxter 2016",94,"fourfold","Clostridium_XlVa",0.995,0.99,1,99,100,14782,TRUE,TRUE,FALSE,TRUE,TRUE,TRUE,TRUE,"structural_absence_boundary_at_zero","ok","",""
"BaxterE_2016","Baxter 2016",94,"fourfold","Clostridium_XVIII",0.865,0.84,0.89,84,89,5501,TRUE,TRUE,TRUE,FALSE,TRUE,TRUE,TRUE,"ok","ok","",""
"BaxterE_2016","Baxter 2016",94,"fourfold","Collinsella",0.59,0.54,0.64,54,64,7596,TRUE,TRUE,TRUE,FALSE,TRUE,TRUE,TRUE,"ok","ok","",""
"BaxterE_2016","Baxter 2016",94,"fourfold","Coprococcus",0.85,0.84,0.86,84,86,8407,TRUE,TRUE,TRUE,FALSE,TRUE,TRUE,TRUE,"ok","ok","",""
"BaxterE_2016","Baxter 2016",94,"fourfold","Dorea",0.965,0.97,0.96,97,96,12941,TRUE,TRUE,TRUE,FALSE,TRUE,TRUE,TRUE,"ok","ok","",""
"BaxterE_2016","Baxter 2016",94,"fourfold","Escherichia/Shigella",0.73,0.69,0.77,69,77,6694,TRUE,TRUE,TRUE,FALSE,TRUE,TRUE,TRUE,"ok","ok","",""
"BaxterE_2016","Baxter 2016",94,"fourfold","Faecalibacterium",0.98,0.97,0.99,97,99,42475,TRUE,TRUE,TRUE,FALSE,TRUE,TRUE,TRUE,"ok","ok","",""
"BaxterE_2016","Baxter 2016",94,"fourfold","Gemmiger",0.8,0.74,0.86,74,86,8348,TRUE,TRUE,TRUE,FALSE,TRUE,TRUE,TRUE,"ok","ok","",""
"BaxterE_2016","Baxter 2016",94,"fourfold","Lachnospiracea_incertae_sedis",1,1,1,100,100,33566,TRUE,TRUE,FALSE,TRUE,TRUE,TRUE,TRUE,"no_observed_zeros","ok","",""
"BaxterE_2016","Baxter 2016",94,"fourfold","Methanobrevibacter",0.415,0.34,0.49,34,49,6623,TRUE,TRUE,TRUE,FALSE,TRUE,TRUE,TRUE,"ok","ok","",""
"BaxterE_2016","Baxter 2016",94,"fourfold","Oscillibacter",0.885,0.84,0.93,84,93,9375,TRUE,TRUE,TRUE,FALSE,TRUE,TRUE,TRUE,"ok","ok","",""
"BaxterE_2016","Baxter 2016",94,"fourfold","Parabacteroides",0.69,0.6,0.78,60,78,5284,TRUE,TRUE,TRUE,FALSE,TRUE,TRUE,TRUE,"ok","ok","",""
"BaxterE_2016","Baxter 2016",94,"fourfold","Phascolarctobacterium",0.655,0.59,0.72,59,72,8126,TRUE,TRUE,TRUE,FALSE,TRUE,TRUE,TRUE,"ok","ok","",""
"BaxterE_2016","Baxter 2016",94,"fourfold","Prevotella",0.37,0.29,0.45,29,45,11356,TRUE,TRUE,TRUE,FALSE,TRUE,TRUE,TRUE,"ok","ok","",""
"BaxterE_2016","Baxter 2016",94,"fourfold","Roseburia",0.975,0.97,0.98,97,98,30232,TRUE,TRUE,TRUE,FALSE,TRUE,TRUE,TRUE,"ok","ok","",""
"BaxterE_2016","Baxter 2016",94,"fourfold","Ruminococcus",0.885,0.84,0.93,84,93,22732,TRUE,TRUE,TRUE,FALSE,TRUE,TRUE,TRUE,"ok","ok","",""
"BaxterE_2016","Baxter 2016",94,"fourfold","Ruminococcus2",0.985,0.99,0.98,99,98,18703,TRUE,TRUE,TRUE,FALSE,TRUE,TRUE,TRUE,"ok","ok","",""
"BaxterE_2016","Baxter 2016",94,"fourfold","Streptococcus",0.825,0.78,0.87,78,87,6497,TRUE,TRUE,TRUE,FALSE,TRUE,TRUE,TRUE,"ok","ok","",""
"BaxterE_2016","Baxter 2016",94,"fourfold","Unclassified_Clostridiales",0.91,0.87,0.95,87,95,10517,TRUE,TRUE,TRUE,FALSE,TRUE,TRUE,TRUE,"ok","ok","",""
"BaxterE_2016","Baxter 2016",94,"fourfold","Unclassified_Lachnospiraceae",1,1,1,100,100,35352,TRUE,TRUE,FALSE,TRUE,TRUE,TRUE,TRUE,"no_observed_zeros","ok","",""
"BaxterE_2016","Baxter 2016",94,"fourfold","Unclassified_Ruminococcaceae",0.985,0.98,0.99,98,99,22776,TRUE,TRUE,TRUE,FALSE,TRUE,TRUE,TRUE,"ok","ok","",""
"BaxterE_2016","Baxter 2016",95,"balanced","Akkermansia",0.825,0.84,0.81,84,81,26294,TRUE,TRUE,TRUE,FALSE,TRUE,TRUE,TRUE,"ok","ok","",""
"BaxterE_2016","Baxter 2016",95,"balanced","Alistipes",0.915,0.93,0.9,93,90,27934,TRUE,TRUE,TRUE,FALSE,TRUE,TRUE,TRUE,"ok","ok","",""
"BaxterE_2016","Baxter 2016",95,"balanced","Anaerostipes",0.98,1,0.96,100,96,30398,TRUE,TRUE,TRUE,FALSE,TRUE,TRUE,TRUE,"ok","ok","",""
"BaxterE_2016","Baxter 2016",95,"balanced","Bacteroides",1,1,1,100,100,125989,TRUE,TRUE,FALSE,TRUE,TRUE,TRUE,TRUE,"no_observed_zeros","ok","",""
"BaxterE_2016","Baxter 2016",95,"balanced","Bifidobacterium",0.725,0.74,0.71,74,71,9351,TRUE,TRUE,TRUE,FALSE,TRUE,TRUE,TRUE,"ok","ok","",""
"BaxterE_2016","Baxter 2016",95,"balanced","Blautia",1,1,1,100,100,137430,TRUE,TRUE,FALSE,TRUE,TRUE,TRUE,TRUE,"no_observed_zeros","ok","",""
"BaxterE_2016","Baxter 2016",95,"balanced","Clostridium_IV",0.985,1,0.97,100,97,15848,TRUE,TRUE,TRUE,FALSE,TRUE,TRUE,TRUE,"ok","ok","",""
"BaxterE_2016","Baxter 2016",95,"balanced","Clostridium_sensu_stricto",0.715,0.73,0.7,73,70,9757,TRUE,TRUE,TRUE,FALSE,TRUE,TRUE,TRUE,"ok","ok","",""
"BaxterE_2016","Baxter 2016",95,"balanced","Clostridium_XI",0.85,0.86,0.84,86,84,9902,TRUE,TRUE,TRUE,FALSE,TRUE,TRUE,TRUE,"ok","ok","",""
"BaxterE_2016","Baxter 2016",95,"balanced","Clostridium_XlVa",1,1,1,100,100,16194,TRUE,TRUE,FALSE,TRUE,TRUE,TRUE,TRUE,"no_observed_zeros","ok","",""
"BaxterE_2016","Baxter 2016",95,"balanced","Clostridium_XVIII",0.9,0.87,0.93,87,93,5625,TRUE,TRUE,TRUE,FALSE,TRUE,TRUE,TRUE,"ok","ok","",""
"BaxterE_2016","Baxter 2016",95,"balanced","Collinsella",0.605,0.58,0.63,58,63,9581,TRUE,TRUE,TRUE,FALSE,TRUE,TRUE,TRUE,"ok","ok","",""
"BaxterE_2016","Baxter 2016",95,"balanced","Coprococcus",0.85,0.86,0.84,86,84,9753,TRUE,TRUE,TRUE,FALSE,TRUE,TRUE,TRUE,"ok","ok","",""
"BaxterE_2016","Baxter 2016",95,"balanced","Dorea",0.96,0.96,0.96,96,96,15328,TRUE,TRUE,TRUE,FALSE,TRUE,TRUE,TRUE,"ok","ok","",""
"BaxterE_2016","Baxter 2016",95,"balanced","Escherichia/Shigella",0.75,0.78,0.72,78,72,6317,TRUE,TRUE,TRUE,FALSE,TRUE,TRUE,TRUE,"ok","ok","",""
"BaxterE_2016","Baxter 2016",95,"balanced","Faecalibacterium",0.99,0.99,0.99,99,99,46338,TRUE,TRUE,TRUE,FALSE,TRUE,TRUE,TRUE,"ok","ok","",""
"BaxterE_2016","Baxter 2016",95,"balanced","Gemmiger",0.775,0.77,0.78,77,78,9180,TRUE,TRUE,TRUE,FALSE,TRUE,TRUE,TRUE,"ok","ok","",""
"BaxterE_2016","Baxter 2016",95,"balanced","Lachnospiracea_incertae_sedis",1,1,1,100,100,38105,TRUE,TRUE,FALSE,TRUE,TRUE,TRUE,TRUE,"no_observed_zeros","ok","",""
"BaxterE_2016","Baxter 2016",95,"balanced","Methanobrevibacter",0.4,0.41,0.39,41,39,6886,TRUE,TRUE,TRUE,FALSE,TRUE,TRUE,TRUE,"ok","ok","",""
"BaxterE_2016","Baxter 2016",95,"balanced","Oscillibacter",0.905,0.88,0.93,88,93,10879,TRUE,TRUE,TRUE,FALSE,TRUE,TRUE,TRUE,"ok","ok","",""
"BaxterE_2016","Baxter 2016",95,"balanced","Parabacteroides",0.715,0.7,0.73,70,73,5505,TRUE,TRUE,TRUE,FALSE,TRUE,TRUE,TRUE,"ok","ok","",""
"BaxterE_2016","Baxter 2016",95,"balanced","Phascolarctobacterium",0.645,0.65,0.64,65,64,8242,TRUE,TRUE,TRUE,FALSE,TRUE,TRUE,TRUE,"ok","ok","",""
"BaxterE_2016","Baxter 2016",95,"balanced","Prevotella",0.365,0.32,0.41,32,41,11826,TRUE,TRUE,TRUE,FALSE,TRUE,TRUE,TRUE,"ok","ok","",""
"BaxterE_2016","Baxter 2016",95,"balanced","Roseburia",0.98,0.97,0.99,97,99,34239,TRUE,TRUE,TRUE,FALSE,TRUE,TRUE,TRUE,"ok","ok","",""
"BaxterE_2016","Baxter 2016",95,"balanced","Ruminococcus",0.885,0.91,0.86,91,86,25769,TRUE,TRUE,TRUE,FALSE,TRUE,TRUE,TRUE,"ok","ok","",""
"BaxterE_2016","Baxter 2016",95,"balanced","Ruminococcus2",0.985,1,0.97,100,97,18465,TRUE,TRUE,TRUE,FALSE,TRUE,TRUE,TRUE,"ok","ok","",""
"BaxterE_2016","Baxter 2016",95,"balanced","Streptococcus",0.85,0.83,0.87,83,87,7080,TRUE,TRUE,TRUE,FALSE,TRUE,TRUE,TRUE,"ok","ok","",""
"BaxterE_2016","Baxter 2016",95,"balanced","Unclassified_Clostridiales",0.925,0.95,0.9,95,90,12092,TRUE,TRUE,TRUE,FALSE,TRUE,TRUE,TRUE,"ok","ok","",""
"BaxterE_2016","Baxter 2016",95,"balanced","Unclassified_Lachnospiraceae",1,1,1,100,100,38567,TRUE,TRUE,FALSE,TRUE,TRUE,TRUE,TRUE,"no_observed_zeros","ok","",""
"BaxterE_2016","Baxter 2016",95,"balanced","Unclassified_Ruminococcaceae",0.985,1,0.97,100,97,24857,TRUE,TRUE,TRUE,FALSE,TRUE,TRUE,TRUE,"ok","ok","",""
"BaxterE_2016","Baxter 2016",95,"fourfold","Akkermansia",0.805,0.77,0.84,77,84,24429,TRUE,TRUE,TRUE,FALSE,TRUE,TRUE,TRUE,"ok","ok","",""
"BaxterE_2016","Baxter 2016",95,"fourfold","Alistipes",0.9,0.88,0.92,88,92,20801,TRUE,TRUE,TRUE,FALSE,TRUE,TRUE,TRUE,"ok","ok","",""
"BaxterE_2016","Baxter 2016",95,"fourfold","Anaerostipes",0.98,0.97,0.99,97,99,29368,TRUE,TRUE,TRUE,FALSE,TRUE,TRUE,TRUE,"ok","ok","",""
"BaxterE_2016","Baxter 2016",95,"fourfold","Bacteroides",1,1,1,100,100,100432,TRUE,TRUE,FALSE,TRUE,TRUE,TRUE,TRUE,"no_observed_zeros","ok","",""
"BaxterE_2016","Baxter 2016",95,"fourfold","Bifidobacterium",0.695,0.66,0.73,66,73,9497,TRUE,TRUE,TRUE,FALSE,TRUE,TRUE,TRUE,"ok","ok","",""
"BaxterE_2016","Baxter 2016",95,"fourfold","Blautia",0.995,0.99,1,99,100,126287,TRUE,TRUE,TRUE,FALSE,TRUE,TRUE,TRUE,"ok","ok","",""
"BaxterE_2016","Baxter 2016",95,"fourfold","Clostridium_IV",0.965,0.96,0.97,96,97,14383,TRUE,TRUE,TRUE,FALSE,TRUE,TRUE,TRUE,"ok","ok","",""
"BaxterE_2016","Baxter 2016",95,"fourfold","Clostridium_sensu_stricto",0.695,0.64,0.75,64,75,8726,TRUE,TRUE,TRUE,FALSE,TRUE,TRUE,TRUE,"ok","ok","",""
"BaxterE_2016","Baxter 2016",95,"fourfold","Clostridium_XI",0.81,0.76,0.86,76,86,8493,TRUE,TRUE,TRUE,FALSE,TRUE,TRUE,TRUE,"ok","ok","",""
"BaxterE_2016","Baxter 2016",95,"fourfold","Clostridium_XlVa",0.995,0.99,1,99,100,13988,TRUE,TRUE,FALSE,TRUE,TRUE,TRUE,TRUE,"structural_absence_boundary_at_zero","ok","",""
"BaxterE_2016","Baxter 2016",95,"fourfold","Clostridium_XVIII",0.88,0.81,0.95,81,95,5721,TRUE,TRUE,TRUE,FALSE,TRUE,TRUE,TRUE,"ok","ok","",""
"BaxterE_2016","Baxter 2016",95,"fourfold","Collinsella",0.57,0.53,0.61,53,61,7792,TRUE,TRUE,TRUE,FALSE,TRUE,TRUE,TRUE,"ok","ok","",""
"BaxterE_2016","Baxter 2016",95,"fourfold","Coprococcus",0.86,0.86,0.86,86,86,8280,TRUE,TRUE,TRUE,FALSE,TRUE,TRUE,TRUE,"ok","ok","",""
"BaxterE_2016","Baxter 2016",95,"fourfold","Dorea",0.96,0.94,0.98,94,98,11876,TRUE,TRUE,TRUE,FALSE,TRUE,TRUE,TRUE,"ok","ok","",""
"BaxterE_2016","Baxter 2016",95,"fourfold","Escherichia/Shigella",0.725,0.64,0.81,64,81,5813,TRUE,TRUE,TRUE,FALSE,TRUE,TRUE,TRUE,"ok","ok","",""
"BaxterE_2016","Baxter 2016",95,"fourfold","Faecalibacterium",0.995,1,0.99,100,99,40058,TRUE,TRUE,TRUE,FALSE,TRUE,TRUE,TRUE,"ok","ok","",""
"BaxterE_2016","Baxter 2016",95,"fourfold","Gemmiger",0.78,0.79,0.77,79,77,8899,TRUE,TRUE,TRUE,FALSE,TRUE,TRUE,TRUE,"ok","ok","",""
"BaxterE_2016","Baxter 2016",95,"fourfold","Lachnospiracea_incertae_sedis",0.99,0.98,1,98,100,35323,TRUE,TRUE,TRUE,FALSE,TRUE,TRUE,TRUE,"ok","ok","",""
"BaxterE_2016","Baxter 2016",95,"fourfold","Methanobrevibacter",0.385,0.35,0.42,35,42,6511,TRUE,TRUE,TRUE,FALSE,TRUE,TRUE,TRUE,"ok","ok","",""
"BaxterE_2016","Baxter 2016",95,"fourfold","Oscillibacter",0.85,0.76,0.94,76,94,10690,TRUE,TRUE,TRUE,FALSE,TRUE,TRUE,TRUE,"ok","ok","",""
"BaxterE_2016","Baxter 2016",95,"fourfold","Parabacteroides",0.68,0.65,0.71,65,71,4512,TRUE,TRUE,TRUE,FALSE,TRUE,TRUE,TRUE,"ok","ok","",""
"BaxterE_2016","Baxter 2016",95,"fourfold","Phascolarctobacterium",0.645,0.64,0.65,64,65,5904,TRUE,TRUE,TRUE,FALSE,TRUE,TRUE,TRUE,"ok","ok","",""
"BaxterE_2016","Baxter 2016",95,"fourfold","Prevotella",0.365,0.3,0.43,30,43,9879,TRUE,TRUE,TRUE,FALSE,TRUE,TRUE,TRUE,"ok","ok","",""
"BaxterE_2016","Baxter 2016",95,"fourfold","Roseburia",0.975,0.96,0.99,96,99,30920,TRUE,TRUE,TRUE,FALSE,TRUE,TRUE,TRUE,"ok","ok","",""
"BaxterE_2016","Baxter 2016",95,"fourfold","Ruminococcus",0.87,0.87,0.87,87,87,24637,TRUE,TRUE,TRUE,FALSE,TRUE,TRUE,TRUE,"ok","ok","",""
"BaxterE_2016","Baxter 2016",95,"fourfold","Ruminococcus2",0.975,0.97,0.98,97,98,16710,TRUE,TRUE,TRUE,FALSE,TRUE,TRUE,TRUE,"ok","ok","",""
"BaxterE_2016","Baxter 2016",95,"fourfold","Streptococcus",0.815,0.73,0.9,73,90,7110,TRUE,TRUE,TRUE,FALSE,TRUE,TRUE,TRUE,"ok","ok","",""
"BaxterE_2016","Baxter 2016",95,"fourfold","Unclassified_Clostridiales",0.895,0.86,0.93,86,93,10871,TRUE,TRUE,TRUE,FALSE,TRUE,TRUE,TRUE,"ok","ok","",""
"BaxterE_2016","Baxter 2016",95,"fourfold","Unclassified_Lachnospiraceae",1,1,1,100,100,34964,TRUE,TRUE,FALSE,TRUE,TRUE,TRUE,TRUE,"no_observed_zeros","ok","",""
"BaxterE_2016","Baxter 2016",95,"fourfold","Unclassified_Ruminococcaceae",0.985,0.98,0.99,98,99,24318,TRUE,TRUE,TRUE,FALSE,TRUE,TRUE,TRUE,"ok","ok","",""
"BaxterE_2016","Baxter 2016",96,"balanced","Akkermansia",0.835,0.82,0.85,82,85,22234,TRUE,TRUE,TRUE,FALSE,TRUE,TRUE,TRUE,"ok","ok","",""
"BaxterE_2016","Baxter 2016",96,"balanced","Alistipes",0.91,0.89,0.93,89,93,26440,TRUE,TRUE,TRUE,FALSE,TRUE,TRUE,TRUE,"ok","ok","",""
"BaxterE_2016","Baxter 2016",96,"balanced","Anaerostipes",0.965,0.96,0.97,96,97,28992,TRUE,TRUE,TRUE,FALSE,TRUE,TRUE,TRUE,"ok","ok","",""
"BaxterE_2016","Baxter 2016",96,"balanced","Bacteroides",1,1,1,100,100,128180,TRUE,TRUE,FALSE,TRUE,TRUE,TRUE,TRUE,"no_observed_zeros","ok","",""
"BaxterE_2016","Baxter 2016",96,"balanced","Bifidobacterium",0.73,0.73,0.73,73,73,8522,TRUE,TRUE,TRUE,FALSE,TRUE,TRUE,TRUE,"ok","ok","",""
"BaxterE_2016","Baxter 2016",96,"balanced","Blautia",1,1,1,100,100,123493,TRUE,TRUE,FALSE,TRUE,TRUE,TRUE,TRUE,"no_observed_zeros","ok","",""
"BaxterE_2016","Baxter 2016",96,"balanced","Clostridium_IV",0.975,0.96,0.99,96,99,15166,TRUE,TRUE,TRUE,FALSE,TRUE,TRUE,TRUE,"ok","ok","",""
"BaxterE_2016","Baxter 2016",96,"balanced","Clostridium_sensu_stricto",0.745,0.72,0.77,72,77,7863,TRUE,TRUE,TRUE,FALSE,TRUE,TRUE,TRUE,"ok","ok","",""
"BaxterE_2016","Baxter 2016",96,"balanced","Clostridium_XI",0.82,0.79,0.85,79,85,8873,TRUE,TRUE,TRUE,FALSE,TRUE,TRUE,TRUE,"ok","ok","",""
"BaxterE_2016","Baxter 2016",96,"balanced","Clostridium_XlVa",1,1,1,100,100,15656,TRUE,TRUE,FALSE,TRUE,TRUE,TRUE,TRUE,"no_observed_zeros","ok","",""
"BaxterE_2016","Baxter 2016",96,"balanced","Clostridium_XVIII",0.9,0.88,0.92,88,92,5189,TRUE,TRUE,TRUE,FALSE,TRUE,TRUE,TRUE,"ok","ok","",""
"BaxterE_2016","Baxter 2016",96,"balanced","Collinsella",0.595,0.6,0.59,60,59,7248,TRUE,TRUE,TRUE,FALSE,TRUE,TRUE,TRUE,"ok","ok","",""
"BaxterE_2016","Baxter 2016",96,"balanced","Coprococcus",0.875,0.9,0.85,90,85,9131,TRUE,TRUE,TRUE,FALSE,TRUE,TRUE,TRUE,"ok","ok","",""
"BaxterE_2016","Baxter 2016",96,"balanced","Dorea",0.965,0.95,0.98,95,98,12762,TRUE,TRUE,TRUE,FALSE,TRUE,TRUE,TRUE,"ok","ok","",""
"BaxterE_2016","Baxter 2016",96,"balanced","Escherichia/Shigella",0.79,0.75,0.83,75,83,6901,TRUE,TRUE,FALSE,TRUE,TRUE,TRUE,TRUE,"structural_absence_boundary_at_zero","ok","",""
"BaxterE_2016","Baxter 2016",96,"balanced","Faecalibacterium",0.99,1,0.98,100,98,44530,TRUE,TRUE,TRUE,FALSE,TRUE,TRUE,TRUE,"ok","ok","",""
"BaxterE_2016","Baxter 2016",96,"balanced","Gemmiger",0.785,0.81,0.76,81,76,8865,TRUE,TRUE,TRUE,FALSE,TRUE,TRUE,TRUE,"ok","ok","",""
"BaxterE_2016","Baxter 2016",96,"balanced","Lachnospiracea_incertae_sedis",1,1,1,100,100,33779,TRUE,TRUE,FALSE,TRUE,TRUE,TRUE,TRUE,"no_observed_zeros","ok","",""
"BaxterE_2016","Baxter 2016",96,"balanced","Methanobrevibacter",0.395,0.42,0.37,42,37,6321,TRUE,TRUE,TRUE,FALSE,TRUE,TRUE,TRUE,"ok","ok","",""
"BaxterE_2016","Baxter 2016",96,"balanced","Oscillibacter",0.91,0.91,0.91,91,91,10281,TRUE,TRUE,TRUE,FALSE,TRUE,TRUE,TRUE,"ok","ok","",""
"BaxterE_2016","Baxter 2016",96,"balanced","Parabacteroides",0.7,0.67,0.73,67,73,5558,TRUE,TRUE,TRUE,FALSE,TRUE,TRUE,TRUE,"ok","ok","",""
"BaxterE_2016","Baxter 2016",96,"balanced","Phascolarctobacterium",0.67,0.63,0.71,63,71,7971,TRUE,TRUE,TRUE,FALSE,TRUE,TRUE,TRUE,"ok","ok","",""
"BaxterE_2016","Baxter 2016",96,"balanced","Prevotella",0.355,0.34,0.37,34,37,14543,TRUE,TRUE,TRUE,FALSE,TRUE,TRUE,TRUE,"ok","ok","",""
"BaxterE_2016","Baxter 2016",96,"balanced","Roseburia",0.975,0.99,0.96,99,96,32850,TRUE,TRUE,TRUE,FALSE,TRUE,TRUE,TRUE,"ok","ok","",""
"BaxterE_2016","Baxter 2016",96,"balanced","Ruminococcus",0.915,0.92,0.91,92,91,23230,TRUE,TRUE,TRUE,FALSE,TRUE,TRUE,TRUE,"ok","ok","",""
"BaxterE_2016","Baxter 2016",96,"balanced","Ruminococcus2",0.98,0.97,0.99,97,99,16738,TRUE,TRUE,TRUE,FALSE,TRUE,TRUE,TRUE,"ok","ok","",""
"BaxterE_2016","Baxter 2016",96,"balanced","Streptococcus",0.845,0.85,0.84,85,84,5684,TRUE,TRUE,TRUE,FALSE,TRUE,TRUE,TRUE,"ok","ok","",""
"BaxterE_2016","Baxter 2016",96,"balanced","Unclassified_Clostridiales",0.9,0.88,0.92,88,92,10861,TRUE,TRUE,TRUE,FALSE,TRUE,TRUE,TRUE,"ok","ok","",""
"BaxterE_2016","Baxter 2016",96,"balanced","Unclassified_Lachnospiraceae",1,1,1,100,100,34681,TRUE,TRUE,FALSE,TRUE,TRUE,TRUE,TRUE,"no_observed_zeros","ok","",""
"BaxterE_2016","Baxter 2016",96,"balanced","Unclassified_Ruminococcaceae",0.97,0.97,0.97,97,97,23482,TRUE,TRUE,TRUE,FALSE,TRUE,TRUE,TRUE,"ok","ok","",""
"BaxterE_2016","Baxter 2016",96,"fourfold","Akkermansia",0.845,0.8,0.89,80,89,22857,TRUE,TRUE,TRUE,FALSE,TRUE,TRUE,TRUE,"ok","ok","",""
"BaxterE_2016","Baxter 2016",96,"fourfold","Alistipes",0.92,0.87,0.97,87,97,25318,TRUE,TRUE,TRUE,FALSE,TRUE,TRUE,TRUE,"ok","ok","",""
"BaxterE_2016","Baxter 2016",96,"fourfold","Anaerostipes",0.975,0.96,0.99,96,99,29787,TRUE,TRUE,TRUE,FALSE,TRUE,TRUE,TRUE,"ok","ok","",""
"BaxterE_2016","Baxter 2016",96,"fourfold","Bacteroides",1,1,1,100,100,117710,TRUE,TRUE,FALSE,TRUE,TRUE,TRUE,TRUE,"no_observed_zeros","ok","",""
"BaxterE_2016","Baxter 2016",96,"fourfold","Bifidobacterium",0.745,0.72,0.77,72,77,8247,TRUE,TRUE,TRUE,FALSE,TRUE,TRUE,TRUE,"ok","ok","",""
"BaxterE_2016","Baxter 2016",96,"fourfold","Blautia",1,1,1,100,100,122374,TRUE,TRUE,FALSE,TRUE,TRUE,TRUE,TRUE,"no_observed_zeros","ok","",""
"BaxterE_2016","Baxter 2016",96,"fourfold","Clostridium_IV",0.99,0.99,0.99,99,99,15448,TRUE,TRUE,TRUE,FALSE,TRUE,TRUE,TRUE,"ok","ok","",""
"BaxterE_2016","Baxter 2016",96,"fourfold","Clostridium_sensu_stricto",0.74,0.68,0.8,68,80,10864,TRUE,TRUE,TRUE,FALSE,TRUE,TRUE,TRUE,"ok","ok","",""
"BaxterE_2016","Baxter 2016",96,"fourfold","Clostridium_XI",0.815,0.74,0.89,74,89,10964,TRUE,TRUE,TRUE,FALSE,TRUE,TRUE,TRUE,"ok","ok","",""
"BaxterE_2016","Baxter 2016",96,"fourfold","Clostridium_XlVa",0.995,0.99,1,99,100,15731,TRUE,TRUE,TRUE,FALSE,TRUE,TRUE,TRUE,"ok","ok","",""
"BaxterE_2016","Baxter 2016",96,"fourfold","Clostridium_XVIII",0.85,0.76,0.94,76,94,4748,TRUE,TRUE,TRUE,FALSE,TRUE,TRUE,TRUE,"ok","ok","",""
"BaxterE_2016","Baxter 2016",96,"fourfold","Collinsella",0.625,0.6,0.65,60,65,7365,TRUE,TRUE,TRUE,FALSE,TRUE,TRUE,TRUE,"ok","ok","",""
"BaxterE_2016","Baxter 2016",96,"fourfold","Coprococcus",0.855,0.88,0.83,88,83,9400,TRUE,TRUE,TRUE,FALSE,TRUE,TRUE,TRUE,"ok","ok","",""
"BaxterE_2016","Baxter 2016",96,"fourfold","Dorea",0.955,0.94,0.97,94,97,14742,TRUE,TRUE,TRUE,FALSE,TRUE,TRUE,TRUE,"ok","ok","",""
"BaxterE_2016","Baxter 2016",96,"fourfold","Escherichia/Shigella",0.72,0.65,0.79,65,79,7065,TRUE,TRUE,TRUE,FALSE,TRUE,TRUE,TRUE,"ok","ok","",""
"BaxterE_2016","Baxter 2016",96,"fourfold","Faecalibacterium",0.995,1,0.99,100,99,41821,TRUE,TRUE,TRUE,FALSE,TRUE,TRUE,TRUE,"ok","ok","",""
"BaxterE_2016","Baxter 2016",96,"fourfold","Gemmiger",0.79,0.8,0.78,80,78,8369,TRUE,TRUE,TRUE,FALSE,TRUE,TRUE,TRUE,"ok","ok","",""
"BaxterE_2016","Baxter 2016",96,"fourfold","Lachnospiracea_incertae_sedis",0.995,0.99,1,99,100,35223,TRUE,TRUE,TRUE,FALSE,TRUE,TRUE,TRUE,"ok","ok","",""
"BaxterE_2016","Baxter 2016",96,"fourfold","Methanobrevibacter",0.405,0.36,0.45,36,45,6723,TRUE,TRUE,TRUE,FALSE,TRUE,TRUE,TRUE,"ok","ok","",""
"BaxterE_2016","Baxter 2016",96,"fourfold","Oscillibacter",0.895,0.86,0.93,86,93,9085,TRUE,TRUE,TRUE,FALSE,TRUE,TRUE,TRUE,"ok","ok","",""
"BaxterE_2016","Baxter 2016",96,"fourfold","Parabacteroides",0.68,0.58,0.78,58,78,5665,TRUE,TRUE,TRUE,FALSE,TRUE,TRUE,TRUE,"ok","ok","",""
"BaxterE_2016","Baxter 2016",96,"fourfold","Phascolarctobacterium",0.645,0.56,0.73,56,73,6742,TRUE,TRUE,TRUE,FALSE,TRUE,TRUE,TRUE,"ok","ok","",""
"BaxterE_2016","Baxter 2016",96,"fourfold","Prevotella",0.34,0.24,0.44,24,44,12680,TRUE,TRUE,TRUE,FALSE,TRUE,TRUE,TRUE,"ok","ok","",""
"BaxterE_2016","Baxter 2016",96,"fourfold","Roseburia",0.98,0.98,0.98,98,98,30776,TRUE,TRUE,TRUE,FALSE,TRUE,TRUE,TRUE,"ok","ok","",""
"BaxterE_2016","Baxter 2016",96,"fourfold","Ruminococcus",0.89,0.86,0.92,86,92,21734,TRUE,TRUE,TRUE,FALSE,TRUE,TRUE,TRUE,"ok","ok","",""
"BaxterE_2016","Baxter 2016",96,"fourfold","Ruminococcus2",0.975,0.95,1,95,100,17534,TRUE,TRUE,TRUE,FALSE,TRUE,TRUE,TRUE,"ok","ok","",""
"BaxterE_2016","Baxter 2016",96,"fourfold","Streptococcus",0.81,0.76,0.86,76,86,6925,TRUE,TRUE,TRUE,FALSE,TRUE,TRUE,TRUE,"ok","ok","",""
"BaxterE_2016","Baxter 2016",96,"fourfold","Unclassified_Clostridiales",0.915,0.91,0.92,91,92,12154,TRUE,TRUE,TRUE,FALSE,TRUE,TRUE,TRUE,"ok","ok","",""
"BaxterE_2016","Baxter 2016",96,"fourfold","Unclassified_Lachnospiraceae",1,1,1,100,100,37957,TRUE,TRUE,FALSE,TRUE,TRUE,TRUE,TRUE,"no_observed_zeros","ok","",""
"BaxterE_2016","Baxter 2016",96,"fourfold","Unclassified_Ruminococcaceae",0.985,0.98,0.99,98,99,22610,TRUE,TRUE,TRUE,FALSE,TRUE,TRUE,TRUE,"ok","ok","",""
"BaxterE_2016","Baxter 2016",97,"balanced","Akkermansia",0.835,0.88,0.79,88,79,24703,TRUE,TRUE,TRUE,FALSE,TRUE,TRUE,TRUE,"ok","ok","",""
"BaxterE_2016","Baxter 2016",97,"balanced","Alistipes",0.93,0.9,0.96,90,96,27420,TRUE,TRUE,TRUE,FALSE,TRUE,TRUE,TRUE,"ok","ok","",""
"BaxterE_2016","Baxter 2016",97,"balanced","Anaerostipes",0.98,0.97,0.99,97,99,31084,TRUE,TRUE,TRUE,FALSE,TRUE,TRUE,TRUE,"ok","ok","",""
"BaxterE_2016","Baxter 2016",97,"balanced","Bacteroides",1,1,1,100,100,129169,TRUE,TRUE,FALSE,TRUE,TRUE,TRUE,TRUE,"no_observed_zeros","ok","",""
"BaxterE_2016","Baxter 2016",97,"balanced","Bifidobacterium",0.715,0.75,0.68,75,68,9516,TRUE,TRUE,TRUE,FALSE,TRUE,TRUE,TRUE,"ok","ok","",""
"BaxterE_2016","Baxter 2016",97,"balanced","Blautia",1,1,1,100,100,136618,TRUE,TRUE,FALSE,TRUE,TRUE,TRUE,TRUE,"no_observed_zeros","ok","",""
"BaxterE_2016","Baxter 2016",97,"balanced","Clostridium_IV",0.985,0.99,0.98,99,98,15825,TRUE,TRUE,TRUE,FALSE,TRUE,TRUE,TRUE,"ok","ok","",""
"BaxterE_2016","Baxter 2016",97,"balanced","Clostridium_sensu_stricto",0.76,0.81,0.71,81,71,8522,TRUE,TRUE,TRUE,FALSE,TRUE,TRUE,TRUE,"ok","ok","",""
"BaxterE_2016","Baxter 2016",97,"balanced","Clostridium_XI",0.845,0.86,0.83,86,83,9870,TRUE,TRUE,TRUE,FALSE,TRUE,TRUE,TRUE,"ok","ok","",""
"BaxterE_2016","Baxter 2016",97,"balanced","Clostridium_XlVa",1,1,1,100,100,16448,TRUE,TRUE,FALSE,TRUE,TRUE,TRUE,TRUE,"no_observed_zeros","ok","",""
"BaxterE_2016","Baxter 2016",97,"balanced","Clostridium_XVIII",0.905,0.91,0.9,91,90,5184,TRUE,TRUE,TRUE,FALSE,TRUE,TRUE,TRUE,"ok","ok","",""
"BaxterE_2016","Baxter 2016",97,"balanced","Collinsella",0.615,0.63,0.6,63,60,10133,TRUE,TRUE,TRUE,FALSE,TRUE,TRUE,TRUE,"ok","ok","",""
"BaxterE_2016","Baxter 2016",97,"balanced","Coprococcus",0.86,0.85,0.87,85,87,9697,TRUE,TRUE,TRUE,FALSE,TRUE,TRUE,TRUE,"ok","ok","",""
"BaxterE_2016","Baxter 2016",97,"balanced","Dorea",0.96,0.97,0.95,97,95,14614,TRUE,TRUE,TRUE,FALSE,TRUE,TRUE,TRUE,"ok","ok","",""
"BaxterE_2016","Baxter 2016",97,"balanced","Escherichia/Shigella",0.77,0.78,0.76,78,76,7909,TRUE,TRUE,TRUE,FALSE,TRUE,TRUE,TRUE,"ok","ok","",""
"BaxterE_2016","Baxter 2016",97,"balanced","Faecalibacterium",0.99,0.99,0.99,99,99,45992,TRUE,TRUE,TRUE,FALSE,TRUE,TRUE,TRUE,"ok","ok","",""
"BaxterE_2016","Baxter 2016",97,"balanced","Gemmiger",0.795,0.8,0.79,80,79,9286,TRUE,TRUE,TRUE,FALSE,TRUE,TRUE,TRUE,"ok","ok","",""
"BaxterE_2016","Baxter 2016",97,"balanced","Lachnospiracea_incertae_sedis",1,1,1,100,100,35013,TRUE,TRUE,FALSE,TRUE,TRUE,TRUE,TRUE,"no_observed_zeros","ok","",""
"BaxterE_2016","Baxter 2016",97,"balanced","Methanobrevibacter",0.42,0.44,0.4,44,40,6811,TRUE,TRUE,TRUE,FALSE,TRUE,TRUE,TRUE,"ok","ok","",""
"BaxterE_2016","Baxter 2016",97,"balanced","Oscillibacter",0.895,0.92,0.87,92,87,10465,TRUE,TRUE,TRUE,FALSE,TRUE,TRUE,TRUE,"ok","ok","",""
"BaxterE_2016","Baxter 2016",97,"balanced","Parabacteroides",0.73,0.73,0.73,73,73,5068,TRUE,TRUE,TRUE,FALSE,TRUE,TRUE,TRUE,"ok","ok","",""
"BaxterE_2016","Baxter 2016",97,"balanced","Phascolarctobacterium",0.66,0.59,0.73,59,73,7422,TRUE,TRUE,TRUE,FALSE,TRUE,TRUE,TRUE,"ok","ok","",""
"BaxterE_2016","Baxter 2016",97,"balanced","Prevotella",0.37,0.37,0.37,37,37,12490,TRUE,TRUE,TRUE,FALSE,TRUE,TRUE,TRUE,"ok","ok","",""
"BaxterE_2016","Baxter 2016",97,"balanced","Roseburia",0.975,0.97,0.98,97,98,36170,TRUE,TRUE,TRUE,FALSE,TRUE,TRUE,TRUE,"ok","ok","",""
"BaxterE_2016","Baxter 2016",97,"balanced","Ruminococcus",0.89,0.9,0.88,90,88,24865,TRUE,TRUE,TRUE,FALSE,TRUE,TRUE,TRUE,"ok","ok","",""
"BaxterE_2016","Baxter 2016",97,"balanced","Ruminococcus2",0.975,0.97,0.98,97,98,19793,TRUE,TRUE,TRUE,FALSE,TRUE,TRUE,TRUE,"ok","ok","",""
"BaxterE_2016","Baxter 2016",97,"balanced","Streptococcus",0.845,0.84,0.85,84,85,6788,TRUE,TRUE,TRUE,FALSE,TRUE,TRUE,TRUE,"ok","ok","",""
"BaxterE_2016","Baxter 2016",97,"balanced","Unclassified_Clostridiales",0.93,0.94,0.92,94,92,11672,TRUE,TRUE,TRUE,FALSE,TRUE,TRUE,TRUE,"ok","ok","",""
"BaxterE_2016","Baxter 2016",97,"balanced","Unclassified_Lachnospiraceae",1,1,1,100,100,38873,TRUE,TRUE,FALSE,TRUE,TRUE,TRUE,TRUE,"no_observed_zeros","ok","",""
"BaxterE_2016","Baxter 2016",97,"balanced","Unclassified_Ruminococcaceae",0.98,0.98,0.98,98,98,24549,TRUE,TRUE,TRUE,FALSE,TRUE,TRUE,TRUE,"ok","ok","",""
"BaxterE_2016","Baxter 2016",97,"fourfold","Akkermansia",0.83,0.8,0.86,80,86,19544,TRUE,TRUE,TRUE,FALSE,TRUE,TRUE,TRUE,"ok","ok","",""
"BaxterE_2016","Baxter 2016",97,"fourfold","Alistipes",0.91,0.89,0.93,89,93,23590,TRUE,TRUE,TRUE,FALSE,TRUE,TRUE,TRUE,"ok","ok","",""
"BaxterE_2016","Baxter 2016",97,"fourfold","Anaerostipes",0.97,0.95,0.99,95,99,29695,TRUE,TRUE,TRUE,FALSE,TRUE,TRUE,TRUE,"ok","ok","",""
"BaxterE_2016","Baxter 2016",97,"fourfold","Bacteroides",0.995,0.99,1,99,100,106805,TRUE,TRUE,TRUE,FALSE,TRUE,TRUE,TRUE,"ok","ok","",""
"BaxterE_2016","Baxter 2016",97,"fourfold","Bifidobacterium",0.695,0.69,0.7,69,70,8531,TRUE,TRUE,TRUE,FALSE,TRUE,TRUE,TRUE,"ok","ok","",""
"BaxterE_2016","Baxter 2016",97,"fourfold","Blautia",1,1,1,100,100,127915,TRUE,TRUE,FALSE,TRUE,TRUE,TRUE,TRUE,"no_observed_zeros","ok","",""
"BaxterE_2016","Baxter 2016",97,"fourfold","Clostridium_IV",0.985,0.97,1,97,100,15896,TRUE,TRUE,FALSE,TRUE,TRUE,TRUE,TRUE,"structural_absence_boundary_at_zero","ok","",""
"BaxterE_2016","Baxter 2016",97,"fourfold","Clostridium_sensu_stricto",0.73,0.71,0.75,71,75,7216,TRUE,TRUE,TRUE,FALSE,TRUE,TRUE,TRUE,"ok","ok","",""
"BaxterE_2016","Baxter 2016",97,"fourfold","Clostridium_XI",0.81,0.75,0.87,75,87,8888,TRUE,TRUE,TRUE,FALSE,TRUE,TRUE,TRUE,"ok","ok","",""
"BaxterE_2016","Baxter 2016",97,"fourfold","Clostridium_XlVa",0.995,0.99,1,99,100,14352,TRUE,TRUE,TRUE,FALSE,TRUE,TRUE,TRUE,"ok","ok","",""
"BaxterE_2016","Baxter 2016",97,"fourfold","Clostridium_XVIII",0.835,0.8,0.87,80,87,4956,TRUE,TRUE,TRUE,FALSE,TRUE,TRUE,TRUE,"ok","ok","",""
"BaxterE_2016","Baxter 2016",97,"fourfold","Collinsella",0.58,0.56,0.6,56,60,7552,TRUE,TRUE,TRUE,FALSE,TRUE,TRUE,TRUE,"ok","ok","",""
"BaxterE_2016","Baxter 2016",97,"fourfold","Coprococcus",0.86,0.83,0.89,83,89,9193,TRUE,TRUE,TRUE,FALSE,TRUE,TRUE,TRUE,"ok","ok","",""
"BaxterE_2016","Baxter 2016",97,"fourfold","Dorea",0.95,0.93,0.97,93,97,14207,TRUE,TRUE,TRUE,FALSE,TRUE,TRUE,TRUE,"ok","ok","",""
"BaxterE_2016","Baxter 2016",97,"fourfold","Escherichia/Shigella",0.7,0.6,0.8,60,80,7066,TRUE,TRUE,TRUE,FALSE,TRUE,TRUE,TRUE,"ok","ok","",""
"BaxterE_2016","Baxter 2016",97,"fourfold","Faecalibacterium",0.985,0.99,0.98,99,98,43176,TRUE,TRUE,TRUE,FALSE,TRUE,TRUE,TRUE,"ok","ok","",""
"BaxterE_2016","Baxter 2016",97,"fourfold","Gemmiger",0.78,0.75,0.81,75,81,8090,TRUE,TRUE,TRUE,FALSE,TRUE,TRUE,TRUE,"ok","ok","",""
"BaxterE_2016","Baxter 2016",97,"fourfold","Lachnospiracea_incertae_sedis",1,1,1,100,100,33298,TRUE,TRUE,FALSE,TRUE,TRUE,TRUE,TRUE,"no_observed_zeros","ok","",""
"BaxterE_2016","Baxter 2016",97,"fourfold","Methanobrevibacter",0.415,0.39,0.44,39,44,4925,TRUE,TRUE,TRUE,FALSE,TRUE,TRUE,TRUE,"ok","ok","",""
"BaxterE_2016","Baxter 2016",97,"fourfold","Oscillibacter",0.86,0.8,0.92,80,92,10323,TRUE,TRUE,TRUE,FALSE,TRUE,TRUE,TRUE,"ok","ok","",""
"BaxterE_2016","Baxter 2016",97,"fourfold","Parabacteroides",0.695,0.62,0.77,62,77,5062,TRUE,TRUE,TRUE,FALSE,TRUE,TRUE,TRUE,"ok","ok","",""
"BaxterE_2016","Baxter 2016",97,"fourfold","Phascolarctobacterium",0.635,0.54,0.73,54,73,7131,TRUE,TRUE,TRUE,FALSE,TRUE,TRUE,TRUE,"ok","ok","",""
"BaxterE_2016","Baxter 2016",97,"fourfold","Prevotella",0.33,0.27,0.39,27,39,11465,TRUE,TRUE,TRUE,FALSE,TRUE,TRUE,TRUE,"ok","ok","",""
"BaxterE_2016","Baxter 2016",97,"fourfold","Roseburia",0.975,0.96,0.99,96,99,34295,TRUE,TRUE,TRUE,FALSE,TRUE,TRUE,TRUE,"ok","ok","",""
"BaxterE_2016","Baxter 2016",97,"fourfold","Ruminococcus",0.89,0.88,0.9,88,90,24832,TRUE,TRUE,TRUE,FALSE,TRUE,TRUE,TRUE,"ok","ok","",""
"BaxterE_2016","Baxter 2016",97,"fourfold","Ruminococcus2",0.965,0.94,0.99,94,99,18146,TRUE,TRUE,TRUE,FALSE,TRUE,TRUE,TRUE,"ok","ok","",""
"BaxterE_2016","Baxter 2016",97,"fourfold","Streptococcus",0.815,0.76,0.87,76,87,6859,TRUE,TRUE,TRUE,FALSE,TRUE,TRUE,TRUE,"ok","ok","",""
"BaxterE_2016","Baxter 2016",97,"fourfold","Unclassified_Clostridiales",0.915,0.88,0.95,88,95,10799,TRUE,TRUE,TRUE,FALSE,TRUE,TRUE,TRUE,"ok","ok","",""
"BaxterE_2016","Baxter 2016",97,"fourfold","Unclassified_Lachnospiraceae",1,1,1,100,100,36215,TRUE,TRUE,FALSE,TRUE,TRUE,TRUE,TRUE,"no_observed_zeros","ok","",""
"BaxterE_2016","Baxter 2016",97,"fourfold","Unclassified_Ruminococcaceae",0.98,0.98,0.98,98,98,24584,TRUE,TRUE,TRUE,FALSE,TRUE,TRUE,TRUE,"ok","ok","",""
"BaxterE_2016","Baxter 2016",98,"balanced","Akkermansia",0.85,0.84,0.86,84,86,23300,TRUE,TRUE,TRUE,FALSE,TRUE,TRUE,TRUE,"ok","ok","",""
"BaxterE_2016","Baxter 2016",98,"balanced","Alistipes",0.93,0.92,0.94,92,94,27035,TRUE,TRUE,TRUE,FALSE,TRUE,TRUE,TRUE,"ok","ok","",""
"BaxterE_2016","Baxter 2016",98,"balanced","Anaerostipes",0.975,0.97,0.98,97,98,30299,TRUE,TRUE,TRUE,FALSE,TRUE,TRUE,TRUE,"ok","ok","",""
"BaxterE_2016","Baxter 2016",98,"balanced","Bacteroides",1,1,1,100,100,127162,TRUE,TRUE,FALSE,TRUE,TRUE,TRUE,TRUE,"no_observed_zeros","ok","",""
"BaxterE_2016","Baxter 2016",98,"balanced","Bifidobacterium",0.74,0.71,0.77,71,77,8930,TRUE,TRUE,TRUE,FALSE,TRUE,TRUE,TRUE,"ok","ok","",""
"BaxterE_2016","Baxter 2016",98,"balanced","Blautia",1,1,1,100,100,129939,TRUE,TRUE,FALSE,TRUE,TRUE,TRUE,TRUE,"no_observed_zeros","ok","",""
"BaxterE_2016","Baxter 2016",98,"balanced","Clostridium_IV",0.985,0.98,0.99,98,99,15260,TRUE,TRUE,TRUE,FALSE,TRUE,TRUE,TRUE,"ok","ok","",""
"BaxterE_2016","Baxter 2016",98,"balanced","Clostridium_sensu_stricto",0.745,0.72,0.77,72,77,9770,TRUE,TRUE,TRUE,FALSE,TRUE,TRUE,TRUE,"ok","ok","",""
"BaxterE_2016","Baxter 2016",98,"balanced","Clostridium_XI",0.82,0.77,0.87,77,87,9043,TRUE,TRUE,TRUE,FALSE,TRUE,TRUE,TRUE,"ok","ok","",""
"BaxterE_2016","Baxter 2016",98,"balanced","Clostridium_XlVa",1,1,1,100,100,15809,TRUE,TRUE,FALSE,TRUE,TRUE,TRUE,TRUE,"no_observed_zeros","ok","",""
"BaxterE_2016","Baxter 2016",98,"balanced","Clostridium_XVIII",0.91,0.9,0.92,90,92,5338,TRUE,TRUE,TRUE,FALSE,TRUE,TRUE,TRUE,"ok","ok","",""
"BaxterE_2016","Baxter 2016",98,"balanced","Collinsella",0.615,0.61,0.62,61,62,7488,TRUE,TRUE,TRUE,FALSE,TRUE,TRUE,TRUE,"ok","ok","",""
"BaxterE_2016","Baxter 2016",98,"balanced","Coprococcus",0.875,0.8,0.95,80,95,9378,TRUE,TRUE,TRUE,FALSE,TRUE,TRUE,TRUE,"ok","ok","",""
"BaxterE_2016","Baxter 2016",98,"balanced","Dorea",0.95,0.91,0.99,91,99,14272,TRUE,TRUE,TRUE,FALSE,TRUE,TRUE,TRUE,"ok","ok","",""
"BaxterE_2016","Baxter 2016",98,"balanced","Escherichia/Shigella",0.77,0.75,0.79,75,79,6808,TRUE,TRUE,TRUE,FALSE,TRUE,TRUE,TRUE,"ok","ok","",""
"BaxterE_2016","Baxter 2016",98,"balanced","Faecalibacterium",0.99,1,0.98,100,98,47533,TRUE,TRUE,TRUE,FALSE,TRUE,TRUE,TRUE,"ok","ok","",""
"BaxterE_2016","Baxter 2016",98,"balanced","Gemmiger",0.79,0.72,0.86,72,86,9618,TRUE,TRUE,TRUE,FALSE,TRUE,TRUE,TRUE,"ok","ok","",""
"BaxterE_2016","Baxter 2016",98,"balanced","Lachnospiracea_incertae_sedis",1,1,1,100,100,33788,TRUE,TRUE,FALSE,TRUE,TRUE,TRUE,TRUE,"no_observed_zeros","ok","",""
"BaxterE_2016","Baxter 2016",98,"balanced","Methanobrevibacter",0.42,0.41,0.43,41,43,6145,TRUE,TRUE,TRUE,FALSE,TRUE,TRUE,TRUE,"ok","ok","",""
"BaxterE_2016","Baxter 2016",98,"balanced","Oscillibacter",0.92,0.89,0.95,89,95,10028,TRUE,TRUE,TRUE,FALSE,TRUE,TRUE,TRUE,"ok","ok","",""
"BaxterE_2016","Baxter 2016",98,"balanced","Parabacteroides",0.715,0.76,0.67,76,67,5585,TRUE,TRUE,TRUE,FALSE,TRUE,TRUE,TRUE,"ok","ok","",""
"BaxterE_2016","Baxter 2016",98,"balanced","Phascolarctobacterium",0.64,0.63,0.65,63,65,7326,TRUE,TRUE,TRUE,FALSE,TRUE,TRUE,TRUE,"ok","ok","",""
"BaxterE_2016","Baxter 2016",98,"balanced","Prevotella",0.385,0.38,0.39,38,39,14368,TRUE,TRUE,TRUE,FALSE,TRUE,TRUE,TRUE,"ok","ok","",""
"BaxterE_2016","Baxter 2016",98,"balanced","Roseburia",0.97,0.96,0.98,96,98,33232,TRUE,TRUE,TRUE,FALSE,TRUE,TRUE,TRUE,"ok","ok","",""
"BaxterE_2016","Baxter 2016",98,"balanced","Ruminococcus",0.895,0.89,0.9,89,90,24334,TRUE,TRUE,TRUE,FALSE,TRUE,TRUE,TRUE,"ok","ok","",""
"BaxterE_2016","Baxter 2016",98,"balanced","Ruminococcus2",0.975,0.97,0.98,97,98,18672,TRUE,TRUE,TRUE,FALSE,TRUE,TRUE,TRUE,"ok","ok","",""
"BaxterE_2016","Baxter 2016",98,"balanced","Streptococcus",0.845,0.84,0.85,84,85,7057,TRUE,TRUE,TRUE,FALSE,TRUE,TRUE,TRUE,"ok","ok","",""
"BaxterE_2016","Baxter 2016",98,"balanced","Unclassified_Clostridiales",0.91,0.89,0.93,89,93,11207,TRUE,TRUE,TRUE,FALSE,TRUE,TRUE,TRUE,"ok","ok","",""
"BaxterE_2016","Baxter 2016",98,"balanced","Unclassified_Lachnospiraceae",1,1,1,100,100,37267,TRUE,TRUE,FALSE,TRUE,TRUE,TRUE,TRUE,"no_observed_zeros","ok","",""
"BaxterE_2016","Baxter 2016",98,"balanced","Unclassified_Ruminococcaceae",0.985,0.98,0.99,98,99,24643,TRUE,TRUE,TRUE,FALSE,TRUE,TRUE,TRUE,"ok","ok","",""
"BaxterE_2016","Baxter 2016",98,"fourfold","Akkermansia",0.82,0.77,0.87,77,87,20447,TRUE,TRUE,TRUE,FALSE,TRUE,TRUE,TRUE,"ok","ok","",""
"BaxterE_2016","Baxter 2016",98,"fourfold","Alistipes",0.895,0.85,0.94,85,94,25570,TRUE,TRUE,TRUE,FALSE,TRUE,TRUE,TRUE,"ok","ok","",""
"BaxterE_2016","Baxter 2016",98,"fourfold","Anaerostipes",0.975,0.96,0.99,96,99,28385,TRUE,TRUE,TRUE,FALSE,TRUE,TRUE,TRUE,"ok","ok","",""
"BaxterE_2016","Baxter 2016",98,"fourfold","Bacteroides",0.995,0.99,1,99,100,107213,TRUE,TRUE,FALSE,TRUE,TRUE,TRUE,TRUE,"structural_absence_boundary_at_zero","ok","",""
"BaxterE_2016","Baxter 2016",98,"fourfold","Bifidobacterium",0.725,0.67,0.78,67,78,8158,TRUE,TRUE,TRUE,FALSE,TRUE,TRUE,TRUE,"ok","ok","",""
"BaxterE_2016","Baxter 2016",98,"fourfold","Blautia",1,1,1,100,100,124529,TRUE,TRUE,FALSE,TRUE,TRUE,TRUE,TRUE,"no_observed_zeros","ok","",""
"BaxterE_2016","Baxter 2016",98,"fourfold","Clostridium_IV",0.97,0.95,0.99,95,99,13689,TRUE,TRUE,TRUE,FALSE,TRUE,TRUE,TRUE,"ok","ok","",""
"BaxterE_2016","Baxter 2016",98,"fourfold","Clostridium_sensu_stricto",0.695,0.59,0.8,59,80,8397,TRUE,TRUE,TRUE,FALSE,TRUE,TRUE,TRUE,"ok","ok","",""
"BaxterE_2016","Baxter 2016",98,"fourfold","Clostridium_XI",0.8,0.72,0.88,72,88,8927,TRUE,TRUE,TRUE,FALSE,TRUE,TRUE,TRUE,"ok","ok","",""
"BaxterE_2016","Baxter 2016",98,"fourfold","Clostridium_XlVa",1,1,1,100,100,13840,TRUE,TRUE,FALSE,TRUE,TRUE,TRUE,TRUE,"no_observed_zeros","ok","",""
"BaxterE_2016","Baxter 2016",98,"fourfold","Clostridium_XVIII",0.855,0.8,0.91,80,91,4848,TRUE,TRUE,TRUE,FALSE,TRUE,TRUE,TRUE,"ok","ok","",""
"BaxterE_2016","Baxter 2016",98,"fourfold","Collinsella",0.59,0.53,0.65,53,65,7617,TRUE,TRUE,TRUE,FALSE,TRUE,TRUE,TRUE,"ok","ok","",""
"BaxterE_2016","Baxter 2016",98,"fourfold","Coprococcus",0.86,0.78,0.94,78,94,8269,TRUE,TRUE,TRUE,FALSE,TRUE,TRUE,TRUE,"ok","ok","",""
"BaxterE_2016","Baxter 2016",98,"fourfold","Dorea",0.955,0.92,0.99,92,99,14237,TRUE,TRUE,TRUE,FALSE,TRUE,TRUE,TRUE,"ok","ok","",""
"BaxterE_2016","Baxter 2016",98,"fourfold","Escherichia/Shigella",0.71,0.61,0.81,61,81,6721,TRUE,TRUE,TRUE,FALSE,TRUE,TRUE,TRUE,"ok","ok","",""
"BaxterE_2016","Baxter 2016",98,"fourfold","Faecalibacterium",0.985,0.98,0.99,98,99,41418,TRUE,TRUE,TRUE,FALSE,TRUE,TRUE,TRUE,"ok","ok","",""
"BaxterE_2016","Baxter 2016",98,"fourfold","Gemmiger",0.77,0.68,0.86,68,86,9606,TRUE,TRUE,TRUE,FALSE,TRUE,TRUE,TRUE,"ok","ok","",""
"BaxterE_2016","Baxter 2016",98,"fourfold","Lachnospiracea_incertae_sedis",1,1,1,100,100,32119,TRUE,TRUE,FALSE,TRUE,TRUE,TRUE,TRUE,"no_observed_zeros","ok","",""
"BaxterE_2016","Baxter 2016",98,"fourfold","Methanobrevibacter",0.415,0.36,0.47,36,47,6655,TRUE,TRUE,TRUE,FALSE,TRUE,TRUE,TRUE,"ok","ok","",""
"BaxterE_2016","Baxter 2016",98,"fourfold","Oscillibacter",0.885,0.83,0.94,83,94,9567,TRUE,TRUE,TRUE,FALSE,TRUE,TRUE,TRUE,"ok","ok","",""
"BaxterE_2016","Baxter 2016",98,"fourfold","Parabacteroides",0.71,0.7,0.72,70,72,4723,TRUE,TRUE,TRUE,FALSE,TRUE,TRUE,TRUE,"ok","ok","",""
"BaxterE_2016","Baxter 2016",98,"fourfold","Phascolarctobacterium",0.635,0.58,0.69,58,69,6840,TRUE,TRUE,TRUE,FALSE,TRUE,TRUE,TRUE,"ok","ok","",""
"BaxterE_2016","Baxter 2016",98,"fourfold","Prevotella",0.355,0.3,0.41,30,41,12133,TRUE,TRUE,TRUE,FALSE,TRUE,TRUE,TRUE,"ok","ok","",""
"BaxterE_2016","Baxter 2016",98,"fourfold","Roseburia",0.975,0.96,0.99,96,99,33624,TRUE,TRUE,TRUE,FALSE,TRUE,TRUE,TRUE,"ok","ok","",""
"BaxterE_2016","Baxter 2016",98,"fourfold","Ruminococcus",0.86,0.82,0.9,82,90,22786,TRUE,TRUE,TRUE,FALSE,TRUE,TRUE,TRUE,"ok","ok","",""
"BaxterE_2016","Baxter 2016",98,"fourfold","Ruminococcus2",0.965,0.93,1,93,100,17124,TRUE,TRUE,TRUE,FALSE,TRUE,TRUE,TRUE,"ok","ok","",""
"BaxterE_2016","Baxter 2016",98,"fourfold","Streptococcus",0.805,0.75,0.86,75,86,5459,TRUE,TRUE,TRUE,FALSE,TRUE,TRUE,TRUE,"ok","ok","",""
"BaxterE_2016","Baxter 2016",98,"fourfold","Unclassified_Clostridiales",0.92,0.88,0.96,88,96,10307,TRUE,TRUE,TRUE,FALSE,TRUE,TRUE,TRUE,"ok","ok","",""
"BaxterE_2016","Baxter 2016",98,"fourfold","Unclassified_Lachnospiraceae",1,1,1,100,100,35106,TRUE,TRUE,FALSE,TRUE,TRUE,TRUE,TRUE,"no_observed_zeros","ok","",""
"BaxterE_2016","Baxter 2016",98,"fourfold","Unclassified_Ruminococcaceae",0.975,0.96,0.99,96,99,22245,TRUE,TRUE,TRUE,FALSE,TRUE,TRUE,TRUE,"ok","ok","",""
"BaxterE_2016","Baxter 2016",99,"balanced","Akkermansia",0.855,0.88,0.83,88,83,23701,TRUE,TRUE,TRUE,FALSE,TRUE,TRUE,TRUE,"ok","ok","",""
"BaxterE_2016","Baxter 2016",99,"balanced","Alistipes",0.905,0.92,0.89,92,89,25624,TRUE,TRUE,TRUE,FALSE,TRUE,TRUE,TRUE,"ok","ok","",""
"BaxterE_2016","Baxter 2016",99,"balanced","Anaerostipes",0.985,0.99,0.98,99,98,28136,TRUE,TRUE,TRUE,FALSE,TRUE,TRUE,TRUE,"ok","ok","",""
"BaxterE_2016","Baxter 2016",99,"balanced","Bacteroides",1,1,1,100,100,116356,TRUE,TRUE,FALSE,TRUE,TRUE,TRUE,TRUE,"no_observed_zeros","ok","",""
"BaxterE_2016","Baxter 2016",99,"balanced","Bifidobacterium",0.725,0.73,0.72,73,72,9290,TRUE,TRUE,TRUE,FALSE,TRUE,TRUE,TRUE,"ok","ok","",""
"BaxterE_2016","Baxter 2016",99,"balanced","Blautia",1,1,1,100,100,125736,TRUE,TRUE,FALSE,TRUE,TRUE,TRUE,TRUE,"no_observed_zeros","ok","",""
"BaxterE_2016","Baxter 2016",99,"balanced","Clostridium_IV",0.99,0.98,1,98,100,14729,TRUE,TRUE,TRUE,FALSE,TRUE,TRUE,TRUE,"ok","ok","",""
"BaxterE_2016","Baxter 2016",99,"balanced","Clostridium_sensu_stricto",0.705,0.74,0.67,74,67,9704,TRUE,TRUE,TRUE,FALSE,TRUE,TRUE,TRUE,"ok","ok","",""
"BaxterE_2016","Baxter 2016",99,"balanced","Clostridium_XI",0.83,0.85,0.81,85,81,9340,TRUE,TRUE,TRUE,FALSE,TRUE,TRUE,TRUE,"ok","ok","",""
"BaxterE_2016","Baxter 2016",99,"balanced","Clostridium_XlVa",1,1,1,100,100,14819,TRUE,TRUE,FALSE,TRUE,TRUE,TRUE,TRUE,"no_observed_zeros","ok","",""
"BaxterE_2016","Baxter 2016",99,"balanced","Clostridium_XVIII",0.9,0.89,0.91,89,91,5075,TRUE,TRUE,TRUE,FALSE,TRUE,TRUE,TRUE,"ok","ok","",""
"BaxterE_2016","Baxter 2016",99,"balanced","Collinsella",0.595,0.61,0.58,61,58,8714,TRUE,TRUE,TRUE,FALSE,TRUE,TRUE,TRUE,"ok","ok","",""
"BaxterE_2016","Baxter 2016",99,"balanced","Coprococcus",0.87,0.87,0.87,87,87,9009,TRUE,TRUE,TRUE,FALSE,TRUE,TRUE,TRUE,"ok","ok","",""
"BaxterE_2016","Baxter 2016",99,"balanced","Dorea",0.95,0.96,0.94,96,94,13957,TRUE,TRUE,TRUE,FALSE,TRUE,TRUE,TRUE,"ok","ok","",""
"BaxterE_2016","Baxter 2016",99,"balanced","Escherichia/Shigella",0.75,0.76,0.74,76,74,6484,TRUE,TRUE,TRUE,FALSE,TRUE,TRUE,TRUE,"ok","ok","",""
"BaxterE_2016","Baxter 2016",99,"balanced","Faecalibacterium",0.99,0.99,0.99,99,99,43235,TRUE,TRUE,TRUE,FALSE,TRUE,TRUE,TRUE,"ok","ok","",""
"BaxterE_2016","Baxter 2016",99,"balanced","Gemmiger",0.79,0.82,0.76,82,76,9518,TRUE,TRUE,TRUE,FALSE,TRUE,TRUE,TRUE,"ok","ok","",""
"BaxterE_2016","Baxter 2016",99,"balanced","Lachnospiracea_incertae_sedis",1,1,1,100,100,34986,TRUE,TRUE,FALSE,TRUE,TRUE,TRUE,TRUE,"no_observed_zeros","ok","",""
"BaxterE_2016","Baxter 2016",99,"balanced","Methanobrevibacter",0.405,0.41,0.4,41,40,6390,TRUE,TRUE,TRUE,FALSE,TRUE,TRUE,TRUE,"ok","ok","",""
"BaxterE_2016","Baxter 2016",99,"balanced","Oscillibacter",0.905,0.91,0.9,91,90,10331,TRUE,TRUE,TRUE,FALSE,TRUE,TRUE,TRUE,"ok","ok","",""
"BaxterE_2016","Baxter 2016",99,"balanced","Parabacteroides",0.725,0.73,0.72,73,72,5286,TRUE,TRUE,TRUE,FALSE,TRUE,TRUE,TRUE,"ok","ok","",""
"BaxterE_2016","Baxter 2016",99,"balanced","Phascolarctobacterium",0.655,0.64,0.67,64,67,7573,TRUE,TRUE,TRUE,FALSE,TRUE,TRUE,TRUE,"ok","ok","",""
"BaxterE_2016","Baxter 2016",99,"balanced","Prevotella",0.375,0.39,0.36,39,36,14762,TRUE,TRUE,TRUE,FALSE,TRUE,TRUE,TRUE,"ok","ok","",""
"BaxterE_2016","Baxter 2016",99,"balanced","Roseburia",0.975,0.96,0.99,96,99,32802,TRUE,TRUE,TRUE,FALSE,TRUE,TRUE,TRUE,"ok","ok","",""
"BaxterE_2016","Baxter 2016",99,"balanced","Ruminococcus",0.89,0.87,0.91,87,91,24330,TRUE,TRUE,TRUE,FALSE,TRUE,TRUE,TRUE,"ok","ok","",""
"BaxterE_2016","Baxter 2016",99,"balanced","Ruminococcus2",0.97,0.98,0.96,98,96,17147,TRUE,TRUE,TRUE,FALSE,TRUE,TRUE,TRUE,"ok","ok","",""
"BaxterE_2016","Baxter 2016",99,"balanced","Streptococcus",0.89,0.89,0.89,89,89,6118,TRUE,TRUE,FALSE,TRUE,TRUE,TRUE,TRUE,"structural_absence_boundary_at_zero","ok","",""
"BaxterE_2016","Baxter 2016",99,"balanced","Unclassified_Clostridiales",0.925,0.93,0.92,93,92,11794,TRUE,TRUE,TRUE,FALSE,TRUE,TRUE,TRUE,"ok","ok","",""
"BaxterE_2016","Baxter 2016",99,"balanced","Unclassified_Lachnospiraceae",1,1,1,100,100,36955,TRUE,TRUE,FALSE,TRUE,TRUE,TRUE,TRUE,"no_observed_zeros","ok","",""
"BaxterE_2016","Baxter 2016",99,"balanced","Unclassified_Ruminococcaceae",0.995,1,0.99,100,99,24966,TRUE,TRUE,TRUE,FALSE,TRUE,TRUE,TRUE,"ok","ok","",""
"BaxterE_2016","Baxter 2016",99,"fourfold","Akkermansia",0.805,0.78,0.83,78,83,23953,TRUE,TRUE,TRUE,FALSE,TRUE,TRUE,TRUE,"ok","ok","",""
"BaxterE_2016","Baxter 2016",99,"fourfold","Alistipes",0.915,0.9,0.93,90,93,25441,TRUE,TRUE,TRUE,FALSE,TRUE,TRUE,TRUE,"ok","ok","",""
"BaxterE_2016","Baxter 2016",99,"fourfold","Anaerostipes",0.975,0.97,0.98,97,98,27023,TRUE,TRUE,TRUE,FALSE,TRUE,TRUE,TRUE,"ok","ok","",""
"BaxterE_2016","Baxter 2016",99,"fourfold","Bacteroides",1,1,1,100,100,121215,TRUE,TRUE,FALSE,TRUE,TRUE,TRUE,TRUE,"no_observed_zeros","ok","",""
"BaxterE_2016","Baxter 2016",99,"fourfold","Bifidobacterium",0.71,0.66,0.76,66,76,7654,TRUE,TRUE,TRUE,FALSE,TRUE,TRUE,TRUE,"ok","ok","",""
"BaxterE_2016","Baxter 2016",99,"fourfold","Blautia",1,1,1,100,100,112879,TRUE,TRUE,FALSE,TRUE,TRUE,TRUE,TRUE,"no_observed_zeros","ok","",""
"BaxterE_2016","Baxter 2016",99,"fourfold","Clostridium_IV",0.96,0.93,0.99,93,99,14116,TRUE,TRUE,TRUE,FALSE,TRUE,TRUE,TRUE,"ok","ok","",""
"BaxterE_2016","Baxter 2016",99,"fourfold","Clostridium_sensu_stricto",0.735,0.69,0.78,69,78,6810,TRUE,TRUE,TRUE,FALSE,TRUE,TRUE,TRUE,"ok","ok","",""
"BaxterE_2016","Baxter 2016",99,"fourfold","Clostridium_XI",0.815,0.81,0.82,81,82,6419,TRUE,TRUE,TRUE,FALSE,TRUE,TRUE,TRUE,"ok","ok","",""
"BaxterE_2016","Baxter 2016",99,"fourfold","Clostridium_XlVa",0.995,0.99,1,99,100,15078,TRUE,TRUE,TRUE,FALSE,TRUE,TRUE,TRUE,"ok","ok","",""
"BaxterE_2016","Baxter 2016",99,"fourfold","Clostridium_XVIII",0.89,0.85,0.93,85,93,4048,TRUE,TRUE,TRUE,FALSE,TRUE,TRUE,TRUE,"ok","ok","",""
"BaxterE_2016","Baxter 2016",99,"fourfold","Collinsella",0.605,0.56,0.65,56,65,6859,TRUE,TRUE,TRUE,FALSE,TRUE,TRUE,TRUE,"ok","ok","",""
"BaxterE_2016","Baxter 2016",99,"fourfold","Coprococcus",0.85,0.85,0.85,85,85,8265,TRUE,TRUE,TRUE,FALSE,TRUE,TRUE,TRUE,"ok","ok","",""
"BaxterE_2016","Baxter 2016",99,"fourfold","Dorea",0.955,0.95,0.96,95,96,12588,TRUE,TRUE,TRUE,FALSE,TRUE,TRUE,TRUE,"ok","ok","",""
"BaxterE_2016","Baxter 2016",99,"fourfold","Escherichia/Shigella",0.74,0.71,0.77,71,77,5795,TRUE,TRUE,FALSE,TRUE,TRUE,TRUE,TRUE,"structural_absence_boundary_at_zero","ok","",""
"BaxterE_2016","Baxter 2016",99,"fourfold","Faecalibacterium",0.985,0.97,1,97,100,42410,TRUE,TRUE,TRUE,FALSE,TRUE,TRUE,TRUE,"ok","ok","",""
"BaxterE_2016","Baxter 2016",99,"fourfold","Gemmiger",0.76,0.72,0.8,72,80,8719,TRUE,TRUE,TRUE,FALSE,TRUE,TRUE,TRUE,"ok","ok","",""
"BaxterE_2016","Baxter 2016",99,"fourfold","Lachnospiracea_incertae_sedis",0.995,0.99,1,99,100,29224,TRUE,TRUE,TRUE,FALSE,TRUE,TRUE,TRUE,"ok","ok","",""
"BaxterE_2016","Baxter 2016",99,"fourfold","Methanobrevibacter",0.425,0.39,0.46,39,46,4815,TRUE,TRUE,TRUE,FALSE,TRUE,TRUE,TRUE,"ok","ok","",""
"BaxterE_2016","Baxter 2016",99,"fourfold","Oscillibacter",0.835,0.78,0.89,78,89,10730,TRUE,TRUE,TRUE,FALSE,TRUE,TRUE,TRUE,"ok","ok","",""
"BaxterE_2016","Baxter 2016",99,"fourfold","Parabacteroides",0.66,0.6,0.72,60,72,5501,TRUE,TRUE,TRUE,FALSE,TRUE,TRUE,TRUE,"ok","ok","",""
"BaxterE_2016","Baxter 2016",99,"fourfold","Phascolarctobacterium",0.625,0.57,0.68,57,68,8088,TRUE,TRUE,TRUE,FALSE,TRUE,TRUE,TRUE,"ok","ok","",""
"BaxterE_2016","Baxter 2016",99,"fourfold","Prevotella",0.38,0.31,0.45,31,45,14309,TRUE,TRUE,TRUE,FALSE,TRUE,TRUE,TRUE,"ok","ok","",""
"BaxterE_2016","Baxter 2016",99,"fourfold","Roseburia",0.975,0.96,0.99,96,99,32547,TRUE,TRUE,TRUE,FALSE,TRUE,TRUE,TRUE,"ok","ok","",""
"BaxterE_2016","Baxter 2016",99,"fourfold","Ruminococcus",0.86,0.82,0.9,82,90,23976,TRUE,TRUE,TRUE,FALSE,TRUE,TRUE,TRUE,"ok","ok","",""
"BaxterE_2016","Baxter 2016",99,"fourfold","Ruminococcus2",0.95,0.92,0.98,92,98,17650,TRUE,TRUE,TRUE,FALSE,TRUE,TRUE,TRUE,"ok","ok","",""
"BaxterE_2016","Baxter 2016",99,"fourfold","Streptococcus",0.825,0.77,0.88,77,88,4817,TRUE,TRUE,TRUE,FALSE,TRUE,TRUE,TRUE,"ok","ok","",""
"BaxterE_2016","Baxter 2016",99,"fourfold","Unclassified_Clostridiales",0.9,0.89,0.91,89,91,10904,TRUE,TRUE,TRUE,FALSE,TRUE,TRUE,TRUE,"ok","ok","",""
"BaxterE_2016","Baxter 2016",99,"fourfold","Unclassified_Lachnospiraceae",1,1,1,100,100,34624,TRUE,TRUE,FALSE,TRUE,TRUE,TRUE,TRUE,"no_observed_zeros","ok","",""
"BaxterE_2016","Baxter 2016",99,"fourfold","Unclassified_Ruminococcaceae",0.975,0.98,0.97,98,97,25003,TRUE,TRUE,TRUE,FALSE,TRUE,TRUE,TRUE,"ok","ok","",""
"BaxterE_2016","Baxter 2016",100,"balanced","Akkermansia",0.84,0.83,0.85,83,85,24887,TRUE,TRUE,TRUE,FALSE,TRUE,TRUE,TRUE,"ok","ok","",""
"BaxterE_2016","Baxter 2016",100,"balanced","Alistipes",0.92,0.95,0.89,95,89,23260,TRUE,TRUE,TRUE,FALSE,TRUE,TRUE,TRUE,"ok","ok","",""
"BaxterE_2016","Baxter 2016",100,"balanced","Anaerostipes",0.975,0.98,0.97,98,97,29075,TRUE,TRUE,TRUE,FALSE,TRUE,TRUE,TRUE,"ok","ok","",""
"BaxterE_2016","Baxter 2016",100,"balanced","Bacteroides",1,1,1,100,100,123136,TRUE,TRUE,FALSE,TRUE,TRUE,TRUE,TRUE,"no_observed_zeros","ok","",""
"BaxterE_2016","Baxter 2016",100,"balanced","Bifidobacterium",0.725,0.67,0.78,67,78,8959,TRUE,TRUE,TRUE,FALSE,TRUE,TRUE,TRUE,"ok","ok","",""
"BaxterE_2016","Baxter 2016",100,"balanced","Blautia",1,1,1,100,100,125426,TRUE,TRUE,FALSE,TRUE,TRUE,TRUE,TRUE,"no_observed_zeros","ok","",""
"BaxterE_2016","Baxter 2016",100,"balanced","Clostridium_IV",0.985,0.98,0.99,98,99,13911,TRUE,TRUE,TRUE,FALSE,TRUE,TRUE,TRUE,"ok","ok","",""
"BaxterE_2016","Baxter 2016",100,"balanced","Clostridium_sensu_stricto",0.755,0.72,0.79,72,79,8572,TRUE,TRUE,TRUE,FALSE,TRUE,TRUE,TRUE,"ok","ok","",""
"BaxterE_2016","Baxter 2016",100,"balanced","Clostridium_XI",0.83,0.78,0.88,78,88,8515,TRUE,TRUE,TRUE,FALSE,TRUE,TRUE,TRUE,"ok","ok","",""
"BaxterE_2016","Baxter 2016",100,"balanced","Clostridium_XlVa",1,1,1,100,100,15127,TRUE,TRUE,FALSE,TRUE,TRUE,TRUE,TRUE,"no_observed_zeros","ok","",""
"BaxterE_2016","Baxter 2016",100,"balanced","Clostridium_XVIII",0.905,0.89,0.92,89,92,4620,TRUE,TRUE,TRUE,FALSE,TRUE,TRUE,TRUE,"ok","ok","",""
"BaxterE_2016","Baxter 2016",100,"balanced","Collinsella",0.62,0.64,0.6,64,60,7744,TRUE,TRUE,TRUE,FALSE,TRUE,TRUE,TRUE,"ok","ok","",""
"BaxterE_2016","Baxter 2016",100,"balanced","Coprococcus",0.865,0.83,0.9,83,90,9154,TRUE,TRUE,TRUE,FALSE,TRUE,TRUE,TRUE,"ok","ok","",""
"BaxterE_2016","Baxter 2016",100,"balanced","Dorea",0.965,0.96,0.97,96,97,13471,TRUE,TRUE,TRUE,FALSE,TRUE,TRUE,TRUE,"ok","ok","",""
"BaxterE_2016","Baxter 2016",100,"balanced","Escherichia/Shigella",0.715,0.72,0.71,72,71,6997,TRUE,TRUE,TRUE,FALSE,TRUE,TRUE,TRUE,"ok","ok","",""
"BaxterE_2016","Baxter 2016",100,"balanced","Faecalibacterium",0.98,0.98,0.98,98,98,42765,TRUE,TRUE,TRUE,FALSE,TRUE,TRUE,TRUE,"ok","ok","",""
"BaxterE_2016","Baxter 2016",100,"balanced","Gemmiger",0.79,0.77,0.81,77,81,8341,TRUE,TRUE,TRUE,FALSE,TRUE,TRUE,TRUE,"ok","ok","",""
"BaxterE_2016","Baxter 2016",100,"balanced","Lachnospiracea_incertae_sedis",0.995,0.99,1,99,100,31198,TRUE,TRUE,TRUE,FALSE,TRUE,TRUE,TRUE,"ok","ok","",""
"BaxterE_2016","Baxter 2016",100,"balanced","Methanobrevibacter",0.435,0.46,0.41,46,41,5145,TRUE,TRUE,TRUE,FALSE,TRUE,TRUE,TRUE,"ok","ok","",""
"BaxterE_2016","Baxter 2016",100,"balanced","Oscillibacter",0.905,0.89,0.92,89,92,9193,TRUE,TRUE,TRUE,FALSE,TRUE,TRUE,TRUE,"ok","ok","",""
"BaxterE_2016","Baxter 2016",100,"balanced","Parabacteroides",0.705,0.74,0.67,74,67,5523,TRUE,TRUE,TRUE,FALSE,TRUE,TRUE,TRUE,"ok","ok","",""
"BaxterE_2016","Baxter 2016",100,"balanced","Phascolarctobacterium",0.68,0.66,0.7,66,70,7172,TRUE,TRUE,TRUE,FALSE,TRUE,TRUE,TRUE,"ok","ok","",""
"BaxterE_2016","Baxter 2016",100,"balanced","Prevotella",0.36,0.38,0.34,38,34,10482,TRUE,TRUE,TRUE,FALSE,TRUE,TRUE,TRUE,"ok","ok","",""
"BaxterE_2016","Baxter 2016",100,"balanced","Roseburia",0.975,0.97,0.98,97,98,32828,TRUE,TRUE,TRUE,FALSE,TRUE,TRUE,TRUE,"ok","ok","",""
"BaxterE_2016","Baxter 2016",100,"balanced","Ruminococcus",0.87,0.87,0.87,87,87,21516,TRUE,TRUE,TRUE,FALSE,TRUE,TRUE,TRUE,"ok","ok","",""
"BaxterE_2016","Baxter 2016",100,"balanced","Ruminococcus2",0.97,0.97,0.97,97,97,16356,TRUE,TRUE,TRUE,FALSE,TRUE,TRUE,TRUE,"ok","ok","",""
"BaxterE_2016","Baxter 2016",100,"balanced","Streptococcus",0.86,0.82,0.9,82,90,6111,TRUE,TRUE,TRUE,FALSE,TRUE,TRUE,TRUE,"ok","ok","",""
"BaxterE_2016","Baxter 2016",100,"balanced","Unclassified_Clostridiales",0.935,0.93,0.94,93,94,10264,TRUE,TRUE,TRUE,FALSE,TRUE,TRUE,TRUE,"ok","ok","",""
"BaxterE_2016","Baxter 2016",100,"balanced","Unclassified_Lachnospiraceae",1,1,1,100,100,36664,TRUE,TRUE,FALSE,TRUE,TRUE,TRUE,TRUE,"no_observed_zeros","ok","",""
"BaxterE_2016","Baxter 2016",100,"balanced","Unclassified_Ruminococcaceae",0.995,0.99,1,99,100,22378,TRUE,TRUE,TRUE,FALSE,TRUE,TRUE,TRUE,"ok","ok","",""
"BaxterE_2016","Baxter 2016",100,"fourfold","Akkermansia",0.855,0.81,0.9,81,90,22925,TRUE,TRUE,TRUE,FALSE,TRUE,TRUE,TRUE,"ok","ok","",""
"BaxterE_2016","Baxter 2016",100,"fourfold","Alistipes",0.92,0.92,0.92,92,92,25108,TRUE,TRUE,TRUE,FALSE,TRUE,TRUE,TRUE,"ok","ok","",""
"BaxterE_2016","Baxter 2016",100,"fourfold","Anaerostipes",0.985,0.98,0.99,98,99,33145,TRUE,TRUE,TRUE,FALSE,TRUE,TRUE,TRUE,"ok","ok","",""
"BaxterE_2016","Baxter 2016",100,"fourfold","Bacteroides",0.99,0.98,1,98,100,122791,TRUE,TRUE,TRUE,FALSE,TRUE,TRUE,TRUE,"ok","ok","",""
"BaxterE_2016","Baxter 2016",100,"fourfold","Bifidobacterium",0.71,0.65,0.77,65,77,10476,TRUE,TRUE,TRUE,FALSE,TRUE,TRUE,TRUE,"ok","ok","",""
"BaxterE_2016","Baxter 2016",100,"fourfold","Blautia",1,1,1,100,100,139104,TRUE,TRUE,FALSE,TRUE,TRUE,TRUE,TRUE,"no_observed_zeros","ok","",""
"BaxterE_2016","Baxter 2016",100,"fourfold","Clostridium_IV",0.985,0.97,1,97,100,15584,TRUE,TRUE,FALSE,TRUE,TRUE,TRUE,TRUE,"structural_absence_boundary_at_zero","ok","",""
"BaxterE_2016","Baxter 2016",100,"fourfold","Clostridium_sensu_stricto",0.735,0.68,0.79,68,79,9989,TRUE,TRUE,TRUE,FALSE,TRUE,TRUE,TRUE,"ok","ok","",""
"BaxterE_2016","Baxter 2016",100,"fourfold","Clostridium_XI",0.81,0.75,0.87,75,87,9922,TRUE,TRUE,TRUE,FALSE,TRUE,TRUE,TRUE,"ok","ok","",""
"BaxterE_2016","Baxter 2016",100,"fourfold","Clostridium_XlVa",0.995,0.99,1,99,100,14560,TRUE,TRUE,TRUE,FALSE,TRUE,TRUE,TRUE,"ok","ok","",""
"BaxterE_2016","Baxter 2016",100,"fourfold","Clostridium_XVIII",0.86,0.82,0.9,82,90,5094,TRUE,TRUE,TRUE,FALSE,TRUE,TRUE,TRUE,"ok","ok","",""
"BaxterE_2016","Baxter 2016",100,"fourfold","Collinsella",0.605,0.59,0.62,59,62,8912,TRUE,TRUE,TRUE,FALSE,TRUE,TRUE,TRUE,"ok","ok","",""
"BaxterE_2016","Baxter 2016",100,"fourfold","Coprococcus",0.865,0.83,0.9,83,90,10416,TRUE,TRUE,TRUE,FALSE,TRUE,TRUE,TRUE,"ok","ok","",""
"BaxterE_2016","Baxter 2016",100,"fourfold","Dorea",0.94,0.93,0.95,93,95,15875,TRUE,TRUE,TRUE,FALSE,TRUE,TRUE,TRUE,"ok","ok","",""
"BaxterE_2016","Baxter 2016",100,"fourfold","Escherichia/Shigella",0.7,0.62,0.78,62,78,6550,TRUE,TRUE,TRUE,FALSE,TRUE,TRUE,TRUE,"ok","ok","",""
"BaxterE_2016","Baxter 2016",100,"fourfold","Faecalibacterium",0.99,0.98,1,98,100,44539,TRUE,TRUE,TRUE,FALSE,TRUE,TRUE,TRUE,"ok","ok","",""
"BaxterE_2016","Baxter 2016",100,"fourfold","Gemmiger",0.76,0.72,0.8,72,80,8403,TRUE,TRUE,TRUE,FALSE,TRUE,TRUE,TRUE,"ok","ok","",""
"BaxterE_2016","Baxter 2016",100,"fourfold","Lachnospiracea_incertae_sedis",0.995,0.99,1,99,100,34728,TRUE,TRUE,TRUE,FALSE,TRUE,TRUE,TRUE,"ok","ok","",""
"BaxterE_2016","Baxter 2016",100,"fourfold","Methanobrevibacter",0.435,0.42,0.45,42,45,4921,TRUE,TRUE,TRUE,FALSE,TRUE,TRUE,TRUE,"ok","ok","",""
"BaxterE_2016","Baxter 2016",100,"fourfold","Oscillibacter",0.885,0.84,0.93,84,93,8983,TRUE,TRUE,TRUE,FALSE,TRUE,TRUE,TRUE,"ok","ok","",""
"BaxterE_2016","Baxter 2016",100,"fourfold","Parabacteroides",0.69,0.64,0.74,64,74,5432,TRUE,TRUE,TRUE,FALSE,TRUE,TRUE,TRUE,"ok","ok","",""
"BaxterE_2016","Baxter 2016",100,"fourfold","Phascolarctobacterium",0.645,0.59,0.7,59,70,7693,TRUE,TRUE,TRUE,FALSE,TRUE,TRUE,TRUE,"ok","ok","",""
"BaxterE_2016","Baxter 2016",100,"fourfold","Prevotella",0.335,0.3,0.37,30,37,14888,TRUE,TRUE,TRUE,FALSE,TRUE,TRUE,TRUE,"ok","ok","",""
"BaxterE_2016","Baxter 2016",100,"fourfold","Roseburia",0.975,0.97,0.98,97,98,36398,TRUE,TRUE,TRUE,FALSE,TRUE,TRUE,TRUE,"ok","ok","",""
"BaxterE_2016","Baxter 2016",100,"fourfold","Ruminococcus",0.875,0.87,0.88,87,88,25150,TRUE,TRUE,TRUE,FALSE,TRUE,TRUE,TRUE,"ok","ok","",""
"BaxterE_2016","Baxter 2016",100,"fourfold","Ruminococcus2",0.985,0.98,0.99,98,99,19561,TRUE,TRUE,TRUE,FALSE,TRUE,TRUE,TRUE,"ok","ok","",""
"BaxterE_2016","Baxter 2016",100,"fourfold","Streptococcus",0.79,0.65,0.93,65,93,6002,TRUE,TRUE,TRUE,FALSE,TRUE,TRUE,TRUE,"ok","ok","",""
"BaxterE_2016","Baxter 2016",100,"fourfold","Unclassified_Clostridiales",0.92,0.92,0.92,92,92,10538,TRUE,TRUE,TRUE,FALSE,TRUE,TRUE,TRUE,"ok","ok","",""
"BaxterE_2016","Baxter 2016",100,"fourfold","Unclassified_Lachnospiraceae",1,1,1,100,100,37603,TRUE,TRUE,FALSE,TRUE,TRUE,TRUE,TRUE,"no_observed_zeros","ok","",""
"BaxterE_2016","Baxter 2016",100,"fourfold","Unclassified_Ruminococcaceae",0.975,0.97,0.98,97,98,24584,TRUE,TRUE,TRUE,FALSE,TRUE,TRUE,TRUE,"ok","ok","",""
