"dataset","taxon","method","family","component","reference_group","comparison_group","model_formula","available","reason","p_value","p_value_unfiltered","p_for_bh","q_value","native_q_value","significant","estimate","statistic","effect_definition","components_used","sensitivity_passed"
"cdi_schubert","Acidaminococcus","DASRA structural absence","DASRA","structural absence","H","CDI","age_z + sex + antibiotics_3mo + group",TRUE,"Available",0.65773539019147,0.65773539019147,0.65773539019147,0.837279955510576,0.837279955510576,FALSE,,0.44304195262091,"score z; positive values indicate greater structural absence in the comparison group",,
"cdi_schubert","Actinomyces","DASRA structural absence","DASRA","structural absence","H","CDI","age_z + sex + antibiotics_3mo + group",TRUE,"Available",0.218830513955944,0.218830513955944,0.218830513955944,0.400335984087822,0.400335984087822,FALSE,,-1.22964381769413,"score z; positive values indicate greater structural absence in the comparison group",,
"cdi_schubert","Akkermansia","DASRA structural absence","DASRA","structural absence","H","CDI","age_z + sex + antibiotics_3mo + group",TRUE,"Available",0.38121040924791,0.38121040924791,0.38121040924791,0.559108600230268,0.559108600230268,FALSE,,0.875668252317837,"score z; positive values indicate greater structural absence in the comparison group",,
"cdi_schubert","Alistipes","DASRA structural absence","DASRA","structural absence","H","CDI","age_z + sex + antibiotics_3mo + group",TRUE,"Available",0.000230370900022241,0.000230370900022241,0.000230370900022241,0.00182778098557347,0.00182778098557347,TRUE,,3.68314846190032,"score z; positive values indicate greater structural absence in the comparison group",,
"cdi_schubert","Anaerococcus","DASRA structural absence","DASRA","structural absence","H","CDI","age_z + sex + antibiotics_3mo + group",TRUE,"Available",0.725993466199574,0.725993466199574,0.725993466199574,0.890166829164527,0.890166829164527,FALSE,,-0.350460050816964,"score z; positive values indicate greater structural absence in the comparison group",,
"cdi_schubert","Anaerofilum","DASRA structural absence","DASRA","structural absence","H","CDI","age_z + sex + antibiotics_3mo + group",TRUE,"Available",0.0794242485877522,0.0794242485877522,0.0794242485877522,0.170471557944444,0.170471557944444,FALSE,,1.75403652625168,"score z; positive values indicate greater structural absence in the comparison group",,
"cdi_schubert","Anaerostipes","DASRA structural absence","DASRA","structural absence","H","CDI","age_z + sex + antibiotics_3mo + group",TRUE,"Available",0.00533213881180295,0.00533213881180295,0.00533213881180295,0.0195511756432775,0.0195511756432775,TRUE,,2.7862520817487,"score z; positive values indicate greater structural absence in the comparison group",,
"cdi_schubert","Anaerovorax","DASRA structural absence","DASRA","structural absence","H","CDI","age_z + sex + antibiotics_3mo + group",TRUE,"Available",0.00823152752350219,0.00823152752350219,0.00823152752350219,0.026182310359112,0.026182310359112,TRUE,,2.64242260733655,"score z; positive values indicate greater structural absence in the comparison group",,
"cdi_schubert","Arthrobacter","DASRA structural absence","DASRA","structural absence","H","CDI","age_z + sex + antibiotics_3mo + group",TRUE,"Available",0.850883357210943,0.850883357210943,0.850883357210943,0.994970409420669,0.994970409420669,FALSE,,0.18799144539471,"score z; positive values indicate greater structural absence in the comparison group",,
"cdi_schubert","Bacteroides","DASRA structural absence","DASRA","structural absence","H","CDI","age_z + sex + antibiotics_3mo + group",TRUE,"Available",0.0343960354400564,0.0343960354400564,0.0343960354400564,0.0913223636604925,0.0913223636604925,FALSE,,2.11539805493987,"score z; positive values indicate greater structural absence in the comparison group",,
"cdi_schubert","Barnesiella","DASRA structural absence","DASRA","structural absence","H","CDI","age_z + sex + antibiotics_3mo + group",TRUE,"Available",0.000665355897665135,0.000665355897665135,0.000665355897665135,0.00418223707103799,0.00418223707103799,TRUE,,3.40347053284833,"score z; positive values indicate greater structural absence in the comparison group",,
"cdi_schubert","Bifidobacterium","DASRA structural absence","DASRA","structural absence","H","CDI","age_z + sex + antibiotics_3mo + group",TRUE,"Available",0.227463627322626,0.227463627322626,0.227463627322626,0.400335984087822,0.400335984087822,FALSE,,-1.20691825330634,"score z; positive values indicate greater structural absence in the comparison group",,
"cdi_schubert","Bilophila","DASRA structural absence","DASRA","structural absence","H","CDI","age_z + sex + antibiotics_3mo + group",TRUE,"Available",0.0401069682210718,0.0401069682210718,0.0401069682210718,0.0980392556515089,0.0980392556515089,FALSE,,2.05264553182315,"score z; positive values indicate greater structural absence in the comparison group",,
"cdi_schubert","Blautia","DASRA structural absence","DASRA","structural absence","H","CDI","age_z + sex + antibiotics_3mo + group",TRUE,"Available",0.00326709063286132,0.00326709063286132,0.00326709063286132,0.015097058486261,0.015097058486261,TRUE,,2.94142204560895,"score z; positive values indicate greater structural absence in the comparison group",,
"cdi_schubert","Buttiauxella","DASRA structural absence","DASRA","structural absence","H","CDI","age_z + sex + antibiotics_3mo + group",TRUE,"Available",0.0352836405051903,0.0352836405051903,0.0352836405051903,0.0913223636604925,0.0913223636604925,FALSE,,-2.10508809313493,"score z; positive values indicate greater structural absence in the comparison group",,
"cdi_schubert","Butyricicoccus","DASRA structural absence","DASRA","structural absence","H","CDI","age_z + sex + antibiotics_3mo + group",TRUE,"Available",0.00419445086225518,0.00419445086225518,0.00419445086225518,0.0169418070113905,0.0169418070113905,TRUE,,2.86315517637644,"score z; positive values indicate greater structural absence in the comparison group",,
"cdi_schubert","Butyricimonas","DASRA structural absence","DASRA","structural absence","H","CDI","age_z + sex + antibiotics_3mo + group",TRUE,"Available",0.00170344540074422,0.00170344540074422,0.00170344540074422,0.00881783501561713,0.00881783501561713,TRUE,,3.13758729634388,"score z; positive values indicate greater structural absence in the comparison group",,
"cdi_schubert","Citrobacter","DASRA structural absence","DASRA","structural absence","H","CDI","age_z + sex + antibiotics_3mo + group",FALSE,"Conditional-present fit retained a non-negligible gradient",1,1,1,1,1,FALSE,,,"score z; positive values indicate greater structural absence in the comparison group",,
"cdi_schubert","Cloacibacillus","DASRA structural absence","DASRA","structural absence","H","CDI","age_z + sex + antibiotics_3mo + group",FALSE,"Positive-count model design was rank deficient",1,1,1,1,1,FALSE,,,"score z; positive values indicate greater structural absence in the comparison group",,
"cdi_schubert","Clostridium_IV","DASRA structural absence","DASRA","structural absence","H","CDI","age_z + sex + antibiotics_3mo + group",TRUE,"Available",0.000198713406637968,0.000198713406637968,0.000198713406637968,0.00174867797841412,0.00174867797841412,TRUE,,3.72064652747201,"score z; positive values indicate greater structural absence in the comparison group",,
"cdi_schubert","Clostridium_sensu_stricto","DASRA structural absence","DASRA","structural absence","H","CDI","age_z + sex + antibiotics_3mo + group",TRUE,"Available",0.08881425449716,0.08881425449716,0.08881425449716,0.186087009422621,0.186087009422621,FALSE,,-1.70168595591286,"score z; positive values indicate greater structural absence in the comparison group",,
"cdi_schubert","Clostridium_XI","DASRA structural absence","DASRA","structural absence","H","CDI","age_z + sex + antibiotics_3mo + group",TRUE,"Available",0.448751371740045,0.448751371740045,0.448751371740045,0.636937430856839,0.636937430856839,FALSE,,-0.757498320446241,"score z; positive values indicate greater structural absence in the comparison group",,
"cdi_schubert","Clostridium_XlVa","DASRA structural absence","DASRA","structural absence","H","CDI","age_z + sex + antibiotics_3mo + group",TRUE,"Available",0.00157213402491521,0.00157213402491521,0.00157213402491521,0.00864673713703364,0.00864673713703364,TRUE,,3.16102796782174,"score z; positive values indicate greater structural absence in the comparison group",,
"cdi_schubert","Clostridium_XlVb","DASRA structural absence","DASRA","structural absence","H","CDI","age_z + sex + antibiotics_3mo + group",TRUE,"Available",1.35759177855992e-08,1.35759177855992e-08,1.35759177855992e-08,5.97340382566364e-07,5.97340382566364e-07,TRUE,,5.6786534922324,"score z; positive values indicate greater structural absence in the comparison group",,
"cdi_schubert","Clostridium_XVIII","DASRA structural absence","DASRA","structural absence","H","CDI","age_z + sex + antibiotics_3mo + group",TRUE,"Available",0.214375498563419,0.214375498563419,0.214375498563419,0.400335984087822,0.400335984087822,FALSE,,1.24162352310577,"score z; positive values indicate greater structural absence in the comparison group",,
"cdi_schubert","Coprobacillus","DASRA structural absence","DASRA","structural absence","H","CDI","age_z + sex + antibiotics_3mo + group",TRUE,"Available",0.381087804348956,0.381087804348956,0.381087804348956,0.559108600230268,0.559108600230268,FALSE,,0.875893737514535,"score z; positive values indicate greater structural absence in the comparison group",,
"cdi_schubert","Coprococcus","DASRA structural absence","DASRA","structural absence","H","CDI","age_z + sex + antibiotics_3mo + group",TRUE,"Available",0.000113190961648813,0.000113190961648813,0.000113190961648813,0.00110675606945506,0.00110675606945506,TRUE,,3.8604228807943,"score z; positive values indicate greater structural absence in the comparison group",,
"cdi_schubert","Desulfovibrio","DASRA structural absence","DASRA","structural absence","H","CDI","age_z + sex + antibiotics_3mo + group",TRUE,"Available",0.883740316728271,0.883740316728271,0.883740316728271,0.994970409420669,0.994970409420669,FALSE,,0.146229375221712,"score z; positive values indicate greater structural absence in the comparison group",,
"cdi_schubert","Dialister","DASRA structural absence","DASRA","structural absence","H","CDI","age_z + sex + antibiotics_3mo + group",TRUE,"Available",0.0201501242541165,0.0201501242541165,0.0201501242541165,0.0591070311454085,0.0591070311454085,FALSE,,2.32354069269671,"score z; positive values indicate greater structural absence in the comparison group",,
"cdi_schubert","Dorea","DASRA structural absence","DASRA","structural absence","H","CDI","age_z + sex + antibiotics_3mo + group",TRUE,"Available",0.00149045537676998,0.00149045537676998,0.00149045537676998,0.00864673713703364,0.00864673713703364,TRUE,,3.17653551734675,"score z; positive values indicate greater structural absence in the comparison group",,
"cdi_schubert","Enterococcus","DASRA structural absence","DASRA","structural absence","H","CDI","age_z + sex + antibiotics_3mo + group",TRUE,"Available",0.126042016604945,0.126042016604945,0.126042016604945,0.25208403320989,0.25208403320989,FALSE,,-1.52989784610946,"score z; positive values indicate greater structural absence in the comparison group",,
"cdi_schubert","Erysipelotrichaceae_incertae_sedis","DASRA structural absence","DASRA","structural absence","H","CDI","age_z + sex + antibiotics_3mo + group",TRUE,"Available",0.0571637791842884,0.0571637791842884,0.0571637791842884,0.130998093454525,0.130998093454525,FALSE,,1.90205641859497,"score z; positive values indicate greater structural absence in the comparison group",,
"cdi_schubert","Ethanoligenens","DASRA structural absence","DASRA","structural absence","H","CDI","age_z + sex + antibiotics_3mo + group",TRUE,"Available",0.257860392686889,0.257860392686889,0.257860392686889,0.430108559706154,0.430108559706154,FALSE,,1.13146270375058,"score z; positive values indicate greater structural absence in the comparison group",,
"cdi_schubert","Eubacterium","DASRA structural absence","DASRA","structural absence","H","CDI","age_z + sex + antibiotics_3mo + group",TRUE,"Available",0.326457582792788,0.326457582792788,0.326457582792788,0.504004689223953,0.504004689223953,FALSE,,0.981274117374644,"score z; positive values indicate greater structural absence in the comparison group",,
"cdi_schubert","Faecalibacterium","DASRA structural absence","DASRA","structural absence","H","CDI","age_z + sex + antibiotics_3mo + group",TRUE,"Available",5.34142030080232e-09,5.34142030080232e-09,5.34142030080232e-09,4.70044986470604e-07,4.70044986470604e-07,TRUE,,5.83617060823232,"score z; positive values indicate greater structural absence in the comparison group",,
"cdi_schubert","Finegoldia","DASRA structural absence","DASRA","structural absence","H","CDI","age_z + sex + antibiotics_3mo + group",TRUE,"Available",0.25904265527757,0.25904265527757,0.25904265527757,0.430108559706154,0.430108559706154,FALSE,,1.12865676314481,"score z; positive values indicate greater structural absence in the comparison group",,
"cdi_schubert","Flavonifractor","DASRA structural absence","DASRA","structural absence","H","CDI","age_z + sex + antibiotics_3mo + group",TRUE,"Available",0.0416479044829784,0.0416479044829784,0.0416479044829784,0.0990544755270837,0.0990544755270837,FALSE,,2.03702133065553,"score z; positive values indicate greater structural absence in the comparison group",,
"cdi_schubert","Fusobacterium","DASRA structural absence","DASRA","structural absence","H","CDI","age_z + sex + antibiotics_3mo + group",TRUE,"Available",0.0325517235191166,0.0325517235191166,0.0325517235191166,0.0895172396775706,0.0895172396775706,FALSE,,-2.13756920280686,"score z; positive values indicate greater structural absence in the comparison group",,
"cdi_schubert","Gemella","DASRA structural absence","DASRA","structural absence","H","CDI","age_z + sex + antibiotics_3mo + group",TRUE,"Available",0.239346724389162,0.239346724389162,0.239346724389162,0.412990426396986,0.412990426396986,FALSE,,1.17662121969681,"score z; positive values indicate greater structural absence in the comparison group",,
"cdi_schubert","Gemmiger","DASRA structural absence","DASRA","structural absence","H","CDI","age_z + sex + antibiotics_3mo + group",TRUE,"Available",4.49989556934878e-08,4.49989556934878e-08,4.49989556934878e-08,1.31996936700898e-06,1.31996936700898e-06,TRUE,,5.47001812542194,"score z; positive values indicate greater structural absence in the comparison group",,
"cdi_schubert","Haemophilus","DASRA structural absence","DASRA","structural absence","H","CDI","age_z + sex + antibiotics_3mo + group",TRUE,"Available",0.279227282321301,0.279227282321301,0.279227282321301,0.455037052671749,0.455037052671749,FALSE,,1.08205681707875,"score z; positive values indicate greater structural absence in the comparison group",,
"cdi_schubert","Hespellia","DASRA structural absence","DASRA","structural absence","H","CDI","age_z + sex + antibiotics_3mo + group",FALSE,"Positive-count model design was rank deficient",1,1,1,1,1,FALSE,,,"score z; positive values indicate greater structural absence in the comparison group",,
"cdi_schubert","Howardella","DASRA structural absence","DASRA","structural absence","H","CDI","age_z + sex + antibiotics_3mo + group",TRUE,"Available",0.583071148275208,0.583071148275208,0.583071148275208,0.765824791764453,0.765824791764453,FALSE,,0.548904269122448,"score z; positive values indicate greater structural absence in the comparison group",,
"cdi_schubert","Kluyvera","DASRA structural absence","DASRA","structural absence","H","CDI","age_z + sex + antibiotics_3mo + group",TRUE,"Available",0.03710373123739,0.03710373123739,0.03710373123739,0.0932893813968663,0.0932893813968663,FALSE,,-2.08462084037096,"score z; positive values indicate greater structural absence in the comparison group",,
"cdi_schubert","Lachnospiracea_incertae_sedis","DASRA structural absence","DASRA","structural absence","H","CDI","age_z + sex + antibiotics_3mo + group",TRUE,"Available",0.00024924286166911,0.00024924286166911,0.00024924286166911,0.00182778098557347,0.00182778098557347,TRUE,,3.66303664937895,"score z; positive values indicate greater structural absence in the comparison group",,
"cdi_schubert","Lactobacillus","DASRA structural absence","DASRA","structural absence","H","CDI","age_z + sex + antibiotics_3mo + group",TRUE,"Available",0.738433846920573,0.738433846920573,0.738433846920573,0.890166829164527,0.890166829164527,FALSE,,-0.33392805764358,"score z; positive values indicate greater structural absence in the comparison group",,
"cdi_schubert","Lactococcus","DASRA structural absence","DASRA","structural absence","H","CDI","age_z + sex + antibiotics_3mo + group",FALSE,"Structural-absence fit remained on a parameter boundary",1,1,1,1,1,FALSE,,,"score z; positive values indicate greater structural absence in the comparison group",,
"cdi_schubert","Lactonifactor","DASRA structural absence","DASRA","structural absence","H","CDI","age_z + sex + antibiotics_3mo + group",TRUE,"Available",0.621316444747311,0.621316444747311,0.621316444747311,0.804056575555344,0.804056575555344,FALSE,,0.493985464828423,"score z; positive values indicate greater structural absence in the comparison group",,
"cdi_schubert","Megasphaera","DASRA structural absence","DASRA","structural absence","H","CDI","age_z + sex + antibiotics_3mo + group",TRUE,"Available",0.0580559732355282,0.0580559732355282,0.0580559732355282,0.130998093454525,0.130998093454525,FALSE,,1.89527503933039,"score z; positive values indicate greater structural absence in the comparison group",,
"cdi_schubert","Methanobrevibacter","DASRA structural absence","DASRA","structural absence","H","CDI","age_z + sex + antibiotics_3mo + group",TRUE,"Available",0.510926645811091,0.510926645811091,0.510926645811091,0.691716074328861,0.691716074328861,FALSE,,0.657395497732684,"score z; positive values indicate greater structural absence in the comparison group",,
"cdi_schubert","Odoribacter","DASRA structural absence","DASRA","structural absence","H","CDI","age_z + sex + antibiotics_3mo + group",TRUE,"Available",5.49359905984813e-07,5.49359905984813e-07,5.49359905984813e-07,1.20859179316659e-05,1.20859179316659e-05,TRUE,,5.00821905421322,"score z; positive values indicate greater structural absence in the comparison group",,
"cdi_schubert","Oscillibacter","DASRA structural absence","DASRA","structural absence","H","CDI","age_z + sex + antibiotics_3mo + group",TRUE,"Available",4.70269457025931e-05,4.70269457025931e-05,4.70269457025931e-05,0.000636984905258166,0.000636984905258166,TRUE,,4.06993158497424,"score z; positive values indicate greater structural absence in the comparison group",,
"cdi_schubert","Pandoraea","DASRA structural absence","DASRA","structural absence","H","CDI","age_z + sex + antibiotics_3mo + group",TRUE,"Available",0.989274422723056,0.989274422723056,0.989274422723056,1,1,FALSE,,0.013442922504362,"score z; positive values indicate greater structural absence in the comparison group",,
"cdi_schubert","Parabacteroides","DASRA structural absence","DASRA","structural absence","H","CDI","age_z + sex + antibiotics_3mo + group",TRUE,"Available",0.00438926795634634,0.00438926795634634,0.00438926795634634,0.0169418070113905,0.0169418070113905,TRUE,,2.84874039544392,"score z; positive values indicate greater structural absence in the comparison group",,
"cdi_schubert","Paraprevotella","DASRA structural absence","DASRA","structural absence","H","CDI","age_z + sex + antibiotics_3mo + group",TRUE,"Available",0.864401575615893,0.864401575615893,0.864401575615893,0.994970409420669,0.994970409420669,FALSE,,0.170773870417675,"score z; positive values indicate greater structural absence in the comparison group",,
"cdi_schubert","Parasutterella","DASRA structural absence","DASRA","structural absence","H","CDI","age_z + sex + antibiotics_3mo + group",TRUE,"Available",0.00442797228706797,0.00442797228706797,0.00442797228706797,0.0169418070113905,0.0169418070113905,TRUE,,2.8459458577173,"score z; positive values indicate greater structural absence in the comparison group",,
"cdi_schubert","Prevotella","DASRA structural absence","DASRA","structural absence","H","CDI","age_z + sex + antibiotics_3mo + group",TRUE,"Available",0.666018146428867,0.666018146428867,0.666018146428867,0.837279955510576,0.837279955510576,FALSE,,0.431619275799917,"score z; positive values indicate greater structural absence in the comparison group",,
"cdi_schubert","Proteus","DASRA structural absence","DASRA","structural absence","H","CDI","age_z + sex + antibiotics_3mo + group",FALSE,"Structural-absence inference derivative was unstable",1,1,1,1,1,FALSE,,,"score z; positive values indicate greater structural absence in the comparison group",,
"cdi_schubert","Raoultella","DASRA structural absence","DASRA","structural absence","H","CDI","age_z + sex + antibiotics_3mo + group",TRUE,"Available",0.0177228687665571,0.0177228687665571,0.0177228687665571,0.0537797397054145,0.0537797397054145,FALSE,,-2.37135772059741,"score z; positive values indicate greater structural absence in the comparison group",,
"cdi_schubert","Roseburia","DASRA structural absence","DASRA","structural absence","H","CDI","age_z + sex + antibiotics_3mo + group",TRUE,"Available",0.00198025977684618,0.00198025977684618,0.00198025977684618,0.00968127002013686,0.00968127002013686,TRUE,,3.09317701568166,"score z; positive values indicate greater structural absence in the comparison group",,
"cdi_schubert","Ruminococcus","DASRA structural absence","DASRA","structural absence","H","CDI","age_z + sex + antibiotics_3mo + group",TRUE,"Available",0.00833073511426291,0.00833073511426291,0.00833073511426291,0.026182310359112,0.026182310359112,TRUE,,2.63836301078459,"score z; positive values indicate greater structural absence in the comparison group",,
"cdi_schubert","Ruminococcus2","DASRA structural absence","DASRA","structural absence","H","CDI","age_z + sex + antibiotics_3mo + group",TRUE,"Available",7.34844925711783e-05,7.34844925711783e-05,7.34844925711783e-05,0.000808329418282962,0.000808329418282962,TRUE,,3.96471239308662,"score z; positive values indicate greater structural absence in the comparison group",,
"cdi_schubert","Sarcina","DASRA structural absence","DASRA","structural absence","H","CDI","age_z + sex + antibiotics_3mo + group",TRUE,"Available",0.933447693260091,0.933447693260091,0.933447693260091,1,1,FALSE,,0.0835079035005307,"score z; positive values indicate greater structural absence in the comparison group",,
"cdi_schubert","Serratia","DASRA structural absence","DASRA","structural absence","H","CDI","age_z + sex + antibiotics_3mo + group",TRUE,"Available",0.202030006975699,0.202030006975699,0.202030006975699,0.395080902530255,0.395080902530255,FALSE,,-1.27578931136612,"score z; positive values indicate greater structural absence in the comparison group",,
"cdi_schubert","Sporobacter","DASRA structural absence","DASRA","structural absence","H","CDI","age_z + sex + antibiotics_3mo + group",TRUE,"Available",0.030325292739799,0.030325292739799,0.030325292739799,0.0860847019710423,0.0860847019710423,FALSE,,2.16581544350549,"score z; positive values indicate greater structural absence in the comparison group",,
"cdi_schubert","Streptococcus","DASRA structural absence","DASRA","structural absence","H","CDI","age_z + sex + antibiotics_3mo + group",FALSE,"Structural-absence fit remained on a parameter boundary",1,1,1,1,1,FALSE,,,"score z; positive values indicate greater structural absence in the comparison group",,
"cdi_schubert","Sutterella","DASRA structural absence","DASRA","structural absence","H","CDI","age_z + sex + antibiotics_3mo + group",TRUE,"Available",0.361170655984797,0.361170655984797,0.361170655984797,0.547983064252795,0.547983064252795,FALSE,,0.913136689728653,"score z; positive values indicate greater structural absence in the comparison group",,
"cdi_schubert","Syntrophococcus","DASRA structural absence","DASRA","structural absence","H","CDI","age_z + sex + antibiotics_3mo + group",TRUE,"Available",5.06692538273541e-05,5.06692538273541e-05,5.06692538273541e-05,0.000636984905258166,0.000636984905258166,TRUE,,4.05251832499667,"score z; positive values indicate greater structural absence in the comparison group",,
"cdi_schubert","Tetragenococcus","DASRA structural absence","DASRA","structural absence","H","CDI","age_z + sex + antibiotics_3mo + group",TRUE,"Available",0.735975144942173,0.735975144942173,0.735975144942173,0.890166829164527,0.890166829164527,FALSE,,0.337188050190007,"score z; positive values indicate greater structural absence in the comparison group",,
"cdi_schubert","Turicibacter","DASRA structural absence","DASRA","structural absence","H","CDI","age_z + sex + antibiotics_3mo + group",TRUE,"Available",0.208405789204619,0.208405789204619,0.208405789204619,0.398689335869705,0.398689335869705,FALSE,,1.25796119855348,"score z; positive values indicate greater structural absence in the comparison group",,
"cdi_schubert","Unclassified_Acidaminococcaceae","DASRA structural absence","DASRA","structural absence","H","CDI","age_z + sex + antibiotics_3mo + group",TRUE,"Available",0.00801577837120921,0.00801577837120921,0.00801577837120921,0.026182310359112,0.026182310359112,TRUE,,2.65140447583341,"score z; positive values indicate greater structural absence in the comparison group",,
"cdi_schubert","Unclassified_Actinobacteria","DASRA structural absence","DASRA","structural absence","H","CDI","age_z + sex + antibiotics_3mo + group",TRUE,"Available",1.1962508879351e-05,1.1962508879351e-05,1.1962508879351e-05,0.000210540156276577,0.000210540156276577,TRUE,,4.37827001110144,"score z; positive values indicate greater structural absence in the comparison group",,
"cdi_schubert","Unclassified_Clostridia","DASRA structural absence","DASRA","structural absence","H","CDI","age_z + sex + antibiotics_3mo + group",TRUE,"Available",0.427989967930684,0.427989967930684,0.427989967930684,0.61742815045738,0.61742815045738,FALSE,,0.792635931431069,"score z; positive values indicate greater structural absence in the comparison group",,
"cdi_schubert","Unclassified_Clostridiaceae_1","DASRA structural absence","DASRA","structural absence","H","CDI","age_z + sex + antibiotics_3mo + group",FALSE,"Conditional-present fit retained a non-negligible gradient",1,1,1,1,1,FALSE,,,"score z; positive values indicate greater structural absence in the comparison group",,
"cdi_schubert","Unclassified_Clostridiales","DASRA structural absence","DASRA","structural absence","H","CDI","age_z + sex + antibiotics_3mo + group",TRUE,"Available",0.0034311496559684,0.0034311496559684,0.0034311496559684,0.015097058486261,0.015097058486261,TRUE,,2.92621387332299,"score z; positive values indicate greater structural absence in the comparison group",,
"cdi_schubert","Unclassified_Enterobacteriaceae","DASRA structural absence","DASRA","structural absence","H","CDI","age_z + sex + antibiotics_3mo + group",TRUE,"Available",0.312409434348816,0.312409434348816,0.312409434348816,0.495399783563111,0.495399783563111,FALSE,,-1.01017921743118,"score z; positive values indicate greater structural absence in the comparison group",,
"cdi_schubert","Unclassified_Eubacteriaceae","DASRA structural absence","DASRA","structural absence","H","CDI","age_z + sex + antibiotics_3mo + group",TRUE,"Available",0.486819907128761,0.486819907128761,0.486819907128761,0.674035895362627,0.674035895362627,FALSE,,-0.695375664686171,"score z; positive values indicate greater structural absence in the comparison group",,
"cdi_schubert","Unclassified_Firmicutes","DASRA structural absence","DASRA","structural absence","H","CDI","age_z + sex + antibiotics_3mo + group",TRUE,"Available",0.31525440772198,0.31525440772198,0.31525440772198,0.495399783563111,0.495399783563111,FALSE,,-1.00425771881723,"score z; positive values indicate greater structural absence in the comparison group",,
"cdi_schubert","Unclassified_Lachnospiraceae","DASRA structural absence","DASRA","structural absence","H","CDI","age_z + sex + antibiotics_3mo + group",TRUE,"Available",0.000283130800279728,0.000283130800279728,0.000283130800279728,0.00191657772497046,0.00191657772497046,TRUE,,3.63026461942558,"score z; positive values indicate greater structural absence in the comparison group",,
"cdi_schubert","Unclassified_Pasteurellaceae","DASRA structural absence","DASRA","structural absence","H","CDI","age_z + sex + antibiotics_3mo + group",TRUE,"Available",0.893212072093555,0.893212072093555,0.893212072093555,0.994970409420669,0.994970409420669,FALSE,,0.13424091640105,"score z; positive values indicate greater structural absence in the comparison group",,
"cdi_schubert","Unclassified_Prevotellaceae","DASRA structural absence","DASRA","structural absence","H","CDI","age_z + sex + antibiotics_3mo + group",TRUE,"Available",0.226953384623168,0.226953384623168,0.226953384623168,0.400335984087822,0.400335984087822,FALSE,,1.20824409656805,"score z; positive values indicate greater structural absence in the comparison group",,
"cdi_schubert","Unclassified_Proteobacteria","DASRA structural absence","DASRA","structural absence","H","CDI","age_z + sex + antibiotics_3mo + group",TRUE,"Available",0.764291954325167,0.764291954325167,0.764291954325167,0.908887729467766,0.908887729467766,FALSE,,-0.299849502124443,"score z; positive values indicate greater structural absence in the comparison group",,
"cdi_schubert","Unclassified_Ruminococcaceae","DASRA structural absence","DASRA","structural absence","H","CDI","age_z + sex + antibiotics_3mo + group",TRUE,"Available",0.00578530586735629,0.00578530586735629,0.00578530586735629,0.0203642766530941,0.0203642766530941,TRUE,,2.75970792640128,"score z; positive values indicate greater structural absence in the comparison group",,
"cdi_schubert","Unclassified_Selenomonadales","DASRA structural absence","DASRA","structural absence","H","CDI","age_z + sex + antibiotics_3mo + group",TRUE,"Available",0.104343731478254,0.104343731478254,0.104343731478254,0.21354065976945,0.21354065976945,FALSE,,1.6241503164741,"score z; positive values indicate greater structural absence in the comparison group",,
"cdi_schubert","Unclassified_Sphingomonadaceae","DASRA structural absence","DASRA","structural absence","H","CDI","age_z + sex + antibiotics_3mo + group",TRUE,"Available",0.888522243887966,0.888522243887966,0.888522243887966,0.994970409420669,0.994970409420669,FALSE,,-0.140174341950354,"score z; positive values indicate greater structural absence in the comparison group",,
"cdi_schubert","Unclassified_Veillonellaceae","DASRA structural absence","DASRA","structural absence","H","CDI","age_z + sex + antibiotics_3mo + group",TRUE,"Available",0.559436766187065,0.559436766187065,0.559436766187065,0.74591568824942,0.74591568824942,FALSE,,0.583678304909622,"score z; positive values indicate greater structural absence in the comparison group",,
"cdi_schubert","Veillonella","DASRA structural absence","DASRA","structural absence","H","CDI","age_z + sex + antibiotics_3mo + group",TRUE,"Available",0.0716235888430462,0.0716235888430462,0.0716235888430462,0.157571895454702,0.157571895454702,FALSE,,1.80150329233638,"score z; positive values indicate greater structural absence in the comparison group",,
"cdi_schubert","Yersinia","DASRA structural absence","DASRA","structural absence","H","CDI","age_z + sex + antibiotics_3mo + group",TRUE,"Available",0.490207923900092,0.490207923900092,0.490207923900092,0.674035895362627,0.674035895362627,FALSE,,0.689978156703293,"score z; positive values indicate greater structural absence in the comparison group",,
"cdi_schubert","Acidaminococcus","DASRA present-conditional abundance","DASRA","present-conditional abundance","H","CDI","age_z + sex + antibiotics_3mo + group",TRUE,"Available",0.8577811422417,0.8577811422417,0.8577811422417,1,1,FALSE,-0.122377804144462,-0.179199390562341,"comparison-minus-reference present-conditional log-relative abundance contrast against the shared compositional background",,
"cdi_schubert","Actinomyces","DASRA present-conditional abundance","DASRA","present-conditional abundance","H","CDI","age_z + sex + antibiotics_3mo + group",TRUE,"Available",0.76069470605601,0.76069470605601,0.76069470605601,0.970161364245347,0.970161364245347,FALSE,0.377604004616921,0.304568641941961,"comparison-minus-reference present-conditional log-relative abundance contrast against the shared compositional background",,
"cdi_schubert","Akkermansia","DASRA present-conditional abundance","DASRA","present-conditional abundance","H","CDI","age_z + sex + antibiotics_3mo + group",TRUE,"Available",0.00685884108660476,0.00685884108660476,0.00685884108660476,0.0402385343747479,0.0402385343747479,TRUE,2.46703731490861,2.70362129022492,"comparison-minus-reference present-conditional log-relative abundance contrast against the shared compositional background",,
"cdi_schubert","Alistipes","DASRA present-conditional abundance","DASRA","present-conditional abundance","H","CDI","age_z + sex + antibiotics_3mo + group",TRUE,"Available",0.0901422900857871,0.0901422900857871,0.0901422900857871,0.218700453145515,0.218700453145515,FALSE,-1.03442002603888,-1.69464760763448,"comparison-minus-reference present-conditional log-relative abundance contrast against the shared compositional background",,
"cdi_schubert","Anaerococcus","DASRA present-conditional abundance","DASRA","present-conditional abundance","H","CDI","age_z + sex + antibiotics_3mo + group",TRUE,"Available",0.129203063776336,0.129203063776336,0.129203063776336,0.264415572379479,0.264415572379479,FALSE,1.99157044682436,1.51725203272209,"comparison-minus-reference present-conditional log-relative abundance contrast against the shared compositional background",,
"cdi_schubert","Anaerofilum","DASRA present-conditional abundance","DASRA","present-conditional abundance","H","CDI","age_z + sex + antibiotics_3mo + group",TRUE,"Available",0.103746031712103,0.103746031712103,0.103746031712103,0.228241269766627,0.228241269766627,FALSE,1.56078245641406,1.62695793663865,"comparison-minus-reference present-conditional log-relative abundance contrast against the shared compositional background",,
"cdi_schubert","Anaerostipes","DASRA present-conditional abundance","DASRA","present-conditional abundance","H","CDI","age_z + sex + antibiotics_3mo + group",TRUE,"Available",0.0907115542746896,0.0907115542746896,0.0907115542746896,0.218700453145515,0.218700453145515,FALSE,-0.800332695977253,-1.69165614737883,"comparison-minus-reference present-conditional log-relative abundance contrast against the shared compositional background",,
"cdi_schubert","Anaerovorax","DASRA present-conditional abundance","DASRA","present-conditional abundance","H","CDI","age_z + sex + antibiotics_3mo + group",TRUE,"Available",0.202345271973059,0.202345271973059,0.202345271973059,0.356127678672583,0.356127678672583,FALSE,0.998498915465113,1.27489821218658,"comparison-minus-reference present-conditional log-relative abundance contrast against the shared compositional background",,
"cdi_schubert","Arthrobacter","DASRA present-conditional abundance","DASRA","present-conditional abundance","H","CDI","age_z + sex + antibiotics_3mo + group",FALSE,"Conditional-present root refinement did not improve the objective",1,1,1,1,1,FALSE,,,"comparison-minus-reference present-conditional log-relative abundance contrast against the shared compositional background",,
"cdi_schubert","Bacteroides","DASRA present-conditional abundance","DASRA","present-conditional abundance","H","CDI","age_z + sex + antibiotics_3mo + group",TRUE,"Available",0.0454011519528571,0.0454011519528571,0.0454011519528571,0.142689334708979,0.142689334708979,FALSE,-1.00868415132712,-2.00091870034857,"comparison-minus-reference present-conditional log-relative abundance contrast against the shared compositional background",,
"cdi_schubert","Barnesiella","DASRA present-conditional abundance","DASRA","present-conditional abundance","H","CDI","age_z + sex + antibiotics_3mo + group",TRUE,"Available",0.177944432950646,0.177944432950646,0.177944432950646,0.326231460409518,0.326231460409518,FALSE,-1.35517985253689,-1.34711116450227,"comparison-minus-reference present-conditional log-relative abundance contrast against the shared compositional background",,
"cdi_schubert","Bifidobacterium","DASRA present-conditional abundance","DASRA","present-conditional abundance","H","CDI","age_z + sex + antibiotics_3mo + group",TRUE,"Available",0.464885978763045,0.464885978763045,0.464885978763045,0.681832768852466,0.681832768852466,FALSE,-0.853151677804493,-0.730825118666528,"comparison-minus-reference present-conditional log-relative abundance contrast against the shared compositional background",,
"cdi_schubert","Bilophila","DASRA present-conditional abundance","DASRA","present-conditional abundance","H","CDI","age_z + sex + antibiotics_3mo + group",TRUE,"Available",0.0762829319975643,0.0762829319975643,0.0762829319975643,0.197438176934872,0.197438176934872,FALSE,1.43491051456769,1.77267285279769,"comparison-minus-reference present-conditional log-relative abundance contrast against the shared compositional background",,
"cdi_schubert","Blautia","DASRA present-conditional abundance","DASRA","present-conditional abundance","H","CDI","age_z + sex + antibiotics_3mo + group",TRUE,"Available",0.0190100957315261,0.0190100957315261,0.0190100957315261,0.0796613535416332,0.0796613535416332,FALSE,0.888318212033048,2.34533293861816,"comparison-minus-reference present-conditional log-relative abundance contrast against the shared compositional background",,
"cdi_schubert","Buttiauxella","DASRA present-conditional abundance","DASRA","present-conditional abundance","H","CDI","age_z + sex + antibiotics_3mo + group",TRUE,"Available",0.917132597068686,0.917132597068686,0.917132597068686,1,1,FALSE,-0.117136107334244,-0.104046311062948,"comparison-minus-reference present-conditional log-relative abundance contrast against the shared compositional background",,
"cdi_schubert","Butyricicoccus","DASRA present-conditional abundance","DASRA","present-conditional abundance","H","CDI","age_z + sex + antibiotics_3mo + group",TRUE,"Available",0.108659886029346,0.108659886029346,0.108659886029346,0.233221218794694,0.233221218794694,FALSE,0.782250509021469,1.6042457858069,"comparison-minus-reference present-conditional log-relative abundance contrast against the shared compositional background",,
"cdi_schubert","Butyricimonas","DASRA present-conditional abundance","DASRA","present-conditional abundance","H","CDI","age_z + sex + antibiotics_3mo + group",TRUE,"Available",0.366164236338765,0.366164236338765,0.366164236338765,0.575400942818059,0.575400942818059,FALSE,-0.670227194407556,-0.903681641828108,"comparison-minus-reference present-conditional log-relative abundance contrast against the shared compositional background",,
"cdi_schubert","Citrobacter","DASRA present-conditional abundance","DASRA","present-conditional abundance","H","CDI","age_z + sex + antibiotics_3mo + group",FALSE,"Conditional-present fit retained a non-negligible gradient",1,1,1,1,1,FALSE,,,"comparison-minus-reference present-conditional log-relative abundance contrast against the shared compositional background",,
"cdi_schubert","Cloacibacillus","DASRA present-conditional abundance","DASRA","present-conditional abundance","H","CDI","age_z + sex + antibiotics_3mo + group",FALSE,"Positive-count model design was rank deficient",1,1,1,1,1,FALSE,,,"comparison-minus-reference present-conditional log-relative abundance contrast against the shared compositional background",,
"cdi_schubert","Clostridium_IV","DASRA present-conditional abundance","DASRA","present-conditional abundance","H","CDI","age_z + sex + antibiotics_3mo + group",TRUE,"Available",0.0995470041479934,0.0995470041479934,0.0995470041479934,0.225987578321339,0.225987578321339,FALSE,-0.815806444302554,-1.6470537217435,"comparison-minus-reference present-conditional log-relative abundance contrast against the shared compositional background",,
"cdi_schubert","Clostridium_sensu_stricto","DASRA present-conditional abundance","DASRA","present-conditional abundance","H","CDI","age_z + sex + antibiotics_3mo + group",TRUE,"Available",0.261167616603103,0.261167616603103,0.261167616603103,0.440627924284788,0.440627924284788,FALSE,0.624883731531045,1.12363567172246,"comparison-minus-reference present-conditional log-relative abundance contrast against the shared compositional background",,
"cdi_schubert","Clostridium_XI","DASRA present-conditional abundance","DASRA","present-conditional abundance","H","CDI","age_z + sex + antibiotics_3mo + group",TRUE,"Available",0.0175855839940632,0.0175855839940632,0.0175855839940632,0.0773765695738779,0.0773765695738779,FALSE,1.0523382705035,2.37423017668375,"comparison-minus-reference present-conditional log-relative abundance contrast against the shared compositional background",,
"cdi_schubert","Clostridium_XlVa","DASRA present-conditional abundance","DASRA","present-conditional abundance","H","CDI","age_z + sex + antibiotics_3mo + group",TRUE,"Available",0.285193081204305,0.285193081204305,0.285193081204305,0.456308929926889,0.456308929926889,FALSE,-0.41338322105884,-1.0687261577533,"comparison-minus-reference present-conditional log-relative abundance contrast against the shared compositional background",,
"cdi_schubert","Clostridium_XlVb","DASRA present-conditional abundance","DASRA","present-conditional abundance","H","CDI","age_z + sex + antibiotics_3mo + group",TRUE,"Available",1.33746861983951e-05,1.33746861983951e-05,1.33746861983951e-05,0.000244900823055787,0.000244900823055787,TRUE,2.40296152177556,4.35388340231944,"comparison-minus-reference present-conditional log-relative abundance contrast against the shared compositional background",,
"cdi_schubert","Clostridium_XVIII","DASRA present-conditional abundance","DASRA","present-conditional abundance","H","CDI","age_z + sex + antibiotics_3mo + group",TRUE,"Available",0.0645534322397871,0.0645534322397871,0.0645534322397871,0.172142485972766,0.172142485972766,FALSE,0.798431414303728,1.8483382042101,"comparison-minus-reference present-conditional log-relative abundance contrast against the shared compositional background",,
"cdi_schubert","Coprobacillus","DASRA present-conditional abundance","DASRA","present-conditional abundance","H","CDI","age_z + sex + antibiotics_3mo + group",TRUE,"Available",0.219744862014418,0.219744862014418,0.219744862014418,0.379167605044487,0.379167605044487,FALSE,1.23917154090681,1.22720683263355,"comparison-minus-reference present-conditional log-relative abundance contrast against the shared compositional background",,
"cdi_schubert","Coprococcus","DASRA present-conditional abundance","DASRA","present-conditional abundance","H","CDI","age_z + sex + antibiotics_3mo + group",TRUE,"Available",0.944666619917244,0.944666619917244,0.944666619917244,1,1,FALSE,-0.0381357307079937,-0.0694057904583959,"comparison-minus-reference present-conditional log-relative abundance contrast against the shared compositional background",,
"cdi_schubert","Desulfovibrio","DASRA present-conditional abundance","DASRA","present-conditional abundance","H","CDI","age_z + sex + antibiotics_3mo + group",TRUE,"Available",0.963579316881999,0.963579316881999,0.963579316881999,1,1,FALSE,-0.0223205722571516,-0.0456624202027329,"comparison-minus-reference present-conditional log-relative abundance contrast against the shared compositional background",,
"cdi_schubert","Dialister","DASRA present-conditional abundance","DASRA","present-conditional abundance","H","CDI","age_z + sex + antibiotics_3mo + group",TRUE,"Available",0.0351689567100282,0.0351689567100282,0.0351689567100282,0.119033391941634,0.119033391941634,FALSE,1.08220445041297,2.10640765744716,"comparison-minus-reference present-conditional log-relative abundance contrast against the shared compositional background",,
"cdi_schubert","Dorea","DASRA present-conditional abundance","DASRA","present-conditional abundance","H","CDI","age_z + sex + antibiotics_3mo + group",TRUE,"Available",0.402177415827233,0.402177415827233,0.402177415827233,0.62090548408415,0.62090548408415,FALSE,-0.489448803434033,-0.837738802287111,"comparison-minus-reference present-conditional log-relative abundance contrast against the shared compositional background",,
"cdi_schubert","Enterococcus","DASRA present-conditional abundance","DASRA","present-conditional abundance","H","CDI","age_z + sex + antibiotics_3mo + group",TRUE,"Available",1.39148194918061e-05,1.39148194918061e-05,1.39148194918061e-05,0.000244900823055787,0.000244900823055787,TRUE,4.66041020675657,4.34520099244501,"comparison-minus-reference present-conditional log-relative abundance contrast against the shared compositional background",,
"cdi_schubert","Erysipelotrichaceae_incertae_sedis","DASRA present-conditional abundance","DASRA","present-conditional abundance","H","CDI","age_z + sex + antibiotics_3mo + group",TRUE,"Available",3.34782389033851e-06,3.34782389033851e-06,3.34782389033851e-06,9.82028341165962e-05,9.82028341165962e-05,TRUE,2.02359647083633,4.64823807065257,"comparison-minus-reference present-conditional log-relative abundance contrast against the shared compositional background",,
"cdi_schubert","Ethanoligenens","DASRA present-conditional abundance","DASRA","present-conditional abundance","H","CDI","age_z + sex + antibiotics_3mo + group",TRUE,"Available",0.642767317177028,0.642767317177028,0.642767317177028,0.857023089569371,0.857023089569371,FALSE,-0.463291997278087,-0.463833113233115,"comparison-minus-reference present-conditional log-relative abundance contrast against the shared compositional background",,
"cdi_schubert","Eubacterium","DASRA present-conditional abundance","DASRA","present-conditional abundance","H","CDI","age_z + sex + antibiotics_3mo + group",TRUE,"Available",0.560385960038957,0.560385960038957,0.560385960038957,0.782761341006798,0.782761341006798,FALSE,-0.409296777515304,-0.582268321246873,"comparison-minus-reference present-conditional log-relative abundance contrast against the shared compositional background",,
"cdi_schubert","Faecalibacterium","DASRA present-conditional abundance","DASRA","present-conditional abundance","H","CDI","age_z + sex + antibiotics_3mo + group",TRUE,"Available",0.00862069161545616,0.00862069161545616,0.00862069161545616,0.0448517929442337,0.0448517929442337,TRUE,-1.33419298568561,-2.62674102445765,"comparison-minus-reference present-conditional log-relative abundance contrast against the shared compositional background",,
"cdi_schubert","Finegoldia","DASRA present-conditional abundance","DASRA","present-conditional abundance","H","CDI","age_z + sex + antibiotics_3mo + group",TRUE,"Available",0.0642250908871837,0.0642250908871837,0.0642250908871837,0.172142485972766,0.172142485972766,FALSE,2.67550410946995,1.85061409228564,"comparison-minus-reference present-conditional log-relative abundance contrast against the shared compositional background",,
"cdi_schubert","Flavonifractor","DASRA present-conditional abundance","DASRA","present-conditional abundance","H","CDI","age_z + sex + antibiotics_3mo + group",TRUE,"Available",0.156773026400197,0.156773026400197,0.156773026400197,0.299913615722116,0.299913615722116,FALSE,0.715862846069822,1.41600846383363,"comparison-minus-reference present-conditional log-relative abundance contrast against the shared compositional background",,
"cdi_schubert","Fusobacterium","DASRA present-conditional abundance","DASRA","present-conditional abundance","H","CDI","age_z + sex + antibiotics_3mo + group",TRUE,"Available",0.423796951173015,0.423796951173015,0.423796951173015,0.643002270745264,0.643002270745264,FALSE,1.88034493044534,0.799851309294836,"comparison-minus-reference present-conditional log-relative abundance contrast against the shared compositional background",,
"cdi_schubert","Gemella","DASRA present-conditional abundance","DASRA","present-conditional abundance","H","CDI","age_z + sex + antibiotics_3mo + group",FALSE,"Conditional-present fit had non-positive information",1,1,1,1,1,FALSE,,,"comparison-minus-reference present-conditional log-relative abundance contrast against the shared compositional background",,
"cdi_schubert","Gemmiger","DASRA present-conditional abundance","DASRA","present-conditional abundance","H","CDI","age_z + sex + antibiotics_3mo + group",TRUE,"Available",0.0224667026658719,0.0224667026658719,0.0224667026658719,0.0898668106634877,0.0898668106634877,FALSE,1.32114074873796,2.28238360095258,"comparison-minus-reference present-conditional log-relative abundance contrast against the shared compositional background",,
"cdi_schubert","Haemophilus","DASRA present-conditional abundance","DASRA","present-conditional abundance","H","CDI","age_z + sex + antibiotics_3mo + group",TRUE,"Available",0.149357826325848,0.149357826325848,0.149357826325848,0.292077527037214,0.292077527037214,FALSE,1.46246512210397,1.44180346072043,"comparison-minus-reference present-conditional log-relative abundance contrast against the shared compositional background",,
"cdi_schubert","Hespellia","DASRA present-conditional abundance","DASRA","present-conditional abundance","H","CDI","age_z + sex + antibiotics_3mo + group",FALSE,"Positive-count model design was rank deficient",1,1,1,1,1,FALSE,,,"comparison-minus-reference present-conditional log-relative abundance contrast against the shared compositional background",,
"cdi_schubert","Howardella","DASRA present-conditional abundance","DASRA","present-conditional abundance","H","CDI","age_z + sex + antibiotics_3mo + group",TRUE,"Available",0.26537818167152,0.26537818167152,0.26537818167152,0.440627924284788,0.440627924284788,FALSE,1.01819550365749,1.11376927411037,"comparison-minus-reference present-conditional log-relative abundance contrast against the shared compositional background",,
"cdi_schubert","Kluyvera","DASRA present-conditional abundance","DASRA","present-conditional abundance","H","CDI","age_z + sex + antibiotics_3mo + group",TRUE,"Available",0.0483476033389296,0.0483476033389296,0.0483476033389296,0.146709968752614,0.146709968752614,FALSE,1.82188380017103,1.97430033062531,"comparison-minus-reference present-conditional log-relative abundance contrast against the shared compositional background",,
"cdi_schubert","Lachnospiracea_incertae_sedis","DASRA present-conditional abundance","DASRA","present-conditional abundance","H","CDI","age_z + sex + antibiotics_3mo + group",TRUE,"Available",2.58056366176172e-07,2.58056366176172e-07,2.58056366176172e-07,1.13544801117516e-05,1.13544801117516e-05,TRUE,-2.44346328626108,-5.1517576599522,"comparison-minus-reference present-conditional log-relative abundance contrast against the shared compositional background",,
"cdi_schubert","Lactobacillus","DASRA present-conditional abundance","DASRA","present-conditional abundance","H","CDI","age_z + sex + antibiotics_3mo + group",TRUE,"Available",0.000470357314489553,0.000470357314489553,0.000470357314489553,0.00584162541053733,0.00584162541053733,TRUE,4.79828285215803,3.49709329089382,"comparison-minus-reference present-conditional log-relative abundance contrast against the shared compositional background",,
"cdi_schubert","Lactococcus","DASRA present-conditional abundance","DASRA","present-conditional abundance","H","CDI","age_z + sex + antibiotics_3mo + group",TRUE,"Available",0.997766054522806,0.997766054522806,0.997766054522806,1,1,FALSE,-0.00729638542017064,-0.00279983910659051,"comparison-minus-reference present-conditional log-relative abundance contrast against the shared compositional background",,
"cdi_schubert","Lactonifactor","DASRA present-conditional abundance","DASRA","present-conditional abundance","H","CDI","age_z + sex + antibiotics_3mo + group",TRUE,"Available",0.144511543745118,0.144511543745118,0.144511543745118,0.289023087490236,0.289023087490236,FALSE,1.86157769292934,1.45919463967385,"comparison-minus-reference present-conditional log-relative abundance contrast against the shared compositional background",,
"cdi_schubert","Megasphaera","DASRA present-conditional abundance","DASRA","present-conditional abundance","H","CDI","age_z + sex + antibiotics_3mo + group",TRUE,"Available",0.0350550177879261,0.0350550177879261,0.0350550177879261,0.119033391941634,0.119033391941634,FALSE,1.08984956013033,2.1077222933733,"comparison-minus-reference present-conditional log-relative abundance contrast against the shared compositional background",,
"cdi_schubert","Methanobrevibacter","DASRA present-conditional abundance","DASRA","present-conditional abundance","H","CDI","age_z + sex + antibiotics_3mo + group",TRUE,"Available",0.0589397406099298,0.0589397406099298,0.0589397406099298,0.167312812053994,0.167312812053994,FALSE,-2.27874770964358,-1.88864255616558,"comparison-minus-reference present-conditional log-relative abundance contrast against the shared compositional background",,
"cdi_schubert","Odoribacter","DASRA present-conditional abundance","DASRA","present-conditional abundance","H","CDI","age_z + sex + antibiotics_3mo + group",TRUE,"Available",0.80121517208926,0.80121517208926,0.80121517208926,1,1,FALSE,-0.153268928842805,-0.251774754159551,"comparison-minus-reference present-conditional log-relative abundance contrast against the shared compositional background",,
"cdi_schubert","Oscillibacter","DASRA present-conditional abundance","DASRA","present-conditional abundance","H","CDI","age_z + sex + antibiotics_3mo + group",TRUE,"Available",0.57162054156809,0.57162054156809,0.57162054156809,0.785978244656123,0.785978244656123,FALSE,-0.289025921415908,-0.565666456996771,"comparison-minus-reference present-conditional log-relative abundance contrast against the shared compositional background",,
"cdi_schubert","Pandoraea","DASRA present-conditional abundance","DASRA","present-conditional abundance","H","CDI","age_z + sex + antibiotics_3mo + group",FALSE,"Conditional-present root refinement did not improve the objective",1,1,1,1,1,FALSE,,,"comparison-minus-reference present-conditional log-relative abundance contrast against the shared compositional background",,
"cdi_schubert","Parabacteroides","DASRA present-conditional abundance","DASRA","present-conditional abundance","H","CDI","age_z + sex + antibiotics_3mo + group",TRUE,"Available",0.917855927320687,0.917855927320687,0.917855927320687,1,1,FALSE,-0.0578766542615699,-0.103134873775511,"comparison-minus-reference present-conditional log-relative abundance contrast against the shared compositional background",,
"cdi_schubert","Paraprevotella","DASRA present-conditional abundance","DASRA","present-conditional abundance","H","CDI","age_z + sex + antibiotics_3mo + group",TRUE,"Available",0.634189590248526,0.634189590248526,0.634189590248526,0.857023089569371,0.857023089569371,FALSE,-0.471370761546481,-0.475838287870311,"comparison-minus-reference present-conditional log-relative abundance contrast against the shared compositional background",,
"cdi_schubert","Parasutterella","DASRA present-conditional abundance","DASRA","present-conditional abundance","H","CDI","age_z + sex + antibiotics_3mo + group",TRUE,"Available",0.435444416368835,0.435444416368835,0.435444416368835,0.649476417634873,0.649476417634873,FALSE,-0.736286438288684,-0.779909041143154,"comparison-minus-reference present-conditional log-relative abundance contrast against the shared compositional background",,
"cdi_schubert","Prevotella","DASRA present-conditional abundance","DASRA","present-conditional abundance","H","CDI","age_z + sex + antibiotics_3mo + group",TRUE,"Available",0.00685861419256922,0.00685861419256922,0.00685861419256922,0.0402385343747479,0.0402385343747479,TRUE,-4.07462822016526,-2.70363228387763,"comparison-minus-reference present-conditional log-relative abundance contrast against the shared compositional background",,
"cdi_schubert","Proteus","DASRA present-conditional abundance","DASRA","present-conditional abundance","H","CDI","age_z + sex + antibiotics_3mo + group",TRUE,"Available",0.00152943837565722,0.00152943837565722,0.00152943837565722,0.0134590577057836,0.0134590577057836,TRUE,3.67642870456979,3.16903906367726,"comparison-minus-reference present-conditional log-relative abundance contrast against the shared compositional background",,
"cdi_schubert","Raoultella","DASRA present-conditional abundance","DASRA","present-conditional abundance","H","CDI","age_z + sex + antibiotics_3mo + group",TRUE,"Available",0.166355980109655,0.166355980109655,0.166355980109655,0.311475026588289,0.311475026588289,FALSE,2.23742222947419,1.38400808180732,"comparison-minus-reference present-conditional log-relative abundance contrast against the shared compositional background",,
"cdi_schubert","Roseburia","DASRA present-conditional abundance","DASRA","present-conditional abundance","H","CDI","age_z + sex + antibiotics_3mo + group",TRUE,"Available",0.100153585846957,0.100153585846957,0.100153585846957,0.225987578321339,0.225987578321339,FALSE,-0.928871502913878,-1.64410950063962,"comparison-minus-reference present-conditional log-relative abundance contrast against the shared compositional background",,
"cdi_schubert","Ruminococcus","DASRA present-conditional abundance","DASRA","present-conditional abundance","H","CDI","age_z + sex + antibiotics_3mo + group",TRUE,"Available",0.0582850618170979,0.0582850618170979,0.0582850618170979,0.167312812053994,0.167312812053994,FALSE,-0.9795870058328,-1.8935477699224,"comparison-minus-reference present-conditional log-relative abundance contrast against the shared compositional background",,
"cdi_schubert","Ruminococcus2","DASRA present-conditional abundance","DASRA","present-conditional abundance","H","CDI","age_z + sex + antibiotics_3mo + group",TRUE,"Available",0.201866292664866,0.201866292664866,0.201866292664866,0.356127678672583,0.356127678672583,FALSE,0.511087720343051,1.2762524511388,"comparison-minus-reference present-conditional log-relative abundance contrast against the shared compositional background",,
"cdi_schubert","Sarcina","DASRA present-conditional abundance","DASRA","present-conditional abundance","H","CDI","age_z + sex + antibiotics_3mo + group",TRUE,"Available",0.0919535996180006,0.0919535996180006,0.0919535996180006,0.218700453145515,0.218700453145515,FALSE,1.85651620891412,1.68518129054893,"comparison-minus-reference present-conditional log-relative abundance contrast against the shared compositional background",,
"cdi_schubert","Serratia","DASRA present-conditional abundance","DASRA","present-conditional abundance","H","CDI","age_z + sex + antibiotics_3mo + group",TRUE,"Available",0.271359188991576,0.271359188991576,0.271359188991576,0.442214974652938,0.442214974652938,FALSE,0.816588756529608,1.09993787949603,"comparison-minus-reference present-conditional log-relative abundance contrast against the shared compositional background",,
"cdi_schubert","Sporobacter","DASRA present-conditional abundance","DASRA","present-conditional abundance","H","CDI","age_z + sex + antibiotics_3mo + group",TRUE,"Available",0.0312359078624164,0.0312359078624164,0.0312359078624164,0.114531662162193,0.114531662162193,FALSE,2.40629670626073,2.15405437630565,"comparison-minus-reference present-conditional log-relative abundance contrast against the shared compositional background",,
"cdi_schubert","Streptococcus","DASRA present-conditional abundance","DASRA","present-conditional abundance","H","CDI","age_z + sex + antibiotics_3mo + group",TRUE,"Available",0.000531056855503393,0.000531056855503393,0.000531056855503393,0.00584162541053733,0.00584162541053733,TRUE,2.33241993286846,3.46458167318061,"comparison-minus-reference present-conditional log-relative abundance contrast against the shared compositional background",,
"cdi_schubert","Sutterella","DASRA present-conditional abundance","DASRA","present-conditional abundance","H","CDI","age_z + sex + antibiotics_3mo + group",TRUE,"Available",0.00917423037495689,0.00917423037495689,0.00917423037495689,0.0448517929442337,0.0448517929442337,TRUE,-2.27445991077983,-2.60549241909225,"comparison-minus-reference present-conditional log-relative abundance contrast against the shared compositional background",,
"cdi_schubert","Syntrophococcus","DASRA present-conditional abundance","DASRA","present-conditional abundance","H","CDI","age_z + sex + antibiotics_3mo + group",TRUE,"Available",0.00263332715584138,0.00263332715584138,0.00263332715584138,0.0210666172467311,0.0210666172467311,TRUE,3.21773361820962,3.00758471768142,"comparison-minus-reference present-conditional log-relative abundance contrast against the shared compositional background",,
"cdi_schubert","Tetragenococcus","DASRA present-conditional abundance","DASRA","present-conditional abundance","H","CDI","age_z + sex + antibiotics_3mo + group",TRUE,"Available",0.00325634753039753,0.00325634753039753,0.00325634753039753,0.0238798818895819,0.0238798818895819,TRUE,4.51608981816212,2.9424420242718,"comparison-minus-reference present-conditional log-relative abundance contrast against the shared compositional background",,
"cdi_schubert","Turicibacter","DASRA present-conditional abundance","DASRA","present-conditional abundance","H","CDI","age_z + sex + antibiotics_3mo + group",TRUE,"Available",0.965148290882782,0.965148290882782,0.965148290882782,1,1,FALSE,0.0354517512373787,0.043694038983346,"comparison-minus-reference present-conditional log-relative abundance contrast against the shared compositional background",,
"cdi_schubert","Unclassified_Acidaminococcaceae","DASRA present-conditional abundance","DASRA","present-conditional abundance","H","CDI","age_z + sex + antibiotics_3mo + group",TRUE,"Available",0.029008330206277,0.029008330206277,0.029008330206277,0.110988393832712,0.110988393832712,FALSE,3.11431123302006,2.18337330462794,"comparison-minus-reference present-conditional log-relative abundance contrast against the shared compositional background",,
"cdi_schubert","Unclassified_Actinobacteria","DASRA present-conditional abundance","DASRA","present-conditional abundance","H","CDI","age_z + sex + antibiotics_3mo + group",TRUE,"Available",0.000840104613353889,0.000840104613353889,0.000840104613353889,0.00821435621946025,0.00821435621946025,TRUE,2.35627627308756,3.33923169775479,"comparison-minus-reference present-conditional log-relative abundance contrast against the shared compositional background",,
"cdi_schubert","Unclassified_Clostridia","DASRA present-conditional abundance","DASRA","present-conditional abundance","H","CDI","age_z + sex + antibiotics_3mo + group",TRUE,"Available",0.695397817375674,0.695397817375674,0.695397817375674,0.899926587192049,0.899926587192049,FALSE,-1.00228202523294,-0.391540420341508,"comparison-minus-reference present-conditional log-relative abundance contrast against the shared compositional background",,
"cdi_schubert","Unclassified_Clostridiaceae_1","DASRA present-conditional abundance","DASRA","present-conditional abundance","H","CDI","age_z + sex + antibiotics_3mo + group",FALSE,"Conditional-present fit retained a non-negligible gradient",1,1,1,1,1,FALSE,,,"comparison-minus-reference present-conditional log-relative abundance contrast against the shared compositional background",,
"cdi_schubert","Unclassified_Clostridiales","DASRA present-conditional abundance","DASRA","present-conditional abundance","H","CDI","age_z + sex + antibiotics_3mo + group",TRUE,"Available",0.00516118194291569,0.00516118194291569,0.00516118194291569,0.0349372316135831,0.0349372316135831,TRUE,-1.73291309306971,-2.79679781837961,"comparison-minus-reference present-conditional log-relative abundance contrast against the shared compositional background",,
"cdi_schubert","Unclassified_Enterobacteriaceae","DASRA present-conditional abundance","DASRA","present-conditional abundance","H","CDI","age_z + sex + antibiotics_3mo + group",TRUE,"Available",8.28960853171117e-05,8.28960853171117e-05,8.28960853171117e-05,0.00121580925131764,0.00121580925131764,TRUE,2.37286302451552,3.9358692884646,"comparison-minus-reference present-conditional log-relative abundance contrast against the shared compositional background",,
"cdi_schubert","Unclassified_Eubacteriaceae","DASRA present-conditional abundance","DASRA","present-conditional abundance","H","CDI","age_z + sex + antibiotics_3mo + group",TRUE,"Available",0.985503386443547,0.985503386443547,0.985503386443547,1,1,FALSE,-0.0209081751468531,-0.0181698104336203,"comparison-minus-reference present-conditional log-relative abundance contrast against the shared compositional background",,
"cdi_schubert","Unclassified_Firmicutes","DASRA present-conditional abundance","DASRA","present-conditional abundance","H","CDI","age_z + sex + antibiotics_3mo + group",FALSE,"Conditional-present fit had non-positive information",1,1,1,1,1,FALSE,,,"comparison-minus-reference present-conditional log-relative abundance contrast against the shared compositional background",,
"cdi_schubert","Unclassified_Lachnospiraceae","DASRA present-conditional abundance","DASRA","present-conditional abundance","H","CDI","age_z + sex + antibiotics_3mo + group",TRUE,"Available",0.0451356793063151,0.0451356793063151,0.0451356793063151,0.142689334708979,0.142689334708979,FALSE,-0.759692552048261,-2.0033878058578,"comparison-minus-reference present-conditional log-relative abundance contrast against the shared compositional background",,
"cdi_schubert","Unclassified_Pasteurellaceae","DASRA present-conditional abundance","DASRA","present-conditional abundance","H","CDI","age_z + sex + antibiotics_3mo + group",FALSE,"Conditional-present fit retained a non-negligible gradient",1,1,1,1,1,FALSE,,,"comparison-minus-reference present-conditional log-relative abundance contrast against the shared compositional background",,
"cdi_schubert","Unclassified_Prevotellaceae","DASRA present-conditional abundance","DASRA","present-conditional abundance","H","CDI","age_z + sex + antibiotics_3mo + group",TRUE,"Available",0.11808887130675,0.11808887130675,0.11808887130675,0.247424301785571,0.247424301785571,FALSE,-1.99871668683349,-1.56284578849732,"comparison-minus-reference present-conditional log-relative abundance contrast against the shared compositional background",,
"cdi_schubert","Unclassified_Proteobacteria","DASRA present-conditional abundance","DASRA","present-conditional abundance","H","CDI","age_z + sex + antibiotics_3mo + group",TRUE,"Available",0.904186882353289,0.904186882353289,0.904186882353289,1,1,FALSE,0.0956088745551246,0.120374005380696,"comparison-minus-reference present-conditional log-relative abundance contrast against the shared compositional background",,
"cdi_schubert","Unclassified_Ruminococcaceae","DASRA present-conditional abundance","DASRA","present-conditional abundance","H","CDI","age_z + sex + antibiotics_3mo + group",TRUE,"Available",0.482214421008402,0.482214421008402,0.482214421008402,0.695653590962941,0.695653590962941,FALSE,-0.320604209764885,-0.702745413003421,"comparison-minus-reference present-conditional log-relative abundance contrast against the shared compositional background",,
"cdi_schubert","Unclassified_Selenomonadales","DASRA present-conditional abundance","DASRA","present-conditional abundance","H","CDI","age_z + sex + antibiotics_3mo + group",TRUE,"Available",0.00894857594278254,0.00894857594278254,0.00894857594278254,0.0448517929442337,0.0448517929442337,TRUE,-1.62022850308368,-2.61401251188107,"comparison-minus-reference present-conditional log-relative abundance contrast against the shared compositional background",,
"cdi_schubert","Unclassified_Sphingomonadaceae","DASRA present-conditional abundance","DASRA","present-conditional abundance","H","CDI","age_z + sex + antibiotics_3mo + group",TRUE,"Available",0.55574299299192,0.55574299299192,0.55574299299192,0.782761341006798,0.782761341006798,FALSE,0.392735525465881,0.589176331138729,"comparison-minus-reference present-conditional log-relative abundance contrast against the shared compositional background",,
"cdi_schubert","Unclassified_Veillonellaceae","DASRA present-conditional abundance","DASRA","present-conditional abundance","H","CDI","age_z + sex + antibiotics_3mo + group",TRUE,"Available",0.659869756344523,0.659869756344523,0.659869756344523,0.86669460534803,0.86669460534803,FALSE,-0.322210070805125,-0.440092993464515,"comparison-minus-reference present-conditional log-relative abundance contrast against the shared compositional background",,
"cdi_schubert","Veillonella","DASRA present-conditional abundance","DASRA","present-conditional abundance","H","CDI","age_z + sex + antibiotics_3mo + group",TRUE,"Available",3.10322875154469e-08,3.10322875154469e-08,3.10322875154469e-08,2.73084130135933e-06,2.73084130135933e-06,TRUE,4.92830146370197,5.53551065047819,"comparison-minus-reference present-conditional log-relative abundance contrast against the shared compositional background",,
"cdi_schubert","Yersinia","DASRA present-conditional abundance","DASRA","present-conditional abundance","H","CDI","age_z + sex + antibiotics_3mo + group",TRUE,"Available",0.0108150689397058,0.0108150689397058,0.0108150689397058,0.0500908456154797,0.0500908456154797,FALSE,5.44015027290511,2.5486180090879,"comparison-minus-reference present-conditional log-relative abundance contrast against the shared compositional background",,
"cdi_schubert","Acidaminococcus","DASRA combined","DASRA","combined","H","CDI","age_z + sex + antibiotics_3mo + group",TRUE,"Available",1,1,1,1,1,FALSE,,,"Bonferroni minimum-p combination","both",
"cdi_schubert","Actinomyces","DASRA combined","DASRA","combined","H","CDI","age_z + sex + antibiotics_3mo + group",TRUE,"Available",0.437661027911889,0.437661027911889,0.437661027911889,0.604298370539651,0.585986298705116,FALSE,,,"Bonferroni minimum-p combination","both",
"cdi_schubert","Akkermansia","DASRA combined","DASRA","combined","H","CDI","age_z + sex + antibiotics_3mo + group",TRUE,"Available",0.0137176821732095,0.0137176821732095,0.0137176821732095,0.0365804857952254,0.0344901723212125,TRUE,,,"Bonferroni minimum-p combination","both",
"cdi_schubert","Alistipes","DASRA combined","DASRA","combined","H","CDI","age_z + sex + antibiotics_3mo + group",TRUE,"Available",0.000460741800044482,0.000460741800044482,0.000460741800044482,0.00253407990024465,0.00253407990024465,TRUE,,,"Bonferroni minimum-p combination","both",
"cdi_schubert","Anaerococcus","DASRA combined","DASRA","combined","H","CDI","age_z + sex + antibiotics_3mo + group",TRUE,"Available",0.258406127552673,0.258406127552673,0.258406127552673,0.392064469390262,0.37899565374392,FALSE,,,"Bonferroni minimum-p combination","both",
"cdi_schubert","Anaerofilum","DASRA combined","DASRA","combined","H","CDI","age_z + sex + antibiotics_3mo + group",TRUE,"Available",0.158848497175504,0.158848497175504,0.158848497175504,0.258864217619341,0.249619066990078,FALSE,,,"Bonferroni minimum-p combination","both",
"cdi_schubert","Anaerostipes","DASRA combined","DASRA","combined","H","CDI","age_z + sex + antibiotics_3mo + group",TRUE,"Available",0.0106642776236059,0.0106642776236059,0.0106642776236059,0.031281881029244,0.0293267634649162,TRUE,,,"Bonferroni minimum-p combination","both",
"cdi_schubert","Anaerovorax","DASRA combined","DASRA","combined","H","CDI","age_z + sex + antibiotics_3mo + group",TRUE,"Available",0.0164630550470044,0.0164630550470044,0.0164630550470044,0.0407280383363965,0.038584457371323,TRUE,,,"Bonferroni minimum-p combination","both",
"cdi_schubert","Arthrobacter","DASRA combined","DASRA","combined","H","CDI","age_z + sex + antibiotics_3mo + group",FALSE,"One or both components were unavailable",1,1,1,1,1,FALSE,,,"Bonferroni minimum-p combination","structural_absence",
"cdi_schubert","Bacteroides","DASRA combined","DASRA","combined","H","CDI","age_z + sex + antibiotics_3mo + group",TRUE,"Available",0.0687920708801129,0.0687920708801129,0.0687920708801129,0.132125972955606,0.126733076100275,FALSE,,,"Bonferroni minimum-p combination","both",
"cdi_schubert","Barnesiella","DASRA combined","DASRA","combined","H","CDI","age_z + sex + antibiotics_3mo + group",TRUE,"Available",0.00133071179533027,0.00133071179533027,0.00133071179533027,0.00616329673626652,0.00585513189945319,TRUE,,,"Bonferroni minimum-p combination","both",
"cdi_schubert","Bifidobacterium","DASRA combined","DASRA","combined","H","CDI","age_z + sex + antibiotics_3mo + group",TRUE,"Available",0.454927254645252,0.454927254645252,0.454927254645252,0.615901513981265,0.597516394160928,FALSE,,,"Bonferroni minimum-p combination","both",
"cdi_schubert","Bilophila","DASRA combined","DASRA","combined","H","CDI","age_z + sex + antibiotics_3mo + group",TRUE,"Available",0.0802139364421436,0.0802139364421436,0.0802139364421436,0.144057681773646,0.138408360919777,FALSE,,,"Bonferroni minimum-p combination","both",
"cdi_schubert","Blautia","DASRA combined","DASRA","combined","H","CDI","age_z + sex + antibiotics_3mo + group",TRUE,"Available",0.00653418126572264,0.00653418126572264,0.00653418126572264,0.0230003180553437,0.0212965907919849,TRUE,,,"Bonferroni minimum-p combination","both",
"cdi_schubert","Buttiauxella","DASRA combined","DASRA","combined","H","CDI","age_z + sex + antibiotics_3mo + group",TRUE,"Available",0.0705672810103806,0.0705672810103806,0.0705672810103806,0.132125972955606,0.126733076100275,FALSE,,,"Bonferroni minimum-p combination","both",
"cdi_schubert","Butyricicoccus","DASRA combined","DASRA","combined","H","CDI","age_z + sex + antibiotics_3mo + group",TRUE,"Available",0.00838890172451035,0.00838890172451035,0.00838890172451035,0.0268732111215159,0.0251394555652891,TRUE,,,"Bonferroni minimum-p combination","both",
"cdi_schubert","Butyricimonas","DASRA combined","DASRA","combined","H","CDI","age_z + sex + antibiotics_3mo + group",TRUE,"Available",0.00340689080148844,0.00340689080148844,0.00340689080148844,0.0136275632059537,0.0124919329387909,TRUE,,,"Bonferroni minimum-p combination","both",
"cdi_schubert","Citrobacter","DASRA combined","DASRA","combined","H","CDI","age_z + sex + antibiotics_3mo + group",FALSE,"One or both components were unavailable",1,1,1,1,1,FALSE,,,"Bonferroni minimum-p combination","none",
"cdi_schubert","Cloacibacillus","DASRA combined","DASRA","combined","H","CDI","age_z + sex + antibiotics_3mo + group",FALSE,"One or both components were unavailable",1,1,1,1,1,FALSE,,,"Bonferroni minimum-p combination","none",
"cdi_schubert","Clostridium_IV","DASRA combined","DASRA","combined","H","CDI","age_z + sex + antibiotics_3mo + group",TRUE,"Available",0.000397426813275935,0.000397426813275935,0.000397426813275935,0.00233157063788549,0.00233157063788549,TRUE,,,"Bonferroni minimum-p combination","both",
"cdi_schubert","Clostridium_sensu_stricto","DASRA combined","DASRA","combined","H","CDI","age_z + sex + antibiotics_3mo + group",TRUE,"Available",0.17762850899432,0.17762850899432,0.17762850899432,0.284205614390912,0.274233487570178,FALSE,,,"Bonferroni minimum-p combination","both",
"cdi_schubert","Clostridium_XI","DASRA combined","DASRA","combined","H","CDI","age_z + sex + antibiotics_3mo + group",TRUE,"Available",0.0351711679881263,0.0351711679881263,0.0351711679881263,0.0760786561686352,0.0725401140212568,FALSE,,,"Bonferroni minimum-p combination","both",
"cdi_schubert","Clostridium_XlVa","DASRA combined","DASRA","combined","H","CDI","age_z + sex + antibiotics_3mo + group",TRUE,"Available",0.00314426804983042,0.00314426804983042,0.00314426804983042,0.0131759803992894,0.0120302429732642,TRUE,,,"Bonferroni minimum-p combination","both",
"cdi_schubert","Clostridium_XlVb","DASRA combined","DASRA","combined","H","CDI","age_z + sex + antibiotics_3mo + group",TRUE,"Available",2.71518355711984e-08,2.71518355711984e-08,2.71518355711984e-08,1.19468076513273e-06,1.19468076513273e-06,TRUE,,,"Bonferroni minimum-p combination","both",
"cdi_schubert","Clostridium_XVIII","DASRA combined","DASRA","combined","H","CDI","age_z + sex + antibiotics_3mo + group",TRUE,"Available",0.129106864479574,0.129106864479574,0.129106864479574,0.214366114607595,0.206570983167319,FALSE,,,"Bonferroni minimum-p combination","both",
"cdi_schubert","Coprobacillus","DASRA combined","DASRA","combined","H","CDI","age_z + sex + antibiotics_3mo + group",TRUE,"Available",0.439489724028837,0.439489724028837,0.439489724028837,0.604298370539651,0.585986298705116,FALSE,,,"Bonferroni minimum-p combination","both",
"cdi_schubert","Coprococcus","DASRA combined","DASRA","combined","H","CDI","age_z + sex + antibiotics_3mo + group",TRUE,"Available",0.000226381923297625,0.000226381923297625,0.000226381923297625,0.00142297208929936,0.00142297208929936,TRUE,,,"Bonferroni minimum-p combination","both",
"cdi_schubert","Desulfovibrio","DASRA combined","DASRA","combined","H","CDI","age_z + sex + antibiotics_3mo + group",TRUE,"Available",1,1,1,1,1,FALSE,,,"Bonferroni minimum-p combination","both",
"cdi_schubert","Dialister","DASRA combined","DASRA","combined","H","CDI","age_z + sex + antibiotics_3mo + group",TRUE,"Available",0.0403002485082331,0.0403002485082331,0.0403002485082331,0.0844386159220122,0.0806004970164662,FALSE,,,"Bonferroni minimum-p combination","both",
"cdi_schubert","Dorea","DASRA combined","DASRA","combined","H","CDI","age_z + sex + antibiotics_3mo + group",TRUE,"Available",0.00298091075353995,0.00298091075353995,0.00298091075353995,0.0131160073155758,0.0120302429732642,TRUE,,,"Bonferroni minimum-p combination","both",
"cdi_schubert","Enterococcus","DASRA combined","DASRA","combined","H","CDI","age_z + sex + antibiotics_3mo + group",TRUE,"Available",2.78296389836121e-05,2.78296389836121e-05,2.78296389836121e-05,0.000272112025617541,0.000272112025617541,TRUE,,,"Bonferroni minimum-p combination","both",
"cdi_schubert","Erysipelotrichaceae_incertae_sedis","DASRA combined","DASRA","combined","H","CDI","age_z + sex + antibiotics_3mo + group",TRUE,"Available",6.69564778067701e-06,6.69564778067701e-06,6.69564778067701e-06,8.41738578142253e-05,8.41738578142253e-05,TRUE,,,"Bonferroni minimum-p combination","both",
"cdi_schubert","Ethanoligenens","DASRA combined","DASRA","combined","H","CDI","age_z + sex + antibiotics_3mo + group",TRUE,"Available",0.515720785373778,0.515720785373778,0.515720785373778,0.687627713831704,0.657730856708587,FALSE,,,"Bonferroni minimum-p combination","both",
"cdi_schubert","Eubacterium","DASRA combined","DASRA","combined","H","CDI","age_z + sex + antibiotics_3mo + group",TRUE,"Available",0.652915165585575,0.652915165585575,0.652915165585575,0.844949037816627,0.798007424604592,FALSE,,,"Bonferroni minimum-p combination","both",
"cdi_schubert","Faecalibacterium","DASRA combined","DASRA","combined","H","CDI","age_z + sex + antibiotics_3mo + group",TRUE,"Available",1.06828406016046e-08,1.06828406016046e-08,1.06828406016046e-08,9.40089972941208e-07,9.40089972941208e-07,TRUE,,,"Bonferroni minimum-p combination","both",
"cdi_schubert","Finegoldia","DASRA combined","DASRA","combined","H","CDI","age_z + sex + antibiotics_3mo + group",TRUE,"Available",0.128450181774367,0.128450181774367,0.128450181774367,0.214366114607595,0.206570983167319,FALSE,,,"Bonferroni minimum-p combination","both",
"cdi_schubert","Flavonifractor","DASRA combined","DASRA","combined","H","CDI","age_z + sex + antibiotics_3mo + group",TRUE,"Available",0.0832958089659567,0.0832958089659567,0.0832958089659567,0.146600623780084,0.140962138250081,FALSE,,,"Bonferroni minimum-p combination","both",
"cdi_schubert","Fusobacterium","DASRA combined","DASRA","combined","H","CDI","age_z + sex + antibiotics_3mo + group",TRUE,"Available",0.0651034470382331,0.0651034470382331,0.0651034470382331,0.130206894076466,0.124545724768794,FALSE,,,"Bonferroni minimum-p combination","both",
"cdi_schubert","Gemella","DASRA combined","DASRA","combined","H","CDI","age_z + sex + antibiotics_3mo + group",FALSE,"One or both components were unavailable",0.478693448778324,0.478693448778324,1,1,0.619485639595479,FALSE,,,"Bonferroni minimum-p combination","structural_absence",
"cdi_schubert","Gemmiger","DASRA combined","DASRA","combined","H","CDI","age_z + sex + antibiotics_3mo + group",TRUE,"Available",8.99979113869757e-08,8.99979113869757e-08,8.99979113869757e-08,1.97995405051346e-06,1.97995405051346e-06,TRUE,,,"Bonferroni minimum-p combination","both",
"cdi_schubert","Haemophilus","DASRA combined","DASRA","combined","H","CDI","age_z + sex + antibiotics_3mo + group",TRUE,"Available",0.298715652651696,0.298715652651696,0.298715652651696,0.438116290555821,0.423983506989505,FALSE,,,"Bonferroni minimum-p combination","both",
"cdi_schubert","Hespellia","DASRA combined","DASRA","combined","H","CDI","age_z + sex + antibiotics_3mo + group",FALSE,"One or both components were unavailable",1,1,1,1,1,FALSE,,,"Bonferroni minimum-p combination","none",
"cdi_schubert","Howardella","DASRA combined","DASRA","combined","H","CDI","age_z + sex + antibiotics_3mo + group",TRUE,"Available",0.530756363343041,0.530756363343041,0.530756363343041,0.697112835435635,0.667236571059822,FALSE,,,"Bonferroni minimum-p combination","both",
"cdi_schubert","Kluyvera","DASRA combined","DASRA","combined","H","CDI","age_z + sex + antibiotics_3mo + group",TRUE,"Available",0.07420746247478,0.07420746247478,0.07420746247478,0.136047014537097,0.130605133955613,FALSE,,,"Bonferroni minimum-p combination","both",
"cdi_schubert","Lachnospiracea_incertae_sedis","DASRA combined","DASRA","combined","H","CDI","age_z + sex + antibiotics_3mo + group",TRUE,"Available",5.16112732352345e-07,5.16112732352345e-07,5.16112732352345e-07,9.08358408940127e-06,9.08358408940127e-06,TRUE,,,"Bonferroni minimum-p combination","both",
"cdi_schubert","Lactobacillus","DASRA combined","DASRA","combined","H","CDI","age_z + sex + antibiotics_3mo + group",TRUE,"Available",0.000940714628979107,0.000940714628979107,0.000940714628979107,0.00459904929723119,0.00459904929723119,TRUE,,,"Bonferroni minimum-p combination","both",
"cdi_schubert","Lactococcus","DASRA combined","DASRA","combined","H","CDI","age_z + sex + antibiotics_3mo + group",FALSE,"One or both components were unavailable",1,1,1,1,1,FALSE,,,"Bonferroni minimum-p combination","relative_abundance",
"cdi_schubert","Lactonifactor","DASRA combined","DASRA","combined","H","CDI","age_z + sex + antibiotics_3mo + group",TRUE,"Available",0.289023087490236,0.289023087490236,0.289023087490236,0.431085283036285,0.416951339330177,FALSE,,,"Bonferroni minimum-p combination","both",
"cdi_schubert","Megasphaera","DASRA combined","DASRA","combined","H","CDI","age_z + sex + antibiotics_3mo + group",TRUE,"Available",0.0701100355758523,0.0701100355758523,0.0701100355758523,0.132125972955606,0.126733076100275,FALSE,,,"Bonferroni minimum-p combination","both",
"cdi_schubert","Methanobrevibacter","DASRA combined","DASRA","combined","H","CDI","age_z + sex + antibiotics_3mo + group",TRUE,"Available",0.11787948121986,0.11787948121986,0.11787948121986,0.203399889163679,0.195724421648069,FALSE,,,"Bonferroni minimum-p combination","both",
"cdi_schubert","Odoribacter","DASRA combined","DASRA","combined","H","CDI","age_z + sex + antibiotics_3mo + group",TRUE,"Available",1.09871981196963e-06,1.09871981196963e-06,1.09871981196963e-06,1.61145572422212e-05,1.61145572422212e-05,TRUE,,,"Bonferroni minimum-p combination","both",
"cdi_schubert","Oscillibacter","DASRA combined","DASRA","combined","H","CDI","age_z + sex + antibiotics_3mo + group",TRUE,"Available",9.40538914051862e-05,9.40538914051862e-05,9.40538914051862e-05,0.000810708061237666,0.000810708061237666,TRUE,,,"Bonferroni minimum-p combination","both",
"cdi_schubert","Pandoraea","DASRA combined","DASRA","combined","H","CDI","age_z + sex + antibiotics_3mo + group",FALSE,"One or both components were unavailable",1,1,1,1,1,FALSE,,,"Bonferroni minimum-p combination","structural_absence",
"cdi_schubert","Parabacteroides","DASRA combined","DASRA","combined","H","CDI","age_z + sex + antibiotics_3mo + group",TRUE,"Available",0.00877853591269269,0.00877853591269269,0.00877853591269269,0.0268732111215159,0.0251394555652891,TRUE,,,"Bonferroni minimum-p combination","both",
"cdi_schubert","Paraprevotella","DASRA combined","DASRA","combined","H","CDI","age_z + sex + antibiotics_3mo + group",TRUE,"Available",1,1,1,1,1,FALSE,,,"Bonferroni minimum-p combination","both",
"cdi_schubert","Parasutterella","DASRA combined","DASRA","combined","H","CDI","age_z + sex + antibiotics_3mo + group",TRUE,"Available",0.00885594457413593,0.00885594457413593,0.00885594457413593,0.0268732111215159,0.0251394555652891,TRUE,,,"Bonferroni minimum-p combination","both",
"cdi_schubert","Prevotella","DASRA combined","DASRA","combined","H","CDI","age_z + sex + antibiotics_3mo + group",TRUE,"Available",0.0137172283851384,0.0137172283851384,0.0137172283851384,0.0365804857952254,0.0344901723212125,TRUE,,,"Bonferroni minimum-p combination","both",
"cdi_schubert","Proteus","DASRA combined","DASRA","combined","H","CDI","age_z + sex + antibiotics_3mo + group",FALSE,"One or both components were unavailable",0.00305887675131445,0.00305887675131445,1,1,0.0120302429732642,FALSE,,,"Bonferroni minimum-p combination","relative_abundance",
"cdi_schubert","Raoultella","DASRA combined","DASRA","combined","H","CDI","age_z + sex + antibiotics_3mo + group",TRUE,"Available",0.0354457375331141,0.0354457375331141,0.0354457375331141,0.0760786561686352,0.0725401140212568,FALSE,,,"Bonferroni minimum-p combination","both",
"cdi_schubert","Roseburia","DASRA combined","DASRA","combined","H","CDI","age_z + sex + antibiotics_3mo + group",TRUE,"Available",0.00396051955369235,0.00396051955369235,0.00396051955369235,0.0151532922054316,0.0139410288289971,TRUE,,,"Bonferroni minimum-p combination","both",
"cdi_schubert","Ruminococcus","DASRA combined","DASRA","combined","H","CDI","age_z + sex + antibiotics_3mo + group",TRUE,"Available",0.0166614702285258,0.0166614702285258,0.0166614702285258,0.0407280383363965,0.038584457371323,TRUE,,,"Bonferroni minimum-p combination","both",
"cdi_schubert","Ruminococcus2","DASRA combined","DASRA","combined","H","CDI","age_z + sex + antibiotics_3mo + group",TRUE,"Available",0.000146968985142357,0.000146968985142357,0.000146968985142357,0.00107777255771062,0.00107777255771062,TRUE,,,"Bonferroni minimum-p combination","both",
"cdi_schubert","Sarcina","DASRA combined","DASRA","combined","H","CDI","age_z + sex + antibiotics_3mo + group",TRUE,"Available",0.183907199236001,0.183907199236001,0.183907199236001,0.288997027370859,0.279031612633933,FALSE,,,"Bonferroni minimum-p combination","both",
"cdi_schubert","Serratia","DASRA combined","DASRA","combined","H","CDI","age_z + sex + antibiotics_3mo + group",TRUE,"Available",0.404060013951397,0.404060013951397,0.404060013951397,0.582906249634802,0.564401289328936,FALSE,,,"Bonferroni minimum-p combination","both",
"cdi_schubert","Sporobacter","DASRA combined","DASRA","combined","H","CDI","age_z + sex + antibiotics_3mo + group",TRUE,"Available",0.060650585479598,0.060650585479598,0.060650585479598,0.124122128423363,0.118605589382325,FALSE,,,"Bonferroni minimum-p combination","both",
"cdi_schubert","Streptococcus","DASRA combined","DASRA","combined","H","CDI","age_z + sex + antibiotics_3mo + group",FALSE,"One or both components were unavailable",0.00106211371100679,0.00106211371100679,1,1,0.00491926350361038,FALSE,,,"Bonferroni minimum-p combination","relative_abundance",
"cdi_schubert","Sutterella","DASRA combined","DASRA","combined","H","CDI","age_z + sex + antibiotics_3mo + group",TRUE,"Available",0.0183484607499138,0.0183484607499138,0.0183484607499138,0.0424911722629582,0.0403666136498103,TRUE,,,"Bonferroni minimum-p combination","both",
"cdi_schubert","Syntrophococcus","DASRA combined","DASRA","combined","H","CDI","age_z + sex + antibiotics_3mo + group",TRUE,"Available",0.000101338507654708,0.000101338507654708,0.000101338507654708,0.000810708061237666,0.000810708061237666,TRUE,,,"Bonferroni minimum-p combination","both",
"cdi_schubert","Tetragenococcus","DASRA combined","DASRA","combined","H","CDI","age_z + sex + antibiotics_3mo + group",TRUE,"Available",0.00651269506079506,0.00651269506079506,0.00651269506079506,0.0230003180553437,0.0212965907919849,TRUE,,,"Bonferroni minimum-p combination","both",
"cdi_schubert","Turicibacter","DASRA combined","DASRA","combined","H","CDI","age_z + sex + antibiotics_3mo + group",TRUE,"Available",0.416811578409237,0.416811578409237,0.416811578409237,0.591603530645369,0.573115920312701,FALSE,,,"Bonferroni minimum-p combination","both",
"cdi_schubert","Unclassified_Acidaminococcaceae","DASRA combined","DASRA","combined","H","CDI","age_z + sex + antibiotics_3mo + group",TRUE,"Available",0.0160315567424184,0.0160315567424184,0.0160315567424184,0.0407280383363965,0.038584457371323,TRUE,,,"Bonferroni minimum-p combination","both",
"cdi_schubert","Unclassified_Actinobacteria","DASRA combined","DASRA","combined","H","CDI","age_z + sex + antibiotics_3mo + group",TRUE,"Available",2.39250177587019e-05,2.39250177587019e-05,2.39250177587019e-05,0.000263175195345721,0.000263175195345721,TRUE,,,"Bonferroni minimum-p combination","both",
"cdi_schubert","Unclassified_Clostridia","DASRA combined","DASRA","combined","H","CDI","age_z + sex + antibiotics_3mo + group",TRUE,"Available",0.855979935861368,0.855979935861368,0.855979935861368,1,1,FALSE,,,"Bonferroni minimum-p combination","both",
"cdi_schubert","Unclassified_Clostridiaceae_1","DASRA combined","DASRA","combined","H","CDI","age_z + sex + antibiotics_3mo + group",FALSE,"One or both components were unavailable",1,1,1,1,1,FALSE,,,"Bonferroni minimum-p combination","none",
"cdi_schubert","Unclassified_Clostridiales","DASRA combined","DASRA","combined","H","CDI","age_z + sex + antibiotics_3mo + group",TRUE,"Available",0.00686229931193681,0.00686229931193681,0.00686229931193681,0.0232262438250169,0.0215672264089443,TRUE,,,"Bonferroni minimum-p combination","both",
"cdi_schubert","Unclassified_Enterobacteriaceae","DASRA combined","DASRA","combined","H","CDI","age_z + sex + antibiotics_3mo + group",TRUE,"Available",0.000165792170634223,0.000165792170634223,0.000165792170634223,0.00112228546275474,0.00112228546275474,TRUE,,,"Bonferroni minimum-p combination","both",
"cdi_schubert","Unclassified_Eubacteriaceae","DASRA combined","DASRA","combined","H","CDI","age_z + sex + antibiotics_3mo + group",TRUE,"Available",0.973639814257522,0.973639814257522,0.973639814257522,1,1,FALSE,,,"Bonferroni minimum-p combination","both",
"cdi_schubert","Unclassified_Firmicutes","DASRA combined","DASRA","combined","H","CDI","age_z + sex + antibiotics_3mo + group",FALSE,"One or both components were unavailable",0.630508815443959,0.630508815443959,1,1,0.781475714916457,FALSE,,,"Bonferroni minimum-p combination","structural_absence",
"cdi_schubert","Unclassified_Lachnospiraceae","DASRA combined","DASRA","combined","H","CDI","age_z + sex + antibiotics_3mo + group",TRUE,"Available",0.000566261600559455,0.000566261600559455,0.000566261600559455,0.00293123652054306,0.00293123652054306,TRUE,,,"Bonferroni minimum-p combination","both",
"cdi_schubert","Unclassified_Pasteurellaceae","DASRA combined","DASRA","combined","H","CDI","age_z + sex + antibiotics_3mo + group",FALSE,"One or both components were unavailable",1,1,1,1,1,FALSE,,,"Bonferroni minimum-p combination","structural_absence",
"cdi_schubert","Unclassified_Prevotellaceae","DASRA combined","DASRA","combined","H","CDI","age_z + sex + antibiotics_3mo + group",TRUE,"Available",0.236177742613499,0.236177742613499,0.236177742613499,0.364625286841894,0.352265107626914,FALSE,,,"Bonferroni minimum-p combination","both",
"cdi_schubert","Unclassified_Proteobacteria","DASRA combined","DASRA","combined","H","CDI","age_z + sex + antibiotics_3mo + group",TRUE,"Available",1,1,1,1,1,FALSE,,,"Bonferroni minimum-p combination","both",
"cdi_schubert","Unclassified_Ruminococcaceae","DASRA combined","DASRA","combined","H","CDI","age_z + sex + antibiotics_3mo + group",TRUE,"Available",0.0115706117347126,0.0115706117347126,0.0115706117347126,0.0328456075049906,0.0308549646259002,TRUE,,,"Bonferroni minimum-p combination","both",
"cdi_schubert","Unclassified_Selenomonadales","DASRA combined","DASRA","combined","H","CDI","age_z + sex + antibiotics_3mo + group",TRUE,"Available",0.0178971518855651,0.0178971518855651,0.0178971518855651,0.0424911722629582,0.0403666136498103,TRUE,,,"Bonferroni minimum-p combination","both",
"cdi_schubert","Unclassified_Sphingomonadaceae","DASRA combined","DASRA","combined","H","CDI","age_z + sex + antibiotics_3mo + group",TRUE,"Available",1,1,1,1,1,FALSE,,,"Bonferroni minimum-p combination","both",
"cdi_schubert","Unclassified_Veillonellaceae","DASRA combined","DASRA","combined","H","CDI","age_z + sex + antibiotics_3mo + group",TRUE,"Available",1,1,1,1,1,FALSE,,,"Bonferroni minimum-p combination","both",
"cdi_schubert","Veillonella","DASRA combined","DASRA","combined","H","CDI","age_z + sex + antibiotics_3mo + group",TRUE,"Available",6.20645750308938e-08,6.20645750308938e-08,6.20645750308938e-08,1.82056086757289e-06,1.82056086757289e-06,TRUE,,,"Bonferroni minimum-p combination","both",
"cdi_schubert","Yersinia","DASRA combined","DASRA","combined","H","CDI","age_z + sex + antibiotics_3mo + group",TRUE,"Available",0.0216301378794117,0.0216301378794117,0.0216301378794117,0.0488064649586725,0.0464256617899568,TRUE,,,"Bonferroni minimum-p combination","both",
"cdi_schubert","Acidaminococcus","MaAsLin3 prevalence","MaAsLin3","prevalence","H","CDI","age_z + sex + antibiotics_3mo + log_library_size_z + group",TRUE,"Available",0.876888480009793,0.876888480009793,0.876888480009793,0.918645074295974,0.968491468076976,FALSE,-0.103648884625648,,"change in log odds of observed presence for the comparison group",,
"cdi_schubert","Actinomyces","MaAsLin3 prevalence","MaAsLin3","prevalence","H","CDI","age_z + sex + antibiotics_3mo + log_library_size_z + group",TRUE,"Available",0.000150808488972067,0.000150808488972067,0.000150808488972067,0.000631959382359139,0.0047558534200834,TRUE,2.34688458562135,,"change in log odds of observed presence for the comparison group",,
"cdi_schubert","Akkermansia","MaAsLin3 prevalence","MaAsLin3","prevalence","H","CDI","age_z + sex + antibiotics_3mo + log_library_size_z + group",TRUE,"Available",0.974277192575472,0.974277192575472,0.974277192575472,0.974277192575472,0.988835357522002,FALSE,-0.0125480535753963,,"change in log odds of observed presence for the comparison group",,
"cdi_schubert","Alistipes","MaAsLin3 prevalence","MaAsLin3","prevalence","H","CDI","age_z + sex + antibiotics_3mo + log_library_size_z + group",TRUE,"Available",6.04394345211891e-05,6.04394345211891e-05,6.04394345211891e-05,0.000265933511893232,0.002052616180085,TRUE,-1.8646690036295,,"change in log odds of observed presence for the comparison group",,
"cdi_schubert","Anaerococcus","MaAsLin3 prevalence","MaAsLin3","prevalence","H","CDI","age_z + sex + antibiotics_3mo + log_library_size_z + group",TRUE,"Available",0.0463883509357831,0.0463883509357831,0.0463883509357831,0.074221361497253,0.289080275823281,FALSE,1.36882999574363,,"change in log odds of observed presence for the comparison group",,
"cdi_schubert","Anaerofilum","MaAsLin3 prevalence","MaAsLin3","prevalence","H","CDI","age_z + sex + antibiotics_3mo + log_library_size_z + group",TRUE,"Available",0.508156395969498,0.508156395969498,0.508156395969498,0.596236837937544,0.851254814212462,FALSE,-0.434660636841135,,"change in log odds of observed presence for the comparison group",,
"cdi_schubert","Anaerostipes","MaAsLin3 prevalence","MaAsLin3","prevalence","H","CDI","age_z + sex + antibiotics_3mo + log_library_size_z + group",TRUE,"Available",3.65222608710612e-05,3.65222608710612e-05,3.65222608710612e-05,0.000169155734560705,0.00145038536649095,TRUE,-2.14947305293249,,"change in log odds of observed presence for the comparison group",,
"cdi_schubert","Anaerovorax","MaAsLin3 prevalence","MaAsLin3","prevalence","H","CDI","age_z + sex + antibiotics_3mo + log_library_size_z + group",TRUE,"Available",4.26963797731197e-07,4.26963797731197e-07,4.26963797731197e-07,3.75728142003454e-06,3.14174194497206e-05,TRUE,-2.66664787744456,,"change in log odds of observed presence for the comparison group",,
"cdi_schubert","Arthrobacter","MaAsLin3 prevalence","MaAsLin3","prevalence","H","CDI","age_z + sex + antibiotics_3mo + log_library_size_z + group",TRUE,"Available",0.000988417326814507,0.000988417326814507,0.000988417326814507,0.00289935749198922,0.0189733152082002,TRUE,2.25750804331684,,"change in log odds of observed presence for the comparison group",,
"cdi_schubert","Bacteroides","MaAsLin3 prevalence","MaAsLin3","prevalence","H","CDI","age_z + sex + antibiotics_3mo + log_library_size_z + group",TRUE,"Available",0.0050486290736433,0.0050486290736433,0.0050486290736433,0.0116915620652792,0.0675445374549551,TRUE,-3.0210706900827,,"change in log odds of observed presence for the comparison group",,
"cdi_schubert","Barnesiella","MaAsLin3 prevalence","MaAsLin3","prevalence","H","CDI","age_z + sex + antibiotics_3mo + log_library_size_z + group",TRUE,"Available",0.000228370618058697,0.000228370618058697,0.000228370618058697,0.000913482472234788,0.0069534915774424,TRUE,-1.67628051433509,,"change in log odds of observed presence for the comparison group",,
"cdi_schubert","Bifidobacterium","MaAsLin3 prevalence","MaAsLin3","prevalence","H","CDI","age_z + sex + antibiotics_3mo + log_library_size_z + group",TRUE,"Available",0.243137043623038,0.243137043623038,0.243137043623038,0.31008782375112,0.629589470730622,FALSE,0.48378188172136,,"change in log odds of observed presence for the comparison group",,
"cdi_schubert","Bilophila","MaAsLin3 prevalence","MaAsLin3","prevalence","H","CDI","age_z + sex + antibiotics_3mo + log_library_size_z + group",TRUE,"Available",0.197983689166214,0.197983689166214,0.197983689166214,0.260038278307863,0.582731991779223,FALSE,-0.568243814749133,,"change in log odds of observed presence for the comparison group",,
"cdi_schubert","Blautia","MaAsLin3 prevalence","MaAsLin3","prevalence","H","CDI","age_z + sex + antibiotics_3mo + log_library_size_z + group",TRUE,"Available",0.00687275339381869,0.00687275339381869,0.00687275339381869,0.0137455067876374,0.0820086654965122,TRUE,-2.68831395759414,,"change in log odds of observed presence for the comparison group",,
"cdi_schubert","Buttiauxella","MaAsLin3 prevalence","MaAsLin3","prevalence","H","CDI","age_z + sex + antibiotics_3mo + log_library_size_z + group",TRUE,"Available",0.00260405646941742,0.00260405646941742,0.00260405646941742,0.00673991086202156,0.0418069429544651,TRUE,2.60076555219086,,"change in log odds of observed presence for the comparison group",,
"cdi_schubert","Butyricicoccus","MaAsLin3 prevalence","MaAsLin3","prevalence","H","CDI","age_z + sex + antibiotics_3mo + log_library_size_z + group",TRUE,"Available",1.76877085598878e-06,1.76877085598878e-06,1.76877085598878e-06,1.11179882376437e-05,9.76140416148807e-05,TRUE,-2.09572149207142,,"change in log odds of observed presence for the comparison group",,
"cdi_schubert","Butyricimonas","MaAsLin3 prevalence","MaAsLin3","prevalence","H","CDI","age_z + sex + antibiotics_3mo + log_library_size_z + group",TRUE,"Available",0.00212359160154354,0.00212359160154354,0.00212359160154354,0.00566291093744944,0.0347246552622768,TRUE,-1.32513819676306,,"change in log odds of observed presence for the comparison group",,
"cdi_schubert","Citrobacter","MaAsLin3 prevalence","MaAsLin3","prevalence","H","CDI","age_z + sex + antibiotics_3mo + log_library_size_z + group",TRUE,"Available",0.0662820037344412,0.0662820037344412,0.0662820037344412,0.0988612937056073,0.354127067784399,FALSE,1.07365560037245,,"change in log odds of observed presence for the comparison group",,
"cdi_schubert","Cloacibacillus","MaAsLin3 prevalence","MaAsLin3","prevalence","H","CDI","age_z + sex + antibiotics_3mo + log_library_size_z + group",TRUE,"Available",0.0599855027678378,0.0599855027678378,0.0599855027678378,0.0910124869580987,0.335235436354435,FALSE,-1.99832665043745,,"change in log odds of observed presence for the comparison group",,
"cdi_schubert","Clostridium_IV","MaAsLin3 prevalence","MaAsLin3","prevalence","H","CDI","age_z + sex + antibiotics_3mo + log_library_size_z + group",TRUE,"Available",6.15155846061484e-08,6.15155846061484e-08,6.15155846061484e-08,9.0222857422351e-07,6.78978265090363e-06,TRUE,-2.96990454867177,,"change in log odds of observed presence for the comparison group",,
"cdi_schubert","Clostridium_sensu_stricto","MaAsLin3 prevalence","MaAsLin3","prevalence","H","CDI","age_z + sex + antibiotics_3mo + log_library_size_z + group",TRUE,"Available",0.363202383516103,0.363202383516103,0.363202383516103,0.437833010265988,0.756878129466215,FALSE,0.369591007214998,,"change in log odds of observed presence for the comparison group",,
"cdi_schubert","Clostridium_XI","MaAsLin3 prevalence","MaAsLin3","prevalence","H","CDI","age_z + sex + antibiotics_3mo + log_library_size_z + group",TRUE,"Available",0.0439233288964337,0.0439233288964337,0.0439233288964337,0.0729293008091729,0.283097076025919,FALSE,1.07080399366524,,"change in log odds of observed presence for the comparison group",,
"cdi_schubert","Clostridium_XlVa","MaAsLin3 prevalence","MaAsLin3","prevalence","H","CDI","age_z + sex + antibiotics_3mo + log_library_size_z + group",TRUE,"Available",0.0387165969066014,0.0387165969066014,0.0387165969066014,0.0664938342710791,0.266882071188013,FALSE,-1.99789773347807,,"change in log odds of observed presence for the comparison group",,
"cdi_schubert","Clostridium_XlVb","MaAsLin3 prevalence","MaAsLin3","prevalence","H","CDI","age_z + sex + antibiotics_3mo + log_library_size_z + group",TRUE,"Available",5.59843036605143e-06,5.59843036605143e-06,5.59843036605143e-06,3.06159347232614e-05,0.000274634111845745,TRUE,-1.99498717288994,,"change in log odds of observed presence for the comparison group",,
"cdi_schubert","Clostridium_XVIII","MaAsLin3 prevalence","MaAsLin3","prevalence","H","CDI","age_z + sex + antibiotics_3mo + log_library_size_z + group",TRUE,"Available",0.226506684070664,0.226506684070664,0.226506684070664,0.293126297032624,0.608910700968155,FALSE,-0.568284214517022,,"change in log odds of observed presence for the comparison group",,
"cdi_schubert","Coprobacillus","MaAsLin3 prevalence","MaAsLin3","prevalence","H","CDI","age_z + sex + antibiotics_3mo + log_library_size_z + group",TRUE,"Available",0.0504206338005264,0.0504206338005264,0.0504206338005264,0.0792324245436844,0.305193521160099,FALSE,-0.834215236444467,,"change in log odds of observed presence for the comparison group",,
"cdi_schubert","Coprococcus","MaAsLin3 prevalence","MaAsLin3","prevalence","H","CDI","age_z + sex + antibiotics_3mo + log_library_size_z + group",TRUE,"Available",1.40269247564798e-06,1.40269247564798e-06,1.40269247564798e-06,9.49514906592482e-06,8.25718303998113e-05,TRUE,-2.2516051436961,,"change in log odds of observed presence for the comparison group",,
"cdi_schubert","Desulfovibrio","MaAsLin3 prevalence","MaAsLin3","prevalence","H","CDI","age_z + sex + antibiotics_3mo + log_library_size_z + group",TRUE,"Available",0.727650043790085,0.727650043790085,0.727650043790085,0.800415048169094,0.929380884680157,FALSE,-0.276637993176352,,"change in log odds of observed presence for the comparison group",,
"cdi_schubert","Dialister","MaAsLin3 prevalence","MaAsLin3","prevalence","H","CDI","age_z + sex + antibiotics_3mo + log_library_size_z + group",TRUE,"Available",0.130465774430525,0.130465774430525,0.130465774430525,0.179390439841971,0.498706834727936,FALSE,-0.582266538394215,,"change in log odds of observed presence for the comparison group",,
"cdi_schubert","Dorea","MaAsLin3 prevalence","MaAsLin3","prevalence","H","CDI","age_z + sex + antibiotics_3mo + log_library_size_z + group",TRUE,"Available",4.39698233580842e-08,4.39698233580842e-08,4.39698233580842e-08,7.73868891102282e-07,5.54647914645548e-06,TRUE,-2.60842771782807,,"change in log odds of observed presence for the comparison group",,
"cdi_schubert","Enterococcus","MaAsLin3 prevalence","MaAsLin3","prevalence","H","CDI","age_z + sex + antibiotics_3mo + log_library_size_z + group",TRUE,"Available",9.87664070367282e-10,9.87664070367282e-10,9.87664070367282e-10,8.69144381923208e-08,4.36053687067155e-07,TRUE,3.03091837473035,,"change in log odds of observed presence for the comparison group",,
"cdi_schubert","Erysipelotrichaceae_incertae_sedis","MaAsLin3 prevalence","MaAsLin3","prevalence","H","CDI","age_z + sex + antibiotics_3mo + log_library_size_z + group",TRUE,"Available",0.0392918111601831,0.0392918111601831,0.0392918111601831,0.0664938342710791,0.266882071188013,FALSE,-0.994886992553171,,"change in log odds of observed presence for the comparison group",,
"cdi_schubert","Ethanoligenens","MaAsLin3 prevalence","MaAsLin3","prevalence","H","CDI","age_z + sex + antibiotics_3mo + log_library_size_z + group",TRUE,"Available",0.000605622594016217,0.000605622594016217,0.000605622594016217,0.00197388104716397,0.01304304269552,TRUE,-1.55779302818361,,"change in log odds of observed presence for the comparison group",,
"cdi_schubert","Eubacterium","MaAsLin3 prevalence","MaAsLin3","prevalence","H","CDI","age_z + sex + antibiotics_3mo + log_library_size_z + group",TRUE,"Available",0.16278083873109,0.16278083873109,0.16278083873109,0.21704111830812,0.537742777062927,FALSE,-0.914191770097783,,"change in log odds of observed presence for the comparison group",,
"cdi_schubert","Faecalibacterium","MaAsLin3 prevalence","MaAsLin3","prevalence","H","CDI","age_z + sex + antibiotics_3mo + log_library_size_z + group",TRUE,"Available",2.96366668446218e-09,2.96366668446218e-09,2.96366668446218e-09,1.12456560626487e-07,6.77039611589919e-07,TRUE,-3.03953174246425,,"change in log odds of observed presence for the comparison group",,
"cdi_schubert","Finegoldia","MaAsLin3 prevalence","MaAsLin3","prevalence","H","CDI","age_z + sex + antibiotics_3mo + log_library_size_z + group",TRUE,"Available",0.950288792419716,0.950288792419716,0.950288792419716,0.961211652102701,0.982772535287853,FALSE,-0.0453181952908247,,"change in log odds of observed presence for the comparison group",,
"cdi_schubert","Flavonifractor","MaAsLin3 prevalence","MaAsLin3","prevalence","H","CDI","age_z + sex + antibiotics_3mo + log_library_size_z + group",TRUE,"Available",0.00661550524629445,0.00661550524629445,0.00661550524629445,0.0136330677449947,0.0805781365519465,TRUE,-1.09447931321847,,"change in log odds of observed presence for the comparison group",,
"cdi_schubert","Fusobacterium","MaAsLin3 prevalence","MaAsLin3","prevalence","H","CDI","age_z + sex + antibiotics_3mo + log_library_size_z + group",TRUE,"Available",1.34829529536342e-06,1.34829529536342e-06,1.34829529536342e-06,9.49514906592482e-06,8.25718303998113e-05,TRUE,3.0653612767204,,"change in log odds of observed presence for the comparison group",,
"cdi_schubert","Gemella","MaAsLin3 prevalence","MaAsLin3","prevalence","H","CDI","age_z + sex + antibiotics_3mo + log_library_size_z + group",TRUE,"Available",0.0359704279889215,0.0359704279889215,0.0359704279889215,0.0645999523066345,0.264682399285147,FALSE,1.47293184747916,,"change in log odds of observed presence for the comparison group",,
"cdi_schubert","Gemmiger","MaAsLin3 prevalence","MaAsLin3","prevalence","H","CDI","age_z + sex + antibiotics_3mo + log_library_size_z + group",TRUE,"Available",2.91744013877026e-07,2.91744013877026e-07,2.91744013877026e-07,3.20918415264728e-06,2.57609964253414e-05,TRUE,-2.27080195637427,,"change in log odds of observed presence for the comparison group",,
"cdi_schubert","Haemophilus","MaAsLin3 prevalence","MaAsLin3","prevalence","H","CDI","age_z + sex + antibiotics_3mo + log_library_size_z + group",TRUE,"Available",0.716542830067509,0.716542830067509,0.716542830067509,0.79817429172077,0.928716748180165,FALSE,-0.186903512973597,,"change in log odds of observed presence for the comparison group",,
"cdi_schubert","Hespellia","MaAsLin3 prevalence","MaAsLin3","prevalence","H","CDI","age_z + sex + antibiotics_3mo + log_library_size_z + group",TRUE,"Available",0.746582972605225,0.746582972605225,0.746582972605225,0.811102488756294,0.936470141831596,FALSE,-0.245166383908248,,"change in log odds of observed presence for the comparison group",,
"cdi_schubert","Howardella","MaAsLin3 prevalence","MaAsLin3","prevalence","H","CDI","age_z + sex + antibiotics_3mo + log_library_size_z + group",TRUE,"Available",0.606177573638688,0.606177573638688,0.606177573638688,0.687154970306344,0.889355992354748,FALSE,-0.390148561892483,,"change in log odds of observed presence for the comparison group",,
"cdi_schubert","Kluyvera","MaAsLin3 prevalence","MaAsLin3","prevalence","H","CDI","age_z + sex + antibiotics_3mo + log_library_size_z + group",TRUE,"Available",0.0193363176823114,0.0193363176823114,0.0193363176823114,0.0369912164357261,0.183591059284741,TRUE,1.79542119003593,,"change in log odds of observed presence for the comparison group",,
"cdi_schubert","Lachnospiracea_incertae_sedis","MaAsLin3 prevalence","MaAsLin3","prevalence","H","CDI","age_z + sex + antibiotics_3mo + log_library_size_z + group",TRUE,"Available",3.83374638499388e-09,3.83374638499388e-09,3.83374638499388e-09,1.12456560626487e-07,6.77039611589919e-07,TRUE,-3.17255491438065,,"change in log odds of observed presence for the comparison group",,
"cdi_schubert","Lactobacillus","MaAsLin3 prevalence","MaAsLin3","prevalence","H","CDI","age_z + sex + antibiotics_3mo + log_library_size_z + group",TRUE,"Available",7.11194788425951e-07,7.11194788425951e-07,7.11194788425951e-07,5.6895583074076e-06,4.83065383215473e-05,TRUE,2.13936624629263,,"change in log odds of observed presence for the comparison group",,
"cdi_schubert","Lactococcus","MaAsLin3 prevalence","MaAsLin3","prevalence","H","CDI","age_z + sex + antibiotics_3mo + log_library_size_z + group",TRUE,"Available",0.940364819610682,0.940364819610682,0.940364819610682,0.961211652102701,0.982772535287853,FALSE,0.0405253854094087,,"change in log odds of observed presence for the comparison group",,
"cdi_schubert","Lactonifactor","MaAsLin3 prevalence","MaAsLin3","prevalence","H","CDI","age_z + sex + antibiotics_3mo + log_library_size_z + group",TRUE,"Available",0.550276705506764,0.550276705506764,0.550276705506764,0.637162501113095,0.867391005856653,FALSE,0.452700164967625,,"change in log odds of observed presence for the comparison group",,
"cdi_schubert","Megasphaera","MaAsLin3 prevalence","MaAsLin3","prevalence","H","CDI","age_z + sex + antibiotics_3mo + log_library_size_z + group",TRUE,"Available",0.0530068904298867,0.0530068904298867,0.0530068904298867,0.0818351992601759,0.311674537601115,FALSE,-1.55477774145755,,"change in log odds of observed presence for the comparison group",,
"cdi_schubert","Methanobrevibacter","MaAsLin3 prevalence","MaAsLin3","prevalence","H","CDI","age_z + sex + antibiotics_3mo + log_library_size_z + group",TRUE,"Available",0.0458974229319047,0.0458974229319047,0.0458974229319047,0.074221361497253,0.289080275823281,FALSE,-1.49643814380629,,"change in log odds of observed presence for the comparison group",,
"cdi_schubert","Odoribacter","MaAsLin3 prevalence","MaAsLin3","prevalence","H","CDI","age_z + sex + antibiotics_3mo + log_library_size_z + group",TRUE,"Available",3.79429429964482e-06,3.79429429964482e-06,3.79429429964482e-06,2.22598598912496e-05,0.000197080109799198,TRUE,-1.96815256707069,,"change in log odds of observed presence for the comparison group",,
"cdi_schubert","Oscillibacter","MaAsLin3 prevalence","MaAsLin3","prevalence","H","CDI","age_z + sex + antibiotics_3mo + log_library_size_z + group",TRUE,"Available",3.58322222379857e-07,3.58322222379857e-07,3.58322222379857e-07,3.50359506326971e-06,2.87635020328558e-05,TRUE,-2.71437472019811,,"change in log odds of observed presence for the comparison group",,
"cdi_schubert","Pandoraea","MaAsLin3 prevalence","MaAsLin3","prevalence","H","CDI","age_z + sex + antibiotics_3mo + log_library_size_z + group",TRUE,"Available",0.335687970805519,0.335687970805519,0.335687970805519,0.416063963815291,0.731756139163384,FALSE,0.633764501723405,,"change in log odds of observed presence for the comparison group",,
"cdi_schubert","Parabacteroides","MaAsLin3 prevalence","MaAsLin3","prevalence","H","CDI","age_z + sex + antibiotics_3mo + log_library_size_z + group",TRUE,"Available",0.000464908779302532,0.000464908779302532,0.000464908779302532,0.00170466552410928,0.0114031792256704,TRUE,-1.69387852496619,,"change in log odds of observed presence for the comparison group",,
"cdi_schubert","Paraprevotella","MaAsLin3 prevalence","MaAsLin3","prevalence","H","CDI","age_z + sex + antibiotics_3mo + log_library_size_z + group",TRUE,"Available",0.773756969297779,0.773756969297779,0.773756969297779,0.830373332904933,0.937199649096119,FALSE,-0.154320246640626,,"change in log odds of observed presence for the comparison group",,
"cdi_schubert","Parasutterella","MaAsLin3 prevalence","MaAsLin3","prevalence","H","CDI","age_z + sex + antibiotics_3mo + log_library_size_z + group",TRUE,"Available",0.00129549582053395,0.00129549582053395,0.00129549582053395,0.00367753652280605,0.0228784561906295,TRUE,-1.32577143083505,,"change in log odds of observed presence for the comparison group",,
"cdi_schubert","Prevotella","MaAsLin3 prevalence","MaAsLin3","prevalence","H","CDI","age_z + sex + antibiotics_3mo + log_library_size_z + group",TRUE,"Available",0.00418081321408635,0.00418081321408635,0.00418081321408635,0.0102197656344333,0.0605189847219385,TRUE,-1.42742152187729,,"change in log odds of observed presence for the comparison group",,
"cdi_schubert","Proteus","MaAsLin3 prevalence","MaAsLin3","prevalence","H","CDI","age_z + sex + antibiotics_3mo + log_library_size_z + group",TRUE,"Available",0.132620344368942,0.132620344368942,0.132620344368942,0.179547543145645,0.500443436229811,FALSE,1.21982306910165,,"change in log odds of observed presence for the comparison group",,
"cdi_schubert","Raoultella","MaAsLin3 prevalence","MaAsLin3","prevalence","H","CDI","age_z + sex + antibiotics_3mo + log_library_size_z + group",TRUE,"Available",0.000979891932370217,0.000979891932370217,0.000979891932370217,0.00289935749198922,0.0189733152082002,TRUE,1.78307296888622,,"change in log odds of observed presence for the comparison group",,
"cdi_schubert","Roseburia","MaAsLin3 prevalence","MaAsLin3","prevalence","H","CDI","age_z + sex + antibiotics_3mo + log_library_size_z + group",TRUE,"Available",2.97756074985271e-05,2.97756074985271e-05,2.97756074985271e-05,0.000145569636659466,0.0012519934010095,TRUE,-1.80173179772843,,"change in log odds of observed presence for the comparison group",,
"cdi_schubert","Ruminococcus","MaAsLin3 prevalence","MaAsLin3","prevalence","H","CDI","age_z + sex + antibiotics_3mo + log_library_size_z + group",TRUE,"Available",1.74031405633052e-08,1.74031405633052e-08,1.74031405633052e-08,3.82869092392714e-07,2.56116218623308e-06,TRUE,-3.17352650240587,,"change in log odds of observed presence for the comparison group",,
"cdi_schubert","Ruminococcus2","MaAsLin3 prevalence","MaAsLin3","prevalence","H","CDI","age_z + sex + antibiotics_3mo + log_library_size_z + group",TRUE,"Available",0.000371230247134605,0.000371230247134605,0.000371230247134605,0.00142035920642805,0.00993322146120775,TRUE,-2.29127501361572,,"change in log odds of observed presence for the comparison group",,
"cdi_schubert","Sarcina","MaAsLin3 prevalence","MaAsLin3","prevalence","H","CDI","age_z + sex + antibiotics_3mo + log_library_size_z + group",TRUE,"Available",0.250145944792665,0.250145944792665,0.250145944792665,0.31446918773935,0.643961717935636,FALSE,0.601141586324373,,"change in log odds of observed presence for the comparison group",,
"cdi_schubert","Serratia","MaAsLin3 prevalence","MaAsLin3","prevalence","H","CDI","age_z + sex + antibiotics_3mo + log_library_size_z + group",TRUE,"Available",0.0151658691592916,0.0151658691592916,0.0151658691592916,0.0296576996892814,0.155714679856448,TRUE,1.27240412000665,,"change in log odds of observed presence for the comparison group",,
"cdi_schubert","Sporobacter","MaAsLin3 prevalence","MaAsLin3","prevalence","H","CDI","age_z + sex + antibiotics_3mo + log_library_size_z + group",TRUE,"Available",0.091161553491545,0.091161553491545,0.091161553491545,0.131511749299278,0.425902919222403,FALSE,-1.33184850000381,,"change in log odds of observed presence for the comparison group",,
"cdi_schubert","Streptococcus","MaAsLin3 prevalence","MaAsLin3","prevalence","H","CDI","age_z + sex + antibiotics_3mo + log_library_size_z + group",TRUE,"Available",0.0227899255691835,0.0227899255691835,0.0227899255691835,0.0426704989380456,0.20123504277589,TRUE,1.24936739949743,,"change in log odds of observed presence for the comparison group",,
"cdi_schubert","Sutterella","MaAsLin3 prevalence","MaAsLin3","prevalence","H","CDI","age_z + sex + antibiotics_3mo + log_library_size_z + group",TRUE,"Available",0.025428397678891,0.025428397678891,0.025428397678891,0.0466187290779669,0.215183474831755,TRUE,-1.15194922158374,,"change in log odds of observed presence for the comparison group",,
"cdi_schubert","Syntrophococcus","MaAsLin3 prevalence","MaAsLin3","prevalence","H","CDI","age_z + sex + antibiotics_3mo + log_library_size_z + group",TRUE,"Available",0.0059903500971239,0.0059903500971239,0.0059903500971239,0.0131787702136726,0.0755639876537201,TRUE,-2.32910367872279,,"change in log odds of observed presence for the comparison group",,
"cdi_schubert","Tetragenococcus","MaAsLin3 prevalence","MaAsLin3","prevalence","H","CDI","age_z + sex + antibiotics_3mo + log_library_size_z + group",TRUE,"Available",5.91444193517549e-06,5.91444193517549e-06,5.91444193517549e-06,3.06159347232614e-05,0.00027486590677684,TRUE,2.49139115749132,,"change in log odds of observed presence for the comparison group",,
"cdi_schubert","Turicibacter","MaAsLin3 prevalence","MaAsLin3","prevalence","H","CDI","age_z + sex + antibiotics_3mo + log_library_size_z + group",TRUE,"Available",0.0375747669585963,0.0375747669585963,0.0375747669585963,0.0661315898471294,0.266882071188013,FALSE,-0.85724955344291,,"change in log odds of observed presence for the comparison group",,
"cdi_schubert","Unclassified_Acidaminococcaceae","MaAsLin3 prevalence","MaAsLin3","prevalence","H","CDI","age_z + sex + antibiotics_3mo + log_library_size_z + group",TRUE,"Available",0.00666161264812242,0.00666161264812242,0.00666161264812242,0.0136330677449947,0.0805781365519465,TRUE,-1.71375527714079,,"change in log odds of observed presence for the comparison group",,
"cdi_schubert","Unclassified_Actinobacteria","MaAsLin3 prevalence","MaAsLin3","prevalence","H","CDI","age_z + sex + antibiotics_3mo + log_library_size_z + group",TRUE,"Available",0.00188182769292389,0.00188182769292389,0.00188182769292389,0.00517502615554068,0.0313519594877696,TRUE,-2.61644834508242,,"change in log odds of observed presence for the comparison group",,
"cdi_schubert","Unclassified_Clostridia","MaAsLin3 prevalence","MaAsLin3","prevalence","H","CDI","age_z + sex + antibiotics_3mo + log_library_size_z + group",TRUE,"Available",0.00520078034076169,0.00520078034076169,0.00520078034076169,0.0117350941022315,0.0685416274760086,TRUE,-1.73131881403847,,"change in log odds of observed presence for the comparison group",,
"cdi_schubert","Unclassified_Clostridiaceae_1","MaAsLin3 prevalence","MaAsLin3","prevalence","H","CDI","age_z + sex + antibiotics_3mo + log_library_size_z + group",TRUE,"Available",0.372716342798058,0.372716342798058,0.372716342798058,0.443230245489582,0.7575576845217,FALSE,-0.782270689651782,,"change in log odds of observed presence for the comparison group",,
"cdi_schubert","Unclassified_Clostridiales","MaAsLin3 prevalence","MaAsLin3","prevalence","H","CDI","age_z + sex + antibiotics_3mo + log_library_size_z + group",TRUE,"Available",1.90937926959969e-07,1.90937926959969e-07,1.90937926959969e-07,2.40036251035389e-06,1.87331321672947e-05,TRUE,-2.45285802190088,,"change in log odds of observed presence for the comparison group",,
"cdi_schubert","Unclassified_Enterobacteriaceae","MaAsLin3 prevalence","MaAsLin3","prevalence","H","CDI","age_z + sex + antibiotics_3mo + log_library_size_z + group",TRUE,"Available",0.119273884651555,0.119273884651555,0.119273884651555,0.166604791259314,0.481173435971482,FALSE,0.77205187336087,,"change in log odds of observed presence for the comparison group",,
"cdi_schubert","Unclassified_Eubacteriaceae","MaAsLin3 prevalence","MaAsLin3","prevalence","H","CDI","age_z + sex + antibiotics_3mo + log_library_size_z + group",TRUE,"Available",0.609069178226078,0.609069178226078,0.609069178226078,0.687154970306344,0.889355992354748,FALSE,0.311592069141017,,"change in log odds of observed presence for the comparison group",,
"cdi_schubert","Unclassified_Firmicutes","MaAsLin3 prevalence","MaAsLin3","prevalence","H","CDI","age_z + sex + antibiotics_3mo + log_library_size_z + group",TRUE,"Available",0.000496155310157429,0.000496155310157429,0.000496155310157429,0.00170730682984899,0.0114208479602777,TRUE,-2.94160984231598,,"change in log odds of observed presence for the comparison group",,
"cdi_schubert","Unclassified_Lachnospiraceae","MaAsLin3 prevalence","MaAsLin3","prevalence","H","CDI","age_z + sex + antibiotics_3mo + log_library_size_z + group",TRUE,"Available",0.000504431563364476,0.000504431563364476,0.000504431563364476,0.00170730682984899,0.0114208479602777,TRUE,-3.33313065085815,,"change in log odds of observed presence for the comparison group",,
"cdi_schubert","Unclassified_Pasteurellaceae","MaAsLin3 prevalence","MaAsLin3","prevalence","H","CDI","age_z + sex + antibiotics_3mo + log_library_size_z + group",TRUE,"Available",0.360585376285566,0.360585376285566,0.360585376285566,0.437833010265988,0.756878129466215,FALSE,0.652941586877652,,"change in log odds of observed presence for the comparison group",,
"cdi_schubert","Unclassified_Prevotellaceae","MaAsLin3 prevalence","MaAsLin3","prevalence","H","CDI","age_z + sex + antibiotics_3mo + log_library_size_z + group",TRUE,"Available",0.00620454910520612,0.00620454910520612,0.00620454910520612,0.0133170810062961,0.0771636177450282,TRUE,-2.54670464829174,,"change in log odds of observed presence for the comparison group",,
"cdi_schubert","Unclassified_Proteobacteria","MaAsLin3 prevalence","MaAsLin3","prevalence","H","CDI","age_z + sex + antibiotics_3mo + log_library_size_z + group",TRUE,"Available",0.84360679678577,0.84360679678577,0.84360679678577,0.89442648333913,0.953783356673285,FALSE,-0.088246908089287,,"change in log odds of observed presence for the comparison group",,
"cdi_schubert","Unclassified_Ruminococcaceae","MaAsLin3 prevalence","MaAsLin3","prevalence","H","CDI","age_z + sex + antibiotics_3mo + log_library_size_z + group",TRUE,"Available",0.00381278100064841,0.00381278100064841,0.00381278100064841,0.00958642080163028,0.058046303854699,TRUE,-2.79419403836121,,"change in log odds of observed presence for the comparison group",,
"cdi_schubert","Unclassified_Selenomonadales","MaAsLin3 prevalence","MaAsLin3","prevalence","H","CDI","age_z + sex + antibiotics_3mo + log_library_size_z + group",TRUE,"Available",0.114785480564971,0.114785480564971,0.114785480564971,0.162921327253507,0.473624202518082,FALSE,-0.616470400892095,,"change in log odds of observed presence for the comparison group",,
"cdi_schubert","Unclassified_Sphingomonadaceae","MaAsLin3 prevalence","MaAsLin3","prevalence","H","CDI","age_z + sex + antibiotics_3mo + log_library_size_z + group",TRUE,"Available",0.918571718388486,0.918571718388486,0.918571718388486,0.95099189668455,0.98269058824488,FALSE,0.0481913422002264,,"change in log odds of observed presence for the comparison group",,
"cdi_schubert","Unclassified_Veillonellaceae","MaAsLin3 prevalence","MaAsLin3","prevalence","H","CDI","age_z + sex + antibiotics_3mo + log_library_size_z + group",TRUE,"Available",0.0689053935529883,0.0689053935529883,0.0689053935529883,0.101061243877716,0.359672246162371,FALSE,-0.795175171995888,,"change in log odds of observed presence for the comparison group",,
"cdi_schubert","Veillonella","MaAsLin3 prevalence","MaAsLin3","prevalence","H","CDI","age_z + sex + antibiotics_3mo + log_library_size_z + group",TRUE,"Available",0.00445814453004901,0.00445814453004901,0.00445814453004901,0.0106031545579544,0.0624847876195758,TRUE,1.14013894977632,,"change in log odds of observed presence for the comparison group",,
"cdi_schubert","Yersinia","MaAsLin3 prevalence","MaAsLin3","prevalence","H","CDI","age_z + sex + antibiotics_3mo + log_library_size_z + group",TRUE,"Available",0.000793754306325086,0.000793754306325086,0.000793754306325086,0.00249465639130741,0.0162996523833733,TRUE,1.74329568894728,,"change in log odds of observed presence for the comparison group",,
"cdi_schubert","Acidaminococcus","MaAsLin3 abundance","MaAsLin3","abundance","H","CDI","age_z + sex + antibiotics_3mo + log_library_size_z + group",TRUE,"Available",0.814652592183609,0.814652592183609,0.814652592183609,0.87678316198851,0.942817175597374,FALSE,-0.165631472794833,,"log2 relative-abundance coefficient tested against the feature-median compositional null",,
"cdi_schubert","Actinomyces","MaAsLin3 abundance","MaAsLin3","abundance","H","CDI","age_z + sex + antibiotics_3mo + log_library_size_z + group",TRUE,"Available",0.890219896254845,0.890219896254845,0.890219896254845,0.94384760084851,0.97164915746975,FALSE,0.173110706831716,,"log2 relative-abundance coefficient tested against the feature-median compositional null",,
"cdi_schubert","Akkermansia","MaAsLin3 abundance","MaAsLin3","abundance","H","CDI","age_z + sex + antibiotics_3mo + log_library_size_z + group",TRUE,"Available",0.0189868932865992,0.0189868932865992,0.0189868932865992,0.0835423304610365,0.182232899696381,FALSE,2.16865950039852,,"log2 relative-abundance coefficient tested against the feature-median compositional null",,
"cdi_schubert","Alistipes","MaAsLin3 abundance","MaAsLin3","abundance","H","CDI","age_z + sex + antibiotics_3mo + log_library_size_z + group",TRUE,"Available",0.000362973341901163,0.000362973341901163,0.000362973341901163,0.00377599068675622,0.00993322146120775,TRUE,-1.95253377277424,,"log2 relative-abundance coefficient tested against the feature-median compositional null",,
"cdi_schubert","Anaerococcus","MaAsLin3 abundance","MaAsLin3","abundance","H","CDI","age_z + sex + antibiotics_3mo + log_library_size_z + group",TRUE,"Available",0.143523257945671,0.143523257945671,0.143523257945671,0.336338388340086,0.522665573789785,FALSE,2.1986937863988,,"log2 relative-abundance coefficient tested against the feature-median compositional null",,
"cdi_schubert","Anaerofilum","MaAsLin3 abundance","MaAsLin3","abundance","H","CDI","age_z + sex + antibiotics_3mo + log_library_size_z + group",TRUE,"Available",0.29423129674404,0.29423129674404,0.29423129674404,0.53942404403074,0.681906128674507,FALSE,0.778211220246252,,"log2 relative-abundance coefficient tested against the feature-median compositional null",,
"cdi_schubert","Anaerostipes","MaAsLin3 abundance","MaAsLin3","abundance","H","CDI","age_z + sex + antibiotics_3mo + log_library_size_z + group",TRUE,"Available",0.00347420611139349,0.00347420611139349,0.00347420611139349,0.0203820091868418,0.0538197192343938,TRUE,-1.31959237713414,,"log2 relative-abundance coefficient tested against the feature-median compositional null",,
"cdi_schubert","Anaerovorax","MaAsLin3 abundance","MaAsLin3","abundance","H","CDI","age_z + sex + antibiotics_3mo + log_library_size_z + group",TRUE,"Available",0.427834288248009,0.427834288248009,0.427834288248009,0.656226771410675,0.798684305545437,FALSE,0.529748448015955,,"log2 relative-abundance coefficient tested against the feature-median compositional null",,
"cdi_schubert","Arthrobacter","MaAsLin3 abundance","MaAsLin3","abundance","H","CDI","age_z + sex + antibiotics_3mo + log_library_size_z + group",TRUE,"Available",0.568254508256723,0.568254508256723,0.568254508256723,0.745750633512375,0.880296018931029,FALSE,0.570507345415965,,"log2 relative-abundance coefficient tested against the feature-median compositional null",,
"cdi_schubert","Bacteroides","MaAsLin3 abundance","MaAsLin3","abundance","H","CDI","age_z + sex + antibiotics_3mo + log_library_size_z + group",TRUE,"Available",0.000924086161808835,0.000924086161808835,0.000924086161808835,0.00677663185326479,0.0185447291108455,TRUE,-1.70058575154096,,"log2 relative-abundance coefficient tested against the feature-median compositional null",,
"cdi_schubert","Barnesiella","MaAsLin3 abundance","MaAsLin3","abundance","H","CDI","age_z + sex + antibiotics_3mo + log_library_size_z + group",TRUE,"Available",0.0216962813196792,0.0216962813196792,0.0216962813196792,0.0909177502919889,0.199560587554966,FALSE,-2.3933918594948,,"log2 relative-abundance coefficient tested against the feature-median compositional null",,
"cdi_schubert","Bifidobacterium","MaAsLin3 abundance","MaAsLin3","abundance","H","CDI","age_z + sex + antibiotics_3mo + log_library_size_z + group",TRUE,"Available",0.291537251051279,0.291537251051279,0.291537251051279,0.53942404403074,0.679425145520836,FALSE,-0.718755325409896,,"log2 relative-abundance coefficient tested against the feature-median compositional null",,
"cdi_schubert","Bilophila","MaAsLin3 abundance","MaAsLin3","abundance","H","CDI","age_z + sex + antibiotics_3mo + log_library_size_z + group",TRUE,"Available",0.0990271144879704,0.0990271144879704,0.0990271144879704,0.264072305301254,0.443132330780856,FALSE,1.18676571263578,,"log2 relative-abundance coefficient tested against the feature-median compositional null",,
"cdi_schubert","Blautia","MaAsLin3 abundance","MaAsLin3","abundance","H","CDI","age_z + sex + antibiotics_3mo + log_library_size_z + group",TRUE,"Available",0.025224787858855,0.025224787858855,0.025224787858855,0.10089915143542,0.215183474831755,FALSE,1.04121850006338,,"log2 relative-abundance coefficient tested against the feature-median compositional null",,
"cdi_schubert","Buttiauxella","MaAsLin3 abundance","MaAsLin3","abundance","H","CDI","age_z + sex + antibiotics_3mo + log_library_size_z + group",TRUE,"Available",0.619831713710311,0.619831713710311,0.619831713710311,0.749181119723809,0.893250794454278,FALSE,-0.752215448988384,,"log2 relative-abundance coefficient tested against the feature-median compositional null",,
"cdi_schubert","Butyricicoccus","MaAsLin3 abundance","MaAsLin3","abundance","H","CDI","age_z + sex + antibiotics_3mo + log_library_size_z + group",TRUE,"Available",0.329306031311139,0.329306031311139,0.329306031311139,0.579578615107604,0.726448391755238,FALSE,0.506949210819167,,"log2 relative-abundance coefficient tested against the feature-median compositional null",,
"cdi_schubert","Butyricimonas","MaAsLin3 abundance","MaAsLin3","abundance","H","CDI","age_z + sex + antibiotics_3mo + log_library_size_z + group",TRUE,"Available",0.124012623976522,0.124012623976522,0.124012623976522,0.320973850292174,0.486680653205638,FALSE,-1.08024377730657,,"log2 relative-abundance coefficient tested against the feature-median compositional null",,
"cdi_schubert","Citrobacter","MaAsLin3 abundance","MaAsLin3","abundance","H","CDI","age_z + sex + antibiotics_3mo + log_library_size_z + group",TRUE,"Available",0.621068494980557,0.621068494980557,0.621068494980557,0.749181119723809,0.893250794454278,FALSE,0.248802726640805,,"log2 relative-abundance coefficient tested against the feature-median compositional null",,
"cdi_schubert","Cloacibacillus","MaAsLin3 abundance","MaAsLin3","abundance","H","CDI","age_z + sex + antibiotics_3mo + log_library_size_z + group",FALSE,"Model fitting did not return a valid p-value",,,1,1,,FALSE,,,"log2 relative-abundance coefficient tested against the feature-median compositional null",,
"cdi_schubert","Clostridium_IV","MaAsLin3 abundance","MaAsLin3","abundance","H","CDI","age_z + sex + antibiotics_3mo + log_library_size_z + group",TRUE,"Available",0.0104081826122647,0.0104081826122647,0.0104081826122647,0.0538776511693704,0.114880315582872,FALSE,-1.14527337551882,,"log2 relative-abundance coefficient tested against the feature-median compositional null",,
"cdi_schubert","Clostridium_sensu_stricto","MaAsLin3 abundance","MaAsLin3","abundance","H","CDI","age_z + sex + antibiotics_3mo + log_library_size_z + group",TRUE,"Available",0.247562169170075,0.247562169170075,0.247562169170075,0.484121575265924,0.639173670693497,FALSE,0.739545505713178,,"log2 relative-abundance coefficient tested against the feature-median compositional null",,
"cdi_schubert","Clostridium_XI","MaAsLin3 abundance","MaAsLin3","abundance","H","CDI","age_z + sex + antibiotics_3mo + log_library_size_z + group",TRUE,"Available",0.146337492163453,0.146337492163453,0.146337492163453,0.336338388340086,0.522665573789785,FALSE,0.808166104601643,,"log2 relative-abundance coefficient tested against the feature-median compositional null",,
"cdi_schubert","Clostridium_XlVa","MaAsLin3 abundance","MaAsLin3","abundance","H","CDI","age_z + sex + antibiotics_3mo + log_library_size_z + group",TRUE,"Available",0.0304921064898221,0.0304921064898221,0.0304921064898221,0.11666545091758,0.250310676670121,FALSE,-0.837047752562797,,"log2 relative-abundance coefficient tested against the feature-median compositional null",,
"cdi_schubert","Clostridium_XlVb","MaAsLin3 abundance","MaAsLin3","abundance","H","CDI","age_z + sex + antibiotics_3mo + log_library_size_z + group",TRUE,"Available",3.77790072811912e-05,3.77790072811912e-05,3.77790072811912e-05,0.000909179585478537,0.00145038536649095,TRUE,2.42313232529551,,"log2 relative-abundance coefficient tested against the feature-median compositional null",,
"cdi_schubert","Clostridium_XVIII","MaAsLin3 abundance","MaAsLin3","abundance","H","CDI","age_z + sex + antibiotics_3mo + log_library_size_z + group",TRUE,"Available",0.0911008183526263,0.0911008183526263,0.0911008183526263,0.258608774678423,0.425902919222403,FALSE,0.903970474407059,,"log2 relative-abundance coefficient tested against the feature-median compositional null",,
"cdi_schubert","Coprobacillus","MaAsLin3 abundance","MaAsLin3","abundance","H","CDI","age_z + sex + antibiotics_3mo + log_library_size_z + group",TRUE,"Available",0.427286413314919,0.427286413314919,0.427286413314919,0.656226771410675,0.798684305545437,FALSE,0.653634582265855,,"log2 relative-abundance coefficient tested against the feature-median compositional null",,
"cdi_schubert","Coprococcus","MaAsLin3 abundance","MaAsLin3","abundance","H","CDI","age_z + sex + antibiotics_3mo + log_library_size_z + group",TRUE,"Available",0.607410184834631,0.607410184834631,0.607410184834631,0.749181119723809,0.889355992354748,FALSE,0.341294157535035,,"log2 relative-abundance coefficient tested against the feature-median compositional null",,
"cdi_schubert","Desulfovibrio","MaAsLin3 abundance","MaAsLin3","abundance","H","CDI","age_z + sex + antibiotics_3mo + log_library_size_z + group",TRUE,"Available",0.927567993433717,0.927567993433717,0.927567993433717,0.971737897882942,0.98269058824488,FALSE,-0.0502527130300068,,"log2 relative-abundance coefficient tested against the feature-median compositional null",,
"cdi_schubert","Dialister","MaAsLin3 abundance","MaAsLin3","abundance","H","CDI","age_z + sex + antibiotics_3mo + log_library_size_z + group",TRUE,"Available",0.147765424690267,0.147765424690267,0.147765424690267,0.336338388340086,0.522665573789785,FALSE,1.19808573691257,,"log2 relative-abundance coefficient tested against the feature-median compositional null",,
"cdi_schubert","Dorea","MaAsLin3 abundance","MaAsLin3","abundance","H","CDI","age_z + sex + antibiotics_3mo + log_library_size_z + group",TRUE,"Available",0.160848214331319,0.160848214331319,0.160848214331319,0.352733763785902,0.537742777062927,FALSE,-0.707924868093503,,"log2 relative-abundance coefficient tested against the feature-median compositional null",,
"cdi_schubert","Enterococcus","MaAsLin3 abundance","MaAsLin3","abundance","H","CDI","age_z + sex + antibiotics_3mo + log_library_size_z + group",TRUE,"Available",0.000565076400405373,0.000565076400405373,0.000565076400405373,0.00452061120324299,0.0124740615389486,TRUE,3.26735036754103,,"log2 relative-abundance coefficient tested against the feature-median compositional null",,
"cdi_schubert","Erysipelotrichaceae_incertae_sedis","MaAsLin3 abundance","MaAsLin3","abundance","H","CDI","age_z + sex + antibiotics_3mo + log_library_size_z + group",TRUE,"Available",9.67694900748661e-05,9.67694900748661e-05,9.67694900748661e-05,0.00170314302531764,0.00316472073096692,TRUE,2.0747400571278,,"log2 relative-abundance coefficient tested against the feature-median compositional null",,
"cdi_schubert","Ethanoligenens","MaAsLin3 abundance","MaAsLin3","abundance","H","CDI","age_z + sex + antibiotics_3mo + log_library_size_z + group",TRUE,"Available",0.415601231399434,0.415601231399434,0.415601231399434,0.656226771410675,0.787501904132403,FALSE,-0.456818355826807,,"log2 relative-abundance coefficient tested against the feature-median compositional null",,
"cdi_schubert","Eubacterium","MaAsLin3 abundance","MaAsLin3","abundance","H","CDI","age_z + sex + antibiotics_3mo + log_library_size_z + group",TRUE,"Available",0.474033039468183,0.474033039468183,0.474033039468183,0.695248457886668,0.835471404891029,FALSE,-0.299963030785322,,"log2 relative-abundance coefficient tested against the feature-median compositional null",,
"cdi_schubert","Faecalibacterium","MaAsLin3 abundance","MaAsLin3","abundance","H","CDI","age_z + sex + antibiotics_3mo + log_library_size_z + group",TRUE,"Available",0.000268532534740906,0.000268532534740906,0.000268532534740906,0.00338625219583452,0.00767244311673503,TRUE,-1.85710463176558,,"log2 relative-abundance coefficient tested against the feature-median compositional null",,
"cdi_schubert","Finegoldia","MaAsLin3 abundance","MaAsLin3","abundance","H","CDI","age_z + sex + antibiotics_3mo + log_library_size_z + group",TRUE,"Available",0.171754385814382,0.171754385814382,0.171754385814382,0.359866332182514,0.543581084853402,FALSE,1.85290658923233,,"log2 relative-abundance coefficient tested against the feature-median compositional null",,
"cdi_schubert","Flavonifractor","MaAsLin3 abundance","MaAsLin3","abundance","H","CDI","age_z + sex + antibiotics_3mo + log_library_size_z + group",TRUE,"Available",0.340332187293824,0.340332187293824,0.340332187293824,0.587239852585422,0.736552258285408,FALSE,0.48177704659055,,"log2 relative-abundance coefficient tested against the feature-median compositional null",,
"cdi_schubert","Fusobacterium","MaAsLin3 abundance","MaAsLin3","abundance","H","CDI","age_z + sex + antibiotics_3mo + log_library_size_z + group",TRUE,"Available",0.591310982887375,0.591310982887375,0.591310982887375,0.749181119723809,0.883097807256726,FALSE,1.28629991714055,,"log2 relative-abundance coefficient tested against the feature-median compositional null",,
"cdi_schubert","Gemella","MaAsLin3 abundance","MaAsLin3","abundance","H","CDI","age_z + sex + antibiotics_3mo + log_library_size_z + group",TRUE,"Available",0.180714305506278,0.180714305506278,0.180714305506278,0.369833927547732,0.552147860768317,FALSE,1.99637445294556,,"log2 relative-abundance coefficient tested against the feature-median compositional null",,
"cdi_schubert","Gemmiger","MaAsLin3 abundance","MaAsLin3","abundance","H","CDI","age_z + sex + antibiotics_3mo + log_library_size_z + group",TRUE,"Available",0.0155555531041804,0.0155555531041804,0.0155555531041804,0.0734456502637992,0.157879924034383,FALSE,1.62588326287516,,"log2 relative-abundance coefficient tested against the feature-median compositional null",,
"cdi_schubert","Haemophilus","MaAsLin3 abundance","MaAsLin3","abundance","H","CDI","age_z + sex + antibiotics_3mo + log_library_size_z + group",TRUE,"Available",0.546389059973938,0.546389059973938,0.546389059973938,0.728518746631917,0.864977226552324,FALSE,0.643042843500441,,"log2 relative-abundance coefficient tested against the feature-median compositional null",,
"cdi_schubert","Hespellia","MaAsLin3 abundance","MaAsLin3","abundance","H","CDI","age_z + sex + antibiotics_3mo + log_library_size_z + group",FALSE,"Model fitting did not return a valid p-value",,,1,1,,FALSE,,,"log2 relative-abundance coefficient tested against the feature-median compositional null",,
"cdi_schubert","Howardella","MaAsLin3 abundance","MaAsLin3","abundance","H","CDI","age_z + sex + antibiotics_3mo + log_library_size_z + group",TRUE,"Available",0.308149916687721,0.308149916687721,0.308149916687721,0.553412095275907,0.697683016500661,FALSE,1.22871597359928,,"log2 relative-abundance coefficient tested against the feature-median compositional null",,
"cdi_schubert","Kluyvera","MaAsLin3 abundance","MaAsLin3","abundance","H","CDI","age_z + sex + antibiotics_3mo + log_library_size_z + group",TRUE,"Available",0.083549440553859,0.083549440553859,0.083549440553859,0.245078358957987,0.405352505544272,FALSE,3.46422409366207,,"log2 relative-abundance coefficient tested against the feature-median compositional null",,
"cdi_schubert","Lachnospiracea_incertae_sedis","MaAsLin3 abundance","MaAsLin3","abundance","H","CDI","age_z + sex + antibiotics_3mo + log_library_size_z + group",TRUE,"Available",1.80635506552562e-11,1.80635506552562e-11,1.80635506552562e-11,1.58959245766255e-09,1.59501152285912e-08,TRUE,-3.4705995479452,,"log2 relative-abundance coefficient tested against the feature-median compositional null",,
"cdi_schubert","Lactobacillus","MaAsLin3 abundance","MaAsLin3","abundance","H","CDI","age_z + sex + antibiotics_3mo + log_library_size_z + group",TRUE,"Available",0.0002693609701232,0.0002693609701232,0.0002693609701232,0.00338625219583452,0.00767244311673503,TRUE,3.62308437003328,,"log2 relative-abundance coefficient tested against the feature-median compositional null",,
"cdi_schubert","Lactococcus","MaAsLin3 abundance","MaAsLin3","abundance","H","CDI","age_z + sex + antibiotics_3mo + log_library_size_z + group",TRUE,"Available",0.439970221741248,0.439970221741248,0.439970221741248,0.656226771410675,0.81420112936278,FALSE,-0.522549269059448,,"log2 relative-abundance coefficient tested against the feature-median compositional null",,
"cdi_schubert","Lactonifactor","MaAsLin3 abundance","MaAsLin3","abundance","H","CDI","age_z + sex + antibiotics_3mo + log_library_size_z + group",TRUE,"Available",0.751933556691508,0.751933556691508,0.751933556691508,0.846360651705934,0.936470141831596,FALSE,-0.650553347172888,,"log2 relative-abundance coefficient tested against the feature-median compositional null",,
"cdi_schubert","Megasphaera","MaAsLin3 abundance","MaAsLin3","abundance","H","CDI","age_z + sex + antibiotics_3mo + log_library_size_z + group",TRUE,"Available",0.392249093288544,0.392249093288544,0.392249093288544,0.639220744618368,0.767973280207948,FALSE,1.00745063313406,,"log2 relative-abundance coefficient tested against the feature-median compositional null",,
"cdi_schubert","Methanobrevibacter","MaAsLin3 abundance","MaAsLin3","abundance","H","CDI","age_z + sex + antibiotics_3mo + log_library_size_z + group",TRUE,"Available",0.14682472511978,0.14682472511978,0.14682472511978,0.336338388340086,0.522665573789785,FALSE,-1.70833584298204,,"log2 relative-abundance coefficient tested against the feature-median compositional null",,
"cdi_schubert","Odoribacter","MaAsLin3 abundance","MaAsLin3","abundance","H","CDI","age_z + sex + antibiotics_3mo + log_library_size_z + group",TRUE,"Available",0.384267049487154,0.384267049487154,0.384267049487154,0.638028308582444,0.764732892654167,FALSE,-0.396217782176436,,"log2 relative-abundance coefficient tested against the feature-median compositional null",,
"cdi_schubert","Oscillibacter","MaAsLin3 abundance","MaAsLin3","abundance","H","CDI","age_z + sex + antibiotics_3mo + log_library_size_z + group",TRUE,"Available",0.278447172426947,0.278447172426947,0.278447172426947,0.532681547251551,0.669942379435952,FALSE,-0.435906163468498,,"log2 relative-abundance coefficient tested against the feature-median compositional null",,
"cdi_schubert","Pandoraea","MaAsLin3 abundance","MaAsLin3","abundance","H","CDI","age_z + sex + antibiotics_3mo + log_library_size_z + group",TRUE,"Available",0.164341867218432,0.164341867218432,0.164341867218432,0.352733763785902,0.537742777062927,FALSE,-0.471176266598237,,"log2 relative-abundance coefficient tested against the feature-median compositional null",,
"cdi_schubert","Parabacteroides","MaAsLin3 abundance","MaAsLin3","abundance","H","CDI","age_z + sex + antibiotics_3mo + log_library_size_z + group",TRUE,"Available",0.495666525084118,0.495666525084118,0.495666525084118,0.715059905039384,0.844000423169347,FALSE,-0.28303642658172,,"log2 relative-abundance coefficient tested against the feature-median compositional null",,
"cdi_schubert","Paraprevotella","MaAsLin3 abundance","MaAsLin3","abundance","H","CDI","age_z + sex + antibiotics_3mo + log_library_size_z + group",TRUE,"Available",0.576261853168654,0.576261853168654,0.576261853168654,0.745750633512375,0.882500125448803,FALSE,-0.418908492917455,,"log2 relative-abundance coefficient tested against the feature-median compositional null",,
"cdi_schubert","Parasutterella","MaAsLin3 abundance","MaAsLin3","abundance","H","CDI","age_z + sex + antibiotics_3mo + log_library_size_z + group",TRUE,"Available",0.347939330489616,0.347939330489616,0.347939330489616,0.588820405443965,0.747519291538517,FALSE,-0.747406263854405,,"log2 relative-abundance coefficient tested against the feature-median compositional null",,
"cdi_schubert","Prevotella","MaAsLin3 abundance","MaAsLin3","abundance","H","CDI","age_z + sex + antibiotics_3mo + log_library_size_z + group",TRUE,"Available",0.0158575835796839,0.0158575835796839,0.0158575835796839,0.0734456502637992,0.159116435237056,FALSE,-3.50499135256443,,"log2 relative-abundance coefficient tested against the feature-median compositional null",,
"cdi_schubert","Proteus","MaAsLin3 abundance","MaAsLin3","abundance","H","CDI","age_z + sex + antibiotics_3mo + log_library_size_z + group",TRUE,"Available",0.759801039599645,0.759801039599645,0.759801039599645,0.846360651705934,0.937199649096119,FALSE,-0.884854036739927,,"log2 relative-abundance coefficient tested against the feature-median compositional null",,
"cdi_schubert","Raoultella","MaAsLin3 abundance","MaAsLin3","abundance","H","CDI","age_z + sex + antibiotics_3mo + log_library_size_z + group",TRUE,"Available",0.63249767001296,0.63249767001296,0.63249767001296,0.749181119723809,0.899094571173114,FALSE,0.858124167995387,,"log2 relative-abundance coefficient tested against the feature-median compositional null",,
"cdi_schubert","Roseburia","MaAsLin3 abundance","MaAsLin3","abundance","H","CDI","age_z + sex + antibiotics_3mo + log_library_size_z + group",TRUE,"Available",0.0697930226667085,0.0697930226667085,0.0697930226667085,0.217238105721572,0.360393210612302,FALSE,-0.950948724611009,,"log2 relative-abundance coefficient tested against the feature-median compositional null",,
"cdi_schubert","Ruminococcus","MaAsLin3 abundance","MaAsLin3","abundance","H","CDI","age_z + sex + antibiotics_3mo + log_library_size_z + group",TRUE,"Available",0.544799660889925,0.544799660889925,0.544799660889925,0.728518746631917,0.864977226552324,FALSE,-0.452467894748322,,"log2 relative-abundance coefficient tested against the feature-median compositional null",,
"cdi_schubert","Ruminococcus2","MaAsLin3 abundance","MaAsLin3","abundance","H","CDI","age_z + sex + antibiotics_3mo + log_library_size_z + group",TRUE,"Available",0.647020057943289,0.647020057943289,0.647020057943289,0.749181119723809,0.903985302474564,FALSE,0.270707113086066,,"log2 relative-abundance coefficient tested against the feature-median compositional null",,
"cdi_schubert","Sarcina","MaAsLin3 abundance","MaAsLin3","abundance","H","CDI","age_z + sex + antibiotics_3mo + log_library_size_z + group",TRUE,"Available",0.0443796367502218,0.0443796367502218,0.0443796367502218,0.144644742000723,0.283965356887289,FALSE,1.62199863761632,,"log2 relative-abundance coefficient tested against the feature-median compositional null",,
"cdi_schubert","Serratia","MaAsLin3 abundance","MaAsLin3","abundance","H","CDI","age_z + sex + antibiotics_3mo + log_library_size_z + group",TRUE,"Available",0.534277834190779,0.534277834190779,0.534277834190779,0.728518746631917,0.864977226552324,FALSE,0.310427080487347,,"log2 relative-abundance coefficient tested against the feature-median compositional null",,
"cdi_schubert","Sporobacter","MaAsLin3 abundance","MaAsLin3","abundance","H","CDI","age_z + sex + antibiotics_3mo + log_library_size_z + group",TRUE,"Available",0.00479621029726474,0.00479621029726474,0.00479621029726474,0.026379156634956,0.0651546721920733,TRUE,2.49428654659317,,"log2 relative-abundance coefficient tested against the feature-median compositional null",,
"cdi_schubert","Streptococcus","MaAsLin3 abundance","MaAsLin3","abundance","H","CDI","age_z + sex + antibiotics_3mo + log_library_size_z + group",TRUE,"Available",0.000503103191161536,0.000503103191161536,0.000503103191161536,0.00442730808222152,0.0114208479602777,TRUE,1.93021510292473,,"log2 relative-abundance coefficient tested against the feature-median compositional null",,
"cdi_schubert","Sutterella","MaAsLin3 abundance","MaAsLin3","abundance","H","CDI","age_z + sex + antibiotics_3mo + log_library_size_z + group",TRUE,"Available",0.0323776988458016,0.0323776988458016,0.0323776988458016,0.118718229101272,0.250505253128767,FALSE,-2.13231686621994,,"log2 relative-abundance coefficient tested against the feature-median compositional null",,
"cdi_schubert","Syntrophococcus","MaAsLin3 abundance","MaAsLin3","abundance","H","CDI","age_z + sex + antibiotics_3mo + log_library_size_z + group",TRUE,"Available",0.0357035162021764,0.0357035162021764,0.0357035162021764,0.125676377031661,0.264682399285147,FALSE,2.45148043707634,,"log2 relative-abundance coefficient tested against the feature-median compositional null",,
"cdi_schubert","Tetragenococcus","MaAsLin3 abundance","MaAsLin3","abundance","H","CDI","age_z + sex + antibiotics_3mo + log_library_size_z + group",TRUE,"Available",0.0979962042337821,0.0979962042337821,0.0979962042337821,0.264072305301254,0.443132330780856,FALSE,1.39579635632449,,"log2 relative-abundance coefficient tested against the feature-median compositional null",,
"cdi_schubert","Turicibacter","MaAsLin3 abundance","MaAsLin3","abundance","H","CDI","age_z + sex + antibiotics_3mo + log_library_size_z + group",TRUE,"Available",0.678940194012952,0.678940194012952,0.678940194012952,0.775931650300516,0.916042375793069,FALSE,-0.146034711916691,,"log2 relative-abundance coefficient tested against the feature-median compositional null",,
"cdi_schubert","Unclassified_Acidaminococcaceae","MaAsLin3 abundance","MaAsLin3","abundance","H","CDI","age_z + sex + antibiotics_3mo + log_library_size_z + group",TRUE,"Available",0.435435015258421,0.435435015258421,0.435435015258421,0.656226771410675,0.809450775733022,FALSE,1.24571903714072,,"log2 relative-abundance coefficient tested against the feature-median compositional null",,
"cdi_schubert","Unclassified_Actinobacteria","MaAsLin3 abundance","MaAsLin3","abundance","H","CDI","age_z + sex + antibiotics_3mo + log_library_size_z + group",TRUE,"Available",0.071589830294609,0.071589830294609,0.071589830294609,0.217238105721572,0.365397804336068,FALSE,2.60619833715481,,"log2 relative-abundance coefficient tested against the feature-median compositional null",,
"cdi_schubert","Unclassified_Clostridia","MaAsLin3 abundance","MaAsLin3","abundance","H","CDI","age_z + sex + antibiotics_3mo + log_library_size_z + group",TRUE,"Available",0.81700249185293,0.81700249185293,0.81700249185293,0.87678316198851,0.942817175597374,FALSE,-0.255152904313951,,"log2 relative-abundance coefficient tested against the feature-median compositional null",,
"cdi_schubert","Unclassified_Clostridiaceae_1","MaAsLin3 abundance","MaAsLin3","abundance","H","CDI","age_z + sex + antibiotics_3mo + log_library_size_z + group",TRUE,"Available",0.642800595600401,0.642800595600401,0.642800595600401,0.749181119723809,0.90381039158464,FALSE,-0.213983884918031,,"log2 relative-abundance coefficient tested against the feature-median compositional null",,
"cdi_schubert","Unclassified_Clostridiales","MaAsLin3 abundance","MaAsLin3","abundance","H","CDI","age_z + sex + antibiotics_3mo + log_library_size_z + group",TRUE,"Available",4.13263447944789e-05,4.13263447944789e-05,4.13263447944789e-05,0.000909179585478537,0.0015204651022302,TRUE,-2.18046663904262,,"log2 relative-abundance coefficient tested against the feature-median compositional null",,
"cdi_schubert","Unclassified_Enterobacteriaceae","MaAsLin3 abundance","MaAsLin3","abundance","H","CDI","age_z + sex + antibiotics_3mo + log_library_size_z + group",TRUE,"Available",0.000386180865690977,0.000386180865690977,0.000386180865690977,0.00377599068675622,0.0100293442472098,TRUE,2.65829477383543,,"log2 relative-abundance coefficient tested against the feature-median compositional null",,
"cdi_schubert","Unclassified_Eubacteriaceae","MaAsLin3 abundance","MaAsLin3","abundance","H","CDI","age_z + sex + antibiotics_3mo + log_library_size_z + group",TRUE,"Available",0.9521618681891,0.9521618681891,0.9521618681891,0.975002321469866,0.982772535287853,FALSE,0.00621119040423732,,"log2 relative-abundance coefficient tested against the feature-median compositional null",,
"cdi_schubert","Unclassified_Firmicutes","MaAsLin3 abundance","MaAsLin3","abundance","H","CDI","age_z + sex + antibiotics_3mo + log_library_size_z + group",TRUE,"Available",0.217716889735306,0.217716889735306,0.217716889735306,0.435433779470613,0.604136107200395,FALSE,-3.28898577328641,,"log2 relative-abundance coefficient tested against the feature-median compositional null",,
"cdi_schubert","Unclassified_Lachnospiraceae","MaAsLin3 abundance","MaAsLin3","abundance","H","CDI","age_z + sex + antibiotics_3mo + log_library_size_z + group",TRUE,"Available",0.00163978244315244,0.00163978244315244,0.00163978244315244,0.0103072039283868,0.027917933190251,TRUE,-1.20275977578401,,"log2 relative-abundance coefficient tested against the feature-median compositional null",,
"cdi_schubert","Unclassified_Pasteurellaceae","MaAsLin3 abundance","MaAsLin3","abundance","H","CDI","age_z + sex + antibiotics_3mo + log_library_size_z + group",TRUE,"Available",0.952843177800096,0.952843177800096,0.952843177800096,0.975002321469866,0.982772535287853,FALSE,-0.0310545232580376,,"log2 relative-abundance coefficient tested against the feature-median compositional null",,
"cdi_schubert","Unclassified_Prevotellaceae","MaAsLin3 abundance","MaAsLin3","abundance","H","CDI","age_z + sex + antibiotics_3mo + log_library_size_z + group",TRUE,"Available",0.540070100665304,0.540070100665304,0.540070100665304,0.728518746631917,0.864977226552324,FALSE,-1.2612753160775,,"log2 relative-abundance coefficient tested against the feature-median compositional null",,
"cdi_schubert","Unclassified_Proteobacteria","MaAsLin3 abundance","MaAsLin3","abundance","H","CDI","age_z + sex + antibiotics_3mo + log_library_size_z + group",TRUE,"Available",0.63412793794987,0.63412793794987,0.63412793794987,0.749181119723809,0.899094571173114,FALSE,-0.121670908923037,,"log2 relative-abundance coefficient tested against the feature-median compositional null",,
"cdi_schubert","Unclassified_Ruminococcaceae","MaAsLin3 abundance","MaAsLin3","abundance","H","CDI","age_z + sex + antibiotics_3mo + log_library_size_z + group",TRUE,"Available",0.149059058468902,0.149059058468902,0.149059058468902,0.336338388340086,0.522665573789785,FALSE,-0.544985723415186,,"log2 relative-abundance coefficient tested against the feature-median compositional null",,
"cdi_schubert","Unclassified_Selenomonadales","MaAsLin3 abundance","MaAsLin3","abundance","H","CDI","age_z + sex + antibiotics_3mo + log_library_size_z + group",TRUE,"Available",0.00109972790532331,0.00109972790532331,0.00109972790532331,0.00744431197449626,0.0206160779636173,TRUE,-2.33556398453206,,"log2 relative-abundance coefficient tested against the feature-median compositional null",,
"cdi_schubert","Unclassified_Sphingomonadaceae","MaAsLin3 abundance","MaAsLin3","abundance","H","CDI","age_z + sex + antibiotics_3mo + log_library_size_z + group",TRUE,"Available",0.79603993867811,0.79603993867811,0.79603993867811,0.875643932545922,0.938706407970011,FALSE,-0.0229833759352968,,"log2 relative-abundance coefficient tested against the feature-median compositional null",,
"cdi_schubert","Unclassified_Veillonellaceae","MaAsLin3 abundance","MaAsLin3","abundance","H","CDI","age_z + sex + antibiotics_3mo + log_library_size_z + group",TRUE,"Available",0.54534609276839,0.54534609276839,0.54534609276839,0.728518746631917,0.864977226552324,FALSE,-0.178130835395503,,"log2 relative-abundance coefficient tested against the feature-median compositional null",,
"cdi_schubert","Veillonella","MaAsLin3 abundance","MaAsLin3","abundance","H","CDI","age_z + sex + antibiotics_3mo + log_library_size_z + group",TRUE,"Available",3.29232630047471e-09,3.29232630047471e-09,3.29232630047471e-09,1.44862357220887e-07,6.77039611589919e-07,TRUE,4.28739830523464,,"log2 relative-abundance coefficient tested against the feature-median compositional null",,
"cdi_schubert","Yersinia","MaAsLin3 abundance","MaAsLin3","abundance","H","CDI","age_z + sex + antibiotics_3mo + log_library_size_z + group",TRUE,"Available",0.0379376346164906,0.0379376346164906,0.0379376346164906,0.128404301778891,0.266882071188013,FALSE,2.25236610340409,,"log2 relative-abundance coefficient tested against the feature-median compositional null",,
"cdi_schubert","Acidaminococcus","MaAsLin3 combined","MaAsLin3","combined","H","CDI","age_z + sex + antibiotics_3mo + log_library_size_z + group",TRUE,"Available",0.814652592183609,0.814652592183609,0.814652592183609,0.863728049544067,0.903396422912777,FALSE,,,"MaAsLin3 Beta(1,2) calibrated joint test","both",
"cdi_schubert","Actinomyces","MaAsLin3 combined","MaAsLin3","combined","H","CDI","age_z + sex + antibiotics_3mo + log_library_size_z + group",TRUE,"Available",0.000301594234743788,0.000301594234743788,0.000301594234743788,0.00126382345987873,0.00583519280265156,TRUE,,,"MaAsLin3 Beta(1,2) calibrated joint test","both",
"cdi_schubert","Akkermansia","MaAsLin3 combined","MaAsLin3","combined","H","CDI","age_z + sex + antibiotics_3mo + log_library_size_z + group",TRUE,"Available",0.0376132844565217,0.0376132844565217,0.0376132844565217,0.0654610165931602,0.213071307865371,FALSE,,,"MaAsLin3 Beta(1,2) calibrated joint test","both",
"cdi_schubert","Alistipes","MaAsLin3 combined","MaAsLin3","combined","H","CDI","age_z + sex + antibiotics_3mo + log_library_size_z + group",TRUE,"Available",0.000362973341901163,0.000362973341901163,0.000362973341901163,0.00145189336760465,0.00673013071441739,TRUE,,,"MaAsLin3 Beta(1,2) calibrated joint test","both",
"cdi_schubert","Anaerococcus","MaAsLin3 combined","MaAsLin3","combined","H","CDI","age_z + sex + antibiotics_3mo + log_library_size_z + group",TRUE,"Available",0.143523257945671,0.143523257945671,0.143523257945671,0.207049945888837,0.414726297310543,FALSE,,,"MaAsLin3 Beta(1,2) calibrated joint test","both",
"cdi_schubert","Anaerofilum","MaAsLin3 combined","MaAsLin3","combined","H","CDI","age_z + sex + antibiotics_3mo + log_library_size_z + group",TRUE,"Available",0.5018905375044,0.5018905375044,0.5018905375044,0.596842801356584,0.722787343655205,FALSE,,,"MaAsLin3 Beta(1,2) calibrated joint test","both",
"cdi_schubert","Anaerostipes","MaAsLin3 combined","MaAsLin3","combined","H","CDI","age_z + sex + antibiotics_3mo + log_library_size_z + group",TRUE,"Available",7.30431878665833e-05,7.30431878665833e-05,7.30431878665833e-05,0.000357100029569963,0.00162521093003148,TRUE,,,"MaAsLin3 Beta(1,2) calibrated joint test","both",
"cdi_schubert","Anaerovorax","MaAsLin3 combined","MaAsLin3","combined","H","CDI","age_z + sex + antibiotics_3mo + log_library_size_z + group",TRUE,"Available",8.5392741316431e-07,8.5392741316431e-07,8.5392741316431e-07,7.51456123584593e-06,3.79997698858118e-05,TRUE,,,"MaAsLin3 Beta(1,2) calibrated joint test","both",
"cdi_schubert","Arthrobacter","MaAsLin3 combined","MaAsLin3","combined","H","CDI","age_z + sex + antibiotics_3mo + log_library_size_z + group",TRUE,"Available",0.00197585768481707,0.00197585768481707,0.00197585768481707,0.00526895382617884,0.0231383334143051,TRUE,,,"MaAsLin3 Beta(1,2) calibrated joint test","both",
"cdi_schubert","Bacteroides","MaAsLin3 combined","MaAsLin3","combined","H","CDI","age_z + sex + antibiotics_3mo + log_library_size_z + group",TRUE,"Available",0.00184731838838322,0.00184731838838322,0.00184731838838322,0.00524400058637818,0.0228349078564037,TRUE,,,"MaAsLin3 Beta(1,2) calibrated joint test","both",
"cdi_schubert","Barnesiella","MaAsLin3 combined","MaAsLin3","combined","H","CDI","age_z + sex + antibiotics_3mo + log_library_size_z + group",TRUE,"Available",0.0216962813196792,0.0216962813196792,0.0216962813196792,0.0406228245985482,0.146022095719896,TRUE,,,"MaAsLin3 Beta(1,2) calibrated joint test","both",
"cdi_schubert","Bifidobacterium","MaAsLin3 combined","MaAsLin3","combined","H","CDI","age_z + sex + antibiotics_3mo + log_library_size_z + group",TRUE,"Available",0.427158465264324,0.427158465264324,0.427158465264324,0.514930752647405,0.676460914742435,FALSE,,,"MaAsLin3 Beta(1,2) calibrated joint test","both",
"cdi_schubert","Bilophila","MaAsLin3 combined","MaAsLin3","combined","H","CDI","age_z + sex + antibiotics_3mo + log_library_size_z + group",TRUE,"Available",0.188247859572127,0.188247859572127,0.188247859572127,0.254858640651495,0.471570248806506,FALSE,,,"MaAsLin3 Beta(1,2) calibrated joint test","both",
"cdi_schubert","Blautia","MaAsLin3 combined","MaAsLin3","combined","H","CDI","age_z + sex + antibiotics_3mo + log_library_size_z + group",TRUE,"Available",0.0136982720484251,0.0136982720484251,0.0136982720484251,0.0267877320058092,0.103317475619478,TRUE,,,"MaAsLin3 Beta(1,2) calibrated joint test","both",
"cdi_schubert","Buttiauxella","MaAsLin3 combined","MaAsLin3","combined","H","CDI","age_z + sex + antibiotics_3mo + log_library_size_z + group",TRUE,"Available",0.00520133182873893,0.00520133182873893,0.00520133182873893,0.0123707351602439,0.0514353925286405,TRUE,,,"MaAsLin3 Beta(1,2) calibrated joint test","both",
"cdi_schubert","Butyricicoccus","MaAsLin3 combined","MaAsLin3","combined","H","CDI","age_z + sex + antibiotics_3mo + log_library_size_z + group",TRUE,"Available",3.53753858342722e-06,3.53753858342722e-06,3.53753858342722e-06,2.39464150262766e-05,0.000121092666894239,TRUE,,,"MaAsLin3 Beta(1,2) calibrated joint test","both",
"cdi_schubert","Butyricimonas","MaAsLin3 combined","MaAsLin3","combined","H","CDI","age_z + sex + antibiotics_3mo + log_library_size_z + group",TRUE,"Available",0.00424267356179694,0.00424267356179694,0.00424267356179694,0.0103709798177258,0.0429088576136281,TRUE,,,"MaAsLin3 Beta(1,2) calibrated joint test","both",
"cdi_schubert","Citrobacter","MaAsLin3 combined","MaAsLin3","combined","H","CDI","age_z + sex + antibiotics_3mo + log_library_size_z + group",TRUE,"Available",0.12817070344983,0.12817070344983,0.12817070344983,0.191169862772628,0.38926968376432,FALSE,,,"MaAsLin3 Beta(1,2) calibrated joint test","both",
"cdi_schubert","Cloacibacillus","MaAsLin3 combined","MaAsLin3","combined","H","CDI","age_z + sex + antibiotics_3mo + log_library_size_z + group",FALSE,"Both component models and a consistent joint p-value were required",0.0599855027678378,0.0599855027678378,1,1,0.267168742206504,FALSE,,,"MaAsLin3 Beta(1,2) calibrated joint test","not both",
"cdi_schubert","Clostridium_IV","MaAsLin3 combined","MaAsLin3","combined","H","CDI","age_z + sex + antibiotics_3mo + log_library_size_z + group",TRUE,"Available",1.2303116542813e-07,1.2303116542813e-07,1.2303116542813e-07,1.8044570929459e-06,9.12481143591963e-06,TRUE,,,"MaAsLin3 Beta(1,2) calibrated joint test","both",
"cdi_schubert","Clostridium_sensu_stricto","MaAsLin3 combined","MaAsLin3","combined","H","CDI","age_z + sex + antibiotics_3mo + log_library_size_z + group",TRUE,"Available",0.247562169170075,0.247562169170075,0.247562169170075,0.31584670875024,0.519836684829338,FALSE,,,"MaAsLin3 Beta(1,2) calibrated joint test","both",
"cdi_schubert","Clostridium_XI","MaAsLin3 combined","MaAsLin3","combined","H","CDI","age_z + sex + antibiotics_3mo + log_library_size_z + group",TRUE,"Available",0.0859173989715231,0.0859173989715231,0.0859173989715231,0.135013055526679,0.324010530019727,FALSE,,,"MaAsLin3 Beta(1,2) calibrated joint test","both",
"cdi_schubert","Clostridium_XlVa","MaAsLin3 combined","MaAsLin3","combined","H","CDI","age_z + sex + antibiotics_3mo + log_library_size_z + group",TRUE,"Available",0.0600544444214576,0.0600544444214576,0.0600544444214576,0.0997130397941184,0.267168742206504,FALSE,,,"MaAsLin3 Beta(1,2) calibrated joint test","both",
"cdi_schubert","Clostridium_XlVb","MaAsLin3 combined","MaAsLin3","combined","H","CDI","age_z + sex + antibiotics_3mo + log_library_size_z + group",TRUE,"Available",1.11968293896803e-05,1.11968293896803e-05,1.11968293896803e-05,6.50586688935017e-05,0.000328989859745548,TRUE,,,"MaAsLin3 Beta(1,2) calibrated joint test","both",
"cdi_schubert","Clostridium_XVIII","MaAsLin3 combined","MaAsLin3","combined","H","CDI","age_z + sex + antibiotics_3mo + log_library_size_z + group",TRUE,"Available",0.173902277600734,0.173902277600734,0.173902277600734,0.242911117918486,0.457908364096608,FALSE,,,"MaAsLin3 Beta(1,2) calibrated joint test","both",
"cdi_schubert","Coprobacillus","MaAsLin3 combined","MaAsLin3","combined","H","CDI","age_z + sex + antibiotics_3mo + log_library_size_z + group",TRUE,"Available",0.098299027288206,0.098299027288206,0.098299027288206,0.151759901778283,0.361015446382641,FALSE,,,"MaAsLin3 Beta(1,2) calibrated joint test","both",
"cdi_schubert","Coprococcus","MaAsLin3 combined","MaAsLin3","combined","H","CDI","age_z + sex + antibiotics_3mo + log_library_size_z + group",TRUE,"Available",2.80538298374979e-06,2.80538298374979e-06,2.80538298374979e-06,2.05728085474984e-05,0.000104032952314055,TRUE,,,"MaAsLin3 Beta(1,2) calibrated joint test","both",
"cdi_schubert","Desulfovibrio","MaAsLin3 combined","MaAsLin3","combined","H","CDI","age_z + sex + antibiotics_3mo + log_library_size_z + group",TRUE,"Available",0.925825501352457,0.925825501352457,0.925825501352457,0.958501695517838,0.94764077638736,FALSE,,,"MaAsLin3 Beta(1,2) calibrated joint test","both",
"cdi_schubert","Dialister","MaAsLin3 combined","MaAsLin3","combined","H","CDI","age_z + sex + antibiotics_3mo + log_library_size_z + group",TRUE,"Available",0.243910230563293,0.243910230563293,0.243910230563293,0.31584670875024,0.519836684829338,FALSE,,,"MaAsLin3 Beta(1,2) calibrated joint test","both",
"cdi_schubert","Dorea","MaAsLin3 combined","MaAsLin3","combined","H","CDI","age_z + sex + antibiotics_3mo + log_library_size_z + group",TRUE,"Available",8.7939644782823e-08,8.7939644782823e-08,8.7939644782823e-08,1.54773774817768e-06,7.82662838567124e-06,TRUE,,,"MaAsLin3 Beta(1,2) calibrated joint test","both",
"cdi_schubert","Enterococcus","MaAsLin3 combined","MaAsLin3","combined","H","CDI","age_z + sex + antibiotics_3mo + log_library_size_z + group",TRUE,"Available",0.000565076400405373,0.000565076400405373,0.000565076400405373,0.00198906892942691,0.00898067850644254,TRUE,,,"MaAsLin3 Beta(1,2) calibrated joint test","both",
"cdi_schubert","Erysipelotrichaceae_incertae_sedis","MaAsLin3 combined","MaAsLin3","combined","H","CDI","age_z + sex + antibiotics_3mo + log_library_size_z + group",TRUE,"Available",0.000193529615815523,0.000193529615815523,0.000193529615815523,0.000896347694303475,0.00410098471609084,TRUE,,,"MaAsLin3 Beta(1,2) calibrated joint test","both",
"cdi_schubert","Ethanoligenens","MaAsLin3 combined","MaAsLin3","combined","H","CDI","age_z + sex + antibiotics_3mo + log_library_size_z + group",TRUE,"Available",0.00121087840930605,0.00121087840930605,0.00121087840930605,0.00355191000063108,0.0159810874361649,TRUE,,,"MaAsLin3 Beta(1,2) calibrated joint test","both",
"cdi_schubert","Eubacterium","MaAsLin3 combined","MaAsLin3","combined","H","CDI","age_z + sex + antibiotics_3mo + log_library_size_z + group",TRUE,"Available",0.299064076004183,0.299064076004183,0.299064076004183,0.373907643524084,0.559011221493204,FALSE,,,"MaAsLin3 Beta(1,2) calibrated joint test","both",
"cdi_schubert","Faecalibacterium","MaAsLin3 combined","MaAsLin3","combined","H","CDI","age_z + sex + antibiotics_3mo + log_library_size_z + group",TRUE,"Available",5.92733336014104e-09,5.92733336014104e-09,5.92733336014104e-09,1.73868445230804e-07,8.79221115087587e-07,TRUE,,,"MaAsLin3 Beta(1,2) calibrated joint test","both",
"cdi_schubert","Finegoldia","MaAsLin3 combined","MaAsLin3","combined","H","CDI","age_z + sex + antibiotics_3mo + log_library_size_z + group",TRUE,"Available",0.314009202582288,0.314009202582288,0.314009202582288,0.383789025378352,0.565725081575377,FALSE,,,"MaAsLin3 Beta(1,2) calibrated joint test","both",
"cdi_schubert","Flavonifractor","MaAsLin3 combined","MaAsLin3","combined","H","CDI","age_z + sex + antibiotics_3mo + log_library_size_z + group",TRUE,"Available",0.0131872455829252,0.0131872455829252,0.0131872455829252,0.0265576964263424,0.101880818187262,TRUE,,,"MaAsLin3 Beta(1,2) calibrated joint test","both",
"cdi_schubert","Fusobacterium","MaAsLin3 combined","MaAsLin3","combined","H","CDI","age_z + sex + antibiotics_3mo + log_library_size_z + group",TRUE,"Available",2.69658877282664e-06,2.69658877282664e-06,2.69658877282664e-06,2.05728085474984e-05,0.000104032952314055,TRUE,,,"MaAsLin3 Beta(1,2) calibrated joint test","both",
"cdi_schubert","Gemella","MaAsLin3 combined","MaAsLin3","combined","H","CDI","age_z + sex + antibiotics_3mo + log_library_size_z + group",TRUE,"Available",0.180714305506278,0.180714305506278,0.180714305506278,0.248482170071132,0.462388218849048,FALSE,,,"MaAsLin3 Beta(1,2) calibrated joint test","both",
"cdi_schubert","Gemmiger","MaAsLin3 combined","MaAsLin3","combined","H","CDI","age_z + sex + antibiotics_3mo + log_library_size_z + group",TRUE,"Available",5.83487942639481e-07,5.83487942639481e-07,5.83487942639481e-07,6.4183673690343e-06,3.24565168093212e-05,TRUE,,,"MaAsLin3 Beta(1,2) calibrated joint test","both",
"cdi_schubert","Haemophilus","MaAsLin3 combined","MaAsLin3","combined","H","CDI","age_z + sex + antibiotics_3mo + log_library_size_z + group",TRUE,"Available",0.794237115088672,0.794237115088672,0.794237115088672,0.856120833394308,0.897271557687878,FALSE,,,"MaAsLin3 Beta(1,2) calibrated joint test","both",
"cdi_schubert","Hespellia","MaAsLin3 combined","MaAsLin3","combined","H","CDI","age_z + sex + antibiotics_3mo + log_library_size_z + group",FALSE,"Both component models and a consistent joint p-value were required",0.746582972605225,0.746582972605225,1,1,0.877950938030207,FALSE,,,"MaAsLin3 Beta(1,2) calibrated joint test","not both",
"cdi_schubert","Howardella","MaAsLin3 combined","MaAsLin3","combined","H","CDI","age_z + sex + antibiotics_3mo + log_library_size_z + group",TRUE,"Available",0.521343462220793,0.521343462220793,0.521343462220793,0.611709662339063,0.736501081550009,FALSE,,,"MaAsLin3 Beta(1,2) calibrated joint test","both",
"cdi_schubert","Kluyvera","MaAsLin3 combined","MaAsLin3","combined","H","CDI","age_z + sex + antibiotics_3mo + log_library_size_z + group",TRUE,"Available",0.083549440553859,0.083549440553859,0.083549440553859,0.133679104886174,0.322261361773958,FALSE,,,"MaAsLin3 Beta(1,2) calibrated joint test","both",
"cdi_schubert","Lachnospiracea_incertae_sedis","MaAsLin3 combined","MaAsLin3","combined","H","CDI","age_z + sex + antibiotics_3mo + log_library_size_z + group",TRUE,"Available",1.80635506552562e-11,1.80635506552562e-11,1.80635506552562e-11,1.58959245766255e-09,8.03828004158902e-09,TRUE,,,"MaAsLin3 Beta(1,2) calibrated joint test","both",
"cdi_schubert","Lactobacillus","MaAsLin3 combined","MaAsLin3","combined","H","CDI","age_z + sex + antibiotics_3mo + log_library_size_z + group",TRUE,"Available",0.0002693609701232,0.0002693609701232,0.0002693609701232,0.00118518826854208,0.00544843780476473,TRUE,,,"MaAsLin3 Beta(1,2) calibrated joint test","both",
"cdi_schubert","Lactococcus","MaAsLin3 combined","MaAsLin3","combined","H","CDI","age_z + sex + antibiotics_3mo + log_library_size_z + group",TRUE,"Available",0.686366647463453,0.686366647463453,0.686366647463453,0.755003312209798,0.860375093299258,FALSE,,,"MaAsLin3 Beta(1,2) calibrated joint test","both",
"cdi_schubert","Lactonifactor","MaAsLin3 combined","MaAsLin3","combined","H","CDI","age_z + sex + antibiotics_3mo + log_library_size_z + group",TRUE,"Available",0.79774895839015,0.79774895839015,0.79774895839015,0.856120833394308,0.89872983919903,FALSE,,,"MaAsLin3 Beta(1,2) calibrated joint test","both",
"cdi_schubert","Megasphaera","MaAsLin3 combined","MaAsLin3","combined","H","CDI","age_z + sex + antibiotics_3mo + log_library_size_z + group",TRUE,"Available",0.103204050426727,0.103204050426727,0.103204050426727,0.156585455819862,0.361015446382641,FALSE,,,"MaAsLin3 Beta(1,2) calibrated joint test","both",
"cdi_schubert","Methanobrevibacter","MaAsLin3 combined","MaAsLin3","combined","H","CDI","age_z + sex + antibiotics_3mo + log_library_size_z + group",TRUE,"Available",0.14682472511978,0.14682472511978,0.14682472511978,0.208396384040978,0.418826940245527,FALSE,,,"MaAsLin3 Beta(1,2) calibrated joint test","both",
"cdi_schubert","Odoribacter","MaAsLin3 combined","MaAsLin3","combined","H","CDI","age_z + sex + antibiotics_3mo + log_library_size_z + group",TRUE,"Available",7.58857420262039e-06,7.58857420262039e-06,7.58857420262039e-06,4.76996092736139e-05,0.000241208251440434,TRUE,,,"MaAsLin3 Beta(1,2) calibrated joint test","both",
"cdi_schubert","Oscillibacter","MaAsLin3 combined","MaAsLin3","combined","H","CDI","age_z + sex + antibiotics_3mo + log_library_size_z + group",TRUE,"Available",7.16644316364898e-07,7.16644316364898e-07,7.16644316364898e-07,7.00718887112345e-06,3.54340800869311e-05,TRUE,,,"MaAsLin3 Beta(1,2) calibrated joint test","both",
"cdi_schubert","Pandoraea","MaAsLin3 combined","MaAsLin3","combined","H","CDI","age_z + sex + antibiotics_3mo + log_library_size_z + group",TRUE,"Available",0.301675485116023,0.301675485116023,0.301675485116023,0.373907643524084,0.559011221493204,FALSE,,,"MaAsLin3 Beta(1,2) calibrated joint test","both",
"cdi_schubert","Parabacteroides","MaAsLin3 combined","MaAsLin3","combined","H","CDI","age_z + sex + antibiotics_3mo + log_library_size_z + group",TRUE,"Available",0.000929601418431992,0.000929601418431992,0.000929601418431992,0.00302981203044501,0.0137890877067412,TRUE,,,"MaAsLin3 Beta(1,2) calibrated joint test","both",
"cdi_schubert","Paraprevotella","MaAsLin3 combined","MaAsLin3","combined","H","CDI","age_z + sex + antibiotics_3mo + log_library_size_z + group",TRUE,"Available",0.576261853168654,0.576261853168654,0.576261853168654,0.667250566826862,0.78163187528008,FALSE,,,"MaAsLin3 Beta(1,2) calibrated joint test","both",
"cdi_schubert","Parasutterella","MaAsLin3 combined","MaAsLin3","combined","H","CDI","age_z + sex + antibiotics_3mo + log_library_size_z + group",TRUE,"Available",0.00258931333164687,0.00258931333164687,0.00258931333164687,0.00670175215249779,0.0288061108145715,TRUE,,,"MaAsLin3 Beta(1,2) calibrated joint test","both",
"cdi_schubert","Prevotella","MaAsLin3 combined","MaAsLin3","combined","H","CDI","age_z + sex + antibiotics_3mo + log_library_size_z + group",TRUE,"Available",0.0158575835796839,0.0158575835796839,0.0158575835796839,0.030336246848091,0.115682372015727,TRUE,,,"MaAsLin3 Beta(1,2) calibrated joint test","both",
"cdi_schubert","Proteus","MaAsLin3 combined","MaAsLin3","combined","H","CDI","age_z + sex + antibiotics_3mo + log_library_size_z + group",TRUE,"Available",0.247652532997347,0.247652532997347,0.247652532997347,0.31584670875024,0.519836684829338,FALSE,,,"MaAsLin3 Beta(1,2) calibrated joint test","both",
"cdi_schubert","Raoultella","MaAsLin3 combined","MaAsLin3","combined","H","CDI","age_z + sex + antibiotics_3mo + log_library_size_z + group",TRUE,"Available",0.00195882367654131,0.00195882367654131,0.00195882367654131,0.00526895382617884,0.0231383334143051,TRUE,,,"MaAsLin3 Beta(1,2) calibrated joint test","both",
"cdi_schubert","Roseburia","MaAsLin3 combined","MaAsLin3","combined","H","CDI","age_z + sex + antibiotics_3mo + log_library_size_z + group",TRUE,"Available",5.95503284102524e-05,5.95503284102524e-05,5.95503284102524e-05,0.000308260523535424,0.00139473137592433,TRUE,,,"MaAsLin3 Beta(1,2) calibrated joint test","both",
"cdi_schubert","Ruminococcus","MaAsLin3 combined","MaAsLin3","combined","H","CDI","age_z + sex + antibiotics_3mo + log_library_size_z + group",TRUE,"Available",3.48062808237411e-08,3.48062808237411e-08,3.48062808237411e-08,7.65738178122304e-07,3.8721987416412e-06,TRUE,,,"MaAsLin3 Beta(1,2) calibrated joint test","both",
"cdi_schubert","Ruminococcus2","MaAsLin3 combined","MaAsLin3","combined","H","CDI","age_z + sex + antibiotics_3mo + log_library_size_z + group",TRUE,"Available",0.000742322682372822,0.000742322682372822,0.000742322682372822,0.00251247677110801,0.0113908135743416,TRUE,,,"MaAsLin3 Beta(1,2) calibrated joint test","both",
"cdi_schubert","Sarcina","MaAsLin3 combined","MaAsLin3","combined","H","CDI","age_z + sex + antibiotics_3mo + log_library_size_z + group",TRUE,"Available",0.0443796367502218,0.0443796367502218,0.0443796367502218,0.0751040006542216,0.223573921115362,FALSE,,,"MaAsLin3 Beta(1,2) calibrated joint test","both",
"cdi_schubert","Serratia","MaAsLin3 combined","MaAsLin3","combined","H","CDI","age_z + sex + antibiotics_3mo + log_library_size_z + group",TRUE,"Available",0.0301017347312265,0.0301017347312265,0.0301017347312265,0.0551865136739153,0.183496876101312,FALSE,,,"MaAsLin3 Beta(1,2) calibrated joint test","both",
"cdi_schubert","Sporobacter","MaAsLin3 combined","MaAsLin3","combined","H","CDI","age_z + sex + antibiotics_3mo + log_library_size_z + group",TRUE,"Available",0.00956941696131389,0.00956941696131389,0.00956941696131389,0.0215925305793749,0.0818921259189361,TRUE,,,"MaAsLin3 Beta(1,2) calibrated joint test","both",
"cdi_schubert","Streptococcus","MaAsLin3 combined","MaAsLin3","combined","H","CDI","age_z + sex + antibiotics_3mo + log_library_size_z + group",TRUE,"Available",0.000503103191161536,0.000503103191161536,0.000503103191161536,0.00184471170092563,0.00829188592840309,TRUE,,,"MaAsLin3 Beta(1,2) calibrated joint test","both",
"cdi_schubert","Sutterella","MaAsLin3 combined","MaAsLin3","combined","H","CDI","age_z + sex + antibiotics_3mo + log_library_size_z + group",TRUE,"Available",0.0323776988458016,0.0323776988458016,0.0323776988458016,0.0581477040496028,0.194703729545699,FALSE,,,"MaAsLin3 Beta(1,2) calibrated joint test","both",
"cdi_schubert","Syntrophococcus","MaAsLin3 combined","MaAsLin3","combined","H","CDI","age_z + sex + antibiotics_3mo + log_library_size_z + group",TRUE,"Available",0.0119448158999617,0.0119448158999617,0.0119448158999617,0.0256376536389422,0.0966444195542356,TRUE,,,"MaAsLin3 Beta(1,2) calibrated joint test","both",
"cdi_schubert","Tetragenococcus","MaAsLin3 combined","MaAsLin3","combined","H","CDI","age_z + sex + antibiotics_3mo + log_library_size_z + group",TRUE,"Available",1.18288488897276e-05,1.18288488897276e-05,1.18288488897276e-05,6.50586688935017e-05,0.000328989859745548,TRUE,,,"MaAsLin3 Beta(1,2) calibrated joint test","both",
"cdi_schubert","Turicibacter","MaAsLin3 combined","MaAsLin3","combined","H","CDI","age_z + sex + antibiotics_3mo + log_library_size_z + group",TRUE,"Available",0.0737376708051997,0.0737376708051997,0.0737376708051997,0.120165093164029,0.298302395530126,FALSE,,,"MaAsLin3 Beta(1,2) calibrated joint test","both",
"cdi_schubert","Unclassified_Acidaminococcaceae","MaAsLin3 combined","MaAsLin3","combined","H","CDI","age_z + sex + antibiotics_3mo + log_library_size_z + group",TRUE,"Available",0.0132788482131712,0.0132788482131712,0.0132788482131712,0.0265576964263424,0.101880818187262,TRUE,,,"MaAsLin3 Beta(1,2) calibrated joint test","both",
"cdi_schubert","Unclassified_Actinobacteria","MaAsLin3 combined","MaAsLin3","combined","H","CDI","age_z + sex + antibiotics_3mo + log_library_size_z + group",TRUE,"Available",0.00376011411038192,0.00376011411038192,0.00376011411038192,0.00945400119181739,0.0398393042647608,TRUE,,,"MaAsLin3 Beta(1,2) calibrated joint test","both",
"cdi_schubert","Unclassified_Clostridia","MaAsLin3 combined","MaAsLin3","combined","H","CDI","age_z + sex + antibiotics_3mo + log_library_size_z + group",TRUE,"Available",0.0103745125653705,0.0103745125653705,0.0103745125653705,0.0228239276438152,0.0871067564450922,TRUE,,,"MaAsLin3 Beta(1,2) calibrated joint test","both",
"cdi_schubert","Unclassified_Clostridiaceae_1","MaAsLin3 combined","MaAsLin3","combined","H","CDI","age_z + sex + antibiotics_3mo + log_library_size_z + group",TRUE,"Available",0.606515213407356,0.606515213407356,0.606515213407356,0.684273574100607,0.79699285340739,FALSE,,,"MaAsLin3 Beta(1,2) calibrated joint test","both",
"cdi_schubert","Unclassified_Clostridiales","MaAsLin3 combined","MaAsLin3","combined","H","CDI","age_z + sex + antibiotics_3mo + log_library_size_z + group",TRUE,"Available",3.81875817462645e-07,3.81875817462645e-07,3.81875817462645e-07,4.80072456238754e-06,2.42763912529824e-05,TRUE,,,"MaAsLin3 Beta(1,2) calibrated joint test","both",
"cdi_schubert","Unclassified_Enterobacteriaceae","MaAsLin3 combined","MaAsLin3","combined","H","CDI","age_z + sex + antibiotics_3mo + log_library_size_z + group",TRUE,"Available",0.000386180865690977,0.000386180865690977,0.000386180865690977,0.00147756157307852,0.00687401940929939,TRUE,,,"MaAsLin3 Beta(1,2) calibrated joint test","both",
"cdi_schubert","Unclassified_Eubacteriaceae","MaAsLin3 combined","MaAsLin3","combined","H","CDI","age_z + sex + antibiotics_3mo + log_library_size_z + group",TRUE,"Available",0.847173092587166,0.847173092587166,0.847173092587166,0.88751466842465,0.919492746832412,FALSE,,,"MaAsLin3 Beta(1,2) calibrated joint test","both",
"cdi_schubert","Unclassified_Firmicutes","MaAsLin3 combined","MaAsLin3","combined","H","CDI","age_z + sex + antibiotics_3mo + log_library_size_z + group",TRUE,"Available",0.217716889735306,0.217716889735306,0.217716889735306,0.290289186313742,0.496841107344673,FALSE,,,"MaAsLin3 Beta(1,2) calibrated joint test","both",
"cdi_schubert","Unclassified_Lachnospiraceae","MaAsLin3 combined","MaAsLin3","combined","H","CDI","age_z + sex + antibiotics_3mo + log_library_size_z + group",TRUE,"Available",0.00100860867552683,0.00100860867552683,0.00100860867552683,0.00316991298022719,0.014478414858369,TRUE,,,"MaAsLin3 Beta(1,2) calibrated joint test","both",
"cdi_schubert","Unclassified_Pasteurellaceae","MaAsLin3 combined","MaAsLin3","combined","H","CDI","age_z + sex + antibiotics_3mo + log_library_size_z + group",TRUE,"Available",0.591148938980129,0.591148938980129,0.591148938980129,0.675598787405862,0.788427298159134,FALSE,,,"MaAsLin3 Beta(1,2) calibrated joint test","both",
"cdi_schubert","Unclassified_Prevotellaceae","MaAsLin3 combined","MaAsLin3","combined","H","CDI","age_z + sex + antibiotics_3mo + log_library_size_z + group",TRUE,"Available",0.0123706017808133,0.0123706017808133,0.0123706017808133,0.0259193561121803,0.0983021034368201,TRUE,,,"MaAsLin3 Beta(1,2) calibrated joint test","both",
"cdi_schubert","Unclassified_Proteobacteria","MaAsLin3 combined","MaAsLin3","combined","H","CDI","age_z + sex + antibiotics_3mo + log_library_size_z + group",TRUE,"Available",0.63412793794987,0.63412793794987,0.63412793794987,0.706370361260614,0.820168949460417,FALSE,,,"MaAsLin3 Beta(1,2) calibrated joint test","both",
"cdi_schubert","Unclassified_Ruminococcaceae","MaAsLin3 combined","MaAsLin3","combined","H","CDI","age_z + sex + antibiotics_3mo + log_library_size_z + group",TRUE,"Available",0.00761102470233791,0.00761102470233791,0.00761102470233791,0.0176255308896246,0.0705605415112577,TRUE,,,"MaAsLin3 Beta(1,2) calibrated joint test","both",
"cdi_schubert","Unclassified_Selenomonadales","MaAsLin3 combined","MaAsLin3","combined","H","CDI","age_z + sex + antibiotics_3mo + log_library_size_z + group",TRUE,"Available",0.00109972790532331,0.00109972790532331,0.00109972790532331,0.00333710536787763,0.0152930911834023,TRUE,,,"MaAsLin3 Beta(1,2) calibrated joint test","both",
"cdi_schubert","Unclassified_Sphingomonadaceae","MaAsLin3 combined","MaAsLin3","combined","H","CDI","age_z + sex + antibiotics_3mo + log_library_size_z + group",TRUE,"Available",0.958400293385571,0.958400293385571,0.958400293385571,0.980688672301515,0.971499158443233,FALSE,,,"MaAsLin3 Beta(1,2) calibrated joint test","both",
"cdi_schubert","Unclassified_Veillonellaceae","MaAsLin3 combined","MaAsLin3","combined","H","CDI","age_z + sex + antibiotics_3mo + log_library_size_z + group",TRUE,"Available",0.133062833845284,0.133062833845284,0.133062833845284,0.195158822973084,0.39475307374101,FALSE,,,"MaAsLin3 Beta(1,2) calibrated joint test","both",
"cdi_schubert","Veillonella","MaAsLin3 combined","MaAsLin3","combined","H","CDI","age_z + sex + antibiotics_3mo + log_library_size_z + group",TRUE,"Available",3.29232630047471e-09,3.29232630047471e-09,3.29232630047471e-09,1.44862357220887e-07,7.32542601855624e-07,TRUE,,,"MaAsLin3 Beta(1,2) calibrated joint test","both",
"cdi_schubert","Yersinia","MaAsLin3 combined","MaAsLin3","combined","H","CDI","age_z + sex + antibiotics_3mo + log_library_size_z + group",TRUE,"Available",0.0379376346164906,0.0379376346164906,0.0379376346164906,0.0654610165931602,0.213071307865371,FALSE,,,"MaAsLin3 Beta(1,2) calibrated joint test","both",
"cdi_schubert","Acidaminococcus","ZINQ prevalence","ZINQ","prevalence","H","CDI","age_z + sex + antibiotics_3mo + log_library_size_z + group",TRUE,"Available",0.906486571186464,0.906486571186464,0.906486571186464,0.934033702351322,,FALSE,,,"Firth logistic test of observed presence",,
"cdi_schubert","Actinomyces","ZINQ prevalence","ZINQ","prevalence","H","CDI","age_z + sex + antibiotics_3mo + log_library_size_z + group",TRUE,"Available",4.09450866121208e-05,4.09450866121208e-05,4.09450866121208e-05,0.000156659461820288,,TRUE,,,"Firth logistic test of observed presence",,
"cdi_schubert","Akkermansia","ZINQ prevalence","ZINQ","prevalence","H","CDI","age_z + sex + antibiotics_3mo + log_library_size_z + group",TRUE,"Available",0.967272865311268,0.967272865311268,0.967272865311268,0.967272865311268,,FALSE,,,"Firth logistic test of observed presence",,
"cdi_schubert","Alistipes","ZINQ prevalence","ZINQ","prevalence","H","CDI","age_z + sex + antibiotics_3mo + log_library_size_z + group",TRUE,"Available",3.05420193291717e-05,3.05420193291717e-05,3.05420193291717e-05,0.000122168077316687,,TRUE,,,"Firth logistic test of observed presence",,
"cdi_schubert","Anaerococcus","ZINQ prevalence","ZINQ","prevalence","H","CDI","age_z + sex + antibiotics_3mo + log_library_size_z + group",TRUE,"Available",0.0354250488013941,0.0354250488013941,0.0354250488013941,0.0566179597779464,,FALSE,,,"Firth logistic test of observed presence",,
"cdi_schubert","Anaerofilum","ZINQ prevalence","ZINQ","prevalence","H","CDI","age_z + sex + antibiotics_3mo + log_library_size_z + group",TRUE,"Available",0.50704964891068,0.50704964891068,0.50704964891068,0.587110119791313,,FALSE,,,"Firth logistic test of observed presence",,
"cdi_schubert","Anaerostipes","ZINQ prevalence","ZINQ","prevalence","H","CDI","age_z + sex + antibiotics_3mo + log_library_size_z + group",TRUE,"Available",1.02574107780917e-05,1.02574107780917e-05,1.02574107780917e-05,4.51326074236036e-05,,TRUE,,,"Firth logistic test of observed presence",,
"cdi_schubert","Anaerovorax","ZINQ prevalence","ZINQ","prevalence","H","CDI","age_z + sex + antibiotics_3mo + log_library_size_z + group",TRUE,"Available",1.2439926422303e-08,1.2439926422303e-08,1.2439926422303e-08,1.56387646451809e-07,,TRUE,,,"Firth logistic test of observed presence",,
"cdi_schubert","Arthrobacter","ZINQ prevalence","ZINQ","prevalence","H","CDI","age_z + sex + antibiotics_3mo + log_library_size_z + group",TRUE,"Available",0.000409171031930167,0.000409171031930167,0.000409171031930167,0.00120023502699516,,TRUE,,,"Firth logistic test of observed presence",,
"cdi_schubert","Bacteroides","ZINQ prevalence","ZINQ","prevalence","H","CDI","age_z + sex + antibiotics_3mo + log_library_size_z + group",TRUE,"Available",0.000499167019164415,0.000499167019164415,0.000499167019164415,0.00135821333934118,,TRUE,,,"Firth logistic test of observed presence",,
"cdi_schubert","Barnesiella","ZINQ prevalence","ZINQ","prevalence","H","CDI","age_z + sex + antibiotics_3mo + log_library_size_z + group",TRUE,"Available",0.00010382087432248,0.00010382087432248,0.00010382087432248,0.000351393728476086,,TRUE,,,"Firth logistic test of observed presence",,
"cdi_schubert","Bifidobacterium","ZINQ prevalence","ZINQ","prevalence","H","CDI","age_z + sex + antibiotics_3mo + log_library_size_z + group",TRUE,"Available",0.240703766397917,0.240703766397917,0.240703766397917,0.302599020614525,,FALSE,,,"Firth logistic test of observed presence",,
"cdi_schubert","Bilophila","ZINQ prevalence","ZINQ","prevalence","H","CDI","age_z + sex + antibiotics_3mo + log_library_size_z + group",TRUE,"Available",0.198203429713645,0.198203429713645,0.198203429713645,0.26032689275822,,FALSE,,,"Firth logistic test of observed presence",,
"cdi_schubert","Blautia","ZINQ prevalence","ZINQ","prevalence","H","CDI","age_z + sex + antibiotics_3mo + log_library_size_z + group",TRUE,"Available",0.000524764244745457,0.000524764244745457,0.000524764244745457,0.00135821333934118,,TRUE,,,"Firth logistic test of observed presence",,
"cdi_schubert","Buttiauxella","ZINQ prevalence","ZINQ","prevalence","H","CDI","age_z + sex + antibiotics_3mo + log_library_size_z + group",TRUE,"Available",0.00047713231141977,0.00047713231141977,0.00047713231141977,0.00135444010983677,,TRUE,,,"Firth logistic test of observed presence",,
"cdi_schubert","Butyricicoccus","ZINQ prevalence","ZINQ","prevalence","H","CDI","age_z + sex + antibiotics_3mo + log_library_size_z + group",TRUE,"Available",5.07520651726878e-07,5.07520651726878e-07,5.07520651726878e-07,3.19012981085466e-06,,TRUE,,,"Firth logistic test of observed presence",,
"cdi_schubert","Butyricimonas","ZINQ prevalence","ZINQ","prevalence","H","CDI","age_z + sex + antibiotics_3mo + log_library_size_z + group",TRUE,"Available",0.00148333544608159,0.00148333544608159,0.00148333544608159,0.00334701331423538,,TRUE,,,"Firth logistic test of observed presence",,
"cdi_schubert","Citrobacter","ZINQ prevalence","ZINQ","prevalence","H","CDI","age_z + sex + antibiotics_3mo + log_library_size_z + group",TRUE,"Available",0.0580304372571265,0.0580304372571265,0.0580304372571265,0.086553872519104,,FALSE,,,"Firth logistic test of observed presence",,
"cdi_schubert","Cloacibacillus","ZINQ prevalence","ZINQ","prevalence","H","CDI","age_z + sex + antibiotics_3mo + log_library_size_z + group",TRUE,"Available",0.0346568060659678,0.0346568060659678,0.0346568060659678,0.0566179597779464,,FALSE,,,"Firth logistic test of observed presence",,
"cdi_schubert","Clostridium_IV","ZINQ prevalence","ZINQ","prevalence","H","CDI","age_z + sex + antibiotics_3mo + log_library_size_z + group",TRUE,"Available",1.01868125046423e-09,1.01868125046423e-09,1.01868125046423e-09,1.79287900081704e-08,,TRUE,,,"Firth logistic test of observed presence",,
"cdi_schubert","Clostridium_sensu_stricto","ZINQ prevalence","ZINQ","prevalence","H","CDI","age_z + sex + antibiotics_3mo + log_library_size_z + group",TRUE,"Available",0.372052329323242,0.372052329323242,0.372052329323242,0.443235723206507,,FALSE,,,"Firth logistic test of observed presence",,
"cdi_schubert","Clostridium_XI","ZINQ prevalence","ZINQ","prevalence","H","CDI","age_z + sex + antibiotics_3mo + log_library_size_z + group",TRUE,"Available",0.0389220342238957,0.0389220342238957,0.0389220342238957,0.0600901581000495,,FALSE,,,"Firth logistic test of observed presence",,
"cdi_schubert","Clostridium_XlVa","ZINQ prevalence","ZINQ","prevalence","H","CDI","age_z + sex + antibiotics_3mo + log_library_size_z + group",TRUE,"Available",0.0111622953561415,0.0111622953561415,0.0111622953561415,0.0216126676677307,,TRUE,,,"Firth logistic test of observed presence",,
"cdi_schubert","Clostridium_XlVb","ZINQ prevalence","ZINQ","prevalence","H","CDI","age_z + sex + antibiotics_3mo + log_library_size_z + group",TRUE,"Available",1.20329522279583e-06,1.20329522279583e-06,1.20329522279583e-06,6.22882232976665e-06,,TRUE,,,"Firth logistic test of observed presence",,
"cdi_schubert","Clostridium_XVIII","ZINQ prevalence","ZINQ","prevalence","H","CDI","age_z + sex + antibiotics_3mo + log_library_size_z + group",TRUE,"Available",0.216773966211378,0.216773966211378,0.216773966211378,0.280531015097077,,FALSE,,,"Firth logistic test of observed presence",,
"cdi_schubert","Coprobacillus","ZINQ prevalence","ZINQ","prevalence","H","CDI","age_z + sex + antibiotics_3mo + log_library_size_z + group",TRUE,"Available",0.0477958075760335,0.0477958075760335,0.0477958075760335,0.0725177770119129,,FALSE,,,"Firth logistic test of observed presence",,
"cdi_schubert","Coprococcus","ZINQ prevalence","ZINQ","prevalence","H","CDI","age_z + sex + antibiotics_3mo + log_library_size_z + group",TRUE,"Available",3.15369082959371e-07,3.15369082959371e-07,3.15369082959371e-07,2.13480610003267e-06,,TRUE,,,"Firth logistic test of observed presence",,
"cdi_schubert","Desulfovibrio","ZINQ prevalence","ZINQ","prevalence","H","CDI","age_z + sex + antibiotics_3mo + log_library_size_z + group",TRUE,"Available",0.810711171084492,0.810711171084492,0.810711171084492,0.87003150067604,,FALSE,,,"Firth logistic test of observed presence",,
"cdi_schubert","Dialister","ZINQ prevalence","ZINQ","prevalence","H","CDI","age_z + sex + antibiotics_3mo + log_library_size_z + group",TRUE,"Available",0.129462036275035,0.129462036275035,0.129462036275035,0.175271679880047,,FALSE,,,"Firth logistic test of observed presence",,
"cdi_schubert","Dorea","ZINQ prevalence","ZINQ","prevalence","H","CDI","age_z + sex + antibiotics_3mo + log_library_size_z + group",TRUE,"Available",2.64147026474149e-09,2.64147026474149e-09,2.64147026474149e-09,3.87415638828751e-08,,TRUE,,,"Firth logistic test of observed presence",,
"cdi_schubert","Enterococcus","ZINQ prevalence","ZINQ","prevalence","H","CDI","age_z + sex + antibiotics_3mo + log_library_size_z + group",TRUE,"Available",1.88393745048643e-12,1.88393745048643e-12,1.88393745048643e-12,1.65786495642806e-10,,TRUE,,,"Firth logistic test of observed presence",,
"cdi_schubert","Erysipelotrichaceae_incertae_sedis","ZINQ prevalence","ZINQ","prevalence","H","CDI","age_z + sex + antibiotics_3mo + log_library_size_z + group",TRUE,"Available",0.0359311877261482,0.0359311877261482,0.0359311877261482,0.0566179597779464,,FALSE,,,"Firth logistic test of observed presence",,
"cdi_schubert","Ethanoligenens","ZINQ prevalence","ZINQ","prevalence","H","CDI","age_z + sex + antibiotics_3mo + log_library_size_z + group",TRUE,"Available",0.00035891002175592,0.00035891002175592,0.00035891002175592,0.00108910627291452,,TRUE,,,"Firth logistic test of observed presence",,
"cdi_schubert","Eubacterium","ZINQ prevalence","ZINQ","prevalence","H","CDI","age_z + sex + antibiotics_3mo + log_library_size_z + group",TRUE,"Available",0.155518471077611,0.155518471077611,0.155518471077611,0.207357961436814,,FALSE,,,"Firth logistic test of observed presence",,
"cdi_schubert","Faecalibacterium","ZINQ prevalence","ZINQ","prevalence","H","CDI","age_z + sex + antibiotics_3mo + log_library_size_z + group",TRUE,"Available",2.88049584185046e-11,2.88049584185046e-11,2.88049584185046e-11,6.33709085207101e-10,,TRUE,,,"Firth logistic test of observed presence",,
"cdi_schubert","Finegoldia","ZINQ prevalence","ZINQ","prevalence","H","CDI","age_z + sex + antibiotics_3mo + log_library_size_z + group",TRUE,"Available",0.955016482056944,0.955016482056944,0.955016482056944,0.965993683000127,,FALSE,,,"Firth logistic test of observed presence",,
"cdi_schubert","Flavonifractor","ZINQ prevalence","ZINQ","prevalence","H","CDI","age_z + sex + antibiotics_3mo + log_library_size_z + group",TRUE,"Available",0.00616797865438967,0.00616797865438967,0.00616797865438967,0.0123359573087793,,TRUE,,,"Firth logistic test of observed presence",,
"cdi_schubert","Fusobacterium","ZINQ prevalence","ZINQ","prevalence","H","CDI","age_z + sex + antibiotics_3mo + log_library_size_z + group",TRUE,"Available",9.9671400577428e-08,9.9671400577428e-08,9.9671400577428e-08,7.97371204619424e-07,,TRUE,,,"Firth logistic test of observed presence",,
"cdi_schubert","Gemella","ZINQ prevalence","ZINQ","prevalence","H","CDI","age_z + sex + antibiotics_3mo + log_library_size_z + group",TRUE,"Available",0.0250205917191521,0.0250205917191521,0.0250205917191521,0.0440362414257076,,TRUE,,,"Firth logistic test of observed presence",,
"cdi_schubert","Gemmiger","ZINQ prevalence","ZINQ","prevalence","H","CDI","age_z + sex + antibiotics_3mo + log_library_size_z + group",TRUE,"Available",2.97897245760126e-08,2.97897245760126e-08,2.97897245760126e-08,2.62149576268911e-07,,TRUE,,,"Firth logistic test of observed presence",,
"cdi_schubert","Haemophilus","ZINQ prevalence","ZINQ","prevalence","H","CDI","age_z + sex + antibiotics_3mo + log_library_size_z + group",TRUE,"Available",0.736488098845748,0.736488098845748,0.736488098845748,0.820391806309188,,FALSE,,,"Firth logistic test of observed presence",,
"cdi_schubert","Hespellia","ZINQ prevalence","ZINQ","prevalence","H","CDI","age_z + sex + antibiotics_3mo + log_library_size_z + group",TRUE,"Available",0.795880954549263,0.795880954549263,0.795880954549263,0.864660790127594,,FALSE,,,"Firth logistic test of observed presence",,
"cdi_schubert","Howardella","ZINQ prevalence","ZINQ","prevalence","H","CDI","age_z + sex + antibiotics_3mo + log_library_size_z + group",TRUE,"Available",0.676174130497845,0.676174130497845,0.676174130497845,0.762863121587313,,FALSE,,,"Firth logistic test of observed presence",,
"cdi_schubert","Kluyvera","ZINQ prevalence","ZINQ","prevalence","H","CDI","age_z + sex + antibiotics_3mo + log_library_size_z + group",TRUE,"Available",0.0112975308263138,0.0112975308263138,0.0112975308263138,0.0216126676677307,,TRUE,,,"Firth logistic test of observed presence",,
"cdi_schubert","Lachnospiracea_incertae_sedis","ZINQ prevalence","ZINQ","prevalence","H","CDI","age_z + sex + antibiotics_3mo + log_library_size_z + group",TRUE,"Available",2.32599495220143e-11,2.32599495220143e-11,2.32599495220143e-11,6.33709085207101e-10,,TRUE,,,"Firth logistic test of observed presence",,
"cdi_schubert","Lactobacillus","ZINQ prevalence","ZINQ","prevalence","H","CDI","age_z + sex + antibiotics_3mo + log_library_size_z + group",TRUE,"Available",1.25995413324809e-07,1.25995413324809e-07,1.25995413324809e-07,9.2396636438193e-07,,TRUE,,,"Firth logistic test of observed presence",,
"cdi_schubert","Lactococcus","ZINQ prevalence","ZINQ","prevalence","H","CDI","age_z + sex + antibiotics_3mo + log_library_size_z + group",TRUE,"Available",0.91280566366152,0.91280566366152,0.91280566366152,0.934033702351322,,FALSE,,,"Firth logistic test of observed presence",,
"cdi_schubert","Lactonifactor","ZINQ prevalence","ZINQ","prevalence","H","CDI","age_z + sex + antibiotics_3mo + log_library_size_z + group",TRUE,"Available",0.491239461811844,0.491239461811844,0.491239461811844,0.576387635192563,,FALSE,,,"Firth logistic test of observed presence",,
"cdi_schubert","Megasphaera","ZINQ prevalence","ZINQ","prevalence","H","CDI","age_z + sex + antibiotics_3mo + log_library_size_z + group",TRUE,"Available",0.0360296107677841,0.0360296107677841,0.0360296107677841,0.0566179597779464,,FALSE,,,"Firth logistic test of observed presence",,
"cdi_schubert","Methanobrevibacter","ZINQ prevalence","ZINQ","prevalence","H","CDI","age_z + sex + antibiotics_3mo + log_library_size_z + group",TRUE,"Available",0.0330765261339897,0.0330765261339897,0.0330765261339897,0.0566179597779464,,FALSE,,,"Firth logistic test of observed presence",,
"cdi_schubert","Odoribacter","ZINQ prevalence","ZINQ","prevalence","H","CDI","age_z + sex + antibiotics_3mo + log_library_size_z + group",TRUE,"Available",1.18550431082998e-06,1.18550431082998e-06,1.18550431082998e-06,6.22882232976665e-06,,TRUE,,,"Firth logistic test of observed presence",,
"cdi_schubert","Oscillibacter","ZINQ prevalence","ZINQ","prevalence","H","CDI","age_z + sex + antibiotics_3mo + log_library_size_z + group",TRUE,"Available",1.74523602236576e-08,1.74523602236576e-08,1.74523602236576e-08,1.91975962460234e-07,,TRUE,,,"Firth logistic test of observed presence",,
"cdi_schubert","Pandoraea","ZINQ prevalence","ZINQ","prevalence","H","CDI","age_z + sex + antibiotics_3mo + log_library_size_z + group",TRUE,"Available",0.294182137678196,0.294182137678196,0.294182137678196,0.36462011430537,,FALSE,,,"Firth logistic test of observed presence",,
"cdi_schubert","Parabacteroides","ZINQ prevalence","ZINQ","prevalence","H","CDI","age_z + sex + antibiotics_3mo + log_library_size_z + group",TRUE,"Available",0.000299124724999045,0.000299124724999045,0.000299124724999045,0.000940106278568426,,TRUE,,,"Firth logistic test of observed presence",,
"cdi_schubert","Paraprevotella","ZINQ prevalence","ZINQ","prevalence","H","CDI","age_z + sex + antibiotics_3mo + log_library_size_z + group",TRUE,"Available",0.791617772915792,0.791617772915792,0.791617772915792,0.864660790127594,,FALSE,,,"Firth logistic test of observed presence",,
"cdi_schubert","Parasutterella","ZINQ prevalence","ZINQ","prevalence","H","CDI","age_z + sex + antibiotics_3mo + log_library_size_z + group",TRUE,"Available",0.000974051296274259,0.000974051296274259,0.000974051296274259,0.00231666254249013,,TRUE,,,"Firth logistic test of observed presence",,
"cdi_schubert","Prevotella","ZINQ prevalence","ZINQ","prevalence","H","CDI","age_z + sex + antibiotics_3mo + log_library_size_z + group",TRUE,"Available",0.00277798787876393,0.00277798787876393,0.00277798787876393,0.00582054603169586,,TRUE,,,"Firth logistic test of observed presence",,
"cdi_schubert","Proteus","ZINQ prevalence","ZINQ","prevalence","H","CDI","age_z + sex + antibiotics_3mo + log_library_size_z + group",TRUE,"Available",0.0898596199074353,0.0898596199074353,0.0898596199074353,0.127542686320231,,FALSE,,,"Firth logistic test of observed presence",,
"cdi_schubert","Raoultella","ZINQ prevalence","ZINQ","prevalence","H","CDI","age_z + sex + antibiotics_3mo + log_library_size_z + group",TRUE,"Available",0.000589094814678393,0.000589094814678393,0.000589094814678393,0.00148115267690567,,TRUE,,,"Firth logistic test of observed presence",,
"cdi_schubert","Roseburia","ZINQ prevalence","ZINQ","prevalence","H","CDI","age_z + sex + antibiotics_3mo + log_library_size_z + group",TRUE,"Available",2.03578672386406e-05,2.03578672386406e-05,2.03578672386406e-05,8.53091579523989e-05,,TRUE,,,"Firth logistic test of observed presence",,
"cdi_schubert","Ruminococcus","ZINQ prevalence","ZINQ","prevalence","H","CDI","age_z + sex + antibiotics_3mo + log_library_size_z + group",TRUE,"Available",1.58036916886317e-11,1.58036916886317e-11,1.58036916886317e-11,6.33709085207101e-10,,TRUE,,,"Firth logistic test of observed presence",,
"cdi_schubert","Ruminococcus2","ZINQ prevalence","ZINQ","prevalence","H","CDI","age_z + sex + antibiotics_3mo + log_library_size_z + group",TRUE,"Available",6.87860155543785e-05,6.87860155543785e-05,6.87860155543785e-05,0.000252215390366054,,TRUE,,,"Firth logistic test of observed presence",,
"cdi_schubert","Sarcina","ZINQ prevalence","ZINQ","prevalence","H","CDI","age_z + sex + antibiotics_3mo + log_library_size_z + group",TRUE,"Available",0.233873927368141,0.233873927368141,0.233873927368141,0.298273994324586,,FALSE,,,"Firth logistic test of observed presence",,
"cdi_schubert","Serratia","ZINQ prevalence","ZINQ","prevalence","H","CDI","age_z + sex + antibiotics_3mo + log_library_size_z + group",TRUE,"Available",0.0127513624894736,0.0127513624894736,0.0127513624894736,0.0238748914696527,,TRUE,,,"Firth logistic test of observed presence",,
"cdi_schubert","Sporobacter","ZINQ prevalence","ZINQ","prevalence","H","CDI","age_z + sex + antibiotics_3mo + log_library_size_z + group",TRUE,"Available",0.0706322573461906,0.0706322573461906,0.0706322573461906,0.101895715515816,,FALSE,,,"Firth logistic test of observed presence",,
"cdi_schubert","Streptococcus","ZINQ prevalence","ZINQ","prevalence","H","CDI","age_z + sex + antibiotics_3mo + log_library_size_z + group",TRUE,"Available",0.0178156593574282,0.0178156593574282,0.0178156593574282,0.0326620421552851,,TRUE,,,"Firth logistic test of observed presence",,
"cdi_schubert","Sutterella","ZINQ prevalence","ZINQ","prevalence","H","CDI","age_z + sex + antibiotics_3mo + log_library_size_z + group",TRUE,"Available",0.0206455099847215,0.0206455099847215,0.0206455099847215,0.0370776505848059,,TRUE,,,"Firth logistic test of observed presence",,
"cdi_schubert","Syntrophococcus","ZINQ prevalence","ZINQ","prevalence","H","CDI","age_z + sex + antibiotics_3mo + log_library_size_z + group",TRUE,"Available",0.000810161866637737,0.000810161866637737,0.000810161866637737,0.00198039567400336,,TRUE,,,"Firth logistic test of observed presence",,
"cdi_schubert","Tetragenococcus","ZINQ prevalence","ZINQ","prevalence","H","CDI","age_z + sex + antibiotics_3mo + log_library_size_z + group",TRUE,"Available",1.07744049260283e-06,1.07744049260283e-06,1.07744049260283e-06,6.22882232976665e-06,,TRUE,,,"Firth logistic test of observed presence",,
"cdi_schubert","Turicibacter","ZINQ prevalence","ZINQ","prevalence","H","CDI","age_z + sex + antibiotics_3mo + log_library_size_z + group",TRUE,"Available",0.0355421260588832,0.0355421260588832,0.0355421260588832,0.0566179597779464,,FALSE,,,"Firth logistic test of observed presence",,
"cdi_schubert","Unclassified_Acidaminococcaceae","ZINQ prevalence","ZINQ","prevalence","H","CDI","age_z + sex + antibiotics_3mo + log_library_size_z + group",TRUE,"Available",0.00249629448214417,0.00249629448214417,0.00249629448214417,0.00535790035191919,,TRUE,,,"Firth logistic test of observed presence",,
"cdi_schubert","Unclassified_Actinobacteria","ZINQ prevalence","ZINQ","prevalence","H","CDI","age_z + sex + antibiotics_3mo + log_library_size_z + group",TRUE,"Available",0.000100167376962501,0.000100167376962501,0.000100167376962501,0.000351393728476086,,TRUE,,,"Firth logistic test of observed presence",,
"cdi_schubert","Unclassified_Clostridia","ZINQ prevalence","ZINQ","prevalence","H","CDI","age_z + sex + antibiotics_3mo + log_library_size_z + group",TRUE,"Available",0.00226305727187159,0.00226305727187159,0.00226305727187159,0.00497872599811751,,TRUE,,,"Firth logistic test of observed presence",,
"cdi_schubert","Unclassified_Clostridiaceae_1","ZINQ prevalence","ZINQ","prevalence","H","CDI","age_z + sex + antibiotics_3mo + log_library_size_z + group",TRUE,"Available",0.372720949060018,0.372720949060018,0.372720949060018,0.443235723206507,,FALSE,,,"Firth logistic test of observed presence",,
"cdi_schubert","Unclassified_Clostridiales","ZINQ prevalence","ZINQ","prevalence","H","CDI","age_z + sex + antibiotics_3mo + log_library_size_z + group",TRUE,"Available",2.76023447431939e-08,2.76023447431939e-08,2.76023447431939e-08,2.62149576268911e-07,,TRUE,,,"Firth logistic test of observed presence",,
"cdi_schubert","Unclassified_Enterobacteriaceae","ZINQ prevalence","ZINQ","prevalence","H","CDI","age_z + sex + antibiotics_3mo + log_library_size_z + group",TRUE,"Available",0.115722969617335,0.115722969617335,0.115722969617335,0.159119083223835,,FALSE,,,"Firth logistic test of observed presence",,
"cdi_schubert","Unclassified_Eubacteriaceae","ZINQ prevalence","ZINQ","prevalence","H","CDI","age_z + sex + antibiotics_3mo + log_library_size_z + group",TRUE,"Available",0.591245437193707,0.591245437193707,0.591245437193707,0.675709071078522,,FALSE,,,"Firth logistic test of observed presence",,
"cdi_schubert","Unclassified_Firmicutes","ZINQ prevalence","ZINQ","prevalence","H","CDI","age_z + sex + antibiotics_3mo + log_library_size_z + group",TRUE,"Available",6.59796999324946e-06,6.59796999324946e-06,6.59796999324946e-06,3.05590189161028e-05,,TRUE,,,"Firth logistic test of observed presence",,
"cdi_schubert","Unclassified_Lachnospiraceae","ZINQ prevalence","ZINQ","prevalence","H","CDI","age_z + sex + antibiotics_3mo + log_library_size_z + group",TRUE,"Available",3.6955013733575e-06,3.6955013733575e-06,3.6955013733575e-06,1.80668956030811e-05,,TRUE,,,"Firth logistic test of observed presence",,
"cdi_schubert","Unclassified_Pasteurellaceae","ZINQ prevalence","ZINQ","prevalence","H","CDI","age_z + sex + antibiotics_3mo + log_library_size_z + group",TRUE,"Available",0.321202472662719,0.321202472662719,0.321202472662719,0.392580799921101,,FALSE,,,"Firth logistic test of observed presence",,
"cdi_schubert","Unclassified_Prevotellaceae","ZINQ prevalence","ZINQ","prevalence","H","CDI","age_z + sex + antibiotics_3mo + log_library_size_z + group",TRUE,"Available",0.00106063509950505,0.00106063509950505,0.00106063509950505,0.00245620759885379,,TRUE,,,"Firth logistic test of observed presence",,
"cdi_schubert","Unclassified_Proteobacteria","ZINQ prevalence","ZINQ","prevalence","H","CDI","age_z + sex + antibiotics_3mo + log_library_size_z + group",TRUE,"Available",0.860023837330635,0.860023837330635,0.860023837330635,0.911832502230071,,FALSE,,,"Firth logistic test of observed presence",,
"cdi_schubert","Unclassified_Ruminococcaceae","ZINQ prevalence","ZINQ","prevalence","H","CDI","age_z + sex + antibiotics_3mo + log_library_size_z + group",TRUE,"Available",0.000177897766315827,0.000177897766315827,0.000177897766315827,0.000579814942066398,,TRUE,,,"Firth logistic test of observed presence",,
"cdi_schubert","Unclassified_Selenomonadales","ZINQ prevalence","ZINQ","prevalence","H","CDI","age_z + sex + antibiotics_3mo + log_library_size_z + group",TRUE,"Available",0.113226041092259,0.113226041092259,0.113226041092259,0.158157009779663,,FALSE,,,"Firth logistic test of observed presence",,
"cdi_schubert","Unclassified_Sphingomonadaceae","ZINQ prevalence","ZINQ","prevalence","H","CDI","age_z + sex + antibiotics_3mo + log_library_size_z + group",TRUE,"Available",0.898634210475586,0.898634210475586,0.898634210475586,0.934033702351322,,FALSE,,,"Firth logistic test of observed presence",,
"cdi_schubert","Unclassified_Veillonellaceae","ZINQ prevalence","ZINQ","prevalence","H","CDI","age_z + sex + antibiotics_3mo + log_library_size_z + group",TRUE,"Available",0.0660359162981016,0.0660359162981016,0.0660359162981016,0.0968526772372156,,FALSE,,,"Firth logistic test of observed presence",,
"cdi_schubert","Veillonella","ZINQ prevalence","ZINQ","prevalence","H","CDI","age_z + sex + antibiotics_3mo + log_library_size_z + group",TRUE,"Available",0.00360722669214131,0.00360722669214131,0.00360722669214131,0.00738223136996361,,TRUE,,,"Firth logistic test of observed presence",,
"cdi_schubert","Yersinia","ZINQ prevalence","ZINQ","prevalence","H","CDI","age_z + sex + antibiotics_3mo + log_library_size_z + group",TRUE,"Available",0.00051227085400396,0.00051227085400396,0.00051227085400396,0.00135821333934118,,TRUE,,,"Firth logistic test of observed presence",,
"cdi_schubert","Acidaminococcus","ZINQ abundance","ZINQ","abundance","H","CDI","age_z + sex + antibiotics_3mo + log_library_size_z + group",TRUE,"Available",0.827491492209254,0.827491492209254,0.827491492209254,0.91024064143018,,FALSE,,,"weighted Cauchy combination of nonzero quantile tests at 0.25, 0.50, and 0.75",,
"cdi_schubert","Actinomyces","ZINQ abundance","ZINQ","abundance","H","CDI","age_z + sex + antibiotics_3mo + log_library_size_z + group",TRUE,"Available",0.392653405193141,0.392653405193141,0.392653405193141,0.585652536559261,,FALSE,,,"weighted Cauchy combination of nonzero quantile tests at 0.25, 0.50, and 0.75",,
"cdi_schubert","Akkermansia","ZINQ abundance","ZINQ","abundance","H","CDI","age_z + sex + antibiotics_3mo + log_library_size_z + group",TRUE,"Available",0.0213135861386595,0.0213135861386595,0.0213135861386595,0.0937797790101019,,FALSE,,,"weighted Cauchy combination of nonzero quantile tests at 0.25, 0.50, and 0.75",,
"cdi_schubert","Alistipes","ZINQ abundance","ZINQ","abundance","H","CDI","age_z + sex + antibiotics_3mo + log_library_size_z + group",TRUE,"Available",0.00230658229864655,0.00230658229864655,0.00230658229864655,0.0225532491423219,,TRUE,,,"weighted Cauchy combination of nonzero quantile tests at 0.25, 0.50, and 0.75",,
"cdi_schubert","Anaerococcus","ZINQ abundance","ZINQ","abundance","H","CDI","age_z + sex + antibiotics_3mo + log_library_size_z + group",TRUE,"Available",0.0273171215029366,0.0273171215029366,0.0273171215029366,0.109268486011747,,FALSE,,,"weighted Cauchy combination of nonzero quantile tests at 0.25, 0.50, and 0.75",,
"cdi_schubert","Anaerofilum","ZINQ abundance","ZINQ","abundance","H","CDI","age_z + sex + antibiotics_3mo + log_library_size_z + group",TRUE,"Available",0.154373175807834,0.154373175807834,0.154373175807834,0.333460611234235,,FALSE,,,"weighted Cauchy combination of nonzero quantile tests at 0.25, 0.50, and 0.75",,
"cdi_schubert","Anaerostipes","ZINQ abundance","ZINQ","abundance","H","CDI","age_z + sex + antibiotics_3mo + log_library_size_z + group",TRUE,"Available",0.00411901116458591,0.00411901116458591,0.00411901116458591,0.0278405908314983,,TRUE,,,"weighted Cauchy combination of nonzero quantile tests at 0.25, 0.50, and 0.75",,
"cdi_schubert","Anaerovorax","ZINQ abundance","ZINQ","abundance","H","CDI","age_z + sex + antibiotics_3mo + log_library_size_z + group",TRUE,"Available",0.947777521020159,0.947777521020159,0.947777521020159,0.969818858718303,,FALSE,,,"weighted Cauchy combination of nonzero quantile tests at 0.25, 0.50, and 0.75",,
"cdi_schubert","Arthrobacter","ZINQ abundance","ZINQ","abundance","H","CDI","age_z + sex + antibiotics_3mo + log_library_size_z + group",TRUE,"Available",0.699992012126807,0.699992012126807,0.699992012126807,0.83511847160459,,FALSE,,,"weighted Cauchy combination of nonzero quantile tests at 0.25, 0.50, and 0.75",,
"cdi_schubert","Bacteroides","ZINQ abundance","ZINQ","abundance","H","CDI","age_z + sex + antibiotics_3mo + log_library_size_z + group",TRUE,"Available",0.00883112084177684,0.00883112084177684,0.00883112084177684,0.0457140372986095,,TRUE,,,"weighted Cauchy combination of nonzero quantile tests at 0.25, 0.50, and 0.75",,
"cdi_schubert","Barnesiella","ZINQ abundance","ZINQ","abundance","H","CDI","age_z + sex + antibiotics_3mo + log_library_size_z + group",TRUE,"Available",0.273537952413189,0.273537952413189,0.273537952413189,0.481426796247213,,FALSE,,,"weighted Cauchy combination of nonzero quantile tests at 0.25, 0.50, and 0.75",,
"cdi_schubert","Bifidobacterium","ZINQ abundance","ZINQ","abundance","H","CDI","age_z + sex + antibiotics_3mo + log_library_size_z + group",TRUE,"Available",0.586099629475918,0.586099629475918,0.586099629475918,0.784253358651836,,FALSE,,,"weighted Cauchy combination of nonzero quantile tests at 0.25, 0.50, and 0.75",,
"cdi_schubert","Bilophila","ZINQ abundance","ZINQ","abundance","H","CDI","age_z + sex + antibiotics_3mo + log_library_size_z + group",TRUE,"Available",0.155023189521324,0.155023189521324,0.155023189521324,0.333460611234235,,FALSE,,,"weighted Cauchy combination of nonzero quantile tests at 0.25, 0.50, and 0.75",,
"cdi_schubert","Blautia","ZINQ abundance","ZINQ","abundance","H","CDI","age_z + sex + antibiotics_3mo + log_library_size_z + group",TRUE,"Available",0.00148740478362508,0.00148740478362508,0.00148740478362508,0.0186988029941439,,TRUE,,,"weighted Cauchy combination of nonzero quantile tests at 0.25, 0.50, and 0.75",,
"cdi_schubert","Buttiauxella","ZINQ abundance","ZINQ","abundance","H","CDI","age_z + sex + antibiotics_3mo + log_library_size_z + group",TRUE,"Available",0.260894806762946,0.260894806762946,0.260894806762946,0.469323755745626,,FALSE,,,"weighted Cauchy combination of nonzero quantile tests at 0.25, 0.50, and 0.75",,
"cdi_schubert","Butyricicoccus","ZINQ abundance","ZINQ","abundance","H","CDI","age_z + sex + antibiotics_3mo + log_library_size_z + group",TRUE,"Available",0.354323499087504,0.354323499087504,0.354323499087504,0.569831593746909,,FALSE,,,"weighted Cauchy combination of nonzero quantile tests at 0.25, 0.50, and 0.75",,
"cdi_schubert","Butyricimonas","ZINQ abundance","ZINQ","abundance","H","CDI","age_z + sex + antibiotics_3mo + log_library_size_z + group",TRUE,"Available",0.0903274876459912,0.0903274876459912,0.0903274876459912,0.247527266301437,,FALSE,,,"weighted Cauchy combination of nonzero quantile tests at 0.25, 0.50, and 0.75",,
"cdi_schubert","Citrobacter","ZINQ abundance","ZINQ","abundance","H","CDI","age_z + sex + antibiotics_3mo + log_library_size_z + group",TRUE,"Available",0.866133948714571,0.866133948714571,0.866133948714571,0.938155816177883,,FALSE,,,"weighted Cauchy combination of nonzero quantile tests at 0.25, 0.50, and 0.75",,
"cdi_schubert","Cloacibacillus","ZINQ abundance","ZINQ","abundance","H","CDI","age_z + sex + antibiotics_3mo + log_library_size_z + group",TRUE,"Available",0.874190646893027,0.874190646893027,0.874190646893027,0.938155816177883,,FALSE,,,"weighted Cauchy combination of nonzero quantile tests at 0.25, 0.50, and 0.75",,
"cdi_schubert","Clostridium_IV","ZINQ abundance","ZINQ","abundance","H","CDI","age_z + sex + antibiotics_3mo + log_library_size_z + group",TRUE,"Available",0.00937113974861137,0.00937113974861137,0.00937113974861137,0.0458144609932111,,TRUE,,,"weighted Cauchy combination of nonzero quantile tests at 0.25, 0.50, and 0.75",,
"cdi_schubert","Clostridium_sensu_stricto","ZINQ abundance","ZINQ","abundance","H","CDI","age_z + sex + antibiotics_3mo + log_library_size_z + group",TRUE,"Available",0.38470080451049,0.38470080451049,0.38470080451049,0.583683979257296,,FALSE,,,"weighted Cauchy combination of nonzero quantile tests at 0.25, 0.50, and 0.75",,
"cdi_schubert","Clostridium_XI","ZINQ abundance","ZINQ","abundance","H","CDI","age_z + sex + antibiotics_3mo + log_library_size_z + group",TRUE,"Available",0.0963595325595968,0.0963595325595968,0.0963595325595968,0.247527266301437,,FALSE,,,"weighted Cauchy combination of nonzero quantile tests at 0.25, 0.50, and 0.75",,
"cdi_schubert","Clostridium_XlVa","ZINQ abundance","ZINQ","abundance","H","CDI","age_z + sex + antibiotics_3mo + log_library_size_z + group",TRUE,"Available",0.0044291849050111,0.0044291849050111,0.0044291849050111,0.0278405908314983,,TRUE,,,"weighted Cauchy combination of nonzero quantile tests at 0.25, 0.50, and 0.75",,
"cdi_schubert","Clostridium_XlVb","ZINQ abundance","ZINQ","abundance","H","CDI","age_z + sex + antibiotics_3mo + log_library_size_z + group",TRUE,"Available",0.00131894158145029,0.00131894158145029,0.00131894158145029,0.0186988029941439,,TRUE,,,"weighted Cauchy combination of nonzero quantile tests at 0.25, 0.50, and 0.75",,
"cdi_schubert","Clostridium_XVIII","ZINQ abundance","ZINQ","abundance","H","CDI","age_z + sex + antibiotics_3mo + log_library_size_z + group",TRUE,"Available",0.0534814647693012,0.0534814647693012,0.0534814647693012,0.179883347111212,,FALSE,,,"weighted Cauchy combination of nonzero quantile tests at 0.25, 0.50, and 0.75",,
"cdi_schubert","Coprobacillus","ZINQ abundance","ZINQ","abundance","H","CDI","age_z + sex + antibiotics_3mo + log_library_size_z + group",TRUE,"Available",0.42994797940383,0.42994797940383,0.42994797940383,0.62025282274651,,FALSE,,,"weighted Cauchy combination of nonzero quantile tests at 0.25, 0.50, and 0.75",,
"cdi_schubert","Coprococcus","ZINQ abundance","ZINQ","abundance","H","CDI","age_z + sex + antibiotics_3mo + log_library_size_z + group",TRUE,"Available",0.280641467158577,0.280641467158577,0.280641467158577,0.484244100195192,,FALSE,,,"weighted Cauchy combination of nonzero quantile tests at 0.25, 0.50, and 0.75",,
"cdi_schubert","Desulfovibrio","ZINQ abundance","ZINQ","abundance","H","CDI","age_z + sex + antibiotics_3mo + log_library_size_z + group",TRUE,"Available",0.606013958958237,0.606013958958237,0.606013958958237,0.784253358651836,,FALSE,,,"weighted Cauchy combination of nonzero quantile tests at 0.25, 0.50, and 0.75",,
"cdi_schubert","Dialister","ZINQ abundance","ZINQ","abundance","H","CDI","age_z + sex + antibiotics_3mo + log_library_size_z + group",TRUE,"Available",0.0950577645279663,0.0950577645279663,0.0950577645279663,0.247527266301437,,FALSE,,,"weighted Cauchy combination of nonzero quantile tests at 0.25, 0.50, and 0.75",,
"cdi_schubert","Dorea","ZINQ abundance","ZINQ","abundance","H","CDI","age_z + sex + antibiotics_3mo + log_library_size_z + group",TRUE,"Available",0.297004505312886,0.297004505312886,0.297004505312886,0.502623008991037,,FALSE,,,"weighted Cauchy combination of nonzero quantile tests at 0.25, 0.50, and 0.75",,
"cdi_schubert","Enterococcus","ZINQ abundance","ZINQ","abundance","H","CDI","age_z + sex + antibiotics_3mo + log_library_size_z + group",TRUE,"Available",0.00565659918903405,0.00565659918903405,0.00565659918903405,0.0331657654281839,,TRUE,,,"weighted Cauchy combination of nonzero quantile tests at 0.25, 0.50, and 0.75",,
"cdi_schubert","Erysipelotrichaceae_incertae_sedis","ZINQ abundance","ZINQ","abundance","H","CDI","age_z + sex + antibiotics_3mo + log_library_size_z + group",TRUE,"Available",0.000654460206388485,0.000654460206388485,0.000654460206388485,0.0143981245405467,,TRUE,,,"weighted Cauchy combination of nonzero quantile tests at 0.25, 0.50, and 0.75",,
"cdi_schubert","Ethanoligenens","ZINQ abundance","ZINQ","abundance","H","CDI","age_z + sex + antibiotics_3mo + log_library_size_z + group",TRUE,"Available",0.605450849330757,0.605450849330757,0.605450849330757,0.784253358651836,,FALSE,,,"weighted Cauchy combination of nonzero quantile tests at 0.25, 0.50, and 0.75",,
"cdi_schubert","Eubacterium","ZINQ abundance","ZINQ","abundance","H","CDI","age_z + sex + antibiotics_3mo + log_library_size_z + group",TRUE,"Available",0.60307548995016,0.60307548995016,0.60307548995016,0.784253358651836,,FALSE,,,"weighted Cauchy combination of nonzero quantile tests at 0.25, 0.50, and 0.75",,
"cdi_schubert","Faecalibacterium","ZINQ abundance","ZINQ","abundance","H","CDI","age_z + sex + antibiotics_3mo + log_library_size_z + group",TRUE,"Available",0.00193267481711801,0.00193267481711801,0.00193267481711801,0.0212594229882981,,TRUE,,,"weighted Cauchy combination of nonzero quantile tests at 0.25, 0.50, and 0.75",,
"cdi_schubert","Finegoldia","ZINQ abundance","ZINQ","abundance","H","CDI","age_z + sex + antibiotics_3mo + log_library_size_z + group",TRUE,"Available",0.178413091896379,0.178413091896379,0.178413091896379,0.365124467136775,,FALSE,,,"weighted Cauchy combination of nonzero quantile tests at 0.25, 0.50, and 0.75",,
"cdi_schubert","Flavonifractor","ZINQ abundance","ZINQ","abundance","H","CDI","age_z + sex + antibiotics_3mo + log_library_size_z + group",TRUE,"Available",0.20997336801645,0.20997336801645,0.20997336801645,0.410614586343279,,FALSE,,,"weighted Cauchy combination of nonzero quantile tests at 0.25, 0.50, and 0.75",,
"cdi_schubert","Fusobacterium","ZINQ abundance","ZINQ","abundance","H","CDI","age_z + sex + antibiotics_3mo + log_library_size_z + group",TRUE,"Available",0.743881140091385,0.743881140091385,0.743881140091385,0.862202268849146,,FALSE,,,"weighted Cauchy combination of nonzero quantile tests at 0.25, 0.50, and 0.75",,
"cdi_schubert","Gemella","ZINQ abundance","ZINQ","abundance","H","CDI","age_z + sex + antibiotics_3mo + log_library_size_z + group",TRUE,"Available",0.115591627109675,0.115591627109675,0.115591627109675,0.274920626639228,,FALSE,,,"weighted Cauchy combination of nonzero quantile tests at 0.25, 0.50, and 0.75",,
"cdi_schubert","Gemmiger","ZINQ abundance","ZINQ","abundance","H","CDI","age_z + sex + antibiotics_3mo + log_library_size_z + group",TRUE,"Available",0.0387205516711621,0.0387205516711621,0.0387205516711621,0.13629634188249,,FALSE,,,"weighted Cauchy combination of nonzero quantile tests at 0.25, 0.50, and 0.75",,
"cdi_schubert","Haemophilus","ZINQ abundance","ZINQ","abundance","H","CDI","age_z + sex + antibiotics_3mo + log_library_size_z + group",TRUE,"Available",0.256468596328679,0.256468596328679,0.256468596328679,0.469323755745626,,FALSE,,,"weighted Cauchy combination of nonzero quantile tests at 0.25, 0.50, and 0.75",,
"cdi_schubert","Hespellia","ZINQ abundance","ZINQ","abundance","H","CDI","age_z + sex + antibiotics_3mo + log_library_size_z + group",TRUE,"Available",0.620199937002713,0.620199937002713,0.620199937002713,0.790979629800561,,FALSE,,,"weighted Cauchy combination of nonzero quantile tests at 0.25, 0.50, and 0.75",,
"cdi_schubert","Howardella","ZINQ abundance","ZINQ","abundance","H","CDI","age_z + sex + antibiotics_3mo + log_library_size_z + group",TRUE,"Available",0.790359753362554,0.790359753362554,0.790359753362554,0.893405335883302,,FALSE,,,"weighted Cauchy combination of nonzero quantile tests at 0.25, 0.50, and 0.75",,
"cdi_schubert","Kluyvera","ZINQ abundance","ZINQ","abundance","H","CDI","age_z + sex + antibiotics_3mo + log_library_size_z + group",TRUE,"Available",0.0574269293418728,0.0574269293418728,0.0574269293418728,0.180484635074457,,FALSE,,,"weighted Cauchy combination of nonzero quantile tests at 0.25, 0.50, and 0.75",,
"cdi_schubert","Lachnospiracea_incertae_sedis","ZINQ abundance","ZINQ","abundance","H","CDI","age_z + sex + antibiotics_3mo + log_library_size_z + group",TRUE,"Available",3.17075560873903e-06,3.17075560873903e-06,3.17075560873903e-06,0.000139513246784517,,TRUE,,,"weighted Cauchy combination of nonzero quantile tests at 0.25, 0.50, and 0.75",,
"cdi_schubert","Lactobacillus","ZINQ abundance","ZINQ","abundance","H","CDI","age_z + sex + antibiotics_3mo + log_library_size_z + group",TRUE,"Available",9.29382604852869e-05,9.29382604852869e-05,9.29382604852869e-05,0.00272618897423508,,TRUE,,,"weighted Cauchy combination of nonzero quantile tests at 0.25, 0.50, and 0.75",,
"cdi_schubert","Lactococcus","ZINQ abundance","ZINQ","abundance","H","CDI","age_z + sex + antibiotics_3mo + log_library_size_z + group",TRUE,"Available",0.526904249771363,0.526904249771363,0.526904249771363,0.735993237775872,,FALSE,,,"weighted Cauchy combination of nonzero quantile tests at 0.25, 0.50, and 0.75",,
"cdi_schubert","Lactonifactor","ZINQ abundance","ZINQ","abundance","H","CDI","age_z + sex + antibiotics_3mo + log_library_size_z + group",TRUE,"Available",0.892050068468319,0.892050068468319,0.892050068468319,0.945788024400145,,FALSE,,,"weighted Cauchy combination of nonzero quantile tests at 0.25, 0.50, and 0.75",,
"cdi_schubert","Megasphaera","ZINQ abundance","ZINQ","abundance","H","CDI","age_z + sex + antibiotics_3mo + log_library_size_z + group",TRUE,"Available",0.999736045234756,0.999736045234756,0.999736045234756,0.999736045234756,,FALSE,,,"weighted Cauchy combination of nonzero quantile tests at 0.25, 0.50, and 0.75",,
"cdi_schubert","Methanobrevibacter","ZINQ abundance","ZINQ","abundance","H","CDI","age_z + sex + antibiotics_3mo + log_library_size_z + group",TRUE,"Available",0.130867258945798,0.130867258945798,0.130867258945798,0.303061020716584,,FALSE,,,"weighted Cauchy combination of nonzero quantile tests at 0.25, 0.50, and 0.75",,
"cdi_schubert","Odoribacter","ZINQ abundance","ZINQ","abundance","H","CDI","age_z + sex + antibiotics_3mo + log_library_size_z + group",TRUE,"Available",0.504239207671303,0.504239207671303,0.504239207671303,0.715694359275398,,FALSE,,,"weighted Cauchy combination of nonzero quantile tests at 0.25, 0.50, and 0.75",,
"cdi_schubert","Oscillibacter","ZINQ abundance","ZINQ","abundance","H","CDI","age_z + sex + antibiotics_3mo + log_library_size_z + group",TRUE,"Available",0.696117957690157,0.696117957690157,0.696117957690157,0.83511847160459,,FALSE,,,"weighted Cauchy combination of nonzero quantile tests at 0.25, 0.50, and 0.75",,
"cdi_schubert","Pandoraea","ZINQ abundance","ZINQ","abundance","H","CDI","age_z + sex + antibiotics_3mo + log_library_size_z + group",TRUE,"Available",0.26132800035836,0.26132800035836,0.26132800035836,0.469323755745626,,FALSE,,,"weighted Cauchy combination of nonzero quantile tests at 0.25, 0.50, and 0.75",,
"cdi_schubert","Parabacteroides","ZINQ abundance","ZINQ","abundance","H","CDI","age_z + sex + antibiotics_3mo + log_library_size_z + group",TRUE,"Available",0.251752384257785,0.251752384257785,0.251752384257785,0.469323755745626,,FALSE,,,"weighted Cauchy combination of nonzero quantile tests at 0.25, 0.50, and 0.75",,
"cdi_schubert","Paraprevotella","ZINQ abundance","ZINQ","abundance","H","CDI","age_z + sex + antibiotics_3mo + log_library_size_z + group",TRUE,"Available",0.691028917345802,0.691028917345802,0.691028917345802,0.83511847160459,,FALSE,,,"weighted Cauchy combination of nonzero quantile tests at 0.25, 0.50, and 0.75",,
"cdi_schubert","Parasutterella","ZINQ abundance","ZINQ","abundance","H","CDI","age_z + sex + antibiotics_3mo + log_library_size_z + group",TRUE,"Available",0.80203433562251,0.80203433562251,0.80203433562251,0.893405335883302,,FALSE,,,"weighted Cauchy combination of nonzero quantile tests at 0.25, 0.50, and 0.75",,
"cdi_schubert","Prevotella","ZINQ abundance","ZINQ","abundance","H","CDI","age_z + sex + antibiotics_3mo + log_library_size_z + group",TRUE,"Available",0.00409128159951155,0.00409128159951155,0.00409128159951155,0.0278405908314983,,TRUE,,,"weighted Cauchy combination of nonzero quantile tests at 0.25, 0.50, and 0.75",,
"cdi_schubert","Proteus","ZINQ abundance","ZINQ","abundance","H","CDI","age_z + sex + antibiotics_3mo + log_library_size_z + group",TRUE,"Available",0.659503477202852,0.659503477202852,0.659503477202852,0.829090085626443,,FALSE,,,"weighted Cauchy combination of nonzero quantile tests at 0.25, 0.50, and 0.75",,
"cdi_schubert","Raoultella","ZINQ abundance","ZINQ","abundance","H","CDI","age_z + sex + antibiotics_3mo + log_library_size_z + group",TRUE,"Available",0.927252494576417,0.927252494576417,0.927252494576417,0.969818858718303,,FALSE,,,"weighted Cauchy combination of nonzero quantile tests at 0.25, 0.50, and 0.75",,
"cdi_schubert","Roseburia","ZINQ abundance","ZINQ","abundance","H","CDI","age_z + sex + antibiotics_3mo + log_library_size_z + group",TRUE,"Available",0.0642923764261871,0.0642923764261871,0.0642923764261871,0.188590970850149,,FALSE,,,"weighted Cauchy combination of nonzero quantile tests at 0.25, 0.50, and 0.75",,
"cdi_schubert","Ruminococcus","ZINQ abundance","ZINQ","abundance","H","CDI","age_z + sex + antibiotics_3mo + log_library_size_z + group",TRUE,"Available",0.106929320348739,0.106929320348739,0.106929320348739,0.261382783074696,,FALSE,,,"weighted Cauchy combination of nonzero quantile tests at 0.25, 0.50, and 0.75",,
"cdi_schubert","Ruminococcus2","ZINQ abundance","ZINQ","abundance","H","CDI","age_z + sex + antibiotics_3mo + log_library_size_z + group",TRUE,"Available",0.0624333445976037,0.0624333445976037,0.0624333445976037,0.188590970850149,,FALSE,,,"weighted Cauchy combination of nonzero quantile tests at 0.25, 0.50, and 0.75",,
"cdi_schubert","Sarcina","ZINQ abundance","ZINQ","abundance","H","CDI","age_z + sex + antibiotics_3mo + log_library_size_z + group",TRUE,"Available",0.0167072512167911,0.0167072512167911,0.0167072512167911,0.0773809530040849,,FALSE,,,"weighted Cauchy combination of nonzero quantile tests at 0.25, 0.50, and 0.75",,
"cdi_schubert","Serratia","ZINQ abundance","ZINQ","abundance","H","CDI","age_z + sex + antibiotics_3mo + log_library_size_z + group",TRUE,"Available",0.0857233941853344,0.0857233941853344,0.0857233941853344,0.243343828655143,,FALSE,,,"weighted Cauchy combination of nonzero quantile tests at 0.25, 0.50, and 0.75",,
"cdi_schubert","Sporobacter","ZINQ abundance","ZINQ","abundance","H","CDI","age_z + sex + antibiotics_3mo + log_library_size_z + group",TRUE,"Available",0.0347450657920714,0.0347450657920714,0.0347450657920714,0.127398574570928,,FALSE,,,"weighted Cauchy combination of nonzero quantile tests at 0.25, 0.50, and 0.75",,
"cdi_schubert","Streptococcus","ZINQ abundance","ZINQ","abundance","H","CDI","age_z + sex + antibiotics_3mo + log_library_size_z + group",TRUE,"Available",0.00266766319074829,0.00266766319074829,0.00266766319074829,0.0233992041830824,,TRUE,,,"weighted Cauchy combination of nonzero quantile tests at 0.25, 0.50, and 0.75",,
"cdi_schubert","Sutterella","ZINQ abundance","ZINQ","abundance","H","CDI","age_z + sex + antibiotics_3mo + log_library_size_z + group",TRUE,"Available",0.0268653413805253,0.0268653413805253,0.0268653413805253,0.109268486011747,,FALSE,,,"weighted Cauchy combination of nonzero quantile tests at 0.25, 0.50, and 0.75",,
"cdi_schubert","Syntrophococcus","ZINQ abundance","ZINQ","abundance","H","CDI","age_z + sex + antibiotics_3mo + log_library_size_z + group",TRUE,"Available",0.196933909118652,0.196933909118652,0.196933909118652,0.393867818237304,,FALSE,,,"weighted Cauchy combination of nonzero quantile tests at 0.25, 0.50, and 0.75",,
"cdi_schubert","Tetragenococcus","ZINQ abundance","ZINQ","abundance","H","CDI","age_z + sex + antibiotics_3mo + log_library_size_z + group",TRUE,"Available",0.985006794092771,0.985006794092771,0.985006794092771,0.996328711266252,,FALSE,,,"weighted Cauchy combination of nonzero quantile tests at 0.25, 0.50, and 0.75",,
"cdi_schubert","Turicibacter","ZINQ abundance","ZINQ","abundance","H","CDI","age_z + sex + antibiotics_3mo + log_library_size_z + group",TRUE,"Available",0.94453261766499,0.94453261766499,0.94453261766499,0.969818858718303,,FALSE,,,"weighted Cauchy combination of nonzero quantile tests at 0.25, 0.50, and 0.75",,
"cdi_schubert","Unclassified_Acidaminococcaceae","ZINQ abundance","ZINQ","abundance","H","CDI","age_z + sex + antibiotics_3mo + log_library_size_z + group",TRUE,"Available",0.33699070411231,0.33699070411231,0.33699070411231,0.559531735129874,,FALSE,,,"weighted Cauchy combination of nonzero quantile tests at 0.25, 0.50, and 0.75",,
"cdi_schubert","Unclassified_Actinobacteria","ZINQ abundance","ZINQ","abundance","H","CDI","age_z + sex + antibiotics_3mo + log_library_size_z + group",TRUE,"Available",0.168471816509232,0.168471816509232,0.168471816509232,0.352988567924105,,FALSE,,,"weighted Cauchy combination of nonzero quantile tests at 0.25, 0.50, and 0.75",,
"cdi_schubert","Unclassified_Clostridia","ZINQ abundance","ZINQ","abundance","H","CDI","age_z + sex + antibiotics_3mo + log_library_size_z + group",TRUE,"Available",0.702258714758405,0.702258714758405,0.702258714758405,0.83511847160459,,FALSE,,,"weighted Cauchy combination of nonzero quantile tests at 0.25, 0.50, and 0.75",,
"cdi_schubert","Unclassified_Clostridiaceae_1","ZINQ abundance","ZINQ","abundance","H","CDI","age_z + sex + antibiotics_3mo + log_library_size_z + group",TRUE,"Available",0.744629232187899,0.744629232187899,0.744629232187899,0.862202268849146,,FALSE,,,"weighted Cauchy combination of nonzero quantile tests at 0.25, 0.50, and 0.75",,
"cdi_schubert","Unclassified_Clostridiales","ZINQ abundance","ZINQ","abundance","H","CDI","age_z + sex + antibiotics_3mo + log_library_size_z + group",TRUE,"Available",0.00603013916876072,0.00603013916876072,0.00603013916876072,0.0331657654281839,,TRUE,,,"weighted Cauchy combination of nonzero quantile tests at 0.25, 0.50, and 0.75",,
"cdi_schubert","Unclassified_Enterobacteriaceae","ZINQ abundance","ZINQ","abundance","H","CDI","age_z + sex + antibiotics_3mo + log_library_size_z + group",TRUE,"Available",0.000952873010763744,0.000952873010763744,0.000952873010763744,0.0167705649894419,,TRUE,,,"weighted Cauchy combination of nonzero quantile tests at 0.25, 0.50, and 0.75",,
"cdi_schubert","Unclassified_Eubacteriaceae","ZINQ abundance","ZINQ","abundance","H","CDI","age_z + sex + antibiotics_3mo + log_library_size_z + group",TRUE,"Available",0.356144746091818,0.356144746091818,0.356144746091818,0.569831593746909,,FALSE,,,"weighted Cauchy combination of nonzero quantile tests at 0.25, 0.50, and 0.75",,
"cdi_schubert","Unclassified_Firmicutes","ZINQ abundance","ZINQ","abundance","H","CDI","age_z + sex + antibiotics_3mo + log_library_size_z + group",TRUE,"Available",0.155362330234132,0.155362330234132,0.155362330234132,0.333460611234235,,FALSE,,,"weighted Cauchy combination of nonzero quantile tests at 0.25, 0.50, and 0.75",,
"cdi_schubert","Unclassified_Lachnospiraceae","ZINQ abundance","ZINQ","abundance","H","CDI","age_z + sex + antibiotics_3mo + log_library_size_z + group",TRUE,"Available",0.0029249005228853,0.0029249005228853,0.0029249005228853,0.0233992041830824,,TRUE,,,"weighted Cauchy combination of nonzero quantile tests at 0.25, 0.50, and 0.75",,
"cdi_schubert","Unclassified_Pasteurellaceae","ZINQ abundance","ZINQ","abundance","H","CDI","age_z + sex + antibiotics_3mo + log_library_size_z + group",TRUE,"Available",0.371508041205224,0.371508041205224,0.371508041205224,0.576807906686724,,FALSE,,,"weighted Cauchy combination of nonzero quantile tests at 0.25, 0.50, and 0.75",,
"cdi_schubert","Unclassified_Prevotellaceae","ZINQ abundance","ZINQ","abundance","H","CDI","age_z + sex + antibiotics_3mo + log_library_size_z + group",TRUE,"Available",0.373614212285719,0.373614212285719,0.373614212285719,0.576807906686724,,FALSE,,,"weighted Cauchy combination of nonzero quantile tests at 0.25, 0.50, and 0.75",,
"cdi_schubert","Unclassified_Proteobacteria","ZINQ abundance","ZINQ","abundance","H","CDI","age_z + sex + antibiotics_3mo + log_library_size_z + group",TRUE,"Available",0.574425355432886,0.574425355432886,0.574425355432886,0.784253358651836,,FALSE,,,"weighted Cauchy combination of nonzero quantile tests at 0.25, 0.50, and 0.75",,
"cdi_schubert","Unclassified_Ruminococcaceae","ZINQ abundance","ZINQ","abundance","H","CDI","age_z + sex + antibiotics_3mo + log_library_size_z + group",TRUE,"Available",0.055191481500031,0.055191481500031,0.055191481500031,0.179883347111212,,FALSE,,,"weighted Cauchy combination of nonzero quantile tests at 0.25, 0.50, and 0.75",,
"cdi_schubert","Unclassified_Selenomonadales","ZINQ abundance","ZINQ","abundance","H","CDI","age_z + sex + antibiotics_3mo + log_library_size_z + group",TRUE,"Available",0.0316849280876084,0.0316849280876084,0.0316849280876084,0.121229290074328,,FALSE,,,"weighted Cauchy combination of nonzero quantile tests at 0.25, 0.50, and 0.75",,
"cdi_schubert","Unclassified_Sphingomonadaceae","ZINQ abundance","ZINQ","abundance","H","CDI","age_z + sex + antibiotics_3mo + log_library_size_z + group",TRUE,"Available",0.405864167993362,0.405864167993362,0.405864167993362,0.595267446390265,,FALSE,,,"weighted Cauchy combination of nonzero quantile tests at 0.25, 0.50, and 0.75",,
"cdi_schubert","Unclassified_Veillonellaceae","ZINQ abundance","ZINQ","abundance","H","CDI","age_z + sex + antibiotics_3mo + log_library_size_z + group",TRUE,"Available",0.801084568576839,0.801084568576839,0.801084568576839,0.893405335883302,,FALSE,,,"weighted Cauchy combination of nonzero quantile tests at 0.25, 0.50, and 0.75",,
"cdi_schubert","Veillonella","ZINQ abundance","ZINQ","abundance","H","CDI","age_z + sex + antibiotics_3mo + log_library_size_z + group",TRUE,"Available",1.52708279133051e-07,1.52708279133051e-07,1.52708279133051e-07,1.34383285637085e-05,,TRUE,,,"weighted Cauchy combination of nonzero quantile tests at 0.25, 0.50, and 0.75",,
"cdi_schubert","Yersinia","ZINQ abundance","ZINQ","abundance","H","CDI","age_z + sex + antibiotics_3mo + log_library_size_z + group",TRUE,"Available",0.0984483445517077,0.0984483445517077,0.0984483445517077,0.247527266301437,,FALSE,,,"weighted Cauchy combination of nonzero quantile tests at 0.25, 0.50, and 0.75",,
"cdi_schubert","Acidaminococcus","ZINQ combined","ZINQ","combined","H","CDI","age_z + sex + antibiotics_3mo + log_library_size_z + group",TRUE,"Available",0.902733279853949,0.902733279853949,0.902733279853949,0.923727077059855,,FALSE,,,"native ZINQ Cauchy combination","both",
"cdi_schubert","Actinomyces","ZINQ combined","ZINQ","combined","H","CDI","age_z + sex + antibiotics_3mo + log_library_size_z + group",TRUE,"Available",4.62771980874743e-05,4.62771980874743e-05,4.62771980874743e-05,0.000193678526567709,,TRUE,,,"native ZINQ Cauchy combination","both",
"cdi_schubert","Akkermansia","ZINQ combined","ZINQ","combined","H","CDI","age_z + sex + antibiotics_3mo + log_library_size_z + group",TRUE,"Available",0.297823698520348,0.297823698520348,0.297823698520348,0.374406935282723,,FALSE,,,"native ZINQ Cauchy combination","both",
"cdi_schubert","Alistipes","ZINQ combined","ZINQ","combined","H","CDI","age_z + sex + antibiotics_3mo + log_library_size_z + group",TRUE,"Available",0.00012481260226882,0.00012481260226882,0.00012481260226882,0.000439340359986247,,TRUE,,,"native ZINQ Cauchy combination","both",
"cdi_schubert","Anaerococcus","ZINQ combined","ZINQ","combined","H","CDI","age_z + sex + antibiotics_3mo + log_library_size_z + group",TRUE,"Available",0.0347050429925485,0.0347050429925485,0.0347050429925485,0.0576234676102692,,FALSE,,,"native ZINQ Cauchy combination","both",
"cdi_schubert","Anaerofilum","ZINQ combined","ZINQ","combined","H","CDI","age_z + sex + antibiotics_3mo + log_library_size_z + group",TRUE,"Available",0.454550487896558,0.454550487896558,0.454550487896558,0.533339239131961,,FALSE,,,"native ZINQ Cauchy combination","both",
"cdi_schubert","Anaerostipes","ZINQ combined","ZINQ","combined","H","CDI","age_z + sex + antibiotics_3mo + log_library_size_z + group",TRUE,"Available",4.84196316419272e-05,4.84196316419272e-05,4.84196316419272e-05,0.000193678526567709,,TRUE,,,"native ZINQ Cauchy combination","both",
"cdi_schubert","Anaerovorax","ZINQ combined","ZINQ","combined","H","CDI","age_z + sex + antibiotics_3mo + log_library_size_z + group",TRUE,"Available",2.12880466587961e-08,2.12880466587961e-08,2.12880466587961e-08,2.67621157996294e-07,,TRUE,,,"native ZINQ Cauchy combination","both",
"cdi_schubert","Arthrobacter","ZINQ combined","ZINQ","combined","H","CDI","age_z + sex + antibiotics_3mo + log_library_size_z + group",TRUE,"Available",0.000439980253730377,0.000439980253730377,0.000439980253730377,0.00143400971586197,,TRUE,,,"native ZINQ Cauchy combination","both",
"cdi_schubert","Bacteroides","ZINQ combined","ZINQ","combined","H","CDI","age_z + sex + antibiotics_3mo + log_library_size_z + group",TRUE,"Available",0.00596393124653583,0.00596393124653583,0.00596393124653583,0.011166509567982,,TRUE,,,"native ZINQ Cauchy combination","both",
"cdi_schubert","Barnesiella","ZINQ combined","ZINQ","combined","H","CDI","age_z + sex + antibiotics_3mo + log_library_size_z + group",TRUE,"Available",0.000165948848783959,0.000165948848783959,0.000165948848783959,0.000561673026653399,,TRUE,,,"native ZINQ Cauchy combination","both",
"cdi_schubert","Bifidobacterium","ZINQ combined","ZINQ","combined","H","CDI","age_z + sex + antibiotics_3mo + log_library_size_z + group",TRUE,"Available",0.32848298330122,0.32848298330122,0.32848298330122,0.401479201812602,,FALSE,,,"native ZINQ Cauchy combination","both",
"cdi_schubert","Bilophila","ZINQ combined","ZINQ","combined","H","CDI","age_z + sex + antibiotics_3mo + log_library_size_z + group",TRUE,"Available",0.184514674130613,0.184514674130613,0.184514674130613,0.238783695933734,,FALSE,,,"native ZINQ Cauchy combination","both",
"cdi_schubert","Blautia","ZINQ combined","ZINQ","combined","H","CDI","age_z + sex + antibiotics_3mo + log_library_size_z + group",TRUE,"Available",0.00133610955202301,0.00133610955202301,0.00133610955202301,0.00317777406967635,,TRUE,,,"native ZINQ Cauchy combination","both",
"cdi_schubert","Buttiauxella","ZINQ combined","ZINQ","combined","H","CDI","age_z + sex + antibiotics_3mo + log_library_size_z + group",TRUE,"Available",0.000506258603367393,0.000506258603367393,0.000506258603367393,0.00157375605998042,,TRUE,,,"native ZINQ Cauchy combination","both",
"cdi_schubert","Butyricicoccus","ZINQ combined","ZINQ","combined","H","CDI","age_z + sex + antibiotics_3mo + log_library_size_z + group",TRUE,"Available",1.64436401917101e-06,1.64436401917101e-06,1.64436401917101e-06,9.04400210544054e-06,,TRUE,,,"native ZINQ Cauchy combination","both",
"cdi_schubert","Butyricimonas","ZINQ combined","ZINQ","combined","H","CDI","age_z + sex + antibiotics_3mo + log_library_size_z + group",TRUE,"Available",0.00229014911763881,0.00229014911763881,0.00229014911763881,0.00491544200859061,,TRUE,,,"native ZINQ Cauchy combination","both",
"cdi_schubert","Citrobacter","ZINQ combined","ZINQ","combined","H","CDI","age_z + sex + antibiotics_3mo + log_library_size_z + group",TRUE,"Available",0.067621185205401,0.067621185205401,0.067621185205401,0.100788269136901,,FALSE,,,"native ZINQ Cauchy combination","both",
"cdi_schubert","Cloacibacillus","ZINQ combined","ZINQ","combined","H","CDI","age_z + sex + antibiotics_3mo + log_library_size_z + group",TRUE,"Available",0.0371441126225603,0.0371441126225603,0.0371441126225603,0.0594305801960966,,FALSE,,,"native ZINQ Cauchy combination","both",
"cdi_schubert","Clostridium_IV","ZINQ combined","ZINQ","combined","H","CDI","age_z + sex + antibiotics_3mo + log_library_size_z + group",TRUE,"Available",3.86780429906253e-09,3.86780429906253e-09,3.86780429906253e-09,6.80733556635005e-08,,TRUE,,,"native ZINQ Cauchy combination","both",
"cdi_schubert","Clostridium_sensu_stricto","ZINQ combined","ZINQ","combined","H","CDI","age_z + sex + antibiotics_3mo + log_library_size_z + group",TRUE,"Available",0.379499026388392,0.379499026388392,0.379499026388392,0.457478278386006,,FALSE,,,"native ZINQ Cauchy combination","both",
"cdi_schubert","Clostridium_XI","ZINQ combined","ZINQ","combined","H","CDI","age_z + sex + antibiotics_3mo + log_library_size_z + group",TRUE,"Available",0.0773370949229479,0.0773370949229479,0.0773370949229479,0.111568268085564,,FALSE,,,"native ZINQ Cauchy combination","both",
"cdi_schubert","Clostridium_XlVa","ZINQ combined","ZINQ","combined","H","CDI","age_z + sex + antibiotics_3mo + log_library_size_z + group",TRUE,"Available",0.00464844440644196,0.00464844440644196,0.00464844440644196,0.00889267625580202,,TRUE,,,"native ZINQ Cauchy combination","both",
"cdi_schubert","Clostridium_XlVb","ZINQ combined","ZINQ","combined","H","CDI","age_z + sex + antibiotics_3mo + log_library_size_z + group",TRUE,"Available",2.86306319141616e-06,2.86306319141616e-06,2.86306319141616e-06,1.39971978247012e-05,,TRUE,,,"native ZINQ Cauchy combination","both",
"cdi_schubert","Clostridium_XVIII","ZINQ combined","ZINQ","combined","H","CDI","age_z + sex + antibiotics_3mo + log_library_size_z + group",TRUE,"Available",0.0622075814012857,0.0622075814012857,0.0622075814012857,0.0960397747949674,,FALSE,,,"native ZINQ Cauchy combination","both",
"cdi_schubert","Coprobacillus","ZINQ combined","ZINQ","combined","H","CDI","age_z + sex + antibiotics_3mo + log_library_size_z + group",TRUE,"Available",0.0687192744115235,0.0687192744115235,0.0687192744115235,0.100788269136901,,FALSE,,,"native ZINQ Cauchy combination","both",
"cdi_schubert","Coprococcus","ZINQ combined","ZINQ","combined","H","CDI","age_z + sex + antibiotics_3mo + log_library_size_z + group",TRUE,"Available",1.23604039581338e-06,1.23604039581338e-06,1.23604039581338e-06,7.45640280287082e-06,,TRUE,,,"native ZINQ Cauchy combination","both",
"cdi_schubert","Desulfovibrio","ZINQ combined","ZINQ","combined","H","CDI","age_z + sex + antibiotics_3mo + log_library_size_z + group",TRUE,"Available",0.803493374062279,0.803493374062279,0.803493374062279,0.862285572164397,,FALSE,,,"native ZINQ Cauchy combination","both",
"cdi_schubert","Dialister","ZINQ combined","ZINQ","combined","H","CDI","age_z + sex + antibiotics_3mo + log_library_size_z + group",TRUE,"Available",0.111203854645797,0.111203854645797,0.111203854645797,0.148271806194396,,FALSE,,,"native ZINQ Cauchy combination","both",
"cdi_schubert","Dorea","ZINQ combined","ZINQ","combined","H","CDI","age_z + sex + antibiotics_3mo + log_library_size_z + group",TRUE,"Available",8.44575342995313e-09,8.44575342995313e-09,8.44575342995313e-09,1.23871050305979e-07,,TRUE,,,"native ZINQ Cauchy combination","both",
"cdi_schubert","Enterococcus","ZINQ combined","ZINQ","combined","H","CDI","age_z + sex + antibiotics_3mo + log_library_size_z + group",TRUE,"Available",3.13571391075129e-12,3.13571391075129e-12,3.13571391075129e-12,2.75942824146114e-10,,TRUE,,,"native ZINQ Cauchy combination","both",
"cdi_schubert","Erysipelotrichaceae_incertae_sedis","ZINQ combined","ZINQ","combined","H","CDI","age_z + sex + antibiotics_3mo + log_library_size_z + group",TRUE,"Available",0.000784408106634382,0.000784408106634382,0.000784408106634382,0.00209175495102502,,TRUE,,,"native ZINQ Cauchy combination","both",
"cdi_schubert","Ethanoligenens","ZINQ combined","ZINQ","combined","H","CDI","age_z + sex + antibiotics_3mo + log_library_size_z + group",TRUE,"Available",0.000593450111795679,0.000593450111795679,0.000593450111795679,0.00174078699460066,,TRUE,,,"native ZINQ Cauchy combination","both",
"cdi_schubert","Eubacterium","ZINQ combined","ZINQ","combined","H","CDI","age_z + sex + antibiotics_3mo + log_library_size_z + group",TRUE,"Available",0.177947092366006,0.177947092366006,0.177947092366006,0.233721554152366,,FALSE,,,"native ZINQ Cauchy combination","both",
"cdi_schubert","Faecalibacterium","ZINQ combined","ZINQ","combined","H","CDI","age_z + sex + antibiotics_3mo + log_library_size_z + group",TRUE,"Available",9.85860282298745e-11,9.85860282298745e-11,9.85860282298745e-11,2.16889262105724e-09,,TRUE,,,"native ZINQ Cauchy combination","both",
"cdi_schubert","Finegoldia","ZINQ combined","ZINQ","combined","H","CDI","age_z + sex + antibiotics_3mo + log_library_size_z + group",TRUE,"Available",0.951646210372416,0.951646210372416,0.951646210372416,0.962584672560605,,FALSE,,,"native ZINQ Cauchy combination","both",
"cdi_schubert","Flavonifractor","ZINQ combined","ZINQ","combined","H","CDI","age_z + sex + antibiotics_3mo + log_library_size_z + group",TRUE,"Available",0.0139387810012503,0.0139387810012503,0.0139387810012503,0.025032912818572,,TRUE,,,"native ZINQ Cauchy combination","both",
"cdi_schubert","Fusobacterium","ZINQ combined","ZINQ","combined","H","CDI","age_z + sex + antibiotics_3mo + log_library_size_z + group",TRUE,"Available",1.11613600140004e-07,1.11613600140004e-07,1.11613600140004e-07,8.92908801120029e-07,,TRUE,,,"native ZINQ Cauchy combination","both",
"cdi_schubert","Gemella","ZINQ combined","ZINQ","combined","H","CDI","age_z + sex + antibiotics_3mo + log_library_size_z + group",TRUE,"Available",0.0265744143359049,0.0265744143359049,0.0265744143359049,0.0449720857992237,,TRUE,,,"native ZINQ Cauchy combination","both",
"cdi_schubert","Gemmiger","ZINQ combined","ZINQ","combined","H","CDI","age_z + sex + antibiotics_3mo + log_library_size_z + group",TRUE,"Available",6.46330051701227e-08,6.46330051701227e-08,6.46330051701227e-08,7.02827338155348e-07,,TRUE,,,"native ZINQ Cauchy combination","both",
"cdi_schubert","Haemophilus","ZINQ combined","ZINQ","combined","H","CDI","age_z + sex + antibiotics_3mo + log_library_size_z + group",TRUE,"Available",0.674180666230307,0.674180666230307,0.674180666230307,0.760614084977782,,FALSE,,,"native ZINQ Cauchy combination","both",
"cdi_schubert","Hespellia","ZINQ combined","ZINQ","combined","H","CDI","age_z + sex + antibiotics_3mo + log_library_size_z + group",TRUE,"Available",0.788123148038906,0.788123148038906,0.788123148038906,0.856232555894121,,FALSE,,,"native ZINQ Cauchy combination","both",
"cdi_schubert","Howardella","ZINQ combined","ZINQ","combined","H","CDI","age_z + sex + antibiotics_3mo + log_library_size_z + group",TRUE,"Available",0.686812877246976,0.686812877246976,0.686812877246976,0.765057382249796,,FALSE,,,"native ZINQ Cauchy combination","both",
"cdi_schubert","Kluyvera","ZINQ combined","ZINQ","combined","H","CDI","age_z + sex + antibiotics_3mo + log_library_size_z + group",TRUE,"Available",0.011887993291974,0.011887993291974,0.011887993291974,0.021794654368619,,TRUE,,,"native ZINQ Cauchy combination","both",
"cdi_schubert","Lachnospiracea_incertae_sedis","ZINQ combined","ZINQ","combined","H","CDI","age_z + sex + antibiotics_3mo + log_library_size_z + group",TRUE,"Available",8.83133566276229e-11,8.83133566276229e-11,8.83133566276229e-11,2.16889262105724e-09,,TRUE,,,"native ZINQ Cauchy combination","both",
"cdi_schubert","Lactobacillus","ZINQ combined","ZINQ","combined","H","CDI","age_z + sex + antibiotics_3mo + log_library_size_z + group",TRUE,"Available",2.02593491982483e-07,2.02593491982483e-07,2.02593491982483e-07,1.48568560787155e-06,,TRUE,,,"native ZINQ Cauchy combination","both",
"cdi_schubert","Lactococcus","ZINQ combined","ZINQ","combined","H","CDI","age_z + sex + antibiotics_3mo + log_library_size_z + group",TRUE,"Available",0.90071341185163,0.90071341185163,0.90071341185163,0.923727077059855,,FALSE,,,"native ZINQ Cauchy combination","both",
"cdi_schubert","Lactonifactor","ZINQ combined","ZINQ","combined","H","CDI","age_z + sex + antibiotics_3mo + log_library_size_z + group",TRUE,"Available",0.539770690319247,0.539770690319247,0.539770690319247,0.624997641422286,,FALSE,,,"native ZINQ Cauchy combination","both",
"cdi_schubert","Megasphaera","ZINQ combined","ZINQ","combined","H","CDI","age_z + sex + antibiotics_3mo + log_library_size_z + group",TRUE,"Available",0.994798224781746,0.994798224781746,0.994798224781746,0.994798224781746,,FALSE,,,"native ZINQ Cauchy combination","both",
"cdi_schubert","Methanobrevibacter","ZINQ combined","ZINQ","combined","H","CDI","age_z + sex + antibiotics_3mo + log_library_size_z + group",TRUE,"Available",0.0357421277416066,0.0357421277416066,0.0357421277416066,0.0582464303937292,,FALSE,,,"native ZINQ Cauchy combination","both",
"cdi_schubert","Odoribacter","ZINQ combined","ZINQ","combined","H","CDI","age_z + sex + antibiotics_3mo + log_library_size_z + group",TRUE,"Available",2.46220139255016e-06,2.46220139255016e-06,2.46220139255016e-06,1.27455130908479e-05,,TRUE,,,"native ZINQ Cauchy combination","both",
"cdi_schubert","Oscillibacter","ZINQ combined","ZINQ","combined","H","CDI","age_z + sex + antibiotics_3mo + log_library_size_z + group",TRUE,"Available",7.18800686749788e-08,7.18800686749788e-08,7.18800686749788e-08,7.02827338155348e-07,,TRUE,,,"native ZINQ Cauchy combination","both",
"cdi_schubert","Pandoraea","ZINQ combined","ZINQ","combined","H","CDI","age_z + sex + antibiotics_3mo + log_library_size_z + group",TRUE,"Available",0.291258763958682,0.291258763958682,0.291258763958682,0.371460452584985,,FALSE,,,"native ZINQ Cauchy combination","both",
"cdi_schubert","Parabacteroides","ZINQ combined","ZINQ","combined","H","CDI","age_z + sex + antibiotics_3mo + log_library_size_z + group",TRUE,"Available",0.0016086814922418,0.0016086814922418,0.0016086814922418,0.00372536766624418,,TRUE,,,"native ZINQ Cauchy combination","both",
"cdi_schubert","Paraprevotella","ZINQ combined","ZINQ","combined","H","CDI","age_z + sex + antibiotics_3mo + log_library_size_z + group",TRUE,"Available",0.78161613114156,0.78161613114156,0.78161613114156,0.856232555894121,,FALSE,,,"native ZINQ Cauchy combination","both",
"cdi_schubert","Parasutterella","ZINQ combined","ZINQ","combined","H","CDI","age_z + sex + antibiotics_3mo + log_library_size_z + group",TRUE,"Available",0.00174625352261559,0.00174625352261559,0.00174625352261559,0.00394026435872236,,TRUE,,,"native ZINQ Cauchy combination","both",
"cdi_schubert","Prevotella","ZINQ combined","ZINQ","combined","H","CDI","age_z + sex + antibiotics_3mo + log_library_size_z + group",TRUE,"Available",0.00300419344431901,0.00300419344431901,0.00300419344431901,0.00614811681628077,,TRUE,,,"native ZINQ Cauchy combination","both",
"cdi_schubert","Proteus","ZINQ combined","ZINQ","combined","H","CDI","age_z + sex + antibiotics_3mo + log_library_size_z + group",TRUE,"Available",0.0968485983202381,0.0968485983202381,0.0968485983202381,0.133166822690327,,FALSE,,,"native ZINQ Cauchy combination","both",
"cdi_schubert","Raoultella","ZINQ combined","ZINQ","combined","H","CDI","age_z + sex + antibiotics_3mo + log_library_size_z + group",TRUE,"Available",0.000689143685665305,0.000689143685665305,0.000689143685665305,0.00189514513557959,,TRUE,,,"native ZINQ Cauchy combination","both",
"cdi_schubert","Roseburia","ZINQ combined","ZINQ","combined","H","CDI","age_z + sex + antibiotics_3mo + log_library_size_z + group",TRUE,"Available",6.50469593895808e-05,6.50469593895808e-05,6.50469593895808e-05,0.000248875322881874,,TRUE,,,"native ZINQ Cauchy combination","both",
"cdi_schubert","Ruminococcus","ZINQ combined","ZINQ","combined","H","CDI","age_z + sex + antibiotics_3mo + log_library_size_z + group",TRUE,"Available",3.02385894102031e-11,3.02385894102031e-11,3.02385894102031e-11,1.33049793404894e-09,,TRUE,,,"native ZINQ Cauchy combination","both",
"cdi_schubert","Ruminococcus2","ZINQ combined","ZINQ","combined","H","CDI","age_z + sex + antibiotics_3mo + log_library_size_z + group",TRUE,"Available",0.00051862415612991,0.00051862415612991,0.00051862415612991,0.00157375605998042,,TRUE,,,"native ZINQ Cauchy combination","both",
"cdi_schubert","Sarcina","ZINQ combined","ZINQ","combined","H","CDI","age_z + sex + antibiotics_3mo + log_library_size_z + group",TRUE,"Available",0.0875999380138746,0.0875999380138746,0.0875999380138746,0.124335395890661,,FALSE,,,"native ZINQ Cauchy combination","both",
"cdi_schubert","Serratia","ZINQ combined","ZINQ","combined","H","CDI","age_z + sex + antibiotics_3mo + log_library_size_z + group",TRUE,"Available",0.0145393608000983,0.0145393608000983,0.0145393608000983,0.025589275008173,,TRUE,,,"native ZINQ Cauchy combination","both",
"cdi_schubert","Sporobacter","ZINQ combined","ZINQ","combined","H","CDI","age_z + sex + antibiotics_3mo + log_library_size_z + group",TRUE,"Available",0.0651342140867485,0.0651342140867485,0.0651342140867485,0.0988243248212735,,FALSE,,,"native ZINQ Cauchy combination","both",
"cdi_schubert","Streptococcus","ZINQ combined","ZINQ","combined","H","CDI","age_z + sex + antibiotics_3mo + log_library_size_z + group",TRUE,"Available",0.00317948308122995,0.00317948308122995,0.00317948308122995,0.00626841852427372,,TRUE,,,"native ZINQ Cauchy combination","both",
"cdi_schubert","Sutterella","ZINQ combined","ZINQ","combined","H","CDI","age_z + sex + antibiotics_3mo + log_library_size_z + group",TRUE,"Available",0.021743867641218,0.021743867641218,0.021743867641218,0.0375188304397488,,TRUE,,,"native ZINQ Cauchy combination","both",
"cdi_schubert","Syntrophococcus","ZINQ combined","ZINQ","combined","H","CDI","age_z + sex + antibiotics_3mo + log_library_size_z + group",TRUE,"Available",0.00093694595790017,0.00093694595790017,0.00093694595790017,0.00242503659691809,,TRUE,,,"native ZINQ Cauchy combination","both",
"cdi_schubert","Tetragenococcus","ZINQ combined","ZINQ","combined","H","CDI","age_z + sex + antibiotics_3mo + log_library_size_z + group",TRUE,"Available",1.27097775048934e-06,1.27097775048934e-06,1.27097775048934e-06,7.45640280287082e-06,,TRUE,,,"native ZINQ Cauchy combination","both",
"cdi_schubert","Turicibacter","ZINQ combined","ZINQ","combined","H","CDI","age_z + sex + antibiotics_3mo + log_library_size_z + group",TRUE,"Available",0.0944345374676806,0.0944345374676806,0.0944345374676806,0.131908560272316,,FALSE,,,"native ZINQ Cauchy combination","both",
"cdi_schubert","Unclassified_Acidaminococcaceae","ZINQ combined","ZINQ","combined","H","CDI","age_z + sex + antibiotics_3mo + log_library_size_z + group",TRUE,"Available",0.00320544129082179,0.00320544129082179,0.00320544129082179,0.00626841852427372,,TRUE,,,"native ZINQ Cauchy combination","both",
"cdi_schubert","Unclassified_Actinobacteria","ZINQ combined","ZINQ","combined","H","CDI","age_z + sex + antibiotics_3mo + log_library_size_z + group",TRUE,"Available",0.000120485221143052,0.000120485221143052,0.000120485221143052,0.000439340359986247,,TRUE,,,"native ZINQ Cauchy combination","both",
"cdi_schubert","Unclassified_Clostridia","ZINQ combined","ZINQ","combined","H","CDI","age_z + sex + antibiotics_3mo + log_library_size_z + group",TRUE,"Available",0.00280923550666512,0.00280923550666512,0.00280923550666512,0.00588601725206025,,TRUE,,,"native ZINQ Cauchy combination","both",
"cdi_schubert","Unclassified_Clostridiaceae_1","ZINQ combined","ZINQ","combined","H","CDI","age_z + sex + antibiotics_3mo + log_library_size_z + group",TRUE,"Available",0.393316864970792,0.393316864970792,0.393316864970792,0.46772816374905,,FALSE,,,"native ZINQ Cauchy combination","both",
"cdi_schubert","Unclassified_Clostridiales","ZINQ combined","ZINQ","combined","H","CDI","age_z + sex + antibiotics_3mo + log_library_size_z + group",TRUE,"Available",9.58184842581034e-08,9.58184842581034e-08,9.58184842581034e-08,8.4320266147131e-07,,TRUE,,,"native ZINQ Cauchy combination","both",
"cdi_schubert","Unclassified_Enterobacteriaceae","ZINQ combined","ZINQ","combined","H","CDI","age_z + sex + antibiotics_3mo + log_library_size_z + group",TRUE,"Available",0.0011911778828082,0.0011911778828082,0.0011911778828082,0.00291176815797561,,TRUE,,,"native ZINQ Cauchy combination","both",
"cdi_schubert","Unclassified_Eubacteriaceae","ZINQ combined","ZINQ","combined","H","CDI","age_z + sex + antibiotics_3mo + log_library_size_z + group",TRUE,"Available",0.569211446021549,0.569211446021549,0.569211446021549,0.650527366881771,,FALSE,,,"native ZINQ Cauchy combination","both",
"cdi_schubert","Unclassified_Firmicutes","ZINQ combined","ZINQ","combined","H","CDI","age_z + sex + antibiotics_3mo + log_library_size_z + group",TRUE,"Available",8.71351433295864e-06,8.71351433295864e-06,8.71351433295864e-06,4.03573295421242e-05,,TRUE,,,"native ZINQ Cauchy combination","both",
"cdi_schubert","Unclassified_Lachnospiraceae","ZINQ combined","ZINQ","combined","H","CDI","age_z + sex + antibiotics_3mo + log_library_size_z + group",TRUE,"Available",4.03069289647284e-05,4.03069289647284e-05,4.03069289647284e-05,0.000177350487444805,,TRUE,,,"native ZINQ Cauchy combination","both",
"cdi_schubert","Unclassified_Pasteurellaceae","ZINQ combined","ZINQ","combined","H","CDI","age_z + sex + antibiotics_3mo + log_library_size_z + group",TRUE,"Available",0.323872660707395,0.323872660707395,0.323872660707395,0.401419635806349,,FALSE,,,"native ZINQ Cauchy combination","both",
"cdi_schubert","Unclassified_Prevotellaceae","ZINQ combined","ZINQ","combined","H","CDI","age_z + sex + antibiotics_3mo + log_library_size_z + group",TRUE,"Available",0.00116605559638949,0.00116605559638949,0.00116605559638949,0.00291176815797561,,TRUE,,,"native ZINQ Cauchy combination","both",
"cdi_schubert","Unclassified_Proteobacteria","ZINQ combined","ZINQ","combined","H","CDI","age_z + sex + antibiotics_3mo + log_library_size_z + group",TRUE,"Available",0.83061129343716,0.83061129343716,0.83061129343716,0.880648118343013,,FALSE,,,"native ZINQ Cauchy combination","both",
"cdi_schubert","Unclassified_Ruminococcaceae","ZINQ combined","ZINQ","combined","H","CDI","age_z + sex + antibiotics_3mo + log_library_size_z + group",TRUE,"Available",0.00208716832024614,0.00208716832024614,0.00208716832024614,0.0045917703045415,,TRUE,,,"native ZINQ Cauchy combination","both",
"cdi_schubert","Unclassified_Selenomonadales","ZINQ combined","ZINQ","combined","H","CDI","age_z + sex + antibiotics_3mo + log_library_size_z + group",TRUE,"Available",0.0530409538441112,0.0530409538441112,0.0530409538441112,0.0833500703264605,,FALSE,,,"native ZINQ Cauchy combination","both",
"cdi_schubert","Unclassified_Sphingomonadaceae","ZINQ combined","ZINQ","combined","H","CDI","age_z + sex + antibiotics_3mo + log_library_size_z + group",TRUE,"Available",0.871766339672125,0.871766339672125,0.871766339672125,0.913279022513655,,FALSE,,,"native ZINQ Cauchy combination","both",
"cdi_schubert","Unclassified_Veillonellaceae","ZINQ combined","ZINQ","combined","H","CDI","age_z + sex + antibiotics_3mo + log_library_size_z + group",TRUE,"Available",0.104610188923326,0.104610188923326,0.104610188923326,0.141626101926965,,FALSE,,,"native ZINQ Cauchy combination","both",
"cdi_schubert","Veillonella","ZINQ combined","ZINQ","combined","H","CDI","age_z + sex + antibiotics_3mo + log_library_size_z + group",TRUE,"Available",3.04152081298525e-07,3.04152081298525e-07,3.04152081298525e-07,2.05887562725156e-06,,TRUE,,,"native ZINQ Cauchy combination","both",
"cdi_schubert","Yersinia","ZINQ combined","ZINQ","combined","H","CDI","age_z + sex + antibiotics_3mo + log_library_size_z + group",TRUE,"Available",0.000615617068272956,0.000615617068272956,0.000615617068272956,0.00174755812929097,,TRUE,,,"native ZINQ Cauchy combination","both",
"cdi_schubert","Acidaminococcus","ANCOM-BC2","ANCOM-BC2","differential abundance","H","CDI","age_z + sex + antibiotics_3mo + group",TRUE,"Pseudocount sensitivity failed; p-value was set to one",1,9.13887611249278e-07,1,1,2.74166283374783e-06,FALSE,-0.655956743184849,-7.96140722242395,"bias-corrected natural-log fold change",,FALSE
"cdi_schubert","Actinomyces","ANCOM-BC2","ANCOM-BC2","differential abundance","H","CDI","age_z + sex + antibiotics_3mo + group",TRUE,"Pseudocount sensitivity failed; p-value was set to one",1,0.74242325299672,1,1,0.784249915137381,FALSE,-0.0309294937100793,-0.332634152528485,"bias-corrected natural-log fold change",,FALSE
"cdi_schubert","Akkermansia","ANCOM-BC2","ANCOM-BC2","differential abundance","H","CDI","age_z + sex + antibiotics_3mo + group",TRUE,"Pseudocount sensitivity failed; p-value was set to one",1,1.03975523237693e-05,1,1,2.68902215269895e-05,FALSE,1.24379398116983,4.64948971058554,"bias-corrected natural-log fold change",,FALSE
"cdi_schubert","Alistipes","ANCOM-BC2","ANCOM-BC2","differential abundance","H","CDI","age_z + sex + antibiotics_3mo + group",TRUE,"Available",1.34199792496621e-07,1.34199792496621e-07,1.34199792496621e-07,5.90479086985132e-07,5.03249221862329e-07,TRUE,-1.5127986356569,-5.4902254117022,"bias-corrected natural-log fold change",,TRUE
"cdi_schubert","Anaerococcus","ANCOM-BC2","ANCOM-BC2","differential abundance","H","CDI","age_z + sex + antibiotics_3mo + group",TRUE,"Pseudocount sensitivity failed; p-value was set to one",1,0.00122378036483263,1,1,0.00199529407309667,FALSE,0.417186947272895,4.20372103473343,"bias-corrected natural-log fold change",,FALSE
"cdi_schubert","Anaerofilum","ANCOM-BC2","ANCOM-BC2","differential abundance","H","CDI","age_z + sex + antibiotics_3mo + group",TRUE,"Pseudocount sensitivity failed; p-value was set to one",1,0.0100665198249098,1,1,0.0150997797373647,FALSE,0.231520505632004,2.91759049704778,"bias-corrected natural-log fold change",,FALSE
"cdi_schubert","Anaerostipes","ANCOM-BC2","ANCOM-BC2","differential abundance","H","CDI","age_z + sex + antibiotics_3mo + group",TRUE,"Available",4.04147508011825e-07,4.04147508011825e-07,4.04147508011825e-07,1.6165900320473e-06,1.37777559549486e-06,TRUE,-1.20069518624997,-5.25341786642008,"bias-corrected natural-log fold change",,TRUE
"cdi_schubert","Anaerovorax","ANCOM-BC2","ANCOM-BC2","differential abundance","H","CDI","age_z + sex + antibiotics_3mo + group",TRUE,"Pseudocount sensitivity failed; p-value was set to one",1,0.909820779045867,1,1,0.934747375732055,FALSE,0.0124891651897663,0.113563752762197,"bias-corrected natural-log fold change",,FALSE
"cdi_schubert","Arthrobacter","ANCOM-BC2","ANCOM-BC2","differential abundance","H","CDI","age_z + sex + antibiotics_3mo + group",TRUE,"Available",0.692407625407804,0.692407625407804,0.692407625407804,1,0.741865312936933,FALSE,0.0329489163827308,0.405274781450371,"bias-corrected natural-log fold change",,TRUE
"cdi_schubert","Bacteroides","ANCOM-BC2","ANCOM-BC2","differential abundance","H","CDI","age_z + sex + antibiotics_3mo + group",TRUE,"Available",8.98545852004947e-06,8.98545852004947e-06,8.98545852004947e-06,3.29466812401814e-05,2.40681924644182e-05,TRUE,-1.68479122952778,-4.54178856804875,"bias-corrected natural-log fold change",,TRUE
"cdi_schubert","Barnesiella","ANCOM-BC2","ANCOM-BC2","differential abundance","H","CDI","age_z + sex + antibiotics_3mo + group",TRUE,"Available",2.14899039382574e-14,2.14899039382574e-14,2.14899039382574e-14,3.15185257761108e-13,2.68623799228217e-13,TRUE,-1.54583438601033,-9.17668659868344,"bias-corrected natural-log fold change",,TRUE
"cdi_schubert","Bifidobacterium","ANCOM-BC2","ANCOM-BC2","differential abundance","H","CDI","age_z + sex + antibiotics_3mo + group",TRUE,"Pseudocount sensitivity failed; p-value was set to one",1,0.000135524960167224,1,1,0.00028234366701505,FALSE,-0.642607551877839,-4.01268500766623,"bias-corrected natural-log fold change",,FALSE
"cdi_schubert","Bilophila","ANCOM-BC2","ANCOM-BC2","differential abundance","H","CDI","age_z + sex + antibiotics_3mo + group",TRUE,"Pseudocount sensitivity failed; p-value was set to one",1,0.000609475027474419,1,1,0.00108834826334718,FALSE,0.494608091203185,3.61517283495706,"bias-corrected natural-log fold change",,FALSE
"cdi_schubert","Blautia","ANCOM-BC2","ANCOM-BC2","differential abundance","H","CDI","age_z + sex + antibiotics_3mo + group",TRUE,"Available",0.217497754465016,0.217497754465016,0.217497754465016,0.53166117758115,0.267415271883216,FALSE,0.294299491295819,1.23670425121912,"bias-corrected natural-log fold change",,TRUE
"cdi_schubert","Buttiauxella","ANCOM-BC2","ANCOM-BC2","differential abundance","H","CDI","age_z + sex + antibiotics_3mo + group",FALSE,"Taxon was not returned",,,1,1,,FALSE,,,"bias-corrected natural-log fold change",,
"cdi_schubert","Butyricicoccus","ANCOM-BC2","ANCOM-BC2","differential abundance","H","CDI","age_z + sex + antibiotics_3mo + group",TRUE,"Pseudocount sensitivity failed; p-value was set to one",1,0.560012283614739,1,1,0.617660606928021,FALSE,0.11310597501174,0.584022862362724,"bias-corrected natural-log fold change",,FALSE
"cdi_schubert","Butyricimonas","ANCOM-BC2","ANCOM-BC2","differential abundance","H","CDI","age_z + sex + antibiotics_3mo + group",TRUE,"Available",2.27740147830952e-07,2.27740147830952e-07,2.27740147830952e-07,9.54339667101132e-07,8.13357670824828e-07,TRUE,-0.952006475382316,-5.64751923108693,"bias-corrected natural-log fold change",,TRUE
"cdi_schubert","Citrobacter","ANCOM-BC2","ANCOM-BC2","differential abundance","H","CDI","age_z + sex + antibiotics_3mo + group",TRUE,"Available",0.371110249702933,0.371110249702933,0.371110249702933,0.83737697368867,0.434894823870625,FALSE,-0.072144684225716,-0.914964933982897,"bias-corrected natural-log fold change",,TRUE
"cdi_schubert","Cloacibacillus","ANCOM-BC2","ANCOM-BC2","differential abundance","H","CDI","age_z + sex + antibiotics_3mo + group",FALSE,"Taxon was not returned",,,1,1,,FALSE,,,"bias-corrected natural-log fold change",,
"cdi_schubert","Clostridium_IV","ANCOM-BC2","ANCOM-BC2","differential abundance","H","CDI","age_z + sex + antibiotics_3mo + group",TRUE,"Available",1.25490874902705e-07,1.25490874902705e-07,1.25490874902705e-07,5.81220894286214e-07,4.95358716721205e-07,TRUE,-1.14811792906873,-5.51316403660469,"bias-corrected natural-log fold change",,TRUE
"cdi_schubert","Clostridium_sensu_stricto","ANCOM-BC2","ANCOM-BC2","differential abundance","H","CDI","age_z + sex + antibiotics_3mo + group",TRUE,"Available",0.958464549141183,0.958464549141183,0.958464549141183,1,0.971416772778226,FALSE,0.0136762681690565,0.0521745105934732,"bias-corrected natural-log fold change",,TRUE
"cdi_schubert","Clostridium_XI","ANCOM-BC2","ANCOM-BC2","differential abundance","H","CDI","age_z + sex + antibiotics_3mo + group",TRUE,"Pseudocount sensitivity failed; p-value was set to one",1,0.195866365275133,1,1,0.244832956593916,FALSE,0.318667392751267,1.29782103158077,"bias-corrected natural-log fold change",,FALSE
"cdi_schubert","Clostridium_XlVa","ANCOM-BC2","ANCOM-BC2","differential abundance","H","CDI","age_z + sex + antibiotics_3mo + group",TRUE,"Available",5.29380523670148e-05,5.29380523670148e-05,5.29380523670148e-05,0.000174135999759567,0.000117856082724974,TRUE,-0.982687078663939,-4.12369882787877,"bias-corrected natural-log fold change",,TRUE
"cdi_schubert","Clostridium_XlVb","ANCOM-BC2","ANCOM-BC2","differential abundance","H","CDI","age_z + sex + antibiotics_3mo + group",TRUE,"Available",6.94710219813669e-13,6.94710219813669e-13,6.94710219813669e-13,6.7927221492892e-12,5.78925183178057e-12,TRUE,1.30337470745407,7.93491698987771,"bias-corrected natural-log fold change",,TRUE
"cdi_schubert","Clostridium_XVIII","ANCOM-BC2","ANCOM-BC2","differential abundance","H","CDI","age_z + sex + antibiotics_3mo + group",TRUE,"Available",0.530871742952364,0.530871742952364,0.530871742952364,1,0.594259413752646,FALSE,0.149035733754976,0.62780230792079,"bias-corrected natural-log fold change",,TRUE
"cdi_schubert","Coprobacillus","ANCOM-BC2","ANCOM-BC2","differential abundance","H","CDI","age_z + sex + antibiotics_3mo + group",TRUE,"Available",0.476344040094373,0.476344040094373,0.476344040094373,1,0.541300045561787,FALSE,0.0847338970405776,0.71588839745592,"bias-corrected natural-log fold change",,TRUE
"cdi_schubert","Coprococcus","ANCOM-BC2","ANCOM-BC2","differential abundance","H","CDI","age_z + sex + antibiotics_3mo + group",TRUE,"Pseudocount sensitivity failed; p-value was set to one",1,0.0467761411897754,1,1,0.0604863894695371,FALSE,-0.450061121896963,-2.00240864368149,"bias-corrected natural-log fold change",,FALSE
"cdi_schubert","Desulfovibrio","ANCOM-BC2","ANCOM-BC2","differential abundance","H","CDI","age_z + sex + antibiotics_3mo + group",FALSE,"Taxon was not returned",,,1,1,,FALSE,,,"bias-corrected natural-log fold change",,
"cdi_schubert","Dialister","ANCOM-BC2","ANCOM-BC2","differential abundance","H","CDI","age_z + sex + antibiotics_3mo + group",TRUE,"Pseudocount sensitivity failed; p-value was set to one",1,0.00417493145355545,1,1,0.0063902012044216,FALSE,0.576801785063681,2.92810145818586,"bias-corrected natural-log fold change",,FALSE
"cdi_schubert","Dorea","ANCOM-BC2","ANCOM-BC2","differential abundance","H","CDI","age_z + sex + antibiotics_3mo + group",TRUE,"Available",5.94965261526603e-05,5.94965261526603e-05,5.94965261526603e-05,0.000186989082194075,0.000127492556041415,TRUE,-0.853576722447477,-4.123390254983,"bias-corrected natural-log fold change",,TRUE
"cdi_schubert","Enterococcus","ANCOM-BC2","ANCOM-BC2","differential abundance","H","CDI","age_z + sex + antibiotics_3mo + group",TRUE,"Available",4.59033961610404e-11,4.59033961610404e-11,4.59033961610404e-11,3.10730681705504e-10,2.64827285544464e-10,TRUE,2.10716622855894,7.46528508980983,"bias-corrected natural-log fold change",,TRUE
"cdi_schubert","Erysipelotrichaceae_incertae_sedis","ANCOM-BC2","ANCOM-BC2","differential abundance","H","CDI","age_z + sex + antibiotics_3mo + group",TRUE,"Pseudocount sensitivity failed; p-value was set to one",1,0.000141776851777538,1,1,0.000287385510359875,FALSE,0.975751919999473,3.8811163852112,"bias-corrected natural-log fold change",,FALSE
"cdi_schubert","Ethanoligenens","ANCOM-BC2","ANCOM-BC2","differential abundance","H","CDI","age_z + sex + antibiotics_3mo + group",TRUE,"Available",8.34644318035539e-10,8.34644318035539e-10,8.34644318035539e-10,4.89657999914183e-09,4.1732215901777e-09,TRUE,-0.804296386944263,-6.85409559259096,"bias-corrected natural-log fold change",,TRUE
"cdi_schubert","Eubacterium","ANCOM-BC2","ANCOM-BC2","differential abundance","H","CDI","age_z + sex + antibiotics_3mo + group",TRUE,"Pseudocount sensitivity failed; p-value was set to one",1,0.00384344883304905,1,1,0.00600538880163914,FALSE,-0.269637446448918,-3.17387627271777,"bias-corrected natural-log fold change",,FALSE
"cdi_schubert","Faecalibacterium","ANCOM-BC2","ANCOM-BC2","differential abundance","H","CDI","age_z + sex + antibiotics_3mo + group",TRUE,"Available",1.55797550333083e-13,1.55797550333083e-13,1.55797550333083e-13,1.71377305366391e-12,1.46060203437265e-12,TRUE,-1.81872881306137,-8.04108059289597,"bias-corrected natural-log fold change",,TRUE
"cdi_schubert","Finegoldia","ANCOM-BC2","ANCOM-BC2","differential abundance","H","CDI","age_z + sex + antibiotics_3mo + group",TRUE,"Pseudocount sensitivity failed; p-value was set to one",1,2.98958351602281e-05,1,1,7.00683636567845e-05,FALSE,0.688416696478139,7.70337840250645,"bias-corrected natural-log fold change",,FALSE
"cdi_schubert","Flavonifractor","ANCOM-BC2","ANCOM-BC2","differential abundance","H","CDI","age_z + sex + antibiotics_3mo + group",TRUE,"Pseudocount sensitivity failed; p-value was set to one",1,0.411291581952325,1,1,0.474567209944991,FALSE,-0.10460095163814,-0.824198186401164,"bias-corrected natural-log fold change",,FALSE
"cdi_schubert","Fusobacterium","ANCOM-BC2","ANCOM-BC2","differential abundance","H","CDI","age_z + sex + antibiotics_3mo + group",TRUE,"Pseudocount sensitivity failed; p-value was set to one",1,0.0457242379704722,1,1,0.0601634710137792,FALSE,0.352463844417168,2.12388970775143,"bias-corrected natural-log fold change",,FALSE
"cdi_schubert","Gemella","ANCOM-BC2","ANCOM-BC2","differential abundance","H","CDI","age_z + sex + antibiotics_3mo + group",TRUE,"Pseudocount sensitivity failed; p-value was set to one",1,5.0896912867572e-07,1,1,1.65968194133387e-06,FALSE,0.820676691923269,9.13440297160927,"bias-corrected natural-log fold change",,FALSE
"cdi_schubert","Gemmiger","ANCOM-BC2","ANCOM-BC2","differential abundance","H","CDI","age_z + sex + antibiotics_3mo + group",TRUE,"Available",0.000356540336435224,0.000356540336435224,0.000356540336435224,0.00101211450342902,0.000668513130816045,TRUE,0.608301853630774,3.6701414614781,"bias-corrected natural-log fold change",,TRUE
"cdi_schubert","Haemophilus","ANCOM-BC2","ANCOM-BC2","differential abundance","H","CDI","age_z + sex + antibiotics_3mo + group",TRUE,"Pseudocount sensitivity failed; p-value was set to one",1,1.33829554750317e-06,1,1,3.71748763195326e-06,FALSE,0.634700396624083,5.81873646789979,"bias-corrected natural-log fold change",,FALSE
"cdi_schubert","Hespellia","ANCOM-BC2","ANCOM-BC2","differential abundance","H","CDI","age_z + sex + antibiotics_3mo + group",TRUE,"Available",1,1,1,1,1,FALSE,,,"bias-corrected natural-log fold change",,TRUE
"cdi_schubert","Howardella","ANCOM-BC2","ANCOM-BC2","differential abundance","H","CDI","age_z + sex + antibiotics_3mo + group",FALSE,"Taxon was not returned",,,1,1,,FALSE,,,"bias-corrected natural-log fold change",,
"cdi_schubert","Kluyvera","ANCOM-BC2","ANCOM-BC2","differential abundance","H","CDI","age_z + sex + antibiotics_3mo + group",FALSE,"Taxon was not returned",,,1,1,,FALSE,,,"bias-corrected natural-log fold change",,
"cdi_schubert","Lachnospiracea_incertae_sedis","ANCOM-BC2","ANCOM-BC2","differential abundance","H","CDI","age_z + sex + antibiotics_3mo + group",TRUE,"Available",3.33649365039262e-30,3.33649365039262e-30,3.33649365039262e-30,2.9361144123455e-28,2.50237023779446e-28,TRUE,-2.91932928930835,-13.9609565238077,"bias-corrected natural-log fold change",,TRUE
"cdi_schubert","Lactobacillus","ANCOM-BC2","ANCOM-BC2","differential abundance","H","CDI","age_z + sex + antibiotics_3mo + group",TRUE,"Available",8.96232204684421e-18,8.96232204684421e-18,8.96232204684421e-18,2.62894780040763e-16,2.24058051171105e-16,TRUE,2.14833217873878,10.8146001848474,"bias-corrected natural-log fold change",,TRUE
"cdi_schubert","Lactococcus","ANCOM-BC2","ANCOM-BC2","differential abundance","H","CDI","age_z + sex + antibiotics_3mo + group",TRUE,"Available",0.77573930423101,0.77573930423101,0.77573930423101,1,0.808061775240636,FALSE,0.0332891508068487,0.287744710236479,"bias-corrected natural-log fold change",,TRUE
"cdi_schubert","Lactonifactor","ANCOM-BC2","ANCOM-BC2","differential abundance","H","CDI","age_z + sex + antibiotics_3mo + group",TRUE,"Available",0.141072717852151,0.141072717852151,0.141072717852151,0.354697119171123,0.179329726083243,FALSE,0.133080245861339,1.63318459311134,"bias-corrected natural-log fold change",,TRUE
"cdi_schubert","Megasphaera","ANCOM-BC2","ANCOM-BC2","differential abundance","H","CDI","age_z + sex + antibiotics_3mo + group",TRUE,"Pseudocount sensitivity failed; p-value was set to one",1,0.0258565803877266,1,1,0.0359119172051758,FALSE,0.213378878363514,2.66444914689312,"bias-corrected natural-log fold change",,FALSE
"cdi_schubert","Methanobrevibacter","ANCOM-BC2","ANCOM-BC2","differential abundance","H","CDI","age_z + sex + antibiotics_3mo + group",FALSE,"Taxon was not returned",,,1,1,,FALSE,,,"bias-corrected natural-log fold change",,
"cdi_schubert","Odoribacter","ANCOM-BC2","ANCOM-BC2","differential abundance","H","CDI","age_z + sex + antibiotics_3mo + group",TRUE,"Available",0.000306830707875486,0.000306830707875486,0.000306830707875486,0.000900036743101427,0.000590059053606705,TRUE,-0.582720491021941,-3.71685680829429,"bias-corrected natural-log fold change",,TRUE
"cdi_schubert","Oscillibacter","ANCOM-BC2","ANCOM-BC2","differential abundance","H","CDI","age_z + sex + antibiotics_3mo + group",TRUE,"Available",5.34280908353217e-05,5.34280908353217e-05,5.34280908353217e-05,0.000174135999759567,0.000117856082724974,TRUE,-0.778566692062881,-4.13997563039271,"bias-corrected natural-log fold change",,TRUE
"cdi_schubert","Pandoraea","ANCOM-BC2","ANCOM-BC2","differential abundance","H","CDI","age_z + sex + antibiotics_3mo + group",TRUE,"Pseudocount sensitivity failed; p-value was set to one",1,0.000968815088403684,1,1,0.00165138935523355,FALSE,-0.31940009463958,-4.08838216812831,"bias-corrected natural-log fold change",,FALSE
"cdi_schubert","Parabacteroides","ANCOM-BC2","ANCOM-BC2","differential abundance","H","CDI","age_z + sex + antibiotics_3mo + group",TRUE,"Available",0.0266789617854833,0.0266789617854833,0.0266789617854833,0.0690514305036039,0.0360905137410142,FALSE,-0.596211032519455,-2.23327923877362,"bias-corrected natural-log fold change",,TRUE
"cdi_schubert","Paraprevotella","ANCOM-BC2","ANCOM-BC2","differential abundance","H","CDI","age_z + sex + antibiotics_3mo + group",TRUE,"Pseudocount sensitivity failed; p-value was set to one",1,0.000543067281941076,1,1,0.00099341575964831,FALSE,-0.63791879577637,-3.92251463402995,"bias-corrected natural-log fold change",,FALSE
"cdi_schubert","Parasutterella","ANCOM-BC2","ANCOM-BC2","differential abundance","H","CDI","age_z + sex + antibiotics_3mo + group",TRUE,"Available",6.40737853484518e-07,6.40737853484518e-07,6.40737853484518e-07,2.45151874376685e-06,2.00230579213912e-06,TRUE,-0.93582683460506,-5.31118779677394,"bias-corrected natural-log fold change",,TRUE
"cdi_schubert","Prevotella","ANCOM-BC2","ANCOM-BC2","differential abundance","H","CDI","age_z + sex + antibiotics_3mo + group",TRUE,"Available",1.74658385917057e-12,1.74658385917057e-12,1.74658385917057e-12,1.5369937960701e-11,1.30993789437792e-11,TRUE,-2.3648514812729,-9.19343919839948,"bias-corrected natural-log fold change",,TRUE
"cdi_schubert","Proteus","ANCOM-BC2","ANCOM-BC2","differential abundance","H","CDI","age_z + sex + antibiotics_3mo + group",FALSE,"Taxon was not returned",,,1,1,,FALSE,,,"bias-corrected natural-log fold change",,
"cdi_schubert","Raoultella","ANCOM-BC2","ANCOM-BC2","differential abundance","H","CDI","age_z + sex + antibiotics_3mo + group",TRUE,"Available",0.000208393968118245,0.000208393968118245,0.000208393968118245,0.000632367903255365,0.000411303884443905,TRUE,0.734766733706166,4.21918198608729,"bias-corrected natural-log fold change",,TRUE
"cdi_schubert","Roseburia","ANCOM-BC2","ANCOM-BC2","differential abundance","H","CDI","age_z + sex + antibiotics_3mo + group",TRUE,"Available",1.60685163602105e-08,1.60685163602105e-08,1.60685163602105e-08,8.31782023352071e-08,7.08905133538697e-08,TRUE,-1.35079540592936,-5.94975589135077,"bias-corrected natural-log fold change",,TRUE
"cdi_schubert","Ruminococcus","ANCOM-BC2","ANCOM-BC2","differential abundance","H","CDI","age_z + sex + antibiotics_3mo + group",TRUE,"Available",9.51620269431735e-12,9.51620269431735e-12,9.51620269431735e-12,7.61296215545388e-11,6.48832001885274e-11,TRUE,-0.86991498241437,-7.6124699292089,"bias-corrected natural-log fold change",,TRUE
"cdi_schubert","Ruminococcus2","ANCOM-BC2","ANCOM-BC2","differential abundance","H","CDI","age_z + sex + antibiotics_3mo + group",TRUE,"Pseudocount sensitivity failed; p-value was set to one",1,0.603958542524647,1,1,0.656476676657225,FALSE,-0.108971032907552,-0.519516237884517,"bias-corrected natural-log fold change",,FALSE
"cdi_schubert","Sarcina","ANCOM-BC2","ANCOM-BC2","differential abundance","H","CDI","age_z + sex + antibiotics_3mo + group",TRUE,"Pseudocount sensitivity failed; p-value was set to one",1,0.00219916235436992,1,1,0.0035093016293137,FALSE,0.392811689256837,3.37131515385205,"bias-corrected natural-log fold change",,FALSE
"cdi_schubert","Serratia","ANCOM-BC2","ANCOM-BC2","differential abundance","H","CDI","age_z + sex + antibiotics_3mo + group",TRUE,"Available",0.26607271153356,0.26607271153356,0.26607271153356,0.632821584187927,0.321862151048662,FALSE,-0.105702342367157,-1.13327969854871,"bias-corrected natural-log fold change",,TRUE
"cdi_schubert","Sporobacter","ANCOM-BC2","ANCOM-BC2","differential abundance","H","CDI","age_z + sex + antibiotics_3mo + group",FALSE,"Taxon was not returned",,,1,1,,FALSE,,,"bias-corrected natural-log fold change",,
"cdi_schubert","Streptococcus","ANCOM-BC2","ANCOM-BC2","differential abundance","H","CDI","age_z + sex + antibiotics_3mo + group",TRUE,"Available",0.00117112773668305,0.00117112773668305,0.00117112773668305,0.00312300729782146,0.00195187956113841,TRUE,0.973713497909403,3.29524570016324,"bias-corrected natural-log fold change",,TRUE
"cdi_schubert","Sutterella","ANCOM-BC2","ANCOM-BC2","differential abundance","H","CDI","age_z + sex + antibiotics_3mo + group",TRUE,"Available",5.47600237247919e-21,5.47600237247919e-21,5.47600237247919e-21,2.40944104389084e-19,2.0535008896797e-19,TRUE,-1.89118738314667,-16.1065970795238,"bias-corrected natural-log fold change",,TRUE
"cdi_schubert","Syntrophococcus","ANCOM-BC2","ANCOM-BC2","differential abundance","H","CDI","age_z + sex + antibiotics_3mo + group",FALSE,"Taxon was not returned",,,1,1,,FALSE,,,"bias-corrected natural-log fold change",,
"cdi_schubert","Tetragenococcus","ANCOM-BC2","ANCOM-BC2","differential abundance","H","CDI","age_z + sex + antibiotics_3mo + group",TRUE,"Available",5.59795743412501e-08,5.59795743412501e-08,5.59795743412501e-08,2.73677919001667e-07,2.33248226421876e-07,TRUE,0.866527104873306,7.03740691226309,"bias-corrected natural-log fold change",,TRUE
"cdi_schubert","Turicibacter","ANCOM-BC2","ANCOM-BC2","differential abundance","H","CDI","age_z + sex + antibiotics_3mo + group",TRUE,"Pseudocount sensitivity failed; p-value was set to one",1,0.0144824234684541,1,1,0.0204939954742275,FALSE,-0.374945273773687,-2.49390276930804,"bias-corrected natural-log fold change",,FALSE
"cdi_schubert","Unclassified_Acidaminococcaceae","ANCOM-BC2","ANCOM-BC2","differential abundance","H","CDI","age_z + sex + antibiotics_3mo + group",FALSE,"Taxon was not returned",,,1,1,,FALSE,,,"bias-corrected natural-log fold change",,
"cdi_schubert","Unclassified_Actinobacteria","ANCOM-BC2","ANCOM-BC2","differential abundance","H","CDI","age_z + sex + antibiotics_3mo + group",FALSE,"Taxon was not returned",,,1,1,,FALSE,,,"bias-corrected natural-log fold change",,
"cdi_schubert","Unclassified_Clostridia","ANCOM-BC2","ANCOM-BC2","differential abundance","H","CDI","age_z + sex + antibiotics_3mo + group",TRUE,"Available",1.10286546213813e-10,1.10286546213813e-10,1.10286546213813e-10,6.93229719058252e-10,5.90820783288283e-10,TRUE,-0.843508272063128,-8.50902532154464,"bias-corrected natural-log fold change",,TRUE
"cdi_schubert","Unclassified_Clostridiaceae_1","ANCOM-BC2","ANCOM-BC2","differential abundance","H","CDI","age_z + sex + antibiotics_3mo + group",FALSE,"Taxon was not returned",,,1,1,,FALSE,,,"bias-corrected natural-log fold change",,
"cdi_schubert","Unclassified_Clostridiales","ANCOM-BC2","ANCOM-BC2","differential abundance","H","CDI","age_z + sex + antibiotics_3mo + group",TRUE,"Available",6.89420434586968e-15,6.89420434586968e-15,6.89420434586968e-15,1.21337996487306e-13,1.03413065188045e-13,TRUE,-2.01725424646247,-8.55939681469533,"bias-corrected natural-log fold change",,TRUE
"cdi_schubert","Unclassified_Enterobacteriaceae","ANCOM-BC2","ANCOM-BC2","differential abundance","H","CDI","age_z + sex + antibiotics_3mo + group",TRUE,"Available",2.1800163337394e-05,2.1800163337394e-05,2.1800163337394e-05,7.67365749476268e-05,5.27423306549855e-05,TRUE,1.51032375197832,4.35486297078309,"bias-corrected natural-log fold change",,TRUE
"cdi_schubert","Unclassified_Eubacteriaceae","ANCOM-BC2","ANCOM-BC2","differential abundance","H","CDI","age_z + sex + antibiotics_3mo + group",TRUE,"Pseudocount sensitivity failed; p-value was set to one",1,0.0138770007236721,1,1,0.0200149048899117,FALSE,-0.297709563263455,-2.72554736235591,"bias-corrected natural-log fold change",,FALSE
"cdi_schubert","Unclassified_Firmicutes","ANCOM-BC2","ANCOM-BC2","differential abundance","H","CDI","age_z + sex + antibiotics_3mo + group",FALSE,"Taxon was not returned",,,1,1,,FALSE,,,"bias-corrected natural-log fold change",,
"cdi_schubert","Unclassified_Lachnospiraceae","ANCOM-BC2","ANCOM-BC2","differential abundance","H","CDI","age_z + sex + antibiotics_3mo + group",TRUE,"Available",8.0232738787099e-09,8.0232738787099e-09,8.0232738787099e-09,4.41280063329044e-08,3.76090963064526e-08,TRUE,-1.31383953166993,-6.0047646470259,"bias-corrected natural-log fold change",,TRUE
"cdi_schubert","Unclassified_Pasteurellaceae","ANCOM-BC2","ANCOM-BC2","differential abundance","H","CDI","age_z + sex + antibiotics_3mo + group",TRUE,"Pseudocount sensitivity failed; p-value was set to one",1,0.0135523401067505,1,1,0.0199299119216918,FALSE,0.237318440958917,3.0608792928661,"bias-corrected natural-log fold change",,FALSE
"cdi_schubert","Unclassified_Prevotellaceae","ANCOM-BC2","ANCOM-BC2","differential abundance","H","CDI","age_z + sex + antibiotics_3mo + group",FALSE,"Taxon was not returned",,,1,1,,FALSE,,,"bias-corrected natural-log fold change",,
"cdi_schubert","Unclassified_Proteobacteria","ANCOM-BC2","ANCOM-BC2","differential abundance","H","CDI","age_z + sex + antibiotics_3mo + group",TRUE,"Pseudocount sensitivity failed; p-value was set to one",1,0.0269475835932906,1,1,0.0360905137410142,FALSE,-0.241432342513465,-2.27936825180273,"bias-corrected natural-log fold change",,FALSE
"cdi_schubert","Unclassified_Ruminococcaceae","ANCOM-BC2","ANCOM-BC2","differential abundance","H","CDI","age_z + sex + antibiotics_3mo + group",TRUE,"Available",0.000839823339444513,0.000839823339444513,0.000839823339444513,0.00230951418347241,0.00146480815019392,TRUE,-0.882152497071814,-3.38645083764176,"bias-corrected natural-log fold change",,TRUE
"cdi_schubert","Unclassified_Selenomonadales","ANCOM-BC2","ANCOM-BC2","differential abundance","H","CDI","age_z + sex + antibiotics_3mo + group",TRUE,"Available",1.26483166517693e-13,1.26483166517693e-13,1.26483166517693e-13,1.59007409336528e-12,1.35517678411813e-12,TRUE,-1.87838782350735,-8.54177132983271,"bias-corrected natural-log fold change",,TRUE
"cdi_schubert","Unclassified_Sphingomonadaceae","ANCOM-BC2","ANCOM-BC2","differential abundance","H","CDI","age_z + sex + antibiotics_3mo + group",TRUE,"Available",0.336674276954718,0.336674276954718,0.336674276954718,0.779666746631978,0.400802710660378,FALSE,-0.0933100904689774,-0.971130949525994,"bias-corrected natural-log fold change",,TRUE
"cdi_schubert","Unclassified_Veillonellaceae","ANCOM-BC2","ANCOM-BC2","differential abundance","H","CDI","age_z + sex + antibiotics_3mo + group",TRUE,"Pseudocount sensitivity failed; p-value was set to one",1,1.29341741060696e-06,1,1,3.71748763195326e-06,FALSE,-0.507405990173802,-5.31933459722248,"bias-corrected natural-log fold change",,FALSE
"cdi_schubert","Veillonella","ANCOM-BC2","ANCOM-BC2","differential abundance","H","CDI","age_z + sex + antibiotics_3mo + group",TRUE,"Available",1.09592062346987e-15,1.09592062346987e-15,1.09592062346987e-15,2.41102537163372e-14,2.05485116900601e-14,TRUE,2.43667379333858,9.27752108896557,"bias-corrected natural-log fold change",,TRUE
"cdi_schubert","Yersinia","ANCOM-BC2","ANCOM-BC2","differential abundance","H","CDI","age_z + sex + antibiotics_3mo + group",TRUE,"Available",3.53716514446982e-11,3.53716514446982e-11,3.53716514446982e-11,2.59392110594454e-10,2.21072821529364e-10,TRUE,1.28040589224014,9.35898979153098,"bias-corrected natural-log fold change",,TRUE
"cdi_schubert","Acidaminococcus","LinDA","LinDA","differential abundance","H","CDI","age_z + sex + antibiotics_3mo + group",TRUE,"Available",0.838656894276544,0.838656894276544,0.838656894276544,0.848296628693516,0.84818708625696,FALSE,-0.0331341463975255,-0.203834652269874,"bias-corrected log2 fold change",,
"cdi_schubert","Actinomyces","LinDA","LinDA","differential abundance","H","CDI","age_z + sex + antibiotics_3mo + group",TRUE,"Available",1.38729698825032e-06,1.38729698825032e-06,1.38729698825032e-06,4.88328539864113e-06,4.93877727817114e-06,TRUE,0.559502443910133,4.95280604055932,"bias-corrected log2 fold change",,
"cdi_schubert","Akkermansia","LinDA","LinDA","differential abundance","H","CDI","age_z + sex + antibiotics_3mo + group",TRUE,"Available",0.0968071537039971,0.0968071537039971,0.0968071537039971,0.133109836342996,0.132551333533165,FALSE,0.855696825963457,1.66711350263901,"bias-corrected log2 fold change",,
"cdi_schubert","Alistipes","LinDA","LinDA","differential abundance","H","CDI","age_z + sex + antibiotics_3mo + group",TRUE,"Available",3.06965363423144e-12,3.06965363423144e-12,3.06965363423144e-12,2.25107933176973e-11,2.27665977872165e-11,TRUE,-3.93218694115395,-7.35491069801735,"bias-corrected log2 fold change",,
"cdi_schubert","Anaerococcus","LinDA","LinDA","differential abundance","H","CDI","age_z + sex + antibiotics_3mo + group",TRUE,"Available",0.0126156538166147,0.0126156538166147,0.0126156538166147,0.021768186977688,0.0215921767245905,TRUE,0.283739284216318,2.51349896189865,"bias-corrected log2 fold change",,
"cdi_schubert","Anaerofilum","LinDA","LinDA","differential abundance","H","CDI","age_z + sex + antibiotics_3mo + group",TRUE,"Available",0.514149198928649,0.514149198928649,0.514149198928649,0.584544964218982,0.583704134293466,FALSE,-0.0665916677697957,-0.653368878790918,"bias-corrected log2 fold change",,
"cdi_schubert","Anaerostipes","LinDA","LinDA","differential abundance","H","CDI","age_z + sex + antibiotics_3mo + group",TRUE,"Available",2.36930840921941e-12,2.36930840921941e-12,2.36930840921941e-12,2.08499140011308e-11,2.10868448420528e-11,TRUE,-2.59856276002627,-7.39729852246889,"bias-corrected log2 fold change",,
"cdi_schubert","Anaerovorax","LinDA","LinDA","differential abundance","H","CDI","age_z + sex + antibiotics_3mo + group",TRUE,"Available",1.1821147798396e-10,1.1821147798396e-10,1.1821147798396e-10,6.93507337505901e-10,7.01388102704832e-10,TRUE,-1.22859347047685,-6.74044819033583,"bias-corrected log2 fold change",,
"cdi_schubert","Arthrobacter","LinDA","LinDA","differential abundance","H","CDI","age_z + sex + antibiotics_3mo + group",TRUE,"Available",0.000957845428341824,0.000957845428341824,0.000957845428341824,0.00204345622828692,0.00201861505849274,TRUE,0.299946322935751,3.34440592517978,"bias-corrected log2 fold change",,
"cdi_schubert","Bacteroides","LinDA","LinDA","differential abundance","H","CDI","age_z + sex + antibiotics_3mo + group",TRUE,"Available",7.4704868363539e-11,7.4704868363539e-11,7.4704868363539e-11,4.69573458285102e-10,4.74909520311069e-10,TRUE,-3.19661037742912,-6.81957010610419,"bias-corrected log2 fold change",,
"cdi_schubert","Barnesiella","LinDA","LinDA","differential abundance","H","CDI","age_z + sex + antibiotics_3mo + group",TRUE,"Available",1.42953511598575e-05,1.42953511598575e-05,1.42953511598575e-05,4.8384265464133e-05,4.89340866625891e-05,TRUE,-2.51127984110752,-4.43133857776195,"bias-corrected log2 fold change",,
"cdi_schubert","Bifidobacterium","LinDA","LinDA","differential abundance","H","CDI","age_z + sex + antibiotics_3mo + group",TRUE,"Available",0.643159630722327,0.643159630722327,0.643159630722327,0.703054859763739,0.702372849783369,FALSE,0.160578303555959,0.463877311126706,"bias-corrected log2 fold change",,
"cdi_schubert","Bilophila","LinDA","LinDA","differential abundance","H","CDI","age_z + sex + antibiotics_3mo + group",TRUE,"Available",0.442875737408609,0.442875737408609,0.442875737408609,0.526663039080508,0.525545875058216,FALSE,-0.187902248225269,-0.76862879196328,"bias-corrected log2 fold change",,
"cdi_schubert","Blautia","LinDA","LinDA","differential abundance","H","CDI","age_z + sex + antibiotics_3mo + group",TRUE,"Available",0.349010975090244,0.349010975090244,0.349010975090244,0.432576983210443,0.431416344208774,FALSE,-0.368254555838909,-0.938359505926179,"bias-corrected log2 fold change",,
"cdi_schubert","Buttiauxella","LinDA","LinDA","differential abundance","H","CDI","age_z + sex + antibiotics_3mo + group",TRUE,"Available",0.00111182622679891,0.00111182622679891,0.00111182622679891,0.00222471571538131,0.00219999665187708,TRUE,0.329202731819133,3.30086885637585,"bias-corrected log2 fold change",,
"cdi_schubert","Butyricicoccus","LinDA","LinDA","differential abundance","H","CDI","age_z + sex + antibiotics_3mo + group",TRUE,"Available",1.49564872755781e-05,1.49564872755781e-05,1.49564872755781e-05,4.87470696389212e-05,4.93010136120907e-05,TRUE,-1.27958744546441,-4.42077432764015,"bias-corrected log2 fold change",,
"cdi_schubert","Butyricimonas","LinDA","LinDA","differential abundance","H","CDI","age_z + sex + antibiotics_3mo + group",TRUE,"Available",0.000167849215058663,0.000167849215058663,0.000167849215058663,0.000422020883576067,0.000414960559450584,TRUE,-1.67172907055122,-3.82384511067605,"bias-corrected log2 fold change",,
"cdi_schubert","Citrobacter","LinDA","LinDA","differential abundance","H","CDI","age_z + sex + antibiotics_3mo + group",TRUE,"Available",0.0257213746073642,0.0257213746073642,0.0257213746073642,0.0419163141749639,0.0416218607282802,TRUE,0.238732325767963,2.2444755719727,"bias-corrected log2 fold change",,
"cdi_schubert","Cloacibacillus","LinDA","LinDA","differential abundance","H","CDI","age_z + sex + antibiotics_3mo + group",TRUE,"Available",0.910693822270148,0.910693822270148,0.910693822270148,0.910693822270148,0.910693822270148,FALSE,-0.00993734102487875,-0.112282799862986,"bias-corrected log2 fold change",,
"cdi_schubert","Clostridium_IV","LinDA","LinDA","differential abundance","H","CDI","age_z + sex + antibiotics_3mo + group",TRUE,"Available",8.89125627736223e-21,8.89125627736223e-21,8.89125627736223e-21,1.95607638101969e-19,1.9783045217131e-19,TRUE,-3.0108509240044,-10.288610900143,"bias-corrected log2 fold change",,
"cdi_schubert","Clostridium_sensu_stricto","LinDA","LinDA","differential abundance","H","CDI","age_z + sex + antibiotics_3mo + group",TRUE,"Available",0.0618291253609873,0.0618291253609873,0.0618291253609873,0.0877574682543045,0.0873459072559979,FALSE,0.853466834874657,1.8763636637099,"bias-corrected log2 fold change",,
"cdi_schubert","Clostridium_XI","LinDA","LinDA","differential abundance","H","CDI","age_z + sex + antibiotics_3mo + group",TRUE,"Available",0.00851568650185001,0.00851568650185001,0.00851568650185001,0.0152934777992408,0.015157921973293,TRUE,1.11108219225377,2.65297287303276,"bias-corrected log2 fold change",,
"cdi_schubert","Clostridium_XlVa","LinDA","LinDA","differential abundance","H","CDI","age_z + sex + antibiotics_3mo + group",TRUE,"Available",5.3268709879216e-07,5.3268709879216e-07,5.3268709879216e-07,2.03810716059609e-06,2.06126746923923e-06,TRUE,-1.633474426276,-5.15518321753591,"bias-corrected log2 fold change",,
"cdi_schubert","Clostridium_XlVb","LinDA","LinDA","differential abundance","H","CDI","age_z + sex + antibiotics_3mo + group",TRUE,"Available",0.00156712223095115,0.00156712223095115,0.00156712223095115,0.00306459458497114,0.00303204083814462,TRUE,-1.10030668457299,-3.19887488916086,"bias-corrected log2 fold change",,
"cdi_schubert","Clostridium_XVIII","LinDA","LinDA","differential abundance","H","CDI","age_z + sex + antibiotics_3mo + group",TRUE,"Available",0.806946293340057,0.806946293340057,0.806946293340057,0.825712486208431,0.825496782842128,FALSE,-0.101429921485702,-0.2446395871307,"bias-corrected log2 fold change",,
"cdi_schubert","Coprobacillus","LinDA","LinDA","differential abundance","H","CDI","age_z + sex + antibiotics_3mo + group",TRUE,"Available",0.0527529369716473,0.0527529369716473,0.0527529369716473,0.0786823466695757,0.0782501898412769,FALSE,-0.469570659776224,-1.94665343932743,"bias-corrected log2 fold change",,
"cdi_schubert","Coprococcus","LinDA","LinDA","differential abundance","H","CDI","age_z + sex + antibiotics_3mo + group",TRUE,"Available",3.93150334968873e-08,3.93150334968873e-08,3.93150334968873e-08,1.82090681459268e-07,1.84159893748578e-07,TRUE,-2.26081113214764,-5.67905617552356,"bias-corrected log2 fold change",,
"cdi_schubert","Desulfovibrio","LinDA","LinDA","differential abundance","H","CDI","age_z + sex + antibiotics_3mo + group",TRUE,"Available",0.518119400103189,0.518119400103189,0.518119400103189,0.584544964218982,0.583704134293466,FALSE,0.0681398359146713,0.647210597024175,"bias-corrected log2 fold change",,
"cdi_schubert","Dialister","LinDA","LinDA","differential abundance","H","CDI","age_z + sex + antibiotics_3mo + group",TRUE,"Available",0.236025506515473,0.236025506515473,0.236025506515473,0.305444773137671,0.304438696809814,FALSE,-0.652838718359825,-1.18797986869678,"bias-corrected log2 fold change",,
"cdi_schubert","Dorea","LinDA","LinDA","differential abundance","H","CDI","age_z + sex + antibiotics_3mo + group",TRUE,"Available",3.65838109524663e-16,3.65838109524663e-16,3.65838109524663e-16,4.59910766259576e-15,4.65137024967071e-15,TRUE,-3.05076603263637,-8.76264458752051,"bias-corrected log2 fold change",,
"cdi_schubert","Enterococcus","LinDA","LinDA","differential abundance","H","CDI","age_z + sex + antibiotics_3mo + group",TRUE,"Available",1.64940158211085e-20,1.64940158211085e-20,1.64940158211085e-20,2.9029467845151e-19,2.93593481615731e-19,TRUE,4.73552587187252,10.202496730511,"bias-corrected log2 fold change",,
"cdi_schubert","Erysipelotrichaceae_incertae_sedis","LinDA","LinDA","differential abundance","H","CDI","age_z + sex + antibiotics_3mo + group",TRUE,"Available",0.052063669103248,0.052063669103248,0.052063669103248,0.0786823466695757,0.0782501898412769,FALSE,0.834424061508396,1.95239622311758,"bias-corrected log2 fold change",,
"cdi_schubert","Ethanoligenens","LinDA","LinDA","differential abundance","H","CDI","age_z + sex + antibiotics_3mo + group",TRUE,"Available",2.4618788837491e-05,2.4618788837491e-05,2.4618788837491e-05,7.2215113923307e-05,7.06797485979581e-05,TRUE,-1.05586963294363,-4.30301097660321,"bias-corrected log2 fold change",,
"cdi_schubert","Eubacterium","LinDA","LinDA","differential abundance","H","CDI","age_z + sex + antibiotics_3mo + group",TRUE,"Available",0.322888887300367,0.322888887300367,0.322888887300367,0.405917458320461,0.40474804182722,FALSE,-0.114748586138158,-0.990596063385737,"bias-corrected log2 fold change",,
"cdi_schubert","Faecalibacterium","LinDA","LinDA","differential abundance","H","CDI","age_z + sex + antibiotics_3mo + group",TRUE,"Available",1.18493140792455e-26,1.18493140792455e-26,1.18493140792455e-26,5.21369819486803e-25,5.27294476526426e-25,TRUE,-5.38786071990309,-12.1208528436707,"bias-corrected log2 fold change",,
"cdi_schubert","Finegoldia","LinDA","LinDA","differential abundance","H","CDI","age_z + sex + antibiotics_3mo + group",TRUE,"Available",0.491984897900219,0.491984897900219,0.491984897900219,0.569666723884464,0.568657869001552,FALSE,0.0587019852840707,0.688219352620287,"bias-corrected log2 fold change",,
"cdi_schubert","Flavonifractor","LinDA","LinDA","differential abundance","H","CDI","age_z + sex + antibiotics_3mo + group",TRUE,"Available",0.000319446810242253,0.000319446810242253,0.000319446810242253,0.000780869980592174,0.00076839908409623,TRUE,-0.944662090755737,-3.65244625986079,"bias-corrected log2 fold change",,
"cdi_schubert","Fusobacterium","LinDA","LinDA","differential abundance","H","CDI","age_z + sex + antibiotics_3mo + group",TRUE,"Available",6.63213732364157e-08,6.63213732364157e-08,6.63213732364157e-08,2.91814042240229e-07,2.9513011090205e-07,TRUE,1.2128860786708,5.57680625552974,"bias-corrected log2 fold change",,
"cdi_schubert","Gemella","LinDA","LinDA","differential abundance","H","CDI","age_z + sex + antibiotics_3mo + group",TRUE,"Available",0.000766573174671093,0.000766573174671093,0.000766573174671093,0.0016864609842764,0.00166402469623725,TRUE,0.339751422587706,3.40864894930858,"bias-corrected log2 fold change",,
"cdi_schubert","Gemmiger","LinDA","LinDA","differential abundance","H","CDI","age_z + sex + antibiotics_3mo + group",TRUE,"Available",9.70034121193739e-08,9.70034121193739e-08,9.70034121193739e-08,4.06490488881186e-07,4.11109698982109e-07,TRUE,-2.15278752756243,-5.50160767039611,"bias-corrected log2 fold change",,
"cdi_schubert","Haemophilus","LinDA","LinDA","differential abundance","H","CDI","age_z + sex + antibiotics_3mo + group",TRUE,"Available",0.788645175938829,0.788645175938829,0.788645175938829,0.816479711560199,0.816156054169253,FALSE,-0.0519071003467213,-0.268372366707113,"bias-corrected log2 fold change",,
"cdi_schubert","Hespellia","LinDA","LinDA","differential abundance","H","CDI","age_z + sex + antibiotics_3mo + group",TRUE,"Available",0.647130041373441,0.647130041373441,0.647130041373441,0.703054859763739,0.702372849783369,FALSE,0.0430439021244131,0.458334949157078,"bias-corrected log2 fold change",,
"cdi_schubert","Howardella","LinDA","LinDA","differential abundance","H","CDI","age_z + sex + antibiotics_3mo + group",TRUE,"Available",0.453789625325855,0.453789625325855,0.453789625325855,0.53244649371567,0.531411534921068,FALSE,0.08477983823974,0.750342452483928,"bias-corrected log2 fold change",,
"cdi_schubert","Kluyvera","LinDA","LinDA","differential abundance","H","CDI","age_z + sex + antibiotics_3mo + group",TRUE,"Available",0.00186227181139565,0.00186227181139565,0.00186227181139565,0.00348680679580462,0.00345296231696277,TRUE,0.383904630360441,3.1466287761022,"bias-corrected log2 fold change",,
"cdi_schubert","Lachnospiracea_incertae_sedis","LinDA","LinDA","differential abundance","H","CDI","age_z + sex + antibiotics_3mo + group",TRUE,"Available",2.19879856588622e-39,2.19879856588622e-39,2.19879856588622e-39,1.93494273797987e-37,1.95693072363874e-37,TRUE,-5.62143038935192,-15.9319350073647,"bias-corrected log2 fold change",,
"cdi_schubert","Lactobacillus","LinDA","LinDA","differential abundance","H","CDI","age_z + sex + antibiotics_3mo + group",TRUE,"Available",2.70656178545343e-12,2.70656178545343e-12,2.70656178545343e-12,2.16524942836274e-11,2.18985453550323e-11,TRUE,3.13874733327471,7.3755338206242,"bias-corrected log2 fold change",,
"cdi_schubert","Lactococcus","LinDA","LinDA","differential abundance","H","CDI","age_z + sex + antibiotics_3mo + group",TRUE,"Available",0.691504602481812,0.691504602481812,0.691504602481812,0.742102500224383,0.741492886998569,FALSE,0.0568482731887365,0.397296897589755,"bias-corrected log2 fold change",,
"cdi_schubert","Lactonifactor","LinDA","LinDA","differential abundance","H","CDI","age_z + sex + antibiotics_3mo + group",TRUE,"Available",0.244953479776259,0.244953479776259,0.244953479776259,0.312404437975519,0.311440852858387,FALSE,0.121143993957439,1.16557408325913,"bias-corrected log2 fold change",,
"cdi_schubert","Megasphaera","LinDA","LinDA","differential abundance","H","CDI","age_z + sex + antibiotics_3mo + group",TRUE,"Available",0.186243100417193,0.186243100417193,0.186243100417193,0.2521445051802,0.251145999047427,FALSE,-0.228919787449264,-1.32560032225649,"bias-corrected log2 fold change",,
"cdi_schubert","Methanobrevibacter","LinDA","LinDA","differential abundance","H","CDI","age_z + sex + antibiotics_3mo + group",TRUE,"Available",0.0613366809678206,0.0613366809678206,0.0613366809678206,0.0877574682543045,0.0873459072559979,FALSE,-0.281194065780071,-1.87994814969117,"bias-corrected log2 fold change",,
"cdi_schubert","Odoribacter","LinDA","LinDA","differential abundance","H","CDI","age_z + sex + antibiotics_3mo + group",TRUE,"Available",2.96063382641736e-10,2.96063382641736e-10,2.96063382641736e-10,1.62834860452955e-09,1.64685256594465e-09,TRUE,-3.03430173704174,-6.58034424314803,"bias-corrected log2 fold change",,
"cdi_schubert","Oscillibacter","LinDA","LinDA","differential abundance","H","CDI","age_z + sex + antibiotics_3mo + group",TRUE,"Available",6.43747058517432e-17,6.43747058517432e-17,6.43747058517432e-17,9.44162352492233e-16,9.5489147013419e-16,TRUE,-2.95481637892473,-9.0198249969322,"bias-corrected log2 fold change",,
"cdi_schubert","Pandoraea","LinDA","LinDA","differential abundance","H","CDI","age_z + sex + antibiotics_3mo + group",TRUE,"Available",0.0598086708520598,0.0598086708520598,0.0598086708520598,0.0877193839163543,0.0872618312431691,FALSE,0.180028466003423,1.89122531404813,"bias-corrected log2 fold change",,
"cdi_schubert","Parabacteroides","LinDA","LinDA","differential abundance","H","CDI","age_z + sex + antibiotics_3mo + group",TRUE,"Available",1.79988591975619e-05,1.79988591975619e-05,1.79988591975619e-05,5.46172279098429e-05,5.52378782270002e-05,TRUE,-2.42449322347057,-4.37730437545631,"bias-corrected log2 fold change",,
"cdi_schubert","Paraprevotella","LinDA","LinDA","differential abundance","H","CDI","age_z + sex + antibiotics_3mo + group",TRUE,"Available",0.762648671349267,0.762648671349267,0.762648671349267,0.798965274746851,0.798538020589233,FALSE,-0.0942506349316214,-0.302350863472758,"bias-corrected log2 fold change",,
"cdi_schubert","Parasutterella","LinDA","LinDA","differential abundance","H","CDI","age_z + sex + antibiotics_3mo + group",TRUE,"Available",4.41485028232282e-05,4.41485028232282e-05,4.41485028232282e-05,0.000121408382763877,0.000119067174280827,TRUE,-1.95599077300784,-4.16176144077609,"bias-corrected log2 fold change",,
"cdi_schubert","Prevotella","LinDA","LinDA","differential abundance","H","CDI","age_z + sex + antibiotics_3mo + group",TRUE,"Available",0.00097528592713694,0.00097528592713694,0.00097528592713694,0.00204345622828692,0.00201861505849274,TRUE,-1.67601728914229,-3.33915968439929,"bias-corrected log2 fold change",,
"cdi_schubert","Proteus","LinDA","LinDA","differential abundance","H","CDI","age_z + sex + antibiotics_3mo + group",TRUE,"Available",0.0017837322056292,0.0017837322056292,0.0017837322056292,0.00341235726294281,0.00337770566597869,TRUE,0.39924322495679,3.15973833406879,"bias-corrected log2 fold change",,
"cdi_schubert","Raoultella","LinDA","LinDA","differential abundance","H","CDI","age_z + sex + antibiotics_3mo + group",TRUE,"Available",4.14257459259712e-05,4.14257459259712e-05,4.14257459259712e-05,0.00011759566585437,0.000115215355856607,TRUE,1.63637913891873,4.17733510852381,"bias-corrected log2 fold change",,
"cdi_schubert","Roseburia","LinDA","LinDA","differential abundance","H","CDI","age_z + sex + antibiotics_3mo + group",TRUE,"Available",6.57851939306897e-11,6.57851939306897e-11,6.57851939306897e-11,4.45315158915438e-10,4.50375558448568e-10,TRUE,-2.78500967861242,-6.84138837936915,"bias-corrected log2 fold change",,
"cdi_schubert","Ruminococcus","LinDA","LinDA","differential abundance","H","CDI","age_z + sex + antibiotics_3mo + group",TRUE,"Available",6.25852854323758e-13,6.25852854323758e-13,6.25852854323758e-13,6.11945013116563e-12,6.1889893372016e-12,TRUE,-1.91451486407369,-7.61298554591845,"bias-corrected log2 fold change",,
"cdi_schubert","Ruminococcus2","LinDA","LinDA","differential abundance","H","CDI","age_z + sex + antibiotics_3mo + group",TRUE,"Available",0.000491027243845358,0.000491027243845358,0.000491027243845358,0.00113711572258925,0.00112054935133941,TRUE,-1.41703031249542,-3.53435399134195,"bias-corrected log2 fold change",,
"cdi_schubert","Sarcina","LinDA","LinDA","differential abundance","H","CDI","age_z + sex + antibiotics_3mo + group",TRUE,"Available",0.0277307090872373,0.0277307090872373,0.0277307090872373,0.0443691345395797,0.0440720197993593,TRUE,0.290449736435359,2.21466887106611,"bias-corrected log2 fold change",,
"cdi_schubert","Serratia","LinDA","LinDA","differential abundance","H","CDI","age_z + sex + antibiotics_3mo + group",TRUE,"Available",0.00111235785769066,0.00111235785769066,0.00111235785769066,0.00222471571538131,0.00219999665187708,TRUE,0.423609290132441,3.3007285203217,"bias-corrected log2 fold change",,
"cdi_schubert","Sporobacter","LinDA","LinDA","differential abundance","H","CDI","age_z + sex + antibiotics_3mo + group",TRUE,"Available",0.413600828377208,0.413600828377208,0.413600828377208,0.505512123572143,0.504253064733856,FALSE,-0.0856416922860238,-0.819008620775684,"bias-corrected log2 fold change",,
"cdi_schubert","Streptococcus","LinDA","LinDA","differential abundance","H","CDI","age_z + sex + antibiotics_3mo + group",TRUE,"Available",9.84316058801116e-05,9.84316058801116e-05,9.84316058801116e-05,0.000262484282346964,0.000257659203627351,TRUE,1.57584722811654,3.96157075320663,"bias-corrected log2 fold change",,
"cdi_schubert","Sutterella","LinDA","LinDA","differential abundance","H","CDI","age_z + sex + antibiotics_3mo + group",TRUE,"Available",0.00350299186999279,0.00350299186999279,0.00350299186999279,0.00642215176165344,0.0063625770699869,TRUE,-0.984287466172514,-2.94924650169947,"bias-corrected log2 fold change",,
"cdi_schubert","Syntrophococcus","LinDA","LinDA","differential abundance","H","CDI","age_z + sex + antibiotics_3mo + group",TRUE,"Available",0.00882932275931902,0.00882932275931902,0.00882932275931902,0.0155396080564015,0.0154080338348901,TRUE,-0.356421283978126,-2.64037318141012,"bias-corrected log2 fold change",,
"cdi_schubert","Tetragenococcus","LinDA","LinDA","differential abundance","H","CDI","age_z + sex + antibiotics_3mo + group",TRUE,"Available",1.48345594495059e-07,1.48345594495059e-07,1.48345594495059e-07,5.93382377980237e-07,6.00125359548195e-07,TRUE,0.857192418004189,5.41671330810437,"bias-corrected log2 fold change",,
"cdi_schubert","Turicibacter","LinDA","LinDA","differential abundance","H","CDI","age_z + sex + antibiotics_3mo + group",TRUE,"Available",0.0183068216777208,0.0183068216777208,0.0183068216777208,0.0309807751469121,0.0307416439493802,TRUE,-0.603992182535305,-2.3757348786684,"bias-corrected log2 fold change",,
"cdi_schubert","Unclassified_Acidaminococcaceae","LinDA","LinDA","differential abundance","H","CDI","age_z + sex + antibiotics_3mo + group",TRUE,"Available",0.0290233067063029,0.0290233067063029,0.0290233067063029,0.0456080533956188,0.0453170929273852,TRUE,-0.545689211203291,-2.19647096930941,"bias-corrected log2 fold change",,
"cdi_schubert","Unclassified_Actinobacteria","LinDA","LinDA","differential abundance","H","CDI","age_z + sex + antibiotics_3mo + group",TRUE,"Available",0.00043840523999451,0.00043840523999451,0.00043840523999451,0.00104269354377073,0.00102679121998714,TRUE,-0.564864419140743,-3.56578856282742,"bias-corrected log2 fold change",,
"cdi_schubert","Unclassified_Clostridia","LinDA","LinDA","differential abundance","H","CDI","age_z + sex + antibiotics_3mo + group",TRUE,"Available",0.0196115859642059,0.0196115859642059,0.0196115859642059,0.0325626332990589,0.0323227990891542,TRUE,-0.652175206789132,-2.34960181022133,"bias-corrected log2 fold change",,
"cdi_schubert","Unclassified_Clostridiaceae_1","LinDA","LinDA","differential abundance","H","CDI","age_z + sex + antibiotics_3mo + group",TRUE,"Available",0.70487322063643,0.70487322063643,0.70487322063643,0.747335462843444,0.746829959960027,FALSE,0.0333109458734098,0.379205697177999,"bias-corrected log2 fold change",,
"cdi_schubert","Unclassified_Clostridiales","LinDA","LinDA","differential abundance","H","CDI","age_z + sex + antibiotics_3mo + group",TRUE,"Available",4.15852182824262e-23,4.15852182824262e-23,4.15852182824262e-23,1.21983306961783e-21,1.23369480904531e-21,TRUE,-3.98715938184042,-11.0260941427661,"bias-corrected log2 fold change",,
"cdi_schubert","Unclassified_Enterobacteriaceae","LinDA","LinDA","differential abundance","H","CDI","age_z + sex + antibiotics_3mo + group",TRUE,"Available",1.73550160977741e-05,1.73550160977741e-05,1.73550160977741e-05,5.45443363072901e-05,5.5164158310782e-05,TRUE,2.90303222492652,4.38588221770327,"bias-corrected log2 fold change",,
"cdi_schubert","Unclassified_Eubacteriaceae","LinDA","LinDA","differential abundance","H","CDI","age_z + sex + antibiotics_3mo + group",TRUE,"Available",0.211374110352133,0.211374110352133,0.211374110352133,0.281832147136177,0.280780534646863,FALSE,0.20317535684956,1.25316857249713,"bias-corrected log2 fold change",,
"cdi_schubert","Unclassified_Firmicutes","LinDA","LinDA","differential abundance","H","CDI","age_z + sex + antibiotics_3mo + group",TRUE,"Available",0.000127081309278164,0.000127081309278164,0.000127081309278164,0.000328916329896424,0.000323149615021616,TRUE,-1.23853966621893,-3.89611962067238,"bias-corrected log2 fold change",,
"cdi_schubert","Unclassified_Lachnospiraceae","LinDA","LinDA","differential abundance","H","CDI","age_z + sex + antibiotics_3mo + group",TRUE,"Available",1.97009535503533e-15,1.97009535503533e-15,1.97009535503533e-15,2.16710489053886e-14,2.1917310824768e-14,TRUE,-2.8805538686668,-8.50986888628603,"bias-corrected log2 fold change",,
"cdi_schubert","Unclassified_Pasteurellaceae","LinDA","LinDA","differential abundance","H","CDI","age_z + sex + antibiotics_3mo + group",TRUE,"Available",0.231466540472402,0.231466540472402,0.231466540472402,0.304015754650319,0.30294885444182,FALSE,0.105312426930055,1.19965422644751,"bias-corrected log2 fold change",,
"cdi_schubert","Unclassified_Prevotellaceae","LinDA","LinDA","differential abundance","H","CDI","age_z + sex + antibiotics_3mo + group",TRUE,"Available",0.0352532031986106,0.0352532031986106,0.0352532031986106,0.054425997920662,0.0540954324944198,FALSE,-0.291113019154395,-2.11752020179756,"bias-corrected log2 fold change",,
"cdi_schubert","Unclassified_Proteobacteria","LinDA","LinDA","differential abundance","H","CDI","age_z + sex + antibiotics_3mo + group",TRUE,"Available",0.566786859776937,0.566786859776937,0.566786859776937,0.631357514688233,0.630550381501842,FALSE,0.0917254099483856,0.57359004183226,"bias-corrected log2 fold change",,
"cdi_schubert","Unclassified_Ruminococcaceae","LinDA","LinDA","differential abundance","H","CDI","age_z + sex + antibiotics_3mo + group",TRUE,"Available",1.99115109180463e-08,1.99115109180463e-08,1.99115109180463e-08,1.03071350634592e-07,1.04242615982713e-07,TRUE,-1.99138948473653,-5.81016931502245,"bias-corrected log2 fold change",,
"cdi_schubert","Unclassified_Selenomonadales","LinDA","LinDA","differential abundance","H","CDI","age_z + sex + antibiotics_3mo + group",TRUE,"Available",0.000538125022098545,0.000538125022098545,0.000538125022098545,0.00121423081909415,0.00119732817416926,TRUE,-2.03223493514568,-3.5087942636376,"bias-corrected log2 fold change",,
"cdi_schubert","Unclassified_Sphingomonadaceae","LinDA","LinDA","differential abundance","H","CDI","age_z + sex + antibiotics_3mo + group",TRUE,"Available",0.432452964953705,0.432452964953705,0.432452964953705,0.521313163231864,0.520112349741619,FALSE,0.120466750587167,0.786335870187969,"bias-corrected log2 fold change",,
"cdi_schubert","Unclassified_Veillonellaceae","LinDA","LinDA","differential abundance","H","CDI","age_z + sex + antibiotics_3mo + group",TRUE,"Available",0.0706617081093578,0.0706617081093578,0.0706617081093578,0.098702068470214,0.0982639378395757,FALSE,-0.321388907528998,-1.81578487050311,"bias-corrected log2 fold change",,
"cdi_schubert","Veillonella","LinDA","LinDA","differential abundance","H","CDI","age_z + sex + antibiotics_3mo + group",TRUE,"Available",2.25583746352904e-08,2.25583746352904e-08,2.25583746352904e-08,1.10285387105864e-07,1.11538630141158e-07,TRUE,2.53362858015583,5.78627216139422,"bias-corrected log2 fold change",,
"cdi_schubert","Yersinia","LinDA","LinDA","differential abundance","H","CDI","age_z + sex + antibiotics_3mo + group",TRUE,"Available",1.15482802023348e-06,1.15482802023348e-06,1.15482802023348e-06,4.23436940752276e-06,4.28248724169915e-06,TRUE,1.14626987585865,4.992053740445,"bias-corrected log2 fold change",,
"cdi_schubert","Acidaminococcus","corncob","corncob","differential abundance","H","CDI","age_z + sex + antibiotics_3mo + group",TRUE,"Available",0.516588701276662,0.516588701276662,0.516588701276662,0.640278953695018,0.640278953695018,FALSE,-0.440520116552471,-0.64960280349858,"beta-binomial mean-model logit coefficient",,
"cdi_schubert","Actinomyces","corncob","corncob","differential abundance","H","CDI","age_z + sex + antibiotics_3mo + group",TRUE,"Available",0.00491201899058061,0.00491201899058061,0.00491201899058061,0.013098717308215,0.013098717308215,TRUE,1.81726340815079,2.83988285407865,"beta-binomial mean-model logit coefficient",,
"cdi_schubert","Akkermansia","corncob","corncob","differential abundance","H","CDI","age_z + sex + antibiotics_3mo + group",TRUE,"Available",4.12790866279401e-07,4.12790866279401e-07,4.12790866279401e-07,3.30232693023521e-06,3.30232693023521e-06,TRUE,2.2044841061784,5.21130591935406,"beta-binomial mean-model logit coefficient",,
"cdi_schubert","Alistipes","corncob","corncob","differential abundance","H","CDI","age_z + sex + antibiotics_3mo + group",TRUE,"Available",0.350074023446745,0.350074023446745,0.350074023446745,0.488992286719263,0.488992286719263,FALSE,-0.326343380926207,-0.936327553210372,"beta-binomial mean-model logit coefficient",,
"cdi_schubert","Anaerococcus","corncob","corncob","differential abundance","H","CDI","age_z + sex + antibiotics_3mo + group",TRUE,"Available",0.0216791589856606,0.0216791589856606,0.0216791589856606,0.0476941497684534,0.0476941497684534,TRUE,2.65494757621494,2.31149206994473,"beta-binomial mean-model logit coefficient",,
"cdi_schubert","Anaerofilum","corncob","corncob","differential abundance","H","CDI","age_z + sex + antibiotics_3mo + group",TRUE,"Available",0.593793318718646,0.593793318718646,0.593793318718646,0.696717493963211,0.696717493963211,FALSE,0.692775694210496,0.534082974100405,"beta-binomial mean-model logit coefficient",,
"cdi_schubert","Anaerostipes","corncob","corncob","differential abundance","H","CDI","age_z + sex + antibiotics_3mo + group",TRUE,"Available",0.0214508742842572,0.0214508742842572,0.0214508742842572,0.0476941497684534,0.0476941497684534,TRUE,-0.814614425004831,-2.31557575238423,"beta-binomial mean-model logit coefficient",,
"cdi_schubert","Anaerovorax","corncob","corncob","differential abundance","H","CDI","age_z + sex + antibiotics_3mo + group",TRUE,"Available",0.0434986117493366,0.0434986117493366,0.0434986117493366,0.08321473552047,0.08321473552047,FALSE,-1.27013049506375,-2.02994465659621,"beta-binomial mean-model logit coefficient",,
"cdi_schubert","Arthrobacter","corncob","corncob","differential abundance","H","CDI","age_z + sex + antibiotics_3mo + group",TRUE,"Available",0.7022764736642,0.7022764736642,0.7022764736642,0.786733998562453,0.786733998562453,FALSE,1.34331976755121,0.382719741934149,"beta-binomial mean-model logit coefficient",,
"cdi_schubert","Bacteroides","corncob","corncob","differential abundance","H","CDI","age_z + sex + antibiotics_3mo + group",TRUE,"Available",1.34235538070843e-05,1.34235538070843e-05,1.34235538070843e-05,6.94866314719658e-05,6.94866314719658e-05,TRUE,-0.914084162195889,-4.44804173484244,"beta-binomial mean-model logit coefficient",,
"cdi_schubert","Barnesiella","corncob","corncob","differential abundance","H","CDI","age_z + sex + antibiotics_3mo + group",TRUE,"Available",0.0847782625245994,0.0847782625245994,0.0847782625245994,0.14628406082676,0.14628406082676,FALSE,-1.40850890589493,-1.73098498442011,"beta-binomial mean-model logit coefficient",,
"cdi_schubert","Bifidobacterium","corncob","corncob","differential abundance","H","CDI","age_z + sex + antibiotics_3mo + group",TRUE,"Available",0.535707459162296,0.535707459162296,0.535707459162296,0.654753561198361,0.654753561198361,FALSE,-0.264806731521439,-0.620237682529203,"beta-binomial mean-model logit coefficient",,
"cdi_schubert","Bilophila","corncob","corncob","differential abundance","H","CDI","age_z + sex + antibiotics_3mo + group",TRUE,"Available",0.0356193062591041,0.0356193062591041,0.0356193062591041,0.0746309274000277,0.0746309274000277,FALSE,1.29951998692843,2.11352505939103,"beta-binomial mean-model logit coefficient",,
"cdi_schubert","Blautia","corncob","corncob","differential abundance","H","CDI","age_z + sex + antibiotics_3mo + group",TRUE,"Available",0.0372087875334811,0.0372087875334811,0.0372087875334811,0.0761482163475892,0.0761482163475892,FALSE,0.57816483736161,2.0954720036924,"beta-binomial mean-model logit coefficient",,
"cdi_schubert","Buttiauxella","corncob","corncob","differential abundance","H","CDI","age_z + sex + antibiotics_3mo + group",TRUE,"Available",0.00704784627455942,0.00704784627455942,0.00704784627455942,0.0177202992046065,0.0177202992046065,TRUE,4.68108660815059,2.71865738495551,"beta-binomial mean-model logit coefficient",,
"cdi_schubert","Butyricicoccus","corncob","corncob","differential abundance","H","CDI","age_z + sex + antibiotics_3mo + group",TRUE,"Available",0.905756078185232,0.905756078185232,0.905756078185232,0.949958265544457,0.949958265544457,FALSE,0.0405272396672693,0.118522129450431,"beta-binomial mean-model logit coefficient",,
"cdi_schubert","Butyricimonas","corncob","corncob","differential abundance","H","CDI","age_z + sex + antibiotics_3mo + group",TRUE,"Available",0.0381345117076367,0.0381345117076367,0.0381345117076367,0.0762690234152734,0.0762690234152734,FALSE,-1.17951413622661,-2.08526022186527,"beta-binomial mean-model logit coefficient",,
"cdi_schubert","Citrobacter","corncob","corncob","differential abundance","H","CDI","age_z + sex + antibiotics_3mo + group",TRUE,"Available",0.00771881280308432,0.00771881280308432,0.00771881280308432,0.0188682090742061,0.0188682090742061,TRUE,1.38829891083551,2.68746475162874,"beta-binomial mean-model logit coefficient",,
"cdi_schubert","Cloacibacillus","corncob","corncob","differential abundance","H","CDI","age_z + sex + antibiotics_3mo + group",TRUE,"Available",0.67391882531238,0.67391882531238,0.67391882531238,0.770192943214149,0.770192943214149,FALSE,1.84229508181553,0.421307665123666,"beta-binomial mean-model logit coefficient",,
"cdi_schubert","Clostridium_IV","corncob","corncob","differential abundance","H","CDI","age_z + sex + antibiotics_3mo + group",TRUE,"Available",2.18888931811398e-05,2.18888931811398e-05,2.18888931811398e-05,0.000101380136838963,0.000101380136838963,TRUE,-1.6651509175278,-4.33289046140206,"beta-binomial mean-model logit coefficient",,
"cdi_schubert","Clostridium_sensu_stricto","corncob","corncob","differential abundance","H","CDI","age_z + sex + antibiotics_3mo + group",TRUE,"Available",0.00387970024027948,0.00387970024027948,0.00387970024027948,0.0106691756607686,0.0106691756607686,TRUE,1.09541896607582,2.91698860216762,"beta-binomial mean-model logit coefficient",,
"cdi_schubert","Clostridium_XI","corncob","corncob","differential abundance","H","CDI","age_z + sex + antibiotics_3mo + group",TRUE,"Available",0.0016568982450937,0.0016568982450937,0.0016568982450937,0.0050278291575257,0.0050278291575257,TRUE,0.893739786563824,3.18287057457664,"beta-binomial mean-model logit coefficient",,
"cdi_schubert","Clostridium_XlVa","corncob","corncob","differential abundance","H","CDI","age_z + sex + antibiotics_3mo + group",TRUE,"Available",0.371162748980463,0.371162748980463,0.371162748980463,0.510348779848137,0.510348779848137,FALSE,0.328818672683415,0.89602770091925,"beta-binomial mean-model logit coefficient",,
"cdi_schubert","Clostridium_XlVb","corncob","corncob","differential abundance","H","CDI","age_z + sex + antibiotics_3mo + group",TRUE,"Available",6.17220250029304e-05,6.17220250029304e-05,6.17220250029304e-05,0.000258644676202756,0.000258644676202756,TRUE,1.37232194407142,4.08061702573515,"beta-binomial mean-model logit coefficient",,
"cdi_schubert","Clostridium_XVIII","corncob","corncob","differential abundance","H","CDI","age_z + sex + antibiotics_3mo + group",TRUE,"Available",0.000470971196342164,0.000470971196342164,0.000470971196342164,0.00148019518850394,0.00148019518850394,TRUE,1.25276932225117,3.54701320427427,"beta-binomial mean-model logit coefficient",,
"cdi_schubert","Coprobacillus","corncob","corncob","differential abundance","H","CDI","age_z + sex + antibiotics_3mo + group",TRUE,"Available",0.177715129798133,0.177715129798133,0.177715129798133,0.279266632539923,0.279266632539923,FALSE,1.00065224536426,1.35190947612449,"beta-binomial mean-model logit coefficient",,
"cdi_schubert","Coprococcus","corncob","corncob","differential abundance","H","CDI","age_z + sex + antibiotics_3mo + group",TRUE,"Available",0.6641374665543,0.6641374665543,0.6641374665543,0.769001277062874,0.769001277062874,FALSE,-0.157831234526551,-0.434762154537383,"beta-binomial mean-model logit coefficient",,
"cdi_schubert","Desulfovibrio","corncob","corncob","differential abundance","H","CDI","age_z + sex + antibiotics_3mo + group",TRUE,"Available",0.458491736285253,0.458491736285253,0.458491736285253,0.57728389227701,0.57728389227701,FALSE,-0.690316740038488,-0.742567161903452,"beta-binomial mean-model logit coefficient",,
"cdi_schubert","Dialister","corncob","corncob","differential abundance","H","CDI","age_z + sex + antibiotics_3mo + group",TRUE,"Available",0.86864871149459,0.86864871149459,0.86864871149459,0.943717118660789,0.943717118660789,FALSE,0.0666083350251165,0.165557553043602,"beta-binomial mean-model logit coefficient",,
"cdi_schubert","Dorea","corncob","corncob","differential abundance","H","CDI","age_z + sex + antibiotics_3mo + group",TRUE,"Available",0.427887373023531,0.427887373023531,0.427887373023531,0.564592558147286,0.564592558147286,FALSE,-0.421109291631133,-0.794199609387069,"beta-binomial mean-model logit coefficient",,
"cdi_schubert","Enterococcus","corncob","corncob","differential abundance","H","CDI","age_z + sex + antibiotics_3mo + group",TRUE,"Available",6.23003382979941e-20,6.23003382979941e-20,6.23003382979941e-20,2.74121488511174e-18,2.74121488511174e-18,TRUE,5.68758128168199,10.036650704442,"beta-binomial mean-model logit coefficient",,
"cdi_schubert","Erysipelotrichaceae_incertae_sedis","corncob","corncob","differential abundance","H","CDI","age_z + sex + antibiotics_3mo + group",TRUE,"Available",5.02197294195628e-07,5.02197294195628e-07,5.02197294195628e-07,3.39948937609348e-06,3.39948937609348e-06,TRUE,1.7155829786934,5.17057548876419,"beta-binomial mean-model logit coefficient",,
"cdi_schubert","Ethanoligenens","corncob","corncob","differential abundance","H","CDI","age_z + sex + antibiotics_3mo + group",TRUE,"Available",0.414139203246402,0.414139203246402,0.414139203246402,0.560680767472052,0.560680767472052,FALSE,-0.707372058643733,-0.818094268755643,"beta-binomial mean-model logit coefficient",,
"cdi_schubert","Eubacterium","corncob","corncob","differential abundance","H","CDI","age_z + sex + antibiotics_3mo + group",TRUE,"Available",0.141623138192901,0.141623138192901,0.141623138192901,0.235147852093873,0.235147852093873,FALSE,-1.08560389745294,-1.4747743274978,"beta-binomial mean-model logit coefficient",,
"cdi_schubert","Faecalibacterium","corncob","corncob","differential abundance","H","CDI","age_z + sex + antibiotics_3mo + group",TRUE,"Available",0.000118374089467563,0.000118374089467563,0.000118374089467563,0.000452909559701979,0.000452909559701979,TRUE,-1.50932435859068,-3.91580405114322,"beta-binomial mean-model logit coefficient",,
"cdi_schubert","Finegoldia","corncob","corncob","differential abundance","H","CDI","age_z + sex + antibiotics_3mo + group",TRUE,"Available",0.066642603084665,0.066642603084665,0.066642603084665,0.122178105655219,0.122178105655219,FALSE,1.47665168877762,1.84270435784232,"beta-binomial mean-model logit coefficient",,
"cdi_schubert","Flavonifractor","corncob","corncob","differential abundance","H","CDI","age_z + sex + antibiotics_3mo + group",TRUE,"Available",0.987032632708828,0.987032632708828,0.987032632708828,0.987032632708828,0.987032632708828,FALSE,0.00614634148187471,0.0162703529329555,"beta-binomial mean-model logit coefficient",,
"cdi_schubert","Fusobacterium","corncob","corncob","differential abundance","H","CDI","age_z + sex + antibiotics_3mo + group",TRUE,"Available",0.0475306203427197,0.0475306203427197,0.0475306203427197,0.0889935019182837,0.0889935019182837,FALSE,2.41949482862556,1.99207001992824,"beta-binomial mean-model logit coefficient",,
"cdi_schubert","Gemella","corncob","corncob","differential abundance","H","CDI","age_z + sex + antibiotics_3mo + group",TRUE,"Available",1.55241635698523e-05,1.55241635698523e-05,1.55241635698523e-05,7.58959107859444e-05,7.58959107859444e-05,TRUE,3.64602670492901,4.41404316560573,"beta-binomial mean-model logit coefficient",,
"cdi_schubert","Gemmiger","corncob","corncob","differential abundance","H","CDI","age_z + sex + antibiotics_3mo + group",TRUE,"Available",0.557286657790082,0.557286657790082,0.557286657790082,0.671797614870236,0.671797614870236,FALSE,0.446327507402829,0.587724096407506,"beta-binomial mean-model logit coefficient",,
"cdi_schubert","Haemophilus","corncob","corncob","differential abundance","H","CDI","age_z + sex + antibiotics_3mo + group",TRUE,"Available",0.709328947257831,0.709328947257831,0.709328947257831,0.786733998562453,0.786733998562453,FALSE,0.767837811348856,0.373213392781068,"beta-binomial mean-model logit coefficient",,
"cdi_schubert","Hespellia","corncob","corncob","differential abundance","H","CDI","age_z + sex + antibiotics_3mo + group",TRUE,"Available",0.0215390920925732,0.0215390920925732,0.0215390920925732,0.0476941497684534,0.0476941497684534,TRUE,2.37622350148024,2.31399316983991,"beta-binomial mean-model logit coefficient",,
"cdi_schubert","Howardella","corncob","corncob","differential abundance","H","CDI","age_z + sex + antibiotics_3mo + group",TRUE,"Available",0.58466557617539,0.58466557617539,0.58466557617539,0.695277982478842,0.695277982478842,FALSE,0.499342344423717,0.547345057480412,"beta-binomial mean-model logit coefficient",,
"cdi_schubert","Kluyvera","corncob","corncob","differential abundance","H","CDI","age_z + sex + antibiotics_3mo + group",TRUE,"Available",2.76336636586761e-05,2.76336636586761e-05,2.76336636586761e-05,0.000121588120098175,0.000121588120098175,TRUE,3.78647745803905,4.27717526810617,"beta-binomial mean-model logit coefficient",,
"cdi_schubert","Lachnospiracea_incertae_sedis","corncob","corncob","differential abundance","H","CDI","age_z + sex + antibiotics_3mo + group",TRUE,"Available",3.49771441360657e-08,3.49771441360657e-08,3.49771441360657e-08,3.84748585496723e-07,3.84748585496723e-07,TRUE,-2.6410122491688,-5.70587572049978,"beta-binomial mean-model logit coefficient",,
"cdi_schubert","Lactobacillus","corncob","corncob","differential abundance","H","CDI","age_z + sex + antibiotics_3mo + group",TRUE,"Available",3.09475235593214e-07,3.09475235593214e-07,3.09475235593214e-07,2.72338207322028e-06,2.72338207322028e-06,TRUE,2.76854588865865,5.27073487782311,"beta-binomial mean-model logit coefficient",,
"cdi_schubert","Lactococcus","corncob","corncob","differential abundance","H","CDI","age_z + sex + antibiotics_3mo + group",TRUE,"Available",0.950471487464305,0.950471487464305,0.950471487464305,0.961396447090332,0.961396447090332,FALSE,0.101095121877791,0.0621816441753975,"beta-binomial mean-model logit coefficient",,
"cdi_schubert","Lactonifactor","corncob","corncob","differential abundance","H","CDI","age_z + sex + antibiotics_3mo + group",TRUE,"Available",1.22626164729431e-11,1.22626164729431e-11,1.22626164729431e-11,2.15822049923798e-10,2.15822049923798e-10,TRUE,4.15288190232452,7.13347688828323,"beta-binomial mean-model logit coefficient",,
"cdi_schubert","Megasphaera","corncob","corncob","differential abundance","H","CDI","age_z + sex + antibiotics_3mo + group",TRUE,"Available",0.715212725965866,0.715212725965866,0.715212725965866,0.786733998562453,0.786733998562453,FALSE,-0.2947942127711,-0.365308237540429,"beta-binomial mean-model logit coefficient",,
"cdi_schubert","Methanobrevibacter","corncob","corncob","differential abundance","H","CDI","age_z + sex + antibiotics_3mo + group",TRUE,"Available",0.000318444124240586,0.000318444124240586,0.000318444124240586,0.00107781088204506,0.00107781088204506,TRUE,-3.25049730035059,-3.65446207490404,"beta-binomial mean-model logit coefficient",,
"cdi_schubert","Odoribacter","corncob","corncob","differential abundance","H","CDI","age_z + sex + antibiotics_3mo + group",TRUE,"Available",0.0396433585935232,0.0396433585935232,0.0396433585935232,0.0775247901384453,0.0775247901384453,FALSE,-0.841174020353748,-2.06906175240189,"beta-binomial mean-model logit coefficient",,
"cdi_schubert","Oscillibacter","corncob","corncob","differential abundance","H","CDI","age_z + sex + antibiotics_3mo + group",TRUE,"Available",0.168082141702183,0.168082141702183,0.168082141702183,0.273689450552336,0.273689450552336,FALSE,-0.56546591928704,-1.38269506349576,"beta-binomial mean-model logit coefficient",,
"cdi_schubert","Pandoraea","corncob","corncob","differential abundance","H","CDI","age_z + sex + antibiotics_3mo + group",TRUE,"Available",0.126688791041592,0.126688791041592,0.126688791041592,0.214396415608848,0.214396415608848,FALSE,1.22744346051698,1.5327715770983,"beta-binomial mean-model logit coefficient",,
"cdi_schubert","Parabacteroides","corncob","corncob","differential abundance","H","CDI","age_z + sex + antibiotics_3mo + group",TRUE,"Available",0.940544732804641,0.940544732804641,0.940544732804641,0.961396447090332,0.961396447090332,FALSE,0.0196565213420099,0.0746657378523784,"beta-binomial mean-model logit coefficient",,
"cdi_schubert","Paraprevotella","corncob","corncob","differential abundance","H","CDI","age_z + sex + antibiotics_3mo + group",TRUE,"Available",0.320164969843901,0.320164969843901,0.320164969843901,0.45442769913328,0.45442769913328,FALSE,-0.691799481556939,-0.996244248971698,"beta-binomial mean-model logit coefficient",,
"cdi_schubert","Parasutterella","corncob","corncob","differential abundance","H","CDI","age_z + sex + antibiotics_3mo + group",TRUE,"Available",0.00844505970252519,0.00844505970252519,0.00844505970252519,0.0200855474006005,0.0200855474006005,TRUE,-1.62207068382484,-2.65634635901447,"beta-binomial mean-model logit coefficient",,
"cdi_schubert","Prevotella","corncob","corncob","differential abundance","H","CDI","age_z + sex + antibiotics_3mo + group",TRUE,"Available",3.40507318748054e-17,3.40507318748054e-17,3.40507318748054e-17,9.98821468327625e-16,9.98821468327625e-16,TRUE,-4.4969058259064,-9.12884024447165,"beta-binomial mean-model logit coefficient",,
"cdi_schubert","Proteus","corncob","corncob","differential abundance","H","CDI","age_z + sex + antibiotics_3mo + group",TRUE,"Available",3.07661440185047e-12,3.07661440185047e-12,3.07661440185047e-12,6.76855168407103e-11,6.76855168407103e-11,TRUE,6.98711258508273,7.36308025681939,"beta-binomial mean-model logit coefficient",,
"cdi_schubert","Raoultella","corncob","corncob","differential abundance","H","CDI","age_z + sex + antibiotics_3mo + group",TRUE,"Available",0.000115557964668767,0.000115557964668767,0.000115557964668767,0.000452909559701979,0.000452909559701979,TRUE,3.14715853109761,3.92199307697821,"beta-binomial mean-model logit coefficient",,
"cdi_schubert","Roseburia","corncob","corncob","differential abundance","H","CDI","age_z + sex + antibiotics_3mo + group",TRUE,"Available",0.00553277317478374,0.00553277317478374,0.00553277317478374,0.0143201188053226,0.0143201188053226,TRUE,-1.11281814720691,-2.80037124760882,"beta-binomial mean-model logit coefficient",,
"cdi_schubert","Ruminococcus","corncob","corncob","differential abundance","H","CDI","age_z + sex + antibiotics_3mo + group",TRUE,"Available",4.59367235083424e-09,4.59367235083424e-09,4.59367235083424e-09,6.73738611455688e-08,6.73738611455688e-08,TRUE,-3.32371395438095,-6.09103636056902,"beta-binomial mean-model logit coefficient",,
"cdi_schubert","Ruminococcus2","corncob","corncob","differential abundance","H","CDI","age_z + sex + antibiotics_3mo + group",TRUE,"Available",0.0834302925236547,0.0834302925236547,0.0834302925236547,0.14628406082676,0.14628406082676,FALSE,0.445126702790752,1.73857605733384,"beta-binomial mean-model logit coefficient",,
"cdi_schubert","Sarcina","corncob","corncob","differential abundance","H","CDI","age_z + sex + antibiotics_3mo + group",TRUE,"Available",0.00172283480433014,0.00172283480433014,0.00172283480433014,0.00505364875936841,0.00505364875936841,TRUE,1.84174284751785,3.17105688166938,"beta-binomial mean-model logit coefficient",,
"cdi_schubert","Serratia","corncob","corncob","differential abundance","H","CDI","age_z + sex + antibiotics_3mo + group",TRUE,"Available",0.000313271983405523,0.000313271983405523,0.000313271983405523,0.00107781088204506,0.00107781088204506,TRUE,1.71132444725258,3.65890428956742,"beta-binomial mean-model logit coefficient",,
"cdi_schubert","Sporobacter","corncob","corncob","differential abundance","H","CDI","age_z + sex + antibiotics_3mo + group",TRUE,"Available",0.228136037886104,0.228136037886104,0.228136037886104,0.34613743679271,0.34613743679271,FALSE,1.57050510737127,1.20835404880428,"beta-binomial mean-model logit coefficient",,
"cdi_schubert","Streptococcus","corncob","corncob","differential abundance","H","CDI","age_z + sex + antibiotics_3mo + group",TRUE,"Available",0.000123781743952685,0.000123781743952685,0.000123781743952685,0.000453866394493177,0.000453866394493177,TRUE,1.5912770221184,3.90430168811974,"beta-binomial mean-model logit coefficient",,
"cdi_schubert","Sutterella","corncob","corncob","differential abundance","H","CDI","age_z + sex + antibiotics_3mo + group",TRUE,"Available",4.89999155105454e-07,4.89999155105454e-07,4.89999155105454e-07,3.39948937609348e-06,3.39948937609348e-06,TRUE,-2.62426589675677,-5.17569684170552,"beta-binomial mean-model logit coefficient",,
"cdi_schubert","Syntrophococcus","corncob","corncob","differential abundance","H","CDI","age_z + sex + antibiotics_3mo + group",TRUE,"Available",0.304775372930492,0.304775372930492,0.304775372930492,0.447003880298055,0.447003880298055,FALSE,-1.206168828731,-1.02851238712128,"beta-binomial mean-model logit coefficient",,
"cdi_schubert","Tetragenococcus","corncob","corncob","differential abundance","H","CDI","age_z + sex + antibiotics_3mo + group",TRUE,"Available",1.65354814140909e-06,1.65354814140909e-06,1.65354814140909e-06,1.03937311745714e-05,1.03937311745714e-05,TRUE,4.08618308238863,4.91772353491166,"beta-binomial mean-model logit coefficient",,
"cdi_schubert","Turicibacter","corncob","corncob","differential abundance","H","CDI","age_z + sex + antibiotics_3mo + group",TRUE,"Available",0.429860243134865,0.429860243134865,0.429860243134865,0.564592558147286,0.564592558147286,FALSE,-0.376506665618846,-0.790807986654105,"beta-binomial mean-model logit coefficient",,
"cdi_schubert","Unclassified_Acidaminococcaceae","corncob","corncob","differential abundance","H","CDI","age_z + sex + antibiotics_3mo + group",TRUE,"Available",0.25516166872939,0.25516166872939,0.25516166872939,0.380580116070955,0.380580116070955,FALSE,-1.04053887501335,-1.14071019089082,"beta-binomial mean-model logit coefficient",,
"cdi_schubert","Unclassified_Actinobacteria","corncob","corncob","differential abundance","H","CDI","age_z + sex + antibiotics_3mo + group",TRUE,"Available",0.437185307498509,0.437185307498509,0.437185307498509,0.565769221468659,0.565769221468659,FALSE,-1.07424466399918,-0.778294059426955,"beta-binomial mean-model logit coefficient",,
"cdi_schubert","Unclassified_Clostridia","corncob","corncob","differential abundance","H","CDI","age_z + sex + antibiotics_3mo + group",TRUE,"Available",0.216497586182754,0.216497586182754,0.216497586182754,0.334241887440042,0.334241887440042,FALSE,-0.912784116990351,-1.23925586753224,"beta-binomial mean-model logit coefficient",,
"cdi_schubert","Unclassified_Clostridiaceae_1","corncob","corncob","differential abundance","H","CDI","age_z + sex + antibiotics_3mo + group",TRUE,"Available",0.315681187046709,0.315681187046709,0.315681187046709,0.45442769913328,0.45442769913328,FALSE,-0.976478690219847,-1.00553755223698,"beta-binomial mean-model logit coefficient",,
"cdi_schubert","Unclassified_Clostridiales","corncob","corncob","differential abundance","H","CDI","age_z + sex + antibiotics_3mo + group",TRUE,"Available",1.85591672557103e-07,1.85591672557103e-07,1.85591672557103e-07,1.81467413166945e-06,1.81467413166945e-06,TRUE,-2.35308576370054,-5.3750463909577,"beta-binomial mean-model logit coefficient",,
"cdi_schubert","Unclassified_Enterobacteriaceae","corncob","corncob","differential abundance","H","CDI","age_z + sex + antibiotics_3mo + group",TRUE,"Available",8.22477272479222e-09,8.22477272479222e-09,8.22477272479222e-09,1.03397142825959e-07,1.03397142825959e-07,TRUE,1.57627396793646,5.9822736281428,"beta-binomial mean-model logit coefficient",,
"cdi_schubert","Unclassified_Eubacteriaceae","corncob","corncob","differential abundance","H","CDI","age_z + sex + antibiotics_3mo + group",TRUE,"Available",0.900636479241451,0.900636479241451,0.900636479241451,0.949958265544457,0.949958265544457,FALSE,-0.108142802574135,-0.124993488884341,"beta-binomial mean-model logit coefficient",,
"cdi_schubert","Unclassified_Firmicutes","corncob","corncob","differential abundance","H","CDI","age_z + sex + antibiotics_3mo + group",TRUE,"Available",2.8971771735468e-06,2.8971771735468e-06,2.8971771735468e-06,1.59344744545074e-05,1.59344744545074e-05,TRUE,-5.21894016947311,-4.79534275928159,"beta-binomial mean-model logit coefficient",,
"cdi_schubert","Unclassified_Lachnospiraceae","corncob","corncob","differential abundance","H","CDI","age_z + sex + antibiotics_3mo + group",TRUE,"Available",0.17105590659521,0.17105590659521,0.17105590659521,0.273689450552336,0.273689450552336,FALSE,-0.403144907971855,-1.37305267489157,"beta-binomial mean-model logit coefficient",,
"cdi_schubert","Unclassified_Pasteurellaceae","corncob","corncob","differential abundance","H","CDI","age_z + sex + antibiotics_3mo + group",TRUE,"Available",0.0710078764132102,0.0710078764132102,0.0710078764132102,0.127524349476786,0.127524349476786,FALSE,1.45478522161141,1.81371615506347,"beta-binomial mean-model logit coefficient",,
"cdi_schubert","Unclassified_Prevotellaceae","corncob","corncob","differential abundance","H","CDI","age_z + sex + antibiotics_3mo + group",TRUE,"Available",0.000392034716583722,0.000392034716583722,0.000392034716583722,0.00127774277997658,0.00127774277997658,TRUE,-4.07895210107806,-3.59769188454233,"beta-binomial mean-model logit coefficient",,
"cdi_schubert","Unclassified_Proteobacteria","corncob","corncob","differential abundance","H","CDI","age_z + sex + antibiotics_3mo + group",TRUE,"Available",0.908587623184967,0.908587623184967,0.908587623184967,0.949958265544457,0.949958265544457,FALSE,-0.0597791135563546,-0.114945110534158,"beta-binomial mean-model logit coefficient",,
"cdi_schubert","Unclassified_Ruminococcaceae","corncob","corncob","differential abundance","H","CDI","age_z + sex + antibiotics_3mo + group",TRUE,"Available",0.917573324673623,0.917573324673623,0.917573324673623,0.949958265544457,0.949958265544457,FALSE,-0.0303435944815587,-0.103603252727542,"beta-binomial mean-model logit coefficient",,
"cdi_schubert","Unclassified_Selenomonadales","corncob","corncob","differential abundance","H","CDI","age_z + sex + antibiotics_3mo + group",TRUE,"Available",0.0019637343410404,0.0019637343410404,0.0019637343410404,0.00557447167779212,0.00557447167779212,TRUE,-1.36780989933122,-3.13118361228119,"beta-binomial mean-model logit coefficient",,
"cdi_schubert","Unclassified_Sphingomonadaceae","corncob","corncob","differential abundance","H","CDI","age_z + sex + antibiotics_3mo + group",TRUE,"Available",0.459203096129439,0.459203096129439,0.459203096129439,0.57728389227701,0.57728389227701,FALSE,0.405276942637837,0.74139082040222,"beta-binomial mean-model logit coefficient",,
"cdi_schubert","Unclassified_Veillonellaceae","corncob","corncob","differential abundance","H","CDI","age_z + sex + antibiotics_3mo + group",TRUE,"Available",0.0334892914663368,0.0334892914663368,0.0334892914663368,0.0718794548545766,0.0718794548545766,FALSE,-0.623552815664551,-2.13883461780768,"beta-binomial mean-model logit coefficient",,
"cdi_schubert","Veillonella","corncob","corncob","differential abundance","H","CDI","age_z + sex + antibiotics_3mo + group",TRUE,"Available",3.51589781111414e-25,3.51589781111414e-25,3.51589781111414e-25,3.09399007378045e-23,3.09399007378045e-23,TRUE,4.47903062187476,11.7003186647911,"beta-binomial mean-model logit coefficient",,
"cdi_schubert","Yersinia","corncob","corncob","differential abundance","H","CDI","age_z + sex + antibiotics_3mo + group",TRUE,"Available",2.78752909007509e-06,2.78752909007509e-06,2.78752909007509e-06,1.59344744545074e-05,1.59344744545074e-05,TRUE,4.59203747416937,4.80383638109677,"beta-binomial mean-model logit coefficient",,
"cdi_schubert","Acidaminococcus","edgeR","edgeR","differential abundance","H","CDI","age_z + sex + antibiotics_3mo + group",FALSE,"Taxon was excluded by the edgeR expression filter",,,1,1,,FALSE,,,"TMM-normalized log2 fold change",,
"cdi_schubert","Actinomyces","edgeR","edgeR","differential abundance","H","CDI","age_z + sex + antibiotics_3mo + group",FALSE,"Taxon was excluded by the edgeR expression filter",,,1,1,,FALSE,,,"TMM-normalized log2 fold change",,
"cdi_schubert","Akkermansia","edgeR","edgeR","differential abundance","H","CDI","age_z + sex + antibiotics_3mo + group",TRUE,"Available",4.62152945977052e-09,4.62152945977052e-09,4.62152945977052e-09,4.06694592459806e-08,2.12590355149444e-08,TRUE,4.06879804928806,35.3629209485168,"TMM-normalized log2 fold change",,
"cdi_schubert","Alistipes","edgeR","edgeR","differential abundance","H","CDI","age_z + sex + antibiotics_3mo + group",TRUE,"Available",0.0694408277794399,0.0694408277794399,0.0694408277794399,0.185175540745173,0.0967963053895222,FALSE,-0.932844076302531,3.31045663931812,"TMM-normalized log2 fold change",,
"cdi_schubert","Anaerococcus","edgeR","edgeR","differential abundance","H","CDI","age_z + sex + antibiotics_3mo + group",FALSE,"Taxon was excluded by the edgeR expression filter",,,1,1,,FALSE,,,"TMM-normalized log2 fold change",,
"cdi_schubert","Anaerofilum","edgeR","edgeR","differential abundance","H","CDI","age_z + sex + antibiotics_3mo + group",FALSE,"Taxon was excluded by the edgeR expression filter",,,1,1,,FALSE,,,"TMM-normalized log2 fold change",,
"cdi_schubert","Anaerostipes","edgeR","edgeR","differential abundance","H","CDI","age_z + sex + antibiotics_3mo + group",TRUE,"Available",1,1,1,1,1,FALSE,-1.51124096099482,-99.2797388734117,"TMM-normalized log2 fold change",,
"cdi_schubert","Anaerovorax","edgeR","edgeR","differential abundance","H","CDI","age_z + sex + antibiotics_3mo + group",FALSE,"Taxon was excluded by the edgeR expression filter",,,1,1,,FALSE,,,"TMM-normalized log2 fold change",,
"cdi_schubert","Arthrobacter","edgeR","edgeR","differential abundance","H","CDI","age_z + sex + antibiotics_3mo + group",FALSE,"Taxon was excluded by the edgeR expression filter",,,1,1,,FALSE,,,"TMM-normalized log2 fold change",,
"cdi_schubert","Bacteroides","edgeR","edgeR","differential abundance","H","CDI","age_z + sex + antibiotics_3mo + group",TRUE,"Available",0.0666339980493313,0.0666339980493313,0.0666339980493313,0.183243494635661,0.0957863721959138,FALSE,-0.649631430129875,3.38735990434811,"TMM-normalized log2 fold change",,
"cdi_schubert","Barnesiella","edgeR","edgeR","differential abundance","H","CDI","age_z + sex + antibiotics_3mo + group",TRUE,"Available",0.000378571484588293,0.000378571484588293,0.000378571484588293,0.00158639479256047,0.000829251823383881,TRUE,-3.98389216729501,12.7756865519155,"TMM-normalized log2 fold change",,
"cdi_schubert","Bifidobacterium","edgeR","edgeR","differential abundance","H","CDI","age_z + sex + antibiotics_3mo + group",TRUE,"Available",0.209504691341936,0.209504691341936,0.209504691341936,0.542247436414424,0.275349022906545,FALSE,1.10396302937538,1.57729669072101,"TMM-normalized log2 fold change",,
"cdi_schubert","Bilophila","edgeR","edgeR","differential abundance","H","CDI","age_z + sex + antibiotics_3mo + group",FALSE,"Taxon was excluded by the edgeR expression filter",,,1,1,,FALSE,,,"TMM-normalized log2 fold change",,
"cdi_schubert","Blautia","edgeR","edgeR","differential abundance","H","CDI","age_z + sex + antibiotics_3mo + group",TRUE,"Available",7.72899938509557e-05,7.72899938509557e-05,7.72899938509557e-05,0.000377862192160228,0.000197518873174665,TRUE,1.38694148871709,15.8900323166728,"TMM-normalized log2 fold change",,
"cdi_schubert","Buttiauxella","edgeR","edgeR","differential abundance","H","CDI","age_z + sex + antibiotics_3mo + group",FALSE,"Taxon was excluded by the edgeR expression filter",,,1,1,,FALSE,,,"TMM-normalized log2 fold change",,
"cdi_schubert","Butyricicoccus","edgeR","edgeR","differential abundance","H","CDI","age_z + sex + antibiotics_3mo + group",TRUE,"Available",0.851557861132985,0.851557861132985,0.851557861132985,1,0.893710948862605,FALSE,-0.0765012075701482,0.0350397704373633,"TMM-normalized log2 fold change",,
"cdi_schubert","Butyricimonas","edgeR","edgeR","differential abundance","H","CDI","age_z + sex + antibiotics_3mo + group",TRUE,"Available",0.0129047628278073,0.0129047628278073,0.0129047628278073,0.0405578260302514,0.0212006817885405,TRUE,-1.97244995026384,6.21468514704045,"TMM-normalized log2 fold change",,
"cdi_schubert","Citrobacter","edgeR","edgeR","differential abundance","H","CDI","age_z + sex + antibiotics_3mo + group",FALSE,"Taxon was excluded by the edgeR expression filter",,,1,1,,FALSE,,,"TMM-normalized log2 fold change",,
"cdi_schubert","Cloacibacillus","edgeR","edgeR","differential abundance","H","CDI","age_z + sex + antibiotics_3mo + group",FALSE,"Taxon was excluded by the edgeR expression filter",,,1,1,,FALSE,,,"TMM-normalized log2 fold change",,
"cdi_schubert","Clostridium_IV","edgeR","edgeR","differential abundance","H","CDI","age_z + sex + antibiotics_3mo + group",TRUE,"Available",8.89525607207623e-07,8.89525607207623e-07,8.89525607207623e-07,6.02140411032853e-06,3.14755214858082e-06,TRUE,-2.18737834735844,24.6095657851493,"TMM-normalized log2 fold change",,
"cdi_schubert","Clostridium_sensu_stricto","edgeR","edgeR","differential abundance","H","CDI","age_z + sex + antibiotics_3mo + group",TRUE,"Available",0.00137369598228602,0.00137369598228602,0.00137369598228602,0.0051043083738162,0.00266816119540392,TRUE,1.71526917270171,10.3319383798847,"TMM-normalized log2 fold change",,
"cdi_schubert","Clostridium_XI","edgeR","edgeR","differential abundance","H","CDI","age_z + sex + antibiotics_3mo + group",TRUE,"Available",8.91678299243029e-05,8.91678299243029e-05,8.91678299243029e-05,0.000412987843859929,0.000215880009290418,TRUE,2.58723147311291,15.5654936641335,"TMM-normalized log2 fold change",,
"cdi_schubert","Clostridium_XlVa","edgeR","edgeR","differential abundance","H","CDI","age_z + sex + antibiotics_3mo + group",TRUE,"Available",0.0376404054652246,0.0376404054652246,0.0376404054652246,0.110411856031325,0.057715288380011,FALSE,0.683850960929396,4.34164411738144,"TMM-normalized log2 fold change",,
"cdi_schubert","Clostridium_XlVb","edgeR","edgeR","differential abundance","H","CDI","age_z + sex + antibiotics_3mo + group",TRUE,"Available",0.00139208410194987,0.00139208410194987,0.00139208410194987,0.0051043083738162,0.00266816119540392,TRUE,1.73576822104132,10.2851566392163,"TMM-normalized log2 fold change",,
"cdi_schubert","Clostridium_XVIII","edgeR","edgeR","differential abundance","H","CDI","age_z + sex + antibiotics_3mo + group",TRUE,"Available",0.000117858494679547,0.000117858494679547,0.000117858494679547,0.000518577376590006,0.000271074537762958,TRUE,2.35653899941346,15.0317918553529,"TMM-normalized log2 fold change",,
"cdi_schubert","Coprobacillus","edgeR","edgeR","differential abundance","H","CDI","age_z + sex + antibiotics_3mo + group",FALSE,"Taxon was excluded by the edgeR expression filter",,,1,1,,FALSE,,,"TMM-normalized log2 fold change",,
"cdi_schubert","Coprococcus","edgeR","edgeR","differential abundance","H","CDI","age_z + sex + antibiotics_3mo + group",TRUE,"Available",0.807403005320232,0.807403005320232,0.807403005320232,1,0.884298529636445,FALSE,-0.107695692699115,0.0594776857915717,"TMM-normalized log2 fold change",,
"cdi_schubert","Desulfovibrio","edgeR","edgeR","differential abundance","H","CDI","age_z + sex + antibiotics_3mo + group",FALSE,"Taxon was excluded by the edgeR expression filter",,,1,1,,FALSE,,,"TMM-normalized log2 fold change",,
"cdi_schubert","Dialister","edgeR","edgeR","differential abundance","H","CDI","age_z + sex + antibiotics_3mo + group",TRUE,"Available",0.610082523919348,0.610082523919348,0.610082523919348,1,0.738520950007632,FALSE,0.35280185790313,0.260339992683553,"TMM-normalized log2 fold change",,
"cdi_schubert","Dorea","edgeR","edgeR","differential abundance","H","CDI","age_z + sex + antibiotics_3mo + group",TRUE,"Available",0.337872607317926,0.337872607317926,0.337872607317926,0.849508269827928,0.431726109350683,FALSE,-0.6909640396268,0.91982838421589,"TMM-normalized log2 fold change",,
"cdi_schubert","Enterococcus","edgeR","edgeR","differential abundance","H","CDI","age_z + sex + antibiotics_3mo + group",TRUE,"Available",4.63529134850772e-31,4.63529134850772e-31,4.63529134850772e-31,2.0395281933434e-29,1.06611701015678e-29,TRUE,8.98311129940685,149.205502583051,"TMM-normalized log2 fold change",,
"cdi_schubert","Erysipelotrichaceae_incertae_sedis","edgeR","edgeR","differential abundance","H","CDI","age_z + sex + antibiotics_3mo + group",TRUE,"Available",7.37859097334534e-07,7.37859097334534e-07,7.37859097334534e-07,5.41096671378658e-06,2.82845987311571e-06,TRUE,2.50614788999632,25.0441941545316,"TMM-normalized log2 fold change",,
"cdi_schubert","Ethanoligenens","edgeR","edgeR","differential abundance","H","CDI","age_z + sex + antibiotics_3mo + group",FALSE,"Taxon was excluded by the edgeR expression filter",,,1,1,,FALSE,,,"TMM-normalized log2 fold change",,
"cdi_schubert","Eubacterium","edgeR","edgeR","differential abundance","H","CDI","age_z + sex + antibiotics_3mo + group",FALSE,"Taxon was excluded by the edgeR expression filter",,,1,1,,FALSE,,,"TMM-normalized log2 fold change",,
"cdi_schubert","Faecalibacterium","edgeR","edgeR","differential abundance","H","CDI","age_z + sex + antibiotics_3mo + group",TRUE,"Available",2.45742214946732e-05,2.45742214946732e-05,2.45742214946732e-05,0.000127207734795956,6.64949522797041e-05,TRUE,-2.02353730622876,18.1085999511677,"TMM-normalized log2 fold change",,
"cdi_schubert","Finegoldia","edgeR","edgeR","differential abundance","H","CDI","age_z + sex + antibiotics_3mo + group",FALSE,"Taxon was excluded by the edgeR expression filter",,,1,1,,FALSE,,,"TMM-normalized log2 fold change",,
"cdi_schubert","Flavonifractor","edgeR","edgeR","differential abundance","H","CDI","age_z + sex + antibiotics_3mo + group",FALSE,"Taxon was excluded by the edgeR expression filter",,,1,1,,FALSE,,,"TMM-normalized log2 fold change",,
"cdi_schubert","Fusobacterium","edgeR","edgeR","differential abundance","H","CDI","age_z + sex + antibiotics_3mo + group",FALSE,"Taxon was excluded by the edgeR expression filter",,,1,1,,FALSE,,,"TMM-normalized log2 fold change",,
"cdi_schubert","Gemella","edgeR","edgeR","differential abundance","H","CDI","age_z + sex + antibiotics_3mo + group",FALSE,"Taxon was excluded by the edgeR expression filter",,,1,1,,FALSE,,,"TMM-normalized log2 fold change",,
"cdi_schubert","Gemmiger","edgeR","edgeR","differential abundance","H","CDI","age_z + sex + antibiotics_3mo + group",TRUE,"Available",0.970792940918533,0.970792940918533,0.970792940918533,1,0.992366117383389,FALSE,-0.0235883372176066,0.00134158456405211,"TMM-normalized log2 fold change",,
"cdi_schubert","Haemophilus","edgeR","edgeR","differential abundance","H","CDI","age_z + sex + antibiotics_3mo + group",FALSE,"Taxon was excluded by the edgeR expression filter",,,1,1,,FALSE,,,"TMM-normalized log2 fold change",,
"cdi_schubert","Hespellia","edgeR","edgeR","differential abundance","H","CDI","age_z + sex + antibiotics_3mo + group",FALSE,"Taxon was excluded by the edgeR expression filter",,,1,1,,FALSE,,,"TMM-normalized log2 fold change",,
"cdi_schubert","Howardella","edgeR","edgeR","differential abundance","H","CDI","age_z + sex + antibiotics_3mo + group",FALSE,"Taxon was excluded by the edgeR expression filter",,,1,1,,FALSE,,,"TMM-normalized log2 fold change",,
"cdi_schubert","Kluyvera","edgeR","edgeR","differential abundance","H","CDI","age_z + sex + antibiotics_3mo + group",FALSE,"Taxon was excluded by the edgeR expression filter",,,1,1,,FALSE,,,"TMM-normalized log2 fold change",,
"cdi_schubert","Lachnospiracea_incertae_sedis","edgeR","edgeR","differential abundance","H","CDI","age_z + sex + antibiotics_3mo + group",TRUE,"Available",5.62440466178278e-15,5.62440466178278e-15,5.62440466178278e-15,1.23736902559221e-13,6.4680653610502e-14,TRUE,-3.49127075245425,64.2442930508394,"TMM-normalized log2 fold change",,
"cdi_schubert","Lactobacillus","edgeR","edgeR","differential abundance","H","CDI","age_z + sex + antibiotics_3mo + group",TRUE,"Available",1.07206692558219e-13,1.07206692558219e-13,1.07206692558219e-13,1.57236482418722e-12,8.21917976279682e-13,TRUE,5.90621279031874,57.3579675085357,"TMM-normalized log2 fold change",,
"cdi_schubert","Lactococcus","edgeR","edgeR","differential abundance","H","CDI","age_z + sex + antibiotics_3mo + group",FALSE,"Taxon was excluded by the edgeR expression filter",,,1,1,,FALSE,,,"TMM-normalized log2 fold change",,
"cdi_schubert","Lactonifactor","edgeR","edgeR","differential abundance","H","CDI","age_z + sex + antibiotics_3mo + group",FALSE,"Taxon was excluded by the edgeR expression filter",,,1,1,,FALSE,,,"TMM-normalized log2 fold change",,
"cdi_schubert","Megasphaera","edgeR","edgeR","differential abundance","H","CDI","age_z + sex + antibiotics_3mo + group",FALSE,"Taxon was excluded by the edgeR expression filter",,,1,1,,FALSE,,,"TMM-normalized log2 fold change",,
"cdi_schubert","Methanobrevibacter","edgeR","edgeR","differential abundance","H","CDI","age_z + sex + antibiotics_3mo + group",FALSE,"Taxon was excluded by the edgeR expression filter",,,1,1,,FALSE,,,"TMM-normalized log2 fold change",,
"cdi_schubert","Odoribacter","edgeR","edgeR","differential abundance","H","CDI","age_z + sex + antibiotics_3mo + group",TRUE,"Available",0.0508006972581094,0.0508006972581094,0.0508006972581094,0.144208430926246,0.0753816798023558,FALSE,-1.17308738381025,3.82958918952766,"TMM-normalized log2 fold change",,
"cdi_schubert","Oscillibacter","edgeR","edgeR","differential abundance","H","CDI","age_z + sex + antibiotics_3mo + group",TRUE,"Available",0.501327193142397,0.501327193142397,0.501327193142397,1,0.623271645528385,FALSE,-0.316427554131267,0.45265017951584,"TMM-normalized log2 fold change",,
"cdi_schubert","Pandoraea","edgeR","edgeR","differential abundance","H","CDI","age_z + sex + antibiotics_3mo + group",FALSE,"Taxon was excluded by the edgeR expression filter",,,1,1,,FALSE,,,"TMM-normalized log2 fold change",,
"cdi_schubert","Parabacteroides","edgeR","edgeR","differential abundance","H","CDI","age_z + sex + antibiotics_3mo + group",TRUE,"Available",0.78091449506373,0.78091449506373,0.78091449506373,1,0.876147970071502,FALSE,-0.125013620819809,0.0774388864941917,"TMM-normalized log2 fold change",,
"cdi_schubert","Paraprevotella","edgeR","edgeR","differential abundance","H","CDI","age_z + sex + antibiotics_3mo + group",TRUE,"Available",0.85485395108597,0.85485395108597,0.85485395108597,1,0.893710948862605,FALSE,0.11968964846499,0.0334853464880601,"TMM-normalized log2 fold change",,
"cdi_schubert","Parasutterella","edgeR","edgeR","differential abundance","H","CDI","age_z + sex + antibiotics_3mo + group",TRUE,"Available",0.000501950818212699,0.000501950818212699,0.000501950818212699,0.0020078032728508,0.00104953352899019,TRUE,-2.50253490159874,12.2307187046959,"TMM-normalized log2 fold change",,
"cdi_schubert","Prevotella","edgeR","edgeR","differential abundance","H","CDI","age_z + sex + antibiotics_3mo + group",TRUE,"Available",1.42664477769274e-10,1.42664477769274e-10,1.42664477769274e-10,1.39494156041067e-09,7.29173997487398e-10,TRUE,-6.26825504027463,42.6997556590993,"TMM-normalized log2 fold change",,
"cdi_schubert","Proteus","edgeR","edgeR","differential abundance","H","CDI","age_z + sex + antibiotics_3mo + group",FALSE,"Taxon was excluded by the edgeR expression filter",,,1,1,,FALSE,,,"TMM-normalized log2 fold change",,
"cdi_schubert","Raoultella","edgeR","edgeR","differential abundance","H","CDI","age_z + sex + antibiotics_3mo + group",TRUE,"Available",6.72944360944833e-06,6.72944360944833e-06,6.72944360944833e-06,3.70119398519658e-05,1.93471503771639e-05,TRUE,5.59806574312669,20.6009620382118,"TMM-normalized log2 fold change",,
"cdi_schubert","Roseburia","edgeR","edgeR","differential abundance","H","CDI","age_z + sex + antibiotics_3mo + group",TRUE,"Available",4.39393396717496e-06,4.39393396717496e-06,4.39393396717496e-06,2.57777459407598e-05,1.34747308326699e-05,TRUE,-2.03401693164416,21.4530346140937,"TMM-normalized log2 fold change",,
"cdi_schubert","Ruminococcus","edgeR","edgeR","differential abundance","H","CDI","age_z + sex + antibiotics_3mo + group",TRUE,"Available",2.08630488946052e-11,2.08630488946052e-11,2.08630488946052e-11,2.62278328960751e-10,1.3710003559312e-10,TRUE,-3.52157626733192,46.7294818882795,"TMM-normalized log2 fold change",,
"cdi_schubert","Ruminococcus2","edgeR","edgeR","differential abundance","H","CDI","age_z + sex + antibiotics_3mo + group",TRUE,"Available",0.0225459700412866,0.0225459700412866,0.0225459700412866,0.0684153573666628,0.0357625731689374,FALSE,0.827225901858091,5.23368126156776,"TMM-normalized log2 fold change",,
"cdi_schubert","Sarcina","edgeR","edgeR","differential abundance","H","CDI","age_z + sex + antibiotics_3mo + group",FALSE,"Taxon was excluded by the edgeR expression filter",,,1,1,,FALSE,,,"TMM-normalized log2 fold change",,
"cdi_schubert","Serratia","edgeR","edgeR","differential abundance","H","CDI","age_z + sex + antibiotics_3mo + group",FALSE,"Taxon was excluded by the edgeR expression filter",,,1,1,,FALSE,,,"TMM-normalized log2 fold change",,
"cdi_schubert","Sporobacter","edgeR","edgeR","differential abundance","H","CDI","age_z + sex + antibiotics_3mo + group",FALSE,"Taxon was excluded by the edgeR expression filter",,,1,1,,FALSE,,,"TMM-normalized log2 fold change",,
"cdi_schubert","Streptococcus","edgeR","edgeR","differential abundance","H","CDI","age_z + sex + antibiotics_3mo + group",TRUE,"Available",4.78689037350059e-16,4.78689037350059e-16,4.78689037350059e-16,1.40415450956017e-14,7.33989857270091e-15,TRUE,4.33458259481661,69.3566490983614,"TMM-normalized log2 fold change",,
"cdi_schubert","Sutterella","edgeR","edgeR","differential abundance","H","CDI","age_z + sex + antibiotics_3mo + group",TRUE,"Available",1.47963386618414e-07,1.47963386618414e-07,1.47963386618414e-07,1.18370709294731e-06,6.18755980404278e-07,TRUE,-4.11696377320711,28.3355750335551,"TMM-normalized log2 fold change",,
"cdi_schubert","Syntrophococcus","edgeR","edgeR","differential abundance","H","CDI","age_z + sex + antibiotics_3mo + group",FALSE,"Taxon was excluded by the edgeR expression filter",,,1,1,,FALSE,,,"TMM-normalized log2 fold change",,
"cdi_schubert","Tetragenococcus","edgeR","edgeR","differential abundance","H","CDI","age_z + sex + antibiotics_3mo + group",FALSE,"Taxon was excluded by the edgeR expression filter",,,1,1,,FALSE,,,"TMM-normalized log2 fold change",,
"cdi_schubert","Turicibacter","edgeR","edgeR","differential abundance","H","CDI","age_z + sex + antibiotics_3mo + group",TRUE,"Available",0.72030293457568,0.72030293457568,0.72030293457568,1,0.828348374762032,FALSE,0.198749344703596,0.128283701266813,"TMM-normalized log2 fold change",,
"cdi_schubert","Unclassified_Acidaminococcaceae","edgeR","edgeR","differential abundance","H","CDI","age_z + sex + antibiotics_3mo + group",FALSE,"Taxon was excluded by the edgeR expression filter",,,1,1,,FALSE,,,"TMM-normalized log2 fold change",,
"cdi_schubert","Unclassified_Actinobacteria","edgeR","edgeR","differential abundance","H","CDI","age_z + sex + antibiotics_3mo + group",FALSE,"Taxon was excluded by the edgeR expression filter",,,1,1,,FALSE,,,"TMM-normalized log2 fold change",,
"cdi_schubert","Unclassified_Clostridia","edgeR","edgeR","differential abundance","H","CDI","age_z + sex + antibiotics_3mo + group",TRUE,"Available",0.00333166555555932,0.00333166555555932,0.00333166555555932,0.0112764064957392,0.00589448521368187,TRUE,-2.82658411642357,8.69098241135801,"TMM-normalized log2 fold change",,
"cdi_schubert","Unclassified_Clostridiaceae_1","edgeR","edgeR","differential abundance","H","CDI","age_z + sex + antibiotics_3mo + group",FALSE,"Taxon was excluded by the edgeR expression filter",,,1,1,,FALSE,,,"TMM-normalized log2 fold change",,
"cdi_schubert","Unclassified_Clostridiales","edgeR","edgeR","differential abundance","H","CDI","age_z + sex + antibiotics_3mo + group",TRUE,"Available",8.02640219339631e-11,8.02640219339631e-11,8.02640219339631e-11,8.82904241273594e-10,4.61518126120288e-10,TRUE,-3.01572450637363,43.7559403292886,"TMM-normalized log2 fold change",,
"cdi_schubert","Unclassified_Enterobacteriaceae","edgeR","edgeR","differential abundance","H","CDI","age_z + sex + antibiotics_3mo + group",TRUE,"Available",1.98682060008384e-06,1.98682060008384e-06,1.98682060008384e-06,1.24885866290984e-05,6.5281248288469e-06,TRUE,3.44337654357502,23.234996853993,"TMM-normalized log2 fold change",,
"cdi_schubert","Unclassified_Eubacteriaceae","edgeR","edgeR","differential abundance","H","CDI","age_z + sex + antibiotics_3mo + group",FALSE,"Taxon was excluded by the edgeR expression filter",,,1,1,,FALSE,,,"TMM-normalized log2 fold change",,
"cdi_schubert","Unclassified_Firmicutes","edgeR","edgeR","differential abundance","H","CDI","age_z + sex + antibiotics_3mo + group",TRUE,"Available",1.26887971692752e-14,1.26887971692752e-14,1.26887971692752e-14,2.23322830179243e-13,1.16736933957332e-13,TRUE,-6.62712211151482,63.5866330286352,"TMM-normalized log2 fold change",,
"cdi_schubert","Unclassified_Lachnospiraceae","edgeR","edgeR","differential abundance","H","CDI","age_z + sex + antibiotics_3mo + group",TRUE,"Available",0.00169498322840377,0.00169498322840377,0.00169498322840377,0.00596634096398128,0.00311876914026294,TRUE,-1.00136911914403,9.95662157619862,"TMM-normalized log2 fold change",,
"cdi_schubert","Unclassified_Pasteurellaceae","edgeR","edgeR","differential abundance","H","CDI","age_z + sex + antibiotics_3mo + group",FALSE,"Taxon was excluded by the edgeR expression filter",,,1,1,,FALSE,,,"TMM-normalized log2 fold change",,
"cdi_schubert","Unclassified_Prevotellaceae","edgeR","edgeR","differential abundance","H","CDI","age_z + sex + antibiotics_3mo + group",FALSE,"Taxon was excluded by the edgeR expression filter",,,1,1,,FALSE,,,"TMM-normalized log2 fold change",,
"cdi_schubert","Unclassified_Proteobacteria","edgeR","edgeR","differential abundance","H","CDI","age_z + sex + antibiotics_3mo + group",FALSE,"Taxon was excluded by the edgeR expression filter",,,1,1,,FALSE,,,"TMM-normalized log2 fold change",,
"cdi_schubert","Unclassified_Ruminococcaceae","edgeR","edgeR","differential abundance","H","CDI","age_z + sex + antibiotics_3mo + group",TRUE,"Available",0.637927971182684,0.637927971182684,0.637927971182684,1,0.752427863446243,FALSE,-0.170091878385513,0.221711924752463,"TMM-normalized log2 fold change",,
"cdi_schubert","Unclassified_Selenomonadales","edgeR","edgeR","differential abundance","H","CDI","age_z + sex + antibiotics_3mo + group",TRUE,"Available",0.0115299896473103,0.0115299896473103,0.0115299896473103,0.0375792255171596,0.019643686065788,TRUE,-1.47303976140932,6.42047349264862,"TMM-normalized log2 fold change",,
"cdi_schubert","Unclassified_Sphingomonadaceae","edgeR","edgeR","differential abundance","H","CDI","age_z + sex + antibiotics_3mo + group",FALSE,"Taxon was excluded by the edgeR expression filter",,,1,1,,FALSE,,,"TMM-normalized log2 fold change",,
"cdi_schubert","Unclassified_Veillonellaceae","edgeR","edgeR","differential abundance","H","CDI","age_z + sex + antibiotics_3mo + group",FALSE,"Taxon was excluded by the edgeR expression filter",,,1,1,,FALSE,,,"TMM-normalized log2 fold change",,
"cdi_schubert","Veillonella","edgeR","edgeR","differential abundance","H","CDI","age_z + sex + antibiotics_3mo + group",TRUE,"Available",3.60259530633191e-33,3.60259530633191e-33,3.60259530633191e-33,3.17028386957208e-31,1.65719384091268e-31,TRUE,7.17355689273804,157.814035240064,"TMM-normalized log2 fold change",,
"cdi_schubert","Yersinia","edgeR","edgeR","differential abundance","H","CDI","age_z + sex + antibiotics_3mo + group",FALSE,"Taxon was excluded by the edgeR expression filter",,,1,1,,FALSE,,,"TMM-normalized log2 fold change",,
"cdi_schubert","Acidaminococcus","DESeq2","DESeq2","differential abundance","H","CDI","age_z + sex + antibiotics_3mo + group",TRUE,"Available",0.856850472414625,0.856850472414625,0.856850472414625,0.965232501977989,0.921913667021554,FALSE,-0.293082648777813,-0.180384817864054,"DESeq2 log2 fold change",,
"cdi_schubert","Actinomyces","DESeq2","DESeq2","differential abundance","H","CDI","age_z + sex + antibiotics_3mo + group",TRUE,"Available",0.123530147730462,0.123530147730462,0.123530147730462,0.236318543484363,0.218148984289965,FALSE,1.68263117487269,1.54012393003862,"DESeq2 log2 fold change",,
"cdi_schubert","Akkermansia","DESeq2","DESeq2","differential abundance","H","CDI","age_z + sex + antibiotics_3mo + group",FALSE,"The method did not return a valid p-value",,,1,1,,FALSE,2.87190082310614,3.5379591000179,"DESeq2 log2 fold change",,
"cdi_schubert","Alistipes","DESeq2","DESeq2","differential abundance","H","CDI","age_z + sex + antibiotics_3mo + group",TRUE,"Available",0.0450746759253579,0.0450746759253579,0.0450746759253579,0.104383460037671,0.0959281564565309,FALSE,-0.947327891669975,-2.00395691490564,"DESeq2 log2 fold change",,
"cdi_schubert","Anaerococcus","DESeq2","DESeq2","differential abundance","H","CDI","age_z + sex + antibiotics_3mo + group",TRUE,"Available",0.20809277852172,0.20809277852172,0.20809277852172,0.3507152319359,0.324881297440621,FALSE,2.19393892111016,1.25882713073385,"DESeq2 log2 fold change",,
"cdi_schubert","Anaerofilum","DESeq2","DESeq2","differential abundance","H","CDI","age_z + sex + antibiotics_3mo + group",TRUE,"Available",0.986597543500194,0.986597543500194,0.986597543500194,1,0.986597543500194,FALSE,0.0228185025912452,0.0167982782015684,"DESeq2 log2 fold change",,
"cdi_schubert","Anaerostipes","DESeq2","DESeq2","differential abundance","H","CDI","age_z + sex + antibiotics_3mo + group",TRUE,"Available",1.86735730918932e-05,1.86735730918932e-05,1.86735730918932e-05,9.12930240048113e-05,8.61059203681743e-05,TRUE,-1.53801421800228,-4.28018772943225,"DESeq2 log2 fold change",,
"cdi_schubert","Anaerovorax","DESeq2","DESeq2","differential abundance","H","CDI","age_z + sex + antibiotics_3mo + group",TRUE,"Available",0.00066414058243016,0.00066414058243016,0.00066414058243016,0.00224786043284054,0.00212014109006551,TRUE,-1.5602670884492,-3.40396995437742,"DESeq2 log2 fold change",,
"cdi_schubert","Arthrobacter","DESeq2","DESeq2","differential abundance","H","CDI","age_z + sex + antibiotics_3mo + group",TRUE,"Available",0.527690844348528,0.527690844348528,0.527690844348528,0.703587792464704,,FALSE,1.0136819243827,0.631534889057438,"DESeq2 log2 fold change",,
"cdi_schubert","Bacteroides","DESeq2","DESeq2","differential abundance","H","CDI","age_z + sex + antibiotics_3mo + group",TRUE,"Available",0.000223718210836411,0.000223718210836411,0.000223718210836411,0.000820300106400174,0.000773692145809255,TRUE,-1.18459632063881,-3.6906085301003,"DESeq2 log2 fold change",,
"cdi_schubert","Barnesiella","DESeq2","DESeq2","differential abundance","H","CDI","age_z + sex + antibiotics_3mo + group",TRUE,"Available",1.24754066765738e-08,1.24754066765738e-08,1.24754066765738e-08,7.8416841967035e-08,7.39613395825444e-08,TRUE,-4.88546470091229,-5.69309890950248,"DESeq2 log2 fold change",,
"cdi_schubert","Bifidobacterium","DESeq2","DESeq2","differential abundance","H","CDI","age_z + sex + antibiotics_3mo + group",TRUE,"Available",0.243830304483596,0.243830304483596,0.243830304483596,0.383161907045651,0.355051145125237,FALSE,0.908674733520553,1.16546627342829,"DESeq2 log2 fold change",,
"cdi_schubert","Bilophila","DESeq2","DESeq2","differential abundance","H","CDI","age_z + sex + antibiotics_3mo + group",TRUE,"Available",0.26243879353917,0.26243879353917,0.26243879353917,0.405168663709596,0.375558963168123,FALSE,0.859501833904713,1.12064548991631,"DESeq2 log2 fold change",,
"cdi_schubert","Blautia","DESeq2","DESeq2","differential abundance","H","CDI","age_z + sex + antibiotics_3mo + group",TRUE,"Available",0.083917410410615,0.083917410410615,0.083917410410615,0.175826955146051,0.161980117769327,FALSE,0.569080150156375,1.72839511663336,"DESeq2 log2 fold change",,
"cdi_schubert","Buttiauxella","DESeq2","DESeq2","differential abundance","H","CDI","age_z + sex + antibiotics_3mo + group",TRUE,"Available",0.511200113126906,0.511200113126906,0.511200113126906,0.69208630700258,0.642872869538382,FALSE,1.22994518626721,0.656970145291486,"DESeq2 log2 fold change",,
"cdi_schubert","Butyricicoccus","DESeq2","DESeq2","differential abundance","H","CDI","age_z + sex + antibiotics_3mo + group",TRUE,"Available",0.30957687098481,0.30957687098481,0.30957687098481,0.469702838735573,0.435506445622698,FALSE,-0.404707165817982,-1.01611028688021,"DESeq2 log2 fold change",,
"cdi_schubert","Butyricimonas","DESeq2","DESeq2","differential abundance","H","CDI","age_z + sex + antibiotics_3mo + group",TRUE,"Available",0.00301484758045928,0.00301484758045928,0.00301484758045928,0.00851823788473301,0.00803424709582773,TRUE,-2.3796180607657,-2.96621998511053,"DESeq2 log2 fold change",,
"cdi_schubert","Citrobacter","DESeq2","DESeq2","differential abundance","H","CDI","age_z + sex + antibiotics_3mo + group",TRUE,"Available",0.548410445537552,0.548410445537552,0.548410445537552,0.720300286676188,0.679374134024132,FALSE,0.676668083241308,0.600143738026471,"DESeq2 log2 fold change",,
"cdi_schubert","Cloacibacillus","DESeq2","DESeq2","differential abundance","H","CDI","age_z + sex + antibiotics_3mo + group",TRUE,"Available",0.859993259939545,0.859993259939545,0.859993259939545,0.965232501977989,0.921913667021554,FALSE,-0.356376903874208,-0.176382744617957,"DESeq2 log2 fold change",,
"cdi_schubert","Clostridium_IV","DESeq2","DESeq2","differential abundance","H","CDI","age_z + sex + antibiotics_3mo + group",TRUE,"Available",2.73592382670421e-13,2.73592382670421e-13,2.73592382670421e-13,4.01268827916617e-12,3.78469462694082e-12,TRUE,-2.56602591989486,-7.30679356649523,"DESeq2 log2 fold change",,
"cdi_schubert","Clostridium_sensu_stricto","DESeq2","DESeq2","differential abundance","H","CDI","age_z + sex + antibiotics_3mo + group",TRUE,"Available",0.0224003403373919,0.0224003403373919,0.0224003403373919,0.05327648512677,0.0489270591579876,FALSE,1.33025828550504,2.28351007059481,"DESeq2 log2 fold change",,
"cdi_schubert","Clostridium_XI","DESeq2","DESeq2","differential abundance","H","CDI","age_z + sex + antibiotics_3mo + group",TRUE,"Available",0.000325678693183189,0.000325678693183189,0.000325678693183189,0.00114638900000483,0.00108125326136819,TRUE,1.51555989665213,3.59396892790594,"DESeq2 log2 fold change",,
"cdi_schubert","Clostridium_XlVa","DESeq2","DESeq2","differential abundance","H","CDI","age_z + sex + antibiotics_3mo + group",TRUE,"Available",0.416298456461644,0.416298456461644,0.416298456461644,0.600561707682372,0.557302772359943,FALSE,0.262488531796347,0.81285978011041,"DESeq2 log2 fold change",,
"cdi_schubert","Clostridium_XlVb","DESeq2","DESeq2","differential abundance","H","CDI","age_z + sex + antibiotics_3mo + group",TRUE,"Available",0.0101299683886557,0.0101299683886557,0.0101299683886557,0.0247621449500473,0.0233552048960673,TRUE,1.29964332472614,2.57136095629442,"DESeq2 log2 fold change",,
"cdi_schubert","Clostridium_XVIII","DESeq2","DESeq2","differential abundance","H","CDI","age_z + sex + antibiotics_3mo + group",TRUE,"Available",0.00197369109759488,0.00197369109759488,0.00197369109759488,0.0059891316064948,0.00564884003794396,TRUE,1.30217549649341,3.09416286215521,"DESeq2 log2 fold change",,
"cdi_schubert","Coprobacillus","DESeq2","DESeq2","differential abundance","H","CDI","age_z + sex + antibiotics_3mo + group",TRUE,"Available",0.930429411222583,0.930429411222583,0.930429411222583,0.986479375754064,0.953402976931783,FALSE,0.0664472904290892,0.0873045830039489,"DESeq2 log2 fold change",,
"cdi_schubert","Coprococcus","DESeq2","DESeq2","differential abundance","H","CDI","age_z + sex + antibiotics_3mo + group",TRUE,"Available",0.219197019959937,0.219197019959937,0.219197019959937,0.3507152319359,0.324881297440621,FALSE,-0.524075045631146,-1.22866610369371,"DESeq2 log2 fold change",,
"cdi_schubert","Desulfovibrio","DESeq2","DESeq2","differential abundance","H","CDI","age_z + sex + antibiotics_3mo + group",TRUE,"Available",0.877484092707262,0.877484092707262,0.877484092707262,0.965232501977989,0.921913667021554,FALSE,0.277963731534492,0.154159350345091,"DESeq2 log2 fold change",,
"cdi_schubert","Dialister","DESeq2","DESeq2","differential abundance","H","CDI","age_z + sex + antibiotics_3mo + group",TRUE,"Available",0.829082986696748,0.829082986696748,0.829082986696748,0.965232501977989,0.917518505277735,FALSE,-0.161831927351871,-0.215877819792451,"DESeq2 log2 fold change",,
"cdi_schubert","Dorea","DESeq2","DESeq2","differential abundance","H","CDI","age_z + sex + antibiotics_3mo + group",TRUE,"Available",0.00271351260363449,0.00271351260363449,0.00271351260363449,0.00795963697066116,0.00750738487005542,TRUE,-1.38651986753762,-2.99845608386331,"DESeq2 log2 fold change",,
"cdi_schubert","Enterococcus","DESeq2","DESeq2","differential abundance","H","CDI","age_z + sex + antibiotics_3mo + group",TRUE,"Available",5.41507105715568e-37,5.41507105715568e-37,5.41507105715568e-37,4.765262530297e-35,4.49450897743922e-35,TRUE,8.92559434529163,12.706882160743,"DESeq2 log2 fold change",,
"cdi_schubert","Erysipelotrichaceae_incertae_sedis","DESeq2","DESeq2","differential abundance","H","CDI","age_z + sex + antibiotics_3mo + group",TRUE,"Available",2.10089340903677e-06,2.10089340903677e-06,2.10089340903677e-06,1.15549137497022e-05,1.08983845593783e-05,TRUE,2.04417362081272,4.74346877368108,"DESeq2 log2 fold change",,
"cdi_schubert","Ethanoligenens","DESeq2","DESeq2","differential abundance","H","CDI","age_z + sex + antibiotics_3mo + group",TRUE,"Available",0.000964813033306583,0.000964813033306583,0.000964813033306583,0.00314457581225849,0.00296590673201653,TRUE,-1.78279914066828,-3.30059133715551,"DESeq2 log2 fold change",,
"cdi_schubert","Eubacterium","DESeq2","DESeq2","differential abundance","H","CDI","age_z + sex + antibiotics_3mo + group",TRUE,"Available",0.601072282835089,0.601072282835089,0.601072282835089,0.76658494042736,0.723028977903078,FALSE,-0.509385666478024,-0.522859136918001,"DESeq2 log2 fold change",,
"cdi_schubert","Faecalibacterium","DESeq2","DESeq2","differential abundance","H","CDI","age_z + sex + antibiotics_3mo + group",TRUE,"Available",1.22481484413855e-08,1.22481484413855e-08,1.22481484413855e-08,7.8416841967035e-08,7.39613395825444e-08,TRUE,-2.6576585422795,-5.69623575480073,"DESeq2 log2 fold change",,
"cdi_schubert","Finegoldia","DESeq2","DESeq2","differential abundance","H","CDI","age_z + sex + antibiotics_3mo + group",TRUE,"Available",0.589517261389394,0.589517261389394,0.589517261389394,0.762904691209804,0.719557833754702,FALSE,1.04579994635925,0.539535713294013,"DESeq2 log2 fold change",,
"cdi_schubert","Flavonifractor","DESeq2","DESeq2","differential abundance","H","CDI","age_z + sex + antibiotics_3mo + group",TRUE,"Available",0.324804813358876,0.324804813358876,0.324804813358876,0.484454636874255,0.449313325146445,FALSE,-0.419370340044595,-0.984632105773922,"DESeq2 log2 fold change",,
"cdi_schubert","Fusobacterium","DESeq2","DESeq2","differential abundance","H","CDI","age_z + sex + antibiotics_3mo + group",TRUE,"Available",9.95090028830721e-12,9.95090028830721e-12,9.95090028830721e-12,1.25097032195862e-10,1.17989246275643e-10,TRUE,10.215011085689,6.80721090340129,"DESeq2 log2 fold change",,
"cdi_schubert","Gemella","DESeq2","DESeq2","differential abundance","H","CDI","age_z + sex + antibiotics_3mo + group",TRUE,"Available",0.218815935619011,0.218815935619011,0.218815935619011,0.3507152319359,0.324881297440621,FALSE,1.92830301250616,1.22968273207586,"DESeq2 log2 fold change",,
"cdi_schubert","Gemmiger","DESeq2","DESeq2","differential abundance","H","CDI","age_z + sex + antibiotics_3mo + group",TRUE,"Available",0.482409616436496,0.482409616436496,0.482409616436496,0.669449658445831,0.621698703787457,FALSE,-0.413042761763756,-0.702432286224638,"DESeq2 log2 fold change",,
"cdi_schubert","Haemophilus","DESeq2","DESeq2","differential abundance","H","CDI","age_z + sex + antibiotics_3mo + group",TRUE,"Available",0.477856034196272,0.477856034196272,0.477856034196272,0.669449658445831,0.621698703787457,FALSE,0.814231105961189,0.709755072129214,"DESeq2 log2 fold change",,
"cdi_schubert","Hespellia","DESeq2","DESeq2","differential abundance","H","CDI","age_z + sex + antibiotics_3mo + group",TRUE,"Available",0.888506917148984,0.888506917148984,0.888506917148984,0.965291465544575,,FALSE,0.224196857439103,0.140193740844939,"DESeq2 log2 fold change",,
"cdi_schubert","Howardella","DESeq2","DESeq2","differential abundance","H","CDI","age_z + sex + antibiotics_3mo + group",TRUE,"Available",0.689193661585672,0.689193661585672,0.689193661585672,0.85421186224703,0.80567709734663,FALSE,0.670879418557572,0.399949569042366,"DESeq2 log2 fold change",,
"cdi_schubert","Kluyvera","DESeq2","DESeq2","differential abundance","H","CDI","age_z + sex + antibiotics_3mo + group",TRUE,"Available",0.134317177970842,0.134317177970842,0.134317177970842,0.251487482158172,0.232256786907914,FALSE,2.84906280893382,1.49729245221572,"DESeq2 log2 fold change",,
"cdi_schubert","Lachnospiracea_incertae_sedis","DESeq2","DESeq2","differential abundance","H","CDI","age_z + sex + antibiotics_3mo + group",TRUE,"Available",5.11769369286609e-26,5.11769369286609e-26,5.11769369286609e-26,2.25178522486108e-24,2.12384288253943e-24,TRUE,-4.04319502652387,-10.5493000141936,"DESeq2 log2 fold change",,
"cdi_schubert","Lactobacillus","DESeq2","DESeq2","differential abundance","H","CDI","age_z + sex + antibiotics_3mo + group",TRUE,"Available",1.53173743591435e-09,1.53173743591435e-09,1.53173743591435e-09,1.14895228998516e-08,1.08367090987237e-08,TRUE,4.66467580942868,6.0409876087206,"DESeq2 log2 fold change",,
"cdi_schubert","Lactococcus","DESeq2","DESeq2","differential abundance","H","CDI","age_z + sex + antibiotics_3mo + group",TRUE,"Available",0.737918349445242,0.737918349445242,0.737918349445242,0.901900204877518,0.850655875054932,FALSE,0.357775728749309,0.334611260537533,"DESeq2 log2 fold change",,
"cdi_schubert","Lactonifactor","DESeq2","DESeq2","differential abundance","H","CDI","age_z + sex + antibiotics_3mo + group",TRUE,"Available",0.953477814450777,0.953477814450777,0.953477814450777,0.998881519900814,0.965105592675787,FALSE,0.119695580705232,0.0583399898473118,"DESeq2 log2 fold change",,
"cdi_schubert","Megasphaera","DESeq2","DESeq2","differential abundance","H","CDI","age_z + sex + antibiotics_3mo + group",TRUE,"Available",0.80469308649889,0.80469308649889,0.80469308649889,0.956932319079762,0.902561164586593,FALSE,-0.528770188577589,-0.247277996327925,"DESeq2 log2 fold change",,
"cdi_schubert","Methanobrevibacter","DESeq2","DESeq2","differential abundance","H","CDI","age_z + sex + antibiotics_3mo + group",TRUE,"Available",0.091256135327767,0.091256135327767,0.091256135327767,0.186756742066128,0.172142255277379,FALSE,-2.30172535323212,-1.688808495122,"DESeq2 log2 fold change",,
"cdi_schubert","Odoribacter","DESeq2","DESeq2","differential abundance","H","CDI","age_z + sex + antibiotics_3mo + group",TRUE,"Available",0.0070623935668265,0.0070623935668265,0.0070623935668265,0.0182791362906098,0.0172405490013706,TRUE,-1.61769669478193,-2.69388779387014,"DESeq2 log2 fold change",,
"cdi_schubert","Oscillibacter","DESeq2","DESeq2","differential abundance","H","CDI","age_z + sex + antibiotics_3mo + group",TRUE,"Available",0.0609314698413434,0.0609314698413434,0.0609314698413434,0.134049233650955,0.123349073093451,FALSE,-0.747059491401063,-1.87399242026633,"DESeq2 log2 fold change",,
"cdi_schubert","Pandoraea","DESeq2","DESeq2","differential abundance","H","CDI","age_z + sex + antibiotics_3mo + group",TRUE,"Available",0.846498589493751,0.846498589493751,0.846498589493751,0.965232501977989,,FALSE,0.269453100717577,0.193587879399619,"DESeq2 log2 fold change",,
"cdi_schubert","Parabacteroides","DESeq2","DESeq2","differential abundance","H","CDI","age_z + sex + antibiotics_3mo + group",TRUE,"Available",0.158888228859815,0.158888228859815,0.158888228859815,0.285350288564565,0.263754459907292,FALSE,-0.600771665281943,-1.40882057765721,"DESeq2 log2 fold change",,
"cdi_schubert","Paraprevotella","DESeq2","DESeq2","differential abundance","H","CDI","age_z + sex + antibiotics_3mo + group",FALSE,"The method did not return a valid p-value",,,1,1,,FALSE,-0.880546864027522,-0.554711604680557,"DESeq2 log2 fold change",,
"cdi_schubert","Parasutterella","DESeq2","DESeq2","differential abundance","H","CDI","age_z + sex + antibiotics_3mo + group",TRUE,"Available",3.47101001843862e-07,3.47101001843862e-07,3.47101001843862e-07,2.03632587748399e-06,1.92062554353604e-06,TRUE,-3.49312541807279,-5.09589307802448,"DESeq2 log2 fold change",,
"cdi_schubert","Prevotella","DESeq2","DESeq2","differential abundance","H","CDI","age_z + sex + antibiotics_3mo + group",TRUE,"Available",1.19399644276656e-09,1.19399644276656e-09,1.19399644276656e-09,1.14895228998516e-08,1.08367090987237e-08,TRUE,-7.26467880976241,-6.0810478585107,"DESeq2 log2 fold change",,
"cdi_schubert","Proteus","DESeq2","DESeq2","differential abundance","H","CDI","age_z + sex + antibiotics_3mo + group",TRUE,"Available",0.00728688947836527,0.00728688947836527,0.00728688947836527,0.0183213221170327,0.0172803379058376,TRUE,5.27786352542842,2.68344070908275,"DESeq2 log2 fold change",,
"cdi_schubert","Raoultella","DESeq2","DESeq2","differential abundance","H","CDI","age_z + sex + antibiotics_3mo + group",TRUE,"Available",0.0013209231931042,0.0013209231931042,0.0013209231931042,0.0041514728926132,0.00391559375098745,TRUE,5.24291767412662,3.21139481101613,"DESeq2 log2 fold change",,
"cdi_schubert","Roseburia","DESeq2","DESeq2","differential abundance","H","CDI","age_z + sex + antibiotics_3mo + group",TRUE,"Available",1.39934627533718e-09,1.39934627533718e-09,1.39934627533718e-09,1.14895228998516e-08,1.08367090987237e-08,TRUE,-2.71688067542914,-6.05555468221515,"DESeq2 log2 fold change",,
"cdi_schubert","Ruminococcus","DESeq2","DESeq2","differential abundance","H","CDI","age_z + sex + antibiotics_3mo + group",TRUE,"Available",1.24982383615408e-14,1.24982383615408e-14,1.24982383615408e-14,2.19968995163118e-13,2.07470756801577e-13,TRUE,-3.496525727674,-7.71085011101563,"DESeq2 log2 fold change",,
"cdi_schubert","Ruminococcus2","DESeq2","DESeq2","differential abundance","H","CDI","age_z + sex + antibiotics_3mo + group",TRUE,"Available",0.108105443764714,0.108105443764714,0.108105443764714,0.211406201139884,0.195059822445027,FALSE,0.556881687409652,1.60676720998775,"DESeq2 log2 fold change",,
"cdi_schubert","Sarcina","DESeq2","DESeq2","differential abundance","H","CDI","age_z + sex + antibiotics_3mo + group",TRUE,"Available",0.101982170851537,0.101982170851537,0.101982170851537,0.203964341703074,0.188100448459501,FALSE,1.67440840306408,1.63531910379046,"DESeq2 log2 fold change",,
"cdi_schubert","Serratia","DESeq2","DESeq2","differential abundance","H","CDI","age_z + sex + antibiotics_3mo + group",TRUE,"Available",0.143809460460517,0.143809460460517,0.143809460460517,0.263650677510948,0.243595616698427,FALSE,1.24658772451121,1.46175098394343,"DESeq2 log2 fold change",,
"cdi_schubert","Sporobacter","DESeq2","DESeq2","differential abundance","H","CDI","age_z + sex + antibiotics_3mo + group",TRUE,"Available",0.910463200592661,0.910463200592661,0.910463200592661,0.977082459172612,0.944605570614886,FALSE,0.161867308710243,0.112454303219331,"DESeq2 log2 fold change",,
"cdi_schubert","Streptococcus","DESeq2","DESeq2","differential abundance","H","CDI","age_z + sex + antibiotics_3mo + group",TRUE,"Available",1.56675312270704e-09,1.56675312270704e-09,1.56675312270704e-09,1.14895228998516e-08,1.08367090987237e-08,TRUE,2.51651087165461,6.03734007241923,"DESeq2 log2 fold change",,
"cdi_schubert","Sutterella","DESeq2","DESeq2","differential abundance","H","CDI","age_z + sex + antibiotics_3mo + group",TRUE,"Available",4.33182981964233e-05,4.33182981964233e-05,4.33182981964233e-05,0.000173273192785693,0.000163428125013779,TRUE,-4.13565108863294,-4.08902884874385,"DESeq2 log2 fold change",,
"cdi_schubert","Syntrophococcus","DESeq2","DESeq2","differential abundance","H","CDI","age_z + sex + antibiotics_3mo + group",TRUE,"Available",0.355837987959326,0.355837987959326,0.355837987959326,0.521895715673678,0.48417300001023,FALSE,-0.884620343629808,-0.923324760911723,"DESeq2 log2 fold change",,
"cdi_schubert","Tetragenococcus","DESeq2","DESeq2","differential abundance","H","CDI","age_z + sex + antibiotics_3mo + group",TRUE,"Available",3.52890303990737e-05,3.52890303990737e-05,3.52890303990737e-05,0.000149228439277855,0.000140749550682522,TRUE,3.84844572121245,4.13633928768305,"DESeq2 log2 fold change",,
"cdi_schubert","Turicibacter","DESeq2","DESeq2","differential abundance","H","CDI","age_z + sex + antibiotics_3mo + group",TRUE,"Available",0.195373747432868,0.195373747432868,0.195373747432868,0.337115485766517,0.311846558402462,FALSE,-0.780482165212909,-1.29484487666189,"DESeq2 log2 fold change",,
"cdi_schubert","Unclassified_Acidaminococcaceae","DESeq2","DESeq2","differential abundance","H","CDI","age_z + sex + antibiotics_3mo + group",TRUE,"Available",0.189154115817204,0.189154115817204,0.189154115817204,0.332911243838279,0.30783905123192,FALSE,-1.1931329446454,-1.31308556961565,"DESeq2 log2 fold change",,
"cdi_schubert","Unclassified_Actinobacteria","DESeq2","DESeq2","differential abundance","H","CDI","age_z + sex + antibiotics_3mo + group",TRUE,"Available",0.046468722546437,0.046468722546437,0.046468722546437,0.104852502156063,0.0964225992838568,FALSE,-1.72109696670812,-1.99111066199766,"DESeq2 log2 fold change",,
"cdi_schubert","Unclassified_Clostridia","DESeq2","DESeq2","differential abundance","H","CDI","age_z + sex + antibiotics_3mo + group",TRUE,"Available",0.00706103834417765,0.00706103834417765,0.00706103834417765,0.0182791362906098,0.0172405490013706,TRUE,-2.75852279744801,-2.69395176033705,"DESeq2 log2 fold change",,
"cdi_schubert","Unclassified_Clostridiaceae_1","DESeq2","DESeq2","differential abundance","H","CDI","age_z + sex + antibiotics_3mo + group",TRUE,"Available",0.969133811780527,0.969133811780527,0.969133811780527,1,,FALSE,0.0795713323020615,0.0386946840124038,"DESeq2 log2 fold change",,
"cdi_schubert","Unclassified_Clostridiales","DESeq2","DESeq2","differential abundance","H","CDI","age_z + sex + antibiotics_3mo + group",TRUE,"Available",3.81175386270915e-18,3.81175386270915e-18,3.81175386270915e-18,8.38585849796013e-17,7.90938926512149e-17,TRUE,-3.46833646028858,-8.68427209046494,"DESeq2 log2 fold change",,
"cdi_schubert","Unclassified_Enterobacteriaceae","DESeq2","DESeq2","differential abundance","H","CDI","age_z + sex + antibiotics_3mo + group",TRUE,"Available",3.56113321003972e-05,3.56113321003972e-05,3.56113321003972e-05,0.000149228439277855,0.000140749550682522,TRUE,2.23051410592488,4.13425151048821,"DESeq2 log2 fold change",,
"cdi_schubert","Unclassified_Eubacteriaceae","DESeq2","DESeq2","differential abundance","H","CDI","age_z + sex + antibiotics_3mo + group",TRUE,"Available",0.804537107883416,0.804537107883416,0.804537107883416,0.956932319079762,0.902561164586593,FALSE,0.36235595932709,0.247479560620795,"DESeq2 log2 fold change",,
"cdi_schubert","Unclassified_Firmicutes","DESeq2","DESeq2","differential abundance","H","CDI","age_z + sex + antibiotics_3mo + group",TRUE,"Available",7.33834437043901e-10,7.33834437043901e-10,7.33834437043901e-10,8.07217880748291e-09,7.61353228433048e-09,TRUE,-5.560633768544,-6.15861595480856,"DESeq2 log2 fold change",,
"cdi_schubert","Unclassified_Lachnospiraceae","DESeq2","DESeq2","differential abundance","H","CDI","age_z + sex + antibiotics_3mo + group",TRUE,"Available",0.000149164579840547,0.000149164579840547,0.000149164579840547,0.000570716653302964,0.000538289570728932,TRUE,-1.09223288049604,-3.79245617678191,"DESeq2 log2 fold change",,
"cdi_schubert","Unclassified_Pasteurellaceae","DESeq2","DESeq2","differential abundance","H","CDI","age_z + sex + antibiotics_3mo + group",TRUE,"Available",0.486872478869695,0.486872478869695,0.486872478869695,0.669449658445831,0.621698703787457,FALSE,1.36057345022955,0.695291757222524,"DESeq2 log2 fold change",,
"cdi_schubert","Unclassified_Prevotellaceae","DESeq2","DESeq2","differential abundance","H","CDI","age_z + sex + antibiotics_3mo + group",TRUE,"Available",2.15133129002968e-05,2.15133129002968e-05,2.15133129002968e-05,9.96406071171641e-05,9.3979208985507e-05,TRUE,-6.38247861262364,-4.24857655566206,"DESeq2 log2 fold change",,
"cdi_schubert","Unclassified_Proteobacteria","DESeq2","DESeq2","differential abundance","H","CDI","age_z + sex + antibiotics_3mo + group",TRUE,"Available",0.86723985753134,0.86723985753134,0.86723985753134,0.965232501977989,0.921913667021554,FALSE,-0.109179313300023,-0.167165464272987,"DESeq2 log2 fold change",,
"cdi_schubert","Unclassified_Ruminococcaceae","DESeq2","DESeq2","differential abundance","H","CDI","age_z + sex + antibiotics_3mo + group",TRUE,"Available",0.213914917338867,0.213914917338867,0.213914917338867,0.3507152319359,0.324881297440621,FALSE,-0.369142424635418,-1.24287223827795,"DESeq2 log2 fold change",,
"cdi_schubert","Unclassified_Selenomonadales","DESeq2","DESeq2","differential abundance","H","CDI","age_z + sex + antibiotics_3mo + group",TRUE,"Available",0.00309754104899382,0.00309754104899382,0.00309754104899382,0.00851823788473301,0.00803424709582773,TRUE,-2.18843560136895,-2.9578885398768,"DESeq2 log2 fold change",,
"cdi_schubert","Unclassified_Sphingomonadaceae","DESeq2","DESeq2","differential abundance","H","CDI","age_z + sex + antibiotics_3mo + group",TRUE,"Available",0.679453947136289,0.679453947136289,0.679453947136289,0.854170676399906,0.805638251604457,FALSE,0.28633114481535,0.413208382505157,"DESeq2 log2 fold change",,
"cdi_schubert","Unclassified_Veillonellaceae","DESeq2","DESeq2","differential abundance","H","CDI","age_z + sex + antibiotics_3mo + group",TRUE,"Available",0.0651243153182808,0.0651243153182808,0.0651243153182808,0.139779018244115,0.128698051700412,FALSE,-1.06302589318419,-1.84440379051917,"DESeq2 log2 fold change",,
"cdi_schubert","Veillonella","DESeq2","DESeq2","differential abundance","H","CDI","age_z + sex + antibiotics_3mo + group",TRUE,"Available",2.36069479240788e-21,2.36069479240788e-21,2.36069479240788e-21,6.92470472439645e-20,6.53125559232847e-20,TRUE,5.93637094346995,9.4877522905887,"DESeq2 log2 fold change",,
"cdi_schubert","Yersinia","DESeq2","DESeq2","differential abundance","H","CDI","age_z + sex + antibiotics_3mo + group",TRUE,"Available",1.27256495724459e-05,1.27256495724459e-05,1.27256495724459e-05,6.58739507279552e-05,6.21311126184122e-05,TRUE,4.37469616318442,4.36477014740476,"DESeq2 log2 fold change",,
"cdi_schubert","Acidaminococcus","metagenomeSeq","metagenomeSeq","differential abundance","H","CDI","age_z + sex + antibiotics_3mo + group",TRUE,"Available",0.0977132610162397,0.0977132610162397,0.0977132610162397,0.119427319019849,0.119129866170484,FALSE,-0.32865642414241,,"CSS-normalized zero-inflated Gaussian coefficient",,
"cdi_schubert","Actinomyces","metagenomeSeq","metagenomeSeq","differential abundance","H","CDI","age_z + sex + antibiotics_3mo + group",TRUE,"Available",2.6100250837144e-18,2.6100250837144e-18,2.6100250837144e-18,2.87102759208584e-17,2.90365290563227e-17,TRUE,1.38989588432041,,"CSS-normalized zero-inflated Gaussian coefficient",,
"cdi_schubert","Akkermansia","metagenomeSeq","metagenomeSeq","differential abundance","H","CDI","age_z + sex + antibiotics_3mo + group",TRUE,"Available",6.49318678248297e-08,6.49318678248297e-08,6.49318678248297e-08,2.19769398791731e-07,2.22266778323455e-07,TRUE,2.88371083574326,,"CSS-normalized zero-inflated Gaussian coefficient",,
"cdi_schubert","Alistipes","metagenomeSeq","metagenomeSeq","differential abundance","H","CDI","age_z + sex + antibiotics_3mo + group",TRUE,"Available",2.2510318193536e-06,2.2510318193536e-06,2.2510318193536e-06,5.50252222508657e-06,5.56505088673528e-06,TRUE,-2.0306573283452,,"CSS-normalized zero-inflated Gaussian coefficient",,
"cdi_schubert","Anaerococcus","metagenomeSeq","metagenomeSeq","differential abundance","H","CDI","age_z + sex + antibiotics_3mo + group",TRUE,"Available",1.38503717731714e-12,1.38503717731714e-12,1.38503717731714e-12,6.7712928668838e-12,6.84823937673475e-12,TRUE,1.84450740062159,,"CSS-normalized zero-inflated Gaussian coefficient",,
"cdi_schubert","Anaerofilum","metagenomeSeq","metagenomeSeq","differential abundance","H","CDI","age_z + sex + antibiotics_3mo + group",TRUE,"Available",0.00710709721149298,0.00710709721149298,0.00710709721149298,0.00984010985159688,0.00979882267739438,TRUE,0.282840736701398,,"CSS-normalized zero-inflated Gaussian coefficient",,
"cdi_schubert","Anaerostipes","metagenomeSeq","metagenomeSeq","differential abundance","H","CDI","age_z + sex + antibiotics_3mo + group",TRUE,"Available",0.000540938508611018,0.000540938508611018,0.000540938508611018,0.000915434399187876,0.000925837062815011,TRUE,-1.06019642433808,,"CSS-normalized zero-inflated Gaussian coefficient",,
"cdi_schubert","Anaerovorax","metagenomeSeq","metagenomeSeq","differential abundance","H","CDI","age_z + sex + antibiotics_3mo + group",TRUE,"Available",6.3145975169521e-05,6.3145975169521e-05,6.3145975169521e-05,0.000113405016630976,0.000114693710001783,TRUE,-0.774565499875155,,"CSS-normalized zero-inflated Gaussian coefficient",,
"cdi_schubert","Arthrobacter","metagenomeSeq","metagenomeSeq","differential abundance","H","CDI","age_z + sex + antibiotics_3mo + group",TRUE,"Available",3.93687965430443e-23,3.93687965430443e-23,3.93687965430443e-23,1.73222704789395e-21,1.75191144616547e-21,TRUE,1.24419926609892,,"CSS-normalized zero-inflated Gaussian coefficient",,
"cdi_schubert","Bacteroides","metagenomeSeq","metagenomeSeq","differential abundance","H","CDI","age_z + sex + antibiotics_3mo + group",TRUE,"Available",8.82272752777738e-06,8.82272752777738e-06,8.82272752777738e-06,1.89365859132783e-05,1.91517743895655e-05,TRUE,-2.01091328772868,,"CSS-normalized zero-inflated Gaussian coefficient",,
"cdi_schubert","Barnesiella","metagenomeSeq","metagenomeSeq","differential abundance","H","CDI","age_z + sex + antibiotics_3mo + group",TRUE,"Available",2.116463852185e-10,2.116463852185e-10,2.116463852185e-10,8.46585540873999e-10,8.56205831111204e-10,TRUE,-3.87697769347041,,"CSS-normalized zero-inflated Gaussian coefficient",,
"cdi_schubert","Bifidobacterium","metagenomeSeq","metagenomeSeq","differential abundance","H","CDI","age_z + sex + antibiotics_3mo + group",TRUE,"Available",0.639871536619155,0.639871536619155,0.639871536619155,0.686691405152264,0.68612731035066,FALSE,0.171215062261504,,"CSS-normalized zero-inflated Gaussian coefficient",,
"cdi_schubert","Bilophila","metagenomeSeq","metagenomeSeq","differential abundance","H","CDI","age_z + sex + antibiotics_3mo + group",TRUE,"Available",0.00538836341780482,0.00538836341780482,0.00538836341780482,0.00764799968978749,0.00761213244737506,TRUE,0.796213918390436,,"CSS-normalized zero-inflated Gaussian coefficient",,
"cdi_schubert","Blautia","metagenomeSeq","metagenomeSeq","differential abundance","H","CDI","age_z + sex + antibiotics_3mo + group",TRUE,"Available",0.00362736782164221,0.00362736782164221,0.00362736782164221,0.00560014681235991,0.00556613338148547,TRUE,0.961078603873275,,"CSS-normalized zero-inflated Gaussian coefficient",,
"cdi_schubert","Buttiauxella","metagenomeSeq","metagenomeSeq","differential abundance","H","CDI","age_z + sex + antibiotics_3mo + group",TRUE,"Available",9.8111029987723e-20,9.8111029987723e-20,9.8111029987723e-20,1.85014350353864e-18,1.8711678615334e-18,TRUE,1.38553026194665,,"CSS-normalized zero-inflated Gaussian coefficient",,
"cdi_schubert","Butyricicoccus","metagenomeSeq","metagenomeSeq","differential abundance","H","CDI","age_z + sex + antibiotics_3mo + group",TRUE,"Available",0.499566318219848,0.499566318219848,0.499566318219848,0.556478936751223,0.55576752901958,FALSE,0.174777131095089,,"CSS-normalized zero-inflated Gaussian coefficient",,
"cdi_schubert","Butyricimonas","metagenomeSeq","metagenomeSeq","differential abundance","H","CDI","age_z + sex + antibiotics_3mo + group",TRUE,"Available",1.31887923584143e-07,1.31887923584143e-07,1.31887923584143e-07,4.1450490269302e-07,4.19215185678167e-07,TRUE,-2.12016378493086,,"CSS-normalized zero-inflated Gaussian coefficient",,
"cdi_schubert","Citrobacter","metagenomeSeq","metagenomeSeq","differential abundance","H","CDI","age_z + sex + antibiotics_3mo + group",TRUE,"Available",1.03581642392252e-13,1.03581642392252e-13,1.03581642392252e-13,5.69699033157385e-13,5.76172885806901e-13,TRUE,0.880624614421351,,"CSS-normalized zero-inflated Gaussian coefficient",,
"cdi_schubert","Cloacibacillus","metagenomeSeq","metagenomeSeq","differential abundance","H","CDI","age_z + sex + antibiotics_3mo + group",TRUE,"Available",0.00340152677264387,0.00340152677264387,0.00340152677264387,0.00534525635701179,0.00531115583798779,TRUE,-0.4041499804807,,"CSS-normalized zero-inflated Gaussian coefficient",,
"cdi_schubert","Clostridium_IV","metagenomeSeq","metagenomeSeq","differential abundance","H","CDI","age_z + sex + antibiotics_3mo + group",TRUE,"Available",1.51683195140945e-06,1.51683195140945e-06,1.51683195140945e-06,4.04488520375853e-06,4.09084980834669e-06,TRUE,-1.43628373552055,,"CSS-normalized zero-inflated Gaussian coefficient",,
"cdi_schubert","Clostridium_sensu_stricto","metagenomeSeq","metagenomeSeq","differential abundance","H","CDI","age_z + sex + antibiotics_3mo + group",TRUE,"Available",0.00160442143456902,0.00160442143456902,0.00160442143456902,0.00261461270818656,0.00259624559412078,TRUE,1.19415863760722,,"CSS-normalized zero-inflated Gaussian coefficient",,
"cdi_schubert","Clostridium_XI","metagenomeSeq","metagenomeSeq","differential abundance","H","CDI","age_z + sex + antibiotics_3mo + group",TRUE,"Available",0.00534446110769429,0.00534446110769429,0.00534446110769429,0.00764799968978749,0.00761213244737506,TRUE,1.03288920471032,,"CSS-normalized zero-inflated Gaussian coefficient",,
"cdi_schubert","Clostridium_XlVa","metagenomeSeq","metagenomeSeq","differential abundance","H","CDI","age_z + sex + antibiotics_3mo + group",TRUE,"Available",0.0637622482791373,0.0637622482791373,0.0637622482791373,0.0801582549794869,0.079927325307651,FALSE,-0.537995856165496,,"CSS-normalized zero-inflated Gaussian coefficient",,
"cdi_schubert","Clostridium_XlVb","metagenomeSeq","metagenomeSeq","differential abundance","H","CDI","age_z + sex + antibiotics_3mo + group",TRUE,"Available",0.039590119540941,0.039590119540941,0.039590119540941,0.0504917466609103,0.050336009130625,FALSE,0.670543423904325,,"CSS-normalized zero-inflated Gaussian coefficient",,
"cdi_schubert","Clostridium_XVIII","metagenomeSeq","metagenomeSeq","differential abundance","H","CDI","age_z + sex + antibiotics_3mo + group",TRUE,"Available",0.0155111217478633,0.0155111217478633,0.0155111217478633,0.0209996725201841,0.0209165126599974,TRUE,0.867244624621726,,"CSS-normalized zero-inflated Gaussian coefficient",,
"cdi_schubert","Coprobacillus","metagenomeSeq","metagenomeSeq","differential abundance","H","CDI","age_z + sex + antibiotics_3mo + group",TRUE,"Available",0.999105922515633,0.999105922515633,0.999105922515633,0.999105922515633,0.999105922515633,FALSE,-0.000335226631720546,,"CSS-normalized zero-inflated Gaussian coefficient",,
"cdi_schubert","Coprococcus","metagenomeSeq","metagenomeSeq","differential abundance","H","CDI","age_z + sex + antibiotics_3mo + group",TRUE,"Available",0.968183034713785,0.968183034713785,0.968183034713785,0.979311575342679,0.979185114653714,FALSE,0.0140258259638601,,"CSS-normalized zero-inflated Gaussian coefficient",,
"cdi_schubert","Desulfovibrio","metagenomeSeq","metagenomeSeq","differential abundance","H","CDI","age_z + sex + antibiotics_3mo + group",TRUE,"Available",4.85167224548904e-05,4.85167224548904e-05,4.85167224548904e-05,8.89473245006324e-05,8.9958089551776e-05,TRUE,0.720025728433572,,"CSS-normalized zero-inflated Gaussian coefficient",,
"cdi_schubert","Dialister","metagenomeSeq","metagenomeSeq","differential abundance","H","CDI","age_z + sex + antibiotics_3mo + group",TRUE,"Available",0.440743302268931,0.440743302268931,0.440743302268931,0.497248853841871,0.496533593695378,FALSE,0.3994384188618,,"CSS-normalized zero-inflated Gaussian coefficient",,
"cdi_schubert","Dorea","metagenomeSeq","metagenomeSeq","differential abundance","H","CDI","age_z + sex + antibiotics_3mo + group",TRUE,"Available",0.0071564435284341,0.0071564435284341,0.0071564435284341,0.00984010985159688,0.00979882267739438,TRUE,-0.930640089289174,,"CSS-normalized zero-inflated Gaussian coefficient",,
"cdi_schubert","Enterococcus","metagenomeSeq","metagenomeSeq","differential abundance","H","CDI","age_z + sex + antibiotics_3mo + group",TRUE,"Available",1.10427582271911e-16,1.10427582271911e-16,1.10427582271911e-16,9.71762723992815e-16,9.82805482220006e-16,TRUE,4.09979125922791,,"CSS-normalized zero-inflated Gaussian coefficient",,
"cdi_schubert","Erysipelotrichaceae_incertae_sedis","metagenomeSeq","metagenomeSeq","differential abundance","H","CDI","age_z + sex + antibiotics_3mo + group",TRUE,"Available",1.78917537916032e-06,1.78917537916032e-06,1.78917537916032e-06,4.49849809617451e-06,4.54961739272195e-06,TRUE,1.73811296797723,,"CSS-normalized zero-inflated Gaussian coefficient",,
"cdi_schubert","Ethanoligenens","metagenomeSeq","metagenomeSeq","differential abundance","H","CDI","age_z + sex + antibiotics_3mo + group",TRUE,"Available",0.00010829569394356,0.00010829569394356,0.00010829569394356,0.000190600421340665,0.000192766335219537,TRUE,-0.929998259318511,,"CSS-normalized zero-inflated Gaussian coefficient",,
"cdi_schubert","Eubacterium","metagenomeSeq","metagenomeSeq","differential abundance","H","CDI","age_z + sex + antibiotics_3mo + group",TRUE,"Available",0.876963566433224,0.876963566433224,0.876963566433224,0.918723736263378,0.918232440147729,FALSE,-0.0188421729873562,,"CSS-normalized zero-inflated Gaussian coefficient",,
"cdi_schubert","Faecalibacterium","metagenomeSeq","metagenomeSeq","differential abundance","H","CDI","age_z + sex + antibiotics_3mo + group",TRUE,"Available",1.86294627457258e-13,1.86294627457258e-13,1.86294627457258e-13,9.64348659778746e-13,9.75307167276232e-13,TRUE,-3.11292246641211,,"CSS-normalized zero-inflated Gaussian coefficient",,
"cdi_schubert","Finegoldia","metagenomeSeq","metagenomeSeq","differential abundance","H","CDI","age_z + sex + antibiotics_3mo + group",TRUE,"Available",3.46816153535655e-06,3.46816153535655e-06,3.46816153535655e-06,8.03153197661517e-06,8.12279938544034e-06,TRUE,0.754402595380599,,"CSS-normalized zero-inflated Gaussian coefficient",,
"cdi_schubert","Flavonifractor","metagenomeSeq","metagenomeSeq","differential abundance","H","CDI","age_z + sex + antibiotics_3mo + group",TRUE,"Available",0.244402139238065,0.244402139238065,0.244402139238065,0.286765176705997,0.286207768318261,FALSE,-0.258856529439209,,"CSS-normalized zero-inflated Gaussian coefficient",,
"cdi_schubert","Fusobacterium","metagenomeSeq","metagenomeSeq","differential abundance","H","CDI","age_z + sex + antibiotics_3mo + group",TRUE,"Available",4.77927051339361e-16,4.77927051339361e-16,4.77927051339361e-16,3.82341641071489e-15,3.86686432447302e-15,TRUE,3.30631777330497,,"CSS-normalized zero-inflated Gaussian coefficient",,
"cdi_schubert","Gemella","metagenomeSeq","metagenomeSeq","differential abundance","H","CDI","age_z + sex + antibiotics_3mo + group",TRUE,"Available",3.31868626129584e-22,3.31868626129584e-22,3.31868626129584e-22,9.73481303313448e-21,9.845435908511e-21,TRUE,1.92493279751344,,"CSS-normalized zero-inflated Gaussian coefficient",,
"cdi_schubert","Gemmiger","metagenomeSeq","metagenomeSeq","differential abundance","H","CDI","age_z + sex + antibiotics_3mo + group",TRUE,"Available",0.681608372530796,0.681608372530796,0.681608372530796,0.722669117863976,0.722180299467153,FALSE,-0.146866993385996,,"CSS-normalized zero-inflated Gaussian coefficient",,
"cdi_schubert","Haemophilus","metagenomeSeq","metagenomeSeq","differential abundance","H","CDI","age_z + sex + antibiotics_3mo + group",TRUE,"Available",0.000397233894371158,0.000397233894371158,0.000397233894371158,0.000685423190287488,0.000693212090177118,TRUE,1.08191797156404,,"CSS-normalized zero-inflated Gaussian coefficient",,
"cdi_schubert","Hespellia","metagenomeSeq","metagenomeSeq","differential abundance","H","CDI","age_z + sex + antibiotics_3mo + group",TRUE,"Available",3.58656839433621e-06,3.58656839433621e-06,3.58656839433621e-06,8.0927697102971e-06,8.18473300245956e-06,TRUE,1.13912524173584,,"CSS-normalized zero-inflated Gaussian coefficient",,
"cdi_schubert","Howardella","metagenomeSeq","metagenomeSeq","differential abundance","H","CDI","age_z + sex + antibiotics_3mo + group",TRUE,"Available",1.77534791812558e-07,1.77534791812558e-07,1.77534791812558e-07,5.2076872265017e-07,5.26686549043922e-07,TRUE,1.07953767389057,,"CSS-normalized zero-inflated Gaussian coefficient",,
"cdi_schubert","Kluyvera","metagenomeSeq","metagenomeSeq","differential abundance","H","CDI","age_z + sex + antibiotics_3mo + group",TRUE,"Available",3.16828160937825e-14,3.16828160937825e-14,3.16828160937825e-14,1.85872521083524e-13,1.87984708823109e-13,TRUE,2.30465413608811,,"CSS-normalized zero-inflated Gaussian coefficient",,
"cdi_schubert","Lachnospiracea_incertae_sedis","metagenomeSeq","metagenomeSeq","differential abundance","H","CDI","age_z + sex + antibiotics_3mo + group",TRUE,"Available",2.29749058765692e-24,2.29749058765692e-24,2.29749058765692e-24,2.02179171713809e-22,2.04476662301466e-22,TRUE,-3.7129216376597,,"CSS-normalized zero-inflated Gaussian coefficient",,
"cdi_schubert","Lactobacillus","metagenomeSeq","metagenomeSeq","differential abundance","H","CDI","age_z + sex + antibiotics_3mo + group",TRUE,"Available",8.95665601506223e-15,8.95665601506223e-15,8.95665601506223e-15,6.06296714865751e-14,6.13186450261953e-14,TRUE,3.9408140068397,,"CSS-normalized zero-inflated Gaussian coefficient",,
"cdi_schubert","Lactococcus","metagenomeSeq","metagenomeSeq","differential abundance","H","CDI","age_z + sex + antibiotics_3mo + group",TRUE,"Available",2.97764109663657e-05,2.97764109663657e-05,2.97764109663657e-05,5.95528219327313e-05,6.02295585456033e-05,TRUE,0.895601703676253,,"CSS-normalized zero-inflated Gaussian coefficient",,
"cdi_schubert","Lactonifactor","metagenomeSeq","metagenomeSeq","differential abundance","H","CDI","age_z + sex + antibiotics_3mo + group",TRUE,"Available",0.920602854253086,0.920602854253086,0.920602854253086,0.953094719697313,0.952716907308427,FALSE,-0.0148208829210813,,"CSS-normalized zero-inflated Gaussian coefficient",,
"cdi_schubert","Megasphaera","metagenomeSeq","metagenomeSeq","differential abundance","H","CDI","age_z + sex + antibiotics_3mo + group",TRUE,"Available",1.10608994270702e-05,1.10608994270702e-05,1.10608994270702e-05,2.31752178471947e-05,2.34385725954583e-05,TRUE,-1.22124116261834,,"CSS-normalized zero-inflated Gaussian coefficient",,
"cdi_schubert","Methanobrevibacter","metagenomeSeq","metagenomeSeq","differential abundance","H","CDI","age_z + sex + antibiotics_3mo + group",TRUE,"Available",1.59110154206801e-06,1.59110154206801e-06,1.59110154206801e-06,4.11814516770544e-06,4.16494227188391e-06,TRUE,-0.987513650150925,,"CSS-normalized zero-inflated Gaussian coefficient",,
"cdi_schubert","Odoribacter","metagenomeSeq","metagenomeSeq","differential abundance","H","CDI","age_z + sex + antibiotics_3mo + group",TRUE,"Available",1.8758064309538e-08,1.8758064309538e-08,1.8758064309538e-08,6.87795691349725e-08,6.956115514787e-08,TRUE,-2.19469156325122,,"CSS-normalized zero-inflated Gaussian coefficient",,
"cdi_schubert","Oscillibacter","metagenomeSeq","metagenomeSeq","differential abundance","H","CDI","age_z + sex + antibiotics_3mo + group",TRUE,"Available",0.00417702285729187,0.00417702285729187,0.00417702285729187,0.0062301357871472,0.00619591723831628,TRUE,-0.942299918715343,,"CSS-normalized zero-inflated Gaussian coefficient",,
"cdi_schubert","Pandoraea","metagenomeSeq","metagenomeSeq","differential abundance","H","CDI","age_z + sex + antibiotics_3mo + group",TRUE,"Available",0.121007141133216,0.121007141133216,0.121007141133216,0.145871622187986,0.145535615687246,FALSE,0.119126937101769,,"CSS-normalized zero-inflated Gaussian coefficient",,
"cdi_schubert","Parabacteroides","metagenomeSeq","metagenomeSeq","differential abundance","H","CDI","age_z + sex + antibiotics_3mo + group",TRUE,"Available",0.0772423552869337,0.0772423552869337,0.0772423552869337,0.0957370037359179,0.0954801336185709,FALSE,-0.723499273109883,,"CSS-normalized zero-inflated Gaussian coefficient",,
"cdi_schubert","Paraprevotella","metagenomeSeq","metagenomeSeq","differential abundance","H","CDI","age_z + sex + antibiotics_3mo + group",TRUE,"Available",0.0165451239335737,0.0165451239335737,0.0165451239335737,0.0220601652447649,0.0219778511953441,TRUE,-0.820621995575468,,"CSS-normalized zero-inflated Gaussian coefficient",,
"cdi_schubert","Parasutterella","metagenomeSeq","metagenomeSeq","differential abundance","H","CDI","age_z + sex + antibiotics_3mo + group",TRUE,"Available",4.5482722046211e-05,4.5482722046211e-05,4.5482722046211e-05,8.51591391503524e-05,8.61268566406973e-05,TRUE,-1.85665053370071,,"CSS-normalized zero-inflated Gaussian coefficient",,
"cdi_schubert","Prevotella","metagenomeSeq","metagenomeSeq","differential abundance","H","CDI","age_z + sex + antibiotics_3mo + group",TRUE,"Available",8.95585398572547e-08,8.95585398572547e-08,8.95585398572547e-08,2.91894500275497e-07,2.95211483233173e-07,TRUE,-3.34699875814723,,"CSS-normalized zero-inflated Gaussian coefficient",,
"cdi_schubert","Proteus","metagenomeSeq","metagenomeSeq","differential abundance","H","CDI","age_z + sex + antibiotics_3mo + group",TRUE,"Available",6.77948508206895e-18,6.77948508206895e-18,6.77948508206895e-18,6.62882985802297e-17,6.70415747004596e-17,TRUE,3.5286022439371,,"CSS-normalized zero-inflated Gaussian coefficient",,
"cdi_schubert","Raoultella","metagenomeSeq","metagenomeSeq","differential abundance","H","CDI","age_z + sex + antibiotics_3mo + group",TRUE,"Available",5.74407712309761e-15,5.74407712309761e-15,5.74407712309761e-15,4.21232322360491e-14,4.26019053296406e-14,TRUE,4.31049445016453,,"CSS-normalized zero-inflated Gaussian coefficient",,
"cdi_schubert","Roseburia","metagenomeSeq","metagenomeSeq","differential abundance","H","CDI","age_z + sex + antibiotics_3mo + group",TRUE,"Available",2.66419435021347e-06,2.66419435021347e-06,2.66419435021347e-06,6.33646223834555e-06,6.40846749105402e-06,TRUE,-1.82263205138887,,"CSS-normalized zero-inflated Gaussian coefficient",,
"cdi_schubert","Ruminococcus","metagenomeSeq","metagenomeSeq","differential abundance","H","CDI","age_z + sex + antibiotics_3mo + group",TRUE,"Available",2.33296008319906e-08,2.33296008319906e-08,2.33296008319906e-08,8.2120194928607e-08,8.30533789618866e-08,TRUE,-1.48151723724396,,"CSS-normalized zero-inflated Gaussian coefficient",,
"cdi_schubert","Ruminococcus2","metagenomeSeq","metagenomeSeq","differential abundance","H","CDI","age_z + sex + antibiotics_3mo + group",TRUE,"Available",0.215157963062051,0.215157963062051,0.215157963062051,0.255863523641358,0.255320782833634,FALSE,0.386142821977906,,"CSS-normalized zero-inflated Gaussian coefficient",,
"cdi_schubert","Sarcina","metagenomeSeq","metagenomeSeq","differential abundance","H","CDI","age_z + sex + antibiotics_3mo + group",TRUE,"Available",1.4300331485307e-11,1.4300331485307e-11,1.4300331485307e-11,6.62331142477378e-11,6.69857632732803e-11,TRUE,1.36252301254333,,"CSS-normalized zero-inflated Gaussian coefficient",,
"cdi_schubert","Serratia","metagenomeSeq","metagenomeSeq","differential abundance","H","CDI","age_z + sex + antibiotics_3mo + group",TRUE,"Available",8.11197431784565e-11,8.11197431784565e-11,8.11197431784565e-11,3.39930352366865e-10,3.43793197280125e-10,TRUE,0.830586429664671,,"CSS-normalized zero-inflated Gaussian coefficient",,
"cdi_schubert","Sporobacter","metagenomeSeq","metagenomeSeq","differential abundance","H","CDI","age_z + sex + antibiotics_3mo + group",TRUE,"Available",0.511021278868233,0.511021278868233,0.511021278868233,0.562123406755056,0.561492516287318,FALSE,-0.0933767074548694,,"CSS-normalized zero-inflated Gaussian coefficient",,
"cdi_schubert","Streptococcus","metagenomeSeq","metagenomeSeq","differential abundance","H","CDI","age_z + sex + antibiotics_3mo + group",TRUE,"Available",1.50412141833119e-06,1.50412141833119e-06,1.50412141833119e-06,4.04488520375853e-06,4.09084980834669e-06,TRUE,1.78516601109811,,"CSS-normalized zero-inflated Gaussian coefficient",,
"cdi_schubert","Sutterella","metagenomeSeq","metagenomeSeq","differential abundance","H","CDI","age_z + sex + antibiotics_3mo + group",TRUE,"Available",3.07067658351921e-14,3.07067658351921e-14,3.07067658351921e-14,1.85872521083524e-13,1.87984708823109e-13,TRUE,-2.98034330069289,,"CSS-normalized zero-inflated Gaussian coefficient",,
"cdi_schubert","Syntrophococcus","metagenomeSeq","metagenomeSeq","differential abundance","H","CDI","age_z + sex + antibiotics_3mo + group",TRUE,"Available",0.0052230192433064,0.0052230192433064,0.0052230192433064,0.00764799968978749,0.00761213244737506,TRUE,-0.36833449621226,,"CSS-normalized zero-inflated Gaussian coefficient",,
"cdi_schubert","Tetragenococcus","metagenomeSeq","metagenomeSeq","differential abundance","H","CDI","age_z + sex + antibiotics_3mo + group",TRUE,"Available",4.13742660622993e-19,4.13742660622993e-19,4.13742660622993e-19,5.20133630497477e-18,5.26044239934948e-18,TRUE,1.97897797318287,,"CSS-normalized zero-inflated Gaussian coefficient",,
"cdi_schubert","Turicibacter","metagenomeSeq","metagenomeSeq","differential abundance","H","CDI","age_z + sex + antibiotics_3mo + group",TRUE,"Available",0.31373286161257,0.31373286161257,0.31373286161257,0.361275157773729,0.360696191174733,FALSE,-0.259266608519855,,"CSS-normalized zero-inflated Gaussian coefficient",,
"cdi_schubert","Unclassified_Acidaminococcaceae","metagenomeSeq","metagenomeSeq","differential abundance","H","CDI","age_z + sex + antibiotics_3mo + group",TRUE,"Available",0.0263163991866627,0.0263163991866627,0.0263163991866627,0.0345648228123332,0.0344435224648968,TRUE,-0.721283288633884,,"CSS-normalized zero-inflated Gaussian coefficient",,
"cdi_schubert","Unclassified_Actinobacteria","metagenomeSeq","metagenomeSeq","differential abundance","H","CDI","age_z + sex + antibiotics_3mo + group",TRUE,"Available",5.40736972855757e-09,5.40736972855757e-09,5.40736972855757e-09,2.06890667875246e-08,2.0924169819201e-08,TRUE,-1.27595229937568,,"CSS-normalized zero-inflated Gaussian coefficient",,
"cdi_schubert","Unclassified_Clostridia","metagenomeSeq","metagenomeSeq","differential abundance","H","CDI","age_z + sex + antibiotics_3mo + group",TRUE,"Available",0.00104935449304289,0.00104935449304289,0.00104935449304289,0.00174232444127876,0.00176212358265692,TRUE,-1.08872516543815,,"CSS-normalized zero-inflated Gaussian coefficient",,
"cdi_schubert","Unclassified_Clostridiaceae_1","metagenomeSeq","metagenomeSeq","differential abundance","H","CDI","age_z + sex + antibiotics_3mo + group",TRUE,"Available",0.961882853120187,0.961882853120187,0.961882853120187,0.979311575342679,0.979185114653714,FALSE,0.00401826398865989,,"CSS-normalized zero-inflated Gaussian coefficient",,
"cdi_schubert","Unclassified_Clostridiales","metagenomeSeq","metagenomeSeq","differential abundance","H","CDI","age_z + sex + antibiotics_3mo + group",TRUE,"Available",5.01905914217392e-11,5.01905914217392e-11,5.01905914217392e-11,2.20838602255653e-10,2.2334813182674e-10,TRUE,-2.28866107919589,,"CSS-normalized zero-inflated Gaussian coefficient",,
"cdi_schubert","Unclassified_Enterobacteriaceae","metagenomeSeq","metagenomeSeq","differential abundance","H","CDI","age_z + sex + antibiotics_3mo + group",TRUE,"Available",2.78233695319824e-05,2.78233695319824e-05,2.78233695319824e-05,5.69408492747546e-05,5.75879043801496e-05,TRUE,2.40255453517276,,"CSS-normalized zero-inflated Gaussian coefficient",,
"cdi_schubert","Unclassified_Eubacteriaceae","metagenomeSeq","metagenomeSeq","differential abundance","H","CDI","age_z + sex + antibiotics_3mo + group",TRUE,"Available",0.00409012148638341,0.00409012148638341,0.00409012148638341,0.00620570156554725,0.00616984427606989,TRUE,0.682329778783159,,"CSS-normalized zero-inflated Gaussian coefficient",,
"cdi_schubert","Unclassified_Firmicutes","metagenomeSeq","metagenomeSeq","differential abundance","H","CDI","age_z + sex + antibiotics_3mo + group",TRUE,"Available",2.7147627222997e-07,2.7147627222997e-07,2.7147627222997e-07,7.70642321168947e-07,7.7939962027314e-07,TRUE,-2.01585579791378,,"CSS-normalized zero-inflated Gaussian coefficient",,
"cdi_schubert","Unclassified_Lachnospiraceae","metagenomeSeq","metagenomeSeq","differential abundance","H","CDI","age_z + sex + antibiotics_3mo + group",TRUE,"Available",3.69007397232771e-05,3.69007397232771e-05,3.69007397232771e-05,7.21614465699641e-05,7.29814630082592e-05,TRUE,-1.15515471334232,,"CSS-normalized zero-inflated Gaussian coefficient",,
"cdi_schubert","Unclassified_Pasteurellaceae","metagenomeSeq","metagenomeSeq","differential abundance","H","CDI","age_z + sex + antibiotics_3mo + group",TRUE,"Available",4.33626065260479e-05,4.33626065260479e-05,4.33626065260479e-05,8.29545516150482e-05,8.38972169743101e-05,TRUE,1.03940719984494,,"CSS-normalized zero-inflated Gaussian coefficient",,
"cdi_schubert","Unclassified_Prevotellaceae","metagenomeSeq","metagenomeSeq","differential abundance","H","CDI","age_z + sex + antibiotics_3mo + group",TRUE,"Available",7.65519253074693e-06,7.65519253074693e-06,7.65519253074693e-06,1.68414235676433e-05,1.70328033809119e-05,TRUE,-0.992428581994803,,"CSS-normalized zero-inflated Gaussian coefficient",,
"cdi_schubert","Unclassified_Proteobacteria","metagenomeSeq","metagenomeSeq","differential abundance","H","CDI","age_z + sex + antibiotics_3mo + group",TRUE,"Available",0.586235021942104,0.586235021942104,0.586235021942104,0.636897307788953,0.636279475034723,FALSE,0.0697851662336733,,"CSS-normalized zero-inflated Gaussian coefficient",,
"cdi_schubert","Unclassified_Ruminococcaceae","metagenomeSeq","metagenomeSeq","differential abundance","H","CDI","age_z + sex + antibiotics_3mo + group",TRUE,"Available",0.316115763052013,0.316115763052013,0.316115763052013,0.361275157773729,0.360696191174733,FALSE,-0.294229350222552,,"CSS-normalized zero-inflated Gaussian coefficient",,
"cdi_schubert","Unclassified_Selenomonadales","metagenomeSeq","metagenomeSeq","differential abundance","H","CDI","age_z + sex + antibiotics_3mo + group",TRUE,"Available",1.60089902817769e-07,1.60089902817769e-07,1.60089902817769e-07,4.85790049929781e-07,4.91310391406256e-07,TRUE,-2.61758963288793,,"CSS-normalized zero-inflated Gaussian coefficient",,
"cdi_schubert","Unclassified_Sphingomonadaceae","metagenomeSeq","metagenomeSeq","differential abundance","H","CDI","age_z + sex + antibiotics_3mo + group",TRUE,"Available",0.03220393480259,0.03220393480259,0.03220393480259,0.0416756803327636,0.0415384086584132,TRUE,0.236421339617718,,"CSS-normalized zero-inflated Gaussian coefficient",,
"cdi_schubert","Unclassified_Veillonellaceae","metagenomeSeq","metagenomeSeq","differential abundance","H","CDI","age_z + sex + antibiotics_3mo + group",TRUE,"Available",0.00296237638618707,0.00296237638618707,0.00296237638618707,0.00473980221789931,0.00470806247090445,TRUE,-0.437001735081002,,"CSS-normalized zero-inflated Gaussian coefficient",,
"cdi_schubert","Veillonella","metagenomeSeq","metagenomeSeq","differential abundance","H","CDI","age_z + sex + antibiotics_3mo + group",TRUE,"Available",1.05121789973786e-19,1.05121789973786e-19,1.05121789973786e-19,1.85014350353864e-18,1.8711678615334e-18,TRUE,4.02459031765276,,"CSS-normalized zero-inflated Gaussian coefficient",,
"cdi_schubert","Yersinia","metagenomeSeq","metagenomeSeq","differential abundance","H","CDI","age_z + sex + antibiotics_3mo + group",TRUE,"Available",1.89050085269601e-19,1.89050085269601e-19,1.89050085269601e-19,2.77273458395414e-18,2.80424293149908e-18,TRUE,2.76360079268722,,"CSS-normalized zero-inflated Gaussian coefficient",,
