"dataset","dataset_label","replicate","scenario","taxon","observed_prevalence","prevalence_H","prevalence_Case","positive_samples_H","positive_samples_Case","total_count","sacat_retained","sacat_formed_structural_absence","sacat_regular_structural_absence","sacat_nonregular_structural_absence","sacat_formed_relative_abundance","sacat_formed_omnibus","sacat_both_components_formed","sacat_reason_structural_absence","sacat_reason_relative_abundance","sacat_warning_structural_absence","sacat_warning_relative_abundance"
"SchirmerM_2016","Schirmer 2016",1,"balanced","Agathobaculum",0.93,0.95,0.91,95,91,3762,TRUE,TRUE,TRUE,FALSE,TRUE,TRUE,TRUE,"ok","ok","",""
"SchirmerM_2016","Schirmer 2016",1,"balanced","Akkermansia",0.465,0.43,0.5,43,50,8156,TRUE,TRUE,TRUE,FALSE,TRUE,TRUE,TRUE,"ok","ok","",""
"SchirmerM_2016","Schirmer 2016",1,"balanced","Alistipes",0.945,0.94,0.95,94,95,27524,TRUE,TRUE,TRUE,FALSE,TRUE,TRUE,TRUE,"ok","ok","",""
"SchirmerM_2016","Schirmer 2016",1,"balanced","Anaerobutyricum",0.99,1,0.98,100,98,20014,TRUE,TRUE,TRUE,FALSE,TRUE,TRUE,TRUE,"ok","ok","",""
"SchirmerM_2016","Schirmer 2016",1,"balanced","Anaerostipes",0.995,1,0.99,100,99,22169,TRUE,TRUE,TRUE,FALSE,TRUE,TRUE,TRUE,"ok","ok","",""
"SchirmerM_2016","Schirmer 2016",1,"balanced","Bacteroides",1,1,1,100,100,55141,TRUE,TRUE,FALSE,TRUE,TRUE,TRUE,TRUE,"no_observed_zeros","ok","",""
"SchirmerM_2016","Schirmer 2016",1,"balanced","Barnesiella",0.81,0.8,0.82,80,82,6035,TRUE,TRUE,TRUE,FALSE,TRUE,TRUE,TRUE,"ok","ok","",""
"SchirmerM_2016","Schirmer 2016",1,"balanced","Bifidobacterium",0.98,0.98,0.98,98,98,126334,TRUE,TRUE,TRUE,FALSE,TRUE,TRUE,TRUE,"ok","ok","",""
"SchirmerM_2016","Schirmer 2016",1,"balanced","Blautia",1,1,1,100,100,20793,TRUE,TRUE,FALSE,TRUE,TRUE,TRUE,TRUE,"no_observed_zeros","ok","",""
"SchirmerM_2016","Schirmer 2016",1,"balanced","Collinsella",0.93,0.94,0.92,94,92,40548,TRUE,TRUE,TRUE,FALSE,TRUE,TRUE,TRUE,"ok","ok","",""
"SchirmerM_2016","Schirmer 2016",1,"balanced","Coprococcus",0.97,0.95,0.99,95,99,31118,TRUE,TRUE,TRUE,FALSE,TRUE,TRUE,TRUE,"ok","ok","",""
"SchirmerM_2016","Schirmer 2016",1,"balanced","Dialister",0.535,0.49,0.58,49,58,4797,TRUE,TRUE,TRUE,FALSE,TRUE,TRUE,TRUE,"ok","ok","",""
"SchirmerM_2016","Schirmer 2016",1,"balanced","Dorea",0.99,0.99,0.99,99,99,32136,TRUE,TRUE,TRUE,FALSE,TRUE,TRUE,TRUE,"ok","ok","",""
"SchirmerM_2016","Schirmer 2016",1,"balanced","Eubacterium",0.98,0.97,0.99,97,99,16281,TRUE,TRUE,TRUE,FALSE,TRUE,TRUE,TRUE,"ok","ok","",""
"SchirmerM_2016","Schirmer 2016",1,"balanced","Faecalibacterium",0.985,0.98,0.99,98,99,58649,TRUE,TRUE,TRUE,FALSE,TRUE,TRUE,TRUE,"ok","ok","",""
"SchirmerM_2016","Schirmer 2016",1,"balanced","Firmicutes_unclassified",0.86,0.87,0.85,87,85,4813,TRUE,TRUE,TRUE,FALSE,TRUE,TRUE,TRUE,"ok","ok","",""
"SchirmerM_2016","Schirmer 2016",1,"balanced","Fusicatenibacter",0.98,0.98,0.98,98,98,32140,TRUE,TRUE,TRUE,FALSE,TRUE,TRUE,TRUE,"ok","ok","",""
"SchirmerM_2016","Schirmer 2016",1,"balanced","Lachnospira",0.875,0.86,0.89,86,89,10756,TRUE,TRUE,TRUE,FALSE,TRUE,TRUE,TRUE,"ok","ok","",""
"SchirmerM_2016","Schirmer 2016",1,"balanced","Lachnospiraceae_unclassified",0.94,0.96,0.92,96,92,46695,TRUE,TRUE,TRUE,FALSE,TRUE,TRUE,TRUE,"ok","ok","",""
"SchirmerM_2016","Schirmer 2016",1,"balanced","Mediterraneibacter",0.985,0.98,0.99,98,99,25853,TRUE,TRUE,TRUE,FALSE,TRUE,TRUE,TRUE,"ok","ok","",""
"SchirmerM_2016","Schirmer 2016",1,"balanced","Methanobrevibacter",0.385,0.35,0.42,35,42,7542,TRUE,TRUE,TRUE,FALSE,TRUE,TRUE,TRUE,"ok","ok","",""
"SchirmerM_2016","Schirmer 2016",1,"balanced","Oscillibacter",0.83,0.81,0.85,81,85,4359,TRUE,TRUE,TRUE,FALSE,TRUE,TRUE,TRUE,"ok","ok","",""
"SchirmerM_2016","Schirmer 2016",1,"balanced","Parabacteroides",0.955,0.94,0.97,94,97,13263,TRUE,TRUE,TRUE,FALSE,TRUE,TRUE,TRUE,"ok","ok","",""
"SchirmerM_2016","Schirmer 2016",1,"balanced","Phascolarctobacterium",0.485,0.53,0.44,53,44,3748,TRUE,TRUE,TRUE,FALSE,TRUE,TRUE,TRUE,"ok","ok","",""
"SchirmerM_2016","Schirmer 2016",1,"balanced","Phocaeicola",1,1,1,100,100,43260,TRUE,TRUE,FALSE,TRUE,TRUE,TRUE,TRUE,"no_observed_zeros","ok","",""
"SchirmerM_2016","Schirmer 2016",1,"balanced","Prevotella",0.485,0.41,0.56,41,56,51805,TRUE,TRUE,TRUE,FALSE,TRUE,TRUE,TRUE,"ok","ok","",""
"SchirmerM_2016","Schirmer 2016",1,"balanced","Roseburia",0.985,0.99,0.98,99,98,46385,TRUE,TRUE,TRUE,FALSE,TRUE,TRUE,TRUE,"ok","ok","",""
"SchirmerM_2016","Schirmer 2016",1,"balanced","Ruminococcaceae_unclassified",0.72,0.72,0.72,72,72,6845,TRUE,TRUE,TRUE,FALSE,TRUE,TRUE,TRUE,"ok","ok","",""
"SchirmerM_2016","Schirmer 2016",1,"balanced","Ruminococcus",0.89,0.91,0.87,91,87,71623,TRUE,TRUE,TRUE,FALSE,TRUE,TRUE,TRUE,"ok","ok","",""
"SchirmerM_2016","Schirmer 2016",1,"balanced","Streptococcus",0.92,0.92,0.92,92,92,6827,TRUE,TRUE,TRUE,FALSE,TRUE,TRUE,TRUE,"ok","ok","",""
"SchirmerM_2016","Schirmer 2016",1,"fourfold","Agathobaculum",0.89,0.87,0.91,87,91,3251,TRUE,TRUE,TRUE,FALSE,TRUE,TRUE,TRUE,"ok","ok","",""
"SchirmerM_2016","Schirmer 2016",1,"fourfold","Akkermansia",0.465,0.39,0.54,39,54,7754,TRUE,TRUE,TRUE,FALSE,TRUE,TRUE,TRUE,"ok","ok","",""
"SchirmerM_2016","Schirmer 2016",1,"fourfold","Alistipes",0.96,0.95,0.97,95,97,25064,TRUE,TRUE,TRUE,FALSE,TRUE,TRUE,TRUE,"ok","ok","",""
"SchirmerM_2016","Schirmer 2016",1,"fourfold","Anaerobutyricum",0.99,1,0.98,100,98,17195,TRUE,TRUE,TRUE,FALSE,TRUE,TRUE,TRUE,"ok","ok","",""
"SchirmerM_2016","Schirmer 2016",1,"fourfold","Anaerostipes",0.99,0.99,0.99,99,99,20319,TRUE,TRUE,TRUE,FALSE,TRUE,TRUE,TRUE,"ok","ok","",""
"SchirmerM_2016","Schirmer 2016",1,"fourfold","Bacteroides",1,1,1,100,100,48082,TRUE,TRUE,FALSE,TRUE,TRUE,TRUE,TRUE,"no_observed_zeros","ok","",""
"SchirmerM_2016","Schirmer 2016",1,"fourfold","Barnesiella",0.795,0.76,0.83,76,83,5898,TRUE,TRUE,TRUE,FALSE,TRUE,TRUE,TRUE,"ok","ok","",""
"SchirmerM_2016","Schirmer 2016",1,"fourfold","Bifidobacterium",0.98,0.98,0.98,98,98,105961,TRUE,TRUE,TRUE,FALSE,TRUE,TRUE,TRUE,"ok","ok","",""
"SchirmerM_2016","Schirmer 2016",1,"fourfold","Blautia",0.995,0.99,1,99,100,21540,TRUE,TRUE,FALSE,TRUE,TRUE,TRUE,TRUE,"structural_absence_boundary_at_zero","ok","",""
"SchirmerM_2016","Schirmer 2016",1,"fourfold","Collinsella",0.92,0.9,0.94,90,94,32687,TRUE,TRUE,TRUE,FALSE,TRUE,TRUE,TRUE,"ok","ok","",""
"SchirmerM_2016","Schirmer 2016",1,"fourfold","Coprococcus",0.97,0.95,0.99,95,99,29126,TRUE,TRUE,TRUE,FALSE,TRUE,TRUE,TRUE,"ok","ok","",""
"SchirmerM_2016","Schirmer 2016",1,"fourfold","Dialister",0.52,0.47,0.57,47,57,5482,TRUE,TRUE,TRUE,FALSE,TRUE,TRUE,TRUE,"ok","ok","",""
"SchirmerM_2016","Schirmer 2016",1,"fourfold","Dorea",0.99,0.99,0.99,99,99,27977,TRUE,TRUE,TRUE,FALSE,TRUE,TRUE,TRUE,"ok","ok","",""
"SchirmerM_2016","Schirmer 2016",1,"fourfold","Eubacterium",0.965,0.93,1,93,100,13984,TRUE,TRUE,TRUE,FALSE,TRUE,TRUE,TRUE,"ok","ok","",""
"SchirmerM_2016","Schirmer 2016",1,"fourfold","Faecalibacterium",0.985,0.98,0.99,98,99,52042,TRUE,TRUE,TRUE,FALSE,TRUE,TRUE,TRUE,"ok","ok","",""
"SchirmerM_2016","Schirmer 2016",1,"fourfold","Firmicutes_unclassified",0.83,0.78,0.88,78,88,4544,TRUE,TRUE,TRUE,FALSE,TRUE,TRUE,TRUE,"ok","ok","",""
"SchirmerM_2016","Schirmer 2016",1,"fourfold","Fusicatenibacter",0.97,0.97,0.97,97,97,27688,TRUE,TRUE,TRUE,FALSE,TRUE,TRUE,TRUE,"ok","ok","",""
"SchirmerM_2016","Schirmer 2016",1,"fourfold","Lachnospira",0.84,0.79,0.89,79,89,10223,TRUE,TRUE,TRUE,FALSE,TRUE,TRUE,TRUE,"ok","ok","",""
"SchirmerM_2016","Schirmer 2016",1,"fourfold","Lachnospiraceae_unclassified",0.94,0.95,0.93,95,93,35525,TRUE,TRUE,TRUE,FALSE,TRUE,TRUE,TRUE,"ok","ok","",""
"SchirmerM_2016","Schirmer 2016",1,"fourfold","Mediterraneibacter",0.975,0.96,0.99,96,99,22652,TRUE,TRUE,TRUE,FALSE,TRUE,TRUE,TRUE,"ok","ok","",""
"SchirmerM_2016","Schirmer 2016",1,"fourfold","Methanobrevibacter",0.37,0.33,0.41,33,41,7835,TRUE,TRUE,TRUE,FALSE,TRUE,TRUE,TRUE,"ok","ok","",""
"SchirmerM_2016","Schirmer 2016",1,"fourfold","Oscillibacter",0.79,0.71,0.87,71,87,4416,TRUE,TRUE,TRUE,FALSE,TRUE,TRUE,TRUE,"ok","ok","",""
"SchirmerM_2016","Schirmer 2016",1,"fourfold","Parabacteroides",0.955,0.95,0.96,95,96,12017,TRUE,TRUE,TRUE,FALSE,TRUE,TRUE,TRUE,"ok","ok","",""
"SchirmerM_2016","Schirmer 2016",1,"fourfold","Phascolarctobacterium",0.47,0.49,0.45,49,45,3133,TRUE,TRUE,TRUE,FALSE,TRUE,TRUE,TRUE,"ok","ok","",""
"SchirmerM_2016","Schirmer 2016",1,"fourfold","Phocaeicola",1,1,1,100,100,37650,TRUE,TRUE,FALSE,TRUE,TRUE,TRUE,TRUE,"no_observed_zeros","ok","",""
"SchirmerM_2016","Schirmer 2016",1,"fourfold","Prevotella",0.515,0.42,0.61,42,61,50759,TRUE,TRUE,TRUE,FALSE,TRUE,TRUE,TRUE,"ok","ok","",""
"SchirmerM_2016","Schirmer 2016",1,"fourfold","Roseburia",0.97,0.95,0.99,95,99,38459,TRUE,TRUE,TRUE,FALSE,TRUE,TRUE,TRUE,"ok","ok","",""
"SchirmerM_2016","Schirmer 2016",1,"fourfold","Ruminococcaceae_unclassified",0.665,0.57,0.76,57,76,4875,TRUE,TRUE,TRUE,FALSE,TRUE,TRUE,TRUE,"ok","ok","",""
"SchirmerM_2016","Schirmer 2016",1,"fourfold","Ruminococcus",0.89,0.9,0.88,90,88,60679,TRUE,TRUE,TRUE,FALSE,TRUE,TRUE,TRUE,"ok","ok","",""
"SchirmerM_2016","Schirmer 2016",1,"fourfold","Streptococcus",0.875,0.81,0.94,81,94,5694,TRUE,TRUE,TRUE,FALSE,TRUE,TRUE,TRUE,"ok","ok","",""
"SchirmerM_2016","Schirmer 2016",2,"balanced","Agathobaculum",0.93,0.94,0.92,94,92,4193,TRUE,TRUE,TRUE,FALSE,TRUE,TRUE,TRUE,"ok","ok","",""
"SchirmerM_2016","Schirmer 2016",2,"balanced","Akkermansia",0.465,0.44,0.49,44,49,7237,TRUE,TRUE,TRUE,FALSE,TRUE,TRUE,TRUE,"ok","ok","",""
"SchirmerM_2016","Schirmer 2016",2,"balanced","Alistipes",0.955,0.94,0.97,94,97,27412,TRUE,TRUE,TRUE,FALSE,TRUE,TRUE,TRUE,"ok","ok","",""
"SchirmerM_2016","Schirmer 2016",2,"balanced","Anaerobutyricum",0.99,0.99,0.99,99,99,19996,TRUE,TRUE,TRUE,FALSE,TRUE,TRUE,TRUE,"ok","ok","",""
"SchirmerM_2016","Schirmer 2016",2,"balanced","Anaerostipes",0.995,0.99,1,99,100,22870,TRUE,TRUE,TRUE,FALSE,TRUE,TRUE,TRUE,"ok","ok","",""
"SchirmerM_2016","Schirmer 2016",2,"balanced","Bacteroides",1,1,1,100,100,53659,TRUE,TRUE,FALSE,TRUE,TRUE,TRUE,TRUE,"no_observed_zeros","ok","",""
"SchirmerM_2016","Schirmer 2016",2,"balanced","Barnesiella",0.81,0.78,0.84,78,84,6515,TRUE,TRUE,TRUE,FALSE,TRUE,TRUE,TRUE,"ok","ok","",""
"SchirmerM_2016","Schirmer 2016",2,"balanced","Bifidobacterium",0.975,0.97,0.98,97,98,124461,TRUE,TRUE,TRUE,FALSE,TRUE,TRUE,TRUE,"ok","ok","",""
"SchirmerM_2016","Schirmer 2016",2,"balanced","Blautia",1,1,1,100,100,20110,TRUE,TRUE,FALSE,TRUE,TRUE,TRUE,TRUE,"no_observed_zeros","ok","",""
"SchirmerM_2016","Schirmer 2016",2,"balanced","Collinsella",0.94,0.95,0.93,95,93,39084,TRUE,TRUE,TRUE,FALSE,TRUE,TRUE,TRUE,"ok","ok","",""
"SchirmerM_2016","Schirmer 2016",2,"balanced","Coprococcus",0.975,0.96,0.99,96,99,31693,TRUE,TRUE,TRUE,FALSE,TRUE,TRUE,TRUE,"ok","ok","",""
"SchirmerM_2016","Schirmer 2016",2,"balanced","Dialister",0.525,0.54,0.51,54,51,4735,TRUE,TRUE,TRUE,FALSE,TRUE,TRUE,TRUE,"ok","ok","",""
"SchirmerM_2016","Schirmer 2016",2,"balanced","Dorea",0.99,1,0.98,100,98,31540,TRUE,TRUE,TRUE,FALSE,TRUE,TRUE,TRUE,"ok","ok","",""
"SchirmerM_2016","Schirmer 2016",2,"balanced","Eubacterium",0.99,0.98,1,98,100,15579,TRUE,TRUE,TRUE,FALSE,TRUE,TRUE,TRUE,"ok","ok","",""
"SchirmerM_2016","Schirmer 2016",2,"balanced","Faecalibacterium",0.985,0.98,0.99,98,99,56166,TRUE,TRUE,TRUE,FALSE,TRUE,TRUE,TRUE,"ok","ok","",""
"SchirmerM_2016","Schirmer 2016",2,"balanced","Firmicutes_unclassified",0.84,0.83,0.85,83,85,4799,TRUE,TRUE,TRUE,FALSE,TRUE,TRUE,TRUE,"ok","ok","",""
"SchirmerM_2016","Schirmer 2016",2,"balanced","Fusicatenibacter",0.965,0.96,0.97,96,97,31275,TRUE,TRUE,TRUE,FALSE,TRUE,TRUE,TRUE,"ok","ok","",""
"SchirmerM_2016","Schirmer 2016",2,"balanced","Lachnospira",0.85,0.83,0.87,83,87,9796,TRUE,TRUE,TRUE,FALSE,TRUE,TRUE,TRUE,"ok","ok","",""
"SchirmerM_2016","Schirmer 2016",2,"balanced","Lachnospiraceae_unclassified",0.955,0.97,0.94,97,94,44618,TRUE,TRUE,TRUE,FALSE,TRUE,TRUE,TRUE,"ok","ok","",""
"SchirmerM_2016","Schirmer 2016",2,"balanced","Mediterraneibacter",0.995,1,0.99,100,99,26052,TRUE,TRUE,TRUE,FALSE,TRUE,TRUE,TRUE,"ok","ok","",""
"SchirmerM_2016","Schirmer 2016",2,"balanced","Methanobrevibacter",0.375,0.37,0.38,37,38,7986,TRUE,TRUE,TRUE,FALSE,TRUE,TRUE,TRUE,"ok","ok","",""
"SchirmerM_2016","Schirmer 2016",2,"balanced","Oscillibacter",0.84,0.84,0.84,84,84,4343,TRUE,TRUE,TRUE,FALSE,TRUE,TRUE,TRUE,"ok","ok","",""
"SchirmerM_2016","Schirmer 2016",2,"balanced","Parabacteroides",0.955,0.95,0.96,95,96,12754,TRUE,TRUE,TRUE,FALSE,TRUE,TRUE,TRUE,"ok","ok","",""
"SchirmerM_2016","Schirmer 2016",2,"balanced","Phascolarctobacterium",0.485,0.46,0.51,46,51,3896,TRUE,TRUE,TRUE,FALSE,TRUE,TRUE,TRUE,"ok","ok","",""
"SchirmerM_2016","Schirmer 2016",2,"balanced","Phocaeicola",1,1,1,100,100,41619,TRUE,TRUE,FALSE,TRUE,TRUE,TRUE,TRUE,"no_observed_zeros","ok","",""
"SchirmerM_2016","Schirmer 2016",2,"balanced","Prevotella",0.49,0.51,0.47,51,47,55314,TRUE,TRUE,TRUE,FALSE,TRUE,TRUE,TRUE,"ok","ok","",""
"SchirmerM_2016","Schirmer 2016",2,"balanced","Roseburia",0.99,0.99,0.99,99,99,42886,TRUE,TRUE,TRUE,FALSE,TRUE,TRUE,TRUE,"ok","ok","",""
"SchirmerM_2016","Schirmer 2016",2,"balanced","Ruminococcaceae_unclassified",0.73,0.69,0.77,69,77,5345,TRUE,TRUE,TRUE,FALSE,TRUE,TRUE,TRUE,"ok","ok","",""
"SchirmerM_2016","Schirmer 2016",2,"balanced","Ruminococcus",0.895,0.91,0.88,91,88,67940,TRUE,TRUE,TRUE,FALSE,TRUE,TRUE,TRUE,"ok","ok","",""
"SchirmerM_2016","Schirmer 2016",2,"balanced","Streptococcus",0.91,0.92,0.9,92,90,6844,TRUE,TRUE,TRUE,FALSE,TRUE,TRUE,TRUE,"ok","ok","",""
"SchirmerM_2016","Schirmer 2016",2,"fourfold","Agathobaculum",0.87,0.8,0.94,80,94,3473,TRUE,TRUE,TRUE,FALSE,TRUE,TRUE,TRUE,"ok","ok","",""
"SchirmerM_2016","Schirmer 2016",2,"fourfold","Akkermansia",0.445,0.38,0.51,38,51,11297,TRUE,TRUE,TRUE,FALSE,TRUE,TRUE,TRUE,"ok","ok","",""
"SchirmerM_2016","Schirmer 2016",2,"fourfold","Alistipes",0.955,0.93,0.98,93,98,26524,TRUE,TRUE,TRUE,FALSE,TRUE,TRUE,TRUE,"ok","ok","",""
"SchirmerM_2016","Schirmer 2016",2,"fourfold","Anaerobutyricum",0.985,0.98,0.99,98,99,18539,TRUE,TRUE,TRUE,FALSE,TRUE,TRUE,TRUE,"ok","ok","",""
"SchirmerM_2016","Schirmer 2016",2,"fourfold","Anaerostipes",0.99,0.98,1,98,100,22214,TRUE,TRUE,TRUE,FALSE,TRUE,TRUE,TRUE,"ok","ok","",""
"SchirmerM_2016","Schirmer 2016",2,"fourfold","Bacteroides",0.995,0.99,1,99,100,53865,TRUE,TRUE,TRUE,FALSE,TRUE,TRUE,TRUE,"ok","ok","",""
"SchirmerM_2016","Schirmer 2016",2,"fourfold","Barnesiella",0.795,0.74,0.85,74,85,6372,TRUE,TRUE,TRUE,FALSE,TRUE,TRUE,TRUE,"ok","ok","",""
"SchirmerM_2016","Schirmer 2016",2,"fourfold","Bifidobacterium",0.975,0.97,0.98,97,98,117995,TRUE,TRUE,TRUE,FALSE,TRUE,TRUE,TRUE,"ok","ok","",""
"SchirmerM_2016","Schirmer 2016",2,"fourfold","Blautia",0.99,0.98,1,98,100,20959,TRUE,TRUE,TRUE,FALSE,TRUE,TRUE,TRUE,"ok","ok","",""
"SchirmerM_2016","Schirmer 2016",2,"fourfold","Collinsella",0.93,0.92,0.94,92,94,33537,TRUE,TRUE,TRUE,FALSE,TRUE,TRUE,TRUE,"ok","ok","",""
"SchirmerM_2016","Schirmer 2016",2,"fourfold","Coprococcus",0.97,0.95,0.99,95,99,29432,TRUE,TRUE,TRUE,FALSE,TRUE,TRUE,TRUE,"ok","ok","",""
"SchirmerM_2016","Schirmer 2016",2,"fourfold","Dialister",0.505,0.48,0.53,48,53,3831,TRUE,TRUE,TRUE,FALSE,TRUE,TRUE,TRUE,"ok","ok","",""
"SchirmerM_2016","Schirmer 2016",2,"fourfold","Dorea",0.99,1,0.98,100,98,28963,TRUE,TRUE,TRUE,FALSE,TRUE,TRUE,TRUE,"ok","ok","",""
"SchirmerM_2016","Schirmer 2016",2,"fourfold","Eubacterium",0.97,0.95,0.99,95,99,13996,TRUE,TRUE,TRUE,FALSE,TRUE,TRUE,TRUE,"ok","ok","",""
"SchirmerM_2016","Schirmer 2016",2,"fourfold","Faecalibacterium",0.985,0.98,0.99,98,99,56404,TRUE,TRUE,TRUE,FALSE,TRUE,TRUE,TRUE,"ok","ok","",""
"SchirmerM_2016","Schirmer 2016",2,"fourfold","Firmicutes_unclassified",0.83,0.76,0.9,76,90,4872,TRUE,TRUE,TRUE,FALSE,TRUE,TRUE,TRUE,"ok","ok","",""
"SchirmerM_2016","Schirmer 2016",2,"fourfold","Fusicatenibacter",0.975,0.96,0.99,96,99,32388,TRUE,TRUE,TRUE,FALSE,TRUE,TRUE,TRUE,"ok","ok","",""
"SchirmerM_2016","Schirmer 2016",2,"fourfold","Lachnospira",0.865,0.83,0.9,83,90,8482,TRUE,TRUE,TRUE,FALSE,TRUE,TRUE,TRUE,"ok","ok","",""
"SchirmerM_2016","Schirmer 2016",2,"fourfold","Lachnospiraceae_unclassified",0.915,0.9,0.93,90,93,40111,TRUE,TRUE,TRUE,FALSE,TRUE,TRUE,TRUE,"ok","ok","",""
"SchirmerM_2016","Schirmer 2016",2,"fourfold","Mediterraneibacter",0.985,0.98,0.99,98,99,22379,TRUE,TRUE,TRUE,FALSE,TRUE,TRUE,TRUE,"ok","ok","",""
"SchirmerM_2016","Schirmer 2016",2,"fourfold","Methanobrevibacter",0.36,0.34,0.38,34,38,6277,TRUE,TRUE,TRUE,FALSE,TRUE,TRUE,TRUE,"ok","ok","",""
"SchirmerM_2016","Schirmer 2016",2,"fourfold","Oscillibacter",0.78,0.75,0.81,75,81,4064,TRUE,TRUE,TRUE,FALSE,TRUE,TRUE,TRUE,"ok","ok","",""
"SchirmerM_2016","Schirmer 2016",2,"fourfold","Parabacteroides",0.95,0.94,0.96,94,96,12649,TRUE,TRUE,TRUE,FALSE,TRUE,TRUE,TRUE,"ok","ok","",""
"SchirmerM_2016","Schirmer 2016",2,"fourfold","Phascolarctobacterium",0.465,0.42,0.51,42,51,3565,TRUE,TRUE,TRUE,FALSE,TRUE,TRUE,TRUE,"ok","ok","",""
"SchirmerM_2016","Schirmer 2016",2,"fourfold","Phocaeicola",1,1,1,100,100,41028,TRUE,TRUE,FALSE,TRUE,TRUE,TRUE,TRUE,"no_observed_zeros","ok","",""
"SchirmerM_2016","Schirmer 2016",2,"fourfold","Prevotella",0.505,0.53,0.48,53,48,47071,TRUE,TRUE,TRUE,FALSE,TRUE,TRUE,TRUE,"ok","ok","",""
"SchirmerM_2016","Schirmer 2016",2,"fourfold","Roseburia",0.99,0.98,1,98,100,42729,TRUE,TRUE,TRUE,FALSE,TRUE,TRUE,TRUE,"ok","ok","",""
"SchirmerM_2016","Schirmer 2016",2,"fourfold","Ruminococcaceae_unclassified",0.655,0.53,0.78,53,78,5766,TRUE,TRUE,TRUE,FALSE,TRUE,TRUE,TRUE,"ok","ok","",""
"SchirmerM_2016","Schirmer 2016",2,"fourfold","Ruminococcus",0.895,0.9,0.89,90,89,66485,TRUE,TRUE,TRUE,FALSE,TRUE,TRUE,TRUE,"ok","ok","",""
"SchirmerM_2016","Schirmer 2016",2,"fourfold","Streptococcus",0.89,0.87,0.91,87,91,6965,TRUE,TRUE,TRUE,FALSE,TRUE,TRUE,TRUE,"ok","ok","",""
"SchirmerM_2016","Schirmer 2016",3,"balanced","Agathobaculum",0.9,0.9,0.9,90,90,3819,TRUE,TRUE,TRUE,FALSE,TRUE,TRUE,TRUE,"ok","ok","",""
"SchirmerM_2016","Schirmer 2016",3,"balanced","Akkermansia",0.475,0.55,0.4,55,40,9979,TRUE,TRUE,TRUE,FALSE,TRUE,TRUE,TRUE,"ok","ok","",""
"SchirmerM_2016","Schirmer 2016",3,"balanced","Alistipes",0.95,0.96,0.94,96,94,28711,TRUE,TRUE,TRUE,FALSE,TRUE,TRUE,TRUE,"ok","ok","",""
"SchirmerM_2016","Schirmer 2016",3,"balanced","Anaerobutyricum",0.99,0.99,0.99,99,99,20687,TRUE,TRUE,TRUE,FALSE,TRUE,TRUE,TRUE,"ok","ok","",""
"SchirmerM_2016","Schirmer 2016",3,"balanced","Anaerostipes",0.995,1,0.99,100,99,25158,TRUE,TRUE,TRUE,FALSE,TRUE,TRUE,TRUE,"ok","ok","",""
"SchirmerM_2016","Schirmer 2016",3,"balanced","Bacteroides",0.995,1,0.99,100,99,58020,TRUE,TRUE,TRUE,FALSE,TRUE,TRUE,TRUE,"ok","ok","",""
"SchirmerM_2016","Schirmer 2016",3,"balanced","Barnesiella",0.795,0.8,0.79,80,79,6677,TRUE,TRUE,TRUE,FALSE,TRUE,TRUE,TRUE,"ok","ok","",""
"SchirmerM_2016","Schirmer 2016",3,"balanced","Bifidobacterium",0.98,0.99,0.97,99,97,121391,TRUE,TRUE,TRUE,FALSE,TRUE,TRUE,TRUE,"ok","ok","",""
"SchirmerM_2016","Schirmer 2016",3,"balanced","Blautia",1,1,1,100,100,22598,TRUE,TRUE,FALSE,TRUE,TRUE,TRUE,TRUE,"no_observed_zeros","ok","",""
"SchirmerM_2016","Schirmer 2016",3,"balanced","Collinsella",0.925,0.95,0.9,95,90,38889,TRUE,TRUE,TRUE,FALSE,TRUE,TRUE,TRUE,"ok","ok","",""
"SchirmerM_2016","Schirmer 2016",3,"balanced","Coprococcus",0.975,0.99,0.96,99,96,29898,TRUE,TRUE,TRUE,FALSE,TRUE,TRUE,TRUE,"ok","ok","",""
"SchirmerM_2016","Schirmer 2016",3,"balanced","Dialister",0.52,0.57,0.47,57,47,4929,TRUE,TRUE,TRUE,FALSE,TRUE,TRUE,TRUE,"ok","ok","",""
"SchirmerM_2016","Schirmer 2016",3,"balanced","Dorea",0.995,0.99,1,99,100,32530,TRUE,TRUE,TRUE,FALSE,TRUE,TRUE,TRUE,"ok","ok","",""
"SchirmerM_2016","Schirmer 2016",3,"balanced","Eubacterium",0.98,0.98,0.98,98,98,16330,TRUE,TRUE,TRUE,FALSE,TRUE,TRUE,TRUE,"ok","ok","",""
"SchirmerM_2016","Schirmer 2016",3,"balanced","Faecalibacterium",0.985,1,0.97,100,97,57431,TRUE,TRUE,TRUE,FALSE,TRUE,TRUE,TRUE,"ok","ok","",""
"SchirmerM_2016","Schirmer 2016",3,"balanced","Firmicutes_unclassified",0.835,0.83,0.84,83,84,5352,TRUE,TRUE,TRUE,FALSE,TRUE,TRUE,TRUE,"ok","ok","",""
"SchirmerM_2016","Schirmer 2016",3,"balanced","Fusicatenibacter",0.98,1,0.96,100,96,31392,TRUE,TRUE,TRUE,FALSE,TRUE,TRUE,TRUE,"ok","ok","",""
"SchirmerM_2016","Schirmer 2016",3,"balanced","Lachnospira",0.855,0.88,0.83,88,83,10156,TRUE,TRUE,TRUE,FALSE,TRUE,TRUE,TRUE,"ok","ok","",""
"SchirmerM_2016","Schirmer 2016",3,"balanced","Lachnospiraceae_unclassified",0.94,0.94,0.94,94,94,44717,TRUE,TRUE,TRUE,FALSE,TRUE,TRUE,TRUE,"ok","ok","",""
"SchirmerM_2016","Schirmer 2016",3,"balanced","Mediterraneibacter",0.98,0.97,0.99,97,99,26562,TRUE,TRUE,TRUE,FALSE,TRUE,TRUE,TRUE,"ok","ok","",""
"SchirmerM_2016","Schirmer 2016",3,"balanced","Methanobrevibacter",0.39,0.43,0.35,43,35,8132,TRUE,TRUE,TRUE,FALSE,TRUE,TRUE,TRUE,"ok","ok","",""
"SchirmerM_2016","Schirmer 2016",3,"balanced","Oscillibacter",0.825,0.85,0.8,85,80,4450,TRUE,TRUE,TRUE,FALSE,TRUE,TRUE,TRUE,"ok","ok","",""
"SchirmerM_2016","Schirmer 2016",3,"balanced","Parabacteroides",0.97,0.99,0.95,99,95,14375,TRUE,TRUE,TRUE,FALSE,TRUE,TRUE,TRUE,"ok","ok","",""
"SchirmerM_2016","Schirmer 2016",3,"balanced","Phascolarctobacterium",0.495,0.47,0.52,47,52,4135,TRUE,TRUE,TRUE,FALSE,TRUE,TRUE,TRUE,"ok","ok","",""
"SchirmerM_2016","Schirmer 2016",3,"balanced","Phocaeicola",1,1,1,100,100,43893,TRUE,TRUE,FALSE,TRUE,TRUE,TRUE,TRUE,"no_observed_zeros","ok","",""
"SchirmerM_2016","Schirmer 2016",3,"balanced","Prevotella",0.51,0.55,0.47,55,47,51723,TRUE,TRUE,TRUE,FALSE,TRUE,TRUE,TRUE,"ok","ok","",""
"SchirmerM_2016","Schirmer 2016",3,"balanced","Roseburia",0.98,0.98,0.98,98,98,44364,TRUE,TRUE,TRUE,FALSE,TRUE,TRUE,TRUE,"ok","ok","",""
"SchirmerM_2016","Schirmer 2016",3,"balanced","Ruminococcaceae_unclassified",0.685,0.69,0.68,69,68,4574,TRUE,TRUE,TRUE,FALSE,TRUE,TRUE,TRUE,"ok","ok","",""
"SchirmerM_2016","Schirmer 2016",3,"balanced","Ruminococcus",0.9,0.9,0.9,90,90,71133,TRUE,TRUE,TRUE,FALSE,TRUE,TRUE,TRUE,"ok","ok","",""
"SchirmerM_2016","Schirmer 2016",3,"balanced","Streptococcus",0.905,0.91,0.9,91,90,7200,TRUE,TRUE,TRUE,FALSE,TRUE,TRUE,TRUE,"ok","ok","",""
"SchirmerM_2016","Schirmer 2016",3,"fourfold","Agathobaculum",0.865,0.78,0.95,78,95,3220,TRUE,TRUE,TRUE,FALSE,TRUE,TRUE,TRUE,"ok","ok","",""
"SchirmerM_2016","Schirmer 2016",3,"fourfold","Akkermansia",0.46,0.51,0.41,51,41,6641,TRUE,TRUE,TRUE,FALSE,TRUE,TRUE,TRUE,"ok","ok","",""
"SchirmerM_2016","Schirmer 2016",3,"fourfold","Alistipes",0.955,0.94,0.97,94,97,24608,TRUE,TRUE,TRUE,FALSE,TRUE,TRUE,TRUE,"ok","ok","",""
"SchirmerM_2016","Schirmer 2016",3,"fourfold","Anaerobutyricum",0.99,0.99,0.99,99,99,18723,TRUE,TRUE,TRUE,FALSE,TRUE,TRUE,TRUE,"ok","ok","",""
"SchirmerM_2016","Schirmer 2016",3,"fourfold","Anaerostipes",0.99,0.99,0.99,99,99,22291,TRUE,TRUE,TRUE,FALSE,TRUE,TRUE,TRUE,"ok","ok","",""
"SchirmerM_2016","Schirmer 2016",3,"fourfold","Bacteroides",1,1,1,100,100,51337,TRUE,TRUE,FALSE,TRUE,TRUE,TRUE,TRUE,"no_observed_zeros","ok","",""
"SchirmerM_2016","Schirmer 2016",3,"fourfold","Barnesiella",0.805,0.78,0.83,78,83,5808,TRUE,TRUE,TRUE,FALSE,TRUE,TRUE,TRUE,"ok","ok","",""
"SchirmerM_2016","Schirmer 2016",3,"fourfold","Bifidobacterium",0.985,0.99,0.98,99,98,115565,TRUE,TRUE,TRUE,FALSE,TRUE,TRUE,TRUE,"ok","ok","",""
"SchirmerM_2016","Schirmer 2016",3,"fourfold","Blautia",1,1,1,100,100,20076,TRUE,TRUE,FALSE,TRUE,TRUE,TRUE,TRUE,"no_observed_zeros","ok","",""
"SchirmerM_2016","Schirmer 2016",3,"fourfold","Collinsella",0.925,0.94,0.91,94,91,35386,TRUE,TRUE,TRUE,FALSE,TRUE,TRUE,TRUE,"ok","ok","",""
"SchirmerM_2016","Schirmer 2016",3,"fourfold","Coprococcus",0.97,0.98,0.96,98,96,28507,TRUE,TRUE,TRUE,FALSE,TRUE,TRUE,TRUE,"ok","ok","",""
"SchirmerM_2016","Schirmer 2016",3,"fourfold","Dialister",0.52,0.53,0.51,53,51,3441,TRUE,TRUE,TRUE,FALSE,TRUE,TRUE,TRUE,"ok","ok","",""
"SchirmerM_2016","Schirmer 2016",3,"fourfold","Dorea",0.99,0.99,0.99,99,99,31228,TRUE,TRUE,TRUE,FALSE,TRUE,TRUE,TRUE,"ok","ok","",""
"SchirmerM_2016","Schirmer 2016",3,"fourfold","Eubacterium",0.985,0.98,0.99,98,99,13972,TRUE,TRUE,TRUE,FALSE,TRUE,TRUE,TRUE,"ok","ok","",""
"SchirmerM_2016","Schirmer 2016",3,"fourfold","Faecalibacterium",0.985,1,0.97,100,97,51483,TRUE,TRUE,TRUE,FALSE,TRUE,TRUE,TRUE,"ok","ok","",""
"SchirmerM_2016","Schirmer 2016",3,"fourfold","Firmicutes_unclassified",0.805,0.75,0.86,75,86,4594,TRUE,TRUE,TRUE,FALSE,TRUE,TRUE,TRUE,"ok","ok","",""
"SchirmerM_2016","Schirmer 2016",3,"fourfold","Fusicatenibacter",0.975,0.99,0.96,99,96,28033,TRUE,TRUE,TRUE,FALSE,TRUE,TRUE,TRUE,"ok","ok","",""
"SchirmerM_2016","Schirmer 2016",3,"fourfold","Lachnospira",0.845,0.85,0.84,85,84,9599,TRUE,TRUE,TRUE,FALSE,TRUE,TRUE,TRUE,"ok","ok","",""
"SchirmerM_2016","Schirmer 2016",3,"fourfold","Lachnospiraceae_unclassified",0.915,0.89,0.94,89,94,51206,TRUE,TRUE,TRUE,FALSE,TRUE,TRUE,TRUE,"ok","ok","",""
"SchirmerM_2016","Schirmer 2016",3,"fourfold","Mediterraneibacter",0.975,0.96,0.99,96,99,25739,TRUE,TRUE,TRUE,FALSE,TRUE,TRUE,TRUE,"ok","ok","",""
"SchirmerM_2016","Schirmer 2016",3,"fourfold","Methanobrevibacter",0.365,0.39,0.34,39,34,7504,TRUE,TRUE,TRUE,FALSE,TRUE,TRUE,TRUE,"ok","ok","",""
"SchirmerM_2016","Schirmer 2016",3,"fourfold","Oscillibacter",0.8,0.8,0.8,80,80,3592,TRUE,TRUE,TRUE,FALSE,TRUE,TRUE,TRUE,"ok","ok","",""
"SchirmerM_2016","Schirmer 2016",3,"fourfold","Parabacteroides",0.955,0.97,0.94,97,94,12011,TRUE,TRUE,TRUE,FALSE,TRUE,TRUE,TRUE,"ok","ok","",""
"SchirmerM_2016","Schirmer 2016",3,"fourfold","Phascolarctobacterium",0.485,0.46,0.51,46,51,3360,TRUE,TRUE,TRUE,FALSE,TRUE,TRUE,TRUE,"ok","ok","",""
"SchirmerM_2016","Schirmer 2016",3,"fourfold","Phocaeicola",1,1,1,100,100,43504,TRUE,TRUE,FALSE,TRUE,TRUE,TRUE,TRUE,"no_observed_zeros","ok","",""
"SchirmerM_2016","Schirmer 2016",3,"fourfold","Prevotella",0.48,0.52,0.44,52,44,42386,TRUE,TRUE,TRUE,FALSE,TRUE,TRUE,TRUE,"ok","ok","",""
"SchirmerM_2016","Schirmer 2016",3,"fourfold","Roseburia",0.975,0.96,0.99,96,99,42069,TRUE,TRUE,TRUE,FALSE,TRUE,TRUE,TRUE,"ok","ok","",""
"SchirmerM_2016","Schirmer 2016",3,"fourfold","Ruminococcaceae_unclassified",0.65,0.59,0.71,59,71,6189,TRUE,TRUE,TRUE,FALSE,TRUE,TRUE,TRUE,"ok","ok","",""
"SchirmerM_2016","Schirmer 2016",3,"fourfold","Ruminococcus",0.9,0.89,0.91,89,91,66773,TRUE,TRUE,TRUE,FALSE,TRUE,TRUE,TRUE,"ok","ok","",""
"SchirmerM_2016","Schirmer 2016",3,"fourfold","Streptococcus",0.89,0.85,0.93,85,93,7009,TRUE,TRUE,TRUE,FALSE,TRUE,TRUE,TRUE,"ok","ok","",""
"SchirmerM_2016","Schirmer 2016",4,"balanced","Agathobaculum",0.91,0.92,0.9,92,90,3573,TRUE,TRUE,TRUE,FALSE,TRUE,TRUE,TRUE,"ok","ok","",""
"SchirmerM_2016","Schirmer 2016",4,"balanced","Akkermansia",0.475,0.54,0.41,54,41,7517,TRUE,TRUE,TRUE,FALSE,TRUE,TRUE,TRUE,"ok","ok","",""
"SchirmerM_2016","Schirmer 2016",4,"balanced","Alistipes",0.945,0.96,0.93,96,93,28150,TRUE,TRUE,TRUE,FALSE,TRUE,TRUE,TRUE,"ok","ok","",""
"SchirmerM_2016","Schirmer 2016",4,"balanced","Anaerobutyricum",0.99,0.99,0.99,99,99,20336,TRUE,TRUE,TRUE,FALSE,TRUE,TRUE,TRUE,"ok","ok","",""
"SchirmerM_2016","Schirmer 2016",4,"balanced","Anaerostipes",0.99,0.99,0.99,99,99,23251,TRUE,TRUE,TRUE,FALSE,TRUE,TRUE,TRUE,"ok","ok","",""
"SchirmerM_2016","Schirmer 2016",4,"balanced","Bacteroides",1,1,1,100,100,55304,TRUE,TRUE,FALSE,TRUE,TRUE,TRUE,TRUE,"no_observed_zeros","ok","",""
"SchirmerM_2016","Schirmer 2016",4,"balanced","Barnesiella",0.82,0.84,0.8,84,80,6681,TRUE,TRUE,TRUE,FALSE,TRUE,TRUE,TRUE,"ok","ok","",""
"SchirmerM_2016","Schirmer 2016",4,"balanced","Bifidobacterium",0.98,0.97,0.99,97,99,124761,TRUE,TRUE,TRUE,FALSE,TRUE,TRUE,TRUE,"ok","ok","",""
"SchirmerM_2016","Schirmer 2016",4,"balanced","Blautia",1,1,1,100,100,20587,TRUE,TRUE,FALSE,TRUE,TRUE,TRUE,TRUE,"no_observed_zeros","ok","",""
"SchirmerM_2016","Schirmer 2016",4,"balanced","Collinsella",0.92,0.9,0.94,90,94,37687,TRUE,TRUE,TRUE,FALSE,TRUE,TRUE,TRUE,"ok","ok","",""
"SchirmerM_2016","Schirmer 2016",4,"balanced","Coprococcus",0.97,0.96,0.98,96,98,28989,TRUE,TRUE,TRUE,FALSE,TRUE,TRUE,TRUE,"ok","ok","",""
"SchirmerM_2016","Schirmer 2016",4,"balanced","Dialister",0.545,0.54,0.55,54,55,4931,TRUE,TRUE,TRUE,FALSE,TRUE,TRUE,TRUE,"ok","ok","",""
"SchirmerM_2016","Schirmer 2016",4,"balanced","Dorea",0.99,0.99,0.99,99,99,31201,TRUE,TRUE,TRUE,FALSE,TRUE,TRUE,TRUE,"ok","ok","",""
"SchirmerM_2016","Schirmer 2016",4,"balanced","Eubacterium",0.975,0.98,0.97,98,97,15918,TRUE,TRUE,TRUE,FALSE,TRUE,TRUE,TRUE,"ok","ok","",""
"SchirmerM_2016","Schirmer 2016",4,"balanced","Faecalibacterium",0.985,0.99,0.98,99,98,55807,TRUE,TRUE,TRUE,FALSE,TRUE,TRUE,TRUE,"ok","ok","",""
"SchirmerM_2016","Schirmer 2016",4,"balanced","Firmicutes_unclassified",0.855,0.86,0.85,86,85,4840,TRUE,TRUE,TRUE,FALSE,TRUE,TRUE,TRUE,"ok","ok","",""
"SchirmerM_2016","Schirmer 2016",4,"balanced","Fusicatenibacter",0.975,0.98,0.97,98,97,30891,TRUE,TRUE,TRUE,FALSE,TRUE,TRUE,TRUE,"ok","ok","",""
"SchirmerM_2016","Schirmer 2016",4,"balanced","Lachnospira",0.875,0.87,0.88,87,88,10118,TRUE,TRUE,TRUE,FALSE,TRUE,TRUE,TRUE,"ok","ok","",""
"SchirmerM_2016","Schirmer 2016",4,"balanced","Lachnospiraceae_unclassified",0.94,0.96,0.92,96,92,45427,TRUE,TRUE,TRUE,FALSE,TRUE,TRUE,TRUE,"ok","ok","",""
"SchirmerM_2016","Schirmer 2016",4,"balanced","Mediterraneibacter",0.985,0.99,0.98,99,98,25335,TRUE,TRUE,TRUE,FALSE,TRUE,TRUE,TRUE,"ok","ok","",""
"SchirmerM_2016","Schirmer 2016",4,"balanced","Methanobrevibacter",0.38,0.33,0.43,33,43,8431,TRUE,TRUE,TRUE,FALSE,TRUE,TRUE,TRUE,"ok","ok","",""
"SchirmerM_2016","Schirmer 2016",4,"balanced","Oscillibacter",0.84,0.83,0.85,83,85,4406,TRUE,TRUE,TRUE,FALSE,TRUE,TRUE,TRUE,"ok","ok","",""
"SchirmerM_2016","Schirmer 2016",4,"balanced","Parabacteroides",0.965,0.96,0.97,96,97,13215,TRUE,TRUE,TRUE,FALSE,TRUE,TRUE,TRUE,"ok","ok","",""
"SchirmerM_2016","Schirmer 2016",4,"balanced","Phascolarctobacterium",0.475,0.54,0.41,54,41,3538,TRUE,TRUE,TRUE,FALSE,TRUE,TRUE,TRUE,"ok","ok","",""
"SchirmerM_2016","Schirmer 2016",4,"balanced","Phocaeicola",1,1,1,100,100,44059,TRUE,TRUE,FALSE,TRUE,TRUE,TRUE,TRUE,"no_observed_zeros","ok","",""
"SchirmerM_2016","Schirmer 2016",4,"balanced","Prevotella",0.505,0.44,0.57,44,57,55252,TRUE,TRUE,TRUE,FALSE,TRUE,TRUE,TRUE,"ok","ok","",""
"SchirmerM_2016","Schirmer 2016",4,"balanced","Roseburia",0.985,0.99,0.98,99,98,42563,TRUE,TRUE,TRUE,FALSE,TRUE,TRUE,TRUE,"ok","ok","",""
"SchirmerM_2016","Schirmer 2016",4,"balanced","Ruminococcaceae_unclassified",0.695,0.69,0.7,69,70,5666,TRUE,TRUE,TRUE,FALSE,TRUE,TRUE,TRUE,"ok","ok","",""
"SchirmerM_2016","Schirmer 2016",4,"balanced","Ruminococcus",0.905,0.94,0.87,94,87,70438,TRUE,TRUE,TRUE,FALSE,TRUE,TRUE,TRUE,"ok","ok","",""
"SchirmerM_2016","Schirmer 2016",4,"balanced","Streptococcus",0.9,0.88,0.92,88,92,7057,TRUE,TRUE,TRUE,FALSE,TRUE,TRUE,TRUE,"ok","ok","",""
"SchirmerM_2016","Schirmer 2016",4,"fourfold","Agathobaculum",0.87,0.83,0.91,83,91,3951,TRUE,TRUE,TRUE,FALSE,TRUE,TRUE,TRUE,"ok","ok","",""
"SchirmerM_2016","Schirmer 2016",4,"fourfold","Akkermansia",0.445,0.46,0.43,46,43,7216,TRUE,TRUE,TRUE,FALSE,TRUE,TRUE,TRUE,"ok","ok","",""
"SchirmerM_2016","Schirmer 2016",4,"fourfold","Alistipes",0.94,0.95,0.93,95,93,25962,TRUE,TRUE,TRUE,FALSE,TRUE,TRUE,TRUE,"ok","ok","",""
"SchirmerM_2016","Schirmer 2016",4,"fourfold","Anaerobutyricum",0.99,0.99,0.99,99,99,19290,TRUE,TRUE,TRUE,FALSE,TRUE,TRUE,TRUE,"ok","ok","",""
"SchirmerM_2016","Schirmer 2016",4,"fourfold","Anaerostipes",0.995,0.99,1,99,100,21964,TRUE,TRUE,FALSE,TRUE,TRUE,TRUE,TRUE,"structural_absence_boundary_at_zero","ok","",""
"SchirmerM_2016","Schirmer 2016",4,"fourfold","Bacteroides",0.995,0.99,1,99,100,52936,TRUE,TRUE,TRUE,FALSE,TRUE,TRUE,TRUE,"ok","ok","",""
"SchirmerM_2016","Schirmer 2016",4,"fourfold","Barnesiella",0.79,0.77,0.81,77,81,6173,TRUE,TRUE,TRUE,FALSE,TRUE,TRUE,TRUE,"ok","ok","",""
"SchirmerM_2016","Schirmer 2016",4,"fourfold","Bifidobacterium",0.975,0.97,0.98,97,98,117889,TRUE,TRUE,TRUE,FALSE,TRUE,TRUE,TRUE,"ok","ok","",""
"SchirmerM_2016","Schirmer 2016",4,"fourfold","Blautia",1,1,1,100,100,20355,TRUE,TRUE,FALSE,TRUE,TRUE,TRUE,TRUE,"no_observed_zeros","ok","",""
"SchirmerM_2016","Schirmer 2016",4,"fourfold","Collinsella",0.915,0.89,0.94,89,94,36465,TRUE,TRUE,TRUE,FALSE,TRUE,TRUE,TRUE,"ok","ok","",""
"SchirmerM_2016","Schirmer 2016",4,"fourfold","Coprococcus",0.975,0.97,0.98,97,98,30729,TRUE,TRUE,TRUE,FALSE,TRUE,TRUE,TRUE,"ok","ok","",""
"SchirmerM_2016","Schirmer 2016",4,"fourfold","Dialister",0.52,0.49,0.55,49,55,5459,TRUE,TRUE,TRUE,FALSE,TRUE,TRUE,TRUE,"ok","ok","",""
"SchirmerM_2016","Schirmer 2016",4,"fourfold","Dorea",0.99,0.99,0.99,99,99,31115,TRUE,TRUE,TRUE,FALSE,TRUE,TRUE,TRUE,"ok","ok","",""
"SchirmerM_2016","Schirmer 2016",4,"fourfold","Eubacterium",0.97,0.94,1,94,100,15939,TRUE,TRUE,TRUE,FALSE,TRUE,TRUE,TRUE,"ok","ok","",""
"SchirmerM_2016","Schirmer 2016",4,"fourfold","Faecalibacterium",0.985,0.99,0.98,99,98,53901,TRUE,TRUE,TRUE,FALSE,TRUE,TRUE,TRUE,"ok","ok","",""
"SchirmerM_2016","Schirmer 2016",4,"fourfold","Firmicutes_unclassified",0.785,0.68,0.89,68,89,5582,TRUE,TRUE,TRUE,FALSE,TRUE,TRUE,TRUE,"ok","ok","",""
"SchirmerM_2016","Schirmer 2016",4,"fourfold","Fusicatenibacter",0.975,0.97,0.98,97,98,29134,TRUE,TRUE,TRUE,FALSE,TRUE,TRUE,TRUE,"ok","ok","",""
"SchirmerM_2016","Schirmer 2016",4,"fourfold","Lachnospira",0.85,0.82,0.88,82,88,10137,TRUE,TRUE,TRUE,FALSE,TRUE,TRUE,TRUE,"ok","ok","",""
"SchirmerM_2016","Schirmer 2016",4,"fourfold","Lachnospiraceae_unclassified",0.925,0.91,0.94,91,94,43482,TRUE,TRUE,TRUE,FALSE,TRUE,TRUE,TRUE,"ok","ok","",""
"SchirmerM_2016","Schirmer 2016",4,"fourfold","Mediterraneibacter",0.98,0.97,0.99,97,99,27023,TRUE,TRUE,TRUE,FALSE,TRUE,TRUE,TRUE,"ok","ok","",""
"SchirmerM_2016","Schirmer 2016",4,"fourfold","Methanobrevibacter",0.375,0.31,0.44,31,44,9229,TRUE,TRUE,TRUE,FALSE,TRUE,TRUE,TRUE,"ok","ok","",""
"SchirmerM_2016","Schirmer 2016",4,"fourfold","Oscillibacter",0.79,0.76,0.82,76,82,4587,TRUE,TRUE,TRUE,FALSE,TRUE,TRUE,TRUE,"ok","ok","",""
"SchirmerM_2016","Schirmer 2016",4,"fourfold","Parabacteroides",0.965,0.96,0.97,96,97,12977,TRUE,TRUE,TRUE,FALSE,TRUE,TRUE,TRUE,"ok","ok","",""
"SchirmerM_2016","Schirmer 2016",4,"fourfold","Phascolarctobacterium",0.485,0.52,0.45,52,45,3342,TRUE,TRUE,TRUE,FALSE,TRUE,TRUE,TRUE,"ok","ok","",""
"SchirmerM_2016","Schirmer 2016",4,"fourfold","Phocaeicola",1,1,1,100,100,42720,TRUE,TRUE,FALSE,TRUE,TRUE,TRUE,TRUE,"no_observed_zeros","ok","",""
"SchirmerM_2016","Schirmer 2016",4,"fourfold","Prevotella",0.49,0.45,0.53,45,53,61863,TRUE,TRUE,TRUE,FALSE,TRUE,TRUE,TRUE,"ok","ok","",""
"SchirmerM_2016","Schirmer 2016",4,"fourfold","Roseburia",0.985,0.99,0.98,99,98,41409,TRUE,TRUE,TRUE,FALSE,TRUE,TRUE,TRUE,"ok","ok","",""
"SchirmerM_2016","Schirmer 2016",4,"fourfold","Ruminococcaceae_unclassified",0.68,0.6,0.76,60,76,5092,TRUE,TRUE,TRUE,FALSE,TRUE,TRUE,TRUE,"ok","ok","",""
"SchirmerM_2016","Schirmer 2016",4,"fourfold","Ruminococcus",0.895,0.93,0.86,93,86,63031,TRUE,TRUE,TRUE,FALSE,TRUE,TRUE,TRUE,"ok","ok","",""
"SchirmerM_2016","Schirmer 2016",4,"fourfold","Streptococcus",0.91,0.88,0.94,88,94,6666,TRUE,TRUE,TRUE,FALSE,TRUE,TRUE,TRUE,"ok","ok","",""
"SchirmerM_2016","Schirmer 2016",5,"balanced","Agathobaculum",0.93,0.92,0.94,92,94,4056,TRUE,TRUE,TRUE,FALSE,TRUE,TRUE,TRUE,"ok","ok","",""
"SchirmerM_2016","Schirmer 2016",5,"balanced","Akkermansia",0.48,0.5,0.46,50,46,9108,TRUE,TRUE,TRUE,FALSE,TRUE,TRUE,TRUE,"ok","ok","",""
"SchirmerM_2016","Schirmer 2016",5,"balanced","Alistipes",0.955,0.97,0.94,97,94,28204,TRUE,TRUE,TRUE,FALSE,TRUE,TRUE,TRUE,"ok","ok","",""
"SchirmerM_2016","Schirmer 2016",5,"balanced","Anaerobutyricum",0.99,0.99,0.99,99,99,20371,TRUE,TRUE,TRUE,FALSE,TRUE,TRUE,TRUE,"ok","ok","",""
"SchirmerM_2016","Schirmer 2016",5,"balanced","Anaerostipes",0.995,1,0.99,100,99,24489,TRUE,TRUE,TRUE,FALSE,TRUE,TRUE,TRUE,"ok","ok","",""
"SchirmerM_2016","Schirmer 2016",5,"balanced","Bacteroides",1,1,1,100,100,54792,TRUE,TRUE,FALSE,TRUE,TRUE,TRUE,TRUE,"no_observed_zeros","ok","",""
"SchirmerM_2016","Schirmer 2016",5,"balanced","Barnesiella",0.805,0.85,0.76,85,76,7174,TRUE,TRUE,TRUE,FALSE,TRUE,TRUE,TRUE,"ok","ok","",""
"SchirmerM_2016","Schirmer 2016",5,"balanced","Bifidobacterium",0.98,0.96,1,96,100,125125,TRUE,TRUE,TRUE,FALSE,TRUE,TRUE,TRUE,"ok","ok","",""
"SchirmerM_2016","Schirmer 2016",5,"balanced","Blautia",0.995,1,0.99,100,99,22976,TRUE,TRUE,TRUE,FALSE,TRUE,TRUE,TRUE,"ok","ok","",""
"SchirmerM_2016","Schirmer 2016",5,"balanced","Collinsella",0.925,0.92,0.93,92,93,38233,TRUE,TRUE,TRUE,FALSE,TRUE,TRUE,TRUE,"ok","ok","",""
"SchirmerM_2016","Schirmer 2016",5,"balanced","Coprococcus",0.97,0.97,0.97,97,97,32332,TRUE,TRUE,TRUE,FALSE,TRUE,TRUE,TRUE,"ok","ok","",""
"SchirmerM_2016","Schirmer 2016",5,"balanced","Dialister",0.53,0.57,0.49,57,49,5630,TRUE,TRUE,TRUE,FALSE,TRUE,TRUE,TRUE,"ok","ok","",""
"SchirmerM_2016","Schirmer 2016",5,"balanced","Dorea",0.99,1,0.98,100,98,32884,TRUE,TRUE,TRUE,FALSE,TRUE,TRUE,TRUE,"ok","ok","",""
"SchirmerM_2016","Schirmer 2016",5,"balanced","Eubacterium",0.98,0.97,0.99,97,99,17530,TRUE,TRUE,TRUE,FALSE,TRUE,TRUE,TRUE,"ok","ok","",""
"SchirmerM_2016","Schirmer 2016",5,"balanced","Faecalibacterium",0.985,0.98,0.99,98,99,57792,TRUE,TRUE,TRUE,FALSE,TRUE,TRUE,TRUE,"ok","ok","",""
"SchirmerM_2016","Schirmer 2016",5,"balanced","Firmicutes_unclassified",0.845,0.87,0.82,87,82,5158,TRUE,TRUE,TRUE,FALSE,TRUE,TRUE,TRUE,"ok","ok","",""
"SchirmerM_2016","Schirmer 2016",5,"balanced","Fusicatenibacter",0.975,0.99,0.96,99,96,32396,TRUE,TRUE,TRUE,FALSE,TRUE,TRUE,TRUE,"ok","ok","",""
"SchirmerM_2016","Schirmer 2016",5,"balanced","Lachnospira",0.86,0.87,0.85,87,85,10375,TRUE,TRUE,TRUE,FALSE,TRUE,TRUE,TRUE,"ok","ok","",""
"SchirmerM_2016","Schirmer 2016",5,"balanced","Lachnospiraceae_unclassified",0.95,0.96,0.94,96,94,46001,TRUE,TRUE,TRUE,FALSE,TRUE,TRUE,TRUE,"ok","ok","",""
"SchirmerM_2016","Schirmer 2016",5,"balanced","Mediterraneibacter",0.995,1,0.99,100,99,24981,TRUE,TRUE,TRUE,FALSE,TRUE,TRUE,TRUE,"ok","ok","",""
"SchirmerM_2016","Schirmer 2016",5,"balanced","Methanobrevibacter",0.385,0.4,0.37,40,37,8265,TRUE,TRUE,TRUE,FALSE,TRUE,TRUE,TRUE,"ok","ok","",""
"SchirmerM_2016","Schirmer 2016",5,"balanced","Oscillibacter",0.83,0.81,0.85,81,85,4636,TRUE,TRUE,TRUE,FALSE,TRUE,TRUE,TRUE,"ok","ok","",""
"SchirmerM_2016","Schirmer 2016",5,"balanced","Parabacteroides",0.96,0.97,0.95,97,95,13596,TRUE,TRUE,TRUE,FALSE,TRUE,TRUE,TRUE,"ok","ok","",""
"SchirmerM_2016","Schirmer 2016",5,"balanced","Phascolarctobacterium",0.51,0.46,0.56,46,56,4065,TRUE,TRUE,TRUE,FALSE,TRUE,TRUE,TRUE,"ok","ok","",""
"SchirmerM_2016","Schirmer 2016",5,"balanced","Phocaeicola",1,1,1,100,100,40832,TRUE,TRUE,FALSE,TRUE,TRUE,TRUE,TRUE,"no_observed_zeros","ok","",""
"SchirmerM_2016","Schirmer 2016",5,"balanced","Prevotella",0.495,0.45,0.54,45,54,53867,TRUE,TRUE,TRUE,FALSE,TRUE,TRUE,TRUE,"ok","ok","",""
"SchirmerM_2016","Schirmer 2016",5,"balanced","Roseburia",1,1,1,100,100,44568,TRUE,TRUE,FALSE,TRUE,TRUE,TRUE,TRUE,"no_observed_zeros","ok","",""
"SchirmerM_2016","Schirmer 2016",5,"balanced","Ruminococcaceae_unclassified",0.695,0.74,0.65,74,65,5565,TRUE,TRUE,TRUE,FALSE,TRUE,TRUE,TRUE,"ok","ok","",""
"SchirmerM_2016","Schirmer 2016",5,"balanced","Ruminococcus",0.905,0.9,0.91,90,91,67508,TRUE,TRUE,TRUE,FALSE,TRUE,TRUE,TRUE,"ok","ok","",""
"SchirmerM_2016","Schirmer 2016",5,"balanced","Streptococcus",0.915,0.91,0.92,91,92,7478,TRUE,TRUE,TRUE,FALSE,TRUE,TRUE,TRUE,"ok","ok","",""
"SchirmerM_2016","Schirmer 2016",5,"fourfold","Agathobaculum",0.885,0.82,0.95,82,95,3340,TRUE,TRUE,TRUE,FALSE,TRUE,TRUE,TRUE,"ok","ok","",""
"SchirmerM_2016","Schirmer 2016",5,"fourfold","Akkermansia",0.465,0.45,0.48,45,48,8618,TRUE,TRUE,TRUE,FALSE,TRUE,TRUE,TRUE,"ok","ok","",""
"SchirmerM_2016","Schirmer 2016",5,"fourfold","Alistipes",0.95,0.94,0.96,94,96,26478,TRUE,TRUE,TRUE,FALSE,TRUE,TRUE,TRUE,"ok","ok","",""
"SchirmerM_2016","Schirmer 2016",5,"fourfold","Anaerobutyricum",0.985,0.98,0.99,98,99,19048,TRUE,TRUE,TRUE,FALSE,TRUE,TRUE,TRUE,"ok","ok","",""
"SchirmerM_2016","Schirmer 2016",5,"fourfold","Anaerostipes",0.995,1,0.99,100,99,22838,TRUE,TRUE,TRUE,FALSE,TRUE,TRUE,TRUE,"ok","ok","",""
"SchirmerM_2016","Schirmer 2016",5,"fourfold","Bacteroides",1,1,1,100,100,51396,TRUE,TRUE,FALSE,TRUE,TRUE,TRUE,TRUE,"no_observed_zeros","ok","",""
"SchirmerM_2016","Schirmer 2016",5,"fourfold","Barnesiella",0.805,0.84,0.77,84,77,5717,TRUE,TRUE,TRUE,FALSE,TRUE,TRUE,TRUE,"ok","ok","",""
"SchirmerM_2016","Schirmer 2016",5,"fourfold","Bifidobacterium",0.975,0.96,0.99,96,99,122810,TRUE,TRUE,TRUE,FALSE,TRUE,TRUE,TRUE,"ok","ok","",""
"SchirmerM_2016","Schirmer 2016",5,"fourfold","Blautia",0.995,0.99,1,99,100,20757,TRUE,TRUE,FALSE,TRUE,TRUE,TRUE,TRUE,"structural_absence_boundary_at_zero","ok","",""
"SchirmerM_2016","Schirmer 2016",5,"fourfold","Collinsella",0.93,0.9,0.96,90,96,36968,TRUE,TRUE,TRUE,FALSE,TRUE,TRUE,TRUE,"ok","ok","",""
"SchirmerM_2016","Schirmer 2016",5,"fourfold","Coprococcus",0.97,0.97,0.97,97,97,29962,TRUE,TRUE,TRUE,FALSE,TRUE,TRUE,TRUE,"ok","ok","",""
"SchirmerM_2016","Schirmer 2016",5,"fourfold","Dialister",0.535,0.57,0.5,57,50,4971,TRUE,TRUE,TRUE,FALSE,TRUE,TRUE,TRUE,"ok","ok","",""
"SchirmerM_2016","Schirmer 2016",5,"fourfold","Dorea",0.995,1,0.99,100,99,31275,TRUE,TRUE,TRUE,FALSE,TRUE,TRUE,TRUE,"ok","ok","",""
"SchirmerM_2016","Schirmer 2016",5,"fourfold","Eubacterium",0.985,0.98,0.99,98,99,16228,TRUE,TRUE,TRUE,FALSE,TRUE,TRUE,TRUE,"ok","ok","",""
"SchirmerM_2016","Schirmer 2016",5,"fourfold","Faecalibacterium",0.985,0.98,0.99,98,99,51920,TRUE,TRUE,TRUE,FALSE,TRUE,TRUE,TRUE,"ok","ok","",""
"SchirmerM_2016","Schirmer 2016",5,"fourfold","Firmicutes_unclassified",0.825,0.78,0.87,78,87,5072,TRUE,TRUE,TRUE,FALSE,TRUE,TRUE,TRUE,"ok","ok","",""
"SchirmerM_2016","Schirmer 2016",5,"fourfold","Fusicatenibacter",0.975,0.98,0.97,98,97,31028,TRUE,TRUE,TRUE,FALSE,TRUE,TRUE,TRUE,"ok","ok","",""
"SchirmerM_2016","Schirmer 2016",5,"fourfold","Lachnospira",0.86,0.85,0.87,85,87,10001,TRUE,TRUE,TRUE,FALSE,TRUE,TRUE,TRUE,"ok","ok","",""
"SchirmerM_2016","Schirmer 2016",5,"fourfold","Lachnospiraceae_unclassified",0.905,0.89,0.92,89,92,45770,TRUE,TRUE,TRUE,FALSE,TRUE,TRUE,TRUE,"ok","ok","",""
"SchirmerM_2016","Schirmer 2016",5,"fourfold","Mediterraneibacter",0.98,0.97,0.99,97,99,24449,TRUE,TRUE,TRUE,FALSE,TRUE,TRUE,TRUE,"ok","ok","",""
"SchirmerM_2016","Schirmer 2016",5,"fourfold","Methanobrevibacter",0.365,0.36,0.37,36,37,8295,TRUE,TRUE,TRUE,FALSE,TRUE,TRUE,TRUE,"ok","ok","",""
"SchirmerM_2016","Schirmer 2016",5,"fourfold","Oscillibacter",0.795,0.72,0.87,72,87,4395,TRUE,TRUE,TRUE,FALSE,TRUE,TRUE,TRUE,"ok","ok","",""
"SchirmerM_2016","Schirmer 2016",5,"fourfold","Parabacteroides",0.965,0.98,0.95,98,95,11875,TRUE,TRUE,TRUE,FALSE,TRUE,TRUE,TRUE,"ok","ok","",""
"SchirmerM_2016","Schirmer 2016",5,"fourfold","Phascolarctobacterium",0.47,0.39,0.55,39,55,3739,TRUE,TRUE,TRUE,FALSE,TRUE,TRUE,TRUE,"ok","ok","",""
"SchirmerM_2016","Schirmer 2016",5,"fourfold","Phocaeicola",1,1,1,100,100,40790,TRUE,TRUE,FALSE,TRUE,TRUE,TRUE,TRUE,"no_observed_zeros","ok","",""
"SchirmerM_2016","Schirmer 2016",5,"fourfold","Prevotella",0.5,0.43,0.57,43,57,54614,TRUE,TRUE,TRUE,FALSE,TRUE,TRUE,TRUE,"ok","ok","",""
"SchirmerM_2016","Schirmer 2016",5,"fourfold","Roseburia",0.98,0.98,0.98,98,98,41541,TRUE,TRUE,TRUE,FALSE,TRUE,TRUE,TRUE,"ok","ok","",""
"SchirmerM_2016","Schirmer 2016",5,"fourfold","Ruminococcaceae_unclassified",0.66,0.61,0.71,61,71,4583,TRUE,TRUE,TRUE,FALSE,TRUE,TRUE,TRUE,"ok","ok","",""
"SchirmerM_2016","Schirmer 2016",5,"fourfold","Ruminococcus",0.88,0.87,0.89,87,89,62836,TRUE,TRUE,TRUE,FALSE,TRUE,TRUE,TRUE,"ok","ok","",""
"SchirmerM_2016","Schirmer 2016",5,"fourfold","Streptococcus",0.915,0.88,0.95,88,95,6330,TRUE,TRUE,TRUE,FALSE,TRUE,TRUE,TRUE,"ok","ok","",""
"SchirmerM_2016","Schirmer 2016",6,"balanced","Agathobaculum",0.91,0.94,0.88,94,88,3889,TRUE,TRUE,TRUE,FALSE,TRUE,TRUE,TRUE,"ok","ok","",""
"SchirmerM_2016","Schirmer 2016",6,"balanced","Akkermansia",0.48,0.49,0.47,49,47,8195,TRUE,TRUE,TRUE,FALSE,TRUE,TRUE,TRUE,"ok","ok","",""
"SchirmerM_2016","Schirmer 2016",6,"balanced","Alistipes",0.965,0.97,0.96,97,96,29064,TRUE,TRUE,TRUE,FALSE,TRUE,TRUE,TRUE,"ok","ok","",""
"SchirmerM_2016","Schirmer 2016",6,"balanced","Anaerobutyricum",0.985,0.97,1,97,100,20915,TRUE,TRUE,TRUE,FALSE,TRUE,TRUE,TRUE,"ok","ok","",""
"SchirmerM_2016","Schirmer 2016",6,"balanced","Anaerostipes",0.995,0.99,1,99,100,24996,TRUE,TRUE,TRUE,FALSE,TRUE,TRUE,TRUE,"ok","ok","",""
"SchirmerM_2016","Schirmer 2016",6,"balanced","Bacteroides",0.995,1,0.99,100,99,58514,TRUE,TRUE,TRUE,FALSE,TRUE,TRUE,TRUE,"ok","ok","",""
"SchirmerM_2016","Schirmer 2016",6,"balanced","Barnesiella",0.81,0.86,0.76,86,76,6930,TRUE,TRUE,TRUE,FALSE,TRUE,TRUE,TRUE,"ok","ok","",""
"SchirmerM_2016","Schirmer 2016",6,"balanced","Bifidobacterium",0.985,0.99,0.98,99,98,123857,TRUE,TRUE,TRUE,FALSE,TRUE,TRUE,TRUE,"ok","ok","",""
"SchirmerM_2016","Schirmer 2016",6,"balanced","Blautia",1,1,1,100,100,21173,TRUE,TRUE,FALSE,TRUE,TRUE,TRUE,TRUE,"no_observed_zeros","ok","",""
"SchirmerM_2016","Schirmer 2016",6,"balanced","Collinsella",0.94,0.93,0.95,93,95,39622,TRUE,TRUE,TRUE,FALSE,TRUE,TRUE,TRUE,"ok","ok","",""
"SchirmerM_2016","Schirmer 2016",6,"balanced","Coprococcus",0.975,0.97,0.98,97,98,33056,TRUE,TRUE,TRUE,FALSE,TRUE,TRUE,TRUE,"ok","ok","",""
"SchirmerM_2016","Schirmer 2016",6,"balanced","Dialister",0.525,0.53,0.52,53,52,4986,TRUE,TRUE,TRUE,FALSE,TRUE,TRUE,TRUE,"ok","ok","",""
"SchirmerM_2016","Schirmer 2016",6,"balanced","Dorea",0.99,1,0.98,100,98,34157,TRUE,TRUE,TRUE,FALSE,TRUE,TRUE,TRUE,"ok","ok","",""
"SchirmerM_2016","Schirmer 2016",6,"balanced","Eubacterium",0.99,1,0.98,100,98,17223,TRUE,TRUE,FALSE,TRUE,TRUE,TRUE,TRUE,"structural_absence_boundary_at_zero","ok","",""
"SchirmerM_2016","Schirmer 2016",6,"balanced","Faecalibacterium",0.985,1,0.97,100,97,61235,TRUE,TRUE,TRUE,FALSE,TRUE,TRUE,TRUE,"ok","ok","",""
"SchirmerM_2016","Schirmer 2016",6,"balanced","Firmicutes_unclassified",0.86,0.86,0.86,86,86,5215,TRUE,TRUE,TRUE,FALSE,TRUE,TRUE,TRUE,"ok","ok","",""
"SchirmerM_2016","Schirmer 2016",6,"balanced","Fusicatenibacter",0.98,0.98,0.98,98,98,33612,TRUE,TRUE,TRUE,FALSE,TRUE,TRUE,TRUE,"ok","ok","",""
"SchirmerM_2016","Schirmer 2016",6,"balanced","Lachnospira",0.865,0.87,0.86,87,86,11120,TRUE,TRUE,TRUE,FALSE,TRUE,TRUE,TRUE,"ok","ok","",""
"SchirmerM_2016","Schirmer 2016",6,"balanced","Lachnospiraceae_unclassified",0.925,0.92,0.93,92,93,48494,TRUE,TRUE,TRUE,FALSE,TRUE,TRUE,TRUE,"ok","ok","",""
"SchirmerM_2016","Schirmer 2016",6,"balanced","Mediterraneibacter",0.98,0.99,0.97,99,97,25382,TRUE,TRUE,TRUE,FALSE,TRUE,TRUE,TRUE,"ok","ok","",""
"SchirmerM_2016","Schirmer 2016",6,"balanced","Methanobrevibacter",0.38,0.33,0.43,33,43,8793,TRUE,TRUE,TRUE,FALSE,TRUE,TRUE,TRUE,"ok","ok","",""
"SchirmerM_2016","Schirmer 2016",6,"balanced","Oscillibacter",0.83,0.82,0.84,82,84,4823,TRUE,TRUE,TRUE,FALSE,TRUE,TRUE,TRUE,"ok","ok","",""
"SchirmerM_2016","Schirmer 2016",6,"balanced","Parabacteroides",0.965,0.97,0.96,97,96,13882,TRUE,TRUE,TRUE,FALSE,TRUE,TRUE,TRUE,"ok","ok","",""
"SchirmerM_2016","Schirmer 2016",6,"balanced","Phascolarctobacterium",0.505,0.49,0.52,49,52,4014,TRUE,TRUE,TRUE,FALSE,TRUE,TRUE,TRUE,"ok","ok","",""
"SchirmerM_2016","Schirmer 2016",6,"balanced","Phocaeicola",1,1,1,100,100,44910,TRUE,TRUE,FALSE,TRUE,TRUE,TRUE,TRUE,"no_observed_zeros","ok","",""
"SchirmerM_2016","Schirmer 2016",6,"balanced","Prevotella",0.52,0.52,0.52,52,52,51137,TRUE,TRUE,TRUE,FALSE,TRUE,TRUE,TRUE,"ok","ok","",""
"SchirmerM_2016","Schirmer 2016",6,"balanced","Roseburia",0.99,1,0.98,100,98,46384,TRUE,TRUE,TRUE,FALSE,TRUE,TRUE,TRUE,"ok","ok","",""
"SchirmerM_2016","Schirmer 2016",6,"balanced","Ruminococcaceae_unclassified",0.705,0.72,0.69,72,69,6212,TRUE,TRUE,TRUE,FALSE,TRUE,TRUE,TRUE,"ok","ok","",""
"SchirmerM_2016","Schirmer 2016",6,"balanced","Ruminococcus",0.905,0.94,0.87,94,87,71037,TRUE,TRUE,TRUE,FALSE,TRUE,TRUE,TRUE,"ok","ok","",""
"SchirmerM_2016","Schirmer 2016",6,"balanced","Streptococcus",0.92,0.91,0.93,91,93,7209,TRUE,TRUE,TRUE,FALSE,TRUE,TRUE,TRUE,"ok","ok","",""
"SchirmerM_2016","Schirmer 2016",6,"fourfold","Agathobaculum",0.855,0.79,0.92,79,92,3353,TRUE,TRUE,TRUE,FALSE,TRUE,TRUE,TRUE,"ok","ok","",""
"SchirmerM_2016","Schirmer 2016",6,"fourfold","Akkermansia",0.465,0.46,0.47,46,47,7063,TRUE,TRUE,TRUE,FALSE,TRUE,TRUE,TRUE,"ok","ok","",""
"SchirmerM_2016","Schirmer 2016",6,"fourfold","Alistipes",0.95,0.95,0.95,95,95,25063,TRUE,TRUE,TRUE,FALSE,TRUE,TRUE,TRUE,"ok","ok","",""
"SchirmerM_2016","Schirmer 2016",6,"fourfold","Anaerobutyricum",0.99,0.98,1,98,100,18310,TRUE,TRUE,TRUE,FALSE,TRUE,TRUE,TRUE,"ok","ok","",""
"SchirmerM_2016","Schirmer 2016",6,"fourfold","Anaerostipes",0.995,0.99,1,99,100,20553,TRUE,TRUE,TRUE,FALSE,TRUE,TRUE,TRUE,"ok","ok","",""
"SchirmerM_2016","Schirmer 2016",6,"fourfold","Bacteroides",1,1,1,100,100,50095,TRUE,TRUE,FALSE,TRUE,TRUE,TRUE,TRUE,"no_observed_zeros","ok","",""
"SchirmerM_2016","Schirmer 2016",6,"fourfold","Barnesiella",0.805,0.83,0.78,83,78,5837,TRUE,TRUE,TRUE,FALSE,TRUE,TRUE,TRUE,"ok","ok","",""
"SchirmerM_2016","Schirmer 2016",6,"fourfold","Bifidobacterium",0.98,0.99,0.97,99,97,117580,TRUE,TRUE,TRUE,FALSE,TRUE,TRUE,TRUE,"ok","ok","",""
"SchirmerM_2016","Schirmer 2016",6,"fourfold","Blautia",1,1,1,100,100,18203,TRUE,TRUE,FALSE,TRUE,TRUE,TRUE,TRUE,"no_observed_zeros","ok","",""
"SchirmerM_2016","Schirmer 2016",6,"fourfold","Collinsella",0.93,0.92,0.94,92,94,35294,TRUE,TRUE,TRUE,FALSE,TRUE,TRUE,TRUE,"ok","ok","",""
"SchirmerM_2016","Schirmer 2016",6,"fourfold","Coprococcus",0.97,0.96,0.98,96,98,30022,TRUE,TRUE,TRUE,FALSE,TRUE,TRUE,TRUE,"ok","ok","",""
"SchirmerM_2016","Schirmer 2016",6,"fourfold","Dialister",0.505,0.47,0.54,47,54,5607,TRUE,TRUE,TRUE,FALSE,TRUE,TRUE,TRUE,"ok","ok","",""
"SchirmerM_2016","Schirmer 2016",6,"fourfold","Dorea",0.99,1,0.98,100,98,29561,TRUE,TRUE,TRUE,FALSE,TRUE,TRUE,TRUE,"ok","ok","",""
"SchirmerM_2016","Schirmer 2016",6,"fourfold","Eubacterium",0.97,0.97,0.97,97,97,17409,TRUE,TRUE,TRUE,FALSE,TRUE,TRUE,TRUE,"ok","ok","",""
"SchirmerM_2016","Schirmer 2016",6,"fourfold","Faecalibacterium",0.985,1,0.97,100,97,52281,TRUE,TRUE,TRUE,FALSE,TRUE,TRUE,TRUE,"ok","ok","",""
"SchirmerM_2016","Schirmer 2016",6,"fourfold","Firmicutes_unclassified",0.81,0.75,0.87,75,87,4458,TRUE,TRUE,TRUE,FALSE,TRUE,TRUE,TRUE,"ok","ok","",""
"SchirmerM_2016","Schirmer 2016",6,"fourfold","Fusicatenibacter",0.97,0.97,0.97,97,97,29295,TRUE,TRUE,TRUE,FALSE,TRUE,TRUE,TRUE,"ok","ok","",""
"SchirmerM_2016","Schirmer 2016",6,"fourfold","Lachnospira",0.85,0.83,0.87,83,87,10087,TRUE,TRUE,TRUE,FALSE,TRUE,TRUE,TRUE,"ok","ok","",""
"SchirmerM_2016","Schirmer 2016",6,"fourfold","Lachnospiraceae_unclassified",0.92,0.9,0.94,90,94,41299,TRUE,TRUE,TRUE,FALSE,TRUE,TRUE,TRUE,"ok","ok","",""
"SchirmerM_2016","Schirmer 2016",6,"fourfold","Mediterraneibacter",0.98,0.98,0.98,98,98,22217,TRUE,TRUE,TRUE,FALSE,TRUE,TRUE,TRUE,"ok","ok","",""
"SchirmerM_2016","Schirmer 2016",6,"fourfold","Methanobrevibacter",0.365,0.29,0.44,29,44,8092,TRUE,TRUE,TRUE,FALSE,TRUE,TRUE,TRUE,"ok","ok","",""
"SchirmerM_2016","Schirmer 2016",6,"fourfold","Oscillibacter",0.81,0.76,0.86,76,86,4153,TRUE,TRUE,TRUE,FALSE,TRUE,TRUE,TRUE,"ok","ok","",""
"SchirmerM_2016","Schirmer 2016",6,"fourfold","Parabacteroides",0.955,0.96,0.95,96,95,12252,TRUE,TRUE,TRUE,FALSE,TRUE,TRUE,TRUE,"ok","ok","",""
"SchirmerM_2016","Schirmer 2016",6,"fourfold","Phascolarctobacterium",0.495,0.47,0.52,47,52,3828,TRUE,TRUE,TRUE,FALSE,TRUE,TRUE,TRUE,"ok","ok","",""
"SchirmerM_2016","Schirmer 2016",6,"fourfold","Phocaeicola",1,1,1,100,100,39842,TRUE,TRUE,FALSE,TRUE,TRUE,TRUE,TRUE,"no_observed_zeros","ok","",""
"SchirmerM_2016","Schirmer 2016",6,"fourfold","Prevotella",0.52,0.5,0.54,50,54,46833,TRUE,TRUE,TRUE,FALSE,TRUE,TRUE,TRUE,"ok","ok","",""
"SchirmerM_2016","Schirmer 2016",6,"fourfold","Roseburia",0.98,0.98,0.98,98,98,40654,TRUE,TRUE,TRUE,FALSE,TRUE,TRUE,TRUE,"ok","ok","",""
"SchirmerM_2016","Schirmer 2016",6,"fourfold","Ruminococcaceae_unclassified",0.67,0.64,0.7,64,70,4840,TRUE,TRUE,TRUE,FALSE,TRUE,TRUE,TRUE,"ok","ok","",""
"SchirmerM_2016","Schirmer 2016",6,"fourfold","Ruminococcus",0.895,0.93,0.86,93,86,63639,TRUE,TRUE,TRUE,FALSE,TRUE,TRUE,TRUE,"ok","ok","",""
"SchirmerM_2016","Schirmer 2016",6,"fourfold","Streptococcus",0.87,0.81,0.93,81,93,7152,TRUE,TRUE,TRUE,FALSE,TRUE,TRUE,TRUE,"ok","ok","",""
"SchirmerM_2016","Schirmer 2016",7,"balanced","Agathobaculum",0.915,0.92,0.91,92,91,3867,TRUE,TRUE,TRUE,FALSE,TRUE,TRUE,TRUE,"ok","ok","",""
"SchirmerM_2016","Schirmer 2016",7,"balanced","Akkermansia",0.465,0.46,0.47,46,47,9345,TRUE,TRUE,TRUE,FALSE,TRUE,TRUE,TRUE,"ok","ok","",""
"SchirmerM_2016","Schirmer 2016",7,"balanced","Alistipes",0.96,0.94,0.98,94,98,28915,TRUE,TRUE,TRUE,FALSE,TRUE,TRUE,TRUE,"ok","ok","",""
"SchirmerM_2016","Schirmer 2016",7,"balanced","Anaerobutyricum",0.99,0.98,1,98,100,21691,TRUE,TRUE,TRUE,FALSE,TRUE,TRUE,TRUE,"ok","ok","",""
"SchirmerM_2016","Schirmer 2016",7,"balanced","Anaerostipes",0.995,1,0.99,100,99,25302,TRUE,TRUE,TRUE,FALSE,TRUE,TRUE,TRUE,"ok","ok","",""
"SchirmerM_2016","Schirmer 2016",7,"balanced","Bacteroides",0.995,0.99,1,99,100,55729,TRUE,TRUE,TRUE,FALSE,TRUE,TRUE,TRUE,"ok","ok","",""
"SchirmerM_2016","Schirmer 2016",7,"balanced","Barnesiella",0.82,0.81,0.83,81,83,6572,TRUE,TRUE,TRUE,FALSE,TRUE,TRUE,TRUE,"ok","ok","",""
"SchirmerM_2016","Schirmer 2016",7,"balanced","Bifidobacterium",0.98,0.99,0.97,99,97,127509,TRUE,TRUE,TRUE,FALSE,TRUE,TRUE,TRUE,"ok","ok","",""
"SchirmerM_2016","Schirmer 2016",7,"balanced","Blautia",1,1,1,100,100,23847,TRUE,TRUE,FALSE,TRUE,TRUE,TRUE,TRUE,"no_observed_zeros","ok","",""
"SchirmerM_2016","Schirmer 2016",7,"balanced","Collinsella",0.925,0.9,0.95,90,95,39829,TRUE,TRUE,TRUE,FALSE,TRUE,TRUE,TRUE,"ok","ok","",""
"SchirmerM_2016","Schirmer 2016",7,"balanced","Coprococcus",0.98,0.99,0.97,99,97,33379,TRUE,TRUE,TRUE,FALSE,TRUE,TRUE,TRUE,"ok","ok","",""
"SchirmerM_2016","Schirmer 2016",7,"balanced","Dialister",0.545,0.55,0.54,55,54,5112,TRUE,TRUE,TRUE,FALSE,TRUE,TRUE,TRUE,"ok","ok","",""
"SchirmerM_2016","Schirmer 2016",7,"balanced","Dorea",0.99,0.99,0.99,99,99,33487,TRUE,TRUE,TRUE,FALSE,TRUE,TRUE,TRUE,"ok","ok","",""
"SchirmerM_2016","Schirmer 2016",7,"balanced","Eubacterium",0.985,0.99,0.98,99,98,18741,TRUE,TRUE,TRUE,FALSE,TRUE,TRUE,TRUE,"ok","ok","",""
"SchirmerM_2016","Schirmer 2016",7,"balanced","Faecalibacterium",0.985,0.97,1,97,100,56376,TRUE,TRUE,TRUE,FALSE,TRUE,TRUE,TRUE,"ok","ok","",""
"SchirmerM_2016","Schirmer 2016",7,"balanced","Firmicutes_unclassified",0.87,0.84,0.9,84,90,4938,TRUE,TRUE,TRUE,FALSE,TRUE,TRUE,TRUE,"ok","ok","",""
"SchirmerM_2016","Schirmer 2016",7,"balanced","Fusicatenibacter",0.98,0.97,0.99,97,99,32929,TRUE,TRUE,TRUE,FALSE,TRUE,TRUE,TRUE,"ok","ok","",""
"SchirmerM_2016","Schirmer 2016",7,"balanced","Lachnospira",0.865,0.88,0.85,88,85,9853,TRUE,TRUE,TRUE,FALSE,TRUE,TRUE,TRUE,"ok","ok","",""
"SchirmerM_2016","Schirmer 2016",7,"balanced","Lachnospiraceae_unclassified",0.94,0.93,0.95,93,95,43049,TRUE,TRUE,TRUE,FALSE,TRUE,TRUE,TRUE,"ok","ok","",""
"SchirmerM_2016","Schirmer 2016",7,"balanced","Mediterraneibacter",0.99,0.99,0.99,99,99,26926,TRUE,TRUE,TRUE,FALSE,TRUE,TRUE,TRUE,"ok","ok","",""
"SchirmerM_2016","Schirmer 2016",7,"balanced","Methanobrevibacter",0.375,0.33,0.42,33,42,8400,TRUE,TRUE,TRUE,FALSE,TRUE,TRUE,TRUE,"ok","ok","",""
"SchirmerM_2016","Schirmer 2016",7,"balanced","Oscillibacter",0.83,0.82,0.84,82,84,4446,TRUE,TRUE,TRUE,FALSE,TRUE,TRUE,TRUE,"ok","ok","",""
"SchirmerM_2016","Schirmer 2016",7,"balanced","Parabacteroides",0.965,0.97,0.96,97,96,13337,TRUE,TRUE,TRUE,FALSE,TRUE,TRUE,TRUE,"ok","ok","",""
"SchirmerM_2016","Schirmer 2016",7,"balanced","Phascolarctobacterium",0.49,0.47,0.51,47,51,4007,TRUE,TRUE,TRUE,FALSE,TRUE,TRUE,TRUE,"ok","ok","",""
"SchirmerM_2016","Schirmer 2016",7,"balanced","Phocaeicola",1,1,1,100,100,43077,TRUE,TRUE,FALSE,TRUE,TRUE,TRUE,TRUE,"no_observed_zeros","ok","",""
"SchirmerM_2016","Schirmer 2016",7,"balanced","Prevotella",0.51,0.5,0.52,50,52,53182,TRUE,TRUE,TRUE,FALSE,TRUE,TRUE,TRUE,"ok","ok","",""
"SchirmerM_2016","Schirmer 2016",7,"balanced","Roseburia",0.99,0.99,0.99,99,99,44380,TRUE,TRUE,TRUE,FALSE,TRUE,TRUE,TRUE,"ok","ok","",""
"SchirmerM_2016","Schirmer 2016",7,"balanced","Ruminococcaceae_unclassified",0.69,0.68,0.7,68,70,4809,TRUE,TRUE,TRUE,FALSE,TRUE,TRUE,TRUE,"ok","ok","",""
"SchirmerM_2016","Schirmer 2016",7,"balanced","Ruminococcus",0.905,0.88,0.93,88,93,69445,TRUE,TRUE,TRUE,FALSE,TRUE,TRUE,TRUE,"ok","ok","",""
"SchirmerM_2016","Schirmer 2016",7,"balanced","Streptococcus",0.92,0.96,0.88,96,88,8003,TRUE,TRUE,TRUE,FALSE,TRUE,TRUE,TRUE,"ok","ok","",""
"SchirmerM_2016","Schirmer 2016",7,"fourfold","Agathobaculum",0.89,0.86,0.92,86,92,3363,TRUE,TRUE,TRUE,FALSE,TRUE,TRUE,TRUE,"ok","ok","",""
"SchirmerM_2016","Schirmer 2016",7,"fourfold","Akkermansia",0.46,0.43,0.49,43,49,12453,TRUE,TRUE,TRUE,FALSE,TRUE,TRUE,TRUE,"ok","ok","",""
"SchirmerM_2016","Schirmer 2016",7,"fourfold","Alistipes",0.94,0.92,0.96,92,96,27941,TRUE,TRUE,TRUE,FALSE,TRUE,TRUE,TRUE,"ok","ok","",""
"SchirmerM_2016","Schirmer 2016",7,"fourfold","Anaerobutyricum",0.985,0.97,1,97,100,19253,TRUE,TRUE,TRUE,FALSE,TRUE,TRUE,TRUE,"ok","ok","",""
"SchirmerM_2016","Schirmer 2016",7,"fourfold","Anaerostipes",0.995,1,0.99,100,99,24604,TRUE,TRUE,TRUE,FALSE,TRUE,TRUE,TRUE,"ok","ok","",""
"SchirmerM_2016","Schirmer 2016",7,"fourfold","Bacteroides",0.995,0.99,1,99,100,55161,TRUE,TRUE,TRUE,FALSE,TRUE,TRUE,TRUE,"ok","ok","",""
"SchirmerM_2016","Schirmer 2016",7,"fourfold","Barnesiella",0.79,0.77,0.81,77,81,6700,TRUE,TRUE,TRUE,FALSE,TRUE,TRUE,TRUE,"ok","ok","",""
"SchirmerM_2016","Schirmer 2016",7,"fourfold","Bifidobacterium",0.97,0.98,0.96,98,96,127815,TRUE,TRUE,TRUE,FALSE,TRUE,TRUE,TRUE,"ok","ok","",""
"SchirmerM_2016","Schirmer 2016",7,"fourfold","Blautia",0.995,0.99,1,99,100,19401,TRUE,TRUE,FALSE,TRUE,TRUE,TRUE,TRUE,"structural_absence_boundary_at_zero","ok","",""
"SchirmerM_2016","Schirmer 2016",7,"fourfold","Collinsella",0.92,0.89,0.95,89,95,38887,TRUE,TRUE,TRUE,FALSE,TRUE,TRUE,TRUE,"ok","ok","",""
"SchirmerM_2016","Schirmer 2016",7,"fourfold","Coprococcus",0.98,0.99,0.97,99,97,29903,TRUE,TRUE,TRUE,FALSE,TRUE,TRUE,TRUE,"ok","ok","",""
"SchirmerM_2016","Schirmer 2016",7,"fourfold","Dialister",0.52,0.51,0.53,51,53,3823,TRUE,TRUE,TRUE,FALSE,TRUE,TRUE,TRUE,"ok","ok","",""
"SchirmerM_2016","Schirmer 2016",7,"fourfold","Dorea",0.99,0.99,0.99,99,99,30310,TRUE,TRUE,TRUE,FALSE,TRUE,TRUE,TRUE,"ok","ok","",""
"SchirmerM_2016","Schirmer 2016",7,"fourfold","Eubacterium",0.965,0.95,0.98,95,98,15805,TRUE,TRUE,TRUE,FALSE,TRUE,TRUE,TRUE,"ok","ok","",""
"SchirmerM_2016","Schirmer 2016",7,"fourfold","Faecalibacterium",0.985,0.97,1,97,100,59203,TRUE,TRUE,TRUE,FALSE,TRUE,TRUE,TRUE,"ok","ok","",""
"SchirmerM_2016","Schirmer 2016",7,"fourfold","Firmicutes_unclassified",0.835,0.75,0.92,75,92,4772,TRUE,TRUE,TRUE,FALSE,TRUE,TRUE,TRUE,"ok","ok","",""
"SchirmerM_2016","Schirmer 2016",7,"fourfold","Fusicatenibacter",0.975,0.97,0.98,97,98,29679,TRUE,TRUE,TRUE,FALSE,TRUE,TRUE,TRUE,"ok","ok","",""
"SchirmerM_2016","Schirmer 2016",7,"fourfold","Lachnospira",0.825,0.79,0.86,79,86,9277,TRUE,TRUE,TRUE,FALSE,TRUE,TRUE,TRUE,"ok","ok","",""
"SchirmerM_2016","Schirmer 2016",7,"fourfold","Lachnospiraceae_unclassified",0.925,0.9,0.95,90,95,43580,TRUE,TRUE,TRUE,FALSE,TRUE,TRUE,TRUE,"ok","ok","",""
"SchirmerM_2016","Schirmer 2016",7,"fourfold","Mediterraneibacter",0.995,1,0.99,100,99,20729,TRUE,TRUE,TRUE,FALSE,TRUE,TRUE,TRUE,"ok","ok","",""
"SchirmerM_2016","Schirmer 2016",7,"fourfold","Methanobrevibacter",0.39,0.35,0.43,35,43,9125,TRUE,TRUE,TRUE,FALSE,TRUE,TRUE,TRUE,"ok","ok","",""
"SchirmerM_2016","Schirmer 2016",7,"fourfold","Oscillibacter",0.8,0.76,0.84,76,84,4547,TRUE,TRUE,TRUE,FALSE,TRUE,TRUE,TRUE,"ok","ok","",""
"SchirmerM_2016","Schirmer 2016",7,"fourfold","Parabacteroides",0.955,0.95,0.96,95,96,13312,TRUE,TRUE,TRUE,FALSE,TRUE,TRUE,TRUE,"ok","ok","",""
"SchirmerM_2016","Schirmer 2016",7,"fourfold","Phascolarctobacterium",0.48,0.44,0.52,44,52,4139,TRUE,TRUE,TRUE,FALSE,TRUE,TRUE,TRUE,"ok","ok","",""
"SchirmerM_2016","Schirmer 2016",7,"fourfold","Phocaeicola",0.995,0.99,1,99,100,40203,TRUE,TRUE,TRUE,FALSE,TRUE,TRUE,TRUE,"ok","ok","",""
"SchirmerM_2016","Schirmer 2016",7,"fourfold","Prevotella",0.515,0.5,0.53,50,53,46163,TRUE,TRUE,TRUE,FALSE,TRUE,TRUE,TRUE,"ok","ok","",""
"SchirmerM_2016","Schirmer 2016",7,"fourfold","Roseburia",0.98,0.98,0.98,98,98,43093,TRUE,TRUE,TRUE,FALSE,TRUE,TRUE,TRUE,"ok","ok","",""
"SchirmerM_2016","Schirmer 2016",7,"fourfold","Ruminococcaceae_unclassified",0.675,0.63,0.72,63,72,6701,TRUE,TRUE,TRUE,FALSE,TRUE,TRUE,TRUE,"ok","ok","",""
"SchirmerM_2016","Schirmer 2016",7,"fourfold","Ruminococcus",0.9,0.87,0.93,87,93,65553,TRUE,TRUE,TRUE,FALSE,TRUE,TRUE,TRUE,"ok","ok","",""
"SchirmerM_2016","Schirmer 2016",7,"fourfold","Streptococcus",0.9,0.84,0.96,84,96,6137,TRUE,TRUE,TRUE,FALSE,TRUE,TRUE,TRUE,"ok","ok","",""
"SchirmerM_2016","Schirmer 2016",8,"balanced","Agathobaculum",0.91,0.93,0.89,93,89,3591,TRUE,TRUE,TRUE,FALSE,TRUE,TRUE,TRUE,"ok","ok","",""
"SchirmerM_2016","Schirmer 2016",8,"balanced","Akkermansia",0.48,0.54,0.42,54,42,9598,TRUE,TRUE,TRUE,FALSE,TRUE,TRUE,TRUE,"ok","ok","",""
"SchirmerM_2016","Schirmer 2016",8,"balanced","Alistipes",0.965,0.98,0.95,98,95,27627,TRUE,TRUE,TRUE,FALSE,TRUE,TRUE,TRUE,"ok","ok","",""
"SchirmerM_2016","Schirmer 2016",8,"balanced","Anaerobutyricum",0.99,0.99,0.99,99,99,19233,TRUE,TRUE,TRUE,FALSE,TRUE,TRUE,TRUE,"ok","ok","",""
"SchirmerM_2016","Schirmer 2016",8,"balanced","Anaerostipes",0.995,0.99,1,99,100,22412,TRUE,TRUE,TRUE,FALSE,TRUE,TRUE,TRUE,"ok","ok","",""
"SchirmerM_2016","Schirmer 2016",8,"balanced","Bacteroides",1,1,1,100,100,54239,TRUE,TRUE,FALSE,TRUE,TRUE,TRUE,TRUE,"no_observed_zeros","ok","",""
"SchirmerM_2016","Schirmer 2016",8,"balanced","Barnesiella",0.79,0.8,0.78,80,78,6628,TRUE,TRUE,TRUE,FALSE,TRUE,TRUE,TRUE,"ok","ok","",""
"SchirmerM_2016","Schirmer 2016",8,"balanced","Bifidobacterium",0.975,0.97,0.98,97,98,119283,TRUE,TRUE,TRUE,FALSE,TRUE,TRUE,TRUE,"ok","ok","",""
"SchirmerM_2016","Schirmer 2016",8,"balanced","Blautia",1,1,1,100,100,20008,TRUE,TRUE,FALSE,TRUE,TRUE,TRUE,TRUE,"no_observed_zeros","ok","",""
"SchirmerM_2016","Schirmer 2016",8,"balanced","Collinsella",0.93,0.92,0.94,92,94,37313,TRUE,TRUE,TRUE,FALSE,TRUE,TRUE,TRUE,"ok","ok","",""
"SchirmerM_2016","Schirmer 2016",8,"balanced","Coprococcus",0.975,0.98,0.97,98,97,29956,TRUE,TRUE,TRUE,FALSE,TRUE,TRUE,TRUE,"ok","ok","",""
"SchirmerM_2016","Schirmer 2016",8,"balanced","Dialister",0.51,0.5,0.52,50,52,4902,TRUE,TRUE,TRUE,FALSE,TRUE,TRUE,TRUE,"ok","ok","",""
"SchirmerM_2016","Schirmer 2016",8,"balanced","Dorea",0.99,0.99,0.99,99,99,31519,TRUE,TRUE,TRUE,FALSE,TRUE,TRUE,TRUE,"ok","ok","",""
"SchirmerM_2016","Schirmer 2016",8,"balanced","Eubacterium",0.98,0.97,0.99,97,99,15497,TRUE,TRUE,TRUE,FALSE,TRUE,TRUE,TRUE,"ok","ok","",""
"SchirmerM_2016","Schirmer 2016",8,"balanced","Faecalibacterium",0.985,0.99,0.98,99,98,57599,TRUE,TRUE,TRUE,FALSE,TRUE,TRUE,TRUE,"ok","ok","",""
"SchirmerM_2016","Schirmer 2016",8,"balanced","Firmicutes_unclassified",0.85,0.89,0.81,89,81,5313,TRUE,TRUE,TRUE,FALSE,TRUE,TRUE,TRUE,"ok","ok","",""
"SchirmerM_2016","Schirmer 2016",8,"balanced","Fusicatenibacter",0.975,0.98,0.97,98,97,30621,TRUE,TRUE,TRUE,FALSE,TRUE,TRUE,TRUE,"ok","ok","",""
"SchirmerM_2016","Schirmer 2016",8,"balanced","Lachnospira",0.865,0.91,0.82,91,82,9401,TRUE,TRUE,TRUE,FALSE,TRUE,TRUE,TRUE,"ok","ok","",""
"SchirmerM_2016","Schirmer 2016",8,"balanced","Lachnospiraceae_unclassified",0.935,0.97,0.9,97,90,43330,TRUE,TRUE,TRUE,FALSE,TRUE,TRUE,TRUE,"ok","ok","",""
"SchirmerM_2016","Schirmer 2016",8,"balanced","Mediterraneibacter",0.995,0.99,1,99,100,23022,TRUE,TRUE,TRUE,FALSE,TRUE,TRUE,TRUE,"ok","ok","",""
"SchirmerM_2016","Schirmer 2016",8,"balanced","Methanobrevibacter",0.385,0.43,0.34,43,34,6489,TRUE,TRUE,TRUE,FALSE,TRUE,TRUE,TRUE,"ok","ok","",""
"SchirmerM_2016","Schirmer 2016",8,"balanced","Oscillibacter",0.815,0.83,0.8,83,80,4439,TRUE,TRUE,TRUE,FALSE,TRUE,TRUE,TRUE,"ok","ok","",""
"SchirmerM_2016","Schirmer 2016",8,"balanced","Parabacteroides",0.955,0.98,0.93,98,93,12889,TRUE,TRUE,TRUE,FALSE,TRUE,TRUE,TRUE,"ok","ok","",""
"SchirmerM_2016","Schirmer 2016",8,"balanced","Phascolarctobacterium",0.485,0.51,0.46,51,46,4145,TRUE,TRUE,TRUE,FALSE,TRUE,TRUE,TRUE,"ok","ok","",""
"SchirmerM_2016","Schirmer 2016",8,"balanced","Phocaeicola",0.995,0.99,1,99,100,41245,TRUE,TRUE,TRUE,FALSE,TRUE,TRUE,TRUE,"ok","ok","",""
"SchirmerM_2016","Schirmer 2016",8,"balanced","Prevotella",0.5,0.51,0.49,51,49,46762,TRUE,TRUE,TRUE,FALSE,TRUE,TRUE,TRUE,"ok","ok","",""
"SchirmerM_2016","Schirmer 2016",8,"balanced","Roseburia",0.985,1,0.97,100,97,42605,TRUE,TRUE,TRUE,FALSE,TRUE,TRUE,TRUE,"ok","ok","",""
"SchirmerM_2016","Schirmer 2016",8,"balanced","Ruminococcaceae_unclassified",0.705,0.75,0.66,75,66,4778,TRUE,TRUE,TRUE,FALSE,TRUE,TRUE,TRUE,"ok","ok","",""
"SchirmerM_2016","Schirmer 2016",8,"balanced","Ruminococcus",0.895,0.92,0.87,92,87,66349,TRUE,TRUE,TRUE,FALSE,TRUE,TRUE,TRUE,"ok","ok","",""
"SchirmerM_2016","Schirmer 2016",8,"balanced","Streptococcus",0.91,0.87,0.95,87,95,6794,TRUE,TRUE,TRUE,FALSE,TRUE,TRUE,TRUE,"ok","ok","",""
"SchirmerM_2016","Schirmer 2016",8,"fourfold","Agathobaculum",0.885,0.84,0.93,84,93,3919,TRUE,TRUE,TRUE,FALSE,TRUE,TRUE,TRUE,"ok","ok","",""
"SchirmerM_2016","Schirmer 2016",8,"fourfold","Akkermansia",0.46,0.51,0.41,51,41,5606,TRUE,TRUE,TRUE,FALSE,TRUE,TRUE,TRUE,"ok","ok","",""
"SchirmerM_2016","Schirmer 2016",8,"fourfold","Alistipes",0.96,0.97,0.95,97,95,25368,TRUE,TRUE,TRUE,FALSE,TRUE,TRUE,TRUE,"ok","ok","",""
"SchirmerM_2016","Schirmer 2016",8,"fourfold","Anaerobutyricum",0.99,0.99,0.99,99,99,20144,TRUE,TRUE,TRUE,FALSE,TRUE,TRUE,TRUE,"ok","ok","",""
"SchirmerM_2016","Schirmer 2016",8,"fourfold","Anaerostipes",0.995,0.99,1,99,100,23825,TRUE,TRUE,FALSE,TRUE,TRUE,TRUE,TRUE,"structural_absence_boundary_at_zero","ok","",""
"SchirmerM_2016","Schirmer 2016",8,"fourfold","Bacteroides",1,1,1,100,100,50230,TRUE,TRUE,FALSE,TRUE,TRUE,TRUE,TRUE,"no_observed_zeros","ok","",""
"SchirmerM_2016","Schirmer 2016",8,"fourfold","Barnesiella",0.78,0.76,0.8,76,80,5649,TRUE,TRUE,TRUE,FALSE,TRUE,TRUE,TRUE,"ok","ok","",""
"SchirmerM_2016","Schirmer 2016",8,"fourfold","Bifidobacterium",0.975,0.97,0.98,97,98,113634,TRUE,TRUE,TRUE,FALSE,TRUE,TRUE,TRUE,"ok","ok","",""
"SchirmerM_2016","Schirmer 2016",8,"fourfold","Blautia",1,1,1,100,100,20033,TRUE,TRUE,FALSE,TRUE,TRUE,TRUE,TRUE,"no_observed_zeros","ok","",""
"SchirmerM_2016","Schirmer 2016",8,"fourfold","Collinsella",0.92,0.9,0.94,90,94,37304,TRUE,TRUE,TRUE,FALSE,TRUE,TRUE,TRUE,"ok","ok","",""
"SchirmerM_2016","Schirmer 2016",8,"fourfold","Coprococcus",0.98,0.98,0.98,98,98,31482,TRUE,TRUE,TRUE,FALSE,TRUE,TRUE,TRUE,"ok","ok","",""
"SchirmerM_2016","Schirmer 2016",8,"fourfold","Dialister",0.515,0.48,0.55,48,55,3805,TRUE,TRUE,TRUE,FALSE,TRUE,TRUE,TRUE,"ok","ok","",""
"SchirmerM_2016","Schirmer 2016",8,"fourfold","Dorea",0.99,0.99,0.99,99,99,28753,TRUE,TRUE,TRUE,FALSE,TRUE,TRUE,TRUE,"ok","ok","",""
"SchirmerM_2016","Schirmer 2016",8,"fourfold","Eubacterium",0.96,0.93,0.99,93,99,14432,TRUE,TRUE,TRUE,FALSE,TRUE,TRUE,TRUE,"ok","ok","",""
"SchirmerM_2016","Schirmer 2016",8,"fourfold","Faecalibacterium",0.985,0.99,0.98,99,98,53577,TRUE,TRUE,TRUE,FALSE,TRUE,TRUE,TRUE,"ok","ok","",""
"SchirmerM_2016","Schirmer 2016",8,"fourfold","Firmicutes_unclassified",0.82,0.79,0.85,79,85,4175,TRUE,TRUE,TRUE,FALSE,TRUE,TRUE,TRUE,"ok","ok","",""
"SchirmerM_2016","Schirmer 2016",8,"fourfold","Fusicatenibacter",0.975,0.97,0.98,97,98,31061,TRUE,TRUE,TRUE,FALSE,TRUE,TRUE,TRUE,"ok","ok","",""
"SchirmerM_2016","Schirmer 2016",8,"fourfold","Lachnospira",0.815,0.81,0.82,81,82,9810,TRUE,TRUE,TRUE,FALSE,TRUE,TRUE,TRUE,"ok","ok","",""
"SchirmerM_2016","Schirmer 2016",8,"fourfold","Lachnospiraceae_unclassified",0.905,0.9,0.91,90,91,37779,TRUE,TRUE,TRUE,FALSE,TRUE,TRUE,TRUE,"ok","ok","",""
"SchirmerM_2016","Schirmer 2016",8,"fourfold","Mediterraneibacter",0.99,0.98,1,98,100,23029,TRUE,TRUE,TRUE,FALSE,TRUE,TRUE,TRUE,"ok","ok","",""
"SchirmerM_2016","Schirmer 2016",8,"fourfold","Methanobrevibacter",0.38,0.42,0.34,42,34,6345,TRUE,TRUE,TRUE,FALSE,TRUE,TRUE,TRUE,"ok","ok","",""
"SchirmerM_2016","Schirmer 2016",8,"fourfold","Oscillibacter",0.81,0.81,0.81,81,81,4070,TRUE,TRUE,TRUE,FALSE,TRUE,TRUE,TRUE,"ok","ok","",""
"SchirmerM_2016","Schirmer 2016",8,"fourfold","Parabacteroides",0.955,0.97,0.94,97,94,12789,TRUE,TRUE,TRUE,FALSE,TRUE,TRUE,TRUE,"ok","ok","",""
"SchirmerM_2016","Schirmer 2016",8,"fourfold","Phascolarctobacterium",0.455,0.46,0.45,46,45,3450,TRUE,TRUE,TRUE,FALSE,TRUE,TRUE,TRUE,"ok","ok","",""
"SchirmerM_2016","Schirmer 2016",8,"fourfold","Phocaeicola",1,1,1,100,100,42642,TRUE,TRUE,FALSE,TRUE,TRUE,TRUE,TRUE,"no_observed_zeros","ok","",""
"SchirmerM_2016","Schirmer 2016",8,"fourfold","Prevotella",0.495,0.48,0.51,48,51,58572,TRUE,TRUE,TRUE,FALSE,TRUE,TRUE,TRUE,"ok","ok","",""
"SchirmerM_2016","Schirmer 2016",8,"fourfold","Roseburia",0.985,0.99,0.98,99,98,45011,TRUE,TRUE,TRUE,FALSE,TRUE,TRUE,TRUE,"ok","ok","",""
"SchirmerM_2016","Schirmer 2016",8,"fourfold","Ruminococcaceae_unclassified",0.675,0.65,0.7,65,70,4065,TRUE,TRUE,TRUE,FALSE,TRUE,TRUE,TRUE,"ok","ok","",""
"SchirmerM_2016","Schirmer 2016",8,"fourfold","Ruminococcus",0.89,0.9,0.88,90,88,66605,TRUE,TRUE,TRUE,FALSE,TRUE,TRUE,TRUE,"ok","ok","",""
"SchirmerM_2016","Schirmer 2016",8,"fourfold","Streptococcus",0.895,0.81,0.98,81,98,7328,TRUE,TRUE,TRUE,FALSE,TRUE,TRUE,TRUE,"ok","ok","",""
"SchirmerM_2016","Schirmer 2016",9,"balanced","Agathobaculum",0.925,0.91,0.94,91,94,4140,TRUE,TRUE,TRUE,FALSE,TRUE,TRUE,TRUE,"ok","ok","",""
"SchirmerM_2016","Schirmer 2016",9,"balanced","Akkermansia",0.49,0.47,0.51,47,51,7559,TRUE,TRUE,TRUE,FALSE,TRUE,TRUE,TRUE,"ok","ok","",""
"SchirmerM_2016","Schirmer 2016",9,"balanced","Alistipes",0.95,0.98,0.92,98,92,30288,TRUE,TRUE,TRUE,FALSE,TRUE,TRUE,TRUE,"ok","ok","",""
"SchirmerM_2016","Schirmer 2016",9,"balanced","Anaerobutyricum",0.99,0.99,0.99,99,99,21963,TRUE,TRUE,TRUE,FALSE,TRUE,TRUE,TRUE,"ok","ok","",""
"SchirmerM_2016","Schirmer 2016",9,"balanced","Anaerostipes",0.995,1,0.99,100,99,26032,TRUE,TRUE,TRUE,FALSE,TRUE,TRUE,TRUE,"ok","ok","",""
"SchirmerM_2016","Schirmer 2016",9,"balanced","Bacteroides",0.995,1,0.99,100,99,61398,TRUE,TRUE,TRUE,FALSE,TRUE,TRUE,TRUE,"ok","ok","",""
"SchirmerM_2016","Schirmer 2016",9,"balanced","Barnesiella",0.81,0.81,0.81,81,81,6942,TRUE,TRUE,TRUE,FALSE,TRUE,TRUE,TRUE,"ok","ok","",""
"SchirmerM_2016","Schirmer 2016",9,"balanced","Bifidobacterium",0.975,0.99,0.96,99,96,133834,TRUE,TRUE,TRUE,FALSE,TRUE,TRUE,TRUE,"ok","ok","",""
"SchirmerM_2016","Schirmer 2016",9,"balanced","Blautia",1,1,1,100,100,21554,TRUE,TRUE,FALSE,TRUE,TRUE,TRUE,TRUE,"no_observed_zeros","ok","",""
"SchirmerM_2016","Schirmer 2016",9,"balanced","Collinsella",0.925,0.96,0.89,96,89,41398,TRUE,TRUE,TRUE,FALSE,TRUE,TRUE,TRUE,"ok","ok","",""
"SchirmerM_2016","Schirmer 2016",9,"balanced","Coprococcus",0.975,0.98,0.97,98,97,33437,TRUE,TRUE,TRUE,FALSE,TRUE,TRUE,TRUE,"ok","ok","",""
"SchirmerM_2016","Schirmer 2016",9,"balanced","Dialister",0.535,0.57,0.5,57,50,5096,TRUE,TRUE,TRUE,FALSE,TRUE,TRUE,TRUE,"ok","ok","",""
"SchirmerM_2016","Schirmer 2016",9,"balanced","Dorea",0.99,0.98,1,98,100,34326,TRUE,TRUE,TRUE,FALSE,TRUE,TRUE,TRUE,"ok","ok","",""
"SchirmerM_2016","Schirmer 2016",9,"balanced","Eubacterium",0.98,0.99,0.97,99,97,17610,TRUE,TRUE,TRUE,FALSE,TRUE,TRUE,TRUE,"ok","ok","",""
"SchirmerM_2016","Schirmer 2016",9,"balanced","Faecalibacterium",0.985,1,0.97,100,97,63803,TRUE,TRUE,TRUE,FALSE,TRUE,TRUE,TRUE,"ok","ok","",""
"SchirmerM_2016","Schirmer 2016",9,"balanced","Firmicutes_unclassified",0.84,0.89,0.79,89,79,5173,TRUE,TRUE,TRUE,FALSE,TRUE,TRUE,TRUE,"ok","ok","",""
"SchirmerM_2016","Schirmer 2016",9,"balanced","Fusicatenibacter",0.975,1,0.95,100,95,34208,TRUE,TRUE,TRUE,FALSE,TRUE,TRUE,TRUE,"ok","ok","",""
"SchirmerM_2016","Schirmer 2016",9,"balanced","Lachnospira",0.855,0.84,0.87,84,87,11165,TRUE,TRUE,TRUE,FALSE,TRUE,TRUE,TRUE,"ok","ok","",""
"SchirmerM_2016","Schirmer 2016",9,"balanced","Lachnospiraceae_unclassified",0.915,0.9,0.93,90,93,46063,TRUE,TRUE,TRUE,FALSE,TRUE,TRUE,TRUE,"ok","ok","",""
"SchirmerM_2016","Schirmer 2016",9,"balanced","Mediterraneibacter",0.98,0.98,0.98,98,98,26119,TRUE,TRUE,TRUE,FALSE,TRUE,TRUE,TRUE,"ok","ok","",""
"SchirmerM_2016","Schirmer 2016",9,"balanced","Methanobrevibacter",0.37,0.39,0.35,39,35,8220,TRUE,TRUE,TRUE,FALSE,TRUE,TRUE,TRUE,"ok","ok","",""
"SchirmerM_2016","Schirmer 2016",9,"balanced","Oscillibacter",0.835,0.87,0.8,87,80,4532,TRUE,TRUE,TRUE,FALSE,TRUE,TRUE,TRUE,"ok","ok","",""
"SchirmerM_2016","Schirmer 2016",9,"balanced","Parabacteroides",0.965,0.97,0.96,97,96,14280,TRUE,TRUE,TRUE,FALSE,TRUE,TRUE,TRUE,"ok","ok","",""
"SchirmerM_2016","Schirmer 2016",9,"balanced","Phascolarctobacterium",0.485,0.41,0.56,41,56,4041,TRUE,TRUE,TRUE,FALSE,TRUE,TRUE,TRUE,"ok","ok","",""
"SchirmerM_2016","Schirmer 2016",9,"balanced","Phocaeicola",1,1,1,100,100,47516,TRUE,TRUE,FALSE,TRUE,TRUE,TRUE,TRUE,"no_observed_zeros","ok","",""
"SchirmerM_2016","Schirmer 2016",9,"balanced","Prevotella",0.505,0.55,0.46,55,46,52713,TRUE,TRUE,TRUE,FALSE,TRUE,TRUE,TRUE,"ok","ok","",""
"SchirmerM_2016","Schirmer 2016",9,"balanced","Roseburia",0.985,0.98,0.99,98,99,51097,TRUE,TRUE,TRUE,FALSE,TRUE,TRUE,TRUE,"ok","ok","",""
"SchirmerM_2016","Schirmer 2016",9,"balanced","Ruminococcaceae_unclassified",0.69,0.73,0.65,73,65,6554,TRUE,TRUE,TRUE,FALSE,TRUE,TRUE,TRUE,"ok","ok","",""
"SchirmerM_2016","Schirmer 2016",9,"balanced","Ruminococcus",0.9,0.91,0.89,91,89,75962,TRUE,TRUE,TRUE,FALSE,TRUE,TRUE,TRUE,"ok","ok","",""
"SchirmerM_2016","Schirmer 2016",9,"balanced","Streptococcus",0.905,0.88,0.93,88,93,7975,TRUE,TRUE,TRUE,FALSE,TRUE,TRUE,TRUE,"ok","ok","",""
"SchirmerM_2016","Schirmer 2016",9,"fourfold","Agathobaculum",0.865,0.79,0.94,79,94,3382,TRUE,TRUE,TRUE,FALSE,TRUE,TRUE,TRUE,"ok","ok","",""
"SchirmerM_2016","Schirmer 2016",9,"fourfold","Akkermansia",0.46,0.44,0.48,44,48,9577,TRUE,TRUE,TRUE,FALSE,TRUE,TRUE,TRUE,"ok","ok","",""
"SchirmerM_2016","Schirmer 2016",9,"fourfold","Alistipes",0.955,0.97,0.94,97,94,26657,TRUE,TRUE,TRUE,FALSE,TRUE,TRUE,TRUE,"ok","ok","",""
"SchirmerM_2016","Schirmer 2016",9,"fourfold","Anaerobutyricum",0.99,0.99,0.99,99,99,18588,TRUE,TRUE,TRUE,FALSE,TRUE,TRUE,TRUE,"ok","ok","",""
"SchirmerM_2016","Schirmer 2016",9,"fourfold","Anaerostipes",0.995,1,0.99,100,99,22176,TRUE,TRUE,TRUE,FALSE,TRUE,TRUE,TRUE,"ok","ok","",""
"SchirmerM_2016","Schirmer 2016",9,"fourfold","Bacteroides",1,1,1,100,100,53857,TRUE,TRUE,FALSE,TRUE,TRUE,TRUE,TRUE,"no_observed_zeros","ok","",""
"SchirmerM_2016","Schirmer 2016",9,"fourfold","Barnesiella",0.8,0.8,0.8,80,80,6311,TRUE,TRUE,TRUE,FALSE,TRUE,TRUE,TRUE,"ok","ok","",""
"SchirmerM_2016","Schirmer 2016",9,"fourfold","Bifidobacterium",0.975,0.99,0.96,99,96,121659,TRUE,TRUE,TRUE,FALSE,TRUE,TRUE,TRUE,"ok","ok","",""
"SchirmerM_2016","Schirmer 2016",9,"fourfold","Blautia",0.995,0.99,1,99,100,20530,TRUE,TRUE,TRUE,FALSE,TRUE,TRUE,TRUE,"ok","ok","",""
"SchirmerM_2016","Schirmer 2016",9,"fourfold","Collinsella",0.92,0.96,0.88,96,88,37492,TRUE,TRUE,TRUE,FALSE,TRUE,TRUE,TRUE,"ok","ok","",""
"SchirmerM_2016","Schirmer 2016",9,"fourfold","Coprococcus",0.97,0.97,0.97,97,97,27877,TRUE,TRUE,TRUE,FALSE,TRUE,TRUE,TRUE,"ok","ok","",""
"SchirmerM_2016","Schirmer 2016",9,"fourfold","Dialister",0.52,0.53,0.51,53,51,4075,TRUE,TRUE,TRUE,FALSE,TRUE,TRUE,TRUE,"ok","ok","",""
"SchirmerM_2016","Schirmer 2016",9,"fourfold","Dorea",0.99,0.98,1,98,100,32008,TRUE,TRUE,TRUE,FALSE,TRUE,TRUE,TRUE,"ok","ok","",""
"SchirmerM_2016","Schirmer 2016",9,"fourfold","Eubacterium",0.97,0.99,0.95,99,95,17282,TRUE,TRUE,TRUE,FALSE,TRUE,TRUE,TRUE,"ok","ok","",""
"SchirmerM_2016","Schirmer 2016",9,"fourfold","Faecalibacterium",0.985,1,0.97,100,97,54623,TRUE,TRUE,TRUE,FALSE,TRUE,TRUE,TRUE,"ok","ok","",""
"SchirmerM_2016","Schirmer 2016",9,"fourfold","Firmicutes_unclassified",0.85,0.87,0.83,87,83,4361,TRUE,TRUE,TRUE,FALSE,TRUE,TRUE,TRUE,"ok","ok","",""
"SchirmerM_2016","Schirmer 2016",9,"fourfold","Fusicatenibacter",0.98,1,0.96,100,96,31917,TRUE,TRUE,TRUE,FALSE,TRUE,TRUE,TRUE,"ok","ok","",""
"SchirmerM_2016","Schirmer 2016",9,"fourfold","Lachnospira",0.845,0.82,0.87,82,87,8841,TRUE,TRUE,TRUE,FALSE,TRUE,TRUE,TRUE,"ok","ok","",""
"SchirmerM_2016","Schirmer 2016",9,"fourfold","Lachnospiraceae_unclassified",0.93,0.89,0.97,89,97,44512,TRUE,TRUE,TRUE,FALSE,TRUE,TRUE,TRUE,"ok","ok","",""
"SchirmerM_2016","Schirmer 2016",9,"fourfold","Mediterraneibacter",0.985,0.97,1,97,100,22885,TRUE,TRUE,TRUE,FALSE,TRUE,TRUE,TRUE,"ok","ok","",""
"SchirmerM_2016","Schirmer 2016",9,"fourfold","Methanobrevibacter",0.38,0.39,0.37,39,37,7087,TRUE,TRUE,TRUE,FALSE,TRUE,TRUE,TRUE,"ok","ok","",""
"SchirmerM_2016","Schirmer 2016",9,"fourfold","Oscillibacter",0.78,0.78,0.78,78,78,4100,TRUE,TRUE,TRUE,FALSE,TRUE,TRUE,TRUE,"ok","ok","",""
"SchirmerM_2016","Schirmer 2016",9,"fourfold","Parabacteroides",0.965,0.97,0.96,97,96,13262,TRUE,TRUE,TRUE,FALSE,TRUE,TRUE,TRUE,"ok","ok","",""
"SchirmerM_2016","Schirmer 2016",9,"fourfold","Phascolarctobacterium",0.485,0.39,0.58,39,58,4341,TRUE,TRUE,TRUE,FALSE,TRUE,TRUE,TRUE,"ok","ok","",""
"SchirmerM_2016","Schirmer 2016",9,"fourfold","Phocaeicola",1,1,1,100,100,40027,TRUE,TRUE,FALSE,TRUE,TRUE,TRUE,TRUE,"no_observed_zeros","ok","",""
"SchirmerM_2016","Schirmer 2016",9,"fourfold","Prevotella",0.515,0.53,0.5,53,50,48612,TRUE,TRUE,TRUE,FALSE,TRUE,TRUE,TRUE,"ok","ok","",""
"SchirmerM_2016","Schirmer 2016",9,"fourfold","Roseburia",0.975,0.95,1,95,100,43582,TRUE,TRUE,TRUE,FALSE,TRUE,TRUE,TRUE,"ok","ok","",""
"SchirmerM_2016","Schirmer 2016",9,"fourfold","Ruminococcaceae_unclassified",0.665,0.62,0.71,62,71,5332,TRUE,TRUE,TRUE,FALSE,TRUE,TRUE,TRUE,"ok","ok","",""
"SchirmerM_2016","Schirmer 2016",9,"fourfold","Ruminococcus",0.89,0.89,0.89,89,89,61511,TRUE,TRUE,TRUE,FALSE,TRUE,TRUE,TRUE,"ok","ok","",""
"SchirmerM_2016","Schirmer 2016",9,"fourfold","Streptococcus",0.915,0.86,0.97,86,97,6221,TRUE,TRUE,TRUE,FALSE,TRUE,TRUE,TRUE,"ok","ok","",""
"SchirmerM_2016","Schirmer 2016",10,"balanced","Agathobaculum",0.905,0.89,0.92,89,92,3579,TRUE,TRUE,TRUE,FALSE,TRUE,TRUE,TRUE,"ok","ok","",""
"SchirmerM_2016","Schirmer 2016",10,"balanced","Akkermansia",0.475,0.46,0.49,46,49,8210,TRUE,TRUE,TRUE,FALSE,TRUE,TRUE,TRUE,"ok","ok","",""
"SchirmerM_2016","Schirmer 2016",10,"balanced","Alistipes",0.965,0.98,0.95,98,95,25830,TRUE,TRUE,TRUE,FALSE,TRUE,TRUE,TRUE,"ok","ok","",""
"SchirmerM_2016","Schirmer 2016",10,"balanced","Anaerobutyricum",0.99,1,0.98,100,98,20059,TRUE,TRUE,TRUE,FALSE,TRUE,TRUE,TRUE,"ok","ok","",""
"SchirmerM_2016","Schirmer 2016",10,"balanced","Anaerostipes",0.995,1,0.99,100,99,24200,TRUE,TRUE,TRUE,FALSE,TRUE,TRUE,TRUE,"ok","ok","",""
"SchirmerM_2016","Schirmer 2016",10,"balanced","Bacteroides",1,1,1,100,100,53344,TRUE,TRUE,FALSE,TRUE,TRUE,TRUE,TRUE,"no_observed_zeros","ok","",""
"SchirmerM_2016","Schirmer 2016",10,"balanced","Barnesiella",0.82,0.81,0.83,81,83,6692,TRUE,TRUE,TRUE,FALSE,TRUE,TRUE,TRUE,"ok","ok","",""
"SchirmerM_2016","Schirmer 2016",10,"balanced","Bifidobacterium",0.985,0.98,0.99,98,99,121879,TRUE,TRUE,TRUE,FALSE,TRUE,TRUE,TRUE,"ok","ok","",""
"SchirmerM_2016","Schirmer 2016",10,"balanced","Blautia",1,1,1,100,100,22376,TRUE,TRUE,FALSE,TRUE,TRUE,TRUE,TRUE,"no_observed_zeros","ok","",""
"SchirmerM_2016","Schirmer 2016",10,"balanced","Collinsella",0.93,0.95,0.91,95,91,36666,TRUE,TRUE,TRUE,FALSE,TRUE,TRUE,TRUE,"ok","ok","",""
"SchirmerM_2016","Schirmer 2016",10,"balanced","Coprococcus",0.975,0.99,0.96,99,96,31732,TRUE,TRUE,TRUE,FALSE,TRUE,TRUE,TRUE,"ok","ok","",""
"SchirmerM_2016","Schirmer 2016",10,"balanced","Dialister",0.53,0.5,0.56,50,56,5003,TRUE,TRUE,TRUE,FALSE,TRUE,TRUE,TRUE,"ok","ok","",""
"SchirmerM_2016","Schirmer 2016",10,"balanced","Dorea",0.99,1,0.98,100,98,32121,TRUE,TRUE,TRUE,FALSE,TRUE,TRUE,TRUE,"ok","ok","",""
"SchirmerM_2016","Schirmer 2016",10,"balanced","Eubacterium",0.99,0.98,1,98,100,15529,TRUE,TRUE,TRUE,FALSE,TRUE,TRUE,TRUE,"ok","ok","",""
"SchirmerM_2016","Schirmer 2016",10,"balanced","Faecalibacterium",0.985,0.99,0.98,99,98,56933,TRUE,TRUE,TRUE,FALSE,TRUE,TRUE,TRUE,"ok","ok","",""
"SchirmerM_2016","Schirmer 2016",10,"balanced","Firmicutes_unclassified",0.83,0.83,0.83,83,83,4956,TRUE,TRUE,TRUE,FALSE,TRUE,TRUE,TRUE,"ok","ok","",""
"SchirmerM_2016","Schirmer 2016",10,"balanced","Fusicatenibacter",0.975,0.98,0.97,98,97,32980,TRUE,TRUE,TRUE,FALSE,TRUE,TRUE,TRUE,"ok","ok","",""
"SchirmerM_2016","Schirmer 2016",10,"balanced","Lachnospira",0.855,0.86,0.85,86,85,9293,TRUE,TRUE,TRUE,FALSE,TRUE,TRUE,TRUE,"ok","ok","",""
"SchirmerM_2016","Schirmer 2016",10,"balanced","Lachnospiraceae_unclassified",0.925,0.92,0.93,92,93,42539,TRUE,TRUE,TRUE,FALSE,TRUE,TRUE,TRUE,"ok","ok","",""
"SchirmerM_2016","Schirmer 2016",10,"balanced","Mediterraneibacter",0.985,0.99,0.98,99,98,25481,TRUE,TRUE,TRUE,FALSE,TRUE,TRUE,TRUE,"ok","ok","",""
"SchirmerM_2016","Schirmer 2016",10,"balanced","Methanobrevibacter",0.37,0.39,0.35,39,35,7812,TRUE,TRUE,TRUE,FALSE,TRUE,TRUE,TRUE,"ok","ok","",""
"SchirmerM_2016","Schirmer 2016",10,"balanced","Oscillibacter",0.815,0.86,0.77,86,77,4026,TRUE,TRUE,TRUE,FALSE,TRUE,TRUE,TRUE,"ok","ok","",""
"SchirmerM_2016","Schirmer 2016",10,"balanced","Parabacteroides",0.96,0.98,0.94,98,94,13353,TRUE,TRUE,TRUE,FALSE,TRUE,TRUE,TRUE,"ok","ok","",""
"SchirmerM_2016","Schirmer 2016",10,"balanced","Phascolarctobacterium",0.485,0.49,0.48,49,48,3560,TRUE,TRUE,TRUE,FALSE,TRUE,TRUE,TRUE,"ok","ok","",""
"SchirmerM_2016","Schirmer 2016",10,"balanced","Phocaeicola",1,1,1,100,100,40061,TRUE,TRUE,FALSE,TRUE,TRUE,TRUE,TRUE,"no_observed_zeros","ok","",""
"SchirmerM_2016","Schirmer 2016",10,"balanced","Prevotella",0.505,0.52,0.49,52,49,49308,TRUE,TRUE,TRUE,FALSE,TRUE,TRUE,TRUE,"ok","ok","",""
"SchirmerM_2016","Schirmer 2016",10,"balanced","Roseburia",0.99,0.99,0.99,99,99,41853,TRUE,TRUE,TRUE,FALSE,TRUE,TRUE,TRUE,"ok","ok","",""
"SchirmerM_2016","Schirmer 2016",10,"balanced","Ruminococcaceae_unclassified",0.695,0.74,0.65,74,65,5782,TRUE,TRUE,TRUE,FALSE,TRUE,TRUE,TRUE,"ok","ok","",""
"SchirmerM_2016","Schirmer 2016",10,"balanced","Ruminococcus",0.9,0.91,0.89,91,89,66078,TRUE,TRUE,TRUE,FALSE,TRUE,TRUE,TRUE,"ok","ok","",""
"SchirmerM_2016","Schirmer 2016",10,"balanced","Streptococcus",0.89,0.89,0.89,89,89,7111,TRUE,TRUE,TRUE,FALSE,TRUE,TRUE,TRUE,"ok","ok","",""
"SchirmerM_2016","Schirmer 2016",10,"fourfold","Agathobaculum",0.9,0.83,0.97,83,97,3792,TRUE,TRUE,TRUE,FALSE,TRUE,TRUE,TRUE,"ok","ok","",""
"SchirmerM_2016","Schirmer 2016",10,"fourfold","Akkermansia",0.47,0.45,0.49,45,49,8785,TRUE,TRUE,TRUE,FALSE,TRUE,TRUE,TRUE,"ok","ok","",""
"SchirmerM_2016","Schirmer 2016",10,"fourfold","Alistipes",0.95,0.96,0.94,96,94,25556,TRUE,TRUE,TRUE,FALSE,TRUE,TRUE,TRUE,"ok","ok","",""
"SchirmerM_2016","Schirmer 2016",10,"fourfold","Anaerobutyricum",0.99,1,0.98,100,98,19137,TRUE,TRUE,TRUE,FALSE,TRUE,TRUE,TRUE,"ok","ok","",""
"SchirmerM_2016","Schirmer 2016",10,"fourfold","Anaerostipes",0.99,0.99,0.99,99,99,23463,TRUE,TRUE,TRUE,FALSE,TRUE,TRUE,TRUE,"ok","ok","",""
"SchirmerM_2016","Schirmer 2016",10,"fourfold","Bacteroides",1,1,1,100,100,50846,TRUE,TRUE,FALSE,TRUE,TRUE,TRUE,TRUE,"no_observed_zeros","ok","",""
"SchirmerM_2016","Schirmer 2016",10,"fourfold","Barnesiella",0.81,0.8,0.82,80,82,5511,TRUE,TRUE,TRUE,FALSE,TRUE,TRUE,TRUE,"ok","ok","",""
"SchirmerM_2016","Schirmer 2016",10,"fourfold","Bifidobacterium",0.975,0.96,0.99,96,99,118638,TRUE,TRUE,TRUE,FALSE,TRUE,TRUE,TRUE,"ok","ok","",""
"SchirmerM_2016","Schirmer 2016",10,"fourfold","Blautia",1,1,1,100,100,26520,TRUE,TRUE,FALSE,TRUE,TRUE,TRUE,TRUE,"no_observed_zeros","ok","",""
"SchirmerM_2016","Schirmer 2016",10,"fourfold","Collinsella",0.925,0.91,0.94,91,94,38300,TRUE,TRUE,TRUE,FALSE,TRUE,TRUE,TRUE,"ok","ok","",""
"SchirmerM_2016","Schirmer 2016",10,"fourfold","Coprococcus",0.975,0.99,0.96,99,96,29017,TRUE,TRUE,TRUE,FALSE,TRUE,TRUE,TRUE,"ok","ok","",""
"SchirmerM_2016","Schirmer 2016",10,"fourfold","Dialister",0.53,0.51,0.55,51,55,5092,TRUE,TRUE,TRUE,FALSE,TRUE,TRUE,TRUE,"ok","ok","",""
"SchirmerM_2016","Schirmer 2016",10,"fourfold","Dorea",0.995,1,0.99,100,99,30612,TRUE,TRUE,TRUE,FALSE,TRUE,TRUE,TRUE,"ok","ok","",""
"SchirmerM_2016","Schirmer 2016",10,"fourfold","Eubacterium",0.95,0.91,0.99,91,99,16615,TRUE,TRUE,TRUE,FALSE,TRUE,TRUE,TRUE,"ok","ok","",""
"SchirmerM_2016","Schirmer 2016",10,"fourfold","Faecalibacterium",0.985,0.99,0.98,99,98,57578,TRUE,TRUE,TRUE,FALSE,TRUE,TRUE,TRUE,"ok","ok","",""
"SchirmerM_2016","Schirmer 2016",10,"fourfold","Firmicutes_unclassified",0.845,0.81,0.88,81,88,5079,TRUE,TRUE,TRUE,FALSE,TRUE,TRUE,TRUE,"ok","ok","",""
"SchirmerM_2016","Schirmer 2016",10,"fourfold","Fusicatenibacter",0.97,0.98,0.96,98,96,29719,TRUE,TRUE,TRUE,FALSE,TRUE,TRUE,TRUE,"ok","ok","",""
"SchirmerM_2016","Schirmer 2016",10,"fourfold","Lachnospira",0.84,0.83,0.85,83,85,8847,TRUE,TRUE,TRUE,FALSE,TRUE,TRUE,TRUE,"ok","ok","",""
"SchirmerM_2016","Schirmer 2016",10,"fourfold","Lachnospiraceae_unclassified",0.91,0.88,0.94,88,94,43681,TRUE,TRUE,TRUE,FALSE,TRUE,TRUE,TRUE,"ok","ok","",""
"SchirmerM_2016","Schirmer 2016",10,"fourfold","Mediterraneibacter",0.985,0.99,0.98,99,98,26272,TRUE,TRUE,TRUE,FALSE,TRUE,TRUE,TRUE,"ok","ok","",""
"SchirmerM_2016","Schirmer 2016",10,"fourfold","Methanobrevibacter",0.365,0.36,0.37,36,37,7954,TRUE,TRUE,TRUE,FALSE,TRUE,TRUE,TRUE,"ok","ok","",""
"SchirmerM_2016","Schirmer 2016",10,"fourfold","Oscillibacter",0.8,0.79,0.81,79,81,3750,TRUE,TRUE,TRUE,FALSE,TRUE,TRUE,TRUE,"ok","ok","",""
"SchirmerM_2016","Schirmer 2016",10,"fourfold","Parabacteroides",0.955,0.96,0.95,96,95,12107,TRUE,TRUE,TRUE,FALSE,TRUE,TRUE,TRUE,"ok","ok","",""
"SchirmerM_2016","Schirmer 2016",10,"fourfold","Phascolarctobacterium",0.48,0.45,0.51,45,51,4209,TRUE,TRUE,TRUE,FALSE,TRUE,TRUE,TRUE,"ok","ok","",""
"SchirmerM_2016","Schirmer 2016",10,"fourfold","Phocaeicola",0.995,0.99,1,99,100,39115,TRUE,TRUE,TRUE,FALSE,TRUE,TRUE,TRUE,"ok","ok","",""
"SchirmerM_2016","Schirmer 2016",10,"fourfold","Prevotella",0.51,0.52,0.5,52,50,58858,TRUE,TRUE,TRUE,FALSE,TRUE,TRUE,TRUE,"ok","ok","",""
"SchirmerM_2016","Schirmer 2016",10,"fourfold","Roseburia",0.99,0.98,1,98,100,43865,TRUE,TRUE,TRUE,FALSE,TRUE,TRUE,TRUE,"ok","ok","",""
"SchirmerM_2016","Schirmer 2016",10,"fourfold","Ruminococcaceae_unclassified",0.67,0.66,0.68,66,68,4298,TRUE,TRUE,TRUE,FALSE,TRUE,TRUE,TRUE,"ok","ok","",""
"SchirmerM_2016","Schirmer 2016",10,"fourfold","Ruminococcus",0.89,0.88,0.9,88,90,62774,TRUE,TRUE,TRUE,FALSE,TRUE,TRUE,TRUE,"ok","ok","",""
"SchirmerM_2016","Schirmer 2016",10,"fourfold","Streptococcus",0.885,0.86,0.91,86,91,6279,TRUE,TRUE,TRUE,FALSE,TRUE,TRUE,TRUE,"ok","ok","",""
"SchirmerM_2016","Schirmer 2016",11,"balanced","Agathobaculum",0.9,0.92,0.88,92,88,3857,TRUE,TRUE,TRUE,FALSE,TRUE,TRUE,TRUE,"ok","ok","",""
"SchirmerM_2016","Schirmer 2016",11,"balanced","Akkermansia",0.46,0.49,0.43,49,43,8383,TRUE,TRUE,TRUE,FALSE,TRUE,TRUE,TRUE,"ok","ok","",""
"SchirmerM_2016","Schirmer 2016",11,"balanced","Alistipes",0.96,0.96,0.96,96,96,27650,TRUE,TRUE,TRUE,FALSE,TRUE,TRUE,TRUE,"ok","ok","",""
"SchirmerM_2016","Schirmer 2016",11,"balanced","Anaerobutyricum",0.99,0.99,0.99,99,99,20292,TRUE,TRUE,TRUE,FALSE,TRUE,TRUE,TRUE,"ok","ok","",""
"SchirmerM_2016","Schirmer 2016",11,"balanced","Anaerostipes",0.995,1,0.99,100,99,23253,TRUE,TRUE,TRUE,FALSE,TRUE,TRUE,TRUE,"ok","ok","",""
"SchirmerM_2016","Schirmer 2016",11,"balanced","Bacteroides",0.995,0.99,1,99,100,54244,TRUE,TRUE,TRUE,FALSE,TRUE,TRUE,TRUE,"ok","ok","",""
"SchirmerM_2016","Schirmer 2016",11,"balanced","Barnesiella",0.805,0.85,0.76,85,76,6458,TRUE,TRUE,TRUE,FALSE,TRUE,TRUE,TRUE,"ok","ok","",""
"SchirmerM_2016","Schirmer 2016",11,"balanced","Bifidobacterium",0.975,0.99,0.96,99,96,123635,TRUE,TRUE,TRUE,FALSE,TRUE,TRUE,TRUE,"ok","ok","",""
"SchirmerM_2016","Schirmer 2016",11,"balanced","Blautia",1,1,1,100,100,20850,TRUE,TRUE,FALSE,TRUE,TRUE,TRUE,TRUE,"no_observed_zeros","ok","",""
"SchirmerM_2016","Schirmer 2016",11,"balanced","Collinsella",0.93,0.95,0.91,95,91,37230,TRUE,TRUE,TRUE,FALSE,TRUE,TRUE,TRUE,"ok","ok","",""
"SchirmerM_2016","Schirmer 2016",11,"balanced","Coprococcus",0.97,0.99,0.95,99,95,32174,TRUE,TRUE,TRUE,FALSE,TRUE,TRUE,TRUE,"ok","ok","",""
"SchirmerM_2016","Schirmer 2016",11,"balanced","Dialister",0.53,0.47,0.59,47,59,5260,TRUE,TRUE,TRUE,FALSE,TRUE,TRUE,TRUE,"ok","ok","",""
"SchirmerM_2016","Schirmer 2016",11,"balanced","Dorea",0.995,1,0.99,100,99,31238,TRUE,TRUE,TRUE,FALSE,TRUE,TRUE,TRUE,"ok","ok","",""
"SchirmerM_2016","Schirmer 2016",11,"balanced","Eubacterium",0.975,0.99,0.96,99,96,15703,TRUE,TRUE,TRUE,FALSE,TRUE,TRUE,TRUE,"ok","ok","",""
"SchirmerM_2016","Schirmer 2016",11,"balanced","Faecalibacterium",0.985,1,0.97,100,97,57642,TRUE,TRUE,TRUE,FALSE,TRUE,TRUE,TRUE,"ok","ok","",""
"SchirmerM_2016","Schirmer 2016",11,"balanced","Firmicutes_unclassified",0.86,0.92,0.8,92,80,4951,TRUE,TRUE,TRUE,FALSE,TRUE,TRUE,TRUE,"ok","ok","",""
"SchirmerM_2016","Schirmer 2016",11,"balanced","Fusicatenibacter",0.975,0.98,0.97,98,97,33345,TRUE,TRUE,TRUE,FALSE,TRUE,TRUE,TRUE,"ok","ok","",""
"SchirmerM_2016","Schirmer 2016",11,"balanced","Lachnospira",0.865,0.88,0.85,88,85,9311,TRUE,TRUE,TRUE,FALSE,TRUE,TRUE,TRUE,"ok","ok","",""
"SchirmerM_2016","Schirmer 2016",11,"balanced","Lachnospiraceae_unclassified",0.935,0.92,0.95,92,95,41132,TRUE,TRUE,TRUE,FALSE,TRUE,TRUE,TRUE,"ok","ok","",""
"SchirmerM_2016","Schirmer 2016",11,"balanced","Mediterraneibacter",0.985,0.98,0.99,98,99,25337,TRUE,TRUE,TRUE,FALSE,TRUE,TRUE,TRUE,"ok","ok","",""
"SchirmerM_2016","Schirmer 2016",11,"balanced","Methanobrevibacter",0.385,0.44,0.33,44,33,7394,TRUE,TRUE,TRUE,FALSE,TRUE,TRUE,TRUE,"ok","ok","",""
"SchirmerM_2016","Schirmer 2016",11,"balanced","Oscillibacter",0.81,0.83,0.79,83,79,4364,TRUE,TRUE,TRUE,FALSE,TRUE,TRUE,TRUE,"ok","ok","",""
"SchirmerM_2016","Schirmer 2016",11,"balanced","Parabacteroides",0.96,0.96,0.96,96,96,13013,TRUE,TRUE,TRUE,FALSE,TRUE,TRUE,TRUE,"ok","ok","",""
"SchirmerM_2016","Schirmer 2016",11,"balanced","Phascolarctobacterium",0.5,0.57,0.43,57,43,3726,TRUE,TRUE,TRUE,FALSE,TRUE,TRUE,TRUE,"ok","ok","",""
"SchirmerM_2016","Schirmer 2016",11,"balanced","Phocaeicola",1,1,1,100,100,42886,TRUE,TRUE,FALSE,TRUE,TRUE,TRUE,TRUE,"no_observed_zeros","ok","",""
"SchirmerM_2016","Schirmer 2016",11,"balanced","Prevotella",0.515,0.52,0.51,52,51,52452,TRUE,TRUE,TRUE,FALSE,TRUE,TRUE,TRUE,"ok","ok","",""
"SchirmerM_2016","Schirmer 2016",11,"balanced","Roseburia",0.99,0.99,0.99,99,99,43137,TRUE,TRUE,TRUE,FALSE,TRUE,TRUE,TRUE,"ok","ok","",""
"SchirmerM_2016","Schirmer 2016",11,"balanced","Ruminococcaceae_unclassified",0.675,0.7,0.65,70,65,4477,TRUE,TRUE,TRUE,FALSE,TRUE,TRUE,TRUE,"ok","ok","",""
"SchirmerM_2016","Schirmer 2016",11,"balanced","Ruminococcus",0.895,0.91,0.88,91,88,64589,TRUE,TRUE,TRUE,FALSE,TRUE,TRUE,TRUE,"ok","ok","",""
"SchirmerM_2016","Schirmer 2016",11,"balanced","Streptococcus",0.915,0.96,0.87,96,87,7349,TRUE,TRUE,TRUE,FALSE,TRUE,TRUE,TRUE,"ok","ok","",""
"SchirmerM_2016","Schirmer 2016",11,"fourfold","Agathobaculum",0.87,0.83,0.91,83,91,4015,TRUE,TRUE,TRUE,FALSE,TRUE,TRUE,TRUE,"ok","ok","",""
"SchirmerM_2016","Schirmer 2016",11,"fourfold","Akkermansia",0.475,0.49,0.46,49,46,8629,TRUE,TRUE,TRUE,FALSE,TRUE,TRUE,TRUE,"ok","ok","",""
"SchirmerM_2016","Schirmer 2016",11,"fourfold","Alistipes",0.95,0.95,0.95,95,95,25075,TRUE,TRUE,TRUE,FALSE,TRUE,TRUE,TRUE,"ok","ok","",""
"SchirmerM_2016","Schirmer 2016",11,"fourfold","Anaerobutyricum",0.985,0.98,0.99,98,99,19347,TRUE,TRUE,TRUE,FALSE,TRUE,TRUE,TRUE,"ok","ok","",""
"SchirmerM_2016","Schirmer 2016",11,"fourfold","Anaerostipes",0.995,1,0.99,100,99,22533,TRUE,TRUE,TRUE,FALSE,TRUE,TRUE,TRUE,"ok","ok","",""
"SchirmerM_2016","Schirmer 2016",11,"fourfold","Bacteroides",0.995,0.99,1,99,100,53063,TRUE,TRUE,TRUE,FALSE,TRUE,TRUE,TRUE,"ok","ok","",""
"SchirmerM_2016","Schirmer 2016",11,"fourfold","Barnesiella",0.805,0.82,0.79,82,79,6200,TRUE,TRUE,TRUE,FALSE,TRUE,TRUE,TRUE,"ok","ok","",""
"SchirmerM_2016","Schirmer 2016",11,"fourfold","Bifidobacterium",0.98,0.99,0.97,99,97,123439,TRUE,TRUE,TRUE,FALSE,TRUE,TRUE,TRUE,"ok","ok","",""
"SchirmerM_2016","Schirmer 2016",11,"fourfold","Blautia",1,1,1,100,100,21561,TRUE,TRUE,FALSE,TRUE,TRUE,TRUE,TRUE,"no_observed_zeros","ok","",""
"SchirmerM_2016","Schirmer 2016",11,"fourfold","Collinsella",0.92,0.95,0.89,95,89,35767,TRUE,TRUE,TRUE,FALSE,TRUE,TRUE,TRUE,"ok","ok","",""
"SchirmerM_2016","Schirmer 2016",11,"fourfold","Coprococcus",0.975,0.99,0.96,99,96,32217,TRUE,TRUE,TRUE,FALSE,TRUE,TRUE,TRUE,"ok","ok","",""
"SchirmerM_2016","Schirmer 2016",11,"fourfold","Dialister",0.515,0.47,0.56,47,56,5034,TRUE,TRUE,TRUE,FALSE,TRUE,TRUE,TRUE,"ok","ok","",""
"SchirmerM_2016","Schirmer 2016",11,"fourfold","Dorea",0.995,1,0.99,100,99,31545,TRUE,TRUE,TRUE,FALSE,TRUE,TRUE,TRUE,"ok","ok","",""
"SchirmerM_2016","Schirmer 2016",11,"fourfold","Eubacterium",0.98,0.98,0.98,98,98,16130,TRUE,TRUE,TRUE,FALSE,TRUE,TRUE,TRUE,"ok","ok","",""
"SchirmerM_2016","Schirmer 2016",11,"fourfold","Faecalibacterium",0.985,1,0.97,100,97,57368,TRUE,TRUE,TRUE,FALSE,TRUE,TRUE,TRUE,"ok","ok","",""
"SchirmerM_2016","Schirmer 2016",11,"fourfold","Firmicutes_unclassified",0.825,0.8,0.85,80,85,5662,TRUE,TRUE,TRUE,FALSE,TRUE,TRUE,TRUE,"ok","ok","",""
"SchirmerM_2016","Schirmer 2016",11,"fourfold","Fusicatenibacter",0.975,0.98,0.97,98,97,32049,TRUE,TRUE,TRUE,FALSE,TRUE,TRUE,TRUE,"ok","ok","",""
"SchirmerM_2016","Schirmer 2016",11,"fourfold","Lachnospira",0.855,0.86,0.85,86,85,10369,TRUE,TRUE,TRUE,FALSE,TRUE,TRUE,TRUE,"ok","ok","",""
"SchirmerM_2016","Schirmer 2016",11,"fourfold","Lachnospiraceae_unclassified",0.93,0.91,0.95,91,95,44441,TRUE,TRUE,TRUE,FALSE,TRUE,TRUE,TRUE,"ok","ok","",""
"SchirmerM_2016","Schirmer 2016",11,"fourfold","Mediterraneibacter",0.99,0.99,0.99,99,99,23135,TRUE,TRUE,TRUE,FALSE,TRUE,TRUE,TRUE,"ok","ok","",""
"SchirmerM_2016","Schirmer 2016",11,"fourfold","Methanobrevibacter",0.375,0.42,0.33,42,33,8377,TRUE,TRUE,TRUE,FALSE,TRUE,TRUE,TRUE,"ok","ok","",""
"SchirmerM_2016","Schirmer 2016",11,"fourfold","Oscillibacter",0.8,0.76,0.84,76,84,4555,TRUE,TRUE,TRUE,FALSE,TRUE,TRUE,TRUE,"ok","ok","",""
"SchirmerM_2016","Schirmer 2016",11,"fourfold","Parabacteroides",0.96,0.95,0.97,95,97,13928,TRUE,TRUE,TRUE,FALSE,TRUE,TRUE,TRUE,"ok","ok","",""
"SchirmerM_2016","Schirmer 2016",11,"fourfold","Phascolarctobacterium",0.48,0.52,0.44,52,44,3525,TRUE,TRUE,TRUE,FALSE,TRUE,TRUE,TRUE,"ok","ok","",""
"SchirmerM_2016","Schirmer 2016",11,"fourfold","Phocaeicola",0.995,0.99,1,99,100,44270,TRUE,TRUE,TRUE,FALSE,TRUE,TRUE,TRUE,"ok","ok","",""
"SchirmerM_2016","Schirmer 2016",11,"fourfold","Prevotella",0.485,0.47,0.5,47,50,50834,TRUE,TRUE,TRUE,FALSE,TRUE,TRUE,TRUE,"ok","ok","",""
"SchirmerM_2016","Schirmer 2016",11,"fourfold","Roseburia",0.985,0.97,1,97,100,45902,TRUE,TRUE,TRUE,FALSE,TRUE,TRUE,TRUE,"ok","ok","",""
"SchirmerM_2016","Schirmer 2016",11,"fourfold","Ruminococcaceae_unclassified",0.665,0.67,0.66,67,66,7263,TRUE,TRUE,TRUE,FALSE,TRUE,TRUE,TRUE,"ok","ok","",""
"SchirmerM_2016","Schirmer 2016",11,"fourfold","Ruminococcus",0.885,0.89,0.88,89,88,64548,TRUE,TRUE,TRUE,FALSE,TRUE,TRUE,TRUE,"ok","ok","",""
"SchirmerM_2016","Schirmer 2016",11,"fourfold","Streptococcus",0.89,0.86,0.92,86,92,6600,TRUE,TRUE,TRUE,FALSE,TRUE,TRUE,TRUE,"ok","ok","",""
"SchirmerM_2016","Schirmer 2016",12,"balanced","Agathobaculum",0.895,0.87,0.92,87,92,3646,TRUE,TRUE,TRUE,FALSE,TRUE,TRUE,TRUE,"ok","ok","",""
"SchirmerM_2016","Schirmer 2016",12,"balanced","Akkermansia",0.48,0.45,0.51,45,51,8263,TRUE,TRUE,TRUE,FALSE,TRUE,TRUE,TRUE,"ok","ok","",""
"SchirmerM_2016","Schirmer 2016",12,"balanced","Alistipes",0.965,0.96,0.97,96,97,26312,TRUE,TRUE,TRUE,FALSE,TRUE,TRUE,TRUE,"ok","ok","",""
"SchirmerM_2016","Schirmer 2016",12,"balanced","Anaerobutyricum",0.985,0.99,0.98,99,98,19865,TRUE,TRUE,TRUE,FALSE,TRUE,TRUE,TRUE,"ok","ok","",""
"SchirmerM_2016","Schirmer 2016",12,"balanced","Anaerostipes",0.995,1,0.99,100,99,22271,TRUE,TRUE,TRUE,FALSE,TRUE,TRUE,TRUE,"ok","ok","",""
"SchirmerM_2016","Schirmer 2016",12,"balanced","Bacteroides",1,1,1,100,100,51091,TRUE,TRUE,FALSE,TRUE,TRUE,TRUE,TRUE,"no_observed_zeros","ok","",""
"SchirmerM_2016","Schirmer 2016",12,"balanced","Barnesiella",0.82,0.82,0.82,82,82,6425,TRUE,TRUE,TRUE,FALSE,TRUE,TRUE,TRUE,"ok","ok","",""
"SchirmerM_2016","Schirmer 2016",12,"balanced","Bifidobacterium",0.98,0.98,0.98,98,98,123815,TRUE,TRUE,TRUE,FALSE,TRUE,TRUE,TRUE,"ok","ok","",""
"SchirmerM_2016","Schirmer 2016",12,"balanced","Blautia",1,1,1,100,100,20847,TRUE,TRUE,FALSE,TRUE,TRUE,TRUE,TRUE,"no_observed_zeros","ok","",""
"SchirmerM_2016","Schirmer 2016",12,"balanced","Collinsella",0.93,0.9,0.96,90,96,37846,TRUE,TRUE,TRUE,FALSE,TRUE,TRUE,TRUE,"ok","ok","",""
"SchirmerM_2016","Schirmer 2016",12,"balanced","Coprococcus",0.975,0.97,0.98,97,98,29981,TRUE,TRUE,TRUE,FALSE,TRUE,TRUE,TRUE,"ok","ok","",""
"SchirmerM_2016","Schirmer 2016",12,"balanced","Dialister",0.53,0.53,0.53,53,53,4750,TRUE,TRUE,TRUE,FALSE,TRUE,TRUE,TRUE,"ok","ok","",""
"SchirmerM_2016","Schirmer 2016",12,"balanced","Dorea",0.99,0.99,0.99,99,99,30195,TRUE,TRUE,TRUE,FALSE,TRUE,TRUE,TRUE,"ok","ok","",""
"SchirmerM_2016","Schirmer 2016",12,"balanced","Eubacterium",0.985,0.99,0.98,99,98,14900,TRUE,TRUE,TRUE,FALSE,TRUE,TRUE,TRUE,"ok","ok","",""
"SchirmerM_2016","Schirmer 2016",12,"balanced","Faecalibacterium",0.985,0.97,1,97,100,54322,TRUE,TRUE,TRUE,FALSE,TRUE,TRUE,TRUE,"ok","ok","",""
"SchirmerM_2016","Schirmer 2016",12,"balanced","Firmicutes_unclassified",0.825,0.76,0.89,76,89,5149,TRUE,TRUE,TRUE,FALSE,TRUE,TRUE,TRUE,"ok","ok","",""
"SchirmerM_2016","Schirmer 2016",12,"balanced","Fusicatenibacter",0.98,0.97,0.99,97,99,31022,TRUE,TRUE,TRUE,FALSE,TRUE,TRUE,TRUE,"ok","ok","",""
"SchirmerM_2016","Schirmer 2016",12,"balanced","Lachnospira",0.86,0.84,0.88,84,88,9660,TRUE,TRUE,TRUE,FALSE,TRUE,TRUE,TRUE,"ok","ok","",""
"SchirmerM_2016","Schirmer 2016",12,"balanced","Lachnospiraceae_unclassified",0.925,0.9,0.95,90,95,41259,TRUE,TRUE,TRUE,FALSE,TRUE,TRUE,TRUE,"ok","ok","",""
"SchirmerM_2016","Schirmer 2016",12,"balanced","Mediterraneibacter",0.99,1,0.98,100,98,24006,TRUE,TRUE,TRUE,FALSE,TRUE,TRUE,TRUE,"ok","ok","",""
"SchirmerM_2016","Schirmer 2016",12,"balanced","Methanobrevibacter",0.38,0.38,0.38,38,38,7215,TRUE,TRUE,TRUE,FALSE,TRUE,TRUE,TRUE,"ok","ok","",""
"SchirmerM_2016","Schirmer 2016",12,"balanced","Oscillibacter",0.815,0.79,0.84,79,84,4229,TRUE,TRUE,TRUE,FALSE,TRUE,TRUE,TRUE,"ok","ok","",""
"SchirmerM_2016","Schirmer 2016",12,"balanced","Parabacteroides",0.96,0.97,0.95,97,95,12660,TRUE,TRUE,TRUE,FALSE,TRUE,TRUE,TRUE,"ok","ok","",""
"SchirmerM_2016","Schirmer 2016",12,"balanced","Phascolarctobacterium",0.485,0.48,0.49,48,49,3613,TRUE,TRUE,TRUE,FALSE,TRUE,TRUE,TRUE,"ok","ok","",""
"SchirmerM_2016","Schirmer 2016",12,"balanced","Phocaeicola",1,1,1,100,100,41011,TRUE,TRUE,FALSE,TRUE,TRUE,TRUE,TRUE,"no_observed_zeros","ok","",""
"SchirmerM_2016","Schirmer 2016",12,"balanced","Prevotella",0.525,0.59,0.46,59,46,44873,TRUE,TRUE,TRUE,FALSE,TRUE,TRUE,TRUE,"ok","ok","",""
"SchirmerM_2016","Schirmer 2016",12,"balanced","Roseburia",0.985,0.98,0.99,98,99,42677,TRUE,TRUE,TRUE,FALSE,TRUE,TRUE,TRUE,"ok","ok","",""
"SchirmerM_2016","Schirmer 2016",12,"balanced","Ruminococcaceae_unclassified",0.695,0.73,0.66,73,66,5575,TRUE,TRUE,TRUE,FALSE,TRUE,TRUE,TRUE,"ok","ok","",""
"SchirmerM_2016","Schirmer 2016",12,"balanced","Ruminococcus",0.88,0.87,0.89,87,89,64574,TRUE,TRUE,TRUE,FALSE,TRUE,TRUE,TRUE,"ok","ok","",""
"SchirmerM_2016","Schirmer 2016",12,"balanced","Streptococcus",0.91,0.9,0.92,90,92,7091,TRUE,TRUE,TRUE,FALSE,TRUE,TRUE,TRUE,"ok","ok","",""
"SchirmerM_2016","Schirmer 2016",12,"fourfold","Agathobaculum",0.855,0.79,0.92,79,92,3782,TRUE,TRUE,TRUE,FALSE,TRUE,TRUE,TRUE,"ok","ok","",""
"SchirmerM_2016","Schirmer 2016",12,"fourfold","Akkermansia",0.475,0.43,0.52,43,52,8103,TRUE,TRUE,TRUE,FALSE,TRUE,TRUE,TRUE,"ok","ok","",""
"SchirmerM_2016","Schirmer 2016",12,"fourfold","Alistipes",0.96,0.94,0.98,94,98,26619,TRUE,TRUE,TRUE,FALSE,TRUE,TRUE,TRUE,"ok","ok","",""
"SchirmerM_2016","Schirmer 2016",12,"fourfold","Anaerobutyricum",0.99,1,0.98,100,98,19172,TRUE,TRUE,TRUE,FALSE,TRUE,TRUE,TRUE,"ok","ok","",""
"SchirmerM_2016","Schirmer 2016",12,"fourfold","Anaerostipes",0.995,1,0.99,100,99,23197,TRUE,TRUE,TRUE,FALSE,TRUE,TRUE,TRUE,"ok","ok","",""
"SchirmerM_2016","Schirmer 2016",12,"fourfold","Bacteroides",0.995,1,0.99,100,99,60569,TRUE,TRUE,TRUE,FALSE,TRUE,TRUE,TRUE,"ok","ok","",""
"SchirmerM_2016","Schirmer 2016",12,"fourfold","Barnesiella",0.795,0.77,0.82,77,82,5500,TRUE,TRUE,TRUE,FALSE,TRUE,TRUE,TRUE,"ok","ok","",""
"SchirmerM_2016","Schirmer 2016",12,"fourfold","Bifidobacterium",0.975,0.97,0.98,97,98,124107,TRUE,TRUE,TRUE,FALSE,TRUE,TRUE,TRUE,"ok","ok","",""
"SchirmerM_2016","Schirmer 2016",12,"fourfold","Blautia",0.995,0.99,1,99,100,19771,TRUE,TRUE,FALSE,TRUE,TRUE,TRUE,TRUE,"structural_absence_boundary_at_zero","ok","",""
"SchirmerM_2016","Schirmer 2016",12,"fourfold","Collinsella",0.93,0.89,0.97,89,97,36669,TRUE,TRUE,TRUE,FALSE,TRUE,TRUE,TRUE,"ok","ok","",""
"SchirmerM_2016","Schirmer 2016",12,"fourfold","Coprococcus",0.97,0.96,0.98,96,98,29719,TRUE,TRUE,TRUE,FALSE,TRUE,TRUE,TRUE,"ok","ok","",""
"SchirmerM_2016","Schirmer 2016",12,"fourfold","Dialister",0.515,0.48,0.55,48,55,4572,TRUE,TRUE,TRUE,FALSE,TRUE,TRUE,TRUE,"ok","ok","",""
"SchirmerM_2016","Schirmer 2016",12,"fourfold","Dorea",0.995,0.99,1,99,100,29763,TRUE,TRUE,TRUE,FALSE,TRUE,TRUE,TRUE,"ok","ok","",""
"SchirmerM_2016","Schirmer 2016",12,"fourfold","Eubacterium",0.98,0.97,0.99,97,99,16603,TRUE,TRUE,TRUE,FALSE,TRUE,TRUE,TRUE,"ok","ok","",""
"SchirmerM_2016","Schirmer 2016",12,"fourfold","Faecalibacterium",0.985,0.97,1,97,100,59814,TRUE,TRUE,TRUE,FALSE,TRUE,TRUE,TRUE,"ok","ok","",""
"SchirmerM_2016","Schirmer 2016",12,"fourfold","Firmicutes_unclassified",0.82,0.72,0.92,72,92,4653,TRUE,TRUE,TRUE,FALSE,TRUE,TRUE,TRUE,"ok","ok","",""
"SchirmerM_2016","Schirmer 2016",12,"fourfold","Fusicatenibacter",0.975,0.96,0.99,96,99,32089,TRUE,TRUE,TRUE,FALSE,TRUE,TRUE,TRUE,"ok","ok","",""
"SchirmerM_2016","Schirmer 2016",12,"fourfold","Lachnospira",0.83,0.78,0.88,78,88,9229,TRUE,TRUE,TRUE,FALSE,TRUE,TRUE,TRUE,"ok","ok","",""
"SchirmerM_2016","Schirmer 2016",12,"fourfold","Lachnospiraceae_unclassified",0.92,0.86,0.98,86,98,46798,TRUE,TRUE,TRUE,FALSE,TRUE,TRUE,TRUE,"ok","ok","",""
"SchirmerM_2016","Schirmer 2016",12,"fourfold","Mediterraneibacter",0.975,0.97,0.98,97,98,23336,TRUE,TRUE,TRUE,FALSE,TRUE,TRUE,TRUE,"ok","ok","",""
"SchirmerM_2016","Schirmer 2016",12,"fourfold","Methanobrevibacter",0.37,0.35,0.39,35,39,8617,TRUE,TRUE,TRUE,FALSE,TRUE,TRUE,TRUE,"ok","ok","",""
"SchirmerM_2016","Schirmer 2016",12,"fourfold","Oscillibacter",0.81,0.75,0.87,75,87,4112,TRUE,TRUE,TRUE,FALSE,TRUE,TRUE,TRUE,"ok","ok","",""
"SchirmerM_2016","Schirmer 2016",12,"fourfold","Parabacteroides",0.955,0.96,0.95,96,95,13114,TRUE,TRUE,TRUE,FALSE,TRUE,TRUE,TRUE,"ok","ok","",""
"SchirmerM_2016","Schirmer 2016",12,"fourfold","Phascolarctobacterium",0.465,0.42,0.51,42,51,3263,TRUE,TRUE,TRUE,FALSE,TRUE,TRUE,TRUE,"ok","ok","",""
"SchirmerM_2016","Schirmer 2016",12,"fourfold","Phocaeicola",1,1,1,100,100,43201,TRUE,TRUE,FALSE,TRUE,TRUE,TRUE,TRUE,"no_observed_zeros","ok","",""
"SchirmerM_2016","Schirmer 2016",12,"fourfold","Prevotella",0.49,0.53,0.45,53,45,52943,TRUE,TRUE,TRUE,FALSE,TRUE,TRUE,TRUE,"ok","ok","",""
"SchirmerM_2016","Schirmer 2016",12,"fourfold","Roseburia",0.99,0.98,1,98,100,42310,TRUE,TRUE,TRUE,FALSE,TRUE,TRUE,TRUE,"ok","ok","",""
"SchirmerM_2016","Schirmer 2016",12,"fourfold","Ruminococcaceae_unclassified",0.655,0.61,0.7,61,70,4187,TRUE,TRUE,TRUE,FALSE,TRUE,TRUE,TRUE,"ok","ok","",""
"SchirmerM_2016","Schirmer 2016",12,"fourfold","Ruminococcus",0.895,0.86,0.93,86,93,76413,TRUE,TRUE,TRUE,FALSE,TRUE,TRUE,TRUE,"ok","ok","",""
"SchirmerM_2016","Schirmer 2016",12,"fourfold","Streptococcus",0.9,0.85,0.95,85,95,7190,TRUE,TRUE,TRUE,FALSE,TRUE,TRUE,TRUE,"ok","ok","",""
"SchirmerM_2016","Schirmer 2016",13,"balanced","Agathobaculum",0.9,0.92,0.88,92,88,4161,TRUE,TRUE,TRUE,FALSE,TRUE,TRUE,TRUE,"ok","ok","",""
"SchirmerM_2016","Schirmer 2016",13,"balanced","Akkermansia",0.475,0.47,0.48,47,48,8968,TRUE,TRUE,TRUE,FALSE,TRUE,TRUE,TRUE,"ok","ok","",""
"SchirmerM_2016","Schirmer 2016",13,"balanced","Alistipes",0.95,0.94,0.96,94,96,28601,TRUE,TRUE,TRUE,FALSE,TRUE,TRUE,TRUE,"ok","ok","",""
"SchirmerM_2016","Schirmer 2016",13,"balanced","Anaerobutyricum",0.99,0.99,0.99,99,99,20970,TRUE,TRUE,TRUE,FALSE,TRUE,TRUE,TRUE,"ok","ok","",""
"SchirmerM_2016","Schirmer 2016",13,"balanced","Anaerostipes",0.995,0.99,1,99,100,23076,TRUE,TRUE,TRUE,FALSE,TRUE,TRUE,TRUE,"ok","ok","",""
"SchirmerM_2016","Schirmer 2016",13,"balanced","Bacteroides",0.995,1,0.99,100,99,56364,TRUE,TRUE,TRUE,FALSE,TRUE,TRUE,TRUE,"ok","ok","",""
"SchirmerM_2016","Schirmer 2016",13,"balanced","Barnesiella",0.82,0.84,0.8,84,80,6279,TRUE,TRUE,TRUE,FALSE,TRUE,TRUE,TRUE,"ok","ok","",""
"SchirmerM_2016","Schirmer 2016",13,"balanced","Bifidobacterium",0.975,1,0.95,100,95,126271,TRUE,TRUE,TRUE,FALSE,TRUE,TRUE,TRUE,"ok","ok","",""
"SchirmerM_2016","Schirmer 2016",13,"balanced","Blautia",1,1,1,100,100,21122,TRUE,TRUE,FALSE,TRUE,TRUE,TRUE,TRUE,"no_observed_zeros","ok","",""
"SchirmerM_2016","Schirmer 2016",13,"balanced","Collinsella",0.92,0.91,0.93,91,93,40365,TRUE,TRUE,TRUE,FALSE,TRUE,TRUE,TRUE,"ok","ok","",""
"SchirmerM_2016","Schirmer 2016",13,"balanced","Coprococcus",0.98,0.97,0.99,97,99,30917,TRUE,TRUE,TRUE,FALSE,TRUE,TRUE,TRUE,"ok","ok","",""
"SchirmerM_2016","Schirmer 2016",13,"balanced","Dialister",0.525,0.55,0.5,55,50,5433,TRUE,TRUE,TRUE,FALSE,TRUE,TRUE,TRUE,"ok","ok","",""
"SchirmerM_2016","Schirmer 2016",13,"balanced","Dorea",0.99,0.98,1,98,100,32857,TRUE,TRUE,TRUE,FALSE,TRUE,TRUE,TRUE,"ok","ok","",""
"SchirmerM_2016","Schirmer 2016",13,"balanced","Eubacterium",0.985,0.98,0.99,98,99,16755,TRUE,TRUE,TRUE,FALSE,TRUE,TRUE,TRUE,"ok","ok","",""
"SchirmerM_2016","Schirmer 2016",13,"balanced","Faecalibacterium",0.985,0.99,0.98,99,98,59228,TRUE,TRUE,TRUE,FALSE,TRUE,TRUE,TRUE,"ok","ok","",""
"SchirmerM_2016","Schirmer 2016",13,"balanced","Firmicutes_unclassified",0.845,0.86,0.83,86,83,5390,TRUE,TRUE,TRUE,FALSE,TRUE,TRUE,TRUE,"ok","ok","",""
"SchirmerM_2016","Schirmer 2016",13,"balanced","Fusicatenibacter",0.975,0.98,0.97,98,97,31437,TRUE,TRUE,TRUE,FALSE,TRUE,TRUE,TRUE,"ok","ok","",""
"SchirmerM_2016","Schirmer 2016",13,"balanced","Lachnospira",0.86,0.86,0.86,86,86,9390,TRUE,TRUE,TRUE,FALSE,TRUE,TRUE,TRUE,"ok","ok","",""
"SchirmerM_2016","Schirmer 2016",13,"balanced","Lachnospiraceae_unclassified",0.94,0.93,0.95,93,95,44442,TRUE,TRUE,TRUE,FALSE,TRUE,TRUE,TRUE,"ok","ok","",""
"SchirmerM_2016","Schirmer 2016",13,"balanced","Mediterraneibacter",0.98,0.97,0.99,97,99,25542,TRUE,TRUE,TRUE,FALSE,TRUE,TRUE,TRUE,"ok","ok","",""
"SchirmerM_2016","Schirmer 2016",13,"balanced","Methanobrevibacter",0.38,0.39,0.37,39,37,8538,TRUE,TRUE,TRUE,FALSE,TRUE,TRUE,TRUE,"ok","ok","",""
"SchirmerM_2016","Schirmer 2016",13,"balanced","Oscillibacter",0.82,0.81,0.83,81,83,4569,TRUE,TRUE,TRUE,FALSE,TRUE,TRUE,TRUE,"ok","ok","",""
"SchirmerM_2016","Schirmer 2016",13,"balanced","Parabacteroides",0.96,0.95,0.97,95,97,13503,TRUE,TRUE,TRUE,FALSE,TRUE,TRUE,TRUE,"ok","ok","",""
"SchirmerM_2016","Schirmer 2016",13,"balanced","Phascolarctobacterium",0.49,0.55,0.43,55,43,3918,TRUE,TRUE,TRUE,FALSE,TRUE,TRUE,TRUE,"ok","ok","",""
"SchirmerM_2016","Schirmer 2016",13,"balanced","Phocaeicola",1,1,1,100,100,41614,TRUE,TRUE,FALSE,TRUE,TRUE,TRUE,TRUE,"no_observed_zeros","ok","",""
"SchirmerM_2016","Schirmer 2016",13,"balanced","Prevotella",0.5,0.43,0.57,43,57,51848,TRUE,TRUE,TRUE,FALSE,TRUE,TRUE,TRUE,"ok","ok","",""
"SchirmerM_2016","Schirmer 2016",13,"balanced","Roseburia",0.985,0.99,0.98,99,98,44123,TRUE,TRUE,TRUE,FALSE,TRUE,TRUE,TRUE,"ok","ok","",""
"SchirmerM_2016","Schirmer 2016",13,"balanced","Ruminococcaceae_unclassified",0.7,0.75,0.65,75,65,5578,TRUE,TRUE,TRUE,FALSE,TRUE,TRUE,TRUE,"ok","ok","",""
"SchirmerM_2016","Schirmer 2016",13,"balanced","Ruminococcus",0.905,0.91,0.9,91,90,66818,TRUE,TRUE,TRUE,FALSE,TRUE,TRUE,TRUE,"ok","ok","",""
"SchirmerM_2016","Schirmer 2016",13,"balanced","Streptococcus",0.91,0.91,0.91,91,91,7420,TRUE,TRUE,TRUE,FALSE,TRUE,TRUE,TRUE,"ok","ok","",""
"SchirmerM_2016","Schirmer 2016",13,"fourfold","Agathobaculum",0.885,0.83,0.94,83,94,3261,TRUE,TRUE,TRUE,FALSE,TRUE,TRUE,TRUE,"ok","ok","",""
"SchirmerM_2016","Schirmer 2016",13,"fourfold","Akkermansia",0.47,0.44,0.5,44,50,6501,TRUE,TRUE,TRUE,FALSE,TRUE,TRUE,TRUE,"ok","ok","",""
"SchirmerM_2016","Schirmer 2016",13,"fourfold","Alistipes",0.945,0.92,0.97,92,97,22633,TRUE,TRUE,TRUE,FALSE,TRUE,TRUE,TRUE,"ok","ok","",""
"SchirmerM_2016","Schirmer 2016",13,"fourfold","Anaerobutyricum",0.98,0.98,0.98,98,98,18650,TRUE,TRUE,TRUE,FALSE,TRUE,TRUE,TRUE,"ok","ok","",""
"SchirmerM_2016","Schirmer 2016",13,"fourfold","Anaerostipes",0.99,0.98,1,98,100,21634,TRUE,TRUE,TRUE,FALSE,TRUE,TRUE,TRUE,"ok","ok","",""
"SchirmerM_2016","Schirmer 2016",13,"fourfold","Bacteroides",1,1,1,100,100,46840,TRUE,TRUE,FALSE,TRUE,TRUE,TRUE,TRUE,"no_observed_zeros","ok","",""
"SchirmerM_2016","Schirmer 2016",13,"fourfold","Barnesiella",0.795,0.78,0.81,78,81,5476,TRUE,TRUE,TRUE,FALSE,TRUE,TRUE,TRUE,"ok","ok","",""
"SchirmerM_2016","Schirmer 2016",13,"fourfold","Bifidobacterium",0.98,1,0.96,100,96,110136,TRUE,TRUE,TRUE,FALSE,TRUE,TRUE,TRUE,"ok","ok","",""
"SchirmerM_2016","Schirmer 2016",13,"fourfold","Blautia",0.99,0.98,1,98,100,17921,TRUE,TRUE,TRUE,FALSE,TRUE,TRUE,TRUE,"ok","ok","",""
"SchirmerM_2016","Schirmer 2016",13,"fourfold","Collinsella",0.92,0.93,0.91,93,91,34479,TRUE,TRUE,TRUE,FALSE,TRUE,TRUE,TRUE,"ok","ok","",""
"SchirmerM_2016","Schirmer 2016",13,"fourfold","Coprococcus",0.975,0.97,0.98,97,98,30739,TRUE,TRUE,TRUE,FALSE,TRUE,TRUE,TRUE,"ok","ok","",""
"SchirmerM_2016","Schirmer 2016",13,"fourfold","Dialister",0.5,0.49,0.51,49,51,4426,TRUE,TRUE,TRUE,FALSE,TRUE,TRUE,TRUE,"ok","ok","",""
"SchirmerM_2016","Schirmer 2016",13,"fourfold","Dorea",0.99,0.98,1,98,100,28938,TRUE,TRUE,TRUE,FALSE,TRUE,TRUE,TRUE,"ok","ok","",""
"SchirmerM_2016","Schirmer 2016",13,"fourfold","Eubacterium",0.965,0.94,0.99,94,99,13728,TRUE,TRUE,TRUE,FALSE,TRUE,TRUE,TRUE,"ok","ok","",""
"SchirmerM_2016","Schirmer 2016",13,"fourfold","Faecalibacterium",0.985,0.99,0.98,99,98,51497,TRUE,TRUE,TRUE,FALSE,TRUE,TRUE,TRUE,"ok","ok","",""
"SchirmerM_2016","Schirmer 2016",13,"fourfold","Firmicutes_unclassified",0.795,0.72,0.87,72,87,4401,TRUE,TRUE,TRUE,FALSE,TRUE,TRUE,TRUE,"ok","ok","",""
"SchirmerM_2016","Schirmer 2016",13,"fourfold","Fusicatenibacter",0.975,0.97,0.98,97,98,28643,TRUE,TRUE,TRUE,FALSE,TRUE,TRUE,TRUE,"ok","ok","",""
"SchirmerM_2016","Schirmer 2016",13,"fourfold","Lachnospira",0.835,0.82,0.85,82,85,9413,TRUE,TRUE,TRUE,FALSE,TRUE,TRUE,TRUE,"ok","ok","",""
"SchirmerM_2016","Schirmer 2016",13,"fourfold","Lachnospiraceae_unclassified",0.93,0.9,0.96,90,96,37966,TRUE,TRUE,TRUE,FALSE,TRUE,TRUE,TRUE,"ok","ok","",""
"SchirmerM_2016","Schirmer 2016",13,"fourfold","Mediterraneibacter",0.98,0.96,1,96,100,21821,TRUE,TRUE,TRUE,FALSE,TRUE,TRUE,TRUE,"ok","ok","",""
"SchirmerM_2016","Schirmer 2016",13,"fourfold","Methanobrevibacter",0.37,0.37,0.37,37,37,8887,TRUE,TRUE,TRUE,FALSE,TRUE,TRUE,TRUE,"ok","ok","",""
"SchirmerM_2016","Schirmer 2016",13,"fourfold","Oscillibacter",0.795,0.72,0.87,72,87,3997,TRUE,TRUE,TRUE,FALSE,TRUE,TRUE,TRUE,"ok","ok","",""
"SchirmerM_2016","Schirmer 2016",13,"fourfold","Parabacteroides",0.94,0.91,0.97,91,97,12939,TRUE,TRUE,TRUE,FALSE,TRUE,TRUE,TRUE,"ok","ok","",""
"SchirmerM_2016","Schirmer 2016",13,"fourfold","Phascolarctobacterium",0.455,0.48,0.43,48,43,3140,TRUE,TRUE,TRUE,FALSE,TRUE,TRUE,TRUE,"ok","ok","",""
"SchirmerM_2016","Schirmer 2016",13,"fourfold","Phocaeicola",0.995,0.99,1,99,100,38925,TRUE,TRUE,TRUE,FALSE,TRUE,TRUE,TRUE,"ok","ok","",""
"SchirmerM_2016","Schirmer 2016",13,"fourfold","Prevotella",0.505,0.43,0.58,43,58,52909,TRUE,TRUE,TRUE,FALSE,TRUE,TRUE,TRUE,"ok","ok","",""
"SchirmerM_2016","Schirmer 2016",13,"fourfold","Roseburia",0.975,0.97,0.98,97,98,39098,TRUE,TRUE,TRUE,FALSE,TRUE,TRUE,TRUE,"ok","ok","",""
"SchirmerM_2016","Schirmer 2016",13,"fourfold","Ruminococcaceae_unclassified",0.64,0.62,0.66,62,66,5505,TRUE,TRUE,TRUE,FALSE,TRUE,TRUE,TRUE,"ok","ok","",""
"SchirmerM_2016","Schirmer 2016",13,"fourfold","Ruminococcus",0.895,0.89,0.9,89,90,63351,TRUE,TRUE,TRUE,FALSE,TRUE,TRUE,TRUE,"ok","ok","",""
"SchirmerM_2016","Schirmer 2016",13,"fourfold","Streptococcus",0.88,0.83,0.93,83,93,7281,TRUE,TRUE,TRUE,FALSE,TRUE,TRUE,TRUE,"ok","ok","",""
"SchirmerM_2016","Schirmer 2016",14,"balanced","Agathobaculum",0.89,0.84,0.94,84,94,3525,TRUE,TRUE,TRUE,FALSE,TRUE,TRUE,TRUE,"ok","ok","",""
"SchirmerM_2016","Schirmer 2016",14,"balanced","Akkermansia",0.465,0.47,0.46,47,46,8507,TRUE,TRUE,TRUE,FALSE,TRUE,TRUE,TRUE,"ok","ok","",""
"SchirmerM_2016","Schirmer 2016",14,"balanced","Alistipes",0.955,0.94,0.97,94,97,28519,TRUE,TRUE,TRUE,FALSE,TRUE,TRUE,TRUE,"ok","ok","",""
"SchirmerM_2016","Schirmer 2016",14,"balanced","Anaerobutyricum",0.99,1,0.98,100,98,18951,TRUE,TRUE,TRUE,FALSE,TRUE,TRUE,TRUE,"ok","ok","",""
"SchirmerM_2016","Schirmer 2016",14,"balanced","Anaerostipes",0.995,0.99,1,99,100,22740,TRUE,TRUE,TRUE,FALSE,TRUE,TRUE,TRUE,"ok","ok","",""
"SchirmerM_2016","Schirmer 2016",14,"balanced","Bacteroides",1,1,1,100,100,52465,TRUE,TRUE,FALSE,TRUE,TRUE,TRUE,TRUE,"no_observed_zeros","ok","",""
"SchirmerM_2016","Schirmer 2016",14,"balanced","Barnesiella",0.815,0.79,0.84,79,84,7137,TRUE,TRUE,TRUE,FALSE,TRUE,TRUE,TRUE,"ok","ok","",""
"SchirmerM_2016","Schirmer 2016",14,"balanced","Bifidobacterium",0.985,0.98,0.99,98,99,123412,TRUE,TRUE,TRUE,FALSE,TRUE,TRUE,TRUE,"ok","ok","",""
"SchirmerM_2016","Schirmer 2016",14,"balanced","Blautia",1,1,1,100,100,21139,TRUE,TRUE,FALSE,TRUE,TRUE,TRUE,TRUE,"no_observed_zeros","ok","",""
"SchirmerM_2016","Schirmer 2016",14,"balanced","Collinsella",0.93,0.91,0.95,91,95,37062,TRUE,TRUE,TRUE,FALSE,TRUE,TRUE,TRUE,"ok","ok","",""
"SchirmerM_2016","Schirmer 2016",14,"balanced","Coprococcus",0.975,0.99,0.96,99,96,30300,TRUE,TRUE,TRUE,FALSE,TRUE,TRUE,TRUE,"ok","ok","",""
"SchirmerM_2016","Schirmer 2016",14,"balanced","Dialister",0.525,0.51,0.54,51,54,5593,TRUE,TRUE,TRUE,FALSE,TRUE,TRUE,TRUE,"ok","ok","",""
"SchirmerM_2016","Schirmer 2016",14,"balanced","Dorea",0.99,0.99,0.99,99,99,32126,TRUE,TRUE,TRUE,FALSE,TRUE,TRUE,TRUE,"ok","ok","",""
"SchirmerM_2016","Schirmer 2016",14,"balanced","Eubacterium",0.995,1,0.99,100,99,17251,TRUE,TRUE,FALSE,TRUE,TRUE,TRUE,TRUE,"structural_absence_boundary_at_zero","ok","",""
"SchirmerM_2016","Schirmer 2016",14,"balanced","Faecalibacterium",0.985,0.99,0.98,99,98,56185,TRUE,TRUE,TRUE,FALSE,TRUE,TRUE,TRUE,"ok","ok","",""
"SchirmerM_2016","Schirmer 2016",14,"balanced","Firmicutes_unclassified",0.845,0.84,0.85,84,85,5224,TRUE,TRUE,TRUE,FALSE,TRUE,TRUE,TRUE,"ok","ok","",""
"SchirmerM_2016","Schirmer 2016",14,"balanced","Fusicatenibacter",0.98,0.99,0.97,99,97,31440,TRUE,TRUE,TRUE,FALSE,TRUE,TRUE,TRUE,"ok","ok","",""
"SchirmerM_2016","Schirmer 2016",14,"balanced","Lachnospira",0.87,0.9,0.84,90,84,9645,TRUE,TRUE,TRUE,FALSE,TRUE,TRUE,TRUE,"ok","ok","",""
"SchirmerM_2016","Schirmer 2016",14,"balanced","Lachnospiraceae_unclassified",0.925,0.91,0.94,91,94,42732,TRUE,TRUE,TRUE,FALSE,TRUE,TRUE,TRUE,"ok","ok","",""
"SchirmerM_2016","Schirmer 2016",14,"balanced","Mediterraneibacter",0.995,0.99,1,99,100,25389,TRUE,TRUE,TRUE,FALSE,TRUE,TRUE,TRUE,"ok","ok","",""
"SchirmerM_2016","Schirmer 2016",14,"balanced","Methanobrevibacter",0.365,0.36,0.37,36,37,8123,TRUE,TRUE,TRUE,FALSE,TRUE,TRUE,TRUE,"ok","ok","",""
"SchirmerM_2016","Schirmer 2016",14,"balanced","Oscillibacter",0.82,0.81,0.83,81,83,4698,TRUE,TRUE,TRUE,FALSE,TRUE,TRUE,TRUE,"ok","ok","",""
"SchirmerM_2016","Schirmer 2016",14,"balanced","Parabacteroides",0.96,0.96,0.96,96,96,13231,TRUE,TRUE,TRUE,FALSE,TRUE,TRUE,TRUE,"ok","ok","",""
"SchirmerM_2016","Schirmer 2016",14,"balanced","Phascolarctobacterium",0.505,0.47,0.54,47,54,3322,TRUE,TRUE,TRUE,FALSE,TRUE,TRUE,TRUE,"ok","ok","",""
"SchirmerM_2016","Schirmer 2016",14,"balanced","Phocaeicola",1,1,1,100,100,41182,TRUE,TRUE,FALSE,TRUE,TRUE,TRUE,TRUE,"no_observed_zeros","ok","",""
"SchirmerM_2016","Schirmer 2016",14,"balanced","Prevotella",0.505,0.52,0.49,52,49,48741,TRUE,TRUE,TRUE,FALSE,TRUE,TRUE,TRUE,"ok","ok","",""
"SchirmerM_2016","Schirmer 2016",14,"balanced","Roseburia",0.985,0.99,0.98,99,98,42536,TRUE,TRUE,TRUE,FALSE,TRUE,TRUE,TRUE,"ok","ok","",""
"SchirmerM_2016","Schirmer 2016",14,"balanced","Ruminococcaceae_unclassified",0.72,0.72,0.72,72,72,5068,TRUE,TRUE,TRUE,FALSE,TRUE,TRUE,TRUE,"ok","ok","",""
"SchirmerM_2016","Schirmer 2016",14,"balanced","Ruminococcus",0.89,0.84,0.94,84,94,67893,TRUE,TRUE,TRUE,FALSE,TRUE,TRUE,TRUE,"ok","ok","",""
"SchirmerM_2016","Schirmer 2016",14,"balanced","Streptococcus",0.905,0.89,0.92,89,92,6362,TRUE,TRUE,TRUE,FALSE,TRUE,TRUE,TRUE,"ok","ok","",""
"SchirmerM_2016","Schirmer 2016",14,"fourfold","Agathobaculum",0.885,0.84,0.93,84,93,3727,TRUE,TRUE,TRUE,FALSE,TRUE,TRUE,TRUE,"ok","ok","",""
"SchirmerM_2016","Schirmer 2016",14,"fourfold","Akkermansia",0.46,0.45,0.47,45,47,6828,TRUE,TRUE,TRUE,FALSE,TRUE,TRUE,TRUE,"ok","ok","",""
"SchirmerM_2016","Schirmer 2016",14,"fourfold","Alistipes",0.955,0.94,0.97,94,97,25486,TRUE,TRUE,TRUE,FALSE,TRUE,TRUE,TRUE,"ok","ok","",""
"SchirmerM_2016","Schirmer 2016",14,"fourfold","Anaerobutyricum",0.985,0.99,0.98,99,98,17664,TRUE,TRUE,TRUE,FALSE,TRUE,TRUE,TRUE,"ok","ok","",""
"SchirmerM_2016","Schirmer 2016",14,"fourfold","Anaerostipes",0.995,0.99,1,99,100,22026,TRUE,TRUE,TRUE,FALSE,TRUE,TRUE,TRUE,"ok","ok","",""
"SchirmerM_2016","Schirmer 2016",14,"fourfold","Bacteroides",1,1,1,100,100,47257,TRUE,TRUE,FALSE,TRUE,TRUE,TRUE,TRUE,"no_observed_zeros","ok","",""
"SchirmerM_2016","Schirmer 2016",14,"fourfold","Barnesiella",0.8,0.74,0.86,74,86,6020,TRUE,TRUE,TRUE,FALSE,TRUE,TRUE,TRUE,"ok","ok","",""
"SchirmerM_2016","Schirmer 2016",14,"fourfold","Bifidobacterium",0.975,0.97,0.98,97,98,115197,TRUE,TRUE,TRUE,FALSE,TRUE,TRUE,TRUE,"ok","ok","",""
"SchirmerM_2016","Schirmer 2016",14,"fourfold","Blautia",1,1,1,100,100,20411,TRUE,TRUE,FALSE,TRUE,TRUE,TRUE,TRUE,"no_observed_zeros","ok","",""
"SchirmerM_2016","Schirmer 2016",14,"fourfold","Collinsella",0.925,0.9,0.95,90,95,37872,TRUE,TRUE,TRUE,FALSE,TRUE,TRUE,TRUE,"ok","ok","",""
"SchirmerM_2016","Schirmer 2016",14,"fourfold","Coprococcus",0.98,0.99,0.97,99,97,30113,TRUE,TRUE,TRUE,FALSE,TRUE,TRUE,TRUE,"ok","ok","",""
"SchirmerM_2016","Schirmer 2016",14,"fourfold","Dialister",0.495,0.43,0.56,43,56,5259,TRUE,TRUE,TRUE,FALSE,TRUE,TRUE,TRUE,"ok","ok","",""
"SchirmerM_2016","Schirmer 2016",14,"fourfold","Dorea",0.99,0.99,0.99,99,99,30453,TRUE,TRUE,TRUE,FALSE,TRUE,TRUE,TRUE,"ok","ok","",""
"SchirmerM_2016","Schirmer 2016",14,"fourfold","Eubacterium",0.955,0.93,0.98,93,98,13792,TRUE,TRUE,TRUE,FALSE,TRUE,TRUE,TRUE,"ok","ok","",""
"SchirmerM_2016","Schirmer 2016",14,"fourfold","Faecalibacterium",0.985,0.99,0.98,99,98,52483,TRUE,TRUE,TRUE,FALSE,TRUE,TRUE,TRUE,"ok","ok","",""
"SchirmerM_2016","Schirmer 2016",14,"fourfold","Firmicutes_unclassified",0.81,0.78,0.84,78,84,4477,TRUE,TRUE,TRUE,FALSE,TRUE,TRUE,TRUE,"ok","ok","",""
"SchirmerM_2016","Schirmer 2016",14,"fourfold","Fusicatenibacter",0.97,0.97,0.97,97,97,29210,TRUE,TRUE,TRUE,FALSE,TRUE,TRUE,TRUE,"ok","ok","",""
"SchirmerM_2016","Schirmer 2016",14,"fourfold","Lachnospira",0.86,0.89,0.83,89,83,8399,TRUE,TRUE,TRUE,FALSE,TRUE,TRUE,TRUE,"ok","ok","",""
"SchirmerM_2016","Schirmer 2016",14,"fourfold","Lachnospiraceae_unclassified",0.91,0.88,0.94,88,94,38478,TRUE,TRUE,TRUE,FALSE,TRUE,TRUE,TRUE,"ok","ok","",""
"SchirmerM_2016","Schirmer 2016",14,"fourfold","Mediterraneibacter",0.985,0.97,1,97,100,24151,TRUE,TRUE,TRUE,FALSE,TRUE,TRUE,TRUE,"ok","ok","",""
"SchirmerM_2016","Schirmer 2016",14,"fourfold","Methanobrevibacter",0.37,0.36,0.38,36,38,6620,TRUE,TRUE,TRUE,FALSE,TRUE,TRUE,TRUE,"ok","ok","",""
"SchirmerM_2016","Schirmer 2016",14,"fourfold","Oscillibacter",0.78,0.74,0.82,74,82,3802,TRUE,TRUE,TRUE,FALSE,TRUE,TRUE,TRUE,"ok","ok","",""
"SchirmerM_2016","Schirmer 2016",14,"fourfold","Parabacteroides",0.945,0.94,0.95,94,95,12461,TRUE,TRUE,TRUE,FALSE,TRUE,TRUE,TRUE,"ok","ok","",""
"SchirmerM_2016","Schirmer 2016",14,"fourfold","Phascolarctobacterium",0.47,0.39,0.55,39,55,3462,TRUE,TRUE,TRUE,FALSE,TRUE,TRUE,TRUE,"ok","ok","",""
"SchirmerM_2016","Schirmer 2016",14,"fourfold","Phocaeicola",1,1,1,100,100,40638,TRUE,TRUE,FALSE,TRUE,TRUE,TRUE,TRUE,"no_observed_zeros","ok","",""
"SchirmerM_2016","Schirmer 2016",14,"fourfold","Prevotella",0.5,0.49,0.51,49,51,45319,TRUE,TRUE,TRUE,FALSE,TRUE,TRUE,TRUE,"ok","ok","",""
"SchirmerM_2016","Schirmer 2016",14,"fourfold","Roseburia",0.99,0.98,1,98,100,42207,TRUE,TRUE,TRUE,FALSE,TRUE,TRUE,TRUE,"ok","ok","",""
"SchirmerM_2016","Schirmer 2016",14,"fourfold","Ruminococcaceae_unclassified",0.655,0.56,0.75,56,75,4204,TRUE,TRUE,TRUE,FALSE,TRUE,TRUE,TRUE,"ok","ok","",""
"SchirmerM_2016","Schirmer 2016",14,"fourfold","Ruminococcus",0.885,0.84,0.93,84,93,62175,TRUE,TRUE,TRUE,FALSE,TRUE,TRUE,TRUE,"ok","ok","",""
"SchirmerM_2016","Schirmer 2016",14,"fourfold","Streptococcus",0.885,0.82,0.95,82,95,6107,TRUE,TRUE,TRUE,FALSE,TRUE,TRUE,TRUE,"ok","ok","",""
"SchirmerM_2016","Schirmer 2016",15,"balanced","Agathobaculum",0.895,0.92,0.87,92,87,3609,TRUE,TRUE,TRUE,FALSE,TRUE,TRUE,TRUE,"ok","ok","",""
"SchirmerM_2016","Schirmer 2016",15,"balanced","Akkermansia",0.48,0.5,0.46,50,46,7755,TRUE,TRUE,TRUE,FALSE,TRUE,TRUE,TRUE,"ok","ok","",""
"SchirmerM_2016","Schirmer 2016",15,"balanced","Alistipes",0.955,0.97,0.94,97,94,28025,TRUE,TRUE,TRUE,FALSE,TRUE,TRUE,TRUE,"ok","ok","",""
"SchirmerM_2016","Schirmer 2016",15,"balanced","Anaerobutyricum",0.985,0.98,0.99,98,99,19820,TRUE,TRUE,TRUE,FALSE,TRUE,TRUE,TRUE,"ok","ok","",""
"SchirmerM_2016","Schirmer 2016",15,"balanced","Anaerostipes",0.995,0.99,1,99,100,22790,TRUE,TRUE,TRUE,FALSE,TRUE,TRUE,TRUE,"ok","ok","",""
"SchirmerM_2016","Schirmer 2016",15,"balanced","Bacteroides",1,1,1,100,100,54642,TRUE,TRUE,FALSE,TRUE,TRUE,TRUE,TRUE,"no_observed_zeros","ok","",""
"SchirmerM_2016","Schirmer 2016",15,"balanced","Barnesiella",0.8,0.86,0.74,86,74,6806,TRUE,TRUE,TRUE,FALSE,TRUE,TRUE,TRUE,"ok","ok","",""
"SchirmerM_2016","Schirmer 2016",15,"balanced","Bifidobacterium",0.985,0.98,0.99,98,99,122553,TRUE,TRUE,TRUE,FALSE,TRUE,TRUE,TRUE,"ok","ok","",""
"SchirmerM_2016","Schirmer 2016",15,"balanced","Blautia",1,1,1,100,100,20589,TRUE,TRUE,FALSE,TRUE,TRUE,TRUE,TRUE,"no_observed_zeros","ok","",""
"SchirmerM_2016","Schirmer 2016",15,"balanced","Collinsella",0.925,0.93,0.92,93,92,39411,TRUE,TRUE,TRUE,FALSE,TRUE,TRUE,TRUE,"ok","ok","",""
"SchirmerM_2016","Schirmer 2016",15,"balanced","Coprococcus",0.98,0.97,0.99,97,99,32632,TRUE,TRUE,TRUE,FALSE,TRUE,TRUE,TRUE,"ok","ok","",""
"SchirmerM_2016","Schirmer 2016",15,"balanced","Dialister",0.55,0.52,0.58,52,58,4932,TRUE,TRUE,TRUE,FALSE,TRUE,TRUE,TRUE,"ok","ok","",""
"SchirmerM_2016","Schirmer 2016",15,"balanced","Dorea",0.995,1,0.99,100,99,31945,TRUE,TRUE,TRUE,FALSE,TRUE,TRUE,TRUE,"ok","ok","",""
"SchirmerM_2016","Schirmer 2016",15,"balanced","Eubacterium",0.97,0.98,0.96,98,96,16553,TRUE,TRUE,TRUE,FALSE,TRUE,TRUE,TRUE,"ok","ok","",""
"SchirmerM_2016","Schirmer 2016",15,"balanced","Faecalibacterium",0.985,0.99,0.98,99,98,56607,TRUE,TRUE,TRUE,FALSE,TRUE,TRUE,TRUE,"ok","ok","",""
"SchirmerM_2016","Schirmer 2016",15,"balanced","Firmicutes_unclassified",0.87,0.88,0.86,88,86,5481,TRUE,TRUE,TRUE,FALSE,TRUE,TRUE,TRUE,"ok","ok","",""
"SchirmerM_2016","Schirmer 2016",15,"balanced","Fusicatenibacter",0.98,0.98,0.98,98,98,31143,TRUE,TRUE,TRUE,FALSE,TRUE,TRUE,TRUE,"ok","ok","",""
"SchirmerM_2016","Schirmer 2016",15,"balanced","Lachnospira",0.84,0.92,0.76,92,76,9740,TRUE,TRUE,TRUE,FALSE,TRUE,TRUE,TRUE,"ok","ok","",""
"SchirmerM_2016","Schirmer 2016",15,"balanced","Lachnospiraceae_unclassified",0.935,0.94,0.93,94,93,44923,TRUE,TRUE,TRUE,FALSE,TRUE,TRUE,TRUE,"ok","ok","",""
"SchirmerM_2016","Schirmer 2016",15,"balanced","Mediterraneibacter",0.99,0.99,0.99,99,99,24206,TRUE,TRUE,TRUE,FALSE,TRUE,TRUE,TRUE,"ok","ok","",""
"SchirmerM_2016","Schirmer 2016",15,"balanced","Methanobrevibacter",0.365,0.41,0.32,41,32,7695,TRUE,TRUE,TRUE,FALSE,TRUE,TRUE,TRUE,"ok","ok","",""
"SchirmerM_2016","Schirmer 2016",15,"balanced","Oscillibacter",0.83,0.85,0.81,85,81,4600,TRUE,TRUE,TRUE,FALSE,TRUE,TRUE,TRUE,"ok","ok","",""
"SchirmerM_2016","Schirmer 2016",15,"balanced","Parabacteroides",0.965,0.99,0.94,99,94,13315,TRUE,TRUE,TRUE,FALSE,TRUE,TRUE,TRUE,"ok","ok","",""
"SchirmerM_2016","Schirmer 2016",15,"balanced","Phascolarctobacterium",0.49,0.56,0.42,56,42,4272,TRUE,TRUE,TRUE,FALSE,TRUE,TRUE,TRUE,"ok","ok","",""
"SchirmerM_2016","Schirmer 2016",15,"balanced","Phocaeicola",1,1,1,100,100,43364,TRUE,TRUE,FALSE,TRUE,TRUE,TRUE,TRUE,"no_observed_zeros","ok","",""
"SchirmerM_2016","Schirmer 2016",15,"balanced","Prevotella",0.515,0.5,0.53,50,53,55328,TRUE,TRUE,TRUE,FALSE,TRUE,TRUE,TRUE,"ok","ok","",""
"SchirmerM_2016","Schirmer 2016",15,"balanced","Roseburia",0.995,1,0.99,100,99,41239,TRUE,TRUE,TRUE,FALSE,TRUE,TRUE,TRUE,"ok","ok","",""
"SchirmerM_2016","Schirmer 2016",15,"balanced","Ruminococcaceae_unclassified",0.705,0.72,0.69,72,69,4746,TRUE,TRUE,TRUE,FALSE,TRUE,TRUE,TRUE,"ok","ok","",""
"SchirmerM_2016","Schirmer 2016",15,"balanced","Ruminococcus",0.895,0.93,0.86,93,86,70121,TRUE,TRUE,TRUE,FALSE,TRUE,TRUE,TRUE,"ok","ok","",""
"SchirmerM_2016","Schirmer 2016",15,"balanced","Streptococcus",0.91,0.9,0.92,90,92,7151,TRUE,TRUE,TRUE,FALSE,TRUE,TRUE,TRUE,"ok","ok","",""
"SchirmerM_2016","Schirmer 2016",15,"fourfold","Agathobaculum",0.885,0.86,0.91,86,91,3368,TRUE,TRUE,TRUE,FALSE,TRUE,TRUE,TRUE,"ok","ok","",""
"SchirmerM_2016","Schirmer 2016",15,"fourfold","Akkermansia",0.45,0.45,0.45,45,45,9795,TRUE,TRUE,TRUE,FALSE,TRUE,TRUE,TRUE,"ok","ok","",""
"SchirmerM_2016","Schirmer 2016",15,"fourfold","Alistipes",0.95,0.95,0.95,95,95,30201,TRUE,TRUE,TRUE,FALSE,TRUE,TRUE,TRUE,"ok","ok","",""
"SchirmerM_2016","Schirmer 2016",15,"fourfold","Anaerobutyricum",0.99,0.99,0.99,99,99,19640,TRUE,TRUE,TRUE,FALSE,TRUE,TRUE,TRUE,"ok","ok","",""
"SchirmerM_2016","Schirmer 2016",15,"fourfold","Anaerostipes",0.985,0.97,1,97,100,23756,TRUE,TRUE,TRUE,FALSE,TRUE,TRUE,TRUE,"ok","ok","",""
"SchirmerM_2016","Schirmer 2016",15,"fourfold","Bacteroides",1,1,1,100,100,53783,TRUE,TRUE,FALSE,TRUE,TRUE,TRUE,TRUE,"no_observed_zeros","ok","",""
"SchirmerM_2016","Schirmer 2016",15,"fourfold","Barnesiella",0.79,0.82,0.76,82,76,6700,TRUE,TRUE,TRUE,FALSE,TRUE,TRUE,TRUE,"ok","ok","",""
"SchirmerM_2016","Schirmer 2016",15,"fourfold","Bifidobacterium",0.975,0.96,0.99,96,99,126956,TRUE,TRUE,TRUE,FALSE,TRUE,TRUE,TRUE,"ok","ok","",""
"SchirmerM_2016","Schirmer 2016",15,"fourfold","Blautia",0.995,0.99,1,99,100,21972,TRUE,TRUE,FALSE,TRUE,TRUE,TRUE,TRUE,"structural_absence_boundary_at_zero","ok","",""
"SchirmerM_2016","Schirmer 2016",15,"fourfold","Collinsella",0.925,0.91,0.94,91,94,39411,TRUE,TRUE,TRUE,FALSE,TRUE,TRUE,TRUE,"ok","ok","",""
"SchirmerM_2016","Schirmer 2016",15,"fourfold","Coprococcus",0.97,0.95,0.99,95,99,30151,TRUE,TRUE,TRUE,FALSE,TRUE,TRUE,TRUE,"ok","ok","",""
"SchirmerM_2016","Schirmer 2016",15,"fourfold","Dialister",0.515,0.46,0.57,46,57,4951,TRUE,TRUE,TRUE,FALSE,TRUE,TRUE,TRUE,"ok","ok","",""
"SchirmerM_2016","Schirmer 2016",15,"fourfold","Dorea",0.99,1,0.98,100,98,30837,TRUE,TRUE,TRUE,FALSE,TRUE,TRUE,TRUE,"ok","ok","",""
"SchirmerM_2016","Schirmer 2016",15,"fourfold","Eubacterium",0.955,0.93,0.98,93,98,15626,TRUE,TRUE,TRUE,FALSE,TRUE,TRUE,TRUE,"ok","ok","",""
"SchirmerM_2016","Schirmer 2016",15,"fourfold","Faecalibacterium",0.985,0.99,0.98,99,98,55157,TRUE,TRUE,TRUE,FALSE,TRUE,TRUE,TRUE,"ok","ok","",""
"SchirmerM_2016","Schirmer 2016",15,"fourfold","Firmicutes_unclassified",0.795,0.74,0.85,74,85,4945,TRUE,TRUE,TRUE,FALSE,TRUE,TRUE,TRUE,"ok","ok","",""
"SchirmerM_2016","Schirmer 2016",15,"fourfold","Fusicatenibacter",0.97,0.96,0.98,96,98,32660,TRUE,TRUE,TRUE,FALSE,TRUE,TRUE,TRUE,"ok","ok","",""
"SchirmerM_2016","Schirmer 2016",15,"fourfold","Lachnospira",0.85,0.91,0.79,91,79,8697,TRUE,TRUE,TRUE,FALSE,TRUE,TRUE,TRUE,"ok","ok","",""
"SchirmerM_2016","Schirmer 2016",15,"fourfold","Lachnospiraceae_unclassified",0.925,0.91,0.94,91,94,40714,TRUE,TRUE,TRUE,FALSE,TRUE,TRUE,TRUE,"ok","ok","",""
"SchirmerM_2016","Schirmer 2016",15,"fourfold","Mediterraneibacter",0.99,0.99,0.99,99,99,25121,TRUE,TRUE,TRUE,FALSE,TRUE,TRUE,TRUE,"ok","ok","",""
"SchirmerM_2016","Schirmer 2016",15,"fourfold","Methanobrevibacter",0.37,0.39,0.35,39,35,6313,TRUE,TRUE,TRUE,FALSE,TRUE,TRUE,TRUE,"ok","ok","",""
"SchirmerM_2016","Schirmer 2016",15,"fourfold","Oscillibacter",0.8,0.77,0.83,77,83,4232,TRUE,TRUE,TRUE,FALSE,TRUE,TRUE,TRUE,"ok","ok","",""
"SchirmerM_2016","Schirmer 2016",15,"fourfold","Parabacteroides",0.955,0.97,0.94,97,94,12675,TRUE,TRUE,TRUE,FALSE,TRUE,TRUE,TRUE,"ok","ok","",""
"SchirmerM_2016","Schirmer 2016",15,"fourfold","Phascolarctobacterium",0.48,0.49,0.47,49,47,3631,TRUE,TRUE,TRUE,FALSE,TRUE,TRUE,TRUE,"ok","ok","",""
"SchirmerM_2016","Schirmer 2016",15,"fourfold","Phocaeicola",1,1,1,100,100,40340,TRUE,TRUE,FALSE,TRUE,TRUE,TRUE,TRUE,"no_observed_zeros","ok","",""
"SchirmerM_2016","Schirmer 2016",15,"fourfold","Prevotella",0.5,0.48,0.52,48,52,56779,TRUE,TRUE,TRUE,FALSE,TRUE,TRUE,TRUE,"ok","ok","",""
"SchirmerM_2016","Schirmer 2016",15,"fourfold","Roseburia",0.975,0.97,0.98,97,98,38701,TRUE,TRUE,TRUE,FALSE,TRUE,TRUE,TRUE,"ok","ok","",""
"SchirmerM_2016","Schirmer 2016",15,"fourfold","Ruminococcaceae_unclassified",0.645,0.62,0.67,62,67,4146,TRUE,TRUE,TRUE,FALSE,TRUE,TRUE,TRUE,"ok","ok","",""
"SchirmerM_2016","Schirmer 2016",15,"fourfold","Ruminococcus",0.905,0.94,0.87,94,87,59970,TRUE,TRUE,TRUE,FALSE,TRUE,TRUE,TRUE,"ok","ok","",""
"SchirmerM_2016","Schirmer 2016",15,"fourfold","Streptococcus",0.895,0.82,0.97,82,97,6773,TRUE,TRUE,TRUE,FALSE,TRUE,TRUE,TRUE,"ok","ok","",""
"SchirmerM_2016","Schirmer 2016",16,"balanced","Agathobaculum",0.915,0.92,0.91,92,91,4002,TRUE,TRUE,TRUE,FALSE,TRUE,TRUE,TRUE,"ok","ok","",""
"SchirmerM_2016","Schirmer 2016",16,"balanced","Akkermansia",0.475,0.5,0.45,50,45,9277,TRUE,TRUE,TRUE,FALSE,TRUE,TRUE,TRUE,"ok","ok","",""
"SchirmerM_2016","Schirmer 2016",16,"balanced","Alistipes",0.955,0.94,0.97,94,97,28120,TRUE,TRUE,TRUE,FALSE,TRUE,TRUE,TRUE,"ok","ok","",""
"SchirmerM_2016","Schirmer 2016",16,"balanced","Anaerobutyricum",0.99,1,0.98,100,98,20769,TRUE,TRUE,TRUE,FALSE,TRUE,TRUE,TRUE,"ok","ok","",""
"SchirmerM_2016","Schirmer 2016",16,"balanced","Anaerostipes",0.995,1,0.99,100,99,25401,TRUE,TRUE,TRUE,FALSE,TRUE,TRUE,TRUE,"ok","ok","",""
"SchirmerM_2016","Schirmer 2016",16,"balanced","Bacteroides",0.995,0.99,1,99,100,56782,TRUE,TRUE,TRUE,FALSE,TRUE,TRUE,TRUE,"ok","ok","",""
"SchirmerM_2016","Schirmer 2016",16,"balanced","Barnesiella",0.82,0.82,0.82,82,82,6704,TRUE,TRUE,TRUE,FALSE,TRUE,TRUE,TRUE,"ok","ok","",""
"SchirmerM_2016","Schirmer 2016",16,"balanced","Bifidobacterium",0.975,0.97,0.98,97,98,125069,TRUE,TRUE,TRUE,FALSE,TRUE,TRUE,TRUE,"ok","ok","",""
"SchirmerM_2016","Schirmer 2016",16,"balanced","Blautia",0.995,0.99,1,99,100,21927,TRUE,TRUE,TRUE,FALSE,TRUE,TRUE,TRUE,"ok","ok","",""
"SchirmerM_2016","Schirmer 2016",16,"balanced","Collinsella",0.925,0.93,0.92,93,92,37939,TRUE,TRUE,TRUE,FALSE,TRUE,TRUE,TRUE,"ok","ok","",""
"SchirmerM_2016","Schirmer 2016",16,"balanced","Coprococcus",0.97,0.97,0.97,97,97,33211,TRUE,TRUE,TRUE,FALSE,TRUE,TRUE,TRUE,"ok","ok","",""
"SchirmerM_2016","Schirmer 2016",16,"balanced","Dialister",0.525,0.57,0.48,57,48,5382,TRUE,TRUE,TRUE,FALSE,TRUE,TRUE,TRUE,"ok","ok","",""
"SchirmerM_2016","Schirmer 2016",16,"balanced","Dorea",0.99,0.99,0.99,99,99,32927,TRUE,TRUE,TRUE,FALSE,TRUE,TRUE,TRUE,"ok","ok","",""
"SchirmerM_2016","Schirmer 2016",16,"balanced","Eubacterium",0.98,0.97,0.99,97,99,15396,TRUE,TRUE,TRUE,FALSE,TRUE,TRUE,TRUE,"ok","ok","",""
"SchirmerM_2016","Schirmer 2016",16,"balanced","Faecalibacterium",0.985,0.99,0.98,99,98,57571,TRUE,TRUE,TRUE,FALSE,TRUE,TRUE,TRUE,"ok","ok","",""
"SchirmerM_2016","Schirmer 2016",16,"balanced","Firmicutes_unclassified",0.845,0.84,0.85,84,85,5341,TRUE,TRUE,TRUE,FALSE,TRUE,TRUE,TRUE,"ok","ok","",""
"SchirmerM_2016","Schirmer 2016",16,"balanced","Fusicatenibacter",0.975,1,0.95,100,95,32453,TRUE,TRUE,TRUE,FALSE,TRUE,TRUE,TRUE,"ok","ok","",""
"SchirmerM_2016","Schirmer 2016",16,"balanced","Lachnospira",0.86,0.87,0.85,87,85,10731,TRUE,TRUE,TRUE,FALSE,TRUE,TRUE,TRUE,"ok","ok","",""
"SchirmerM_2016","Schirmer 2016",16,"balanced","Lachnospiraceae_unclassified",0.94,0.96,0.92,96,92,46494,TRUE,TRUE,TRUE,FALSE,TRUE,TRUE,TRUE,"ok","ok","",""
"SchirmerM_2016","Schirmer 2016",16,"balanced","Mediterraneibacter",0.985,0.98,0.99,98,99,25261,TRUE,TRUE,TRUE,FALSE,TRUE,TRUE,TRUE,"ok","ok","",""
"SchirmerM_2016","Schirmer 2016",16,"balanced","Methanobrevibacter",0.375,0.35,0.4,35,40,8346,TRUE,TRUE,TRUE,FALSE,TRUE,TRUE,TRUE,"ok","ok","",""
"SchirmerM_2016","Schirmer 2016",16,"balanced","Oscillibacter",0.82,0.81,0.83,81,83,4645,TRUE,TRUE,TRUE,FALSE,TRUE,TRUE,TRUE,"ok","ok","",""
"SchirmerM_2016","Schirmer 2016",16,"balanced","Parabacteroides",0.96,0.97,0.95,97,95,13579,TRUE,TRUE,TRUE,FALSE,TRUE,TRUE,TRUE,"ok","ok","",""
"SchirmerM_2016","Schirmer 2016",16,"balanced","Phascolarctobacterium",0.495,0.42,0.57,42,57,4047,TRUE,TRUE,TRUE,FALSE,TRUE,TRUE,TRUE,"ok","ok","",""
"SchirmerM_2016","Schirmer 2016",16,"balanced","Phocaeicola",1,1,1,100,100,44431,TRUE,TRUE,FALSE,TRUE,TRUE,TRUE,TRUE,"no_observed_zeros","ok","",""
"SchirmerM_2016","Schirmer 2016",16,"balanced","Prevotella",0.515,0.55,0.48,55,48,49634,TRUE,TRUE,TRUE,FALSE,TRUE,TRUE,TRUE,"ok","ok","",""
"SchirmerM_2016","Schirmer 2016",16,"balanced","Roseburia",0.99,0.99,0.99,99,99,42481,TRUE,TRUE,TRUE,FALSE,TRUE,TRUE,TRUE,"ok","ok","",""
"SchirmerM_2016","Schirmer 2016",16,"balanced","Ruminococcaceae_unclassified",0.675,0.65,0.7,65,70,5605,TRUE,TRUE,TRUE,FALSE,TRUE,TRUE,TRUE,"ok","ok","",""
"SchirmerM_2016","Schirmer 2016",16,"balanced","Ruminococcus",0.895,0.86,0.93,86,93,67741,TRUE,TRUE,TRUE,FALSE,TRUE,TRUE,TRUE,"ok","ok","",""
"SchirmerM_2016","Schirmer 2016",16,"balanced","Streptococcus",0.915,0.91,0.92,91,92,7370,TRUE,TRUE,TRUE,FALSE,TRUE,TRUE,TRUE,"ok","ok","",""
"SchirmerM_2016","Schirmer 2016",16,"fourfold","Agathobaculum",0.9,0.87,0.93,87,93,3463,TRUE,TRUE,TRUE,FALSE,TRUE,TRUE,TRUE,"ok","ok","",""
"SchirmerM_2016","Schirmer 2016",16,"fourfold","Akkermansia",0.44,0.43,0.45,43,45,7302,TRUE,TRUE,TRUE,FALSE,TRUE,TRUE,TRUE,"ok","ok","",""
"SchirmerM_2016","Schirmer 2016",16,"fourfold","Alistipes",0.93,0.91,0.95,91,95,25248,TRUE,TRUE,TRUE,FALSE,TRUE,TRUE,TRUE,"ok","ok","",""
"SchirmerM_2016","Schirmer 2016",16,"fourfold","Anaerobutyricum",0.985,0.99,0.98,99,98,17935,TRUE,TRUE,TRUE,FALSE,TRUE,TRUE,TRUE,"ok","ok","",""
"SchirmerM_2016","Schirmer 2016",16,"fourfold","Anaerostipes",0.985,0.98,0.99,98,99,21865,TRUE,TRUE,TRUE,FALSE,TRUE,TRUE,TRUE,"ok","ok","",""
"SchirmerM_2016","Schirmer 2016",16,"fourfold","Bacteroides",0.995,0.99,1,99,100,53113,TRUE,TRUE,TRUE,FALSE,TRUE,TRUE,TRUE,"ok","ok","",""
"SchirmerM_2016","Schirmer 2016",16,"fourfold","Barnesiella",0.81,0.79,0.83,79,83,5588,TRUE,TRUE,TRUE,FALSE,TRUE,TRUE,TRUE,"ok","ok","",""
"SchirmerM_2016","Schirmer 2016",16,"fourfold","Bifidobacterium",0.985,0.97,1,97,100,115409,TRUE,TRUE,TRUE,FALSE,TRUE,TRUE,TRUE,"ok","ok","",""
"SchirmerM_2016","Schirmer 2016",16,"fourfold","Blautia",1,1,1,100,100,20210,TRUE,TRUE,FALSE,TRUE,TRUE,TRUE,TRUE,"no_observed_zeros","ok","",""
"SchirmerM_2016","Schirmer 2016",16,"fourfold","Collinsella",0.925,0.92,0.93,92,93,32939,TRUE,TRUE,TRUE,FALSE,TRUE,TRUE,TRUE,"ok","ok","",""
"SchirmerM_2016","Schirmer 2016",16,"fourfold","Coprococcus",0.98,0.98,0.98,98,98,28129,TRUE,TRUE,TRUE,FALSE,TRUE,TRUE,TRUE,"ok","ok","",""
"SchirmerM_2016","Schirmer 2016",16,"fourfold","Dialister",0.515,0.53,0.5,53,50,3547,TRUE,TRUE,TRUE,FALSE,TRUE,TRUE,TRUE,"ok","ok","",""
"SchirmerM_2016","Schirmer 2016",16,"fourfold","Dorea",0.99,0.99,0.99,99,99,28764,TRUE,TRUE,TRUE,FALSE,TRUE,TRUE,TRUE,"ok","ok","",""
"SchirmerM_2016","Schirmer 2016",16,"fourfold","Eubacterium",0.965,0.94,0.99,94,99,16512,TRUE,TRUE,TRUE,FALSE,TRUE,TRUE,TRUE,"ok","ok","",""
"SchirmerM_2016","Schirmer 2016",16,"fourfold","Faecalibacterium",0.985,0.99,0.98,99,98,53588,TRUE,TRUE,TRUE,FALSE,TRUE,TRUE,TRUE,"ok","ok","",""
"SchirmerM_2016","Schirmer 2016",16,"fourfold","Firmicutes_unclassified",0.825,0.77,0.88,77,88,5114,TRUE,TRUE,TRUE,FALSE,TRUE,TRUE,TRUE,"ok","ok","",""
"SchirmerM_2016","Schirmer 2016",16,"fourfold","Fusicatenibacter",0.975,0.99,0.96,99,96,28409,TRUE,TRUE,TRUE,FALSE,TRUE,TRUE,TRUE,"ok","ok","",""
"SchirmerM_2016","Schirmer 2016",16,"fourfold","Lachnospira",0.845,0.82,0.87,82,87,8900,TRUE,TRUE,TRUE,FALSE,TRUE,TRUE,TRUE,"ok","ok","",""
"SchirmerM_2016","Schirmer 2016",16,"fourfold","Lachnospiraceae_unclassified",0.91,0.88,0.94,88,94,43378,TRUE,TRUE,TRUE,FALSE,TRUE,TRUE,TRUE,"ok","ok","",""
"SchirmerM_2016","Schirmer 2016",16,"fourfold","Mediterraneibacter",0.97,0.95,0.99,95,99,22608,TRUE,TRUE,TRUE,FALSE,TRUE,TRUE,TRUE,"ok","ok","",""
"SchirmerM_2016","Schirmer 2016",16,"fourfold","Methanobrevibacter",0.375,0.35,0.4,35,40,7521,TRUE,TRUE,TRUE,FALSE,TRUE,TRUE,TRUE,"ok","ok","",""
"SchirmerM_2016","Schirmer 2016",16,"fourfold","Oscillibacter",0.815,0.79,0.84,79,84,3630,TRUE,TRUE,TRUE,FALSE,TRUE,TRUE,TRUE,"ok","ok","",""
"SchirmerM_2016","Schirmer 2016",16,"fourfold","Parabacteroides",0.965,0.97,0.96,97,96,12262,TRUE,TRUE,TRUE,FALSE,TRUE,TRUE,TRUE,"ok","ok","",""
"SchirmerM_2016","Schirmer 2016",16,"fourfold","Phascolarctobacterium",0.475,0.39,0.56,39,56,3590,TRUE,TRUE,TRUE,FALSE,TRUE,TRUE,TRUE,"ok","ok","",""
"SchirmerM_2016","Schirmer 2016",16,"fourfold","Phocaeicola",0.995,0.99,1,99,100,38203,TRUE,TRUE,TRUE,FALSE,TRUE,TRUE,TRUE,"ok","ok","",""
"SchirmerM_2016","Schirmer 2016",16,"fourfold","Prevotella",0.505,0.52,0.49,52,49,45202,TRUE,TRUE,TRUE,FALSE,TRUE,TRUE,TRUE,"ok","ok","",""
"SchirmerM_2016","Schirmer 2016",16,"fourfold","Roseburia",0.985,0.98,0.99,98,99,39930,TRUE,TRUE,TRUE,FALSE,TRUE,TRUE,TRUE,"ok","ok","",""
"SchirmerM_2016","Schirmer 2016",16,"fourfold","Ruminococcaceae_unclassified",0.675,0.56,0.79,56,79,6261,TRUE,TRUE,TRUE,FALSE,TRUE,TRUE,TRUE,"ok","ok","",""
"SchirmerM_2016","Schirmer 2016",16,"fourfold","Ruminococcus",0.88,0.83,0.93,83,93,70514,TRUE,TRUE,TRUE,FALSE,TRUE,TRUE,TRUE,"ok","ok","",""
"SchirmerM_2016","Schirmer 2016",16,"fourfold","Streptococcus",0.89,0.83,0.95,83,95,5859,TRUE,TRUE,TRUE,FALSE,TRUE,TRUE,TRUE,"ok","ok","",""
"SchirmerM_2016","Schirmer 2016",17,"balanced","Agathobaculum",0.91,0.86,0.96,86,96,3780,TRUE,TRUE,TRUE,FALSE,TRUE,TRUE,TRUE,"ok","ok","",""
"SchirmerM_2016","Schirmer 2016",17,"balanced","Akkermansia",0.48,0.49,0.47,49,47,8306,TRUE,TRUE,TRUE,FALSE,TRUE,TRUE,TRUE,"ok","ok","",""
"SchirmerM_2016","Schirmer 2016",17,"balanced","Alistipes",0.96,0.94,0.98,94,98,27537,TRUE,TRUE,TRUE,FALSE,TRUE,TRUE,TRUE,"ok","ok","",""
"SchirmerM_2016","Schirmer 2016",17,"balanced","Anaerobutyricum",0.99,1,0.98,100,98,20978,TRUE,TRUE,TRUE,FALSE,TRUE,TRUE,TRUE,"ok","ok","",""
"SchirmerM_2016","Schirmer 2016",17,"balanced","Anaerostipes",0.995,0.99,1,99,100,23161,TRUE,TRUE,TRUE,FALSE,TRUE,TRUE,TRUE,"ok","ok","",""
"SchirmerM_2016","Schirmer 2016",17,"balanced","Bacteroides",0.995,0.99,1,99,100,57238,TRUE,TRUE,TRUE,FALSE,TRUE,TRUE,TRUE,"ok","ok","",""
"SchirmerM_2016","Schirmer 2016",17,"balanced","Barnesiella",0.795,0.79,0.8,79,80,6944,TRUE,TRUE,TRUE,FALSE,TRUE,TRUE,TRUE,"ok","ok","",""
"SchirmerM_2016","Schirmer 2016",17,"balanced","Bifidobacterium",0.98,0.99,0.97,99,97,123175,TRUE,TRUE,TRUE,FALSE,TRUE,TRUE,TRUE,"ok","ok","",""
"SchirmerM_2016","Schirmer 2016",17,"balanced","Blautia",1,1,1,100,100,21244,TRUE,TRUE,FALSE,TRUE,TRUE,TRUE,TRUE,"no_observed_zeros","ok","",""
"SchirmerM_2016","Schirmer 2016",17,"balanced","Collinsella",0.92,0.92,0.92,92,92,38692,TRUE,TRUE,TRUE,FALSE,TRUE,TRUE,TRUE,"ok","ok","",""
"SchirmerM_2016","Schirmer 2016",17,"balanced","Coprococcus",0.97,0.95,0.99,95,99,30535,TRUE,TRUE,TRUE,FALSE,TRUE,TRUE,TRUE,"ok","ok","",""
"SchirmerM_2016","Schirmer 2016",17,"balanced","Dialister",0.535,0.61,0.46,61,46,4966,TRUE,TRUE,TRUE,FALSE,TRUE,TRUE,TRUE,"ok","ok","",""
"SchirmerM_2016","Schirmer 2016",17,"balanced","Dorea",0.995,0.99,1,99,100,33197,TRUE,TRUE,TRUE,FALSE,TRUE,TRUE,TRUE,"ok","ok","",""
"SchirmerM_2016","Schirmer 2016",17,"balanced","Eubacterium",0.975,0.96,0.99,96,99,15896,TRUE,TRUE,TRUE,FALSE,TRUE,TRUE,TRUE,"ok","ok","",""
"SchirmerM_2016","Schirmer 2016",17,"balanced","Faecalibacterium",0.985,0.99,0.98,99,98,58496,TRUE,TRUE,TRUE,FALSE,TRUE,TRUE,TRUE,"ok","ok","",""
"SchirmerM_2016","Schirmer 2016",17,"balanced","Firmicutes_unclassified",0.835,0.85,0.82,85,82,4964,TRUE,TRUE,TRUE,FALSE,TRUE,TRUE,TRUE,"ok","ok","",""
"SchirmerM_2016","Schirmer 2016",17,"balanced","Fusicatenibacter",0.98,0.97,0.99,97,99,31449,TRUE,TRUE,TRUE,FALSE,TRUE,TRUE,TRUE,"ok","ok","",""
"SchirmerM_2016","Schirmer 2016",17,"balanced","Lachnospira",0.855,0.85,0.86,85,86,10109,TRUE,TRUE,TRUE,FALSE,TRUE,TRUE,TRUE,"ok","ok","",""
"SchirmerM_2016","Schirmer 2016",17,"balanced","Lachnospiraceae_unclassified",0.935,0.93,0.94,93,94,43811,TRUE,TRUE,TRUE,FALSE,TRUE,TRUE,TRUE,"ok","ok","",""
"SchirmerM_2016","Schirmer 2016",17,"balanced","Mediterraneibacter",0.995,0.99,1,99,100,25988,TRUE,TRUE,TRUE,FALSE,TRUE,TRUE,TRUE,"ok","ok","",""
"SchirmerM_2016","Schirmer 2016",17,"balanced","Methanobrevibacter",0.375,0.39,0.36,39,36,8709,TRUE,TRUE,TRUE,FALSE,TRUE,TRUE,TRUE,"ok","ok","",""
"SchirmerM_2016","Schirmer 2016",17,"balanced","Oscillibacter",0.815,0.84,0.79,84,79,4438,TRUE,TRUE,TRUE,FALSE,TRUE,TRUE,TRUE,"ok","ok","",""
"SchirmerM_2016","Schirmer 2016",17,"balanced","Parabacteroides",0.955,0.95,0.96,95,96,13537,TRUE,TRUE,TRUE,FALSE,TRUE,TRUE,TRUE,"ok","ok","",""
"SchirmerM_2016","Schirmer 2016",17,"balanced","Phascolarctobacterium",0.505,0.45,0.56,45,56,3561,TRUE,TRUE,TRUE,FALSE,TRUE,TRUE,TRUE,"ok","ok","",""
"SchirmerM_2016","Schirmer 2016",17,"balanced","Phocaeicola",1,1,1,100,100,45473,TRUE,TRUE,FALSE,TRUE,TRUE,TRUE,TRUE,"no_observed_zeros","ok","",""
"SchirmerM_2016","Schirmer 2016",17,"balanced","Prevotella",0.495,0.46,0.53,46,53,51175,TRUE,TRUE,TRUE,FALSE,TRUE,TRUE,TRUE,"ok","ok","",""
"SchirmerM_2016","Schirmer 2016",17,"balanced","Roseburia",0.985,0.98,0.99,98,99,45186,TRUE,TRUE,TRUE,FALSE,TRUE,TRUE,TRUE,"ok","ok","",""
"SchirmerM_2016","Schirmer 2016",17,"balanced","Ruminococcaceae_unclassified",0.69,0.74,0.64,74,64,6780,TRUE,TRUE,TRUE,FALSE,TRUE,TRUE,TRUE,"ok","ok","",""
"SchirmerM_2016","Schirmer 2016",17,"balanced","Ruminococcus",0.895,0.91,0.88,91,88,67364,TRUE,TRUE,TRUE,FALSE,TRUE,TRUE,TRUE,"ok","ok","",""
"SchirmerM_2016","Schirmer 2016",17,"balanced","Streptococcus",0.925,0.94,0.91,94,91,6879,TRUE,TRUE,TRUE,FALSE,TRUE,TRUE,TRUE,"ok","ok","",""
"SchirmerM_2016","Schirmer 2016",17,"fourfold","Agathobaculum",0.87,0.8,0.94,80,94,3701,TRUE,TRUE,TRUE,FALSE,TRUE,TRUE,TRUE,"ok","ok","",""
"SchirmerM_2016","Schirmer 2016",17,"fourfold","Akkermansia",0.455,0.44,0.47,44,47,6810,TRUE,TRUE,TRUE,FALSE,TRUE,TRUE,TRUE,"ok","ok","",""
"SchirmerM_2016","Schirmer 2016",17,"fourfold","Alistipes",0.955,0.93,0.98,93,98,23250,TRUE,TRUE,TRUE,FALSE,TRUE,TRUE,TRUE,"ok","ok","",""
"SchirmerM_2016","Schirmer 2016",17,"fourfold","Anaerobutyricum",0.985,0.99,0.98,99,98,19595,TRUE,TRUE,TRUE,FALSE,TRUE,TRUE,TRUE,"ok","ok","",""
"SchirmerM_2016","Schirmer 2016",17,"fourfold","Anaerostipes",0.99,0.98,1,98,100,22178,TRUE,TRUE,TRUE,FALSE,TRUE,TRUE,TRUE,"ok","ok","",""
"SchirmerM_2016","Schirmer 2016",17,"fourfold","Bacteroides",1,1,1,100,100,51122,TRUE,TRUE,FALSE,TRUE,TRUE,TRUE,TRUE,"no_observed_zeros","ok","",""
"SchirmerM_2016","Schirmer 2016",17,"fourfold","Barnesiella",0.805,0.77,0.84,77,84,6124,TRUE,TRUE,TRUE,FALSE,TRUE,TRUE,TRUE,"ok","ok","",""
"SchirmerM_2016","Schirmer 2016",17,"fourfold","Bifidobacterium",0.99,0.99,0.99,99,99,105412,TRUE,TRUE,TRUE,FALSE,TRUE,TRUE,TRUE,"ok","ok","",""
"SchirmerM_2016","Schirmer 2016",17,"fourfold","Blautia",0.995,0.99,1,99,100,19121,TRUE,TRUE,TRUE,FALSE,TRUE,TRUE,TRUE,"ok","ok","",""
"SchirmerM_2016","Schirmer 2016",17,"fourfold","Collinsella",0.935,0.93,0.94,93,94,33378,TRUE,TRUE,TRUE,FALSE,TRUE,TRUE,TRUE,"ok","ok","",""
"SchirmerM_2016","Schirmer 2016",17,"fourfold","Coprococcus",0.975,0.95,1,95,100,30762,TRUE,TRUE,TRUE,FALSE,TRUE,TRUE,TRUE,"ok","ok","",""
"SchirmerM_2016","Schirmer 2016",17,"fourfold","Dialister",0.52,0.57,0.47,57,47,4266,TRUE,TRUE,TRUE,FALSE,TRUE,TRUE,TRUE,"ok","ok","",""
"SchirmerM_2016","Schirmer 2016",17,"fourfold","Dorea",0.99,0.98,1,98,100,29806,TRUE,TRUE,TRUE,FALSE,TRUE,TRUE,TRUE,"ok","ok","",""
"SchirmerM_2016","Schirmer 2016",17,"fourfold","Eubacterium",0.975,0.97,0.98,97,98,15723,TRUE,TRUE,TRUE,FALSE,TRUE,TRUE,TRUE,"ok","ok","",""
"SchirmerM_2016","Schirmer 2016",17,"fourfold","Faecalibacterium",0.985,0.99,0.98,99,98,56207,TRUE,TRUE,TRUE,FALSE,TRUE,TRUE,TRUE,"ok","ok","",""
"SchirmerM_2016","Schirmer 2016",17,"fourfold","Firmicutes_unclassified",0.805,0.76,0.85,76,85,4005,TRUE,TRUE,TRUE,FALSE,TRUE,TRUE,TRUE,"ok","ok","",""
"SchirmerM_2016","Schirmer 2016",17,"fourfold","Fusicatenibacter",0.975,0.96,0.99,96,99,28883,TRUE,TRUE,TRUE,FALSE,TRUE,TRUE,TRUE,"ok","ok","",""
"SchirmerM_2016","Schirmer 2016",17,"fourfold","Lachnospira",0.835,0.83,0.84,83,84,9628,TRUE,TRUE,TRUE,FALSE,TRUE,TRUE,TRUE,"ok","ok","",""
"SchirmerM_2016","Schirmer 2016",17,"fourfold","Lachnospiraceae_unclassified",0.92,0.88,0.96,88,96,40567,TRUE,TRUE,TRUE,FALSE,TRUE,TRUE,TRUE,"ok","ok","",""
"SchirmerM_2016","Schirmer 2016",17,"fourfold","Mediterraneibacter",0.985,0.98,0.99,98,99,23552,TRUE,TRUE,TRUE,FALSE,TRUE,TRUE,TRUE,"ok","ok","",""
"SchirmerM_2016","Schirmer 2016",17,"fourfold","Methanobrevibacter",0.365,0.37,0.36,37,36,6123,TRUE,TRUE,TRUE,FALSE,TRUE,TRUE,TRUE,"ok","ok","",""
"SchirmerM_2016","Schirmer 2016",17,"fourfold","Oscillibacter",0.8,0.78,0.82,78,82,3989,TRUE,TRUE,TRUE,FALSE,TRUE,TRUE,TRUE,"ok","ok","",""
"SchirmerM_2016","Schirmer 2016",17,"fourfold","Parabacteroides",0.96,0.96,0.96,96,96,11993,TRUE,TRUE,TRUE,FALSE,TRUE,TRUE,TRUE,"ok","ok","",""
"SchirmerM_2016","Schirmer 2016",17,"fourfold","Phascolarctobacterium",0.475,0.39,0.56,39,56,3949,TRUE,TRUE,TRUE,FALSE,TRUE,TRUE,TRUE,"ok","ok","",""
"SchirmerM_2016","Schirmer 2016",17,"fourfold","Phocaeicola",0.995,0.99,1,99,100,38702,TRUE,TRUE,TRUE,FALSE,TRUE,TRUE,TRUE,"ok","ok","",""
"SchirmerM_2016","Schirmer 2016",17,"fourfold","Prevotella",0.5,0.46,0.54,46,54,45948,TRUE,TRUE,TRUE,FALSE,TRUE,TRUE,TRUE,"ok","ok","",""
"SchirmerM_2016","Schirmer 2016",17,"fourfold","Roseburia",0.975,0.95,1,95,100,39555,TRUE,TRUE,TRUE,FALSE,TRUE,TRUE,TRUE,"ok","ok","",""
"SchirmerM_2016","Schirmer 2016",17,"fourfold","Ruminococcaceae_unclassified",0.68,0.64,0.72,64,72,5781,TRUE,TRUE,TRUE,FALSE,TRUE,TRUE,TRUE,"ok","ok","",""
"SchirmerM_2016","Schirmer 2016",17,"fourfold","Ruminococcus",0.9,0.9,0.9,90,90,63090,TRUE,TRUE,TRUE,FALSE,TRUE,TRUE,TRUE,"ok","ok","",""
"SchirmerM_2016","Schirmer 2016",17,"fourfold","Streptococcus",0.88,0.82,0.94,82,94,6638,TRUE,TRUE,TRUE,FALSE,TRUE,TRUE,TRUE,"ok","ok","",""
"SchirmerM_2016","Schirmer 2016",18,"balanced","Agathobaculum",0.93,0.92,0.94,92,94,4015,TRUE,TRUE,TRUE,FALSE,TRUE,TRUE,TRUE,"ok","ok","",""
"SchirmerM_2016","Schirmer 2016",18,"balanced","Akkermansia",0.475,0.52,0.43,52,43,8240,TRUE,TRUE,TRUE,FALSE,TRUE,TRUE,TRUE,"ok","ok","",""
"SchirmerM_2016","Schirmer 2016",18,"balanced","Alistipes",0.945,0.97,0.92,97,92,30918,TRUE,TRUE,TRUE,FALSE,TRUE,TRUE,TRUE,"ok","ok","",""
"SchirmerM_2016","Schirmer 2016",18,"balanced","Anaerobutyricum",0.99,0.99,0.99,99,99,20359,TRUE,TRUE,TRUE,FALSE,TRUE,TRUE,TRUE,"ok","ok","",""
"SchirmerM_2016","Schirmer 2016",18,"balanced","Anaerostipes",0.995,1,0.99,100,99,24297,TRUE,TRUE,TRUE,FALSE,TRUE,TRUE,TRUE,"ok","ok","",""
"SchirmerM_2016","Schirmer 2016",18,"balanced","Bacteroides",1,1,1,100,100,58377,TRUE,TRUE,FALSE,TRUE,TRUE,TRUE,TRUE,"no_observed_zeros","ok","",""
"SchirmerM_2016","Schirmer 2016",18,"balanced","Barnesiella",0.81,0.86,0.76,86,76,6914,TRUE,TRUE,TRUE,FALSE,TRUE,TRUE,TRUE,"ok","ok","",""
"SchirmerM_2016","Schirmer 2016",18,"balanced","Bifidobacterium",0.985,0.98,0.99,98,99,127065,TRUE,TRUE,TRUE,FALSE,TRUE,TRUE,TRUE,"ok","ok","",""
"SchirmerM_2016","Schirmer 2016",18,"balanced","Blautia",1,1,1,100,100,21869,TRUE,TRUE,FALSE,TRUE,TRUE,TRUE,TRUE,"no_observed_zeros","ok","",""
"SchirmerM_2016","Schirmer 2016",18,"balanced","Collinsella",0.92,0.93,0.91,93,91,39610,TRUE,TRUE,TRUE,FALSE,TRUE,TRUE,TRUE,"ok","ok","",""
"SchirmerM_2016","Schirmer 2016",18,"balanced","Coprococcus",0.975,0.97,0.98,97,98,32695,TRUE,TRUE,TRUE,FALSE,TRUE,TRUE,TRUE,"ok","ok","",""
"SchirmerM_2016","Schirmer 2016",18,"balanced","Dialister",0.525,0.52,0.53,52,53,5189,TRUE,TRUE,TRUE,FALSE,TRUE,TRUE,TRUE,"ok","ok","",""
"SchirmerM_2016","Schirmer 2016",18,"balanced","Dorea",0.99,0.99,0.99,99,99,32356,TRUE,TRUE,TRUE,FALSE,TRUE,TRUE,TRUE,"ok","ok","",""
"SchirmerM_2016","Schirmer 2016",18,"balanced","Eubacterium",0.985,0.99,0.98,99,98,16018,TRUE,TRUE,TRUE,FALSE,TRUE,TRUE,TRUE,"ok","ok","",""
"SchirmerM_2016","Schirmer 2016",18,"balanced","Faecalibacterium",0.985,0.99,0.98,99,98,58818,TRUE,TRUE,TRUE,FALSE,TRUE,TRUE,TRUE,"ok","ok","",""
"SchirmerM_2016","Schirmer 2016",18,"balanced","Firmicutes_unclassified",0.855,0.9,0.81,90,81,5104,TRUE,TRUE,TRUE,FALSE,TRUE,TRUE,TRUE,"ok","ok","",""
"SchirmerM_2016","Schirmer 2016",18,"balanced","Fusicatenibacter",0.97,0.99,0.95,99,95,32911,TRUE,TRUE,TRUE,FALSE,TRUE,TRUE,TRUE,"ok","ok","",""
"SchirmerM_2016","Schirmer 2016",18,"balanced","Lachnospira",0.85,0.84,0.86,84,86,10815,TRUE,TRUE,TRUE,FALSE,TRUE,TRUE,TRUE,"ok","ok","",""
"SchirmerM_2016","Schirmer 2016",18,"balanced","Lachnospiraceae_unclassified",0.945,0.96,0.93,96,93,46079,TRUE,TRUE,TRUE,FALSE,TRUE,TRUE,TRUE,"ok","ok","",""
"SchirmerM_2016","Schirmer 2016",18,"balanced","Mediterraneibacter",0.985,0.99,0.98,99,98,25361,TRUE,TRUE,TRUE,FALSE,TRUE,TRUE,TRUE,"ok","ok","",""
"SchirmerM_2016","Schirmer 2016",18,"balanced","Methanobrevibacter",0.37,0.39,0.35,39,35,8111,TRUE,TRUE,TRUE,FALSE,TRUE,TRUE,TRUE,"ok","ok","",""
"SchirmerM_2016","Schirmer 2016",18,"balanced","Oscillibacter",0.82,0.85,0.79,85,79,4619,TRUE,TRUE,TRUE,FALSE,TRUE,TRUE,TRUE,"ok","ok","",""
"SchirmerM_2016","Schirmer 2016",18,"balanced","Parabacteroides",0.96,0.96,0.96,96,96,13818,TRUE,TRUE,TRUE,FALSE,TRUE,TRUE,TRUE,"ok","ok","",""
"SchirmerM_2016","Schirmer 2016",18,"balanced","Phascolarctobacterium",0.49,0.52,0.46,52,46,3832,TRUE,TRUE,TRUE,FALSE,TRUE,TRUE,TRUE,"ok","ok","",""
"SchirmerM_2016","Schirmer 2016",18,"balanced","Phocaeicola",1,1,1,100,100,44719,TRUE,TRUE,FALSE,TRUE,TRUE,TRUE,TRUE,"no_observed_zeros","ok","",""
"SchirmerM_2016","Schirmer 2016",18,"balanced","Prevotella",0.5,0.45,0.55,45,55,59032,TRUE,TRUE,TRUE,FALSE,TRUE,TRUE,TRUE,"ok","ok","",""
"SchirmerM_2016","Schirmer 2016",18,"balanced","Roseburia",0.985,0.98,0.99,98,99,47978,TRUE,TRUE,TRUE,FALSE,TRUE,TRUE,TRUE,"ok","ok","",""
"SchirmerM_2016","Schirmer 2016",18,"balanced","Ruminococcaceae_unclassified",0.715,0.74,0.69,74,69,5538,TRUE,TRUE,TRUE,FALSE,TRUE,TRUE,TRUE,"ok","ok","",""
"SchirmerM_2016","Schirmer 2016",18,"balanced","Ruminococcus",0.9,0.9,0.9,90,90,74425,TRUE,TRUE,TRUE,FALSE,TRUE,TRUE,TRUE,"ok","ok","",""
"SchirmerM_2016","Schirmer 2016",18,"balanced","Streptococcus",0.91,0.96,0.86,96,86,7846,TRUE,TRUE,TRUE,FALSE,TRUE,TRUE,TRUE,"ok","ok","",""
"SchirmerM_2016","Schirmer 2016",18,"fourfold","Agathobaculum",0.88,0.82,0.94,82,94,3795,TRUE,TRUE,TRUE,FALSE,TRUE,TRUE,TRUE,"ok","ok","",""
"SchirmerM_2016","Schirmer 2016",18,"fourfold","Akkermansia",0.465,0.47,0.46,47,46,6280,TRUE,TRUE,TRUE,FALSE,TRUE,TRUE,TRUE,"ok","ok","",""
"SchirmerM_2016","Schirmer 2016",18,"fourfold","Alistipes",0.955,0.97,0.94,97,94,25108,TRUE,TRUE,TRUE,FALSE,TRUE,TRUE,TRUE,"ok","ok","",""
"SchirmerM_2016","Schirmer 2016",18,"fourfold","Anaerobutyricum",0.985,0.98,0.99,98,99,18204,TRUE,TRUE,TRUE,FALSE,TRUE,TRUE,TRUE,"ok","ok","",""
"SchirmerM_2016","Schirmer 2016",18,"fourfold","Anaerostipes",0.99,0.99,0.99,99,99,24232,TRUE,TRUE,TRUE,FALSE,TRUE,TRUE,TRUE,"ok","ok","",""
"SchirmerM_2016","Schirmer 2016",18,"fourfold","Bacteroides",1,1,1,100,100,53665,TRUE,TRUE,FALSE,TRUE,TRUE,TRUE,TRUE,"no_observed_zeros","ok","",""
"SchirmerM_2016","Schirmer 2016",18,"fourfold","Barnesiella",0.785,0.79,0.78,79,78,5761,TRUE,TRUE,TRUE,FALSE,TRUE,TRUE,TRUE,"ok","ok","",""
"SchirmerM_2016","Schirmer 2016",18,"fourfold","Bifidobacterium",0.985,0.97,1,97,100,125571,TRUE,TRUE,TRUE,FALSE,TRUE,TRUE,TRUE,"ok","ok","",""
"SchirmerM_2016","Schirmer 2016",18,"fourfold","Blautia",1,1,1,100,100,23285,TRUE,TRUE,FALSE,TRUE,TRUE,TRUE,TRUE,"no_observed_zeros","ok","",""
"SchirmerM_2016","Schirmer 2016",18,"fourfold","Collinsella",0.93,0.91,0.95,91,95,36776,TRUE,TRUE,TRUE,FALSE,TRUE,TRUE,TRUE,"ok","ok","",""
"SchirmerM_2016","Schirmer 2016",18,"fourfold","Coprococcus",0.975,0.97,0.98,97,98,29746,TRUE,TRUE,TRUE,FALSE,TRUE,TRUE,TRUE,"ok","ok","",""
"SchirmerM_2016","Schirmer 2016",18,"fourfold","Dialister",0.515,0.5,0.53,50,53,4312,TRUE,TRUE,TRUE,FALSE,TRUE,TRUE,TRUE,"ok","ok","",""
"SchirmerM_2016","Schirmer 2016",18,"fourfold","Dorea",0.99,0.99,0.99,99,99,28962,TRUE,TRUE,TRUE,FALSE,TRUE,TRUE,TRUE,"ok","ok","",""
"SchirmerM_2016","Schirmer 2016",18,"fourfold","Eubacterium",0.98,0.97,0.99,97,99,15697,TRUE,TRUE,TRUE,FALSE,TRUE,TRUE,TRUE,"ok","ok","",""
"SchirmerM_2016","Schirmer 2016",18,"fourfold","Faecalibacterium",0.985,0.99,0.98,99,98,54977,TRUE,TRUE,TRUE,FALSE,TRUE,TRUE,TRUE,"ok","ok","",""
"SchirmerM_2016","Schirmer 2016",18,"fourfold","Firmicutes_unclassified",0.83,0.82,0.84,82,84,4072,TRUE,TRUE,TRUE,FALSE,TRUE,TRUE,TRUE,"ok","ok","",""
"SchirmerM_2016","Schirmer 2016",18,"fourfold","Fusicatenibacter",0.975,0.99,0.96,99,96,29725,TRUE,TRUE,TRUE,FALSE,TRUE,TRUE,TRUE,"ok","ok","",""
"SchirmerM_2016","Schirmer 2016",18,"fourfold","Lachnospira",0.845,0.81,0.88,81,88,10130,TRUE,TRUE,TRUE,FALSE,TRUE,TRUE,TRUE,"ok","ok","",""
"SchirmerM_2016","Schirmer 2016",18,"fourfold","Lachnospiraceae_unclassified",0.935,0.94,0.93,94,93,39257,TRUE,TRUE,TRUE,FALSE,TRUE,TRUE,TRUE,"ok","ok","",""
"SchirmerM_2016","Schirmer 2016",18,"fourfold","Mediterraneibacter",0.98,0.98,0.98,98,98,26391,TRUE,TRUE,TRUE,FALSE,TRUE,TRUE,TRUE,"ok","ok","",""
"SchirmerM_2016","Schirmer 2016",18,"fourfold","Methanobrevibacter",0.365,0.37,0.36,37,36,7416,TRUE,TRUE,TRUE,FALSE,TRUE,TRUE,TRUE,"ok","ok","",""
"SchirmerM_2016","Schirmer 2016",18,"fourfold","Oscillibacter",0.795,0.77,0.82,77,82,3639,TRUE,TRUE,TRUE,FALSE,TRUE,TRUE,TRUE,"ok","ok","",""
"SchirmerM_2016","Schirmer 2016",18,"fourfold","Parabacteroides",0.955,0.95,0.96,95,96,13282,TRUE,TRUE,TRUE,FALSE,TRUE,TRUE,TRUE,"ok","ok","",""
"SchirmerM_2016","Schirmer 2016",18,"fourfold","Phascolarctobacterium",0.475,0.48,0.47,48,47,3650,TRUE,TRUE,TRUE,FALSE,TRUE,TRUE,TRUE,"ok","ok","",""
"SchirmerM_2016","Schirmer 2016",18,"fourfold","Phocaeicola",1,1,1,100,100,43118,TRUE,TRUE,FALSE,TRUE,TRUE,TRUE,TRUE,"no_observed_zeros","ok","",""
"SchirmerM_2016","Schirmer 2016",18,"fourfold","Prevotella",0.5,0.43,0.57,43,57,57987,TRUE,TRUE,TRUE,FALSE,TRUE,TRUE,TRUE,"ok","ok","",""
"SchirmerM_2016","Schirmer 2016",18,"fourfold","Roseburia",0.985,0.98,0.99,98,99,41761,TRUE,TRUE,TRUE,FALSE,TRUE,TRUE,TRUE,"ok","ok","",""
"SchirmerM_2016","Schirmer 2016",18,"fourfold","Ruminococcaceae_unclassified",0.63,0.58,0.68,58,68,7041,TRUE,TRUE,TRUE,FALSE,TRUE,TRUE,TRUE,"ok","ok","",""
"SchirmerM_2016","Schirmer 2016",18,"fourfold","Ruminococcus",0.895,0.89,0.9,89,90,63835,TRUE,TRUE,TRUE,FALSE,TRUE,TRUE,TRUE,"ok","ok","",""
"SchirmerM_2016","Schirmer 2016",18,"fourfold","Streptococcus",0.875,0.86,0.89,86,89,6734,TRUE,TRUE,TRUE,FALSE,TRUE,TRUE,TRUE,"ok","ok","",""
"SchirmerM_2016","Schirmer 2016",19,"balanced","Agathobaculum",0.9,0.88,0.92,88,92,3448,TRUE,TRUE,TRUE,FALSE,TRUE,TRUE,TRUE,"ok","ok","",""
"SchirmerM_2016","Schirmer 2016",19,"balanced","Akkermansia",0.47,0.44,0.5,44,50,8114,TRUE,TRUE,TRUE,FALSE,TRUE,TRUE,TRUE,"ok","ok","",""
"SchirmerM_2016","Schirmer 2016",19,"balanced","Alistipes",0.95,0.96,0.94,96,94,26900,TRUE,TRUE,TRUE,FALSE,TRUE,TRUE,TRUE,"ok","ok","",""
"SchirmerM_2016","Schirmer 2016",19,"balanced","Anaerobutyricum",0.99,0.99,0.99,99,99,20063,TRUE,TRUE,TRUE,FALSE,TRUE,TRUE,TRUE,"ok","ok","",""
"SchirmerM_2016","Schirmer 2016",19,"balanced","Anaerostipes",0.995,1,0.99,100,99,23696,TRUE,TRUE,TRUE,FALSE,TRUE,TRUE,TRUE,"ok","ok","",""
"SchirmerM_2016","Schirmer 2016",19,"balanced","Bacteroides",1,1,1,100,100,55569,TRUE,TRUE,FALSE,TRUE,TRUE,TRUE,TRUE,"no_observed_zeros","ok","",""
"SchirmerM_2016","Schirmer 2016",19,"balanced","Barnesiella",0.805,0.82,0.79,82,79,6703,TRUE,TRUE,TRUE,FALSE,TRUE,TRUE,TRUE,"ok","ok","",""
"SchirmerM_2016","Schirmer 2016",19,"balanced","Bifidobacterium",0.985,0.99,0.98,99,98,121459,TRUE,TRUE,TRUE,FALSE,TRUE,TRUE,TRUE,"ok","ok","",""
"SchirmerM_2016","Schirmer 2016",19,"balanced","Blautia",1,1,1,100,100,20072,TRUE,TRUE,FALSE,TRUE,TRUE,TRUE,TRUE,"no_observed_zeros","ok","",""
"SchirmerM_2016","Schirmer 2016",19,"balanced","Collinsella",0.925,0.94,0.91,94,91,36534,TRUE,TRUE,TRUE,FALSE,TRUE,TRUE,TRUE,"ok","ok","",""
"SchirmerM_2016","Schirmer 2016",19,"balanced","Coprococcus",0.97,0.99,0.95,99,95,31768,TRUE,TRUE,TRUE,FALSE,TRUE,TRUE,TRUE,"ok","ok","",""
"SchirmerM_2016","Schirmer 2016",19,"balanced","Dialister",0.525,0.45,0.6,45,60,4831,TRUE,TRUE,TRUE,FALSE,TRUE,TRUE,TRUE,"ok","ok","",""
"SchirmerM_2016","Schirmer 2016",19,"balanced","Dorea",0.99,0.99,0.99,99,99,30964,TRUE,TRUE,TRUE,FALSE,TRUE,TRUE,TRUE,"ok","ok","",""
"SchirmerM_2016","Schirmer 2016",19,"balanced","Eubacterium",0.98,0.98,0.98,98,98,15393,TRUE,TRUE,TRUE,FALSE,TRUE,TRUE,TRUE,"ok","ok","",""
"SchirmerM_2016","Schirmer 2016",19,"balanced","Faecalibacterium",0.985,1,0.97,100,97,57026,TRUE,TRUE,TRUE,FALSE,TRUE,TRUE,TRUE,"ok","ok","",""
"SchirmerM_2016","Schirmer 2016",19,"balanced","Firmicutes_unclassified",0.87,0.88,0.86,88,86,4747,TRUE,TRUE,TRUE,FALSE,TRUE,TRUE,TRUE,"ok","ok","",""
"SchirmerM_2016","Schirmer 2016",19,"balanced","Fusicatenibacter",0.98,0.99,0.97,99,97,32601,TRUE,TRUE,TRUE,FALSE,TRUE,TRUE,TRUE,"ok","ok","",""
"SchirmerM_2016","Schirmer 2016",19,"balanced","Lachnospira",0.85,0.89,0.81,89,81,10249,TRUE,TRUE,TRUE,FALSE,TRUE,TRUE,TRUE,"ok","ok","",""
"SchirmerM_2016","Schirmer 2016",19,"balanced","Lachnospiraceae_unclassified",0.925,0.94,0.91,94,91,39813,TRUE,TRUE,TRUE,FALSE,TRUE,TRUE,TRUE,"ok","ok","",""
"SchirmerM_2016","Schirmer 2016",19,"balanced","Mediterraneibacter",0.985,0.98,0.99,98,99,24291,TRUE,TRUE,TRUE,FALSE,TRUE,TRUE,TRUE,"ok","ok","",""
"SchirmerM_2016","Schirmer 2016",19,"balanced","Methanobrevibacter",0.385,0.43,0.34,43,34,7761,TRUE,TRUE,TRUE,FALSE,TRUE,TRUE,TRUE,"ok","ok","",""
"SchirmerM_2016","Schirmer 2016",19,"balanced","Oscillibacter",0.795,0.82,0.77,82,77,4507,TRUE,TRUE,TRUE,FALSE,TRUE,TRUE,TRUE,"ok","ok","",""
"SchirmerM_2016","Schirmer 2016",19,"balanced","Parabacteroides",0.96,0.99,0.93,99,93,12493,TRUE,TRUE,TRUE,FALSE,TRUE,TRUE,TRUE,"ok","ok","",""
"SchirmerM_2016","Schirmer 2016",19,"balanced","Phascolarctobacterium",0.47,0.57,0.37,57,37,4118,TRUE,TRUE,TRUE,FALSE,TRUE,TRUE,TRUE,"ok","ok","",""
"SchirmerM_2016","Schirmer 2016",19,"balanced","Phocaeicola",1,1,1,100,100,42109,TRUE,TRUE,FALSE,TRUE,TRUE,TRUE,TRUE,"no_observed_zeros","ok","",""
"SchirmerM_2016","Schirmer 2016",19,"balanced","Prevotella",0.505,0.52,0.49,52,49,52847,TRUE,TRUE,TRUE,FALSE,TRUE,TRUE,TRUE,"ok","ok","",""
"SchirmerM_2016","Schirmer 2016",19,"balanced","Roseburia",0.985,0.98,0.99,98,99,42330,TRUE,TRUE,TRUE,FALSE,TRUE,TRUE,TRUE,"ok","ok","",""
"SchirmerM_2016","Schirmer 2016",19,"balanced","Ruminococcaceae_unclassified",0.68,0.64,0.72,64,72,5493,TRUE,TRUE,TRUE,FALSE,TRUE,TRUE,TRUE,"ok","ok","",""
"SchirmerM_2016","Schirmer 2016",19,"balanced","Ruminococcus",0.9,0.91,0.89,91,89,65153,TRUE,TRUE,TRUE,FALSE,TRUE,TRUE,TRUE,"ok","ok","",""
"SchirmerM_2016","Schirmer 2016",19,"balanced","Streptococcus",0.92,0.94,0.9,94,90,7109,TRUE,TRUE,TRUE,FALSE,TRUE,TRUE,TRUE,"ok","ok","",""
"SchirmerM_2016","Schirmer 2016",19,"fourfold","Agathobaculum",0.865,0.78,0.95,78,95,3647,TRUE,TRUE,TRUE,FALSE,TRUE,TRUE,TRUE,"ok","ok","",""
"SchirmerM_2016","Schirmer 2016",19,"fourfold","Akkermansia",0.46,0.4,0.52,40,52,9319,TRUE,TRUE,TRUE,FALSE,TRUE,TRUE,TRUE,"ok","ok","",""
"SchirmerM_2016","Schirmer 2016",19,"fourfold","Alistipes",0.96,0.96,0.96,96,96,27347,TRUE,TRUE,TRUE,FALSE,TRUE,TRUE,TRUE,"ok","ok","",""
"SchirmerM_2016","Schirmer 2016",19,"fourfold","Anaerobutyricum",0.99,0.99,0.99,99,99,18144,TRUE,TRUE,TRUE,FALSE,TRUE,TRUE,TRUE,"ok","ok","",""
"SchirmerM_2016","Schirmer 2016",19,"fourfold","Anaerostipes",0.99,0.99,0.99,99,99,21859,TRUE,TRUE,TRUE,FALSE,TRUE,TRUE,TRUE,"ok","ok","",""
"SchirmerM_2016","Schirmer 2016",19,"fourfold","Bacteroides",1,1,1,100,100,55405,TRUE,TRUE,FALSE,TRUE,TRUE,TRUE,TRUE,"no_observed_zeros","ok","",""
"SchirmerM_2016","Schirmer 2016",19,"fourfold","Barnesiella",0.785,0.79,0.78,79,78,6702,TRUE,TRUE,TRUE,FALSE,TRUE,TRUE,TRUE,"ok","ok","",""
"SchirmerM_2016","Schirmer 2016",19,"fourfold","Bifidobacterium",0.98,0.98,0.98,98,98,113522,TRUE,TRUE,TRUE,FALSE,TRUE,TRUE,TRUE,"ok","ok","",""
"SchirmerM_2016","Schirmer 2016",19,"fourfold","Blautia",0.995,0.99,1,99,100,18268,TRUE,TRUE,FALSE,TRUE,TRUE,TRUE,TRUE,"structural_absence_boundary_at_zero","ok","",""
"SchirmerM_2016","Schirmer 2016",19,"fourfold","Collinsella",0.925,0.94,0.91,94,91,34831,TRUE,TRUE,TRUE,FALSE,TRUE,TRUE,TRUE,"ok","ok","",""
"SchirmerM_2016","Schirmer 2016",19,"fourfold","Coprococcus",0.98,0.99,0.97,99,97,28165,TRUE,TRUE,TRUE,FALSE,TRUE,TRUE,TRUE,"ok","ok","",""
"SchirmerM_2016","Schirmer 2016",19,"fourfold","Dialister",0.54,0.46,0.62,46,62,4224,TRUE,TRUE,TRUE,FALSE,TRUE,TRUE,TRUE,"ok","ok","",""
"SchirmerM_2016","Schirmer 2016",19,"fourfold","Dorea",0.99,0.99,0.99,99,99,29573,TRUE,TRUE,TRUE,FALSE,TRUE,TRUE,TRUE,"ok","ok","",""
"SchirmerM_2016","Schirmer 2016",19,"fourfold","Eubacterium",0.955,0.93,0.98,93,98,14798,TRUE,TRUE,TRUE,FALSE,TRUE,TRUE,TRUE,"ok","ok","",""
"SchirmerM_2016","Schirmer 2016",19,"fourfold","Faecalibacterium",0.985,1,0.97,100,97,53452,TRUE,TRUE,TRUE,FALSE,TRUE,TRUE,TRUE,"ok","ok","",""
"SchirmerM_2016","Schirmer 2016",19,"fourfold","Firmicutes_unclassified",0.795,0.74,0.85,74,85,5033,TRUE,TRUE,TRUE,FALSE,TRUE,TRUE,TRUE,"ok","ok","",""
"SchirmerM_2016","Schirmer 2016",19,"fourfold","Fusicatenibacter",0.975,0.99,0.96,99,96,29729,TRUE,TRUE,TRUE,FALSE,TRUE,TRUE,TRUE,"ok","ok","",""
"SchirmerM_2016","Schirmer 2016",19,"fourfold","Lachnospira",0.835,0.84,0.83,84,83,9829,TRUE,TRUE,TRUE,FALSE,TRUE,TRUE,TRUE,"ok","ok","",""
"SchirmerM_2016","Schirmer 2016",19,"fourfold","Lachnospiraceae_unclassified",0.925,0.92,0.93,92,93,39337,TRUE,TRUE,TRUE,FALSE,TRUE,TRUE,TRUE,"ok","ok","",""
"SchirmerM_2016","Schirmer 2016",19,"fourfold","Mediterraneibacter",0.985,0.99,0.98,99,98,21040,TRUE,TRUE,TRUE,FALSE,TRUE,TRUE,TRUE,"ok","ok","",""
"SchirmerM_2016","Schirmer 2016",19,"fourfold","Methanobrevibacter",0.36,0.37,0.35,37,35,7428,TRUE,TRUE,TRUE,FALSE,TRUE,TRUE,TRUE,"ok","ok","",""
"SchirmerM_2016","Schirmer 2016",19,"fourfold","Oscillibacter",0.795,0.74,0.85,74,85,4658,TRUE,TRUE,TRUE,FALSE,TRUE,TRUE,TRUE,"ok","ok","",""
"SchirmerM_2016","Schirmer 2016",19,"fourfold","Parabacteroides",0.945,0.96,0.93,96,93,12514,TRUE,TRUE,TRUE,FALSE,TRUE,TRUE,TRUE,"ok","ok","",""
"SchirmerM_2016","Schirmer 2016",19,"fourfold","Phascolarctobacterium",0.47,0.56,0.38,56,38,3425,TRUE,TRUE,TRUE,FALSE,TRUE,TRUE,TRUE,"ok","ok","",""
"SchirmerM_2016","Schirmer 2016",19,"fourfold","Phocaeicola",1,1,1,100,100,38264,TRUE,TRUE,FALSE,TRUE,TRUE,TRUE,TRUE,"no_observed_zeros","ok","",""
"SchirmerM_2016","Schirmer 2016",19,"fourfold","Prevotella",0.505,0.51,0.5,51,50,51113,TRUE,TRUE,TRUE,FALSE,TRUE,TRUE,TRUE,"ok","ok","",""
"SchirmerM_2016","Schirmer 2016",19,"fourfold","Roseburia",0.985,0.98,0.99,98,99,40145,TRUE,TRUE,TRUE,FALSE,TRUE,TRUE,TRUE,"ok","ok","",""
"SchirmerM_2016","Schirmer 2016",19,"fourfold","Ruminococcaceae_unclassified",0.625,0.52,0.73,52,73,5822,TRUE,TRUE,TRUE,FALSE,TRUE,TRUE,TRUE,"ok","ok","",""
"SchirmerM_2016","Schirmer 2016",19,"fourfold","Ruminococcus",0.895,0.91,0.88,91,88,59409,TRUE,TRUE,TRUE,FALSE,TRUE,TRUE,TRUE,"ok","ok","",""
"SchirmerM_2016","Schirmer 2016",19,"fourfold","Streptococcus",0.89,0.9,0.88,90,88,6026,TRUE,TRUE,TRUE,FALSE,TRUE,TRUE,TRUE,"ok","ok","",""
"SchirmerM_2016","Schirmer 2016",20,"balanced","Agathobaculum",0.91,0.93,0.89,93,89,3903,TRUE,TRUE,TRUE,FALSE,TRUE,TRUE,TRUE,"ok","ok","",""
"SchirmerM_2016","Schirmer 2016",20,"balanced","Akkermansia",0.475,0.49,0.46,49,46,9317,TRUE,TRUE,TRUE,FALSE,TRUE,TRUE,TRUE,"ok","ok","",""
"SchirmerM_2016","Schirmer 2016",20,"balanced","Alistipes",0.955,0.96,0.95,96,95,28787,TRUE,TRUE,TRUE,FALSE,TRUE,TRUE,TRUE,"ok","ok","",""
"SchirmerM_2016","Schirmer 2016",20,"balanced","Anaerobutyricum",0.99,0.99,0.99,99,99,20412,TRUE,TRUE,TRUE,FALSE,TRUE,TRUE,TRUE,"ok","ok","",""
"SchirmerM_2016","Schirmer 2016",20,"balanced","Anaerostipes",0.995,0.99,1,99,100,24422,TRUE,TRUE,TRUE,FALSE,TRUE,TRUE,TRUE,"ok","ok","",""
"SchirmerM_2016","Schirmer 2016",20,"balanced","Bacteroides",1,1,1,100,100,56623,TRUE,TRUE,FALSE,TRUE,TRUE,TRUE,TRUE,"no_observed_zeros","ok","",""
"SchirmerM_2016","Schirmer 2016",20,"balanced","Barnesiella",0.82,0.82,0.82,82,82,6919,TRUE,TRUE,TRUE,FALSE,TRUE,TRUE,TRUE,"ok","ok","",""
"SchirmerM_2016","Schirmer 2016",20,"balanced","Bifidobacterium",0.975,0.96,0.99,96,99,120551,TRUE,TRUE,TRUE,FALSE,TRUE,TRUE,TRUE,"ok","ok","",""
"SchirmerM_2016","Schirmer 2016",20,"balanced","Blautia",1,1,1,100,100,21545,TRUE,TRUE,FALSE,TRUE,TRUE,TRUE,TRUE,"no_observed_zeros","ok","",""
"SchirmerM_2016","Schirmer 2016",20,"balanced","Collinsella",0.93,0.92,0.94,92,94,37159,TRUE,TRUE,TRUE,FALSE,TRUE,TRUE,TRUE,"ok","ok","",""
"SchirmerM_2016","Schirmer 2016",20,"balanced","Coprococcus",0.97,0.97,0.97,97,97,30724,TRUE,TRUE,TRUE,FALSE,TRUE,TRUE,TRUE,"ok","ok","",""
"SchirmerM_2016","Schirmer 2016",20,"balanced","Dialister",0.535,0.5,0.57,50,57,4528,TRUE,TRUE,TRUE,FALSE,TRUE,TRUE,TRUE,"ok","ok","",""
"SchirmerM_2016","Schirmer 2016",20,"balanced","Dorea",0.99,0.98,1,98,100,32443,TRUE,TRUE,TRUE,FALSE,TRUE,TRUE,TRUE,"ok","ok","",""
"SchirmerM_2016","Schirmer 2016",20,"balanced","Eubacterium",0.985,0.99,0.98,99,98,16615,TRUE,TRUE,TRUE,FALSE,TRUE,TRUE,TRUE,"ok","ok","",""
"SchirmerM_2016","Schirmer 2016",20,"balanced","Faecalibacterium",0.985,0.97,1,97,100,57351,TRUE,TRUE,TRUE,FALSE,TRUE,TRUE,TRUE,"ok","ok","",""
"SchirmerM_2016","Schirmer 2016",20,"balanced","Firmicutes_unclassified",0.85,0.84,0.86,84,86,5599,TRUE,TRUE,TRUE,FALSE,TRUE,TRUE,TRUE,"ok","ok","",""
"SchirmerM_2016","Schirmer 2016",20,"balanced","Fusicatenibacter",0.98,0.96,1,96,100,32615,TRUE,TRUE,TRUE,FALSE,TRUE,TRUE,TRUE,"ok","ok","",""
"SchirmerM_2016","Schirmer 2016",20,"balanced","Lachnospira",0.86,0.88,0.84,88,84,9275,TRUE,TRUE,TRUE,FALSE,TRUE,TRUE,TRUE,"ok","ok","",""
"SchirmerM_2016","Schirmer 2016",20,"balanced","Lachnospiraceae_unclassified",0.92,0.92,0.92,92,92,44720,TRUE,TRUE,TRUE,FALSE,TRUE,TRUE,TRUE,"ok","ok","",""
"SchirmerM_2016","Schirmer 2016",20,"balanced","Mediterraneibacter",0.985,0.99,0.98,99,98,24001,TRUE,TRUE,TRUE,FALSE,TRUE,TRUE,TRUE,"ok","ok","",""
"SchirmerM_2016","Schirmer 2016",20,"balanced","Methanobrevibacter",0.36,0.38,0.34,38,34,7451,TRUE,TRUE,TRUE,FALSE,TRUE,TRUE,TRUE,"ok","ok","",""
"SchirmerM_2016","Schirmer 2016",20,"balanced","Oscillibacter",0.82,0.84,0.8,84,80,4490,TRUE,TRUE,TRUE,FALSE,TRUE,TRUE,TRUE,"ok","ok","",""
"SchirmerM_2016","Schirmer 2016",20,"balanced","Parabacteroides",0.965,0.98,0.95,98,95,12974,TRUE,TRUE,TRUE,FALSE,TRUE,TRUE,TRUE,"ok","ok","",""
"SchirmerM_2016","Schirmer 2016",20,"balanced","Phascolarctobacterium",0.505,0.51,0.5,51,50,4071,TRUE,TRUE,TRUE,FALSE,TRUE,TRUE,TRUE,"ok","ok","",""
"SchirmerM_2016","Schirmer 2016",20,"balanced","Phocaeicola",1,1,1,100,100,43367,TRUE,TRUE,FALSE,TRUE,TRUE,TRUE,TRUE,"no_observed_zeros","ok","",""
"SchirmerM_2016","Schirmer 2016",20,"balanced","Prevotella",0.49,0.49,0.49,49,49,52126,TRUE,TRUE,TRUE,FALSE,TRUE,TRUE,TRUE,"ok","ok","",""
"SchirmerM_2016","Schirmer 2016",20,"balanced","Roseburia",0.985,0.98,0.99,98,99,45299,TRUE,TRUE,TRUE,FALSE,TRUE,TRUE,TRUE,"ok","ok","",""
"SchirmerM_2016","Schirmer 2016",20,"balanced","Ruminococcaceae_unclassified",0.69,0.69,0.69,69,69,6322,TRUE,TRUE,TRUE,FALSE,TRUE,TRUE,TRUE,"ok","ok","",""
"SchirmerM_2016","Schirmer 2016",20,"balanced","Ruminococcus",0.905,0.89,0.92,89,92,67696,TRUE,TRUE,TRUE,FALSE,TRUE,TRUE,TRUE,"ok","ok","",""
"SchirmerM_2016","Schirmer 2016",20,"balanced","Streptococcus",0.92,0.92,0.92,92,92,7664,TRUE,TRUE,TRUE,FALSE,TRUE,TRUE,TRUE,"ok","ok","",""
"SchirmerM_2016","Schirmer 2016",20,"fourfold","Agathobaculum",0.885,0.84,0.93,84,93,3556,TRUE,TRUE,TRUE,FALSE,TRUE,TRUE,TRUE,"ok","ok","",""
"SchirmerM_2016","Schirmer 2016",20,"fourfold","Akkermansia",0.465,0.47,0.46,47,46,7161,TRUE,TRUE,TRUE,FALSE,TRUE,TRUE,TRUE,"ok","ok","",""
"SchirmerM_2016","Schirmer 2016",20,"fourfold","Alistipes",0.94,0.91,0.97,91,97,29799,TRUE,TRUE,TRUE,FALSE,TRUE,TRUE,TRUE,"ok","ok","",""
"SchirmerM_2016","Schirmer 2016",20,"fourfold","Anaerobutyricum",0.99,0.99,0.99,99,99,18790,TRUE,TRUE,TRUE,FALSE,TRUE,TRUE,TRUE,"ok","ok","",""
"SchirmerM_2016","Schirmer 2016",20,"fourfold","Anaerostipes",0.995,0.99,1,99,100,21746,TRUE,TRUE,TRUE,FALSE,TRUE,TRUE,TRUE,"ok","ok","",""
"SchirmerM_2016","Schirmer 2016",20,"fourfold","Bacteroides",1,1,1,100,100,50600,TRUE,TRUE,FALSE,TRUE,TRUE,TRUE,TRUE,"no_observed_zeros","ok","",""
"SchirmerM_2016","Schirmer 2016",20,"fourfold","Barnesiella",0.785,0.77,0.8,77,80,7053,TRUE,TRUE,TRUE,FALSE,TRUE,TRUE,TRUE,"ok","ok","",""
"SchirmerM_2016","Schirmer 2016",20,"fourfold","Bifidobacterium",0.98,0.96,1,96,100,120606,TRUE,TRUE,TRUE,FALSE,TRUE,TRUE,TRUE,"ok","ok","",""
"SchirmerM_2016","Schirmer 2016",20,"fourfold","Blautia",1,1,1,100,100,20079,TRUE,TRUE,FALSE,TRUE,TRUE,TRUE,TRUE,"no_observed_zeros","ok","",""
"SchirmerM_2016","Schirmer 2016",20,"fourfold","Collinsella",0.93,0.9,0.96,90,96,37854,TRUE,TRUE,TRUE,FALSE,TRUE,TRUE,TRUE,"ok","ok","",""
"SchirmerM_2016","Schirmer 2016",20,"fourfold","Coprococcus",0.97,0.97,0.97,97,97,28965,TRUE,TRUE,TRUE,FALSE,TRUE,TRUE,TRUE,"ok","ok","",""
"SchirmerM_2016","Schirmer 2016",20,"fourfold","Dialister",0.485,0.42,0.55,42,55,5365,TRUE,TRUE,TRUE,FALSE,TRUE,TRUE,TRUE,"ok","ok","",""
"SchirmerM_2016","Schirmer 2016",20,"fourfold","Dorea",0.995,0.99,1,99,100,30610,TRUE,TRUE,TRUE,FALSE,TRUE,TRUE,TRUE,"ok","ok","",""
"SchirmerM_2016","Schirmer 2016",20,"fourfold","Eubacterium",0.98,0.97,0.99,97,99,15771,TRUE,TRUE,TRUE,FALSE,TRUE,TRUE,TRUE,"ok","ok","",""
"SchirmerM_2016","Schirmer 2016",20,"fourfold","Faecalibacterium",0.985,0.97,1,97,100,56200,TRUE,TRUE,TRUE,FALSE,TRUE,TRUE,TRUE,"ok","ok","",""
"SchirmerM_2016","Schirmer 2016",20,"fourfold","Firmicutes_unclassified",0.83,0.78,0.88,78,88,4439,TRUE,TRUE,TRUE,FALSE,TRUE,TRUE,TRUE,"ok","ok","",""
"SchirmerM_2016","Schirmer 2016",20,"fourfold","Fusicatenibacter",0.975,0.95,1,95,100,30953,TRUE,TRUE,TRUE,FALSE,TRUE,TRUE,TRUE,"ok","ok","",""
"SchirmerM_2016","Schirmer 2016",20,"fourfold","Lachnospira",0.84,0.86,0.82,86,82,8872,TRUE,TRUE,TRUE,FALSE,TRUE,TRUE,TRUE,"ok","ok","",""
"SchirmerM_2016","Schirmer 2016",20,"fourfold","Lachnospiraceae_unclassified",0.915,0.89,0.94,89,94,40549,TRUE,TRUE,TRUE,FALSE,TRUE,TRUE,TRUE,"ok","ok","",""
"SchirmerM_2016","Schirmer 2016",20,"fourfold","Mediterraneibacter",0.985,0.98,0.99,98,99,22161,TRUE,TRUE,TRUE,FALSE,TRUE,TRUE,TRUE,"ok","ok","",""
"SchirmerM_2016","Schirmer 2016",20,"fourfold","Methanobrevibacter",0.355,0.35,0.36,35,36,6392,TRUE,TRUE,TRUE,FALSE,TRUE,TRUE,TRUE,"ok","ok","",""
"SchirmerM_2016","Schirmer 2016",20,"fourfold","Oscillibacter",0.8,0.79,0.81,79,81,4353,TRUE,TRUE,TRUE,FALSE,TRUE,TRUE,TRUE,"ok","ok","",""
"SchirmerM_2016","Schirmer 2016",20,"fourfold","Parabacteroides",0.955,0.96,0.95,96,95,13278,TRUE,TRUE,TRUE,FALSE,TRUE,TRUE,TRUE,"ok","ok","",""
"SchirmerM_2016","Schirmer 2016",20,"fourfold","Phascolarctobacterium",0.47,0.47,0.47,47,47,3232,TRUE,TRUE,TRUE,FALSE,TRUE,TRUE,TRUE,"ok","ok","",""
"SchirmerM_2016","Schirmer 2016",20,"fourfold","Phocaeicola",1,1,1,100,100,37669,TRUE,TRUE,FALSE,TRUE,TRUE,TRUE,TRUE,"no_observed_zeros","ok","",""
"SchirmerM_2016","Schirmer 2016",20,"fourfold","Prevotella",0.495,0.47,0.52,47,52,49525,TRUE,TRUE,TRUE,FALSE,TRUE,TRUE,TRUE,"ok","ok","",""
"SchirmerM_2016","Schirmer 2016",20,"fourfold","Roseburia",0.99,0.99,0.99,99,99,40196,TRUE,TRUE,TRUE,FALSE,TRUE,TRUE,TRUE,"ok","ok","",""
"SchirmerM_2016","Schirmer 2016",20,"fourfold","Ruminococcaceae_unclassified",0.69,0.66,0.72,66,72,4384,TRUE,TRUE,TRUE,FALSE,TRUE,TRUE,TRUE,"ok","ok","",""
"SchirmerM_2016","Schirmer 2016",20,"fourfold","Ruminococcus",0.885,0.87,0.9,87,90,73327,TRUE,TRUE,TRUE,FALSE,TRUE,TRUE,TRUE,"ok","ok","",""
"SchirmerM_2016","Schirmer 2016",20,"fourfold","Streptococcus",0.89,0.82,0.96,82,96,7087,TRUE,TRUE,TRUE,FALSE,TRUE,TRUE,TRUE,"ok","ok","",""
"SchirmerM_2016","Schirmer 2016",21,"balanced","Agathobaculum",0.89,0.88,0.9,88,90,3645,TRUE,TRUE,TRUE,FALSE,TRUE,TRUE,TRUE,"ok","ok","",""
"SchirmerM_2016","Schirmer 2016",21,"balanced","Akkermansia",0.465,0.47,0.46,47,46,7570,TRUE,TRUE,TRUE,FALSE,TRUE,TRUE,TRUE,"ok","ok","",""
"SchirmerM_2016","Schirmer 2016",21,"balanced","Alistipes",0.96,0.95,0.97,95,97,26343,TRUE,TRUE,TRUE,FALSE,TRUE,TRUE,TRUE,"ok","ok","",""
"SchirmerM_2016","Schirmer 2016",21,"balanced","Anaerobutyricum",0.99,0.98,1,98,100,19002,TRUE,TRUE,TRUE,FALSE,TRUE,TRUE,TRUE,"ok","ok","",""
"SchirmerM_2016","Schirmer 2016",21,"balanced","Anaerostipes",0.995,0.99,1,99,100,22393,TRUE,TRUE,TRUE,FALSE,TRUE,TRUE,TRUE,"ok","ok","",""
"SchirmerM_2016","Schirmer 2016",21,"balanced","Bacteroides",1,1,1,100,100,51598,TRUE,TRUE,FALSE,TRUE,TRUE,TRUE,TRUE,"no_observed_zeros","ok","",""
"SchirmerM_2016","Schirmer 2016",21,"balanced","Barnesiella",0.805,0.76,0.85,76,85,6317,TRUE,TRUE,TRUE,FALSE,TRUE,TRUE,TRUE,"ok","ok","",""
"SchirmerM_2016","Schirmer 2016",21,"balanced","Bifidobacterium",0.975,0.97,0.98,97,98,119924,TRUE,TRUE,TRUE,FALSE,TRUE,TRUE,TRUE,"ok","ok","",""
"SchirmerM_2016","Schirmer 2016",21,"balanced","Blautia",1,1,1,100,100,20252,TRUE,TRUE,FALSE,TRUE,TRUE,TRUE,TRUE,"no_observed_zeros","ok","",""
"SchirmerM_2016","Schirmer 2016",21,"balanced","Collinsella",0.93,0.93,0.93,93,93,37259,TRUE,TRUE,TRUE,FALSE,TRUE,TRUE,TRUE,"ok","ok","",""
"SchirmerM_2016","Schirmer 2016",21,"balanced","Coprococcus",0.98,0.98,0.98,98,98,29382,TRUE,TRUE,TRUE,FALSE,TRUE,TRUE,TRUE,"ok","ok","",""
"SchirmerM_2016","Schirmer 2016",21,"balanced","Dialister",0.525,0.57,0.48,57,48,4718,TRUE,TRUE,TRUE,FALSE,TRUE,TRUE,TRUE,"ok","ok","",""
"SchirmerM_2016","Schirmer 2016",21,"balanced","Dorea",0.99,0.99,0.99,99,99,30237,TRUE,TRUE,TRUE,FALSE,TRUE,TRUE,TRUE,"ok","ok","",""
"SchirmerM_2016","Schirmer 2016",21,"balanced","Eubacterium",0.98,0.97,0.99,97,99,15316,TRUE,TRUE,TRUE,FALSE,TRUE,TRUE,TRUE,"ok","ok","",""
"SchirmerM_2016","Schirmer 2016",21,"balanced","Faecalibacterium",0.985,0.98,0.99,98,99,54940,TRUE,TRUE,TRUE,FALSE,TRUE,TRUE,TRUE,"ok","ok","",""
"SchirmerM_2016","Schirmer 2016",21,"balanced","Firmicutes_unclassified",0.82,0.78,0.86,78,86,5249,TRUE,TRUE,TRUE,FALSE,TRUE,TRUE,TRUE,"ok","ok","",""
"SchirmerM_2016","Schirmer 2016",21,"balanced","Fusicatenibacter",0.975,0.97,0.98,97,98,30310,TRUE,TRUE,TRUE,FALSE,TRUE,TRUE,TRUE,"ok","ok","",""
"SchirmerM_2016","Schirmer 2016",21,"balanced","Lachnospira",0.855,0.83,0.88,83,88,9475,TRUE,TRUE,TRUE,FALSE,TRUE,TRUE,TRUE,"ok","ok","",""
"SchirmerM_2016","Schirmer 2016",21,"balanced","Lachnospiraceae_unclassified",0.94,0.96,0.92,96,92,43554,TRUE,TRUE,TRUE,FALSE,TRUE,TRUE,TRUE,"ok","ok","",""
"SchirmerM_2016","Schirmer 2016",21,"balanced","Mediterraneibacter",0.985,0.99,0.98,99,98,25135,TRUE,TRUE,TRUE,FALSE,TRUE,TRUE,TRUE,"ok","ok","",""
"SchirmerM_2016","Schirmer 2016",21,"balanced","Methanobrevibacter",0.38,0.4,0.36,40,36,8320,TRUE,TRUE,TRUE,FALSE,TRUE,TRUE,TRUE,"ok","ok","",""
"SchirmerM_2016","Schirmer 2016",21,"balanced","Oscillibacter",0.81,0.79,0.83,79,83,4238,TRUE,TRUE,TRUE,FALSE,TRUE,TRUE,TRUE,"ok","ok","",""
"SchirmerM_2016","Schirmer 2016",21,"balanced","Parabacteroides",0.965,0.99,0.94,99,94,13022,TRUE,TRUE,TRUE,FALSE,TRUE,TRUE,TRUE,"ok","ok","",""
"SchirmerM_2016","Schirmer 2016",21,"balanced","Phascolarctobacterium",0.475,0.45,0.5,45,50,3754,TRUE,TRUE,TRUE,FALSE,TRUE,TRUE,TRUE,"ok","ok","",""
"SchirmerM_2016","Schirmer 2016",21,"balanced","Phocaeicola",1,1,1,100,100,38957,TRUE,TRUE,FALSE,TRUE,TRUE,TRUE,TRUE,"no_observed_zeros","ok","",""
"SchirmerM_2016","Schirmer 2016",21,"balanced","Prevotella",0.51,0.45,0.57,45,57,54120,TRUE,TRUE,TRUE,FALSE,TRUE,TRUE,TRUE,"ok","ok","",""
"SchirmerM_2016","Schirmer 2016",21,"balanced","Roseburia",0.985,0.99,0.98,99,98,40974,TRUE,TRUE,TRUE,FALSE,TRUE,TRUE,TRUE,"ok","ok","",""
"SchirmerM_2016","Schirmer 2016",21,"balanced","Ruminococcaceae_unclassified",0.71,0.71,0.71,71,71,4988,TRUE,TRUE,TRUE,FALSE,TRUE,TRUE,TRUE,"ok","ok","",""
"SchirmerM_2016","Schirmer 2016",21,"balanced","Ruminococcus",0.9,0.89,0.91,89,91,62454,TRUE,TRUE,TRUE,FALSE,TRUE,TRUE,TRUE,"ok","ok","",""
"SchirmerM_2016","Schirmer 2016",21,"balanced","Streptococcus",0.925,0.92,0.93,92,93,6476,TRUE,TRUE,TRUE,FALSE,TRUE,TRUE,TRUE,"ok","ok","",""
"SchirmerM_2016","Schirmer 2016",21,"fourfold","Agathobaculum",0.88,0.81,0.95,81,95,3357,TRUE,TRUE,TRUE,FALSE,TRUE,TRUE,TRUE,"ok","ok","",""
"SchirmerM_2016","Schirmer 2016",21,"fourfold","Akkermansia",0.445,0.42,0.47,42,47,6319,TRUE,TRUE,TRUE,FALSE,TRUE,TRUE,TRUE,"ok","ok","",""
"SchirmerM_2016","Schirmer 2016",21,"fourfold","Alistipes",0.945,0.92,0.97,92,97,26756,TRUE,TRUE,TRUE,FALSE,TRUE,TRUE,TRUE,"ok","ok","",""
"SchirmerM_2016","Schirmer 2016",21,"fourfold","Anaerobutyricum",0.99,0.98,1,98,100,18650,TRUE,TRUE,TRUE,FALSE,TRUE,TRUE,TRUE,"ok","ok","",""
"SchirmerM_2016","Schirmer 2016",21,"fourfold","Anaerostipes",0.995,0.99,1,99,100,20705,TRUE,TRUE,TRUE,FALSE,TRUE,TRUE,TRUE,"ok","ok","",""
"SchirmerM_2016","Schirmer 2016",21,"fourfold","Bacteroides",0.995,0.99,1,99,100,48334,TRUE,TRUE,TRUE,FALSE,TRUE,TRUE,TRUE,"ok","ok","",""
"SchirmerM_2016","Schirmer 2016",21,"fourfold","Barnesiella",0.79,0.73,0.85,73,85,6001,TRUE,TRUE,TRUE,FALSE,TRUE,TRUE,TRUE,"ok","ok","",""
"SchirmerM_2016","Schirmer 2016",21,"fourfold","Bifidobacterium",0.98,0.98,0.98,98,98,102706,TRUE,TRUE,TRUE,FALSE,TRUE,TRUE,TRUE,"ok","ok","",""
"SchirmerM_2016","Schirmer 2016",21,"fourfold","Blautia",0.995,0.99,1,99,100,21425,TRUE,TRUE,TRUE,FALSE,TRUE,TRUE,TRUE,"ok","ok","",""
"SchirmerM_2016","Schirmer 2016",21,"fourfold","Collinsella",0.925,0.92,0.93,92,93,33056,TRUE,TRUE,TRUE,FALSE,TRUE,TRUE,TRUE,"ok","ok","",""
"SchirmerM_2016","Schirmer 2016",21,"fourfold","Coprococcus",0.97,0.96,0.98,96,98,28614,TRUE,TRUE,TRUE,FALSE,TRUE,TRUE,TRUE,"ok","ok","",""
"SchirmerM_2016","Schirmer 2016",21,"fourfold","Dialister",0.515,0.53,0.5,53,50,5061,TRUE,TRUE,TRUE,FALSE,TRUE,TRUE,TRUE,"ok","ok","",""
"SchirmerM_2016","Schirmer 2016",21,"fourfold","Dorea",0.99,0.99,0.99,99,99,29418,TRUE,TRUE,TRUE,FALSE,TRUE,TRUE,TRUE,"ok","ok","",""
"SchirmerM_2016","Schirmer 2016",21,"fourfold","Eubacterium",0.975,0.95,1,95,100,15426,TRUE,TRUE,FALSE,TRUE,TRUE,TRUE,TRUE,"structural_absence_boundary_at_zero","ok","",""
"SchirmerM_2016","Schirmer 2016",21,"fourfold","Faecalibacterium",0.985,0.98,0.99,98,99,52980,TRUE,TRUE,TRUE,FALSE,TRUE,TRUE,TRUE,"ok","ok","",""
"SchirmerM_2016","Schirmer 2016",21,"fourfold","Firmicutes_unclassified",0.79,0.73,0.85,73,85,4968,TRUE,TRUE,TRUE,FALSE,TRUE,TRUE,TRUE,"ok","ok","",""
"SchirmerM_2016","Schirmer 2016",21,"fourfold","Fusicatenibacter",0.965,0.96,0.97,96,97,28949,TRUE,TRUE,TRUE,FALSE,TRUE,TRUE,TRUE,"ok","ok","",""
"SchirmerM_2016","Schirmer 2016",21,"fourfold","Lachnospira",0.835,0.79,0.88,79,88,9740,TRUE,TRUE,TRUE,FALSE,TRUE,TRUE,TRUE,"ok","ok","",""
"SchirmerM_2016","Schirmer 2016",21,"fourfold","Lachnospiraceae_unclassified",0.925,0.93,0.92,93,92,37504,TRUE,TRUE,TRUE,FALSE,TRUE,TRUE,TRUE,"ok","ok","",""
"SchirmerM_2016","Schirmer 2016",21,"fourfold","Mediterraneibacter",0.985,0.98,0.99,98,99,22431,TRUE,TRUE,TRUE,FALSE,TRUE,TRUE,TRUE,"ok","ok","",""
"SchirmerM_2016","Schirmer 2016",21,"fourfold","Methanobrevibacter",0.37,0.37,0.37,37,37,6996,TRUE,TRUE,TRUE,FALSE,TRUE,TRUE,TRUE,"ok","ok","",""
"SchirmerM_2016","Schirmer 2016",21,"fourfold","Oscillibacter",0.795,0.74,0.85,74,85,3860,TRUE,TRUE,TRUE,FALSE,TRUE,TRUE,TRUE,"ok","ok","",""
"SchirmerM_2016","Schirmer 2016",21,"fourfold","Parabacteroides",0.96,0.98,0.94,98,94,11648,TRUE,TRUE,TRUE,FALSE,TRUE,TRUE,TRUE,"ok","ok","",""
"SchirmerM_2016","Schirmer 2016",21,"fourfold","Phascolarctobacterium",0.475,0.43,0.52,43,52,3827,TRUE,TRUE,TRUE,FALSE,TRUE,TRUE,TRUE,"ok","ok","",""
"SchirmerM_2016","Schirmer 2016",21,"fourfold","Phocaeicola",1,1,1,100,100,37689,TRUE,TRUE,FALSE,TRUE,TRUE,TRUE,TRUE,"no_observed_zeros","ok","",""
"SchirmerM_2016","Schirmer 2016",21,"fourfold","Prevotella",0.505,0.44,0.57,44,57,42235,TRUE,TRUE,TRUE,FALSE,TRUE,TRUE,TRUE,"ok","ok","",""
"SchirmerM_2016","Schirmer 2016",21,"fourfold","Roseburia",0.98,0.97,0.99,97,99,41109,TRUE,TRUE,TRUE,FALSE,TRUE,TRUE,TRUE,"ok","ok","",""
"SchirmerM_2016","Schirmer 2016",21,"fourfold","Ruminococcaceae_unclassified",0.635,0.56,0.71,56,71,4826,TRUE,TRUE,TRUE,FALSE,TRUE,TRUE,TRUE,"ok","ok","",""
"SchirmerM_2016","Schirmer 2016",21,"fourfold","Ruminococcus",0.89,0.86,0.92,86,92,61951,TRUE,TRUE,TRUE,FALSE,TRUE,TRUE,TRUE,"ok","ok","",""
"SchirmerM_2016","Schirmer 2016",21,"fourfold","Streptococcus",0.89,0.84,0.94,84,94,6255,TRUE,TRUE,TRUE,FALSE,TRUE,TRUE,TRUE,"ok","ok","",""
"SchirmerM_2016","Schirmer 2016",22,"balanced","Agathobaculum",0.915,0.9,0.93,90,93,4047,TRUE,TRUE,TRUE,FALSE,TRUE,TRUE,TRUE,"ok","ok","",""
"SchirmerM_2016","Schirmer 2016",22,"balanced","Akkermansia",0.47,0.46,0.48,46,48,7952,TRUE,TRUE,TRUE,FALSE,TRUE,TRUE,TRUE,"ok","ok","",""
"SchirmerM_2016","Schirmer 2016",22,"balanced","Alistipes",0.945,0.95,0.94,95,94,27039,TRUE,TRUE,TRUE,FALSE,TRUE,TRUE,TRUE,"ok","ok","",""
"SchirmerM_2016","Schirmer 2016",22,"balanced","Anaerobutyricum",0.99,0.99,0.99,99,99,19345,TRUE,TRUE,TRUE,FALSE,TRUE,TRUE,TRUE,"ok","ok","",""
"SchirmerM_2016","Schirmer 2016",22,"balanced","Anaerostipes",0.995,0.99,1,99,100,22904,TRUE,TRUE,TRUE,FALSE,TRUE,TRUE,TRUE,"ok","ok","",""
"SchirmerM_2016","Schirmer 2016",22,"balanced","Bacteroides",0.995,0.99,1,99,100,50655,TRUE,TRUE,TRUE,FALSE,TRUE,TRUE,TRUE,"ok","ok","",""
"SchirmerM_2016","Schirmer 2016",22,"balanced","Barnesiella",0.8,0.82,0.78,82,78,5941,TRUE,TRUE,TRUE,FALSE,TRUE,TRUE,TRUE,"ok","ok","",""
"SchirmerM_2016","Schirmer 2016",22,"balanced","Bifidobacterium",0.98,0.99,0.97,99,97,116380,TRUE,TRUE,TRUE,FALSE,TRUE,TRUE,TRUE,"ok","ok","",""
"SchirmerM_2016","Schirmer 2016",22,"balanced","Blautia",1,1,1,100,100,20734,TRUE,TRUE,FALSE,TRUE,TRUE,TRUE,TRUE,"no_observed_zeros","ok","",""
"SchirmerM_2016","Schirmer 2016",22,"balanced","Collinsella",0.925,0.94,0.91,94,91,36363,TRUE,TRUE,TRUE,FALSE,TRUE,TRUE,TRUE,"ok","ok","",""
"SchirmerM_2016","Schirmer 2016",22,"balanced","Coprococcus",0.975,0.98,0.97,98,97,31217,TRUE,TRUE,TRUE,FALSE,TRUE,TRUE,TRUE,"ok","ok","",""
"SchirmerM_2016","Schirmer 2016",22,"balanced","Dialister",0.545,0.48,0.61,48,61,5376,TRUE,TRUE,TRUE,FALSE,TRUE,TRUE,TRUE,"ok","ok","",""
"SchirmerM_2016","Schirmer 2016",22,"balanced","Dorea",0.99,0.98,1,98,100,30912,TRUE,TRUE,TRUE,FALSE,TRUE,TRUE,TRUE,"ok","ok","",""
"SchirmerM_2016","Schirmer 2016",22,"balanced","Eubacterium",0.97,0.97,0.97,97,97,15003,TRUE,TRUE,TRUE,FALSE,TRUE,TRUE,TRUE,"ok","ok","",""
"SchirmerM_2016","Schirmer 2016",22,"balanced","Faecalibacterium",0.985,0.99,0.98,99,98,53781,TRUE,TRUE,TRUE,FALSE,TRUE,TRUE,TRUE,"ok","ok","",""
"SchirmerM_2016","Schirmer 2016",22,"balanced","Firmicutes_unclassified",0.86,0.87,0.85,87,85,4999,TRUE,TRUE,TRUE,FALSE,TRUE,TRUE,TRUE,"ok","ok","",""
"SchirmerM_2016","Schirmer 2016",22,"balanced","Fusicatenibacter",0.97,0.95,0.99,95,99,28749,TRUE,TRUE,TRUE,FALSE,TRUE,TRUE,TRUE,"ok","ok","",""
"SchirmerM_2016","Schirmer 2016",22,"balanced","Lachnospira",0.865,0.89,0.84,89,84,9916,TRUE,TRUE,TRUE,FALSE,TRUE,TRUE,TRUE,"ok","ok","",""
"SchirmerM_2016","Schirmer 2016",22,"balanced","Lachnospiraceae_unclassified",0.91,0.93,0.89,93,89,40212,TRUE,TRUE,TRUE,FALSE,TRUE,TRUE,TRUE,"ok","ok","",""
"SchirmerM_2016","Schirmer 2016",22,"balanced","Mediterraneibacter",0.99,0.99,0.99,99,99,23757,TRUE,TRUE,TRUE,FALSE,TRUE,TRUE,TRUE,"ok","ok","",""
"SchirmerM_2016","Schirmer 2016",22,"balanced","Methanobrevibacter",0.375,0.39,0.36,39,36,8389,TRUE,TRUE,TRUE,FALSE,TRUE,TRUE,TRUE,"ok","ok","",""
"SchirmerM_2016","Schirmer 2016",22,"balanced","Oscillibacter",0.82,0.81,0.83,81,83,4573,TRUE,TRUE,TRUE,FALSE,TRUE,TRUE,TRUE,"ok","ok","",""
"SchirmerM_2016","Schirmer 2016",22,"balanced","Parabacteroides",0.96,0.98,0.94,98,94,12523,TRUE,TRUE,TRUE,FALSE,TRUE,TRUE,TRUE,"ok","ok","",""
"SchirmerM_2016","Schirmer 2016",22,"balanced","Phascolarctobacterium",0.47,0.5,0.44,50,44,3363,TRUE,TRUE,TRUE,FALSE,TRUE,TRUE,TRUE,"ok","ok","",""
"SchirmerM_2016","Schirmer 2016",22,"balanced","Phocaeicola",1,1,1,100,100,40667,TRUE,TRUE,FALSE,TRUE,TRUE,TRUE,TRUE,"no_observed_zeros","ok","",""
"SchirmerM_2016","Schirmer 2016",22,"balanced","Prevotella",0.49,0.45,0.53,45,53,55622,TRUE,TRUE,TRUE,FALSE,TRUE,TRUE,TRUE,"ok","ok","",""
"SchirmerM_2016","Schirmer 2016",22,"balanced","Roseburia",0.99,0.98,1,98,100,41198,TRUE,TRUE,TRUE,FALSE,TRUE,TRUE,TRUE,"ok","ok","",""
"SchirmerM_2016","Schirmer 2016",22,"balanced","Ruminococcaceae_unclassified",0.69,0.67,0.71,67,71,6305,TRUE,TRUE,TRUE,FALSE,TRUE,TRUE,TRUE,"ok","ok","",""
"SchirmerM_2016","Schirmer 2016",22,"balanced","Ruminococcus",0.895,0.89,0.9,89,90,66452,TRUE,TRUE,TRUE,FALSE,TRUE,TRUE,TRUE,"ok","ok","",""
"SchirmerM_2016","Schirmer 2016",22,"balanced","Streptococcus",0.92,0.9,0.94,90,94,6790,TRUE,TRUE,TRUE,FALSE,TRUE,TRUE,TRUE,"ok","ok","",""
"SchirmerM_2016","Schirmer 2016",22,"fourfold","Agathobaculum",0.88,0.8,0.96,80,96,4080,TRUE,TRUE,TRUE,FALSE,TRUE,TRUE,TRUE,"ok","ok","",""
"SchirmerM_2016","Schirmer 2016",22,"fourfold","Akkermansia",0.45,0.4,0.5,40,50,9597,TRUE,TRUE,TRUE,FALSE,TRUE,TRUE,TRUE,"ok","ok","",""
"SchirmerM_2016","Schirmer 2016",22,"fourfold","Alistipes",0.955,0.95,0.96,95,96,26906,TRUE,TRUE,TRUE,FALSE,TRUE,TRUE,TRUE,"ok","ok","",""
"SchirmerM_2016","Schirmer 2016",22,"fourfold","Anaerobutyricum",0.985,0.98,0.99,98,99,19810,TRUE,TRUE,TRUE,FALSE,TRUE,TRUE,TRUE,"ok","ok","",""
"SchirmerM_2016","Schirmer 2016",22,"fourfold","Anaerostipes",0.995,0.99,1,99,100,23180,TRUE,TRUE,TRUE,FALSE,TRUE,TRUE,TRUE,"ok","ok","",""
"SchirmerM_2016","Schirmer 2016",22,"fourfold","Bacteroides",1,1,1,100,100,54656,TRUE,TRUE,FALSE,TRUE,TRUE,TRUE,TRUE,"no_observed_zeros","ok","",""
"SchirmerM_2016","Schirmer 2016",22,"fourfold","Barnesiella",0.805,0.82,0.79,82,79,6541,TRUE,TRUE,TRUE,FALSE,TRUE,TRUE,TRUE,"ok","ok","",""
"SchirmerM_2016","Schirmer 2016",22,"fourfold","Bifidobacterium",0.98,0.99,0.97,99,97,118015,TRUE,TRUE,TRUE,FALSE,TRUE,TRUE,TRUE,"ok","ok","",""
"SchirmerM_2016","Schirmer 2016",22,"fourfold","Blautia",0.995,0.99,1,99,100,21420,TRUE,TRUE,FALSE,TRUE,TRUE,TRUE,TRUE,"structural_absence_boundary_at_zero","ok","",""
"SchirmerM_2016","Schirmer 2016",22,"fourfold","Collinsella",0.92,0.92,0.92,92,92,35804,TRUE,TRUE,TRUE,FALSE,TRUE,TRUE,TRUE,"ok","ok","",""
"SchirmerM_2016","Schirmer 2016",22,"fourfold","Coprococcus",0.975,0.97,0.98,97,98,32611,TRUE,TRUE,TRUE,FALSE,TRUE,TRUE,TRUE,"ok","ok","",""
"SchirmerM_2016","Schirmer 2016",22,"fourfold","Dialister",0.54,0.48,0.6,48,60,4340,TRUE,TRUE,TRUE,FALSE,TRUE,TRUE,TRUE,"ok","ok","",""
"SchirmerM_2016","Schirmer 2016",22,"fourfold","Dorea",0.99,0.98,1,98,100,31805,TRUE,TRUE,TRUE,FALSE,TRUE,TRUE,TRUE,"ok","ok","",""
"SchirmerM_2016","Schirmer 2016",22,"fourfold","Eubacterium",0.98,0.96,1,96,100,15376,TRUE,TRUE,FALSE,TRUE,TRUE,TRUE,TRUE,"structural_absence_boundary_at_zero","ok","",""
"SchirmerM_2016","Schirmer 2016",22,"fourfold","Faecalibacterium",0.985,0.99,0.98,99,98,56600,TRUE,TRUE,TRUE,FALSE,TRUE,TRUE,TRUE,"ok","ok","",""
"SchirmerM_2016","Schirmer 2016",22,"fourfold","Firmicutes_unclassified",0.83,0.78,0.88,78,88,4970,TRUE,TRUE,TRUE,FALSE,TRUE,TRUE,TRUE,"ok","ok","",""
"SchirmerM_2016","Schirmer 2016",22,"fourfold","Fusicatenibacter",0.975,0.96,0.99,96,99,31911,TRUE,TRUE,TRUE,FALSE,TRUE,TRUE,TRUE,"ok","ok","",""
"SchirmerM_2016","Schirmer 2016",22,"fourfold","Lachnospira",0.85,0.86,0.84,86,84,9679,TRUE,TRUE,TRUE,FALSE,TRUE,TRUE,TRUE,"ok","ok","",""
"SchirmerM_2016","Schirmer 2016",22,"fourfold","Lachnospiraceae_unclassified",0.935,0.92,0.95,92,95,42232,TRUE,TRUE,TRUE,FALSE,TRUE,TRUE,TRUE,"ok","ok","",""
"SchirmerM_2016","Schirmer 2016",22,"fourfold","Mediterraneibacter",0.99,0.98,1,98,100,23071,TRUE,TRUE,TRUE,FALSE,TRUE,TRUE,TRUE,"ok","ok","",""
"SchirmerM_2016","Schirmer 2016",22,"fourfold","Methanobrevibacter",0.345,0.33,0.36,33,36,7993,TRUE,TRUE,TRUE,FALSE,TRUE,TRUE,TRUE,"ok","ok","",""
"SchirmerM_2016","Schirmer 2016",22,"fourfold","Oscillibacter",0.775,0.71,0.84,71,84,4927,TRUE,TRUE,TRUE,FALSE,TRUE,TRUE,TRUE,"ok","ok","",""
"SchirmerM_2016","Schirmer 2016",22,"fourfold","Parabacteroides",0.96,0.97,0.95,97,95,13321,TRUE,TRUE,TRUE,FALSE,TRUE,TRUE,TRUE,"ok","ok","",""
"SchirmerM_2016","Schirmer 2016",22,"fourfold","Phascolarctobacterium",0.485,0.51,0.46,51,46,3880,TRUE,TRUE,TRUE,FALSE,TRUE,TRUE,TRUE,"ok","ok","",""
"SchirmerM_2016","Schirmer 2016",22,"fourfold","Phocaeicola",1,1,1,100,100,38945,TRUE,TRUE,FALSE,TRUE,TRUE,TRUE,TRUE,"no_observed_zeros","ok","",""
"SchirmerM_2016","Schirmer 2016",22,"fourfold","Prevotella",0.505,0.45,0.56,45,56,50015,TRUE,TRUE,TRUE,FALSE,TRUE,TRUE,TRUE,"ok","ok","",""
"SchirmerM_2016","Schirmer 2016",22,"fourfold","Roseburia",0.985,0.97,1,97,100,43469,TRUE,TRUE,TRUE,FALSE,TRUE,TRUE,TRUE,"ok","ok","",""
"SchirmerM_2016","Schirmer 2016",22,"fourfold","Ruminococcaceae_unclassified",0.63,0.5,0.76,50,76,5165,TRUE,TRUE,TRUE,FALSE,TRUE,TRUE,TRUE,"ok","ok","",""
"SchirmerM_2016","Schirmer 2016",22,"fourfold","Ruminococcus",0.895,0.88,0.91,88,91,65989,TRUE,TRUE,TRUE,FALSE,TRUE,TRUE,TRUE,"ok","ok","",""
"SchirmerM_2016","Schirmer 2016",22,"fourfold","Streptococcus",0.905,0.84,0.97,84,97,7103,TRUE,TRUE,TRUE,FALSE,TRUE,TRUE,TRUE,"ok","ok","",""
"SchirmerM_2016","Schirmer 2016",23,"balanced","Agathobaculum",0.915,0.91,0.92,91,92,3842,TRUE,TRUE,TRUE,FALSE,TRUE,TRUE,TRUE,"ok","ok","",""
"SchirmerM_2016","Schirmer 2016",23,"balanced","Akkermansia",0.47,0.41,0.53,41,53,8212,TRUE,TRUE,TRUE,FALSE,TRUE,TRUE,TRUE,"ok","ok","",""
"SchirmerM_2016","Schirmer 2016",23,"balanced","Alistipes",0.95,0.96,0.94,96,94,27117,TRUE,TRUE,TRUE,FALSE,TRUE,TRUE,TRUE,"ok","ok","",""
"SchirmerM_2016","Schirmer 2016",23,"balanced","Anaerobutyricum",0.99,0.99,0.99,99,99,19539,TRUE,TRUE,TRUE,FALSE,TRUE,TRUE,TRUE,"ok","ok","",""
"SchirmerM_2016","Schirmer 2016",23,"balanced","Anaerostipes",0.99,1,0.98,100,98,22674,TRUE,TRUE,TRUE,FALSE,TRUE,TRUE,TRUE,"ok","ok","",""
"SchirmerM_2016","Schirmer 2016",23,"balanced","Bacteroides",0.995,1,0.99,100,99,54505,TRUE,TRUE,TRUE,FALSE,TRUE,TRUE,TRUE,"ok","ok","",""
"SchirmerM_2016","Schirmer 2016",23,"balanced","Barnesiella",0.815,0.82,0.81,82,81,6494,TRUE,TRUE,TRUE,FALSE,TRUE,TRUE,TRUE,"ok","ok","",""
"SchirmerM_2016","Schirmer 2016",23,"balanced","Bifidobacterium",0.98,1,0.96,100,96,121736,TRUE,TRUE,TRUE,FALSE,TRUE,TRUE,TRUE,"ok","ok","",""
"SchirmerM_2016","Schirmer 2016",23,"balanced","Blautia",1,1,1,100,100,21917,TRUE,TRUE,FALSE,TRUE,TRUE,TRUE,TRUE,"no_observed_zeros","ok","",""
"SchirmerM_2016","Schirmer 2016",23,"balanced","Collinsella",0.935,0.96,0.91,96,91,36984,TRUE,TRUE,TRUE,FALSE,TRUE,TRUE,TRUE,"ok","ok","",""
"SchirmerM_2016","Schirmer 2016",23,"balanced","Coprococcus",0.975,0.98,0.97,98,97,30096,TRUE,TRUE,TRUE,FALSE,TRUE,TRUE,TRUE,"ok","ok","",""
"SchirmerM_2016","Schirmer 2016",23,"balanced","Dialister",0.515,0.49,0.54,49,54,4353,TRUE,TRUE,TRUE,FALSE,TRUE,TRUE,TRUE,"ok","ok","",""
"SchirmerM_2016","Schirmer 2016",23,"balanced","Dorea",0.99,1,0.98,100,98,32054,TRUE,TRUE,TRUE,FALSE,TRUE,TRUE,TRUE,"ok","ok","",""
"SchirmerM_2016","Schirmer 2016",23,"balanced","Eubacterium",0.975,0.98,0.97,98,97,15530,TRUE,TRUE,TRUE,FALSE,TRUE,TRUE,TRUE,"ok","ok","",""
"SchirmerM_2016","Schirmer 2016",23,"balanced","Faecalibacterium",0.985,0.98,0.99,98,99,57478,TRUE,TRUE,TRUE,FALSE,TRUE,TRUE,TRUE,"ok","ok","",""
"SchirmerM_2016","Schirmer 2016",23,"balanced","Firmicutes_unclassified",0.86,0.82,0.9,82,90,4879,TRUE,TRUE,TRUE,FALSE,TRUE,TRUE,TRUE,"ok","ok","",""
"SchirmerM_2016","Schirmer 2016",23,"balanced","Fusicatenibacter",0.965,0.97,0.96,97,96,31964,TRUE,TRUE,TRUE,FALSE,TRUE,TRUE,TRUE,"ok","ok","",""
"SchirmerM_2016","Schirmer 2016",23,"balanced","Lachnospira",0.855,0.86,0.85,86,85,10565,TRUE,TRUE,TRUE,FALSE,TRUE,TRUE,TRUE,"ok","ok","",""
"SchirmerM_2016","Schirmer 2016",23,"balanced","Lachnospiraceae_unclassified",0.925,0.93,0.92,93,92,42026,TRUE,TRUE,TRUE,FALSE,TRUE,TRUE,TRUE,"ok","ok","",""
"SchirmerM_2016","Schirmer 2016",23,"balanced","Mediterraneibacter",0.985,0.99,0.98,99,98,24672,TRUE,TRUE,TRUE,FALSE,TRUE,TRUE,TRUE,"ok","ok","",""
"SchirmerM_2016","Schirmer 2016",23,"balanced","Methanobrevibacter",0.375,0.33,0.42,33,42,7201,TRUE,TRUE,TRUE,FALSE,TRUE,TRUE,TRUE,"ok","ok","",""
"SchirmerM_2016","Schirmer 2016",23,"balanced","Oscillibacter",0.815,0.8,0.83,80,83,4344,TRUE,TRUE,TRUE,FALSE,TRUE,TRUE,TRUE,"ok","ok","",""
"SchirmerM_2016","Schirmer 2016",23,"balanced","Parabacteroides",0.96,0.94,0.98,94,98,13480,TRUE,TRUE,TRUE,FALSE,TRUE,TRUE,TRUE,"ok","ok","",""
"SchirmerM_2016","Schirmer 2016",23,"balanced","Phascolarctobacterium",0.49,0.52,0.46,52,46,4223,TRUE,TRUE,TRUE,FALSE,TRUE,TRUE,TRUE,"ok","ok","",""
"SchirmerM_2016","Schirmer 2016",23,"balanced","Phocaeicola",1,1,1,100,100,40810,TRUE,TRUE,FALSE,TRUE,TRUE,TRUE,TRUE,"no_observed_zeros","ok","",""
"SchirmerM_2016","Schirmer 2016",23,"balanced","Prevotella",0.505,0.54,0.47,54,47,50692,TRUE,TRUE,TRUE,FALSE,TRUE,TRUE,TRUE,"ok","ok","",""
"SchirmerM_2016","Schirmer 2016",23,"balanced","Roseburia",0.995,0.99,1,99,100,43557,TRUE,TRUE,TRUE,FALSE,TRUE,TRUE,TRUE,"ok","ok","",""
"SchirmerM_2016","Schirmer 2016",23,"balanced","Ruminococcaceae_unclassified",0.695,0.66,0.73,66,73,5504,TRUE,TRUE,TRUE,FALSE,TRUE,TRUE,TRUE,"ok","ok","",""
"SchirmerM_2016","Schirmer 2016",23,"balanced","Ruminococcus",0.9,0.91,0.89,91,89,68248,TRUE,TRUE,TRUE,FALSE,TRUE,TRUE,TRUE,"ok","ok","",""
"SchirmerM_2016","Schirmer 2016",23,"balanced","Streptococcus",0.915,0.92,0.91,92,91,6671,TRUE,TRUE,TRUE,FALSE,TRUE,TRUE,TRUE,"ok","ok","",""
"SchirmerM_2016","Schirmer 2016",23,"fourfold","Agathobaculum",0.875,0.83,0.92,83,92,3524,TRUE,TRUE,TRUE,FALSE,TRUE,TRUE,TRUE,"ok","ok","",""
"SchirmerM_2016","Schirmer 2016",23,"fourfold","Akkermansia",0.47,0.41,0.53,41,53,8834,TRUE,TRUE,TRUE,FALSE,TRUE,TRUE,TRUE,"ok","ok","",""
"SchirmerM_2016","Schirmer 2016",23,"fourfold","Alistipes",0.96,0.95,0.97,95,97,26813,TRUE,TRUE,TRUE,FALSE,TRUE,TRUE,TRUE,"ok","ok","",""
"SchirmerM_2016","Schirmer 2016",23,"fourfold","Anaerobutyricum",0.99,0.99,0.99,99,99,18916,TRUE,TRUE,TRUE,FALSE,TRUE,TRUE,TRUE,"ok","ok","",""
"SchirmerM_2016","Schirmer 2016",23,"fourfold","Anaerostipes",0.995,1,0.99,100,99,20763,TRUE,TRUE,TRUE,FALSE,TRUE,TRUE,TRUE,"ok","ok","",""
"SchirmerM_2016","Schirmer 2016",23,"fourfold","Bacteroides",1,1,1,100,100,54297,TRUE,TRUE,FALSE,TRUE,TRUE,TRUE,TRUE,"no_observed_zeros","ok","",""
"SchirmerM_2016","Schirmer 2016",23,"fourfold","Barnesiella",0.785,0.76,0.81,76,81,6169,TRUE,TRUE,TRUE,FALSE,TRUE,TRUE,TRUE,"ok","ok","",""
"SchirmerM_2016","Schirmer 2016",23,"fourfold","Bifidobacterium",0.98,0.99,0.97,99,97,110102,TRUE,TRUE,TRUE,FALSE,TRUE,TRUE,TRUE,"ok","ok","",""
"SchirmerM_2016","Schirmer 2016",23,"fourfold","Blautia",1,1,1,100,100,17961,TRUE,TRUE,FALSE,TRUE,TRUE,TRUE,TRUE,"no_observed_zeros","ok","",""
"SchirmerM_2016","Schirmer 2016",23,"fourfold","Collinsella",0.925,0.93,0.92,93,92,34712,TRUE,TRUE,TRUE,FALSE,TRUE,TRUE,TRUE,"ok","ok","",""
"SchirmerM_2016","Schirmer 2016",23,"fourfold","Coprococcus",0.975,0.98,0.97,98,97,29699,TRUE,TRUE,TRUE,FALSE,TRUE,TRUE,TRUE,"ok","ok","",""
"SchirmerM_2016","Schirmer 2016",23,"fourfold","Dialister",0.535,0.49,0.58,49,58,4234,TRUE,TRUE,TRUE,FALSE,TRUE,TRUE,TRUE,"ok","ok","",""
"SchirmerM_2016","Schirmer 2016",23,"fourfold","Dorea",0.985,0.99,0.98,99,98,30219,TRUE,TRUE,TRUE,FALSE,TRUE,TRUE,TRUE,"ok","ok","",""
"SchirmerM_2016","Schirmer 2016",23,"fourfold","Eubacterium",0.945,0.92,0.97,92,97,14954,TRUE,TRUE,TRUE,FALSE,TRUE,TRUE,TRUE,"ok","ok","",""
"SchirmerM_2016","Schirmer 2016",23,"fourfold","Faecalibacterium",0.985,0.98,0.99,98,99,51490,TRUE,TRUE,TRUE,FALSE,TRUE,TRUE,TRUE,"ok","ok","",""
"SchirmerM_2016","Schirmer 2016",23,"fourfold","Firmicutes_unclassified",0.815,0.75,0.88,75,88,5767,TRUE,TRUE,TRUE,FALSE,TRUE,TRUE,TRUE,"ok","ok","",""
"SchirmerM_2016","Schirmer 2016",23,"fourfold","Fusicatenibacter",0.97,0.97,0.97,97,97,30785,TRUE,TRUE,TRUE,FALSE,TRUE,TRUE,TRUE,"ok","ok","",""
"SchirmerM_2016","Schirmer 2016",23,"fourfold","Lachnospira",0.85,0.83,0.87,83,87,9553,TRUE,TRUE,TRUE,FALSE,TRUE,TRUE,TRUE,"ok","ok","",""
"SchirmerM_2016","Schirmer 2016",23,"fourfold","Lachnospiraceae_unclassified",0.915,0.89,0.94,89,94,42436,TRUE,TRUE,TRUE,FALSE,TRUE,TRUE,TRUE,"ok","ok","",""
"SchirmerM_2016","Schirmer 2016",23,"fourfold","Mediterraneibacter",0.98,0.98,0.98,98,98,22367,TRUE,TRUE,TRUE,FALSE,TRUE,TRUE,TRUE,"ok","ok","",""
"SchirmerM_2016","Schirmer 2016",23,"fourfold","Methanobrevibacter",0.355,0.29,0.42,29,42,8334,TRUE,TRUE,TRUE,FALSE,TRUE,TRUE,TRUE,"ok","ok","",""
"SchirmerM_2016","Schirmer 2016",23,"fourfold","Oscillibacter",0.79,0.76,0.82,76,82,4262,TRUE,TRUE,TRUE,FALSE,TRUE,TRUE,TRUE,"ok","ok","",""
"SchirmerM_2016","Schirmer 2016",23,"fourfold","Parabacteroides",0.955,0.93,0.98,93,98,12058,TRUE,TRUE,TRUE,FALSE,TRUE,TRUE,TRUE,"ok","ok","",""
"SchirmerM_2016","Schirmer 2016",23,"fourfold","Phascolarctobacterium",0.475,0.48,0.47,48,47,3560,TRUE,TRUE,TRUE,FALSE,TRUE,TRUE,TRUE,"ok","ok","",""
"SchirmerM_2016","Schirmer 2016",23,"fourfold","Phocaeicola",1,1,1,100,100,43991,TRUE,TRUE,FALSE,TRUE,TRUE,TRUE,TRUE,"no_observed_zeros","ok","",""
"SchirmerM_2016","Schirmer 2016",23,"fourfold","Prevotella",0.495,0.51,0.48,51,48,40350,TRUE,TRUE,TRUE,FALSE,TRUE,TRUE,TRUE,"ok","ok","",""
"SchirmerM_2016","Schirmer 2016",23,"fourfold","Roseburia",0.995,0.99,1,99,100,42603,TRUE,TRUE,FALSE,TRUE,TRUE,TRUE,TRUE,"structural_absence_boundary_at_zero","ok","",""
"SchirmerM_2016","Schirmer 2016",23,"fourfold","Ruminococcaceae_unclassified",0.64,0.51,0.77,51,77,6376,TRUE,TRUE,TRUE,FALSE,TRUE,TRUE,TRUE,"ok","ok","",""
"SchirmerM_2016","Schirmer 2016",23,"fourfold","Ruminococcus",0.89,0.88,0.9,88,90,64241,TRUE,TRUE,TRUE,FALSE,TRUE,TRUE,TRUE,"ok","ok","",""
"SchirmerM_2016","Schirmer 2016",23,"fourfold","Streptococcus",0.895,0.87,0.92,87,92,5535,TRUE,TRUE,TRUE,FALSE,TRUE,TRUE,TRUE,"ok","ok","",""
"SchirmerM_2016","Schirmer 2016",24,"balanced","Agathobaculum",0.885,0.85,0.92,85,92,3816,TRUE,TRUE,TRUE,FALSE,TRUE,TRUE,TRUE,"ok","ok","",""
"SchirmerM_2016","Schirmer 2016",24,"balanced","Akkermansia",0.46,0.45,0.47,45,47,7060,TRUE,TRUE,TRUE,FALSE,TRUE,TRUE,TRUE,"ok","ok","",""
"SchirmerM_2016","Schirmer 2016",24,"balanced","Alistipes",0.965,0.95,0.98,95,98,27491,TRUE,TRUE,TRUE,FALSE,TRUE,TRUE,TRUE,"ok","ok","",""
"SchirmerM_2016","Schirmer 2016",24,"balanced","Anaerobutyricum",0.99,0.98,1,98,100,19840,TRUE,TRUE,TRUE,FALSE,TRUE,TRUE,TRUE,"ok","ok","",""
"SchirmerM_2016","Schirmer 2016",24,"balanced","Anaerostipes",0.995,1,0.99,100,99,23772,TRUE,TRUE,TRUE,FALSE,TRUE,TRUE,TRUE,"ok","ok","",""
"SchirmerM_2016","Schirmer 2016",24,"balanced","Bacteroides",1,1,1,100,100,54127,TRUE,TRUE,FALSE,TRUE,TRUE,TRUE,TRUE,"no_observed_zeros","ok","",""
"SchirmerM_2016","Schirmer 2016",24,"balanced","Barnesiella",0.795,0.71,0.88,71,88,6289,TRUE,TRUE,TRUE,FALSE,TRUE,TRUE,TRUE,"ok","ok","",""
"SchirmerM_2016","Schirmer 2016",24,"balanced","Bifidobacterium",0.975,0.98,0.97,98,97,121781,TRUE,TRUE,TRUE,FALSE,TRUE,TRUE,TRUE,"ok","ok","",""
"SchirmerM_2016","Schirmer 2016",24,"balanced","Blautia",0.995,0.99,1,99,100,20511,TRUE,TRUE,TRUE,FALSE,TRUE,TRUE,TRUE,"ok","ok","",""
"SchirmerM_2016","Schirmer 2016",24,"balanced","Collinsella",0.93,0.97,0.89,97,89,35953,TRUE,TRUE,TRUE,FALSE,TRUE,TRUE,TRUE,"ok","ok","",""
"SchirmerM_2016","Schirmer 2016",24,"balanced","Coprococcus",0.975,0.96,0.99,96,99,30205,TRUE,TRUE,TRUE,FALSE,TRUE,TRUE,TRUE,"ok","ok","",""
"SchirmerM_2016","Schirmer 2016",24,"balanced","Dialister",0.52,0.54,0.5,54,50,4950,TRUE,TRUE,TRUE,FALSE,TRUE,TRUE,TRUE,"ok","ok","",""
"SchirmerM_2016","Schirmer 2016",24,"balanced","Dorea",0.99,0.98,1,98,100,31802,TRUE,TRUE,TRUE,FALSE,TRUE,TRUE,TRUE,"ok","ok","",""
"SchirmerM_2016","Schirmer 2016",24,"balanced","Eubacterium",0.985,0.97,1,97,100,16992,TRUE,TRUE,TRUE,FALSE,TRUE,TRUE,TRUE,"ok","ok","",""
"SchirmerM_2016","Schirmer 2016",24,"balanced","Faecalibacterium",0.985,0.99,0.98,99,98,59110,TRUE,TRUE,TRUE,FALSE,TRUE,TRUE,TRUE,"ok","ok","",""
"SchirmerM_2016","Schirmer 2016",24,"balanced","Firmicutes_unclassified",0.875,0.86,0.89,86,89,4878,TRUE,TRUE,TRUE,FALSE,TRUE,TRUE,TRUE,"ok","ok","",""
"SchirmerM_2016","Schirmer 2016",24,"balanced","Fusicatenibacter",0.975,0.98,0.97,98,97,32075,TRUE,TRUE,TRUE,FALSE,TRUE,TRUE,TRUE,"ok","ok","",""
"SchirmerM_2016","Schirmer 2016",24,"balanced","Lachnospira",0.845,0.83,0.86,83,86,10764,TRUE,TRUE,TRUE,FALSE,TRUE,TRUE,TRUE,"ok","ok","",""
"SchirmerM_2016","Schirmer 2016",24,"balanced","Lachnospiraceae_unclassified",0.92,0.92,0.92,92,92,45402,TRUE,TRUE,TRUE,FALSE,TRUE,TRUE,TRUE,"ok","ok","",""
"SchirmerM_2016","Schirmer 2016",24,"balanced","Mediterraneibacter",0.985,0.98,0.99,98,99,24995,TRUE,TRUE,TRUE,FALSE,TRUE,TRUE,TRUE,"ok","ok","",""
"SchirmerM_2016","Schirmer 2016",24,"balanced","Methanobrevibacter",0.37,0.29,0.45,29,45,7396,TRUE,TRUE,TRUE,FALSE,TRUE,TRUE,TRUE,"ok","ok","",""
"SchirmerM_2016","Schirmer 2016",24,"balanced","Oscillibacter",0.82,0.78,0.86,78,86,4285,TRUE,TRUE,TRUE,FALSE,TRUE,TRUE,TRUE,"ok","ok","",""
"SchirmerM_2016","Schirmer 2016",24,"balanced","Parabacteroides",0.96,0.97,0.95,97,95,13310,TRUE,TRUE,TRUE,FALSE,TRUE,TRUE,TRUE,"ok","ok","",""
"SchirmerM_2016","Schirmer 2016",24,"balanced","Phascolarctobacterium",0.485,0.44,0.53,44,53,3745,TRUE,TRUE,TRUE,FALSE,TRUE,TRUE,TRUE,"ok","ok","",""
"SchirmerM_2016","Schirmer 2016",24,"balanced","Phocaeicola",1,1,1,100,100,43225,TRUE,TRUE,FALSE,TRUE,TRUE,TRUE,TRUE,"no_observed_zeros","ok","",""
"SchirmerM_2016","Schirmer 2016",24,"balanced","Prevotella",0.5,0.54,0.46,54,46,52116,TRUE,TRUE,TRUE,FALSE,TRUE,TRUE,TRUE,"ok","ok","",""
"SchirmerM_2016","Schirmer 2016",24,"balanced","Roseburia",0.985,0.97,1,97,100,46309,TRUE,TRUE,TRUE,FALSE,TRUE,TRUE,TRUE,"ok","ok","",""
"SchirmerM_2016","Schirmer 2016",24,"balanced","Ruminococcaceae_unclassified",0.695,0.65,0.74,65,74,4952,TRUE,TRUE,TRUE,FALSE,TRUE,TRUE,TRUE,"ok","ok","",""
"SchirmerM_2016","Schirmer 2016",24,"balanced","Ruminococcus",0.895,0.9,0.89,90,89,68190,TRUE,TRUE,TRUE,FALSE,TRUE,TRUE,TRUE,"ok","ok","",""
"SchirmerM_2016","Schirmer 2016",24,"balanced","Streptococcus",0.925,0.92,0.93,92,93,6929,TRUE,TRUE,TRUE,FALSE,TRUE,TRUE,TRUE,"ok","ok","",""
"SchirmerM_2016","Schirmer 2016",24,"fourfold","Agathobaculum",0.89,0.83,0.95,83,95,3640,TRUE,TRUE,TRUE,FALSE,TRUE,TRUE,TRUE,"ok","ok","",""
"SchirmerM_2016","Schirmer 2016",24,"fourfold","Akkermansia",0.475,0.44,0.51,44,51,8157,TRUE,TRUE,TRUE,FALSE,TRUE,TRUE,TRUE,"ok","ok","",""
"SchirmerM_2016","Schirmer 2016",24,"fourfold","Alistipes",0.95,0.92,0.98,92,98,25365,TRUE,TRUE,TRUE,FALSE,TRUE,TRUE,TRUE,"ok","ok","",""
"SchirmerM_2016","Schirmer 2016",24,"fourfold","Anaerobutyricum",0.985,0.97,1,97,100,19235,TRUE,TRUE,TRUE,FALSE,TRUE,TRUE,TRUE,"ok","ok","",""
"SchirmerM_2016","Schirmer 2016",24,"fourfold","Anaerostipes",0.99,0.99,0.99,99,99,21424,TRUE,TRUE,TRUE,FALSE,TRUE,TRUE,TRUE,"ok","ok","",""
"SchirmerM_2016","Schirmer 2016",24,"fourfold","Bacteroides",0.995,0.99,1,99,100,51740,TRUE,TRUE,TRUE,FALSE,TRUE,TRUE,TRUE,"ok","ok","",""
"SchirmerM_2016","Schirmer 2016",24,"fourfold","Barnesiella",0.775,0.65,0.9,65,90,6972,TRUE,TRUE,TRUE,FALSE,TRUE,TRUE,TRUE,"ok","ok","",""
"SchirmerM_2016","Schirmer 2016",24,"fourfold","Bifidobacterium",0.975,0.98,0.97,98,97,114662,TRUE,TRUE,TRUE,FALSE,TRUE,TRUE,TRUE,"ok","ok","",""
"SchirmerM_2016","Schirmer 2016",24,"fourfold","Blautia",0.995,0.99,1,99,100,19943,TRUE,TRUE,FALSE,TRUE,TRUE,TRUE,TRUE,"structural_absence_boundary_at_zero","ok","",""
"SchirmerM_2016","Schirmer 2016",24,"fourfold","Collinsella",0.915,0.95,0.88,95,88,35251,TRUE,TRUE,TRUE,FALSE,TRUE,TRUE,TRUE,"ok","ok","",""
"SchirmerM_2016","Schirmer 2016",24,"fourfold","Coprococcus",0.98,0.97,0.99,97,99,32903,TRUE,TRUE,TRUE,FALSE,TRUE,TRUE,TRUE,"ok","ok","",""
"SchirmerM_2016","Schirmer 2016",24,"fourfold","Dialister",0.525,0.5,0.55,50,55,3990,TRUE,TRUE,TRUE,FALSE,TRUE,TRUE,TRUE,"ok","ok","",""
"SchirmerM_2016","Schirmer 2016",24,"fourfold","Dorea",0.995,0.99,1,99,100,30572,TRUE,TRUE,TRUE,FALSE,TRUE,TRUE,TRUE,"ok","ok","",""
"SchirmerM_2016","Schirmer 2016",24,"fourfold","Eubacterium",0.96,0.93,0.99,93,99,15700,TRUE,TRUE,TRUE,FALSE,TRUE,TRUE,TRUE,"ok","ok","",""
"SchirmerM_2016","Schirmer 2016",24,"fourfold","Faecalibacterium",0.985,0.99,0.98,99,98,55434,TRUE,TRUE,TRUE,FALSE,TRUE,TRUE,TRUE,"ok","ok","",""
"SchirmerM_2016","Schirmer 2016",24,"fourfold","Firmicutes_unclassified",0.825,0.75,0.9,75,90,4605,TRUE,TRUE,TRUE,FALSE,TRUE,TRUE,TRUE,"ok","ok","",""
"SchirmerM_2016","Schirmer 2016",24,"fourfold","Fusicatenibacter",0.975,0.98,0.97,98,97,30203,TRUE,TRUE,TRUE,FALSE,TRUE,TRUE,TRUE,"ok","ok","",""
"SchirmerM_2016","Schirmer 2016",24,"fourfold","Lachnospira",0.85,0.84,0.86,84,86,10414,TRUE,TRUE,TRUE,FALSE,TRUE,TRUE,TRUE,"ok","ok","",""
"SchirmerM_2016","Schirmer 2016",24,"fourfold","Lachnospiraceae_unclassified",0.91,0.89,0.93,89,93,38566,TRUE,TRUE,TRUE,FALSE,TRUE,TRUE,TRUE,"ok","ok","",""
"SchirmerM_2016","Schirmer 2016",24,"fourfold","Mediterraneibacter",0.97,0.95,0.99,95,99,26478,TRUE,TRUE,TRUE,FALSE,TRUE,TRUE,TRUE,"ok","ok","",""
"SchirmerM_2016","Schirmer 2016",24,"fourfold","Methanobrevibacter",0.355,0.27,0.44,27,44,9817,TRUE,TRUE,TRUE,FALSE,TRUE,TRUE,TRUE,"ok","ok","",""
"SchirmerM_2016","Schirmer 2016",24,"fourfold","Oscillibacter",0.815,0.75,0.88,75,88,4522,TRUE,TRUE,TRUE,FALSE,TRUE,TRUE,TRUE,"ok","ok","",""
"SchirmerM_2016","Schirmer 2016",24,"fourfold","Parabacteroides",0.955,0.96,0.95,96,95,12786,TRUE,TRUE,TRUE,FALSE,TRUE,TRUE,TRUE,"ok","ok","",""
"SchirmerM_2016","Schirmer 2016",24,"fourfold","Phascolarctobacterium",0.475,0.4,0.55,40,55,4004,TRUE,TRUE,TRUE,FALSE,TRUE,TRUE,TRUE,"ok","ok","",""
"SchirmerM_2016","Schirmer 2016",24,"fourfold","Phocaeicola",1,1,1,100,100,40687,TRUE,TRUE,FALSE,TRUE,TRUE,TRUE,TRUE,"no_observed_zeros","ok","",""
"SchirmerM_2016","Schirmer 2016",24,"fourfold","Prevotella",0.5,0.53,0.47,53,47,42332,TRUE,TRUE,TRUE,FALSE,TRUE,TRUE,TRUE,"ok","ok","",""
"SchirmerM_2016","Schirmer 2016",24,"fourfold","Roseburia",0.98,0.96,1,96,100,45444,TRUE,TRUE,TRUE,FALSE,TRUE,TRUE,TRUE,"ok","ok","",""
"SchirmerM_2016","Schirmer 2016",24,"fourfold","Ruminococcaceae_unclassified",0.61,0.5,0.72,50,72,6965,TRUE,TRUE,TRUE,FALSE,TRUE,TRUE,TRUE,"ok","ok","",""
"SchirmerM_2016","Schirmer 2016",24,"fourfold","Ruminococcus",0.895,0.9,0.89,90,89,60284,TRUE,TRUE,TRUE,FALSE,TRUE,TRUE,TRUE,"ok","ok","",""
"SchirmerM_2016","Schirmer 2016",24,"fourfold","Streptococcus",0.86,0.82,0.9,82,90,5914,TRUE,TRUE,TRUE,FALSE,TRUE,TRUE,TRUE,"ok","ok","",""
"SchirmerM_2016","Schirmer 2016",25,"balanced","Agathobaculum",0.915,0.94,0.89,94,89,3939,TRUE,TRUE,TRUE,FALSE,TRUE,TRUE,TRUE,"ok","ok","",""
"SchirmerM_2016","Schirmer 2016",25,"balanced","Akkermansia",0.47,0.39,0.55,39,55,9130,TRUE,TRUE,TRUE,FALSE,TRUE,TRUE,TRUE,"ok","ok","",""
"SchirmerM_2016","Schirmer 2016",25,"balanced","Alistipes",0.955,0.93,0.98,93,98,28267,TRUE,TRUE,TRUE,FALSE,TRUE,TRUE,TRUE,"ok","ok","",""
"SchirmerM_2016","Schirmer 2016",25,"balanced","Anaerobutyricum",0.985,0.99,0.98,99,98,20193,TRUE,TRUE,TRUE,FALSE,TRUE,TRUE,TRUE,"ok","ok","",""
"SchirmerM_2016","Schirmer 2016",25,"balanced","Anaerostipes",0.995,0.99,1,99,100,25648,TRUE,TRUE,TRUE,FALSE,TRUE,TRUE,TRUE,"ok","ok","",""
"SchirmerM_2016","Schirmer 2016",25,"balanced","Bacteroides",1,1,1,100,100,55584,TRUE,TRUE,FALSE,TRUE,TRUE,TRUE,TRUE,"no_observed_zeros","ok","",""
"SchirmerM_2016","Schirmer 2016",25,"balanced","Barnesiella",0.805,0.82,0.79,82,79,6844,TRUE,TRUE,TRUE,FALSE,TRUE,TRUE,TRUE,"ok","ok","",""
"SchirmerM_2016","Schirmer 2016",25,"balanced","Bifidobacterium",0.99,0.98,1,98,100,128029,TRUE,TRUE,TRUE,FALSE,TRUE,TRUE,TRUE,"ok","ok","",""
"SchirmerM_2016","Schirmer 2016",25,"balanced","Blautia",0.995,1,0.99,100,99,21529,TRUE,TRUE,TRUE,FALSE,TRUE,TRUE,TRUE,"ok","ok","",""
"SchirmerM_2016","Schirmer 2016",25,"balanced","Collinsella",0.92,0.91,0.93,91,93,39392,TRUE,TRUE,TRUE,FALSE,TRUE,TRUE,TRUE,"ok","ok","",""
"SchirmerM_2016","Schirmer 2016",25,"balanced","Coprococcus",0.975,0.96,0.99,96,99,33815,TRUE,TRUE,TRUE,FALSE,TRUE,TRUE,TRUE,"ok","ok","",""
"SchirmerM_2016","Schirmer 2016",25,"balanced","Dialister",0.535,0.54,0.53,54,53,4727,TRUE,TRUE,TRUE,FALSE,TRUE,TRUE,TRUE,"ok","ok","",""
"SchirmerM_2016","Schirmer 2016",25,"balanced","Dorea",0.99,1,0.98,100,98,32164,TRUE,TRUE,TRUE,FALSE,TRUE,TRUE,TRUE,"ok","ok","",""
"SchirmerM_2016","Schirmer 2016",25,"balanced","Eubacterium",0.975,0.98,0.97,98,97,16755,TRUE,TRUE,TRUE,FALSE,TRUE,TRUE,TRUE,"ok","ok","",""
"SchirmerM_2016","Schirmer 2016",25,"balanced","Faecalibacterium",0.985,0.97,1,97,100,57470,TRUE,TRUE,TRUE,FALSE,TRUE,TRUE,TRUE,"ok","ok","",""
"SchirmerM_2016","Schirmer 2016",25,"balanced","Firmicutes_unclassified",0.865,0.87,0.86,87,86,5664,TRUE,TRUE,TRUE,FALSE,TRUE,TRUE,TRUE,"ok","ok","",""
"SchirmerM_2016","Schirmer 2016",25,"balanced","Fusicatenibacter",0.975,0.97,0.98,97,98,32818,TRUE,TRUE,TRUE,FALSE,TRUE,TRUE,TRUE,"ok","ok","",""
"SchirmerM_2016","Schirmer 2016",25,"balanced","Lachnospira",0.855,0.88,0.83,88,83,10200,TRUE,TRUE,TRUE,FALSE,TRUE,TRUE,TRUE,"ok","ok","",""
"SchirmerM_2016","Schirmer 2016",25,"balanced","Lachnospiraceae_unclassified",0.925,0.93,0.92,93,92,46564,TRUE,TRUE,TRUE,FALSE,TRUE,TRUE,TRUE,"ok","ok","",""
"SchirmerM_2016","Schirmer 2016",25,"balanced","Mediterraneibacter",0.99,1,0.98,100,98,25708,TRUE,TRUE,TRUE,FALSE,TRUE,TRUE,TRUE,"ok","ok","",""
"SchirmerM_2016","Schirmer 2016",25,"balanced","Methanobrevibacter",0.38,0.36,0.4,36,40,8881,TRUE,TRUE,TRUE,FALSE,TRUE,TRUE,TRUE,"ok","ok","",""
"SchirmerM_2016","Schirmer 2016",25,"balanced","Oscillibacter",0.82,0.78,0.86,78,86,4679,TRUE,TRUE,TRUE,FALSE,TRUE,TRUE,TRUE,"ok","ok","",""
"SchirmerM_2016","Schirmer 2016",25,"balanced","Parabacteroides",0.965,0.95,0.98,95,98,14046,TRUE,TRUE,TRUE,FALSE,TRUE,TRUE,TRUE,"ok","ok","",""
"SchirmerM_2016","Schirmer 2016",25,"balanced","Phascolarctobacterium",0.5,0.5,0.5,50,50,4414,TRUE,TRUE,TRUE,FALSE,TRUE,TRUE,TRUE,"ok","ok","",""
"SchirmerM_2016","Schirmer 2016",25,"balanced","Phocaeicola",1,1,1,100,100,42348,TRUE,TRUE,FALSE,TRUE,TRUE,TRUE,TRUE,"no_observed_zeros","ok","",""
"SchirmerM_2016","Schirmer 2016",25,"balanced","Prevotella",0.505,0.47,0.54,47,54,50899,TRUE,TRUE,TRUE,FALSE,TRUE,TRUE,TRUE,"ok","ok","",""
"SchirmerM_2016","Schirmer 2016",25,"balanced","Roseburia",0.99,1,0.98,100,98,45416,TRUE,TRUE,TRUE,FALSE,TRUE,TRUE,TRUE,"ok","ok","",""
"SchirmerM_2016","Schirmer 2016",25,"balanced","Ruminococcaceae_unclassified",0.66,0.64,0.68,64,68,6009,TRUE,TRUE,TRUE,FALSE,TRUE,TRUE,TRUE,"ok","ok","",""
"SchirmerM_2016","Schirmer 2016",25,"balanced","Ruminococcus",0.905,0.88,0.93,88,93,69576,TRUE,TRUE,TRUE,FALSE,TRUE,TRUE,TRUE,"ok","ok","",""
"SchirmerM_2016","Schirmer 2016",25,"balanced","Streptococcus",0.91,0.93,0.89,93,89,7517,TRUE,TRUE,TRUE,FALSE,TRUE,TRUE,TRUE,"ok","ok","",""
"SchirmerM_2016","Schirmer 2016",25,"fourfold","Agathobaculum",0.87,0.85,0.89,85,89,3500,TRUE,TRUE,TRUE,FALSE,TRUE,TRUE,TRUE,"ok","ok","",""
"SchirmerM_2016","Schirmer 2016",25,"fourfold","Akkermansia",0.445,0.35,0.54,35,54,6841,TRUE,TRUE,TRUE,FALSE,TRUE,TRUE,TRUE,"ok","ok","",""
"SchirmerM_2016","Schirmer 2016",25,"fourfold","Alistipes",0.94,0.9,0.98,90,98,25055,TRUE,TRUE,TRUE,FALSE,TRUE,TRUE,TRUE,"ok","ok","",""
"SchirmerM_2016","Schirmer 2016",25,"fourfold","Anaerobutyricum",0.99,1,0.98,100,98,18083,TRUE,TRUE,TRUE,FALSE,TRUE,TRUE,TRUE,"ok","ok","",""
"SchirmerM_2016","Schirmer 2016",25,"fourfold","Anaerostipes",0.99,0.98,1,98,100,20630,TRUE,TRUE,TRUE,FALSE,TRUE,TRUE,TRUE,"ok","ok","",""
"SchirmerM_2016","Schirmer 2016",25,"fourfold","Bacteroides",0.995,0.99,1,99,100,45616,TRUE,TRUE,TRUE,FALSE,TRUE,TRUE,TRUE,"ok","ok","",""
"SchirmerM_2016","Schirmer 2016",25,"fourfold","Barnesiella",0.785,0.76,0.81,76,81,5665,TRUE,TRUE,TRUE,FALSE,TRUE,TRUE,TRUE,"ok","ok","",""
"SchirmerM_2016","Schirmer 2016",25,"fourfold","Bifidobacterium",0.975,0.95,1,95,100,119835,TRUE,TRUE,TRUE,FALSE,TRUE,TRUE,TRUE,"ok","ok","",""
"SchirmerM_2016","Schirmer 2016",25,"fourfold","Blautia",1,1,1,100,100,16427,TRUE,TRUE,FALSE,TRUE,TRUE,TRUE,TRUE,"no_observed_zeros","ok","",""
"SchirmerM_2016","Schirmer 2016",25,"fourfold","Collinsella",0.92,0.9,0.94,90,94,36397,TRUE,TRUE,TRUE,FALSE,TRUE,TRUE,TRUE,"ok","ok","",""
"SchirmerM_2016","Schirmer 2016",25,"fourfold","Coprococcus",0.975,0.95,1,95,100,28521,TRUE,TRUE,TRUE,FALSE,TRUE,TRUE,TRUE,"ok","ok","",""
"SchirmerM_2016","Schirmer 2016",25,"fourfold","Dialister",0.535,0.51,0.56,51,56,3661,TRUE,TRUE,TRUE,FALSE,TRUE,TRUE,TRUE,"ok","ok","",""
"SchirmerM_2016","Schirmer 2016",25,"fourfold","Dorea",0.99,1,0.98,100,98,28201,TRUE,TRUE,TRUE,FALSE,TRUE,TRUE,TRUE,"ok","ok","",""
"SchirmerM_2016","Schirmer 2016",25,"fourfold","Eubacterium",0.985,0.98,0.99,98,99,15493,TRUE,TRUE,TRUE,FALSE,TRUE,TRUE,TRUE,"ok","ok","",""
"SchirmerM_2016","Schirmer 2016",25,"fourfold","Faecalibacterium",0.985,0.97,1,97,100,52426,TRUE,TRUE,TRUE,FALSE,TRUE,TRUE,TRUE,"ok","ok","",""
"SchirmerM_2016","Schirmer 2016",25,"fourfold","Firmicutes_unclassified",0.825,0.75,0.9,75,90,4560,TRUE,TRUE,TRUE,FALSE,TRUE,TRUE,TRUE,"ok","ok","",""
"SchirmerM_2016","Schirmer 2016",25,"fourfold","Fusicatenibacter",0.97,0.96,0.98,96,98,28849,TRUE,TRUE,TRUE,FALSE,TRUE,TRUE,TRUE,"ok","ok","",""
"SchirmerM_2016","Schirmer 2016",25,"fourfold","Lachnospira",0.845,0.83,0.86,83,86,8355,TRUE,TRUE,TRUE,FALSE,TRUE,TRUE,TRUE,"ok","ok","",""
"SchirmerM_2016","Schirmer 2016",25,"fourfold","Lachnospiraceae_unclassified",0.93,0.91,0.95,91,95,39823,TRUE,TRUE,TRUE,FALSE,TRUE,TRUE,TRUE,"ok","ok","",""
"SchirmerM_2016","Schirmer 2016",25,"fourfold","Mediterraneibacter",0.985,0.98,0.99,98,99,22540,TRUE,TRUE,TRUE,FALSE,TRUE,TRUE,TRUE,"ok","ok","",""
"SchirmerM_2016","Schirmer 2016",25,"fourfold","Methanobrevibacter",0.38,0.37,0.39,37,39,7229,TRUE,TRUE,TRUE,FALSE,TRUE,TRUE,TRUE,"ok","ok","",""
"SchirmerM_2016","Schirmer 2016",25,"fourfold","Oscillibacter",0.79,0.67,0.91,67,91,4134,TRUE,TRUE,TRUE,FALSE,TRUE,TRUE,TRUE,"ok","ok","",""
"SchirmerM_2016","Schirmer 2016",25,"fourfold","Parabacteroides",0.955,0.93,0.98,93,98,11882,TRUE,TRUE,TRUE,FALSE,TRUE,TRUE,TRUE,"ok","ok","",""
"SchirmerM_2016","Schirmer 2016",25,"fourfold","Phascolarctobacterium",0.49,0.47,0.51,47,51,4091,TRUE,TRUE,TRUE,FALSE,TRUE,TRUE,TRUE,"ok","ok","",""
"SchirmerM_2016","Schirmer 2016",25,"fourfold","Phocaeicola",0.995,0.99,1,99,100,35653,TRUE,TRUE,TRUE,FALSE,TRUE,TRUE,TRUE,"ok","ok","",""
"SchirmerM_2016","Schirmer 2016",25,"fourfold","Prevotella",0.5,0.44,0.56,44,56,61796,TRUE,TRUE,TRUE,FALSE,TRUE,TRUE,TRUE,"ok","ok","",""
"SchirmerM_2016","Schirmer 2016",25,"fourfold","Roseburia",0.995,1,0.99,100,99,36715,TRUE,TRUE,TRUE,FALSE,TRUE,TRUE,TRUE,"ok","ok","",""
"SchirmerM_2016","Schirmer 2016",25,"fourfold","Ruminococcaceae_unclassified",0.64,0.56,0.72,56,72,3230,TRUE,TRUE,TRUE,FALSE,TRUE,TRUE,TRUE,"ok","ok","",""
"SchirmerM_2016","Schirmer 2016",25,"fourfold","Ruminococcus",0.9,0.88,0.92,88,92,60962,TRUE,TRUE,TRUE,FALSE,TRUE,TRUE,TRUE,"ok","ok","",""
"SchirmerM_2016","Schirmer 2016",25,"fourfold","Streptococcus",0.885,0.85,0.92,85,92,5746,TRUE,TRUE,TRUE,FALSE,TRUE,TRUE,TRUE,"ok","ok","",""
"SchirmerM_2016","Schirmer 2016",26,"balanced","Agathobaculum",0.905,0.92,0.89,92,89,3712,TRUE,TRUE,TRUE,FALSE,TRUE,TRUE,TRUE,"ok","ok","",""
"SchirmerM_2016","Schirmer 2016",26,"balanced","Akkermansia",0.465,0.43,0.5,43,50,8439,TRUE,TRUE,TRUE,FALSE,TRUE,TRUE,TRUE,"ok","ok","",""
"SchirmerM_2016","Schirmer 2016",26,"balanced","Alistipes",0.95,0.95,0.95,95,95,26626,TRUE,TRUE,TRUE,FALSE,TRUE,TRUE,TRUE,"ok","ok","",""
"SchirmerM_2016","Schirmer 2016",26,"balanced","Anaerobutyricum",0.99,0.99,0.99,99,99,20288,TRUE,TRUE,TRUE,FALSE,TRUE,TRUE,TRUE,"ok","ok","",""
"SchirmerM_2016","Schirmer 2016",26,"balanced","Anaerostipes",0.995,1,0.99,100,99,24094,TRUE,TRUE,TRUE,FALSE,TRUE,TRUE,TRUE,"ok","ok","",""
"SchirmerM_2016","Schirmer 2016",26,"balanced","Bacteroides",1,1,1,100,100,55667,TRUE,TRUE,FALSE,TRUE,TRUE,TRUE,TRUE,"no_observed_zeros","ok","",""
"SchirmerM_2016","Schirmer 2016",26,"balanced","Barnesiella",0.81,0.82,0.8,82,80,6261,TRUE,TRUE,TRUE,FALSE,TRUE,TRUE,TRUE,"ok","ok","",""
"SchirmerM_2016","Schirmer 2016",26,"balanced","Bifidobacterium",0.985,0.97,1,97,100,129620,TRUE,TRUE,TRUE,FALSE,TRUE,TRUE,TRUE,"ok","ok","",""
"SchirmerM_2016","Schirmer 2016",26,"balanced","Blautia",1,1,1,100,100,22282,TRUE,TRUE,FALSE,TRUE,TRUE,TRUE,TRUE,"no_observed_zeros","ok","",""
"SchirmerM_2016","Schirmer 2016",26,"balanced","Collinsella",0.91,0.89,0.93,89,93,38685,TRUE,TRUE,TRUE,FALSE,TRUE,TRUE,TRUE,"ok","ok","",""
"SchirmerM_2016","Schirmer 2016",26,"balanced","Coprococcus",0.975,0.98,0.97,98,97,31792,TRUE,TRUE,TRUE,FALSE,TRUE,TRUE,TRUE,"ok","ok","",""
"SchirmerM_2016","Schirmer 2016",26,"balanced","Dialister",0.535,0.6,0.47,60,47,4469,TRUE,TRUE,TRUE,FALSE,TRUE,TRUE,TRUE,"ok","ok","",""
"SchirmerM_2016","Schirmer 2016",26,"balanced","Dorea",0.99,1,0.98,100,98,32002,TRUE,TRUE,TRUE,FALSE,TRUE,TRUE,TRUE,"ok","ok","",""
"SchirmerM_2016","Schirmer 2016",26,"balanced","Eubacterium",0.985,0.98,0.99,98,99,16003,TRUE,TRUE,TRUE,FALSE,TRUE,TRUE,TRUE,"ok","ok","",""
"SchirmerM_2016","Schirmer 2016",26,"balanced","Faecalibacterium",0.985,0.98,0.99,98,99,55708,TRUE,TRUE,TRUE,FALSE,TRUE,TRUE,TRUE,"ok","ok","",""
"SchirmerM_2016","Schirmer 2016",26,"balanced","Firmicutes_unclassified",0.825,0.8,0.85,80,85,5470,TRUE,TRUE,TRUE,FALSE,TRUE,TRUE,TRUE,"ok","ok","",""
"SchirmerM_2016","Schirmer 2016",26,"balanced","Fusicatenibacter",0.98,0.98,0.98,98,98,31893,TRUE,TRUE,TRUE,FALSE,TRUE,TRUE,TRUE,"ok","ok","",""
"SchirmerM_2016","Schirmer 2016",26,"balanced","Lachnospira",0.855,0.87,0.84,87,84,9584,TRUE,TRUE,TRUE,FALSE,TRUE,TRUE,TRUE,"ok","ok","",""
"SchirmerM_2016","Schirmer 2016",26,"balanced","Lachnospiraceae_unclassified",0.92,0.94,0.9,94,90,43708,TRUE,TRUE,TRUE,FALSE,TRUE,TRUE,TRUE,"ok","ok","",""
"SchirmerM_2016","Schirmer 2016",26,"balanced","Mediterraneibacter",0.985,1,0.97,100,97,25430,TRUE,TRUE,TRUE,FALSE,TRUE,TRUE,TRUE,"ok","ok","",""
"SchirmerM_2016","Schirmer 2016",26,"balanced","Methanobrevibacter",0.38,0.33,0.43,33,43,8107,TRUE,TRUE,TRUE,FALSE,TRUE,TRUE,TRUE,"ok","ok","",""
"SchirmerM_2016","Schirmer 2016",26,"balanced","Oscillibacter",0.805,0.75,0.86,75,86,4442,TRUE,TRUE,TRUE,FALSE,TRUE,TRUE,TRUE,"ok","ok","",""
"SchirmerM_2016","Schirmer 2016",26,"balanced","Parabacteroides",0.96,0.93,0.99,93,99,13028,TRUE,TRUE,TRUE,FALSE,TRUE,TRUE,TRUE,"ok","ok","",""
"SchirmerM_2016","Schirmer 2016",26,"balanced","Phascolarctobacterium",0.485,0.46,0.51,46,51,3894,TRUE,TRUE,TRUE,FALSE,TRUE,TRUE,TRUE,"ok","ok","",""
"SchirmerM_2016","Schirmer 2016",26,"balanced","Phocaeicola",1,1,1,100,100,43548,TRUE,TRUE,FALSE,TRUE,TRUE,TRUE,TRUE,"no_observed_zeros","ok","",""
"SchirmerM_2016","Schirmer 2016",26,"balanced","Prevotella",0.5,0.47,0.53,47,53,49358,TRUE,TRUE,TRUE,FALSE,TRUE,TRUE,TRUE,"ok","ok","",""
"SchirmerM_2016","Schirmer 2016",26,"balanced","Roseburia",0.99,1,0.98,100,98,45229,TRUE,TRUE,TRUE,FALSE,TRUE,TRUE,TRUE,"ok","ok","",""
"SchirmerM_2016","Schirmer 2016",26,"balanced","Ruminococcaceae_unclassified",0.685,0.61,0.76,61,76,5375,TRUE,TRUE,TRUE,FALSE,TRUE,TRUE,TRUE,"ok","ok","",""
"SchirmerM_2016","Schirmer 2016",26,"balanced","Ruminococcus",0.905,0.9,0.91,90,91,66515,TRUE,TRUE,TRUE,FALSE,TRUE,TRUE,TRUE,"ok","ok","",""
"SchirmerM_2016","Schirmer 2016",26,"balanced","Streptococcus",0.925,0.94,0.91,94,91,7730,TRUE,TRUE,TRUE,FALSE,TRUE,TRUE,TRUE,"ok","ok","",""
"SchirmerM_2016","Schirmer 2016",26,"fourfold","Agathobaculum",0.91,0.89,0.93,89,93,2990,TRUE,TRUE,TRUE,FALSE,TRUE,TRUE,TRUE,"ok","ok","",""
"SchirmerM_2016","Schirmer 2016",26,"fourfold","Akkermansia",0.46,0.42,0.5,42,50,11946,TRUE,TRUE,TRUE,FALSE,TRUE,TRUE,TRUE,"ok","ok","",""
"SchirmerM_2016","Schirmer 2016",26,"fourfold","Alistipes",0.95,0.94,0.96,94,96,26274,TRUE,TRUE,TRUE,FALSE,TRUE,TRUE,TRUE,"ok","ok","",""
"SchirmerM_2016","Schirmer 2016",26,"fourfold","Anaerobutyricum",0.99,0.99,0.99,99,99,17895,TRUE,TRUE,TRUE,FALSE,TRUE,TRUE,TRUE,"ok","ok","",""
"SchirmerM_2016","Schirmer 2016",26,"fourfold","Anaerostipes",0.99,0.99,0.99,99,99,20682,TRUE,TRUE,TRUE,FALSE,TRUE,TRUE,TRUE,"ok","ok","",""
"SchirmerM_2016","Schirmer 2016",26,"fourfold","Bacteroides",1,1,1,100,100,56033,TRUE,TRUE,FALSE,TRUE,TRUE,TRUE,TRUE,"no_observed_zeros","ok","",""
"SchirmerM_2016","Schirmer 2016",26,"fourfold","Barnesiella",0.805,0.79,0.82,79,82,5591,TRUE,TRUE,TRUE,FALSE,TRUE,TRUE,TRUE,"ok","ok","",""
"SchirmerM_2016","Schirmer 2016",26,"fourfold","Bifidobacterium",0.98,0.97,0.99,97,99,109038,TRUE,TRUE,TRUE,FALSE,TRUE,TRUE,TRUE,"ok","ok","",""
"SchirmerM_2016","Schirmer 2016",26,"fourfold","Blautia",0.995,0.99,1,99,100,19666,TRUE,TRUE,TRUE,FALSE,TRUE,TRUE,TRUE,"ok","ok","",""
"SchirmerM_2016","Schirmer 2016",26,"fourfold","Collinsella",0.925,0.89,0.96,89,96,34439,TRUE,TRUE,TRUE,FALSE,TRUE,TRUE,TRUE,"ok","ok","",""
"SchirmerM_2016","Schirmer 2016",26,"fourfold","Coprococcus",0.97,0.98,0.96,98,96,29130,TRUE,TRUE,TRUE,FALSE,TRUE,TRUE,TRUE,"ok","ok","",""
"SchirmerM_2016","Schirmer 2016",26,"fourfold","Dialister",0.515,0.55,0.48,55,48,4288,TRUE,TRUE,TRUE,FALSE,TRUE,TRUE,TRUE,"ok","ok","",""
"SchirmerM_2016","Schirmer 2016",26,"fourfold","Dorea",0.99,1,0.98,100,98,29452,TRUE,TRUE,TRUE,FALSE,TRUE,TRUE,TRUE,"ok","ok","",""
"SchirmerM_2016","Schirmer 2016",26,"fourfold","Eubacterium",0.975,0.97,0.98,97,98,12696,TRUE,TRUE,TRUE,FALSE,TRUE,TRUE,TRUE,"ok","ok","",""
"SchirmerM_2016","Schirmer 2016",26,"fourfold","Faecalibacterium",0.985,0.98,0.99,98,99,52803,TRUE,TRUE,TRUE,FALSE,TRUE,TRUE,TRUE,"ok","ok","",""
"SchirmerM_2016","Schirmer 2016",26,"fourfold","Firmicutes_unclassified",0.825,0.76,0.89,76,89,5228,TRUE,TRUE,TRUE,FALSE,TRUE,TRUE,TRUE,"ok","ok","",""
"SchirmerM_2016","Schirmer 2016",26,"fourfold","Fusicatenibacter",0.975,0.98,0.97,98,97,30655,TRUE,TRUE,TRUE,FALSE,TRUE,TRUE,TRUE,"ok","ok","",""
"SchirmerM_2016","Schirmer 2016",26,"fourfold","Lachnospira",0.84,0.82,0.86,82,86,9251,TRUE,TRUE,TRUE,FALSE,TRUE,TRUE,TRUE,"ok","ok","",""
"SchirmerM_2016","Schirmer 2016",26,"fourfold","Lachnospiraceae_unclassified",0.91,0.91,0.91,91,91,43229,TRUE,TRUE,TRUE,FALSE,TRUE,TRUE,TRUE,"ok","ok","",""
"SchirmerM_2016","Schirmer 2016",26,"fourfold","Mediterraneibacter",0.99,1,0.98,100,98,23248,TRUE,TRUE,TRUE,FALSE,TRUE,TRUE,TRUE,"ok","ok","",""
"SchirmerM_2016","Schirmer 2016",26,"fourfold","Methanobrevibacter",0.365,0.31,0.42,31,42,7708,TRUE,TRUE,TRUE,FALSE,TRUE,TRUE,TRUE,"ok","ok","",""
"SchirmerM_2016","Schirmer 2016",26,"fourfold","Oscillibacter",0.775,0.7,0.85,70,85,4651,TRUE,TRUE,TRUE,FALSE,TRUE,TRUE,TRUE,"ok","ok","",""
"SchirmerM_2016","Schirmer 2016",26,"fourfold","Parabacteroides",0.945,0.9,0.99,90,99,12209,TRUE,TRUE,TRUE,FALSE,TRUE,TRUE,TRUE,"ok","ok","",""
"SchirmerM_2016","Schirmer 2016",26,"fourfold","Phascolarctobacterium",0.46,0.43,0.49,43,49,3809,TRUE,TRUE,TRUE,FALSE,TRUE,TRUE,TRUE,"ok","ok","",""
"SchirmerM_2016","Schirmer 2016",26,"fourfold","Phocaeicola",1,1,1,100,100,40029,TRUE,TRUE,FALSE,TRUE,TRUE,TRUE,TRUE,"no_observed_zeros","ok","",""
"SchirmerM_2016","Schirmer 2016",26,"fourfold","Prevotella",0.505,0.46,0.55,46,55,40102,TRUE,TRUE,TRUE,FALSE,TRUE,TRUE,TRUE,"ok","ok","",""
"SchirmerM_2016","Schirmer 2016",26,"fourfold","Roseburia",0.975,0.98,0.97,98,97,37332,TRUE,TRUE,TRUE,FALSE,TRUE,TRUE,TRUE,"ok","ok","",""
"SchirmerM_2016","Schirmer 2016",26,"fourfold","Ruminococcaceae_unclassified",0.67,0.52,0.82,52,82,4097,TRUE,TRUE,TRUE,FALSE,TRUE,TRUE,TRUE,"ok","ok","",""
"SchirmerM_2016","Schirmer 2016",26,"fourfold","Ruminococcus",0.885,0.88,0.89,88,89,62471,TRUE,TRUE,TRUE,FALSE,TRUE,TRUE,TRUE,"ok","ok","",""
"SchirmerM_2016","Schirmer 2016",26,"fourfold","Streptococcus",0.905,0.89,0.92,89,92,6940,TRUE,TRUE,TRUE,FALSE,TRUE,TRUE,TRUE,"ok","ok","",""
"SchirmerM_2016","Schirmer 2016",27,"balanced","Agathobaculum",0.9,0.93,0.87,93,87,3722,TRUE,TRUE,TRUE,FALSE,TRUE,TRUE,TRUE,"ok","ok","",""
"SchirmerM_2016","Schirmer 2016",27,"balanced","Akkermansia",0.48,0.5,0.46,50,46,9477,TRUE,TRUE,TRUE,FALSE,TRUE,TRUE,TRUE,"ok","ok","",""
"SchirmerM_2016","Schirmer 2016",27,"balanced","Alistipes",0.965,0.98,0.95,98,95,29363,TRUE,TRUE,TRUE,FALSE,TRUE,TRUE,TRUE,"ok","ok","",""
"SchirmerM_2016","Schirmer 2016",27,"balanced","Anaerobutyricum",0.99,0.98,1,98,100,20153,TRUE,TRUE,TRUE,FALSE,TRUE,TRUE,TRUE,"ok","ok","",""
"SchirmerM_2016","Schirmer 2016",27,"balanced","Anaerostipes",0.995,0.99,1,99,100,23738,TRUE,TRUE,TRUE,FALSE,TRUE,TRUE,TRUE,"ok","ok","",""
"SchirmerM_2016","Schirmer 2016",27,"balanced","Bacteroides",1,1,1,100,100,54300,TRUE,TRUE,FALSE,TRUE,TRUE,TRUE,TRUE,"no_observed_zeros","ok","",""
"SchirmerM_2016","Schirmer 2016",27,"balanced","Barnesiella",0.805,0.81,0.8,81,80,6791,TRUE,TRUE,TRUE,FALSE,TRUE,TRUE,TRUE,"ok","ok","",""
"SchirmerM_2016","Schirmer 2016",27,"balanced","Bifidobacterium",0.975,0.95,1,95,100,119648,TRUE,TRUE,TRUE,FALSE,TRUE,TRUE,TRUE,"ok","ok","",""
"SchirmerM_2016","Schirmer 2016",27,"balanced","Blautia",1,1,1,100,100,20645,TRUE,TRUE,FALSE,TRUE,TRUE,TRUE,TRUE,"no_observed_zeros","ok","",""
"SchirmerM_2016","Schirmer 2016",27,"balanced","Collinsella",0.93,0.89,0.97,89,97,37644,TRUE,TRUE,TRUE,FALSE,TRUE,TRUE,TRUE,"ok","ok","",""
"SchirmerM_2016","Schirmer 2016",27,"balanced","Coprococcus",0.97,0.96,0.98,96,98,29608,TRUE,TRUE,TRUE,FALSE,TRUE,TRUE,TRUE,"ok","ok","",""
"SchirmerM_2016","Schirmer 2016",27,"balanced","Dialister",0.535,0.55,0.52,55,52,6023,TRUE,TRUE,TRUE,FALSE,TRUE,TRUE,TRUE,"ok","ok","",""
"SchirmerM_2016","Schirmer 2016",27,"balanced","Dorea",0.99,0.98,1,98,100,31728,TRUE,TRUE,TRUE,FALSE,TRUE,TRUE,TRUE,"ok","ok","",""
"SchirmerM_2016","Schirmer 2016",27,"balanced","Eubacterium",0.99,0.99,0.99,99,99,16166,TRUE,TRUE,TRUE,FALSE,TRUE,TRUE,TRUE,"ok","ok","",""
"SchirmerM_2016","Schirmer 2016",27,"balanced","Faecalibacterium",0.985,0.98,0.99,98,99,55840,TRUE,TRUE,TRUE,FALSE,TRUE,TRUE,TRUE,"ok","ok","",""
"SchirmerM_2016","Schirmer 2016",27,"balanced","Firmicutes_unclassified",0.845,0.88,0.81,88,81,5351,TRUE,TRUE,TRUE,FALSE,TRUE,TRUE,TRUE,"ok","ok","",""
"SchirmerM_2016","Schirmer 2016",27,"balanced","Fusicatenibacter",0.98,0.97,0.99,97,99,30448,TRUE,TRUE,TRUE,FALSE,TRUE,TRUE,TRUE,"ok","ok","",""
"SchirmerM_2016","Schirmer 2016",27,"balanced","Lachnospira",0.86,0.9,0.82,90,82,10116,TRUE,TRUE,TRUE,FALSE,TRUE,TRUE,TRUE,"ok","ok","",""
"SchirmerM_2016","Schirmer 2016",27,"balanced","Lachnospiraceae_unclassified",0.94,0.95,0.93,95,93,43229,TRUE,TRUE,TRUE,FALSE,TRUE,TRUE,TRUE,"ok","ok","",""
"SchirmerM_2016","Schirmer 2016",27,"balanced","Mediterraneibacter",0.985,0.97,1,97,100,25076,TRUE,TRUE,TRUE,FALSE,TRUE,TRUE,TRUE,"ok","ok","",""
"SchirmerM_2016","Schirmer 2016",27,"balanced","Methanobrevibacter",0.39,0.37,0.41,37,41,7594,TRUE,TRUE,TRUE,FALSE,TRUE,TRUE,TRUE,"ok","ok","",""
"SchirmerM_2016","Schirmer 2016",27,"balanced","Oscillibacter",0.835,0.83,0.84,83,84,4609,TRUE,TRUE,TRUE,FALSE,TRUE,TRUE,TRUE,"ok","ok","",""
"SchirmerM_2016","Schirmer 2016",27,"balanced","Parabacteroides",0.965,0.98,0.95,98,95,13261,TRUE,TRUE,TRUE,FALSE,TRUE,TRUE,TRUE,"ok","ok","",""
"SchirmerM_2016","Schirmer 2016",27,"balanced","Phascolarctobacterium",0.48,0.46,0.5,46,50,3670,TRUE,TRUE,TRUE,FALSE,TRUE,TRUE,TRUE,"ok","ok","",""
"SchirmerM_2016","Schirmer 2016",27,"balanced","Phocaeicola",1,1,1,100,100,40925,TRUE,TRUE,FALSE,TRUE,TRUE,TRUE,TRUE,"no_observed_zeros","ok","",""
"SchirmerM_2016","Schirmer 2016",27,"balanced","Prevotella",0.5,0.47,0.53,47,53,57173,TRUE,TRUE,TRUE,FALSE,TRUE,TRUE,TRUE,"ok","ok","",""
"SchirmerM_2016","Schirmer 2016",27,"balanced","Roseburia",0.985,0.98,0.99,98,99,45044,TRUE,TRUE,TRUE,FALSE,TRUE,TRUE,TRUE,"ok","ok","",""
"SchirmerM_2016","Schirmer 2016",27,"balanced","Ruminococcaceae_unclassified",0.68,0.71,0.65,71,65,4807,TRUE,TRUE,TRUE,FALSE,TRUE,TRUE,TRUE,"ok","ok","",""
"SchirmerM_2016","Schirmer 2016",27,"balanced","Ruminococcus",0.895,0.86,0.93,86,93,67872,TRUE,TRUE,TRUE,FALSE,TRUE,TRUE,TRUE,"ok","ok","",""
"SchirmerM_2016","Schirmer 2016",27,"balanced","Streptococcus",0.925,0.93,0.92,93,92,6518,TRUE,TRUE,TRUE,FALSE,TRUE,TRUE,TRUE,"ok","ok","",""
"SchirmerM_2016","Schirmer 2016",27,"fourfold","Agathobaculum",0.9,0.88,0.92,88,92,4541,TRUE,TRUE,TRUE,FALSE,TRUE,TRUE,TRUE,"ok","ok","",""
"SchirmerM_2016","Schirmer 2016",27,"fourfold","Akkermansia",0.47,0.45,0.49,45,49,7979,TRUE,TRUE,TRUE,FALSE,TRUE,TRUE,TRUE,"ok","ok","",""
"SchirmerM_2016","Schirmer 2016",27,"fourfold","Alistipes",0.955,0.96,0.95,96,95,27783,TRUE,TRUE,TRUE,FALSE,TRUE,TRUE,TRUE,"ok","ok","",""
"SchirmerM_2016","Schirmer 2016",27,"fourfold","Anaerobutyricum",0.99,0.98,1,98,100,20037,TRUE,TRUE,TRUE,FALSE,TRUE,TRUE,TRUE,"ok","ok","",""
"SchirmerM_2016","Schirmer 2016",27,"fourfold","Anaerostipes",0.985,0.97,1,97,100,23906,TRUE,TRUE,TRUE,FALSE,TRUE,TRUE,TRUE,"ok","ok","",""
"SchirmerM_2016","Schirmer 2016",27,"fourfold","Bacteroides",1,1,1,100,100,48693,TRUE,TRUE,FALSE,TRUE,TRUE,TRUE,TRUE,"no_observed_zeros","ok","",""
"SchirmerM_2016","Schirmer 2016",27,"fourfold","Barnesiella",0.8,0.77,0.83,77,83,6686,TRUE,TRUE,TRUE,FALSE,TRUE,TRUE,TRUE,"ok","ok","",""
"SchirmerM_2016","Schirmer 2016",27,"fourfold","Bifidobacterium",0.98,0.96,1,96,100,131929,TRUE,TRUE,TRUE,FALSE,TRUE,TRUE,TRUE,"ok","ok","",""
"SchirmerM_2016","Schirmer 2016",27,"fourfold","Blautia",1,1,1,100,100,19145,TRUE,TRUE,FALSE,TRUE,TRUE,TRUE,TRUE,"no_observed_zeros","ok","",""
"SchirmerM_2016","Schirmer 2016",27,"fourfold","Collinsella",0.925,0.88,0.97,88,97,39117,TRUE,TRUE,TRUE,FALSE,TRUE,TRUE,TRUE,"ok","ok","",""
"SchirmerM_2016","Schirmer 2016",27,"fourfold","Coprococcus",0.975,0.96,0.99,96,99,31578,TRUE,TRUE,TRUE,FALSE,TRUE,TRUE,TRUE,"ok","ok","",""
"SchirmerM_2016","Schirmer 2016",27,"fourfold","Dialister",0.515,0.51,0.52,51,52,6342,TRUE,TRUE,TRUE,FALSE,TRUE,TRUE,TRUE,"ok","ok","",""
"SchirmerM_2016","Schirmer 2016",27,"fourfold","Dorea",0.99,0.98,1,98,100,32906,TRUE,TRUE,TRUE,FALSE,TRUE,TRUE,TRUE,"ok","ok","",""
"SchirmerM_2016","Schirmer 2016",27,"fourfold","Eubacterium",0.985,0.97,1,97,100,14624,TRUE,TRUE,FALSE,TRUE,TRUE,TRUE,TRUE,"structural_absence_boundary_at_zero","ok","",""
"SchirmerM_2016","Schirmer 2016",27,"fourfold","Faecalibacterium",0.985,0.98,0.99,98,99,60495,TRUE,TRUE,TRUE,FALSE,TRUE,TRUE,TRUE,"ok","ok","",""
"SchirmerM_2016","Schirmer 2016",27,"fourfold","Firmicutes_unclassified",0.825,0.77,0.88,77,88,5079,TRUE,TRUE,TRUE,FALSE,TRUE,TRUE,TRUE,"ok","ok","",""
"SchirmerM_2016","Schirmer 2016",27,"fourfold","Fusicatenibacter",0.98,0.97,0.99,97,99,34083,TRUE,TRUE,TRUE,FALSE,TRUE,TRUE,TRUE,"ok","ok","",""
"SchirmerM_2016","Schirmer 2016",27,"fourfold","Lachnospira",0.84,0.84,0.84,84,84,10845,TRUE,TRUE,TRUE,FALSE,TRUE,TRUE,TRUE,"ok","ok","",""
"SchirmerM_2016","Schirmer 2016",27,"fourfold","Lachnospiraceae_unclassified",0.91,0.89,0.93,89,93,41886,TRUE,TRUE,TRUE,FALSE,TRUE,TRUE,TRUE,"ok","ok","",""
"SchirmerM_2016","Schirmer 2016",27,"fourfold","Mediterraneibacter",0.985,0.97,1,97,100,24856,TRUE,TRUE,TRUE,FALSE,TRUE,TRUE,TRUE,"ok","ok","",""
"SchirmerM_2016","Schirmer 2016",27,"fourfold","Methanobrevibacter",0.38,0.36,0.4,36,40,8982,TRUE,TRUE,TRUE,FALSE,TRUE,TRUE,TRUE,"ok","ok","",""
"SchirmerM_2016","Schirmer 2016",27,"fourfold","Oscillibacter",0.795,0.75,0.84,75,84,4408,TRUE,TRUE,TRUE,FALSE,TRUE,TRUE,TRUE,"ok","ok","",""
"SchirmerM_2016","Schirmer 2016",27,"fourfold","Parabacteroides",0.955,0.97,0.94,97,94,13539,TRUE,TRUE,TRUE,FALSE,TRUE,TRUE,TRUE,"ok","ok","",""
"SchirmerM_2016","Schirmer 2016",27,"fourfold","Phascolarctobacterium",0.485,0.46,0.51,46,51,3188,TRUE,TRUE,TRUE,FALSE,TRUE,TRUE,TRUE,"ok","ok","",""
"SchirmerM_2016","Schirmer 2016",27,"fourfold","Phocaeicola",1,1,1,100,100,39505,TRUE,TRUE,FALSE,TRUE,TRUE,TRUE,TRUE,"no_observed_zeros","ok","",""
"SchirmerM_2016","Schirmer 2016",27,"fourfold","Prevotella",0.495,0.47,0.52,47,52,43197,TRUE,TRUE,TRUE,FALSE,TRUE,TRUE,TRUE,"ok","ok","",""
"SchirmerM_2016","Schirmer 2016",27,"fourfold","Roseburia",0.99,0.99,0.99,99,99,46428,TRUE,TRUE,TRUE,FALSE,TRUE,TRUE,TRUE,"ok","ok","",""
"SchirmerM_2016","Schirmer 2016",27,"fourfold","Ruminococcaceae_unclassified",0.705,0.69,0.72,69,72,3828,TRUE,TRUE,TRUE,FALSE,TRUE,TRUE,TRUE,"ok","ok","",""
"SchirmerM_2016","Schirmer 2016",27,"fourfold","Ruminococcus",0.89,0.86,0.92,86,92,68173,TRUE,TRUE,TRUE,FALSE,TRUE,TRUE,TRUE,"ok","ok","",""
"SchirmerM_2016","Schirmer 2016",27,"fourfold","Streptococcus",0.885,0.84,0.93,84,93,7336,TRUE,TRUE,TRUE,FALSE,TRUE,TRUE,TRUE,"ok","ok","",""
"SchirmerM_2016","Schirmer 2016",28,"balanced","Agathobaculum",0.905,0.92,0.89,92,89,4324,TRUE,TRUE,TRUE,FALSE,TRUE,TRUE,TRUE,"ok","ok","",""
"SchirmerM_2016","Schirmer 2016",28,"balanced","Akkermansia",0.47,0.47,0.47,47,47,8807,TRUE,TRUE,TRUE,FALSE,TRUE,TRUE,TRUE,"ok","ok","",""
"SchirmerM_2016","Schirmer 2016",28,"balanced","Alistipes",0.96,0.96,0.96,96,96,26554,TRUE,TRUE,TRUE,FALSE,TRUE,TRUE,TRUE,"ok","ok","",""
"SchirmerM_2016","Schirmer 2016",28,"balanced","Anaerobutyricum",0.99,0.99,0.99,99,99,21119,TRUE,TRUE,TRUE,FALSE,TRUE,TRUE,TRUE,"ok","ok","",""
"SchirmerM_2016","Schirmer 2016",28,"balanced","Anaerostipes",0.995,0.99,1,99,100,24850,TRUE,TRUE,TRUE,FALSE,TRUE,TRUE,TRUE,"ok","ok","",""
"SchirmerM_2016","Schirmer 2016",28,"balanced","Bacteroides",0.995,1,0.99,100,99,55344,TRUE,TRUE,TRUE,FALSE,TRUE,TRUE,TRUE,"ok","ok","",""
"SchirmerM_2016","Schirmer 2016",28,"balanced","Barnesiella",0.81,0.81,0.81,81,81,6543,TRUE,TRUE,TRUE,FALSE,TRUE,TRUE,TRUE,"ok","ok","",""
"SchirmerM_2016","Schirmer 2016",28,"balanced","Bifidobacterium",0.98,0.99,0.97,99,97,129264,TRUE,TRUE,TRUE,FALSE,TRUE,TRUE,TRUE,"ok","ok","",""
"SchirmerM_2016","Schirmer 2016",28,"balanced","Blautia",1,1,1,100,100,22797,TRUE,TRUE,FALSE,TRUE,TRUE,TRUE,TRUE,"no_observed_zeros","ok","",""
"SchirmerM_2016","Schirmer 2016",28,"balanced","Collinsella",0.915,0.9,0.93,90,93,38312,TRUE,TRUE,TRUE,FALSE,TRUE,TRUE,TRUE,"ok","ok","",""
"SchirmerM_2016","Schirmer 2016",28,"balanced","Coprococcus",0.975,0.98,0.97,98,97,30812,TRUE,TRUE,TRUE,FALSE,TRUE,TRUE,TRUE,"ok","ok","",""
"SchirmerM_2016","Schirmer 2016",28,"balanced","Dialister",0.53,0.52,0.54,52,54,5297,TRUE,TRUE,TRUE,FALSE,TRUE,TRUE,TRUE,"ok","ok","",""
"SchirmerM_2016","Schirmer 2016",28,"balanced","Dorea",0.995,1,0.99,100,99,32867,TRUE,TRUE,TRUE,FALSE,TRUE,TRUE,TRUE,"ok","ok","",""
"SchirmerM_2016","Schirmer 2016",28,"balanced","Eubacterium",0.99,0.99,0.99,99,99,15646,TRUE,TRUE,TRUE,FALSE,TRUE,TRUE,TRUE,"ok","ok","",""
"SchirmerM_2016","Schirmer 2016",28,"balanced","Faecalibacterium",0.985,0.98,0.99,98,99,58643,TRUE,TRUE,TRUE,FALSE,TRUE,TRUE,TRUE,"ok","ok","",""
"SchirmerM_2016","Schirmer 2016",28,"balanced","Firmicutes_unclassified",0.845,0.82,0.87,82,87,5256,TRUE,TRUE,TRUE,FALSE,TRUE,TRUE,TRUE,"ok","ok","",""
"SchirmerM_2016","Schirmer 2016",28,"balanced","Fusicatenibacter",0.975,0.96,0.99,96,99,32565,TRUE,TRUE,TRUE,FALSE,TRUE,TRUE,TRUE,"ok","ok","",""
"SchirmerM_2016","Schirmer 2016",28,"balanced","Lachnospira",0.84,0.88,0.8,88,80,10212,TRUE,TRUE,TRUE,FALSE,TRUE,TRUE,TRUE,"ok","ok","",""
"SchirmerM_2016","Schirmer 2016",28,"balanced","Lachnospiraceae_unclassified",0.92,0.95,0.89,95,89,43128,TRUE,TRUE,TRUE,FALSE,TRUE,TRUE,TRUE,"ok","ok","",""
"SchirmerM_2016","Schirmer 2016",28,"balanced","Mediterraneibacter",0.995,0.99,1,99,100,26475,TRUE,TRUE,TRUE,FALSE,TRUE,TRUE,TRUE,"ok","ok","",""
"SchirmerM_2016","Schirmer 2016",28,"balanced","Methanobrevibacter",0.37,0.36,0.38,36,38,8193,TRUE,TRUE,TRUE,FALSE,TRUE,TRUE,TRUE,"ok","ok","",""
"SchirmerM_2016","Schirmer 2016",28,"balanced","Oscillibacter",0.82,0.84,0.8,84,80,4594,TRUE,TRUE,TRUE,FALSE,TRUE,TRUE,TRUE,"ok","ok","",""
"SchirmerM_2016","Schirmer 2016",28,"balanced","Parabacteroides",0.965,0.95,0.98,95,98,12857,TRUE,TRUE,TRUE,FALSE,TRUE,TRUE,TRUE,"ok","ok","",""
"SchirmerM_2016","Schirmer 2016",28,"balanced","Phascolarctobacterium",0.48,0.46,0.5,46,50,3748,TRUE,TRUE,TRUE,FALSE,TRUE,TRUE,TRUE,"ok","ok","",""
"SchirmerM_2016","Schirmer 2016",28,"balanced","Phocaeicola",1,1,1,100,100,42326,TRUE,TRUE,FALSE,TRUE,TRUE,TRUE,TRUE,"no_observed_zeros","ok","",""
"SchirmerM_2016","Schirmer 2016",28,"balanced","Prevotella",0.5,0.48,0.52,48,52,49673,TRUE,TRUE,TRUE,FALSE,TRUE,TRUE,TRUE,"ok","ok","",""
"SchirmerM_2016","Schirmer 2016",28,"balanced","Roseburia",0.985,0.98,0.99,98,99,44780,TRUE,TRUE,TRUE,FALSE,TRUE,TRUE,TRUE,"ok","ok","",""
"SchirmerM_2016","Schirmer 2016",28,"balanced","Ruminococcaceae_unclassified",0.665,0.65,0.68,65,68,5038,TRUE,TRUE,TRUE,FALSE,TRUE,TRUE,TRUE,"ok","ok","",""
"SchirmerM_2016","Schirmer 2016",28,"balanced","Ruminococcus",0.895,0.9,0.89,90,89,62171,TRUE,TRUE,TRUE,FALSE,TRUE,TRUE,TRUE,"ok","ok","",""
"SchirmerM_2016","Schirmer 2016",28,"balanced","Streptococcus",0.915,0.94,0.89,94,89,7579,TRUE,TRUE,TRUE,FALSE,TRUE,TRUE,TRUE,"ok","ok","",""
"SchirmerM_2016","Schirmer 2016",28,"fourfold","Agathobaculum",0.875,0.83,0.92,83,92,3462,TRUE,TRUE,TRUE,FALSE,TRUE,TRUE,TRUE,"ok","ok","",""
"SchirmerM_2016","Schirmer 2016",28,"fourfold","Akkermansia",0.45,0.43,0.47,43,47,8805,TRUE,TRUE,TRUE,FALSE,TRUE,TRUE,TRUE,"ok","ok","",""
"SchirmerM_2016","Schirmer 2016",28,"fourfold","Alistipes",0.95,0.94,0.96,94,96,24213,TRUE,TRUE,TRUE,FALSE,TRUE,TRUE,TRUE,"ok","ok","",""
"SchirmerM_2016","Schirmer 2016",28,"fourfold","Anaerobutyricum",0.985,0.98,0.99,98,99,18684,TRUE,TRUE,TRUE,FALSE,TRUE,TRUE,TRUE,"ok","ok","",""
"SchirmerM_2016","Schirmer 2016",28,"fourfold","Anaerostipes",0.99,0.98,1,98,100,22614,TRUE,TRUE,TRUE,FALSE,TRUE,TRUE,TRUE,"ok","ok","",""
"SchirmerM_2016","Schirmer 2016",28,"fourfold","Bacteroides",0.995,1,0.99,100,99,44821,TRUE,TRUE,TRUE,FALSE,TRUE,TRUE,TRUE,"ok","ok","",""
"SchirmerM_2016","Schirmer 2016",28,"fourfold","Barnesiella",0.795,0.76,0.83,76,83,5865,TRUE,TRUE,TRUE,FALSE,TRUE,TRUE,TRUE,"ok","ok","",""
"SchirmerM_2016","Schirmer 2016",28,"fourfold","Bifidobacterium",0.975,0.98,0.97,98,97,118815,TRUE,TRUE,TRUE,FALSE,TRUE,TRUE,TRUE,"ok","ok","",""
"SchirmerM_2016","Schirmer 2016",28,"fourfold","Blautia",0.995,0.99,1,99,100,22493,TRUE,TRUE,TRUE,FALSE,TRUE,TRUE,TRUE,"ok","ok","",""
"SchirmerM_2016","Schirmer 2016",28,"fourfold","Collinsella",0.91,0.89,0.93,89,93,36802,TRUE,TRUE,TRUE,FALSE,TRUE,TRUE,TRUE,"ok","ok","",""
"SchirmerM_2016","Schirmer 2016",28,"fourfold","Coprococcus",0.98,0.98,0.98,98,98,30265,TRUE,TRUE,TRUE,FALSE,TRUE,TRUE,TRUE,"ok","ok","",""
"SchirmerM_2016","Schirmer 2016",28,"fourfold","Dialister",0.5,0.46,0.54,46,54,4550,TRUE,TRUE,TRUE,FALSE,TRUE,TRUE,TRUE,"ok","ok","",""
"SchirmerM_2016","Schirmer 2016",28,"fourfold","Dorea",0.99,0.99,0.99,99,99,29252,TRUE,TRUE,TRUE,FALSE,TRUE,TRUE,TRUE,"ok","ok","",""
"SchirmerM_2016","Schirmer 2016",28,"fourfold","Eubacterium",0.97,0.96,0.98,96,98,15629,TRUE,TRUE,TRUE,FALSE,TRUE,TRUE,TRUE,"ok","ok","",""
"SchirmerM_2016","Schirmer 2016",28,"fourfold","Faecalibacterium",0.985,0.98,0.99,98,99,54868,TRUE,TRUE,TRUE,FALSE,TRUE,TRUE,TRUE,"ok","ok","",""
"SchirmerM_2016","Schirmer 2016",28,"fourfold","Firmicutes_unclassified",0.83,0.75,0.91,75,91,4594,TRUE,TRUE,TRUE,FALSE,TRUE,TRUE,TRUE,"ok","ok","",""
"SchirmerM_2016","Schirmer 2016",28,"fourfold","Fusicatenibacter",0.97,0.95,0.99,95,99,30100,TRUE,TRUE,TRUE,FALSE,TRUE,TRUE,TRUE,"ok","ok","",""
"SchirmerM_2016","Schirmer 2016",28,"fourfold","Lachnospira",0.85,0.83,0.87,83,87,10020,TRUE,TRUE,TRUE,FALSE,TRUE,TRUE,TRUE,"ok","ok","",""
"SchirmerM_2016","Schirmer 2016",28,"fourfold","Lachnospiraceae_unclassified",0.935,0.95,0.92,95,92,39352,TRUE,TRUE,TRUE,FALSE,TRUE,TRUE,TRUE,"ok","ok","",""
"SchirmerM_2016","Schirmer 2016",28,"fourfold","Mediterraneibacter",0.975,0.96,0.99,96,99,24761,TRUE,TRUE,TRUE,FALSE,TRUE,TRUE,TRUE,"ok","ok","",""
"SchirmerM_2016","Schirmer 2016",28,"fourfold","Methanobrevibacter",0.365,0.33,0.4,33,40,7289,TRUE,TRUE,TRUE,FALSE,TRUE,TRUE,TRUE,"ok","ok","",""
"SchirmerM_2016","Schirmer 2016",28,"fourfold","Oscillibacter",0.795,0.78,0.81,78,81,3937,TRUE,TRUE,TRUE,FALSE,TRUE,TRUE,TRUE,"ok","ok","",""
"SchirmerM_2016","Schirmer 2016",28,"fourfold","Parabacteroides",0.965,0.95,0.98,95,98,11230,TRUE,TRUE,TRUE,FALSE,TRUE,TRUE,TRUE,"ok","ok","",""
"SchirmerM_2016","Schirmer 2016",28,"fourfold","Phascolarctobacterium",0.495,0.43,0.56,43,56,3588,TRUE,TRUE,TRUE,FALSE,TRUE,TRUE,TRUE,"ok","ok","",""
"SchirmerM_2016","Schirmer 2016",28,"fourfold","Phocaeicola",1,1,1,100,100,39421,TRUE,TRUE,FALSE,TRUE,TRUE,TRUE,TRUE,"no_observed_zeros","ok","",""
"SchirmerM_2016","Schirmer 2016",28,"fourfold","Prevotella",0.495,0.47,0.52,47,52,48127,TRUE,TRUE,TRUE,FALSE,TRUE,TRUE,TRUE,"ok","ok","",""
"SchirmerM_2016","Schirmer 2016",28,"fourfold","Roseburia",0.975,0.96,0.99,96,99,39990,TRUE,TRUE,TRUE,FALSE,TRUE,TRUE,TRUE,"ok","ok","",""
"SchirmerM_2016","Schirmer 2016",28,"fourfold","Ruminococcaceae_unclassified",0.655,0.55,0.76,55,76,4658,TRUE,TRUE,TRUE,FALSE,TRUE,TRUE,TRUE,"ok","ok","",""
"SchirmerM_2016","Schirmer 2016",28,"fourfold","Ruminococcus",0.895,0.89,0.9,89,90,58632,TRUE,TRUE,TRUE,FALSE,TRUE,TRUE,TRUE,"ok","ok","",""
"SchirmerM_2016","Schirmer 2016",28,"fourfold","Streptococcus",0.9,0.89,0.91,89,91,6335,TRUE,TRUE,TRUE,FALSE,TRUE,TRUE,TRUE,"ok","ok","",""
"SchirmerM_2016","Schirmer 2016",29,"balanced","Agathobaculum",0.915,0.92,0.91,92,91,3728,TRUE,TRUE,TRUE,FALSE,TRUE,TRUE,TRUE,"ok","ok","",""
"SchirmerM_2016","Schirmer 2016",29,"balanced","Akkermansia",0.465,0.45,0.48,45,48,8414,TRUE,TRUE,TRUE,FALSE,TRUE,TRUE,TRUE,"ok","ok","",""
"SchirmerM_2016","Schirmer 2016",29,"balanced","Alistipes",0.955,0.95,0.96,95,96,26928,TRUE,TRUE,TRUE,FALSE,TRUE,TRUE,TRUE,"ok","ok","",""
"SchirmerM_2016","Schirmer 2016",29,"balanced","Anaerobutyricum",0.99,0.99,0.99,99,99,19893,TRUE,TRUE,TRUE,FALSE,TRUE,TRUE,TRUE,"ok","ok","",""
"SchirmerM_2016","Schirmer 2016",29,"balanced","Anaerostipes",0.995,1,0.99,100,99,24430,TRUE,TRUE,TRUE,FALSE,TRUE,TRUE,TRUE,"ok","ok","",""
"SchirmerM_2016","Schirmer 2016",29,"balanced","Bacteroides",1,1,1,100,100,54904,TRUE,TRUE,FALSE,TRUE,TRUE,TRUE,TRUE,"no_observed_zeros","ok","",""
"SchirmerM_2016","Schirmer 2016",29,"balanced","Barnesiella",0.81,0.84,0.78,84,78,6052,TRUE,TRUE,TRUE,FALSE,TRUE,TRUE,TRUE,"ok","ok","",""
"SchirmerM_2016","Schirmer 2016",29,"balanced","Bifidobacterium",0.98,0.99,0.97,99,97,122314,TRUE,TRUE,TRUE,FALSE,TRUE,TRUE,TRUE,"ok","ok","",""
"SchirmerM_2016","Schirmer 2016",29,"balanced","Blautia",1,1,1,100,100,21283,TRUE,TRUE,FALSE,TRUE,TRUE,TRUE,TRUE,"no_observed_zeros","ok","",""
"SchirmerM_2016","Schirmer 2016",29,"balanced","Collinsella",0.92,0.93,0.91,93,91,38239,TRUE,TRUE,TRUE,FALSE,TRUE,TRUE,TRUE,"ok","ok","",""
"SchirmerM_2016","Schirmer 2016",29,"balanced","Coprococcus",0.975,0.99,0.96,99,96,31158,TRUE,TRUE,TRUE,FALSE,TRUE,TRUE,TRUE,"ok","ok","",""
"SchirmerM_2016","Schirmer 2016",29,"balanced","Dialister",0.53,0.54,0.52,54,52,4480,TRUE,TRUE,TRUE,FALSE,TRUE,TRUE,TRUE,"ok","ok","",""
"SchirmerM_2016","Schirmer 2016",29,"balanced","Dorea",0.99,0.99,0.99,99,99,32004,TRUE,TRUE,TRUE,FALSE,TRUE,TRUE,TRUE,"ok","ok","",""
"SchirmerM_2016","Schirmer 2016",29,"balanced","Eubacterium",0.98,0.99,0.97,99,97,15283,TRUE,TRUE,TRUE,FALSE,TRUE,TRUE,TRUE,"ok","ok","",""
"SchirmerM_2016","Schirmer 2016",29,"balanced","Faecalibacterium",0.985,0.99,0.98,99,98,56350,TRUE,TRUE,TRUE,FALSE,TRUE,TRUE,TRUE,"ok","ok","",""
"SchirmerM_2016","Schirmer 2016",29,"balanced","Firmicutes_unclassified",0.84,0.86,0.82,86,82,5697,TRUE,TRUE,TRUE,FALSE,TRUE,TRUE,TRUE,"ok","ok","",""
"SchirmerM_2016","Schirmer 2016",29,"balanced","Fusicatenibacter",0.975,0.98,0.97,98,97,31296,TRUE,TRUE,TRUE,FALSE,TRUE,TRUE,TRUE,"ok","ok","",""
"SchirmerM_2016","Schirmer 2016",29,"balanced","Lachnospira",0.87,0.88,0.86,88,86,9430,TRUE,TRUE,TRUE,FALSE,TRUE,TRUE,TRUE,"ok","ok","",""
"SchirmerM_2016","Schirmer 2016",29,"balanced","Lachnospiraceae_unclassified",0.925,0.95,0.9,95,90,41823,TRUE,TRUE,TRUE,FALSE,TRUE,TRUE,TRUE,"ok","ok","",""
"SchirmerM_2016","Schirmer 2016",29,"balanced","Mediterraneibacter",0.995,0.99,1,99,100,23335,TRUE,TRUE,TRUE,FALSE,TRUE,TRUE,TRUE,"ok","ok","",""
"SchirmerM_2016","Schirmer 2016",29,"balanced","Methanobrevibacter",0.38,0.39,0.37,39,37,8404,TRUE,TRUE,TRUE,FALSE,TRUE,TRUE,TRUE,"ok","ok","",""
"SchirmerM_2016","Schirmer 2016",29,"balanced","Oscillibacter",0.82,0.88,0.76,88,76,4312,TRUE,TRUE,TRUE,FALSE,TRUE,TRUE,TRUE,"ok","ok","",""
"SchirmerM_2016","Schirmer 2016",29,"balanced","Parabacteroides",0.965,0.99,0.94,99,94,13898,TRUE,TRUE,TRUE,FALSE,TRUE,TRUE,TRUE,"ok","ok","",""
"SchirmerM_2016","Schirmer 2016",29,"balanced","Phascolarctobacterium",0.5,0.49,0.51,49,51,4138,TRUE,TRUE,TRUE,FALSE,TRUE,TRUE,TRUE,"ok","ok","",""
"SchirmerM_2016","Schirmer 2016",29,"balanced","Phocaeicola",1,1,1,100,100,40509,TRUE,TRUE,FALSE,TRUE,TRUE,TRUE,TRUE,"no_observed_zeros","ok","",""
"SchirmerM_2016","Schirmer 2016",29,"balanced","Prevotella",0.51,0.55,0.47,55,47,58486,TRUE,TRUE,TRUE,FALSE,TRUE,TRUE,TRUE,"ok","ok","",""
"SchirmerM_2016","Schirmer 2016",29,"balanced","Roseburia",0.985,0.98,0.99,98,99,43765,TRUE,TRUE,TRUE,FALSE,TRUE,TRUE,TRUE,"ok","ok","",""
"SchirmerM_2016","Schirmer 2016",29,"balanced","Ruminococcaceae_unclassified",0.69,0.67,0.71,67,71,5587,TRUE,TRUE,TRUE,FALSE,TRUE,TRUE,TRUE,"ok","ok","",""
"SchirmerM_2016","Schirmer 2016",29,"balanced","Ruminococcus",0.89,0.9,0.88,90,88,70441,TRUE,TRUE,TRUE,FALSE,TRUE,TRUE,TRUE,"ok","ok","",""
"SchirmerM_2016","Schirmer 2016",29,"balanced","Streptococcus",0.9,0.89,0.91,89,91,7114,TRUE,TRUE,TRUE,FALSE,TRUE,TRUE,TRUE,"ok","ok","",""
"SchirmerM_2016","Schirmer 2016",29,"fourfold","Agathobaculum",0.89,0.86,0.92,86,92,3666,TRUE,TRUE,TRUE,FALSE,TRUE,TRUE,TRUE,"ok","ok","",""
"SchirmerM_2016","Schirmer 2016",29,"fourfold","Akkermansia",0.47,0.42,0.52,42,52,6696,TRUE,TRUE,TRUE,FALSE,TRUE,TRUE,TRUE,"ok","ok","",""
"SchirmerM_2016","Schirmer 2016",29,"fourfold","Alistipes",0.945,0.95,0.94,95,94,26802,TRUE,TRUE,TRUE,FALSE,TRUE,TRUE,TRUE,"ok","ok","",""
"SchirmerM_2016","Schirmer 2016",29,"fourfold","Anaerobutyricum",0.99,0.99,0.99,99,99,20145,TRUE,TRUE,TRUE,FALSE,TRUE,TRUE,TRUE,"ok","ok","",""
"SchirmerM_2016","Schirmer 2016",29,"fourfold","Anaerostipes",0.995,1,0.99,100,99,22783,TRUE,TRUE,TRUE,FALSE,TRUE,TRUE,TRUE,"ok","ok","",""
"SchirmerM_2016","Schirmer 2016",29,"fourfold","Bacteroides",1,1,1,100,100,50852,TRUE,TRUE,FALSE,TRUE,TRUE,TRUE,TRUE,"no_observed_zeros","ok","",""
"SchirmerM_2016","Schirmer 2016",29,"fourfold","Barnesiella",0.795,0.79,0.8,79,80,6375,TRUE,TRUE,TRUE,FALSE,TRUE,TRUE,TRUE,"ok","ok","",""
"SchirmerM_2016","Schirmer 2016",29,"fourfold","Bifidobacterium",0.975,0.99,0.96,99,96,113513,TRUE,TRUE,TRUE,FALSE,TRUE,TRUE,TRUE,"ok","ok","",""
"SchirmerM_2016","Schirmer 2016",29,"fourfold","Blautia",0.99,0.98,1,98,100,20375,TRUE,TRUE,FALSE,TRUE,TRUE,TRUE,TRUE,"structural_absence_boundary_at_zero","ok","",""
"SchirmerM_2016","Schirmer 2016",29,"fourfold","Collinsella",0.915,0.93,0.9,93,90,38027,TRUE,TRUE,TRUE,FALSE,TRUE,TRUE,TRUE,"ok","ok","",""
"SchirmerM_2016","Schirmer 2016",29,"fourfold","Coprococcus",0.975,0.99,0.96,99,96,32829,TRUE,TRUE,TRUE,FALSE,TRUE,TRUE,TRUE,"ok","ok","",""
"SchirmerM_2016","Schirmer 2016",29,"fourfold","Dialister",0.52,0.52,0.52,52,52,4480,TRUE,TRUE,TRUE,FALSE,TRUE,TRUE,TRUE,"ok","ok","",""
"SchirmerM_2016","Schirmer 2016",29,"fourfold","Dorea",0.99,0.99,0.99,99,99,32284,TRUE,TRUE,TRUE,FALSE,TRUE,TRUE,TRUE,"ok","ok","",""
"SchirmerM_2016","Schirmer 2016",29,"fourfold","Eubacterium",0.97,0.97,0.97,97,97,14913,TRUE,TRUE,TRUE,FALSE,TRUE,TRUE,TRUE,"ok","ok","",""
"SchirmerM_2016","Schirmer 2016",29,"fourfold","Faecalibacterium",0.985,0.99,0.98,99,98,53378,TRUE,TRUE,TRUE,FALSE,TRUE,TRUE,TRUE,"ok","ok","",""
"SchirmerM_2016","Schirmer 2016",29,"fourfold","Firmicutes_unclassified",0.8,0.76,0.84,76,84,5056,TRUE,TRUE,TRUE,FALSE,TRUE,TRUE,TRUE,"ok","ok","",""
"SchirmerM_2016","Schirmer 2016",29,"fourfold","Fusicatenibacter",0.97,0.97,0.97,97,97,29450,TRUE,TRUE,TRUE,FALSE,TRUE,TRUE,TRUE,"ok","ok","",""
"SchirmerM_2016","Schirmer 2016",29,"fourfold","Lachnospira",0.835,0.81,0.86,81,86,8902,TRUE,TRUE,TRUE,FALSE,TRUE,TRUE,TRUE,"ok","ok","",""
"SchirmerM_2016","Schirmer 2016",29,"fourfold","Lachnospiraceae_unclassified",0.925,0.93,0.92,93,92,35589,TRUE,TRUE,TRUE,FALSE,TRUE,TRUE,TRUE,"ok","ok","",""
"SchirmerM_2016","Schirmer 2016",29,"fourfold","Mediterraneibacter",0.975,0.98,0.97,98,97,24694,TRUE,TRUE,TRUE,FALSE,TRUE,TRUE,TRUE,"ok","ok","",""
"SchirmerM_2016","Schirmer 2016",29,"fourfold","Methanobrevibacter",0.355,0.36,0.35,36,35,7835,TRUE,TRUE,TRUE,FALSE,TRUE,TRUE,TRUE,"ok","ok","",""
"SchirmerM_2016","Schirmer 2016",29,"fourfold","Oscillibacter",0.805,0.84,0.77,84,77,3947,TRUE,TRUE,TRUE,FALSE,TRUE,TRUE,TRUE,"ok","ok","",""
"SchirmerM_2016","Schirmer 2016",29,"fourfold","Parabacteroides",0.945,0.95,0.94,95,94,12028,TRUE,TRUE,TRUE,FALSE,TRUE,TRUE,TRUE,"ok","ok","",""
"SchirmerM_2016","Schirmer 2016",29,"fourfold","Phascolarctobacterium",0.495,0.48,0.51,48,51,3927,TRUE,TRUE,TRUE,FALSE,TRUE,TRUE,TRUE,"ok","ok","",""
"SchirmerM_2016","Schirmer 2016",29,"fourfold","Phocaeicola",0.995,0.99,1,99,100,42818,TRUE,TRUE,TRUE,FALSE,TRUE,TRUE,TRUE,"ok","ok","",""
"SchirmerM_2016","Schirmer 2016",29,"fourfold","Prevotella",0.49,0.5,0.48,50,48,47072,TRUE,TRUE,TRUE,FALSE,TRUE,TRUE,TRUE,"ok","ok","",""
"SchirmerM_2016","Schirmer 2016",29,"fourfold","Roseburia",0.98,0.97,0.99,97,99,40891,TRUE,TRUE,TRUE,FALSE,TRUE,TRUE,TRUE,"ok","ok","",""
"SchirmerM_2016","Schirmer 2016",29,"fourfold","Ruminococcaceae_unclassified",0.67,0.62,0.72,62,72,7083,TRUE,TRUE,TRUE,FALSE,TRUE,TRUE,TRUE,"ok","ok","",""
"SchirmerM_2016","Schirmer 2016",29,"fourfold","Ruminococcus",0.9,0.9,0.9,90,90,61600,TRUE,TRUE,TRUE,FALSE,TRUE,TRUE,TRUE,"ok","ok","",""
"SchirmerM_2016","Schirmer 2016",29,"fourfold","Streptococcus",0.87,0.8,0.94,80,94,6286,TRUE,TRUE,TRUE,FALSE,TRUE,TRUE,TRUE,"ok","ok","",""
"SchirmerM_2016","Schirmer 2016",30,"balanced","Agathobaculum",0.9,0.9,0.9,90,90,4441,TRUE,TRUE,TRUE,FALSE,TRUE,TRUE,TRUE,"ok","ok","",""
"SchirmerM_2016","Schirmer 2016",30,"balanced","Akkermansia",0.475,0.47,0.48,47,48,8339,TRUE,TRUE,TRUE,FALSE,TRUE,TRUE,TRUE,"ok","ok","",""
"SchirmerM_2016","Schirmer 2016",30,"balanced","Alistipes",0.955,0.96,0.95,96,95,29565,TRUE,TRUE,TRUE,FALSE,TRUE,TRUE,TRUE,"ok","ok","",""
"SchirmerM_2016","Schirmer 2016",30,"balanced","Anaerobutyricum",0.99,0.99,0.99,99,99,21666,TRUE,TRUE,TRUE,FALSE,TRUE,TRUE,TRUE,"ok","ok","",""
"SchirmerM_2016","Schirmer 2016",30,"balanced","Anaerostipes",0.995,0.99,1,99,100,25528,TRUE,TRUE,TRUE,FALSE,TRUE,TRUE,TRUE,"ok","ok","",""
"SchirmerM_2016","Schirmer 2016",30,"balanced","Bacteroides",1,1,1,100,100,58661,TRUE,TRUE,FALSE,TRUE,TRUE,TRUE,TRUE,"no_observed_zeros","ok","",""
"SchirmerM_2016","Schirmer 2016",30,"balanced","Barnesiella",0.81,0.83,0.79,83,79,7138,TRUE,TRUE,TRUE,FALSE,TRUE,TRUE,TRUE,"ok","ok","",""
"SchirmerM_2016","Schirmer 2016",30,"balanced","Bifidobacterium",0.975,1,0.95,100,95,132767,TRUE,TRUE,TRUE,FALSE,TRUE,TRUE,TRUE,"ok","ok","",""
"SchirmerM_2016","Schirmer 2016",30,"balanced","Blautia",1,1,1,100,100,22671,TRUE,TRUE,FALSE,TRUE,TRUE,TRUE,TRUE,"no_observed_zeros","ok","",""
"SchirmerM_2016","Schirmer 2016",30,"balanced","Collinsella",0.925,0.92,0.93,92,93,39862,TRUE,TRUE,TRUE,FALSE,TRUE,TRUE,TRUE,"ok","ok","",""
"SchirmerM_2016","Schirmer 2016",30,"balanced","Coprococcus",0.97,0.96,0.98,96,98,34315,TRUE,TRUE,TRUE,FALSE,TRUE,TRUE,TRUE,"ok","ok","",""
"SchirmerM_2016","Schirmer 2016",30,"balanced","Dialister",0.54,0.59,0.49,59,49,5032,TRUE,TRUE,TRUE,FALSE,TRUE,TRUE,TRUE,"ok","ok","",""
"SchirmerM_2016","Schirmer 2016",30,"balanced","Dorea",0.99,0.99,0.99,99,99,34283,TRUE,TRUE,TRUE,FALSE,TRUE,TRUE,TRUE,"ok","ok","",""
"SchirmerM_2016","Schirmer 2016",30,"balanced","Eubacterium",0.98,0.98,0.98,98,98,16638,TRUE,TRUE,TRUE,FALSE,TRUE,TRUE,TRUE,"ok","ok","",""
"SchirmerM_2016","Schirmer 2016",30,"balanced","Faecalibacterium",0.985,1,0.97,100,97,61087,TRUE,TRUE,TRUE,FALSE,TRUE,TRUE,TRUE,"ok","ok","",""
"SchirmerM_2016","Schirmer 2016",30,"balanced","Firmicutes_unclassified",0.855,0.87,0.84,87,84,5343,TRUE,TRUE,TRUE,FALSE,TRUE,TRUE,TRUE,"ok","ok","",""
"SchirmerM_2016","Schirmer 2016",30,"balanced","Fusicatenibacter",0.98,0.98,0.98,98,98,35916,TRUE,TRUE,TRUE,FALSE,TRUE,TRUE,TRUE,"ok","ok","",""
"SchirmerM_2016","Schirmer 2016",30,"balanced","Lachnospira",0.85,0.84,0.86,84,86,10316,TRUE,TRUE,TRUE,FALSE,TRUE,TRUE,TRUE,"ok","ok","",""
"SchirmerM_2016","Schirmer 2016",30,"balanced","Lachnospiraceae_unclassified",0.94,0.94,0.94,94,94,45245,TRUE,TRUE,TRUE,FALSE,TRUE,TRUE,TRUE,"ok","ok","",""
"SchirmerM_2016","Schirmer 2016",30,"balanced","Mediterraneibacter",0.99,0.99,0.99,99,99,26202,TRUE,TRUE,TRUE,FALSE,TRUE,TRUE,TRUE,"ok","ok","",""
"SchirmerM_2016","Schirmer 2016",30,"balanced","Methanobrevibacter",0.375,0.4,0.35,40,35,8230,TRUE,TRUE,TRUE,FALSE,TRUE,TRUE,TRUE,"ok","ok","",""
"SchirmerM_2016","Schirmer 2016",30,"balanced","Oscillibacter",0.825,0.83,0.82,83,82,4714,TRUE,TRUE,TRUE,FALSE,TRUE,TRUE,TRUE,"ok","ok","",""
"SchirmerM_2016","Schirmer 2016",30,"balanced","Parabacteroides",0.965,0.97,0.96,97,96,14558,TRUE,TRUE,TRUE,FALSE,TRUE,TRUE,TRUE,"ok","ok","",""
"SchirmerM_2016","Schirmer 2016",30,"balanced","Phascolarctobacterium",0.485,0.47,0.5,47,50,4603,TRUE,TRUE,TRUE,FALSE,TRUE,TRUE,TRUE,"ok","ok","",""
"SchirmerM_2016","Schirmer 2016",30,"balanced","Phocaeicola",1,1,1,100,100,43555,TRUE,TRUE,FALSE,TRUE,TRUE,TRUE,TRUE,"no_observed_zeros","ok","",""
"SchirmerM_2016","Schirmer 2016",30,"balanced","Prevotella",0.515,0.48,0.55,48,55,56284,TRUE,TRUE,TRUE,FALSE,TRUE,TRUE,TRUE,"ok","ok","",""
"SchirmerM_2016","Schirmer 2016",30,"balanced","Roseburia",0.99,1,0.98,100,98,46747,TRUE,TRUE,TRUE,FALSE,TRUE,TRUE,TRUE,"ok","ok","",""
"SchirmerM_2016","Schirmer 2016",30,"balanced","Ruminococcaceae_unclassified",0.705,0.77,0.64,77,64,7028,TRUE,TRUE,TRUE,FALSE,TRUE,TRUE,TRUE,"ok","ok","",""
"SchirmerM_2016","Schirmer 2016",30,"balanced","Ruminococcus",0.9,0.9,0.9,90,90,67463,TRUE,TRUE,TRUE,FALSE,TRUE,TRUE,TRUE,"ok","ok","",""
"SchirmerM_2016","Schirmer 2016",30,"balanced","Streptococcus",0.895,0.87,0.92,87,92,7975,TRUE,TRUE,TRUE,FALSE,TRUE,TRUE,TRUE,"ok","ok","",""
"SchirmerM_2016","Schirmer 2016",30,"fourfold","Agathobaculum",0.85,0.78,0.92,78,92,3088,TRUE,TRUE,TRUE,FALSE,TRUE,TRUE,TRUE,"ok","ok","",""
"SchirmerM_2016","Schirmer 2016",30,"fourfold","Akkermansia",0.46,0.44,0.48,44,48,7147,TRUE,TRUE,TRUE,FALSE,TRUE,TRUE,TRUE,"ok","ok","",""
"SchirmerM_2016","Schirmer 2016",30,"fourfold","Alistipes",0.945,0.93,0.96,93,96,22933,TRUE,TRUE,TRUE,FALSE,TRUE,TRUE,TRUE,"ok","ok","",""
"SchirmerM_2016","Schirmer 2016",30,"fourfold","Anaerobutyricum",0.99,0.99,0.99,99,99,18582,TRUE,TRUE,TRUE,FALSE,TRUE,TRUE,TRUE,"ok","ok","",""
"SchirmerM_2016","Schirmer 2016",30,"fourfold","Anaerostipes",0.99,0.98,1,98,100,22005,TRUE,TRUE,TRUE,FALSE,TRUE,TRUE,TRUE,"ok","ok","",""
"SchirmerM_2016","Schirmer 2016",30,"fourfold","Bacteroides",1,1,1,100,100,47407,TRUE,TRUE,FALSE,TRUE,TRUE,TRUE,TRUE,"no_observed_zeros","ok","",""
"SchirmerM_2016","Schirmer 2016",30,"fourfold","Barnesiella",0.79,0.79,0.79,79,79,4904,TRUE,TRUE,TRUE,FALSE,TRUE,TRUE,TRUE,"ok","ok","",""
"SchirmerM_2016","Schirmer 2016",30,"fourfold","Bifidobacterium",0.98,1,0.96,100,96,106508,TRUE,TRUE,TRUE,FALSE,TRUE,TRUE,TRUE,"ok","ok","",""
"SchirmerM_2016","Schirmer 2016",30,"fourfold","Blautia",1,1,1,100,100,20631,TRUE,TRUE,FALSE,TRUE,TRUE,TRUE,TRUE,"no_observed_zeros","ok","",""
"SchirmerM_2016","Schirmer 2016",30,"fourfold","Collinsella",0.93,0.92,0.94,92,94,34723,TRUE,TRUE,TRUE,FALSE,TRUE,TRUE,TRUE,"ok","ok","",""
"SchirmerM_2016","Schirmer 2016",30,"fourfold","Coprococcus",0.975,0.97,0.98,97,98,31814,TRUE,TRUE,TRUE,FALSE,TRUE,TRUE,TRUE,"ok","ok","",""
"SchirmerM_2016","Schirmer 2016",30,"fourfold","Dialister",0.51,0.54,0.48,54,48,4414,TRUE,TRUE,TRUE,FALSE,TRUE,TRUE,TRUE,"ok","ok","",""
"SchirmerM_2016","Schirmer 2016",30,"fourfold","Dorea",0.99,0.99,0.99,99,99,27925,TRUE,TRUE,TRUE,FALSE,TRUE,TRUE,TRUE,"ok","ok","",""
"SchirmerM_2016","Schirmer 2016",30,"fourfold","Eubacterium",0.955,0.93,0.98,93,98,13872,TRUE,TRUE,TRUE,FALSE,TRUE,TRUE,TRUE,"ok","ok","",""
"SchirmerM_2016","Schirmer 2016",30,"fourfold","Faecalibacterium",0.985,1,0.97,100,97,48750,TRUE,TRUE,TRUE,FALSE,TRUE,TRUE,TRUE,"ok","ok","",""
"SchirmerM_2016","Schirmer 2016",30,"fourfold","Firmicutes_unclassified",0.8,0.76,0.84,76,84,4896,TRUE,TRUE,TRUE,FALSE,TRUE,TRUE,TRUE,"ok","ok","",""
"SchirmerM_2016","Schirmer 2016",30,"fourfold","Fusicatenibacter",0.965,0.96,0.97,96,97,29197,TRUE,TRUE,TRUE,FALSE,TRUE,TRUE,TRUE,"ok","ok","",""
"SchirmerM_2016","Schirmer 2016",30,"fourfold","Lachnospira",0.845,0.84,0.85,84,85,8348,TRUE,TRUE,TRUE,FALSE,TRUE,TRUE,TRUE,"ok","ok","",""
"SchirmerM_2016","Schirmer 2016",30,"fourfold","Lachnospiraceae_unclassified",0.925,0.92,0.93,92,93,38892,TRUE,TRUE,TRUE,FALSE,TRUE,TRUE,TRUE,"ok","ok","",""
"SchirmerM_2016","Schirmer 2016",30,"fourfold","Mediterraneibacter",0.975,0.96,0.99,96,99,22420,TRUE,TRUE,TRUE,FALSE,TRUE,TRUE,TRUE,"ok","ok","",""
"SchirmerM_2016","Schirmer 2016",30,"fourfold","Methanobrevibacter",0.355,0.36,0.35,36,35,7681,TRUE,TRUE,TRUE,FALSE,TRUE,TRUE,TRUE,"ok","ok","",""
"SchirmerM_2016","Schirmer 2016",30,"fourfold","Oscillibacter",0.755,0.7,0.81,70,81,4259,TRUE,TRUE,TRUE,FALSE,TRUE,TRUE,TRUE,"ok","ok","",""
"SchirmerM_2016","Schirmer 2016",30,"fourfold","Parabacteroides",0.955,0.95,0.96,95,96,11132,TRUE,TRUE,TRUE,FALSE,TRUE,TRUE,TRUE,"ok","ok","",""
"SchirmerM_2016","Schirmer 2016",30,"fourfold","Phascolarctobacterium",0.49,0.46,0.52,46,52,3336,TRUE,TRUE,TRUE,FALSE,TRUE,TRUE,TRUE,"ok","ok","",""
"SchirmerM_2016","Schirmer 2016",30,"fourfold","Phocaeicola",0.995,0.99,1,99,100,39132,TRUE,TRUE,TRUE,FALSE,TRUE,TRUE,TRUE,"ok","ok","",""
"SchirmerM_2016","Schirmer 2016",30,"fourfold","Prevotella",0.505,0.45,0.56,45,56,38805,TRUE,TRUE,TRUE,FALSE,TRUE,TRUE,TRUE,"ok","ok","",""
"SchirmerM_2016","Schirmer 2016",30,"fourfold","Roseburia",0.985,0.99,0.98,99,98,40485,TRUE,TRUE,TRUE,FALSE,TRUE,TRUE,TRUE,"ok","ok","",""
"SchirmerM_2016","Schirmer 2016",30,"fourfold","Ruminococcaceae_unclassified",0.665,0.59,0.74,59,74,6953,TRUE,TRUE,TRUE,FALSE,TRUE,TRUE,TRUE,"ok","ok","",""
"SchirmerM_2016","Schirmer 2016",30,"fourfold","Ruminococcus",0.895,0.9,0.89,90,89,58367,TRUE,TRUE,TRUE,FALSE,TRUE,TRUE,TRUE,"ok","ok","",""
"SchirmerM_2016","Schirmer 2016",30,"fourfold","Streptococcus",0.87,0.8,0.94,80,94,6978,TRUE,TRUE,TRUE,FALSE,TRUE,TRUE,TRUE,"ok","ok","",""
"SchirmerM_2016","Schirmer 2016",31,"balanced","Agathobaculum",0.905,0.94,0.87,94,87,3715,TRUE,TRUE,TRUE,FALSE,TRUE,TRUE,TRUE,"ok","ok","",""
"SchirmerM_2016","Schirmer 2016",31,"balanced","Akkermansia",0.47,0.5,0.44,50,44,8324,TRUE,TRUE,TRUE,FALSE,TRUE,TRUE,TRUE,"ok","ok","",""
"SchirmerM_2016","Schirmer 2016",31,"balanced","Alistipes",0.95,0.91,0.99,91,99,28511,TRUE,TRUE,TRUE,FALSE,TRUE,TRUE,TRUE,"ok","ok","",""
"SchirmerM_2016","Schirmer 2016",31,"balanced","Anaerobutyricum",0.99,0.98,1,98,100,20064,TRUE,TRUE,TRUE,FALSE,TRUE,TRUE,TRUE,"ok","ok","",""
"SchirmerM_2016","Schirmer 2016",31,"balanced","Anaerostipes",0.995,0.99,1,99,100,22821,TRUE,TRUE,TRUE,FALSE,TRUE,TRUE,TRUE,"ok","ok","",""
"SchirmerM_2016","Schirmer 2016",31,"balanced","Bacteroides",1,1,1,100,100,55491,TRUE,TRUE,FALSE,TRUE,TRUE,TRUE,TRUE,"no_observed_zeros","ok","",""
"SchirmerM_2016","Schirmer 2016",31,"balanced","Barnesiella",0.805,0.76,0.85,76,85,6405,TRUE,TRUE,TRUE,FALSE,TRUE,TRUE,TRUE,"ok","ok","",""
"SchirmerM_2016","Schirmer 2016",31,"balanced","Bifidobacterium",0.975,0.98,0.97,98,97,120788,TRUE,TRUE,TRUE,FALSE,TRUE,TRUE,TRUE,"ok","ok","",""
"SchirmerM_2016","Schirmer 2016",31,"balanced","Blautia",1,1,1,100,100,22364,TRUE,TRUE,FALSE,TRUE,TRUE,TRUE,TRUE,"no_observed_zeros","ok","",""
"SchirmerM_2016","Schirmer 2016",31,"balanced","Collinsella",0.92,0.9,0.94,90,94,38074,TRUE,TRUE,TRUE,FALSE,TRUE,TRUE,TRUE,"ok","ok","",""
"SchirmerM_2016","Schirmer 2016",31,"balanced","Coprococcus",0.975,0.98,0.97,98,97,31080,TRUE,TRUE,TRUE,FALSE,TRUE,TRUE,TRUE,"ok","ok","",""
"SchirmerM_2016","Schirmer 2016",31,"balanced","Dialister",0.525,0.53,0.52,53,52,4834,TRUE,TRUE,TRUE,FALSE,TRUE,TRUE,TRUE,"ok","ok","",""
"SchirmerM_2016","Schirmer 2016",31,"balanced","Dorea",0.995,1,0.99,100,99,31076,TRUE,TRUE,TRUE,FALSE,TRUE,TRUE,TRUE,"ok","ok","",""
"SchirmerM_2016","Schirmer 2016",31,"balanced","Eubacterium",0.985,0.98,0.99,98,99,15537,TRUE,TRUE,TRUE,FALSE,TRUE,TRUE,TRUE,"ok","ok","",""
"SchirmerM_2016","Schirmer 2016",31,"balanced","Faecalibacterium",0.985,0.98,0.99,98,99,55482,TRUE,TRUE,TRUE,FALSE,TRUE,TRUE,TRUE,"ok","ok","",""
"SchirmerM_2016","Schirmer 2016",31,"balanced","Firmicutes_unclassified",0.85,0.83,0.87,83,87,4805,TRUE,TRUE,TRUE,FALSE,TRUE,TRUE,TRUE,"ok","ok","",""
"SchirmerM_2016","Schirmer 2016",31,"balanced","Fusicatenibacter",0.97,0.96,0.98,96,98,31321,TRUE,TRUE,TRUE,FALSE,TRUE,TRUE,TRUE,"ok","ok","",""
"SchirmerM_2016","Schirmer 2016",31,"balanced","Lachnospira",0.85,0.84,0.86,84,86,9853,TRUE,TRUE,TRUE,FALSE,TRUE,TRUE,TRUE,"ok","ok","",""
"SchirmerM_2016","Schirmer 2016",31,"balanced","Lachnospiraceae_unclassified",0.945,0.96,0.93,96,93,40711,TRUE,TRUE,TRUE,FALSE,TRUE,TRUE,TRUE,"ok","ok","",""
"SchirmerM_2016","Schirmer 2016",31,"balanced","Mediterraneibacter",0.985,0.99,0.98,99,98,25187,TRUE,TRUE,TRUE,FALSE,TRUE,TRUE,TRUE,"ok","ok","",""
"SchirmerM_2016","Schirmer 2016",31,"balanced","Methanobrevibacter",0.39,0.35,0.43,35,43,8204,TRUE,TRUE,TRUE,FALSE,TRUE,TRUE,TRUE,"ok","ok","",""
"SchirmerM_2016","Schirmer 2016",31,"balanced","Oscillibacter",0.83,0.81,0.85,81,85,4648,TRUE,TRUE,TRUE,FALSE,TRUE,TRUE,TRUE,"ok","ok","",""
"SchirmerM_2016","Schirmer 2016",31,"balanced","Parabacteroides",0.96,0.95,0.97,95,97,13568,TRUE,TRUE,TRUE,FALSE,TRUE,TRUE,TRUE,"ok","ok","",""
"SchirmerM_2016","Schirmer 2016",31,"balanced","Phascolarctobacterium",0.485,0.48,0.49,48,49,3487,TRUE,TRUE,TRUE,FALSE,TRUE,TRUE,TRUE,"ok","ok","",""
"SchirmerM_2016","Schirmer 2016",31,"balanced","Phocaeicola",1,1,1,100,100,42666,TRUE,TRUE,FALSE,TRUE,TRUE,TRUE,TRUE,"no_observed_zeros","ok","",""
"SchirmerM_2016","Schirmer 2016",31,"balanced","Prevotella",0.51,0.52,0.5,52,50,50091,TRUE,TRUE,TRUE,FALSE,TRUE,TRUE,TRUE,"ok","ok","",""
"SchirmerM_2016","Schirmer 2016",31,"balanced","Roseburia",0.985,0.99,0.98,99,98,43006,TRUE,TRUE,TRUE,FALSE,TRUE,TRUE,TRUE,"ok","ok","",""
"SchirmerM_2016","Schirmer 2016",31,"balanced","Ruminococcaceae_unclassified",0.7,0.73,0.67,73,67,4713,TRUE,TRUE,TRUE,FALSE,TRUE,TRUE,TRUE,"ok","ok","",""
"SchirmerM_2016","Schirmer 2016",31,"balanced","Ruminococcus",0.885,0.89,0.88,89,88,67288,TRUE,TRUE,TRUE,FALSE,TRUE,TRUE,TRUE,"ok","ok","",""
"SchirmerM_2016","Schirmer 2016",31,"balanced","Streptococcus",0.945,0.96,0.93,96,93,6694,TRUE,TRUE,TRUE,FALSE,TRUE,TRUE,TRUE,"ok","ok","",""
"SchirmerM_2016","Schirmer 2016",31,"fourfold","Agathobaculum",0.88,0.86,0.9,86,90,3561,TRUE,TRUE,TRUE,FALSE,TRUE,TRUE,TRUE,"ok","ok","",""
"SchirmerM_2016","Schirmer 2016",31,"fourfold","Akkermansia",0.455,0.44,0.47,44,47,9428,TRUE,TRUE,TRUE,FALSE,TRUE,TRUE,TRUE,"ok","ok","",""
"SchirmerM_2016","Schirmer 2016",31,"fourfold","Alistipes",0.95,0.9,1,90,100,26593,TRUE,TRUE,TRUE,FALSE,TRUE,TRUE,TRUE,"ok","ok","",""
"SchirmerM_2016","Schirmer 2016",31,"fourfold","Anaerobutyricum",0.99,0.98,1,98,100,17894,TRUE,TRUE,TRUE,FALSE,TRUE,TRUE,TRUE,"ok","ok","",""
"SchirmerM_2016","Schirmer 2016",31,"fourfold","Anaerostipes",0.995,0.99,1,99,100,21675,TRUE,TRUE,FALSE,TRUE,TRUE,TRUE,TRUE,"structural_absence_boundary_at_zero","ok","",""
"SchirmerM_2016","Schirmer 2016",31,"fourfold","Bacteroides",0.995,0.99,1,99,100,49692,TRUE,TRUE,TRUE,FALSE,TRUE,TRUE,TRUE,"ok","ok","",""
"SchirmerM_2016","Schirmer 2016",31,"fourfold","Barnesiella",0.79,0.73,0.85,73,85,6378,TRUE,TRUE,TRUE,FALSE,TRUE,TRUE,TRUE,"ok","ok","",""
"SchirmerM_2016","Schirmer 2016",31,"fourfold","Bifidobacterium",0.985,0.98,0.99,98,99,110866,TRUE,TRUE,TRUE,FALSE,TRUE,TRUE,TRUE,"ok","ok","",""
"SchirmerM_2016","Schirmer 2016",31,"fourfold","Blautia",1,1,1,100,100,19528,TRUE,TRUE,FALSE,TRUE,TRUE,TRUE,TRUE,"no_observed_zeros","ok","",""
"SchirmerM_2016","Schirmer 2016",31,"fourfold","Collinsella",0.93,0.91,0.95,91,95,34294,TRUE,TRUE,TRUE,FALSE,TRUE,TRUE,TRUE,"ok","ok","",""
"SchirmerM_2016","Schirmer 2016",31,"fourfold","Coprococcus",0.975,0.98,0.97,98,97,29271,TRUE,TRUE,TRUE,FALSE,TRUE,TRUE,TRUE,"ok","ok","",""
"SchirmerM_2016","Schirmer 2016",31,"fourfold","Dialister",0.505,0.47,0.54,47,54,4984,TRUE,TRUE,TRUE,FALSE,TRUE,TRUE,TRUE,"ok","ok","",""
"SchirmerM_2016","Schirmer 2016",31,"fourfold","Dorea",0.99,1,0.98,100,98,28277,TRUE,TRUE,TRUE,FALSE,TRUE,TRUE,TRUE,"ok","ok","",""
"SchirmerM_2016","Schirmer 2016",31,"fourfold","Eubacterium",0.975,0.96,0.99,96,99,15445,TRUE,TRUE,TRUE,FALSE,TRUE,TRUE,TRUE,"ok","ok","",""
"SchirmerM_2016","Schirmer 2016",31,"fourfold","Faecalibacterium",0.985,0.98,0.99,98,99,56702,TRUE,TRUE,TRUE,FALSE,TRUE,TRUE,TRUE,"ok","ok","",""
"SchirmerM_2016","Schirmer 2016",31,"fourfold","Firmicutes_unclassified",0.835,0.75,0.92,75,92,5300,TRUE,TRUE,TRUE,FALSE,TRUE,TRUE,TRUE,"ok","ok","",""
"SchirmerM_2016","Schirmer 2016",31,"fourfold","Fusicatenibacter",0.97,0.96,0.98,96,98,29686,TRUE,TRUE,TRUE,FALSE,TRUE,TRUE,TRUE,"ok","ok","",""
"SchirmerM_2016","Schirmer 2016",31,"fourfold","Lachnospira",0.855,0.81,0.9,81,90,9510,TRUE,TRUE,TRUE,FALSE,TRUE,TRUE,TRUE,"ok","ok","",""
"SchirmerM_2016","Schirmer 2016",31,"fourfold","Lachnospiraceae_unclassified",0.915,0.9,0.93,90,93,39266,TRUE,TRUE,TRUE,FALSE,TRUE,TRUE,TRUE,"ok","ok","",""
"SchirmerM_2016","Schirmer 2016",31,"fourfold","Mediterraneibacter",0.98,0.97,0.99,97,99,23487,TRUE,TRUE,TRUE,FALSE,TRUE,TRUE,TRUE,"ok","ok","",""
"SchirmerM_2016","Schirmer 2016",31,"fourfold","Methanobrevibacter",0.37,0.32,0.42,32,42,9742,TRUE,TRUE,TRUE,FALSE,TRUE,TRUE,TRUE,"ok","ok","",""
"SchirmerM_2016","Schirmer 2016",31,"fourfold","Oscillibacter",0.775,0.7,0.85,70,85,4374,TRUE,TRUE,TRUE,FALSE,TRUE,TRUE,TRUE,"ok","ok","",""
"SchirmerM_2016","Schirmer 2016",31,"fourfold","Parabacteroides",0.955,0.94,0.97,94,97,12829,TRUE,TRUE,TRUE,FALSE,TRUE,TRUE,TRUE,"ok","ok","",""
"SchirmerM_2016","Schirmer 2016",31,"fourfold","Phascolarctobacterium",0.48,0.44,0.52,44,52,2881,TRUE,TRUE,TRUE,FALSE,TRUE,TRUE,TRUE,"ok","ok","",""
"SchirmerM_2016","Schirmer 2016",31,"fourfold","Phocaeicola",1,1,1,100,100,39000,TRUE,TRUE,FALSE,TRUE,TRUE,TRUE,TRUE,"no_observed_zeros","ok","",""
"SchirmerM_2016","Schirmer 2016",31,"fourfold","Prevotella",0.52,0.5,0.54,50,54,43154,TRUE,TRUE,TRUE,FALSE,TRUE,TRUE,TRUE,"ok","ok","",""
"SchirmerM_2016","Schirmer 2016",31,"fourfold","Roseburia",0.99,0.99,0.99,99,99,41960,TRUE,TRUE,TRUE,FALSE,TRUE,TRUE,TRUE,"ok","ok","",""
"SchirmerM_2016","Schirmer 2016",31,"fourfold","Ruminococcaceae_unclassified",0.645,0.57,0.72,57,72,7175,TRUE,TRUE,TRUE,FALSE,TRUE,TRUE,TRUE,"ok","ok","",""
"SchirmerM_2016","Schirmer 2016",31,"fourfold","Ruminococcus",0.88,0.86,0.9,86,90,61105,TRUE,TRUE,TRUE,FALSE,TRUE,TRUE,TRUE,"ok","ok","",""
"SchirmerM_2016","Schirmer 2016",31,"fourfold","Streptococcus",0.87,0.83,0.91,83,91,5831,TRUE,TRUE,TRUE,FALSE,TRUE,TRUE,TRUE,"ok","ok","",""
"SchirmerM_2016","Schirmer 2016",32,"balanced","Agathobaculum",0.91,0.9,0.92,90,92,3762,TRUE,TRUE,TRUE,FALSE,TRUE,TRUE,TRUE,"ok","ok","",""
"SchirmerM_2016","Schirmer 2016",32,"balanced","Akkermansia",0.47,0.43,0.51,43,51,7557,TRUE,TRUE,TRUE,FALSE,TRUE,TRUE,TRUE,"ok","ok","",""
"SchirmerM_2016","Schirmer 2016",32,"balanced","Alistipes",0.96,0.95,0.97,95,97,28848,TRUE,TRUE,TRUE,FALSE,TRUE,TRUE,TRUE,"ok","ok","",""
"SchirmerM_2016","Schirmer 2016",32,"balanced","Anaerobutyricum",0.99,0.99,0.99,99,99,19811,TRUE,TRUE,TRUE,FALSE,TRUE,TRUE,TRUE,"ok","ok","",""
"SchirmerM_2016","Schirmer 2016",32,"balanced","Anaerostipes",0.995,1,0.99,100,99,23596,TRUE,TRUE,TRUE,FALSE,TRUE,TRUE,TRUE,"ok","ok","",""
"SchirmerM_2016","Schirmer 2016",32,"balanced","Bacteroides",0.995,0.99,1,99,100,56058,TRUE,TRUE,TRUE,FALSE,TRUE,TRUE,TRUE,"ok","ok","",""
"SchirmerM_2016","Schirmer 2016",32,"balanced","Barnesiella",0.805,0.79,0.82,79,82,7196,TRUE,TRUE,TRUE,FALSE,TRUE,TRUE,TRUE,"ok","ok","",""
"SchirmerM_2016","Schirmer 2016",32,"balanced","Bifidobacterium",0.98,0.97,0.99,97,99,120684,TRUE,TRUE,TRUE,FALSE,TRUE,TRUE,TRUE,"ok","ok","",""
"SchirmerM_2016","Schirmer 2016",32,"balanced","Blautia",1,1,1,100,100,19811,TRUE,TRUE,FALSE,TRUE,TRUE,TRUE,TRUE,"no_observed_zeros","ok","",""
"SchirmerM_2016","Schirmer 2016",32,"balanced","Collinsella",0.93,0.9,0.96,90,96,37577,TRUE,TRUE,TRUE,FALSE,TRUE,TRUE,TRUE,"ok","ok","",""
"SchirmerM_2016","Schirmer 2016",32,"balanced","Coprococcus",0.98,0.96,1,96,100,32656,TRUE,TRUE,TRUE,FALSE,TRUE,TRUE,TRUE,"ok","ok","",""
"SchirmerM_2016","Schirmer 2016",32,"balanced","Dialister",0.53,0.57,0.49,57,49,4862,TRUE,TRUE,TRUE,FALSE,TRUE,TRUE,TRUE,"ok","ok","",""
"SchirmerM_2016","Schirmer 2016",32,"balanced","Dorea",0.99,0.99,0.99,99,99,33552,TRUE,TRUE,TRUE,FALSE,TRUE,TRUE,TRUE,"ok","ok","",""
"SchirmerM_2016","Schirmer 2016",32,"balanced","Eubacterium",0.99,0.98,1,98,100,16122,TRUE,TRUE,TRUE,FALSE,TRUE,TRUE,TRUE,"ok","ok","",""
"SchirmerM_2016","Schirmer 2016",32,"balanced","Faecalibacterium",0.985,0.97,1,97,100,59311,TRUE,TRUE,TRUE,FALSE,TRUE,TRUE,TRUE,"ok","ok","",""
"SchirmerM_2016","Schirmer 2016",32,"balanced","Firmicutes_unclassified",0.82,0.79,0.85,79,85,5017,TRUE,TRUE,TRUE,FALSE,TRUE,TRUE,TRUE,"ok","ok","",""
"SchirmerM_2016","Schirmer 2016",32,"balanced","Fusicatenibacter",0.97,0.96,0.98,96,98,32586,TRUE,TRUE,TRUE,FALSE,TRUE,TRUE,TRUE,"ok","ok","",""
"SchirmerM_2016","Schirmer 2016",32,"balanced","Lachnospira",0.84,0.84,0.84,84,84,10448,TRUE,TRUE,TRUE,FALSE,TRUE,TRUE,TRUE,"ok","ok","",""
"SchirmerM_2016","Schirmer 2016",32,"balanced","Lachnospiraceae_unclassified",0.945,0.96,0.93,96,93,43180,TRUE,TRUE,TRUE,FALSE,TRUE,TRUE,TRUE,"ok","ok","",""
"SchirmerM_2016","Schirmer 2016",32,"balanced","Mediterraneibacter",0.99,0.99,0.99,99,99,23897,TRUE,TRUE,TRUE,FALSE,TRUE,TRUE,TRUE,"ok","ok","",""
"SchirmerM_2016","Schirmer 2016",32,"balanced","Methanobrevibacter",0.375,0.35,0.4,35,40,8344,TRUE,TRUE,TRUE,FALSE,TRUE,TRUE,TRUE,"ok","ok","",""
"SchirmerM_2016","Schirmer 2016",32,"balanced","Oscillibacter",0.825,0.77,0.88,77,88,4732,TRUE,TRUE,TRUE,FALSE,TRUE,TRUE,TRUE,"ok","ok","",""
"SchirmerM_2016","Schirmer 2016",32,"balanced","Parabacteroides",0.96,0.96,0.96,96,96,14314,TRUE,TRUE,TRUE,FALSE,TRUE,TRUE,TRUE,"ok","ok","",""
"SchirmerM_2016","Schirmer 2016",32,"balanced","Phascolarctobacterium",0.49,0.47,0.51,47,51,3840,TRUE,TRUE,TRUE,FALSE,TRUE,TRUE,TRUE,"ok","ok","",""
"SchirmerM_2016","Schirmer 2016",32,"balanced","Phocaeicola",1,1,1,100,100,42274,TRUE,TRUE,FALSE,TRUE,TRUE,TRUE,TRUE,"no_observed_zeros","ok","",""
"SchirmerM_2016","Schirmer 2016",32,"balanced","Prevotella",0.51,0.52,0.5,52,50,52333,TRUE,TRUE,TRUE,FALSE,TRUE,TRUE,TRUE,"ok","ok","",""
"SchirmerM_2016","Schirmer 2016",32,"balanced","Roseburia",0.985,0.99,0.98,99,98,44031,TRUE,TRUE,TRUE,FALSE,TRUE,TRUE,TRUE,"ok","ok","",""
"SchirmerM_2016","Schirmer 2016",32,"balanced","Ruminococcaceae_unclassified",0.665,0.67,0.66,67,66,5886,TRUE,TRUE,TRUE,FALSE,TRUE,TRUE,TRUE,"ok","ok","",""
"SchirmerM_2016","Schirmer 2016",32,"balanced","Ruminococcus",0.885,0.89,0.88,89,88,75315,TRUE,TRUE,TRUE,FALSE,TRUE,TRUE,TRUE,"ok","ok","",""
"SchirmerM_2016","Schirmer 2016",32,"balanced","Streptococcus",0.92,0.91,0.93,91,93,5995,TRUE,TRUE,TRUE,FALSE,TRUE,TRUE,TRUE,"ok","ok","",""
"SchirmerM_2016","Schirmer 2016",32,"fourfold","Agathobaculum",0.91,0.88,0.94,88,94,3719,TRUE,TRUE,TRUE,FALSE,TRUE,TRUE,TRUE,"ok","ok","",""
"SchirmerM_2016","Schirmer 2016",32,"fourfold","Akkermansia",0.46,0.41,0.51,41,51,8125,TRUE,TRUE,TRUE,FALSE,TRUE,TRUE,TRUE,"ok","ok","",""
"SchirmerM_2016","Schirmer 2016",32,"fourfold","Alistipes",0.94,0.92,0.96,92,96,29161,TRUE,TRUE,TRUE,FALSE,TRUE,TRUE,TRUE,"ok","ok","",""
"SchirmerM_2016","Schirmer 2016",32,"fourfold","Anaerobutyricum",0.99,0.99,0.99,99,99,19793,TRUE,TRUE,TRUE,FALSE,TRUE,TRUE,TRUE,"ok","ok","",""
"SchirmerM_2016","Schirmer 2016",32,"fourfold","Anaerostipes",0.99,0.99,0.99,99,99,22825,TRUE,TRUE,TRUE,FALSE,TRUE,TRUE,TRUE,"ok","ok","",""
"SchirmerM_2016","Schirmer 2016",32,"fourfold","Bacteroides",0.995,0.99,1,99,100,58843,TRUE,TRUE,TRUE,FALSE,TRUE,TRUE,TRUE,"ok","ok","",""
"SchirmerM_2016","Schirmer 2016",32,"fourfold","Barnesiella",0.81,0.77,0.85,77,85,7025,TRUE,TRUE,TRUE,FALSE,TRUE,TRUE,TRUE,"ok","ok","",""
"SchirmerM_2016","Schirmer 2016",32,"fourfold","Bifidobacterium",0.98,0.97,0.99,97,99,123219,TRUE,TRUE,TRUE,FALSE,TRUE,TRUE,TRUE,"ok","ok","",""
"SchirmerM_2016","Schirmer 2016",32,"fourfold","Blautia",0.995,0.99,1,99,100,20183,TRUE,TRUE,TRUE,FALSE,TRUE,TRUE,TRUE,"ok","ok","",""
"SchirmerM_2016","Schirmer 2016",32,"fourfold","Collinsella",0.915,0.88,0.95,88,95,37890,TRUE,TRUE,TRUE,FALSE,TRUE,TRUE,TRUE,"ok","ok","",""
"SchirmerM_2016","Schirmer 2016",32,"fourfold","Coprococcus",0.975,0.96,0.99,96,99,32818,TRUE,TRUE,TRUE,FALSE,TRUE,TRUE,TRUE,"ok","ok","",""
"SchirmerM_2016","Schirmer 2016",32,"fourfold","Dialister",0.52,0.52,0.52,52,52,3749,TRUE,TRUE,TRUE,FALSE,TRUE,TRUE,TRUE,"ok","ok","",""
"SchirmerM_2016","Schirmer 2016",32,"fourfold","Dorea",0.99,0.99,0.99,99,99,30731,TRUE,TRUE,TRUE,FALSE,TRUE,TRUE,TRUE,"ok","ok","",""
"SchirmerM_2016","Schirmer 2016",32,"fourfold","Eubacterium",0.96,0.92,1,92,100,16243,TRUE,TRUE,TRUE,FALSE,TRUE,TRUE,TRUE,"ok","ok","",""
"SchirmerM_2016","Schirmer 2016",32,"fourfold","Faecalibacterium",0.985,0.97,1,97,100,56381,TRUE,TRUE,TRUE,FALSE,TRUE,TRUE,TRUE,"ok","ok","",""
"SchirmerM_2016","Schirmer 2016",32,"fourfold","Firmicutes_unclassified",0.83,0.75,0.91,75,91,5336,TRUE,TRUE,TRUE,FALSE,TRUE,TRUE,TRUE,"ok","ok","",""
"SchirmerM_2016","Schirmer 2016",32,"fourfold","Fusicatenibacter",0.97,0.96,0.98,96,98,33479,TRUE,TRUE,TRUE,FALSE,TRUE,TRUE,TRUE,"ok","ok","",""
"SchirmerM_2016","Schirmer 2016",32,"fourfold","Lachnospira",0.845,0.79,0.9,79,90,8761,TRUE,TRUE,TRUE,FALSE,TRUE,TRUE,TRUE,"ok","ok","",""
"SchirmerM_2016","Schirmer 2016",32,"fourfold","Lachnospiraceae_unclassified",0.92,0.91,0.93,91,93,40183,TRUE,TRUE,TRUE,FALSE,TRUE,TRUE,TRUE,"ok","ok","",""
"SchirmerM_2016","Schirmer 2016",32,"fourfold","Mediterraneibacter",0.975,0.96,0.99,96,99,24375,TRUE,TRUE,TRUE,FALSE,TRUE,TRUE,TRUE,"ok","ok","",""
"SchirmerM_2016","Schirmer 2016",32,"fourfold","Methanobrevibacter",0.37,0.34,0.4,34,40,8034,TRUE,TRUE,TRUE,FALSE,TRUE,TRUE,TRUE,"ok","ok","",""
"SchirmerM_2016","Schirmer 2016",32,"fourfold","Oscillibacter",0.81,0.73,0.89,73,89,4128,TRUE,TRUE,TRUE,FALSE,TRUE,TRUE,TRUE,"ok","ok","",""
"SchirmerM_2016","Schirmer 2016",32,"fourfold","Parabacteroides",0.955,0.95,0.96,95,96,13089,TRUE,TRUE,TRUE,FALSE,TRUE,TRUE,TRUE,"ok","ok","",""
"SchirmerM_2016","Schirmer 2016",32,"fourfold","Phascolarctobacterium",0.48,0.43,0.53,43,53,4045,TRUE,TRUE,TRUE,FALSE,TRUE,TRUE,TRUE,"ok","ok","",""
"SchirmerM_2016","Schirmer 2016",32,"fourfold","Phocaeicola",1,1,1,100,100,39859,TRUE,TRUE,FALSE,TRUE,TRUE,TRUE,TRUE,"no_observed_zeros","ok","",""
"SchirmerM_2016","Schirmer 2016",32,"fourfold","Prevotella",0.53,0.51,0.55,51,55,49488,TRUE,TRUE,TRUE,FALSE,TRUE,TRUE,TRUE,"ok","ok","",""
"SchirmerM_2016","Schirmer 2016",32,"fourfold","Roseburia",0.99,0.99,0.99,99,99,39757,TRUE,TRUE,TRUE,FALSE,TRUE,TRUE,TRUE,"ok","ok","",""
"SchirmerM_2016","Schirmer 2016",32,"fourfold","Ruminococcaceae_unclassified",0.675,0.61,0.74,61,74,4248,TRUE,TRUE,TRUE,FALSE,TRUE,TRUE,TRUE,"ok","ok","",""
"SchirmerM_2016","Schirmer 2016",32,"fourfold","Ruminococcus",0.9,0.9,0.9,90,90,63787,TRUE,TRUE,TRUE,FALSE,TRUE,TRUE,TRUE,"ok","ok","",""
"SchirmerM_2016","Schirmer 2016",32,"fourfold","Streptococcus",0.88,0.81,0.95,81,95,6744,TRUE,TRUE,TRUE,FALSE,TRUE,TRUE,TRUE,"ok","ok","",""
"SchirmerM_2016","Schirmer 2016",33,"balanced","Agathobaculum",0.9,0.94,0.86,94,86,3743,TRUE,TRUE,TRUE,FALSE,TRUE,TRUE,TRUE,"ok","ok","",""
"SchirmerM_2016","Schirmer 2016",33,"balanced","Akkermansia",0.48,0.47,0.49,47,49,8866,TRUE,TRUE,TRUE,FALSE,TRUE,TRUE,TRUE,"ok","ok","",""
"SchirmerM_2016","Schirmer 2016",33,"balanced","Alistipes",0.955,0.93,0.98,93,98,28104,TRUE,TRUE,TRUE,FALSE,TRUE,TRUE,TRUE,"ok","ok","",""
"SchirmerM_2016","Schirmer 2016",33,"balanced","Anaerobutyricum",0.99,0.99,0.99,99,99,19951,TRUE,TRUE,TRUE,FALSE,TRUE,TRUE,TRUE,"ok","ok","",""
"SchirmerM_2016","Schirmer 2016",33,"balanced","Anaerostipes",0.99,0.99,0.99,99,99,23010,TRUE,TRUE,TRUE,FALSE,TRUE,TRUE,TRUE,"ok","ok","",""
"SchirmerM_2016","Schirmer 2016",33,"balanced","Bacteroides",0.995,0.99,1,99,100,54950,TRUE,TRUE,TRUE,FALSE,TRUE,TRUE,TRUE,"ok","ok","",""
"SchirmerM_2016","Schirmer 2016",33,"balanced","Barnesiella",0.825,0.85,0.8,85,80,6894,TRUE,TRUE,TRUE,FALSE,TRUE,TRUE,TRUE,"ok","ok","",""
"SchirmerM_2016","Schirmer 2016",33,"balanced","Bifidobacterium",0.985,0.98,0.99,98,99,121437,TRUE,TRUE,TRUE,FALSE,TRUE,TRUE,TRUE,"ok","ok","",""
"SchirmerM_2016","Schirmer 2016",33,"balanced","Blautia",1,1,1,100,100,20506,TRUE,TRUE,FALSE,TRUE,TRUE,TRUE,TRUE,"no_observed_zeros","ok","",""
"SchirmerM_2016","Schirmer 2016",33,"balanced","Collinsella",0.91,0.94,0.88,94,88,37603,TRUE,TRUE,TRUE,FALSE,TRUE,TRUE,TRUE,"ok","ok","",""
"SchirmerM_2016","Schirmer 2016",33,"balanced","Coprococcus",0.97,0.96,0.98,96,98,31234,TRUE,TRUE,TRUE,FALSE,TRUE,TRUE,TRUE,"ok","ok","",""
"SchirmerM_2016","Schirmer 2016",33,"balanced","Dialister",0.53,0.49,0.57,49,57,4634,TRUE,TRUE,TRUE,FALSE,TRUE,TRUE,TRUE,"ok","ok","",""
"SchirmerM_2016","Schirmer 2016",33,"balanced","Dorea",0.995,1,0.99,100,99,32111,TRUE,TRUE,TRUE,FALSE,TRUE,TRUE,TRUE,"ok","ok","",""
"SchirmerM_2016","Schirmer 2016",33,"balanced","Eubacterium",0.98,0.99,0.97,99,97,15996,TRUE,TRUE,TRUE,FALSE,TRUE,TRUE,TRUE,"ok","ok","",""
"SchirmerM_2016","Schirmer 2016",33,"balanced","Faecalibacterium",0.985,0.98,0.99,98,99,55821,TRUE,TRUE,TRUE,FALSE,TRUE,TRUE,TRUE,"ok","ok","",""
"SchirmerM_2016","Schirmer 2016",33,"balanced","Firmicutes_unclassified",0.86,0.88,0.84,88,84,5212,TRUE,TRUE,TRUE,FALSE,TRUE,TRUE,TRUE,"ok","ok","",""
"SchirmerM_2016","Schirmer 2016",33,"balanced","Fusicatenibacter",0.975,0.97,0.98,97,98,30993,TRUE,TRUE,TRUE,FALSE,TRUE,TRUE,TRUE,"ok","ok","",""
"SchirmerM_2016","Schirmer 2016",33,"balanced","Lachnospira",0.855,0.87,0.84,87,84,10212,TRUE,TRUE,TRUE,FALSE,TRUE,TRUE,TRUE,"ok","ok","",""
"SchirmerM_2016","Schirmer 2016",33,"balanced","Lachnospiraceae_unclassified",0.93,0.92,0.94,92,94,41388,TRUE,TRUE,TRUE,FALSE,TRUE,TRUE,TRUE,"ok","ok","",""
"SchirmerM_2016","Schirmer 2016",33,"balanced","Mediterraneibacter",0.985,0.98,0.99,98,99,24934,TRUE,TRUE,TRUE,FALSE,TRUE,TRUE,TRUE,"ok","ok","",""
"SchirmerM_2016","Schirmer 2016",33,"balanced","Methanobrevibacter",0.365,0.38,0.35,38,35,8686,TRUE,TRUE,TRUE,FALSE,TRUE,TRUE,TRUE,"ok","ok","",""
"SchirmerM_2016","Schirmer 2016",33,"balanced","Oscillibacter",0.825,0.83,0.82,83,82,4436,TRUE,TRUE,TRUE,FALSE,TRUE,TRUE,TRUE,"ok","ok","",""
"SchirmerM_2016","Schirmer 2016",33,"balanced","Parabacteroides",0.965,0.97,0.96,97,96,12675,TRUE,TRUE,TRUE,FALSE,TRUE,TRUE,TRUE,"ok","ok","",""
"SchirmerM_2016","Schirmer 2016",33,"balanced","Phascolarctobacterium",0.495,0.52,0.47,52,47,3894,TRUE,TRUE,TRUE,FALSE,TRUE,TRUE,TRUE,"ok","ok","",""
"SchirmerM_2016","Schirmer 2016",33,"balanced","Phocaeicola",1,1,1,100,100,41352,TRUE,TRUE,FALSE,TRUE,TRUE,TRUE,TRUE,"no_observed_zeros","ok","",""
"SchirmerM_2016","Schirmer 2016",33,"balanced","Prevotella",0.51,0.51,0.51,51,51,52341,TRUE,TRUE,TRUE,FALSE,TRUE,TRUE,TRUE,"ok","ok","",""
"SchirmerM_2016","Schirmer 2016",33,"balanced","Roseburia",0.99,1,0.98,100,98,44311,TRUE,TRUE,TRUE,FALSE,TRUE,TRUE,TRUE,"ok","ok","",""
"SchirmerM_2016","Schirmer 2016",33,"balanced","Ruminococcaceae_unclassified",0.685,0.7,0.67,70,67,4715,TRUE,TRUE,TRUE,FALSE,TRUE,TRUE,TRUE,"ok","ok","",""
"SchirmerM_2016","Schirmer 2016",33,"balanced","Ruminococcus",0.905,0.93,0.88,93,88,68314,TRUE,TRUE,TRUE,FALSE,TRUE,TRUE,TRUE,"ok","ok","",""
"SchirmerM_2016","Schirmer 2016",33,"balanced","Streptococcus",0.92,0.88,0.96,88,96,6853,TRUE,TRUE,TRUE,FALSE,TRUE,TRUE,TRUE,"ok","ok","",""
"SchirmerM_2016","Schirmer 2016",33,"fourfold","Agathobaculum",0.885,0.89,0.88,89,88,3671,TRUE,TRUE,TRUE,FALSE,TRUE,TRUE,TRUE,"ok","ok","",""
"SchirmerM_2016","Schirmer 2016",33,"fourfold","Akkermansia",0.43,0.39,0.47,39,47,6910,TRUE,TRUE,TRUE,FALSE,TRUE,TRUE,TRUE,"ok","ok","",""
"SchirmerM_2016","Schirmer 2016",33,"fourfold","Alistipes",0.945,0.93,0.96,93,96,24262,TRUE,TRUE,TRUE,FALSE,TRUE,TRUE,TRUE,"ok","ok","",""
"SchirmerM_2016","Schirmer 2016",33,"fourfold","Anaerobutyricum",0.99,0.99,0.99,99,99,18737,TRUE,TRUE,TRUE,FALSE,TRUE,TRUE,TRUE,"ok","ok","",""
"SchirmerM_2016","Schirmer 2016",33,"fourfold","Anaerostipes",0.985,0.98,0.99,98,99,22159,TRUE,TRUE,TRUE,FALSE,TRUE,TRUE,TRUE,"ok","ok","",""
"SchirmerM_2016","Schirmer 2016",33,"fourfold","Bacteroides",0.995,0.99,1,99,100,48192,TRUE,TRUE,TRUE,FALSE,TRUE,TRUE,TRUE,"ok","ok","",""
"SchirmerM_2016","Schirmer 2016",33,"fourfold","Barnesiella",0.805,0.81,0.8,81,80,5768,TRUE,TRUE,TRUE,FALSE,TRUE,TRUE,TRUE,"ok","ok","",""
"SchirmerM_2016","Schirmer 2016",33,"fourfold","Bifidobacterium",0.975,0.97,0.98,97,98,121318,TRUE,TRUE,TRUE,FALSE,TRUE,TRUE,TRUE,"ok","ok","",""
"SchirmerM_2016","Schirmer 2016",33,"fourfold","Blautia",1,1,1,100,100,18968,TRUE,TRUE,FALSE,TRUE,TRUE,TRUE,TRUE,"no_observed_zeros","ok","",""
"SchirmerM_2016","Schirmer 2016",33,"fourfold","Collinsella",0.915,0.94,0.89,94,89,34571,TRUE,TRUE,TRUE,FALSE,TRUE,TRUE,TRUE,"ok","ok","",""
"SchirmerM_2016","Schirmer 2016",33,"fourfold","Coprococcus",0.975,0.96,0.99,96,99,28018,TRUE,TRUE,TRUE,FALSE,TRUE,TRUE,TRUE,"ok","ok","",""
"SchirmerM_2016","Schirmer 2016",33,"fourfold","Dialister",0.52,0.46,0.58,46,58,5169,TRUE,TRUE,TRUE,FALSE,TRUE,TRUE,TRUE,"ok","ok","",""
"SchirmerM_2016","Schirmer 2016",33,"fourfold","Dorea",0.985,0.98,0.99,98,99,27966,TRUE,TRUE,TRUE,FALSE,TRUE,TRUE,TRUE,"ok","ok","",""
"SchirmerM_2016","Schirmer 2016",33,"fourfold","Eubacterium",0.98,0.96,1,96,100,14838,TRUE,TRUE,TRUE,FALSE,TRUE,TRUE,TRUE,"ok","ok","",""
"SchirmerM_2016","Schirmer 2016",33,"fourfold","Faecalibacterium",0.985,0.98,0.99,98,99,55140,TRUE,TRUE,TRUE,FALSE,TRUE,TRUE,TRUE,"ok","ok","",""
"SchirmerM_2016","Schirmer 2016",33,"fourfold","Firmicutes_unclassified",0.76,0.69,0.83,69,83,4608,TRUE,TRUE,TRUE,FALSE,TRUE,TRUE,TRUE,"ok","ok","",""
"SchirmerM_2016","Schirmer 2016",33,"fourfold","Fusicatenibacter",0.97,0.96,0.98,96,98,29794,TRUE,TRUE,TRUE,FALSE,TRUE,TRUE,TRUE,"ok","ok","",""
"SchirmerM_2016","Schirmer 2016",33,"fourfold","Lachnospira",0.845,0.83,0.86,83,86,8568,TRUE,TRUE,TRUE,FALSE,TRUE,TRUE,TRUE,"ok","ok","",""
"SchirmerM_2016","Schirmer 2016",33,"fourfold","Lachnospiraceae_unclassified",0.925,0.89,0.96,89,96,37874,TRUE,TRUE,TRUE,FALSE,TRUE,TRUE,TRUE,"ok","ok","",""
"SchirmerM_2016","Schirmer 2016",33,"fourfold","Mediterraneibacter",0.98,0.96,1,96,100,22350,TRUE,TRUE,TRUE,FALSE,TRUE,TRUE,TRUE,"ok","ok","",""
"SchirmerM_2016","Schirmer 2016",33,"fourfold","Methanobrevibacter",0.365,0.35,0.38,35,38,6502,TRUE,TRUE,TRUE,FALSE,TRUE,TRUE,TRUE,"ok","ok","",""
"SchirmerM_2016","Schirmer 2016",33,"fourfold","Oscillibacter",0.795,0.79,0.8,79,80,4015,TRUE,TRUE,TRUE,FALSE,TRUE,TRUE,TRUE,"ok","ok","",""
"SchirmerM_2016","Schirmer 2016",33,"fourfold","Parabacteroides",0.95,0.94,0.96,94,96,12555,TRUE,TRUE,TRUE,FALSE,TRUE,TRUE,TRUE,"ok","ok","",""
"SchirmerM_2016","Schirmer 2016",33,"fourfold","Phascolarctobacterium",0.495,0.48,0.51,48,51,3310,TRUE,TRUE,TRUE,FALSE,TRUE,TRUE,TRUE,"ok","ok","",""
"SchirmerM_2016","Schirmer 2016",33,"fourfold","Phocaeicola",1,1,1,100,100,40796,TRUE,TRUE,FALSE,TRUE,TRUE,TRUE,TRUE,"no_observed_zeros","ok","",""
"SchirmerM_2016","Schirmer 2016",33,"fourfold","Prevotella",0.475,0.43,0.52,43,52,63997,TRUE,TRUE,TRUE,FALSE,TRUE,TRUE,TRUE,"ok","ok","",""
"SchirmerM_2016","Schirmer 2016",33,"fourfold","Roseburia",0.985,0.99,0.98,99,98,39570,TRUE,TRUE,TRUE,FALSE,TRUE,TRUE,TRUE,"ok","ok","",""
"SchirmerM_2016","Schirmer 2016",33,"fourfold","Ruminococcaceae_unclassified",0.675,0.6,0.75,60,75,5538,TRUE,TRUE,TRUE,FALSE,TRUE,TRUE,TRUE,"ok","ok","",""
"SchirmerM_2016","Schirmer 2016",33,"fourfold","Ruminococcus",0.89,0.9,0.88,90,88,61739,TRUE,TRUE,TRUE,FALSE,TRUE,TRUE,TRUE,"ok","ok","",""
"SchirmerM_2016","Schirmer 2016",33,"fourfold","Streptococcus",0.84,0.72,0.96,72,96,6752,TRUE,TRUE,TRUE,FALSE,TRUE,TRUE,TRUE,"ok","ok","",""
"SchirmerM_2016","Schirmer 2016",34,"balanced","Agathobaculum",0.89,0.9,0.88,90,88,3760,TRUE,TRUE,TRUE,FALSE,TRUE,TRUE,TRUE,"ok","ok","",""
"SchirmerM_2016","Schirmer 2016",34,"balanced","Akkermansia",0.485,0.51,0.46,51,46,8238,TRUE,TRUE,TRUE,FALSE,TRUE,TRUE,TRUE,"ok","ok","",""
"SchirmerM_2016","Schirmer 2016",34,"balanced","Alistipes",0.96,0.96,0.96,96,96,27022,TRUE,TRUE,TRUE,FALSE,TRUE,TRUE,TRUE,"ok","ok","",""
"SchirmerM_2016","Schirmer 2016",34,"balanced","Anaerobutyricum",0.99,0.99,0.99,99,99,19452,TRUE,TRUE,TRUE,FALSE,TRUE,TRUE,TRUE,"ok","ok","",""
"SchirmerM_2016","Schirmer 2016",34,"balanced","Anaerostipes",0.995,0.99,1,99,100,22992,TRUE,TRUE,TRUE,FALSE,TRUE,TRUE,TRUE,"ok","ok","",""
"SchirmerM_2016","Schirmer 2016",34,"balanced","Bacteroides",1,1,1,100,100,54035,TRUE,TRUE,FALSE,TRUE,TRUE,TRUE,TRUE,"no_observed_zeros","ok","",""
"SchirmerM_2016","Schirmer 2016",34,"balanced","Barnesiella",0.81,0.84,0.78,84,78,6246,TRUE,TRUE,TRUE,FALSE,TRUE,TRUE,TRUE,"ok","ok","",""
"SchirmerM_2016","Schirmer 2016",34,"balanced","Bifidobacterium",0.98,0.98,0.98,98,98,129606,TRUE,TRUE,TRUE,FALSE,TRUE,TRUE,TRUE,"ok","ok","",""
"SchirmerM_2016","Schirmer 2016",34,"balanced","Blautia",1,1,1,100,100,22888,TRUE,TRUE,FALSE,TRUE,TRUE,TRUE,TRUE,"no_observed_zeros","ok","",""
"SchirmerM_2016","Schirmer 2016",34,"balanced","Collinsella",0.92,0.94,0.9,94,90,40193,TRUE,TRUE,TRUE,FALSE,TRUE,TRUE,TRUE,"ok","ok","",""
"SchirmerM_2016","Schirmer 2016",34,"balanced","Coprococcus",0.97,0.97,0.97,97,97,31404,TRUE,TRUE,TRUE,FALSE,TRUE,TRUE,TRUE,"ok","ok","",""
"SchirmerM_2016","Schirmer 2016",34,"balanced","Dialister",0.52,0.48,0.56,48,56,4597,TRUE,TRUE,TRUE,FALSE,TRUE,TRUE,TRUE,"ok","ok","",""
"SchirmerM_2016","Schirmer 2016",34,"balanced","Dorea",0.99,0.99,0.99,99,99,31441,TRUE,TRUE,TRUE,FALSE,TRUE,TRUE,TRUE,"ok","ok","",""
"SchirmerM_2016","Schirmer 2016",34,"balanced","Eubacterium",0.98,0.97,0.99,97,99,15873,TRUE,TRUE,TRUE,FALSE,TRUE,TRUE,TRUE,"ok","ok","",""
"SchirmerM_2016","Schirmer 2016",34,"balanced","Faecalibacterium",0.985,0.99,0.98,99,98,58565,TRUE,TRUE,TRUE,FALSE,TRUE,TRUE,TRUE,"ok","ok","",""
"SchirmerM_2016","Schirmer 2016",34,"balanced","Firmicutes_unclassified",0.855,0.87,0.84,87,84,5141,TRUE,TRUE,TRUE,FALSE,TRUE,TRUE,TRUE,"ok","ok","",""
"SchirmerM_2016","Schirmer 2016",34,"balanced","Fusicatenibacter",0.98,0.99,0.97,99,97,31112,TRUE,TRUE,TRUE,FALSE,TRUE,TRUE,TRUE,"ok","ok","",""
"SchirmerM_2016","Schirmer 2016",34,"balanced","Lachnospira",0.85,0.86,0.84,86,84,10000,TRUE,TRUE,TRUE,FALSE,TRUE,TRUE,TRUE,"ok","ok","",""
"SchirmerM_2016","Schirmer 2016",34,"balanced","Lachnospiraceae_unclassified",0.925,0.95,0.9,95,90,44131,TRUE,TRUE,TRUE,FALSE,TRUE,TRUE,TRUE,"ok","ok","",""
"SchirmerM_2016","Schirmer 2016",34,"balanced","Mediterraneibacter",0.99,0.99,0.99,99,99,26627,TRUE,TRUE,TRUE,FALSE,TRUE,TRUE,TRUE,"ok","ok","",""
"SchirmerM_2016","Schirmer 2016",34,"balanced","Methanobrevibacter",0.37,0.33,0.41,33,41,7984,TRUE,TRUE,TRUE,FALSE,TRUE,TRUE,TRUE,"ok","ok","",""
"SchirmerM_2016","Schirmer 2016",34,"balanced","Oscillibacter",0.83,0.81,0.85,81,85,4135,TRUE,TRUE,TRUE,FALSE,TRUE,TRUE,TRUE,"ok","ok","",""
"SchirmerM_2016","Schirmer 2016",34,"balanced","Parabacteroides",0.965,0.96,0.97,96,97,12964,TRUE,TRUE,TRUE,FALSE,TRUE,TRUE,TRUE,"ok","ok","",""
"SchirmerM_2016","Schirmer 2016",34,"balanced","Phascolarctobacterium",0.48,0.53,0.43,53,43,3786,TRUE,TRUE,TRUE,FALSE,TRUE,TRUE,TRUE,"ok","ok","",""
"SchirmerM_2016","Schirmer 2016",34,"balanced","Phocaeicola",1,1,1,100,100,41826,TRUE,TRUE,FALSE,TRUE,TRUE,TRUE,TRUE,"no_observed_zeros","ok","",""
"SchirmerM_2016","Schirmer 2016",34,"balanced","Prevotella",0.5,0.52,0.48,52,48,51635,TRUE,TRUE,TRUE,FALSE,TRUE,TRUE,TRUE,"ok","ok","",""
"SchirmerM_2016","Schirmer 2016",34,"balanced","Roseburia",1,1,1,100,100,43383,TRUE,TRUE,FALSE,TRUE,TRUE,TRUE,TRUE,"no_observed_zeros","ok","",""
"SchirmerM_2016","Schirmer 2016",34,"balanced","Ruminococcaceae_unclassified",0.71,0.68,0.74,68,74,5906,TRUE,TRUE,TRUE,FALSE,TRUE,TRUE,TRUE,"ok","ok","",""
"SchirmerM_2016","Schirmer 2016",34,"balanced","Ruminococcus",0.895,0.89,0.9,89,90,68280,TRUE,TRUE,TRUE,FALSE,TRUE,TRUE,TRUE,"ok","ok","",""
"SchirmerM_2016","Schirmer 2016",34,"balanced","Streptococcus",0.93,0.93,0.93,93,93,6855,TRUE,TRUE,TRUE,FALSE,TRUE,TRUE,TRUE,"ok","ok","",""
"SchirmerM_2016","Schirmer 2016",34,"fourfold","Agathobaculum",0.91,0.89,0.93,89,93,3601,TRUE,TRUE,TRUE,FALSE,TRUE,TRUE,TRUE,"ok","ok","",""
"SchirmerM_2016","Schirmer 2016",34,"fourfold","Akkermansia",0.465,0.47,0.46,47,46,6204,TRUE,TRUE,TRUE,FALSE,TRUE,TRUE,TRUE,"ok","ok","",""
"SchirmerM_2016","Schirmer 2016",34,"fourfold","Alistipes",0.935,0.92,0.95,92,95,27515,TRUE,TRUE,TRUE,FALSE,TRUE,TRUE,TRUE,"ok","ok","",""
"SchirmerM_2016","Schirmer 2016",34,"fourfold","Anaerobutyricum",0.99,0.99,0.99,99,99,17469,TRUE,TRUE,TRUE,FALSE,TRUE,TRUE,TRUE,"ok","ok","",""
"SchirmerM_2016","Schirmer 2016",34,"fourfold","Anaerostipes",0.99,0.98,1,98,100,20198,TRUE,TRUE,TRUE,FALSE,TRUE,TRUE,TRUE,"ok","ok","",""
"SchirmerM_2016","Schirmer 2016",34,"fourfold","Bacteroides",1,1,1,100,100,53215,TRUE,TRUE,FALSE,TRUE,TRUE,TRUE,TRUE,"no_observed_zeros","ok","",""
"SchirmerM_2016","Schirmer 2016",34,"fourfold","Barnesiella",0.81,0.81,0.81,81,81,5435,TRUE,TRUE,TRUE,FALSE,TRUE,TRUE,TRUE,"ok","ok","",""
"SchirmerM_2016","Schirmer 2016",34,"fourfold","Bifidobacterium",0.98,0.98,0.98,98,98,112972,TRUE,TRUE,TRUE,FALSE,TRUE,TRUE,TRUE,"ok","ok","",""
"SchirmerM_2016","Schirmer 2016",34,"fourfold","Blautia",0.995,0.99,1,99,100,19390,TRUE,TRUE,FALSE,TRUE,TRUE,TRUE,TRUE,"structural_absence_boundary_at_zero","ok","",""
"SchirmerM_2016","Schirmer 2016",34,"fourfold","Collinsella",0.93,0.93,0.93,93,93,35884,TRUE,TRUE,TRUE,FALSE,TRUE,TRUE,TRUE,"ok","ok","",""
"SchirmerM_2016","Schirmer 2016",34,"fourfold","Coprococcus",0.97,0.97,0.97,97,97,31238,TRUE,TRUE,TRUE,FALSE,TRUE,TRUE,TRUE,"ok","ok","",""
"SchirmerM_2016","Schirmer 2016",34,"fourfold","Dialister",0.535,0.47,0.6,47,60,5016,TRUE,TRUE,TRUE,FALSE,TRUE,TRUE,TRUE,"ok","ok","",""
"SchirmerM_2016","Schirmer 2016",34,"fourfold","Dorea",0.995,0.99,1,99,100,28935,TRUE,TRUE,TRUE,FALSE,TRUE,TRUE,TRUE,"ok","ok","",""
"SchirmerM_2016","Schirmer 2016",34,"fourfold","Eubacterium",0.97,0.96,0.98,96,98,18019,TRUE,TRUE,TRUE,FALSE,TRUE,TRUE,TRUE,"ok","ok","",""
"SchirmerM_2016","Schirmer 2016",34,"fourfold","Faecalibacterium",0.985,0.99,0.98,99,98,53818,TRUE,TRUE,TRUE,FALSE,TRUE,TRUE,TRUE,"ok","ok","",""
"SchirmerM_2016","Schirmer 2016",34,"fourfold","Firmicutes_unclassified",0.835,0.77,0.9,77,90,4355,TRUE,TRUE,TRUE,FALSE,TRUE,TRUE,TRUE,"ok","ok","",""
"SchirmerM_2016","Schirmer 2016",34,"fourfold","Fusicatenibacter",0.975,0.98,0.97,98,97,28112,TRUE,TRUE,TRUE,FALSE,TRUE,TRUE,TRUE,"ok","ok","",""
"SchirmerM_2016","Schirmer 2016",34,"fourfold","Lachnospira",0.84,0.81,0.87,81,87,8997,TRUE,TRUE,TRUE,FALSE,TRUE,TRUE,TRUE,"ok","ok","",""
"SchirmerM_2016","Schirmer 2016",34,"fourfold","Lachnospiraceae_unclassified",0.905,0.89,0.92,89,92,38070,TRUE,TRUE,TRUE,FALSE,TRUE,TRUE,TRUE,"ok","ok","",""
"SchirmerM_2016","Schirmer 2016",34,"fourfold","Mediterraneibacter",0.985,0.99,0.98,99,98,21636,TRUE,TRUE,TRUE,FALSE,TRUE,TRUE,TRUE,"ok","ok","",""
"SchirmerM_2016","Schirmer 2016",34,"fourfold","Methanobrevibacter",0.375,0.32,0.43,32,43,6966,TRUE,TRUE,TRUE,FALSE,TRUE,TRUE,TRUE,"ok","ok","",""
"SchirmerM_2016","Schirmer 2016",34,"fourfold","Oscillibacter",0.805,0.77,0.84,77,84,3661,TRUE,TRUE,TRUE,FALSE,TRUE,TRUE,TRUE,"ok","ok","",""
"SchirmerM_2016","Schirmer 2016",34,"fourfold","Parabacteroides",0.95,0.94,0.96,94,96,13019,TRUE,TRUE,TRUE,FALSE,TRUE,TRUE,TRUE,"ok","ok","",""
"SchirmerM_2016","Schirmer 2016",34,"fourfold","Phascolarctobacterium",0.465,0.48,0.45,48,45,3169,TRUE,TRUE,TRUE,FALSE,TRUE,TRUE,TRUE,"ok","ok","",""
"SchirmerM_2016","Schirmer 2016",34,"fourfold","Phocaeicola",1,1,1,100,100,39684,TRUE,TRUE,FALSE,TRUE,TRUE,TRUE,TRUE,"no_observed_zeros","ok","",""
"SchirmerM_2016","Schirmer 2016",34,"fourfold","Prevotella",0.495,0.48,0.51,48,51,49493,TRUE,TRUE,TRUE,FALSE,TRUE,TRUE,TRUE,"ok","ok","",""
"SchirmerM_2016","Schirmer 2016",34,"fourfold","Roseburia",0.985,0.98,0.99,98,99,43719,TRUE,TRUE,TRUE,FALSE,TRUE,TRUE,TRUE,"ok","ok","",""
"SchirmerM_2016","Schirmer 2016",34,"fourfold","Ruminococcaceae_unclassified",0.68,0.59,0.77,59,77,5697,TRUE,TRUE,TRUE,FALSE,TRUE,TRUE,TRUE,"ok","ok","",""
"SchirmerM_2016","Schirmer 2016",34,"fourfold","Ruminococcus",0.895,0.88,0.91,88,91,76887,TRUE,TRUE,TRUE,FALSE,TRUE,TRUE,TRUE,"ok","ok","",""
"SchirmerM_2016","Schirmer 2016",34,"fourfold","Streptococcus",0.89,0.86,0.92,86,92,7179,TRUE,TRUE,TRUE,FALSE,TRUE,TRUE,TRUE,"ok","ok","",""
"SchirmerM_2016","Schirmer 2016",35,"balanced","Agathobaculum",0.93,0.92,0.94,92,94,4347,TRUE,TRUE,TRUE,FALSE,TRUE,TRUE,TRUE,"ok","ok","",""
"SchirmerM_2016","Schirmer 2016",35,"balanced","Akkermansia",0.465,0.47,0.46,47,46,10037,TRUE,TRUE,TRUE,FALSE,TRUE,TRUE,TRUE,"ok","ok","",""
"SchirmerM_2016","Schirmer 2016",35,"balanced","Alistipes",0.955,0.95,0.96,95,96,33577,TRUE,TRUE,TRUE,FALSE,TRUE,TRUE,TRUE,"ok","ok","",""
"SchirmerM_2016","Schirmer 2016",35,"balanced","Anaerobutyricum",0.99,0.99,0.99,99,99,22269,TRUE,TRUE,TRUE,FALSE,TRUE,TRUE,TRUE,"ok","ok","",""
"SchirmerM_2016","Schirmer 2016",35,"balanced","Anaerostipes",0.995,0.99,1,99,100,25153,TRUE,TRUE,TRUE,FALSE,TRUE,TRUE,TRUE,"ok","ok","",""
"SchirmerM_2016","Schirmer 2016",35,"balanced","Bacteroides",1,1,1,100,100,61289,TRUE,TRUE,FALSE,TRUE,TRUE,TRUE,TRUE,"no_observed_zeros","ok","",""
"SchirmerM_2016","Schirmer 2016",35,"balanced","Barnesiella",0.825,0.83,0.82,83,82,7903,TRUE,TRUE,TRUE,FALSE,TRUE,TRUE,TRUE,"ok","ok","",""
"SchirmerM_2016","Schirmer 2016",35,"balanced","Bifidobacterium",0.985,0.99,0.98,99,98,133107,TRUE,TRUE,TRUE,FALSE,TRUE,TRUE,TRUE,"ok","ok","",""
"SchirmerM_2016","Schirmer 2016",35,"balanced","Blautia",1,1,1,100,100,21207,TRUE,TRUE,FALSE,TRUE,TRUE,TRUE,TRUE,"no_observed_zeros","ok","",""
"SchirmerM_2016","Schirmer 2016",35,"balanced","Collinsella",0.93,0.95,0.91,95,91,40917,TRUE,TRUE,TRUE,FALSE,TRUE,TRUE,TRUE,"ok","ok","",""
"SchirmerM_2016","Schirmer 2016",35,"balanced","Coprococcus",0.975,0.98,0.97,98,97,34260,TRUE,TRUE,TRUE,FALSE,TRUE,TRUE,TRUE,"ok","ok","",""
"SchirmerM_2016","Schirmer 2016",35,"balanced","Dialister",0.515,0.49,0.54,49,54,5949,TRUE,TRUE,TRUE,FALSE,TRUE,TRUE,TRUE,"ok","ok","",""
"SchirmerM_2016","Schirmer 2016",35,"balanced","Dorea",0.99,1,0.98,100,98,35426,TRUE,TRUE,TRUE,FALSE,TRUE,TRUE,TRUE,"ok","ok","",""
"SchirmerM_2016","Schirmer 2016",35,"balanced","Eubacterium",0.985,0.99,0.98,99,98,18698,TRUE,TRUE,TRUE,FALSE,TRUE,TRUE,TRUE,"ok","ok","",""
"SchirmerM_2016","Schirmer 2016",35,"balanced","Faecalibacterium",0.985,0.99,0.98,99,98,63920,TRUE,TRUE,TRUE,FALSE,TRUE,TRUE,TRUE,"ok","ok","",""
"SchirmerM_2016","Schirmer 2016",35,"balanced","Firmicutes_unclassified",0.845,0.84,0.85,84,85,5885,TRUE,TRUE,TRUE,FALSE,TRUE,TRUE,TRUE,"ok","ok","",""
"SchirmerM_2016","Schirmer 2016",35,"balanced","Fusicatenibacter",0.97,0.97,0.97,97,97,35476,TRUE,TRUE,TRUE,FALSE,TRUE,TRUE,TRUE,"ok","ok","",""
"SchirmerM_2016","Schirmer 2016",35,"balanced","Lachnospira",0.855,0.88,0.83,88,83,11592,TRUE,TRUE,TRUE,FALSE,TRUE,TRUE,TRUE,"ok","ok","",""
"SchirmerM_2016","Schirmer 2016",35,"balanced","Lachnospiraceae_unclassified",0.935,0.94,0.93,94,93,46474,TRUE,TRUE,TRUE,FALSE,TRUE,TRUE,TRUE,"ok","ok","",""
"SchirmerM_2016","Schirmer 2016",35,"balanced","Mediterraneibacter",0.98,0.99,0.97,99,97,25749,TRUE,TRUE,TRUE,FALSE,TRUE,TRUE,TRUE,"ok","ok","",""
"SchirmerM_2016","Schirmer 2016",35,"balanced","Methanobrevibacter",0.37,0.37,0.37,37,37,9214,TRUE,TRUE,TRUE,FALSE,TRUE,TRUE,TRUE,"ok","ok","",""
"SchirmerM_2016","Schirmer 2016",35,"balanced","Oscillibacter",0.82,0.85,0.79,85,79,5117,TRUE,TRUE,TRUE,FALSE,TRUE,TRUE,TRUE,"ok","ok","",""
"SchirmerM_2016","Schirmer 2016",35,"balanced","Parabacteroides",0.96,0.97,0.95,97,95,14952,TRUE,TRUE,TRUE,FALSE,TRUE,TRUE,TRUE,"ok","ok","",""
"SchirmerM_2016","Schirmer 2016",35,"balanced","Phascolarctobacterium",0.485,0.5,0.47,50,47,3759,TRUE,TRUE,TRUE,FALSE,TRUE,TRUE,TRUE,"ok","ok","",""
"SchirmerM_2016","Schirmer 2016",35,"balanced","Phocaeicola",1,1,1,100,100,47631,TRUE,TRUE,FALSE,TRUE,TRUE,TRUE,TRUE,"no_observed_zeros","ok","",""
"SchirmerM_2016","Schirmer 2016",35,"balanced","Prevotella",0.485,0.55,0.42,55,42,53824,TRUE,TRUE,TRUE,FALSE,TRUE,TRUE,TRUE,"ok","ok","",""
"SchirmerM_2016","Schirmer 2016",35,"balanced","Roseburia",0.99,1,0.98,100,98,48579,TRUE,TRUE,TRUE,FALSE,TRUE,TRUE,TRUE,"ok","ok","",""
"SchirmerM_2016","Schirmer 2016",35,"balanced","Ruminococcaceae_unclassified",0.705,0.72,0.69,72,69,6277,TRUE,TRUE,TRUE,FALSE,TRUE,TRUE,TRUE,"ok","ok","",""
"SchirmerM_2016","Schirmer 2016",35,"balanced","Ruminococcus",0.895,0.91,0.88,91,88,72694,TRUE,TRUE,TRUE,FALSE,TRUE,TRUE,TRUE,"ok","ok","",""
"SchirmerM_2016","Schirmer 2016",35,"balanced","Streptococcus",0.92,0.9,0.94,90,94,7873,TRUE,TRUE,TRUE,FALSE,TRUE,TRUE,TRUE,"ok","ok","",""
"SchirmerM_2016","Schirmer 2016",35,"fourfold","Agathobaculum",0.9,0.87,0.93,87,93,3893,TRUE,TRUE,TRUE,FALSE,TRUE,TRUE,TRUE,"ok","ok","",""
"SchirmerM_2016","Schirmer 2016",35,"fourfold","Akkermansia",0.48,0.47,0.49,47,49,8608,TRUE,TRUE,TRUE,FALSE,TRUE,TRUE,TRUE,"ok","ok","",""
"SchirmerM_2016","Schirmer 2016",35,"fourfold","Alistipes",0.935,0.91,0.96,91,96,26960,TRUE,TRUE,TRUE,FALSE,TRUE,TRUE,TRUE,"ok","ok","",""
"SchirmerM_2016","Schirmer 2016",35,"fourfold","Anaerobutyricum",0.985,0.98,0.99,98,99,19157,TRUE,TRUE,TRUE,FALSE,TRUE,TRUE,TRUE,"ok","ok","",""
"SchirmerM_2016","Schirmer 2016",35,"fourfold","Anaerostipes",0.995,0.99,1,99,100,22568,TRUE,TRUE,TRUE,FALSE,TRUE,TRUE,TRUE,"ok","ok","",""
"SchirmerM_2016","Schirmer 2016",35,"fourfold","Bacteroides",1,1,1,100,100,54635,TRUE,TRUE,FALSE,TRUE,TRUE,TRUE,TRUE,"no_observed_zeros","ok","",""
"SchirmerM_2016","Schirmer 2016",35,"fourfold","Barnesiella",0.8,0.79,0.81,79,81,5770,TRUE,TRUE,TRUE,FALSE,TRUE,TRUE,TRUE,"ok","ok","",""
"SchirmerM_2016","Schirmer 2016",35,"fourfold","Bifidobacterium",0.975,0.99,0.96,99,96,123430,TRUE,TRUE,TRUE,FALSE,TRUE,TRUE,TRUE,"ok","ok","",""
"SchirmerM_2016","Schirmer 2016",35,"fourfold","Blautia",1,1,1,100,100,19814,TRUE,TRUE,FALSE,TRUE,TRUE,TRUE,TRUE,"no_observed_zeros","ok","",""
"SchirmerM_2016","Schirmer 2016",35,"fourfold","Collinsella",0.91,0.91,0.91,91,91,35272,TRUE,TRUE,TRUE,FALSE,TRUE,TRUE,TRUE,"ok","ok","",""
"SchirmerM_2016","Schirmer 2016",35,"fourfold","Coprococcus",0.98,0.98,0.98,98,98,31697,TRUE,TRUE,TRUE,FALSE,TRUE,TRUE,TRUE,"ok","ok","",""
"SchirmerM_2016","Schirmer 2016",35,"fourfold","Dialister",0.525,0.51,0.54,51,54,4753,TRUE,TRUE,TRUE,FALSE,TRUE,TRUE,TRUE,"ok","ok","",""
"SchirmerM_2016","Schirmer 2016",35,"fourfold","Dorea",0.99,0.99,0.99,99,99,28431,TRUE,TRUE,TRUE,FALSE,TRUE,TRUE,TRUE,"ok","ok","",""
"SchirmerM_2016","Schirmer 2016",35,"fourfold","Eubacterium",0.96,0.94,0.98,94,98,16782,TRUE,TRUE,TRUE,FALSE,TRUE,TRUE,TRUE,"ok","ok","",""
"SchirmerM_2016","Schirmer 2016",35,"fourfold","Faecalibacterium",0.985,0.99,0.98,99,98,56903,TRUE,TRUE,TRUE,FALSE,TRUE,TRUE,TRUE,"ok","ok","",""
"SchirmerM_2016","Schirmer 2016",35,"fourfold","Firmicutes_unclassified",0.815,0.78,0.85,78,85,4202,TRUE,TRUE,TRUE,FALSE,TRUE,TRUE,TRUE,"ok","ok","",""
"SchirmerM_2016","Schirmer 2016",35,"fourfold","Fusicatenibacter",0.98,0.98,0.98,98,98,31499,TRUE,TRUE,TRUE,FALSE,TRUE,TRUE,TRUE,"ok","ok","",""
"SchirmerM_2016","Schirmer 2016",35,"fourfold","Lachnospira",0.845,0.86,0.83,86,83,9520,TRUE,TRUE,TRUE,FALSE,TRUE,TRUE,TRUE,"ok","ok","",""
"SchirmerM_2016","Schirmer 2016",35,"fourfold","Lachnospiraceae_unclassified",0.915,0.9,0.93,90,93,44684,TRUE,TRUE,TRUE,FALSE,TRUE,TRUE,TRUE,"ok","ok","",""
"SchirmerM_2016","Schirmer 2016",35,"fourfold","Mediterraneibacter",0.985,0.99,0.98,99,98,23067,TRUE,TRUE,TRUE,FALSE,TRUE,TRUE,TRUE,"ok","ok","",""
"SchirmerM_2016","Schirmer 2016",35,"fourfold","Methanobrevibacter",0.37,0.34,0.4,34,40,7139,TRUE,TRUE,TRUE,FALSE,TRUE,TRUE,TRUE,"ok","ok","",""
"SchirmerM_2016","Schirmer 2016",35,"fourfold","Oscillibacter",0.82,0.82,0.82,82,82,4237,TRUE,TRUE,TRUE,FALSE,TRUE,TRUE,TRUE,"ok","ok","",""
"SchirmerM_2016","Schirmer 2016",35,"fourfold","Parabacteroides",0.95,0.95,0.95,95,95,13352,TRUE,TRUE,TRUE,FALSE,TRUE,TRUE,TRUE,"ok","ok","",""
"SchirmerM_2016","Schirmer 2016",35,"fourfold","Phascolarctobacterium",0.46,0.43,0.49,43,49,3436,TRUE,TRUE,TRUE,FALSE,TRUE,TRUE,TRUE,"ok","ok","",""
"SchirmerM_2016","Schirmer 2016",35,"fourfold","Phocaeicola",1,1,1,100,100,44801,TRUE,TRUE,FALSE,TRUE,TRUE,TRUE,TRUE,"no_observed_zeros","ok","",""
"SchirmerM_2016","Schirmer 2016",35,"fourfold","Prevotella",0.5,0.55,0.45,55,45,48343,TRUE,TRUE,TRUE,FALSE,TRUE,TRUE,TRUE,"ok","ok","",""
"SchirmerM_2016","Schirmer 2016",35,"fourfold","Roseburia",0.99,1,0.98,100,98,45558,TRUE,TRUE,TRUE,FALSE,TRUE,TRUE,TRUE,"ok","ok","",""
"SchirmerM_2016","Schirmer 2016",35,"fourfold","Ruminococcaceae_unclassified",0.69,0.64,0.74,64,74,5889,TRUE,TRUE,TRUE,FALSE,TRUE,TRUE,TRUE,"ok","ok","",""
"SchirmerM_2016","Schirmer 2016",35,"fourfold","Ruminococcus",0.885,0.87,0.9,87,90,62905,TRUE,TRUE,TRUE,FALSE,TRUE,TRUE,TRUE,"ok","ok","",""
"SchirmerM_2016","Schirmer 2016",35,"fourfold","Streptococcus",0.915,0.86,0.97,86,97,6530,TRUE,TRUE,TRUE,FALSE,TRUE,TRUE,TRUE,"ok","ok","",""
"SchirmerM_2016","Schirmer 2016",36,"balanced","Agathobaculum",0.91,0.92,0.9,92,90,3628,TRUE,TRUE,TRUE,FALSE,TRUE,TRUE,TRUE,"ok","ok","",""
"SchirmerM_2016","Schirmer 2016",36,"balanced","Akkermansia",0.47,0.42,0.52,42,52,8828,TRUE,TRUE,TRUE,FALSE,TRUE,TRUE,TRUE,"ok","ok","",""
"SchirmerM_2016","Schirmer 2016",36,"balanced","Alistipes",0.95,0.93,0.97,93,97,27554,TRUE,TRUE,TRUE,FALSE,TRUE,TRUE,TRUE,"ok","ok","",""
"SchirmerM_2016","Schirmer 2016",36,"balanced","Anaerobutyricum",0.99,0.98,1,98,100,19916,TRUE,TRUE,TRUE,FALSE,TRUE,TRUE,TRUE,"ok","ok","",""
"SchirmerM_2016","Schirmer 2016",36,"balanced","Anaerostipes",0.995,1,0.99,100,99,24381,TRUE,TRUE,TRUE,FALSE,TRUE,TRUE,TRUE,"ok","ok","",""
"SchirmerM_2016","Schirmer 2016",36,"balanced","Bacteroides",1,1,1,100,100,55420,TRUE,TRUE,FALSE,TRUE,TRUE,TRUE,TRUE,"no_observed_zeros","ok","",""
"SchirmerM_2016","Schirmer 2016",36,"balanced","Barnesiella",0.805,0.79,0.82,79,82,6042,TRUE,TRUE,TRUE,FALSE,TRUE,TRUE,TRUE,"ok","ok","",""
"SchirmerM_2016","Schirmer 2016",36,"balanced","Bifidobacterium",0.975,0.98,0.97,98,97,123014,TRUE,TRUE,TRUE,FALSE,TRUE,TRUE,TRUE,"ok","ok","",""
"SchirmerM_2016","Schirmer 2016",36,"balanced","Blautia",1,1,1,100,100,21471,TRUE,TRUE,FALSE,TRUE,TRUE,TRUE,TRUE,"no_observed_zeros","ok","",""
"SchirmerM_2016","Schirmer 2016",36,"balanced","Collinsella",0.94,0.95,0.93,95,93,35819,TRUE,TRUE,TRUE,FALSE,TRUE,TRUE,TRUE,"ok","ok","",""
"SchirmerM_2016","Schirmer 2016",36,"balanced","Coprococcus",0.97,0.96,0.98,96,98,30737,TRUE,TRUE,TRUE,FALSE,TRUE,TRUE,TRUE,"ok","ok","",""
"SchirmerM_2016","Schirmer 2016",36,"balanced","Dialister",0.545,0.54,0.55,54,55,5115,TRUE,TRUE,TRUE,FALSE,TRUE,TRUE,TRUE,"ok","ok","",""
"SchirmerM_2016","Schirmer 2016",36,"balanced","Dorea",0.99,0.99,0.99,99,99,31606,TRUE,TRUE,TRUE,FALSE,TRUE,TRUE,TRUE,"ok","ok","",""
"SchirmerM_2016","Schirmer 2016",36,"balanced","Eubacterium",0.975,0.97,0.98,97,98,15786,TRUE,TRUE,TRUE,FALSE,TRUE,TRUE,TRUE,"ok","ok","",""
"SchirmerM_2016","Schirmer 2016",36,"balanced","Faecalibacterium",0.985,1,0.97,100,97,56518,TRUE,TRUE,TRUE,FALSE,TRUE,TRUE,TRUE,"ok","ok","",""
"SchirmerM_2016","Schirmer 2016",36,"balanced","Firmicutes_unclassified",0.84,0.85,0.83,85,83,4756,TRUE,TRUE,TRUE,FALSE,TRUE,TRUE,TRUE,"ok","ok","",""
"SchirmerM_2016","Schirmer 2016",36,"balanced","Fusicatenibacter",0.97,0.98,0.96,98,96,31883,TRUE,TRUE,TRUE,FALSE,TRUE,TRUE,TRUE,"ok","ok","",""
"SchirmerM_2016","Schirmer 2016",36,"balanced","Lachnospira",0.845,0.84,0.85,84,85,10172,TRUE,TRUE,TRUE,FALSE,TRUE,TRUE,TRUE,"ok","ok","",""
"SchirmerM_2016","Schirmer 2016",36,"balanced","Lachnospiraceae_unclassified",0.925,0.92,0.93,92,93,43614,TRUE,TRUE,TRUE,FALSE,TRUE,TRUE,TRUE,"ok","ok","",""
"SchirmerM_2016","Schirmer 2016",36,"balanced","Mediterraneibacter",0.985,0.98,0.99,98,99,25724,TRUE,TRUE,TRUE,FALSE,TRUE,TRUE,TRUE,"ok","ok","",""
"SchirmerM_2016","Schirmer 2016",36,"balanced","Methanobrevibacter",0.37,0.36,0.38,36,38,8654,TRUE,TRUE,TRUE,FALSE,TRUE,TRUE,TRUE,"ok","ok","",""
"SchirmerM_2016","Schirmer 2016",36,"balanced","Oscillibacter",0.835,0.83,0.84,83,84,4167,TRUE,TRUE,TRUE,FALSE,TRUE,TRUE,TRUE,"ok","ok","",""
"SchirmerM_2016","Schirmer 2016",36,"balanced","Parabacteroides",0.96,0.94,0.98,94,98,13147,TRUE,TRUE,TRUE,FALSE,TRUE,TRUE,TRUE,"ok","ok","",""
"SchirmerM_2016","Schirmer 2016",36,"balanced","Phascolarctobacterium",0.49,0.5,0.48,50,48,3341,TRUE,TRUE,TRUE,FALSE,TRUE,TRUE,TRUE,"ok","ok","",""
"SchirmerM_2016","Schirmer 2016",36,"balanced","Phocaeicola",1,1,1,100,100,42812,TRUE,TRUE,FALSE,TRUE,TRUE,TRUE,TRUE,"no_observed_zeros","ok","",""
"SchirmerM_2016","Schirmer 2016",36,"balanced","Prevotella",0.505,0.47,0.54,47,54,50841,TRUE,TRUE,TRUE,FALSE,TRUE,TRUE,TRUE,"ok","ok","",""
"SchirmerM_2016","Schirmer 2016",36,"balanced","Roseburia",0.99,0.99,0.99,99,99,44466,TRUE,TRUE,TRUE,FALSE,TRUE,TRUE,TRUE,"ok","ok","",""
"SchirmerM_2016","Schirmer 2016",36,"balanced","Ruminococcaceae_unclassified",0.66,0.66,0.66,66,66,4390,TRUE,TRUE,TRUE,FALSE,TRUE,TRUE,TRUE,"ok","ok","",""
"SchirmerM_2016","Schirmer 2016",36,"balanced","Ruminococcus",0.905,0.9,0.91,90,91,69201,TRUE,TRUE,TRUE,FALSE,TRUE,TRUE,TRUE,"ok","ok","",""
"SchirmerM_2016","Schirmer 2016",36,"balanced","Streptococcus",0.9,0.89,0.91,89,91,6441,TRUE,TRUE,TRUE,FALSE,TRUE,TRUE,TRUE,"ok","ok","",""
"SchirmerM_2016","Schirmer 2016",36,"fourfold","Agathobaculum",0.9,0.88,0.92,88,92,3455,TRUE,TRUE,TRUE,FALSE,TRUE,TRUE,TRUE,"ok","ok","",""
"SchirmerM_2016","Schirmer 2016",36,"fourfold","Akkermansia",0.465,0.43,0.5,43,50,7571,TRUE,TRUE,TRUE,FALSE,TRUE,TRUE,TRUE,"ok","ok","",""
"SchirmerM_2016","Schirmer 2016",36,"fourfold","Alistipes",0.945,0.91,0.98,91,98,28133,TRUE,TRUE,TRUE,FALSE,TRUE,TRUE,TRUE,"ok","ok","",""
"SchirmerM_2016","Schirmer 2016",36,"fourfold","Anaerobutyricum",0.99,0.98,1,98,100,18845,TRUE,TRUE,TRUE,FALSE,TRUE,TRUE,TRUE,"ok","ok","",""
"SchirmerM_2016","Schirmer 2016",36,"fourfold","Anaerostipes",0.995,1,0.99,100,99,20603,TRUE,TRUE,TRUE,FALSE,TRUE,TRUE,TRUE,"ok","ok","",""
"SchirmerM_2016","Schirmer 2016",36,"fourfold","Bacteroides",0.995,0.99,1,99,100,58503,TRUE,TRUE,TRUE,FALSE,TRUE,TRUE,TRUE,"ok","ok","",""
"SchirmerM_2016","Schirmer 2016",36,"fourfold","Barnesiella",0.79,0.75,0.83,75,83,6632,TRUE,TRUE,TRUE,FALSE,TRUE,TRUE,TRUE,"ok","ok","",""
"SchirmerM_2016","Schirmer 2016",36,"fourfold","Bifidobacterium",0.975,0.98,0.97,98,97,113680,TRUE,TRUE,TRUE,FALSE,TRUE,TRUE,TRUE,"ok","ok","",""
"SchirmerM_2016","Schirmer 2016",36,"fourfold","Blautia",1,1,1,100,100,19918,TRUE,TRUE,FALSE,TRUE,TRUE,TRUE,TRUE,"no_observed_zeros","ok","",""
"SchirmerM_2016","Schirmer 2016",36,"fourfold","Collinsella",0.945,0.95,0.94,95,94,34852,TRUE,TRUE,TRUE,FALSE,TRUE,TRUE,TRUE,"ok","ok","",""
"SchirmerM_2016","Schirmer 2016",36,"fourfold","Coprococcus",0.975,0.97,0.98,97,98,29173,TRUE,TRUE,TRUE,FALSE,TRUE,TRUE,TRUE,"ok","ok","",""
"SchirmerM_2016","Schirmer 2016",36,"fourfold","Dialister",0.52,0.48,0.56,48,56,4985,TRUE,TRUE,TRUE,FALSE,TRUE,TRUE,TRUE,"ok","ok","",""
"SchirmerM_2016","Schirmer 2016",36,"fourfold","Dorea",0.99,0.99,0.99,99,99,29739,TRUE,TRUE,TRUE,FALSE,TRUE,TRUE,TRUE,"ok","ok","",""
"SchirmerM_2016","Schirmer 2016",36,"fourfold","Eubacterium",0.975,0.96,0.99,96,99,14696,TRUE,TRUE,TRUE,FALSE,TRUE,TRUE,TRUE,"ok","ok","",""
"SchirmerM_2016","Schirmer 2016",36,"fourfold","Faecalibacterium",0.985,1,0.97,100,97,55950,TRUE,TRUE,TRUE,FALSE,TRUE,TRUE,TRUE,"ok","ok","",""
"SchirmerM_2016","Schirmer 2016",36,"fourfold","Firmicutes_unclassified",0.82,0.79,0.85,79,85,5635,TRUE,TRUE,TRUE,FALSE,TRUE,TRUE,TRUE,"ok","ok","",""
"SchirmerM_2016","Schirmer 2016",36,"fourfold","Fusicatenibacter",0.975,0.99,0.96,99,96,29658,TRUE,TRUE,TRUE,FALSE,TRUE,TRUE,TRUE,"ok","ok","",""
"SchirmerM_2016","Schirmer 2016",36,"fourfold","Lachnospira",0.845,0.84,0.85,84,85,10507,TRUE,TRUE,TRUE,FALSE,TRUE,TRUE,TRUE,"ok","ok","",""
"SchirmerM_2016","Schirmer 2016",36,"fourfold","Lachnospiraceae_unclassified",0.935,0.92,0.95,92,95,43764,TRUE,TRUE,TRUE,FALSE,TRUE,TRUE,TRUE,"ok","ok","",""
"SchirmerM_2016","Schirmer 2016",36,"fourfold","Mediterraneibacter",0.98,0.98,0.98,98,98,22209,TRUE,TRUE,TRUE,FALSE,TRUE,TRUE,TRUE,"ok","ok","",""
"SchirmerM_2016","Schirmer 2016",36,"fourfold","Methanobrevibacter",0.375,0.36,0.39,36,39,8849,TRUE,TRUE,TRUE,FALSE,TRUE,TRUE,TRUE,"ok","ok","",""
"SchirmerM_2016","Schirmer 2016",36,"fourfold","Oscillibacter",0.79,0.74,0.84,74,84,4291,TRUE,TRUE,TRUE,FALSE,TRUE,TRUE,TRUE,"ok","ok","",""
"SchirmerM_2016","Schirmer 2016",36,"fourfold","Parabacteroides",0.95,0.92,0.98,92,98,12418,TRUE,TRUE,TRUE,FALSE,TRUE,TRUE,TRUE,"ok","ok","",""
"SchirmerM_2016","Schirmer 2016",36,"fourfold","Phascolarctobacterium",0.495,0.47,0.52,47,52,3106,TRUE,TRUE,TRUE,FALSE,TRUE,TRUE,TRUE,"ok","ok","",""
"SchirmerM_2016","Schirmer 2016",36,"fourfold","Phocaeicola",1,1,1,100,100,41255,TRUE,TRUE,FALSE,TRUE,TRUE,TRUE,TRUE,"no_observed_zeros","ok","",""
"SchirmerM_2016","Schirmer 2016",36,"fourfold","Prevotella",0.525,0.48,0.57,48,57,51522,TRUE,TRUE,TRUE,FALSE,TRUE,TRUE,TRUE,"ok","ok","",""
"SchirmerM_2016","Schirmer 2016",36,"fourfold","Roseburia",0.99,0.99,0.99,99,99,41456,TRUE,TRUE,TRUE,FALSE,TRUE,TRUE,TRUE,"ok","ok","",""
"SchirmerM_2016","Schirmer 2016",36,"fourfold","Ruminococcaceae_unclassified",0.64,0.55,0.73,55,73,4539,TRUE,TRUE,TRUE,FALSE,TRUE,TRUE,TRUE,"ok","ok","",""
"SchirmerM_2016","Schirmer 2016",36,"fourfold","Ruminococcus",0.89,0.88,0.9,88,90,66763,TRUE,TRUE,TRUE,FALSE,TRUE,TRUE,TRUE,"ok","ok","",""
"SchirmerM_2016","Schirmer 2016",36,"fourfold","Streptococcus",0.91,0.85,0.97,85,97,6953,TRUE,TRUE,TRUE,FALSE,TRUE,TRUE,TRUE,"ok","ok","",""
"SchirmerM_2016","Schirmer 2016",37,"balanced","Agathobaculum",0.9,0.9,0.9,90,90,4140,TRUE,TRUE,TRUE,FALSE,TRUE,TRUE,TRUE,"ok","ok","",""
"SchirmerM_2016","Schirmer 2016",37,"balanced","Akkermansia",0.485,0.49,0.48,49,48,8603,TRUE,TRUE,TRUE,FALSE,TRUE,TRUE,TRUE,"ok","ok","",""
"SchirmerM_2016","Schirmer 2016",37,"balanced","Alistipes",0.95,0.96,0.94,96,94,28567,TRUE,TRUE,TRUE,FALSE,TRUE,TRUE,TRUE,"ok","ok","",""
"SchirmerM_2016","Schirmer 2016",37,"balanced","Anaerobutyricum",0.99,1,0.98,100,98,20701,TRUE,TRUE,TRUE,FALSE,TRUE,TRUE,TRUE,"ok","ok","",""
"SchirmerM_2016","Schirmer 2016",37,"balanced","Anaerostipes",0.995,0.99,1,99,100,25310,TRUE,TRUE,TRUE,FALSE,TRUE,TRUE,TRUE,"ok","ok","",""
"SchirmerM_2016","Schirmer 2016",37,"balanced","Bacteroides",0.995,0.99,1,99,100,56297,TRUE,TRUE,TRUE,FALSE,TRUE,TRUE,TRUE,"ok","ok","",""
"SchirmerM_2016","Schirmer 2016",37,"balanced","Barnesiella",0.825,0.78,0.87,78,87,6767,TRUE,TRUE,TRUE,FALSE,TRUE,TRUE,TRUE,"ok","ok","",""
"SchirmerM_2016","Schirmer 2016",37,"balanced","Bifidobacterium",0.985,1,0.97,100,97,127902,TRUE,TRUE,TRUE,FALSE,TRUE,TRUE,TRUE,"ok","ok","",""
"SchirmerM_2016","Schirmer 2016",37,"balanced","Blautia",1,1,1,100,100,23453,TRUE,TRUE,FALSE,TRUE,TRUE,TRUE,TRUE,"no_observed_zeros","ok","",""
"SchirmerM_2016","Schirmer 2016",37,"balanced","Collinsella",0.945,0.96,0.93,96,93,37119,TRUE,TRUE,TRUE,FALSE,TRUE,TRUE,TRUE,"ok","ok","",""
"SchirmerM_2016","Schirmer 2016",37,"balanced","Coprococcus",0.97,0.96,0.98,96,98,32589,TRUE,TRUE,TRUE,FALSE,TRUE,TRUE,TRUE,"ok","ok","",""
"SchirmerM_2016","Schirmer 2016",37,"balanced","Dialister",0.535,0.55,0.52,55,52,5572,TRUE,TRUE,TRUE,FALSE,TRUE,TRUE,TRUE,"ok","ok","",""
"SchirmerM_2016","Schirmer 2016",37,"balanced","Dorea",0.99,0.99,0.99,99,99,31672,TRUE,TRUE,TRUE,FALSE,TRUE,TRUE,TRUE,"ok","ok","",""
"SchirmerM_2016","Schirmer 2016",37,"balanced","Eubacterium",0.985,0.98,0.99,98,99,15999,TRUE,TRUE,TRUE,FALSE,TRUE,TRUE,TRUE,"ok","ok","",""
"SchirmerM_2016","Schirmer 2016",37,"balanced","Faecalibacterium",0.985,1,0.97,100,97,58951,TRUE,TRUE,TRUE,FALSE,TRUE,TRUE,TRUE,"ok","ok","",""
"SchirmerM_2016","Schirmer 2016",37,"balanced","Firmicutes_unclassified",0.86,0.88,0.84,88,84,5131,TRUE,TRUE,TRUE,FALSE,TRUE,TRUE,TRUE,"ok","ok","",""
"SchirmerM_2016","Schirmer 2016",37,"balanced","Fusicatenibacter",0.98,0.99,0.97,99,97,33969,TRUE,TRUE,TRUE,FALSE,TRUE,TRUE,TRUE,"ok","ok","",""
"SchirmerM_2016","Schirmer 2016",37,"balanced","Lachnospira",0.845,0.84,0.85,84,85,11001,TRUE,TRUE,TRUE,FALSE,TRUE,TRUE,TRUE,"ok","ok","",""
"SchirmerM_2016","Schirmer 2016",37,"balanced","Lachnospiraceae_unclassified",0.94,0.98,0.9,98,90,43707,TRUE,TRUE,TRUE,FALSE,TRUE,TRUE,TRUE,"ok","ok","",""
"SchirmerM_2016","Schirmer 2016",37,"balanced","Mediterraneibacter",0.99,0.98,1,98,100,25380,TRUE,TRUE,TRUE,FALSE,TRUE,TRUE,TRUE,"ok","ok","",""
"SchirmerM_2016","Schirmer 2016",37,"balanced","Methanobrevibacter",0.37,0.43,0.31,43,31,7660,TRUE,TRUE,TRUE,FALSE,TRUE,TRUE,TRUE,"ok","ok","",""
"SchirmerM_2016","Schirmer 2016",37,"balanced","Oscillibacter",0.835,0.84,0.83,84,83,4474,TRUE,TRUE,TRUE,FALSE,TRUE,TRUE,TRUE,"ok","ok","",""
"SchirmerM_2016","Schirmer 2016",37,"balanced","Parabacteroides",0.965,0.98,0.95,98,95,13984,TRUE,TRUE,TRUE,FALSE,TRUE,TRUE,TRUE,"ok","ok","",""
"SchirmerM_2016","Schirmer 2016",37,"balanced","Phascolarctobacterium",0.49,0.52,0.46,52,46,4048,TRUE,TRUE,TRUE,FALSE,TRUE,TRUE,TRUE,"ok","ok","",""
"SchirmerM_2016","Schirmer 2016",37,"balanced","Phocaeicola",1,1,1,100,100,44543,TRUE,TRUE,FALSE,TRUE,TRUE,TRUE,TRUE,"no_observed_zeros","ok","",""
"SchirmerM_2016","Schirmer 2016",37,"balanced","Prevotella",0.52,0.6,0.44,60,44,51894,TRUE,TRUE,TRUE,FALSE,TRUE,TRUE,TRUE,"ok","ok","",""
"SchirmerM_2016","Schirmer 2016",37,"balanced","Roseburia",0.99,1,0.98,100,98,48647,TRUE,TRUE,TRUE,FALSE,TRUE,TRUE,TRUE,"ok","ok","",""
"SchirmerM_2016","Schirmer 2016",37,"balanced","Ruminococcaceae_unclassified",0.675,0.69,0.66,69,66,6119,TRUE,TRUE,TRUE,FALSE,TRUE,TRUE,TRUE,"ok","ok","",""
"SchirmerM_2016","Schirmer 2016",37,"balanced","Ruminococcus",0.9,0.91,0.89,91,89,66964,TRUE,TRUE,TRUE,FALSE,TRUE,TRUE,TRUE,"ok","ok","",""
"SchirmerM_2016","Schirmer 2016",37,"balanced","Streptococcus",0.93,0.93,0.93,93,93,7323,TRUE,TRUE,TRUE,FALSE,TRUE,TRUE,TRUE,"ok","ok","",""
"SchirmerM_2016","Schirmer 2016",37,"fourfold","Agathobaculum",0.89,0.85,0.93,85,93,3434,TRUE,TRUE,TRUE,FALSE,TRUE,TRUE,TRUE,"ok","ok","",""
"SchirmerM_2016","Schirmer 2016",37,"fourfold","Akkermansia",0.47,0.45,0.49,45,49,5881,TRUE,TRUE,TRUE,FALSE,TRUE,TRUE,TRUE,"ok","ok","",""
"SchirmerM_2016","Schirmer 2016",37,"fourfold","Alistipes",0.955,0.97,0.94,97,94,27834,TRUE,TRUE,TRUE,FALSE,TRUE,TRUE,TRUE,"ok","ok","",""
"SchirmerM_2016","Schirmer 2016",37,"fourfold","Anaerobutyricum",0.99,1,0.98,100,98,18462,TRUE,TRUE,TRUE,FALSE,TRUE,TRUE,TRUE,"ok","ok","",""
"SchirmerM_2016","Schirmer 2016",37,"fourfold","Anaerostipes",0.99,0.98,1,98,100,22698,TRUE,TRUE,TRUE,FALSE,TRUE,TRUE,TRUE,"ok","ok","",""
"SchirmerM_2016","Schirmer 2016",37,"fourfold","Bacteroides",1,1,1,100,100,53305,TRUE,TRUE,FALSE,TRUE,TRUE,TRUE,TRUE,"no_observed_zeros","ok","",""
"SchirmerM_2016","Schirmer 2016",37,"fourfold","Barnesiella",0.78,0.7,0.86,70,86,7633,TRUE,TRUE,TRUE,FALSE,TRUE,TRUE,TRUE,"ok","ok","",""
"SchirmerM_2016","Schirmer 2016",37,"fourfold","Bifidobacterium",0.98,0.98,0.98,98,98,115862,TRUE,TRUE,TRUE,FALSE,TRUE,TRUE,TRUE,"ok","ok","",""
"SchirmerM_2016","Schirmer 2016",37,"fourfold","Blautia",1,1,1,100,100,18500,TRUE,TRUE,FALSE,TRUE,TRUE,TRUE,TRUE,"no_observed_zeros","ok","",""
"SchirmerM_2016","Schirmer 2016",37,"fourfold","Collinsella",0.935,0.95,0.92,95,92,34281,TRUE,TRUE,TRUE,FALSE,TRUE,TRUE,TRUE,"ok","ok","",""
"SchirmerM_2016","Schirmer 2016",37,"fourfold","Coprococcus",0.97,0.96,0.98,96,98,29656,TRUE,TRUE,TRUE,FALSE,TRUE,TRUE,TRUE,"ok","ok","",""
"SchirmerM_2016","Schirmer 2016",37,"fourfold","Dialister",0.51,0.49,0.53,49,53,4542,TRUE,TRUE,TRUE,FALSE,TRUE,TRUE,TRUE,"ok","ok","",""
"SchirmerM_2016","Schirmer 2016",37,"fourfold","Dorea",0.99,0.99,0.99,99,99,29730,TRUE,TRUE,TRUE,FALSE,TRUE,TRUE,TRUE,"ok","ok","",""
"SchirmerM_2016","Schirmer 2016",37,"fourfold","Eubacterium",0.98,0.98,0.98,98,98,14445,TRUE,TRUE,TRUE,FALSE,TRUE,TRUE,TRUE,"ok","ok","",""
"SchirmerM_2016","Schirmer 2016",37,"fourfold","Faecalibacterium",0.985,1,0.97,100,97,54836,TRUE,TRUE,TRUE,FALSE,TRUE,TRUE,TRUE,"ok","ok","",""
"SchirmerM_2016","Schirmer 2016",37,"fourfold","Firmicutes_unclassified",0.825,0.79,0.86,79,86,4480,TRUE,TRUE,TRUE,FALSE,TRUE,TRUE,TRUE,"ok","ok","",""
"SchirmerM_2016","Schirmer 2016",37,"fourfold","Fusicatenibacter",0.97,0.97,0.97,97,97,31374,TRUE,TRUE,TRUE,FALSE,TRUE,TRUE,TRUE,"ok","ok","",""
"SchirmerM_2016","Schirmer 2016",37,"fourfold","Lachnospira",0.835,0.81,0.86,81,86,9332,TRUE,TRUE,TRUE,FALSE,TRUE,TRUE,TRUE,"ok","ok","",""
"SchirmerM_2016","Schirmer 2016",37,"fourfold","Lachnospiraceae_unclassified",0.9,0.91,0.89,91,89,34994,TRUE,TRUE,TRUE,FALSE,TRUE,TRUE,TRUE,"ok","ok","",""
"SchirmerM_2016","Schirmer 2016",37,"fourfold","Mediterraneibacter",0.985,0.97,1,97,100,21918,TRUE,TRUE,TRUE,FALSE,TRUE,TRUE,TRUE,"ok","ok","",""
"SchirmerM_2016","Schirmer 2016",37,"fourfold","Methanobrevibacter",0.37,0.44,0.3,44,30,7522,TRUE,TRUE,TRUE,FALSE,TRUE,TRUE,TRUE,"ok","ok","",""
"SchirmerM_2016","Schirmer 2016",37,"fourfold","Oscillibacter",0.76,0.71,0.81,71,81,4208,TRUE,TRUE,TRUE,FALSE,TRUE,TRUE,TRUE,"ok","ok","",""
"SchirmerM_2016","Schirmer 2016",37,"fourfold","Parabacteroides",0.96,0.98,0.94,98,94,12973,TRUE,TRUE,TRUE,FALSE,TRUE,TRUE,TRUE,"ok","ok","",""
"SchirmerM_2016","Schirmer 2016",37,"fourfold","Phascolarctobacterium",0.475,0.49,0.46,49,46,3450,TRUE,TRUE,TRUE,FALSE,TRUE,TRUE,TRUE,"ok","ok","",""
"SchirmerM_2016","Schirmer 2016",37,"fourfold","Phocaeicola",1,1,1,100,100,44730,TRUE,TRUE,FALSE,TRUE,TRUE,TRUE,TRUE,"no_observed_zeros","ok","",""
"SchirmerM_2016","Schirmer 2016",37,"fourfold","Prevotella",0.5,0.53,0.47,53,47,45756,TRUE,TRUE,TRUE,FALSE,TRUE,TRUE,TRUE,"ok","ok","",""
"SchirmerM_2016","Schirmer 2016",37,"fourfold","Roseburia",0.985,0.98,0.99,98,99,42220,TRUE,TRUE,TRUE,FALSE,TRUE,TRUE,TRUE,"ok","ok","",""
"SchirmerM_2016","Schirmer 2016",37,"fourfold","Ruminococcaceae_unclassified",0.63,0.57,0.69,57,69,7058,TRUE,TRUE,TRUE,FALSE,TRUE,TRUE,TRUE,"ok","ok","",""
"SchirmerM_2016","Schirmer 2016",37,"fourfold","Ruminococcus",0.905,0.9,0.91,90,91,63288,TRUE,TRUE,TRUE,FALSE,TRUE,TRUE,TRUE,"ok","ok","",""
"SchirmerM_2016","Schirmer 2016",37,"fourfold","Streptococcus",0.905,0.89,0.92,89,92,6238,TRUE,TRUE,TRUE,FALSE,TRUE,TRUE,TRUE,"ok","ok","",""
"SchirmerM_2016","Schirmer 2016",38,"balanced","Agathobaculum",0.91,0.87,0.95,87,95,3897,TRUE,TRUE,TRUE,FALSE,TRUE,TRUE,TRUE,"ok","ok","",""
"SchirmerM_2016","Schirmer 2016",38,"balanced","Akkermansia",0.47,0.47,0.47,47,47,8762,TRUE,TRUE,TRUE,FALSE,TRUE,TRUE,TRUE,"ok","ok","",""
"SchirmerM_2016","Schirmer 2016",38,"balanced","Alistipes",0.945,0.91,0.98,91,98,28170,TRUE,TRUE,TRUE,FALSE,TRUE,TRUE,TRUE,"ok","ok","",""
"SchirmerM_2016","Schirmer 2016",38,"balanced","Anaerobutyricum",0.99,1,0.98,100,98,20611,TRUE,TRUE,TRUE,FALSE,TRUE,TRUE,TRUE,"ok","ok","",""
"SchirmerM_2016","Schirmer 2016",38,"balanced","Anaerostipes",0.995,1,0.99,100,99,23840,TRUE,TRUE,TRUE,FALSE,TRUE,TRUE,TRUE,"ok","ok","",""
"SchirmerM_2016","Schirmer 2016",38,"balanced","Bacteroides",1,1,1,100,100,53663,TRUE,TRUE,FALSE,TRUE,TRUE,TRUE,TRUE,"no_observed_zeros","ok","",""
"SchirmerM_2016","Schirmer 2016",38,"balanced","Barnesiella",0.815,0.76,0.87,76,87,6434,TRUE,TRUE,TRUE,FALSE,TRUE,TRUE,TRUE,"ok","ok","",""
"SchirmerM_2016","Schirmer 2016",38,"balanced","Bifidobacterium",0.98,0.97,0.99,97,99,127006,TRUE,TRUE,TRUE,FALSE,TRUE,TRUE,TRUE,"ok","ok","",""
"SchirmerM_2016","Schirmer 2016",38,"balanced","Blautia",0.995,0.99,1,99,100,22756,TRUE,TRUE,TRUE,FALSE,TRUE,TRUE,TRUE,"ok","ok","",""
"SchirmerM_2016","Schirmer 2016",38,"balanced","Collinsella",0.92,0.9,0.94,90,94,38107,TRUE,TRUE,TRUE,FALSE,TRUE,TRUE,TRUE,"ok","ok","",""
"SchirmerM_2016","Schirmer 2016",38,"balanced","Coprococcus",0.975,0.99,0.96,99,96,31863,TRUE,TRUE,TRUE,FALSE,TRUE,TRUE,TRUE,"ok","ok","",""
"SchirmerM_2016","Schirmer 2016",38,"balanced","Dialister",0.535,0.55,0.52,55,52,5279,TRUE,TRUE,TRUE,FALSE,TRUE,TRUE,TRUE,"ok","ok","",""
"SchirmerM_2016","Schirmer 2016",38,"balanced","Dorea",0.99,1,0.98,100,98,31721,TRUE,TRUE,TRUE,FALSE,TRUE,TRUE,TRUE,"ok","ok","",""
"SchirmerM_2016","Schirmer 2016",38,"balanced","Eubacterium",0.975,0.96,0.99,96,99,16717,TRUE,TRUE,TRUE,FALSE,TRUE,TRUE,TRUE,"ok","ok","",""
"SchirmerM_2016","Schirmer 2016",38,"balanced","Faecalibacterium",0.985,0.99,0.98,99,98,59126,TRUE,TRUE,TRUE,FALSE,TRUE,TRUE,TRUE,"ok","ok","",""
"SchirmerM_2016","Schirmer 2016",38,"balanced","Firmicutes_unclassified",0.845,0.85,0.84,85,84,5565,TRUE,TRUE,TRUE,FALSE,TRUE,TRUE,TRUE,"ok","ok","",""
"SchirmerM_2016","Schirmer 2016",38,"balanced","Fusicatenibacter",0.98,0.99,0.97,99,97,32303,TRUE,TRUE,TRUE,FALSE,TRUE,TRUE,TRUE,"ok","ok","",""
"SchirmerM_2016","Schirmer 2016",38,"balanced","Lachnospira",0.855,0.88,0.83,88,83,10405,TRUE,TRUE,TRUE,FALSE,TRUE,TRUE,TRUE,"ok","ok","",""
"SchirmerM_2016","Schirmer 2016",38,"balanced","Lachnospiraceae_unclassified",0.935,0.92,0.95,92,95,46230,TRUE,TRUE,TRUE,FALSE,TRUE,TRUE,TRUE,"ok","ok","",""
"SchirmerM_2016","Schirmer 2016",38,"balanced","Mediterraneibacter",0.99,0.99,0.99,99,99,25561,TRUE,TRUE,TRUE,FALSE,TRUE,TRUE,TRUE,"ok","ok","",""
"SchirmerM_2016","Schirmer 2016",38,"balanced","Methanobrevibacter",0.385,0.42,0.35,42,35,7994,TRUE,TRUE,TRUE,FALSE,TRUE,TRUE,TRUE,"ok","ok","",""
"SchirmerM_2016","Schirmer 2016",38,"balanced","Oscillibacter",0.82,0.81,0.83,81,83,4411,TRUE,TRUE,TRUE,FALSE,TRUE,TRUE,TRUE,"ok","ok","",""
"SchirmerM_2016","Schirmer 2016",38,"balanced","Parabacteroides",0.96,0.93,0.99,93,99,13511,TRUE,TRUE,TRUE,FALSE,TRUE,TRUE,TRUE,"ok","ok","",""
"SchirmerM_2016","Schirmer 2016",38,"balanced","Phascolarctobacterium",0.49,0.45,0.53,45,53,3796,TRUE,TRUE,TRUE,FALSE,TRUE,TRUE,TRUE,"ok","ok","",""
"SchirmerM_2016","Schirmer 2016",38,"balanced","Phocaeicola",1,1,1,100,100,42367,TRUE,TRUE,FALSE,TRUE,TRUE,TRUE,TRUE,"no_observed_zeros","ok","",""
"SchirmerM_2016","Schirmer 2016",38,"balanced","Prevotella",0.495,0.55,0.44,55,44,55628,TRUE,TRUE,TRUE,FALSE,TRUE,TRUE,TRUE,"ok","ok","",""
"SchirmerM_2016","Schirmer 2016",38,"balanced","Roseburia",0.99,0.99,0.99,99,99,41838,TRUE,TRUE,TRUE,FALSE,TRUE,TRUE,TRUE,"ok","ok","",""
"SchirmerM_2016","Schirmer 2016",38,"balanced","Ruminococcaceae_unclassified",0.725,0.77,0.68,77,68,5963,TRUE,TRUE,TRUE,FALSE,TRUE,TRUE,TRUE,"ok","ok","",""
"SchirmerM_2016","Schirmer 2016",38,"balanced","Ruminococcus",0.89,0.89,0.89,89,89,70895,TRUE,TRUE,TRUE,FALSE,TRUE,TRUE,TRUE,"ok","ok","",""
"SchirmerM_2016","Schirmer 2016",38,"balanced","Streptococcus",0.915,0.91,0.92,91,92,6968,TRUE,TRUE,TRUE,FALSE,TRUE,TRUE,TRUE,"ok","ok","",""
"SchirmerM_2016","Schirmer 2016",38,"fourfold","Agathobaculum",0.865,0.79,0.94,79,94,3752,TRUE,TRUE,TRUE,FALSE,TRUE,TRUE,TRUE,"ok","ok","",""
"SchirmerM_2016","Schirmer 2016",38,"fourfold","Akkermansia",0.46,0.43,0.49,43,49,8791,TRUE,TRUE,TRUE,FALSE,TRUE,TRUE,TRUE,"ok","ok","",""
"SchirmerM_2016","Schirmer 2016",38,"fourfold","Alistipes",0.945,0.91,0.98,91,98,26083,TRUE,TRUE,TRUE,FALSE,TRUE,TRUE,TRUE,"ok","ok","",""
"SchirmerM_2016","Schirmer 2016",38,"fourfold","Anaerobutyricum",0.985,0.99,0.98,99,98,19946,TRUE,TRUE,TRUE,FALSE,TRUE,TRUE,TRUE,"ok","ok","",""
"SchirmerM_2016","Schirmer 2016",38,"fourfold","Anaerostipes",0.99,0.99,0.99,99,99,23147,TRUE,TRUE,TRUE,FALSE,TRUE,TRUE,TRUE,"ok","ok","",""
"SchirmerM_2016","Schirmer 2016",38,"fourfold","Bacteroides",1,1,1,100,100,52752,TRUE,TRUE,FALSE,TRUE,TRUE,TRUE,TRUE,"no_observed_zeros","ok","",""
"SchirmerM_2016","Schirmer 2016",38,"fourfold","Barnesiella",0.81,0.74,0.88,74,88,6149,TRUE,TRUE,TRUE,FALSE,TRUE,TRUE,TRUE,"ok","ok","",""
"SchirmerM_2016","Schirmer 2016",38,"fourfold","Bifidobacterium",0.975,0.97,0.98,97,98,119144,TRUE,TRUE,TRUE,FALSE,TRUE,TRUE,TRUE,"ok","ok","",""
"SchirmerM_2016","Schirmer 2016",38,"fourfold","Blautia",0.995,0.99,1,99,100,25100,TRUE,TRUE,FALSE,TRUE,TRUE,TRUE,TRUE,"structural_absence_boundary_at_zero","ok","",""
"SchirmerM_2016","Schirmer 2016",38,"fourfold","Collinsella",0.92,0.9,0.94,90,94,34645,TRUE,TRUE,TRUE,FALSE,TRUE,TRUE,TRUE,"ok","ok","",""
"SchirmerM_2016","Schirmer 2016",38,"fourfold","Coprococcus",0.975,0.99,0.96,99,96,30198,TRUE,TRUE,TRUE,FALSE,TRUE,TRUE,TRUE,"ok","ok","",""
"SchirmerM_2016","Schirmer 2016",38,"fourfold","Dialister",0.53,0.51,0.55,51,55,3905,TRUE,TRUE,TRUE,FALSE,TRUE,TRUE,TRUE,"ok","ok","",""
"SchirmerM_2016","Schirmer 2016",38,"fourfold","Dorea",0.995,1,0.99,100,99,30921,TRUE,TRUE,TRUE,FALSE,TRUE,TRUE,TRUE,"ok","ok","",""
"SchirmerM_2016","Schirmer 2016",38,"fourfold","Eubacterium",0.965,0.93,1,93,100,15938,TRUE,TRUE,TRUE,FALSE,TRUE,TRUE,TRUE,"ok","ok","",""
"SchirmerM_2016","Schirmer 2016",38,"fourfold","Faecalibacterium",0.985,0.99,0.98,99,98,54489,TRUE,TRUE,TRUE,FALSE,TRUE,TRUE,TRUE,"ok","ok","",""
"SchirmerM_2016","Schirmer 2016",38,"fourfold","Firmicutes_unclassified",0.85,0.8,0.9,80,90,4295,TRUE,TRUE,TRUE,FALSE,TRUE,TRUE,TRUE,"ok","ok","",""
"SchirmerM_2016","Schirmer 2016",38,"fourfold","Fusicatenibacter",0.97,0.97,0.97,97,97,30261,TRUE,TRUE,TRUE,FALSE,TRUE,TRUE,TRUE,"ok","ok","",""
"SchirmerM_2016","Schirmer 2016",38,"fourfold","Lachnospira",0.845,0.84,0.85,84,85,8810,TRUE,TRUE,TRUE,FALSE,TRUE,TRUE,TRUE,"ok","ok","",""
"SchirmerM_2016","Schirmer 2016",38,"fourfold","Lachnospiraceae_unclassified",0.925,0.9,0.95,90,95,38495,TRUE,TRUE,TRUE,FALSE,TRUE,TRUE,TRUE,"ok","ok","",""
"SchirmerM_2016","Schirmer 2016",38,"fourfold","Mediterraneibacter",0.98,0.97,0.99,97,99,25567,TRUE,TRUE,TRUE,FALSE,TRUE,TRUE,TRUE,"ok","ok","",""
"SchirmerM_2016","Schirmer 2016",38,"fourfold","Methanobrevibacter",0.37,0.4,0.34,40,34,6784,TRUE,TRUE,TRUE,FALSE,TRUE,TRUE,TRUE,"ok","ok","",""
"SchirmerM_2016","Schirmer 2016",38,"fourfold","Oscillibacter",0.785,0.72,0.85,72,85,3607,TRUE,TRUE,TRUE,FALSE,TRUE,TRUE,TRUE,"ok","ok","",""
"SchirmerM_2016","Schirmer 2016",38,"fourfold","Parabacteroides",0.96,0.93,0.99,93,99,13565,TRUE,TRUE,TRUE,FALSE,TRUE,TRUE,TRUE,"ok","ok","",""
"SchirmerM_2016","Schirmer 2016",38,"fourfold","Phascolarctobacterium",0.49,0.46,0.52,46,52,4102,TRUE,TRUE,TRUE,FALSE,TRUE,TRUE,TRUE,"ok","ok","",""
"SchirmerM_2016","Schirmer 2016",38,"fourfold","Phocaeicola",1,1,1,100,100,46194,TRUE,TRUE,FALSE,TRUE,TRUE,TRUE,TRUE,"no_observed_zeros","ok","",""
"SchirmerM_2016","Schirmer 2016",38,"fourfold","Prevotella",0.505,0.51,0.5,51,50,59531,TRUE,TRUE,TRUE,FALSE,TRUE,TRUE,TRUE,"ok","ok","",""
"SchirmerM_2016","Schirmer 2016",38,"fourfold","Roseburia",0.985,0.97,1,97,100,42649,TRUE,TRUE,TRUE,FALSE,TRUE,TRUE,TRUE,"ok","ok","",""
"SchirmerM_2016","Schirmer 2016",38,"fourfold","Ruminococcaceae_unclassified",0.645,0.56,0.73,56,73,6174,TRUE,TRUE,TRUE,FALSE,TRUE,TRUE,TRUE,"ok","ok","",""
"SchirmerM_2016","Schirmer 2016",38,"fourfold","Ruminococcus",0.895,0.89,0.9,89,90,64568,TRUE,TRUE,TRUE,FALSE,TRUE,TRUE,TRUE,"ok","ok","",""
"SchirmerM_2016","Schirmer 2016",38,"fourfold","Streptococcus",0.915,0.9,0.93,90,93,6967,TRUE,TRUE,TRUE,FALSE,TRUE,TRUE,TRUE,"ok","ok","",""
"SchirmerM_2016","Schirmer 2016",39,"balanced","Agathobaculum",0.915,0.89,0.94,89,94,3931,TRUE,TRUE,TRUE,FALSE,TRUE,TRUE,TRUE,"ok","ok","",""
"SchirmerM_2016","Schirmer 2016",39,"balanced","Akkermansia",0.47,0.56,0.38,56,38,8880,TRUE,TRUE,TRUE,FALSE,TRUE,TRUE,TRUE,"ok","ok","",""
"SchirmerM_2016","Schirmer 2016",39,"balanced","Alistipes",0.95,0.95,0.95,95,95,27058,TRUE,TRUE,TRUE,FALSE,TRUE,TRUE,TRUE,"ok","ok","",""
"SchirmerM_2016","Schirmer 2016",39,"balanced","Anaerobutyricum",0.985,0.98,0.99,98,99,20027,TRUE,TRUE,TRUE,FALSE,TRUE,TRUE,TRUE,"ok","ok","",""
"SchirmerM_2016","Schirmer 2016",39,"balanced","Anaerostipes",0.995,1,0.99,100,99,23849,TRUE,TRUE,TRUE,FALSE,TRUE,TRUE,TRUE,"ok","ok","",""
"SchirmerM_2016","Schirmer 2016",39,"balanced","Bacteroides",0.995,1,0.99,100,99,53567,TRUE,TRUE,TRUE,FALSE,TRUE,TRUE,TRUE,"ok","ok","",""
"SchirmerM_2016","Schirmer 2016",39,"balanced","Barnesiella",0.82,0.85,0.79,85,79,6474,TRUE,TRUE,TRUE,FALSE,TRUE,TRUE,TRUE,"ok","ok","",""
"SchirmerM_2016","Schirmer 2016",39,"balanced","Bifidobacterium",0.975,0.97,0.98,97,98,126071,TRUE,TRUE,TRUE,FALSE,TRUE,TRUE,TRUE,"ok","ok","",""
"SchirmerM_2016","Schirmer 2016",39,"balanced","Blautia",1,1,1,100,100,21290,TRUE,TRUE,FALSE,TRUE,TRUE,TRUE,TRUE,"no_observed_zeros","ok","",""
"SchirmerM_2016","Schirmer 2016",39,"balanced","Collinsella",0.93,0.94,0.92,94,92,39888,TRUE,TRUE,TRUE,FALSE,TRUE,TRUE,TRUE,"ok","ok","",""
"SchirmerM_2016","Schirmer 2016",39,"balanced","Coprococcus",0.97,0.99,0.95,99,95,31182,TRUE,TRUE,TRUE,FALSE,TRUE,TRUE,TRUE,"ok","ok","",""
"SchirmerM_2016","Schirmer 2016",39,"balanced","Dialister",0.53,0.53,0.53,53,53,4899,TRUE,TRUE,TRUE,FALSE,TRUE,TRUE,TRUE,"ok","ok","",""
"SchirmerM_2016","Schirmer 2016",39,"balanced","Dorea",0.99,0.98,1,98,100,32430,TRUE,TRUE,TRUE,FALSE,TRUE,TRUE,TRUE,"ok","ok","",""
"SchirmerM_2016","Schirmer 2016",39,"balanced","Eubacterium",0.97,0.98,0.96,98,96,15896,TRUE,TRUE,TRUE,FALSE,TRUE,TRUE,TRUE,"ok","ok","",""
"SchirmerM_2016","Schirmer 2016",39,"balanced","Faecalibacterium",0.985,0.99,0.98,99,98,57695,TRUE,TRUE,TRUE,FALSE,TRUE,TRUE,TRUE,"ok","ok","",""
"SchirmerM_2016","Schirmer 2016",39,"balanced","Firmicutes_unclassified",0.83,0.89,0.77,89,77,4535,TRUE,TRUE,TRUE,FALSE,TRUE,TRUE,TRUE,"ok","ok","",""
"SchirmerM_2016","Schirmer 2016",39,"balanced","Fusicatenibacter",0.98,0.98,0.98,98,98,32248,TRUE,TRUE,TRUE,FALSE,TRUE,TRUE,TRUE,"ok","ok","",""
"SchirmerM_2016","Schirmer 2016",39,"balanced","Lachnospira",0.85,0.88,0.82,88,82,11216,TRUE,TRUE,TRUE,FALSE,TRUE,TRUE,TRUE,"ok","ok","",""
"SchirmerM_2016","Schirmer 2016",39,"balanced","Lachnospiraceae_unclassified",0.925,0.94,0.91,94,91,46595,TRUE,TRUE,TRUE,FALSE,TRUE,TRUE,TRUE,"ok","ok","",""
"SchirmerM_2016","Schirmer 2016",39,"balanced","Mediterraneibacter",0.985,0.99,0.98,99,98,24647,TRUE,TRUE,TRUE,FALSE,TRUE,TRUE,TRUE,"ok","ok","",""
"SchirmerM_2016","Schirmer 2016",39,"balanced","Methanobrevibacter",0.37,0.47,0.27,47,27,7990,TRUE,TRUE,TRUE,FALSE,TRUE,TRUE,TRUE,"ok","ok","",""
"SchirmerM_2016","Schirmer 2016",39,"balanced","Oscillibacter",0.835,0.9,0.77,90,77,4302,TRUE,TRUE,TRUE,FALSE,TRUE,TRUE,TRUE,"ok","ok","",""
"SchirmerM_2016","Schirmer 2016",39,"balanced","Parabacteroides",0.965,1,0.93,100,93,13300,TRUE,TRUE,TRUE,FALSE,TRUE,TRUE,TRUE,"ok","ok","",""
"SchirmerM_2016","Schirmer 2016",39,"balanced","Phascolarctobacterium",0.49,0.51,0.47,51,47,3868,TRUE,TRUE,TRUE,FALSE,TRUE,TRUE,TRUE,"ok","ok","",""
"SchirmerM_2016","Schirmer 2016",39,"balanced","Phocaeicola",1,1,1,100,100,41305,TRUE,TRUE,FALSE,TRUE,TRUE,TRUE,TRUE,"no_observed_zeros","ok","",""
"SchirmerM_2016","Schirmer 2016",39,"balanced","Prevotella",0.49,0.51,0.47,51,47,53839,TRUE,TRUE,TRUE,FALSE,TRUE,TRUE,TRUE,"ok","ok","",""
"SchirmerM_2016","Schirmer 2016",39,"balanced","Roseburia",0.99,0.98,1,98,100,43501,TRUE,TRUE,TRUE,FALSE,TRUE,TRUE,TRUE,"ok","ok","",""
"SchirmerM_2016","Schirmer 2016",39,"balanced","Ruminococcaceae_unclassified",0.69,0.7,0.68,70,68,5148,TRUE,TRUE,TRUE,FALSE,TRUE,TRUE,TRUE,"ok","ok","",""
"SchirmerM_2016","Schirmer 2016",39,"balanced","Ruminococcus",0.9,0.87,0.93,87,93,64654,TRUE,TRUE,TRUE,FALSE,TRUE,TRUE,TRUE,"ok","ok","",""
"SchirmerM_2016","Schirmer 2016",39,"balanced","Streptococcus",0.935,0.91,0.96,91,96,7732,TRUE,TRUE,TRUE,FALSE,TRUE,TRUE,TRUE,"ok","ok","",""
"SchirmerM_2016","Schirmer 2016",39,"fourfold","Agathobaculum",0.865,0.78,0.95,78,95,3353,TRUE,TRUE,TRUE,FALSE,TRUE,TRUE,TRUE,"ok","ok","",""
"SchirmerM_2016","Schirmer 2016",39,"fourfold","Akkermansia",0.44,0.47,0.41,47,41,7001,TRUE,TRUE,TRUE,FALSE,TRUE,TRUE,TRUE,"ok","ok","",""
"SchirmerM_2016","Schirmer 2016",39,"fourfold","Alistipes",0.94,0.95,0.93,95,93,23891,TRUE,TRUE,TRUE,FALSE,TRUE,TRUE,TRUE,"ok","ok","",""
"SchirmerM_2016","Schirmer 2016",39,"fourfold","Anaerobutyricum",0.985,0.98,0.99,98,99,19215,TRUE,TRUE,TRUE,FALSE,TRUE,TRUE,TRUE,"ok","ok","",""
"SchirmerM_2016","Schirmer 2016",39,"fourfold","Anaerostipes",0.995,1,0.99,100,99,21523,TRUE,TRUE,TRUE,FALSE,TRUE,TRUE,TRUE,"ok","ok","",""
"SchirmerM_2016","Schirmer 2016",39,"fourfold","Bacteroides",1,1,1,100,100,49770,TRUE,TRUE,FALSE,TRUE,TRUE,TRUE,TRUE,"no_observed_zeros","ok","",""
"SchirmerM_2016","Schirmer 2016",39,"fourfold","Barnesiella",0.8,0.8,0.8,80,80,6015,TRUE,TRUE,TRUE,FALSE,TRUE,TRUE,TRUE,"ok","ok","",""
"SchirmerM_2016","Schirmer 2016",39,"fourfold","Bifidobacterium",0.98,0.98,0.98,98,98,120124,TRUE,TRUE,TRUE,FALSE,TRUE,TRUE,TRUE,"ok","ok","",""
"SchirmerM_2016","Schirmer 2016",39,"fourfold","Blautia",0.995,0.99,1,99,100,20845,TRUE,TRUE,TRUE,FALSE,TRUE,TRUE,TRUE,"ok","ok","",""
"SchirmerM_2016","Schirmer 2016",39,"fourfold","Collinsella",0.92,0.91,0.93,91,93,35447,TRUE,TRUE,TRUE,FALSE,TRUE,TRUE,TRUE,"ok","ok","",""
"SchirmerM_2016","Schirmer 2016",39,"fourfold","Coprococcus",0.975,0.99,0.96,99,96,31150,TRUE,TRUE,TRUE,FALSE,TRUE,TRUE,TRUE,"ok","ok","",""
"SchirmerM_2016","Schirmer 2016",39,"fourfold","Dialister",0.52,0.51,0.53,51,53,3958,TRUE,TRUE,TRUE,FALSE,TRUE,TRUE,TRUE,"ok","ok","",""
"SchirmerM_2016","Schirmer 2016",39,"fourfold","Dorea",0.99,0.98,1,98,100,28062,TRUE,TRUE,TRUE,FALSE,TRUE,TRUE,TRUE,"ok","ok","",""
"SchirmerM_2016","Schirmer 2016",39,"fourfold","Eubacterium",0.965,0.96,0.97,96,97,14192,TRUE,TRUE,TRUE,FALSE,TRUE,TRUE,TRUE,"ok","ok","",""
"SchirmerM_2016","Schirmer 2016",39,"fourfold","Faecalibacterium",0.985,0.99,0.98,99,98,54454,TRUE,TRUE,TRUE,FALSE,TRUE,TRUE,TRUE,"ok","ok","",""
"SchirmerM_2016","Schirmer 2016",39,"fourfold","Firmicutes_unclassified",0.825,0.79,0.86,79,86,4366,TRUE,TRUE,TRUE,FALSE,TRUE,TRUE,TRUE,"ok","ok","",""
"SchirmerM_2016","Schirmer 2016",39,"fourfold","Fusicatenibacter",0.97,0.96,0.98,96,98,29082,TRUE,TRUE,TRUE,FALSE,TRUE,TRUE,TRUE,"ok","ok","",""
"SchirmerM_2016","Schirmer 2016",39,"fourfold","Lachnospira",0.85,0.88,0.82,88,82,8943,TRUE,TRUE,TRUE,FALSE,TRUE,TRUE,TRUE,"ok","ok","",""
"SchirmerM_2016","Schirmer 2016",39,"fourfold","Lachnospiraceae_unclassified",0.905,0.88,0.93,88,93,40543,TRUE,TRUE,TRUE,FALSE,TRUE,TRUE,TRUE,"ok","ok","",""
"SchirmerM_2016","Schirmer 2016",39,"fourfold","Mediterraneibacter",0.985,0.97,1,97,100,21541,TRUE,TRUE,TRUE,FALSE,TRUE,TRUE,TRUE,"ok","ok","",""
"SchirmerM_2016","Schirmer 2016",39,"fourfold","Methanobrevibacter",0.37,0.46,0.28,46,28,6484,TRUE,TRUE,TRUE,FALSE,TRUE,TRUE,TRUE,"ok","ok","",""
"SchirmerM_2016","Schirmer 2016",39,"fourfold","Oscillibacter",0.79,0.78,0.8,78,80,4057,TRUE,TRUE,TRUE,FALSE,TRUE,TRUE,TRUE,"ok","ok","",""
"SchirmerM_2016","Schirmer 2016",39,"fourfold","Parabacteroides",0.96,0.99,0.93,99,93,11815,TRUE,TRUE,TRUE,FALSE,TRUE,TRUE,TRUE,"ok","ok","",""
"SchirmerM_2016","Schirmer 2016",39,"fourfold","Phascolarctobacterium",0.465,0.48,0.45,48,45,3378,TRUE,TRUE,TRUE,FALSE,TRUE,TRUE,TRUE,"ok","ok","",""
"SchirmerM_2016","Schirmer 2016",39,"fourfold","Phocaeicola",1,1,1,100,100,36377,TRUE,TRUE,FALSE,TRUE,TRUE,TRUE,TRUE,"no_observed_zeros","ok","",""
"SchirmerM_2016","Schirmer 2016",39,"fourfold","Prevotella",0.5,0.49,0.51,49,51,54278,TRUE,TRUE,TRUE,FALSE,TRUE,TRUE,TRUE,"ok","ok","",""
"SchirmerM_2016","Schirmer 2016",39,"fourfold","Roseburia",0.97,0.94,1,94,100,37554,TRUE,TRUE,TRUE,FALSE,TRUE,TRUE,TRUE,"ok","ok","",""
"SchirmerM_2016","Schirmer 2016",39,"fourfold","Ruminococcaceae_unclassified",0.665,0.64,0.69,64,69,4028,TRUE,TRUE,TRUE,FALSE,TRUE,TRUE,TRUE,"ok","ok","",""
"SchirmerM_2016","Schirmer 2016",39,"fourfold","Ruminococcus",0.89,0.87,0.91,87,91,62026,TRUE,TRUE,TRUE,FALSE,TRUE,TRUE,TRUE,"ok","ok","",""
"SchirmerM_2016","Schirmer 2016",39,"fourfold","Streptococcus",0.915,0.86,0.97,86,97,6630,TRUE,TRUE,TRUE,FALSE,TRUE,TRUE,TRUE,"ok","ok","",""
"SchirmerM_2016","Schirmer 2016",40,"balanced","Agathobaculum",0.925,0.94,0.91,94,91,3502,TRUE,TRUE,TRUE,FALSE,TRUE,TRUE,TRUE,"ok","ok","",""
"SchirmerM_2016","Schirmer 2016",40,"balanced","Akkermansia",0.46,0.43,0.49,43,49,9671,TRUE,TRUE,TRUE,FALSE,TRUE,TRUE,TRUE,"ok","ok","",""
"SchirmerM_2016","Schirmer 2016",40,"balanced","Alistipes",0.95,0.97,0.93,97,93,28188,TRUE,TRUE,TRUE,FALSE,TRUE,TRUE,TRUE,"ok","ok","",""
"SchirmerM_2016","Schirmer 2016",40,"balanced","Anaerobutyricum",0.985,0.99,0.98,99,98,20371,TRUE,TRUE,TRUE,FALSE,TRUE,TRUE,TRUE,"ok","ok","",""
"SchirmerM_2016","Schirmer 2016",40,"balanced","Anaerostipes",0.995,1,0.99,100,99,22771,TRUE,TRUE,TRUE,FALSE,TRUE,TRUE,TRUE,"ok","ok","",""
"SchirmerM_2016","Schirmer 2016",40,"balanced","Bacteroides",1,1,1,100,100,54291,TRUE,TRUE,FALSE,TRUE,TRUE,TRUE,TRUE,"no_observed_zeros","ok","",""
"SchirmerM_2016","Schirmer 2016",40,"balanced","Barnesiella",0.81,0.79,0.83,79,83,6369,TRUE,TRUE,TRUE,FALSE,TRUE,TRUE,TRUE,"ok","ok","",""
"SchirmerM_2016","Schirmer 2016",40,"balanced","Bifidobacterium",0.98,1,0.96,100,96,119713,TRUE,TRUE,TRUE,FALSE,TRUE,TRUE,TRUE,"ok","ok","",""
"SchirmerM_2016","Schirmer 2016",40,"balanced","Blautia",1,1,1,100,100,20671,TRUE,TRUE,FALSE,TRUE,TRUE,TRUE,TRUE,"no_observed_zeros","ok","",""
"SchirmerM_2016","Schirmer 2016",40,"balanced","Collinsella",0.935,0.97,0.9,97,90,37784,TRUE,TRUE,TRUE,FALSE,TRUE,TRUE,TRUE,"ok","ok","",""
"SchirmerM_2016","Schirmer 2016",40,"balanced","Coprococcus",0.98,0.98,0.98,98,98,31519,TRUE,TRUE,TRUE,FALSE,TRUE,TRUE,TRUE,"ok","ok","",""
"SchirmerM_2016","Schirmer 2016",40,"balanced","Dialister",0.525,0.49,0.56,49,56,4338,TRUE,TRUE,TRUE,FALSE,TRUE,TRUE,TRUE,"ok","ok","",""
"SchirmerM_2016","Schirmer 2016",40,"balanced","Dorea",0.995,1,0.99,100,99,30828,TRUE,TRUE,TRUE,FALSE,TRUE,TRUE,TRUE,"ok","ok","",""
"SchirmerM_2016","Schirmer 2016",40,"balanced","Eubacterium",0.985,0.98,0.99,98,99,16005,TRUE,TRUE,TRUE,FALSE,TRUE,TRUE,TRUE,"ok","ok","",""
"SchirmerM_2016","Schirmer 2016",40,"balanced","Faecalibacterium",0.985,1,0.97,100,97,55249,TRUE,TRUE,TRUE,FALSE,TRUE,TRUE,TRUE,"ok","ok","",""
"SchirmerM_2016","Schirmer 2016",40,"balanced","Firmicutes_unclassified",0.85,0.87,0.83,87,83,4685,TRUE,TRUE,TRUE,FALSE,TRUE,TRUE,TRUE,"ok","ok","",""
"SchirmerM_2016","Schirmer 2016",40,"balanced","Fusicatenibacter",0.975,0.99,0.96,99,96,30672,TRUE,TRUE,TRUE,FALSE,TRUE,TRUE,TRUE,"ok","ok","",""
"SchirmerM_2016","Schirmer 2016",40,"balanced","Lachnospira",0.85,0.86,0.84,86,84,9535,TRUE,TRUE,TRUE,FALSE,TRUE,TRUE,TRUE,"ok","ok","",""
"SchirmerM_2016","Schirmer 2016",40,"balanced","Lachnospiraceae_unclassified",0.95,0.95,0.95,95,95,40198,TRUE,TRUE,TRUE,FALSE,TRUE,TRUE,TRUE,"ok","ok","",""
"SchirmerM_2016","Schirmer 2016",40,"balanced","Mediterraneibacter",0.98,0.97,0.99,97,99,24463,TRUE,TRUE,TRUE,FALSE,TRUE,TRUE,TRUE,"ok","ok","",""
"SchirmerM_2016","Schirmer 2016",40,"balanced","Methanobrevibacter",0.375,0.36,0.39,36,39,7721,TRUE,TRUE,TRUE,FALSE,TRUE,TRUE,TRUE,"ok","ok","",""
"SchirmerM_2016","Schirmer 2016",40,"balanced","Oscillibacter",0.8,0.79,0.81,79,81,4621,TRUE,TRUE,TRUE,FALSE,TRUE,TRUE,TRUE,"ok","ok","",""
"SchirmerM_2016","Schirmer 2016",40,"balanced","Parabacteroides",0.955,0.95,0.96,95,96,13617,TRUE,TRUE,TRUE,FALSE,TRUE,TRUE,TRUE,"ok","ok","",""
"SchirmerM_2016","Schirmer 2016",40,"balanced","Phascolarctobacterium",0.495,0.53,0.46,53,46,3269,TRUE,TRUE,TRUE,FALSE,TRUE,TRUE,TRUE,"ok","ok","",""
"SchirmerM_2016","Schirmer 2016",40,"balanced","Phocaeicola",1,1,1,100,100,44233,TRUE,TRUE,FALSE,TRUE,TRUE,TRUE,TRUE,"no_observed_zeros","ok","",""
"SchirmerM_2016","Schirmer 2016",40,"balanced","Prevotella",0.515,0.55,0.48,55,48,59350,TRUE,TRUE,TRUE,FALSE,TRUE,TRUE,TRUE,"ok","ok","",""
"SchirmerM_2016","Schirmer 2016",40,"balanced","Roseburia",0.995,1,0.99,100,99,42491,TRUE,TRUE,TRUE,FALSE,TRUE,TRUE,TRUE,"ok","ok","",""
"SchirmerM_2016","Schirmer 2016",40,"balanced","Ruminococcaceae_unclassified",0.685,0.72,0.65,72,65,5507,TRUE,TRUE,TRUE,FALSE,TRUE,TRUE,TRUE,"ok","ok","",""
"SchirmerM_2016","Schirmer 2016",40,"balanced","Ruminococcus",0.9,0.91,0.89,91,89,66482,TRUE,TRUE,TRUE,FALSE,TRUE,TRUE,TRUE,"ok","ok","",""
"SchirmerM_2016","Schirmer 2016",40,"balanced","Streptococcus",0.93,0.92,0.94,92,94,6633,TRUE,TRUE,TRUE,FALSE,TRUE,TRUE,TRUE,"ok","ok","",""
"SchirmerM_2016","Schirmer 2016",40,"fourfold","Agathobaculum",0.865,0.81,0.92,81,92,3348,TRUE,TRUE,TRUE,FALSE,TRUE,TRUE,TRUE,"ok","ok","",""
"SchirmerM_2016","Schirmer 2016",40,"fourfold","Akkermansia",0.44,0.39,0.49,39,49,7235,TRUE,TRUE,TRUE,FALSE,TRUE,TRUE,TRUE,"ok","ok","",""
"SchirmerM_2016","Schirmer 2016",40,"fourfold","Alistipes",0.94,0.94,0.94,94,94,25030,TRUE,TRUE,TRUE,FALSE,TRUE,TRUE,TRUE,"ok","ok","",""
"SchirmerM_2016","Schirmer 2016",40,"fourfold","Anaerobutyricum",0.99,0.99,0.99,99,99,17667,TRUE,TRUE,TRUE,FALSE,TRUE,TRUE,TRUE,"ok","ok","",""
"SchirmerM_2016","Schirmer 2016",40,"fourfold","Anaerostipes",0.99,0.99,0.99,99,99,21460,TRUE,TRUE,TRUE,FALSE,TRUE,TRUE,TRUE,"ok","ok","",""
"SchirmerM_2016","Schirmer 2016",40,"fourfold","Bacteroides",1,1,1,100,100,52936,TRUE,TRUE,FALSE,TRUE,TRUE,TRUE,TRUE,"no_observed_zeros","ok","",""
"SchirmerM_2016","Schirmer 2016",40,"fourfold","Barnesiella",0.81,0.76,0.86,76,86,5732,TRUE,TRUE,TRUE,FALSE,TRUE,TRUE,TRUE,"ok","ok","",""
"SchirmerM_2016","Schirmer 2016",40,"fourfold","Bifidobacterium",0.98,0.99,0.97,99,97,111679,TRUE,TRUE,TRUE,FALSE,TRUE,TRUE,TRUE,"ok","ok","",""
"SchirmerM_2016","Schirmer 2016",40,"fourfold","Blautia",0.99,0.98,1,98,100,19356,TRUE,TRUE,TRUE,FALSE,TRUE,TRUE,TRUE,"ok","ok","",""
"SchirmerM_2016","Schirmer 2016",40,"fourfold","Collinsella",0.93,0.93,0.93,93,93,33593,TRUE,TRUE,TRUE,FALSE,TRUE,TRUE,TRUE,"ok","ok","",""
"SchirmerM_2016","Schirmer 2016",40,"fourfold","Coprococcus",0.975,0.97,0.98,97,98,28313,TRUE,TRUE,TRUE,FALSE,TRUE,TRUE,TRUE,"ok","ok","",""
"SchirmerM_2016","Schirmer 2016",40,"fourfold","Dialister",0.54,0.49,0.59,49,59,4451,TRUE,TRUE,TRUE,FALSE,TRUE,TRUE,TRUE,"ok","ok","",""
"SchirmerM_2016","Schirmer 2016",40,"fourfold","Dorea",0.99,1,0.98,100,98,28396,TRUE,TRUE,TRUE,FALSE,TRUE,TRUE,TRUE,"ok","ok","",""
"SchirmerM_2016","Schirmer 2016",40,"fourfold","Eubacterium",0.975,0.96,0.99,96,99,14308,TRUE,TRUE,TRUE,FALSE,TRUE,TRUE,TRUE,"ok","ok","",""
"SchirmerM_2016","Schirmer 2016",40,"fourfold","Faecalibacterium",0.985,1,0.97,100,97,50010,TRUE,TRUE,TRUE,FALSE,TRUE,TRUE,TRUE,"ok","ok","",""
"SchirmerM_2016","Schirmer 2016",40,"fourfold","Firmicutes_unclassified",0.825,0.8,0.85,80,85,4638,TRUE,TRUE,TRUE,FALSE,TRUE,TRUE,TRUE,"ok","ok","",""
"SchirmerM_2016","Schirmer 2016",40,"fourfold","Fusicatenibacter",0.975,0.99,0.96,99,96,28648,TRUE,TRUE,TRUE,FALSE,TRUE,TRUE,TRUE,"ok","ok","",""
"SchirmerM_2016","Schirmer 2016",40,"fourfold","Lachnospira",0.86,0.85,0.87,85,87,9145,TRUE,TRUE,TRUE,FALSE,TRUE,TRUE,TRUE,"ok","ok","",""
"SchirmerM_2016","Schirmer 2016",40,"fourfold","Lachnospiraceae_unclassified",0.9,0.86,0.94,86,94,42492,TRUE,TRUE,TRUE,FALSE,TRUE,TRUE,TRUE,"ok","ok","",""
"SchirmerM_2016","Schirmer 2016",40,"fourfold","Mediterraneibacter",0.975,0.97,0.98,97,98,22178,TRUE,TRUE,TRUE,FALSE,TRUE,TRUE,TRUE,"ok","ok","",""
"SchirmerM_2016","Schirmer 2016",40,"fourfold","Methanobrevibacter",0.355,0.33,0.38,33,38,8086,TRUE,TRUE,TRUE,FALSE,TRUE,TRUE,TRUE,"ok","ok","",""
"SchirmerM_2016","Schirmer 2016",40,"fourfold","Oscillibacter",0.785,0.76,0.81,76,81,3819,TRUE,TRUE,TRUE,FALSE,TRUE,TRUE,TRUE,"ok","ok","",""
"SchirmerM_2016","Schirmer 2016",40,"fourfold","Parabacteroides",0.955,0.94,0.97,94,97,12302,TRUE,TRUE,TRUE,FALSE,TRUE,TRUE,TRUE,"ok","ok","",""
"SchirmerM_2016","Schirmer 2016",40,"fourfold","Phascolarctobacterium",0.475,0.48,0.47,48,47,2979,TRUE,TRUE,TRUE,FALSE,TRUE,TRUE,TRUE,"ok","ok","",""
"SchirmerM_2016","Schirmer 2016",40,"fourfold","Phocaeicola",1,1,1,100,100,41965,TRUE,TRUE,FALSE,TRUE,TRUE,TRUE,TRUE,"no_observed_zeros","ok","",""
"SchirmerM_2016","Schirmer 2016",40,"fourfold","Prevotella",0.51,0.54,0.48,54,48,48488,TRUE,TRUE,TRUE,FALSE,TRUE,TRUE,TRUE,"ok","ok","",""
"SchirmerM_2016","Schirmer 2016",40,"fourfold","Roseburia",0.98,0.98,0.98,98,98,41382,TRUE,TRUE,TRUE,FALSE,TRUE,TRUE,TRUE,"ok","ok","",""
"SchirmerM_2016","Schirmer 2016",40,"fourfold","Ruminococcaceae_unclassified",0.67,0.64,0.7,64,70,4948,TRUE,TRUE,TRUE,FALSE,TRUE,TRUE,TRUE,"ok","ok","",""
"SchirmerM_2016","Schirmer 2016",40,"fourfold","Ruminococcus",0.89,0.91,0.87,91,87,60837,TRUE,TRUE,TRUE,FALSE,TRUE,TRUE,TRUE,"ok","ok","",""
"SchirmerM_2016","Schirmer 2016",40,"fourfold","Streptococcus",0.895,0.85,0.94,85,94,6391,TRUE,TRUE,TRUE,FALSE,TRUE,TRUE,TRUE,"ok","ok","",""
"SchirmerM_2016","Schirmer 2016",41,"balanced","Agathobaculum",0.905,0.88,0.93,88,93,3658,TRUE,TRUE,TRUE,FALSE,TRUE,TRUE,TRUE,"ok","ok","",""
"SchirmerM_2016","Schirmer 2016",41,"balanced","Akkermansia",0.465,0.44,0.49,44,49,8109,TRUE,TRUE,TRUE,FALSE,TRUE,TRUE,TRUE,"ok","ok","",""
"SchirmerM_2016","Schirmer 2016",41,"balanced","Alistipes",0.955,0.97,0.94,97,94,27284,TRUE,TRUE,TRUE,FALSE,TRUE,TRUE,TRUE,"ok","ok","",""
"SchirmerM_2016","Schirmer 2016",41,"balanced","Anaerobutyricum",0.99,0.98,1,98,100,19427,TRUE,TRUE,TRUE,FALSE,TRUE,TRUE,TRUE,"ok","ok","",""
"SchirmerM_2016","Schirmer 2016",41,"balanced","Anaerostipes",0.995,0.99,1,99,100,22998,TRUE,TRUE,TRUE,FALSE,TRUE,TRUE,TRUE,"ok","ok","",""
"SchirmerM_2016","Schirmer 2016",41,"balanced","Bacteroides",1,1,1,100,100,54595,TRUE,TRUE,FALSE,TRUE,TRUE,TRUE,TRUE,"no_observed_zeros","ok","",""
"SchirmerM_2016","Schirmer 2016",41,"balanced","Barnesiella",0.8,0.82,0.78,82,78,6747,TRUE,TRUE,TRUE,FALSE,TRUE,TRUE,TRUE,"ok","ok","",""
"SchirmerM_2016","Schirmer 2016",41,"balanced","Bifidobacterium",0.985,0.98,0.99,98,99,115087,TRUE,TRUE,TRUE,FALSE,TRUE,TRUE,TRUE,"ok","ok","",""
"SchirmerM_2016","Schirmer 2016",41,"balanced","Blautia",1,1,1,100,100,21319,TRUE,TRUE,FALSE,TRUE,TRUE,TRUE,TRUE,"no_observed_zeros","ok","",""
"SchirmerM_2016","Schirmer 2016",41,"balanced","Collinsella",0.935,0.93,0.94,93,94,33936,TRUE,TRUE,TRUE,FALSE,TRUE,TRUE,TRUE,"ok","ok","",""
"SchirmerM_2016","Schirmer 2016",41,"balanced","Coprococcus",0.975,0.98,0.97,98,97,29217,TRUE,TRUE,TRUE,FALSE,TRUE,TRUE,TRUE,"ok","ok","",""
"SchirmerM_2016","Schirmer 2016",41,"balanced","Dialister",0.52,0.58,0.46,58,46,4780,TRUE,TRUE,TRUE,FALSE,TRUE,TRUE,TRUE,"ok","ok","",""
"SchirmerM_2016","Schirmer 2016",41,"balanced","Dorea",0.99,0.99,0.99,99,99,30164,TRUE,TRUE,TRUE,FALSE,TRUE,TRUE,TRUE,"ok","ok","",""
"SchirmerM_2016","Schirmer 2016",41,"balanced","Eubacterium",0.98,0.98,0.98,98,98,16022,TRUE,TRUE,TRUE,FALSE,TRUE,TRUE,TRUE,"ok","ok","",""
"SchirmerM_2016","Schirmer 2016",41,"balanced","Faecalibacterium",0.985,0.98,0.99,98,99,56306,TRUE,TRUE,TRUE,FALSE,TRUE,TRUE,TRUE,"ok","ok","",""
"SchirmerM_2016","Schirmer 2016",41,"balanced","Firmicutes_unclassified",0.85,0.85,0.85,85,85,4629,TRUE,TRUE,TRUE,FALSE,TRUE,TRUE,TRUE,"ok","ok","",""
"SchirmerM_2016","Schirmer 2016",41,"balanced","Fusicatenibacter",0.98,0.97,0.99,97,99,30878,TRUE,TRUE,TRUE,FALSE,TRUE,TRUE,TRUE,"ok","ok","",""
"SchirmerM_2016","Schirmer 2016",41,"balanced","Lachnospira",0.865,0.87,0.86,87,86,9120,TRUE,TRUE,TRUE,FALSE,TRUE,TRUE,TRUE,"ok","ok","",""
"SchirmerM_2016","Schirmer 2016",41,"balanced","Lachnospiraceae_unclassified",0.93,0.93,0.93,93,93,39216,TRUE,TRUE,TRUE,FALSE,TRUE,TRUE,TRUE,"ok","ok","",""
"SchirmerM_2016","Schirmer 2016",41,"balanced","Mediterraneibacter",0.995,1,0.99,100,99,24437,TRUE,TRUE,TRUE,FALSE,TRUE,TRUE,TRUE,"ok","ok","",""
"SchirmerM_2016","Schirmer 2016",41,"balanced","Methanobrevibacter",0.385,0.4,0.37,40,37,7770,TRUE,TRUE,TRUE,FALSE,TRUE,TRUE,TRUE,"ok","ok","",""
"SchirmerM_2016","Schirmer 2016",41,"balanced","Oscillibacter",0.83,0.82,0.84,82,84,4238,TRUE,TRUE,TRUE,FALSE,TRUE,TRUE,TRUE,"ok","ok","",""
"SchirmerM_2016","Schirmer 2016",41,"balanced","Parabacteroides",0.965,0.98,0.95,98,95,13435,TRUE,TRUE,TRUE,FALSE,TRUE,TRUE,TRUE,"ok","ok","",""
"SchirmerM_2016","Schirmer 2016",41,"balanced","Phascolarctobacterium",0.49,0.44,0.54,44,54,3645,TRUE,TRUE,TRUE,FALSE,TRUE,TRUE,TRUE,"ok","ok","",""
"SchirmerM_2016","Schirmer 2016",41,"balanced","Phocaeicola",1,1,1,100,100,40940,TRUE,TRUE,FALSE,TRUE,TRUE,TRUE,TRUE,"no_observed_zeros","ok","",""
"SchirmerM_2016","Schirmer 2016",41,"balanced","Prevotella",0.5,0.5,0.5,50,50,49077,TRUE,TRUE,TRUE,FALSE,TRUE,TRUE,TRUE,"ok","ok","",""
"SchirmerM_2016","Schirmer 2016",41,"balanced","Roseburia",0.99,0.99,0.99,99,99,43449,TRUE,TRUE,TRUE,FALSE,TRUE,TRUE,TRUE,"ok","ok","",""
"SchirmerM_2016","Schirmer 2016",41,"balanced","Ruminococcaceae_unclassified",0.695,0.65,0.74,65,74,5348,TRUE,TRUE,TRUE,FALSE,TRUE,TRUE,TRUE,"ok","ok","",""
"SchirmerM_2016","Schirmer 2016",41,"balanced","Ruminococcus",0.885,0.89,0.88,89,88,63065,TRUE,TRUE,TRUE,FALSE,TRUE,TRUE,TRUE,"ok","ok","",""
"SchirmerM_2016","Schirmer 2016",41,"balanced","Streptococcus",0.915,0.91,0.92,91,92,6594,TRUE,TRUE,TRUE,FALSE,TRUE,TRUE,TRUE,"ok","ok","",""
"SchirmerM_2016","Schirmer 2016",41,"fourfold","Agathobaculum",0.875,0.81,0.94,81,94,3633,TRUE,TRUE,TRUE,FALSE,TRUE,TRUE,TRUE,"ok","ok","",""
"SchirmerM_2016","Schirmer 2016",41,"fourfold","Akkermansia",0.465,0.42,0.51,42,51,9915,TRUE,TRUE,TRUE,FALSE,TRUE,TRUE,TRUE,"ok","ok","",""
"SchirmerM_2016","Schirmer 2016",41,"fourfold","Alistipes",0.96,0.96,0.96,96,96,27992,TRUE,TRUE,TRUE,FALSE,TRUE,TRUE,TRUE,"ok","ok","",""
"SchirmerM_2016","Schirmer 2016",41,"fourfold","Anaerobutyricum",0.985,0.97,1,97,100,18350,TRUE,TRUE,TRUE,FALSE,TRUE,TRUE,TRUE,"ok","ok","",""
"SchirmerM_2016","Schirmer 2016",41,"fourfold","Anaerostipes",0.995,0.99,1,99,100,22965,TRUE,TRUE,TRUE,FALSE,TRUE,TRUE,TRUE,"ok","ok","",""
"SchirmerM_2016","Schirmer 2016",41,"fourfold","Bacteroides",1,1,1,100,100,51184,TRUE,TRUE,FALSE,TRUE,TRUE,TRUE,TRUE,"no_observed_zeros","ok","",""
"SchirmerM_2016","Schirmer 2016",41,"fourfold","Barnesiella",0.775,0.76,0.79,76,79,7471,TRUE,TRUE,TRUE,FALSE,TRUE,TRUE,TRUE,"ok","ok","",""
"SchirmerM_2016","Schirmer 2016",41,"fourfold","Bifidobacterium",0.99,0.98,1,98,100,119687,TRUE,TRUE,TRUE,FALSE,TRUE,TRUE,TRUE,"ok","ok","",""
"SchirmerM_2016","Schirmer 2016",41,"fourfold","Blautia",0.995,0.99,1,99,100,18592,TRUE,TRUE,FALSE,TRUE,TRUE,TRUE,TRUE,"structural_absence_boundary_at_zero","ok","",""
"SchirmerM_2016","Schirmer 2016",41,"fourfold","Collinsella",0.915,0.9,0.93,90,93,38812,TRUE,TRUE,TRUE,FALSE,TRUE,TRUE,TRUE,"ok","ok","",""
"SchirmerM_2016","Schirmer 2016",41,"fourfold","Coprococcus",0.98,0.98,0.98,98,98,31370,TRUE,TRUE,TRUE,FALSE,TRUE,TRUE,TRUE,"ok","ok","",""
"SchirmerM_2016","Schirmer 2016",41,"fourfold","Dialister",0.495,0.51,0.48,51,48,5512,TRUE,TRUE,TRUE,FALSE,TRUE,TRUE,TRUE,"ok","ok","",""
"SchirmerM_2016","Schirmer 2016",41,"fourfold","Dorea",0.99,0.99,0.99,99,99,31506,TRUE,TRUE,TRUE,FALSE,TRUE,TRUE,TRUE,"ok","ok","",""
"SchirmerM_2016","Schirmer 2016",41,"fourfold","Eubacterium",0.965,0.93,1,93,100,17363,TRUE,TRUE,TRUE,FALSE,TRUE,TRUE,TRUE,"ok","ok","",""
"SchirmerM_2016","Schirmer 2016",41,"fourfold","Faecalibacterium",0.985,0.98,0.99,98,99,55463,TRUE,TRUE,TRUE,FALSE,TRUE,TRUE,TRUE,"ok","ok","",""
"SchirmerM_2016","Schirmer 2016",41,"fourfold","Firmicutes_unclassified",0.785,0.72,0.85,72,85,5791,TRUE,TRUE,TRUE,FALSE,TRUE,TRUE,TRUE,"ok","ok","",""
"SchirmerM_2016","Schirmer 2016",41,"fourfold","Fusicatenibacter",0.97,0.96,0.98,96,98,30423,TRUE,TRUE,TRUE,FALSE,TRUE,TRUE,TRUE,"ok","ok","",""
"SchirmerM_2016","Schirmer 2016",41,"fourfold","Lachnospira",0.83,0.81,0.85,81,85,8924,TRUE,TRUE,TRUE,FALSE,TRUE,TRUE,TRUE,"ok","ok","",""
"SchirmerM_2016","Schirmer 2016",41,"fourfold","Lachnospiraceae_unclassified",0.915,0.9,0.93,90,93,37293,TRUE,TRUE,TRUE,FALSE,TRUE,TRUE,TRUE,"ok","ok","",""
"SchirmerM_2016","Schirmer 2016",41,"fourfold","Mediterraneibacter",0.985,0.98,0.99,98,99,22625,TRUE,TRUE,TRUE,FALSE,TRUE,TRUE,TRUE,"ok","ok","",""
"SchirmerM_2016","Schirmer 2016",41,"fourfold","Methanobrevibacter",0.365,0.38,0.35,38,35,8131,TRUE,TRUE,TRUE,FALSE,TRUE,TRUE,TRUE,"ok","ok","",""
"SchirmerM_2016","Schirmer 2016",41,"fourfold","Oscillibacter",0.8,0.75,0.85,75,85,4545,TRUE,TRUE,TRUE,FALSE,TRUE,TRUE,TRUE,"ok","ok","",""
"SchirmerM_2016","Schirmer 2016",41,"fourfold","Parabacteroides",0.96,0.97,0.95,97,95,12356,TRUE,TRUE,TRUE,FALSE,TRUE,TRUE,TRUE,"ok","ok","",""
"SchirmerM_2016","Schirmer 2016",41,"fourfold","Phascolarctobacterium",0.485,0.41,0.56,41,56,4359,TRUE,TRUE,TRUE,FALSE,TRUE,TRUE,TRUE,"ok","ok","",""
"SchirmerM_2016","Schirmer 2016",41,"fourfold","Phocaeicola",1,1,1,100,100,39324,TRUE,TRUE,FALSE,TRUE,TRUE,TRUE,TRUE,"no_observed_zeros","ok","",""
"SchirmerM_2016","Schirmer 2016",41,"fourfold","Prevotella",0.495,0.47,0.52,47,52,56371,TRUE,TRUE,TRUE,FALSE,TRUE,TRUE,TRUE,"ok","ok","",""
"SchirmerM_2016","Schirmer 2016",41,"fourfold","Roseburia",0.98,0.97,0.99,97,99,40527,TRUE,TRUE,TRUE,FALSE,TRUE,TRUE,TRUE,"ok","ok","",""
"SchirmerM_2016","Schirmer 2016",41,"fourfold","Ruminococcaceae_unclassified",0.65,0.55,0.75,55,75,5439,TRUE,TRUE,TRUE,FALSE,TRUE,TRUE,TRUE,"ok","ok","",""
"SchirmerM_2016","Schirmer 2016",41,"fourfold","Ruminococcus",0.9,0.9,0.9,90,90,61774,TRUE,TRUE,TRUE,FALSE,TRUE,TRUE,TRUE,"ok","ok","",""
"SchirmerM_2016","Schirmer 2016",41,"fourfold","Streptococcus",0.89,0.83,0.95,83,95,6857,TRUE,TRUE,TRUE,FALSE,TRUE,TRUE,TRUE,"ok","ok","",""
"SchirmerM_2016","Schirmer 2016",42,"balanced","Agathobaculum",0.925,0.94,0.91,94,91,3664,TRUE,TRUE,TRUE,FALSE,TRUE,TRUE,TRUE,"ok","ok","",""
"SchirmerM_2016","Schirmer 2016",42,"balanced","Akkermansia",0.465,0.48,0.45,48,45,10137,TRUE,TRUE,TRUE,FALSE,TRUE,TRUE,TRUE,"ok","ok","",""
"SchirmerM_2016","Schirmer 2016",42,"balanced","Alistipes",0.96,0.96,0.96,96,96,30342,TRUE,TRUE,TRUE,FALSE,TRUE,TRUE,TRUE,"ok","ok","",""
"SchirmerM_2016","Schirmer 2016",42,"balanced","Anaerobutyricum",0.985,1,0.97,100,97,20610,TRUE,TRUE,TRUE,FALSE,TRUE,TRUE,TRUE,"ok","ok","",""
"SchirmerM_2016","Schirmer 2016",42,"balanced","Anaerostipes",0.995,0.99,1,99,100,24872,TRUE,TRUE,TRUE,FALSE,TRUE,TRUE,TRUE,"ok","ok","",""
"SchirmerM_2016","Schirmer 2016",42,"balanced","Bacteroides",0.995,1,0.99,100,99,56757,TRUE,TRUE,TRUE,FALSE,TRUE,TRUE,TRUE,"ok","ok","",""
"SchirmerM_2016","Schirmer 2016",42,"balanced","Barnesiella",0.805,0.81,0.8,81,80,6777,TRUE,TRUE,TRUE,FALSE,TRUE,TRUE,TRUE,"ok","ok","",""
"SchirmerM_2016","Schirmer 2016",42,"balanced","Bifidobacterium",0.975,0.98,0.97,98,97,123466,TRUE,TRUE,TRUE,FALSE,TRUE,TRUE,TRUE,"ok","ok","",""
"SchirmerM_2016","Schirmer 2016",42,"balanced","Blautia",1,1,1,100,100,23789,TRUE,TRUE,FALSE,TRUE,TRUE,TRUE,TRUE,"no_observed_zeros","ok","",""
"SchirmerM_2016","Schirmer 2016",42,"balanced","Collinsella",0.93,0.94,0.92,94,92,38598,TRUE,TRUE,TRUE,FALSE,TRUE,TRUE,TRUE,"ok","ok","",""
"SchirmerM_2016","Schirmer 2016",42,"balanced","Coprococcus",0.98,0.98,0.98,98,98,29760,TRUE,TRUE,TRUE,FALSE,TRUE,TRUE,TRUE,"ok","ok","",""
"SchirmerM_2016","Schirmer 2016",42,"balanced","Dialister",0.53,0.6,0.46,60,46,6015,TRUE,TRUE,TRUE,FALSE,TRUE,TRUE,TRUE,"ok","ok","",""
"SchirmerM_2016","Schirmer 2016",42,"balanced","Dorea",0.99,0.99,0.99,99,99,32305,TRUE,TRUE,TRUE,FALSE,TRUE,TRUE,TRUE,"ok","ok","",""
"SchirmerM_2016","Schirmer 2016",42,"balanced","Eubacterium",0.985,0.97,1,97,100,16065,TRUE,TRUE,TRUE,FALSE,TRUE,TRUE,TRUE,"ok","ok","",""
"SchirmerM_2016","Schirmer 2016",42,"balanced","Faecalibacterium",0.985,0.99,0.98,99,98,57629,TRUE,TRUE,TRUE,FALSE,TRUE,TRUE,TRUE,"ok","ok","",""
"SchirmerM_2016","Schirmer 2016",42,"balanced","Firmicutes_unclassified",0.855,0.87,0.84,87,84,5643,TRUE,TRUE,TRUE,FALSE,TRUE,TRUE,TRUE,"ok","ok","",""
"SchirmerM_2016","Schirmer 2016",42,"balanced","Fusicatenibacter",0.975,0.99,0.96,99,96,33193,TRUE,TRUE,TRUE,FALSE,TRUE,TRUE,TRUE,"ok","ok","",""
"SchirmerM_2016","Schirmer 2016",42,"balanced","Lachnospira",0.86,0.85,0.87,85,87,9948,TRUE,TRUE,TRUE,FALSE,TRUE,TRUE,TRUE,"ok","ok","",""
"SchirmerM_2016","Schirmer 2016",42,"balanced","Lachnospiraceae_unclassified",0.93,0.94,0.92,94,92,42586,TRUE,TRUE,TRUE,FALSE,TRUE,TRUE,TRUE,"ok","ok","",""
"SchirmerM_2016","Schirmer 2016",42,"balanced","Mediterraneibacter",0.985,0.98,0.99,98,99,26310,TRUE,TRUE,TRUE,FALSE,TRUE,TRUE,TRUE,"ok","ok","",""
"SchirmerM_2016","Schirmer 2016",42,"balanced","Methanobrevibacter",0.37,0.36,0.38,36,38,9655,TRUE,TRUE,TRUE,FALSE,TRUE,TRUE,TRUE,"ok","ok","",""
"SchirmerM_2016","Schirmer 2016",42,"balanced","Oscillibacter",0.83,0.76,0.9,76,90,4991,TRUE,TRUE,TRUE,FALSE,TRUE,TRUE,TRUE,"ok","ok","",""
"SchirmerM_2016","Schirmer 2016",42,"balanced","Parabacteroides",0.96,0.95,0.97,95,97,13852,TRUE,TRUE,TRUE,FALSE,TRUE,TRUE,TRUE,"ok","ok","",""
"SchirmerM_2016","Schirmer 2016",42,"balanced","Phascolarctobacterium",0.48,0.42,0.54,42,54,3630,TRUE,TRUE,TRUE,FALSE,TRUE,TRUE,TRUE,"ok","ok","",""
"SchirmerM_2016","Schirmer 2016",42,"balanced","Phocaeicola",1,1,1,100,100,41294,TRUE,TRUE,FALSE,TRUE,TRUE,TRUE,TRUE,"no_observed_zeros","ok","",""
"SchirmerM_2016","Schirmer 2016",42,"balanced","Prevotella",0.485,0.43,0.54,43,54,47874,TRUE,TRUE,TRUE,FALSE,TRUE,TRUE,TRUE,"ok","ok","",""
"SchirmerM_2016","Schirmer 2016",42,"balanced","Roseburia",0.985,0.98,0.99,98,99,42852,TRUE,TRUE,TRUE,FALSE,TRUE,TRUE,TRUE,"ok","ok","",""
"SchirmerM_2016","Schirmer 2016",42,"balanced","Ruminococcaceae_unclassified",0.67,0.66,0.68,66,68,5203,TRUE,TRUE,TRUE,FALSE,TRUE,TRUE,TRUE,"ok","ok","",""
"SchirmerM_2016","Schirmer 2016",42,"balanced","Ruminococcus",0.91,0.87,0.95,87,95,72012,TRUE,TRUE,TRUE,FALSE,TRUE,TRUE,TRUE,"ok","ok","",""
"SchirmerM_2016","Schirmer 2016",42,"balanced","Streptococcus",0.94,0.92,0.96,92,96,7083,TRUE,TRUE,TRUE,FALSE,TRUE,TRUE,TRUE,"ok","ok","",""
"SchirmerM_2016","Schirmer 2016",42,"fourfold","Agathobaculum",0.86,0.8,0.92,80,92,3577,TRUE,TRUE,TRUE,FALSE,TRUE,TRUE,TRUE,"ok","ok","",""
"SchirmerM_2016","Schirmer 2016",42,"fourfold","Akkermansia",0.455,0.43,0.48,43,48,8208,TRUE,TRUE,TRUE,FALSE,TRUE,TRUE,TRUE,"ok","ok","",""
"SchirmerM_2016","Schirmer 2016",42,"fourfold","Alistipes",0.955,0.94,0.97,94,97,27488,TRUE,TRUE,TRUE,FALSE,TRUE,TRUE,TRUE,"ok","ok","",""
"SchirmerM_2016","Schirmer 2016",42,"fourfold","Anaerobutyricum",0.985,0.99,0.98,99,98,18713,TRUE,TRUE,TRUE,FALSE,TRUE,TRUE,TRUE,"ok","ok","",""
"SchirmerM_2016","Schirmer 2016",42,"fourfold","Anaerostipes",0.995,0.99,1,99,100,21538,TRUE,TRUE,TRUE,FALSE,TRUE,TRUE,TRUE,"ok","ok","",""
"SchirmerM_2016","Schirmer 2016",42,"fourfold","Bacteroides",1,1,1,100,100,53354,TRUE,TRUE,FALSE,TRUE,TRUE,TRUE,TRUE,"no_observed_zeros","ok","",""
"SchirmerM_2016","Schirmer 2016",42,"fourfold","Barnesiella",0.795,0.77,0.82,77,82,6234,TRUE,TRUE,TRUE,FALSE,TRUE,TRUE,TRUE,"ok","ok","",""
"SchirmerM_2016","Schirmer 2016",42,"fourfold","Bifidobacterium",0.98,0.98,0.98,98,98,118832,TRUE,TRUE,TRUE,FALSE,TRUE,TRUE,TRUE,"ok","ok","",""
"SchirmerM_2016","Schirmer 2016",42,"fourfold","Blautia",0.995,0.99,1,99,100,17393,TRUE,TRUE,FALSE,TRUE,TRUE,TRUE,TRUE,"structural_absence_boundary_at_zero","ok","",""
"SchirmerM_2016","Schirmer 2016",42,"fourfold","Collinsella",0.94,0.95,0.93,95,93,37605,TRUE,TRUE,TRUE,FALSE,TRUE,TRUE,TRUE,"ok","ok","",""
"SchirmerM_2016","Schirmer 2016",42,"fourfold","Coprococcus",0.975,0.97,0.98,97,98,33851,TRUE,TRUE,TRUE,FALSE,TRUE,TRUE,TRUE,"ok","ok","",""
"SchirmerM_2016","Schirmer 2016",42,"fourfold","Dialister",0.495,0.52,0.47,52,47,5242,TRUE,TRUE,TRUE,FALSE,TRUE,TRUE,TRUE,"ok","ok","",""
"SchirmerM_2016","Schirmer 2016",42,"fourfold","Dorea",0.995,0.99,1,99,100,31395,TRUE,TRUE,TRUE,FALSE,TRUE,TRUE,TRUE,"ok","ok","",""
"SchirmerM_2016","Schirmer 2016",42,"fourfold","Eubacterium",0.97,0.94,1,94,100,16696,TRUE,TRUE,TRUE,FALSE,TRUE,TRUE,TRUE,"ok","ok","",""
"SchirmerM_2016","Schirmer 2016",42,"fourfold","Faecalibacterium",0.985,0.99,0.98,99,98,56226,TRUE,TRUE,TRUE,FALSE,TRUE,TRUE,TRUE,"ok","ok","",""
"SchirmerM_2016","Schirmer 2016",42,"fourfold","Firmicutes_unclassified",0.81,0.76,0.86,76,86,4741,TRUE,TRUE,TRUE,FALSE,TRUE,TRUE,TRUE,"ok","ok","",""
"SchirmerM_2016","Schirmer 2016",42,"fourfold","Fusicatenibacter",0.975,0.98,0.97,98,97,30892,TRUE,TRUE,TRUE,FALSE,TRUE,TRUE,TRUE,"ok","ok","",""
"SchirmerM_2016","Schirmer 2016",42,"fourfold","Lachnospira",0.84,0.8,0.88,80,88,10833,TRUE,TRUE,TRUE,FALSE,TRUE,TRUE,TRUE,"ok","ok","",""
"SchirmerM_2016","Schirmer 2016",42,"fourfold","Lachnospiraceae_unclassified",0.92,0.9,0.94,90,94,42709,TRUE,TRUE,TRUE,FALSE,TRUE,TRUE,TRUE,"ok","ok","",""
"SchirmerM_2016","Schirmer 2016",42,"fourfold","Mediterraneibacter",0.98,0.98,0.98,98,98,25972,TRUE,TRUE,TRUE,FALSE,TRUE,TRUE,TRUE,"ok","ok","",""
"SchirmerM_2016","Schirmer 2016",42,"fourfold","Methanobrevibacter",0.365,0.35,0.38,35,38,9025,TRUE,TRUE,TRUE,FALSE,TRUE,TRUE,TRUE,"ok","ok","",""
"SchirmerM_2016","Schirmer 2016",42,"fourfold","Oscillibacter",0.805,0.72,0.89,72,89,4943,TRUE,TRUE,TRUE,FALSE,TRUE,TRUE,TRUE,"ok","ok","",""
"SchirmerM_2016","Schirmer 2016",42,"fourfold","Parabacteroides",0.95,0.93,0.97,93,97,13431,TRUE,TRUE,TRUE,FALSE,TRUE,TRUE,TRUE,"ok","ok","",""
"SchirmerM_2016","Schirmer 2016",42,"fourfold","Phascolarctobacterium",0.48,0.39,0.57,39,57,4179,TRUE,TRUE,TRUE,FALSE,TRUE,TRUE,TRUE,"ok","ok","",""
"SchirmerM_2016","Schirmer 2016",42,"fourfold","Phocaeicola",1,1,1,100,100,42467,TRUE,TRUE,FALSE,TRUE,TRUE,TRUE,TRUE,"no_observed_zeros","ok","",""
"SchirmerM_2016","Schirmer 2016",42,"fourfold","Prevotella",0.49,0.41,0.57,41,57,48382,TRUE,TRUE,TRUE,FALSE,TRUE,TRUE,TRUE,"ok","ok","",""
"SchirmerM_2016","Schirmer 2016",42,"fourfold","Roseburia",0.99,0.99,0.99,99,99,43573,TRUE,TRUE,TRUE,FALSE,TRUE,TRUE,TRUE,"ok","ok","",""
"SchirmerM_2016","Schirmer 2016",42,"fourfold","Ruminococcaceae_unclassified",0.65,0.59,0.71,59,71,6121,TRUE,TRUE,TRUE,FALSE,TRUE,TRUE,TRUE,"ok","ok","",""
"SchirmerM_2016","Schirmer 2016",42,"fourfold","Ruminococcus",0.895,0.85,0.94,85,94,67723,TRUE,TRUE,TRUE,FALSE,TRUE,TRUE,TRUE,"ok","ok","",""
"SchirmerM_2016","Schirmer 2016",42,"fourfold","Streptococcus",0.875,0.81,0.94,81,94,6457,TRUE,TRUE,TRUE,FALSE,TRUE,TRUE,TRUE,"ok","ok","",""
"SchirmerM_2016","Schirmer 2016",43,"balanced","Agathobaculum",0.905,0.95,0.86,95,86,4081,TRUE,TRUE,TRUE,FALSE,TRUE,TRUE,TRUE,"ok","ok","",""
"SchirmerM_2016","Schirmer 2016",43,"balanced","Akkermansia",0.47,0.52,0.42,52,42,7309,TRUE,TRUE,TRUE,FALSE,TRUE,TRUE,TRUE,"ok","ok","",""
"SchirmerM_2016","Schirmer 2016",43,"balanced","Alistipes",0.955,0.97,0.94,97,94,26856,TRUE,TRUE,TRUE,FALSE,TRUE,TRUE,TRUE,"ok","ok","",""
"SchirmerM_2016","Schirmer 2016",43,"balanced","Anaerobutyricum",0.99,0.99,0.99,99,99,21405,TRUE,TRUE,TRUE,FALSE,TRUE,TRUE,TRUE,"ok","ok","",""
"SchirmerM_2016","Schirmer 2016",43,"balanced","Anaerostipes",0.995,0.99,1,99,100,24339,TRUE,TRUE,TRUE,FALSE,TRUE,TRUE,TRUE,"ok","ok","",""
"SchirmerM_2016","Schirmer 2016",43,"balanced","Bacteroides",1,1,1,100,100,55002,TRUE,TRUE,FALSE,TRUE,TRUE,TRUE,TRUE,"no_observed_zeros","ok","",""
"SchirmerM_2016","Schirmer 2016",43,"balanced","Barnesiella",0.805,0.83,0.78,83,78,6795,TRUE,TRUE,TRUE,FALSE,TRUE,TRUE,TRUE,"ok","ok","",""
"SchirmerM_2016","Schirmer 2016",43,"balanced","Bifidobacterium",0.975,0.98,0.97,98,97,129973,TRUE,TRUE,TRUE,FALSE,TRUE,TRUE,TRUE,"ok","ok","",""
"SchirmerM_2016","Schirmer 2016",43,"balanced","Blautia",1,1,1,100,100,22078,TRUE,TRUE,FALSE,TRUE,TRUE,TRUE,TRUE,"no_observed_zeros","ok","",""
"SchirmerM_2016","Schirmer 2016",43,"balanced","Collinsella",0.925,0.92,0.93,92,93,38717,TRUE,TRUE,TRUE,FALSE,TRUE,TRUE,TRUE,"ok","ok","",""
"SchirmerM_2016","Schirmer 2016",43,"balanced","Coprococcus",0.975,0.98,0.97,98,97,33021,TRUE,TRUE,TRUE,FALSE,TRUE,TRUE,TRUE,"ok","ok","",""
"SchirmerM_2016","Schirmer 2016",43,"balanced","Dialister",0.53,0.49,0.57,49,57,5490,TRUE,TRUE,TRUE,FALSE,TRUE,TRUE,TRUE,"ok","ok","",""
"SchirmerM_2016","Schirmer 2016",43,"balanced","Dorea",0.99,0.99,0.99,99,99,33551,TRUE,TRUE,TRUE,FALSE,TRUE,TRUE,TRUE,"ok","ok","",""
"SchirmerM_2016","Schirmer 2016",43,"balanced","Eubacterium",0.975,0.97,0.98,97,98,17426,TRUE,TRUE,TRUE,FALSE,TRUE,TRUE,TRUE,"ok","ok","",""
"SchirmerM_2016","Schirmer 2016",43,"balanced","Faecalibacterium",0.985,0.97,1,97,100,58630,TRUE,TRUE,TRUE,FALSE,TRUE,TRUE,TRUE,"ok","ok","",""
"SchirmerM_2016","Schirmer 2016",43,"balanced","Firmicutes_unclassified",0.875,0.87,0.88,87,88,4953,TRUE,TRUE,TRUE,FALSE,TRUE,TRUE,TRUE,"ok","ok","",""
"SchirmerM_2016","Schirmer 2016",43,"balanced","Fusicatenibacter",0.97,0.96,0.98,96,98,32432,TRUE,TRUE,TRUE,FALSE,TRUE,TRUE,TRUE,"ok","ok","",""
"SchirmerM_2016","Schirmer 2016",43,"balanced","Lachnospira",0.845,0.88,0.81,88,81,11104,TRUE,TRUE,TRUE,FALSE,TRUE,TRUE,TRUE,"ok","ok","",""
"SchirmerM_2016","Schirmer 2016",43,"balanced","Lachnospiraceae_unclassified",0.93,0.93,0.93,93,93,45086,TRUE,TRUE,TRUE,FALSE,TRUE,TRUE,TRUE,"ok","ok","",""
"SchirmerM_2016","Schirmer 2016",43,"balanced","Mediterraneibacter",0.99,0.99,0.99,99,99,25498,TRUE,TRUE,TRUE,FALSE,TRUE,TRUE,TRUE,"ok","ok","",""
"SchirmerM_2016","Schirmer 2016",43,"balanced","Methanobrevibacter",0.375,0.4,0.35,40,35,7901,TRUE,TRUE,TRUE,FALSE,TRUE,TRUE,TRUE,"ok","ok","",""
"SchirmerM_2016","Schirmer 2016",43,"balanced","Oscillibacter",0.81,0.84,0.78,84,78,4172,TRUE,TRUE,TRUE,FALSE,TRUE,TRUE,TRUE,"ok","ok","",""
"SchirmerM_2016","Schirmer 2016",43,"balanced","Parabacteroides",0.955,0.94,0.97,94,97,13442,TRUE,TRUE,TRUE,FALSE,TRUE,TRUE,TRUE,"ok","ok","",""
"SchirmerM_2016","Schirmer 2016",43,"balanced","Phascolarctobacterium",0.51,0.51,0.51,51,51,3753,TRUE,TRUE,TRUE,FALSE,TRUE,TRUE,TRUE,"ok","ok","",""
"SchirmerM_2016","Schirmer 2016",43,"balanced","Phocaeicola",1,1,1,100,100,43067,TRUE,TRUE,FALSE,TRUE,TRUE,TRUE,TRUE,"no_observed_zeros","ok","",""
"SchirmerM_2016","Schirmer 2016",43,"balanced","Prevotella",0.515,0.53,0.5,53,50,50055,TRUE,TRUE,TRUE,FALSE,TRUE,TRUE,TRUE,"ok","ok","",""
"SchirmerM_2016","Schirmer 2016",43,"balanced","Roseburia",0.99,1,0.98,100,98,45593,TRUE,TRUE,TRUE,FALSE,TRUE,TRUE,TRUE,"ok","ok","",""
"SchirmerM_2016","Schirmer 2016",43,"balanced","Ruminococcaceae_unclassified",0.69,0.7,0.68,70,68,5394,TRUE,TRUE,TRUE,FALSE,TRUE,TRUE,TRUE,"ok","ok","",""
"SchirmerM_2016","Schirmer 2016",43,"balanced","Ruminococcus",0.9,0.94,0.86,94,86,70030,TRUE,TRUE,TRUE,FALSE,TRUE,TRUE,TRUE,"ok","ok","",""
"SchirmerM_2016","Schirmer 2016",43,"balanced","Streptococcus",0.91,0.89,0.93,89,93,7599,TRUE,TRUE,TRUE,FALSE,TRUE,TRUE,TRUE,"ok","ok","",""
"SchirmerM_2016","Schirmer 2016",43,"fourfold","Agathobaculum",0.91,0.91,0.91,91,91,3416,TRUE,TRUE,TRUE,FALSE,TRUE,TRUE,TRUE,"ok","ok","",""
"SchirmerM_2016","Schirmer 2016",43,"fourfold","Akkermansia",0.46,0.5,0.42,50,42,8642,TRUE,TRUE,TRUE,FALSE,TRUE,TRUE,TRUE,"ok","ok","",""
"SchirmerM_2016","Schirmer 2016",43,"fourfold","Alistipes",0.94,0.94,0.94,94,94,27424,TRUE,TRUE,TRUE,FALSE,TRUE,TRUE,TRUE,"ok","ok","",""
"SchirmerM_2016","Schirmer 2016",43,"fourfold","Anaerobutyricum",0.99,0.99,0.99,99,99,17777,TRUE,TRUE,TRUE,FALSE,TRUE,TRUE,TRUE,"ok","ok","",""
"SchirmerM_2016","Schirmer 2016",43,"fourfold","Anaerostipes",0.995,0.99,1,99,100,21651,TRUE,TRUE,TRUE,FALSE,TRUE,TRUE,TRUE,"ok","ok","",""
"SchirmerM_2016","Schirmer 2016",43,"fourfold","Bacteroides",1,1,1,100,100,50010,TRUE,TRUE,FALSE,TRUE,TRUE,TRUE,TRUE,"no_observed_zeros","ok","",""
"SchirmerM_2016","Schirmer 2016",43,"fourfold","Barnesiella",0.785,0.78,0.79,78,79,5922,TRUE,TRUE,TRUE,FALSE,TRUE,TRUE,TRUE,"ok","ok","",""
"SchirmerM_2016","Schirmer 2016",43,"fourfold","Bifidobacterium",0.98,0.98,0.98,98,98,118221,TRUE,TRUE,TRUE,FALSE,TRUE,TRUE,TRUE,"ok","ok","",""
"SchirmerM_2016","Schirmer 2016",43,"fourfold","Blautia",1,1,1,100,100,19430,TRUE,TRUE,FALSE,TRUE,TRUE,TRUE,TRUE,"no_observed_zeros","ok","",""
"SchirmerM_2016","Schirmer 2016",43,"fourfold","Collinsella",0.94,0.94,0.94,94,94,34465,TRUE,TRUE,TRUE,FALSE,TRUE,TRUE,TRUE,"ok","ok","",""
"SchirmerM_2016","Schirmer 2016",43,"fourfold","Coprococcus",0.97,0.98,0.96,98,96,26794,TRUE,TRUE,TRUE,FALSE,TRUE,TRUE,TRUE,"ok","ok","",""
"SchirmerM_2016","Schirmer 2016",43,"fourfold","Dialister",0.525,0.48,0.57,48,57,4275,TRUE,TRUE,TRUE,FALSE,TRUE,TRUE,TRUE,"ok","ok","",""
"SchirmerM_2016","Schirmer 2016",43,"fourfold","Dorea",0.99,0.99,0.99,99,99,28445,TRUE,TRUE,TRUE,FALSE,TRUE,TRUE,TRUE,"ok","ok","",""
"SchirmerM_2016","Schirmer 2016",43,"fourfold","Eubacterium",0.975,0.96,0.99,96,99,17141,TRUE,TRUE,TRUE,FALSE,TRUE,TRUE,TRUE,"ok","ok","",""
"SchirmerM_2016","Schirmer 2016",43,"fourfold","Faecalibacterium",0.985,0.97,1,97,100,52102,TRUE,TRUE,TRUE,FALSE,TRUE,TRUE,TRUE,"ok","ok","",""
"SchirmerM_2016","Schirmer 2016",43,"fourfold","Firmicutes_unclassified",0.815,0.74,0.89,74,89,4784,TRUE,TRUE,TRUE,FALSE,TRUE,TRUE,TRUE,"ok","ok","",""
"SchirmerM_2016","Schirmer 2016",43,"fourfold","Fusicatenibacter",0.975,0.96,0.99,96,99,29790,TRUE,TRUE,TRUE,FALSE,TRUE,TRUE,TRUE,"ok","ok","",""
"SchirmerM_2016","Schirmer 2016",43,"fourfold","Lachnospira",0.855,0.86,0.85,86,85,8828,TRUE,TRUE,TRUE,FALSE,TRUE,TRUE,TRUE,"ok","ok","",""
"SchirmerM_2016","Schirmer 2016",43,"fourfold","Lachnospiraceae_unclassified",0.925,0.89,0.96,89,96,41774,TRUE,TRUE,TRUE,FALSE,TRUE,TRUE,TRUE,"ok","ok","",""
"SchirmerM_2016","Schirmer 2016",43,"fourfold","Mediterraneibacter",0.985,0.98,0.99,98,99,20439,TRUE,TRUE,TRUE,FALSE,TRUE,TRUE,TRUE,"ok","ok","",""
"SchirmerM_2016","Schirmer 2016",43,"fourfold","Methanobrevibacter",0.365,0.37,0.36,37,36,7496,TRUE,TRUE,TRUE,FALSE,TRUE,TRUE,TRUE,"ok","ok","",""
"SchirmerM_2016","Schirmer 2016",43,"fourfold","Oscillibacter",0.805,0.79,0.82,79,82,3961,TRUE,TRUE,TRUE,FALSE,TRUE,TRUE,TRUE,"ok","ok","",""
"SchirmerM_2016","Schirmer 2016",43,"fourfold","Parabacteroides",0.955,0.94,0.97,94,97,12668,TRUE,TRUE,TRUE,FALSE,TRUE,TRUE,TRUE,"ok","ok","",""
"SchirmerM_2016","Schirmer 2016",43,"fourfold","Phascolarctobacterium",0.49,0.47,0.51,47,51,3293,TRUE,TRUE,TRUE,FALSE,TRUE,TRUE,TRUE,"ok","ok","",""
"SchirmerM_2016","Schirmer 2016",43,"fourfold","Phocaeicola",1,1,1,100,100,36945,TRUE,TRUE,FALSE,TRUE,TRUE,TRUE,TRUE,"no_observed_zeros","ok","",""
"SchirmerM_2016","Schirmer 2016",43,"fourfold","Prevotella",0.52,0.53,0.51,53,51,44796,TRUE,TRUE,TRUE,FALSE,TRUE,TRUE,TRUE,"ok","ok","",""
"SchirmerM_2016","Schirmer 2016",43,"fourfold","Roseburia",0.985,1,0.97,100,97,40150,TRUE,TRUE,TRUE,FALSE,TRUE,TRUE,TRUE,"ok","ok","",""
"SchirmerM_2016","Schirmer 2016",43,"fourfold","Ruminococcaceae_unclassified",0.67,0.59,0.75,59,75,4784,TRUE,TRUE,TRUE,FALSE,TRUE,TRUE,TRUE,"ok","ok","",""
"SchirmerM_2016","Schirmer 2016",43,"fourfold","Ruminococcus",0.89,0.91,0.87,91,87,62487,TRUE,TRUE,TRUE,FALSE,TRUE,TRUE,TRUE,"ok","ok","",""
"SchirmerM_2016","Schirmer 2016",43,"fourfold","Streptococcus",0.88,0.79,0.97,79,97,6693,TRUE,TRUE,TRUE,FALSE,TRUE,TRUE,TRUE,"ok","ok","",""
"SchirmerM_2016","Schirmer 2016",44,"balanced","Agathobaculum",0.895,0.88,0.91,88,91,3599,TRUE,TRUE,TRUE,FALSE,TRUE,TRUE,TRUE,"ok","ok","",""
"SchirmerM_2016","Schirmer 2016",44,"balanced","Akkermansia",0.465,0.45,0.48,45,48,7173,TRUE,TRUE,TRUE,FALSE,TRUE,TRUE,TRUE,"ok","ok","",""
"SchirmerM_2016","Schirmer 2016",44,"balanced","Alistipes",0.96,0.95,0.97,95,97,26390,TRUE,TRUE,TRUE,FALSE,TRUE,TRUE,TRUE,"ok","ok","",""
"SchirmerM_2016","Schirmer 2016",44,"balanced","Anaerobutyricum",0.99,0.99,0.99,99,99,19301,TRUE,TRUE,TRUE,FALSE,TRUE,TRUE,TRUE,"ok","ok","",""
"SchirmerM_2016","Schirmer 2016",44,"balanced","Anaerostipes",0.995,1,0.99,100,99,22740,TRUE,TRUE,TRUE,FALSE,TRUE,TRUE,TRUE,"ok","ok","",""
"SchirmerM_2016","Schirmer 2016",44,"balanced","Bacteroides",0.995,1,0.99,100,99,52521,TRUE,TRUE,TRUE,FALSE,TRUE,TRUE,TRUE,"ok","ok","",""
"SchirmerM_2016","Schirmer 2016",44,"balanced","Barnesiella",0.79,0.81,0.77,81,77,6289,TRUE,TRUE,TRUE,FALSE,TRUE,TRUE,TRUE,"ok","ok","",""
"SchirmerM_2016","Schirmer 2016",44,"balanced","Bifidobacterium",0.99,0.98,1,98,100,115117,TRUE,TRUE,TRUE,FALSE,TRUE,TRUE,TRUE,"ok","ok","",""
"SchirmerM_2016","Schirmer 2016",44,"balanced","Blautia",1,1,1,100,100,19183,TRUE,TRUE,FALSE,TRUE,TRUE,TRUE,TRUE,"no_observed_zeros","ok","",""
"SchirmerM_2016","Schirmer 2016",44,"balanced","Collinsella",0.92,0.93,0.91,93,91,35663,TRUE,TRUE,TRUE,FALSE,TRUE,TRUE,TRUE,"ok","ok","",""
"SchirmerM_2016","Schirmer 2016",44,"balanced","Coprococcus",0.97,0.96,0.98,96,98,29981,TRUE,TRUE,TRUE,FALSE,TRUE,TRUE,TRUE,"ok","ok","",""
"SchirmerM_2016","Schirmer 2016",44,"balanced","Dialister",0.525,0.55,0.5,55,50,4278,TRUE,TRUE,TRUE,FALSE,TRUE,TRUE,TRUE,"ok","ok","",""
"SchirmerM_2016","Schirmer 2016",44,"balanced","Dorea",0.99,0.99,0.99,99,99,30593,TRUE,TRUE,TRUE,FALSE,TRUE,TRUE,TRUE,"ok","ok","",""
"SchirmerM_2016","Schirmer 2016",44,"balanced","Eubacterium",0.975,0.98,0.97,98,97,15439,TRUE,TRUE,TRUE,FALSE,TRUE,TRUE,TRUE,"ok","ok","",""
"SchirmerM_2016","Schirmer 2016",44,"balanced","Faecalibacterium",0.985,0.98,0.99,98,99,52521,TRUE,TRUE,TRUE,FALSE,TRUE,TRUE,TRUE,"ok","ok","",""
"SchirmerM_2016","Schirmer 2016",44,"balanced","Firmicutes_unclassified",0.825,0.83,0.82,83,82,4971,TRUE,TRUE,TRUE,FALSE,TRUE,TRUE,TRUE,"ok","ok","",""
"SchirmerM_2016","Schirmer 2016",44,"balanced","Fusicatenibacter",0.975,0.98,0.97,98,97,30997,TRUE,TRUE,TRUE,FALSE,TRUE,TRUE,TRUE,"ok","ok","",""
"SchirmerM_2016","Schirmer 2016",44,"balanced","Lachnospira",0.84,0.77,0.91,77,91,8822,TRUE,TRUE,TRUE,FALSE,TRUE,TRUE,TRUE,"ok","ok","",""
"SchirmerM_2016","Schirmer 2016",44,"balanced","Lachnospiraceae_unclassified",0.935,0.93,0.94,93,94,38350,TRUE,TRUE,TRUE,FALSE,TRUE,TRUE,TRUE,"ok","ok","",""
"SchirmerM_2016","Schirmer 2016",44,"balanced","Mediterraneibacter",0.99,0.99,0.99,99,99,24310,TRUE,TRUE,TRUE,FALSE,TRUE,TRUE,TRUE,"ok","ok","",""
"SchirmerM_2016","Schirmer 2016",44,"balanced","Methanobrevibacter",0.385,0.34,0.43,34,43,7947,TRUE,TRUE,TRUE,FALSE,TRUE,TRUE,TRUE,"ok","ok","",""
"SchirmerM_2016","Schirmer 2016",44,"balanced","Oscillibacter",0.81,0.79,0.83,79,83,3919,TRUE,TRUE,TRUE,FALSE,TRUE,TRUE,TRUE,"ok","ok","",""
"SchirmerM_2016","Schirmer 2016",44,"balanced","Parabacteroides",0.95,0.92,0.98,92,98,13014,TRUE,TRUE,TRUE,FALSE,TRUE,TRUE,TRUE,"ok","ok","",""
"SchirmerM_2016","Schirmer 2016",44,"balanced","Phascolarctobacterium",0.465,0.43,0.5,43,50,3372,TRUE,TRUE,TRUE,FALSE,TRUE,TRUE,TRUE,"ok","ok","",""
"SchirmerM_2016","Schirmer 2016",44,"balanced","Phocaeicola",0.995,1,0.99,100,99,37651,TRUE,TRUE,TRUE,FALSE,TRUE,TRUE,TRUE,"ok","ok","",""
"SchirmerM_2016","Schirmer 2016",44,"balanced","Prevotella",0.51,0.5,0.52,50,52,47706,TRUE,TRUE,TRUE,FALSE,TRUE,TRUE,TRUE,"ok","ok","",""
"SchirmerM_2016","Schirmer 2016",44,"balanced","Roseburia",0.99,1,0.98,100,98,40520,TRUE,TRUE,TRUE,FALSE,TRUE,TRUE,TRUE,"ok","ok","",""
"SchirmerM_2016","Schirmer 2016",44,"balanced","Ruminococcaceae_unclassified",0.69,0.67,0.71,67,71,3980,TRUE,TRUE,TRUE,FALSE,TRUE,TRUE,TRUE,"ok","ok","",""
"SchirmerM_2016","Schirmer 2016",44,"balanced","Ruminococcus",0.895,0.88,0.91,88,91,62850,TRUE,TRUE,TRUE,FALSE,TRUE,TRUE,TRUE,"ok","ok","",""
"SchirmerM_2016","Schirmer 2016",44,"balanced","Streptococcus",0.94,0.95,0.93,95,93,6451,TRUE,TRUE,TRUE,FALSE,TRUE,TRUE,TRUE,"ok","ok","",""
"SchirmerM_2016","Schirmer 2016",44,"fourfold","Agathobaculum",0.87,0.84,0.9,84,90,3391,TRUE,TRUE,TRUE,FALSE,TRUE,TRUE,TRUE,"ok","ok","",""
"SchirmerM_2016","Schirmer 2016",44,"fourfold","Akkermansia",0.465,0.42,0.51,42,51,11288,TRUE,TRUE,TRUE,FALSE,TRUE,TRUE,TRUE,"ok","ok","",""
"SchirmerM_2016","Schirmer 2016",44,"fourfold","Alistipes",0.955,0.93,0.98,93,98,27709,TRUE,TRUE,TRUE,FALSE,TRUE,TRUE,TRUE,"ok","ok","",""
"SchirmerM_2016","Schirmer 2016",44,"fourfold","Anaerobutyricum",0.985,0.98,0.99,98,99,19394,TRUE,TRUE,TRUE,FALSE,TRUE,TRUE,TRUE,"ok","ok","",""
"SchirmerM_2016","Schirmer 2016",44,"fourfold","Anaerostipes",0.995,1,0.99,100,99,21544,TRUE,TRUE,TRUE,FALSE,TRUE,TRUE,TRUE,"ok","ok","",""
"SchirmerM_2016","Schirmer 2016",44,"fourfold","Bacteroides",1,1,1,100,100,50862,TRUE,TRUE,FALSE,TRUE,TRUE,TRUE,TRUE,"no_observed_zeros","ok","",""
"SchirmerM_2016","Schirmer 2016",44,"fourfold","Barnesiella",0.8,0.79,0.81,79,81,6290,TRUE,TRUE,TRUE,FALSE,TRUE,TRUE,TRUE,"ok","ok","",""
"SchirmerM_2016","Schirmer 2016",44,"fourfold","Bifidobacterium",0.98,0.97,0.99,97,99,118790,TRUE,TRUE,TRUE,FALSE,TRUE,TRUE,TRUE,"ok","ok","",""
"SchirmerM_2016","Schirmer 2016",44,"fourfold","Blautia",1,1,1,100,100,18391,TRUE,TRUE,FALSE,TRUE,TRUE,TRUE,TRUE,"no_observed_zeros","ok","",""
"SchirmerM_2016","Schirmer 2016",44,"fourfold","Collinsella",0.945,0.91,0.98,91,98,36909,TRUE,TRUE,TRUE,FALSE,TRUE,TRUE,TRUE,"ok","ok","",""
"SchirmerM_2016","Schirmer 2016",44,"fourfold","Coprococcus",0.97,0.96,0.98,96,98,27848,TRUE,TRUE,TRUE,FALSE,TRUE,TRUE,TRUE,"ok","ok","",""
"SchirmerM_2016","Schirmer 2016",44,"fourfold","Dialister",0.53,0.54,0.52,54,52,6159,TRUE,TRUE,TRUE,FALSE,TRUE,TRUE,TRUE,"ok","ok","",""
"SchirmerM_2016","Schirmer 2016",44,"fourfold","Dorea",0.99,0.99,0.99,99,99,33535,TRUE,TRUE,TRUE,FALSE,TRUE,TRUE,TRUE,"ok","ok","",""
"SchirmerM_2016","Schirmer 2016",44,"fourfold","Eubacterium",0.975,0.97,0.98,97,98,15822,TRUE,TRUE,TRUE,FALSE,TRUE,TRUE,TRUE,"ok","ok","",""
"SchirmerM_2016","Schirmer 2016",44,"fourfold","Faecalibacterium",0.985,0.98,0.99,98,99,56830,TRUE,TRUE,TRUE,FALSE,TRUE,TRUE,TRUE,"ok","ok","",""
"SchirmerM_2016","Schirmer 2016",44,"fourfold","Firmicutes_unclassified",0.845,0.79,0.9,79,90,6189,TRUE,TRUE,TRUE,FALSE,TRUE,TRUE,TRUE,"ok","ok","",""
"SchirmerM_2016","Schirmer 2016",44,"fourfold","Fusicatenibacter",0.975,0.98,0.97,98,97,28736,TRUE,TRUE,TRUE,FALSE,TRUE,TRUE,TRUE,"ok","ok","",""
"SchirmerM_2016","Schirmer 2016",44,"fourfold","Lachnospira",0.82,0.7,0.94,70,94,10533,TRUE,TRUE,TRUE,FALSE,TRUE,TRUE,TRUE,"ok","ok","",""
"SchirmerM_2016","Schirmer 2016",44,"fourfold","Lachnospiraceae_unclassified",0.925,0.89,0.96,89,96,44039,TRUE,TRUE,TRUE,FALSE,TRUE,TRUE,TRUE,"ok","ok","",""
"SchirmerM_2016","Schirmer 2016",44,"fourfold","Mediterraneibacter",0.99,0.98,1,98,100,23256,TRUE,TRUE,TRUE,FALSE,TRUE,TRUE,TRUE,"ok","ok","",""
"SchirmerM_2016","Schirmer 2016",44,"fourfold","Methanobrevibacter",0.375,0.32,0.43,32,43,9706,TRUE,TRUE,TRUE,FALSE,TRUE,TRUE,TRUE,"ok","ok","",""
"SchirmerM_2016","Schirmer 2016",44,"fourfold","Oscillibacter",0.81,0.78,0.84,78,84,5010,TRUE,TRUE,TRUE,FALSE,TRUE,TRUE,TRUE,"ok","ok","",""
"SchirmerM_2016","Schirmer 2016",44,"fourfold","Parabacteroides",0.95,0.91,0.99,91,99,12661,TRUE,TRUE,TRUE,FALSE,TRUE,TRUE,TRUE,"ok","ok","",""
"SchirmerM_2016","Schirmer 2016",44,"fourfold","Phascolarctobacterium",0.475,0.42,0.53,42,53,3589,TRUE,TRUE,TRUE,FALSE,TRUE,TRUE,TRUE,"ok","ok","",""
"SchirmerM_2016","Schirmer 2016",44,"fourfold","Phocaeicola",1,1,1,100,100,39669,TRUE,TRUE,FALSE,TRUE,TRUE,TRUE,TRUE,"no_observed_zeros","ok","",""
"SchirmerM_2016","Schirmer 2016",44,"fourfold","Prevotella",0.5,0.46,0.54,46,54,49504,TRUE,TRUE,TRUE,FALSE,TRUE,TRUE,TRUE,"ok","ok","",""
"SchirmerM_2016","Schirmer 2016",44,"fourfold","Roseburia",0.985,0.98,0.99,98,99,42785,TRUE,TRUE,TRUE,FALSE,TRUE,TRUE,TRUE,"ok","ok","",""
"SchirmerM_2016","Schirmer 2016",44,"fourfold","Ruminococcaceae_unclassified",0.645,0.55,0.74,55,74,5307,TRUE,TRUE,TRUE,FALSE,TRUE,TRUE,TRUE,"ok","ok","",""
"SchirmerM_2016","Schirmer 2016",44,"fourfold","Ruminococcus",0.885,0.87,0.9,87,90,68339,TRUE,TRUE,TRUE,FALSE,TRUE,TRUE,TRUE,"ok","ok","",""
"SchirmerM_2016","Schirmer 2016",44,"fourfold","Streptococcus",0.875,0.81,0.94,81,94,6689,TRUE,TRUE,TRUE,FALSE,TRUE,TRUE,TRUE,"ok","ok","",""
"SchirmerM_2016","Schirmer 2016",45,"balanced","Agathobaculum",0.915,0.93,0.9,93,90,3973,TRUE,TRUE,TRUE,FALSE,TRUE,TRUE,TRUE,"ok","ok","",""
"SchirmerM_2016","Schirmer 2016",45,"balanced","Akkermansia",0.475,0.5,0.45,50,45,8474,TRUE,TRUE,TRUE,FALSE,TRUE,TRUE,TRUE,"ok","ok","",""
"SchirmerM_2016","Schirmer 2016",45,"balanced","Alistipes",0.955,0.98,0.93,98,93,30855,TRUE,TRUE,TRUE,FALSE,TRUE,TRUE,TRUE,"ok","ok","",""
"SchirmerM_2016","Schirmer 2016",45,"balanced","Anaerobutyricum",0.99,0.98,1,98,100,21820,TRUE,TRUE,TRUE,FALSE,TRUE,TRUE,TRUE,"ok","ok","",""
"SchirmerM_2016","Schirmer 2016",45,"balanced","Anaerostipes",0.995,0.99,1,99,100,25342,TRUE,TRUE,TRUE,FALSE,TRUE,TRUE,TRUE,"ok","ok","",""
"SchirmerM_2016","Schirmer 2016",45,"balanced","Bacteroides",0.995,1,0.99,100,99,59703,TRUE,TRUE,TRUE,FALSE,TRUE,TRUE,TRUE,"ok","ok","",""
"SchirmerM_2016","Schirmer 2016",45,"balanced","Barnesiella",0.83,0.84,0.82,84,82,7044,TRUE,TRUE,TRUE,FALSE,TRUE,TRUE,TRUE,"ok","ok","",""
"SchirmerM_2016","Schirmer 2016",45,"balanced","Bifidobacterium",0.985,0.98,0.99,98,99,132649,TRUE,TRUE,TRUE,FALSE,TRUE,TRUE,TRUE,"ok","ok","",""
"SchirmerM_2016","Schirmer 2016",45,"balanced","Blautia",1,1,1,100,100,23893,TRUE,TRUE,FALSE,TRUE,TRUE,TRUE,TRUE,"no_observed_zeros","ok","",""
"SchirmerM_2016","Schirmer 2016",45,"balanced","Collinsella",0.92,0.9,0.94,90,94,40859,TRUE,TRUE,TRUE,FALSE,TRUE,TRUE,TRUE,"ok","ok","",""
"SchirmerM_2016","Schirmer 2016",45,"balanced","Coprococcus",0.97,0.98,0.96,98,96,33508,TRUE,TRUE,TRUE,FALSE,TRUE,TRUE,TRUE,"ok","ok","",""
"SchirmerM_2016","Schirmer 2016",45,"balanced","Dialister",0.535,0.51,0.56,51,56,5197,TRUE,TRUE,TRUE,FALSE,TRUE,TRUE,TRUE,"ok","ok","",""
"SchirmerM_2016","Schirmer 2016",45,"balanced","Dorea",0.995,1,0.99,100,99,32897,TRUE,TRUE,TRUE,FALSE,TRUE,TRUE,TRUE,"ok","ok","",""
"SchirmerM_2016","Schirmer 2016",45,"balanced","Eubacterium",0.985,0.98,0.99,98,99,19463,TRUE,TRUE,TRUE,FALSE,TRUE,TRUE,TRUE,"ok","ok","",""
"SchirmerM_2016","Schirmer 2016",45,"balanced","Faecalibacterium",0.985,0.98,0.99,98,99,59070,TRUE,TRUE,TRUE,FALSE,TRUE,TRUE,TRUE,"ok","ok","",""
"SchirmerM_2016","Schirmer 2016",45,"balanced","Firmicutes_unclassified",0.85,0.85,0.85,85,85,4978,TRUE,TRUE,TRUE,FALSE,TRUE,TRUE,TRUE,"ok","ok","",""
"SchirmerM_2016","Schirmer 2016",45,"balanced","Fusicatenibacter",0.97,0.96,0.98,96,98,34292,TRUE,TRUE,TRUE,FALSE,TRUE,TRUE,TRUE,"ok","ok","",""
"SchirmerM_2016","Schirmer 2016",45,"balanced","Lachnospira",0.865,0.88,0.85,88,85,10744,TRUE,TRUE,TRUE,FALSE,TRUE,TRUE,TRUE,"ok","ok","",""
"SchirmerM_2016","Schirmer 2016",45,"balanced","Lachnospiraceae_unclassified",0.945,0.95,0.94,95,94,44930,TRUE,TRUE,TRUE,FALSE,TRUE,TRUE,TRUE,"ok","ok","",""
"SchirmerM_2016","Schirmer 2016",45,"balanced","Mediterraneibacter",0.99,0.99,0.99,99,99,26651,TRUE,TRUE,TRUE,FALSE,TRUE,TRUE,TRUE,"ok","ok","",""
"SchirmerM_2016","Schirmer 2016",45,"balanced","Methanobrevibacter",0.36,0.39,0.33,39,33,8441,TRUE,TRUE,TRUE,FALSE,TRUE,TRUE,TRUE,"ok","ok","",""
"SchirmerM_2016","Schirmer 2016",45,"balanced","Oscillibacter",0.835,0.87,0.8,87,80,4700,TRUE,TRUE,TRUE,FALSE,TRUE,TRUE,TRUE,"ok","ok","",""
"SchirmerM_2016","Schirmer 2016",45,"balanced","Parabacteroides",0.96,0.96,0.96,96,96,14276,TRUE,TRUE,TRUE,FALSE,TRUE,TRUE,TRUE,"ok","ok","",""
"SchirmerM_2016","Schirmer 2016",45,"balanced","Phascolarctobacterium",0.49,0.51,0.47,51,47,4118,TRUE,TRUE,TRUE,FALSE,TRUE,TRUE,TRUE,"ok","ok","",""
"SchirmerM_2016","Schirmer 2016",45,"balanced","Phocaeicola",1,1,1,100,100,45769,TRUE,TRUE,FALSE,TRUE,TRUE,TRUE,TRUE,"no_observed_zeros","ok","",""
"SchirmerM_2016","Schirmer 2016",45,"balanced","Prevotella",0.525,0.58,0.47,58,47,59293,TRUE,TRUE,TRUE,FALSE,TRUE,TRUE,TRUE,"ok","ok","",""
"SchirmerM_2016","Schirmer 2016",45,"balanced","Roseburia",0.99,1,0.98,100,98,45182,TRUE,TRUE,TRUE,FALSE,TRUE,TRUE,TRUE,"ok","ok","",""
"SchirmerM_2016","Schirmer 2016",45,"balanced","Ruminococcaceae_unclassified",0.67,0.71,0.63,71,63,5289,TRUE,TRUE,TRUE,FALSE,TRUE,TRUE,TRUE,"ok","ok","",""
"SchirmerM_2016","Schirmer 2016",45,"balanced","Ruminococcus",0.9,0.92,0.88,92,88,67869,TRUE,TRUE,TRUE,FALSE,TRUE,TRUE,TRUE,"ok","ok","",""
"SchirmerM_2016","Schirmer 2016",45,"balanced","Streptococcus",0.94,0.92,0.96,92,96,7948,TRUE,TRUE,TRUE,FALSE,TRUE,TRUE,TRUE,"ok","ok","",""
"SchirmerM_2016","Schirmer 2016",45,"fourfold","Agathobaculum",0.865,0.83,0.9,83,90,3693,TRUE,TRUE,TRUE,FALSE,TRUE,TRUE,TRUE,"ok","ok","",""
"SchirmerM_2016","Schirmer 2016",45,"fourfold","Akkermansia",0.44,0.41,0.47,41,47,7181,TRUE,TRUE,TRUE,FALSE,TRUE,TRUE,TRUE,"ok","ok","",""
"SchirmerM_2016","Schirmer 2016",45,"fourfold","Alistipes",0.945,0.95,0.94,95,94,27549,TRUE,TRUE,TRUE,FALSE,TRUE,TRUE,TRUE,"ok","ok","",""
"SchirmerM_2016","Schirmer 2016",45,"fourfold","Anaerobutyricum",0.985,0.97,1,97,100,21318,TRUE,TRUE,TRUE,FALSE,TRUE,TRUE,TRUE,"ok","ok","",""
"SchirmerM_2016","Schirmer 2016",45,"fourfold","Anaerostipes",0.995,0.99,1,99,100,23968,TRUE,TRUE,FALSE,TRUE,TRUE,TRUE,TRUE,"structural_absence_boundary_at_zero","ok","",""
"SchirmerM_2016","Schirmer 2016",45,"fourfold","Bacteroides",1,1,1,100,100,55307,TRUE,TRUE,FALSE,TRUE,TRUE,TRUE,TRUE,"no_observed_zeros","ok","",""
"SchirmerM_2016","Schirmer 2016",45,"fourfold","Barnesiella",0.785,0.75,0.82,75,82,6356,TRUE,TRUE,TRUE,FALSE,TRUE,TRUE,TRUE,"ok","ok","",""
"SchirmerM_2016","Schirmer 2016",45,"fourfold","Bifidobacterium",0.975,0.96,0.99,96,99,130709,TRUE,TRUE,TRUE,FALSE,TRUE,TRUE,TRUE,"ok","ok","",""
"SchirmerM_2016","Schirmer 2016",45,"fourfold","Blautia",0.995,0.99,1,99,100,20413,TRUE,TRUE,FALSE,TRUE,TRUE,TRUE,TRUE,"structural_absence_boundary_at_zero","ok","",""
"SchirmerM_2016","Schirmer 2016",45,"fourfold","Collinsella",0.925,0.9,0.95,90,95,38887,TRUE,TRUE,TRUE,FALSE,TRUE,TRUE,TRUE,"ok","ok","",""
"SchirmerM_2016","Schirmer 2016",45,"fourfold","Coprococcus",0.975,0.99,0.96,99,96,32632,TRUE,TRUE,TRUE,FALSE,TRUE,TRUE,TRUE,"ok","ok","",""
"SchirmerM_2016","Schirmer 2016",45,"fourfold","Dialister",0.52,0.48,0.56,48,56,4374,TRUE,TRUE,TRUE,FALSE,TRUE,TRUE,TRUE,"ok","ok","",""
"SchirmerM_2016","Schirmer 2016",45,"fourfold","Dorea",0.985,0.99,0.98,99,98,32528,TRUE,TRUE,TRUE,FALSE,TRUE,TRUE,TRUE,"ok","ok","",""
"SchirmerM_2016","Schirmer 2016",45,"fourfold","Eubacterium",0.97,0.96,0.98,96,98,16278,TRUE,TRUE,TRUE,FALSE,TRUE,TRUE,TRUE,"ok","ok","",""
"SchirmerM_2016","Schirmer 2016",45,"fourfold","Faecalibacterium",0.985,0.98,0.99,98,99,59057,TRUE,TRUE,TRUE,FALSE,TRUE,TRUE,TRUE,"ok","ok","",""
"SchirmerM_2016","Schirmer 2016",45,"fourfold","Firmicutes_unclassified",0.825,0.78,0.87,78,87,4756,TRUE,TRUE,TRUE,FALSE,TRUE,TRUE,TRUE,"ok","ok","",""
"SchirmerM_2016","Schirmer 2016",45,"fourfold","Fusicatenibacter",0.975,0.96,0.99,96,99,33336,TRUE,TRUE,TRUE,FALSE,TRUE,TRUE,TRUE,"ok","ok","",""
"SchirmerM_2016","Schirmer 2016",45,"fourfold","Lachnospira",0.855,0.82,0.89,82,89,10282,TRUE,TRUE,TRUE,FALSE,TRUE,TRUE,TRUE,"ok","ok","",""
"SchirmerM_2016","Schirmer 2016",45,"fourfold","Lachnospiraceae_unclassified",0.92,0.89,0.95,89,95,48726,TRUE,TRUE,TRUE,FALSE,TRUE,TRUE,TRUE,"ok","ok","",""
"SchirmerM_2016","Schirmer 2016",45,"fourfold","Mediterraneibacter",0.98,0.97,0.99,97,99,25805,TRUE,TRUE,TRUE,FALSE,TRUE,TRUE,TRUE,"ok","ok","",""
"SchirmerM_2016","Schirmer 2016",45,"fourfold","Methanobrevibacter",0.355,0.37,0.34,37,34,6789,TRUE,TRUE,TRUE,FALSE,TRUE,TRUE,TRUE,"ok","ok","",""
"SchirmerM_2016","Schirmer 2016",45,"fourfold","Oscillibacter",0.79,0.78,0.8,78,80,3944,TRUE,TRUE,TRUE,FALSE,TRUE,TRUE,TRUE,"ok","ok","",""
"SchirmerM_2016","Schirmer 2016",45,"fourfold","Parabacteroides",0.955,0.94,0.97,94,97,13495,TRUE,TRUE,TRUE,FALSE,TRUE,TRUE,TRUE,"ok","ok","",""
"SchirmerM_2016","Schirmer 2016",45,"fourfold","Phascolarctobacterium",0.485,0.47,0.5,47,50,3551,TRUE,TRUE,TRUE,FALSE,TRUE,TRUE,TRUE,"ok","ok","",""
"SchirmerM_2016","Schirmer 2016",45,"fourfold","Phocaeicola",0.995,0.99,1,99,100,43610,TRUE,TRUE,TRUE,FALSE,TRUE,TRUE,TRUE,"ok","ok","",""
"SchirmerM_2016","Schirmer 2016",45,"fourfold","Prevotella",0.495,0.54,0.45,54,45,41501,TRUE,TRUE,TRUE,FALSE,TRUE,TRUE,TRUE,"ok","ok","",""
"SchirmerM_2016","Schirmer 2016",45,"fourfold","Roseburia",0.99,1,0.98,100,98,41660,TRUE,TRUE,TRUE,FALSE,TRUE,TRUE,TRUE,"ok","ok","",""
"SchirmerM_2016","Schirmer 2016",45,"fourfold","Ruminococcaceae_unclassified",0.665,0.58,0.75,58,75,3698,TRUE,TRUE,TRUE,FALSE,TRUE,TRUE,TRUE,"ok","ok","",""
"SchirmerM_2016","Schirmer 2016",45,"fourfold","Ruminococcus",0.9,0.92,0.88,92,88,71053,TRUE,TRUE,TRUE,FALSE,TRUE,TRUE,TRUE,"ok","ok","",""
"SchirmerM_2016","Schirmer 2016",45,"fourfold","Streptococcus",0.855,0.78,0.93,78,93,7626,TRUE,TRUE,TRUE,FALSE,TRUE,TRUE,TRUE,"ok","ok","",""
"SchirmerM_2016","Schirmer 2016",46,"balanced","Agathobaculum",0.91,0.92,0.9,92,90,3695,TRUE,TRUE,TRUE,FALSE,TRUE,TRUE,TRUE,"ok","ok","",""
"SchirmerM_2016","Schirmer 2016",46,"balanced","Akkermansia",0.475,0.41,0.54,41,54,8112,TRUE,TRUE,TRUE,FALSE,TRUE,TRUE,TRUE,"ok","ok","",""
"SchirmerM_2016","Schirmer 2016",46,"balanced","Alistipes",0.95,0.96,0.94,96,94,27007,TRUE,TRUE,TRUE,FALSE,TRUE,TRUE,TRUE,"ok","ok","",""
"SchirmerM_2016","Schirmer 2016",46,"balanced","Anaerobutyricum",0.99,0.99,0.99,99,99,20571,TRUE,TRUE,TRUE,FALSE,TRUE,TRUE,TRUE,"ok","ok","",""
"SchirmerM_2016","Schirmer 2016",46,"balanced","Anaerostipes",0.995,1,0.99,100,99,23957,TRUE,TRUE,TRUE,FALSE,TRUE,TRUE,TRUE,"ok","ok","",""
"SchirmerM_2016","Schirmer 2016",46,"balanced","Bacteroides",1,1,1,100,100,55612,TRUE,TRUE,FALSE,TRUE,TRUE,TRUE,TRUE,"no_observed_zeros","ok","",""
"SchirmerM_2016","Schirmer 2016",46,"balanced","Barnesiella",0.81,0.82,0.8,82,80,6432,TRUE,TRUE,TRUE,FALSE,TRUE,TRUE,TRUE,"ok","ok","",""
"SchirmerM_2016","Schirmer 2016",46,"balanced","Bifidobacterium",0.98,0.97,0.99,97,99,124497,TRUE,TRUE,TRUE,FALSE,TRUE,TRUE,TRUE,"ok","ok","",""
"SchirmerM_2016","Schirmer 2016",46,"balanced","Blautia",1,1,1,100,100,21456,TRUE,TRUE,FALSE,TRUE,TRUE,TRUE,TRUE,"no_observed_zeros","ok","",""
"SchirmerM_2016","Schirmer 2016",46,"balanced","Collinsella",0.925,0.93,0.92,93,92,37258,TRUE,TRUE,TRUE,FALSE,TRUE,TRUE,TRUE,"ok","ok","",""
"SchirmerM_2016","Schirmer 2016",46,"balanced","Coprococcus",0.975,0.98,0.97,98,97,32121,TRUE,TRUE,TRUE,FALSE,TRUE,TRUE,TRUE,"ok","ok","",""
"SchirmerM_2016","Schirmer 2016",46,"balanced","Dialister",0.54,0.52,0.56,52,56,4788,TRUE,TRUE,TRUE,FALSE,TRUE,TRUE,TRUE,"ok","ok","",""
"SchirmerM_2016","Schirmer 2016",46,"balanced","Dorea",0.99,0.99,0.99,99,99,30481,TRUE,TRUE,TRUE,FALSE,TRUE,TRUE,TRUE,"ok","ok","",""
"SchirmerM_2016","Schirmer 2016",46,"balanced","Eubacterium",0.99,0.98,1,98,100,16545,TRUE,TRUE,TRUE,FALSE,TRUE,TRUE,TRUE,"ok","ok","",""
"SchirmerM_2016","Schirmer 2016",46,"balanced","Faecalibacterium",0.985,0.98,0.99,98,99,57425,TRUE,TRUE,TRUE,FALSE,TRUE,TRUE,TRUE,"ok","ok","",""
"SchirmerM_2016","Schirmer 2016",46,"balanced","Firmicutes_unclassified",0.86,0.86,0.86,86,86,4812,TRUE,TRUE,TRUE,FALSE,TRUE,TRUE,TRUE,"ok","ok","",""
"SchirmerM_2016","Schirmer 2016",46,"balanced","Fusicatenibacter",0.975,0.99,0.96,99,96,31982,TRUE,TRUE,TRUE,FALSE,TRUE,TRUE,TRUE,"ok","ok","",""
"SchirmerM_2016","Schirmer 2016",46,"balanced","Lachnospira",0.85,0.86,0.84,86,84,10401,TRUE,TRUE,TRUE,FALSE,TRUE,TRUE,TRUE,"ok","ok","",""
"SchirmerM_2016","Schirmer 2016",46,"balanced","Lachnospiraceae_unclassified",0.92,0.88,0.96,88,96,42728,TRUE,TRUE,TRUE,FALSE,TRUE,TRUE,TRUE,"ok","ok","",""
"SchirmerM_2016","Schirmer 2016",46,"balanced","Mediterraneibacter",0.99,0.99,0.99,99,99,24048,TRUE,TRUE,TRUE,FALSE,TRUE,TRUE,TRUE,"ok","ok","",""
"SchirmerM_2016","Schirmer 2016",46,"balanced","Methanobrevibacter",0.38,0.35,0.41,35,41,8311,TRUE,TRUE,TRUE,FALSE,TRUE,TRUE,TRUE,"ok","ok","",""
"SchirmerM_2016","Schirmer 2016",46,"balanced","Oscillibacter",0.82,0.8,0.84,80,84,4476,TRUE,TRUE,TRUE,FALSE,TRUE,TRUE,TRUE,"ok","ok","",""
"SchirmerM_2016","Schirmer 2016",46,"balanced","Parabacteroides",0.965,0.98,0.95,98,95,13493,TRUE,TRUE,TRUE,FALSE,TRUE,TRUE,TRUE,"ok","ok","",""
"SchirmerM_2016","Schirmer 2016",46,"balanced","Phascolarctobacterium",0.495,0.47,0.52,47,52,3720,TRUE,TRUE,TRUE,FALSE,TRUE,TRUE,TRUE,"ok","ok","",""
"SchirmerM_2016","Schirmer 2016",46,"balanced","Phocaeicola",1,1,1,100,100,44677,TRUE,TRUE,FALSE,TRUE,TRUE,TRUE,TRUE,"no_observed_zeros","ok","",""
"SchirmerM_2016","Schirmer 2016",46,"balanced","Prevotella",0.52,0.56,0.48,56,48,52408,TRUE,TRUE,TRUE,FALSE,TRUE,TRUE,TRUE,"ok","ok","",""
"SchirmerM_2016","Schirmer 2016",46,"balanced","Roseburia",0.99,0.98,1,98,100,44013,TRUE,TRUE,TRUE,FALSE,TRUE,TRUE,TRUE,"ok","ok","",""
"SchirmerM_2016","Schirmer 2016",46,"balanced","Ruminococcaceae_unclassified",0.705,0.73,0.68,73,68,6011,TRUE,TRUE,TRUE,FALSE,TRUE,TRUE,TRUE,"ok","ok","",""
"SchirmerM_2016","Schirmer 2016",46,"balanced","Ruminococcus",0.895,0.92,0.87,92,87,71391,TRUE,TRUE,TRUE,FALSE,TRUE,TRUE,TRUE,"ok","ok","",""
"SchirmerM_2016","Schirmer 2016",46,"balanced","Streptococcus",0.895,0.9,0.89,90,89,7642,TRUE,TRUE,TRUE,FALSE,TRUE,TRUE,TRUE,"ok","ok","",""
"SchirmerM_2016","Schirmer 2016",46,"fourfold","Agathobaculum",0.87,0.79,0.95,79,95,3592,TRUE,TRUE,TRUE,FALSE,TRUE,TRUE,TRUE,"ok","ok","",""
"SchirmerM_2016","Schirmer 2016",46,"fourfold","Akkermansia",0.47,0.38,0.56,38,56,8691,TRUE,TRUE,TRUE,FALSE,TRUE,TRUE,TRUE,"ok","ok","",""
"SchirmerM_2016","Schirmer 2016",46,"fourfold","Alistipes",0.935,0.92,0.95,92,95,26626,TRUE,TRUE,TRUE,FALSE,TRUE,TRUE,TRUE,"ok","ok","",""
"SchirmerM_2016","Schirmer 2016",46,"fourfold","Anaerobutyricum",0.99,0.99,0.99,99,99,19681,TRUE,TRUE,TRUE,FALSE,TRUE,TRUE,TRUE,"ok","ok","",""
"SchirmerM_2016","Schirmer 2016",46,"fourfold","Anaerostipes",0.995,1,0.99,100,99,22095,TRUE,TRUE,TRUE,FALSE,TRUE,TRUE,TRUE,"ok","ok","",""
"SchirmerM_2016","Schirmer 2016",46,"fourfold","Bacteroides",1,1,1,100,100,54958,TRUE,TRUE,FALSE,TRUE,TRUE,TRUE,TRUE,"no_observed_zeros","ok","",""
"SchirmerM_2016","Schirmer 2016",46,"fourfold","Barnesiella",0.8,0.8,0.8,80,80,6218,TRUE,TRUE,TRUE,FALSE,TRUE,TRUE,TRUE,"ok","ok","",""
"SchirmerM_2016","Schirmer 2016",46,"fourfold","Bifidobacterium",0.975,0.97,0.98,97,98,119613,TRUE,TRUE,TRUE,FALSE,TRUE,TRUE,TRUE,"ok","ok","",""
"SchirmerM_2016","Schirmer 2016",46,"fourfold","Blautia",0.995,0.99,1,99,100,20279,TRUE,TRUE,TRUE,FALSE,TRUE,TRUE,TRUE,"ok","ok","",""
"SchirmerM_2016","Schirmer 2016",46,"fourfold","Collinsella",0.935,0.92,0.95,92,95,37617,TRUE,TRUE,TRUE,FALSE,TRUE,TRUE,TRUE,"ok","ok","",""
"SchirmerM_2016","Schirmer 2016",46,"fourfold","Coprococcus",0.975,0.98,0.97,98,97,31670,TRUE,TRUE,TRUE,FALSE,TRUE,TRUE,TRUE,"ok","ok","",""
"SchirmerM_2016","Schirmer 2016",46,"fourfold","Dialister",0.52,0.5,0.54,50,54,4628,TRUE,TRUE,TRUE,FALSE,TRUE,TRUE,TRUE,"ok","ok","",""
"SchirmerM_2016","Schirmer 2016",46,"fourfold","Dorea",0.99,0.99,0.99,99,99,29274,TRUE,TRUE,TRUE,FALSE,TRUE,TRUE,TRUE,"ok","ok","",""
"SchirmerM_2016","Schirmer 2016",46,"fourfold","Eubacterium",0.985,0.97,1,97,100,15007,TRUE,TRUE,FALSE,TRUE,TRUE,TRUE,TRUE,"structural_absence_boundary_at_zero","ok","",""
"SchirmerM_2016","Schirmer 2016",46,"fourfold","Faecalibacterium",0.985,0.98,0.99,98,99,55913,TRUE,TRUE,TRUE,FALSE,TRUE,TRUE,TRUE,"ok","ok","",""
"SchirmerM_2016","Schirmer 2016",46,"fourfold","Firmicutes_unclassified",0.795,0.73,0.86,73,86,3877,TRUE,TRUE,TRUE,FALSE,TRUE,TRUE,TRUE,"ok","ok","",""
"SchirmerM_2016","Schirmer 2016",46,"fourfold","Fusicatenibacter",0.97,0.98,0.96,98,96,31748,TRUE,TRUE,TRUE,FALSE,TRUE,TRUE,TRUE,"ok","ok","",""
"SchirmerM_2016","Schirmer 2016",46,"fourfold","Lachnospira",0.85,0.84,0.86,84,86,8672,TRUE,TRUE,TRUE,FALSE,TRUE,TRUE,TRUE,"ok","ok","",""
"SchirmerM_2016","Schirmer 2016",46,"fourfold","Lachnospiraceae_unclassified",0.92,0.88,0.96,88,96,43599,TRUE,TRUE,TRUE,FALSE,TRUE,TRUE,TRUE,"ok","ok","",""
"SchirmerM_2016","Schirmer 2016",46,"fourfold","Mediterraneibacter",0.98,0.97,0.99,97,99,24215,TRUE,TRUE,TRUE,FALSE,TRUE,TRUE,TRUE,"ok","ok","",""
"SchirmerM_2016","Schirmer 2016",46,"fourfold","Methanobrevibacter",0.375,0.34,0.41,34,41,7543,TRUE,TRUE,TRUE,FALSE,TRUE,TRUE,TRUE,"ok","ok","",""
"SchirmerM_2016","Schirmer 2016",46,"fourfold","Oscillibacter",0.8,0.76,0.84,76,84,4543,TRUE,TRUE,TRUE,FALSE,TRUE,TRUE,TRUE,"ok","ok","",""
"SchirmerM_2016","Schirmer 2016",46,"fourfold","Parabacteroides",0.96,0.97,0.95,97,95,12460,TRUE,TRUE,TRUE,FALSE,TRUE,TRUE,TRUE,"ok","ok","",""
"SchirmerM_2016","Schirmer 2016",46,"fourfold","Phascolarctobacterium",0.47,0.42,0.52,42,52,4181,TRUE,TRUE,TRUE,FALSE,TRUE,TRUE,TRUE,"ok","ok","",""
"SchirmerM_2016","Schirmer 2016",46,"fourfold","Phocaeicola",1,1,1,100,100,40253,TRUE,TRUE,FALSE,TRUE,TRUE,TRUE,TRUE,"no_observed_zeros","ok","",""
"SchirmerM_2016","Schirmer 2016",46,"fourfold","Prevotella",0.49,0.5,0.48,50,48,46070,TRUE,TRUE,TRUE,FALSE,TRUE,TRUE,TRUE,"ok","ok","",""
"SchirmerM_2016","Schirmer 2016",46,"fourfold","Roseburia",0.985,0.97,1,97,100,41642,TRUE,TRUE,TRUE,FALSE,TRUE,TRUE,TRUE,"ok","ok","",""
"SchirmerM_2016","Schirmer 2016",46,"fourfold","Ruminococcaceae_unclassified",0.65,0.61,0.69,61,69,4860,TRUE,TRUE,TRUE,FALSE,TRUE,TRUE,TRUE,"ok","ok","",""
"SchirmerM_2016","Schirmer 2016",46,"fourfold","Ruminococcus",0.9,0.91,0.89,91,89,62985,TRUE,TRUE,TRUE,FALSE,TRUE,TRUE,TRUE,"ok","ok","",""
"SchirmerM_2016","Schirmer 2016",46,"fourfold","Streptococcus",0.88,0.79,0.97,79,97,7433,TRUE,TRUE,TRUE,FALSE,TRUE,TRUE,TRUE,"ok","ok","",""
"SchirmerM_2016","Schirmer 2016",47,"balanced","Agathobaculum",0.89,0.89,0.89,89,89,3740,TRUE,TRUE,TRUE,FALSE,TRUE,TRUE,TRUE,"ok","ok","",""
"SchirmerM_2016","Schirmer 2016",47,"balanced","Akkermansia",0.46,0.45,0.47,45,47,8277,TRUE,TRUE,TRUE,FALSE,TRUE,TRUE,TRUE,"ok","ok","",""
"SchirmerM_2016","Schirmer 2016",47,"balanced","Alistipes",0.955,0.95,0.96,95,96,27840,TRUE,TRUE,TRUE,FALSE,TRUE,TRUE,TRUE,"ok","ok","",""
"SchirmerM_2016","Schirmer 2016",47,"balanced","Anaerobutyricum",0.99,1,0.98,100,98,20190,TRUE,TRUE,TRUE,FALSE,TRUE,TRUE,TRUE,"ok","ok","",""
"SchirmerM_2016","Schirmer 2016",47,"balanced","Anaerostipes",0.995,1,0.99,100,99,24011,TRUE,TRUE,TRUE,FALSE,TRUE,TRUE,TRUE,"ok","ok","",""
"SchirmerM_2016","Schirmer 2016",47,"balanced","Bacteroides",1,1,1,100,100,53320,TRUE,TRUE,FALSE,TRUE,TRUE,TRUE,TRUE,"no_observed_zeros","ok","",""
"SchirmerM_2016","Schirmer 2016",47,"balanced","Barnesiella",0.82,0.85,0.79,85,79,6391,TRUE,TRUE,TRUE,FALSE,TRUE,TRUE,TRUE,"ok","ok","",""
"SchirmerM_2016","Schirmer 2016",47,"balanced","Bifidobacterium",0.985,0.98,0.99,98,99,122745,TRUE,TRUE,TRUE,FALSE,TRUE,TRUE,TRUE,"ok","ok","",""
"SchirmerM_2016","Schirmer 2016",47,"balanced","Blautia",1,1,1,100,100,20929,TRUE,TRUE,FALSE,TRUE,TRUE,TRUE,TRUE,"no_observed_zeros","ok","",""
"SchirmerM_2016","Schirmer 2016",47,"balanced","Collinsella",0.92,0.92,0.92,92,92,39148,TRUE,TRUE,TRUE,FALSE,TRUE,TRUE,TRUE,"ok","ok","",""
"SchirmerM_2016","Schirmer 2016",47,"balanced","Coprococcus",0.975,0.97,0.98,97,98,30778,TRUE,TRUE,TRUE,FALSE,TRUE,TRUE,TRUE,"ok","ok","",""
"SchirmerM_2016","Schirmer 2016",47,"balanced","Dialister",0.525,0.48,0.57,48,57,4995,TRUE,TRUE,TRUE,FALSE,TRUE,TRUE,TRUE,"ok","ok","",""
"SchirmerM_2016","Schirmer 2016",47,"balanced","Dorea",0.99,0.99,0.99,99,99,31885,TRUE,TRUE,TRUE,FALSE,TRUE,TRUE,TRUE,"ok","ok","",""
"SchirmerM_2016","Schirmer 2016",47,"balanced","Eubacterium",0.985,0.99,0.98,99,98,16093,TRUE,TRUE,TRUE,FALSE,TRUE,TRUE,TRUE,"ok","ok","",""
"SchirmerM_2016","Schirmer 2016",47,"balanced","Faecalibacterium",0.985,0.98,0.99,98,99,56733,TRUE,TRUE,TRUE,FALSE,TRUE,TRUE,TRUE,"ok","ok","",""
"SchirmerM_2016","Schirmer 2016",47,"balanced","Firmicutes_unclassified",0.84,0.82,0.86,82,86,4938,TRUE,TRUE,TRUE,FALSE,TRUE,TRUE,TRUE,"ok","ok","",""
"SchirmerM_2016","Schirmer 2016",47,"balanced","Fusicatenibacter",0.97,0.98,0.96,98,96,31629,TRUE,TRUE,TRUE,FALSE,TRUE,TRUE,TRUE,"ok","ok","",""
"SchirmerM_2016","Schirmer 2016",47,"balanced","Lachnospira",0.86,0.86,0.86,86,86,10233,TRUE,TRUE,TRUE,FALSE,TRUE,TRUE,TRUE,"ok","ok","",""
"SchirmerM_2016","Schirmer 2016",47,"balanced","Lachnospiraceae_unclassified",0.935,0.94,0.93,94,93,42686,TRUE,TRUE,TRUE,FALSE,TRUE,TRUE,TRUE,"ok","ok","",""
"SchirmerM_2016","Schirmer 2016",47,"balanced","Mediterraneibacter",0.99,1,0.98,100,98,25453,TRUE,TRUE,TRUE,FALSE,TRUE,TRUE,TRUE,"ok","ok","",""
"SchirmerM_2016","Schirmer 2016",47,"balanced","Methanobrevibacter",0.38,0.4,0.36,40,36,7833,TRUE,TRUE,TRUE,FALSE,TRUE,TRUE,TRUE,"ok","ok","",""
"SchirmerM_2016","Schirmer 2016",47,"balanced","Oscillibacter",0.805,0.82,0.79,82,79,4688,TRUE,TRUE,TRUE,FALSE,TRUE,TRUE,TRUE,"ok","ok","",""
"SchirmerM_2016","Schirmer 2016",47,"balanced","Parabacteroides",0.96,0.95,0.97,95,97,13147,TRUE,TRUE,TRUE,FALSE,TRUE,TRUE,TRUE,"ok","ok","",""
"SchirmerM_2016","Schirmer 2016",47,"balanced","Phascolarctobacterium",0.5,0.52,0.48,52,48,3985,TRUE,TRUE,TRUE,FALSE,TRUE,TRUE,TRUE,"ok","ok","",""
"SchirmerM_2016","Schirmer 2016",47,"balanced","Phocaeicola",1,1,1,100,100,41499,TRUE,TRUE,FALSE,TRUE,TRUE,TRUE,TRUE,"no_observed_zeros","ok","",""
"SchirmerM_2016","Schirmer 2016",47,"balanced","Prevotella",0.505,0.5,0.51,50,51,55622,TRUE,TRUE,TRUE,FALSE,TRUE,TRUE,TRUE,"ok","ok","",""
"SchirmerM_2016","Schirmer 2016",47,"balanced","Roseburia",0.995,0.99,1,99,100,43042,TRUE,TRUE,TRUE,FALSE,TRUE,TRUE,TRUE,"ok","ok","",""
"SchirmerM_2016","Schirmer 2016",47,"balanced","Ruminococcaceae_unclassified",0.7,0.7,0.7,70,70,5698,TRUE,TRUE,TRUE,FALSE,TRUE,TRUE,TRUE,"ok","ok","",""
"SchirmerM_2016","Schirmer 2016",47,"balanced","Ruminococcus",0.89,0.92,0.86,92,86,68546,TRUE,TRUE,TRUE,FALSE,TRUE,TRUE,TRUE,"ok","ok","",""
"SchirmerM_2016","Schirmer 2016",47,"balanced","Streptococcus",0.92,0.93,0.91,93,91,7298,TRUE,TRUE,TRUE,FALSE,TRUE,TRUE,TRUE,"ok","ok","",""
"SchirmerM_2016","Schirmer 2016",47,"fourfold","Agathobaculum",0.88,0.83,0.93,83,93,3520,TRUE,TRUE,TRUE,FALSE,TRUE,TRUE,TRUE,"ok","ok","",""
"SchirmerM_2016","Schirmer 2016",47,"fourfold","Akkermansia",0.45,0.43,0.47,43,47,9789,TRUE,TRUE,TRUE,FALSE,TRUE,TRUE,TRUE,"ok","ok","",""
"SchirmerM_2016","Schirmer 2016",47,"fourfold","Alistipes",0.935,0.92,0.95,92,95,25689,TRUE,TRUE,TRUE,FALSE,TRUE,TRUE,TRUE,"ok","ok","",""
"SchirmerM_2016","Schirmer 2016",47,"fourfold","Anaerobutyricum",0.985,0.99,0.98,99,98,19288,TRUE,TRUE,TRUE,FALSE,TRUE,TRUE,TRUE,"ok","ok","",""
"SchirmerM_2016","Schirmer 2016",47,"fourfold","Anaerostipes",0.99,0.99,0.99,99,99,24865,TRUE,TRUE,TRUE,FALSE,TRUE,TRUE,TRUE,"ok","ok","",""
"SchirmerM_2016","Schirmer 2016",47,"fourfold","Bacteroides",1,1,1,100,100,51909,TRUE,TRUE,FALSE,TRUE,TRUE,TRUE,TRUE,"no_observed_zeros","ok","",""
"SchirmerM_2016","Schirmer 2016",47,"fourfold","Barnesiella",0.815,0.83,0.8,83,80,5840,TRUE,TRUE,TRUE,FALSE,TRUE,TRUE,TRUE,"ok","ok","",""
"SchirmerM_2016","Schirmer 2016",47,"fourfold","Bifidobacterium",0.975,0.96,0.99,96,99,115373,TRUE,TRUE,TRUE,FALSE,TRUE,TRUE,TRUE,"ok","ok","",""
"SchirmerM_2016","Schirmer 2016",47,"fourfold","Blautia",0.995,0.99,1,99,100,22010,TRUE,TRUE,FALSE,TRUE,TRUE,TRUE,TRUE,"structural_absence_boundary_at_zero","ok","",""
"SchirmerM_2016","Schirmer 2016",47,"fourfold","Collinsella",0.94,0.94,0.94,94,94,33826,TRUE,TRUE,TRUE,FALSE,TRUE,TRUE,TRUE,"ok","ok","",""
"SchirmerM_2016","Schirmer 2016",47,"fourfold","Coprococcus",0.975,0.97,0.98,97,98,28465,TRUE,TRUE,TRUE,FALSE,TRUE,TRUE,TRUE,"ok","ok","",""
"SchirmerM_2016","Schirmer 2016",47,"fourfold","Dialister",0.51,0.43,0.59,43,59,5600,TRUE,TRUE,TRUE,FALSE,TRUE,TRUE,TRUE,"ok","ok","",""
"SchirmerM_2016","Schirmer 2016",47,"fourfold","Dorea",0.99,0.99,0.99,99,99,30012,TRUE,TRUE,TRUE,FALSE,TRUE,TRUE,TRUE,"ok","ok","",""
"SchirmerM_2016","Schirmer 2016",47,"fourfold","Eubacterium",0.97,0.96,0.98,96,98,15165,TRUE,TRUE,TRUE,FALSE,TRUE,TRUE,TRUE,"ok","ok","",""
"SchirmerM_2016","Schirmer 2016",47,"fourfold","Faecalibacterium",0.985,0.98,0.99,98,99,57886,TRUE,TRUE,TRUE,FALSE,TRUE,TRUE,TRUE,"ok","ok","",""
"SchirmerM_2016","Schirmer 2016",47,"fourfold","Firmicutes_unclassified",0.8,0.72,0.88,72,88,4441,TRUE,TRUE,TRUE,FALSE,TRUE,TRUE,TRUE,"ok","ok","",""
"SchirmerM_2016","Schirmer 2016",47,"fourfold","Fusicatenibacter",0.975,0.98,0.97,98,97,29655,TRUE,TRUE,TRUE,FALSE,TRUE,TRUE,TRUE,"ok","ok","",""
"SchirmerM_2016","Schirmer 2016",47,"fourfold","Lachnospira",0.835,0.8,0.87,80,87,9776,TRUE,TRUE,TRUE,FALSE,TRUE,TRUE,TRUE,"ok","ok","",""
"SchirmerM_2016","Schirmer 2016",47,"fourfold","Lachnospiraceae_unclassified",0.92,0.9,0.94,90,94,43853,TRUE,TRUE,TRUE,FALSE,TRUE,TRUE,TRUE,"ok","ok","",""
"SchirmerM_2016","Schirmer 2016",47,"fourfold","Mediterraneibacter",0.995,1,0.99,100,99,23333,TRUE,TRUE,TRUE,FALSE,TRUE,TRUE,TRUE,"ok","ok","",""
"SchirmerM_2016","Schirmer 2016",47,"fourfold","Methanobrevibacter",0.37,0.38,0.36,38,36,7146,TRUE,TRUE,TRUE,FALSE,TRUE,TRUE,TRUE,"ok","ok","",""
"SchirmerM_2016","Schirmer 2016",47,"fourfold","Oscillibacter",0.8,0.78,0.82,78,82,4660,TRUE,TRUE,TRUE,FALSE,TRUE,TRUE,TRUE,"ok","ok","",""
"SchirmerM_2016","Schirmer 2016",47,"fourfold","Parabacteroides",0.945,0.93,0.96,93,96,13097,TRUE,TRUE,TRUE,FALSE,TRUE,TRUE,TRUE,"ok","ok","",""
"SchirmerM_2016","Schirmer 2016",47,"fourfold","Phascolarctobacterium",0.505,0.49,0.52,49,52,3300,TRUE,TRUE,TRUE,FALSE,TRUE,TRUE,TRUE,"ok","ok","",""
"SchirmerM_2016","Schirmer 2016",47,"fourfold","Phocaeicola",0.995,0.99,1,99,100,35661,TRUE,TRUE,TRUE,FALSE,TRUE,TRUE,TRUE,"ok","ok","",""
"SchirmerM_2016","Schirmer 2016",47,"fourfold","Prevotella",0.51,0.5,0.52,50,52,49863,TRUE,TRUE,TRUE,FALSE,TRUE,TRUE,TRUE,"ok","ok","",""
"SchirmerM_2016","Schirmer 2016",47,"fourfold","Roseburia",0.98,0.96,1,96,100,41991,TRUE,TRUE,TRUE,FALSE,TRUE,TRUE,TRUE,"ok","ok","",""
"SchirmerM_2016","Schirmer 2016",47,"fourfold","Ruminococcaceae_unclassified",0.67,0.57,0.77,57,77,4254,TRUE,TRUE,TRUE,FALSE,TRUE,TRUE,TRUE,"ok","ok","",""
"SchirmerM_2016","Schirmer 2016",47,"fourfold","Ruminococcus",0.895,0.91,0.88,91,88,70201,TRUE,TRUE,TRUE,FALSE,TRUE,TRUE,TRUE,"ok","ok","",""
"SchirmerM_2016","Schirmer 2016",47,"fourfold","Streptococcus",0.915,0.9,0.93,90,93,6928,TRUE,TRUE,TRUE,FALSE,TRUE,TRUE,TRUE,"ok","ok","",""
"SchirmerM_2016","Schirmer 2016",48,"balanced","Agathobaculum",0.915,0.9,0.93,90,93,3552,TRUE,TRUE,TRUE,FALSE,TRUE,TRUE,TRUE,"ok","ok","",""
"SchirmerM_2016","Schirmer 2016",48,"balanced","Akkermansia",0.475,0.47,0.48,47,48,9968,TRUE,TRUE,TRUE,FALSE,TRUE,TRUE,TRUE,"ok","ok","",""
"SchirmerM_2016","Schirmer 2016",48,"balanced","Alistipes",0.96,0.94,0.98,94,98,28547,TRUE,TRUE,TRUE,FALSE,TRUE,TRUE,TRUE,"ok","ok","",""
"SchirmerM_2016","Schirmer 2016",48,"balanced","Anaerobutyricum",0.985,0.98,0.99,98,99,20250,TRUE,TRUE,TRUE,FALSE,TRUE,TRUE,TRUE,"ok","ok","",""
"SchirmerM_2016","Schirmer 2016",48,"balanced","Anaerostipes",0.995,1,0.99,100,99,23709,TRUE,TRUE,TRUE,FALSE,TRUE,TRUE,TRUE,"ok","ok","",""
"SchirmerM_2016","Schirmer 2016",48,"balanced","Bacteroides",1,1,1,100,100,55133,TRUE,TRUE,FALSE,TRUE,TRUE,TRUE,TRUE,"no_observed_zeros","ok","",""
"SchirmerM_2016","Schirmer 2016",48,"balanced","Barnesiella",0.805,0.75,0.86,75,86,7116,TRUE,TRUE,TRUE,FALSE,TRUE,TRUE,TRUE,"ok","ok","",""
"SchirmerM_2016","Schirmer 2016",48,"balanced","Bifidobacterium",0.98,0.98,0.98,98,98,131112,TRUE,TRUE,TRUE,FALSE,TRUE,TRUE,TRUE,"ok","ok","",""
"SchirmerM_2016","Schirmer 2016",48,"balanced","Blautia",1,1,1,100,100,20867,TRUE,TRUE,FALSE,TRUE,TRUE,TRUE,TRUE,"no_observed_zeros","ok","",""
"SchirmerM_2016","Schirmer 2016",48,"balanced","Collinsella",0.945,0.96,0.93,96,93,39258,TRUE,TRUE,TRUE,FALSE,TRUE,TRUE,TRUE,"ok","ok","",""
"SchirmerM_2016","Schirmer 2016",48,"balanced","Coprococcus",0.975,0.98,0.97,98,97,31011,TRUE,TRUE,TRUE,FALSE,TRUE,TRUE,TRUE,"ok","ok","",""
"SchirmerM_2016","Schirmer 2016",48,"balanced","Dialister",0.535,0.53,0.54,53,54,4267,TRUE,TRUE,TRUE,FALSE,TRUE,TRUE,TRUE,"ok","ok","",""
"SchirmerM_2016","Schirmer 2016",48,"balanced","Dorea",0.99,0.98,1,98,100,32328,TRUE,TRUE,TRUE,FALSE,TRUE,TRUE,TRUE,"ok","ok","",""
"SchirmerM_2016","Schirmer 2016",48,"balanced","Eubacterium",0.99,0.99,0.99,99,99,16166,TRUE,TRUE,FALSE,TRUE,TRUE,TRUE,TRUE,"structural_absence_boundary_at_zero","ok","",""
"SchirmerM_2016","Schirmer 2016",48,"balanced","Faecalibacterium",0.985,0.98,0.99,98,99,58322,TRUE,TRUE,TRUE,FALSE,TRUE,TRUE,TRUE,"ok","ok","",""
"SchirmerM_2016","Schirmer 2016",48,"balanced","Firmicutes_unclassified",0.865,0.86,0.87,86,87,4818,TRUE,TRUE,TRUE,FALSE,TRUE,TRUE,TRUE,"ok","ok","",""
"SchirmerM_2016","Schirmer 2016",48,"balanced","Fusicatenibacter",0.98,0.98,0.98,98,98,31756,TRUE,TRUE,TRUE,FALSE,TRUE,TRUE,TRUE,"ok","ok","",""
"SchirmerM_2016","Schirmer 2016",48,"balanced","Lachnospira",0.855,0.85,0.86,85,86,10631,TRUE,TRUE,TRUE,FALSE,TRUE,TRUE,TRUE,"ok","ok","",""
"SchirmerM_2016","Schirmer 2016",48,"balanced","Lachnospiraceae_unclassified",0.94,0.94,0.94,94,94,44542,TRUE,TRUE,TRUE,FALSE,TRUE,TRUE,TRUE,"ok","ok","",""
"SchirmerM_2016","Schirmer 2016",48,"balanced","Mediterraneibacter",0.98,0.96,1,96,100,24055,TRUE,TRUE,TRUE,FALSE,TRUE,TRUE,TRUE,"ok","ok","",""
"SchirmerM_2016","Schirmer 2016",48,"balanced","Methanobrevibacter",0.38,0.41,0.35,41,35,8910,TRUE,TRUE,TRUE,FALSE,TRUE,TRUE,TRUE,"ok","ok","",""
"SchirmerM_2016","Schirmer 2016",48,"balanced","Oscillibacter",0.82,0.85,0.79,85,79,4213,TRUE,TRUE,TRUE,FALSE,TRUE,TRUE,TRUE,"ok","ok","",""
"SchirmerM_2016","Schirmer 2016",48,"balanced","Parabacteroides",0.955,0.93,0.98,93,98,13698,TRUE,TRUE,TRUE,FALSE,TRUE,TRUE,TRUE,"ok","ok","",""
"SchirmerM_2016","Schirmer 2016",48,"balanced","Phascolarctobacterium",0.48,0.44,0.52,44,52,4175,TRUE,TRUE,TRUE,FALSE,TRUE,TRUE,TRUE,"ok","ok","",""
"SchirmerM_2016","Schirmer 2016",48,"balanced","Phocaeicola",1,1,1,100,100,42184,TRUE,TRUE,FALSE,TRUE,TRUE,TRUE,TRUE,"no_observed_zeros","ok","",""
"SchirmerM_2016","Schirmer 2016",48,"balanced","Prevotella",0.505,0.45,0.56,45,56,55303,TRUE,TRUE,TRUE,FALSE,TRUE,TRUE,TRUE,"ok","ok","",""
"SchirmerM_2016","Schirmer 2016",48,"balanced","Roseburia",0.99,0.98,1,98,100,42783,TRUE,TRUE,TRUE,FALSE,TRUE,TRUE,TRUE,"ok","ok","",""
"SchirmerM_2016","Schirmer 2016",48,"balanced","Ruminococcaceae_unclassified",0.68,0.65,0.71,65,71,6058,TRUE,TRUE,TRUE,FALSE,TRUE,TRUE,TRUE,"ok","ok","",""
"SchirmerM_2016","Schirmer 2016",48,"balanced","Ruminococcus",0.895,0.92,0.87,92,87,68979,TRUE,TRUE,TRUE,FALSE,TRUE,TRUE,TRUE,"ok","ok","",""
"SchirmerM_2016","Schirmer 2016",48,"balanced","Streptococcus",0.915,0.88,0.95,88,95,7071,TRUE,TRUE,TRUE,FALSE,TRUE,TRUE,TRUE,"ok","ok","",""
"SchirmerM_2016","Schirmer 2016",48,"fourfold","Agathobaculum",0.86,0.8,0.92,80,92,3793,TRUE,TRUE,TRUE,FALSE,TRUE,TRUE,TRUE,"ok","ok","",""
"SchirmerM_2016","Schirmer 2016",48,"fourfold","Akkermansia",0.455,0.43,0.48,43,48,7160,TRUE,TRUE,TRUE,FALSE,TRUE,TRUE,TRUE,"ok","ok","",""
"SchirmerM_2016","Schirmer 2016",48,"fourfold","Alistipes",0.94,0.89,0.99,89,99,27913,TRUE,TRUE,TRUE,FALSE,TRUE,TRUE,TRUE,"ok","ok","",""
"SchirmerM_2016","Schirmer 2016",48,"fourfold","Anaerobutyricum",0.985,0.97,1,97,100,18811,TRUE,TRUE,TRUE,FALSE,TRUE,TRUE,TRUE,"ok","ok","",""
"SchirmerM_2016","Schirmer 2016",48,"fourfold","Anaerostipes",0.995,1,0.99,100,99,21942,TRUE,TRUE,TRUE,FALSE,TRUE,TRUE,TRUE,"ok","ok","",""
"SchirmerM_2016","Schirmer 2016",48,"fourfold","Bacteroides",0.995,0.99,1,99,100,54093,TRUE,TRUE,TRUE,FALSE,TRUE,TRUE,TRUE,"ok","ok","",""
"SchirmerM_2016","Schirmer 2016",48,"fourfold","Barnesiella",0.8,0.74,0.86,74,86,6600,TRUE,TRUE,TRUE,FALSE,TRUE,TRUE,TRUE,"ok","ok","",""
"SchirmerM_2016","Schirmer 2016",48,"fourfold","Bifidobacterium",0.98,0.97,0.99,97,99,115128,TRUE,TRUE,TRUE,FALSE,TRUE,TRUE,TRUE,"ok","ok","",""
"SchirmerM_2016","Schirmer 2016",48,"fourfold","Blautia",1,1,1,100,100,20547,TRUE,TRUE,FALSE,TRUE,TRUE,TRUE,TRUE,"no_observed_zeros","ok","",""
"SchirmerM_2016","Schirmer 2016",48,"fourfold","Collinsella",0.92,0.93,0.91,93,91,33060,TRUE,TRUE,TRUE,FALSE,TRUE,TRUE,TRUE,"ok","ok","",""
"SchirmerM_2016","Schirmer 2016",48,"fourfold","Coprococcus",0.975,0.98,0.97,98,97,31805,TRUE,TRUE,TRUE,FALSE,TRUE,TRUE,TRUE,"ok","ok","",""
"SchirmerM_2016","Schirmer 2016",48,"fourfold","Dialister",0.51,0.45,0.57,45,57,5225,TRUE,TRUE,TRUE,FALSE,TRUE,TRUE,TRUE,"ok","ok","",""
"SchirmerM_2016","Schirmer 2016",48,"fourfold","Dorea",0.99,0.98,1,98,100,29385,TRUE,TRUE,TRUE,FALSE,TRUE,TRUE,TRUE,"ok","ok","",""
"SchirmerM_2016","Schirmer 2016",48,"fourfold","Eubacterium",0.97,0.96,0.98,96,98,14986,TRUE,TRUE,TRUE,FALSE,TRUE,TRUE,TRUE,"ok","ok","",""
"SchirmerM_2016","Schirmer 2016",48,"fourfold","Faecalibacterium",0.985,0.98,0.99,98,99,54946,TRUE,TRUE,TRUE,FALSE,TRUE,TRUE,TRUE,"ok","ok","",""
"SchirmerM_2016","Schirmer 2016",48,"fourfold","Firmicutes_unclassified",0.8,0.74,0.86,74,86,5436,TRUE,TRUE,TRUE,FALSE,TRUE,TRUE,TRUE,"ok","ok","",""
"SchirmerM_2016","Schirmer 2016",48,"fourfold","Fusicatenibacter",0.975,0.97,0.98,97,98,29739,TRUE,TRUE,TRUE,FALSE,TRUE,TRUE,TRUE,"ok","ok","",""
"SchirmerM_2016","Schirmer 2016",48,"fourfold","Lachnospira",0.85,0.81,0.89,81,89,9014,TRUE,TRUE,TRUE,FALSE,TRUE,TRUE,TRUE,"ok","ok","",""
"SchirmerM_2016","Schirmer 2016",48,"fourfold","Lachnospiraceae_unclassified",0.92,0.89,0.95,89,95,38727,TRUE,TRUE,TRUE,FALSE,TRUE,TRUE,TRUE,"ok","ok","",""
"SchirmerM_2016","Schirmer 2016",48,"fourfold","Mediterraneibacter",0.985,0.97,1,97,100,22797,TRUE,TRUE,TRUE,FALSE,TRUE,TRUE,TRUE,"ok","ok","",""
"SchirmerM_2016","Schirmer 2016",48,"fourfold","Methanobrevibacter",0.385,0.4,0.37,40,37,8183,TRUE,TRUE,TRUE,FALSE,TRUE,TRUE,TRUE,"ok","ok","",""
"SchirmerM_2016","Schirmer 2016",48,"fourfold","Oscillibacter",0.795,0.8,0.79,80,79,4437,TRUE,TRUE,TRUE,FALSE,TRUE,TRUE,TRUE,"ok","ok","",""
"SchirmerM_2016","Schirmer 2016",48,"fourfold","Parabacteroides",0.95,0.92,0.98,92,98,13194,TRUE,TRUE,TRUE,FALSE,TRUE,TRUE,TRUE,"ok","ok","",""
"SchirmerM_2016","Schirmer 2016",48,"fourfold","Phascolarctobacterium",0.485,0.44,0.53,44,53,3810,TRUE,TRUE,TRUE,FALSE,TRUE,TRUE,TRUE,"ok","ok","",""
"SchirmerM_2016","Schirmer 2016",48,"fourfold","Phocaeicola",0.995,0.99,1,99,100,38271,TRUE,TRUE,TRUE,FALSE,TRUE,TRUE,TRUE,"ok","ok","",""
"SchirmerM_2016","Schirmer 2016",48,"fourfold","Prevotella",0.515,0.44,0.59,44,59,53501,TRUE,TRUE,TRUE,FALSE,TRUE,TRUE,TRUE,"ok","ok","",""
"SchirmerM_2016","Schirmer 2016",48,"fourfold","Roseburia",0.99,0.98,1,98,100,39564,TRUE,TRUE,TRUE,FALSE,TRUE,TRUE,TRUE,"ok","ok","",""
"SchirmerM_2016","Schirmer 2016",48,"fourfold","Ruminococcaceae_unclassified",0.655,0.55,0.76,55,76,4549,TRUE,TRUE,TRUE,FALSE,TRUE,TRUE,TRUE,"ok","ok","",""
"SchirmerM_2016","Schirmer 2016",48,"fourfold","Ruminococcus",0.89,0.91,0.87,91,87,60274,TRUE,TRUE,TRUE,FALSE,TRUE,TRUE,TRUE,"ok","ok","",""
"SchirmerM_2016","Schirmer 2016",48,"fourfold","Streptococcus",0.875,0.79,0.96,79,96,7106,TRUE,TRUE,TRUE,FALSE,TRUE,TRUE,TRUE,"ok","ok","",""
"SchirmerM_2016","Schirmer 2016",49,"balanced","Agathobaculum",0.89,0.92,0.86,92,86,4148,TRUE,TRUE,TRUE,FALSE,TRUE,TRUE,TRUE,"ok","ok","",""
"SchirmerM_2016","Schirmer 2016",49,"balanced","Akkermansia",0.46,0.46,0.46,46,46,8583,TRUE,TRUE,TRUE,FALSE,TRUE,TRUE,TRUE,"ok","ok","",""
"SchirmerM_2016","Schirmer 2016",49,"balanced","Alistipes",0.945,0.97,0.92,97,92,26581,TRUE,TRUE,TRUE,FALSE,TRUE,TRUE,TRUE,"ok","ok","",""
"SchirmerM_2016","Schirmer 2016",49,"balanced","Anaerobutyricum",0.99,0.99,0.99,99,99,20387,TRUE,TRUE,TRUE,FALSE,TRUE,TRUE,TRUE,"ok","ok","",""
"SchirmerM_2016","Schirmer 2016",49,"balanced","Anaerostipes",0.995,1,0.99,100,99,23730,TRUE,TRUE,TRUE,FALSE,TRUE,TRUE,TRUE,"ok","ok","",""
"SchirmerM_2016","Schirmer 2016",49,"balanced","Bacteroides",1,1,1,100,100,55330,TRUE,TRUE,FALSE,TRUE,TRUE,TRUE,TRUE,"no_observed_zeros","ok","",""
"SchirmerM_2016","Schirmer 2016",49,"balanced","Barnesiella",0.815,0.83,0.8,83,80,6485,TRUE,TRUE,TRUE,FALSE,TRUE,TRUE,TRUE,"ok","ok","",""
"SchirmerM_2016","Schirmer 2016",49,"balanced","Bifidobacterium",0.98,0.98,0.98,98,98,125543,TRUE,TRUE,TRUE,FALSE,TRUE,TRUE,TRUE,"ok","ok","",""
"SchirmerM_2016","Schirmer 2016",49,"balanced","Blautia",1,1,1,100,100,20176,TRUE,TRUE,FALSE,TRUE,TRUE,TRUE,TRUE,"no_observed_zeros","ok","",""
"SchirmerM_2016","Schirmer 2016",49,"balanced","Collinsella",0.92,0.91,0.93,91,93,39971,TRUE,TRUE,TRUE,FALSE,TRUE,TRUE,TRUE,"ok","ok","",""
"SchirmerM_2016","Schirmer 2016",49,"balanced","Coprococcus",0.975,0.98,0.97,98,97,32861,TRUE,TRUE,TRUE,FALSE,TRUE,TRUE,TRUE,"ok","ok","",""
"SchirmerM_2016","Schirmer 2016",49,"balanced","Dialister",0.54,0.49,0.59,49,59,5697,TRUE,TRUE,TRUE,FALSE,TRUE,TRUE,TRUE,"ok","ok","",""
"SchirmerM_2016","Schirmer 2016",49,"balanced","Dorea",0.99,0.99,0.99,99,99,32521,TRUE,TRUE,TRUE,FALSE,TRUE,TRUE,TRUE,"ok","ok","",""
"SchirmerM_2016","Schirmer 2016",49,"balanced","Eubacterium",0.975,0.98,0.97,98,97,16045,TRUE,TRUE,TRUE,FALSE,TRUE,TRUE,TRUE,"ok","ok","",""
"SchirmerM_2016","Schirmer 2016",49,"balanced","Faecalibacterium",0.985,1,0.97,100,97,58944,TRUE,TRUE,TRUE,FALSE,TRUE,TRUE,TRUE,"ok","ok","",""
"SchirmerM_2016","Schirmer 2016",49,"balanced","Firmicutes_unclassified",0.835,0.85,0.82,85,82,5416,TRUE,TRUE,TRUE,FALSE,TRUE,TRUE,TRUE,"ok","ok","",""
"SchirmerM_2016","Schirmer 2016",49,"balanced","Fusicatenibacter",0.975,0.99,0.96,99,96,32416,TRUE,TRUE,TRUE,FALSE,TRUE,TRUE,TRUE,"ok","ok","",""
"SchirmerM_2016","Schirmer 2016",49,"balanced","Lachnospira",0.865,0.88,0.85,88,85,10681,TRUE,TRUE,TRUE,FALSE,TRUE,TRUE,TRUE,"ok","ok","",""
"SchirmerM_2016","Schirmer 2016",49,"balanced","Lachnospiraceae_unclassified",0.935,0.93,0.94,93,94,46575,TRUE,TRUE,TRUE,FALSE,TRUE,TRUE,TRUE,"ok","ok","",""
"SchirmerM_2016","Schirmer 2016",49,"balanced","Mediterraneibacter",0.98,0.99,0.97,99,97,23926,TRUE,TRUE,TRUE,FALSE,TRUE,TRUE,TRUE,"ok","ok","",""
"SchirmerM_2016","Schirmer 2016",49,"balanced","Methanobrevibacter",0.37,0.34,0.4,34,40,8299,TRUE,TRUE,TRUE,FALSE,TRUE,TRUE,TRUE,"ok","ok","",""
"SchirmerM_2016","Schirmer 2016",49,"balanced","Oscillibacter",0.825,0.79,0.86,79,86,4691,TRUE,TRUE,TRUE,FALSE,TRUE,TRUE,TRUE,"ok","ok","",""
"SchirmerM_2016","Schirmer 2016",49,"balanced","Parabacteroides",0.965,0.96,0.97,96,97,13595,TRUE,TRUE,TRUE,FALSE,TRUE,TRUE,TRUE,"ok","ok","",""
"SchirmerM_2016","Schirmer 2016",49,"balanced","Phascolarctobacterium",0.49,0.56,0.42,56,42,3177,TRUE,TRUE,TRUE,FALSE,TRUE,TRUE,TRUE,"ok","ok","",""
"SchirmerM_2016","Schirmer 2016",49,"balanced","Phocaeicola",1,1,1,100,100,43319,TRUE,TRUE,FALSE,TRUE,TRUE,TRUE,TRUE,"no_observed_zeros","ok","",""
"SchirmerM_2016","Schirmer 2016",49,"balanced","Prevotella",0.505,0.48,0.53,48,53,52353,TRUE,TRUE,TRUE,FALSE,TRUE,TRUE,TRUE,"ok","ok","",""
"SchirmerM_2016","Schirmer 2016",49,"balanced","Roseburia",0.99,0.99,0.99,99,99,44186,TRUE,TRUE,TRUE,FALSE,TRUE,TRUE,TRUE,"ok","ok","",""
"SchirmerM_2016","Schirmer 2016",49,"balanced","Ruminococcaceae_unclassified",0.675,0.66,0.69,66,69,5941,TRUE,TRUE,TRUE,FALSE,TRUE,TRUE,TRUE,"ok","ok","",""
"SchirmerM_2016","Schirmer 2016",49,"balanced","Ruminococcus",0.895,0.85,0.94,85,94,66040,TRUE,TRUE,TRUE,FALSE,TRUE,TRUE,TRUE,"ok","ok","",""
"SchirmerM_2016","Schirmer 2016",49,"balanced","Streptococcus",0.915,0.94,0.89,94,89,6857,TRUE,TRUE,TRUE,FALSE,TRUE,TRUE,TRUE,"ok","ok","",""
"SchirmerM_2016","Schirmer 2016",49,"fourfold","Agathobaculum",0.875,0.83,0.92,83,92,3807,TRUE,TRUE,TRUE,FALSE,TRUE,TRUE,TRUE,"ok","ok","",""
"SchirmerM_2016","Schirmer 2016",49,"fourfold","Akkermansia",0.455,0.41,0.5,41,50,8229,TRUE,TRUE,TRUE,FALSE,TRUE,TRUE,TRUE,"ok","ok","",""
"SchirmerM_2016","Schirmer 2016",49,"fourfold","Alistipes",0.95,0.96,0.94,96,94,22353,TRUE,TRUE,TRUE,FALSE,TRUE,TRUE,TRUE,"ok","ok","",""
"SchirmerM_2016","Schirmer 2016",49,"fourfold","Anaerobutyricum",0.99,0.99,0.99,99,99,17684,TRUE,TRUE,TRUE,FALSE,TRUE,TRUE,TRUE,"ok","ok","",""
"SchirmerM_2016","Schirmer 2016",49,"fourfold","Anaerostipes",0.995,1,0.99,100,99,19750,TRUE,TRUE,TRUE,FALSE,TRUE,TRUE,TRUE,"ok","ok","",""
"SchirmerM_2016","Schirmer 2016",49,"fourfold","Bacteroides",0.995,0.99,1,99,100,48454,TRUE,TRUE,TRUE,FALSE,TRUE,TRUE,TRUE,"ok","ok","",""
"SchirmerM_2016","Schirmer 2016",49,"fourfold","Barnesiella",0.8,0.8,0.8,80,80,4996,TRUE,TRUE,TRUE,FALSE,TRUE,TRUE,TRUE,"ok","ok","",""
"SchirmerM_2016","Schirmer 2016",49,"fourfold","Bifidobacterium",0.98,0.98,0.98,98,98,119844,TRUE,TRUE,TRUE,FALSE,TRUE,TRUE,TRUE,"ok","ok","",""
"SchirmerM_2016","Schirmer 2016",49,"fourfold","Blautia",1,1,1,100,100,19301,TRUE,TRUE,FALSE,TRUE,TRUE,TRUE,TRUE,"no_observed_zeros","ok","",""
"SchirmerM_2016","Schirmer 2016",49,"fourfold","Collinsella",0.925,0.91,0.94,91,94,36824,TRUE,TRUE,TRUE,FALSE,TRUE,TRUE,TRUE,"ok","ok","",""
"SchirmerM_2016","Schirmer 2016",49,"fourfold","Coprococcus",0.97,0.97,0.97,97,97,29016,TRUE,TRUE,TRUE,FALSE,TRUE,TRUE,TRUE,"ok","ok","",""
"SchirmerM_2016","Schirmer 2016",49,"fourfold","Dialister",0.535,0.46,0.61,46,61,3813,TRUE,TRUE,TRUE,FALSE,TRUE,TRUE,TRUE,"ok","ok","",""
"SchirmerM_2016","Schirmer 2016",49,"fourfold","Dorea",0.99,0.99,0.99,99,99,28443,TRUE,TRUE,TRUE,FALSE,TRUE,TRUE,TRUE,"ok","ok","",""
"SchirmerM_2016","Schirmer 2016",49,"fourfold","Eubacterium",0.965,0.96,0.97,96,97,14469,TRUE,TRUE,TRUE,FALSE,TRUE,TRUE,TRUE,"ok","ok","",""
"SchirmerM_2016","Schirmer 2016",49,"fourfold","Faecalibacterium",0.985,1,0.97,100,97,53398,TRUE,TRUE,TRUE,FALSE,TRUE,TRUE,TRUE,"ok","ok","",""
"SchirmerM_2016","Schirmer 2016",49,"fourfold","Firmicutes_unclassified",0.855,0.85,0.86,85,86,4059,TRUE,TRUE,TRUE,FALSE,TRUE,TRUE,TRUE,"ok","ok","",""
"SchirmerM_2016","Schirmer 2016",49,"fourfold","Fusicatenibacter",0.97,0.99,0.95,99,95,27634,TRUE,TRUE,TRUE,FALSE,TRUE,TRUE,TRUE,"ok","ok","",""
"SchirmerM_2016","Schirmer 2016",49,"fourfold","Lachnospira",0.84,0.84,0.84,84,84,8972,TRUE,TRUE,TRUE,FALSE,TRUE,TRUE,TRUE,"ok","ok","",""
"SchirmerM_2016","Schirmer 2016",49,"fourfold","Lachnospiraceae_unclassified",0.92,0.88,0.96,88,96,39677,TRUE,TRUE,TRUE,FALSE,TRUE,TRUE,TRUE,"ok","ok","",""
"SchirmerM_2016","Schirmer 2016",49,"fourfold","Mediterraneibacter",0.985,0.98,0.99,98,99,23127,TRUE,TRUE,TRUE,FALSE,TRUE,TRUE,TRUE,"ok","ok","",""
"SchirmerM_2016","Schirmer 2016",49,"fourfold","Methanobrevibacter",0.36,0.31,0.41,31,41,7208,TRUE,TRUE,TRUE,FALSE,TRUE,TRUE,TRUE,"ok","ok","",""
"SchirmerM_2016","Schirmer 2016",49,"fourfold","Oscillibacter",0.775,0.7,0.85,70,85,3826,TRUE,TRUE,TRUE,FALSE,TRUE,TRUE,TRUE,"ok","ok","",""
"SchirmerM_2016","Schirmer 2016",49,"fourfold","Parabacteroides",0.965,0.96,0.97,96,97,11849,TRUE,TRUE,TRUE,FALSE,TRUE,TRUE,TRUE,"ok","ok","",""
"SchirmerM_2016","Schirmer 2016",49,"fourfold","Phascolarctobacterium",0.47,0.51,0.43,51,43,3454,TRUE,TRUE,TRUE,FALSE,TRUE,TRUE,TRUE,"ok","ok","",""
"SchirmerM_2016","Schirmer 2016",49,"fourfold","Phocaeicola",1,1,1,100,100,36111,TRUE,TRUE,FALSE,TRUE,TRUE,TRUE,TRUE,"no_observed_zeros","ok","",""
"SchirmerM_2016","Schirmer 2016",49,"fourfold","Prevotella",0.495,0.45,0.54,45,54,43710,TRUE,TRUE,TRUE,FALSE,TRUE,TRUE,TRUE,"ok","ok","",""
"SchirmerM_2016","Schirmer 2016",49,"fourfold","Roseburia",0.985,0.98,0.99,98,99,40375,TRUE,TRUE,TRUE,FALSE,TRUE,TRUE,TRUE,"ok","ok","",""
"SchirmerM_2016","Schirmer 2016",49,"fourfold","Ruminococcaceae_unclassified",0.645,0.55,0.74,55,74,4062,TRUE,TRUE,TRUE,FALSE,TRUE,TRUE,TRUE,"ok","ok","",""
"SchirmerM_2016","Schirmer 2016",49,"fourfold","Ruminococcus",0.895,0.85,0.94,85,94,62423,TRUE,TRUE,TRUE,FALSE,TRUE,TRUE,TRUE,"ok","ok","",""
"SchirmerM_2016","Schirmer 2016",49,"fourfold","Streptococcus",0.89,0.87,0.91,87,91,6377,TRUE,TRUE,TRUE,FALSE,TRUE,TRUE,TRUE,"ok","ok","",""
"SchirmerM_2016","Schirmer 2016",50,"balanced","Agathobaculum",0.89,0.92,0.86,92,86,3925,TRUE,TRUE,TRUE,FALSE,TRUE,TRUE,TRUE,"ok","ok","",""
"SchirmerM_2016","Schirmer 2016",50,"balanced","Akkermansia",0.46,0.45,0.47,45,47,8478,TRUE,TRUE,TRUE,FALSE,TRUE,TRUE,TRUE,"ok","ok","",""
"SchirmerM_2016","Schirmer 2016",50,"balanced","Alistipes",0.95,0.95,0.95,95,95,27950,TRUE,TRUE,TRUE,FALSE,TRUE,TRUE,TRUE,"ok","ok","",""
"SchirmerM_2016","Schirmer 2016",50,"balanced","Anaerobutyricum",0.99,0.99,0.99,99,99,20843,TRUE,TRUE,TRUE,FALSE,TRUE,TRUE,TRUE,"ok","ok","",""
"SchirmerM_2016","Schirmer 2016",50,"balanced","Anaerostipes",0.995,1,0.99,100,99,25028,TRUE,TRUE,TRUE,FALSE,TRUE,TRUE,TRUE,"ok","ok","",""
"SchirmerM_2016","Schirmer 2016",50,"balanced","Bacteroides",1,1,1,100,100,56319,TRUE,TRUE,FALSE,TRUE,TRUE,TRUE,TRUE,"no_observed_zeros","ok","",""
"SchirmerM_2016","Schirmer 2016",50,"balanced","Barnesiella",0.805,0.78,0.83,78,83,6793,TRUE,TRUE,TRUE,FALSE,TRUE,TRUE,TRUE,"ok","ok","",""
"SchirmerM_2016","Schirmer 2016",50,"balanced","Bifidobacterium",0.98,0.99,0.97,99,97,122871,TRUE,TRUE,TRUE,FALSE,TRUE,TRUE,TRUE,"ok","ok","",""
"SchirmerM_2016","Schirmer 2016",50,"balanced","Blautia",1,1,1,100,100,22383,TRUE,TRUE,FALSE,TRUE,TRUE,TRUE,TRUE,"no_observed_zeros","ok","",""
"SchirmerM_2016","Schirmer 2016",50,"balanced","Collinsella",0.93,0.94,0.92,94,92,39196,TRUE,TRUE,TRUE,FALSE,TRUE,TRUE,TRUE,"ok","ok","",""
"SchirmerM_2016","Schirmer 2016",50,"balanced","Coprococcus",0.98,0.98,0.98,98,98,33539,TRUE,TRUE,TRUE,FALSE,TRUE,TRUE,TRUE,"ok","ok","",""
"SchirmerM_2016","Schirmer 2016",50,"balanced","Dialister",0.515,0.55,0.48,55,48,4838,TRUE,TRUE,TRUE,FALSE,TRUE,TRUE,TRUE,"ok","ok","",""
"SchirmerM_2016","Schirmer 2016",50,"balanced","Dorea",0.99,0.98,1,98,100,32639,TRUE,TRUE,TRUE,FALSE,TRUE,TRUE,TRUE,"ok","ok","",""
"SchirmerM_2016","Schirmer 2016",50,"balanced","Eubacterium",0.985,0.99,0.98,99,98,17271,TRUE,TRUE,TRUE,FALSE,TRUE,TRUE,TRUE,"ok","ok","",""
"SchirmerM_2016","Schirmer 2016",50,"balanced","Faecalibacterium",0.985,0.99,0.98,99,98,60258,TRUE,TRUE,TRUE,FALSE,TRUE,TRUE,TRUE,"ok","ok","",""
"SchirmerM_2016","Schirmer 2016",50,"balanced","Firmicutes_unclassified",0.865,0.87,0.86,87,86,5372,TRUE,TRUE,TRUE,FALSE,TRUE,TRUE,TRUE,"ok","ok","",""
"SchirmerM_2016","Schirmer 2016",50,"balanced","Fusicatenibacter",0.975,0.98,0.97,98,97,34135,TRUE,TRUE,TRUE,FALSE,TRUE,TRUE,TRUE,"ok","ok","",""
"SchirmerM_2016","Schirmer 2016",50,"balanced","Lachnospira",0.85,0.86,0.84,86,84,9502,TRUE,TRUE,TRUE,FALSE,TRUE,TRUE,TRUE,"ok","ok","",""
"SchirmerM_2016","Schirmer 2016",50,"balanced","Lachnospiraceae_unclassified",0.94,0.95,0.93,95,93,45209,TRUE,TRUE,TRUE,FALSE,TRUE,TRUE,TRUE,"ok","ok","",""
"SchirmerM_2016","Schirmer 2016",50,"balanced","Mediterraneibacter",0.985,0.98,0.99,98,99,24817,TRUE,TRUE,TRUE,FALSE,TRUE,TRUE,TRUE,"ok","ok","",""
"SchirmerM_2016","Schirmer 2016",50,"balanced","Methanobrevibacter",0.37,0.38,0.36,38,36,8563,TRUE,TRUE,TRUE,FALSE,TRUE,TRUE,TRUE,"ok","ok","",""
"SchirmerM_2016","Schirmer 2016",50,"balanced","Oscillibacter",0.82,0.88,0.76,88,76,4182,TRUE,TRUE,TRUE,FALSE,TRUE,TRUE,TRUE,"ok","ok","",""
"SchirmerM_2016","Schirmer 2016",50,"balanced","Parabacteroides",0.96,0.95,0.97,95,97,13340,TRUE,TRUE,TRUE,FALSE,TRUE,TRUE,TRUE,"ok","ok","",""
"SchirmerM_2016","Schirmer 2016",50,"balanced","Phascolarctobacterium",0.49,0.45,0.53,45,53,4124,TRUE,TRUE,TRUE,FALSE,TRUE,TRUE,TRUE,"ok","ok","",""
"SchirmerM_2016","Schirmer 2016",50,"balanced","Phocaeicola",1,1,1,100,100,43310,TRUE,TRUE,FALSE,TRUE,TRUE,TRUE,TRUE,"no_observed_zeros","ok","",""
"SchirmerM_2016","Schirmer 2016",50,"balanced","Prevotella",0.51,0.55,0.47,55,47,58901,TRUE,TRUE,TRUE,FALSE,TRUE,TRUE,TRUE,"ok","ok","",""
"SchirmerM_2016","Schirmer 2016",50,"balanced","Roseburia",0.985,0.99,0.98,99,98,43056,TRUE,TRUE,TRUE,FALSE,TRUE,TRUE,TRUE,"ok","ok","",""
"SchirmerM_2016","Schirmer 2016",50,"balanced","Ruminococcaceae_unclassified",0.69,0.7,0.68,70,68,5902,TRUE,TRUE,TRUE,FALSE,TRUE,TRUE,TRUE,"ok","ok","",""
"SchirmerM_2016","Schirmer 2016",50,"balanced","Ruminococcus",0.895,0.88,0.91,88,91,70384,TRUE,TRUE,TRUE,FALSE,TRUE,TRUE,TRUE,"ok","ok","",""
"SchirmerM_2016","Schirmer 2016",50,"balanced","Streptococcus",0.915,0.89,0.94,89,94,6967,TRUE,TRUE,TRUE,FALSE,TRUE,TRUE,TRUE,"ok","ok","",""
"SchirmerM_2016","Schirmer 2016",50,"fourfold","Agathobaculum",0.855,0.81,0.9,81,90,3518,TRUE,TRUE,TRUE,FALSE,TRUE,TRUE,TRUE,"ok","ok","",""
"SchirmerM_2016","Schirmer 2016",50,"fourfold","Akkermansia",0.46,0.45,0.47,45,47,7570,TRUE,TRUE,TRUE,FALSE,TRUE,TRUE,TRUE,"ok","ok","",""
"SchirmerM_2016","Schirmer 2016",50,"fourfold","Alistipes",0.945,0.93,0.96,93,96,22941,TRUE,TRUE,TRUE,FALSE,TRUE,TRUE,TRUE,"ok","ok","",""
"SchirmerM_2016","Schirmer 2016",50,"fourfold","Anaerobutyricum",0.99,0.99,0.99,99,99,18503,TRUE,TRUE,TRUE,FALSE,TRUE,TRUE,TRUE,"ok","ok","",""
"SchirmerM_2016","Schirmer 2016",50,"fourfold","Anaerostipes",0.995,1,0.99,100,99,22670,TRUE,TRUE,TRUE,FALSE,TRUE,TRUE,TRUE,"ok","ok","",""
"SchirmerM_2016","Schirmer 2016",50,"fourfold","Bacteroides",0.995,1,0.99,100,99,49602,TRUE,TRUE,TRUE,FALSE,TRUE,TRUE,TRUE,"ok","ok","",""
"SchirmerM_2016","Schirmer 2016",50,"fourfold","Barnesiella",0.79,0.74,0.84,74,84,6289,TRUE,TRUE,TRUE,FALSE,TRUE,TRUE,TRUE,"ok","ok","",""
"SchirmerM_2016","Schirmer 2016",50,"fourfold","Bifidobacterium",0.975,0.98,0.97,98,97,117441,TRUE,TRUE,TRUE,FALSE,TRUE,TRUE,TRUE,"ok","ok","",""
"SchirmerM_2016","Schirmer 2016",50,"fourfold","Blautia",1,1,1,100,100,21960,TRUE,TRUE,FALSE,TRUE,TRUE,TRUE,TRUE,"no_observed_zeros","ok","",""
"SchirmerM_2016","Schirmer 2016",50,"fourfold","Collinsella",0.93,0.94,0.92,94,92,36132,TRUE,TRUE,TRUE,FALSE,TRUE,TRUE,TRUE,"ok","ok","",""
"SchirmerM_2016","Schirmer 2016",50,"fourfold","Coprococcus",0.98,0.98,0.98,98,98,29658,TRUE,TRUE,TRUE,FALSE,TRUE,TRUE,TRUE,"ok","ok","",""
"SchirmerM_2016","Schirmer 2016",50,"fourfold","Dialister",0.53,0.52,0.54,52,54,4461,TRUE,TRUE,TRUE,FALSE,TRUE,TRUE,TRUE,"ok","ok","",""
"SchirmerM_2016","Schirmer 2016",50,"fourfold","Dorea",0.99,0.98,1,98,100,30376,TRUE,TRUE,TRUE,FALSE,TRUE,TRUE,TRUE,"ok","ok","",""
"SchirmerM_2016","Schirmer 2016",50,"fourfold","Eubacterium",0.975,0.97,0.98,97,98,16080,TRUE,TRUE,TRUE,FALSE,TRUE,TRUE,TRUE,"ok","ok","",""
"SchirmerM_2016","Schirmer 2016",50,"fourfold","Faecalibacterium",0.985,0.99,0.98,99,98,52123,TRUE,TRUE,TRUE,FALSE,TRUE,TRUE,TRUE,"ok","ok","",""
"SchirmerM_2016","Schirmer 2016",50,"fourfold","Firmicutes_unclassified",0.8,0.72,0.88,72,88,4653,TRUE,TRUE,TRUE,FALSE,TRUE,TRUE,TRUE,"ok","ok","",""
"SchirmerM_2016","Schirmer 2016",50,"fourfold","Fusicatenibacter",0.975,0.98,0.97,98,97,29980,TRUE,TRUE,TRUE,FALSE,TRUE,TRUE,TRUE,"ok","ok","",""
"SchirmerM_2016","Schirmer 2016",50,"fourfold","Lachnospira",0.85,0.84,0.86,84,86,9139,TRUE,TRUE,TRUE,FALSE,TRUE,TRUE,TRUE,"ok","ok","",""
"SchirmerM_2016","Schirmer 2016",50,"fourfold","Lachnospiraceae_unclassified",0.92,0.91,0.93,91,93,42866,TRUE,TRUE,TRUE,FALSE,TRUE,TRUE,TRUE,"ok","ok","",""
"SchirmerM_2016","Schirmer 2016",50,"fourfold","Mediterraneibacter",0.985,0.98,0.99,98,99,23004,TRUE,TRUE,TRUE,FALSE,TRUE,TRUE,TRUE,"ok","ok","",""
"SchirmerM_2016","Schirmer 2016",50,"fourfold","Methanobrevibacter",0.37,0.37,0.37,37,37,6968,TRUE,TRUE,TRUE,FALSE,TRUE,TRUE,TRUE,"ok","ok","",""
"SchirmerM_2016","Schirmer 2016",50,"fourfold","Oscillibacter",0.83,0.87,0.79,87,79,3484,TRUE,TRUE,TRUE,FALSE,TRUE,TRUE,TRUE,"ok","ok","",""
"SchirmerM_2016","Schirmer 2016",50,"fourfold","Parabacteroides",0.96,0.94,0.98,94,98,12319,TRUE,TRUE,TRUE,FALSE,TRUE,TRUE,TRUE,"ok","ok","",""
"SchirmerM_2016","Schirmer 2016",50,"fourfold","Phascolarctobacterium",0.48,0.43,0.53,43,53,4089,TRUE,TRUE,TRUE,FALSE,TRUE,TRUE,TRUE,"ok","ok","",""
"SchirmerM_2016","Schirmer 2016",50,"fourfold","Phocaeicola",1,1,1,100,100,38151,TRUE,TRUE,FALSE,TRUE,TRUE,TRUE,TRUE,"no_observed_zeros","ok","",""
"SchirmerM_2016","Schirmer 2016",50,"fourfold","Prevotella",0.495,0.51,0.48,51,48,45331,TRUE,TRUE,TRUE,FALSE,TRUE,TRUE,TRUE,"ok","ok","",""
"SchirmerM_2016","Schirmer 2016",50,"fourfold","Roseburia",0.995,1,0.99,100,99,40350,TRUE,TRUE,TRUE,FALSE,TRUE,TRUE,TRUE,"ok","ok","",""
"SchirmerM_2016","Schirmer 2016",50,"fourfold","Ruminococcaceae_unclassified",0.695,0.64,0.75,64,75,6060,TRUE,TRUE,TRUE,FALSE,TRUE,TRUE,TRUE,"ok","ok","",""
"SchirmerM_2016","Schirmer 2016",50,"fourfold","Ruminococcus",0.89,0.85,0.93,85,93,63357,TRUE,TRUE,TRUE,FALSE,TRUE,TRUE,TRUE,"ok","ok","",""
"SchirmerM_2016","Schirmer 2016",50,"fourfold","Streptococcus",0.91,0.87,0.95,87,95,7185,TRUE,TRUE,TRUE,FALSE,TRUE,TRUE,TRUE,"ok","ok","",""
"SchirmerM_2016","Schirmer 2016",51,"balanced","Agathobaculum",0.875,0.86,0.89,86,89,3605,TRUE,TRUE,TRUE,FALSE,TRUE,TRUE,TRUE,"ok","ok","",""
"SchirmerM_2016","Schirmer 2016",51,"balanced","Akkermansia",0.49,0.47,0.51,47,51,7768,TRUE,TRUE,TRUE,FALSE,TRUE,TRUE,TRUE,"ok","ok","",""
"SchirmerM_2016","Schirmer 2016",51,"balanced","Alistipes",0.965,0.95,0.98,95,98,27008,TRUE,TRUE,TRUE,FALSE,TRUE,TRUE,TRUE,"ok","ok","",""
"SchirmerM_2016","Schirmer 2016",51,"balanced","Anaerobutyricum",0.99,0.99,0.99,99,99,18900,TRUE,TRUE,TRUE,FALSE,TRUE,TRUE,TRUE,"ok","ok","",""
"SchirmerM_2016","Schirmer 2016",51,"balanced","Anaerostipes",0.995,0.99,1,99,100,22311,TRUE,TRUE,TRUE,FALSE,TRUE,TRUE,TRUE,"ok","ok","",""
"SchirmerM_2016","Schirmer 2016",51,"balanced","Bacteroides",1,1,1,100,100,52127,TRUE,TRUE,FALSE,TRUE,TRUE,TRUE,TRUE,"no_observed_zeros","ok","",""
"SchirmerM_2016","Schirmer 2016",51,"balanced","Barnesiella",0.8,0.78,0.82,78,82,5893,TRUE,TRUE,TRUE,FALSE,TRUE,TRUE,TRUE,"ok","ok","",""
"SchirmerM_2016","Schirmer 2016",51,"balanced","Bifidobacterium",0.985,0.98,0.99,98,99,118736,TRUE,TRUE,TRUE,FALSE,TRUE,TRUE,TRUE,"ok","ok","",""
"SchirmerM_2016","Schirmer 2016",51,"balanced","Blautia",1,1,1,100,100,19990,TRUE,TRUE,FALSE,TRUE,TRUE,TRUE,TRUE,"no_observed_zeros","ok","",""
"SchirmerM_2016","Schirmer 2016",51,"balanced","Collinsella",0.925,0.9,0.95,90,95,37534,TRUE,TRUE,TRUE,FALSE,TRUE,TRUE,TRUE,"ok","ok","",""
"SchirmerM_2016","Schirmer 2016",51,"balanced","Coprococcus",0.97,0.97,0.97,97,97,29478,TRUE,TRUE,TRUE,FALSE,TRUE,TRUE,TRUE,"ok","ok","",""
"SchirmerM_2016","Schirmer 2016",51,"balanced","Dialister",0.525,0.5,0.55,50,55,4639,TRUE,TRUE,TRUE,FALSE,TRUE,TRUE,TRUE,"ok","ok","",""
"SchirmerM_2016","Schirmer 2016",51,"balanced","Dorea",0.99,0.99,0.99,99,99,30835,TRUE,TRUE,TRUE,FALSE,TRUE,TRUE,TRUE,"ok","ok","",""
"SchirmerM_2016","Schirmer 2016",51,"balanced","Eubacterium",0.985,0.99,0.98,99,98,15335,TRUE,TRUE,TRUE,FALSE,TRUE,TRUE,TRUE,"ok","ok","",""
"SchirmerM_2016","Schirmer 2016",51,"balanced","Faecalibacterium",0.985,0.98,0.99,98,99,54110,TRUE,TRUE,TRUE,FALSE,TRUE,TRUE,TRUE,"ok","ok","",""
"SchirmerM_2016","Schirmer 2016",51,"balanced","Firmicutes_unclassified",0.845,0.84,0.85,84,85,5167,TRUE,TRUE,TRUE,FALSE,TRUE,TRUE,TRUE,"ok","ok","",""
"SchirmerM_2016","Schirmer 2016",51,"balanced","Fusicatenibacter",0.97,0.95,0.99,95,99,30736,TRUE,TRUE,TRUE,FALSE,TRUE,TRUE,TRUE,"ok","ok","",""
"SchirmerM_2016","Schirmer 2016",51,"balanced","Lachnospira",0.845,0.84,0.85,84,85,8488,TRUE,TRUE,TRUE,FALSE,TRUE,TRUE,TRUE,"ok","ok","",""
"SchirmerM_2016","Schirmer 2016",51,"balanced","Lachnospiraceae_unclassified",0.93,0.92,0.94,92,94,42155,TRUE,TRUE,TRUE,FALSE,TRUE,TRUE,TRUE,"ok","ok","",""
"SchirmerM_2016","Schirmer 2016",51,"balanced","Mediterraneibacter",0.995,0.99,1,99,100,24164,TRUE,TRUE,TRUE,FALSE,TRUE,TRUE,TRUE,"ok","ok","",""
"SchirmerM_2016","Schirmer 2016",51,"balanced","Methanobrevibacter",0.39,0.4,0.38,40,38,7485,TRUE,TRUE,TRUE,FALSE,TRUE,TRUE,TRUE,"ok","ok","",""
"SchirmerM_2016","Schirmer 2016",51,"balanced","Oscillibacter",0.835,0.83,0.84,83,84,4303,TRUE,TRUE,TRUE,FALSE,TRUE,TRUE,TRUE,"ok","ok","",""
"SchirmerM_2016","Schirmer 2016",51,"balanced","Parabacteroides",0.965,0.95,0.98,95,98,12838,TRUE,TRUE,TRUE,FALSE,TRUE,TRUE,TRUE,"ok","ok","",""
"SchirmerM_2016","Schirmer 2016",51,"balanced","Phascolarctobacterium",0.49,0.55,0.43,55,43,3867,TRUE,TRUE,TRUE,FALSE,TRUE,TRUE,TRUE,"ok","ok","",""
"SchirmerM_2016","Schirmer 2016",51,"balanced","Phocaeicola",1,1,1,100,100,40564,TRUE,TRUE,FALSE,TRUE,TRUE,TRUE,TRUE,"no_observed_zeros","ok","",""
"SchirmerM_2016","Schirmer 2016",51,"balanced","Prevotella",0.515,0.52,0.51,52,51,54008,TRUE,TRUE,TRUE,FALSE,TRUE,TRUE,TRUE,"ok","ok","",""
"SchirmerM_2016","Schirmer 2016",51,"balanced","Roseburia",0.99,0.99,0.99,99,99,42389,TRUE,TRUE,TRUE,FALSE,TRUE,TRUE,TRUE,"ok","ok","",""
"SchirmerM_2016","Schirmer 2016",51,"balanced","Ruminococcaceae_unclassified",0.69,0.73,0.65,73,65,5766,TRUE,TRUE,TRUE,FALSE,TRUE,TRUE,TRUE,"ok","ok","",""
"SchirmerM_2016","Schirmer 2016",51,"balanced","Ruminococcus",0.89,0.86,0.92,86,92,64295,TRUE,TRUE,TRUE,FALSE,TRUE,TRUE,TRUE,"ok","ok","",""
"SchirmerM_2016","Schirmer 2016",51,"balanced","Streptococcus",0.925,0.92,0.93,92,93,6902,TRUE,TRUE,TRUE,FALSE,TRUE,TRUE,TRUE,"ok","ok","",""
"SchirmerM_2016","Schirmer 2016",51,"fourfold","Agathobaculum",0.91,0.88,0.94,88,94,3816,TRUE,TRUE,TRUE,FALSE,TRUE,TRUE,TRUE,"ok","ok","",""
"SchirmerM_2016","Schirmer 2016",51,"fourfold","Akkermansia",0.45,0.4,0.5,40,50,8516,TRUE,TRUE,TRUE,FALSE,TRUE,TRUE,TRUE,"ok","ok","",""
"SchirmerM_2016","Schirmer 2016",51,"fourfold","Alistipes",0.95,0.92,0.98,92,98,26155,TRUE,TRUE,TRUE,FALSE,TRUE,TRUE,TRUE,"ok","ok","",""
"SchirmerM_2016","Schirmer 2016",51,"fourfold","Anaerobutyricum",0.99,0.99,0.99,99,99,19203,TRUE,TRUE,TRUE,FALSE,TRUE,TRUE,TRUE,"ok","ok","",""
"SchirmerM_2016","Schirmer 2016",51,"fourfold","Anaerostipes",0.995,0.99,1,99,100,23338,TRUE,TRUE,TRUE,FALSE,TRUE,TRUE,TRUE,"ok","ok","",""
"SchirmerM_2016","Schirmer 2016",51,"fourfold","Bacteroides",1,1,1,100,100,52347,TRUE,TRUE,FALSE,TRUE,TRUE,TRUE,TRUE,"no_observed_zeros","ok","",""
"SchirmerM_2016","Schirmer 2016",51,"fourfold","Barnesiella",0.78,0.71,0.85,71,85,6036,TRUE,TRUE,TRUE,FALSE,TRUE,TRUE,TRUE,"ok","ok","",""
"SchirmerM_2016","Schirmer 2016",51,"fourfold","Bifidobacterium",0.985,0.98,0.99,98,99,113488,TRUE,TRUE,TRUE,FALSE,TRUE,TRUE,TRUE,"ok","ok","",""
"SchirmerM_2016","Schirmer 2016",51,"fourfold","Blautia",1,1,1,100,100,19813,TRUE,TRUE,FALSE,TRUE,TRUE,TRUE,TRUE,"no_observed_zeros","ok","",""
"SchirmerM_2016","Schirmer 2016",51,"fourfold","Collinsella",0.94,0.92,0.96,92,96,37376,TRUE,TRUE,TRUE,FALSE,TRUE,TRUE,TRUE,"ok","ok","",""
"SchirmerM_2016","Schirmer 2016",51,"fourfold","Coprococcus",0.975,0.98,0.97,98,97,30655,TRUE,TRUE,TRUE,FALSE,TRUE,TRUE,TRUE,"ok","ok","",""
"SchirmerM_2016","Schirmer 2016",51,"fourfold","Dialister",0.52,0.45,0.59,45,59,5141,TRUE,TRUE,TRUE,FALSE,TRUE,TRUE,TRUE,"ok","ok","",""
"SchirmerM_2016","Schirmer 2016",51,"fourfold","Dorea",0.99,0.99,0.99,99,99,29785,TRUE,TRUE,TRUE,FALSE,TRUE,TRUE,TRUE,"ok","ok","",""
"SchirmerM_2016","Schirmer 2016",51,"fourfold","Eubacterium",0.94,0.9,0.98,90,98,16715,TRUE,TRUE,TRUE,FALSE,TRUE,TRUE,TRUE,"ok","ok","",""
"SchirmerM_2016","Schirmer 2016",51,"fourfold","Faecalibacterium",0.985,0.98,0.99,98,99,54173,TRUE,TRUE,TRUE,FALSE,TRUE,TRUE,TRUE,"ok","ok","",""
"SchirmerM_2016","Schirmer 2016",51,"fourfold","Firmicutes_unclassified",0.83,0.79,0.87,79,87,4148,TRUE,TRUE,TRUE,FALSE,TRUE,TRUE,TRUE,"ok","ok","",""
"SchirmerM_2016","Schirmer 2016",51,"fourfold","Fusicatenibacter",0.975,0.96,0.99,96,99,30851,TRUE,TRUE,TRUE,FALSE,TRUE,TRUE,TRUE,"ok","ok","",""
"SchirmerM_2016","Schirmer 2016",51,"fourfold","Lachnospira",0.865,0.85,0.88,85,88,9427,TRUE,TRUE,TRUE,FALSE,TRUE,TRUE,TRUE,"ok","ok","",""
"SchirmerM_2016","Schirmer 2016",51,"fourfold","Lachnospiraceae_unclassified",0.915,0.89,0.94,89,94,42764,TRUE,TRUE,TRUE,FALSE,TRUE,TRUE,TRUE,"ok","ok","",""
"SchirmerM_2016","Schirmer 2016",51,"fourfold","Mediterraneibacter",0.985,0.97,1,97,100,22976,TRUE,TRUE,TRUE,FALSE,TRUE,TRUE,TRUE,"ok","ok","",""
"SchirmerM_2016","Schirmer 2016",51,"fourfold","Methanobrevibacter",0.37,0.36,0.38,36,38,6893,TRUE,TRUE,TRUE,FALSE,TRUE,TRUE,TRUE,"ok","ok","",""
"SchirmerM_2016","Schirmer 2016",51,"fourfold","Oscillibacter",0.8,0.77,0.83,77,83,3892,TRUE,TRUE,TRUE,FALSE,TRUE,TRUE,TRUE,"ok","ok","",""
"SchirmerM_2016","Schirmer 2016",51,"fourfold","Parabacteroides",0.955,0.93,0.98,93,98,12808,TRUE,TRUE,TRUE,FALSE,TRUE,TRUE,TRUE,"ok","ok","",""
"SchirmerM_2016","Schirmer 2016",51,"fourfold","Phascolarctobacterium",0.47,0.49,0.45,49,45,3196,TRUE,TRUE,TRUE,FALSE,TRUE,TRUE,TRUE,"ok","ok","",""
"SchirmerM_2016","Schirmer 2016",51,"fourfold","Phocaeicola",1,1,1,100,100,42883,TRUE,TRUE,FALSE,TRUE,TRUE,TRUE,TRUE,"no_observed_zeros","ok","",""
"SchirmerM_2016","Schirmer 2016",51,"fourfold","Prevotella",0.485,0.49,0.48,49,48,50085,TRUE,TRUE,TRUE,FALSE,TRUE,TRUE,TRUE,"ok","ok","",""
"SchirmerM_2016","Schirmer 2016",51,"fourfold","Roseburia",0.985,0.98,0.99,98,99,42594,TRUE,TRUE,TRUE,FALSE,TRUE,TRUE,TRUE,"ok","ok","",""
"SchirmerM_2016","Schirmer 2016",51,"fourfold","Ruminococcaceae_unclassified",0.66,0.6,0.72,60,72,4530,TRUE,TRUE,TRUE,FALSE,TRUE,TRUE,TRUE,"ok","ok","",""
"SchirmerM_2016","Schirmer 2016",51,"fourfold","Ruminococcus",0.9,0.87,0.93,87,93,66595,TRUE,TRUE,TRUE,FALSE,TRUE,TRUE,TRUE,"ok","ok","",""
"SchirmerM_2016","Schirmer 2016",51,"fourfold","Streptococcus",0.89,0.84,0.94,84,94,6757,TRUE,TRUE,TRUE,FALSE,TRUE,TRUE,TRUE,"ok","ok","",""
"SchirmerM_2016","Schirmer 2016",52,"balanced","Agathobaculum",0.91,0.91,0.91,91,91,4169,TRUE,TRUE,TRUE,FALSE,TRUE,TRUE,TRUE,"ok","ok","",""
"SchirmerM_2016","Schirmer 2016",52,"balanced","Akkermansia",0.475,0.5,0.45,50,45,9071,TRUE,TRUE,TRUE,FALSE,TRUE,TRUE,TRUE,"ok","ok","",""
"SchirmerM_2016","Schirmer 2016",52,"balanced","Alistipes",0.95,0.95,0.95,95,95,28057,TRUE,TRUE,TRUE,FALSE,TRUE,TRUE,TRUE,"ok","ok","",""
"SchirmerM_2016","Schirmer 2016",52,"balanced","Anaerobutyricum",0.99,0.99,0.99,99,99,21594,TRUE,TRUE,TRUE,FALSE,TRUE,TRUE,TRUE,"ok","ok","",""
"SchirmerM_2016","Schirmer 2016",52,"balanced","Anaerostipes",0.995,0.99,1,99,100,24312,TRUE,TRUE,TRUE,FALSE,TRUE,TRUE,TRUE,"ok","ok","",""
"SchirmerM_2016","Schirmer 2016",52,"balanced","Bacteroides",1,1,1,100,100,59430,TRUE,TRUE,FALSE,TRUE,TRUE,TRUE,TRUE,"no_observed_zeros","ok","",""
"SchirmerM_2016","Schirmer 2016",52,"balanced","Barnesiella",0.805,0.74,0.87,74,87,6574,TRUE,TRUE,TRUE,FALSE,TRUE,TRUE,TRUE,"ok","ok","",""
"SchirmerM_2016","Schirmer 2016",52,"balanced","Bifidobacterium",0.975,0.97,0.98,97,98,127847,TRUE,TRUE,TRUE,FALSE,TRUE,TRUE,TRUE,"ok","ok","",""
"SchirmerM_2016","Schirmer 2016",52,"balanced","Blautia",1,1,1,100,100,23712,TRUE,TRUE,FALSE,TRUE,TRUE,TRUE,TRUE,"no_observed_zeros","ok","",""
"SchirmerM_2016","Schirmer 2016",52,"balanced","Collinsella",0.93,0.91,0.95,91,95,40541,TRUE,TRUE,TRUE,FALSE,TRUE,TRUE,TRUE,"ok","ok","",""
"SchirmerM_2016","Schirmer 2016",52,"balanced","Coprococcus",0.97,0.98,0.96,98,96,33938,TRUE,TRUE,TRUE,FALSE,TRUE,TRUE,TRUE,"ok","ok","",""
"SchirmerM_2016","Schirmer 2016",52,"balanced","Dialister",0.53,0.54,0.52,54,52,5114,TRUE,TRUE,TRUE,FALSE,TRUE,TRUE,TRUE,"ok","ok","",""
"SchirmerM_2016","Schirmer 2016",52,"balanced","Dorea",0.99,0.99,0.99,99,99,35070,TRUE,TRUE,TRUE,FALSE,TRUE,TRUE,TRUE,"ok","ok","",""
"SchirmerM_2016","Schirmer 2016",52,"balanced","Eubacterium",0.975,0.98,0.97,98,97,16684,TRUE,TRUE,TRUE,FALSE,TRUE,TRUE,TRUE,"ok","ok","",""
"SchirmerM_2016","Schirmer 2016",52,"balanced","Faecalibacterium",0.985,1,0.97,100,97,61741,TRUE,TRUE,TRUE,FALSE,TRUE,TRUE,TRUE,"ok","ok","",""
"SchirmerM_2016","Schirmer 2016",52,"balanced","Firmicutes_unclassified",0.855,0.8,0.91,80,91,4852,TRUE,TRUE,TRUE,FALSE,TRUE,TRUE,TRUE,"ok","ok","",""
"SchirmerM_2016","Schirmer 2016",52,"balanced","Fusicatenibacter",0.975,0.99,0.96,99,96,34032,TRUE,TRUE,TRUE,FALSE,TRUE,TRUE,TRUE,"ok","ok","",""
"SchirmerM_2016","Schirmer 2016",52,"balanced","Lachnospira",0.87,0.86,0.88,86,88,10743,TRUE,TRUE,TRUE,FALSE,TRUE,TRUE,TRUE,"ok","ok","",""
"SchirmerM_2016","Schirmer 2016",52,"balanced","Lachnospiraceae_unclassified",0.92,0.94,0.9,94,90,44690,TRUE,TRUE,TRUE,FALSE,TRUE,TRUE,TRUE,"ok","ok","",""
"SchirmerM_2016","Schirmer 2016",52,"balanced","Mediterraneibacter",0.985,0.98,0.99,98,99,26295,TRUE,TRUE,TRUE,FALSE,TRUE,TRUE,TRUE,"ok","ok","",""
"SchirmerM_2016","Schirmer 2016",52,"balanced","Methanobrevibacter",0.385,0.35,0.42,35,42,7864,TRUE,TRUE,TRUE,FALSE,TRUE,TRUE,TRUE,"ok","ok","",""
"SchirmerM_2016","Schirmer 2016",52,"balanced","Oscillibacter",0.825,0.8,0.85,80,85,4407,TRUE,TRUE,TRUE,FALSE,TRUE,TRUE,TRUE,"ok","ok","",""
"SchirmerM_2016","Schirmer 2016",52,"balanced","Parabacteroides",0.96,0.95,0.97,95,97,14454,TRUE,TRUE,TRUE,FALSE,TRUE,TRUE,TRUE,"ok","ok","",""
"SchirmerM_2016","Schirmer 2016",52,"balanced","Phascolarctobacterium",0.485,0.47,0.5,47,50,4339,TRUE,TRUE,TRUE,FALSE,TRUE,TRUE,TRUE,"ok","ok","",""
"SchirmerM_2016","Schirmer 2016",52,"balanced","Phocaeicola",1,1,1,100,100,45554,TRUE,TRUE,FALSE,TRUE,TRUE,TRUE,TRUE,"no_observed_zeros","ok","",""
"SchirmerM_2016","Schirmer 2016",52,"balanced","Prevotella",0.52,0.5,0.54,50,54,53689,TRUE,TRUE,TRUE,FALSE,TRUE,TRUE,TRUE,"ok","ok","",""
"SchirmerM_2016","Schirmer 2016",52,"balanced","Roseburia",0.99,1,0.98,100,98,46873,TRUE,TRUE,TRUE,FALSE,TRUE,TRUE,TRUE,"ok","ok","",""
"SchirmerM_2016","Schirmer 2016",52,"balanced","Ruminococcaceae_unclassified",0.705,0.68,0.73,68,73,4913,TRUE,TRUE,TRUE,FALSE,TRUE,TRUE,TRUE,"ok","ok","",""
"SchirmerM_2016","Schirmer 2016",52,"balanced","Ruminococcus",0.89,0.86,0.92,86,92,75649,TRUE,TRUE,TRUE,FALSE,TRUE,TRUE,TRUE,"ok","ok","",""
"SchirmerM_2016","Schirmer 2016",52,"balanced","Streptococcus",0.885,0.85,0.92,85,92,7818,TRUE,TRUE,TRUE,FALSE,TRUE,TRUE,TRUE,"ok","ok","",""
"SchirmerM_2016","Schirmer 2016",52,"fourfold","Agathobaculum",0.86,0.82,0.9,82,90,3984,TRUE,TRUE,TRUE,FALSE,TRUE,TRUE,TRUE,"ok","ok","",""
"SchirmerM_2016","Schirmer 2016",52,"fourfold","Akkermansia",0.46,0.45,0.47,45,47,8206,TRUE,TRUE,TRUE,FALSE,TRUE,TRUE,TRUE,"ok","ok","",""
"SchirmerM_2016","Schirmer 2016",52,"fourfold","Alistipes",0.955,0.95,0.96,95,96,25688,TRUE,TRUE,TRUE,FALSE,TRUE,TRUE,TRUE,"ok","ok","",""
"SchirmerM_2016","Schirmer 2016",52,"fourfold","Anaerobutyricum",0.99,0.99,0.99,99,99,18680,TRUE,TRUE,TRUE,FALSE,TRUE,TRUE,TRUE,"ok","ok","",""
"SchirmerM_2016","Schirmer 2016",52,"fourfold","Anaerostipes",0.99,0.98,1,98,100,22755,TRUE,TRUE,TRUE,FALSE,TRUE,TRUE,TRUE,"ok","ok","",""
"SchirmerM_2016","Schirmer 2016",52,"fourfold","Bacteroides",1,1,1,100,100,51387,TRUE,TRUE,FALSE,TRUE,TRUE,TRUE,TRUE,"no_observed_zeros","ok","",""
"SchirmerM_2016","Schirmer 2016",52,"fourfold","Barnesiella",0.795,0.72,0.87,72,87,6455,TRUE,TRUE,TRUE,FALSE,TRUE,TRUE,TRUE,"ok","ok","",""
"SchirmerM_2016","Schirmer 2016",52,"fourfold","Bifidobacterium",0.98,0.97,0.99,97,99,112083,TRUE,TRUE,TRUE,FALSE,TRUE,TRUE,TRUE,"ok","ok","",""
"SchirmerM_2016","Schirmer 2016",52,"fourfold","Blautia",0.995,0.99,1,99,100,21035,TRUE,TRUE,FALSE,TRUE,TRUE,TRUE,TRUE,"structural_absence_boundary_at_zero","ok","",""
"SchirmerM_2016","Schirmer 2016",52,"fourfold","Collinsella",0.92,0.88,0.96,88,96,38001,TRUE,TRUE,TRUE,FALSE,TRUE,TRUE,TRUE,"ok","ok","",""
"SchirmerM_2016","Schirmer 2016",52,"fourfold","Coprococcus",0.975,0.98,0.97,98,97,31169,TRUE,TRUE,TRUE,FALSE,TRUE,TRUE,TRUE,"ok","ok","",""
"SchirmerM_2016","Schirmer 2016",52,"fourfold","Dialister",0.53,0.54,0.52,54,52,3475,TRUE,TRUE,TRUE,FALSE,TRUE,TRUE,TRUE,"ok","ok","",""
"SchirmerM_2016","Schirmer 2016",52,"fourfold","Dorea",0.99,0.99,0.99,99,99,29877,TRUE,TRUE,TRUE,FALSE,TRUE,TRUE,TRUE,"ok","ok","",""
"SchirmerM_2016","Schirmer 2016",52,"fourfold","Eubacterium",0.96,0.94,0.98,94,98,15486,TRUE,TRUE,TRUE,FALSE,TRUE,TRUE,TRUE,"ok","ok","",""
"SchirmerM_2016","Schirmer 2016",52,"fourfold","Faecalibacterium",0.985,1,0.97,100,97,57503,TRUE,TRUE,TRUE,FALSE,TRUE,TRUE,TRUE,"ok","ok","",""
"SchirmerM_2016","Schirmer 2016",52,"fourfold","Firmicutes_unclassified",0.795,0.7,0.89,70,89,5283,TRUE,TRUE,TRUE,FALSE,TRUE,TRUE,TRUE,"ok","ok","",""
"SchirmerM_2016","Schirmer 2016",52,"fourfold","Fusicatenibacter",0.975,0.98,0.97,98,97,28420,TRUE,TRUE,TRUE,FALSE,TRUE,TRUE,TRUE,"ok","ok","",""
"SchirmerM_2016","Schirmer 2016",52,"fourfold","Lachnospira",0.85,0.82,0.88,82,88,9648,TRUE,TRUE,TRUE,FALSE,TRUE,TRUE,TRUE,"ok","ok","",""
"SchirmerM_2016","Schirmer 2016",52,"fourfold","Lachnospiraceae_unclassified",0.905,0.88,0.93,88,93,38193,TRUE,TRUE,TRUE,FALSE,TRUE,TRUE,TRUE,"ok","ok","",""
"SchirmerM_2016","Schirmer 2016",52,"fourfold","Mediterraneibacter",0.975,0.96,0.99,96,99,23104,TRUE,TRUE,TRUE,FALSE,TRUE,TRUE,TRUE,"ok","ok","",""
"SchirmerM_2016","Schirmer 2016",52,"fourfold","Methanobrevibacter",0.375,0.34,0.41,34,41,7292,TRUE,TRUE,TRUE,FALSE,TRUE,TRUE,TRUE,"ok","ok","",""
"SchirmerM_2016","Schirmer 2016",52,"fourfold","Oscillibacter",0.78,0.69,0.87,69,87,4432,TRUE,TRUE,TRUE,FALSE,TRUE,TRUE,TRUE,"ok","ok","",""
"SchirmerM_2016","Schirmer 2016",52,"fourfold","Parabacteroides",0.955,0.94,0.97,94,97,12051,TRUE,TRUE,TRUE,FALSE,TRUE,TRUE,TRUE,"ok","ok","",""
"SchirmerM_2016","Schirmer 2016",52,"fourfold","Phascolarctobacterium",0.485,0.44,0.53,44,53,4019,TRUE,TRUE,TRUE,FALSE,TRUE,TRUE,TRUE,"ok","ok","",""
"SchirmerM_2016","Schirmer 2016",52,"fourfold","Phocaeicola",1,1,1,100,100,40252,TRUE,TRUE,FALSE,TRUE,TRUE,TRUE,TRUE,"no_observed_zeros","ok","",""
"SchirmerM_2016","Schirmer 2016",52,"fourfold","Prevotella",0.49,0.44,0.54,44,54,49107,TRUE,TRUE,TRUE,FALSE,TRUE,TRUE,TRUE,"ok","ok","",""
"SchirmerM_2016","Schirmer 2016",52,"fourfold","Roseburia",0.99,1,0.98,100,98,38081,TRUE,TRUE,TRUE,FALSE,TRUE,TRUE,TRUE,"ok","ok","",""
"SchirmerM_2016","Schirmer 2016",52,"fourfold","Ruminococcaceae_unclassified",0.63,0.54,0.72,54,72,4411,TRUE,TRUE,TRUE,FALSE,TRUE,TRUE,TRUE,"ok","ok","",""
"SchirmerM_2016","Schirmer 2016",52,"fourfold","Ruminococcus",0.89,0.84,0.94,84,94,62427,TRUE,TRUE,TRUE,FALSE,TRUE,TRUE,TRUE,"ok","ok","",""
"SchirmerM_2016","Schirmer 2016",52,"fourfold","Streptococcus",0.88,0.82,0.94,82,94,7468,TRUE,TRUE,TRUE,FALSE,TRUE,TRUE,TRUE,"ok","ok","",""
"SchirmerM_2016","Schirmer 2016",53,"balanced","Agathobaculum",0.915,0.93,0.9,93,90,3761,TRUE,TRUE,TRUE,FALSE,TRUE,TRUE,TRUE,"ok","ok","",""
"SchirmerM_2016","Schirmer 2016",53,"balanced","Akkermansia",0.46,0.43,0.49,43,49,8405,TRUE,TRUE,TRUE,FALSE,TRUE,TRUE,TRUE,"ok","ok","",""
"SchirmerM_2016","Schirmer 2016",53,"balanced","Alistipes",0.945,0.97,0.92,97,92,26244,TRUE,TRUE,TRUE,FALSE,TRUE,TRUE,TRUE,"ok","ok","",""
"SchirmerM_2016","Schirmer 2016",53,"balanced","Anaerobutyricum",0.99,0.99,0.99,99,99,19639,TRUE,TRUE,TRUE,FALSE,TRUE,TRUE,TRUE,"ok","ok","",""
"SchirmerM_2016","Schirmer 2016",53,"balanced","Anaerostipes",0.995,0.99,1,99,100,23965,TRUE,TRUE,TRUE,FALSE,TRUE,TRUE,TRUE,"ok","ok","",""
"SchirmerM_2016","Schirmer 2016",53,"balanced","Bacteroides",1,1,1,100,100,53867,TRUE,TRUE,FALSE,TRUE,TRUE,TRUE,TRUE,"no_observed_zeros","ok","",""
"SchirmerM_2016","Schirmer 2016",53,"balanced","Barnesiella",0.81,0.78,0.84,78,84,6060,TRUE,TRUE,TRUE,FALSE,TRUE,TRUE,TRUE,"ok","ok","",""
"SchirmerM_2016","Schirmer 2016",53,"balanced","Bifidobacterium",0.975,0.95,1,95,100,121593,TRUE,TRUE,TRUE,FALSE,TRUE,TRUE,TRUE,"ok","ok","",""
"SchirmerM_2016","Schirmer 2016",53,"balanced","Blautia",1,1,1,100,100,20696,TRUE,TRUE,FALSE,TRUE,TRUE,TRUE,TRUE,"no_observed_zeros","ok","",""
"SchirmerM_2016","Schirmer 2016",53,"balanced","Collinsella",0.935,0.95,0.92,95,92,36846,TRUE,TRUE,TRUE,FALSE,TRUE,TRUE,TRUE,"ok","ok","",""
"SchirmerM_2016","Schirmer 2016",53,"balanced","Coprococcus",0.97,0.98,0.96,98,96,30409,TRUE,TRUE,TRUE,FALSE,TRUE,TRUE,TRUE,"ok","ok","",""
"SchirmerM_2016","Schirmer 2016",53,"balanced","Dialister",0.535,0.53,0.54,53,54,5093,TRUE,TRUE,TRUE,FALSE,TRUE,TRUE,TRUE,"ok","ok","",""
"SchirmerM_2016","Schirmer 2016",53,"balanced","Dorea",0.995,0.99,1,99,100,31336,TRUE,TRUE,TRUE,FALSE,TRUE,TRUE,TRUE,"ok","ok","",""
"SchirmerM_2016","Schirmer 2016",53,"balanced","Eubacterium",0.98,0.99,0.97,99,97,14093,TRUE,TRUE,TRUE,FALSE,TRUE,TRUE,TRUE,"ok","ok","",""
"SchirmerM_2016","Schirmer 2016",53,"balanced","Faecalibacterium",0.985,0.99,0.98,99,98,56977,TRUE,TRUE,TRUE,FALSE,TRUE,TRUE,TRUE,"ok","ok","",""
"SchirmerM_2016","Schirmer 2016",53,"balanced","Firmicutes_unclassified",0.825,0.84,0.81,84,81,5185,TRUE,TRUE,TRUE,FALSE,TRUE,TRUE,TRUE,"ok","ok","",""
"SchirmerM_2016","Schirmer 2016",53,"balanced","Fusicatenibacter",0.975,0.99,0.96,99,96,32990,TRUE,TRUE,TRUE,FALSE,TRUE,TRUE,TRUE,"ok","ok","",""
"SchirmerM_2016","Schirmer 2016",53,"balanced","Lachnospira",0.87,0.91,0.83,91,83,10147,TRUE,TRUE,TRUE,FALSE,TRUE,TRUE,TRUE,"ok","ok","",""
"SchirmerM_2016","Schirmer 2016",53,"balanced","Lachnospiraceae_unclassified",0.92,0.92,0.92,92,92,42018,TRUE,TRUE,TRUE,FALSE,TRUE,TRUE,TRUE,"ok","ok","",""
"SchirmerM_2016","Schirmer 2016",53,"balanced","Mediterraneibacter",0.985,0.99,0.98,99,98,24893,TRUE,TRUE,TRUE,FALSE,TRUE,TRUE,TRUE,"ok","ok","",""
"SchirmerM_2016","Schirmer 2016",53,"balanced","Methanobrevibacter",0.38,0.41,0.35,41,35,7882,TRUE,TRUE,TRUE,FALSE,TRUE,TRUE,TRUE,"ok","ok","",""
"SchirmerM_2016","Schirmer 2016",53,"balanced","Oscillibacter",0.82,0.84,0.8,84,80,4457,TRUE,TRUE,TRUE,FALSE,TRUE,TRUE,TRUE,"ok","ok","",""
"SchirmerM_2016","Schirmer 2016",53,"balanced","Parabacteroides",0.95,0.96,0.94,96,94,13062,TRUE,TRUE,TRUE,FALSE,TRUE,TRUE,TRUE,"ok","ok","",""
"SchirmerM_2016","Schirmer 2016",53,"balanced","Phascolarctobacterium",0.49,0.47,0.51,47,51,3570,TRUE,TRUE,TRUE,FALSE,TRUE,TRUE,TRUE,"ok","ok","",""
"SchirmerM_2016","Schirmer 2016",53,"balanced","Phocaeicola",1,1,1,100,100,43134,TRUE,TRUE,FALSE,TRUE,TRUE,TRUE,TRUE,"no_observed_zeros","ok","",""
"SchirmerM_2016","Schirmer 2016",53,"balanced","Prevotella",0.515,0.55,0.48,55,48,51445,TRUE,TRUE,TRUE,FALSE,TRUE,TRUE,TRUE,"ok","ok","",""
"SchirmerM_2016","Schirmer 2016",53,"balanced","Roseburia",0.99,0.99,0.99,99,99,45637,TRUE,TRUE,TRUE,FALSE,TRUE,TRUE,TRUE,"ok","ok","",""
"SchirmerM_2016","Schirmer 2016",53,"balanced","Ruminococcaceae_unclassified",0.68,0.72,0.64,72,64,4732,TRUE,TRUE,TRUE,FALSE,TRUE,TRUE,TRUE,"ok","ok","",""
"SchirmerM_2016","Schirmer 2016",53,"balanced","Ruminococcus",0.895,0.92,0.87,92,87,69186,TRUE,TRUE,TRUE,FALSE,TRUE,TRUE,TRUE,"ok","ok","",""
"SchirmerM_2016","Schirmer 2016",53,"balanced","Streptococcus",0.92,0.9,0.94,90,94,7113,TRUE,TRUE,TRUE,FALSE,TRUE,TRUE,TRUE,"ok","ok","",""
"SchirmerM_2016","Schirmer 2016",53,"fourfold","Agathobaculum",0.89,0.86,0.92,86,92,3520,TRUE,TRUE,TRUE,FALSE,TRUE,TRUE,TRUE,"ok","ok","",""
"SchirmerM_2016","Schirmer 2016",53,"fourfold","Akkermansia",0.445,0.39,0.5,39,50,8291,TRUE,TRUE,TRUE,FALSE,TRUE,TRUE,TRUE,"ok","ok","",""
"SchirmerM_2016","Schirmer 2016",53,"fourfold","Alistipes",0.945,0.94,0.95,94,95,26516,TRUE,TRUE,TRUE,FALSE,TRUE,TRUE,TRUE,"ok","ok","",""
"SchirmerM_2016","Schirmer 2016",53,"fourfold","Anaerobutyricum",0.985,0.98,0.99,98,99,18665,TRUE,TRUE,TRUE,FALSE,TRUE,TRUE,TRUE,"ok","ok","",""
"SchirmerM_2016","Schirmer 2016",53,"fourfold","Anaerostipes",0.99,0.98,1,98,100,20997,TRUE,TRUE,FALSE,TRUE,TRUE,TRUE,TRUE,"structural_absence_boundary_at_zero","ok","",""
"SchirmerM_2016","Schirmer 2016",53,"fourfold","Bacteroides",1,1,1,100,100,50263,TRUE,TRUE,FALSE,TRUE,TRUE,TRUE,TRUE,"no_observed_zeros","ok","",""
"SchirmerM_2016","Schirmer 2016",53,"fourfold","Barnesiella",0.795,0.75,0.84,75,84,6889,TRUE,TRUE,TRUE,FALSE,TRUE,TRUE,TRUE,"ok","ok","",""
"SchirmerM_2016","Schirmer 2016",53,"fourfold","Bifidobacterium",0.975,0.95,1,95,100,117833,TRUE,TRUE,TRUE,FALSE,TRUE,TRUE,TRUE,"ok","ok","",""
"SchirmerM_2016","Schirmer 2016",53,"fourfold","Blautia",1,1,1,100,100,18957,TRUE,TRUE,FALSE,TRUE,TRUE,TRUE,TRUE,"no_observed_zeros","ok","",""
"SchirmerM_2016","Schirmer 2016",53,"fourfold","Collinsella",0.925,0.94,0.91,94,91,36729,TRUE,TRUE,TRUE,FALSE,TRUE,TRUE,TRUE,"ok","ok","",""
"SchirmerM_2016","Schirmer 2016",53,"fourfold","Coprococcus",0.97,0.98,0.96,98,96,28014,TRUE,TRUE,TRUE,FALSE,TRUE,TRUE,TRUE,"ok","ok","",""
"SchirmerM_2016","Schirmer 2016",53,"fourfold","Dialister",0.495,0.44,0.55,44,55,5260,TRUE,TRUE,TRUE,FALSE,TRUE,TRUE,TRUE,"ok","ok","",""
"SchirmerM_2016","Schirmer 2016",53,"fourfold","Dorea",0.99,0.99,0.99,99,99,31033,TRUE,TRUE,TRUE,FALSE,TRUE,TRUE,TRUE,"ok","ok","",""
"SchirmerM_2016","Schirmer 2016",53,"fourfold","Eubacterium",0.98,0.96,1,96,100,16607,TRUE,TRUE,FALSE,TRUE,TRUE,TRUE,TRUE,"structural_absence_boundary_at_zero","ok","",""
"SchirmerM_2016","Schirmer 2016",53,"fourfold","Faecalibacterium",0.985,0.99,0.98,99,98,54768,TRUE,TRUE,TRUE,FALSE,TRUE,TRUE,TRUE,"ok","ok","",""
"SchirmerM_2016","Schirmer 2016",53,"fourfold","Firmicutes_unclassified",0.81,0.79,0.83,79,83,5972,TRUE,TRUE,TRUE,FALSE,TRUE,TRUE,TRUE,"ok","ok","",""
"SchirmerM_2016","Schirmer 2016",53,"fourfold","Fusicatenibacter",0.975,0.98,0.97,98,97,30239,TRUE,TRUE,TRUE,FALSE,TRUE,TRUE,TRUE,"ok","ok","",""
"SchirmerM_2016","Schirmer 2016",53,"fourfold","Lachnospira",0.85,0.87,0.83,87,83,10346,TRUE,TRUE,TRUE,FALSE,TRUE,TRUE,TRUE,"ok","ok","",""
"SchirmerM_2016","Schirmer 2016",53,"fourfold","Lachnospiraceae_unclassified",0.92,0.9,0.94,90,94,42542,TRUE,TRUE,TRUE,FALSE,TRUE,TRUE,TRUE,"ok","ok","",""
"SchirmerM_2016","Schirmer 2016",53,"fourfold","Mediterraneibacter",0.975,0.97,0.98,97,98,24803,TRUE,TRUE,TRUE,FALSE,TRUE,TRUE,TRUE,"ok","ok","",""
"SchirmerM_2016","Schirmer 2016",53,"fourfold","Methanobrevibacter",0.365,0.4,0.33,40,33,9119,TRUE,TRUE,TRUE,FALSE,TRUE,TRUE,TRUE,"ok","ok","",""
"SchirmerM_2016","Schirmer 2016",53,"fourfold","Oscillibacter",0.8,0.75,0.85,75,85,4522,TRUE,TRUE,TRUE,FALSE,TRUE,TRUE,TRUE,"ok","ok","",""
"SchirmerM_2016","Schirmer 2016",53,"fourfold","Parabacteroides",0.965,0.96,0.97,96,97,12972,TRUE,TRUE,TRUE,FALSE,TRUE,TRUE,TRUE,"ok","ok","",""
"SchirmerM_2016","Schirmer 2016",53,"fourfold","Phascolarctobacterium",0.465,0.41,0.52,41,52,3284,TRUE,TRUE,TRUE,FALSE,TRUE,TRUE,TRUE,"ok","ok","",""
"SchirmerM_2016","Schirmer 2016",53,"fourfold","Phocaeicola",0.995,0.99,1,99,100,38474,TRUE,TRUE,TRUE,FALSE,TRUE,TRUE,TRUE,"ok","ok","",""
"SchirmerM_2016","Schirmer 2016",53,"fourfold","Prevotella",0.51,0.55,0.47,55,47,42396,TRUE,TRUE,TRUE,FALSE,TRUE,TRUE,TRUE,"ok","ok","",""
"SchirmerM_2016","Schirmer 2016",53,"fourfold","Roseburia",0.99,0.99,0.99,99,99,39543,TRUE,TRUE,TRUE,FALSE,TRUE,TRUE,TRUE,"ok","ok","",""
"SchirmerM_2016","Schirmer 2016",53,"fourfold","Ruminococcaceae_unclassified",0.67,0.61,0.73,61,73,5316,TRUE,TRUE,TRUE,FALSE,TRUE,TRUE,TRUE,"ok","ok","",""
"SchirmerM_2016","Schirmer 2016",53,"fourfold","Ruminococcus",0.885,0.89,0.88,89,88,66005,TRUE,TRUE,TRUE,FALSE,TRUE,TRUE,TRUE,"ok","ok","",""
"SchirmerM_2016","Schirmer 2016",53,"fourfold","Streptococcus",0.895,0.86,0.93,86,93,6089,TRUE,TRUE,TRUE,FALSE,TRUE,TRUE,TRUE,"ok","ok","",""
"SchirmerM_2016","Schirmer 2016",54,"balanced","Agathobaculum",0.885,0.88,0.89,88,89,3807,TRUE,TRUE,TRUE,FALSE,TRUE,TRUE,TRUE,"ok","ok","",""
"SchirmerM_2016","Schirmer 2016",54,"balanced","Akkermansia",0.47,0.49,0.45,49,45,9616,TRUE,TRUE,TRUE,FALSE,TRUE,TRUE,TRUE,"ok","ok","",""
"SchirmerM_2016","Schirmer 2016",54,"balanced","Alistipes",0.945,0.94,0.95,94,95,26724,TRUE,TRUE,TRUE,FALSE,TRUE,TRUE,TRUE,"ok","ok","",""
"SchirmerM_2016","Schirmer 2016",54,"balanced","Anaerobutyricum",0.99,0.98,1,98,100,18916,TRUE,TRUE,TRUE,FALSE,TRUE,TRUE,TRUE,"ok","ok","",""
"SchirmerM_2016","Schirmer 2016",54,"balanced","Anaerostipes",0.995,0.99,1,99,100,23461,TRUE,TRUE,TRUE,FALSE,TRUE,TRUE,TRUE,"ok","ok","",""
"SchirmerM_2016","Schirmer 2016",54,"balanced","Bacteroides",1,1,1,100,100,51575,TRUE,TRUE,FALSE,TRUE,TRUE,TRUE,TRUE,"no_observed_zeros","ok","",""
"SchirmerM_2016","Schirmer 2016",54,"balanced","Barnesiella",0.82,0.86,0.78,86,78,6171,TRUE,TRUE,TRUE,FALSE,TRUE,TRUE,TRUE,"ok","ok","",""
"SchirmerM_2016","Schirmer 2016",54,"balanced","Bifidobacterium",0.98,0.97,0.99,97,99,119886,TRUE,TRUE,TRUE,FALSE,TRUE,TRUE,TRUE,"ok","ok","",""
"SchirmerM_2016","Schirmer 2016",54,"balanced","Blautia",1,1,1,100,100,22966,TRUE,TRUE,FALSE,TRUE,TRUE,TRUE,TRUE,"no_observed_zeros","ok","",""
"SchirmerM_2016","Schirmer 2016",54,"balanced","Collinsella",0.925,0.95,0.9,95,90,36934,TRUE,TRUE,TRUE,FALSE,TRUE,TRUE,TRUE,"ok","ok","",""
"SchirmerM_2016","Schirmer 2016",54,"balanced","Coprococcus",0.975,0.97,0.98,97,98,30361,TRUE,TRUE,TRUE,FALSE,TRUE,TRUE,TRUE,"ok","ok","",""
"SchirmerM_2016","Schirmer 2016",54,"balanced","Dialister",0.54,0.51,0.57,51,57,4751,TRUE,TRUE,TRUE,FALSE,TRUE,TRUE,TRUE,"ok","ok","",""
"SchirmerM_2016","Schirmer 2016",54,"balanced","Dorea",0.99,0.99,0.99,99,99,30189,TRUE,TRUE,TRUE,FALSE,TRUE,TRUE,TRUE,"ok","ok","",""
"SchirmerM_2016","Schirmer 2016",54,"balanced","Eubacterium",0.98,0.97,0.99,97,99,15535,TRUE,TRUE,TRUE,FALSE,TRUE,TRUE,TRUE,"ok","ok","",""
"SchirmerM_2016","Schirmer 2016",54,"balanced","Faecalibacterium",0.985,1,0.97,100,97,55413,TRUE,TRUE,TRUE,FALSE,TRUE,TRUE,TRUE,"ok","ok","",""
"SchirmerM_2016","Schirmer 2016",54,"balanced","Firmicutes_unclassified",0.88,0.89,0.87,89,87,5219,TRUE,TRUE,TRUE,FALSE,TRUE,TRUE,TRUE,"ok","ok","",""
"SchirmerM_2016","Schirmer 2016",54,"balanced","Fusicatenibacter",0.98,0.98,0.98,98,98,30059,TRUE,TRUE,TRUE,FALSE,TRUE,TRUE,TRUE,"ok","ok","",""
"SchirmerM_2016","Schirmer 2016",54,"balanced","Lachnospira",0.845,0.85,0.84,85,84,9619,TRUE,TRUE,TRUE,FALSE,TRUE,TRUE,TRUE,"ok","ok","",""
"SchirmerM_2016","Schirmer 2016",54,"balanced","Lachnospiraceae_unclassified",0.94,0.93,0.95,93,95,41342,TRUE,TRUE,TRUE,FALSE,TRUE,TRUE,TRUE,"ok","ok","",""
"SchirmerM_2016","Schirmer 2016",54,"balanced","Mediterraneibacter",0.985,0.98,0.99,98,99,25443,TRUE,TRUE,TRUE,FALSE,TRUE,TRUE,TRUE,"ok","ok","",""
"SchirmerM_2016","Schirmer 2016",54,"balanced","Methanobrevibacter",0.36,0.34,0.38,34,38,8667,TRUE,TRUE,TRUE,FALSE,TRUE,TRUE,TRUE,"ok","ok","",""
"SchirmerM_2016","Schirmer 2016",54,"balanced","Oscillibacter",0.8,0.82,0.78,82,78,4620,TRUE,TRUE,TRUE,FALSE,TRUE,TRUE,TRUE,"ok","ok","",""
"SchirmerM_2016","Schirmer 2016",54,"balanced","Parabacteroides",0.955,0.94,0.97,94,97,13744,TRUE,TRUE,TRUE,FALSE,TRUE,TRUE,TRUE,"ok","ok","",""
"SchirmerM_2016","Schirmer 2016",54,"balanced","Phascolarctobacterium",0.505,0.56,0.45,56,45,3605,TRUE,TRUE,TRUE,FALSE,TRUE,TRUE,TRUE,"ok","ok","",""
"SchirmerM_2016","Schirmer 2016",54,"balanced","Phocaeicola",1,1,1,100,100,39721,TRUE,TRUE,FALSE,TRUE,TRUE,TRUE,TRUE,"no_observed_zeros","ok","",""
"SchirmerM_2016","Schirmer 2016",54,"balanced","Prevotella",0.52,0.53,0.51,53,51,53894,TRUE,TRUE,TRUE,FALSE,TRUE,TRUE,TRUE,"ok","ok","",""
"SchirmerM_2016","Schirmer 2016",54,"balanced","Roseburia",0.99,0.98,1,98,100,39128,TRUE,TRUE,TRUE,FALSE,TRUE,TRUE,TRUE,"ok","ok","",""
"SchirmerM_2016","Schirmer 2016",54,"balanced","Ruminococcaceae_unclassified",0.66,0.65,0.67,65,67,6076,TRUE,TRUE,TRUE,FALSE,TRUE,TRUE,TRUE,"ok","ok","",""
"SchirmerM_2016","Schirmer 2016",54,"balanced","Ruminococcus",0.885,0.92,0.85,92,85,62960,TRUE,TRUE,TRUE,FALSE,TRUE,TRUE,TRUE,"ok","ok","",""
"SchirmerM_2016","Schirmer 2016",54,"balanced","Streptococcus",0.915,0.93,0.9,93,90,6472,TRUE,TRUE,TRUE,FALSE,TRUE,TRUE,TRUE,"ok","ok","",""
"SchirmerM_2016","Schirmer 2016",54,"fourfold","Agathobaculum",0.875,0.83,0.92,83,92,3581,TRUE,TRUE,TRUE,FALSE,TRUE,TRUE,TRUE,"ok","ok","",""
"SchirmerM_2016","Schirmer 2016",54,"fourfold","Akkermansia",0.445,0.46,0.43,46,43,6880,TRUE,TRUE,TRUE,FALSE,TRUE,TRUE,TRUE,"ok","ok","",""
"SchirmerM_2016","Schirmer 2016",54,"fourfold","Alistipes",0.955,0.96,0.95,96,95,25671,TRUE,TRUE,TRUE,FALSE,TRUE,TRUE,TRUE,"ok","ok","",""
"SchirmerM_2016","Schirmer 2016",54,"fourfold","Anaerobutyricum",0.99,0.98,1,98,100,18971,TRUE,TRUE,TRUE,FALSE,TRUE,TRUE,TRUE,"ok","ok","",""
"SchirmerM_2016","Schirmer 2016",54,"fourfold","Anaerostipes",0.985,0.97,1,97,100,24491,TRUE,TRUE,TRUE,FALSE,TRUE,TRUE,TRUE,"ok","ok","",""
"SchirmerM_2016","Schirmer 2016",54,"fourfold","Bacteroides",0.995,0.99,1,99,100,55192,TRUE,TRUE,TRUE,FALSE,TRUE,TRUE,TRUE,"ok","ok","",""
"SchirmerM_2016","Schirmer 2016",54,"fourfold","Barnesiella",0.795,0.81,0.78,81,78,6868,TRUE,TRUE,TRUE,FALSE,TRUE,TRUE,TRUE,"ok","ok","",""
"SchirmerM_2016","Schirmer 2016",54,"fourfold","Bifidobacterium",0.975,0.97,0.98,97,98,113591,TRUE,TRUE,TRUE,FALSE,TRUE,TRUE,TRUE,"ok","ok","",""
"SchirmerM_2016","Schirmer 2016",54,"fourfold","Blautia",1,1,1,100,100,20967,TRUE,TRUE,FALSE,TRUE,TRUE,TRUE,TRUE,"no_observed_zeros","ok","",""
"SchirmerM_2016","Schirmer 2016",54,"fourfold","Collinsella",0.93,0.94,0.92,94,92,31652,TRUE,TRUE,TRUE,FALSE,TRUE,TRUE,TRUE,"ok","ok","",""
"SchirmerM_2016","Schirmer 2016",54,"fourfold","Coprococcus",0.975,0.97,0.98,97,98,32608,TRUE,TRUE,TRUE,FALSE,TRUE,TRUE,TRUE,"ok","ok","",""
"SchirmerM_2016","Schirmer 2016",54,"fourfold","Dialister",0.51,0.46,0.56,46,56,4706,TRUE,TRUE,TRUE,FALSE,TRUE,TRUE,TRUE,"ok","ok","",""
"SchirmerM_2016","Schirmer 2016",54,"fourfold","Dorea",0.99,0.99,0.99,99,99,31148,TRUE,TRUE,TRUE,FALSE,TRUE,TRUE,TRUE,"ok","ok","",""
"SchirmerM_2016","Schirmer 2016",54,"fourfold","Eubacterium",0.975,0.96,0.99,96,99,14256,TRUE,TRUE,TRUE,FALSE,TRUE,TRUE,TRUE,"ok","ok","",""
"SchirmerM_2016","Schirmer 2016",54,"fourfold","Faecalibacterium",0.985,1,0.97,100,97,55978,TRUE,TRUE,TRUE,FALSE,TRUE,TRUE,TRUE,"ok","ok","",""
"SchirmerM_2016","Schirmer 2016",54,"fourfold","Firmicutes_unclassified",0.8,0.78,0.82,78,82,4268,TRUE,TRUE,TRUE,FALSE,TRUE,TRUE,TRUE,"ok","ok","",""
"SchirmerM_2016","Schirmer 2016",54,"fourfold","Fusicatenibacter",0.97,0.96,0.98,96,98,31090,TRUE,TRUE,TRUE,FALSE,TRUE,TRUE,TRUE,"ok","ok","",""
"SchirmerM_2016","Schirmer 2016",54,"fourfold","Lachnospira",0.835,0.82,0.85,82,85,10301,TRUE,TRUE,TRUE,FALSE,TRUE,TRUE,TRUE,"ok","ok","",""
"SchirmerM_2016","Schirmer 2016",54,"fourfold","Lachnospiraceae_unclassified",0.915,0.89,0.94,89,94,47030,TRUE,TRUE,TRUE,FALSE,TRUE,TRUE,TRUE,"ok","ok","",""
"SchirmerM_2016","Schirmer 2016",54,"fourfold","Mediterraneibacter",0.97,0.95,0.99,95,99,26034,TRUE,TRUE,TRUE,FALSE,TRUE,TRUE,TRUE,"ok","ok","",""
"SchirmerM_2016","Schirmer 2016",54,"fourfold","Methanobrevibacter",0.365,0.34,0.39,34,39,8409,TRUE,TRUE,TRUE,FALSE,TRUE,TRUE,TRUE,"ok","ok","",""
"SchirmerM_2016","Schirmer 2016",54,"fourfold","Oscillibacter",0.8,0.78,0.82,78,82,4344,TRUE,TRUE,TRUE,FALSE,TRUE,TRUE,TRUE,"ok","ok","",""
"SchirmerM_2016","Schirmer 2016",54,"fourfold","Parabacteroides",0.96,0.95,0.97,95,97,11937,TRUE,TRUE,TRUE,FALSE,TRUE,TRUE,TRUE,"ok","ok","",""
"SchirmerM_2016","Schirmer 2016",54,"fourfold","Phascolarctobacterium",0.475,0.51,0.44,51,44,2929,TRUE,TRUE,TRUE,FALSE,TRUE,TRUE,TRUE,"ok","ok","",""
"SchirmerM_2016","Schirmer 2016",54,"fourfold","Phocaeicola",0.995,0.99,1,99,100,44700,TRUE,TRUE,TRUE,FALSE,TRUE,TRUE,TRUE,"ok","ok","",""
"SchirmerM_2016","Schirmer 2016",54,"fourfold","Prevotella",0.505,0.48,0.53,48,53,44768,TRUE,TRUE,TRUE,FALSE,TRUE,TRUE,TRUE,"ok","ok","",""
"SchirmerM_2016","Schirmer 2016",54,"fourfold","Roseburia",0.99,0.99,0.99,99,99,44300,TRUE,TRUE,TRUE,FALSE,TRUE,TRUE,TRUE,"ok","ok","",""
"SchirmerM_2016","Schirmer 2016",54,"fourfold","Ruminococcaceae_unclassified",0.64,0.58,0.7,58,70,6312,TRUE,TRUE,TRUE,FALSE,TRUE,TRUE,TRUE,"ok","ok","",""
"SchirmerM_2016","Schirmer 2016",54,"fourfold","Ruminococcus",0.89,0.92,0.86,92,86,64292,TRUE,TRUE,TRUE,FALSE,TRUE,TRUE,TRUE,"ok","ok","",""
"SchirmerM_2016","Schirmer 2016",54,"fourfold","Streptococcus",0.9,0.88,0.92,88,92,6084,TRUE,TRUE,TRUE,FALSE,TRUE,TRUE,TRUE,"ok","ok","",""
"SchirmerM_2016","Schirmer 2016",55,"balanced","Agathobaculum",0.89,0.94,0.84,94,84,4100,TRUE,TRUE,TRUE,FALSE,TRUE,TRUE,TRUE,"ok","ok","",""
"SchirmerM_2016","Schirmer 2016",55,"balanced","Akkermansia",0.475,0.47,0.48,47,48,7720,TRUE,TRUE,TRUE,FALSE,TRUE,TRUE,TRUE,"ok","ok","",""
"SchirmerM_2016","Schirmer 2016",55,"balanced","Alistipes",0.94,0.93,0.95,93,95,27715,TRUE,TRUE,TRUE,FALSE,TRUE,TRUE,TRUE,"ok","ok","",""
"SchirmerM_2016","Schirmer 2016",55,"balanced","Anaerobutyricum",0.99,0.98,1,98,100,19635,TRUE,TRUE,TRUE,FALSE,TRUE,TRUE,TRUE,"ok","ok","",""
"SchirmerM_2016","Schirmer 2016",55,"balanced","Anaerostipes",0.995,1,0.99,100,99,23726,TRUE,TRUE,TRUE,FALSE,TRUE,TRUE,TRUE,"ok","ok","",""
"SchirmerM_2016","Schirmer 2016",55,"balanced","Bacteroides",1,1,1,100,100,54900,TRUE,TRUE,FALSE,TRUE,TRUE,TRUE,TRUE,"no_observed_zeros","ok","",""
"SchirmerM_2016","Schirmer 2016",55,"balanced","Barnesiella",0.8,0.8,0.8,80,80,6753,TRUE,TRUE,TRUE,FALSE,TRUE,TRUE,TRUE,"ok","ok","",""
"SchirmerM_2016","Schirmer 2016",55,"balanced","Bifidobacterium",0.99,0.99,0.99,99,99,122108,TRUE,TRUE,TRUE,FALSE,TRUE,TRUE,TRUE,"ok","ok","",""
"SchirmerM_2016","Schirmer 2016",55,"balanced","Blautia",1,1,1,100,100,20935,TRUE,TRUE,FALSE,TRUE,TRUE,TRUE,TRUE,"no_observed_zeros","ok","",""
"SchirmerM_2016","Schirmer 2016",55,"balanced","Collinsella",0.925,0.92,0.93,92,93,38660,TRUE,TRUE,TRUE,FALSE,TRUE,TRUE,TRUE,"ok","ok","",""
"SchirmerM_2016","Schirmer 2016",55,"balanced","Coprococcus",0.97,0.97,0.97,97,97,31246,TRUE,TRUE,TRUE,FALSE,TRUE,TRUE,TRUE,"ok","ok","",""
"SchirmerM_2016","Schirmer 2016",55,"balanced","Dialister",0.535,0.53,0.54,53,54,4900,TRUE,TRUE,TRUE,FALSE,TRUE,TRUE,TRUE,"ok","ok","",""
"SchirmerM_2016","Schirmer 2016",55,"balanced","Dorea",0.99,0.99,0.99,99,99,31647,TRUE,TRUE,TRUE,FALSE,TRUE,TRUE,TRUE,"ok","ok","",""
"SchirmerM_2016","Schirmer 2016",55,"balanced","Eubacterium",0.985,0.99,0.98,99,98,16524,TRUE,TRUE,TRUE,FALSE,TRUE,TRUE,TRUE,"ok","ok","",""
"SchirmerM_2016","Schirmer 2016",55,"balanced","Faecalibacterium",0.985,0.97,1,97,100,58324,TRUE,TRUE,TRUE,FALSE,TRUE,TRUE,TRUE,"ok","ok","",""
"SchirmerM_2016","Schirmer 2016",55,"balanced","Firmicutes_unclassified",0.855,0.85,0.86,85,86,5266,TRUE,TRUE,TRUE,FALSE,TRUE,TRUE,TRUE,"ok","ok","",""
"SchirmerM_2016","Schirmer 2016",55,"balanced","Fusicatenibacter",0.975,0.97,0.98,97,98,31238,TRUE,TRUE,TRUE,FALSE,TRUE,TRUE,TRUE,"ok","ok","",""
"SchirmerM_2016","Schirmer 2016",55,"balanced","Lachnospira",0.845,0.83,0.86,83,86,9747,TRUE,TRUE,TRUE,FALSE,TRUE,TRUE,TRUE,"ok","ok","",""
"SchirmerM_2016","Schirmer 2016",55,"balanced","Lachnospiraceae_unclassified",0.945,0.94,0.95,94,95,42322,TRUE,TRUE,TRUE,FALSE,TRUE,TRUE,TRUE,"ok","ok","",""
"SchirmerM_2016","Schirmer 2016",55,"balanced","Mediterraneibacter",0.985,0.98,0.99,98,99,25304,TRUE,TRUE,TRUE,FALSE,TRUE,TRUE,TRUE,"ok","ok","",""
"SchirmerM_2016","Schirmer 2016",55,"balanced","Methanobrevibacter",0.38,0.34,0.42,34,42,9251,TRUE,TRUE,TRUE,FALSE,TRUE,TRUE,TRUE,"ok","ok","",""
"SchirmerM_2016","Schirmer 2016",55,"balanced","Oscillibacter",0.825,0.84,0.81,84,81,4229,TRUE,TRUE,TRUE,FALSE,TRUE,TRUE,TRUE,"ok","ok","",""
"SchirmerM_2016","Schirmer 2016",55,"balanced","Parabacteroides",0.965,0.97,0.96,97,96,13616,TRUE,TRUE,TRUE,FALSE,TRUE,TRUE,TRUE,"ok","ok","",""
"SchirmerM_2016","Schirmer 2016",55,"balanced","Phascolarctobacterium",0.48,0.55,0.41,55,41,3639,TRUE,TRUE,TRUE,FALSE,TRUE,TRUE,TRUE,"ok","ok","",""
"SchirmerM_2016","Schirmer 2016",55,"balanced","Phocaeicola",1,1,1,100,100,44521,TRUE,TRUE,FALSE,TRUE,TRUE,TRUE,TRUE,"no_observed_zeros","ok","",""
"SchirmerM_2016","Schirmer 2016",55,"balanced","Prevotella",0.515,0.52,0.51,52,51,51054,TRUE,TRUE,TRUE,FALSE,TRUE,TRUE,TRUE,"ok","ok","",""
"SchirmerM_2016","Schirmer 2016",55,"balanced","Roseburia",0.99,1,0.98,100,98,43555,TRUE,TRUE,TRUE,FALSE,TRUE,TRUE,TRUE,"ok","ok","",""
"SchirmerM_2016","Schirmer 2016",55,"balanced","Ruminococcaceae_unclassified",0.675,0.68,0.67,68,67,5402,TRUE,TRUE,TRUE,FALSE,TRUE,TRUE,TRUE,"ok","ok","",""
"SchirmerM_2016","Schirmer 2016",55,"balanced","Ruminococcus",0.895,0.9,0.89,90,89,69120,TRUE,TRUE,TRUE,FALSE,TRUE,TRUE,TRUE,"ok","ok","",""
"SchirmerM_2016","Schirmer 2016",55,"balanced","Streptococcus",0.905,0.89,0.92,89,92,7203,TRUE,TRUE,TRUE,FALSE,TRUE,TRUE,TRUE,"ok","ok","",""
"SchirmerM_2016","Schirmer 2016",55,"fourfold","Agathobaculum",0.905,0.89,0.92,89,92,3638,TRUE,TRUE,TRUE,FALSE,TRUE,TRUE,TRUE,"ok","ok","",""
"SchirmerM_2016","Schirmer 2016",55,"fourfold","Akkermansia",0.475,0.45,0.5,45,50,6561,TRUE,TRUE,TRUE,FALSE,TRUE,TRUE,TRUE,"ok","ok","",""
"SchirmerM_2016","Schirmer 2016",55,"fourfold","Alistipes",0.965,0.95,0.98,95,98,26505,TRUE,TRUE,TRUE,FALSE,TRUE,TRUE,TRUE,"ok","ok","",""
"SchirmerM_2016","Schirmer 2016",55,"fourfold","Anaerobutyricum",0.99,0.98,1,98,100,19431,TRUE,TRUE,TRUE,FALSE,TRUE,TRUE,TRUE,"ok","ok","",""
"SchirmerM_2016","Schirmer 2016",55,"fourfold","Anaerostipes",0.995,1,0.99,100,99,24549,TRUE,TRUE,TRUE,FALSE,TRUE,TRUE,TRUE,"ok","ok","",""
"SchirmerM_2016","Schirmer 2016",55,"fourfold","Bacteroides",1,1,1,100,100,55086,TRUE,TRUE,FALSE,TRUE,TRUE,TRUE,TRUE,"no_observed_zeros","ok","",""
"SchirmerM_2016","Schirmer 2016",55,"fourfold","Barnesiella",0.785,0.75,0.82,75,82,6079,TRUE,TRUE,TRUE,FALSE,TRUE,TRUE,TRUE,"ok","ok","",""
"SchirmerM_2016","Schirmer 2016",55,"fourfold","Bifidobacterium",0.98,0.97,0.99,97,99,132060,TRUE,TRUE,TRUE,FALSE,TRUE,TRUE,TRUE,"ok","ok","",""
"SchirmerM_2016","Schirmer 2016",55,"fourfold","Blautia",1,1,1,100,100,19678,TRUE,TRUE,FALSE,TRUE,TRUE,TRUE,TRUE,"no_observed_zeros","ok","",""
"SchirmerM_2016","Schirmer 2016",55,"fourfold","Collinsella",0.925,0.9,0.95,90,95,40405,TRUE,TRUE,TRUE,FALSE,TRUE,TRUE,TRUE,"ok","ok","",""
"SchirmerM_2016","Schirmer 2016",55,"fourfold","Coprococcus",0.97,0.97,0.97,97,97,33047,TRUE,TRUE,TRUE,FALSE,TRUE,TRUE,TRUE,"ok","ok","",""
"SchirmerM_2016","Schirmer 2016",55,"fourfold","Dialister",0.525,0.51,0.54,51,54,4349,TRUE,TRUE,TRUE,FALSE,TRUE,TRUE,TRUE,"ok","ok","",""
"SchirmerM_2016","Schirmer 2016",55,"fourfold","Dorea",0.99,0.99,0.99,99,99,30893,TRUE,TRUE,TRUE,FALSE,TRUE,TRUE,TRUE,"ok","ok","",""
"SchirmerM_2016","Schirmer 2016",55,"fourfold","Eubacterium",0.965,0.96,0.97,96,97,13973,TRUE,TRUE,TRUE,FALSE,TRUE,TRUE,TRUE,"ok","ok","",""
"SchirmerM_2016","Schirmer 2016",55,"fourfold","Faecalibacterium",0.985,0.97,1,97,100,55738,TRUE,TRUE,TRUE,FALSE,TRUE,TRUE,TRUE,"ok","ok","",""
"SchirmerM_2016","Schirmer 2016",55,"fourfold","Firmicutes_unclassified",0.845,0.78,0.91,78,91,4893,TRUE,TRUE,TRUE,FALSE,TRUE,TRUE,TRUE,"ok","ok","",""
"SchirmerM_2016","Schirmer 2016",55,"fourfold","Fusicatenibacter",0.97,0.96,0.98,96,98,33102,TRUE,TRUE,TRUE,FALSE,TRUE,TRUE,TRUE,"ok","ok","",""
"SchirmerM_2016","Schirmer 2016",55,"fourfold","Lachnospira",0.86,0.83,0.89,83,89,11359,TRUE,TRUE,TRUE,FALSE,TRUE,TRUE,TRUE,"ok","ok","",""
"SchirmerM_2016","Schirmer 2016",55,"fourfold","Lachnospiraceae_unclassified",0.92,0.89,0.95,89,95,42274,TRUE,TRUE,TRUE,FALSE,TRUE,TRUE,TRUE,"ok","ok","",""
"SchirmerM_2016","Schirmer 2016",55,"fourfold","Mediterraneibacter",0.98,0.96,1,96,100,24369,TRUE,TRUE,TRUE,FALSE,TRUE,TRUE,TRUE,"ok","ok","",""
"SchirmerM_2016","Schirmer 2016",55,"fourfold","Methanobrevibacter",0.36,0.31,0.41,31,41,8120,TRUE,TRUE,TRUE,FALSE,TRUE,TRUE,TRUE,"ok","ok","",""
"SchirmerM_2016","Schirmer 2016",55,"fourfold","Oscillibacter",0.795,0.73,0.86,73,86,4382,TRUE,TRUE,TRUE,FALSE,TRUE,TRUE,TRUE,"ok","ok","",""
"SchirmerM_2016","Schirmer 2016",55,"fourfold","Parabacteroides",0.955,0.95,0.96,95,96,13525,TRUE,TRUE,TRUE,FALSE,TRUE,TRUE,TRUE,"ok","ok","",""
"SchirmerM_2016","Schirmer 2016",55,"fourfold","Phascolarctobacterium",0.475,0.52,0.43,52,43,3133,TRUE,TRUE,TRUE,FALSE,TRUE,TRUE,TRUE,"ok","ok","",""
"SchirmerM_2016","Schirmer 2016",55,"fourfold","Phocaeicola",1,1,1,100,100,43933,TRUE,TRUE,FALSE,TRUE,TRUE,TRUE,TRUE,"no_observed_zeros","ok","",""
"SchirmerM_2016","Schirmer 2016",55,"fourfold","Prevotella",0.515,0.51,0.52,51,52,55945,TRUE,TRUE,TRUE,FALSE,TRUE,TRUE,TRUE,"ok","ok","",""
"SchirmerM_2016","Schirmer 2016",55,"fourfold","Roseburia",0.99,0.99,0.99,99,99,45584,TRUE,TRUE,TRUE,FALSE,TRUE,TRUE,TRUE,"ok","ok","",""
"SchirmerM_2016","Schirmer 2016",55,"fourfold","Ruminococcaceae_unclassified",0.65,0.53,0.77,53,77,5861,TRUE,TRUE,TRUE,FALSE,TRUE,TRUE,TRUE,"ok","ok","",""
"SchirmerM_2016","Schirmer 2016",55,"fourfold","Ruminococcus",0.885,0.88,0.89,88,89,64193,TRUE,TRUE,TRUE,FALSE,TRUE,TRUE,TRUE,"ok","ok","",""
"SchirmerM_2016","Schirmer 2016",55,"fourfold","Streptococcus",0.86,0.76,0.96,76,96,7024,TRUE,TRUE,TRUE,FALSE,TRUE,TRUE,TRUE,"ok","ok","",""
"SchirmerM_2016","Schirmer 2016",56,"balanced","Agathobaculum",0.895,0.88,0.91,88,91,3831,TRUE,TRUE,TRUE,FALSE,TRUE,TRUE,TRUE,"ok","ok","",""
"SchirmerM_2016","Schirmer 2016",56,"balanced","Akkermansia",0.465,0.54,0.39,54,39,9082,TRUE,TRUE,TRUE,FALSE,TRUE,TRUE,TRUE,"ok","ok","",""
"SchirmerM_2016","Schirmer 2016",56,"balanced","Alistipes",0.945,0.96,0.93,96,93,29224,TRUE,TRUE,TRUE,FALSE,TRUE,TRUE,TRUE,"ok","ok","",""
"SchirmerM_2016","Schirmer 2016",56,"balanced","Anaerobutyricum",0.99,0.99,0.99,99,99,21238,TRUE,TRUE,TRUE,FALSE,TRUE,TRUE,TRUE,"ok","ok","",""
"SchirmerM_2016","Schirmer 2016",56,"balanced","Anaerostipes",0.985,1,0.97,100,97,24874,TRUE,TRUE,TRUE,FALSE,TRUE,TRUE,TRUE,"ok","ok","",""
"SchirmerM_2016","Schirmer 2016",56,"balanced","Bacteroides",1,1,1,100,100,57645,TRUE,TRUE,FALSE,TRUE,TRUE,TRUE,TRUE,"no_observed_zeros","ok","",""
"SchirmerM_2016","Schirmer 2016",56,"balanced","Barnesiella",0.8,0.82,0.78,82,78,6957,TRUE,TRUE,TRUE,FALSE,TRUE,TRUE,TRUE,"ok","ok","",""
"SchirmerM_2016","Schirmer 2016",56,"balanced","Bifidobacterium",0.98,0.97,0.99,97,99,126385,TRUE,TRUE,TRUE,FALSE,TRUE,TRUE,TRUE,"ok","ok","",""
"SchirmerM_2016","Schirmer 2016",56,"balanced","Blautia",1,1,1,100,100,22846,TRUE,TRUE,FALSE,TRUE,TRUE,TRUE,TRUE,"no_observed_zeros","ok","",""
"SchirmerM_2016","Schirmer 2016",56,"balanced","Collinsella",0.94,0.98,0.9,98,90,40142,TRUE,TRUE,TRUE,FALSE,TRUE,TRUE,TRUE,"ok","ok","",""
"SchirmerM_2016","Schirmer 2016",56,"balanced","Coprococcus",0.97,0.98,0.96,98,96,33496,TRUE,TRUE,TRUE,FALSE,TRUE,TRUE,TRUE,"ok","ok","",""
"SchirmerM_2016","Schirmer 2016",56,"balanced","Dialister",0.54,0.5,0.58,50,58,5743,TRUE,TRUE,TRUE,FALSE,TRUE,TRUE,TRUE,"ok","ok","",""
"SchirmerM_2016","Schirmer 2016",56,"balanced","Dorea",0.99,0.99,0.99,99,99,33801,TRUE,TRUE,TRUE,FALSE,TRUE,TRUE,TRUE,"ok","ok","",""
"SchirmerM_2016","Schirmer 2016",56,"balanced","Eubacterium",0.99,0.99,0.99,99,99,16910,TRUE,TRUE,TRUE,FALSE,TRUE,TRUE,TRUE,"ok","ok","",""
"SchirmerM_2016","Schirmer 2016",56,"balanced","Faecalibacterium",0.985,1,0.97,100,97,60134,TRUE,TRUE,TRUE,FALSE,TRUE,TRUE,TRUE,"ok","ok","",""
"SchirmerM_2016","Schirmer 2016",56,"balanced","Firmicutes_unclassified",0.87,0.87,0.87,87,87,5390,TRUE,TRUE,TRUE,FALSE,TRUE,TRUE,TRUE,"ok","ok","",""
"SchirmerM_2016","Schirmer 2016",56,"balanced","Fusicatenibacter",0.975,1,0.95,100,95,33458,TRUE,TRUE,TRUE,FALSE,TRUE,TRUE,TRUE,"ok","ok","",""
"SchirmerM_2016","Schirmer 2016",56,"balanced","Lachnospira",0.87,0.9,0.84,90,84,9856,TRUE,TRUE,TRUE,FALSE,TRUE,TRUE,TRUE,"ok","ok","",""
"SchirmerM_2016","Schirmer 2016",56,"balanced","Lachnospiraceae_unclassified",0.94,0.94,0.94,94,94,41611,TRUE,TRUE,TRUE,FALSE,TRUE,TRUE,TRUE,"ok","ok","",""
"SchirmerM_2016","Schirmer 2016",56,"balanced","Mediterraneibacter",0.985,0.98,0.99,98,99,26328,TRUE,TRUE,TRUE,FALSE,TRUE,TRUE,TRUE,"ok","ok","",""
"SchirmerM_2016","Schirmer 2016",56,"balanced","Methanobrevibacter",0.375,0.4,0.35,40,35,8495,TRUE,TRUE,TRUE,FALSE,TRUE,TRUE,TRUE,"ok","ok","",""
"SchirmerM_2016","Schirmer 2016",56,"balanced","Oscillibacter",0.795,0.82,0.77,82,77,5010,TRUE,TRUE,TRUE,FALSE,TRUE,TRUE,TRUE,"ok","ok","",""
"SchirmerM_2016","Schirmer 2016",56,"balanced","Parabacteroides",0.96,0.98,0.94,98,94,14171,TRUE,TRUE,TRUE,FALSE,TRUE,TRUE,TRUE,"ok","ok","",""
"SchirmerM_2016","Schirmer 2016",56,"balanced","Phascolarctobacterium",0.495,0.51,0.48,51,48,4080,TRUE,TRUE,TRUE,FALSE,TRUE,TRUE,TRUE,"ok","ok","",""
"SchirmerM_2016","Schirmer 2016",56,"balanced","Phocaeicola",1,1,1,100,100,44484,TRUE,TRUE,FALSE,TRUE,TRUE,TRUE,TRUE,"no_observed_zeros","ok","",""
"SchirmerM_2016","Schirmer 2016",56,"balanced","Prevotella",0.505,0.52,0.49,52,49,54630,TRUE,TRUE,TRUE,FALSE,TRUE,TRUE,TRUE,"ok","ok","",""
"SchirmerM_2016","Schirmer 2016",56,"balanced","Roseburia",0.99,1,0.98,100,98,43346,TRUE,TRUE,TRUE,FALSE,TRUE,TRUE,TRUE,"ok","ok","",""
"SchirmerM_2016","Schirmer 2016",56,"balanced","Ruminococcaceae_unclassified",0.705,0.75,0.66,75,66,5202,TRUE,TRUE,TRUE,FALSE,TRUE,TRUE,TRUE,"ok","ok","",""
"SchirmerM_2016","Schirmer 2016",56,"balanced","Ruminococcus",0.885,0.88,0.89,88,89,70913,TRUE,TRUE,TRUE,FALSE,TRUE,TRUE,TRUE,"ok","ok","",""
"SchirmerM_2016","Schirmer 2016",56,"balanced","Streptococcus",0.905,0.88,0.93,88,93,6908,TRUE,TRUE,TRUE,FALSE,TRUE,TRUE,TRUE,"ok","ok","",""
"SchirmerM_2016","Schirmer 2016",56,"fourfold","Agathobaculum",0.9,0.86,0.94,86,94,4007,TRUE,TRUE,TRUE,FALSE,TRUE,TRUE,TRUE,"ok","ok","",""
"SchirmerM_2016","Schirmer 2016",56,"fourfold","Akkermansia",0.45,0.5,0.4,50,40,10152,TRUE,TRUE,TRUE,FALSE,TRUE,TRUE,TRUE,"ok","ok","",""
"SchirmerM_2016","Schirmer 2016",56,"fourfold","Alistipes",0.94,0.94,0.94,94,94,28568,TRUE,TRUE,TRUE,FALSE,TRUE,TRUE,TRUE,"ok","ok","",""
"SchirmerM_2016","Schirmer 2016",56,"fourfold","Anaerobutyricum",0.98,0.97,0.99,97,99,19934,TRUE,TRUE,TRUE,FALSE,TRUE,TRUE,TRUE,"ok","ok","",""
"SchirmerM_2016","Schirmer 2016",56,"fourfold","Anaerostipes",0.995,1,0.99,100,99,23812,TRUE,TRUE,TRUE,FALSE,TRUE,TRUE,TRUE,"ok","ok","",""
"SchirmerM_2016","Schirmer 2016",56,"fourfold","Bacteroides",0.995,0.99,1,99,100,51507,TRUE,TRUE,TRUE,FALSE,TRUE,TRUE,TRUE,"ok","ok","",""
"SchirmerM_2016","Schirmer 2016",56,"fourfold","Barnesiella",0.8,0.81,0.79,81,79,6225,TRUE,TRUE,TRUE,FALSE,TRUE,TRUE,TRUE,"ok","ok","",""
"SchirmerM_2016","Schirmer 2016",56,"fourfold","Bifidobacterium",0.975,0.97,0.98,97,98,136474,TRUE,TRUE,TRUE,FALSE,TRUE,TRUE,TRUE,"ok","ok","",""
"SchirmerM_2016","Schirmer 2016",56,"fourfold","Blautia",1,1,1,100,100,22673,TRUE,TRUE,FALSE,TRUE,TRUE,TRUE,TRUE,"no_observed_zeros","ok","",""
"SchirmerM_2016","Schirmer 2016",56,"fourfold","Collinsella",0.93,0.94,0.92,94,92,39416,TRUE,TRUE,TRUE,FALSE,TRUE,TRUE,TRUE,"ok","ok","",""
"SchirmerM_2016","Schirmer 2016",56,"fourfold","Coprococcus",0.975,0.98,0.97,98,97,31814,TRUE,TRUE,TRUE,FALSE,TRUE,TRUE,TRUE,"ok","ok","",""
"SchirmerM_2016","Schirmer 2016",56,"fourfold","Dialister",0.515,0.43,0.6,43,60,4517,TRUE,TRUE,TRUE,FALSE,TRUE,TRUE,TRUE,"ok","ok","",""
"SchirmerM_2016","Schirmer 2016",56,"fourfold","Dorea",0.99,0.99,0.99,99,99,31077,TRUE,TRUE,TRUE,FALSE,TRUE,TRUE,TRUE,"ok","ok","",""
"SchirmerM_2016","Schirmer 2016",56,"fourfold","Eubacterium",0.975,0.96,0.99,96,99,15361,TRUE,TRUE,TRUE,FALSE,TRUE,TRUE,TRUE,"ok","ok","",""
"SchirmerM_2016","Schirmer 2016",56,"fourfold","Faecalibacterium",0.985,1,0.97,100,97,57354,TRUE,TRUE,TRUE,FALSE,TRUE,TRUE,TRUE,"ok","ok","",""
"SchirmerM_2016","Schirmer 2016",56,"fourfold","Firmicutes_unclassified",0.835,0.8,0.87,80,87,5284,TRUE,TRUE,TRUE,FALSE,TRUE,TRUE,TRUE,"ok","ok","",""
"SchirmerM_2016","Schirmer 2016",56,"fourfold","Fusicatenibacter",0.97,0.99,0.95,99,95,31549,TRUE,TRUE,TRUE,FALSE,TRUE,TRUE,TRUE,"ok","ok","",""
"SchirmerM_2016","Schirmer 2016",56,"fourfold","Lachnospira",0.845,0.87,0.82,87,82,9477,TRUE,TRUE,TRUE,FALSE,TRUE,TRUE,TRUE,"ok","ok","",""
"SchirmerM_2016","Schirmer 2016",56,"fourfold","Lachnospiraceae_unclassified",0.915,0.92,0.91,92,91,41938,TRUE,TRUE,TRUE,FALSE,TRUE,TRUE,TRUE,"ok","ok","",""
"SchirmerM_2016","Schirmer 2016",56,"fourfold","Mediterraneibacter",0.99,0.98,1,98,100,23213,TRUE,TRUE,TRUE,FALSE,TRUE,TRUE,TRUE,"ok","ok","",""
"SchirmerM_2016","Schirmer 2016",56,"fourfold","Methanobrevibacter",0.37,0.39,0.35,39,35,6297,TRUE,TRUE,TRUE,FALSE,TRUE,TRUE,TRUE,"ok","ok","",""
"SchirmerM_2016","Schirmer 2016",56,"fourfold","Oscillibacter",0.81,0.81,0.81,81,81,4031,TRUE,TRUE,TRUE,FALSE,TRUE,TRUE,TRUE,"ok","ok","",""
"SchirmerM_2016","Schirmer 2016",56,"fourfold","Parabacteroides",0.96,0.97,0.95,97,95,12407,TRUE,TRUE,TRUE,FALSE,TRUE,TRUE,TRUE,"ok","ok","",""
"SchirmerM_2016","Schirmer 2016",56,"fourfold","Phascolarctobacterium",0.49,0.47,0.51,47,51,3381,TRUE,TRUE,TRUE,FALSE,TRUE,TRUE,TRUE,"ok","ok","",""
"SchirmerM_2016","Schirmer 2016",56,"fourfold","Phocaeicola",1,1,1,100,100,42606,TRUE,TRUE,FALSE,TRUE,TRUE,TRUE,TRUE,"no_observed_zeros","ok","",""
"SchirmerM_2016","Schirmer 2016",56,"fourfold","Prevotella",0.515,0.51,0.52,51,52,50030,TRUE,TRUE,TRUE,FALSE,TRUE,TRUE,TRUE,"ok","ok","",""
"SchirmerM_2016","Schirmer 2016",56,"fourfold","Roseburia",0.99,1,0.98,100,98,42089,TRUE,TRUE,TRUE,FALSE,TRUE,TRUE,TRUE,"ok","ok","",""
"SchirmerM_2016","Schirmer 2016",56,"fourfold","Ruminococcaceae_unclassified",0.645,0.62,0.67,62,67,6344,TRUE,TRUE,TRUE,FALSE,TRUE,TRUE,TRUE,"ok","ok","",""
"SchirmerM_2016","Schirmer 2016",56,"fourfold","Ruminococcus",0.89,0.87,0.91,87,91,66482,TRUE,TRUE,TRUE,FALSE,TRUE,TRUE,TRUE,"ok","ok","",""
"SchirmerM_2016","Schirmer 2016",56,"fourfold","Streptococcus",0.88,0.79,0.97,79,97,6732,TRUE,TRUE,TRUE,FALSE,TRUE,TRUE,TRUE,"ok","ok","",""
"SchirmerM_2016","Schirmer 2016",57,"balanced","Agathobaculum",0.925,0.92,0.93,92,93,4126,TRUE,TRUE,TRUE,FALSE,TRUE,TRUE,TRUE,"ok","ok","",""
"SchirmerM_2016","Schirmer 2016",57,"balanced","Akkermansia",0.475,0.47,0.48,47,48,7645,TRUE,TRUE,TRUE,FALSE,TRUE,TRUE,TRUE,"ok","ok","",""
"SchirmerM_2016","Schirmer 2016",57,"balanced","Alistipes",0.95,0.94,0.96,94,96,28317,TRUE,TRUE,TRUE,FALSE,TRUE,TRUE,TRUE,"ok","ok","",""
"SchirmerM_2016","Schirmer 2016",57,"balanced","Anaerobutyricum",0.99,0.98,1,98,100,21504,TRUE,TRUE,TRUE,FALSE,TRUE,TRUE,TRUE,"ok","ok","",""
"SchirmerM_2016","Schirmer 2016",57,"balanced","Anaerostipes",0.995,0.99,1,99,100,26178,TRUE,TRUE,TRUE,FALSE,TRUE,TRUE,TRUE,"ok","ok","",""
"SchirmerM_2016","Schirmer 2016",57,"balanced","Bacteroides",1,1,1,100,100,57008,TRUE,TRUE,FALSE,TRUE,TRUE,TRUE,TRUE,"no_observed_zeros","ok","",""
"SchirmerM_2016","Schirmer 2016",57,"balanced","Barnesiella",0.81,0.84,0.78,84,78,6671,TRUE,TRUE,TRUE,FALSE,TRUE,TRUE,TRUE,"ok","ok","",""
"SchirmerM_2016","Schirmer 2016",57,"balanced","Bifidobacterium",0.975,0.98,0.97,98,97,130366,TRUE,TRUE,TRUE,FALSE,TRUE,TRUE,TRUE,"ok","ok","",""
"SchirmerM_2016","Schirmer 2016",57,"balanced","Blautia",1,1,1,100,100,23092,TRUE,TRUE,FALSE,TRUE,TRUE,TRUE,TRUE,"no_observed_zeros","ok","",""
"SchirmerM_2016","Schirmer 2016",57,"balanced","Collinsella",0.935,0.93,0.94,93,94,40999,TRUE,TRUE,TRUE,FALSE,TRUE,TRUE,TRUE,"ok","ok","",""
"SchirmerM_2016","Schirmer 2016",57,"balanced","Coprococcus",0.975,0.96,0.99,96,99,32343,TRUE,TRUE,TRUE,FALSE,TRUE,TRUE,TRUE,"ok","ok","",""
"SchirmerM_2016","Schirmer 2016",57,"balanced","Dialister",0.55,0.52,0.58,52,58,5363,TRUE,TRUE,TRUE,FALSE,TRUE,TRUE,TRUE,"ok","ok","",""
"SchirmerM_2016","Schirmer 2016",57,"balanced","Dorea",0.995,1,0.99,100,99,33669,TRUE,TRUE,TRUE,FALSE,TRUE,TRUE,TRUE,"ok","ok","",""
"SchirmerM_2016","Schirmer 2016",57,"balanced","Eubacterium",0.98,0.97,0.99,97,99,17510,TRUE,TRUE,TRUE,FALSE,TRUE,TRUE,TRUE,"ok","ok","",""
"SchirmerM_2016","Schirmer 2016",57,"balanced","Faecalibacterium",0.985,0.98,0.99,98,99,61783,TRUE,TRUE,TRUE,FALSE,TRUE,TRUE,TRUE,"ok","ok","",""
"SchirmerM_2016","Schirmer 2016",57,"balanced","Firmicutes_unclassified",0.84,0.88,0.8,88,80,5559,TRUE,TRUE,TRUE,FALSE,TRUE,TRUE,TRUE,"ok","ok","",""
"SchirmerM_2016","Schirmer 2016",57,"balanced","Fusicatenibacter",0.975,0.97,0.98,97,98,34002,TRUE,TRUE,TRUE,FALSE,TRUE,TRUE,TRUE,"ok","ok","",""
"SchirmerM_2016","Schirmer 2016",57,"balanced","Lachnospira",0.85,0.84,0.86,84,86,10332,TRUE,TRUE,TRUE,FALSE,TRUE,TRUE,TRUE,"ok","ok","",""
"SchirmerM_2016","Schirmer 2016",57,"balanced","Lachnospiraceae_unclassified",0.925,0.9,0.95,90,95,42243,TRUE,TRUE,TRUE,FALSE,TRUE,TRUE,TRUE,"ok","ok","",""
"SchirmerM_2016","Schirmer 2016",57,"balanced","Mediterraneibacter",0.99,1,0.98,100,98,26376,TRUE,TRUE,TRUE,FALSE,TRUE,TRUE,TRUE,"ok","ok","",""
"SchirmerM_2016","Schirmer 2016",57,"balanced","Methanobrevibacter",0.38,0.41,0.35,41,35,9190,TRUE,TRUE,TRUE,FALSE,TRUE,TRUE,TRUE,"ok","ok","",""
"SchirmerM_2016","Schirmer 2016",57,"balanced","Oscillibacter",0.825,0.83,0.82,83,82,4789,TRUE,TRUE,TRUE,FALSE,TRUE,TRUE,TRUE,"ok","ok","",""
"SchirmerM_2016","Schirmer 2016",57,"balanced","Parabacteroides",0.955,0.97,0.94,97,94,14139,TRUE,TRUE,TRUE,FALSE,TRUE,TRUE,TRUE,"ok","ok","",""
"SchirmerM_2016","Schirmer 2016",57,"balanced","Phascolarctobacterium",0.5,0.56,0.44,56,44,4043,TRUE,TRUE,TRUE,FALSE,TRUE,TRUE,TRUE,"ok","ok","",""
"SchirmerM_2016","Schirmer 2016",57,"balanced","Phocaeicola",1,1,1,100,100,44355,TRUE,TRUE,FALSE,TRUE,TRUE,TRUE,TRUE,"no_observed_zeros","ok","",""
"SchirmerM_2016","Schirmer 2016",57,"balanced","Prevotella",0.505,0.55,0.46,55,46,57860,TRUE,TRUE,TRUE,FALSE,TRUE,TRUE,TRUE,"ok","ok","",""
"SchirmerM_2016","Schirmer 2016",57,"balanced","Roseburia",0.99,1,0.98,100,98,46116,TRUE,TRUE,TRUE,FALSE,TRUE,TRUE,TRUE,"ok","ok","",""
"SchirmerM_2016","Schirmer 2016",57,"balanced","Ruminococcaceae_unclassified",0.715,0.73,0.7,73,70,5406,TRUE,TRUE,TRUE,FALSE,TRUE,TRUE,TRUE,"ok","ok","",""
"SchirmerM_2016","Schirmer 2016",57,"balanced","Ruminococcus",0.895,0.92,0.87,92,87,70717,TRUE,TRUE,TRUE,FALSE,TRUE,TRUE,TRUE,"ok","ok","",""
"SchirmerM_2016","Schirmer 2016",57,"balanced","Streptococcus",0.93,0.95,0.91,95,91,7525,TRUE,TRUE,TRUE,FALSE,TRUE,TRUE,TRUE,"ok","ok","",""
"SchirmerM_2016","Schirmer 2016",57,"fourfold","Agathobaculum",0.89,0.86,0.92,86,92,3490,TRUE,TRUE,TRUE,FALSE,TRUE,TRUE,TRUE,"ok","ok","",""
"SchirmerM_2016","Schirmer 2016",57,"fourfold","Akkermansia",0.45,0.42,0.48,42,48,9076,TRUE,TRUE,TRUE,FALSE,TRUE,TRUE,TRUE,"ok","ok","",""
"SchirmerM_2016","Schirmer 2016",57,"fourfold","Alistipes",0.95,0.94,0.96,94,96,23614,TRUE,TRUE,TRUE,FALSE,TRUE,TRUE,TRUE,"ok","ok","",""
"SchirmerM_2016","Schirmer 2016",57,"fourfold","Anaerobutyricum",0.99,0.98,1,98,100,18875,TRUE,TRUE,TRUE,FALSE,TRUE,TRUE,TRUE,"ok","ok","",""
"SchirmerM_2016","Schirmer 2016",57,"fourfold","Anaerostipes",0.995,0.99,1,99,100,22749,TRUE,TRUE,TRUE,FALSE,TRUE,TRUE,TRUE,"ok","ok","",""
"SchirmerM_2016","Schirmer 2016",57,"fourfold","Bacteroides",1,1,1,100,100,49256,TRUE,TRUE,FALSE,TRUE,TRUE,TRUE,TRUE,"no_observed_zeros","ok","",""
"SchirmerM_2016","Schirmer 2016",57,"fourfold","Barnesiella",0.815,0.84,0.79,84,79,5294,TRUE,TRUE,TRUE,FALSE,TRUE,TRUE,TRUE,"ok","ok","",""
"SchirmerM_2016","Schirmer 2016",57,"fourfold","Bifidobacterium",0.985,0.99,0.98,99,98,119459,TRUE,TRUE,TRUE,FALSE,TRUE,TRUE,TRUE,"ok","ok","",""
"SchirmerM_2016","Schirmer 2016",57,"fourfold","Blautia",1,1,1,100,100,18420,TRUE,TRUE,FALSE,TRUE,TRUE,TRUE,TRUE,"no_observed_zeros","ok","",""
"SchirmerM_2016","Schirmer 2016",57,"fourfold","Collinsella",0.91,0.9,0.92,90,92,35475,TRUE,TRUE,TRUE,FALSE,TRUE,TRUE,TRUE,"ok","ok","",""
"SchirmerM_2016","Schirmer 2016",57,"fourfold","Coprococcus",0.97,0.95,0.99,95,99,27287,TRUE,TRUE,TRUE,FALSE,TRUE,TRUE,TRUE,"ok","ok","",""
"SchirmerM_2016","Schirmer 2016",57,"fourfold","Dialister",0.515,0.47,0.56,47,56,4368,TRUE,TRUE,TRUE,FALSE,TRUE,TRUE,TRUE,"ok","ok","",""
"SchirmerM_2016","Schirmer 2016",57,"fourfold","Dorea",0.995,1,0.99,100,99,27888,TRUE,TRUE,TRUE,FALSE,TRUE,TRUE,TRUE,"ok","ok","",""
"SchirmerM_2016","Schirmer 2016",57,"fourfold","Eubacterium",0.975,0.96,0.99,96,99,14288,TRUE,TRUE,TRUE,FALSE,TRUE,TRUE,TRUE,"ok","ok","",""
"SchirmerM_2016","Schirmer 2016",57,"fourfold","Faecalibacterium",0.985,0.98,0.99,98,99,50601,TRUE,TRUE,TRUE,FALSE,TRUE,TRUE,TRUE,"ok","ok","",""
"SchirmerM_2016","Schirmer 2016",57,"fourfold","Firmicutes_unclassified",0.82,0.81,0.83,81,83,3891,TRUE,TRUE,TRUE,FALSE,TRUE,TRUE,TRUE,"ok","ok","",""
"SchirmerM_2016","Schirmer 2016",57,"fourfold","Fusicatenibacter",0.965,0.96,0.97,96,97,28921,TRUE,TRUE,TRUE,FALSE,TRUE,TRUE,TRUE,"ok","ok","",""
"SchirmerM_2016","Schirmer 2016",57,"fourfold","Lachnospira",0.84,0.85,0.83,85,83,9105,TRUE,TRUE,TRUE,FALSE,TRUE,TRUE,TRUE,"ok","ok","",""
"SchirmerM_2016","Schirmer 2016",57,"fourfold","Lachnospiraceae_unclassified",0.9,0.87,0.93,87,93,43277,TRUE,TRUE,TRUE,FALSE,TRUE,TRUE,TRUE,"ok","ok","",""
"SchirmerM_2016","Schirmer 2016",57,"fourfold","Mediterraneibacter",0.985,0.98,0.99,98,99,19907,TRUE,TRUE,TRUE,FALSE,TRUE,TRUE,TRUE,"ok","ok","",""
"SchirmerM_2016","Schirmer 2016",57,"fourfold","Methanobrevibacter",0.365,0.4,0.33,40,33,6564,TRUE,TRUE,TRUE,FALSE,TRUE,TRUE,TRUE,"ok","ok","",""
"SchirmerM_2016","Schirmer 2016",57,"fourfold","Oscillibacter",0.795,0.75,0.84,75,84,3894,TRUE,TRUE,TRUE,FALSE,TRUE,TRUE,TRUE,"ok","ok","",""
"SchirmerM_2016","Schirmer 2016",57,"fourfold","Parabacteroides",0.96,0.97,0.95,97,95,11519,TRUE,TRUE,TRUE,FALSE,TRUE,TRUE,TRUE,"ok","ok","",""
"SchirmerM_2016","Schirmer 2016",57,"fourfold","Phascolarctobacterium",0.48,0.51,0.45,51,45,3246,TRUE,TRUE,TRUE,FALSE,TRUE,TRUE,TRUE,"ok","ok","",""
"SchirmerM_2016","Schirmer 2016",57,"fourfold","Phocaeicola",1,1,1,100,100,38347,TRUE,TRUE,FALSE,TRUE,TRUE,TRUE,TRUE,"no_observed_zeros","ok","",""
"SchirmerM_2016","Schirmer 2016",57,"fourfold","Prevotella",0.51,0.53,0.49,53,49,51186,TRUE,TRUE,TRUE,FALSE,TRUE,TRUE,TRUE,"ok","ok","",""
"SchirmerM_2016","Schirmer 2016",57,"fourfold","Roseburia",0.985,1,0.97,100,97,37182,TRUE,TRUE,TRUE,FALSE,TRUE,TRUE,TRUE,"ok","ok","",""
"SchirmerM_2016","Schirmer 2016",57,"fourfold","Ruminococcaceae_unclassified",0.655,0.56,0.75,56,75,4479,TRUE,TRUE,TRUE,FALSE,TRUE,TRUE,TRUE,"ok","ok","",""
"SchirmerM_2016","Schirmer 2016",57,"fourfold","Ruminococcus",0.895,0.91,0.88,91,88,59328,TRUE,TRUE,TRUE,FALSE,TRUE,TRUE,TRUE,"ok","ok","",""
"SchirmerM_2016","Schirmer 2016",57,"fourfold","Streptococcus",0.885,0.85,0.92,85,92,7278,TRUE,TRUE,TRUE,FALSE,TRUE,TRUE,TRUE,"ok","ok","",""
"SchirmerM_2016","Schirmer 2016",58,"balanced","Agathobaculum",0.91,0.92,0.9,92,90,3564,TRUE,TRUE,TRUE,FALSE,TRUE,TRUE,TRUE,"ok","ok","",""
"SchirmerM_2016","Schirmer 2016",58,"balanced","Akkermansia",0.47,0.45,0.49,45,49,8767,TRUE,TRUE,TRUE,FALSE,TRUE,TRUE,TRUE,"ok","ok","",""
"SchirmerM_2016","Schirmer 2016",58,"balanced","Alistipes",0.96,0.94,0.98,94,98,27521,TRUE,TRUE,TRUE,FALSE,TRUE,TRUE,TRUE,"ok","ok","",""
"SchirmerM_2016","Schirmer 2016",58,"balanced","Anaerobutyricum",0.99,0.99,0.99,99,99,20187,TRUE,TRUE,TRUE,FALSE,TRUE,TRUE,TRUE,"ok","ok","",""
"SchirmerM_2016","Schirmer 2016",58,"balanced","Anaerostipes",0.995,0.99,1,99,100,24731,TRUE,TRUE,TRUE,FALSE,TRUE,TRUE,TRUE,"ok","ok","",""
"SchirmerM_2016","Schirmer 2016",58,"balanced","Bacteroides",1,1,1,100,100,55897,TRUE,TRUE,FALSE,TRUE,TRUE,TRUE,TRUE,"no_observed_zeros","ok","",""
"SchirmerM_2016","Schirmer 2016",58,"balanced","Barnesiella",0.82,0.83,0.81,83,81,6380,TRUE,TRUE,TRUE,FALSE,TRUE,TRUE,TRUE,"ok","ok","",""
"SchirmerM_2016","Schirmer 2016",58,"balanced","Bifidobacterium",0.975,0.97,0.98,97,98,129072,TRUE,TRUE,TRUE,FALSE,TRUE,TRUE,TRUE,"ok","ok","",""
"SchirmerM_2016","Schirmer 2016",58,"balanced","Blautia",1,1,1,100,100,22413,TRUE,TRUE,FALSE,TRUE,TRUE,TRUE,TRUE,"no_observed_zeros","ok","",""
"SchirmerM_2016","Schirmer 2016",58,"balanced","Collinsella",0.945,0.93,0.96,93,96,40481,TRUE,TRUE,TRUE,FALSE,TRUE,TRUE,TRUE,"ok","ok","",""
"SchirmerM_2016","Schirmer 2016",58,"balanced","Coprococcus",0.975,0.99,0.96,99,96,31702,TRUE,TRUE,TRUE,FALSE,TRUE,TRUE,TRUE,"ok","ok","",""
"SchirmerM_2016","Schirmer 2016",58,"balanced","Dialister",0.535,0.5,0.57,50,57,4773,TRUE,TRUE,TRUE,FALSE,TRUE,TRUE,TRUE,"ok","ok","",""
"SchirmerM_2016","Schirmer 2016",58,"balanced","Dorea",0.995,0.99,1,99,100,31227,TRUE,TRUE,TRUE,FALSE,TRUE,TRUE,TRUE,"ok","ok","",""
"SchirmerM_2016","Schirmer 2016",58,"balanced","Eubacterium",0.985,1,0.97,100,97,16677,TRUE,TRUE,TRUE,FALSE,TRUE,TRUE,TRUE,"ok","ok","",""
"SchirmerM_2016","Schirmer 2016",58,"balanced","Faecalibacterium",0.985,0.99,0.98,99,98,57866,TRUE,TRUE,TRUE,FALSE,TRUE,TRUE,TRUE,"ok","ok","",""
"SchirmerM_2016","Schirmer 2016",58,"balanced","Firmicutes_unclassified",0.86,0.85,0.87,85,87,5140,TRUE,TRUE,TRUE,FALSE,TRUE,TRUE,TRUE,"ok","ok","",""
"SchirmerM_2016","Schirmer 2016",58,"balanced","Fusicatenibacter",0.975,0.97,0.98,97,98,33888,TRUE,TRUE,TRUE,FALSE,TRUE,TRUE,TRUE,"ok","ok","",""
"SchirmerM_2016","Schirmer 2016",58,"balanced","Lachnospira",0.865,0.86,0.87,86,87,10003,TRUE,TRUE,TRUE,FALSE,TRUE,TRUE,TRUE,"ok","ok","",""
"SchirmerM_2016","Schirmer 2016",58,"balanced","Lachnospiraceae_unclassified",0.94,0.92,0.96,92,96,43218,TRUE,TRUE,TRUE,FALSE,TRUE,TRUE,TRUE,"ok","ok","",""
"SchirmerM_2016","Schirmer 2016",58,"balanced","Mediterraneibacter",0.985,0.98,0.99,98,99,25027,TRUE,TRUE,TRUE,FALSE,TRUE,TRUE,TRUE,"ok","ok","",""
"SchirmerM_2016","Schirmer 2016",58,"balanced","Methanobrevibacter",0.365,0.29,0.44,29,44,8551,TRUE,TRUE,TRUE,FALSE,TRUE,TRUE,TRUE,"ok","ok","",""
"SchirmerM_2016","Schirmer 2016",58,"balanced","Oscillibacter",0.82,0.81,0.83,81,83,4529,TRUE,TRUE,TRUE,FALSE,TRUE,TRUE,TRUE,"ok","ok","",""
"SchirmerM_2016","Schirmer 2016",58,"balanced","Parabacteroides",0.965,0.95,0.98,95,98,13157,TRUE,TRUE,TRUE,FALSE,TRUE,TRUE,TRUE,"ok","ok","",""
"SchirmerM_2016","Schirmer 2016",58,"balanced","Phascolarctobacterium",0.485,0.57,0.4,57,40,3950,TRUE,TRUE,TRUE,FALSE,TRUE,TRUE,TRUE,"ok","ok","",""
"SchirmerM_2016","Schirmer 2016",58,"balanced","Phocaeicola",1,1,1,100,100,42673,TRUE,TRUE,FALSE,TRUE,TRUE,TRUE,TRUE,"no_observed_zeros","ok","",""
"SchirmerM_2016","Schirmer 2016",58,"balanced","Prevotella",0.52,0.47,0.57,47,57,52484,TRUE,TRUE,TRUE,FALSE,TRUE,TRUE,TRUE,"ok","ok","",""
"SchirmerM_2016","Schirmer 2016",58,"balanced","Roseburia",0.995,1,0.99,100,99,44280,TRUE,TRUE,TRUE,FALSE,TRUE,TRUE,TRUE,"ok","ok","",""
"SchirmerM_2016","Schirmer 2016",58,"balanced","Ruminococcaceae_unclassified",0.735,0.7,0.77,70,77,5029,TRUE,TRUE,TRUE,FALSE,TRUE,TRUE,TRUE,"ok","ok","",""
"SchirmerM_2016","Schirmer 2016",58,"balanced","Ruminococcus",0.895,0.86,0.93,86,93,69134,TRUE,TRUE,TRUE,FALSE,TRUE,TRUE,TRUE,"ok","ok","",""
"SchirmerM_2016","Schirmer 2016",58,"balanced","Streptococcus",0.9,0.94,0.86,94,86,7207,TRUE,TRUE,TRUE,FALSE,TRUE,TRUE,TRUE,"ok","ok","",""
"SchirmerM_2016","Schirmer 2016",58,"fourfold","Agathobaculum",0.865,0.82,0.91,82,91,3230,TRUE,TRUE,TRUE,FALSE,TRUE,TRUE,TRUE,"ok","ok","",""
"SchirmerM_2016","Schirmer 2016",58,"fourfold","Akkermansia",0.47,0.45,0.49,45,49,9247,TRUE,TRUE,TRUE,FALSE,TRUE,TRUE,TRUE,"ok","ok","",""
"SchirmerM_2016","Schirmer 2016",58,"fourfold","Alistipes",0.95,0.92,0.98,92,98,25136,TRUE,TRUE,TRUE,FALSE,TRUE,TRUE,TRUE,"ok","ok","",""
"SchirmerM_2016","Schirmer 2016",58,"fourfold","Anaerobutyricum",0.985,0.98,0.99,98,99,17020,TRUE,TRUE,TRUE,FALSE,TRUE,TRUE,TRUE,"ok","ok","",""
"SchirmerM_2016","Schirmer 2016",58,"fourfold","Anaerostipes",0.995,0.99,1,99,100,20067,TRUE,TRUE,TRUE,FALSE,TRUE,TRUE,TRUE,"ok","ok","",""
"SchirmerM_2016","Schirmer 2016",58,"fourfold","Bacteroides",1,1,1,100,100,52628,TRUE,TRUE,FALSE,TRUE,TRUE,TRUE,TRUE,"no_observed_zeros","ok","",""
"SchirmerM_2016","Schirmer 2016",58,"fourfold","Barnesiella",0.805,0.79,0.82,79,82,6193,TRUE,TRUE,TRUE,FALSE,TRUE,TRUE,TRUE,"ok","ok","",""
"SchirmerM_2016","Schirmer 2016",58,"fourfold","Bifidobacterium",0.975,0.97,0.98,97,98,103619,TRUE,TRUE,TRUE,FALSE,TRUE,TRUE,TRUE,"ok","ok","",""
"SchirmerM_2016","Schirmer 2016",58,"fourfold","Blautia",1,1,1,100,100,17156,TRUE,TRUE,FALSE,TRUE,TRUE,TRUE,TRUE,"no_observed_zeros","ok","",""
"SchirmerM_2016","Schirmer 2016",58,"fourfold","Collinsella",0.93,0.89,0.97,89,97,32452,TRUE,TRUE,TRUE,FALSE,TRUE,TRUE,TRUE,"ok","ok","",""
"SchirmerM_2016","Schirmer 2016",58,"fourfold","Coprococcus",0.975,0.99,0.96,99,96,26644,TRUE,TRUE,TRUE,FALSE,TRUE,TRUE,TRUE,"ok","ok","",""
"SchirmerM_2016","Schirmer 2016",58,"fourfold","Dialister",0.53,0.46,0.6,46,60,5216,TRUE,TRUE,TRUE,FALSE,TRUE,TRUE,TRUE,"ok","ok","",""
"SchirmerM_2016","Schirmer 2016",58,"fourfold","Dorea",0.99,0.99,0.99,99,99,27433,TRUE,TRUE,TRUE,FALSE,TRUE,TRUE,TRUE,"ok","ok","",""
"SchirmerM_2016","Schirmer 2016",58,"fourfold","Eubacterium",0.96,0.94,0.98,94,98,13090,TRUE,TRUE,TRUE,FALSE,TRUE,TRUE,TRUE,"ok","ok","",""
"SchirmerM_2016","Schirmer 2016",58,"fourfold","Faecalibacterium",0.985,0.99,0.98,99,98,50851,TRUE,TRUE,TRUE,FALSE,TRUE,TRUE,TRUE,"ok","ok","",""
"SchirmerM_2016","Schirmer 2016",58,"fourfold","Firmicutes_unclassified",0.825,0.73,0.92,73,92,4439,TRUE,TRUE,TRUE,FALSE,TRUE,TRUE,TRUE,"ok","ok","",""
"SchirmerM_2016","Schirmer 2016",58,"fourfold","Fusicatenibacter",0.98,0.97,0.99,97,99,26850,TRUE,TRUE,TRUE,FALSE,TRUE,TRUE,TRUE,"ok","ok","",""
"SchirmerM_2016","Schirmer 2016",58,"fourfold","Lachnospira",0.845,0.8,0.89,80,89,8464,TRUE,TRUE,TRUE,FALSE,TRUE,TRUE,TRUE,"ok","ok","",""
"SchirmerM_2016","Schirmer 2016",58,"fourfold","Lachnospiraceae_unclassified",0.895,0.86,0.93,86,93,40322,TRUE,TRUE,TRUE,FALSE,TRUE,TRUE,TRUE,"ok","ok","",""
"SchirmerM_2016","Schirmer 2016",58,"fourfold","Mediterraneibacter",0.97,0.96,0.98,96,98,21021,TRUE,TRUE,TRUE,FALSE,TRUE,TRUE,TRUE,"ok","ok","",""
"SchirmerM_2016","Schirmer 2016",58,"fourfold","Methanobrevibacter",0.375,0.3,0.45,30,45,8577,TRUE,TRUE,TRUE,FALSE,TRUE,TRUE,TRUE,"ok","ok","",""
"SchirmerM_2016","Schirmer 2016",58,"fourfold","Oscillibacter",0.795,0.73,0.86,73,86,4374,TRUE,TRUE,TRUE,FALSE,TRUE,TRUE,TRUE,"ok","ok","",""
"SchirmerM_2016","Schirmer 2016",58,"fourfold","Parabacteroides",0.95,0.92,0.98,92,98,11978,TRUE,TRUE,TRUE,FALSE,TRUE,TRUE,TRUE,"ok","ok","",""
"SchirmerM_2016","Schirmer 2016",58,"fourfold","Phascolarctobacterium",0.48,0.54,0.42,54,42,3035,TRUE,TRUE,TRUE,FALSE,TRUE,TRUE,TRUE,"ok","ok","",""
"SchirmerM_2016","Schirmer 2016",58,"fourfold","Phocaeicola",1,1,1,100,100,38320,TRUE,TRUE,FALSE,TRUE,TRUE,TRUE,TRUE,"no_observed_zeros","ok","",""
"SchirmerM_2016","Schirmer 2016",58,"fourfold","Prevotella",0.495,0.43,0.56,43,56,47451,TRUE,TRUE,TRUE,FALSE,TRUE,TRUE,TRUE,"ok","ok","",""
"SchirmerM_2016","Schirmer 2016",58,"fourfold","Roseburia",0.985,0.98,0.99,98,99,37205,TRUE,TRUE,TRUE,FALSE,TRUE,TRUE,TRUE,"ok","ok","",""
"SchirmerM_2016","Schirmer 2016",58,"fourfold","Ruminococcaceae_unclassified",0.66,0.57,0.75,57,75,4999,TRUE,TRUE,TRUE,FALSE,TRUE,TRUE,TRUE,"ok","ok","",""
"SchirmerM_2016","Schirmer 2016",58,"fourfold","Ruminococcus",0.9,0.87,0.93,87,93,59929,TRUE,TRUE,TRUE,FALSE,TRUE,TRUE,TRUE,"ok","ok","",""
"SchirmerM_2016","Schirmer 2016",58,"fourfold","Streptococcus",0.925,0.91,0.94,91,94,5722,TRUE,TRUE,TRUE,FALSE,TRUE,TRUE,TRUE,"ok","ok","",""
"SchirmerM_2016","Schirmer 2016",59,"balanced","Agathobaculum",0.905,0.9,0.91,90,91,3973,TRUE,TRUE,TRUE,FALSE,TRUE,TRUE,TRUE,"ok","ok","",""
"SchirmerM_2016","Schirmer 2016",59,"balanced","Akkermansia",0.47,0.45,0.49,45,49,8256,TRUE,TRUE,TRUE,FALSE,TRUE,TRUE,TRUE,"ok","ok","",""
"SchirmerM_2016","Schirmer 2016",59,"balanced","Alistipes",0.94,0.96,0.92,96,92,27265,TRUE,TRUE,TRUE,FALSE,TRUE,TRUE,TRUE,"ok","ok","",""
"SchirmerM_2016","Schirmer 2016",59,"balanced","Anaerobutyricum",0.99,1,0.98,100,98,20158,TRUE,TRUE,TRUE,FALSE,TRUE,TRUE,TRUE,"ok","ok","",""
"SchirmerM_2016","Schirmer 2016",59,"balanced","Anaerostipes",0.995,1,0.99,100,99,22723,TRUE,TRUE,TRUE,FALSE,TRUE,TRUE,TRUE,"ok","ok","",""
"SchirmerM_2016","Schirmer 2016",59,"balanced","Bacteroides",0.995,1,0.99,100,99,56043,TRUE,TRUE,TRUE,FALSE,TRUE,TRUE,TRUE,"ok","ok","",""
"SchirmerM_2016","Schirmer 2016",59,"balanced","Barnesiella",0.81,0.8,0.82,80,82,6884,TRUE,TRUE,TRUE,FALSE,TRUE,TRUE,TRUE,"ok","ok","",""
"SchirmerM_2016","Schirmer 2016",59,"balanced","Bifidobacterium",0.975,0.97,0.98,97,98,120986,TRUE,TRUE,TRUE,FALSE,TRUE,TRUE,TRUE,"ok","ok","",""
"SchirmerM_2016","Schirmer 2016",59,"balanced","Blautia",1,1,1,100,100,20101,TRUE,TRUE,FALSE,TRUE,TRUE,TRUE,TRUE,"no_observed_zeros","ok","",""
"SchirmerM_2016","Schirmer 2016",59,"balanced","Collinsella",0.93,0.93,0.93,93,93,38240,TRUE,TRUE,TRUE,FALSE,TRUE,TRUE,TRUE,"ok","ok","",""
"SchirmerM_2016","Schirmer 2016",59,"balanced","Coprococcus",0.97,0.98,0.96,98,96,32379,TRUE,TRUE,TRUE,FALSE,TRUE,TRUE,TRUE,"ok","ok","",""
"SchirmerM_2016","Schirmer 2016",59,"balanced","Dialister",0.545,0.53,0.56,53,56,5378,TRUE,TRUE,TRUE,FALSE,TRUE,TRUE,TRUE,"ok","ok","",""
"SchirmerM_2016","Schirmer 2016",59,"balanced","Dorea",0.99,0.99,0.99,99,99,31169,TRUE,TRUE,TRUE,FALSE,TRUE,TRUE,TRUE,"ok","ok","",""
"SchirmerM_2016","Schirmer 2016",59,"balanced","Eubacterium",0.965,0.95,0.98,95,98,16466,TRUE,TRUE,TRUE,FALSE,TRUE,TRUE,TRUE,"ok","ok","",""
"SchirmerM_2016","Schirmer 2016",59,"balanced","Faecalibacterium",0.985,0.99,0.98,99,98,58076,TRUE,TRUE,TRUE,FALSE,TRUE,TRUE,TRUE,"ok","ok","",""
"SchirmerM_2016","Schirmer 2016",59,"balanced","Firmicutes_unclassified",0.88,0.9,0.86,90,86,5164,TRUE,TRUE,TRUE,FALSE,TRUE,TRUE,TRUE,"ok","ok","",""
"SchirmerM_2016","Schirmer 2016",59,"balanced","Fusicatenibacter",0.97,0.96,0.98,96,98,31116,TRUE,TRUE,TRUE,FALSE,TRUE,TRUE,TRUE,"ok","ok","",""
"SchirmerM_2016","Schirmer 2016",59,"balanced","Lachnospira",0.855,0.82,0.89,82,89,10431,TRUE,TRUE,TRUE,FALSE,TRUE,TRUE,TRUE,"ok","ok","",""
"SchirmerM_2016","Schirmer 2016",59,"balanced","Lachnospiraceae_unclassified",0.935,0.92,0.95,92,95,41459,TRUE,TRUE,TRUE,FALSE,TRUE,TRUE,TRUE,"ok","ok","",""
"SchirmerM_2016","Schirmer 2016",59,"balanced","Mediterraneibacter",0.99,1,0.98,100,98,22721,TRUE,TRUE,TRUE,FALSE,TRUE,TRUE,TRUE,"ok","ok","",""
"SchirmerM_2016","Schirmer 2016",59,"balanced","Methanobrevibacter",0.375,0.3,0.45,30,45,8102,TRUE,TRUE,TRUE,FALSE,TRUE,TRUE,TRUE,"ok","ok","",""
"SchirmerM_2016","Schirmer 2016",59,"balanced","Oscillibacter",0.825,0.83,0.82,83,82,4591,TRUE,TRUE,TRUE,FALSE,TRUE,TRUE,TRUE,"ok","ok","",""
"SchirmerM_2016","Schirmer 2016",59,"balanced","Parabacteroides",0.96,0.97,0.95,97,95,13694,TRUE,TRUE,TRUE,FALSE,TRUE,TRUE,TRUE,"ok","ok","",""
"SchirmerM_2016","Schirmer 2016",59,"balanced","Phascolarctobacterium",0.485,0.49,0.48,49,48,3667,TRUE,TRUE,TRUE,FALSE,TRUE,TRUE,TRUE,"ok","ok","",""
"SchirmerM_2016","Schirmer 2016",59,"balanced","Phocaeicola",1,1,1,100,100,43826,TRUE,TRUE,FALSE,TRUE,TRUE,TRUE,TRUE,"no_observed_zeros","ok","",""
"SchirmerM_2016","Schirmer 2016",59,"balanced","Prevotella",0.505,0.47,0.54,47,54,49746,TRUE,TRUE,TRUE,FALSE,TRUE,TRUE,TRUE,"ok","ok","",""
"SchirmerM_2016","Schirmer 2016",59,"balanced","Roseburia",0.99,0.99,0.99,99,99,45044,TRUE,TRUE,TRUE,FALSE,TRUE,TRUE,TRUE,"ok","ok","",""
"SchirmerM_2016","Schirmer 2016",59,"balanced","Ruminococcaceae_unclassified",0.675,0.69,0.66,69,66,6556,TRUE,TRUE,TRUE,FALSE,TRUE,TRUE,TRUE,"ok","ok","",""
"SchirmerM_2016","Schirmer 2016",59,"balanced","Ruminococcus",0.905,0.88,0.93,88,93,65086,TRUE,TRUE,TRUE,FALSE,TRUE,TRUE,TRUE,"ok","ok","",""
"SchirmerM_2016","Schirmer 2016",59,"balanced","Streptococcus",0.92,0.92,0.92,92,92,6949,TRUE,TRUE,TRUE,FALSE,TRUE,TRUE,TRUE,"ok","ok","",""
"SchirmerM_2016","Schirmer 2016",59,"fourfold","Agathobaculum",0.885,0.8,0.97,80,97,4079,TRUE,TRUE,TRUE,FALSE,TRUE,TRUE,TRUE,"ok","ok","",""
"SchirmerM_2016","Schirmer 2016",59,"fourfold","Akkermansia",0.47,0.42,0.52,42,52,7384,TRUE,TRUE,TRUE,FALSE,TRUE,TRUE,TRUE,"ok","ok","",""
"SchirmerM_2016","Schirmer 2016",59,"fourfold","Alistipes",0.93,0.93,0.93,93,93,28918,TRUE,TRUE,TRUE,FALSE,TRUE,TRUE,TRUE,"ok","ok","",""
"SchirmerM_2016","Schirmer 2016",59,"fourfold","Anaerobutyricum",0.99,1,0.98,100,98,20190,TRUE,TRUE,TRUE,FALSE,TRUE,TRUE,TRUE,"ok","ok","",""
"SchirmerM_2016","Schirmer 2016",59,"fourfold","Anaerostipes",0.995,1,0.99,100,99,21229,TRUE,TRUE,TRUE,FALSE,TRUE,TRUE,TRUE,"ok","ok","",""
"SchirmerM_2016","Schirmer 2016",59,"fourfold","Bacteroides",1,1,1,100,100,56968,TRUE,TRUE,FALSE,TRUE,TRUE,TRUE,TRUE,"no_observed_zeros","ok","",""
"SchirmerM_2016","Schirmer 2016",59,"fourfold","Barnesiella",0.79,0.75,0.83,75,83,7796,TRUE,TRUE,TRUE,FALSE,TRUE,TRUE,TRUE,"ok","ok","",""
"SchirmerM_2016","Schirmer 2016",59,"fourfold","Bifidobacterium",0.975,0.97,0.98,97,98,123262,TRUE,TRUE,TRUE,FALSE,TRUE,TRUE,TRUE,"ok","ok","",""
"SchirmerM_2016","Schirmer 2016",59,"fourfold","Blautia",0.995,0.99,1,99,100,19146,TRUE,TRUE,FALSE,TRUE,TRUE,TRUE,TRUE,"structural_absence_boundary_at_zero","ok","",""
"SchirmerM_2016","Schirmer 2016",59,"fourfold","Collinsella",0.92,0.9,0.94,90,94,37532,TRUE,TRUE,TRUE,FALSE,TRUE,TRUE,TRUE,"ok","ok","",""
"SchirmerM_2016","Schirmer 2016",59,"fourfold","Coprococcus",0.975,0.99,0.96,99,96,33664,TRUE,TRUE,TRUE,FALSE,TRUE,TRUE,TRUE,"ok","ok","",""
"SchirmerM_2016","Schirmer 2016",59,"fourfold","Dialister",0.525,0.49,0.56,49,56,5343,TRUE,TRUE,TRUE,FALSE,TRUE,TRUE,TRUE,"ok","ok","",""
"SchirmerM_2016","Schirmer 2016",59,"fourfold","Dorea",0.995,0.99,1,99,100,32147,TRUE,TRUE,TRUE,FALSE,TRUE,TRUE,TRUE,"ok","ok","",""
"SchirmerM_2016","Schirmer 2016",59,"fourfold","Eubacterium",0.965,0.93,1,93,100,15096,TRUE,TRUE,TRUE,FALSE,TRUE,TRUE,TRUE,"ok","ok","",""
"SchirmerM_2016","Schirmer 2016",59,"fourfold","Faecalibacterium",0.985,0.99,0.98,99,98,59774,TRUE,TRUE,TRUE,FALSE,TRUE,TRUE,TRUE,"ok","ok","",""
"SchirmerM_2016","Schirmer 2016",59,"fourfold","Firmicutes_unclassified",0.805,0.76,0.85,76,85,5127,TRUE,TRUE,TRUE,FALSE,TRUE,TRUE,TRUE,"ok","ok","",""
"SchirmerM_2016","Schirmer 2016",59,"fourfold","Fusicatenibacter",0.975,0.97,0.98,97,98,30854,TRUE,TRUE,TRUE,FALSE,TRUE,TRUE,TRUE,"ok","ok","",""
"SchirmerM_2016","Schirmer 2016",59,"fourfold","Lachnospira",0.86,0.8,0.92,80,92,11429,TRUE,TRUE,TRUE,FALSE,TRUE,TRUE,TRUE,"ok","ok","",""
"SchirmerM_2016","Schirmer 2016",59,"fourfold","Lachnospiraceae_unclassified",0.9,0.86,0.94,86,94,47018,TRUE,TRUE,TRUE,FALSE,TRUE,TRUE,TRUE,"ok","ok","",""
"SchirmerM_2016","Schirmer 2016",59,"fourfold","Mediterraneibacter",0.98,0.98,0.98,98,98,24390,TRUE,TRUE,TRUE,FALSE,TRUE,TRUE,TRUE,"ok","ok","",""
"SchirmerM_2016","Schirmer 2016",59,"fourfold","Methanobrevibacter",0.365,0.28,0.45,28,45,8754,TRUE,TRUE,TRUE,FALSE,TRUE,TRUE,TRUE,"ok","ok","",""
"SchirmerM_2016","Schirmer 2016",59,"fourfold","Oscillibacter",0.8,0.75,0.85,75,85,4758,TRUE,TRUE,TRUE,FALSE,TRUE,TRUE,TRUE,"ok","ok","",""
"SchirmerM_2016","Schirmer 2016",59,"fourfold","Parabacteroides",0.96,0.96,0.96,96,96,12493,TRUE,TRUE,TRUE,FALSE,TRUE,TRUE,TRUE,"ok","ok","",""
"SchirmerM_2016","Schirmer 2016",59,"fourfold","Phascolarctobacterium",0.48,0.45,0.51,45,51,3300,TRUE,TRUE,TRUE,FALSE,TRUE,TRUE,TRUE,"ok","ok","",""
"SchirmerM_2016","Schirmer 2016",59,"fourfold","Phocaeicola",1,1,1,100,100,43312,TRUE,TRUE,FALSE,TRUE,TRUE,TRUE,TRUE,"no_observed_zeros","ok","",""
"SchirmerM_2016","Schirmer 2016",59,"fourfold","Prevotella",0.485,0.44,0.53,44,53,46993,TRUE,TRUE,TRUE,FALSE,TRUE,TRUE,TRUE,"ok","ok","",""
"SchirmerM_2016","Schirmer 2016",59,"fourfold","Roseburia",0.98,0.97,0.99,97,99,45788,TRUE,TRUE,TRUE,FALSE,TRUE,TRUE,TRUE,"ok","ok","",""
"SchirmerM_2016","Schirmer 2016",59,"fourfold","Ruminococcaceae_unclassified",0.67,0.6,0.74,60,74,5355,TRUE,TRUE,TRUE,FALSE,TRUE,TRUE,TRUE,"ok","ok","",""
"SchirmerM_2016","Schirmer 2016",59,"fourfold","Ruminococcus",0.9,0.88,0.92,88,92,69259,TRUE,TRUE,TRUE,FALSE,TRUE,TRUE,TRUE,"ok","ok","",""
"SchirmerM_2016","Schirmer 2016",59,"fourfold","Streptococcus",0.88,0.8,0.96,80,96,8141,TRUE,TRUE,TRUE,FALSE,TRUE,TRUE,TRUE,"ok","ok","",""
"SchirmerM_2016","Schirmer 2016",60,"balanced","Agathobaculum",0.93,0.93,0.93,93,93,3810,TRUE,TRUE,TRUE,FALSE,TRUE,TRUE,TRUE,"ok","ok","",""
"SchirmerM_2016","Schirmer 2016",60,"balanced","Akkermansia",0.48,0.44,0.52,44,52,7762,TRUE,TRUE,TRUE,FALSE,TRUE,TRUE,TRUE,"ok","ok","",""
"SchirmerM_2016","Schirmer 2016",60,"balanced","Alistipes",0.965,0.95,0.98,95,98,30591,TRUE,TRUE,TRUE,FALSE,TRUE,TRUE,TRUE,"ok","ok","",""
"SchirmerM_2016","Schirmer 2016",60,"balanced","Anaerobutyricum",0.99,1,0.98,100,98,21327,TRUE,TRUE,TRUE,FALSE,TRUE,TRUE,TRUE,"ok","ok","",""
"SchirmerM_2016","Schirmer 2016",60,"balanced","Anaerostipes",0.995,0.99,1,99,100,24463,TRUE,TRUE,TRUE,FALSE,TRUE,TRUE,TRUE,"ok","ok","",""
"SchirmerM_2016","Schirmer 2016",60,"balanced","Bacteroides",0.995,1,0.99,100,99,55800,TRUE,TRUE,TRUE,FALSE,TRUE,TRUE,TRUE,"ok","ok","",""
"SchirmerM_2016","Schirmer 2016",60,"balanced","Barnesiella",0.805,0.81,0.8,81,80,6776,TRUE,TRUE,TRUE,FALSE,TRUE,TRUE,TRUE,"ok","ok","",""
"SchirmerM_2016","Schirmer 2016",60,"balanced","Bifidobacterium",0.975,0.97,0.98,97,98,132088,TRUE,TRUE,TRUE,FALSE,TRUE,TRUE,TRUE,"ok","ok","",""
"SchirmerM_2016","Schirmer 2016",60,"balanced","Blautia",1,1,1,100,100,21626,TRUE,TRUE,FALSE,TRUE,TRUE,TRUE,TRUE,"no_observed_zeros","ok","",""
"SchirmerM_2016","Schirmer 2016",60,"balanced","Collinsella",0.94,0.95,0.93,95,93,40452,TRUE,TRUE,TRUE,FALSE,TRUE,TRUE,TRUE,"ok","ok","",""
"SchirmerM_2016","Schirmer 2016",60,"balanced","Coprococcus",0.98,0.97,0.99,97,99,32572,TRUE,TRUE,TRUE,FALSE,TRUE,TRUE,TRUE,"ok","ok","",""
"SchirmerM_2016","Schirmer 2016",60,"balanced","Dialister",0.535,0.54,0.53,54,53,4966,TRUE,TRUE,TRUE,FALSE,TRUE,TRUE,TRUE,"ok","ok","",""
"SchirmerM_2016","Schirmer 2016",60,"balanced","Dorea",0.99,0.99,0.99,99,99,32782,TRUE,TRUE,TRUE,FALSE,TRUE,TRUE,TRUE,"ok","ok","",""
"SchirmerM_2016","Schirmer 2016",60,"balanced","Eubacterium",0.99,1,0.98,100,98,16624,TRUE,TRUE,TRUE,FALSE,TRUE,TRUE,TRUE,"ok","ok","",""
"SchirmerM_2016","Schirmer 2016",60,"balanced","Faecalibacterium",0.985,0.98,0.99,98,99,61903,TRUE,TRUE,TRUE,FALSE,TRUE,TRUE,TRUE,"ok","ok","",""
"SchirmerM_2016","Schirmer 2016",60,"balanced","Firmicutes_unclassified",0.87,0.85,0.89,85,89,5615,TRUE,TRUE,TRUE,FALSE,TRUE,TRUE,TRUE,"ok","ok","",""
"SchirmerM_2016","Schirmer 2016",60,"balanced","Fusicatenibacter",0.98,0.97,0.99,97,99,33515,TRUE,TRUE,TRUE,FALSE,TRUE,TRUE,TRUE,"ok","ok","",""
"SchirmerM_2016","Schirmer 2016",60,"balanced","Lachnospira",0.865,0.84,0.89,84,89,10378,TRUE,TRUE,TRUE,FALSE,TRUE,TRUE,TRUE,"ok","ok","",""
"SchirmerM_2016","Schirmer 2016",60,"balanced","Lachnospiraceae_unclassified",0.94,0.93,0.95,93,95,46190,TRUE,TRUE,TRUE,FALSE,TRUE,TRUE,TRUE,"ok","ok","",""
"SchirmerM_2016","Schirmer 2016",60,"balanced","Mediterraneibacter",0.985,0.99,0.98,99,98,27019,TRUE,TRUE,TRUE,FALSE,TRUE,TRUE,TRUE,"ok","ok","",""
"SchirmerM_2016","Schirmer 2016",60,"balanced","Methanobrevibacter",0.375,0.35,0.4,35,40,8466,TRUE,TRUE,TRUE,FALSE,TRUE,TRUE,TRUE,"ok","ok","",""
"SchirmerM_2016","Schirmer 2016",60,"balanced","Oscillibacter",0.82,0.81,0.83,81,83,4607,TRUE,TRUE,TRUE,FALSE,TRUE,TRUE,TRUE,"ok","ok","",""
"SchirmerM_2016","Schirmer 2016",60,"balanced","Parabacteroides",0.96,0.95,0.97,95,97,13906,TRUE,TRUE,TRUE,FALSE,TRUE,TRUE,TRUE,"ok","ok","",""
"SchirmerM_2016","Schirmer 2016",60,"balanced","Phascolarctobacterium",0.505,0.5,0.51,50,51,3684,TRUE,TRUE,TRUE,FALSE,TRUE,TRUE,TRUE,"ok","ok","",""
"SchirmerM_2016","Schirmer 2016",60,"balanced","Phocaeicola",1,1,1,100,100,44736,TRUE,TRUE,FALSE,TRUE,TRUE,TRUE,TRUE,"no_observed_zeros","ok","",""
"SchirmerM_2016","Schirmer 2016",60,"balanced","Prevotella",0.505,0.49,0.52,49,52,58858,TRUE,TRUE,TRUE,FALSE,TRUE,TRUE,TRUE,"ok","ok","",""
"SchirmerM_2016","Schirmer 2016",60,"balanced","Roseburia",0.985,0.98,0.99,98,99,45269,TRUE,TRUE,TRUE,FALSE,TRUE,TRUE,TRUE,"ok","ok","",""
"SchirmerM_2016","Schirmer 2016",60,"balanced","Ruminococcaceae_unclassified",0.695,0.74,0.65,74,65,6520,TRUE,TRUE,TRUE,FALSE,TRUE,TRUE,TRUE,"ok","ok","",""
"SchirmerM_2016","Schirmer 2016",60,"balanced","Ruminococcus",0.9,0.88,0.92,88,92,74898,TRUE,TRUE,TRUE,FALSE,TRUE,TRUE,TRUE,"ok","ok","",""
"SchirmerM_2016","Schirmer 2016",60,"balanced","Streptococcus",0.935,0.93,0.94,93,94,7100,TRUE,TRUE,TRUE,FALSE,TRUE,TRUE,TRUE,"ok","ok","",""
"SchirmerM_2016","Schirmer 2016",60,"fourfold","Agathobaculum",0.895,0.87,0.92,87,92,3753,TRUE,TRUE,TRUE,FALSE,TRUE,TRUE,TRUE,"ok","ok","",""
"SchirmerM_2016","Schirmer 2016",60,"fourfold","Akkermansia",0.44,0.4,0.48,40,48,11447,TRUE,TRUE,TRUE,FALSE,TRUE,TRUE,TRUE,"ok","ok","",""
"SchirmerM_2016","Schirmer 2016",60,"fourfold","Alistipes",0.945,0.92,0.97,92,97,28426,TRUE,TRUE,TRUE,FALSE,TRUE,TRUE,TRUE,"ok","ok","",""
"SchirmerM_2016","Schirmer 2016",60,"fourfold","Anaerobutyricum",0.985,0.99,0.98,99,98,20294,TRUE,TRUE,TRUE,FALSE,TRUE,TRUE,TRUE,"ok","ok","",""
"SchirmerM_2016","Schirmer 2016",60,"fourfold","Anaerostipes",0.985,0.97,1,97,100,23254,TRUE,TRUE,TRUE,FALSE,TRUE,TRUE,TRUE,"ok","ok","",""
"SchirmerM_2016","Schirmer 2016",60,"fourfold","Bacteroides",0.995,1,0.99,100,99,52367,TRUE,TRUE,TRUE,FALSE,TRUE,TRUE,TRUE,"ok","ok","",""
"SchirmerM_2016","Schirmer 2016",60,"fourfold","Barnesiella",0.79,0.78,0.8,78,80,6546,TRUE,TRUE,TRUE,FALSE,TRUE,TRUE,TRUE,"ok","ok","",""
"SchirmerM_2016","Schirmer 2016",60,"fourfold","Bifidobacterium",0.98,0.97,0.99,97,99,115285,TRUE,TRUE,TRUE,FALSE,TRUE,TRUE,TRUE,"ok","ok","",""
"SchirmerM_2016","Schirmer 2016",60,"fourfold","Blautia",1,1,1,100,100,18532,TRUE,TRUE,FALSE,TRUE,TRUE,TRUE,TRUE,"no_observed_zeros","ok","",""
"SchirmerM_2016","Schirmer 2016",60,"fourfold","Collinsella",0.92,0.9,0.94,90,94,35083,TRUE,TRUE,TRUE,FALSE,TRUE,TRUE,TRUE,"ok","ok","",""
"SchirmerM_2016","Schirmer 2016",60,"fourfold","Coprococcus",0.975,0.96,0.99,96,99,29544,TRUE,TRUE,TRUE,FALSE,TRUE,TRUE,TRUE,"ok","ok","",""
"SchirmerM_2016","Schirmer 2016",60,"fourfold","Dialister",0.525,0.51,0.54,51,54,4460,TRUE,TRUE,TRUE,FALSE,TRUE,TRUE,TRUE,"ok","ok","",""
"SchirmerM_2016","Schirmer 2016",60,"fourfold","Dorea",0.985,0.98,0.99,98,99,31764,TRUE,TRUE,TRUE,FALSE,TRUE,TRUE,TRUE,"ok","ok","",""
"SchirmerM_2016","Schirmer 2016",60,"fourfold","Eubacterium",0.96,0.95,0.97,95,97,16150,TRUE,TRUE,TRUE,FALSE,TRUE,TRUE,TRUE,"ok","ok","",""
"SchirmerM_2016","Schirmer 2016",60,"fourfold","Faecalibacterium",0.975,0.96,0.99,96,99,57666,TRUE,TRUE,TRUE,FALSE,TRUE,TRUE,TRUE,"ok","ok","",""
"SchirmerM_2016","Schirmer 2016",60,"fourfold","Firmicutes_unclassified",0.805,0.75,0.86,75,86,4597,TRUE,TRUE,TRUE,FALSE,TRUE,TRUE,TRUE,"ok","ok","",""
"SchirmerM_2016","Schirmer 2016",60,"fourfold","Fusicatenibacter",0.975,0.97,0.98,97,98,29976,TRUE,TRUE,TRUE,FALSE,TRUE,TRUE,TRUE,"ok","ok","",""
"SchirmerM_2016","Schirmer 2016",60,"fourfold","Lachnospira",0.865,0.83,0.9,83,90,10542,TRUE,TRUE,TRUE,FALSE,TRUE,TRUE,TRUE,"ok","ok","",""
"SchirmerM_2016","Schirmer 2016",60,"fourfold","Lachnospiraceae_unclassified",0.925,0.9,0.95,90,95,43823,TRUE,TRUE,TRUE,FALSE,TRUE,TRUE,TRUE,"ok","ok","",""
"SchirmerM_2016","Schirmer 2016",60,"fourfold","Mediterraneibacter",0.99,0.99,0.99,99,99,22992,TRUE,TRUE,TRUE,FALSE,TRUE,TRUE,TRUE,"ok","ok","",""
"SchirmerM_2016","Schirmer 2016",60,"fourfold","Methanobrevibacter",0.355,0.31,0.4,31,40,7943,TRUE,TRUE,TRUE,FALSE,TRUE,TRUE,TRUE,"ok","ok","",""
"SchirmerM_2016","Schirmer 2016",60,"fourfold","Oscillibacter",0.785,0.76,0.81,76,81,4446,TRUE,TRUE,TRUE,FALSE,TRUE,TRUE,TRUE,"ok","ok","",""
"SchirmerM_2016","Schirmer 2016",60,"fourfold","Parabacteroides",0.96,0.95,0.97,95,97,12972,TRUE,TRUE,TRUE,FALSE,TRUE,TRUE,TRUE,"ok","ok","",""
"SchirmerM_2016","Schirmer 2016",60,"fourfold","Phascolarctobacterium",0.475,0.46,0.49,46,49,3848,TRUE,TRUE,TRUE,FALSE,TRUE,TRUE,TRUE,"ok","ok","",""
"SchirmerM_2016","Schirmer 2016",60,"fourfold","Phocaeicola",1,1,1,100,100,39659,TRUE,TRUE,FALSE,TRUE,TRUE,TRUE,TRUE,"no_observed_zeros","ok","",""
"SchirmerM_2016","Schirmer 2016",60,"fourfold","Prevotella",0.505,0.48,0.53,48,53,52547,TRUE,TRUE,TRUE,FALSE,TRUE,TRUE,TRUE,"ok","ok","",""
"SchirmerM_2016","Schirmer 2016",60,"fourfold","Roseburia",0.975,0.96,0.99,96,99,47362,TRUE,TRUE,TRUE,FALSE,TRUE,TRUE,TRUE,"ok","ok","",""
"SchirmerM_2016","Schirmer 2016",60,"fourfold","Ruminococcaceae_unclassified",0.655,0.6,0.71,60,71,4337,TRUE,TRUE,TRUE,FALSE,TRUE,TRUE,TRUE,"ok","ok","",""
"SchirmerM_2016","Schirmer 2016",60,"fourfold","Ruminococcus",0.895,0.88,0.91,88,91,71703,TRUE,TRUE,TRUE,FALSE,TRUE,TRUE,TRUE,"ok","ok","",""
"SchirmerM_2016","Schirmer 2016",60,"fourfold","Streptococcus",0.915,0.88,0.95,88,95,6435,TRUE,TRUE,TRUE,FALSE,TRUE,TRUE,TRUE,"ok","ok","",""
"SchirmerM_2016","Schirmer 2016",61,"balanced","Agathobaculum",0.91,0.94,0.88,94,88,4074,TRUE,TRUE,TRUE,FALSE,TRUE,TRUE,TRUE,"ok","ok","",""
"SchirmerM_2016","Schirmer 2016",61,"balanced","Akkermansia",0.46,0.47,0.45,47,45,8289,TRUE,TRUE,TRUE,FALSE,TRUE,TRUE,TRUE,"ok","ok","",""
"SchirmerM_2016","Schirmer 2016",61,"balanced","Alistipes",0.965,0.96,0.97,96,97,26845,TRUE,TRUE,TRUE,FALSE,TRUE,TRUE,TRUE,"ok","ok","",""
"SchirmerM_2016","Schirmer 2016",61,"balanced","Anaerobutyricum",0.985,0.99,0.98,99,98,19396,TRUE,TRUE,TRUE,FALSE,TRUE,TRUE,TRUE,"ok","ok","",""
"SchirmerM_2016","Schirmer 2016",61,"balanced","Anaerostipes",0.995,1,0.99,100,99,23698,TRUE,TRUE,TRUE,FALSE,TRUE,TRUE,TRUE,"ok","ok","",""
"SchirmerM_2016","Schirmer 2016",61,"balanced","Bacteroides",1,1,1,100,100,51599,TRUE,TRUE,FALSE,TRUE,TRUE,TRUE,TRUE,"no_observed_zeros","ok","",""
"SchirmerM_2016","Schirmer 2016",61,"balanced","Barnesiella",0.815,0.82,0.81,82,81,5992,TRUE,TRUE,TRUE,FALSE,TRUE,TRUE,TRUE,"ok","ok","",""
"SchirmerM_2016","Schirmer 2016",61,"balanced","Bifidobacterium",0.98,0.98,0.98,98,98,115034,TRUE,TRUE,TRUE,FALSE,TRUE,TRUE,TRUE,"ok","ok","",""
"SchirmerM_2016","Schirmer 2016",61,"balanced","Blautia",1,1,1,100,100,22656,TRUE,TRUE,FALSE,TRUE,TRUE,TRUE,TRUE,"no_observed_zeros","ok","",""
"SchirmerM_2016","Schirmer 2016",61,"balanced","Collinsella",0.925,0.95,0.9,95,90,38177,TRUE,TRUE,TRUE,FALSE,TRUE,TRUE,TRUE,"ok","ok","",""
"SchirmerM_2016","Schirmer 2016",61,"balanced","Coprococcus",0.975,1,0.95,100,95,31770,TRUE,TRUE,TRUE,FALSE,TRUE,TRUE,TRUE,"ok","ok","",""
"SchirmerM_2016","Schirmer 2016",61,"balanced","Dialister",0.52,0.52,0.52,52,52,5579,TRUE,TRUE,TRUE,FALSE,TRUE,TRUE,TRUE,"ok","ok","",""
"SchirmerM_2016","Schirmer 2016",61,"balanced","Dorea",0.99,1,0.98,100,98,32394,TRUE,TRUE,TRUE,FALSE,TRUE,TRUE,TRUE,"ok","ok","",""
"SchirmerM_2016","Schirmer 2016",61,"balanced","Eubacterium",0.985,0.97,1,97,100,16327,TRUE,TRUE,TRUE,FALSE,TRUE,TRUE,TRUE,"ok","ok","",""
"SchirmerM_2016","Schirmer 2016",61,"balanced","Faecalibacterium",0.985,0.99,0.98,99,98,58832,TRUE,TRUE,TRUE,FALSE,TRUE,TRUE,TRUE,"ok","ok","",""
"SchirmerM_2016","Schirmer 2016",61,"balanced","Firmicutes_unclassified",0.835,0.84,0.83,84,83,5948,TRUE,TRUE,TRUE,FALSE,TRUE,TRUE,TRUE,"ok","ok","",""
"SchirmerM_2016","Schirmer 2016",61,"balanced","Fusicatenibacter",0.98,1,0.96,100,96,30908,TRUE,TRUE,TRUE,FALSE,TRUE,TRUE,TRUE,"ok","ok","",""
"SchirmerM_2016","Schirmer 2016",61,"balanced","Lachnospira",0.84,0.85,0.83,85,83,10459,TRUE,TRUE,TRUE,FALSE,TRUE,TRUE,TRUE,"ok","ok","",""
"SchirmerM_2016","Schirmer 2016",61,"balanced","Lachnospiraceae_unclassified",0.915,0.9,0.93,90,93,42913,TRUE,TRUE,TRUE,FALSE,TRUE,TRUE,TRUE,"ok","ok","",""
"SchirmerM_2016","Schirmer 2016",61,"balanced","Mediterraneibacter",0.985,0.98,0.99,98,99,25580,TRUE,TRUE,TRUE,FALSE,TRUE,TRUE,TRUE,"ok","ok","",""
"SchirmerM_2016","Schirmer 2016",61,"balanced","Methanobrevibacter",0.375,0.36,0.39,36,39,8345,TRUE,TRUE,TRUE,FALSE,TRUE,TRUE,TRUE,"ok","ok","",""
"SchirmerM_2016","Schirmer 2016",61,"balanced","Oscillibacter",0.835,0.86,0.81,86,81,4642,TRUE,TRUE,TRUE,FALSE,TRUE,TRUE,TRUE,"ok","ok","",""
"SchirmerM_2016","Schirmer 2016",61,"balanced","Parabacteroides",0.955,0.97,0.94,97,94,14117,TRUE,TRUE,TRUE,FALSE,TRUE,TRUE,TRUE,"ok","ok","",""
"SchirmerM_2016","Schirmer 2016",61,"balanced","Phascolarctobacterium",0.49,0.53,0.45,53,45,4005,TRUE,TRUE,TRUE,FALSE,TRUE,TRUE,TRUE,"ok","ok","",""
"SchirmerM_2016","Schirmer 2016",61,"balanced","Phocaeicola",1,1,1,100,100,41073,TRUE,TRUE,FALSE,TRUE,TRUE,TRUE,TRUE,"no_observed_zeros","ok","",""
"SchirmerM_2016","Schirmer 2016",61,"balanced","Prevotella",0.515,0.56,0.47,56,47,61945,TRUE,TRUE,TRUE,FALSE,TRUE,TRUE,TRUE,"ok","ok","",""
"SchirmerM_2016","Schirmer 2016",61,"balanced","Roseburia",0.99,1,0.98,100,98,45521,TRUE,TRUE,TRUE,FALSE,TRUE,TRUE,TRUE,"ok","ok","",""
"SchirmerM_2016","Schirmer 2016",61,"balanced","Ruminococcaceae_unclassified",0.695,0.68,0.71,68,71,5765,TRUE,TRUE,TRUE,FALSE,TRUE,TRUE,TRUE,"ok","ok","",""
"SchirmerM_2016","Schirmer 2016",61,"balanced","Ruminococcus",0.895,0.87,0.92,87,92,67564,TRUE,TRUE,TRUE,FALSE,TRUE,TRUE,TRUE,"ok","ok","",""
"SchirmerM_2016","Schirmer 2016",61,"balanced","Streptococcus",0.93,0.93,0.93,93,93,7152,TRUE,TRUE,TRUE,FALSE,TRUE,TRUE,TRUE,"ok","ok","",""
"SchirmerM_2016","Schirmer 2016",61,"fourfold","Agathobaculum",0.86,0.81,0.91,81,91,3425,TRUE,TRUE,TRUE,FALSE,TRUE,TRUE,TRUE,"ok","ok","",""
"SchirmerM_2016","Schirmer 2016",61,"fourfold","Akkermansia",0.435,0.43,0.44,43,44,7302,TRUE,TRUE,TRUE,FALSE,TRUE,TRUE,TRUE,"ok","ok","",""
"SchirmerM_2016","Schirmer 2016",61,"fourfold","Alistipes",0.94,0.92,0.96,92,96,28408,TRUE,TRUE,TRUE,FALSE,TRUE,TRUE,TRUE,"ok","ok","",""
"SchirmerM_2016","Schirmer 2016",61,"fourfold","Anaerobutyricum",0.99,0.99,0.99,99,99,19510,TRUE,TRUE,TRUE,FALSE,TRUE,TRUE,TRUE,"ok","ok","",""
"SchirmerM_2016","Schirmer 2016",61,"fourfold","Anaerostipes",0.995,1,0.99,100,99,23370,TRUE,TRUE,TRUE,FALSE,TRUE,TRUE,TRUE,"ok","ok","",""
"SchirmerM_2016","Schirmer 2016",61,"fourfold","Bacteroides",1,1,1,100,100,54973,TRUE,TRUE,FALSE,TRUE,TRUE,TRUE,TRUE,"no_observed_zeros","ok","",""
"SchirmerM_2016","Schirmer 2016",61,"fourfold","Barnesiella",0.805,0.78,0.83,78,83,6118,TRUE,TRUE,TRUE,FALSE,TRUE,TRUE,TRUE,"ok","ok","",""
"SchirmerM_2016","Schirmer 2016",61,"fourfold","Bifidobacterium",0.975,0.98,0.97,98,97,122190,TRUE,TRUE,TRUE,FALSE,TRUE,TRUE,TRUE,"ok","ok","",""
"SchirmerM_2016","Schirmer 2016",61,"fourfold","Blautia",1,1,1,100,100,22379,TRUE,TRUE,FALSE,TRUE,TRUE,TRUE,TRUE,"no_observed_zeros","ok","",""
"SchirmerM_2016","Schirmer 2016",61,"fourfold","Collinsella",0.935,0.95,0.92,95,92,35744,TRUE,TRUE,TRUE,FALSE,TRUE,TRUE,TRUE,"ok","ok","",""
"SchirmerM_2016","Schirmer 2016",61,"fourfold","Coprococcus",0.98,1,0.96,100,96,29747,TRUE,TRUE,TRUE,FALSE,TRUE,TRUE,TRUE,"ok","ok","",""
"SchirmerM_2016","Schirmer 2016",61,"fourfold","Dialister",0.515,0.48,0.55,48,55,4734,TRUE,TRUE,TRUE,FALSE,TRUE,TRUE,TRUE,"ok","ok","",""
"SchirmerM_2016","Schirmer 2016",61,"fourfold","Dorea",0.995,1,0.99,100,99,29321,TRUE,TRUE,TRUE,FALSE,TRUE,TRUE,TRUE,"ok","ok","",""
"SchirmerM_2016","Schirmer 2016",61,"fourfold","Eubacterium",0.98,0.97,0.99,97,99,16799,TRUE,TRUE,TRUE,FALSE,TRUE,TRUE,TRUE,"ok","ok","",""
"SchirmerM_2016","Schirmer 2016",61,"fourfold","Faecalibacterium",0.985,0.99,0.98,99,98,54254,TRUE,TRUE,TRUE,FALSE,TRUE,TRUE,TRUE,"ok","ok","",""
"SchirmerM_2016","Schirmer 2016",61,"fourfold","Firmicutes_unclassified",0.785,0.71,0.86,71,86,4671,TRUE,TRUE,TRUE,FALSE,TRUE,TRUE,TRUE,"ok","ok","",""
"SchirmerM_2016","Schirmer 2016",61,"fourfold","Fusicatenibacter",0.97,1,0.94,100,94,31939,TRUE,TRUE,TRUE,FALSE,TRUE,TRUE,TRUE,"ok","ok","",""
"SchirmerM_2016","Schirmer 2016",61,"fourfold","Lachnospira",0.835,0.82,0.85,82,85,9291,TRUE,TRUE,TRUE,FALSE,TRUE,TRUE,TRUE,"ok","ok","",""
"SchirmerM_2016","Schirmer 2016",61,"fourfold","Lachnospiraceae_unclassified",0.905,0.88,0.93,88,93,43698,TRUE,TRUE,TRUE,FALSE,TRUE,TRUE,TRUE,"ok","ok","",""
"SchirmerM_2016","Schirmer 2016",61,"fourfold","Mediterraneibacter",0.985,0.98,0.99,98,99,24013,TRUE,TRUE,TRUE,FALSE,TRUE,TRUE,TRUE,"ok","ok","",""
"SchirmerM_2016","Schirmer 2016",61,"fourfold","Methanobrevibacter",0.37,0.34,0.4,34,40,7559,TRUE,TRUE,TRUE,FALSE,TRUE,TRUE,TRUE,"ok","ok","",""
"SchirmerM_2016","Schirmer 2016",61,"fourfold","Oscillibacter",0.78,0.74,0.82,74,82,4262,TRUE,TRUE,TRUE,FALSE,TRUE,TRUE,TRUE,"ok","ok","",""
"SchirmerM_2016","Schirmer 2016",61,"fourfold","Parabacteroides",0.955,0.95,0.96,95,96,12549,TRUE,TRUE,TRUE,FALSE,TRUE,TRUE,TRUE,"ok","ok","",""
"SchirmerM_2016","Schirmer 2016",61,"fourfold","Phascolarctobacterium",0.465,0.47,0.46,47,46,2993,TRUE,TRUE,TRUE,FALSE,TRUE,TRUE,TRUE,"ok","ok","",""
"SchirmerM_2016","Schirmer 2016",61,"fourfold","Phocaeicola",1,1,1,100,100,40089,TRUE,TRUE,FALSE,TRUE,TRUE,TRUE,TRUE,"no_observed_zeros","ok","",""
"SchirmerM_2016","Schirmer 2016",61,"fourfold","Prevotella",0.5,0.53,0.47,53,47,37071,TRUE,TRUE,TRUE,FALSE,TRUE,TRUE,TRUE,"ok","ok","",""
"SchirmerM_2016","Schirmer 2016",61,"fourfold","Roseburia",0.99,1,0.98,100,98,40119,TRUE,TRUE,TRUE,FALSE,TRUE,TRUE,TRUE,"ok","ok","",""
"SchirmerM_2016","Schirmer 2016",61,"fourfold","Ruminococcaceae_unclassified",0.665,0.58,0.75,58,75,5538,TRUE,TRUE,TRUE,FALSE,TRUE,TRUE,TRUE,"ok","ok","",""
"SchirmerM_2016","Schirmer 2016",61,"fourfold","Ruminococcus",0.89,0.86,0.92,86,92,68140,TRUE,TRUE,TRUE,FALSE,TRUE,TRUE,TRUE,"ok","ok","",""
"SchirmerM_2016","Schirmer 2016",61,"fourfold","Streptococcus",0.88,0.82,0.94,82,94,6143,TRUE,TRUE,TRUE,FALSE,TRUE,TRUE,TRUE,"ok","ok","",""
"SchirmerM_2016","Schirmer 2016",62,"balanced","Agathobaculum",0.92,0.91,0.93,91,93,3750,TRUE,TRUE,TRUE,FALSE,TRUE,TRUE,TRUE,"ok","ok","",""
"SchirmerM_2016","Schirmer 2016",62,"balanced","Akkermansia",0.485,0.45,0.52,45,52,9141,TRUE,TRUE,TRUE,FALSE,TRUE,TRUE,TRUE,"ok","ok","",""
"SchirmerM_2016","Schirmer 2016",62,"balanced","Alistipes",0.955,0.95,0.96,95,96,27796,TRUE,TRUE,TRUE,FALSE,TRUE,TRUE,TRUE,"ok","ok","",""
"SchirmerM_2016","Schirmer 2016",62,"balanced","Anaerobutyricum",0.99,0.98,1,98,100,21086,TRUE,TRUE,TRUE,FALSE,TRUE,TRUE,TRUE,"ok","ok","",""
"SchirmerM_2016","Schirmer 2016",62,"balanced","Anaerostipes",0.995,1,0.99,100,99,25174,TRUE,TRUE,TRUE,FALSE,TRUE,TRUE,TRUE,"ok","ok","",""
"SchirmerM_2016","Schirmer 2016",62,"balanced","Bacteroides",0.995,0.99,1,99,100,56635,TRUE,TRUE,TRUE,FALSE,TRUE,TRUE,TRUE,"ok","ok","",""
"SchirmerM_2016","Schirmer 2016",62,"balanced","Barnesiella",0.8,0.81,0.79,81,79,7279,TRUE,TRUE,TRUE,FALSE,TRUE,TRUE,TRUE,"ok","ok","",""
"SchirmerM_2016","Schirmer 2016",62,"balanced","Bifidobacterium",0.985,1,0.97,100,97,128770,TRUE,TRUE,TRUE,FALSE,TRUE,TRUE,TRUE,"ok","ok","",""
"SchirmerM_2016","Schirmer 2016",62,"balanced","Blautia",1,1,1,100,100,24380,TRUE,TRUE,FALSE,TRUE,TRUE,TRUE,TRUE,"no_observed_zeros","ok","",""
"SchirmerM_2016","Schirmer 2016",62,"balanced","Collinsella",0.925,0.94,0.91,94,91,39550,TRUE,TRUE,TRUE,FALSE,TRUE,TRUE,TRUE,"ok","ok","",""
"SchirmerM_2016","Schirmer 2016",62,"balanced","Coprococcus",0.97,0.98,0.96,98,96,31359,TRUE,TRUE,TRUE,FALSE,TRUE,TRUE,TRUE,"ok","ok","",""
"SchirmerM_2016","Schirmer 2016",62,"balanced","Dialister",0.53,0.59,0.47,59,47,5298,TRUE,TRUE,TRUE,FALSE,TRUE,TRUE,TRUE,"ok","ok","",""
"SchirmerM_2016","Schirmer 2016",62,"balanced","Dorea",0.99,0.99,0.99,99,99,35031,TRUE,TRUE,TRUE,FALSE,TRUE,TRUE,TRUE,"ok","ok","",""
"SchirmerM_2016","Schirmer 2016",62,"balanced","Eubacterium",0.985,0.98,0.99,98,99,16095,TRUE,TRUE,TRUE,FALSE,TRUE,TRUE,TRUE,"ok","ok","",""
"SchirmerM_2016","Schirmer 2016",62,"balanced","Faecalibacterium",0.985,0.99,0.98,99,98,57876,TRUE,TRUE,TRUE,FALSE,TRUE,TRUE,TRUE,"ok","ok","",""
"SchirmerM_2016","Schirmer 2016",62,"balanced","Firmicutes_unclassified",0.86,0.86,0.86,86,86,5181,TRUE,TRUE,TRUE,FALSE,TRUE,TRUE,TRUE,"ok","ok","",""
"SchirmerM_2016","Schirmer 2016",62,"balanced","Fusicatenibacter",0.97,0.97,0.97,97,97,33914,TRUE,TRUE,TRUE,FALSE,TRUE,TRUE,TRUE,"ok","ok","",""
"SchirmerM_2016","Schirmer 2016",62,"balanced","Lachnospira",0.85,0.83,0.87,83,87,9966,TRUE,TRUE,TRUE,FALSE,TRUE,TRUE,TRUE,"ok","ok","",""
"SchirmerM_2016","Schirmer 2016",62,"balanced","Lachnospiraceae_unclassified",0.925,0.94,0.91,94,91,46495,TRUE,TRUE,TRUE,FALSE,TRUE,TRUE,TRUE,"ok","ok","",""
"SchirmerM_2016","Schirmer 2016",62,"balanced","Mediterraneibacter",0.99,0.99,0.99,99,99,27811,TRUE,TRUE,TRUE,FALSE,TRUE,TRUE,TRUE,"ok","ok","",""
"SchirmerM_2016","Schirmer 2016",62,"balanced","Methanobrevibacter",0.38,0.35,0.41,35,41,7805,TRUE,TRUE,TRUE,FALSE,TRUE,TRUE,TRUE,"ok","ok","",""
"SchirmerM_2016","Schirmer 2016",62,"balanced","Oscillibacter",0.845,0.86,0.83,86,83,4552,TRUE,TRUE,TRUE,FALSE,TRUE,TRUE,TRUE,"ok","ok","",""
"SchirmerM_2016","Schirmer 2016",62,"balanced","Parabacteroides",0.965,0.96,0.97,96,97,13657,TRUE,TRUE,TRUE,FALSE,TRUE,TRUE,TRUE,"ok","ok","",""
"SchirmerM_2016","Schirmer 2016",62,"balanced","Phascolarctobacterium",0.48,0.44,0.52,44,52,3948,TRUE,TRUE,TRUE,FALSE,TRUE,TRUE,TRUE,"ok","ok","",""
"SchirmerM_2016","Schirmer 2016",62,"balanced","Phocaeicola",1,1,1,100,100,42755,TRUE,TRUE,FALSE,TRUE,TRUE,TRUE,TRUE,"no_observed_zeros","ok","",""
"SchirmerM_2016","Schirmer 2016",62,"balanced","Prevotella",0.495,0.45,0.54,45,54,49001,TRUE,TRUE,TRUE,FALSE,TRUE,TRUE,TRUE,"ok","ok","",""
"SchirmerM_2016","Schirmer 2016",62,"balanced","Roseburia",0.99,0.98,1,98,100,44786,TRUE,TRUE,TRUE,FALSE,TRUE,TRUE,TRUE,"ok","ok","",""
"SchirmerM_2016","Schirmer 2016",62,"balanced","Ruminococcaceae_unclassified",0.64,0.56,0.72,56,72,5431,TRUE,TRUE,TRUE,FALSE,TRUE,TRUE,TRUE,"ok","ok","",""
"SchirmerM_2016","Schirmer 2016",62,"balanced","Ruminococcus",0.9,0.91,0.89,91,89,68824,TRUE,TRUE,TRUE,FALSE,TRUE,TRUE,TRUE,"ok","ok","",""
"SchirmerM_2016","Schirmer 2016",62,"balanced","Streptococcus",0.91,0.91,0.91,91,91,7106,TRUE,TRUE,TRUE,FALSE,TRUE,TRUE,TRUE,"ok","ok","",""
"SchirmerM_2016","Schirmer 2016",62,"fourfold","Agathobaculum",0.885,0.84,0.93,84,93,3625,TRUE,TRUE,TRUE,FALSE,TRUE,TRUE,TRUE,"ok","ok","",""
"SchirmerM_2016","Schirmer 2016",62,"fourfold","Akkermansia",0.46,0.41,0.51,41,51,8163,TRUE,TRUE,TRUE,FALSE,TRUE,TRUE,TRUE,"ok","ok","",""
"SchirmerM_2016","Schirmer 2016",62,"fourfold","Alistipes",0.95,0.92,0.98,92,98,23962,TRUE,TRUE,TRUE,FALSE,TRUE,TRUE,TRUE,"ok","ok","",""
"SchirmerM_2016","Schirmer 2016",62,"fourfold","Anaerobutyricum",0.985,0.97,1,97,100,18229,TRUE,TRUE,TRUE,FALSE,TRUE,TRUE,TRUE,"ok","ok","",""
"SchirmerM_2016","Schirmer 2016",62,"fourfold","Anaerostipes",0.985,0.98,0.99,98,99,22559,TRUE,TRUE,TRUE,FALSE,TRUE,TRUE,TRUE,"ok","ok","",""
"SchirmerM_2016","Schirmer 2016",62,"fourfold","Bacteroides",0.995,0.99,1,99,100,53922,TRUE,TRUE,TRUE,FALSE,TRUE,TRUE,TRUE,"ok","ok","",""
"SchirmerM_2016","Schirmer 2016",62,"fourfold","Barnesiella",0.795,0.76,0.83,76,83,6160,TRUE,TRUE,TRUE,FALSE,TRUE,TRUE,TRUE,"ok","ok","",""
"SchirmerM_2016","Schirmer 2016",62,"fourfold","Bifidobacterium",0.985,0.99,0.98,99,98,103027,TRUE,TRUE,TRUE,FALSE,TRUE,TRUE,TRUE,"ok","ok","",""
"SchirmerM_2016","Schirmer 2016",62,"fourfold","Blautia",1,1,1,100,100,23119,TRUE,TRUE,FALSE,TRUE,TRUE,TRUE,TRUE,"no_observed_zeros","ok","",""
"SchirmerM_2016","Schirmer 2016",62,"fourfold","Collinsella",0.915,0.91,0.92,91,92,33384,TRUE,TRUE,TRUE,FALSE,TRUE,TRUE,TRUE,"ok","ok","",""
"SchirmerM_2016","Schirmer 2016",62,"fourfold","Coprococcus",0.975,0.97,0.98,97,98,28474,TRUE,TRUE,TRUE,FALSE,TRUE,TRUE,TRUE,"ok","ok","",""
"SchirmerM_2016","Schirmer 2016",62,"fourfold","Dialister",0.525,0.57,0.48,57,48,4576,TRUE,TRUE,TRUE,FALSE,TRUE,TRUE,TRUE,"ok","ok","",""
"SchirmerM_2016","Schirmer 2016",62,"fourfold","Dorea",0.99,0.99,0.99,99,99,28682,TRUE,TRUE,TRUE,FALSE,TRUE,TRUE,TRUE,"ok","ok","",""
"SchirmerM_2016","Schirmer 2016",62,"fourfold","Eubacterium",0.965,0.94,0.99,94,99,14732,TRUE,TRUE,TRUE,FALSE,TRUE,TRUE,TRUE,"ok","ok","",""
"SchirmerM_2016","Schirmer 2016",62,"fourfold","Faecalibacterium",0.985,0.99,0.98,99,98,49205,TRUE,TRUE,TRUE,FALSE,TRUE,TRUE,TRUE,"ok","ok","",""
"SchirmerM_2016","Schirmer 2016",62,"fourfold","Firmicutes_unclassified",0.79,0.72,0.86,72,86,5548,TRUE,TRUE,TRUE,FALSE,TRUE,TRUE,TRUE,"ok","ok","",""
"SchirmerM_2016","Schirmer 2016",62,"fourfold","Fusicatenibacter",0.965,0.97,0.96,97,96,28216,TRUE,TRUE,TRUE,FALSE,TRUE,TRUE,TRUE,"ok","ok","",""
"SchirmerM_2016","Schirmer 2016",62,"fourfold","Lachnospira",0.825,0.76,0.89,76,89,9189,TRUE,TRUE,TRUE,FALSE,TRUE,TRUE,TRUE,"ok","ok","",""
"SchirmerM_2016","Schirmer 2016",62,"fourfold","Lachnospiraceae_unclassified",0.935,0.93,0.94,93,94,40418,TRUE,TRUE,TRUE,FALSE,TRUE,TRUE,TRUE,"ok","ok","",""
"SchirmerM_2016","Schirmer 2016",62,"fourfold","Mediterraneibacter",0.98,0.97,0.99,97,99,23341,TRUE,TRUE,TRUE,FALSE,TRUE,TRUE,TRUE,"ok","ok","",""
"SchirmerM_2016","Schirmer 2016",62,"fourfold","Methanobrevibacter",0.375,0.35,0.4,35,40,7494,TRUE,TRUE,TRUE,FALSE,TRUE,TRUE,TRUE,"ok","ok","",""
"SchirmerM_2016","Schirmer 2016",62,"fourfold","Oscillibacter",0.78,0.74,0.82,74,82,4163,TRUE,TRUE,TRUE,FALSE,TRUE,TRUE,TRUE,"ok","ok","",""
"SchirmerM_2016","Schirmer 2016",62,"fourfold","Parabacteroides",0.955,0.94,0.97,94,97,12088,TRUE,TRUE,TRUE,FALSE,TRUE,TRUE,TRUE,"ok","ok","",""
"SchirmerM_2016","Schirmer 2016",62,"fourfold","Phascolarctobacterium",0.485,0.43,0.54,43,54,3422,TRUE,TRUE,TRUE,FALSE,TRUE,TRUE,TRUE,"ok","ok","",""
"SchirmerM_2016","Schirmer 2016",62,"fourfold","Phocaeicola",1,1,1,100,100,40838,TRUE,TRUE,FALSE,TRUE,TRUE,TRUE,TRUE,"no_observed_zeros","ok","",""
"SchirmerM_2016","Schirmer 2016",62,"fourfold","Prevotella",0.51,0.46,0.56,46,56,42806,TRUE,TRUE,TRUE,FALSE,TRUE,TRUE,TRUE,"ok","ok","",""
"SchirmerM_2016","Schirmer 2016",62,"fourfold","Roseburia",0.985,0.98,0.99,98,99,38457,TRUE,TRUE,TRUE,FALSE,TRUE,TRUE,TRUE,"ok","ok","",""
"SchirmerM_2016","Schirmer 2016",62,"fourfold","Ruminococcaceae_unclassified",0.64,0.54,0.74,54,74,4065,TRUE,TRUE,TRUE,FALSE,TRUE,TRUE,TRUE,"ok","ok","",""
"SchirmerM_2016","Schirmer 2016",62,"fourfold","Ruminococcus",0.905,0.91,0.9,91,90,57512,TRUE,TRUE,TRUE,FALSE,TRUE,TRUE,TRUE,"ok","ok","",""
"SchirmerM_2016","Schirmer 2016",62,"fourfold","Streptococcus",0.875,0.81,0.94,81,94,6929,TRUE,TRUE,TRUE,FALSE,TRUE,TRUE,TRUE,"ok","ok","",""
"SchirmerM_2016","Schirmer 2016",63,"balanced","Agathobaculum",0.9,0.87,0.93,87,93,3967,TRUE,TRUE,TRUE,FALSE,TRUE,TRUE,TRUE,"ok","ok","",""
"SchirmerM_2016","Schirmer 2016",63,"balanced","Akkermansia",0.475,0.47,0.48,47,48,10635,TRUE,TRUE,TRUE,FALSE,TRUE,TRUE,TRUE,"ok","ok","",""
"SchirmerM_2016","Schirmer 2016",63,"balanced","Alistipes",0.965,0.97,0.96,97,96,28619,TRUE,TRUE,TRUE,FALSE,TRUE,TRUE,TRUE,"ok","ok","",""
"SchirmerM_2016","Schirmer 2016",63,"balanced","Anaerobutyricum",0.99,1,0.98,100,98,21367,TRUE,TRUE,TRUE,FALSE,TRUE,TRUE,TRUE,"ok","ok","",""
"SchirmerM_2016","Schirmer 2016",63,"balanced","Anaerostipes",0.995,1,0.99,100,99,24994,TRUE,TRUE,TRUE,FALSE,TRUE,TRUE,TRUE,"ok","ok","",""
"SchirmerM_2016","Schirmer 2016",63,"balanced","Bacteroides",1,1,1,100,100,57387,TRUE,TRUE,FALSE,TRUE,TRUE,TRUE,TRUE,"no_observed_zeros","ok","",""
"SchirmerM_2016","Schirmer 2016",63,"balanced","Barnesiella",0.805,0.81,0.8,81,80,6257,TRUE,TRUE,TRUE,FALSE,TRUE,TRUE,TRUE,"ok","ok","",""
"SchirmerM_2016","Schirmer 2016",63,"balanced","Bifidobacterium",0.975,0.97,0.98,97,98,129320,TRUE,TRUE,TRUE,FALSE,TRUE,TRUE,TRUE,"ok","ok","",""
"SchirmerM_2016","Schirmer 2016",63,"balanced","Blautia",1,1,1,100,100,22986,TRUE,TRUE,FALSE,TRUE,TRUE,TRUE,TRUE,"no_observed_zeros","ok","",""
"SchirmerM_2016","Schirmer 2016",63,"balanced","Collinsella",0.925,0.91,0.94,91,94,39989,TRUE,TRUE,TRUE,FALSE,TRUE,TRUE,TRUE,"ok","ok","",""
"SchirmerM_2016","Schirmer 2016",63,"balanced","Coprococcus",0.97,0.97,0.97,97,97,31968,TRUE,TRUE,TRUE,FALSE,TRUE,TRUE,TRUE,"ok","ok","",""
"SchirmerM_2016","Schirmer 2016",63,"balanced","Dialister",0.54,0.51,0.57,51,57,5158,TRUE,TRUE,TRUE,FALSE,TRUE,TRUE,TRUE,"ok","ok","",""
"SchirmerM_2016","Schirmer 2016",63,"balanced","Dorea",0.99,0.98,1,98,100,33302,TRUE,TRUE,TRUE,FALSE,TRUE,TRUE,TRUE,"ok","ok","",""
"SchirmerM_2016","Schirmer 2016",63,"balanced","Eubacterium",0.975,0.98,0.97,98,97,15999,TRUE,TRUE,TRUE,FALSE,TRUE,TRUE,TRUE,"ok","ok","",""
"SchirmerM_2016","Schirmer 2016",63,"balanced","Faecalibacterium",0.985,0.98,0.99,98,99,59552,TRUE,TRUE,TRUE,FALSE,TRUE,TRUE,TRUE,"ok","ok","",""
"SchirmerM_2016","Schirmer 2016",63,"balanced","Firmicutes_unclassified",0.875,0.9,0.85,90,85,5682,TRUE,TRUE,TRUE,FALSE,TRUE,TRUE,TRUE,"ok","ok","",""
"SchirmerM_2016","Schirmer 2016",63,"balanced","Fusicatenibacter",0.975,0.98,0.97,98,97,32800,TRUE,TRUE,TRUE,FALSE,TRUE,TRUE,TRUE,"ok","ok","",""
"SchirmerM_2016","Schirmer 2016",63,"balanced","Lachnospira",0.855,0.83,0.88,83,88,9868,TRUE,TRUE,TRUE,FALSE,TRUE,TRUE,TRUE,"ok","ok","",""
"SchirmerM_2016","Schirmer 2016",63,"balanced","Lachnospiraceae_unclassified",0.925,0.91,0.94,91,94,45763,TRUE,TRUE,TRUE,FALSE,TRUE,TRUE,TRUE,"ok","ok","",""
"SchirmerM_2016","Schirmer 2016",63,"balanced","Mediterraneibacter",0.98,0.98,0.98,98,98,26984,TRUE,TRUE,TRUE,FALSE,TRUE,TRUE,TRUE,"ok","ok","",""
"SchirmerM_2016","Schirmer 2016",63,"balanced","Methanobrevibacter",0.385,0.42,0.35,42,35,8378,TRUE,TRUE,TRUE,FALSE,TRUE,TRUE,TRUE,"ok","ok","",""
"SchirmerM_2016","Schirmer 2016",63,"balanced","Oscillibacter",0.825,0.81,0.84,81,84,4619,TRUE,TRUE,TRUE,FALSE,TRUE,TRUE,TRUE,"ok","ok","",""
"SchirmerM_2016","Schirmer 2016",63,"balanced","Parabacteroides",0.965,0.97,0.96,97,96,14265,TRUE,TRUE,TRUE,FALSE,TRUE,TRUE,TRUE,"ok","ok","",""
"SchirmerM_2016","Schirmer 2016",63,"balanced","Phascolarctobacterium",0.5,0.45,0.55,45,55,3981,TRUE,TRUE,TRUE,FALSE,TRUE,TRUE,TRUE,"ok","ok","",""
"SchirmerM_2016","Schirmer 2016",63,"balanced","Phocaeicola",1,1,1,100,100,43682,TRUE,TRUE,FALSE,TRUE,TRUE,TRUE,TRUE,"no_observed_zeros","ok","",""
"SchirmerM_2016","Schirmer 2016",63,"balanced","Prevotella",0.5,0.48,0.52,48,52,53102,TRUE,TRUE,TRUE,FALSE,TRUE,TRUE,TRUE,"ok","ok","",""
"SchirmerM_2016","Schirmer 2016",63,"balanced","Roseburia",0.985,0.97,1,97,100,47266,TRUE,TRUE,TRUE,FALSE,TRUE,TRUE,TRUE,"ok","ok","",""
"SchirmerM_2016","Schirmer 2016",63,"balanced","Ruminococcaceae_unclassified",0.695,0.76,0.63,76,63,5083,TRUE,TRUE,TRUE,FALSE,TRUE,TRUE,TRUE,"ok","ok","",""
"SchirmerM_2016","Schirmer 2016",63,"balanced","Ruminococcus",0.895,0.89,0.9,89,90,70168,TRUE,TRUE,TRUE,FALSE,TRUE,TRUE,TRUE,"ok","ok","",""
"SchirmerM_2016","Schirmer 2016",63,"balanced","Streptococcus",0.93,0.91,0.95,91,95,8037,TRUE,TRUE,TRUE,FALSE,TRUE,TRUE,TRUE,"ok","ok","",""
"SchirmerM_2016","Schirmer 2016",63,"fourfold","Agathobaculum",0.87,0.79,0.95,79,95,3820,TRUE,TRUE,TRUE,FALSE,TRUE,TRUE,TRUE,"ok","ok","",""
"SchirmerM_2016","Schirmer 2016",63,"fourfold","Akkermansia",0.46,0.44,0.48,44,48,6177,TRUE,TRUE,TRUE,FALSE,TRUE,TRUE,TRUE,"ok","ok","",""
"SchirmerM_2016","Schirmer 2016",63,"fourfold","Alistipes",0.925,0.9,0.95,90,95,25149,TRUE,TRUE,TRUE,FALSE,TRUE,TRUE,TRUE,"ok","ok","",""
"SchirmerM_2016","Schirmer 2016",63,"fourfold","Anaerobutyricum",0.985,0.99,0.98,99,98,19204,TRUE,TRUE,TRUE,FALSE,TRUE,TRUE,TRUE,"ok","ok","",""
"SchirmerM_2016","Schirmer 2016",63,"fourfold","Anaerostipes",0.99,0.99,0.99,99,99,22962,TRUE,TRUE,TRUE,FALSE,TRUE,TRUE,TRUE,"ok","ok","",""
"SchirmerM_2016","Schirmer 2016",63,"fourfold","Bacteroides",0.995,0.99,1,99,100,52389,TRUE,TRUE,TRUE,FALSE,TRUE,TRUE,TRUE,"ok","ok","",""
"SchirmerM_2016","Schirmer 2016",63,"fourfold","Barnesiella",0.8,0.78,0.82,78,82,6059,TRUE,TRUE,TRUE,FALSE,TRUE,TRUE,TRUE,"ok","ok","",""
"SchirmerM_2016","Schirmer 2016",63,"fourfold","Bifidobacterium",0.98,0.98,0.98,98,98,134100,TRUE,TRUE,TRUE,FALSE,TRUE,TRUE,TRUE,"ok","ok","",""
"SchirmerM_2016","Schirmer 2016",63,"fourfold","Blautia",1,1,1,100,100,20264,TRUE,TRUE,FALSE,TRUE,TRUE,TRUE,TRUE,"no_observed_zeros","ok","",""
"SchirmerM_2016","Schirmer 2016",63,"fourfold","Collinsella",0.93,0.92,0.94,92,94,39554,TRUE,TRUE,TRUE,FALSE,TRUE,TRUE,TRUE,"ok","ok","",""
"SchirmerM_2016","Schirmer 2016",63,"fourfold","Coprococcus",0.97,0.97,0.97,97,97,27473,TRUE,TRUE,TRUE,FALSE,TRUE,TRUE,TRUE,"ok","ok","",""
"SchirmerM_2016","Schirmer 2016",63,"fourfold","Dialister",0.51,0.44,0.58,44,58,4663,TRUE,TRUE,TRUE,FALSE,TRUE,TRUE,TRUE,"ok","ok","",""
"SchirmerM_2016","Schirmer 2016",63,"fourfold","Dorea",0.99,0.98,1,98,100,31520,TRUE,TRUE,TRUE,FALSE,TRUE,TRUE,TRUE,"ok","ok","",""
"SchirmerM_2016","Schirmer 2016",63,"fourfold","Eubacterium",0.975,0.95,1,95,100,16208,TRUE,TRUE,TRUE,FALSE,TRUE,TRUE,TRUE,"ok","ok","",""
"SchirmerM_2016","Schirmer 2016",63,"fourfold","Faecalibacterium",0.985,0.98,0.99,98,99,57358,TRUE,TRUE,TRUE,FALSE,TRUE,TRUE,TRUE,"ok","ok","",""
"SchirmerM_2016","Schirmer 2016",63,"fourfold","Firmicutes_unclassified",0.835,0.81,0.86,81,86,4721,TRUE,TRUE,TRUE,FALSE,TRUE,TRUE,TRUE,"ok","ok","",""
"SchirmerM_2016","Schirmer 2016",63,"fourfold","Fusicatenibacter",0.975,0.98,0.97,98,97,33400,TRUE,TRUE,TRUE,FALSE,TRUE,TRUE,TRUE,"ok","ok","",""
"SchirmerM_2016","Schirmer 2016",63,"fourfold","Lachnospira",0.845,0.8,0.89,80,89,10444,TRUE,TRUE,TRUE,FALSE,TRUE,TRUE,TRUE,"ok","ok","",""
"SchirmerM_2016","Schirmer 2016",63,"fourfold","Lachnospiraceae_unclassified",0.935,0.92,0.95,92,95,41671,TRUE,TRUE,TRUE,FALSE,TRUE,TRUE,TRUE,"ok","ok","",""
"SchirmerM_2016","Schirmer 2016",63,"fourfold","Mediterraneibacter",0.985,0.99,0.98,99,98,22824,TRUE,TRUE,TRUE,FALSE,TRUE,TRUE,TRUE,"ok","ok","",""
"SchirmerM_2016","Schirmer 2016",63,"fourfold","Methanobrevibacter",0.36,0.39,0.33,39,33,7466,TRUE,TRUE,TRUE,FALSE,TRUE,TRUE,TRUE,"ok","ok","",""
"SchirmerM_2016","Schirmer 2016",63,"fourfold","Oscillibacter",0.785,0.71,0.86,71,86,4052,TRUE,TRUE,TRUE,FALSE,TRUE,TRUE,TRUE,"ok","ok","",""
"SchirmerM_2016","Schirmer 2016",63,"fourfold","Parabacteroides",0.955,0.96,0.95,96,95,13084,TRUE,TRUE,TRUE,FALSE,TRUE,TRUE,TRUE,"ok","ok","",""
"SchirmerM_2016","Schirmer 2016",63,"fourfold","Phascolarctobacterium",0.475,0.4,0.55,40,55,3737,TRUE,TRUE,TRUE,FALSE,TRUE,TRUE,TRUE,"ok","ok","",""
"SchirmerM_2016","Schirmer 2016",63,"fourfold","Phocaeicola",1,1,1,100,100,41992,TRUE,TRUE,FALSE,TRUE,TRUE,TRUE,TRUE,"no_observed_zeros","ok","",""
"SchirmerM_2016","Schirmer 2016",63,"fourfold","Prevotella",0.5,0.47,0.53,47,53,57649,TRUE,TRUE,TRUE,FALSE,TRUE,TRUE,TRUE,"ok","ok","",""
"SchirmerM_2016","Schirmer 2016",63,"fourfold","Roseburia",0.99,0.98,1,98,100,42786,TRUE,TRUE,TRUE,FALSE,TRUE,TRUE,TRUE,"ok","ok","",""
"SchirmerM_2016","Schirmer 2016",63,"fourfold","Ruminococcaceae_unclassified",0.67,0.67,0.67,67,67,6230,TRUE,TRUE,TRUE,FALSE,TRUE,TRUE,TRUE,"ok","ok","",""
"SchirmerM_2016","Schirmer 2016",63,"fourfold","Ruminococcus",0.895,0.88,0.91,88,91,63488,TRUE,TRUE,TRUE,FALSE,TRUE,TRUE,TRUE,"ok","ok","",""
"SchirmerM_2016","Schirmer 2016",63,"fourfold","Streptococcus",0.89,0.81,0.97,81,97,7043,TRUE,TRUE,TRUE,FALSE,TRUE,TRUE,TRUE,"ok","ok","",""
"SchirmerM_2016","Schirmer 2016",64,"balanced","Agathobaculum",0.925,0.94,0.91,94,91,3732,TRUE,TRUE,TRUE,FALSE,TRUE,TRUE,TRUE,"ok","ok","",""
"SchirmerM_2016","Schirmer 2016",64,"balanced","Akkermansia",0.475,0.46,0.49,46,49,8814,TRUE,TRUE,TRUE,FALSE,TRUE,TRUE,TRUE,"ok","ok","",""
"SchirmerM_2016","Schirmer 2016",64,"balanced","Alistipes",0.955,0.96,0.95,96,95,27931,TRUE,TRUE,TRUE,FALSE,TRUE,TRUE,TRUE,"ok","ok","",""
"SchirmerM_2016","Schirmer 2016",64,"balanced","Anaerobutyricum",0.99,0.98,1,98,100,19914,TRUE,TRUE,TRUE,FALSE,TRUE,TRUE,TRUE,"ok","ok","",""
"SchirmerM_2016","Schirmer 2016",64,"balanced","Anaerostipes",0.995,0.99,1,99,100,22872,TRUE,TRUE,TRUE,FALSE,TRUE,TRUE,TRUE,"ok","ok","",""
"SchirmerM_2016","Schirmer 2016",64,"balanced","Bacteroides",1,1,1,100,100,54148,TRUE,TRUE,FALSE,TRUE,TRUE,TRUE,TRUE,"no_observed_zeros","ok","",""
"SchirmerM_2016","Schirmer 2016",64,"balanced","Barnesiella",0.79,0.81,0.77,81,77,6733,TRUE,TRUE,TRUE,FALSE,TRUE,TRUE,TRUE,"ok","ok","",""
"SchirmerM_2016","Schirmer 2016",64,"balanced","Bifidobacterium",0.98,0.99,0.97,99,97,122599,TRUE,TRUE,TRUE,FALSE,TRUE,TRUE,TRUE,"ok","ok","",""
"SchirmerM_2016","Schirmer 2016",64,"balanced","Blautia",1,1,1,100,100,20502,TRUE,TRUE,FALSE,TRUE,TRUE,TRUE,TRUE,"no_observed_zeros","ok","",""
"SchirmerM_2016","Schirmer 2016",64,"balanced","Collinsella",0.95,0.96,0.94,96,94,37185,TRUE,TRUE,TRUE,FALSE,TRUE,TRUE,TRUE,"ok","ok","",""
"SchirmerM_2016","Schirmer 2016",64,"balanced","Coprococcus",0.975,1,0.95,100,95,29788,TRUE,TRUE,TRUE,FALSE,TRUE,TRUE,TRUE,"ok","ok","",""
"SchirmerM_2016","Schirmer 2016",64,"balanced","Dialister",0.525,0.52,0.53,52,53,6490,TRUE,TRUE,TRUE,FALSE,TRUE,TRUE,TRUE,"ok","ok","",""
"SchirmerM_2016","Schirmer 2016",64,"balanced","Dorea",0.99,0.99,0.99,99,99,31714,TRUE,TRUE,TRUE,FALSE,TRUE,TRUE,TRUE,"ok","ok","",""
"SchirmerM_2016","Schirmer 2016",64,"balanced","Eubacterium",0.975,0.98,0.97,98,97,16927,TRUE,TRUE,TRUE,FALSE,TRUE,TRUE,TRUE,"ok","ok","",""
"SchirmerM_2016","Schirmer 2016",64,"balanced","Faecalibacterium",0.985,0.99,0.98,99,98,56595,TRUE,TRUE,TRUE,FALSE,TRUE,TRUE,TRUE,"ok","ok","",""
"SchirmerM_2016","Schirmer 2016",64,"balanced","Firmicutes_unclassified",0.835,0.84,0.83,84,83,5860,TRUE,TRUE,TRUE,FALSE,TRUE,TRUE,TRUE,"ok","ok","",""
"SchirmerM_2016","Schirmer 2016",64,"balanced","Fusicatenibacter",0.965,0.95,0.98,95,98,30889,TRUE,TRUE,TRUE,FALSE,TRUE,TRUE,TRUE,"ok","ok","",""
"SchirmerM_2016","Schirmer 2016",64,"balanced","Lachnospira",0.87,0.85,0.89,85,89,10484,TRUE,TRUE,TRUE,FALSE,TRUE,TRUE,TRUE,"ok","ok","",""
"SchirmerM_2016","Schirmer 2016",64,"balanced","Lachnospiraceae_unclassified",0.945,0.93,0.96,93,96,44211,TRUE,TRUE,TRUE,FALSE,TRUE,TRUE,TRUE,"ok","ok","",""
"SchirmerM_2016","Schirmer 2016",64,"balanced","Mediterraneibacter",0.99,0.99,0.99,99,99,23840,TRUE,TRUE,TRUE,FALSE,TRUE,TRUE,TRUE,"ok","ok","",""
"SchirmerM_2016","Schirmer 2016",64,"balanced","Methanobrevibacter",0.37,0.39,0.35,39,35,8325,TRUE,TRUE,TRUE,FALSE,TRUE,TRUE,TRUE,"ok","ok","",""
"SchirmerM_2016","Schirmer 2016",64,"balanced","Oscillibacter",0.81,0.82,0.8,82,80,4779,TRUE,TRUE,TRUE,FALSE,TRUE,TRUE,TRUE,"ok","ok","",""
"SchirmerM_2016","Schirmer 2016",64,"balanced","Parabacteroides",0.955,0.97,0.94,97,94,13582,TRUE,TRUE,TRUE,FALSE,TRUE,TRUE,TRUE,"ok","ok","",""
"SchirmerM_2016","Schirmer 2016",64,"balanced","Phascolarctobacterium",0.485,0.49,0.48,49,48,3478,TRUE,TRUE,TRUE,FALSE,TRUE,TRUE,TRUE,"ok","ok","",""
"SchirmerM_2016","Schirmer 2016",64,"balanced","Phocaeicola",1,1,1,100,100,41466,TRUE,TRUE,FALSE,TRUE,TRUE,TRUE,TRUE,"no_observed_zeros","ok","",""
"SchirmerM_2016","Schirmer 2016",64,"balanced","Prevotella",0.495,0.49,0.5,49,50,51307,TRUE,TRUE,TRUE,FALSE,TRUE,TRUE,TRUE,"ok","ok","",""
"SchirmerM_2016","Schirmer 2016",64,"balanced","Roseburia",0.985,0.98,0.99,98,99,41028,TRUE,TRUE,TRUE,FALSE,TRUE,TRUE,TRUE,"ok","ok","",""
"SchirmerM_2016","Schirmer 2016",64,"balanced","Ruminococcaceae_unclassified",0.665,0.67,0.66,67,66,5188,TRUE,TRUE,TRUE,FALSE,TRUE,TRUE,TRUE,"ok","ok","",""
"SchirmerM_2016","Schirmer 2016",64,"balanced","Ruminococcus",0.89,0.91,0.87,91,87,66314,TRUE,TRUE,TRUE,FALSE,TRUE,TRUE,TRUE,"ok","ok","",""
"SchirmerM_2016","Schirmer 2016",64,"balanced","Streptococcus",0.92,0.92,0.92,92,92,6833,TRUE,TRUE,TRUE,FALSE,TRUE,TRUE,TRUE,"ok","ok","",""
"SchirmerM_2016","Schirmer 2016",64,"fourfold","Agathobaculum",0.88,0.82,0.94,82,94,3786,TRUE,TRUE,TRUE,FALSE,TRUE,TRUE,TRUE,"ok","ok","",""
"SchirmerM_2016","Schirmer 2016",64,"fourfold","Akkermansia",0.475,0.45,0.5,45,50,8409,TRUE,TRUE,TRUE,FALSE,TRUE,TRUE,TRUE,"ok","ok","",""
"SchirmerM_2016","Schirmer 2016",64,"fourfold","Alistipes",0.935,0.93,0.94,93,94,29101,TRUE,TRUE,TRUE,FALSE,TRUE,TRUE,TRUE,"ok","ok","",""
"SchirmerM_2016","Schirmer 2016",64,"fourfold","Anaerobutyricum",0.99,0.98,1,98,100,20240,TRUE,TRUE,TRUE,FALSE,TRUE,TRUE,TRUE,"ok","ok","",""
"SchirmerM_2016","Schirmer 2016",64,"fourfold","Anaerostipes",0.995,0.99,1,99,100,22404,TRUE,TRUE,TRUE,FALSE,TRUE,TRUE,TRUE,"ok","ok","",""
"SchirmerM_2016","Schirmer 2016",64,"fourfold","Bacteroides",0.995,0.99,1,99,100,60099,TRUE,TRUE,TRUE,FALSE,TRUE,TRUE,TRUE,"ok","ok","",""
"SchirmerM_2016","Schirmer 2016",64,"fourfold","Barnesiella",0.795,0.8,0.79,80,79,7063,TRUE,TRUE,TRUE,FALSE,TRUE,TRUE,TRUE,"ok","ok","",""
"SchirmerM_2016","Schirmer 2016",64,"fourfold","Bifidobacterium",0.975,0.98,0.97,98,97,129117,TRUE,TRUE,TRUE,FALSE,TRUE,TRUE,TRUE,"ok","ok","",""
"SchirmerM_2016","Schirmer 2016",64,"fourfold","Blautia",1,1,1,100,100,22826,TRUE,TRUE,FALSE,TRUE,TRUE,TRUE,TRUE,"no_observed_zeros","ok","",""
"SchirmerM_2016","Schirmer 2016",64,"fourfold","Collinsella",0.94,0.94,0.94,94,94,40640,TRUE,TRUE,TRUE,FALSE,TRUE,TRUE,TRUE,"ok","ok","",""
"SchirmerM_2016","Schirmer 2016",64,"fourfold","Coprococcus",0.97,0.99,0.95,99,95,32781,TRUE,TRUE,TRUE,FALSE,TRUE,TRUE,TRUE,"ok","ok","",""
"SchirmerM_2016","Schirmer 2016",64,"fourfold","Dialister",0.53,0.52,0.54,52,54,5801,TRUE,TRUE,TRUE,FALSE,TRUE,TRUE,TRUE,"ok","ok","",""
"SchirmerM_2016","Schirmer 2016",64,"fourfold","Dorea",0.99,0.99,0.99,99,99,32044,TRUE,TRUE,TRUE,FALSE,TRUE,TRUE,TRUE,"ok","ok","",""
"SchirmerM_2016","Schirmer 2016",64,"fourfold","Eubacterium",0.98,0.98,0.98,98,98,17105,TRUE,TRUE,TRUE,FALSE,TRUE,TRUE,TRUE,"ok","ok","",""
"SchirmerM_2016","Schirmer 2016",64,"fourfold","Faecalibacterium",0.985,0.99,0.98,99,98,57307,TRUE,TRUE,TRUE,FALSE,TRUE,TRUE,TRUE,"ok","ok","",""
"SchirmerM_2016","Schirmer 2016",64,"fourfold","Firmicutes_unclassified",0.82,0.76,0.88,76,88,5331,TRUE,TRUE,TRUE,FALSE,TRUE,TRUE,TRUE,"ok","ok","",""
"SchirmerM_2016","Schirmer 2016",64,"fourfold","Fusicatenibacter",0.975,0.97,0.98,97,98,32806,TRUE,TRUE,TRUE,FALSE,TRUE,TRUE,TRUE,"ok","ok","",""
"SchirmerM_2016","Schirmer 2016",64,"fourfold","Lachnospira",0.84,0.79,0.89,79,89,9992,TRUE,TRUE,TRUE,FALSE,TRUE,TRUE,TRUE,"ok","ok","",""
"SchirmerM_2016","Schirmer 2016",64,"fourfold","Lachnospiraceae_unclassified",0.92,0.88,0.96,88,96,39719,TRUE,TRUE,TRUE,FALSE,TRUE,TRUE,TRUE,"ok","ok","",""
"SchirmerM_2016","Schirmer 2016",64,"fourfold","Mediterraneibacter",0.985,0.98,0.99,98,99,24037,TRUE,TRUE,TRUE,FALSE,TRUE,TRUE,TRUE,"ok","ok","",""
"SchirmerM_2016","Schirmer 2016",64,"fourfold","Methanobrevibacter",0.37,0.37,0.37,37,37,9187,TRUE,TRUE,TRUE,FALSE,TRUE,TRUE,TRUE,"ok","ok","",""
"SchirmerM_2016","Schirmer 2016",64,"fourfold","Oscillibacter",0.8,0.77,0.83,77,83,4515,TRUE,TRUE,TRUE,FALSE,TRUE,TRUE,TRUE,"ok","ok","",""
"SchirmerM_2016","Schirmer 2016",64,"fourfold","Parabacteroides",0.95,0.95,0.95,95,95,12814,TRUE,TRUE,TRUE,FALSE,TRUE,TRUE,TRUE,"ok","ok","",""
"SchirmerM_2016","Schirmer 2016",64,"fourfold","Phascolarctobacterium",0.455,0.42,0.49,42,49,3828,TRUE,TRUE,TRUE,FALSE,TRUE,TRUE,TRUE,"ok","ok","",""
"SchirmerM_2016","Schirmer 2016",64,"fourfold","Phocaeicola",0.995,0.99,1,99,100,44592,TRUE,TRUE,TRUE,FALSE,TRUE,TRUE,TRUE,"ok","ok","",""
"SchirmerM_2016","Schirmer 2016",64,"fourfold","Prevotella",0.5,0.47,0.53,47,53,47847,TRUE,TRUE,TRUE,FALSE,TRUE,TRUE,TRUE,"ok","ok","",""
"SchirmerM_2016","Schirmer 2016",64,"fourfold","Roseburia",0.98,0.97,0.99,97,99,43165,TRUE,TRUE,TRUE,FALSE,TRUE,TRUE,TRUE,"ok","ok","",""
"SchirmerM_2016","Schirmer 2016",64,"fourfold","Ruminococcaceae_unclassified",0.69,0.61,0.77,61,77,5008,TRUE,TRUE,TRUE,FALSE,TRUE,TRUE,TRUE,"ok","ok","",""
"SchirmerM_2016","Schirmer 2016",64,"fourfold","Ruminococcus",0.9,0.91,0.89,91,89,67410,TRUE,TRUE,TRUE,FALSE,TRUE,TRUE,TRUE,"ok","ok","",""
"SchirmerM_2016","Schirmer 2016",64,"fourfold","Streptococcus",0.915,0.87,0.96,87,96,6931,TRUE,TRUE,TRUE,FALSE,TRUE,TRUE,TRUE,"ok","ok","",""
"SchirmerM_2016","Schirmer 2016",65,"balanced","Agathobaculum",0.895,0.93,0.86,93,86,4055,TRUE,TRUE,TRUE,FALSE,TRUE,TRUE,TRUE,"ok","ok","",""
"SchirmerM_2016","Schirmer 2016",65,"balanced","Akkermansia",0.5,0.51,0.49,51,49,8381,TRUE,TRUE,TRUE,FALSE,TRUE,TRUE,TRUE,"ok","ok","",""
"SchirmerM_2016","Schirmer 2016",65,"balanced","Alistipes",0.95,0.93,0.97,93,97,27080,TRUE,TRUE,TRUE,FALSE,TRUE,TRUE,TRUE,"ok","ok","",""
"SchirmerM_2016","Schirmer 2016",65,"balanced","Anaerobutyricum",0.985,0.99,0.98,99,98,20105,TRUE,TRUE,TRUE,FALSE,TRUE,TRUE,TRUE,"ok","ok","",""
"SchirmerM_2016","Schirmer 2016",65,"balanced","Anaerostipes",0.995,0.99,1,99,100,23105,TRUE,TRUE,TRUE,FALSE,TRUE,TRUE,TRUE,"ok","ok","",""
"SchirmerM_2016","Schirmer 2016",65,"balanced","Bacteroides",1,1,1,100,100,53946,TRUE,TRUE,FALSE,TRUE,TRUE,TRUE,TRUE,"no_observed_zeros","ok","",""
"SchirmerM_2016","Schirmer 2016",65,"balanced","Barnesiella",0.825,0.77,0.88,77,88,6636,TRUE,TRUE,TRUE,FALSE,TRUE,TRUE,TRUE,"ok","ok","",""
"SchirmerM_2016","Schirmer 2016",65,"balanced","Bifidobacterium",0.98,0.98,0.98,98,98,116762,TRUE,TRUE,TRUE,FALSE,TRUE,TRUE,TRUE,"ok","ok","",""
"SchirmerM_2016","Schirmer 2016",65,"balanced","Blautia",1,1,1,100,100,20487,TRUE,TRUE,FALSE,TRUE,TRUE,TRUE,TRUE,"no_observed_zeros","ok","",""
"SchirmerM_2016","Schirmer 2016",65,"balanced","Collinsella",0.93,0.92,0.94,92,94,36613,TRUE,TRUE,TRUE,FALSE,TRUE,TRUE,TRUE,"ok","ok","",""
"SchirmerM_2016","Schirmer 2016",65,"balanced","Coprococcus",0.975,0.98,0.97,98,97,30735,TRUE,TRUE,TRUE,FALSE,TRUE,TRUE,TRUE,"ok","ok","",""
"SchirmerM_2016","Schirmer 2016",65,"balanced","Dialister",0.54,0.52,0.56,52,56,4625,TRUE,TRUE,TRUE,FALSE,TRUE,TRUE,TRUE,"ok","ok","",""
"SchirmerM_2016","Schirmer 2016",65,"balanced","Dorea",0.99,1,0.98,100,98,30601,TRUE,TRUE,TRUE,FALSE,TRUE,TRUE,TRUE,"ok","ok","",""
"SchirmerM_2016","Schirmer 2016",65,"balanced","Eubacterium",0.99,0.99,0.99,99,99,15358,TRUE,TRUE,TRUE,FALSE,TRUE,TRUE,TRUE,"ok","ok","",""
"SchirmerM_2016","Schirmer 2016",65,"balanced","Faecalibacterium",0.985,0.98,0.99,98,99,57482,TRUE,TRUE,TRUE,FALSE,TRUE,TRUE,TRUE,"ok","ok","",""
"SchirmerM_2016","Schirmer 2016",65,"balanced","Firmicutes_unclassified",0.855,0.84,0.87,84,87,4695,TRUE,TRUE,TRUE,FALSE,TRUE,TRUE,TRUE,"ok","ok","",""
"SchirmerM_2016","Schirmer 2016",65,"balanced","Fusicatenibacter",0.975,0.96,0.99,96,99,31398,TRUE,TRUE,TRUE,FALSE,TRUE,TRUE,TRUE,"ok","ok","",""
"SchirmerM_2016","Schirmer 2016",65,"balanced","Lachnospira",0.86,0.87,0.85,87,85,10242,TRUE,TRUE,TRUE,FALSE,TRUE,TRUE,TRUE,"ok","ok","",""
"SchirmerM_2016","Schirmer 2016",65,"balanced","Lachnospiraceae_unclassified",0.94,0.95,0.93,95,93,43110,TRUE,TRUE,TRUE,FALSE,TRUE,TRUE,TRUE,"ok","ok","",""
"SchirmerM_2016","Schirmer 2016",65,"balanced","Mediterraneibacter",0.985,0.99,0.98,99,98,23723,TRUE,TRUE,TRUE,FALSE,TRUE,TRUE,TRUE,"ok","ok","",""
"SchirmerM_2016","Schirmer 2016",65,"balanced","Methanobrevibacter",0.38,0.4,0.36,40,36,7921,TRUE,TRUE,TRUE,FALSE,TRUE,TRUE,TRUE,"ok","ok","",""
"SchirmerM_2016","Schirmer 2016",65,"balanced","Oscillibacter",0.84,0.85,0.83,85,83,4597,TRUE,TRUE,TRUE,FALSE,TRUE,TRUE,TRUE,"ok","ok","",""
"SchirmerM_2016","Schirmer 2016",65,"balanced","Parabacteroides",0.965,0.97,0.96,97,96,13522,TRUE,TRUE,TRUE,FALSE,TRUE,TRUE,TRUE,"ok","ok","",""
"SchirmerM_2016","Schirmer 2016",65,"balanced","Phascolarctobacterium",0.49,0.55,0.43,55,43,3601,TRUE,TRUE,TRUE,FALSE,TRUE,TRUE,TRUE,"ok","ok","",""
"SchirmerM_2016","Schirmer 2016",65,"balanced","Phocaeicola",1,1,1,100,100,43853,TRUE,TRUE,FALSE,TRUE,TRUE,TRUE,TRUE,"no_observed_zeros","ok","",""
"SchirmerM_2016","Schirmer 2016",65,"balanced","Prevotella",0.495,0.63,0.36,63,36,53064,TRUE,TRUE,TRUE,FALSE,TRUE,TRUE,TRUE,"ok","ok","",""
"SchirmerM_2016","Schirmer 2016",65,"balanced","Roseburia",0.98,0.99,0.97,99,97,44714,TRUE,TRUE,TRUE,FALSE,TRUE,TRUE,TRUE,"ok","ok","",""
"SchirmerM_2016","Schirmer 2016",65,"balanced","Ruminococcaceae_unclassified",0.695,0.71,0.68,71,68,8211,TRUE,TRUE,TRUE,FALSE,TRUE,TRUE,TRUE,"ok","ok","",""
"SchirmerM_2016","Schirmer 2016",65,"balanced","Ruminococcus",0.9,0.88,0.92,88,92,70598,TRUE,TRUE,TRUE,FALSE,TRUE,TRUE,TRUE,"ok","ok","",""
"SchirmerM_2016","Schirmer 2016",65,"balanced","Streptococcus",0.915,0.92,0.91,92,91,7098,TRUE,TRUE,TRUE,FALSE,TRUE,TRUE,TRUE,"ok","ok","",""
"SchirmerM_2016","Schirmer 2016",65,"fourfold","Agathobaculum",0.885,0.89,0.88,89,88,3230,TRUE,TRUE,TRUE,FALSE,TRUE,TRUE,TRUE,"ok","ok","",""
"SchirmerM_2016","Schirmer 2016",65,"fourfold","Akkermansia",0.45,0.45,0.45,45,45,8984,TRUE,TRUE,TRUE,FALSE,TRUE,TRUE,TRUE,"ok","ok","",""
"SchirmerM_2016","Schirmer 2016",65,"fourfold","Alistipes",0.955,0.92,0.99,92,99,29412,TRUE,TRUE,TRUE,FALSE,TRUE,TRUE,TRUE,"ok","ok","",""
"SchirmerM_2016","Schirmer 2016",65,"fourfold","Anaerobutyricum",0.99,0.99,0.99,99,99,18989,TRUE,TRUE,TRUE,FALSE,TRUE,TRUE,TRUE,"ok","ok","",""
"SchirmerM_2016","Schirmer 2016",65,"fourfold","Anaerostipes",0.985,0.97,1,97,100,22413,TRUE,TRUE,TRUE,FALSE,TRUE,TRUE,TRUE,"ok","ok","",""
"SchirmerM_2016","Schirmer 2016",65,"fourfold","Bacteroides",0.99,0.98,1,98,100,59162,TRUE,TRUE,TRUE,FALSE,TRUE,TRUE,TRUE,"ok","ok","",""
"SchirmerM_2016","Schirmer 2016",65,"fourfold","Barnesiella",0.79,0.7,0.88,70,88,6986,TRUE,TRUE,TRUE,FALSE,TRUE,TRUE,TRUE,"ok","ok","",""
"SchirmerM_2016","Schirmer 2016",65,"fourfold","Bifidobacterium",0.985,0.98,0.99,98,99,123090,TRUE,TRUE,TRUE,FALSE,TRUE,TRUE,TRUE,"ok","ok","",""
"SchirmerM_2016","Schirmer 2016",65,"fourfold","Blautia",1,1,1,100,100,19485,TRUE,TRUE,FALSE,TRUE,TRUE,TRUE,TRUE,"no_observed_zeros","ok","",""
"SchirmerM_2016","Schirmer 2016",65,"fourfold","Collinsella",0.92,0.9,0.94,90,94,36603,TRUE,TRUE,TRUE,FALSE,TRUE,TRUE,TRUE,"ok","ok","",""
"SchirmerM_2016","Schirmer 2016",65,"fourfold","Coprococcus",0.97,0.98,0.96,98,96,30436,TRUE,TRUE,TRUE,FALSE,TRUE,TRUE,TRUE,"ok","ok","",""
"SchirmerM_2016","Schirmer 2016",65,"fourfold","Dialister",0.52,0.48,0.56,48,56,5249,TRUE,TRUE,TRUE,FALSE,TRUE,TRUE,TRUE,"ok","ok","",""
"SchirmerM_2016","Schirmer 2016",65,"fourfold","Dorea",0.99,1,0.98,100,98,30594,TRUE,TRUE,TRUE,FALSE,TRUE,TRUE,TRUE,"ok","ok","",""
"SchirmerM_2016","Schirmer 2016",65,"fourfold","Eubacterium",0.975,0.97,0.98,97,98,16386,TRUE,TRUE,TRUE,FALSE,TRUE,TRUE,TRUE,"ok","ok","",""
"SchirmerM_2016","Schirmer 2016",65,"fourfold","Faecalibacterium",0.985,0.98,0.99,98,99,54518,TRUE,TRUE,TRUE,FALSE,TRUE,TRUE,TRUE,"ok","ok","",""
"SchirmerM_2016","Schirmer 2016",65,"fourfold","Firmicutes_unclassified",0.79,0.7,0.88,70,88,4521,TRUE,TRUE,TRUE,FALSE,TRUE,TRUE,TRUE,"ok","ok","",""
"SchirmerM_2016","Schirmer 2016",65,"fourfold","Fusicatenibacter",0.975,0.96,0.99,96,99,32402,TRUE,TRUE,TRUE,FALSE,TRUE,TRUE,TRUE,"ok","ok","",""
"SchirmerM_2016","Schirmer 2016",65,"fourfold","Lachnospira",0.855,0.85,0.86,85,86,10551,TRUE,TRUE,TRUE,FALSE,TRUE,TRUE,TRUE,"ok","ok","",""
"SchirmerM_2016","Schirmer 2016",65,"fourfold","Lachnospiraceae_unclassified",0.92,0.9,0.94,90,94,46279,TRUE,TRUE,TRUE,FALSE,TRUE,TRUE,TRUE,"ok","ok","",""
"SchirmerM_2016","Schirmer 2016",65,"fourfold","Mediterraneibacter",0.98,0.97,0.99,97,99,23238,TRUE,TRUE,TRUE,FALSE,TRUE,TRUE,TRUE,"ok","ok","",""
"SchirmerM_2016","Schirmer 2016",65,"fourfold","Methanobrevibacter",0.375,0.39,0.36,39,36,8703,TRUE,TRUE,TRUE,FALSE,TRUE,TRUE,TRUE,"ok","ok","",""
"SchirmerM_2016","Schirmer 2016",65,"fourfold","Oscillibacter",0.79,0.74,0.84,74,84,4249,TRUE,TRUE,TRUE,FALSE,TRUE,TRUE,TRUE,"ok","ok","",""
"SchirmerM_2016","Schirmer 2016",65,"fourfold","Parabacteroides",0.95,0.94,0.96,94,96,13679,TRUE,TRUE,TRUE,FALSE,TRUE,TRUE,TRUE,"ok","ok","",""
"SchirmerM_2016","Schirmer 2016",65,"fourfold","Phascolarctobacterium",0.48,0.5,0.46,50,46,3228,TRUE,TRUE,TRUE,FALSE,TRUE,TRUE,TRUE,"ok","ok","",""
"SchirmerM_2016","Schirmer 2016",65,"fourfold","Phocaeicola",0.995,0.99,1,99,100,49250,TRUE,TRUE,TRUE,FALSE,TRUE,TRUE,TRUE,"ok","ok","",""
"SchirmerM_2016","Schirmer 2016",65,"fourfold","Prevotella",0.515,0.6,0.43,60,43,33422,TRUE,TRUE,TRUE,FALSE,TRUE,TRUE,TRUE,"ok","ok","",""
"SchirmerM_2016","Schirmer 2016",65,"fourfold","Roseburia",0.99,0.99,0.99,99,99,43065,TRUE,TRUE,TRUE,FALSE,TRUE,TRUE,TRUE,"ok","ok","",""
"SchirmerM_2016","Schirmer 2016",65,"fourfold","Ruminococcaceae_unclassified",0.66,0.59,0.73,59,73,4316,TRUE,TRUE,TRUE,FALSE,TRUE,TRUE,TRUE,"ok","ok","",""
"SchirmerM_2016","Schirmer 2016",65,"fourfold","Ruminococcus",0.895,0.87,0.92,87,92,66457,TRUE,TRUE,TRUE,FALSE,TRUE,TRUE,TRUE,"ok","ok","",""
"SchirmerM_2016","Schirmer 2016",65,"fourfold","Streptococcus",0.91,0.85,0.97,85,97,6089,TRUE,TRUE,TRUE,FALSE,TRUE,TRUE,TRUE,"ok","ok","",""
"SchirmerM_2016","Schirmer 2016",66,"balanced","Agathobaculum",0.905,0.91,0.9,91,90,3551,TRUE,TRUE,TRUE,FALSE,TRUE,TRUE,TRUE,"ok","ok","",""
"SchirmerM_2016","Schirmer 2016",66,"balanced","Akkermansia",0.46,0.46,0.46,46,46,8339,TRUE,TRUE,TRUE,FALSE,TRUE,TRUE,TRUE,"ok","ok","",""
"SchirmerM_2016","Schirmer 2016",66,"balanced","Alistipes",0.955,0.97,0.94,97,94,26642,TRUE,TRUE,TRUE,FALSE,TRUE,TRUE,TRUE,"ok","ok","",""
"SchirmerM_2016","Schirmer 2016",66,"balanced","Anaerobutyricum",0.985,0.98,0.99,98,99,19064,TRUE,TRUE,TRUE,FALSE,TRUE,TRUE,TRUE,"ok","ok","",""
"SchirmerM_2016","Schirmer 2016",66,"balanced","Anaerostipes",0.995,0.99,1,99,100,22234,TRUE,TRUE,TRUE,FALSE,TRUE,TRUE,TRUE,"ok","ok","",""
"SchirmerM_2016","Schirmer 2016",66,"balanced","Bacteroides",0.995,1,0.99,100,99,51075,TRUE,TRUE,TRUE,FALSE,TRUE,TRUE,TRUE,"ok","ok","",""
"SchirmerM_2016","Schirmer 2016",66,"balanced","Barnesiella",0.795,0.85,0.74,85,74,6398,TRUE,TRUE,TRUE,FALSE,TRUE,TRUE,TRUE,"ok","ok","",""
"SchirmerM_2016","Schirmer 2016",66,"balanced","Bifidobacterium",0.975,0.99,0.96,99,96,116686,TRUE,TRUE,TRUE,FALSE,TRUE,TRUE,TRUE,"ok","ok","",""
"SchirmerM_2016","Schirmer 2016",66,"balanced","Blautia",1,1,1,100,100,19401,TRUE,TRUE,FALSE,TRUE,TRUE,TRUE,TRUE,"no_observed_zeros","ok","",""
"SchirmerM_2016","Schirmer 2016",66,"balanced","Collinsella",0.92,0.95,0.89,95,89,37669,TRUE,TRUE,TRUE,FALSE,TRUE,TRUE,TRUE,"ok","ok","",""
"SchirmerM_2016","Schirmer 2016",66,"balanced","Coprococcus",0.97,0.96,0.98,96,98,29641,TRUE,TRUE,TRUE,FALSE,TRUE,TRUE,TRUE,"ok","ok","",""
"SchirmerM_2016","Schirmer 2016",66,"balanced","Dialister",0.54,0.51,0.57,51,57,4771,TRUE,TRUE,TRUE,FALSE,TRUE,TRUE,TRUE,"ok","ok","",""
"SchirmerM_2016","Schirmer 2016",66,"balanced","Dorea",0.99,0.99,0.99,99,99,30728,TRUE,TRUE,TRUE,FALSE,TRUE,TRUE,TRUE,"ok","ok","",""
"SchirmerM_2016","Schirmer 2016",66,"balanced","Eubacterium",0.99,0.98,1,98,100,14479,TRUE,TRUE,TRUE,FALSE,TRUE,TRUE,TRUE,"ok","ok","",""
"SchirmerM_2016","Schirmer 2016",66,"balanced","Faecalibacterium",0.985,0.99,0.98,99,98,55135,TRUE,TRUE,TRUE,FALSE,TRUE,TRUE,TRUE,"ok","ok","",""
"SchirmerM_2016","Schirmer 2016",66,"balanced","Firmicutes_unclassified",0.86,0.88,0.84,88,84,5326,TRUE,TRUE,TRUE,FALSE,TRUE,TRUE,TRUE,"ok","ok","",""
"SchirmerM_2016","Schirmer 2016",66,"balanced","Fusicatenibacter",0.97,0.97,0.97,97,97,30600,TRUE,TRUE,TRUE,FALSE,TRUE,TRUE,TRUE,"ok","ok","",""
"SchirmerM_2016","Schirmer 2016",66,"balanced","Lachnospira",0.85,0.85,0.85,85,85,9932,TRUE,TRUE,TRUE,FALSE,TRUE,TRUE,TRUE,"ok","ok","",""
"SchirmerM_2016","Schirmer 2016",66,"balanced","Lachnospiraceae_unclassified",0.935,0.91,0.96,91,96,40893,TRUE,TRUE,TRUE,FALSE,TRUE,TRUE,TRUE,"ok","ok","",""
"SchirmerM_2016","Schirmer 2016",66,"balanced","Mediterraneibacter",0.99,1,0.98,100,98,23444,TRUE,TRUE,TRUE,FALSE,TRUE,TRUE,TRUE,"ok","ok","",""
"SchirmerM_2016","Schirmer 2016",66,"balanced","Methanobrevibacter",0.37,0.4,0.34,40,34,7779,TRUE,TRUE,TRUE,FALSE,TRUE,TRUE,TRUE,"ok","ok","",""
"SchirmerM_2016","Schirmer 2016",66,"balanced","Oscillibacter",0.805,0.84,0.77,84,77,4418,TRUE,TRUE,TRUE,FALSE,TRUE,TRUE,TRUE,"ok","ok","",""
"SchirmerM_2016","Schirmer 2016",66,"balanced","Parabacteroides",0.96,0.98,0.94,98,94,13237,TRUE,TRUE,TRUE,FALSE,TRUE,TRUE,TRUE,"ok","ok","",""
"SchirmerM_2016","Schirmer 2016",66,"balanced","Phascolarctobacterium",0.48,0.52,0.44,52,44,3649,TRUE,TRUE,TRUE,FALSE,TRUE,TRUE,TRUE,"ok","ok","",""
"SchirmerM_2016","Schirmer 2016",66,"balanced","Phocaeicola",1,1,1,100,100,41293,TRUE,TRUE,FALSE,TRUE,TRUE,TRUE,TRUE,"no_observed_zeros","ok","",""
"SchirmerM_2016","Schirmer 2016",66,"balanced","Prevotella",0.505,0.46,0.55,46,55,50279,TRUE,TRUE,TRUE,FALSE,TRUE,TRUE,TRUE,"ok","ok","",""
"SchirmerM_2016","Schirmer 2016",66,"balanced","Roseburia",0.99,0.98,1,98,100,41554,TRUE,TRUE,TRUE,FALSE,TRUE,TRUE,TRUE,"ok","ok","",""
"SchirmerM_2016","Schirmer 2016",66,"balanced","Ruminococcaceae_unclassified",0.685,0.75,0.62,75,62,5500,TRUE,TRUE,TRUE,FALSE,TRUE,TRUE,TRUE,"ok","ok","",""
"SchirmerM_2016","Schirmer 2016",66,"balanced","Ruminococcus",0.9,0.92,0.88,92,88,64710,TRUE,TRUE,TRUE,FALSE,TRUE,TRUE,TRUE,"ok","ok","",""
"SchirmerM_2016","Schirmer 2016",66,"balanced","Streptococcus",0.91,0.91,0.91,91,91,6887,TRUE,TRUE,TRUE,FALSE,TRUE,TRUE,TRUE,"ok","ok","",""
"SchirmerM_2016","Schirmer 2016",66,"fourfold","Agathobaculum",0.875,0.81,0.94,81,94,3614,TRUE,TRUE,TRUE,FALSE,TRUE,TRUE,TRUE,"ok","ok","",""
"SchirmerM_2016","Schirmer 2016",66,"fourfold","Akkermansia",0.445,0.43,0.46,43,46,8557,TRUE,TRUE,TRUE,FALSE,TRUE,TRUE,TRUE,"ok","ok","",""
"SchirmerM_2016","Schirmer 2016",66,"fourfold","Alistipes",0.95,0.95,0.95,95,95,26741,TRUE,TRUE,TRUE,FALSE,TRUE,TRUE,TRUE,"ok","ok","",""
"SchirmerM_2016","Schirmer 2016",66,"fourfold","Anaerobutyricum",0.99,0.98,1,98,100,19827,TRUE,TRUE,TRUE,FALSE,TRUE,TRUE,TRUE,"ok","ok","",""
"SchirmerM_2016","Schirmer 2016",66,"fourfold","Anaerostipes",0.995,0.99,1,99,100,26034,TRUE,TRUE,FALSE,TRUE,TRUE,TRUE,TRUE,"structural_absence_boundary_at_zero","ok","",""
"SchirmerM_2016","Schirmer 2016",66,"fourfold","Bacteroides",1,1,1,100,100,55337,TRUE,TRUE,FALSE,TRUE,TRUE,TRUE,TRUE,"no_observed_zeros","ok","",""
"SchirmerM_2016","Schirmer 2016",66,"fourfold","Barnesiella",0.805,0.82,0.79,82,79,5887,TRUE,TRUE,TRUE,FALSE,TRUE,TRUE,TRUE,"ok","ok","",""
"SchirmerM_2016","Schirmer 2016",66,"fourfold","Bifidobacterium",0.975,0.99,0.96,99,96,128438,TRUE,TRUE,TRUE,FALSE,TRUE,TRUE,TRUE,"ok","ok","",""
"SchirmerM_2016","Schirmer 2016",66,"fourfold","Blautia",1,1,1,100,100,21875,TRUE,TRUE,FALSE,TRUE,TRUE,TRUE,TRUE,"no_observed_zeros","ok","",""
"SchirmerM_2016","Schirmer 2016",66,"fourfold","Collinsella",0.91,0.94,0.88,94,88,37462,TRUE,TRUE,TRUE,FALSE,TRUE,TRUE,TRUE,"ok","ok","",""
"SchirmerM_2016","Schirmer 2016",66,"fourfold","Coprococcus",0.98,0.97,0.99,97,99,30293,TRUE,TRUE,TRUE,FALSE,TRUE,TRUE,TRUE,"ok","ok","",""
"SchirmerM_2016","Schirmer 2016",66,"fourfold","Dialister",0.495,0.43,0.56,43,56,4623,TRUE,TRUE,TRUE,FALSE,TRUE,TRUE,TRUE,"ok","ok","",""
"SchirmerM_2016","Schirmer 2016",66,"fourfold","Dorea",0.995,0.99,1,99,100,30335,TRUE,TRUE,TRUE,FALSE,TRUE,TRUE,TRUE,"ok","ok","",""
"SchirmerM_2016","Schirmer 2016",66,"fourfold","Eubacterium",0.985,0.97,1,97,100,16115,TRUE,TRUE,FALSE,TRUE,TRUE,TRUE,TRUE,"structural_absence_boundary_at_zero","ok","",""
"SchirmerM_2016","Schirmer 2016",66,"fourfold","Faecalibacterium",0.985,0.99,0.98,99,98,54085,TRUE,TRUE,TRUE,FALSE,TRUE,TRUE,TRUE,"ok","ok","",""
"SchirmerM_2016","Schirmer 2016",66,"fourfold","Firmicutes_unclassified",0.855,0.83,0.88,83,88,4469,TRUE,TRUE,TRUE,FALSE,TRUE,TRUE,TRUE,"ok","ok","",""
"SchirmerM_2016","Schirmer 2016",66,"fourfold","Fusicatenibacter",0.975,0.97,0.98,97,98,32279,TRUE,TRUE,TRUE,FALSE,TRUE,TRUE,TRUE,"ok","ok","",""
"SchirmerM_2016","Schirmer 2016",66,"fourfold","Lachnospira",0.84,0.82,0.86,82,86,8888,TRUE,TRUE,TRUE,FALSE,TRUE,TRUE,TRUE,"ok","ok","",""
"SchirmerM_2016","Schirmer 2016",66,"fourfold","Lachnospiraceae_unclassified",0.915,0.87,0.96,87,96,43359,TRUE,TRUE,TRUE,FALSE,TRUE,TRUE,TRUE,"ok","ok","",""
"SchirmerM_2016","Schirmer 2016",66,"fourfold","Mediterraneibacter",0.985,0.99,0.98,99,98,27129,TRUE,TRUE,TRUE,FALSE,TRUE,TRUE,TRUE,"ok","ok","",""
"SchirmerM_2016","Schirmer 2016",66,"fourfold","Methanobrevibacter",0.375,0.4,0.35,40,35,6454,TRUE,TRUE,TRUE,FALSE,TRUE,TRUE,TRUE,"ok","ok","",""
"SchirmerM_2016","Schirmer 2016",66,"fourfold","Oscillibacter",0.79,0.78,0.8,78,80,3824,TRUE,TRUE,TRUE,FALSE,TRUE,TRUE,TRUE,"ok","ok","",""
"SchirmerM_2016","Schirmer 2016",66,"fourfold","Parabacteroides",0.96,0.97,0.95,97,95,12502,TRUE,TRUE,TRUE,FALSE,TRUE,TRUE,TRUE,"ok","ok","",""
"SchirmerM_2016","Schirmer 2016",66,"fourfold","Phascolarctobacterium",0.48,0.48,0.48,48,48,3233,TRUE,TRUE,TRUE,FALSE,TRUE,TRUE,TRUE,"ok","ok","",""
"SchirmerM_2016","Schirmer 2016",66,"fourfold","Phocaeicola",1,1,1,100,100,42374,TRUE,TRUE,FALSE,TRUE,TRUE,TRUE,TRUE,"no_observed_zeros","ok","",""
"SchirmerM_2016","Schirmer 2016",66,"fourfold","Prevotella",0.49,0.44,0.54,44,54,60624,TRUE,TRUE,TRUE,FALSE,TRUE,TRUE,TRUE,"ok","ok","",""
"SchirmerM_2016","Schirmer 2016",66,"fourfold","Roseburia",0.99,0.98,1,98,100,43346,TRUE,TRUE,TRUE,FALSE,TRUE,TRUE,TRUE,"ok","ok","",""
"SchirmerM_2016","Schirmer 2016",66,"fourfold","Ruminococcaceae_unclassified",0.675,0.68,0.67,68,67,5029,TRUE,TRUE,TRUE,FALSE,TRUE,TRUE,TRUE,"ok","ok","",""
"SchirmerM_2016","Schirmer 2016",66,"fourfold","Ruminococcus",0.895,0.92,0.87,92,87,64019,TRUE,TRUE,TRUE,FALSE,TRUE,TRUE,TRUE,"ok","ok","",""
"SchirmerM_2016","Schirmer 2016",66,"fourfold","Streptococcus",0.88,0.85,0.91,85,91,8138,TRUE,TRUE,TRUE,FALSE,TRUE,TRUE,TRUE,"ok","ok","",""
"SchirmerM_2016","Schirmer 2016",67,"balanced","Agathobaculum",0.895,0.87,0.92,87,92,4093,TRUE,TRUE,TRUE,FALSE,TRUE,TRUE,TRUE,"ok","ok","",""
"SchirmerM_2016","Schirmer 2016",67,"balanced","Akkermansia",0.455,0.42,0.49,42,49,9271,TRUE,TRUE,TRUE,FALSE,TRUE,TRUE,TRUE,"ok","ok","",""
"SchirmerM_2016","Schirmer 2016",67,"balanced","Alistipes",0.955,0.94,0.97,94,97,29048,TRUE,TRUE,TRUE,FALSE,TRUE,TRUE,TRUE,"ok","ok","",""
"SchirmerM_2016","Schirmer 2016",67,"balanced","Anaerobutyricum",0.99,1,0.98,100,98,20765,TRUE,TRUE,TRUE,FALSE,TRUE,TRUE,TRUE,"ok","ok","",""
"SchirmerM_2016","Schirmer 2016",67,"balanced","Anaerostipes",0.995,1,0.99,100,99,23800,TRUE,TRUE,TRUE,FALSE,TRUE,TRUE,TRUE,"ok","ok","",""
"SchirmerM_2016","Schirmer 2016",67,"balanced","Bacteroides",1,1,1,100,100,56023,TRUE,TRUE,FALSE,TRUE,TRUE,TRUE,TRUE,"no_observed_zeros","ok","",""
"SchirmerM_2016","Schirmer 2016",67,"balanced","Barnesiella",0.81,0.78,0.84,78,84,6129,TRUE,TRUE,TRUE,FALSE,TRUE,TRUE,TRUE,"ok","ok","",""
"SchirmerM_2016","Schirmer 2016",67,"balanced","Bifidobacterium",0.98,0.98,0.98,98,98,125319,TRUE,TRUE,TRUE,FALSE,TRUE,TRUE,TRUE,"ok","ok","",""
"SchirmerM_2016","Schirmer 2016",67,"balanced","Blautia",1,1,1,100,100,21237,TRUE,TRUE,FALSE,TRUE,TRUE,TRUE,TRUE,"no_observed_zeros","ok","",""
"SchirmerM_2016","Schirmer 2016",67,"balanced","Collinsella",0.935,0.93,0.94,93,94,38812,TRUE,TRUE,TRUE,FALSE,TRUE,TRUE,TRUE,"ok","ok","",""
"SchirmerM_2016","Schirmer 2016",67,"balanced","Coprococcus",0.98,0.96,1,96,100,31120,TRUE,TRUE,TRUE,FALSE,TRUE,TRUE,TRUE,"ok","ok","",""
"SchirmerM_2016","Schirmer 2016",67,"balanced","Dialister",0.53,0.53,0.53,53,53,5344,TRUE,TRUE,TRUE,FALSE,TRUE,TRUE,TRUE,"ok","ok","",""
"SchirmerM_2016","Schirmer 2016",67,"balanced","Dorea",0.99,0.99,0.99,99,99,32212,TRUE,TRUE,TRUE,FALSE,TRUE,TRUE,TRUE,"ok","ok","",""
"SchirmerM_2016","Schirmer 2016",67,"balanced","Eubacterium",0.965,0.96,0.97,96,97,16700,TRUE,TRUE,TRUE,FALSE,TRUE,TRUE,TRUE,"ok","ok","",""
"SchirmerM_2016","Schirmer 2016",67,"balanced","Faecalibacterium",0.985,0.98,0.99,98,99,58028,TRUE,TRUE,TRUE,FALSE,TRUE,TRUE,TRUE,"ok","ok","",""
"SchirmerM_2016","Schirmer 2016",67,"balanced","Firmicutes_unclassified",0.85,0.82,0.88,82,88,5429,TRUE,TRUE,TRUE,FALSE,TRUE,TRUE,TRUE,"ok","ok","",""
"SchirmerM_2016","Schirmer 2016",67,"balanced","Fusicatenibacter",0.975,0.98,0.97,98,97,30977,TRUE,TRUE,TRUE,FALSE,TRUE,TRUE,TRUE,"ok","ok","",""
"SchirmerM_2016","Schirmer 2016",67,"balanced","Lachnospira",0.865,0.86,0.87,86,87,9771,TRUE,TRUE,TRUE,FALSE,TRUE,TRUE,TRUE,"ok","ok","",""
"SchirmerM_2016","Schirmer 2016",67,"balanced","Lachnospiraceae_unclassified",0.91,0.94,0.88,94,88,42081,TRUE,TRUE,TRUE,FALSE,TRUE,TRUE,TRUE,"ok","ok","",""
"SchirmerM_2016","Schirmer 2016",67,"balanced","Mediterraneibacter",0.99,0.98,1,98,100,23796,TRUE,TRUE,TRUE,FALSE,TRUE,TRUE,TRUE,"ok","ok","",""
"SchirmerM_2016","Schirmer 2016",67,"balanced","Methanobrevibacter",0.365,0.39,0.34,39,34,7267,TRUE,TRUE,TRUE,FALSE,TRUE,TRUE,TRUE,"ok","ok","",""
"SchirmerM_2016","Schirmer 2016",67,"balanced","Oscillibacter",0.84,0.8,0.88,80,88,5066,TRUE,TRUE,TRUE,FALSE,TRUE,TRUE,TRUE,"ok","ok","",""
"SchirmerM_2016","Schirmer 2016",67,"balanced","Parabacteroides",0.95,0.97,0.93,97,93,13426,TRUE,TRUE,TRUE,FALSE,TRUE,TRUE,TRUE,"ok","ok","",""
"SchirmerM_2016","Schirmer 2016",67,"balanced","Phascolarctobacterium",0.475,0.49,0.46,49,46,3878,TRUE,TRUE,TRUE,FALSE,TRUE,TRUE,TRUE,"ok","ok","",""
"SchirmerM_2016","Schirmer 2016",67,"balanced","Phocaeicola",1,1,1,100,100,40660,TRUE,TRUE,FALSE,TRUE,TRUE,TRUE,TRUE,"no_observed_zeros","ok","",""
"SchirmerM_2016","Schirmer 2016",67,"balanced","Prevotella",0.525,0.53,0.52,53,52,59919,TRUE,TRUE,TRUE,FALSE,TRUE,TRUE,TRUE,"ok","ok","",""
"SchirmerM_2016","Schirmer 2016",67,"balanced","Roseburia",0.99,1,0.98,100,98,43163,TRUE,TRUE,TRUE,FALSE,TRUE,TRUE,TRUE,"ok","ok","",""
"SchirmerM_2016","Schirmer 2016",67,"balanced","Ruminococcaceae_unclassified",0.69,0.64,0.74,64,74,4853,TRUE,TRUE,TRUE,FALSE,TRUE,TRUE,TRUE,"ok","ok","",""
"SchirmerM_2016","Schirmer 2016",67,"balanced","Ruminococcus",0.9,0.89,0.91,89,91,69450,TRUE,TRUE,TRUE,FALSE,TRUE,TRUE,TRUE,"ok","ok","",""
"SchirmerM_2016","Schirmer 2016",67,"balanced","Streptococcus",0.93,0.91,0.95,91,95,7168,TRUE,TRUE,TRUE,FALSE,TRUE,TRUE,TRUE,"ok","ok","",""
"SchirmerM_2016","Schirmer 2016",67,"fourfold","Agathobaculum",0.88,0.84,0.92,84,92,3664,TRUE,TRUE,TRUE,FALSE,TRUE,TRUE,TRUE,"ok","ok","",""
"SchirmerM_2016","Schirmer 2016",67,"fourfold","Akkermansia",0.445,0.4,0.49,40,49,9085,TRUE,TRUE,TRUE,FALSE,TRUE,TRUE,TRUE,"ok","ok","",""
"SchirmerM_2016","Schirmer 2016",67,"fourfold","Alistipes",0.96,0.94,0.98,94,98,24848,TRUE,TRUE,TRUE,FALSE,TRUE,TRUE,TRUE,"ok","ok","",""
"SchirmerM_2016","Schirmer 2016",67,"fourfold","Anaerobutyricum",0.99,1,0.98,100,98,18681,TRUE,TRUE,TRUE,FALSE,TRUE,TRUE,TRUE,"ok","ok","",""
"SchirmerM_2016","Schirmer 2016",67,"fourfold","Anaerostipes",0.995,1,0.99,100,99,22096,TRUE,TRUE,TRUE,FALSE,TRUE,TRUE,TRUE,"ok","ok","",""
"SchirmerM_2016","Schirmer 2016",67,"fourfold","Bacteroides",1,1,1,100,100,51787,TRUE,TRUE,FALSE,TRUE,TRUE,TRUE,TRUE,"no_observed_zeros","ok","",""
"SchirmerM_2016","Schirmer 2016",67,"fourfold","Barnesiella",0.79,0.73,0.85,73,85,6346,TRUE,TRUE,TRUE,FALSE,TRUE,TRUE,TRUE,"ok","ok","",""
"SchirmerM_2016","Schirmer 2016",67,"fourfold","Bifidobacterium",0.98,0.98,0.98,98,98,112786,TRUE,TRUE,TRUE,FALSE,TRUE,TRUE,TRUE,"ok","ok","",""
"SchirmerM_2016","Schirmer 2016",67,"fourfold","Blautia",1,1,1,100,100,20386,TRUE,TRUE,FALSE,TRUE,TRUE,TRUE,TRUE,"no_observed_zeros","ok","",""
"SchirmerM_2016","Schirmer 2016",67,"fourfold","Collinsella",0.93,0.92,0.94,92,94,34783,TRUE,TRUE,TRUE,FALSE,TRUE,TRUE,TRUE,"ok","ok","",""
"SchirmerM_2016","Schirmer 2016",67,"fourfold","Coprococcus",0.975,0.96,0.99,96,99,28249,TRUE,TRUE,TRUE,FALSE,TRUE,TRUE,TRUE,"ok","ok","",""
"SchirmerM_2016","Schirmer 2016",67,"fourfold","Dialister",0.515,0.46,0.57,46,57,4657,TRUE,TRUE,TRUE,FALSE,TRUE,TRUE,TRUE,"ok","ok","",""
"SchirmerM_2016","Schirmer 2016",67,"fourfold","Dorea",0.99,0.99,0.99,99,99,30213,TRUE,TRUE,TRUE,FALSE,TRUE,TRUE,TRUE,"ok","ok","",""
"SchirmerM_2016","Schirmer 2016",67,"fourfold","Eubacterium",0.975,0.98,0.97,98,97,16258,TRUE,TRUE,TRUE,FALSE,TRUE,TRUE,TRUE,"ok","ok","",""
"SchirmerM_2016","Schirmer 2016",67,"fourfold","Faecalibacterium",0.985,0.98,0.99,98,99,53716,TRUE,TRUE,TRUE,FALSE,TRUE,TRUE,TRUE,"ok","ok","",""
"SchirmerM_2016","Schirmer 2016",67,"fourfold","Firmicutes_unclassified",0.8,0.72,0.88,72,88,4971,TRUE,TRUE,TRUE,FALSE,TRUE,TRUE,TRUE,"ok","ok","",""
"SchirmerM_2016","Schirmer 2016",67,"fourfold","Fusicatenibacter",0.97,0.97,0.97,97,97,28964,TRUE,TRUE,TRUE,FALSE,TRUE,TRUE,TRUE,"ok","ok","",""
"SchirmerM_2016","Schirmer 2016",67,"fourfold","Lachnospira",0.85,0.84,0.86,84,86,9398,TRUE,TRUE,TRUE,FALSE,TRUE,TRUE,TRUE,"ok","ok","",""
"SchirmerM_2016","Schirmer 2016",67,"fourfold","Lachnospiraceae_unclassified",0.925,0.92,0.93,92,93,44803,TRUE,TRUE,TRUE,FALSE,TRUE,TRUE,TRUE,"ok","ok","",""
"SchirmerM_2016","Schirmer 2016",67,"fourfold","Mediterraneibacter",0.98,0.97,0.99,97,99,22878,TRUE,TRUE,TRUE,FALSE,TRUE,TRUE,TRUE,"ok","ok","",""
"SchirmerM_2016","Schirmer 2016",67,"fourfold","Methanobrevibacter",0.375,0.38,0.37,38,37,7574,TRUE,TRUE,TRUE,FALSE,TRUE,TRUE,TRUE,"ok","ok","",""
"SchirmerM_2016","Schirmer 2016",67,"fourfold","Oscillibacter",0.805,0.71,0.9,71,90,4528,TRUE,TRUE,TRUE,FALSE,TRUE,TRUE,TRUE,"ok","ok","",""
"SchirmerM_2016","Schirmer 2016",67,"fourfold","Parabacteroides",0.96,0.97,0.95,97,95,11459,TRUE,TRUE,TRUE,FALSE,TRUE,TRUE,TRUE,"ok","ok","",""
"SchirmerM_2016","Schirmer 2016",67,"fourfold","Phascolarctobacterium",0.47,0.46,0.48,46,48,3517,TRUE,TRUE,TRUE,FALSE,TRUE,TRUE,TRUE,"ok","ok","",""
"SchirmerM_2016","Schirmer 2016",67,"fourfold","Phocaeicola",1,1,1,100,100,40953,TRUE,TRUE,FALSE,TRUE,TRUE,TRUE,TRUE,"no_observed_zeros","ok","",""
"SchirmerM_2016","Schirmer 2016",67,"fourfold","Prevotella",0.495,0.49,0.5,49,50,40393,TRUE,TRUE,TRUE,FALSE,TRUE,TRUE,TRUE,"ok","ok","",""
"SchirmerM_2016","Schirmer 2016",67,"fourfold","Roseburia",0.985,0.99,0.98,99,98,39209,TRUE,TRUE,TRUE,FALSE,TRUE,TRUE,TRUE,"ok","ok","",""
"SchirmerM_2016","Schirmer 2016",67,"fourfold","Ruminococcaceae_unclassified",0.64,0.48,0.8,48,80,6630,TRUE,TRUE,TRUE,FALSE,TRUE,TRUE,TRUE,"ok","ok","",""
"SchirmerM_2016","Schirmer 2016",67,"fourfold","Ruminococcus",0.895,0.88,0.91,88,91,65452,TRUE,TRUE,TRUE,FALSE,TRUE,TRUE,TRUE,"ok","ok","",""
"SchirmerM_2016","Schirmer 2016",67,"fourfold","Streptococcus",0.89,0.86,0.92,86,92,6575,TRUE,TRUE,TRUE,FALSE,TRUE,TRUE,TRUE,"ok","ok","",""
"SchirmerM_2016","Schirmer 2016",68,"balanced","Agathobaculum",0.905,0.92,0.89,92,89,4015,TRUE,TRUE,TRUE,FALSE,TRUE,TRUE,TRUE,"ok","ok","",""
"SchirmerM_2016","Schirmer 2016",68,"balanced","Akkermansia",0.49,0.49,0.49,49,49,9461,TRUE,TRUE,TRUE,FALSE,TRUE,TRUE,TRUE,"ok","ok","",""
"SchirmerM_2016","Schirmer 2016",68,"balanced","Alistipes",0.965,0.95,0.98,95,98,29528,TRUE,TRUE,TRUE,FALSE,TRUE,TRUE,TRUE,"ok","ok","",""
"SchirmerM_2016","Schirmer 2016",68,"balanced","Anaerobutyricum",0.99,1,0.98,100,98,21619,TRUE,TRUE,TRUE,FALSE,TRUE,TRUE,TRUE,"ok","ok","",""
"SchirmerM_2016","Schirmer 2016",68,"balanced","Anaerostipes",0.995,1,0.99,100,99,26679,TRUE,TRUE,TRUE,FALSE,TRUE,TRUE,TRUE,"ok","ok","",""
"SchirmerM_2016","Schirmer 2016",68,"balanced","Bacteroides",1,1,1,100,100,58600,TRUE,TRUE,FALSE,TRUE,TRUE,TRUE,TRUE,"no_observed_zeros","ok","",""
"SchirmerM_2016","Schirmer 2016",68,"balanced","Barnesiella",0.815,0.78,0.85,78,85,6631,TRUE,TRUE,TRUE,FALSE,TRUE,TRUE,TRUE,"ok","ok","",""
"SchirmerM_2016","Schirmer 2016",68,"balanced","Bifidobacterium",0.98,0.99,0.97,99,97,127811,TRUE,TRUE,TRUE,FALSE,TRUE,TRUE,TRUE,"ok","ok","",""
"SchirmerM_2016","Schirmer 2016",68,"balanced","Blautia",0.995,0.99,1,99,100,24097,TRUE,TRUE,TRUE,FALSE,TRUE,TRUE,TRUE,"ok","ok","",""
"SchirmerM_2016","Schirmer 2016",68,"balanced","Collinsella",0.94,0.98,0.9,98,90,38961,TRUE,TRUE,TRUE,FALSE,TRUE,TRUE,TRUE,"ok","ok","",""
"SchirmerM_2016","Schirmer 2016",68,"balanced","Coprococcus",0.97,0.96,0.98,96,98,33662,TRUE,TRUE,TRUE,FALSE,TRUE,TRUE,TRUE,"ok","ok","",""
"SchirmerM_2016","Schirmer 2016",68,"balanced","Dialister",0.52,0.45,0.59,45,59,4704,TRUE,TRUE,TRUE,FALSE,TRUE,TRUE,TRUE,"ok","ok","",""
"SchirmerM_2016","Schirmer 2016",68,"balanced","Dorea",0.995,1,0.99,100,99,33526,TRUE,TRUE,TRUE,FALSE,TRUE,TRUE,TRUE,"ok","ok","",""
"SchirmerM_2016","Schirmer 2016",68,"balanced","Eubacterium",0.985,0.99,0.98,99,98,16845,TRUE,TRUE,TRUE,FALSE,TRUE,TRUE,TRUE,"ok","ok","",""
"SchirmerM_2016","Schirmer 2016",68,"balanced","Faecalibacterium",0.985,1,0.97,100,97,60733,TRUE,TRUE,TRUE,FALSE,TRUE,TRUE,TRUE,"ok","ok","",""
"SchirmerM_2016","Schirmer 2016",68,"balanced","Firmicutes_unclassified",0.85,0.85,0.85,85,85,5211,TRUE,TRUE,TRUE,FALSE,TRUE,TRUE,TRUE,"ok","ok","",""
"SchirmerM_2016","Schirmer 2016",68,"balanced","Fusicatenibacter",0.97,0.98,0.96,98,96,36686,TRUE,TRUE,TRUE,FALSE,TRUE,TRUE,TRUE,"ok","ok","",""
"SchirmerM_2016","Schirmer 2016",68,"balanced","Lachnospira",0.85,0.86,0.84,86,84,10803,TRUE,TRUE,TRUE,FALSE,TRUE,TRUE,TRUE,"ok","ok","",""
"SchirmerM_2016","Schirmer 2016",68,"balanced","Lachnospiraceae_unclassified",0.93,0.95,0.91,95,91,50634,TRUE,TRUE,TRUE,FALSE,TRUE,TRUE,TRUE,"ok","ok","",""
"SchirmerM_2016","Schirmer 2016",68,"balanced","Mediterraneibacter",0.98,0.98,0.98,98,98,25357,TRUE,TRUE,TRUE,FALSE,TRUE,TRUE,TRUE,"ok","ok","",""
"SchirmerM_2016","Schirmer 2016",68,"balanced","Methanobrevibacter",0.375,0.35,0.4,35,40,7404,TRUE,TRUE,TRUE,FALSE,TRUE,TRUE,TRUE,"ok","ok","",""
"SchirmerM_2016","Schirmer 2016",68,"balanced","Oscillibacter",0.805,0.79,0.82,79,82,4498,TRUE,TRUE,TRUE,FALSE,TRUE,TRUE,TRUE,"ok","ok","",""
"SchirmerM_2016","Schirmer 2016",68,"balanced","Parabacteroides",0.965,0.97,0.96,97,96,13842,TRUE,TRUE,TRUE,FALSE,TRUE,TRUE,TRUE,"ok","ok","",""
"SchirmerM_2016","Schirmer 2016",68,"balanced","Phascolarctobacterium",0.485,0.54,0.43,54,43,4086,TRUE,TRUE,TRUE,FALSE,TRUE,TRUE,TRUE,"ok","ok","",""
"SchirmerM_2016","Schirmer 2016",68,"balanced","Phocaeicola",1,1,1,100,100,47795,TRUE,TRUE,FALSE,TRUE,TRUE,TRUE,TRUE,"no_observed_zeros","ok","",""
"SchirmerM_2016","Schirmer 2016",68,"balanced","Prevotella",0.505,0.5,0.51,50,51,52330,TRUE,TRUE,TRUE,FALSE,TRUE,TRUE,TRUE,"ok","ok","",""
"SchirmerM_2016","Schirmer 2016",68,"balanced","Roseburia",0.99,0.99,0.99,99,99,47800,TRUE,TRUE,TRUE,FALSE,TRUE,TRUE,TRUE,"ok","ok","",""
"SchirmerM_2016","Schirmer 2016",68,"balanced","Ruminococcaceae_unclassified",0.72,0.71,0.73,71,73,4802,TRUE,TRUE,TRUE,FALSE,TRUE,TRUE,TRUE,"ok","ok","",""
"SchirmerM_2016","Schirmer 2016",68,"balanced","Ruminococcus",0.9,0.9,0.9,90,90,68984,TRUE,TRUE,TRUE,FALSE,TRUE,TRUE,TRUE,"ok","ok","",""
"SchirmerM_2016","Schirmer 2016",68,"balanced","Streptococcus",0.93,0.97,0.89,97,89,7552,TRUE,TRUE,TRUE,FALSE,TRUE,TRUE,TRUE,"ok","ok","",""
"SchirmerM_2016","Schirmer 2016",68,"fourfold","Agathobaculum",0.885,0.85,0.92,85,92,3306,TRUE,TRUE,TRUE,FALSE,TRUE,TRUE,TRUE,"ok","ok","",""
"SchirmerM_2016","Schirmer 2016",68,"fourfold","Akkermansia",0.475,0.46,0.49,46,49,7778,TRUE,TRUE,TRUE,FALSE,TRUE,TRUE,TRUE,"ok","ok","",""
"SchirmerM_2016","Schirmer 2016",68,"fourfold","Alistipes",0.955,0.94,0.97,94,97,26037,TRUE,TRUE,TRUE,FALSE,TRUE,TRUE,TRUE,"ok","ok","",""
"SchirmerM_2016","Schirmer 2016",68,"fourfold","Anaerobutyricum",0.985,0.99,0.98,99,98,19352,TRUE,TRUE,TRUE,FALSE,TRUE,TRUE,TRUE,"ok","ok","",""
"SchirmerM_2016","Schirmer 2016",68,"fourfold","Anaerostipes",0.99,0.99,0.99,99,99,23612,TRUE,TRUE,TRUE,FALSE,TRUE,TRUE,TRUE,"ok","ok","",""
"SchirmerM_2016","Schirmer 2016",68,"fourfold","Bacteroides",0.995,0.99,1,99,100,54191,TRUE,TRUE,TRUE,FALSE,TRUE,TRUE,TRUE,"ok","ok","",""
"SchirmerM_2016","Schirmer 2016",68,"fourfold","Barnesiella",0.795,0.76,0.83,76,83,6544,TRUE,TRUE,TRUE,FALSE,TRUE,TRUE,TRUE,"ok","ok","",""
"SchirmerM_2016","Schirmer 2016",68,"fourfold","Bifidobacterium",0.975,0.98,0.97,98,97,117345,TRUE,TRUE,TRUE,FALSE,TRUE,TRUE,TRUE,"ok","ok","",""
"SchirmerM_2016","Schirmer 2016",68,"fourfold","Blautia",1,1,1,100,100,24458,TRUE,TRUE,FALSE,TRUE,TRUE,TRUE,TRUE,"no_observed_zeros","ok","",""
"SchirmerM_2016","Schirmer 2016",68,"fourfold","Collinsella",0.93,0.97,0.89,97,89,33660,TRUE,TRUE,TRUE,FALSE,TRUE,TRUE,TRUE,"ok","ok","",""
"SchirmerM_2016","Schirmer 2016",68,"fourfold","Coprococcus",0.975,0.97,0.98,97,98,30855,TRUE,TRUE,TRUE,FALSE,TRUE,TRUE,TRUE,"ok","ok","",""
"SchirmerM_2016","Schirmer 2016",68,"fourfold","Dialister",0.54,0.44,0.64,44,64,5803,TRUE,TRUE,TRUE,FALSE,TRUE,TRUE,TRUE,"ok","ok","",""
"SchirmerM_2016","Schirmer 2016",68,"fourfold","Dorea",0.995,1,0.99,100,99,31217,TRUE,TRUE,TRUE,FALSE,TRUE,TRUE,TRUE,"ok","ok","",""
"SchirmerM_2016","Schirmer 2016",68,"fourfold","Eubacterium",0.96,0.93,0.99,93,99,14708,TRUE,TRUE,TRUE,FALSE,TRUE,TRUE,TRUE,"ok","ok","",""
"SchirmerM_2016","Schirmer 2016",68,"fourfold","Faecalibacterium",0.985,1,0.97,100,97,54790,TRUE,TRUE,TRUE,FALSE,TRUE,TRUE,TRUE,"ok","ok","",""
"SchirmerM_2016","Schirmer 2016",68,"fourfold","Firmicutes_unclassified",0.83,0.79,0.87,79,87,4332,TRUE,TRUE,TRUE,FALSE,TRUE,TRUE,TRUE,"ok","ok","",""
"SchirmerM_2016","Schirmer 2016",68,"fourfold","Fusicatenibacter",0.97,0.98,0.96,98,96,32323,TRUE,TRUE,TRUE,FALSE,TRUE,TRUE,TRUE,"ok","ok","",""
"SchirmerM_2016","Schirmer 2016",68,"fourfold","Lachnospira",0.845,0.83,0.86,83,86,9723,TRUE,TRUE,TRUE,FALSE,TRUE,TRUE,TRUE,"ok","ok","",""
"SchirmerM_2016","Schirmer 2016",68,"fourfold","Lachnospiraceae_unclassified",0.925,0.91,0.94,91,94,41970,TRUE,TRUE,TRUE,FALSE,TRUE,TRUE,TRUE,"ok","ok","",""
"SchirmerM_2016","Schirmer 2016",68,"fourfold","Mediterraneibacter",0.975,0.97,0.98,97,98,27679,TRUE,TRUE,TRUE,FALSE,TRUE,TRUE,TRUE,"ok","ok","",""
"SchirmerM_2016","Schirmer 2016",68,"fourfold","Methanobrevibacter",0.375,0.34,0.41,34,41,8356,TRUE,TRUE,TRUE,FALSE,TRUE,TRUE,TRUE,"ok","ok","",""
"SchirmerM_2016","Schirmer 2016",68,"fourfold","Oscillibacter",0.825,0.81,0.84,81,84,4447,TRUE,TRUE,TRUE,FALSE,TRUE,TRUE,TRUE,"ok","ok","",""
"SchirmerM_2016","Schirmer 2016",68,"fourfold","Parabacteroides",0.95,0.94,0.96,94,96,12294,TRUE,TRUE,TRUE,FALSE,TRUE,TRUE,TRUE,"ok","ok","",""
"SchirmerM_2016","Schirmer 2016",68,"fourfold","Phascolarctobacterium",0.475,0.5,0.45,50,45,3017,TRUE,TRUE,TRUE,FALSE,TRUE,TRUE,TRUE,"ok","ok","",""
"SchirmerM_2016","Schirmer 2016",68,"fourfold","Phocaeicola",1,1,1,100,100,42878,TRUE,TRUE,FALSE,TRUE,TRUE,TRUE,TRUE,"no_observed_zeros","ok","",""
"SchirmerM_2016","Schirmer 2016",68,"fourfold","Prevotella",0.505,0.48,0.53,48,53,45749,TRUE,TRUE,TRUE,FALSE,TRUE,TRUE,TRUE,"ok","ok","",""
"SchirmerM_2016","Schirmer 2016",68,"fourfold","Roseburia",0.975,0.96,0.99,96,99,44538,TRUE,TRUE,TRUE,FALSE,TRUE,TRUE,TRUE,"ok","ok","",""
"SchirmerM_2016","Schirmer 2016",68,"fourfold","Ruminococcaceae_unclassified",0.685,0.59,0.78,59,78,5427,TRUE,TRUE,TRUE,FALSE,TRUE,TRUE,TRUE,"ok","ok","",""
"SchirmerM_2016","Schirmer 2016",68,"fourfold","Ruminococcus",0.89,0.88,0.9,88,90,68355,TRUE,TRUE,TRUE,FALSE,TRUE,TRUE,TRUE,"ok","ok","",""
"SchirmerM_2016","Schirmer 2016",68,"fourfold","Streptococcus",0.905,0.87,0.94,87,94,7062,TRUE,TRUE,TRUE,FALSE,TRUE,TRUE,TRUE,"ok","ok","",""
"SchirmerM_2016","Schirmer 2016",69,"balanced","Agathobaculum",0.905,0.89,0.92,89,92,3784,TRUE,TRUE,TRUE,FALSE,TRUE,TRUE,TRUE,"ok","ok","",""
"SchirmerM_2016","Schirmer 2016",69,"balanced","Akkermansia",0.475,0.47,0.48,47,48,8363,TRUE,TRUE,TRUE,FALSE,TRUE,TRUE,TRUE,"ok","ok","",""
"SchirmerM_2016","Schirmer 2016",69,"balanced","Alistipes",0.955,0.98,0.93,98,93,27745,TRUE,TRUE,TRUE,FALSE,TRUE,TRUE,TRUE,"ok","ok","",""
"SchirmerM_2016","Schirmer 2016",69,"balanced","Anaerobutyricum",0.99,0.98,1,98,100,20548,TRUE,TRUE,TRUE,FALSE,TRUE,TRUE,TRUE,"ok","ok","",""
"SchirmerM_2016","Schirmer 2016",69,"balanced","Anaerostipes",0.995,1,0.99,100,99,24492,TRUE,TRUE,TRUE,FALSE,TRUE,TRUE,TRUE,"ok","ok","",""
"SchirmerM_2016","Schirmer 2016",69,"balanced","Bacteroides",1,1,1,100,100,58337,TRUE,TRUE,FALSE,TRUE,TRUE,TRUE,TRUE,"no_observed_zeros","ok","",""
"SchirmerM_2016","Schirmer 2016",69,"balanced","Barnesiella",0.815,0.82,0.81,82,81,6720,TRUE,TRUE,TRUE,FALSE,TRUE,TRUE,TRUE,"ok","ok","",""
"SchirmerM_2016","Schirmer 2016",69,"balanced","Bifidobacterium",0.975,0.97,0.98,97,98,131697,TRUE,TRUE,TRUE,FALSE,TRUE,TRUE,TRUE,"ok","ok","",""
"SchirmerM_2016","Schirmer 2016",69,"balanced","Blautia",1,1,1,100,100,22546,TRUE,TRUE,FALSE,TRUE,TRUE,TRUE,TRUE,"no_observed_zeros","ok","",""
"SchirmerM_2016","Schirmer 2016",69,"balanced","Collinsella",0.92,0.96,0.88,96,88,40005,TRUE,TRUE,TRUE,FALSE,TRUE,TRUE,TRUE,"ok","ok","",""
"SchirmerM_2016","Schirmer 2016",69,"balanced","Coprococcus",0.98,0.97,0.99,97,99,32191,TRUE,TRUE,TRUE,FALSE,TRUE,TRUE,TRUE,"ok","ok","",""
"SchirmerM_2016","Schirmer 2016",69,"balanced","Dialister",0.515,0.51,0.52,51,52,5573,TRUE,TRUE,TRUE,FALSE,TRUE,TRUE,TRUE,"ok","ok","",""
"SchirmerM_2016","Schirmer 2016",69,"balanced","Dorea",0.99,0.98,1,98,100,33172,TRUE,TRUE,TRUE,FALSE,TRUE,TRUE,TRUE,"ok","ok","",""
"SchirmerM_2016","Schirmer 2016",69,"balanced","Eubacterium",0.98,0.98,0.98,98,98,15908,TRUE,TRUE,TRUE,FALSE,TRUE,TRUE,TRUE,"ok","ok","",""
"SchirmerM_2016","Schirmer 2016",69,"balanced","Faecalibacterium",0.985,0.99,0.98,99,98,58182,TRUE,TRUE,TRUE,FALSE,TRUE,TRUE,TRUE,"ok","ok","",""
"SchirmerM_2016","Schirmer 2016",69,"balanced","Firmicutes_unclassified",0.855,0.88,0.83,88,83,5092,TRUE,TRUE,TRUE,FALSE,TRUE,TRUE,TRUE,"ok","ok","",""
"SchirmerM_2016","Schirmer 2016",69,"balanced","Fusicatenibacter",0.975,1,0.95,100,95,33775,TRUE,TRUE,TRUE,FALSE,TRUE,TRUE,TRUE,"ok","ok","",""
"SchirmerM_2016","Schirmer 2016",69,"balanced","Lachnospira",0.875,0.88,0.87,88,87,10388,TRUE,TRUE,TRUE,FALSE,TRUE,TRUE,TRUE,"ok","ok","",""
"SchirmerM_2016","Schirmer 2016",69,"balanced","Lachnospiraceae_unclassified",0.92,0.91,0.93,91,93,43361,TRUE,TRUE,TRUE,FALSE,TRUE,TRUE,TRUE,"ok","ok","",""
"SchirmerM_2016","Schirmer 2016",69,"balanced","Mediterraneibacter",0.99,0.98,1,98,100,26315,TRUE,TRUE,TRUE,FALSE,TRUE,TRUE,TRUE,"ok","ok","",""
"SchirmerM_2016","Schirmer 2016",69,"balanced","Methanobrevibacter",0.395,0.45,0.34,45,34,8157,TRUE,TRUE,TRUE,FALSE,TRUE,TRUE,TRUE,"ok","ok","",""
"SchirmerM_2016","Schirmer 2016",69,"balanced","Oscillibacter",0.815,0.85,0.78,85,78,5008,TRUE,TRUE,TRUE,FALSE,TRUE,TRUE,TRUE,"ok","ok","",""
"SchirmerM_2016","Schirmer 2016",69,"balanced","Parabacteroides",0.96,0.98,0.94,98,94,14249,TRUE,TRUE,TRUE,FALSE,TRUE,TRUE,TRUE,"ok","ok","",""
"SchirmerM_2016","Schirmer 2016",69,"balanced","Phascolarctobacterium",0.475,0.49,0.46,49,46,3915,TRUE,TRUE,TRUE,FALSE,TRUE,TRUE,TRUE,"ok","ok","",""
"SchirmerM_2016","Schirmer 2016",69,"balanced","Phocaeicola",1,1,1,100,100,44834,TRUE,TRUE,FALSE,TRUE,TRUE,TRUE,TRUE,"no_observed_zeros","ok","",""
"SchirmerM_2016","Schirmer 2016",69,"balanced","Prevotella",0.515,0.47,0.56,47,56,55626,TRUE,TRUE,TRUE,FALSE,TRUE,TRUE,TRUE,"ok","ok","",""
"SchirmerM_2016","Schirmer 2016",69,"balanced","Roseburia",0.985,0.97,1,97,100,45263,TRUE,TRUE,TRUE,FALSE,TRUE,TRUE,TRUE,"ok","ok","",""
"SchirmerM_2016","Schirmer 2016",69,"balanced","Ruminococcaceae_unclassified",0.71,0.72,0.7,72,70,4775,TRUE,TRUE,TRUE,FALSE,TRUE,TRUE,TRUE,"ok","ok","",""
"SchirmerM_2016","Schirmer 2016",69,"balanced","Ruminococcus",0.89,0.9,0.88,90,88,68923,TRUE,TRUE,TRUE,FALSE,TRUE,TRUE,TRUE,"ok","ok","",""
"SchirmerM_2016","Schirmer 2016",69,"balanced","Streptococcus",0.915,0.94,0.89,94,89,7682,TRUE,TRUE,TRUE,FALSE,TRUE,TRUE,TRUE,"ok","ok","",""
"SchirmerM_2016","Schirmer 2016",69,"fourfold","Agathobaculum",0.895,0.84,0.95,84,95,3451,TRUE,TRUE,TRUE,FALSE,TRUE,TRUE,TRUE,"ok","ok","",""
"SchirmerM_2016","Schirmer 2016",69,"fourfold","Akkermansia",0.445,0.39,0.5,39,50,8571,TRUE,TRUE,TRUE,FALSE,TRUE,TRUE,TRUE,"ok","ok","",""
"SchirmerM_2016","Schirmer 2016",69,"fourfold","Alistipes",0.95,0.96,0.94,96,94,26102,TRUE,TRUE,TRUE,FALSE,TRUE,TRUE,TRUE,"ok","ok","",""
"SchirmerM_2016","Schirmer 2016",69,"fourfold","Anaerobutyricum",0.985,0.97,1,97,100,17910,TRUE,TRUE,TRUE,FALSE,TRUE,TRUE,TRUE,"ok","ok","",""
"SchirmerM_2016","Schirmer 2016",69,"fourfold","Anaerostipes",0.995,1,0.99,100,99,21597,TRUE,TRUE,TRUE,FALSE,TRUE,TRUE,TRUE,"ok","ok","",""
"SchirmerM_2016","Schirmer 2016",69,"fourfold","Bacteroides",0.995,1,0.99,100,99,50393,TRUE,TRUE,TRUE,FALSE,TRUE,TRUE,TRUE,"ok","ok","",""
"SchirmerM_2016","Schirmer 2016",69,"fourfold","Barnesiella",0.805,0.82,0.79,82,79,5207,TRUE,TRUE,TRUE,FALSE,TRUE,TRUE,TRUE,"ok","ok","",""
"SchirmerM_2016","Schirmer 2016",69,"fourfold","Bifidobacterium",0.985,0.97,1,97,100,115566,TRUE,TRUE,TRUE,FALSE,TRUE,TRUE,TRUE,"ok","ok","",""
"SchirmerM_2016","Schirmer 2016",69,"fourfold","Blautia",1,1,1,100,100,19045,TRUE,TRUE,FALSE,TRUE,TRUE,TRUE,TRUE,"no_observed_zeros","ok","",""
"SchirmerM_2016","Schirmer 2016",69,"fourfold","Collinsella",0.945,0.96,0.93,96,93,34626,TRUE,TRUE,TRUE,FALSE,TRUE,TRUE,TRUE,"ok","ok","",""
"SchirmerM_2016","Schirmer 2016",69,"fourfold","Coprococcus",0.97,0.95,0.99,95,99,26691,TRUE,TRUE,TRUE,FALSE,TRUE,TRUE,TRUE,"ok","ok","",""
"SchirmerM_2016","Schirmer 2016",69,"fourfold","Dialister",0.52,0.47,0.57,47,57,4577,TRUE,TRUE,TRUE,FALSE,TRUE,TRUE,TRUE,"ok","ok","",""
"SchirmerM_2016","Schirmer 2016",69,"fourfold","Dorea",0.99,0.98,1,98,100,29085,TRUE,TRUE,TRUE,FALSE,TRUE,TRUE,TRUE,"ok","ok","",""
"SchirmerM_2016","Schirmer 2016",69,"fourfold","Eubacterium",0.97,0.95,0.99,95,99,13730,TRUE,TRUE,TRUE,FALSE,TRUE,TRUE,TRUE,"ok","ok","",""
"SchirmerM_2016","Schirmer 2016",69,"fourfold","Faecalibacterium",0.985,0.99,0.98,99,98,50929,TRUE,TRUE,TRUE,FALSE,TRUE,TRUE,TRUE,"ok","ok","",""
"SchirmerM_2016","Schirmer 2016",69,"fourfold","Firmicutes_unclassified",0.815,0.8,0.83,80,83,4524,TRUE,TRUE,TRUE,FALSE,TRUE,TRUE,TRUE,"ok","ok","",""
"SchirmerM_2016","Schirmer 2016",69,"fourfold","Fusicatenibacter",0.97,0.98,0.96,98,96,27632,TRUE,TRUE,TRUE,FALSE,TRUE,TRUE,TRUE,"ok","ok","",""
"SchirmerM_2016","Schirmer 2016",69,"fourfold","Lachnospira",0.84,0.81,0.87,81,87,8987,TRUE,TRUE,TRUE,FALSE,TRUE,TRUE,TRUE,"ok","ok","",""
"SchirmerM_2016","Schirmer 2016",69,"fourfold","Lachnospiraceae_unclassified",0.92,0.9,0.94,90,94,39207,TRUE,TRUE,TRUE,FALSE,TRUE,TRUE,TRUE,"ok","ok","",""
"SchirmerM_2016","Schirmer 2016",69,"fourfold","Mediterraneibacter",0.975,0.95,1,95,100,22279,TRUE,TRUE,TRUE,FALSE,TRUE,TRUE,TRUE,"ok","ok","",""
"SchirmerM_2016","Schirmer 2016",69,"fourfold","Methanobrevibacter",0.365,0.42,0.31,42,31,5991,TRUE,TRUE,TRUE,FALSE,TRUE,TRUE,TRUE,"ok","ok","",""
"SchirmerM_2016","Schirmer 2016",69,"fourfold","Oscillibacter",0.815,0.8,0.83,80,83,3941,TRUE,TRUE,TRUE,FALSE,TRUE,TRUE,TRUE,"ok","ok","",""
"SchirmerM_2016","Schirmer 2016",69,"fourfold","Parabacteroides",0.96,0.97,0.95,97,95,11209,TRUE,TRUE,TRUE,FALSE,TRUE,TRUE,TRUE,"ok","ok","",""
"SchirmerM_2016","Schirmer 2016",69,"fourfold","Phascolarctobacterium",0.465,0.44,0.49,44,49,3583,TRUE,TRUE,TRUE,FALSE,TRUE,TRUE,TRUE,"ok","ok","",""
"SchirmerM_2016","Schirmer 2016",69,"fourfold","Phocaeicola",1,1,1,100,100,38825,TRUE,TRUE,FALSE,TRUE,TRUE,TRUE,TRUE,"no_observed_zeros","ok","",""
"SchirmerM_2016","Schirmer 2016",69,"fourfold","Prevotella",0.485,0.43,0.54,43,54,48689,TRUE,TRUE,TRUE,FALSE,TRUE,TRUE,TRUE,"ok","ok","",""
"SchirmerM_2016","Schirmer 2016",69,"fourfold","Roseburia",0.985,0.97,1,97,100,41682,TRUE,TRUE,TRUE,FALSE,TRUE,TRUE,TRUE,"ok","ok","",""
"SchirmerM_2016","Schirmer 2016",69,"fourfold","Ruminococcaceae_unclassified",0.665,0.59,0.74,59,74,4712,TRUE,TRUE,TRUE,FALSE,TRUE,TRUE,TRUE,"ok","ok","",""
"SchirmerM_2016","Schirmer 2016",69,"fourfold","Ruminococcus",0.88,0.88,0.88,88,88,63152,TRUE,TRUE,TRUE,FALSE,TRUE,TRUE,TRUE,"ok","ok","",""
"SchirmerM_2016","Schirmer 2016",69,"fourfold","Streptococcus",0.875,0.86,0.89,86,89,6006,TRUE,TRUE,TRUE,FALSE,TRUE,TRUE,TRUE,"ok","ok","",""
"SchirmerM_2016","Schirmer 2016",70,"balanced","Agathobaculum",0.92,0.93,0.91,93,91,3523,TRUE,TRUE,TRUE,FALSE,TRUE,TRUE,TRUE,"ok","ok","",""
"SchirmerM_2016","Schirmer 2016",70,"balanced","Akkermansia",0.47,0.5,0.44,50,44,8525,TRUE,TRUE,TRUE,FALSE,TRUE,TRUE,TRUE,"ok","ok","",""
"SchirmerM_2016","Schirmer 2016",70,"balanced","Alistipes",0.945,0.96,0.93,96,93,28055,TRUE,TRUE,TRUE,FALSE,TRUE,TRUE,TRUE,"ok","ok","",""
"SchirmerM_2016","Schirmer 2016",70,"balanced","Anaerobutyricum",0.99,1,0.98,100,98,20713,TRUE,TRUE,TRUE,FALSE,TRUE,TRUE,TRUE,"ok","ok","",""
"SchirmerM_2016","Schirmer 2016",70,"balanced","Anaerostipes",0.995,0.99,1,99,100,24440,TRUE,TRUE,TRUE,FALSE,TRUE,TRUE,TRUE,"ok","ok","",""
"SchirmerM_2016","Schirmer 2016",70,"balanced","Bacteroides",1,1,1,100,100,55044,TRUE,TRUE,FALSE,TRUE,TRUE,TRUE,TRUE,"no_observed_zeros","ok","",""
"SchirmerM_2016","Schirmer 2016",70,"balanced","Barnesiella",0.805,0.79,0.82,79,82,6818,TRUE,TRUE,TRUE,FALSE,TRUE,TRUE,TRUE,"ok","ok","",""
"SchirmerM_2016","Schirmer 2016",70,"balanced","Bifidobacterium",0.98,0.97,0.99,97,99,126324,TRUE,TRUE,TRUE,FALSE,TRUE,TRUE,TRUE,"ok","ok","",""
"SchirmerM_2016","Schirmer 2016",70,"balanced","Blautia",1,1,1,100,100,20194,TRUE,TRUE,FALSE,TRUE,TRUE,TRUE,TRUE,"no_observed_zeros","ok","",""
"SchirmerM_2016","Schirmer 2016",70,"balanced","Collinsella",0.94,0.91,0.97,91,97,37772,TRUE,TRUE,TRUE,FALSE,TRUE,TRUE,TRUE,"ok","ok","",""
"SchirmerM_2016","Schirmer 2016",70,"balanced","Coprococcus",0.975,0.97,0.98,97,98,31402,TRUE,TRUE,TRUE,FALSE,TRUE,TRUE,TRUE,"ok","ok","",""
"SchirmerM_2016","Schirmer 2016",70,"balanced","Dialister",0.535,0.53,0.54,53,54,5031,TRUE,TRUE,TRUE,FALSE,TRUE,TRUE,TRUE,"ok","ok","",""
"SchirmerM_2016","Schirmer 2016",70,"balanced","Dorea",0.99,0.99,0.99,99,99,32543,TRUE,TRUE,TRUE,FALSE,TRUE,TRUE,TRUE,"ok","ok","",""
"SchirmerM_2016","Schirmer 2016",70,"balanced","Eubacterium",0.98,0.98,0.98,98,98,15164,TRUE,TRUE,TRUE,FALSE,TRUE,TRUE,TRUE,"ok","ok","",""
"SchirmerM_2016","Schirmer 2016",70,"balanced","Faecalibacterium",0.985,0.98,0.99,98,99,58728,TRUE,TRUE,TRUE,FALSE,TRUE,TRUE,TRUE,"ok","ok","",""
"SchirmerM_2016","Schirmer 2016",70,"balanced","Firmicutes_unclassified",0.865,0.85,0.88,85,88,4930,TRUE,TRUE,TRUE,FALSE,TRUE,TRUE,TRUE,"ok","ok","",""
"SchirmerM_2016","Schirmer 2016",70,"balanced","Fusicatenibacter",0.98,0.97,0.99,97,99,33738,TRUE,TRUE,TRUE,FALSE,TRUE,TRUE,TRUE,"ok","ok","",""
"SchirmerM_2016","Schirmer 2016",70,"balanced","Lachnospira",0.86,0.82,0.9,82,90,10371,TRUE,TRUE,TRUE,FALSE,TRUE,TRUE,TRUE,"ok","ok","",""
"SchirmerM_2016","Schirmer 2016",70,"balanced","Lachnospiraceae_unclassified",0.915,0.9,0.93,90,93,46200,TRUE,TRUE,TRUE,FALSE,TRUE,TRUE,TRUE,"ok","ok","",""
"SchirmerM_2016","Schirmer 2016",70,"balanced","Mediterraneibacter",0.99,0.99,0.99,99,99,24889,TRUE,TRUE,TRUE,FALSE,TRUE,TRUE,TRUE,"ok","ok","",""
"SchirmerM_2016","Schirmer 2016",70,"balanced","Methanobrevibacter",0.375,0.34,0.41,34,41,7658,TRUE,TRUE,TRUE,FALSE,TRUE,TRUE,TRUE,"ok","ok","",""
"SchirmerM_2016","Schirmer 2016",70,"balanced","Oscillibacter",0.82,0.83,0.81,83,81,4453,TRUE,TRUE,TRUE,FALSE,TRUE,TRUE,TRUE,"ok","ok","",""
"SchirmerM_2016","Schirmer 2016",70,"balanced","Parabacteroides",0.97,0.96,0.98,96,98,13232,TRUE,TRUE,TRUE,FALSE,TRUE,TRUE,TRUE,"ok","ok","",""
"SchirmerM_2016","Schirmer 2016",70,"balanced","Phascolarctobacterium",0.495,0.46,0.53,46,53,3899,TRUE,TRUE,TRUE,FALSE,TRUE,TRUE,TRUE,"ok","ok","",""
"SchirmerM_2016","Schirmer 2016",70,"balanced","Phocaeicola",1,1,1,100,100,42452,TRUE,TRUE,FALSE,TRUE,TRUE,TRUE,TRUE,"no_observed_zeros","ok","",""
"SchirmerM_2016","Schirmer 2016",70,"balanced","Prevotella",0.505,0.45,0.56,45,56,52384,TRUE,TRUE,TRUE,FALSE,TRUE,TRUE,TRUE,"ok","ok","",""
"SchirmerM_2016","Schirmer 2016",70,"balanced","Roseburia",0.99,0.98,1,98,100,43427,TRUE,TRUE,TRUE,FALSE,TRUE,TRUE,TRUE,"ok","ok","",""
"SchirmerM_2016","Schirmer 2016",70,"balanced","Ruminococcaceae_unclassified",0.69,0.74,0.64,74,64,5637,TRUE,TRUE,TRUE,FALSE,TRUE,TRUE,TRUE,"ok","ok","",""
"SchirmerM_2016","Schirmer 2016",70,"balanced","Ruminococcus",0.895,0.89,0.9,89,90,68735,TRUE,TRUE,TRUE,FALSE,TRUE,TRUE,TRUE,"ok","ok","",""
"SchirmerM_2016","Schirmer 2016",70,"balanced","Streptococcus",0.925,0.91,0.94,91,94,6924,TRUE,TRUE,TRUE,FALSE,TRUE,TRUE,TRUE,"ok","ok","",""
"SchirmerM_2016","Schirmer 2016",70,"fourfold","Agathobaculum",0.885,0.83,0.94,83,94,3442,TRUE,TRUE,TRUE,FALSE,TRUE,TRUE,TRUE,"ok","ok","",""
"SchirmerM_2016","Schirmer 2016",70,"fourfold","Akkermansia",0.46,0.47,0.45,47,45,6425,TRUE,TRUE,TRUE,FALSE,TRUE,TRUE,TRUE,"ok","ok","",""
"SchirmerM_2016","Schirmer 2016",70,"fourfold","Alistipes",0.96,0.96,0.96,96,96,24013,TRUE,TRUE,TRUE,FALSE,TRUE,TRUE,TRUE,"ok","ok","",""
"SchirmerM_2016","Schirmer 2016",70,"fourfold","Anaerobutyricum",0.985,0.99,0.98,99,98,18361,TRUE,TRUE,TRUE,FALSE,TRUE,TRUE,TRUE,"ok","ok","",""
"SchirmerM_2016","Schirmer 2016",70,"fourfold","Anaerostipes",0.99,0.98,1,98,100,22920,TRUE,TRUE,TRUE,FALSE,TRUE,TRUE,TRUE,"ok","ok","",""
"SchirmerM_2016","Schirmer 2016",70,"fourfold","Bacteroides",1,1,1,100,100,48246,TRUE,TRUE,FALSE,TRUE,TRUE,TRUE,TRUE,"no_observed_zeros","ok","",""
"SchirmerM_2016","Schirmer 2016",70,"fourfold","Barnesiella",0.795,0.76,0.83,76,83,5596,TRUE,TRUE,TRUE,FALSE,TRUE,TRUE,TRUE,"ok","ok","",""
"SchirmerM_2016","Schirmer 2016",70,"fourfold","Bifidobacterium",0.975,0.96,0.99,96,99,117178,TRUE,TRUE,TRUE,FALSE,TRUE,TRUE,TRUE,"ok","ok","",""
"SchirmerM_2016","Schirmer 2016",70,"fourfold","Blautia",0.995,1,0.99,100,99,22381,TRUE,TRUE,TRUE,FALSE,TRUE,TRUE,TRUE,"ok","ok","",""
"SchirmerM_2016","Schirmer 2016",70,"fourfold","Collinsella",0.935,0.9,0.97,90,97,36649,TRUE,TRUE,TRUE,FALSE,TRUE,TRUE,TRUE,"ok","ok","",""
"SchirmerM_2016","Schirmer 2016",70,"fourfold","Coprococcus",0.98,0.98,0.98,98,98,30672,TRUE,TRUE,TRUE,FALSE,TRUE,TRUE,TRUE,"ok","ok","",""
"SchirmerM_2016","Schirmer 2016",70,"fourfold","Dialister",0.525,0.5,0.55,50,55,4153,TRUE,TRUE,TRUE,FALSE,TRUE,TRUE,TRUE,"ok","ok","",""
"SchirmerM_2016","Schirmer 2016",70,"fourfold","Dorea",0.99,0.99,0.99,99,99,30213,TRUE,TRUE,TRUE,FALSE,TRUE,TRUE,TRUE,"ok","ok","",""
"SchirmerM_2016","Schirmer 2016",70,"fourfold","Eubacterium",0.96,0.95,0.97,95,97,14838,TRUE,TRUE,TRUE,FALSE,TRUE,TRUE,TRUE,"ok","ok","",""
"SchirmerM_2016","Schirmer 2016",70,"fourfold","Faecalibacterium",0.985,0.98,0.99,98,99,52232,TRUE,TRUE,TRUE,FALSE,TRUE,TRUE,TRUE,"ok","ok","",""
"SchirmerM_2016","Schirmer 2016",70,"fourfold","Firmicutes_unclassified",0.82,0.75,0.89,75,89,4485,TRUE,TRUE,TRUE,FALSE,TRUE,TRUE,TRUE,"ok","ok","",""
"SchirmerM_2016","Schirmer 2016",70,"fourfold","Fusicatenibacter",0.98,0.97,0.99,97,99,30757,TRUE,TRUE,TRUE,FALSE,TRUE,TRUE,TRUE,"ok","ok","",""
"SchirmerM_2016","Schirmer 2016",70,"fourfold","Lachnospira",0.855,0.81,0.9,81,90,9000,TRUE,TRUE,TRUE,FALSE,TRUE,TRUE,TRUE,"ok","ok","",""
"SchirmerM_2016","Schirmer 2016",70,"fourfold","Lachnospiraceae_unclassified",0.935,0.92,0.95,92,95,39991,TRUE,TRUE,TRUE,FALSE,TRUE,TRUE,TRUE,"ok","ok","",""
"SchirmerM_2016","Schirmer 2016",70,"fourfold","Mediterraneibacter",0.985,0.99,0.98,99,98,23799,TRUE,TRUE,TRUE,FALSE,TRUE,TRUE,TRUE,"ok","ok","",""
"SchirmerM_2016","Schirmer 2016",70,"fourfold","Methanobrevibacter",0.36,0.31,0.41,31,41,7439,TRUE,TRUE,TRUE,FALSE,TRUE,TRUE,TRUE,"ok","ok","",""
"SchirmerM_2016","Schirmer 2016",70,"fourfold","Oscillibacter",0.795,0.76,0.83,76,83,3956,TRUE,TRUE,TRUE,FALSE,TRUE,TRUE,TRUE,"ok","ok","",""
"SchirmerM_2016","Schirmer 2016",70,"fourfold","Parabacteroides",0.96,0.95,0.97,95,97,13305,TRUE,TRUE,TRUE,FALSE,TRUE,TRUE,TRUE,"ok","ok","",""
"SchirmerM_2016","Schirmer 2016",70,"fourfold","Phascolarctobacterium",0.455,0.38,0.53,38,53,3915,TRUE,TRUE,TRUE,FALSE,TRUE,TRUE,TRUE,"ok","ok","",""
"SchirmerM_2016","Schirmer 2016",70,"fourfold","Phocaeicola",0.995,0.99,1,99,100,38187,TRUE,TRUE,FALSE,TRUE,TRUE,TRUE,TRUE,"structural_absence_boundary_at_zero","ok","",""
"SchirmerM_2016","Schirmer 2016",70,"fourfold","Prevotella",0.51,0.43,0.59,43,59,59520,TRUE,TRUE,TRUE,FALSE,TRUE,TRUE,TRUE,"ok","ok","",""
"SchirmerM_2016","Schirmer 2016",70,"fourfold","Roseburia",0.985,0.97,1,97,100,43351,TRUE,TRUE,TRUE,FALSE,TRUE,TRUE,TRUE,"ok","ok","",""
"SchirmerM_2016","Schirmer 2016",70,"fourfold","Ruminococcaceae_unclassified",0.625,0.57,0.68,57,68,4506,TRUE,TRUE,TRUE,FALSE,TRUE,TRUE,TRUE,"ok","ok","",""
"SchirmerM_2016","Schirmer 2016",70,"fourfold","Ruminococcus",0.9,0.89,0.91,89,91,59459,TRUE,TRUE,TRUE,FALSE,TRUE,TRUE,TRUE,"ok","ok","",""
"SchirmerM_2016","Schirmer 2016",70,"fourfold","Streptococcus",0.885,0.81,0.96,81,96,6658,TRUE,TRUE,TRUE,FALSE,TRUE,TRUE,TRUE,"ok","ok","",""
"SchirmerM_2016","Schirmer 2016",71,"balanced","Agathobaculum",0.895,0.91,0.88,91,88,3624,TRUE,TRUE,TRUE,FALSE,TRUE,TRUE,TRUE,"ok","ok","",""
"SchirmerM_2016","Schirmer 2016",71,"balanced","Akkermansia",0.47,0.41,0.53,41,53,7804,TRUE,TRUE,TRUE,FALSE,TRUE,TRUE,TRUE,"ok","ok","",""
"SchirmerM_2016","Schirmer 2016",71,"balanced","Alistipes",0.95,0.94,0.96,94,96,25856,TRUE,TRUE,TRUE,FALSE,TRUE,TRUE,TRUE,"ok","ok","",""
"SchirmerM_2016","Schirmer 2016",71,"balanced","Anaerobutyricum",0.99,0.99,0.99,99,99,18858,TRUE,TRUE,TRUE,FALSE,TRUE,TRUE,TRUE,"ok","ok","",""
"SchirmerM_2016","Schirmer 2016",71,"balanced","Anaerostipes",0.995,0.99,1,99,100,22263,TRUE,TRUE,TRUE,FALSE,TRUE,TRUE,TRUE,"ok","ok","",""
"SchirmerM_2016","Schirmer 2016",71,"balanced","Bacteroides",1,1,1,100,100,54980,TRUE,TRUE,FALSE,TRUE,TRUE,TRUE,TRUE,"no_observed_zeros","ok","",""
"SchirmerM_2016","Schirmer 2016",71,"balanced","Barnesiella",0.8,0.83,0.77,83,77,5800,TRUE,TRUE,TRUE,FALSE,TRUE,TRUE,TRUE,"ok","ok","",""
"SchirmerM_2016","Schirmer 2016",71,"balanced","Bifidobacterium",0.985,0.99,0.98,99,98,120371,TRUE,TRUE,TRUE,FALSE,TRUE,TRUE,TRUE,"ok","ok","",""
"SchirmerM_2016","Schirmer 2016",71,"balanced","Blautia",1,1,1,100,100,20457,TRUE,TRUE,FALSE,TRUE,TRUE,TRUE,TRUE,"no_observed_zeros","ok","",""
"SchirmerM_2016","Schirmer 2016",71,"balanced","Collinsella",0.94,0.93,0.95,93,95,36350,TRUE,TRUE,TRUE,FALSE,TRUE,TRUE,TRUE,"ok","ok","",""
"SchirmerM_2016","Schirmer 2016",71,"balanced","Coprococcus",0.975,0.97,0.98,97,98,29475,TRUE,TRUE,TRUE,FALSE,TRUE,TRUE,TRUE,"ok","ok","",""
"SchirmerM_2016","Schirmer 2016",71,"balanced","Dialister",0.55,0.56,0.54,56,54,4753,TRUE,TRUE,TRUE,FALSE,TRUE,TRUE,TRUE,"ok","ok","",""
"SchirmerM_2016","Schirmer 2016",71,"balanced","Dorea",0.99,1,0.98,100,98,30228,TRUE,TRUE,TRUE,FALSE,TRUE,TRUE,TRUE,"ok","ok","",""
"SchirmerM_2016","Schirmer 2016",71,"balanced","Eubacterium",0.985,0.98,0.99,98,99,15416,TRUE,TRUE,TRUE,FALSE,TRUE,TRUE,TRUE,"ok","ok","",""
"SchirmerM_2016","Schirmer 2016",71,"balanced","Faecalibacterium",0.985,0.98,0.99,98,99,56346,TRUE,TRUE,TRUE,FALSE,TRUE,TRUE,TRUE,"ok","ok","",""
"SchirmerM_2016","Schirmer 2016",71,"balanced","Firmicutes_unclassified",0.855,0.82,0.89,82,89,5008,TRUE,TRUE,TRUE,FALSE,TRUE,TRUE,TRUE,"ok","ok","",""
"SchirmerM_2016","Schirmer 2016",71,"balanced","Fusicatenibacter",0.975,0.96,0.99,96,99,30652,TRUE,TRUE,TRUE,FALSE,TRUE,TRUE,TRUE,"ok","ok","",""
"SchirmerM_2016","Schirmer 2016",71,"balanced","Lachnospira",0.84,0.8,0.88,80,88,9974,TRUE,TRUE,TRUE,FALSE,TRUE,TRUE,TRUE,"ok","ok","",""
"SchirmerM_2016","Schirmer 2016",71,"balanced","Lachnospiraceae_unclassified",0.925,0.92,0.93,92,93,41703,TRUE,TRUE,TRUE,FALSE,TRUE,TRUE,TRUE,"ok","ok","",""
"SchirmerM_2016","Schirmer 2016",71,"balanced","Mediterraneibacter",0.99,1,0.98,100,98,23926,TRUE,TRUE,TRUE,FALSE,TRUE,TRUE,TRUE,"ok","ok","",""
"SchirmerM_2016","Schirmer 2016",71,"balanced","Methanobrevibacter",0.37,0.36,0.38,36,38,7305,TRUE,TRUE,TRUE,FALSE,TRUE,TRUE,TRUE,"ok","ok","",""
"SchirmerM_2016","Schirmer 2016",71,"balanced","Oscillibacter",0.825,0.79,0.86,79,86,4326,TRUE,TRUE,TRUE,FALSE,TRUE,TRUE,TRUE,"ok","ok","",""
"SchirmerM_2016","Schirmer 2016",71,"balanced","Parabacteroides",0.96,0.95,0.97,95,97,13091,TRUE,TRUE,TRUE,FALSE,TRUE,TRUE,TRUE,"ok","ok","",""
"SchirmerM_2016","Schirmer 2016",71,"balanced","Phascolarctobacterium",0.485,0.49,0.48,49,48,3675,TRUE,TRUE,TRUE,FALSE,TRUE,TRUE,TRUE,"ok","ok","",""
"SchirmerM_2016","Schirmer 2016",71,"balanced","Phocaeicola",1,1,1,100,100,40965,TRUE,TRUE,FALSE,TRUE,TRUE,TRUE,TRUE,"no_observed_zeros","ok","",""
"SchirmerM_2016","Schirmer 2016",71,"balanced","Prevotella",0.52,0.46,0.58,46,58,56211,TRUE,TRUE,TRUE,FALSE,TRUE,TRUE,TRUE,"ok","ok","",""
"SchirmerM_2016","Schirmer 2016",71,"balanced","Roseburia",0.985,0.99,0.98,99,98,43888,TRUE,TRUE,TRUE,FALSE,TRUE,TRUE,TRUE,"ok","ok","",""
"SchirmerM_2016","Schirmer 2016",71,"balanced","Ruminococcaceae_unclassified",0.69,0.68,0.7,68,70,5325,TRUE,TRUE,TRUE,FALSE,TRUE,TRUE,TRUE,"ok","ok","",""
"SchirmerM_2016","Schirmer 2016",71,"balanced","Ruminococcus",0.885,0.86,0.91,86,91,61638,TRUE,TRUE,TRUE,FALSE,TRUE,TRUE,TRUE,"ok","ok","",""
"SchirmerM_2016","Schirmer 2016",71,"balanced","Streptococcus",0.92,0.94,0.9,94,90,6784,TRUE,TRUE,TRUE,FALSE,TRUE,TRUE,TRUE,"ok","ok","",""
"SchirmerM_2016","Schirmer 2016",71,"fourfold","Agathobaculum",0.885,0.86,0.91,86,91,3252,TRUE,TRUE,TRUE,FALSE,TRUE,TRUE,TRUE,"ok","ok","",""
"SchirmerM_2016","Schirmer 2016",71,"fourfold","Akkermansia",0.465,0.39,0.54,39,54,11255,TRUE,TRUE,TRUE,FALSE,TRUE,TRUE,TRUE,"ok","ok","",""
"SchirmerM_2016","Schirmer 2016",71,"fourfold","Alistipes",0.945,0.91,0.98,91,98,23640,TRUE,TRUE,TRUE,FALSE,TRUE,TRUE,TRUE,"ok","ok","",""
"SchirmerM_2016","Schirmer 2016",71,"fourfold","Anaerobutyricum",0.985,0.98,0.99,98,99,19617,TRUE,TRUE,TRUE,FALSE,TRUE,TRUE,TRUE,"ok","ok","",""
"SchirmerM_2016","Schirmer 2016",71,"fourfold","Anaerostipes",0.985,0.97,1,97,100,21541,TRUE,TRUE,TRUE,FALSE,TRUE,TRUE,TRUE,"ok","ok","",""
"SchirmerM_2016","Schirmer 2016",71,"fourfold","Bacteroides",1,1,1,100,100,50050,TRUE,TRUE,FALSE,TRUE,TRUE,TRUE,TRUE,"no_observed_zeros","ok","",""
"SchirmerM_2016","Schirmer 2016",71,"fourfold","Barnesiella",0.795,0.78,0.81,78,81,5558,TRUE,TRUE,TRUE,FALSE,TRUE,TRUE,TRUE,"ok","ok","",""
"SchirmerM_2016","Schirmer 2016",71,"fourfold","Bifidobacterium",0.98,0.98,0.98,98,98,114134,TRUE,TRUE,TRUE,FALSE,TRUE,TRUE,TRUE,"ok","ok","",""
"SchirmerM_2016","Schirmer 2016",71,"fourfold","Blautia",1,1,1,100,100,19103,TRUE,TRUE,FALSE,TRUE,TRUE,TRUE,TRUE,"no_observed_zeros","ok","",""
"SchirmerM_2016","Schirmer 2016",71,"fourfold","Collinsella",0.92,0.91,0.93,91,93,37653,TRUE,TRUE,TRUE,FALSE,TRUE,TRUE,TRUE,"ok","ok","",""
"SchirmerM_2016","Schirmer 2016",71,"fourfold","Coprococcus",0.98,0.97,0.99,97,99,29275,TRUE,TRUE,TRUE,FALSE,TRUE,TRUE,TRUE,"ok","ok","",""
"SchirmerM_2016","Schirmer 2016",71,"fourfold","Dialister",0.515,0.5,0.53,50,53,5244,TRUE,TRUE,TRUE,FALSE,TRUE,TRUE,TRUE,"ok","ok","",""
"SchirmerM_2016","Schirmer 2016",71,"fourfold","Dorea",0.985,0.99,0.98,99,98,30968,TRUE,TRUE,TRUE,FALSE,TRUE,TRUE,TRUE,"ok","ok","",""
"SchirmerM_2016","Schirmer 2016",71,"fourfold","Eubacterium",0.98,0.96,1,96,100,15388,TRUE,TRUE,TRUE,FALSE,TRUE,TRUE,TRUE,"ok","ok","",""
"SchirmerM_2016","Schirmer 2016",71,"fourfold","Faecalibacterium",0.985,0.98,0.99,98,99,51919,TRUE,TRUE,TRUE,FALSE,TRUE,TRUE,TRUE,"ok","ok","",""
"SchirmerM_2016","Schirmer 2016",71,"fourfold","Firmicutes_unclassified",0.815,0.76,0.87,76,87,5346,TRUE,TRUE,TRUE,FALSE,TRUE,TRUE,TRUE,"ok","ok","",""
"SchirmerM_2016","Schirmer 2016",71,"fourfold","Fusicatenibacter",0.975,0.96,0.99,96,99,29710,TRUE,TRUE,TRUE,FALSE,TRUE,TRUE,TRUE,"ok","ok","",""
"SchirmerM_2016","Schirmer 2016",71,"fourfold","Lachnospira",0.83,0.75,0.91,75,91,9763,TRUE,TRUE,TRUE,FALSE,TRUE,TRUE,TRUE,"ok","ok","",""
"SchirmerM_2016","Schirmer 2016",71,"fourfold","Lachnospiraceae_unclassified",0.925,0.89,0.96,89,96,39102,TRUE,TRUE,TRUE,FALSE,TRUE,TRUE,TRUE,"ok","ok","",""
"SchirmerM_2016","Schirmer 2016",71,"fourfold","Mediterraneibacter",0.99,0.99,0.99,99,99,24403,TRUE,TRUE,TRUE,FALSE,TRUE,TRUE,TRUE,"ok","ok","",""
"SchirmerM_2016","Schirmer 2016",71,"fourfold","Methanobrevibacter",0.36,0.35,0.37,35,37,9151,TRUE,TRUE,TRUE,FALSE,TRUE,TRUE,TRUE,"ok","ok","",""
"SchirmerM_2016","Schirmer 2016",71,"fourfold","Oscillibacter",0.785,0.72,0.85,72,85,4152,TRUE,TRUE,TRUE,FALSE,TRUE,TRUE,TRUE,"ok","ok","",""
"SchirmerM_2016","Schirmer 2016",71,"fourfold","Parabacteroides",0.96,0.95,0.97,95,97,12664,TRUE,TRUE,TRUE,FALSE,TRUE,TRUE,TRUE,"ok","ok","",""
"SchirmerM_2016","Schirmer 2016",71,"fourfold","Phascolarctobacterium",0.48,0.47,0.49,47,49,3405,TRUE,TRUE,TRUE,FALSE,TRUE,TRUE,TRUE,"ok","ok","",""
"SchirmerM_2016","Schirmer 2016",71,"fourfold","Phocaeicola",1,1,1,100,100,38014,TRUE,TRUE,FALSE,TRUE,TRUE,TRUE,TRUE,"no_observed_zeros","ok","",""
"SchirmerM_2016","Schirmer 2016",71,"fourfold","Prevotella",0.495,0.41,0.58,41,58,45409,TRUE,TRUE,TRUE,FALSE,TRUE,TRUE,TRUE,"ok","ok","",""
"SchirmerM_2016","Schirmer 2016",71,"fourfold","Roseburia",0.995,0.99,1,99,100,41607,TRUE,TRUE,TRUE,FALSE,TRUE,TRUE,TRUE,"ok","ok","",""
"SchirmerM_2016","Schirmer 2016",71,"fourfold","Ruminococcaceae_unclassified",0.65,0.56,0.74,56,74,4124,TRUE,TRUE,TRUE,FALSE,TRUE,TRUE,TRUE,"ok","ok","",""
"SchirmerM_2016","Schirmer 2016",71,"fourfold","Ruminococcus",0.89,0.86,0.92,86,92,66639,TRUE,TRUE,TRUE,FALSE,TRUE,TRUE,TRUE,"ok","ok","",""
"SchirmerM_2016","Schirmer 2016",71,"fourfold","Streptococcus",0.885,0.88,0.89,88,89,7014,TRUE,TRUE,TRUE,FALSE,TRUE,TRUE,TRUE,"ok","ok","",""
"SchirmerM_2016","Schirmer 2016",72,"balanced","Agathobaculum",0.9,0.9,0.9,90,90,4445,TRUE,TRUE,TRUE,FALSE,TRUE,TRUE,TRUE,"ok","ok","",""
"SchirmerM_2016","Schirmer 2016",72,"balanced","Akkermansia",0.485,0.46,0.51,46,51,9128,TRUE,TRUE,TRUE,FALSE,TRUE,TRUE,TRUE,"ok","ok","",""
"SchirmerM_2016","Schirmer 2016",72,"balanced","Alistipes",0.96,0.97,0.95,97,95,29781,TRUE,TRUE,TRUE,FALSE,TRUE,TRUE,TRUE,"ok","ok","",""
"SchirmerM_2016","Schirmer 2016",72,"balanced","Anaerobutyricum",0.985,0.98,0.99,98,99,22177,TRUE,TRUE,TRUE,FALSE,TRUE,TRUE,TRUE,"ok","ok","",""
"SchirmerM_2016","Schirmer 2016",72,"balanced","Anaerostipes",0.995,1,0.99,100,99,26345,TRUE,TRUE,TRUE,FALSE,TRUE,TRUE,TRUE,"ok","ok","",""
"SchirmerM_2016","Schirmer 2016",72,"balanced","Bacteroides",0.995,0.99,1,99,100,62782,TRUE,TRUE,TRUE,FALSE,TRUE,TRUE,TRUE,"ok","ok","",""
"SchirmerM_2016","Schirmer 2016",72,"balanced","Barnesiella",0.815,0.81,0.82,81,82,7272,TRUE,TRUE,TRUE,FALSE,TRUE,TRUE,TRUE,"ok","ok","",""
"SchirmerM_2016","Schirmer 2016",72,"balanced","Bifidobacterium",0.985,0.98,0.99,98,99,134793,TRUE,TRUE,TRUE,FALSE,TRUE,TRUE,TRUE,"ok","ok","",""
"SchirmerM_2016","Schirmer 2016",72,"balanced","Blautia",1,1,1,100,100,25301,TRUE,TRUE,FALSE,TRUE,TRUE,TRUE,TRUE,"no_observed_zeros","ok","",""
"SchirmerM_2016","Schirmer 2016",72,"balanced","Collinsella",0.925,0.91,0.94,91,94,41073,TRUE,TRUE,TRUE,FALSE,TRUE,TRUE,TRUE,"ok","ok","",""
"SchirmerM_2016","Schirmer 2016",72,"balanced","Coprococcus",0.98,0.97,0.99,97,99,37463,TRUE,TRUE,TRUE,FALSE,TRUE,TRUE,TRUE,"ok","ok","",""
"SchirmerM_2016","Schirmer 2016",72,"balanced","Dialister",0.535,0.52,0.55,52,55,5913,TRUE,TRUE,TRUE,FALSE,TRUE,TRUE,TRUE,"ok","ok","",""
"SchirmerM_2016","Schirmer 2016",72,"balanced","Dorea",0.99,0.99,0.99,99,99,35317,TRUE,TRUE,TRUE,FALSE,TRUE,TRUE,TRUE,"ok","ok","",""
"SchirmerM_2016","Schirmer 2016",72,"balanced","Eubacterium",0.99,0.99,0.99,99,99,17062,TRUE,TRUE,TRUE,FALSE,TRUE,TRUE,TRUE,"ok","ok","",""
"SchirmerM_2016","Schirmer 2016",72,"balanced","Faecalibacterium",0.985,0.98,0.99,98,99,66363,TRUE,TRUE,TRUE,FALSE,TRUE,TRUE,TRUE,"ok","ok","",""
"SchirmerM_2016","Schirmer 2016",72,"balanced","Firmicutes_unclassified",0.83,0.81,0.85,81,85,5758,TRUE,TRUE,TRUE,FALSE,TRUE,TRUE,TRUE,"ok","ok","",""
"SchirmerM_2016","Schirmer 2016",72,"balanced","Fusicatenibacter",0.98,0.97,0.99,97,99,35247,TRUE,TRUE,TRUE,FALSE,TRUE,TRUE,TRUE,"ok","ok","",""
"SchirmerM_2016","Schirmer 2016",72,"balanced","Lachnospira",0.865,0.82,0.91,82,91,11617,TRUE,TRUE,TRUE,FALSE,TRUE,TRUE,TRUE,"ok","ok","",""
"SchirmerM_2016","Schirmer 2016",72,"balanced","Lachnospiraceae_unclassified",0.935,0.93,0.94,93,94,44914,TRUE,TRUE,TRUE,FALSE,TRUE,TRUE,TRUE,"ok","ok","",""
"SchirmerM_2016","Schirmer 2016",72,"balanced","Mediterraneibacter",0.99,1,0.98,100,98,28465,TRUE,TRUE,TRUE,FALSE,TRUE,TRUE,TRUE,"ok","ok","",""
"SchirmerM_2016","Schirmer 2016",72,"balanced","Methanobrevibacter",0.38,0.33,0.43,33,43,8820,TRUE,TRUE,TRUE,FALSE,TRUE,TRUE,TRUE,"ok","ok","",""
"SchirmerM_2016","Schirmer 2016",72,"balanced","Oscillibacter",0.825,0.84,0.81,84,81,5226,TRUE,TRUE,TRUE,FALSE,TRUE,TRUE,TRUE,"ok","ok","",""
"SchirmerM_2016","Schirmer 2016",72,"balanced","Parabacteroides",0.95,0.98,0.92,98,92,15006,TRUE,TRUE,TRUE,FALSE,TRUE,TRUE,TRUE,"ok","ok","",""
"SchirmerM_2016","Schirmer 2016",72,"balanced","Phascolarctobacterium",0.49,0.53,0.45,53,45,4069,TRUE,TRUE,TRUE,FALSE,TRUE,TRUE,TRUE,"ok","ok","",""
"SchirmerM_2016","Schirmer 2016",72,"balanced","Phocaeicola",1,1,1,100,100,51187,TRUE,TRUE,FALSE,TRUE,TRUE,TRUE,TRUE,"no_observed_zeros","ok","",""
"SchirmerM_2016","Schirmer 2016",72,"balanced","Prevotella",0.49,0.52,0.46,52,46,59025,TRUE,TRUE,TRUE,FALSE,TRUE,TRUE,TRUE,"ok","ok","",""
"SchirmerM_2016","Schirmer 2016",72,"balanced","Roseburia",0.99,0.99,0.99,99,99,53661,TRUE,TRUE,TRUE,FALSE,TRUE,TRUE,TRUE,"ok","ok","",""
"SchirmerM_2016","Schirmer 2016",72,"balanced","Ruminococcaceae_unclassified",0.735,0.76,0.71,76,71,6109,TRUE,TRUE,TRUE,FALSE,TRUE,TRUE,TRUE,"ok","ok","",""
"SchirmerM_2016","Schirmer 2016",72,"balanced","Ruminococcus",0.895,0.89,0.9,89,90,75728,TRUE,TRUE,TRUE,FALSE,TRUE,TRUE,TRUE,"ok","ok","",""
"SchirmerM_2016","Schirmer 2016",72,"balanced","Streptococcus",0.93,0.97,0.89,97,89,7539,TRUE,TRUE,TRUE,FALSE,TRUE,TRUE,TRUE,"ok","ok","",""
"SchirmerM_2016","Schirmer 2016",72,"fourfold","Agathobaculum",0.865,0.78,0.95,78,95,4009,TRUE,TRUE,TRUE,FALSE,TRUE,TRUE,TRUE,"ok","ok","",""
"SchirmerM_2016","Schirmer 2016",72,"fourfold","Akkermansia",0.465,0.43,0.5,43,50,8013,TRUE,TRUE,TRUE,FALSE,TRUE,TRUE,TRUE,"ok","ok","",""
"SchirmerM_2016","Schirmer 2016",72,"fourfold","Alistipes",0.945,0.94,0.95,94,95,29740,TRUE,TRUE,TRUE,FALSE,TRUE,TRUE,TRUE,"ok","ok","",""
"SchirmerM_2016","Schirmer 2016",72,"fourfold","Anaerobutyricum",0.985,0.97,1,97,100,22387,TRUE,TRUE,TRUE,FALSE,TRUE,TRUE,TRUE,"ok","ok","",""
"SchirmerM_2016","Schirmer 2016",72,"fourfold","Anaerostipes",0.99,0.99,0.99,99,99,26258,TRUE,TRUE,TRUE,FALSE,TRUE,TRUE,TRUE,"ok","ok","",""
"SchirmerM_2016","Schirmer 2016",72,"fourfold","Bacteroides",0.995,0.99,1,99,100,59743,TRUE,TRUE,TRUE,FALSE,TRUE,TRUE,TRUE,"ok","ok","",""
"SchirmerM_2016","Schirmer 2016",72,"fourfold","Barnesiella",0.795,0.78,0.81,78,81,7327,TRUE,TRUE,TRUE,FALSE,TRUE,TRUE,TRUE,"ok","ok","",""
"SchirmerM_2016","Schirmer 2016",72,"fourfold","Bifidobacterium",0.98,0.98,0.98,98,98,144862,TRUE,TRUE,TRUE,FALSE,TRUE,TRUE,TRUE,"ok","ok","",""
"SchirmerM_2016","Schirmer 2016",72,"fourfold","Blautia",1,1,1,100,100,19242,TRUE,TRUE,FALSE,TRUE,TRUE,TRUE,TRUE,"no_observed_zeros","ok","",""
"SchirmerM_2016","Schirmer 2016",72,"fourfold","Collinsella",0.935,0.9,0.97,90,97,44979,TRUE,TRUE,TRUE,FALSE,TRUE,TRUE,TRUE,"ok","ok","",""
"SchirmerM_2016","Schirmer 2016",72,"fourfold","Coprococcus",0.98,0.97,0.99,97,99,32041,TRUE,TRUE,TRUE,FALSE,TRUE,TRUE,TRUE,"ok","ok","",""
"SchirmerM_2016","Schirmer 2016",72,"fourfold","Dialister",0.53,0.49,0.57,49,57,5730,TRUE,TRUE,TRUE,FALSE,TRUE,TRUE,TRUE,"ok","ok","",""
"SchirmerM_2016","Schirmer 2016",72,"fourfold","Dorea",0.99,0.99,0.99,99,99,34034,TRUE,TRUE,TRUE,FALSE,TRUE,TRUE,TRUE,"ok","ok","",""
"SchirmerM_2016","Schirmer 2016",72,"fourfold","Eubacterium",0.985,0.97,1,97,100,17258,TRUE,TRUE,FALSE,TRUE,TRUE,TRUE,TRUE,"structural_absence_boundary_at_zero","ok","",""
"SchirmerM_2016","Schirmer 2016",72,"fourfold","Faecalibacterium",0.985,0.98,0.99,98,99,61164,TRUE,TRUE,TRUE,FALSE,TRUE,TRUE,TRUE,"ok","ok","",""
"SchirmerM_2016","Schirmer 2016",72,"fourfold","Firmicutes_unclassified",0.83,0.76,0.9,76,90,5431,TRUE,TRUE,TRUE,FALSE,TRUE,TRUE,TRUE,"ok","ok","",""
"SchirmerM_2016","Schirmer 2016",72,"fourfold","Fusicatenibacter",0.975,0.96,0.99,96,99,33183,TRUE,TRUE,TRUE,FALSE,TRUE,TRUE,TRUE,"ok","ok","",""
"SchirmerM_2016","Schirmer 2016",72,"fourfold","Lachnospira",0.855,0.8,0.91,80,91,10525,TRUE,TRUE,TRUE,FALSE,TRUE,TRUE,TRUE,"ok","ok","",""
"SchirmerM_2016","Schirmer 2016",72,"fourfold","Lachnospiraceae_unclassified",0.915,0.88,0.95,88,95,42305,TRUE,TRUE,TRUE,FALSE,TRUE,TRUE,TRUE,"ok","ok","",""
"SchirmerM_2016","Schirmer 2016",72,"fourfold","Mediterraneibacter",0.98,0.97,0.99,97,99,24789,TRUE,TRUE,TRUE,FALSE,TRUE,TRUE,TRUE,"ok","ok","",""
"SchirmerM_2016","Schirmer 2016",72,"fourfold","Methanobrevibacter",0.355,0.28,0.43,28,43,10167,TRUE,TRUE,TRUE,FALSE,TRUE,TRUE,TRUE,"ok","ok","",""
"SchirmerM_2016","Schirmer 2016",72,"fourfold","Oscillibacter",0.79,0.72,0.86,72,86,4998,TRUE,TRUE,TRUE,FALSE,TRUE,TRUE,TRUE,"ok","ok","",""
"SchirmerM_2016","Schirmer 2016",72,"fourfold","Parabacteroides",0.95,0.96,0.94,96,94,15176,TRUE,TRUE,TRUE,FALSE,TRUE,TRUE,TRUE,"ok","ok","",""
"SchirmerM_2016","Schirmer 2016",72,"fourfold","Phascolarctobacterium",0.48,0.48,0.48,48,48,3467,TRUE,TRUE,TRUE,FALSE,TRUE,TRUE,TRUE,"ok","ok","",""
"SchirmerM_2016","Schirmer 2016",72,"fourfold","Phocaeicola",0.995,0.99,1,99,100,45661,TRUE,TRUE,TRUE,FALSE,TRUE,TRUE,TRUE,"ok","ok","",""
"SchirmerM_2016","Schirmer 2016",72,"fourfold","Prevotella",0.51,0.51,0.51,51,51,49482,TRUE,TRUE,TRUE,FALSE,TRUE,TRUE,TRUE,"ok","ok","",""
"SchirmerM_2016","Schirmer 2016",72,"fourfold","Roseburia",0.97,0.95,0.99,95,99,43314,TRUE,TRUE,TRUE,FALSE,TRUE,TRUE,TRUE,"ok","ok","",""
"SchirmerM_2016","Schirmer 2016",72,"fourfold","Ruminococcaceae_unclassified",0.665,0.61,0.72,61,72,6085,TRUE,TRUE,TRUE,FALSE,TRUE,TRUE,TRUE,"ok","ok","",""
"SchirmerM_2016","Schirmer 2016",72,"fourfold","Ruminococcus",0.9,0.88,0.92,88,92,72323,TRUE,TRUE,TRUE,FALSE,TRUE,TRUE,TRUE,"ok","ok","",""
"SchirmerM_2016","Schirmer 2016",72,"fourfold","Streptococcus",0.915,0.88,0.95,88,95,7554,TRUE,TRUE,TRUE,FALSE,TRUE,TRUE,TRUE,"ok","ok","",""
"SchirmerM_2016","Schirmer 2016",73,"balanced","Agathobaculum",0.92,0.95,0.89,95,89,3998,TRUE,TRUE,TRUE,FALSE,TRUE,TRUE,TRUE,"ok","ok","",""
"SchirmerM_2016","Schirmer 2016",73,"balanced","Akkermansia",0.475,0.45,0.5,45,50,9632,TRUE,TRUE,TRUE,FALSE,TRUE,TRUE,TRUE,"ok","ok","",""
"SchirmerM_2016","Schirmer 2016",73,"balanced","Alistipes",0.945,0.95,0.94,95,94,30065,TRUE,TRUE,TRUE,FALSE,TRUE,TRUE,TRUE,"ok","ok","",""
"SchirmerM_2016","Schirmer 2016",73,"balanced","Anaerobutyricum",0.99,0.99,0.99,99,99,21671,TRUE,TRUE,TRUE,FALSE,TRUE,TRUE,TRUE,"ok","ok","",""
"SchirmerM_2016","Schirmer 2016",73,"balanced","Anaerostipes",0.995,0.99,1,99,100,24577,TRUE,TRUE,TRUE,FALSE,TRUE,TRUE,TRUE,"ok","ok","",""
"SchirmerM_2016","Schirmer 2016",73,"balanced","Bacteroides",1,1,1,100,100,58463,TRUE,TRUE,FALSE,TRUE,TRUE,TRUE,TRUE,"no_observed_zeros","ok","",""
"SchirmerM_2016","Schirmer 2016",73,"balanced","Barnesiella",0.82,0.77,0.87,77,87,7382,TRUE,TRUE,TRUE,FALSE,TRUE,TRUE,TRUE,"ok","ok","",""
"SchirmerM_2016","Schirmer 2016",73,"balanced","Bifidobacterium",0.975,0.99,0.96,99,96,130295,TRUE,TRUE,TRUE,FALSE,TRUE,TRUE,TRUE,"ok","ok","",""
"SchirmerM_2016","Schirmer 2016",73,"balanced","Blautia",1,1,1,100,100,23338,TRUE,TRUE,FALSE,TRUE,TRUE,TRUE,TRUE,"no_observed_zeros","ok","",""
"SchirmerM_2016","Schirmer 2016",73,"balanced","Collinsella",0.935,0.98,0.89,98,89,41551,TRUE,TRUE,TRUE,FALSE,TRUE,TRUE,TRUE,"ok","ok","",""
"SchirmerM_2016","Schirmer 2016",73,"balanced","Coprococcus",0.98,0.99,0.97,99,97,33611,TRUE,TRUE,TRUE,FALSE,TRUE,TRUE,TRUE,"ok","ok","",""
"SchirmerM_2016","Schirmer 2016",73,"balanced","Dialister",0.535,0.54,0.53,54,53,4949,TRUE,TRUE,TRUE,FALSE,TRUE,TRUE,TRUE,"ok","ok","",""
"SchirmerM_2016","Schirmer 2016",73,"balanced","Dorea",0.99,0.99,0.99,99,99,34329,TRUE,TRUE,TRUE,FALSE,TRUE,TRUE,TRUE,"ok","ok","",""
"SchirmerM_2016","Schirmer 2016",73,"balanced","Eubacterium",0.99,0.98,1,98,100,16554,TRUE,TRUE,TRUE,FALSE,TRUE,TRUE,TRUE,"ok","ok","",""
"SchirmerM_2016","Schirmer 2016",73,"balanced","Faecalibacterium",0.985,1,0.97,100,97,61048,TRUE,TRUE,TRUE,FALSE,TRUE,TRUE,TRUE,"ok","ok","",""
"SchirmerM_2016","Schirmer 2016",73,"balanced","Firmicutes_unclassified",0.815,0.85,0.78,85,78,5642,TRUE,TRUE,TRUE,FALSE,TRUE,TRUE,TRUE,"ok","ok","",""
"SchirmerM_2016","Schirmer 2016",73,"balanced","Fusicatenibacter",0.98,0.99,0.97,99,97,34248,TRUE,TRUE,TRUE,FALSE,TRUE,TRUE,TRUE,"ok","ok","",""
"SchirmerM_2016","Schirmer 2016",73,"balanced","Lachnospira",0.855,0.87,0.84,87,84,10201,TRUE,TRUE,TRUE,FALSE,TRUE,TRUE,TRUE,"ok","ok","",""
"SchirmerM_2016","Schirmer 2016",73,"balanced","Lachnospiraceae_unclassified",0.94,0.97,0.91,97,91,44365,TRUE,TRUE,TRUE,FALSE,TRUE,TRUE,TRUE,"ok","ok","",""
"SchirmerM_2016","Schirmer 2016",73,"balanced","Mediterraneibacter",0.985,0.98,0.99,98,99,25479,TRUE,TRUE,TRUE,FALSE,TRUE,TRUE,TRUE,"ok","ok","",""
"SchirmerM_2016","Schirmer 2016",73,"balanced","Methanobrevibacter",0.375,0.36,0.39,36,39,8860,TRUE,TRUE,TRUE,FALSE,TRUE,TRUE,TRUE,"ok","ok","",""
"SchirmerM_2016","Schirmer 2016",73,"balanced","Oscillibacter",0.83,0.9,0.76,90,76,4841,TRUE,TRUE,TRUE,FALSE,TRUE,TRUE,TRUE,"ok","ok","",""
"SchirmerM_2016","Schirmer 2016",73,"balanced","Parabacteroides",0.96,0.96,0.96,96,96,14206,TRUE,TRUE,TRUE,FALSE,TRUE,TRUE,TRUE,"ok","ok","",""
"SchirmerM_2016","Schirmer 2016",73,"balanced","Phascolarctobacterium",0.47,0.48,0.46,48,46,4850,TRUE,TRUE,TRUE,FALSE,TRUE,TRUE,TRUE,"ok","ok","",""
"SchirmerM_2016","Schirmer 2016",73,"balanced","Phocaeicola",1,1,1,100,100,46492,TRUE,TRUE,FALSE,TRUE,TRUE,TRUE,TRUE,"no_observed_zeros","ok","",""
"SchirmerM_2016","Schirmer 2016",73,"balanced","Prevotella",0.52,0.5,0.54,50,54,54292,TRUE,TRUE,TRUE,FALSE,TRUE,TRUE,TRUE,"ok","ok","",""
"SchirmerM_2016","Schirmer 2016",73,"balanced","Roseburia",0.99,1,0.98,100,98,44148,TRUE,TRUE,TRUE,FALSE,TRUE,TRUE,TRUE,"ok","ok","",""
"SchirmerM_2016","Schirmer 2016",73,"balanced","Ruminococcaceae_unclassified",0.725,0.77,0.68,77,68,6503,TRUE,TRUE,TRUE,FALSE,TRUE,TRUE,TRUE,"ok","ok","",""
"SchirmerM_2016","Schirmer 2016",73,"balanced","Ruminococcus",0.9,0.93,0.87,93,87,70284,TRUE,TRUE,TRUE,FALSE,TRUE,TRUE,TRUE,"ok","ok","",""
"SchirmerM_2016","Schirmer 2016",73,"balanced","Streptococcus",0.945,0.95,0.94,95,94,7716,TRUE,TRUE,TRUE,FALSE,TRUE,TRUE,TRUE,"ok","ok","",""
"SchirmerM_2016","Schirmer 2016",73,"fourfold","Agathobaculum",0.885,0.86,0.91,86,91,4104,TRUE,TRUE,TRUE,FALSE,TRUE,TRUE,TRUE,"ok","ok","",""
"SchirmerM_2016","Schirmer 2016",73,"fourfold","Akkermansia",0.465,0.43,0.5,43,50,7651,TRUE,TRUE,TRUE,FALSE,TRUE,TRUE,TRUE,"ok","ok","",""
"SchirmerM_2016","Schirmer 2016",73,"fourfold","Alistipes",0.955,0.94,0.97,94,97,27335,TRUE,TRUE,TRUE,FALSE,TRUE,TRUE,TRUE,"ok","ok","",""
"SchirmerM_2016","Schirmer 2016",73,"fourfold","Anaerobutyricum",0.99,0.99,0.99,99,99,19814,TRUE,TRUE,TRUE,FALSE,TRUE,TRUE,TRUE,"ok","ok","",""
"SchirmerM_2016","Schirmer 2016",73,"fourfold","Anaerostipes",0.995,0.99,1,99,100,24876,TRUE,TRUE,FALSE,TRUE,TRUE,TRUE,TRUE,"structural_absence_boundary_at_zero","ok","",""
"SchirmerM_2016","Schirmer 2016",73,"fourfold","Bacteroides",1,1,1,100,100,52903,TRUE,TRUE,FALSE,TRUE,TRUE,TRUE,TRUE,"no_observed_zeros","ok","",""
"SchirmerM_2016","Schirmer 2016",73,"fourfold","Barnesiella",0.81,0.74,0.88,74,88,6130,TRUE,TRUE,TRUE,FALSE,TRUE,TRUE,TRUE,"ok","ok","",""
"SchirmerM_2016","Schirmer 2016",73,"fourfold","Bifidobacterium",0.98,0.98,0.98,98,98,119935,TRUE,TRUE,TRUE,FALSE,TRUE,TRUE,TRUE,"ok","ok","",""
"SchirmerM_2016","Schirmer 2016",73,"fourfold","Blautia",0.99,0.98,1,98,100,22637,TRUE,TRUE,TRUE,FALSE,TRUE,TRUE,TRUE,"ok","ok","",""
"SchirmerM_2016","Schirmer 2016",73,"fourfold","Collinsella",0.94,0.97,0.91,97,91,36634,TRUE,TRUE,TRUE,FALSE,TRUE,TRUE,TRUE,"ok","ok","",""
"SchirmerM_2016","Schirmer 2016",73,"fourfold","Coprococcus",0.98,0.99,0.97,99,97,32810,TRUE,TRUE,TRUE,FALSE,TRUE,TRUE,TRUE,"ok","ok","",""
"SchirmerM_2016","Schirmer 2016",73,"fourfold","Dialister",0.52,0.49,0.55,49,55,4675,TRUE,TRUE,TRUE,FALSE,TRUE,TRUE,TRUE,"ok","ok","",""
"SchirmerM_2016","Schirmer 2016",73,"fourfold","Dorea",0.99,0.99,0.99,99,99,29535,TRUE,TRUE,TRUE,FALSE,TRUE,TRUE,TRUE,"ok","ok","",""
"SchirmerM_2016","Schirmer 2016",73,"fourfold","Eubacterium",0.97,0.95,0.99,95,99,16530,TRUE,TRUE,TRUE,FALSE,TRUE,TRUE,TRUE,"ok","ok","",""
"SchirmerM_2016","Schirmer 2016",73,"fourfold","Faecalibacterium",0.985,1,0.97,100,97,57548,TRUE,TRUE,TRUE,FALSE,TRUE,TRUE,TRUE,"ok","ok","",""
"SchirmerM_2016","Schirmer 2016",73,"fourfold","Firmicutes_unclassified",0.83,0.8,0.86,80,86,5924,TRUE,TRUE,TRUE,FALSE,TRUE,TRUE,TRUE,"ok","ok","",""
"SchirmerM_2016","Schirmer 2016",73,"fourfold","Fusicatenibacter",0.97,0.99,0.95,99,95,31245,TRUE,TRUE,TRUE,FALSE,TRUE,TRUE,TRUE,"ok","ok","",""
"SchirmerM_2016","Schirmer 2016",73,"fourfold","Lachnospira",0.845,0.85,0.84,85,84,9432,TRUE,TRUE,TRUE,FALSE,TRUE,TRUE,TRUE,"ok","ok","",""
"SchirmerM_2016","Schirmer 2016",73,"fourfold","Lachnospiraceae_unclassified",0.92,0.92,0.92,92,92,42156,TRUE,TRUE,TRUE,FALSE,TRUE,TRUE,TRUE,"ok","ok","",""
"SchirmerM_2016","Schirmer 2016",73,"fourfold","Mediterraneibacter",0.99,0.98,1,98,100,25089,TRUE,TRUE,TRUE,FALSE,TRUE,TRUE,TRUE,"ok","ok","",""
"SchirmerM_2016","Schirmer 2016",73,"fourfold","Methanobrevibacter",0.36,0.35,0.37,35,37,9048,TRUE,TRUE,TRUE,FALSE,TRUE,TRUE,TRUE,"ok","ok","",""
"SchirmerM_2016","Schirmer 2016",73,"fourfold","Oscillibacter",0.79,0.81,0.77,81,77,4145,TRUE,TRUE,TRUE,FALSE,TRUE,TRUE,TRUE,"ok","ok","",""
"SchirmerM_2016","Schirmer 2016",73,"fourfold","Parabacteroides",0.95,0.94,0.96,94,96,13498,TRUE,TRUE,TRUE,FALSE,TRUE,TRUE,TRUE,"ok","ok","",""
"SchirmerM_2016","Schirmer 2016",73,"fourfold","Phascolarctobacterium",0.485,0.5,0.47,50,47,3376,TRUE,TRUE,TRUE,FALSE,TRUE,TRUE,TRUE,"ok","ok","",""
"SchirmerM_2016","Schirmer 2016",73,"fourfold","Phocaeicola",1,1,1,100,100,47410,TRUE,TRUE,FALSE,TRUE,TRUE,TRUE,TRUE,"no_observed_zeros","ok","",""
"SchirmerM_2016","Schirmer 2016",73,"fourfold","Prevotella",0.5,0.48,0.52,48,52,48646,TRUE,TRUE,TRUE,FALSE,TRUE,TRUE,TRUE,"ok","ok","",""
"SchirmerM_2016","Schirmer 2016",73,"fourfold","Roseburia",0.98,0.98,0.98,98,98,47055,TRUE,TRUE,TRUE,FALSE,TRUE,TRUE,TRUE,"ok","ok","",""
"SchirmerM_2016","Schirmer 2016",73,"fourfold","Ruminococcaceae_unclassified",0.635,0.6,0.67,60,67,6362,TRUE,TRUE,TRUE,FALSE,TRUE,TRUE,TRUE,"ok","ok","",""
"SchirmerM_2016","Schirmer 2016",73,"fourfold","Ruminococcus",0.895,0.92,0.87,92,87,67156,TRUE,TRUE,TRUE,FALSE,TRUE,TRUE,TRUE,"ok","ok","",""
"SchirmerM_2016","Schirmer 2016",73,"fourfold","Streptococcus",0.905,0.87,0.94,87,94,7888,TRUE,TRUE,TRUE,FALSE,TRUE,TRUE,TRUE,"ok","ok","",""
"SchirmerM_2016","Schirmer 2016",74,"balanced","Agathobaculum",0.895,0.9,0.89,90,89,3461,TRUE,TRUE,TRUE,FALSE,TRUE,TRUE,TRUE,"ok","ok","",""
"SchirmerM_2016","Schirmer 2016",74,"balanced","Akkermansia",0.485,0.52,0.45,52,45,7577,TRUE,TRUE,TRUE,FALSE,TRUE,TRUE,TRUE,"ok","ok","",""
"SchirmerM_2016","Schirmer 2016",74,"balanced","Alistipes",0.955,0.95,0.96,95,96,27280,TRUE,TRUE,TRUE,FALSE,TRUE,TRUE,TRUE,"ok","ok","",""
"SchirmerM_2016","Schirmer 2016",74,"balanced","Anaerobutyricum",0.99,0.99,0.99,99,99,19492,TRUE,TRUE,TRUE,FALSE,TRUE,TRUE,TRUE,"ok","ok","",""
"SchirmerM_2016","Schirmer 2016",74,"balanced","Anaerostipes",0.995,0.99,1,99,100,22651,TRUE,TRUE,TRUE,FALSE,TRUE,TRUE,TRUE,"ok","ok","",""
"SchirmerM_2016","Schirmer 2016",74,"balanced","Bacteroides",1,1,1,100,100,51520,TRUE,TRUE,FALSE,TRUE,TRUE,TRUE,TRUE,"no_observed_zeros","ok","",""
"SchirmerM_2016","Schirmer 2016",74,"balanced","Barnesiella",0.815,0.81,0.82,81,82,6034,TRUE,TRUE,TRUE,FALSE,TRUE,TRUE,TRUE,"ok","ok","",""
"SchirmerM_2016","Schirmer 2016",74,"balanced","Bifidobacterium",0.98,0.97,0.99,97,99,117634,TRUE,TRUE,TRUE,FALSE,TRUE,TRUE,TRUE,"ok","ok","",""
"SchirmerM_2016","Schirmer 2016",74,"balanced","Blautia",1,1,1,100,100,19291,TRUE,TRUE,FALSE,TRUE,TRUE,TRUE,TRUE,"no_observed_zeros","ok","",""
"SchirmerM_2016","Schirmer 2016",74,"balanced","Collinsella",0.92,0.93,0.91,93,91,35975,TRUE,TRUE,TRUE,FALSE,TRUE,TRUE,TRUE,"ok","ok","",""
"SchirmerM_2016","Schirmer 2016",74,"balanced","Coprococcus",0.97,0.95,0.99,95,99,30194,TRUE,TRUE,TRUE,FALSE,TRUE,TRUE,TRUE,"ok","ok","",""
"SchirmerM_2016","Schirmer 2016",74,"balanced","Dialister",0.53,0.53,0.53,53,53,4593,TRUE,TRUE,TRUE,FALSE,TRUE,TRUE,TRUE,"ok","ok","",""
"SchirmerM_2016","Schirmer 2016",74,"balanced","Dorea",0.995,0.99,1,99,100,31409,TRUE,TRUE,TRUE,FALSE,TRUE,TRUE,TRUE,"ok","ok","",""
"SchirmerM_2016","Schirmer 2016",74,"balanced","Eubacterium",0.98,0.99,0.97,99,97,15971,TRUE,TRUE,TRUE,FALSE,TRUE,TRUE,TRUE,"ok","ok","",""
"SchirmerM_2016","Schirmer 2016",74,"balanced","Faecalibacterium",0.985,0.98,0.99,98,99,54743,TRUE,TRUE,TRUE,FALSE,TRUE,TRUE,TRUE,"ok","ok","",""
"SchirmerM_2016","Schirmer 2016",74,"balanced","Firmicutes_unclassified",0.85,0.88,0.82,88,82,4765,TRUE,TRUE,TRUE,FALSE,TRUE,TRUE,TRUE,"ok","ok","",""
"SchirmerM_2016","Schirmer 2016",74,"balanced","Fusicatenibacter",0.98,0.98,0.98,98,98,30350,TRUE,TRUE,TRUE,FALSE,TRUE,TRUE,TRUE,"ok","ok","",""
"SchirmerM_2016","Schirmer 2016",74,"balanced","Lachnospira",0.86,0.87,0.85,87,85,10191,TRUE,TRUE,TRUE,FALSE,TRUE,TRUE,TRUE,"ok","ok","",""
"SchirmerM_2016","Schirmer 2016",74,"balanced","Lachnospiraceae_unclassified",0.915,0.91,0.92,91,92,42470,TRUE,TRUE,TRUE,FALSE,TRUE,TRUE,TRUE,"ok","ok","",""
"SchirmerM_2016","Schirmer 2016",74,"balanced","Mediterraneibacter",0.98,0.99,0.97,99,97,24906,TRUE,TRUE,TRUE,FALSE,TRUE,TRUE,TRUE,"ok","ok","",""
"SchirmerM_2016","Schirmer 2016",74,"balanced","Methanobrevibacter",0.38,0.35,0.41,35,41,7008,TRUE,TRUE,TRUE,FALSE,TRUE,TRUE,TRUE,"ok","ok","",""
"SchirmerM_2016","Schirmer 2016",74,"balanced","Oscillibacter",0.835,0.8,0.87,80,87,4233,TRUE,TRUE,TRUE,FALSE,TRUE,TRUE,TRUE,"ok","ok","",""
"SchirmerM_2016","Schirmer 2016",74,"balanced","Parabacteroides",0.965,0.96,0.97,96,97,13438,TRUE,TRUE,TRUE,FALSE,TRUE,TRUE,TRUE,"ok","ok","",""
"SchirmerM_2016","Schirmer 2016",74,"balanced","Phascolarctobacterium",0.465,0.45,0.48,45,48,3437,TRUE,TRUE,TRUE,FALSE,TRUE,TRUE,TRUE,"ok","ok","",""
"SchirmerM_2016","Schirmer 2016",74,"balanced","Phocaeicola",1,1,1,100,100,39723,TRUE,TRUE,FALSE,TRUE,TRUE,TRUE,TRUE,"no_observed_zeros","ok","",""
"SchirmerM_2016","Schirmer 2016",74,"balanced","Prevotella",0.505,0.49,0.52,49,52,53776,TRUE,TRUE,TRUE,FALSE,TRUE,TRUE,TRUE,"ok","ok","",""
"SchirmerM_2016","Schirmer 2016",74,"balanced","Roseburia",0.99,0.98,1,98,100,42363,TRUE,TRUE,TRUE,FALSE,TRUE,TRUE,TRUE,"ok","ok","",""
"SchirmerM_2016","Schirmer 2016",74,"balanced","Ruminococcaceae_unclassified",0.705,0.74,0.67,74,67,5185,TRUE,TRUE,TRUE,FALSE,TRUE,TRUE,TRUE,"ok","ok","",""
"SchirmerM_2016","Schirmer 2016",74,"balanced","Ruminococcus",0.89,0.92,0.86,92,86,69062,TRUE,TRUE,TRUE,FALSE,TRUE,TRUE,TRUE,"ok","ok","",""
"SchirmerM_2016","Schirmer 2016",74,"balanced","Streptococcus",0.9,0.9,0.9,90,90,6469,TRUE,TRUE,TRUE,FALSE,TRUE,TRUE,TRUE,"ok","ok","",""
"SchirmerM_2016","Schirmer 2016",74,"fourfold","Agathobaculum",0.89,0.84,0.94,84,94,3756,TRUE,TRUE,TRUE,FALSE,TRUE,TRUE,TRUE,"ok","ok","",""
"SchirmerM_2016","Schirmer 2016",74,"fourfold","Akkermansia",0.44,0.45,0.43,45,43,8257,TRUE,TRUE,TRUE,FALSE,TRUE,TRUE,TRUE,"ok","ok","",""
"SchirmerM_2016","Schirmer 2016",74,"fourfold","Alistipes",0.935,0.9,0.97,90,97,25245,TRUE,TRUE,TRUE,FALSE,TRUE,TRUE,TRUE,"ok","ok","",""
"SchirmerM_2016","Schirmer 2016",74,"fourfold","Anaerobutyricum",0.985,0.98,0.99,98,99,19170,TRUE,TRUE,TRUE,FALSE,TRUE,TRUE,TRUE,"ok","ok","",""
"SchirmerM_2016","Schirmer 2016",74,"fourfold","Anaerostipes",0.99,0.98,1,98,100,22672,TRUE,TRUE,TRUE,FALSE,TRUE,TRUE,TRUE,"ok","ok","",""
"SchirmerM_2016","Schirmer 2016",74,"fourfold","Bacteroides",1,1,1,100,100,55682,TRUE,TRUE,FALSE,TRUE,TRUE,TRUE,TRUE,"no_observed_zeros","ok","",""
"SchirmerM_2016","Schirmer 2016",74,"fourfold","Barnesiella",0.805,0.79,0.82,79,82,5788,TRUE,TRUE,TRUE,FALSE,TRUE,TRUE,TRUE,"ok","ok","",""
"SchirmerM_2016","Schirmer 2016",74,"fourfold","Bifidobacterium",0.975,0.96,0.99,96,99,116230,TRUE,TRUE,TRUE,FALSE,TRUE,TRUE,TRUE,"ok","ok","",""
"SchirmerM_2016","Schirmer 2016",74,"fourfold","Blautia",1,1,1,100,100,21118,TRUE,TRUE,FALSE,TRUE,TRUE,TRUE,TRUE,"no_observed_zeros","ok","",""
"SchirmerM_2016","Schirmer 2016",74,"fourfold","Collinsella",0.93,0.94,0.92,94,92,38932,TRUE,TRUE,TRUE,FALSE,TRUE,TRUE,TRUE,"ok","ok","",""
"SchirmerM_2016","Schirmer 2016",74,"fourfold","Coprococcus",0.975,0.96,0.99,96,99,29825,TRUE,TRUE,TRUE,FALSE,TRUE,TRUE,TRUE,"ok","ok","",""
"SchirmerM_2016","Schirmer 2016",74,"fourfold","Dialister",0.52,0.5,0.54,50,54,5215,TRUE,TRUE,TRUE,FALSE,TRUE,TRUE,TRUE,"ok","ok","",""
"SchirmerM_2016","Schirmer 2016",74,"fourfold","Dorea",0.99,0.99,0.99,99,99,30433,TRUE,TRUE,TRUE,FALSE,TRUE,TRUE,TRUE,"ok","ok","",""
"SchirmerM_2016","Schirmer 2016",74,"fourfold","Eubacterium",0.97,0.95,0.99,95,99,14927,TRUE,TRUE,TRUE,FALSE,TRUE,TRUE,TRUE,"ok","ok","",""
"SchirmerM_2016","Schirmer 2016",74,"fourfold","Faecalibacterium",0.985,0.98,0.99,98,99,55748,TRUE,TRUE,TRUE,FALSE,TRUE,TRUE,TRUE,"ok","ok","",""
"SchirmerM_2016","Schirmer 2016",74,"fourfold","Firmicutes_unclassified",0.85,0.82,0.88,82,88,4660,TRUE,TRUE,TRUE,FALSE,TRUE,TRUE,TRUE,"ok","ok","",""
"SchirmerM_2016","Schirmer 2016",74,"fourfold","Fusicatenibacter",0.98,0.98,0.98,98,98,32164,TRUE,TRUE,TRUE,FALSE,TRUE,TRUE,TRUE,"ok","ok","",""
"SchirmerM_2016","Schirmer 2016",74,"fourfold","Lachnospira",0.86,0.87,0.85,87,85,9711,TRUE,TRUE,TRUE,FALSE,TRUE,TRUE,TRUE,"ok","ok","",""
"SchirmerM_2016","Schirmer 2016",74,"fourfold","Lachnospiraceae_unclassified",0.895,0.87,0.92,87,92,40807,TRUE,TRUE,TRUE,FALSE,TRUE,TRUE,TRUE,"ok","ok","",""
"SchirmerM_2016","Schirmer 2016",74,"fourfold","Mediterraneibacter",0.985,0.99,0.98,99,98,26274,TRUE,TRUE,TRUE,FALSE,TRUE,TRUE,TRUE,"ok","ok","",""
"SchirmerM_2016","Schirmer 2016",74,"fourfold","Methanobrevibacter",0.38,0.33,0.43,33,43,7510,TRUE,TRUE,TRUE,FALSE,TRUE,TRUE,TRUE,"ok","ok","",""
"SchirmerM_2016","Schirmer 2016",74,"fourfold","Oscillibacter",0.8,0.76,0.84,76,84,4469,TRUE,TRUE,TRUE,FALSE,TRUE,TRUE,TRUE,"ok","ok","",""
"SchirmerM_2016","Schirmer 2016",74,"fourfold","Parabacteroides",0.965,0.96,0.97,96,97,11846,TRUE,TRUE,TRUE,FALSE,TRUE,TRUE,TRUE,"ok","ok","",""
"SchirmerM_2016","Schirmer 2016",74,"fourfold","Phascolarctobacterium",0.465,0.43,0.5,43,50,3593,TRUE,TRUE,TRUE,FALSE,TRUE,TRUE,TRUE,"ok","ok","",""
"SchirmerM_2016","Schirmer 2016",74,"fourfold","Phocaeicola",1,1,1,100,100,38752,TRUE,TRUE,FALSE,TRUE,TRUE,TRUE,TRUE,"no_observed_zeros","ok","",""
"SchirmerM_2016","Schirmer 2016",74,"fourfold","Prevotella",0.52,0.48,0.56,48,56,48363,TRUE,TRUE,TRUE,FALSE,TRUE,TRUE,TRUE,"ok","ok","",""
"SchirmerM_2016","Schirmer 2016",74,"fourfold","Roseburia",0.98,0.96,1,96,100,43079,TRUE,TRUE,TRUE,FALSE,TRUE,TRUE,TRUE,"ok","ok","",""
"SchirmerM_2016","Schirmer 2016",74,"fourfold","Ruminococcaceae_unclassified",0.66,0.59,0.73,59,73,4149,TRUE,TRUE,TRUE,FALSE,TRUE,TRUE,TRUE,"ok","ok","",""
"SchirmerM_2016","Schirmer 2016",74,"fourfold","Ruminococcus",0.89,0.92,0.86,92,86,66731,TRUE,TRUE,TRUE,FALSE,TRUE,TRUE,TRUE,"ok","ok","",""
"SchirmerM_2016","Schirmer 2016",74,"fourfold","Streptococcus",0.87,0.84,0.9,84,90,6698,TRUE,TRUE,TRUE,FALSE,TRUE,TRUE,TRUE,"ok","ok","",""
"SchirmerM_2016","Schirmer 2016",75,"balanced","Agathobaculum",0.925,0.94,0.91,94,91,3476,TRUE,TRUE,TRUE,FALSE,TRUE,TRUE,TRUE,"ok","ok","",""
"SchirmerM_2016","Schirmer 2016",75,"balanced","Akkermansia",0.465,0.44,0.49,44,49,8201,TRUE,TRUE,TRUE,FALSE,TRUE,TRUE,TRUE,"ok","ok","",""
"SchirmerM_2016","Schirmer 2016",75,"balanced","Alistipes",0.96,0.98,0.94,98,94,28829,TRUE,TRUE,TRUE,FALSE,TRUE,TRUE,TRUE,"ok","ok","",""
"SchirmerM_2016","Schirmer 2016",75,"balanced","Anaerobutyricum",0.99,0.98,1,98,100,20098,TRUE,TRUE,TRUE,FALSE,TRUE,TRUE,TRUE,"ok","ok","",""
"SchirmerM_2016","Schirmer 2016",75,"balanced","Anaerostipes",0.995,0.99,1,99,100,22929,TRUE,TRUE,TRUE,FALSE,TRUE,TRUE,TRUE,"ok","ok","",""
"SchirmerM_2016","Schirmer 2016",75,"balanced","Bacteroides",1,1,1,100,100,52724,TRUE,TRUE,FALSE,TRUE,TRUE,TRUE,TRUE,"no_observed_zeros","ok","",""
"SchirmerM_2016","Schirmer 2016",75,"balanced","Barnesiella",0.81,0.78,0.84,78,84,6874,TRUE,TRUE,TRUE,FALSE,TRUE,TRUE,TRUE,"ok","ok","",""
"SchirmerM_2016","Schirmer 2016",75,"balanced","Bifidobacterium",0.98,0.98,0.98,98,98,120287,TRUE,TRUE,TRUE,FALSE,TRUE,TRUE,TRUE,"ok","ok","",""
"SchirmerM_2016","Schirmer 2016",75,"balanced","Blautia",1,1,1,100,100,21571,TRUE,TRUE,FALSE,TRUE,TRUE,TRUE,TRUE,"no_observed_zeros","ok","",""
"SchirmerM_2016","Schirmer 2016",75,"balanced","Collinsella",0.915,0.94,0.89,94,89,36249,TRUE,TRUE,TRUE,FALSE,TRUE,TRUE,TRUE,"ok","ok","",""
"SchirmerM_2016","Schirmer 2016",75,"balanced","Coprococcus",0.97,0.95,0.99,95,99,31334,TRUE,TRUE,TRUE,FALSE,TRUE,TRUE,TRUE,"ok","ok","",""
"SchirmerM_2016","Schirmer 2016",75,"balanced","Dialister",0.525,0.53,0.52,53,52,4977,TRUE,TRUE,TRUE,FALSE,TRUE,TRUE,TRUE,"ok","ok","",""
"SchirmerM_2016","Schirmer 2016",75,"balanced","Dorea",0.99,1,0.98,100,98,31373,TRUE,TRUE,TRUE,FALSE,TRUE,TRUE,TRUE,"ok","ok","",""
"SchirmerM_2016","Schirmer 2016",75,"balanced","Eubacterium",0.98,0.98,0.98,98,98,15503,TRUE,TRUE,TRUE,FALSE,TRUE,TRUE,TRUE,"ok","ok","",""
"SchirmerM_2016","Schirmer 2016",75,"balanced","Faecalibacterium",0.985,1,0.97,100,97,58591,TRUE,TRUE,TRUE,FALSE,TRUE,TRUE,TRUE,"ok","ok","",""
"SchirmerM_2016","Schirmer 2016",75,"balanced","Firmicutes_unclassified",0.815,0.82,0.81,82,81,5452,TRUE,TRUE,TRUE,FALSE,TRUE,TRUE,TRUE,"ok","ok","",""
"SchirmerM_2016","Schirmer 2016",75,"balanced","Fusicatenibacter",0.98,0.99,0.97,99,97,32419,TRUE,TRUE,TRUE,FALSE,TRUE,TRUE,TRUE,"ok","ok","",""
"SchirmerM_2016","Schirmer 2016",75,"balanced","Lachnospira",0.85,0.87,0.83,87,83,10349,TRUE,TRUE,TRUE,FALSE,TRUE,TRUE,TRUE,"ok","ok","",""
"SchirmerM_2016","Schirmer 2016",75,"balanced","Lachnospiraceae_unclassified",0.935,0.95,0.92,95,92,43104,TRUE,TRUE,TRUE,FALSE,TRUE,TRUE,TRUE,"ok","ok","",""
"SchirmerM_2016","Schirmer 2016",75,"balanced","Mediterraneibacter",0.98,0.99,0.97,99,97,23499,TRUE,TRUE,TRUE,FALSE,TRUE,TRUE,TRUE,"ok","ok","",""
"SchirmerM_2016","Schirmer 2016",75,"balanced","Methanobrevibacter",0.375,0.41,0.34,41,34,7438,TRUE,TRUE,TRUE,FALSE,TRUE,TRUE,TRUE,"ok","ok","",""
"SchirmerM_2016","Schirmer 2016",75,"balanced","Oscillibacter",0.835,0.81,0.86,81,86,4489,TRUE,TRUE,TRUE,FALSE,TRUE,TRUE,TRUE,"ok","ok","",""
"SchirmerM_2016","Schirmer 2016",75,"balanced","Parabacteroides",0.965,0.96,0.97,96,97,13670,TRUE,TRUE,TRUE,FALSE,TRUE,TRUE,TRUE,"ok","ok","",""
"SchirmerM_2016","Schirmer 2016",75,"balanced","Phascolarctobacterium",0.47,0.5,0.44,50,44,3229,TRUE,TRUE,TRUE,FALSE,TRUE,TRUE,TRUE,"ok","ok","",""
"SchirmerM_2016","Schirmer 2016",75,"balanced","Phocaeicola",1,1,1,100,100,41407,TRUE,TRUE,FALSE,TRUE,TRUE,TRUE,TRUE,"no_observed_zeros","ok","",""
"SchirmerM_2016","Schirmer 2016",75,"balanced","Prevotella",0.505,0.52,0.49,52,49,50816,TRUE,TRUE,TRUE,FALSE,TRUE,TRUE,TRUE,"ok","ok","",""
"SchirmerM_2016","Schirmer 2016",75,"balanced","Roseburia",0.995,1,0.99,100,99,43765,TRUE,TRUE,TRUE,FALSE,TRUE,TRUE,TRUE,"ok","ok","",""
"SchirmerM_2016","Schirmer 2016",75,"balanced","Ruminococcaceae_unclassified",0.72,0.71,0.73,71,73,6994,TRUE,TRUE,TRUE,FALSE,TRUE,TRUE,TRUE,"ok","ok","",""
"SchirmerM_2016","Schirmer 2016",75,"balanced","Ruminococcus",0.895,0.9,0.89,90,89,69419,TRUE,TRUE,TRUE,FALSE,TRUE,TRUE,TRUE,"ok","ok","",""
"SchirmerM_2016","Schirmer 2016",75,"balanced","Streptococcus",0.905,0.94,0.87,94,87,6760,TRUE,TRUE,TRUE,FALSE,TRUE,TRUE,TRUE,"ok","ok","",""
"SchirmerM_2016","Schirmer 2016",75,"fourfold","Agathobaculum",0.89,0.85,0.93,85,93,3027,TRUE,TRUE,TRUE,FALSE,TRUE,TRUE,TRUE,"ok","ok","",""
"SchirmerM_2016","Schirmer 2016",75,"fourfold","Akkermansia",0.465,0.45,0.48,45,48,8430,TRUE,TRUE,TRUE,FALSE,TRUE,TRUE,TRUE,"ok","ok","",""
"SchirmerM_2016","Schirmer 2016",75,"fourfold","Alistipes",0.95,0.95,0.95,95,95,24768,TRUE,TRUE,TRUE,FALSE,TRUE,TRUE,TRUE,"ok","ok","",""
"SchirmerM_2016","Schirmer 2016",75,"fourfold","Anaerobutyricum",0.985,0.97,1,97,100,17622,TRUE,TRUE,TRUE,FALSE,TRUE,TRUE,TRUE,"ok","ok","",""
"SchirmerM_2016","Schirmer 2016",75,"fourfold","Anaerostipes",0.995,0.99,1,99,100,21845,TRUE,TRUE,FALSE,TRUE,TRUE,TRUE,TRUE,"structural_absence_boundary_at_zero","ok","",""
"SchirmerM_2016","Schirmer 2016",75,"fourfold","Bacteroides",1,1,1,100,100,47852,TRUE,TRUE,FALSE,TRUE,TRUE,TRUE,TRUE,"no_observed_zeros","ok","",""
"SchirmerM_2016","Schirmer 2016",75,"fourfold","Barnesiella",0.81,0.77,0.85,77,85,6220,TRUE,TRUE,TRUE,FALSE,TRUE,TRUE,TRUE,"ok","ok","",""
"SchirmerM_2016","Schirmer 2016",75,"fourfold","Bifidobacterium",0.98,0.98,0.98,98,98,106323,TRUE,TRUE,TRUE,FALSE,TRUE,TRUE,TRUE,"ok","ok","",""
"SchirmerM_2016","Schirmer 2016",75,"fourfold","Blautia",1,1,1,100,100,19349,TRUE,TRUE,FALSE,TRUE,TRUE,TRUE,TRUE,"no_observed_zeros","ok","",""
"SchirmerM_2016","Schirmer 2016",75,"fourfold","Collinsella",0.92,0.94,0.9,94,90,31903,TRUE,TRUE,TRUE,FALSE,TRUE,TRUE,TRUE,"ok","ok","",""
"SchirmerM_2016","Schirmer 2016",75,"fourfold","Coprococcus",0.975,0.96,0.99,96,99,28991,TRUE,TRUE,TRUE,FALSE,TRUE,TRUE,TRUE,"ok","ok","",""
"SchirmerM_2016","Schirmer 2016",75,"fourfold","Dialister",0.525,0.49,0.56,49,56,4421,TRUE,TRUE,TRUE,FALSE,TRUE,TRUE,TRUE,"ok","ok","",""
"SchirmerM_2016","Schirmer 2016",75,"fourfold","Dorea",0.995,1,0.99,100,99,30101,TRUE,TRUE,TRUE,FALSE,TRUE,TRUE,TRUE,"ok","ok","",""
"SchirmerM_2016","Schirmer 2016",75,"fourfold","Eubacterium",0.98,0.97,0.99,97,99,14061,TRUE,TRUE,TRUE,FALSE,TRUE,TRUE,TRUE,"ok","ok","",""
"SchirmerM_2016","Schirmer 2016",75,"fourfold","Faecalibacterium",0.985,1,0.97,100,97,51405,TRUE,TRUE,TRUE,FALSE,TRUE,TRUE,TRUE,"ok","ok","",""
"SchirmerM_2016","Schirmer 2016",75,"fourfold","Firmicutes_unclassified",0.835,0.79,0.88,79,88,4303,TRUE,TRUE,TRUE,FALSE,TRUE,TRUE,TRUE,"ok","ok","",""
"SchirmerM_2016","Schirmer 2016",75,"fourfold","Fusicatenibacter",0.97,0.99,0.95,99,95,27155,TRUE,TRUE,TRUE,FALSE,TRUE,TRUE,TRUE,"ok","ok","",""
"SchirmerM_2016","Schirmer 2016",75,"fourfold","Lachnospira",0.835,0.82,0.85,82,85,9113,TRUE,TRUE,TRUE,FALSE,TRUE,TRUE,TRUE,"ok","ok","",""
"SchirmerM_2016","Schirmer 2016",75,"fourfold","Lachnospiraceae_unclassified",0.935,0.93,0.94,93,94,39278,TRUE,TRUE,TRUE,FALSE,TRUE,TRUE,TRUE,"ok","ok","",""
"SchirmerM_2016","Schirmer 2016",75,"fourfold","Mediterraneibacter",0.985,0.98,0.99,98,99,24667,TRUE,TRUE,TRUE,FALSE,TRUE,TRUE,TRUE,"ok","ok","",""
"SchirmerM_2016","Schirmer 2016",75,"fourfold","Methanobrevibacter",0.365,0.39,0.34,39,34,7243,TRUE,TRUE,TRUE,FALSE,TRUE,TRUE,TRUE,"ok","ok","",""
"SchirmerM_2016","Schirmer 2016",75,"fourfold","Oscillibacter",0.8,0.71,0.89,71,89,3878,TRUE,TRUE,TRUE,FALSE,TRUE,TRUE,TRUE,"ok","ok","",""
"SchirmerM_2016","Schirmer 2016",75,"fourfold","Parabacteroides",0.955,0.94,0.97,94,97,12562,TRUE,TRUE,TRUE,FALSE,TRUE,TRUE,TRUE,"ok","ok","",""
"SchirmerM_2016","Schirmer 2016",75,"fourfold","Phascolarctobacterium",0.495,0.5,0.49,50,49,3910,TRUE,TRUE,TRUE,FALSE,TRUE,TRUE,TRUE,"ok","ok","",""
"SchirmerM_2016","Schirmer 2016",75,"fourfold","Phocaeicola",1,1,1,100,100,38369,TRUE,TRUE,FALSE,TRUE,TRUE,TRUE,TRUE,"no_observed_zeros","ok","",""
"SchirmerM_2016","Schirmer 2016",75,"fourfold","Prevotella",0.505,0.48,0.53,48,53,53653,TRUE,TRUE,TRUE,FALSE,TRUE,TRUE,TRUE,"ok","ok","",""
"SchirmerM_2016","Schirmer 2016",75,"fourfold","Roseburia",0.985,0.99,0.98,99,98,37314,TRUE,TRUE,TRUE,FALSE,TRUE,TRUE,TRUE,"ok","ok","",""
"SchirmerM_2016","Schirmer 2016",75,"fourfold","Ruminococcaceae_unclassified",0.665,0.61,0.72,61,72,5497,TRUE,TRUE,TRUE,FALSE,TRUE,TRUE,TRUE,"ok","ok","",""
"SchirmerM_2016","Schirmer 2016",75,"fourfold","Ruminococcus",0.89,0.89,0.89,89,89,61734,TRUE,TRUE,TRUE,FALSE,TRUE,TRUE,TRUE,"ok","ok","",""
"SchirmerM_2016","Schirmer 2016",75,"fourfold","Streptococcus",0.875,0.84,0.91,84,91,5593,TRUE,TRUE,TRUE,FALSE,TRUE,TRUE,TRUE,"ok","ok","",""
"SchirmerM_2016","Schirmer 2016",76,"balanced","Agathobaculum",0.93,0.95,0.91,95,91,3713,TRUE,TRUE,TRUE,FALSE,TRUE,TRUE,TRUE,"ok","ok","",""
"SchirmerM_2016","Schirmer 2016",76,"balanced","Akkermansia",0.47,0.47,0.47,47,47,7849,TRUE,TRUE,TRUE,FALSE,TRUE,TRUE,TRUE,"ok","ok","",""
"SchirmerM_2016","Schirmer 2016",76,"balanced","Alistipes",0.96,0.96,0.96,96,96,27334,TRUE,TRUE,TRUE,FALSE,TRUE,TRUE,TRUE,"ok","ok","",""
"SchirmerM_2016","Schirmer 2016",76,"balanced","Anaerobutyricum",0.99,0.99,0.99,99,99,20039,TRUE,TRUE,TRUE,FALSE,TRUE,TRUE,TRUE,"ok","ok","",""
"SchirmerM_2016","Schirmer 2016",76,"balanced","Anaerostipes",0.995,1,0.99,100,99,23422,TRUE,TRUE,TRUE,FALSE,TRUE,TRUE,TRUE,"ok","ok","",""
"SchirmerM_2016","Schirmer 2016",76,"balanced","Bacteroides",0.995,1,0.99,100,99,53777,TRUE,TRUE,TRUE,FALSE,TRUE,TRUE,TRUE,"ok","ok","",""
"SchirmerM_2016","Schirmer 2016",76,"balanced","Barnesiella",0.81,0.78,0.84,78,84,6454,TRUE,TRUE,TRUE,FALSE,TRUE,TRUE,TRUE,"ok","ok","",""
"SchirmerM_2016","Schirmer 2016",76,"balanced","Bifidobacterium",0.98,0.98,0.98,98,98,131290,TRUE,TRUE,TRUE,FALSE,TRUE,TRUE,TRUE,"ok","ok","",""
"SchirmerM_2016","Schirmer 2016",76,"balanced","Blautia",1,1,1,100,100,20772,TRUE,TRUE,FALSE,TRUE,TRUE,TRUE,TRUE,"no_observed_zeros","ok","",""
"SchirmerM_2016","Schirmer 2016",76,"balanced","Collinsella",0.93,0.92,0.94,92,94,39203,TRUE,TRUE,TRUE,FALSE,TRUE,TRUE,TRUE,"ok","ok","",""
"SchirmerM_2016","Schirmer 2016",76,"balanced","Coprococcus",0.97,0.97,0.97,97,97,32000,TRUE,TRUE,TRUE,FALSE,TRUE,TRUE,TRUE,"ok","ok","",""
"SchirmerM_2016","Schirmer 2016",76,"balanced","Dialister",0.54,0.53,0.55,53,55,5309,TRUE,TRUE,TRUE,FALSE,TRUE,TRUE,TRUE,"ok","ok","",""
"SchirmerM_2016","Schirmer 2016",76,"balanced","Dorea",0.99,0.99,0.99,99,99,31548,TRUE,TRUE,TRUE,FALSE,TRUE,TRUE,TRUE,"ok","ok","",""
"SchirmerM_2016","Schirmer 2016",76,"balanced","Eubacterium",0.975,0.97,0.98,97,98,15758,TRUE,TRUE,TRUE,FALSE,TRUE,TRUE,TRUE,"ok","ok","",""
"SchirmerM_2016","Schirmer 2016",76,"balanced","Faecalibacterium",0.985,0.99,0.98,99,98,59565,TRUE,TRUE,TRUE,FALSE,TRUE,TRUE,TRUE,"ok","ok","",""
"SchirmerM_2016","Schirmer 2016",76,"balanced","Firmicutes_unclassified",0.84,0.89,0.79,89,79,4761,TRUE,TRUE,TRUE,FALSE,TRUE,TRUE,TRUE,"ok","ok","",""
"SchirmerM_2016","Schirmer 2016",76,"balanced","Fusicatenibacter",0.975,0.98,0.97,98,97,31483,TRUE,TRUE,TRUE,FALSE,TRUE,TRUE,TRUE,"ok","ok","",""
"SchirmerM_2016","Schirmer 2016",76,"balanced","Lachnospira",0.84,0.84,0.84,84,84,9542,TRUE,TRUE,TRUE,FALSE,TRUE,TRUE,TRUE,"ok","ok","",""
"SchirmerM_2016","Schirmer 2016",76,"balanced","Lachnospiraceae_unclassified",0.93,0.93,0.93,93,93,43466,TRUE,TRUE,TRUE,FALSE,TRUE,TRUE,TRUE,"ok","ok","",""
"SchirmerM_2016","Schirmer 2016",76,"balanced","Mediterraneibacter",0.99,1,0.98,100,98,23557,TRUE,TRUE,TRUE,FALSE,TRUE,TRUE,TRUE,"ok","ok","",""
"SchirmerM_2016","Schirmer 2016",76,"balanced","Methanobrevibacter",0.375,0.37,0.38,37,38,8378,TRUE,TRUE,TRUE,FALSE,TRUE,TRUE,TRUE,"ok","ok","",""
"SchirmerM_2016","Schirmer 2016",76,"balanced","Oscillibacter",0.82,0.81,0.83,81,83,4443,TRUE,TRUE,TRUE,FALSE,TRUE,TRUE,TRUE,"ok","ok","",""
"SchirmerM_2016","Schirmer 2016",76,"balanced","Parabacteroides",0.955,0.95,0.96,95,96,13559,TRUE,TRUE,TRUE,FALSE,TRUE,TRUE,TRUE,"ok","ok","",""
"SchirmerM_2016","Schirmer 2016",76,"balanced","Phascolarctobacterium",0.5,0.53,0.47,53,47,3651,TRUE,TRUE,TRUE,FALSE,TRUE,TRUE,TRUE,"ok","ok","",""
"SchirmerM_2016","Schirmer 2016",76,"balanced","Phocaeicola",1,1,1,100,100,40680,TRUE,TRUE,FALSE,TRUE,TRUE,TRUE,TRUE,"no_observed_zeros","ok","",""
"SchirmerM_2016","Schirmer 2016",76,"balanced","Prevotella",0.515,0.51,0.52,51,52,58705,TRUE,TRUE,TRUE,FALSE,TRUE,TRUE,TRUE,"ok","ok","",""
"SchirmerM_2016","Schirmer 2016",76,"balanced","Roseburia",0.995,1,0.99,100,99,41661,TRUE,TRUE,TRUE,FALSE,TRUE,TRUE,TRUE,"ok","ok","",""
"SchirmerM_2016","Schirmer 2016",76,"balanced","Ruminococcaceae_unclassified",0.715,0.73,0.7,73,70,4978,TRUE,TRUE,TRUE,FALSE,TRUE,TRUE,TRUE,"ok","ok","",""
"SchirmerM_2016","Schirmer 2016",76,"balanced","Ruminococcus",0.905,0.9,0.91,90,91,72172,TRUE,TRUE,TRUE,FALSE,TRUE,TRUE,TRUE,"ok","ok","",""
"SchirmerM_2016","Schirmer 2016",76,"balanced","Streptococcus",0.925,0.94,0.91,94,91,6915,TRUE,TRUE,TRUE,FALSE,TRUE,TRUE,TRUE,"ok","ok","",""
"SchirmerM_2016","Schirmer 2016",76,"fourfold","Agathobaculum",0.885,0.84,0.93,84,93,3511,TRUE,TRUE,TRUE,FALSE,TRUE,TRUE,TRUE,"ok","ok","",""
"SchirmerM_2016","Schirmer 2016",76,"fourfold","Akkermansia",0.44,0.4,0.48,40,48,7372,TRUE,TRUE,TRUE,FALSE,TRUE,TRUE,TRUE,"ok","ok","",""
"SchirmerM_2016","Schirmer 2016",76,"fourfold","Alistipes",0.95,0.94,0.96,94,96,24189,TRUE,TRUE,TRUE,FALSE,TRUE,TRUE,TRUE,"ok","ok","",""
"SchirmerM_2016","Schirmer 2016",76,"fourfold","Anaerobutyricum",0.985,0.98,0.99,98,99,17956,TRUE,TRUE,TRUE,FALSE,TRUE,TRUE,TRUE,"ok","ok","",""
"SchirmerM_2016","Schirmer 2016",76,"fourfold","Anaerostipes",0.995,1,0.99,100,99,23260,TRUE,TRUE,TRUE,FALSE,TRUE,TRUE,TRUE,"ok","ok","",""
"SchirmerM_2016","Schirmer 2016",76,"fourfold","Bacteroides",1,1,1,100,100,49465,TRUE,TRUE,FALSE,TRUE,TRUE,TRUE,TRUE,"no_observed_zeros","ok","",""
"SchirmerM_2016","Schirmer 2016",76,"fourfold","Barnesiella",0.79,0.74,0.84,74,84,6129,TRUE,TRUE,TRUE,FALSE,TRUE,TRUE,TRUE,"ok","ok","",""
"SchirmerM_2016","Schirmer 2016",76,"fourfold","Bifidobacterium",0.985,0.98,0.99,98,99,120633,TRUE,TRUE,TRUE,FALSE,TRUE,TRUE,TRUE,"ok","ok","",""
"SchirmerM_2016","Schirmer 2016",76,"fourfold","Blautia",1,1,1,100,100,18385,TRUE,TRUE,FALSE,TRUE,TRUE,TRUE,TRUE,"no_observed_zeros","ok","",""
"SchirmerM_2016","Schirmer 2016",76,"fourfold","Collinsella",0.925,0.92,0.93,92,93,33506,TRUE,TRUE,TRUE,FALSE,TRUE,TRUE,TRUE,"ok","ok","",""
"SchirmerM_2016","Schirmer 2016",76,"fourfold","Coprococcus",0.98,0.97,0.99,97,99,31977,TRUE,TRUE,TRUE,FALSE,TRUE,TRUE,TRUE,"ok","ok","",""
"SchirmerM_2016","Schirmer 2016",76,"fourfold","Dialister",0.5,0.48,0.52,48,52,4663,TRUE,TRUE,TRUE,FALSE,TRUE,TRUE,TRUE,"ok","ok","",""
"SchirmerM_2016","Schirmer 2016",76,"fourfold","Dorea",0.99,0.99,0.99,99,99,28076,TRUE,TRUE,TRUE,FALSE,TRUE,TRUE,TRUE,"ok","ok","",""
"SchirmerM_2016","Schirmer 2016",76,"fourfold","Eubacterium",0.965,0.96,0.97,96,97,15813,TRUE,TRUE,TRUE,FALSE,TRUE,TRUE,TRUE,"ok","ok","",""
"SchirmerM_2016","Schirmer 2016",76,"fourfold","Faecalibacterium",0.985,0.99,0.98,99,98,54150,TRUE,TRUE,TRUE,FALSE,TRUE,TRUE,TRUE,"ok","ok","",""
"SchirmerM_2016","Schirmer 2016",76,"fourfold","Firmicutes_unclassified",0.82,0.77,0.87,77,87,4231,TRUE,TRUE,TRUE,FALSE,TRUE,TRUE,TRUE,"ok","ok","",""
"SchirmerM_2016","Schirmer 2016",76,"fourfold","Fusicatenibacter",0.975,0.98,0.97,98,97,29104,TRUE,TRUE,TRUE,FALSE,TRUE,TRUE,TRUE,"ok","ok","",""
"SchirmerM_2016","Schirmer 2016",76,"fourfold","Lachnospira",0.825,0.8,0.85,80,85,9282,TRUE,TRUE,TRUE,FALSE,TRUE,TRUE,TRUE,"ok","ok","",""
"SchirmerM_2016","Schirmer 2016",76,"fourfold","Lachnospiraceae_unclassified",0.935,0.89,0.98,89,98,41781,TRUE,TRUE,TRUE,FALSE,TRUE,TRUE,TRUE,"ok","ok","",""
"SchirmerM_2016","Schirmer 2016",76,"fourfold","Mediterraneibacter",0.99,1,0.98,100,98,19633,TRUE,TRUE,TRUE,FALSE,TRUE,TRUE,TRUE,"ok","ok","",""
"SchirmerM_2016","Schirmer 2016",76,"fourfold","Methanobrevibacter",0.35,0.32,0.38,32,38,7247,TRUE,TRUE,TRUE,FALSE,TRUE,TRUE,TRUE,"ok","ok","",""
"SchirmerM_2016","Schirmer 2016",76,"fourfold","Oscillibacter",0.8,0.77,0.83,77,83,3716,TRUE,TRUE,TRUE,FALSE,TRUE,TRUE,TRUE,"ok","ok","",""
"SchirmerM_2016","Schirmer 2016",76,"fourfold","Parabacteroides",0.965,0.96,0.97,96,97,12169,TRUE,TRUE,TRUE,FALSE,TRUE,TRUE,TRUE,"ok","ok","",""
"SchirmerM_2016","Schirmer 2016",76,"fourfold","Phascolarctobacterium",0.485,0.49,0.48,49,48,3415,TRUE,TRUE,TRUE,FALSE,TRUE,TRUE,TRUE,"ok","ok","",""
"SchirmerM_2016","Schirmer 2016",76,"fourfold","Phocaeicola",1,1,1,100,100,37699,TRUE,TRUE,FALSE,TRUE,TRUE,TRUE,TRUE,"no_observed_zeros","ok","",""
"SchirmerM_2016","Schirmer 2016",76,"fourfold","Prevotella",0.5,0.48,0.52,48,52,51504,TRUE,TRUE,TRUE,FALSE,TRUE,TRUE,TRUE,"ok","ok","",""
"SchirmerM_2016","Schirmer 2016",76,"fourfold","Roseburia",0.98,0.98,0.98,98,98,36457,TRUE,TRUE,TRUE,FALSE,TRUE,TRUE,TRUE,"ok","ok","",""
"SchirmerM_2016","Schirmer 2016",76,"fourfold","Ruminococcaceae_unclassified",0.66,0.61,0.71,61,71,4728,TRUE,TRUE,TRUE,FALSE,TRUE,TRUE,TRUE,"ok","ok","",""
"SchirmerM_2016","Schirmer 2016",76,"fourfold","Ruminococcus",0.895,0.88,0.91,88,91,67832,TRUE,TRUE,TRUE,FALSE,TRUE,TRUE,TRUE,"ok","ok","",""
"SchirmerM_2016","Schirmer 2016",76,"fourfold","Streptococcus",0.91,0.85,0.97,85,97,6811,TRUE,TRUE,TRUE,FALSE,TRUE,TRUE,TRUE,"ok","ok","",""
"SchirmerM_2016","Schirmer 2016",77,"balanced","Agathobaculum",0.91,0.89,0.93,89,93,3878,TRUE,TRUE,TRUE,FALSE,TRUE,TRUE,TRUE,"ok","ok","",""
"SchirmerM_2016","Schirmer 2016",77,"balanced","Akkermansia",0.47,0.44,0.5,44,50,8370,TRUE,TRUE,TRUE,FALSE,TRUE,TRUE,TRUE,"ok","ok","",""
"SchirmerM_2016","Schirmer 2016",77,"balanced","Alistipes",0.95,0.93,0.97,93,97,30516,TRUE,TRUE,TRUE,FALSE,TRUE,TRUE,TRUE,"ok","ok","",""
"SchirmerM_2016","Schirmer 2016",77,"balanced","Anaerobutyricum",0.99,0.98,1,98,100,21712,TRUE,TRUE,TRUE,FALSE,TRUE,TRUE,TRUE,"ok","ok","",""
"SchirmerM_2016","Schirmer 2016",77,"balanced","Anaerostipes",0.995,0.99,1,99,100,24828,TRUE,TRUE,TRUE,FALSE,TRUE,TRUE,TRUE,"ok","ok","",""
"SchirmerM_2016","Schirmer 2016",77,"balanced","Bacteroides",0.995,0.99,1,99,100,58318,TRUE,TRUE,TRUE,FALSE,TRUE,TRUE,TRUE,"ok","ok","",""
"SchirmerM_2016","Schirmer 2016",77,"balanced","Barnesiella",0.81,0.8,0.82,80,82,7070,TRUE,TRUE,TRUE,FALSE,TRUE,TRUE,TRUE,"ok","ok","",""
"SchirmerM_2016","Schirmer 2016",77,"balanced","Bifidobacterium",0.99,1,0.98,100,98,128256,TRUE,TRUE,TRUE,FALSE,TRUE,TRUE,TRUE,"ok","ok","",""
"SchirmerM_2016","Schirmer 2016",77,"balanced","Blautia",1,1,1,100,100,22844,TRUE,TRUE,FALSE,TRUE,TRUE,TRUE,TRUE,"no_observed_zeros","ok","",""
"SchirmerM_2016","Schirmer 2016",77,"balanced","Collinsella",0.92,0.93,0.91,93,91,37915,TRUE,TRUE,TRUE,FALSE,TRUE,TRUE,TRUE,"ok","ok","",""
"SchirmerM_2016","Schirmer 2016",77,"balanced","Coprococcus",0.975,0.98,0.97,98,97,32240,TRUE,TRUE,TRUE,FALSE,TRUE,TRUE,TRUE,"ok","ok","",""
"SchirmerM_2016","Schirmer 2016",77,"balanced","Dialister",0.535,0.55,0.52,55,52,5173,TRUE,TRUE,TRUE,FALSE,TRUE,TRUE,TRUE,"ok","ok","",""
"SchirmerM_2016","Schirmer 2016",77,"balanced","Dorea",0.99,0.99,0.99,99,99,34044,TRUE,TRUE,TRUE,FALSE,TRUE,TRUE,TRUE,"ok","ok","",""
"SchirmerM_2016","Schirmer 2016",77,"balanced","Eubacterium",0.985,0.99,0.98,99,98,17189,TRUE,TRUE,TRUE,FALSE,TRUE,TRUE,TRUE,"ok","ok","",""
"SchirmerM_2016","Schirmer 2016",77,"balanced","Faecalibacterium",0.985,1,0.97,100,97,61683,TRUE,TRUE,TRUE,FALSE,TRUE,TRUE,TRUE,"ok","ok","",""
"SchirmerM_2016","Schirmer 2016",77,"balanced","Firmicutes_unclassified",0.875,0.88,0.87,88,87,5922,TRUE,TRUE,TRUE,FALSE,TRUE,TRUE,TRUE,"ok","ok","",""
"SchirmerM_2016","Schirmer 2016",77,"balanced","Fusicatenibacter",0.97,0.97,0.97,97,97,34606,TRUE,TRUE,TRUE,FALSE,TRUE,TRUE,TRUE,"ok","ok","",""
"SchirmerM_2016","Schirmer 2016",77,"balanced","Lachnospira",0.86,0.89,0.83,89,83,10181,TRUE,TRUE,TRUE,FALSE,TRUE,TRUE,TRUE,"ok","ok","",""
"SchirmerM_2016","Schirmer 2016",77,"balanced","Lachnospiraceae_unclassified",0.925,0.96,0.89,96,89,43398,TRUE,TRUE,TRUE,FALSE,TRUE,TRUE,TRUE,"ok","ok","",""
"SchirmerM_2016","Schirmer 2016",77,"balanced","Mediterraneibacter",0.985,0.98,0.99,98,99,24486,TRUE,TRUE,TRUE,FALSE,TRUE,TRUE,TRUE,"ok","ok","",""
"SchirmerM_2016","Schirmer 2016",77,"balanced","Methanobrevibacter",0.37,0.43,0.31,43,31,8577,TRUE,TRUE,TRUE,FALSE,TRUE,TRUE,TRUE,"ok","ok","",""
"SchirmerM_2016","Schirmer 2016",77,"balanced","Oscillibacter",0.84,0.81,0.87,81,87,4658,TRUE,TRUE,TRUE,FALSE,TRUE,TRUE,TRUE,"ok","ok","",""
"SchirmerM_2016","Schirmer 2016",77,"balanced","Parabacteroides",0.96,0.97,0.95,97,95,14560,TRUE,TRUE,TRUE,FALSE,TRUE,TRUE,TRUE,"ok","ok","",""
"SchirmerM_2016","Schirmer 2016",77,"balanced","Phascolarctobacterium",0.48,0.46,0.5,46,50,3630,TRUE,TRUE,TRUE,FALSE,TRUE,TRUE,TRUE,"ok","ok","",""
"SchirmerM_2016","Schirmer 2016",77,"balanced","Phocaeicola",0.995,0.99,1,99,100,45386,TRUE,TRUE,TRUE,FALSE,TRUE,TRUE,TRUE,"ok","ok","",""
"SchirmerM_2016","Schirmer 2016",77,"balanced","Prevotella",0.515,0.49,0.54,49,54,53779,TRUE,TRUE,TRUE,FALSE,TRUE,TRUE,TRUE,"ok","ok","",""
"SchirmerM_2016","Schirmer 2016",77,"balanced","Roseburia",0.99,0.99,0.99,99,99,45272,TRUE,TRUE,TRUE,FALSE,TRUE,TRUE,TRUE,"ok","ok","",""
"SchirmerM_2016","Schirmer 2016",77,"balanced","Ruminococcaceae_unclassified",0.71,0.66,0.76,66,76,5868,TRUE,TRUE,TRUE,FALSE,TRUE,TRUE,TRUE,"ok","ok","",""
"SchirmerM_2016","Schirmer 2016",77,"balanced","Ruminococcus",0.895,0.92,0.87,92,87,70884,TRUE,TRUE,TRUE,FALSE,TRUE,TRUE,TRUE,"ok","ok","",""
"SchirmerM_2016","Schirmer 2016",77,"balanced","Streptococcus",0.925,0.92,0.93,92,93,7151,TRUE,TRUE,TRUE,FALSE,TRUE,TRUE,TRUE,"ok","ok","",""
"SchirmerM_2016","Schirmer 2016",77,"fourfold","Agathobaculum",0.865,0.78,0.95,78,95,3323,TRUE,TRUE,TRUE,FALSE,TRUE,TRUE,TRUE,"ok","ok","",""
"SchirmerM_2016","Schirmer 2016",77,"fourfold","Akkermansia",0.475,0.45,0.5,45,50,7820,TRUE,TRUE,TRUE,FALSE,TRUE,TRUE,TRUE,"ok","ok","",""
"SchirmerM_2016","Schirmer 2016",77,"fourfold","Alistipes",0.94,0.9,0.98,90,98,26726,TRUE,TRUE,TRUE,FALSE,TRUE,TRUE,TRUE,"ok","ok","",""
"SchirmerM_2016","Schirmer 2016",77,"fourfold","Anaerobutyricum",0.99,0.98,1,98,100,19032,TRUE,TRUE,TRUE,FALSE,TRUE,TRUE,TRUE,"ok","ok","",""
"SchirmerM_2016","Schirmer 2016",77,"fourfold","Anaerostipes",0.99,0.98,1,98,100,23291,TRUE,TRUE,TRUE,FALSE,TRUE,TRUE,TRUE,"ok","ok","",""
"SchirmerM_2016","Schirmer 2016",77,"fourfold","Bacteroides",1,1,1,100,100,51974,TRUE,TRUE,FALSE,TRUE,TRUE,TRUE,TRUE,"no_observed_zeros","ok","",""
"SchirmerM_2016","Schirmer 2016",77,"fourfold","Barnesiella",0.8,0.75,0.85,75,85,6558,TRUE,TRUE,TRUE,FALSE,TRUE,TRUE,TRUE,"ok","ok","",""
"SchirmerM_2016","Schirmer 2016",77,"fourfold","Bifidobacterium",0.975,0.98,0.97,98,97,115378,TRUE,TRUE,TRUE,FALSE,TRUE,TRUE,TRUE,"ok","ok","",""
"SchirmerM_2016","Schirmer 2016",77,"fourfold","Blautia",0.995,0.99,1,99,100,22568,TRUE,TRUE,TRUE,FALSE,TRUE,TRUE,TRUE,"ok","ok","",""
"SchirmerM_2016","Schirmer 2016",77,"fourfold","Collinsella",0.925,0.93,0.92,93,92,35848,TRUE,TRUE,TRUE,FALSE,TRUE,TRUE,TRUE,"ok","ok","",""
"SchirmerM_2016","Schirmer 2016",77,"fourfold","Coprococcus",0.975,0.98,0.97,98,97,29069,TRUE,TRUE,TRUE,FALSE,TRUE,TRUE,TRUE,"ok","ok","",""
"SchirmerM_2016","Schirmer 2016",77,"fourfold","Dialister",0.52,0.51,0.53,51,53,4605,TRUE,TRUE,TRUE,FALSE,TRUE,TRUE,TRUE,"ok","ok","",""
"SchirmerM_2016","Schirmer 2016",77,"fourfold","Dorea",0.99,0.99,0.99,99,99,29125,TRUE,TRUE,TRUE,FALSE,TRUE,TRUE,TRUE,"ok","ok","",""
"SchirmerM_2016","Schirmer 2016",77,"fourfold","Eubacterium",0.975,0.96,0.99,96,99,16830,TRUE,TRUE,TRUE,FALSE,TRUE,TRUE,TRUE,"ok","ok","",""
"SchirmerM_2016","Schirmer 2016",77,"fourfold","Faecalibacterium",0.985,1,0.97,100,97,53077,TRUE,TRUE,TRUE,FALSE,TRUE,TRUE,TRUE,"ok","ok","",""
"SchirmerM_2016","Schirmer 2016",77,"fourfold","Firmicutes_unclassified",0.82,0.74,0.9,74,90,4812,TRUE,TRUE,TRUE,FALSE,TRUE,TRUE,TRUE,"ok","ok","",""
"SchirmerM_2016","Schirmer 2016",77,"fourfold","Fusicatenibacter",0.975,0.97,0.98,97,98,29405,TRUE,TRUE,TRUE,FALSE,TRUE,TRUE,TRUE,"ok","ok","",""
"SchirmerM_2016","Schirmer 2016",77,"fourfold","Lachnospira",0.84,0.83,0.85,83,85,9524,TRUE,TRUE,TRUE,FALSE,TRUE,TRUE,TRUE,"ok","ok","",""
"SchirmerM_2016","Schirmer 2016",77,"fourfold","Lachnospiraceae_unclassified",0.945,0.96,0.93,96,93,40657,TRUE,TRUE,TRUE,FALSE,TRUE,TRUE,TRUE,"ok","ok","",""
"SchirmerM_2016","Schirmer 2016",77,"fourfold","Mediterraneibacter",0.985,0.97,1,97,100,25263,TRUE,TRUE,TRUE,FALSE,TRUE,TRUE,TRUE,"ok","ok","",""
"SchirmerM_2016","Schirmer 2016",77,"fourfold","Methanobrevibacter",0.36,0.43,0.29,43,29,7036,TRUE,TRUE,TRUE,FALSE,TRUE,TRUE,TRUE,"ok","ok","",""
"SchirmerM_2016","Schirmer 2016",77,"fourfold","Oscillibacter",0.805,0.74,0.87,74,87,4204,TRUE,TRUE,TRUE,FALSE,TRUE,TRUE,TRUE,"ok","ok","",""
"SchirmerM_2016","Schirmer 2016",77,"fourfold","Parabacteroides",0.955,0.96,0.95,96,95,12572,TRUE,TRUE,TRUE,FALSE,TRUE,TRUE,TRUE,"ok","ok","",""
"SchirmerM_2016","Schirmer 2016",77,"fourfold","Phascolarctobacterium",0.48,0.43,0.53,43,53,3746,TRUE,TRUE,TRUE,FALSE,TRUE,TRUE,TRUE,"ok","ok","",""
"SchirmerM_2016","Schirmer 2016",77,"fourfold","Phocaeicola",1,1,1,100,100,41851,TRUE,TRUE,FALSE,TRUE,TRUE,TRUE,TRUE,"no_observed_zeros","ok","",""
"SchirmerM_2016","Schirmer 2016",77,"fourfold","Prevotella",0.505,0.49,0.52,49,52,52133,TRUE,TRUE,TRUE,FALSE,TRUE,TRUE,TRUE,"ok","ok","",""
"SchirmerM_2016","Schirmer 2016",77,"fourfold","Roseburia",0.985,0.97,1,97,100,39673,TRUE,TRUE,TRUE,FALSE,TRUE,TRUE,TRUE,"ok","ok","",""
"SchirmerM_2016","Schirmer 2016",77,"fourfold","Ruminococcaceae_unclassified",0.64,0.55,0.73,55,73,4529,TRUE,TRUE,TRUE,FALSE,TRUE,TRUE,TRUE,"ok","ok","",""
"SchirmerM_2016","Schirmer 2016",77,"fourfold","Ruminococcus",0.89,0.91,0.87,91,87,62898,TRUE,TRUE,TRUE,FALSE,TRUE,TRUE,TRUE,"ok","ok","",""
"SchirmerM_2016","Schirmer 2016",77,"fourfold","Streptococcus",0.88,0.79,0.97,79,97,7157,TRUE,TRUE,TRUE,FALSE,TRUE,TRUE,TRUE,"ok","ok","",""
"SchirmerM_2016","Schirmer 2016",78,"balanced","Agathobaculum",0.92,0.93,0.91,93,91,3785,TRUE,TRUE,TRUE,FALSE,TRUE,TRUE,TRUE,"ok","ok","",""
"SchirmerM_2016","Schirmer 2016",78,"balanced","Akkermansia",0.475,0.43,0.52,43,52,8071,TRUE,TRUE,TRUE,FALSE,TRUE,TRUE,TRUE,"ok","ok","",""
"SchirmerM_2016","Schirmer 2016",78,"balanced","Alistipes",0.955,0.96,0.95,96,95,28196,TRUE,TRUE,TRUE,FALSE,TRUE,TRUE,TRUE,"ok","ok","",""
"SchirmerM_2016","Schirmer 2016",78,"balanced","Anaerobutyricum",0.99,0.99,0.99,99,99,21557,TRUE,TRUE,TRUE,FALSE,TRUE,TRUE,TRUE,"ok","ok","",""
"SchirmerM_2016","Schirmer 2016",78,"balanced","Anaerostipes",0.995,1,0.99,100,99,25092,TRUE,TRUE,TRUE,FALSE,TRUE,TRUE,TRUE,"ok","ok","",""
"SchirmerM_2016","Schirmer 2016",78,"balanced","Bacteroides",1,1,1,100,100,55597,TRUE,TRUE,FALSE,TRUE,TRUE,TRUE,TRUE,"no_observed_zeros","ok","",""
"SchirmerM_2016","Schirmer 2016",78,"balanced","Barnesiella",0.8,0.8,0.8,80,80,6790,TRUE,TRUE,TRUE,FALSE,TRUE,TRUE,TRUE,"ok","ok","",""
"SchirmerM_2016","Schirmer 2016",78,"balanced","Bifidobacterium",0.975,0.98,0.97,98,97,128850,TRUE,TRUE,TRUE,FALSE,TRUE,TRUE,TRUE,"ok","ok","",""
"SchirmerM_2016","Schirmer 2016",78,"balanced","Blautia",1,1,1,100,100,21457,TRUE,TRUE,FALSE,TRUE,TRUE,TRUE,TRUE,"no_observed_zeros","ok","",""
"SchirmerM_2016","Schirmer 2016",78,"balanced","Collinsella",0.935,0.95,0.92,95,92,40731,TRUE,TRUE,TRUE,FALSE,TRUE,TRUE,TRUE,"ok","ok","",""
"SchirmerM_2016","Schirmer 2016",78,"balanced","Coprococcus",0.975,0.97,0.98,97,98,31493,TRUE,TRUE,TRUE,FALSE,TRUE,TRUE,TRUE,"ok","ok","",""
"SchirmerM_2016","Schirmer 2016",78,"balanced","Dialister",0.535,0.45,0.62,45,62,5475,TRUE,TRUE,TRUE,FALSE,TRUE,TRUE,TRUE,"ok","ok","",""
"SchirmerM_2016","Schirmer 2016",78,"balanced","Dorea",0.995,0.99,1,99,100,34108,TRUE,TRUE,TRUE,FALSE,TRUE,TRUE,TRUE,"ok","ok","",""
"SchirmerM_2016","Schirmer 2016",78,"balanced","Eubacterium",0.995,1,0.99,100,99,16594,TRUE,TRUE,FALSE,TRUE,TRUE,TRUE,TRUE,"structural_absence_boundary_at_zero","ok","",""
"SchirmerM_2016","Schirmer 2016",78,"balanced","Faecalibacterium",0.985,0.98,0.99,98,99,58618,TRUE,TRUE,TRUE,FALSE,TRUE,TRUE,TRUE,"ok","ok","",""
"SchirmerM_2016","Schirmer 2016",78,"balanced","Firmicutes_unclassified",0.84,0.83,0.85,83,85,4974,TRUE,TRUE,TRUE,FALSE,TRUE,TRUE,TRUE,"ok","ok","",""
"SchirmerM_2016","Schirmer 2016",78,"balanced","Fusicatenibacter",0.97,0.97,0.97,97,97,33056,TRUE,TRUE,TRUE,FALSE,TRUE,TRUE,TRUE,"ok","ok","",""
"SchirmerM_2016","Schirmer 2016",78,"balanced","Lachnospira",0.86,0.9,0.82,90,82,9838,TRUE,TRUE,TRUE,FALSE,TRUE,TRUE,TRUE,"ok","ok","",""
"SchirmerM_2016","Schirmer 2016",78,"balanced","Lachnospiraceae_unclassified",0.915,0.91,0.92,91,92,46315,TRUE,TRUE,TRUE,FALSE,TRUE,TRUE,TRUE,"ok","ok","",""
"SchirmerM_2016","Schirmer 2016",78,"balanced","Mediterraneibacter",0.985,0.99,0.98,99,98,24963,TRUE,TRUE,TRUE,FALSE,TRUE,TRUE,TRUE,"ok","ok","",""
"SchirmerM_2016","Schirmer 2016",78,"balanced","Methanobrevibacter",0.37,0.37,0.37,37,37,7450,TRUE,TRUE,TRUE,FALSE,TRUE,TRUE,TRUE,"ok","ok","",""
"SchirmerM_2016","Schirmer 2016",78,"balanced","Oscillibacter",0.82,0.8,0.84,80,84,4650,TRUE,TRUE,TRUE,FALSE,TRUE,TRUE,TRUE,"ok","ok","",""
"SchirmerM_2016","Schirmer 2016",78,"balanced","Parabacteroides",0.965,0.97,0.96,97,96,13997,TRUE,TRUE,TRUE,FALSE,TRUE,TRUE,TRUE,"ok","ok","",""
"SchirmerM_2016","Schirmer 2016",78,"balanced","Phascolarctobacterium",0.47,0.54,0.4,54,40,3815,TRUE,TRUE,TRUE,FALSE,TRUE,TRUE,TRUE,"ok","ok","",""
"SchirmerM_2016","Schirmer 2016",78,"balanced","Phocaeicola",1,1,1,100,100,42889,TRUE,TRUE,FALSE,TRUE,TRUE,TRUE,TRUE,"no_observed_zeros","ok","",""
"SchirmerM_2016","Schirmer 2016",78,"balanced","Prevotella",0.52,0.5,0.54,50,54,49402,TRUE,TRUE,TRUE,FALSE,TRUE,TRUE,TRUE,"ok","ok","",""
"SchirmerM_2016","Schirmer 2016",78,"balanced","Roseburia",0.99,0.99,0.99,99,99,44635,TRUE,TRUE,TRUE,FALSE,TRUE,TRUE,TRUE,"ok","ok","",""
"SchirmerM_2016","Schirmer 2016",78,"balanced","Ruminococcaceae_unclassified",0.695,0.65,0.74,65,74,6057,TRUE,TRUE,TRUE,FALSE,TRUE,TRUE,TRUE,"ok","ok","",""
"SchirmerM_2016","Schirmer 2016",78,"balanced","Ruminococcus",0.89,0.88,0.9,88,90,72655,TRUE,TRUE,TRUE,FALSE,TRUE,TRUE,TRUE,"ok","ok","",""
"SchirmerM_2016","Schirmer 2016",78,"balanced","Streptococcus",0.915,0.91,0.92,91,92,7174,TRUE,TRUE,TRUE,FALSE,TRUE,TRUE,TRUE,"ok","ok","",""
"SchirmerM_2016","Schirmer 2016",78,"fourfold","Agathobaculum",0.845,0.78,0.91,78,91,3972,TRUE,TRUE,TRUE,FALSE,TRUE,TRUE,TRUE,"ok","ok","",""
"SchirmerM_2016","Schirmer 2016",78,"fourfold","Akkermansia",0.46,0.37,0.55,37,55,8434,TRUE,TRUE,TRUE,FALSE,TRUE,TRUE,TRUE,"ok","ok","",""
"SchirmerM_2016","Schirmer 2016",78,"fourfold","Alistipes",0.955,0.96,0.95,96,95,28413,TRUE,TRUE,TRUE,FALSE,TRUE,TRUE,TRUE,"ok","ok","",""
"SchirmerM_2016","Schirmer 2016",78,"fourfold","Anaerobutyricum",0.99,0.99,0.99,99,99,21110,TRUE,TRUE,TRUE,FALSE,TRUE,TRUE,TRUE,"ok","ok","",""
"SchirmerM_2016","Schirmer 2016",78,"fourfold","Anaerostipes",0.99,0.99,0.99,99,99,24468,TRUE,TRUE,TRUE,FALSE,TRUE,TRUE,TRUE,"ok","ok","",""
"SchirmerM_2016","Schirmer 2016",78,"fourfold","Bacteroides",1,1,1,100,100,55620,TRUE,TRUE,FALSE,TRUE,TRUE,TRUE,TRUE,"no_observed_zeros","ok","",""
"SchirmerM_2016","Schirmer 2016",78,"fourfold","Barnesiella",0.805,0.79,0.82,79,82,6368,TRUE,TRUE,TRUE,FALSE,TRUE,TRUE,TRUE,"ok","ok","",""
"SchirmerM_2016","Schirmer 2016",78,"fourfold","Bifidobacterium",0.985,0.98,0.99,98,99,115819,TRUE,TRUE,TRUE,FALSE,TRUE,TRUE,TRUE,"ok","ok","",""
"SchirmerM_2016","Schirmer 2016",78,"fourfold","Blautia",0.995,0.99,1,99,100,20626,TRUE,TRUE,TRUE,FALSE,TRUE,TRUE,TRUE,"ok","ok","",""
"SchirmerM_2016","Schirmer 2016",78,"fourfold","Collinsella",0.915,0.93,0.9,93,90,39177,TRUE,TRUE,TRUE,FALSE,TRUE,TRUE,TRUE,"ok","ok","",""
"SchirmerM_2016","Schirmer 2016",78,"fourfold","Coprococcus",0.97,0.96,0.98,96,98,33505,TRUE,TRUE,TRUE,FALSE,TRUE,TRUE,TRUE,"ok","ok","",""
"SchirmerM_2016","Schirmer 2016",78,"fourfold","Dialister",0.515,0.4,0.63,40,63,6330,TRUE,TRUE,TRUE,FALSE,TRUE,TRUE,TRUE,"ok","ok","",""
"SchirmerM_2016","Schirmer 2016",78,"fourfold","Dorea",0.99,0.99,0.99,99,99,33430,TRUE,TRUE,TRUE,FALSE,TRUE,TRUE,TRUE,"ok","ok","",""
"SchirmerM_2016","Schirmer 2016",78,"fourfold","Eubacterium",0.97,0.95,0.99,95,99,16819,TRUE,TRUE,TRUE,FALSE,TRUE,TRUE,TRUE,"ok","ok","",""
"SchirmerM_2016","Schirmer 2016",78,"fourfold","Faecalibacterium",0.985,0.98,0.99,98,99,62495,TRUE,TRUE,TRUE,FALSE,TRUE,TRUE,TRUE,"ok","ok","",""
"SchirmerM_2016","Schirmer 2016",78,"fourfold","Firmicutes_unclassified",0.825,0.77,0.88,77,88,4974,TRUE,TRUE,TRUE,FALSE,TRUE,TRUE,TRUE,"ok","ok","",""
"SchirmerM_2016","Schirmer 2016",78,"fourfold","Fusicatenibacter",0.97,0.97,0.97,97,97,31141,TRUE,TRUE,TRUE,FALSE,TRUE,TRUE,TRUE,"ok","ok","",""
"SchirmerM_2016","Schirmer 2016",78,"fourfold","Lachnospira",0.845,0.83,0.86,83,86,11568,TRUE,TRUE,TRUE,FALSE,TRUE,TRUE,TRUE,"ok","ok","",""
"SchirmerM_2016","Schirmer 2016",78,"fourfold","Lachnospiraceae_unclassified",0.91,0.88,0.94,88,94,46401,TRUE,TRUE,TRUE,FALSE,TRUE,TRUE,TRUE,"ok","ok","",""
"SchirmerM_2016","Schirmer 2016",78,"fourfold","Mediterraneibacter",0.98,0.98,0.98,98,98,23709,TRUE,TRUE,TRUE,FALSE,TRUE,TRUE,TRUE,"ok","ok","",""
"SchirmerM_2016","Schirmer 2016",78,"fourfold","Methanobrevibacter",0.37,0.36,0.38,36,38,9463,TRUE,TRUE,TRUE,FALSE,TRUE,TRUE,TRUE,"ok","ok","",""
"SchirmerM_2016","Schirmer 2016",78,"fourfold","Oscillibacter",0.8,0.75,0.85,75,85,4860,TRUE,TRUE,TRUE,FALSE,TRUE,TRUE,TRUE,"ok","ok","",""
"SchirmerM_2016","Schirmer 2016",78,"fourfold","Parabacteroides",0.965,0.96,0.97,96,97,13520,TRUE,TRUE,TRUE,FALSE,TRUE,TRUE,TRUE,"ok","ok","",""
"SchirmerM_2016","Schirmer 2016",78,"fourfold","Phascolarctobacterium",0.475,0.5,0.45,50,45,3959,TRUE,TRUE,TRUE,FALSE,TRUE,TRUE,TRUE,"ok","ok","",""
"SchirmerM_2016","Schirmer 2016",78,"fourfold","Phocaeicola",1,1,1,100,100,44808,TRUE,TRUE,FALSE,TRUE,TRUE,TRUE,TRUE,"no_observed_zeros","ok","",""
"SchirmerM_2016","Schirmer 2016",78,"fourfold","Prevotella",0.475,0.44,0.51,44,51,61656,TRUE,TRUE,TRUE,FALSE,TRUE,TRUE,TRUE,"ok","ok","",""
"SchirmerM_2016","Schirmer 2016",78,"fourfold","Roseburia",0.995,1,0.99,100,99,47123,TRUE,TRUE,TRUE,FALSE,TRUE,TRUE,TRUE,"ok","ok","",""
"SchirmerM_2016","Schirmer 2016",78,"fourfold","Ruminococcaceae_unclassified",0.66,0.53,0.79,53,79,6993,TRUE,TRUE,TRUE,FALSE,TRUE,TRUE,TRUE,"ok","ok","",""
"SchirmerM_2016","Schirmer 2016",78,"fourfold","Ruminococcus",0.895,0.88,0.91,88,91,66346,TRUE,TRUE,TRUE,FALSE,TRUE,TRUE,TRUE,"ok","ok","",""
"SchirmerM_2016","Schirmer 2016",78,"fourfold","Streptococcus",0.89,0.83,0.95,83,95,6522,TRUE,TRUE,TRUE,FALSE,TRUE,TRUE,TRUE,"ok","ok","",""
"SchirmerM_2016","Schirmer 2016",79,"balanced","Agathobaculum",0.92,0.91,0.93,91,93,3852,TRUE,TRUE,TRUE,FALSE,TRUE,TRUE,TRUE,"ok","ok","",""
"SchirmerM_2016","Schirmer 2016",79,"balanced","Akkermansia",0.46,0.46,0.46,46,46,8373,TRUE,TRUE,TRUE,FALSE,TRUE,TRUE,TRUE,"ok","ok","",""
"SchirmerM_2016","Schirmer 2016",79,"balanced","Alistipes",0.94,0.92,0.96,92,96,28182,TRUE,TRUE,TRUE,FALSE,TRUE,TRUE,TRUE,"ok","ok","",""
"SchirmerM_2016","Schirmer 2016",79,"balanced","Anaerobutyricum",0.99,1,0.98,100,98,20879,TRUE,TRUE,TRUE,FALSE,TRUE,TRUE,TRUE,"ok","ok","",""
"SchirmerM_2016","Schirmer 2016",79,"balanced","Anaerostipes",0.995,1,0.99,100,99,24945,TRUE,TRUE,TRUE,FALSE,TRUE,TRUE,TRUE,"ok","ok","",""
"SchirmerM_2016","Schirmer 2016",79,"balanced","Bacteroides",1,1,1,100,100,53929,TRUE,TRUE,FALSE,TRUE,TRUE,TRUE,TRUE,"no_observed_zeros","ok","",""
"SchirmerM_2016","Schirmer 2016",79,"balanced","Barnesiella",0.82,0.86,0.78,86,78,6084,TRUE,TRUE,TRUE,FALSE,TRUE,TRUE,TRUE,"ok","ok","",""
"SchirmerM_2016","Schirmer 2016",79,"balanced","Bifidobacterium",0.975,0.98,0.97,98,97,128086,TRUE,TRUE,TRUE,FALSE,TRUE,TRUE,TRUE,"ok","ok","",""
"SchirmerM_2016","Schirmer 2016",79,"balanced","Blautia",1,1,1,100,100,24713,TRUE,TRUE,FALSE,TRUE,TRUE,TRUE,TRUE,"no_observed_zeros","ok","",""
"SchirmerM_2016","Schirmer 2016",79,"balanced","Collinsella",0.925,0.95,0.9,95,90,38942,TRUE,TRUE,TRUE,FALSE,TRUE,TRUE,TRUE,"ok","ok","",""
"SchirmerM_2016","Schirmer 2016",79,"balanced","Coprococcus",0.98,0.98,0.98,98,98,32994,TRUE,TRUE,TRUE,FALSE,TRUE,TRUE,TRUE,"ok","ok","",""
"SchirmerM_2016","Schirmer 2016",79,"balanced","Dialister",0.535,0.55,0.52,55,52,5128,TRUE,TRUE,TRUE,FALSE,TRUE,TRUE,TRUE,"ok","ok","",""
"SchirmerM_2016","Schirmer 2016",79,"balanced","Dorea",0.995,0.99,1,99,100,31294,TRUE,TRUE,TRUE,FALSE,TRUE,TRUE,TRUE,"ok","ok","",""
"SchirmerM_2016","Schirmer 2016",79,"balanced","Eubacterium",0.98,0.98,0.98,98,98,16586,TRUE,TRUE,TRUE,FALSE,TRUE,TRUE,TRUE,"ok","ok","",""
"SchirmerM_2016","Schirmer 2016",79,"balanced","Faecalibacterium",0.985,0.98,0.99,98,99,58773,TRUE,TRUE,TRUE,FALSE,TRUE,TRUE,TRUE,"ok","ok","",""
"SchirmerM_2016","Schirmer 2016",79,"balanced","Firmicutes_unclassified",0.835,0.8,0.87,80,87,5584,TRUE,TRUE,TRUE,FALSE,TRUE,TRUE,TRUE,"ok","ok","",""
"SchirmerM_2016","Schirmer 2016",79,"balanced","Fusicatenibacter",0.975,0.99,0.96,99,96,33327,TRUE,TRUE,TRUE,FALSE,TRUE,TRUE,TRUE,"ok","ok","",""
"SchirmerM_2016","Schirmer 2016",79,"balanced","Lachnospira",0.86,0.86,0.86,86,86,10380,TRUE,TRUE,TRUE,FALSE,TRUE,TRUE,TRUE,"ok","ok","",""
"SchirmerM_2016","Schirmer 2016",79,"balanced","Lachnospiraceae_unclassified",0.925,0.91,0.94,91,94,45670,TRUE,TRUE,TRUE,FALSE,TRUE,TRUE,TRUE,"ok","ok","",""
"SchirmerM_2016","Schirmer 2016",79,"balanced","Mediterraneibacter",0.99,0.99,0.99,99,99,26252,TRUE,TRUE,TRUE,FALSE,TRUE,TRUE,TRUE,"ok","ok","",""
"SchirmerM_2016","Schirmer 2016",79,"balanced","Methanobrevibacter",0.385,0.37,0.4,37,40,8075,TRUE,TRUE,TRUE,FALSE,TRUE,TRUE,TRUE,"ok","ok","",""
"SchirmerM_2016","Schirmer 2016",79,"balanced","Oscillibacter",0.825,0.82,0.83,82,83,4387,TRUE,TRUE,TRUE,FALSE,TRUE,TRUE,TRUE,"ok","ok","",""
"SchirmerM_2016","Schirmer 2016",79,"balanced","Parabacteroides",0.96,0.96,0.96,96,96,13648,TRUE,TRUE,TRUE,FALSE,TRUE,TRUE,TRUE,"ok","ok","",""
"SchirmerM_2016","Schirmer 2016",79,"balanced","Phascolarctobacterium",0.49,0.52,0.46,52,46,3633,TRUE,TRUE,TRUE,FALSE,TRUE,TRUE,TRUE,"ok","ok","",""
"SchirmerM_2016","Schirmer 2016",79,"balanced","Phocaeicola",1,1,1,100,100,43975,TRUE,TRUE,FALSE,TRUE,TRUE,TRUE,TRUE,"no_observed_zeros","ok","",""
"SchirmerM_2016","Schirmer 2016",79,"balanced","Prevotella",0.505,0.5,0.51,50,51,56389,TRUE,TRUE,TRUE,FALSE,TRUE,TRUE,TRUE,"ok","ok","",""
"SchirmerM_2016","Schirmer 2016",79,"balanced","Roseburia",1,1,1,100,100,44493,TRUE,TRUE,FALSE,TRUE,TRUE,TRUE,TRUE,"no_observed_zeros","ok","",""
"SchirmerM_2016","Schirmer 2016",79,"balanced","Ruminococcaceae_unclassified",0.68,0.66,0.7,66,70,6046,TRUE,TRUE,TRUE,FALSE,TRUE,TRUE,TRUE,"ok","ok","",""
"SchirmerM_2016","Schirmer 2016",79,"balanced","Ruminococcus",0.91,0.89,0.93,89,93,68679,TRUE,TRUE,TRUE,FALSE,TRUE,TRUE,TRUE,"ok","ok","",""
"SchirmerM_2016","Schirmer 2016",79,"balanced","Streptococcus",0.925,0.94,0.91,94,91,7398,TRUE,TRUE,TRUE,FALSE,TRUE,TRUE,TRUE,"ok","ok","",""
"SchirmerM_2016","Schirmer 2016",79,"fourfold","Agathobaculum",0.885,0.84,0.93,84,93,3312,TRUE,TRUE,TRUE,FALSE,TRUE,TRUE,TRUE,"ok","ok","",""
"SchirmerM_2016","Schirmer 2016",79,"fourfold","Akkermansia",0.46,0.45,0.47,45,47,8938,TRUE,TRUE,TRUE,FALSE,TRUE,TRUE,TRUE,"ok","ok","",""
"SchirmerM_2016","Schirmer 2016",79,"fourfold","Alistipes",0.945,0.92,0.97,92,97,23648,TRUE,TRUE,TRUE,FALSE,TRUE,TRUE,TRUE,"ok","ok","",""
"SchirmerM_2016","Schirmer 2016",79,"fourfold","Anaerobutyricum",0.99,1,0.98,100,98,19526,TRUE,TRUE,TRUE,FALSE,TRUE,TRUE,TRUE,"ok","ok","",""
"SchirmerM_2016","Schirmer 2016",79,"fourfold","Anaerostipes",0.995,1,0.99,100,99,20503,TRUE,TRUE,TRUE,FALSE,TRUE,TRUE,TRUE,"ok","ok","",""
"SchirmerM_2016","Schirmer 2016",79,"fourfold","Bacteroides",1,1,1,100,100,50661,TRUE,TRUE,FALSE,TRUE,TRUE,TRUE,TRUE,"no_observed_zeros","ok","",""
"SchirmerM_2016","Schirmer 2016",79,"fourfold","Barnesiella",0.785,0.79,0.78,79,78,6192,TRUE,TRUE,TRUE,FALSE,TRUE,TRUE,TRUE,"ok","ok","",""
"SchirmerM_2016","Schirmer 2016",79,"fourfold","Bifidobacterium",0.98,0.98,0.98,98,98,115951,TRUE,TRUE,TRUE,FALSE,TRUE,TRUE,TRUE,"ok","ok","",""
"SchirmerM_2016","Schirmer 2016",79,"fourfold","Blautia",0.995,0.99,1,99,100,19081,TRUE,TRUE,TRUE,FALSE,TRUE,TRUE,TRUE,"ok","ok","",""
"SchirmerM_2016","Schirmer 2016",79,"fourfold","Collinsella",0.93,0.94,0.92,94,92,38477,TRUE,TRUE,TRUE,FALSE,TRUE,TRUE,TRUE,"ok","ok","",""
"SchirmerM_2016","Schirmer 2016",79,"fourfold","Coprococcus",0.97,0.97,0.97,97,97,29472,TRUE,TRUE,TRUE,FALSE,TRUE,TRUE,TRUE,"ok","ok","",""
"SchirmerM_2016","Schirmer 2016",79,"fourfold","Dialister",0.52,0.52,0.52,52,52,4230,TRUE,TRUE,TRUE,FALSE,TRUE,TRUE,TRUE,"ok","ok","",""
"SchirmerM_2016","Schirmer 2016",79,"fourfold","Dorea",0.99,0.98,1,98,100,30198,TRUE,TRUE,TRUE,FALSE,TRUE,TRUE,TRUE,"ok","ok","",""
"SchirmerM_2016","Schirmer 2016",79,"fourfold","Eubacterium",0.98,0.97,0.99,97,99,14873,TRUE,TRUE,TRUE,FALSE,TRUE,TRUE,TRUE,"ok","ok","",""
"SchirmerM_2016","Schirmer 2016",79,"fourfold","Faecalibacterium",0.985,0.98,0.99,98,99,52847,TRUE,TRUE,TRUE,FALSE,TRUE,TRUE,TRUE,"ok","ok","",""
"SchirmerM_2016","Schirmer 2016",79,"fourfold","Firmicutes_unclassified",0.805,0.72,0.89,72,89,5136,TRUE,TRUE,TRUE,FALSE,TRUE,TRUE,TRUE,"ok","ok","",""
"SchirmerM_2016","Schirmer 2016",79,"fourfold","Fusicatenibacter",0.98,0.99,0.97,99,97,28759,TRUE,TRUE,TRUE,FALSE,TRUE,TRUE,TRUE,"ok","ok","",""
"SchirmerM_2016","Schirmer 2016",79,"fourfold","Lachnospira",0.87,0.86,0.88,86,88,9259,TRUE,TRUE,TRUE,FALSE,TRUE,TRUE,TRUE,"ok","ok","",""
"SchirmerM_2016","Schirmer 2016",79,"fourfold","Lachnospiraceae_unclassified",0.93,0.91,0.95,91,95,43022,TRUE,TRUE,TRUE,FALSE,TRUE,TRUE,TRUE,"ok","ok","",""
"SchirmerM_2016","Schirmer 2016",79,"fourfold","Mediterraneibacter",0.995,0.99,1,99,100,23381,TRUE,TRUE,TRUE,FALSE,TRUE,TRUE,TRUE,"ok","ok","",""
"SchirmerM_2016","Schirmer 2016",79,"fourfold","Methanobrevibacter",0.35,0.3,0.4,30,40,7734,TRUE,TRUE,TRUE,FALSE,TRUE,TRUE,TRUE,"ok","ok","",""
"SchirmerM_2016","Schirmer 2016",79,"fourfold","Oscillibacter",0.83,0.81,0.85,81,85,4016,TRUE,TRUE,TRUE,FALSE,TRUE,TRUE,TRUE,"ok","ok","",""
"SchirmerM_2016","Schirmer 2016",79,"fourfold","Parabacteroides",0.965,0.96,0.97,96,97,12698,TRUE,TRUE,TRUE,FALSE,TRUE,TRUE,TRUE,"ok","ok","",""
"SchirmerM_2016","Schirmer 2016",79,"fourfold","Phascolarctobacterium",0.48,0.49,0.47,49,47,3573,TRUE,TRUE,TRUE,FALSE,TRUE,TRUE,TRUE,"ok","ok","",""
"SchirmerM_2016","Schirmer 2016",79,"fourfold","Phocaeicola",1,1,1,100,100,36416,TRUE,TRUE,FALSE,TRUE,TRUE,TRUE,TRUE,"no_observed_zeros","ok","",""
"SchirmerM_2016","Schirmer 2016",79,"fourfold","Prevotella",0.505,0.49,0.52,49,52,58991,TRUE,TRUE,TRUE,FALSE,TRUE,TRUE,TRUE,"ok","ok","",""
"SchirmerM_2016","Schirmer 2016",79,"fourfold","Roseburia",0.99,0.99,0.99,99,99,44637,TRUE,TRUE,TRUE,FALSE,TRUE,TRUE,TRUE,"ok","ok","",""
"SchirmerM_2016","Schirmer 2016",79,"fourfold","Ruminococcaceae_unclassified",0.68,0.59,0.77,59,77,5539,TRUE,TRUE,TRUE,FALSE,TRUE,TRUE,TRUE,"ok","ok","",""
"SchirmerM_2016","Schirmer 2016",79,"fourfold","Ruminococcus",0.89,0.86,0.92,86,92,70354,TRUE,TRUE,TRUE,FALSE,TRUE,TRUE,TRUE,"ok","ok","",""
"SchirmerM_2016","Schirmer 2016",79,"fourfold","Streptococcus",0.885,0.85,0.92,85,92,5849,TRUE,TRUE,TRUE,FALSE,TRUE,TRUE,TRUE,"ok","ok","",""
"SchirmerM_2016","Schirmer 2016",80,"balanced","Agathobaculum",0.915,0.9,0.93,90,93,3542,TRUE,TRUE,TRUE,FALSE,TRUE,TRUE,TRUE,"ok","ok","",""
"SchirmerM_2016","Schirmer 2016",80,"balanced","Akkermansia",0.475,0.45,0.5,45,50,8600,TRUE,TRUE,TRUE,FALSE,TRUE,TRUE,TRUE,"ok","ok","",""
"SchirmerM_2016","Schirmer 2016",80,"balanced","Alistipes",0.95,0.96,0.94,96,94,27971,TRUE,TRUE,TRUE,FALSE,TRUE,TRUE,TRUE,"ok","ok","",""
"SchirmerM_2016","Schirmer 2016",80,"balanced","Anaerobutyricum",0.99,0.99,0.99,99,99,19585,TRUE,TRUE,TRUE,FALSE,TRUE,TRUE,TRUE,"ok","ok","",""
"SchirmerM_2016","Schirmer 2016",80,"balanced","Anaerostipes",0.995,1,0.99,100,99,21717,TRUE,TRUE,TRUE,FALSE,TRUE,TRUE,TRUE,"ok","ok","",""
"SchirmerM_2016","Schirmer 2016",80,"balanced","Bacteroides",1,1,1,100,100,54904,TRUE,TRUE,FALSE,TRUE,TRUE,TRUE,TRUE,"no_observed_zeros","ok","",""
"SchirmerM_2016","Schirmer 2016",80,"balanced","Barnesiella",0.805,0.84,0.77,84,77,6594,TRUE,TRUE,TRUE,FALSE,TRUE,TRUE,TRUE,"ok","ok","",""
"SchirmerM_2016","Schirmer 2016",80,"balanced","Bifidobacterium",0.975,0.98,0.97,98,97,119284,TRUE,TRUE,TRUE,FALSE,TRUE,TRUE,TRUE,"ok","ok","",""
"SchirmerM_2016","Schirmer 2016",80,"balanced","Blautia",1,1,1,100,100,19086,TRUE,TRUE,FALSE,TRUE,TRUE,TRUE,TRUE,"no_observed_zeros","ok","",""
"SchirmerM_2016","Schirmer 2016",80,"balanced","Collinsella",0.925,0.91,0.94,91,94,36813,TRUE,TRUE,TRUE,FALSE,TRUE,TRUE,TRUE,"ok","ok","",""
"SchirmerM_2016","Schirmer 2016",80,"balanced","Coprococcus",0.98,0.98,0.98,98,98,31639,TRUE,TRUE,TRUE,FALSE,TRUE,TRUE,TRUE,"ok","ok","",""
"SchirmerM_2016","Schirmer 2016",80,"balanced","Dialister",0.545,0.52,0.57,52,57,5504,TRUE,TRUE,TRUE,FALSE,TRUE,TRUE,TRUE,"ok","ok","",""
"SchirmerM_2016","Schirmer 2016",80,"balanced","Dorea",0.99,0.99,0.99,99,99,31222,TRUE,TRUE,TRUE,FALSE,TRUE,TRUE,TRUE,"ok","ok","",""
"SchirmerM_2016","Schirmer 2016",80,"balanced","Eubacterium",0.98,0.99,0.97,99,97,16101,TRUE,TRUE,TRUE,FALSE,TRUE,TRUE,TRUE,"ok","ok","",""
"SchirmerM_2016","Schirmer 2016",80,"balanced","Faecalibacterium",0.985,0.97,1,97,100,57975,TRUE,TRUE,TRUE,FALSE,TRUE,TRUE,TRUE,"ok","ok","",""
"SchirmerM_2016","Schirmer 2016",80,"balanced","Firmicutes_unclassified",0.84,0.84,0.84,84,84,5283,TRUE,TRUE,TRUE,FALSE,TRUE,TRUE,TRUE,"ok","ok","",""
"SchirmerM_2016","Schirmer 2016",80,"balanced","Fusicatenibacter",0.98,0.97,0.99,97,99,30997,TRUE,TRUE,TRUE,FALSE,TRUE,TRUE,TRUE,"ok","ok","",""
"SchirmerM_2016","Schirmer 2016",80,"balanced","Lachnospira",0.845,0.82,0.87,82,87,10599,TRUE,TRUE,TRUE,FALSE,TRUE,TRUE,TRUE,"ok","ok","",""
"SchirmerM_2016","Schirmer 2016",80,"balanced","Lachnospiraceae_unclassified",0.92,0.89,0.95,89,95,40594,TRUE,TRUE,TRUE,FALSE,TRUE,TRUE,TRUE,"ok","ok","",""
"SchirmerM_2016","Schirmer 2016",80,"balanced","Mediterraneibacter",0.985,0.98,0.99,98,99,22809,TRUE,TRUE,TRUE,FALSE,TRUE,TRUE,TRUE,"ok","ok","",""
"SchirmerM_2016","Schirmer 2016",80,"balanced","Methanobrevibacter",0.37,0.39,0.35,39,35,7741,TRUE,TRUE,TRUE,FALSE,TRUE,TRUE,TRUE,"ok","ok","",""
"SchirmerM_2016","Schirmer 2016",80,"balanced","Oscillibacter",0.805,0.82,0.79,82,79,4485,TRUE,TRUE,TRUE,FALSE,TRUE,TRUE,TRUE,"ok","ok","",""
"SchirmerM_2016","Schirmer 2016",80,"balanced","Parabacteroides",0.955,0.95,0.96,95,96,12323,TRUE,TRUE,TRUE,FALSE,TRUE,TRUE,TRUE,"ok","ok","",""
"SchirmerM_2016","Schirmer 2016",80,"balanced","Phascolarctobacterium",0.485,0.48,0.49,48,49,4112,TRUE,TRUE,TRUE,FALSE,TRUE,TRUE,TRUE,"ok","ok","",""
"SchirmerM_2016","Schirmer 2016",80,"balanced","Phocaeicola",1,1,1,100,100,41632,TRUE,TRUE,FALSE,TRUE,TRUE,TRUE,TRUE,"no_observed_zeros","ok","",""
"SchirmerM_2016","Schirmer 2016",80,"balanced","Prevotella",0.525,0.56,0.49,56,49,54659,TRUE,TRUE,TRUE,FALSE,TRUE,TRUE,TRUE,"ok","ok","",""
"SchirmerM_2016","Schirmer 2016",80,"balanced","Roseburia",0.99,0.99,0.99,99,99,44303,TRUE,TRUE,TRUE,FALSE,TRUE,TRUE,TRUE,"ok","ok","",""
"SchirmerM_2016","Schirmer 2016",80,"balanced","Ruminococcaceae_unclassified",0.7,0.69,0.71,69,71,4663,TRUE,TRUE,TRUE,FALSE,TRUE,TRUE,TRUE,"ok","ok","",""
"SchirmerM_2016","Schirmer 2016",80,"balanced","Ruminococcus",0.905,0.91,0.9,91,90,66492,TRUE,TRUE,TRUE,FALSE,TRUE,TRUE,TRUE,"ok","ok","",""
"SchirmerM_2016","Schirmer 2016",80,"balanced","Streptococcus",0.925,0.89,0.96,89,96,6550,TRUE,TRUE,TRUE,FALSE,TRUE,TRUE,TRUE,"ok","ok","",""
"SchirmerM_2016","Schirmer 2016",80,"fourfold","Agathobaculum",0.87,0.81,0.93,81,93,3495,TRUE,TRUE,TRUE,FALSE,TRUE,TRUE,TRUE,"ok","ok","",""
"SchirmerM_2016","Schirmer 2016",80,"fourfold","Akkermansia",0.455,0.43,0.48,43,48,7425,TRUE,TRUE,TRUE,FALSE,TRUE,TRUE,TRUE,"ok","ok","",""
"SchirmerM_2016","Schirmer 2016",80,"fourfold","Alistipes",0.945,0.94,0.95,94,95,23650,TRUE,TRUE,TRUE,FALSE,TRUE,TRUE,TRUE,"ok","ok","",""
"SchirmerM_2016","Schirmer 2016",80,"fourfold","Anaerobutyricum",0.99,0.99,0.99,99,99,18361,TRUE,TRUE,TRUE,FALSE,TRUE,TRUE,TRUE,"ok","ok","",""
"SchirmerM_2016","Schirmer 2016",80,"fourfold","Anaerostipes",0.995,1,0.99,100,99,21112,TRUE,TRUE,TRUE,FALSE,TRUE,TRUE,TRUE,"ok","ok","",""
"SchirmerM_2016","Schirmer 2016",80,"fourfold","Bacteroides",0.995,0.99,1,99,100,47037,TRUE,TRUE,TRUE,FALSE,TRUE,TRUE,TRUE,"ok","ok","",""
"SchirmerM_2016","Schirmer 2016",80,"fourfold","Barnesiella",0.79,0.81,0.77,81,77,5462,TRUE,TRUE,TRUE,FALSE,TRUE,TRUE,TRUE,"ok","ok","",""
"SchirmerM_2016","Schirmer 2016",80,"fourfold","Bifidobacterium",0.975,0.98,0.97,98,97,111490,TRUE,TRUE,TRUE,FALSE,TRUE,TRUE,TRUE,"ok","ok","",""
"SchirmerM_2016","Schirmer 2016",80,"fourfold","Blautia",1,1,1,100,100,18689,TRUE,TRUE,FALSE,TRUE,TRUE,TRUE,TRUE,"no_observed_zeros","ok","",""
"SchirmerM_2016","Schirmer 2016",80,"fourfold","Collinsella",0.92,0.89,0.95,89,95,34687,TRUE,TRUE,TRUE,FALSE,TRUE,TRUE,TRUE,"ok","ok","",""
"SchirmerM_2016","Schirmer 2016",80,"fourfold","Coprococcus",0.97,0.98,0.96,98,96,27952,TRUE,TRUE,TRUE,FALSE,TRUE,TRUE,TRUE,"ok","ok","",""
"SchirmerM_2016","Schirmer 2016",80,"fourfold","Dialister",0.525,0.48,0.57,48,57,4706,TRUE,TRUE,TRUE,FALSE,TRUE,TRUE,TRUE,"ok","ok","",""
"SchirmerM_2016","Schirmer 2016",80,"fourfold","Dorea",0.99,0.99,0.99,99,99,27941,TRUE,TRUE,TRUE,FALSE,TRUE,TRUE,TRUE,"ok","ok","",""
"SchirmerM_2016","Schirmer 2016",80,"fourfold","Eubacterium",0.955,0.95,0.96,95,96,13630,TRUE,TRUE,TRUE,FALSE,TRUE,TRUE,TRUE,"ok","ok","",""
"SchirmerM_2016","Schirmer 2016",80,"fourfold","Faecalibacterium",0.985,0.97,1,97,100,48469,TRUE,TRUE,TRUE,FALSE,TRUE,TRUE,TRUE,"ok","ok","",""
"SchirmerM_2016","Schirmer 2016",80,"fourfold","Firmicutes_unclassified",0.835,0.79,0.88,79,88,4833,TRUE,TRUE,TRUE,FALSE,TRUE,TRUE,TRUE,"ok","ok","",""
"SchirmerM_2016","Schirmer 2016",80,"fourfold","Fusicatenibacter",0.965,0.94,0.99,94,99,29088,TRUE,TRUE,TRUE,FALSE,TRUE,TRUE,TRUE,"ok","ok","",""
"SchirmerM_2016","Schirmer 2016",80,"fourfold","Lachnospira",0.835,0.81,0.86,81,86,9218,TRUE,TRUE,TRUE,FALSE,TRUE,TRUE,TRUE,"ok","ok","",""
"SchirmerM_2016","Schirmer 2016",80,"fourfold","Lachnospiraceae_unclassified",0.92,0.88,0.96,88,96,41278,TRUE,TRUE,TRUE,FALSE,TRUE,TRUE,TRUE,"ok","ok","",""
"SchirmerM_2016","Schirmer 2016",80,"fourfold","Mediterraneibacter",0.985,0.98,0.99,98,99,22519,TRUE,TRUE,TRUE,FALSE,TRUE,TRUE,TRUE,"ok","ok","",""
"SchirmerM_2016","Schirmer 2016",80,"fourfold","Methanobrevibacter",0.37,0.39,0.35,39,35,7406,TRUE,TRUE,TRUE,FALSE,TRUE,TRUE,TRUE,"ok","ok","",""
"SchirmerM_2016","Schirmer 2016",80,"fourfold","Oscillibacter",0.81,0.78,0.84,78,84,3881,TRUE,TRUE,TRUE,FALSE,TRUE,TRUE,TRUE,"ok","ok","",""
"SchirmerM_2016","Schirmer 2016",80,"fourfold","Parabacteroides",0.96,0.94,0.98,94,98,11600,TRUE,TRUE,TRUE,FALSE,TRUE,TRUE,TRUE,"ok","ok","",""
"SchirmerM_2016","Schirmer 2016",80,"fourfold","Phascolarctobacterium",0.48,0.45,0.51,45,51,3191,TRUE,TRUE,TRUE,FALSE,TRUE,TRUE,TRUE,"ok","ok","",""
"SchirmerM_2016","Schirmer 2016",80,"fourfold","Phocaeicola",1,1,1,100,100,37906,TRUE,TRUE,FALSE,TRUE,TRUE,TRUE,TRUE,"no_observed_zeros","ok","",""
"SchirmerM_2016","Schirmer 2016",80,"fourfold","Prevotella",0.485,0.47,0.5,47,50,46662,TRUE,TRUE,TRUE,FALSE,TRUE,TRUE,TRUE,"ok","ok","",""
"SchirmerM_2016","Schirmer 2016",80,"fourfold","Roseburia",0.99,0.98,1,98,100,38512,TRUE,TRUE,TRUE,FALSE,TRUE,TRUE,TRUE,"ok","ok","",""
"SchirmerM_2016","Schirmer 2016",80,"fourfold","Ruminococcaceae_unclassified",0.635,0.54,0.73,54,73,4644,TRUE,TRUE,TRUE,FALSE,TRUE,TRUE,TRUE,"ok","ok","",""
"SchirmerM_2016","Schirmer 2016",80,"fourfold","Ruminococcus",0.89,0.89,0.89,89,89,51319,TRUE,TRUE,TRUE,FALSE,TRUE,TRUE,TRUE,"ok","ok","",""
"SchirmerM_2016","Schirmer 2016",80,"fourfold","Streptococcus",0.875,0.81,0.94,81,94,6315,TRUE,TRUE,TRUE,FALSE,TRUE,TRUE,TRUE,"ok","ok","",""
"SchirmerM_2016","Schirmer 2016",81,"balanced","Agathobaculum",0.92,0.92,0.92,92,92,3880,TRUE,TRUE,TRUE,FALSE,TRUE,TRUE,TRUE,"ok","ok","",""
"SchirmerM_2016","Schirmer 2016",81,"balanced","Akkermansia",0.47,0.46,0.48,46,48,8881,TRUE,TRUE,TRUE,FALSE,TRUE,TRUE,TRUE,"ok","ok","",""
"SchirmerM_2016","Schirmer 2016",81,"balanced","Alistipes",0.95,0.94,0.96,94,96,28367,TRUE,TRUE,TRUE,FALSE,TRUE,TRUE,TRUE,"ok","ok","",""
"SchirmerM_2016","Schirmer 2016",81,"balanced","Anaerobutyricum",0.985,0.98,0.99,98,99,20160,TRUE,TRUE,TRUE,FALSE,TRUE,TRUE,TRUE,"ok","ok","",""
"SchirmerM_2016","Schirmer 2016",81,"balanced","Anaerostipes",0.995,0.99,1,99,100,24519,TRUE,TRUE,TRUE,FALSE,TRUE,TRUE,TRUE,"ok","ok","",""
"SchirmerM_2016","Schirmer 2016",81,"balanced","Bacteroides",1,1,1,100,100,58162,TRUE,TRUE,FALSE,TRUE,TRUE,TRUE,TRUE,"no_observed_zeros","ok","",""
"SchirmerM_2016","Schirmer 2016",81,"balanced","Barnesiella",0.82,0.83,0.81,83,81,7367,TRUE,TRUE,TRUE,FALSE,TRUE,TRUE,TRUE,"ok","ok","",""
"SchirmerM_2016","Schirmer 2016",81,"balanced","Bifidobacterium",0.98,0.97,0.99,97,99,123477,TRUE,TRUE,TRUE,FALSE,TRUE,TRUE,TRUE,"ok","ok","",""
"SchirmerM_2016","Schirmer 2016",81,"balanced","Blautia",1,1,1,100,100,21785,TRUE,TRUE,FALSE,TRUE,TRUE,TRUE,TRUE,"no_observed_zeros","ok","",""
"SchirmerM_2016","Schirmer 2016",81,"balanced","Collinsella",0.93,0.92,0.94,92,94,37383,TRUE,TRUE,TRUE,FALSE,TRUE,TRUE,TRUE,"ok","ok","",""
"SchirmerM_2016","Schirmer 2016",81,"balanced","Coprococcus",0.98,0.97,0.99,97,99,32061,TRUE,TRUE,TRUE,FALSE,TRUE,TRUE,TRUE,"ok","ok","",""
"SchirmerM_2016","Schirmer 2016",81,"balanced","Dialister",0.535,0.49,0.58,49,58,4740,TRUE,TRUE,TRUE,FALSE,TRUE,TRUE,TRUE,"ok","ok","",""
"SchirmerM_2016","Schirmer 2016",81,"balanced","Dorea",0.99,1,0.98,100,98,31890,TRUE,TRUE,TRUE,FALSE,TRUE,TRUE,TRUE,"ok","ok","",""
"SchirmerM_2016","Schirmer 2016",81,"balanced","Eubacterium",0.975,0.96,0.99,96,99,17081,TRUE,TRUE,TRUE,FALSE,TRUE,TRUE,TRUE,"ok","ok","",""
"SchirmerM_2016","Schirmer 2016",81,"balanced","Faecalibacterium",0.985,0.99,0.98,99,98,57815,TRUE,TRUE,TRUE,FALSE,TRUE,TRUE,TRUE,"ok","ok","",""
"SchirmerM_2016","Schirmer 2016",81,"balanced","Firmicutes_unclassified",0.84,0.83,0.85,83,85,5249,TRUE,TRUE,TRUE,FALSE,TRUE,TRUE,TRUE,"ok","ok","",""
"SchirmerM_2016","Schirmer 2016",81,"balanced","Fusicatenibacter",0.97,0.97,0.97,97,97,31970,TRUE,TRUE,TRUE,FALSE,TRUE,TRUE,TRUE,"ok","ok","",""
"SchirmerM_2016","Schirmer 2016",81,"balanced","Lachnospira",0.87,0.86,0.88,86,88,10407,TRUE,TRUE,TRUE,FALSE,TRUE,TRUE,TRUE,"ok","ok","",""
"SchirmerM_2016","Schirmer 2016",81,"balanced","Lachnospiraceae_unclassified",0.925,0.96,0.89,96,89,43452,TRUE,TRUE,TRUE,FALSE,TRUE,TRUE,TRUE,"ok","ok","",""
"SchirmerM_2016","Schirmer 2016",81,"balanced","Mediterraneibacter",0.985,0.99,0.98,99,98,25716,TRUE,TRUE,TRUE,FALSE,TRUE,TRUE,TRUE,"ok","ok","",""
"SchirmerM_2016","Schirmer 2016",81,"balanced","Methanobrevibacter",0.37,0.4,0.34,40,34,7340,TRUE,TRUE,TRUE,FALSE,TRUE,TRUE,TRUE,"ok","ok","",""
"SchirmerM_2016","Schirmer 2016",81,"balanced","Oscillibacter",0.825,0.83,0.82,83,82,4469,TRUE,TRUE,TRUE,FALSE,TRUE,TRUE,TRUE,"ok","ok","",""
"SchirmerM_2016","Schirmer 2016",81,"balanced","Parabacteroides",0.955,0.95,0.96,95,96,13714,TRUE,TRUE,TRUE,FALSE,TRUE,TRUE,TRUE,"ok","ok","",""
"SchirmerM_2016","Schirmer 2016",81,"balanced","Phascolarctobacterium",0.495,0.55,0.44,55,44,3833,TRUE,TRUE,TRUE,FALSE,TRUE,TRUE,TRUE,"ok","ok","",""
"SchirmerM_2016","Schirmer 2016",81,"balanced","Phocaeicola",1,1,1,100,100,45298,TRUE,TRUE,FALSE,TRUE,TRUE,TRUE,TRUE,"no_observed_zeros","ok","",""
"SchirmerM_2016","Schirmer 2016",81,"balanced","Prevotella",0.5,0.53,0.47,53,47,57333,TRUE,TRUE,TRUE,FALSE,TRUE,TRUE,TRUE,"ok","ok","",""
"SchirmerM_2016","Schirmer 2016",81,"balanced","Roseburia",0.995,1,0.99,100,99,43493,TRUE,TRUE,TRUE,FALSE,TRUE,TRUE,TRUE,"ok","ok","",""
"SchirmerM_2016","Schirmer 2016",81,"balanced","Ruminococcaceae_unclassified",0.725,0.76,0.69,76,69,5129,TRUE,TRUE,TRUE,FALSE,TRUE,TRUE,TRUE,"ok","ok","",""
"SchirmerM_2016","Schirmer 2016",81,"balanced","Ruminococcus",0.905,0.9,0.91,90,91,70332,TRUE,TRUE,TRUE,FALSE,TRUE,TRUE,TRUE,"ok","ok","",""
"SchirmerM_2016","Schirmer 2016",81,"balanced","Streptococcus",0.92,0.93,0.91,93,91,6646,TRUE,TRUE,TRUE,FALSE,TRUE,TRUE,TRUE,"ok","ok","",""
"SchirmerM_2016","Schirmer 2016",81,"fourfold","Agathobaculum",0.9,0.87,0.93,87,93,3300,TRUE,TRUE,TRUE,FALSE,TRUE,TRUE,TRUE,"ok","ok","",""
"SchirmerM_2016","Schirmer 2016",81,"fourfold","Akkermansia",0.445,0.41,0.48,41,48,10838,TRUE,TRUE,TRUE,FALSE,TRUE,TRUE,TRUE,"ok","ok","",""
"SchirmerM_2016","Schirmer 2016",81,"fourfold","Alistipes",0.95,0.93,0.97,93,97,28010,TRUE,TRUE,TRUE,FALSE,TRUE,TRUE,TRUE,"ok","ok","",""
"SchirmerM_2016","Schirmer 2016",81,"fourfold","Anaerobutyricum",0.985,0.98,0.99,98,99,20810,TRUE,TRUE,TRUE,FALSE,TRUE,TRUE,TRUE,"ok","ok","",""
"SchirmerM_2016","Schirmer 2016",81,"fourfold","Anaerostipes",0.995,0.99,1,99,100,25164,TRUE,TRUE,TRUE,FALSE,TRUE,TRUE,TRUE,"ok","ok","",""
"SchirmerM_2016","Schirmer 2016",81,"fourfold","Bacteroides",1,1,1,100,100,55432,TRUE,TRUE,FALSE,TRUE,TRUE,TRUE,TRUE,"no_observed_zeros","ok","",""
"SchirmerM_2016","Schirmer 2016",81,"fourfold","Barnesiella",0.79,0.76,0.82,76,82,6390,TRUE,TRUE,TRUE,FALSE,TRUE,TRUE,TRUE,"ok","ok","",""
"SchirmerM_2016","Schirmer 2016",81,"fourfold","Bifidobacterium",0.98,0.97,0.99,97,99,133342,TRUE,TRUE,TRUE,FALSE,TRUE,TRUE,TRUE,"ok","ok","",""
"SchirmerM_2016","Schirmer 2016",81,"fourfold","Blautia",1,1,1,100,100,23495,TRUE,TRUE,FALSE,TRUE,TRUE,TRUE,TRUE,"no_observed_zeros","ok","",""
"SchirmerM_2016","Schirmer 2016",81,"fourfold","Collinsella",0.91,0.88,0.94,88,94,38894,TRUE,TRUE,TRUE,FALSE,TRUE,TRUE,TRUE,"ok","ok","",""
"SchirmerM_2016","Schirmer 2016",81,"fourfold","Coprococcus",0.975,0.96,0.99,96,99,34546,TRUE,TRUE,TRUE,FALSE,TRUE,TRUE,TRUE,"ok","ok","",""
"SchirmerM_2016","Schirmer 2016",81,"fourfold","Dialister",0.49,0.39,0.59,39,59,5493,TRUE,TRUE,TRUE,FALSE,TRUE,TRUE,TRUE,"ok","ok","",""
"SchirmerM_2016","Schirmer 2016",81,"fourfold","Dorea",0.99,1,0.98,100,98,31594,TRUE,TRUE,TRUE,FALSE,TRUE,TRUE,TRUE,"ok","ok","",""
"SchirmerM_2016","Schirmer 2016",81,"fourfold","Eubacterium",0.975,0.95,1,95,100,16811,TRUE,TRUE,TRUE,FALSE,TRUE,TRUE,TRUE,"ok","ok","",""
"SchirmerM_2016","Schirmer 2016",81,"fourfold","Faecalibacterium",0.985,0.99,0.98,99,98,60585,TRUE,TRUE,TRUE,FALSE,TRUE,TRUE,TRUE,"ok","ok","",""
"SchirmerM_2016","Schirmer 2016",81,"fourfold","Firmicutes_unclassified",0.82,0.78,0.86,78,86,5256,TRUE,TRUE,TRUE,FALSE,TRUE,TRUE,TRUE,"ok","ok","",""
"SchirmerM_2016","Schirmer 2016",81,"fourfold","Fusicatenibacter",0.98,0.97,0.99,97,99,32133,TRUE,TRUE,TRUE,FALSE,TRUE,TRUE,TRUE,"ok","ok","",""
"SchirmerM_2016","Schirmer 2016",81,"fourfold","Lachnospira",0.85,0.85,0.85,85,85,11647,TRUE,TRUE,TRUE,FALSE,TRUE,TRUE,TRUE,"ok","ok","",""
"SchirmerM_2016","Schirmer 2016",81,"fourfold","Lachnospiraceae_unclassified",0.93,0.95,0.91,95,91,43216,TRUE,TRUE,TRUE,FALSE,TRUE,TRUE,TRUE,"ok","ok","",""
"SchirmerM_2016","Schirmer 2016",81,"fourfold","Mediterraneibacter",0.985,0.98,0.99,98,99,26044,TRUE,TRUE,TRUE,FALSE,TRUE,TRUE,TRUE,"ok","ok","",""
"SchirmerM_2016","Schirmer 2016",81,"fourfold","Methanobrevibacter",0.35,0.35,0.35,35,35,11248,TRUE,TRUE,TRUE,FALSE,TRUE,TRUE,TRUE,"ok","ok","",""
"SchirmerM_2016","Schirmer 2016",81,"fourfold","Oscillibacter",0.8,0.73,0.87,73,87,5339,TRUE,TRUE,TRUE,FALSE,TRUE,TRUE,TRUE,"ok","ok","",""
"SchirmerM_2016","Schirmer 2016",81,"fourfold","Parabacteroides",0.955,0.95,0.96,95,96,15706,TRUE,TRUE,TRUE,FALSE,TRUE,TRUE,TRUE,"ok","ok","",""
"SchirmerM_2016","Schirmer 2016",81,"fourfold","Phascolarctobacterium",0.485,0.52,0.45,52,45,2814,TRUE,TRUE,TRUE,FALSE,TRUE,TRUE,TRUE,"ok","ok","",""
"SchirmerM_2016","Schirmer 2016",81,"fourfold","Phocaeicola",0.995,0.99,1,99,100,51217,TRUE,TRUE,TRUE,FALSE,TRUE,TRUE,TRUE,"ok","ok","",""
"SchirmerM_2016","Schirmer 2016",81,"fourfold","Prevotella",0.515,0.54,0.49,54,49,43741,TRUE,TRUE,TRUE,FALSE,TRUE,TRUE,TRUE,"ok","ok","",""
"SchirmerM_2016","Schirmer 2016",81,"fourfold","Roseburia",0.975,0.97,0.98,97,98,45787,TRUE,TRUE,TRUE,FALSE,TRUE,TRUE,TRUE,"ok","ok","",""
"SchirmerM_2016","Schirmer 2016",81,"fourfold","Ruminococcaceae_unclassified",0.69,0.67,0.71,67,71,5642,TRUE,TRUE,TRUE,FALSE,TRUE,TRUE,TRUE,"ok","ok","",""
"SchirmerM_2016","Schirmer 2016",81,"fourfold","Ruminococcus",0.885,0.89,0.88,89,88,86687,TRUE,TRUE,TRUE,FALSE,TRUE,TRUE,TRUE,"ok","ok","",""
"SchirmerM_2016","Schirmer 2016",81,"fourfold","Streptococcus",0.885,0.83,0.94,83,94,7404,TRUE,TRUE,TRUE,FALSE,TRUE,TRUE,TRUE,"ok","ok","",""
"SchirmerM_2016","Schirmer 2016",82,"balanced","Agathobaculum",0.905,0.95,0.86,95,86,3763,TRUE,TRUE,TRUE,FALSE,TRUE,TRUE,TRUE,"ok","ok","",""
"SchirmerM_2016","Schirmer 2016",82,"balanced","Akkermansia",0.48,0.45,0.51,45,51,8026,TRUE,TRUE,TRUE,FALSE,TRUE,TRUE,TRUE,"ok","ok","",""
"SchirmerM_2016","Schirmer 2016",82,"balanced","Alistipes",0.955,0.93,0.98,93,98,25900,TRUE,TRUE,TRUE,FALSE,TRUE,TRUE,TRUE,"ok","ok","",""
"SchirmerM_2016","Schirmer 2016",82,"balanced","Anaerobutyricum",0.99,1,0.98,100,98,19533,TRUE,TRUE,TRUE,FALSE,TRUE,TRUE,TRUE,"ok","ok","",""
"SchirmerM_2016","Schirmer 2016",82,"balanced","Anaerostipes",0.995,0.99,1,99,100,22229,TRUE,TRUE,TRUE,FALSE,TRUE,TRUE,TRUE,"ok","ok","",""
"SchirmerM_2016","Schirmer 2016",82,"balanced","Bacteroides",1,1,1,100,100,53317,TRUE,TRUE,FALSE,TRUE,TRUE,TRUE,TRUE,"no_observed_zeros","ok","",""
"SchirmerM_2016","Schirmer 2016",82,"balanced","Barnesiella",0.815,0.8,0.83,80,83,6779,TRUE,TRUE,TRUE,FALSE,TRUE,TRUE,TRUE,"ok","ok","",""
"SchirmerM_2016","Schirmer 2016",82,"balanced","Bifidobacterium",0.98,0.98,0.98,98,98,120844,TRUE,TRUE,TRUE,FALSE,TRUE,TRUE,TRUE,"ok","ok","",""
"SchirmerM_2016","Schirmer 2016",82,"balanced","Blautia",1,1,1,100,100,20690,TRUE,TRUE,FALSE,TRUE,TRUE,TRUE,TRUE,"no_observed_zeros","ok","",""
"SchirmerM_2016","Schirmer 2016",82,"balanced","Collinsella",0.925,0.94,0.91,94,91,36623,TRUE,TRUE,TRUE,FALSE,TRUE,TRUE,TRUE,"ok","ok","",""
"SchirmerM_2016","Schirmer 2016",82,"balanced","Coprococcus",0.975,0.98,0.97,98,97,30255,TRUE,TRUE,TRUE,FALSE,TRUE,TRUE,TRUE,"ok","ok","",""
"SchirmerM_2016","Schirmer 2016",82,"balanced","Dialister",0.525,0.55,0.5,55,50,4390,TRUE,TRUE,TRUE,FALSE,TRUE,TRUE,TRUE,"ok","ok","",""
"SchirmerM_2016","Schirmer 2016",82,"balanced","Dorea",0.99,0.99,0.99,99,99,30538,TRUE,TRUE,TRUE,FALSE,TRUE,TRUE,TRUE,"ok","ok","",""
"SchirmerM_2016","Schirmer 2016",82,"balanced","Eubacterium",0.98,0.99,0.97,99,97,16296,TRUE,TRUE,TRUE,FALSE,TRUE,TRUE,TRUE,"ok","ok","",""
"SchirmerM_2016","Schirmer 2016",82,"balanced","Faecalibacterium",0.985,0.98,0.99,98,99,55401,TRUE,TRUE,TRUE,FALSE,TRUE,TRUE,TRUE,"ok","ok","",""
"SchirmerM_2016","Schirmer 2016",82,"balanced","Firmicutes_unclassified",0.865,0.87,0.86,87,86,5003,TRUE,TRUE,TRUE,FALSE,TRUE,TRUE,TRUE,"ok","ok","",""
"SchirmerM_2016","Schirmer 2016",82,"balanced","Fusicatenibacter",0.98,0.97,0.99,97,99,30103,TRUE,TRUE,TRUE,FALSE,TRUE,TRUE,TRUE,"ok","ok","",""
"SchirmerM_2016","Schirmer 2016",82,"balanced","Lachnospira",0.84,0.82,0.86,82,86,9967,TRUE,TRUE,TRUE,FALSE,TRUE,TRUE,TRUE,"ok","ok","",""
"SchirmerM_2016","Schirmer 2016",82,"balanced","Lachnospiraceae_unclassified",0.92,0.93,0.91,93,91,41680,TRUE,TRUE,TRUE,FALSE,TRUE,TRUE,TRUE,"ok","ok","",""
"SchirmerM_2016","Schirmer 2016",82,"balanced","Mediterraneibacter",0.975,0.96,0.99,96,99,22529,TRUE,TRUE,TRUE,FALSE,TRUE,TRUE,TRUE,"ok","ok","",""
"SchirmerM_2016","Schirmer 2016",82,"balanced","Methanobrevibacter",0.37,0.38,0.36,38,36,9334,TRUE,TRUE,TRUE,FALSE,TRUE,TRUE,TRUE,"ok","ok","",""
"SchirmerM_2016","Schirmer 2016",82,"balanced","Oscillibacter",0.815,0.79,0.84,79,84,4382,TRUE,TRUE,TRUE,FALSE,TRUE,TRUE,TRUE,"ok","ok","",""
"SchirmerM_2016","Schirmer 2016",82,"balanced","Parabacteroides",0.96,0.95,0.97,95,97,13290,TRUE,TRUE,TRUE,FALSE,TRUE,TRUE,TRUE,"ok","ok","",""
"SchirmerM_2016","Schirmer 2016",82,"balanced","Phascolarctobacterium",0.475,0.44,0.51,44,51,3947,TRUE,TRUE,TRUE,FALSE,TRUE,TRUE,TRUE,"ok","ok","",""
"SchirmerM_2016","Schirmer 2016",82,"balanced","Phocaeicola",1,1,1,100,100,40564,TRUE,TRUE,FALSE,TRUE,TRUE,TRUE,TRUE,"no_observed_zeros","ok","",""
"SchirmerM_2016","Schirmer 2016",82,"balanced","Prevotella",0.505,0.5,0.51,50,51,53936,TRUE,TRUE,TRUE,FALSE,TRUE,TRUE,TRUE,"ok","ok","",""
"SchirmerM_2016","Schirmer 2016",82,"balanced","Roseburia",0.99,0.99,0.99,99,99,42483,TRUE,TRUE,TRUE,FALSE,TRUE,TRUE,TRUE,"ok","ok","",""
"SchirmerM_2016","Schirmer 2016",82,"balanced","Ruminococcaceae_unclassified",0.685,0.67,0.7,67,70,5561,TRUE,TRUE,TRUE,FALSE,TRUE,TRUE,TRUE,"ok","ok","",""
"SchirmerM_2016","Schirmer 2016",82,"balanced","Ruminococcus",0.9,0.92,0.88,92,88,66249,TRUE,TRUE,TRUE,FALSE,TRUE,TRUE,TRUE,"ok","ok","",""
"SchirmerM_2016","Schirmer 2016",82,"balanced","Streptococcus",0.92,0.94,0.9,94,90,7721,TRUE,TRUE,TRUE,FALSE,TRUE,TRUE,TRUE,"ok","ok","",""
"SchirmerM_2016","Schirmer 2016",82,"fourfold","Agathobaculum",0.9,0.9,0.9,90,90,3323,TRUE,TRUE,TRUE,FALSE,TRUE,TRUE,TRUE,"ok","ok","",""
"SchirmerM_2016","Schirmer 2016",82,"fourfold","Akkermansia",0.475,0.44,0.51,44,51,7633,TRUE,TRUE,TRUE,FALSE,TRUE,TRUE,TRUE,"ok","ok","",""
"SchirmerM_2016","Schirmer 2016",82,"fourfold","Alistipes",0.945,0.93,0.96,93,96,27837,TRUE,TRUE,TRUE,FALSE,TRUE,TRUE,TRUE,"ok","ok","",""
"SchirmerM_2016","Schirmer 2016",82,"fourfold","Anaerobutyricum",0.98,0.98,0.98,98,98,19876,TRUE,TRUE,TRUE,FALSE,TRUE,TRUE,TRUE,"ok","ok","",""
"SchirmerM_2016","Schirmer 2016",82,"fourfold","Anaerostipes",0.99,0.98,1,98,100,24206,TRUE,TRUE,TRUE,FALSE,TRUE,TRUE,TRUE,"ok","ok","",""
"SchirmerM_2016","Schirmer 2016",82,"fourfold","Bacteroides",1,1,1,100,100,51484,TRUE,TRUE,FALSE,TRUE,TRUE,TRUE,TRUE,"no_observed_zeros","ok","",""
"SchirmerM_2016","Schirmer 2016",82,"fourfold","Barnesiella",0.805,0.77,0.84,77,84,7301,TRUE,TRUE,TRUE,FALSE,TRUE,TRUE,TRUE,"ok","ok","",""
"SchirmerM_2016","Schirmer 2016",82,"fourfold","Bifidobacterium",0.975,0.97,0.98,97,98,119275,TRUE,TRUE,TRUE,FALSE,TRUE,TRUE,TRUE,"ok","ok","",""
"SchirmerM_2016","Schirmer 2016",82,"fourfold","Blautia",1,1,1,100,100,18966,TRUE,TRUE,FALSE,TRUE,TRUE,TRUE,TRUE,"no_observed_zeros","ok","",""
"SchirmerM_2016","Schirmer 2016",82,"fourfold","Collinsella",0.94,0.95,0.93,95,93,39211,TRUE,TRUE,TRUE,FALSE,TRUE,TRUE,TRUE,"ok","ok","",""
"SchirmerM_2016","Schirmer 2016",82,"fourfold","Coprococcus",0.97,0.97,0.97,97,97,33135,TRUE,TRUE,TRUE,FALSE,TRUE,TRUE,TRUE,"ok","ok","",""
"SchirmerM_2016","Schirmer 2016",82,"fourfold","Dialister",0.52,0.52,0.52,52,52,4715,TRUE,TRUE,TRUE,FALSE,TRUE,TRUE,TRUE,"ok","ok","",""
"SchirmerM_2016","Schirmer 2016",82,"fourfold","Dorea",0.99,0.99,0.99,99,99,32073,TRUE,TRUE,TRUE,FALSE,TRUE,TRUE,TRUE,"ok","ok","",""
"SchirmerM_2016","Schirmer 2016",82,"fourfold","Eubacterium",0.965,0.95,0.98,95,98,16101,TRUE,TRUE,TRUE,FALSE,TRUE,TRUE,TRUE,"ok","ok","",""
"SchirmerM_2016","Schirmer 2016",82,"fourfold","Faecalibacterium",0.985,0.98,0.99,98,99,57071,TRUE,TRUE,TRUE,FALSE,TRUE,TRUE,TRUE,"ok","ok","",""
"SchirmerM_2016","Schirmer 2016",82,"fourfold","Firmicutes_unclassified",0.84,0.8,0.88,80,88,4668,TRUE,TRUE,TRUE,FALSE,TRUE,TRUE,TRUE,"ok","ok","",""
"SchirmerM_2016","Schirmer 2016",82,"fourfold","Fusicatenibacter",0.97,0.95,0.99,95,99,32571,TRUE,TRUE,TRUE,FALSE,TRUE,TRUE,TRUE,"ok","ok","",""
"SchirmerM_2016","Schirmer 2016",82,"fourfold","Lachnospira",0.84,0.8,0.88,80,88,9510,TRUE,TRUE,TRUE,FALSE,TRUE,TRUE,TRUE,"ok","ok","",""
"SchirmerM_2016","Schirmer 2016",82,"fourfold","Lachnospiraceae_unclassified",0.93,0.91,0.95,91,95,46857,TRUE,TRUE,TRUE,FALSE,TRUE,TRUE,TRUE,"ok","ok","",""
"SchirmerM_2016","Schirmer 2016",82,"fourfold","Mediterraneibacter",0.98,0.97,0.99,97,99,25404,TRUE,TRUE,TRUE,FALSE,TRUE,TRUE,TRUE,"ok","ok","",""
"SchirmerM_2016","Schirmer 2016",82,"fourfold","Methanobrevibacter",0.36,0.37,0.35,37,35,7780,TRUE,TRUE,TRUE,FALSE,TRUE,TRUE,TRUE,"ok","ok","",""
"SchirmerM_2016","Schirmer 2016",82,"fourfold","Oscillibacter",0.79,0.73,0.85,73,85,4395,TRUE,TRUE,TRUE,FALSE,TRUE,TRUE,TRUE,"ok","ok","",""
"SchirmerM_2016","Schirmer 2016",82,"fourfold","Parabacteroides",0.965,0.95,0.98,95,98,13674,TRUE,TRUE,TRUE,FALSE,TRUE,TRUE,TRUE,"ok","ok","",""
"SchirmerM_2016","Schirmer 2016",82,"fourfold","Phascolarctobacterium",0.455,0.39,0.52,39,52,3622,TRUE,TRUE,TRUE,FALSE,TRUE,TRUE,TRUE,"ok","ok","",""
"SchirmerM_2016","Schirmer 2016",82,"fourfold","Phocaeicola",1,1,1,100,100,40722,TRUE,TRUE,FALSE,TRUE,TRUE,TRUE,TRUE,"no_observed_zeros","ok","",""
"SchirmerM_2016","Schirmer 2016",82,"fourfold","Prevotella",0.52,0.47,0.57,47,57,45056,TRUE,TRUE,TRUE,FALSE,TRUE,TRUE,TRUE,"ok","ok","",""
"SchirmerM_2016","Schirmer 2016",82,"fourfold","Roseburia",0.985,0.98,0.99,98,99,40358,TRUE,TRUE,TRUE,FALSE,TRUE,TRUE,TRUE,"ok","ok","",""
"SchirmerM_2016","Schirmer 2016",82,"fourfold","Ruminococcaceae_unclassified",0.665,0.58,0.75,58,75,5716,TRUE,TRUE,TRUE,FALSE,TRUE,TRUE,TRUE,"ok","ok","",""
"SchirmerM_2016","Schirmer 2016",82,"fourfold","Ruminococcus",0.895,0.92,0.87,92,87,68470,TRUE,TRUE,TRUE,FALSE,TRUE,TRUE,TRUE,"ok","ok","",""
"SchirmerM_2016","Schirmer 2016",82,"fourfold","Streptococcus",0.835,0.75,0.92,75,92,7677,TRUE,TRUE,TRUE,FALSE,TRUE,TRUE,TRUE,"ok","ok","",""
"SchirmerM_2016","Schirmer 2016",83,"balanced","Agathobaculum",0.905,0.86,0.95,86,95,4265,TRUE,TRUE,TRUE,FALSE,TRUE,TRUE,TRUE,"ok","ok","",""
"SchirmerM_2016","Schirmer 2016",83,"balanced","Akkermansia",0.48,0.47,0.49,47,49,8463,TRUE,TRUE,TRUE,FALSE,TRUE,TRUE,TRUE,"ok","ok","",""
"SchirmerM_2016","Schirmer 2016",83,"balanced","Alistipes",0.965,0.97,0.96,97,96,29876,TRUE,TRUE,TRUE,FALSE,TRUE,TRUE,TRUE,"ok","ok","",""
"SchirmerM_2016","Schirmer 2016",83,"balanced","Anaerobutyricum",0.99,0.98,1,98,100,21880,TRUE,TRUE,TRUE,FALSE,TRUE,TRUE,TRUE,"ok","ok","",""
"SchirmerM_2016","Schirmer 2016",83,"balanced","Anaerostipes",0.995,1,0.99,100,99,24196,TRUE,TRUE,TRUE,FALSE,TRUE,TRUE,TRUE,"ok","ok","",""
"SchirmerM_2016","Schirmer 2016",83,"balanced","Bacteroides",1,1,1,100,100,60319,TRUE,TRUE,FALSE,TRUE,TRUE,TRUE,TRUE,"no_observed_zeros","ok","",""
"SchirmerM_2016","Schirmer 2016",83,"balanced","Barnesiella",0.81,0.83,0.79,83,79,7340,TRUE,TRUE,TRUE,FALSE,TRUE,TRUE,TRUE,"ok","ok","",""
"SchirmerM_2016","Schirmer 2016",83,"balanced","Bifidobacterium",0.975,0.99,0.96,99,96,134107,TRUE,TRUE,TRUE,FALSE,TRUE,TRUE,TRUE,"ok","ok","",""
"SchirmerM_2016","Schirmer 2016",83,"balanced","Blautia",1,1,1,100,100,23176,TRUE,TRUE,FALSE,TRUE,TRUE,TRUE,TRUE,"no_observed_zeros","ok","",""
"SchirmerM_2016","Schirmer 2016",83,"balanced","Collinsella",0.925,0.92,0.93,92,93,41081,TRUE,TRUE,TRUE,FALSE,TRUE,TRUE,TRUE,"ok","ok","",""
"SchirmerM_2016","Schirmer 2016",83,"balanced","Coprococcus",0.975,0.99,0.96,99,96,33626,TRUE,TRUE,TRUE,FALSE,TRUE,TRUE,TRUE,"ok","ok","",""
"SchirmerM_2016","Schirmer 2016",83,"balanced","Dialister",0.525,0.54,0.51,54,51,6036,TRUE,TRUE,TRUE,FALSE,TRUE,TRUE,TRUE,"ok","ok","",""
"SchirmerM_2016","Schirmer 2016",83,"balanced","Dorea",0.99,0.98,1,98,100,34496,TRUE,TRUE,TRUE,FALSE,TRUE,TRUE,TRUE,"ok","ok","",""
"SchirmerM_2016","Schirmer 2016",83,"balanced","Eubacterium",0.98,0.99,0.97,99,97,17623,TRUE,TRUE,TRUE,FALSE,TRUE,TRUE,TRUE,"ok","ok","",""
"SchirmerM_2016","Schirmer 2016",83,"balanced","Faecalibacterium",0.985,0.99,0.98,99,98,64201,TRUE,TRUE,TRUE,FALSE,TRUE,TRUE,TRUE,"ok","ok","",""
"SchirmerM_2016","Schirmer 2016",83,"balanced","Firmicutes_unclassified",0.83,0.84,0.82,84,82,5360,TRUE,TRUE,TRUE,FALSE,TRUE,TRUE,TRUE,"ok","ok","",""
"SchirmerM_2016","Schirmer 2016",83,"balanced","Fusicatenibacter",0.97,0.99,0.95,99,95,35835,TRUE,TRUE,TRUE,FALSE,TRUE,TRUE,TRUE,"ok","ok","",""
"SchirmerM_2016","Schirmer 2016",83,"balanced","Lachnospira",0.86,0.9,0.82,90,82,10383,TRUE,TRUE,TRUE,FALSE,TRUE,TRUE,TRUE,"ok","ok","",""
"SchirmerM_2016","Schirmer 2016",83,"balanced","Lachnospiraceae_unclassified",0.93,0.93,0.93,93,93,48829,TRUE,TRUE,TRUE,FALSE,TRUE,TRUE,TRUE,"ok","ok","",""
"SchirmerM_2016","Schirmer 2016",83,"balanced","Mediterraneibacter",0.97,0.97,0.97,97,97,25523,TRUE,TRUE,TRUE,FALSE,TRUE,TRUE,TRUE,"ok","ok","",""
"SchirmerM_2016","Schirmer 2016",83,"balanced","Methanobrevibacter",0.365,0.38,0.35,38,35,8615,TRUE,TRUE,TRUE,FALSE,TRUE,TRUE,TRUE,"ok","ok","",""
"SchirmerM_2016","Schirmer 2016",83,"balanced","Oscillibacter",0.83,0.82,0.84,82,84,4979,TRUE,TRUE,TRUE,FALSE,TRUE,TRUE,TRUE,"ok","ok","",""
"SchirmerM_2016","Schirmer 2016",83,"balanced","Parabacteroides",0.965,0.97,0.96,97,96,13501,TRUE,TRUE,TRUE,FALSE,TRUE,TRUE,TRUE,"ok","ok","",""
"SchirmerM_2016","Schirmer 2016",83,"balanced","Phascolarctobacterium",0.485,0.45,0.52,45,52,3679,TRUE,TRUE,TRUE,FALSE,TRUE,TRUE,TRUE,"ok","ok","",""
"SchirmerM_2016","Schirmer 2016",83,"balanced","Phocaeicola",1,1,1,100,100,45269,TRUE,TRUE,FALSE,TRUE,TRUE,TRUE,TRUE,"no_observed_zeros","ok","",""
"SchirmerM_2016","Schirmer 2016",83,"balanced","Prevotella",0.505,0.52,0.49,52,49,53251,TRUE,TRUE,TRUE,FALSE,TRUE,TRUE,TRUE,"ok","ok","",""
"SchirmerM_2016","Schirmer 2016",83,"balanced","Roseburia",0.99,0.99,0.99,99,99,48463,TRUE,TRUE,TRUE,FALSE,TRUE,TRUE,TRUE,"ok","ok","",""
"SchirmerM_2016","Schirmer 2016",83,"balanced","Ruminococcaceae_unclassified",0.69,0.7,0.68,70,68,5795,TRUE,TRUE,TRUE,FALSE,TRUE,TRUE,TRUE,"ok","ok","",""
"SchirmerM_2016","Schirmer 2016",83,"balanced","Ruminococcus",0.89,0.88,0.9,88,90,71998,TRUE,TRUE,TRUE,FALSE,TRUE,TRUE,TRUE,"ok","ok","",""
"SchirmerM_2016","Schirmer 2016",83,"balanced","Streptococcus",0.91,0.9,0.92,90,92,7819,TRUE,TRUE,TRUE,FALSE,TRUE,TRUE,TRUE,"ok","ok","",""
"SchirmerM_2016","Schirmer 2016",83,"fourfold","Agathobaculum",0.865,0.77,0.96,77,96,3565,TRUE,TRUE,TRUE,FALSE,TRUE,TRUE,TRUE,"ok","ok","",""
"SchirmerM_2016","Schirmer 2016",83,"fourfold","Akkermansia",0.455,0.43,0.48,43,48,8076,TRUE,TRUE,TRUE,FALSE,TRUE,TRUE,TRUE,"ok","ok","",""
"SchirmerM_2016","Schirmer 2016",83,"fourfold","Alistipes",0.95,0.95,0.95,95,95,26101,TRUE,TRUE,TRUE,FALSE,TRUE,TRUE,TRUE,"ok","ok","",""
"SchirmerM_2016","Schirmer 2016",83,"fourfold","Anaerobutyricum",0.99,0.98,1,98,100,18645,TRUE,TRUE,TRUE,FALSE,TRUE,TRUE,TRUE,"ok","ok","",""
"SchirmerM_2016","Schirmer 2016",83,"fourfold","Anaerostipes",0.99,0.99,0.99,99,99,23283,TRUE,TRUE,TRUE,FALSE,TRUE,TRUE,TRUE,"ok","ok","",""
"SchirmerM_2016","Schirmer 2016",83,"fourfold","Bacteroides",1,1,1,100,100,54374,TRUE,TRUE,FALSE,TRUE,TRUE,TRUE,TRUE,"no_observed_zeros","ok","",""
"SchirmerM_2016","Schirmer 2016",83,"fourfold","Barnesiella",0.8,0.8,0.8,80,80,6241,TRUE,TRUE,TRUE,FALSE,TRUE,TRUE,TRUE,"ok","ok","",""
"SchirmerM_2016","Schirmer 2016",83,"fourfold","Bifidobacterium",0.98,0.99,0.97,99,97,134249,TRUE,TRUE,TRUE,FALSE,TRUE,TRUE,TRUE,"ok","ok","",""
"SchirmerM_2016","Schirmer 2016",83,"fourfold","Blautia",1,1,1,100,100,22276,TRUE,TRUE,FALSE,TRUE,TRUE,TRUE,TRUE,"no_observed_zeros","ok","",""
"SchirmerM_2016","Schirmer 2016",83,"fourfold","Collinsella",0.925,0.91,0.94,91,94,39049,TRUE,TRUE,TRUE,FALSE,TRUE,TRUE,TRUE,"ok","ok","",""
"SchirmerM_2016","Schirmer 2016",83,"fourfold","Coprococcus",0.97,0.98,0.96,98,96,31051,TRUE,TRUE,TRUE,FALSE,TRUE,TRUE,TRUE,"ok","ok","",""
"SchirmerM_2016","Schirmer 2016",83,"fourfold","Dialister",0.525,0.55,0.5,55,50,4024,TRUE,TRUE,TRUE,FALSE,TRUE,TRUE,TRUE,"ok","ok","",""
"SchirmerM_2016","Schirmer 2016",83,"fourfold","Dorea",0.99,0.98,1,98,100,30058,TRUE,TRUE,TRUE,FALSE,TRUE,TRUE,TRUE,"ok","ok","",""
"SchirmerM_2016","Schirmer 2016",83,"fourfold","Eubacterium",0.985,0.98,0.99,98,99,14755,TRUE,TRUE,FALSE,TRUE,TRUE,TRUE,TRUE,"structural_absence_boundary_at_zero","ok","",""
"SchirmerM_2016","Schirmer 2016",83,"fourfold","Faecalibacterium",0.985,0.99,0.98,99,98,53794,TRUE,TRUE,TRUE,FALSE,TRUE,TRUE,TRUE,"ok","ok","",""
"SchirmerM_2016","Schirmer 2016",83,"fourfold","Firmicutes_unclassified",0.82,0.81,0.83,81,83,4218,TRUE,TRUE,TRUE,FALSE,TRUE,TRUE,TRUE,"ok","ok","",""
"SchirmerM_2016","Schirmer 2016",83,"fourfold","Fusicatenibacter",0.975,0.98,0.97,98,97,30160,TRUE,TRUE,TRUE,FALSE,TRUE,TRUE,TRUE,"ok","ok","",""
"SchirmerM_2016","Schirmer 2016",83,"fourfold","Lachnospira",0.83,0.84,0.82,84,82,9184,TRUE,TRUE,TRUE,FALSE,TRUE,TRUE,TRUE,"ok","ok","",""
"SchirmerM_2016","Schirmer 2016",83,"fourfold","Lachnospiraceae_unclassified",0.93,0.92,0.94,92,94,43386,TRUE,TRUE,TRUE,FALSE,TRUE,TRUE,TRUE,"ok","ok","",""
"SchirmerM_2016","Schirmer 2016",83,"fourfold","Mediterraneibacter",0.985,0.98,0.99,98,99,22696,TRUE,TRUE,TRUE,FALSE,TRUE,TRUE,TRUE,"ok","ok","",""
"SchirmerM_2016","Schirmer 2016",83,"fourfold","Methanobrevibacter",0.37,0.36,0.38,36,38,6703,TRUE,TRUE,TRUE,FALSE,TRUE,TRUE,TRUE,"ok","ok","",""
"SchirmerM_2016","Schirmer 2016",83,"fourfold","Oscillibacter",0.805,0.75,0.86,75,86,4144,TRUE,TRUE,TRUE,FALSE,TRUE,TRUE,TRUE,"ok","ok","",""
"SchirmerM_2016","Schirmer 2016",83,"fourfold","Parabacteroides",0.955,0.95,0.96,95,96,12828,TRUE,TRUE,TRUE,FALSE,TRUE,TRUE,TRUE,"ok","ok","",""
"SchirmerM_2016","Schirmer 2016",83,"fourfold","Phascolarctobacterium",0.49,0.41,0.57,41,57,3972,TRUE,TRUE,TRUE,FALSE,TRUE,TRUE,TRUE,"ok","ok","",""
"SchirmerM_2016","Schirmer 2016",83,"fourfold","Phocaeicola",1,1,1,100,100,39432,TRUE,TRUE,FALSE,TRUE,TRUE,TRUE,TRUE,"no_observed_zeros","ok","",""
"SchirmerM_2016","Schirmer 2016",83,"fourfold","Prevotella",0.505,0.51,0.5,51,50,66208,TRUE,TRUE,TRUE,FALSE,TRUE,TRUE,TRUE,"ok","ok","",""
"SchirmerM_2016","Schirmer 2016",83,"fourfold","Roseburia",0.98,0.97,0.99,97,99,41534,TRUE,TRUE,TRUE,FALSE,TRUE,TRUE,TRUE,"ok","ok","",""
"SchirmerM_2016","Schirmer 2016",83,"fourfold","Ruminococcaceae_unclassified",0.68,0.64,0.72,64,72,3511,TRUE,TRUE,TRUE,FALSE,TRUE,TRUE,TRUE,"ok","ok","",""
"SchirmerM_2016","Schirmer 2016",83,"fourfold","Ruminococcus",0.885,0.88,0.89,88,89,63641,TRUE,TRUE,TRUE,FALSE,TRUE,TRUE,TRUE,"ok","ok","",""
"SchirmerM_2016","Schirmer 2016",83,"fourfold","Streptococcus",0.89,0.85,0.93,85,93,7105,TRUE,TRUE,TRUE,FALSE,TRUE,TRUE,TRUE,"ok","ok","",""
"SchirmerM_2016","Schirmer 2016",84,"balanced","Agathobaculum",0.895,0.92,0.87,92,87,4137,TRUE,TRUE,TRUE,FALSE,TRUE,TRUE,TRUE,"ok","ok","",""
"SchirmerM_2016","Schirmer 2016",84,"balanced","Akkermansia",0.475,0.48,0.47,48,47,8608,TRUE,TRUE,TRUE,FALSE,TRUE,TRUE,TRUE,"ok","ok","",""
"SchirmerM_2016","Schirmer 2016",84,"balanced","Alistipes",0.945,0.94,0.95,94,95,28241,TRUE,TRUE,TRUE,FALSE,TRUE,TRUE,TRUE,"ok","ok","",""
"SchirmerM_2016","Schirmer 2016",84,"balanced","Anaerobutyricum",0.99,0.99,0.99,99,99,21647,TRUE,TRUE,TRUE,FALSE,TRUE,TRUE,TRUE,"ok","ok","",""
"SchirmerM_2016","Schirmer 2016",84,"balanced","Anaerostipes",0.995,1,0.99,100,99,24481,TRUE,TRUE,TRUE,FALSE,TRUE,TRUE,TRUE,"ok","ok","",""
"SchirmerM_2016","Schirmer 2016",84,"balanced","Bacteroides",1,1,1,100,100,59675,TRUE,TRUE,FALSE,TRUE,TRUE,TRUE,TRUE,"no_observed_zeros","ok","",""
"SchirmerM_2016","Schirmer 2016",84,"balanced","Barnesiella",0.815,0.83,0.8,83,80,6572,TRUE,TRUE,TRUE,FALSE,TRUE,TRUE,TRUE,"ok","ok","",""
"SchirmerM_2016","Schirmer 2016",84,"balanced","Bifidobacterium",0.98,0.98,0.98,98,98,130434,TRUE,TRUE,TRUE,FALSE,TRUE,TRUE,TRUE,"ok","ok","",""
"SchirmerM_2016","Schirmer 2016",84,"balanced","Blautia",1,1,1,100,100,23410,TRUE,TRUE,FALSE,TRUE,TRUE,TRUE,TRUE,"no_observed_zeros","ok","",""
"SchirmerM_2016","Schirmer 2016",84,"balanced","Collinsella",0.94,0.97,0.91,97,91,40381,TRUE,TRUE,TRUE,FALSE,TRUE,TRUE,TRUE,"ok","ok","",""
"SchirmerM_2016","Schirmer 2016",84,"balanced","Coprococcus",0.975,0.97,0.98,97,98,33591,TRUE,TRUE,TRUE,FALSE,TRUE,TRUE,TRUE,"ok","ok","",""
"SchirmerM_2016","Schirmer 2016",84,"balanced","Dialister",0.54,0.58,0.5,58,50,4404,TRUE,TRUE,TRUE,FALSE,TRUE,TRUE,TRUE,"ok","ok","",""
"SchirmerM_2016","Schirmer 2016",84,"balanced","Dorea",0.99,1,0.98,100,98,33444,TRUE,TRUE,TRUE,FALSE,TRUE,TRUE,TRUE,"ok","ok","",""
"SchirmerM_2016","Schirmer 2016",84,"balanced","Eubacterium",0.98,0.98,0.98,98,98,16095,TRUE,TRUE,TRUE,FALSE,TRUE,TRUE,TRUE,"ok","ok","",""
"SchirmerM_2016","Schirmer 2016",84,"balanced","Faecalibacterium",0.985,0.99,0.98,99,98,59707,TRUE,TRUE,TRUE,FALSE,TRUE,TRUE,TRUE,"ok","ok","",""
"SchirmerM_2016","Schirmer 2016",84,"balanced","Firmicutes_unclassified",0.86,0.84,0.88,84,88,5015,TRUE,TRUE,TRUE,FALSE,TRUE,TRUE,TRUE,"ok","ok","",""
"SchirmerM_2016","Schirmer 2016",84,"balanced","Fusicatenibacter",0.97,0.97,0.97,97,97,33396,TRUE,TRUE,TRUE,FALSE,TRUE,TRUE,TRUE,"ok","ok","",""
"SchirmerM_2016","Schirmer 2016",84,"balanced","Lachnospira",0.855,0.85,0.86,85,86,10004,TRUE,TRUE,TRUE,FALSE,TRUE,TRUE,TRUE,"ok","ok","",""
"SchirmerM_2016","Schirmer 2016",84,"balanced","Lachnospiraceae_unclassified",0.925,0.92,0.93,92,93,43662,TRUE,TRUE,TRUE,FALSE,TRUE,TRUE,TRUE,"ok","ok","",""
"SchirmerM_2016","Schirmer 2016",84,"balanced","Mediterraneibacter",0.985,0.98,0.99,98,99,25646,TRUE,TRUE,TRUE,FALSE,TRUE,TRUE,TRUE,"ok","ok","",""
"SchirmerM_2016","Schirmer 2016",84,"balanced","Methanobrevibacter",0.39,0.39,0.39,39,39,8099,TRUE,TRUE,TRUE,FALSE,TRUE,TRUE,TRUE,"ok","ok","",""
"SchirmerM_2016","Schirmer 2016",84,"balanced","Oscillibacter",0.81,0.85,0.77,85,77,4476,TRUE,TRUE,TRUE,FALSE,TRUE,TRUE,TRUE,"ok","ok","",""
"SchirmerM_2016","Schirmer 2016",84,"balanced","Parabacteroides",0.95,0.97,0.93,97,93,13089,TRUE,TRUE,TRUE,FALSE,TRUE,TRUE,TRUE,"ok","ok","",""
"SchirmerM_2016","Schirmer 2016",84,"balanced","Phascolarctobacterium",0.505,0.5,0.51,50,51,3581,TRUE,TRUE,TRUE,FALSE,TRUE,TRUE,TRUE,"ok","ok","",""
"SchirmerM_2016","Schirmer 2016",84,"balanced","Phocaeicola",1,1,1,100,100,45265,TRUE,TRUE,FALSE,TRUE,TRUE,TRUE,TRUE,"no_observed_zeros","ok","",""
"SchirmerM_2016","Schirmer 2016",84,"balanced","Prevotella",0.5,0.52,0.48,52,48,48995,TRUE,TRUE,TRUE,FALSE,TRUE,TRUE,TRUE,"ok","ok","",""
"SchirmerM_2016","Schirmer 2016",84,"balanced","Roseburia",0.99,1,0.98,100,98,45183,TRUE,TRUE,TRUE,FALSE,TRUE,TRUE,TRUE,"ok","ok","",""
"SchirmerM_2016","Schirmer 2016",84,"balanced","Ruminococcaceae_unclassified",0.685,0.66,0.71,66,71,5711,TRUE,TRUE,TRUE,FALSE,TRUE,TRUE,TRUE,"ok","ok","",""
"SchirmerM_2016","Schirmer 2016",84,"balanced","Ruminococcus",0.905,0.88,0.93,88,93,69412,TRUE,TRUE,TRUE,FALSE,TRUE,TRUE,TRUE,"ok","ok","",""
"SchirmerM_2016","Schirmer 2016",84,"balanced","Streptococcus",0.91,0.9,0.92,90,92,7250,TRUE,TRUE,TRUE,FALSE,TRUE,TRUE,TRUE,"ok","ok","",""
"SchirmerM_2016","Schirmer 2016",84,"fourfold","Agathobaculum",0.86,0.83,0.89,83,89,3705,TRUE,TRUE,TRUE,FALSE,TRUE,TRUE,TRUE,"ok","ok","",""
"SchirmerM_2016","Schirmer 2016",84,"fourfold","Akkermansia",0.46,0.44,0.48,44,48,6299,TRUE,TRUE,TRUE,FALSE,TRUE,TRUE,TRUE,"ok","ok","",""
"SchirmerM_2016","Schirmer 2016",84,"fourfold","Alistipes",0.96,0.96,0.96,96,96,27521,TRUE,TRUE,TRUE,FALSE,TRUE,TRUE,TRUE,"ok","ok","",""
"SchirmerM_2016","Schirmer 2016",84,"fourfold","Anaerobutyricum",0.99,0.99,0.99,99,99,19328,TRUE,TRUE,TRUE,FALSE,TRUE,TRUE,TRUE,"ok","ok","",""
"SchirmerM_2016","Schirmer 2016",84,"fourfold","Anaerostipes",0.99,0.99,0.99,99,99,24677,TRUE,TRUE,TRUE,FALSE,TRUE,TRUE,TRUE,"ok","ok","",""
"SchirmerM_2016","Schirmer 2016",84,"fourfold","Bacteroides",0.995,0.99,1,99,100,55471,TRUE,TRUE,TRUE,FALSE,TRUE,TRUE,TRUE,"ok","ok","",""
"SchirmerM_2016","Schirmer 2016",84,"fourfold","Barnesiella",0.805,0.81,0.8,81,80,6265,TRUE,TRUE,TRUE,FALSE,TRUE,TRUE,TRUE,"ok","ok","",""
"SchirmerM_2016","Schirmer 2016",84,"fourfold","Bifidobacterium",0.985,0.98,0.99,98,99,121233,TRUE,TRUE,TRUE,FALSE,TRUE,TRUE,TRUE,"ok","ok","",""
"SchirmerM_2016","Schirmer 2016",84,"fourfold","Blautia",0.995,0.99,1,99,100,23142,TRUE,TRUE,FALSE,TRUE,TRUE,TRUE,TRUE,"structural_absence_boundary_at_zero","ok","",""
"SchirmerM_2016","Schirmer 2016",84,"fourfold","Collinsella",0.925,0.94,0.91,94,91,38569,TRUE,TRUE,TRUE,FALSE,TRUE,TRUE,TRUE,"ok","ok","",""
"SchirmerM_2016","Schirmer 2016",84,"fourfold","Coprococcus",0.97,0.96,0.98,96,98,28936,TRUE,TRUE,TRUE,FALSE,TRUE,TRUE,TRUE,"ok","ok","",""
"SchirmerM_2016","Schirmer 2016",84,"fourfold","Dialister",0.51,0.5,0.52,50,52,3758,TRUE,TRUE,TRUE,FALSE,TRUE,TRUE,TRUE,"ok","ok","",""
"SchirmerM_2016","Schirmer 2016",84,"fourfold","Dorea",0.995,1,0.99,100,99,30680,TRUE,TRUE,TRUE,FALSE,TRUE,TRUE,TRUE,"ok","ok","",""
"SchirmerM_2016","Schirmer 2016",84,"fourfold","Eubacterium",0.98,0.97,0.99,97,99,17569,TRUE,TRUE,TRUE,FALSE,TRUE,TRUE,TRUE,"ok","ok","",""
"SchirmerM_2016","Schirmer 2016",84,"fourfold","Faecalibacterium",0.985,0.99,0.98,99,98,55817,TRUE,TRUE,TRUE,FALSE,TRUE,TRUE,TRUE,"ok","ok","",""
"SchirmerM_2016","Schirmer 2016",84,"fourfold","Firmicutes_unclassified",0.82,0.74,0.9,74,90,5827,TRUE,TRUE,TRUE,FALSE,TRUE,TRUE,TRUE,"ok","ok","",""
"SchirmerM_2016","Schirmer 2016",84,"fourfold","Fusicatenibacter",0.965,0.96,0.97,96,97,30128,TRUE,TRUE,TRUE,FALSE,TRUE,TRUE,TRUE,"ok","ok","",""
"SchirmerM_2016","Schirmer 2016",84,"fourfold","Lachnospira",0.82,0.78,0.86,78,86,8772,TRUE,TRUE,TRUE,FALSE,TRUE,TRUE,TRUE,"ok","ok","",""
"SchirmerM_2016","Schirmer 2016",84,"fourfold","Lachnospiraceae_unclassified",0.915,0.88,0.95,88,95,46339,TRUE,TRUE,TRUE,FALSE,TRUE,TRUE,TRUE,"ok","ok","",""
"SchirmerM_2016","Schirmer 2016",84,"fourfold","Mediterraneibacter",0.98,0.97,0.99,97,99,25466,TRUE,TRUE,TRUE,FALSE,TRUE,TRUE,TRUE,"ok","ok","",""
"SchirmerM_2016","Schirmer 2016",84,"fourfold","Methanobrevibacter",0.375,0.36,0.39,36,39,7430,TRUE,TRUE,TRUE,FALSE,TRUE,TRUE,TRUE,"ok","ok","",""
"SchirmerM_2016","Schirmer 2016",84,"fourfold","Oscillibacter",0.805,0.8,0.81,80,81,4234,TRUE,TRUE,TRUE,FALSE,TRUE,TRUE,TRUE,"ok","ok","",""
"SchirmerM_2016","Schirmer 2016",84,"fourfold","Parabacteroides",0.955,0.95,0.96,95,96,13833,TRUE,TRUE,TRUE,FALSE,TRUE,TRUE,TRUE,"ok","ok","",""
"SchirmerM_2016","Schirmer 2016",84,"fourfold","Phascolarctobacterium",0.495,0.45,0.54,45,54,4122,TRUE,TRUE,TRUE,FALSE,TRUE,TRUE,TRUE,"ok","ok","",""
"SchirmerM_2016","Schirmer 2016",84,"fourfold","Phocaeicola",0.99,0.98,1,98,100,42257,TRUE,TRUE,TRUE,FALSE,TRUE,TRUE,TRUE,"ok","ok","",""
"SchirmerM_2016","Schirmer 2016",84,"fourfold","Prevotella",0.495,0.51,0.48,51,48,54736,TRUE,TRUE,TRUE,FALSE,TRUE,TRUE,TRUE,"ok","ok","",""
"SchirmerM_2016","Schirmer 2016",84,"fourfold","Roseburia",0.985,0.99,0.98,99,98,39979,TRUE,TRUE,TRUE,FALSE,TRUE,TRUE,TRUE,"ok","ok","",""
"SchirmerM_2016","Schirmer 2016",84,"fourfold","Ruminococcaceae_unclassified",0.655,0.54,0.77,54,77,9473,TRUE,TRUE,TRUE,FALSE,TRUE,TRUE,TRUE,"ok","ok","",""
"SchirmerM_2016","Schirmer 2016",84,"fourfold","Ruminococcus",0.895,0.87,0.92,87,92,67665,TRUE,TRUE,TRUE,FALSE,TRUE,TRUE,TRUE,"ok","ok","",""
"SchirmerM_2016","Schirmer 2016",84,"fourfold","Streptococcus",0.885,0.83,0.94,83,94,7737,TRUE,TRUE,TRUE,FALSE,TRUE,TRUE,TRUE,"ok","ok","",""
"SchirmerM_2016","Schirmer 2016",85,"balanced","Agathobaculum",0.915,0.94,0.89,94,89,3907,TRUE,TRUE,TRUE,FALSE,TRUE,TRUE,TRUE,"ok","ok","",""
"SchirmerM_2016","Schirmer 2016",85,"balanced","Akkermansia",0.475,0.47,0.48,47,48,7809,TRUE,TRUE,TRUE,FALSE,TRUE,TRUE,TRUE,"ok","ok","",""
"SchirmerM_2016","Schirmer 2016",85,"balanced","Alistipes",0.955,0.96,0.95,96,95,26692,TRUE,TRUE,TRUE,FALSE,TRUE,TRUE,TRUE,"ok","ok","",""
"SchirmerM_2016","Schirmer 2016",85,"balanced","Anaerobutyricum",0.99,0.98,1,98,100,20123,TRUE,TRUE,TRUE,FALSE,TRUE,TRUE,TRUE,"ok","ok","",""
"SchirmerM_2016","Schirmer 2016",85,"balanced","Anaerostipes",0.995,1,0.99,100,99,24087,TRUE,TRUE,TRUE,FALSE,TRUE,TRUE,TRUE,"ok","ok","",""
"SchirmerM_2016","Schirmer 2016",85,"balanced","Bacteroides",1,1,1,100,100,56437,TRUE,TRUE,FALSE,TRUE,TRUE,TRUE,TRUE,"no_observed_zeros","ok","",""
"SchirmerM_2016","Schirmer 2016",85,"balanced","Barnesiella",0.8,0.78,0.82,78,82,5932,TRUE,TRUE,TRUE,FALSE,TRUE,TRUE,TRUE,"ok","ok","",""
"SchirmerM_2016","Schirmer 2016",85,"balanced","Bifidobacterium",0.975,0.98,0.97,98,97,129219,TRUE,TRUE,TRUE,FALSE,TRUE,TRUE,TRUE,"ok","ok","",""
"SchirmerM_2016","Schirmer 2016",85,"balanced","Blautia",1,1,1,100,100,22905,TRUE,TRUE,FALSE,TRUE,TRUE,TRUE,TRUE,"no_observed_zeros","ok","",""
"SchirmerM_2016","Schirmer 2016",85,"balanced","Collinsella",0.945,0.97,0.92,97,92,37952,TRUE,TRUE,TRUE,FALSE,TRUE,TRUE,TRUE,"ok","ok","",""
"SchirmerM_2016","Schirmer 2016",85,"balanced","Coprococcus",0.975,0.99,0.96,99,96,32296,TRUE,TRUE,TRUE,FALSE,TRUE,TRUE,TRUE,"ok","ok","",""
"SchirmerM_2016","Schirmer 2016",85,"balanced","Dialister",0.53,0.51,0.55,51,55,4760,TRUE,TRUE,TRUE,FALSE,TRUE,TRUE,TRUE,"ok","ok","",""
"SchirmerM_2016","Schirmer 2016",85,"balanced","Dorea",0.99,1,0.98,100,98,31830,TRUE,TRUE,TRUE,FALSE,TRUE,TRUE,TRUE,"ok","ok","",""
"SchirmerM_2016","Schirmer 2016",85,"balanced","Eubacterium",0.975,0.98,0.97,98,97,16584,TRUE,TRUE,TRUE,FALSE,TRUE,TRUE,TRUE,"ok","ok","",""
"SchirmerM_2016","Schirmer 2016",85,"balanced","Faecalibacterium",0.985,1,0.97,100,97,59264,TRUE,TRUE,TRUE,FALSE,TRUE,TRUE,TRUE,"ok","ok","",""
"SchirmerM_2016","Schirmer 2016",85,"balanced","Firmicutes_unclassified",0.845,0.82,0.87,82,87,4840,TRUE,TRUE,TRUE,FALSE,TRUE,TRUE,TRUE,"ok","ok","",""
"SchirmerM_2016","Schirmer 2016",85,"balanced","Fusicatenibacter",0.975,0.98,0.97,98,97,33759,TRUE,TRUE,TRUE,FALSE,TRUE,TRUE,TRUE,"ok","ok","",""
"SchirmerM_2016","Schirmer 2016",85,"balanced","Lachnospira",0.865,0.9,0.83,90,83,10411,TRUE,TRUE,TRUE,FALSE,TRUE,TRUE,TRUE,"ok","ok","",""
"SchirmerM_2016","Schirmer 2016",85,"balanced","Lachnospiraceae_unclassified",0.935,0.95,0.92,95,92,45119,TRUE,TRUE,TRUE,FALSE,TRUE,TRUE,TRUE,"ok","ok","",""
"SchirmerM_2016","Schirmer 2016",85,"balanced","Mediterraneibacter",0.99,1,0.98,100,98,25493,TRUE,TRUE,TRUE,FALSE,TRUE,TRUE,TRUE,"ok","ok","",""
"SchirmerM_2016","Schirmer 2016",85,"balanced","Methanobrevibacter",0.375,0.34,0.41,34,41,7737,TRUE,TRUE,TRUE,FALSE,TRUE,TRUE,TRUE,"ok","ok","",""
"SchirmerM_2016","Schirmer 2016",85,"balanced","Oscillibacter",0.815,0.89,0.74,89,74,4218,TRUE,TRUE,TRUE,FALSE,TRUE,TRUE,TRUE,"ok","ok","",""
"SchirmerM_2016","Schirmer 2016",85,"balanced","Parabacteroides",0.95,0.95,0.95,95,95,13261,TRUE,TRUE,TRUE,FALSE,TRUE,TRUE,TRUE,"ok","ok","",""
"SchirmerM_2016","Schirmer 2016",85,"balanced","Phascolarctobacterium",0.485,0.49,0.48,49,48,3510,TRUE,TRUE,TRUE,FALSE,TRUE,TRUE,TRUE,"ok","ok","",""
"SchirmerM_2016","Schirmer 2016",85,"balanced","Phocaeicola",1,1,1,100,100,42482,TRUE,TRUE,FALSE,TRUE,TRUE,TRUE,TRUE,"no_observed_zeros","ok","",""
"SchirmerM_2016","Schirmer 2016",85,"balanced","Prevotella",0.51,0.55,0.47,55,47,49070,TRUE,TRUE,TRUE,FALSE,TRUE,TRUE,TRUE,"ok","ok","",""
"SchirmerM_2016","Schirmer 2016",85,"balanced","Roseburia",1,1,1,100,100,46323,TRUE,TRUE,FALSE,TRUE,TRUE,TRUE,TRUE,"no_observed_zeros","ok","",""
"SchirmerM_2016","Schirmer 2016",85,"balanced","Ruminococcaceae_unclassified",0.69,0.74,0.64,74,64,5539,TRUE,TRUE,TRUE,FALSE,TRUE,TRUE,TRUE,"ok","ok","",""
"SchirmerM_2016","Schirmer 2016",85,"balanced","Ruminococcus",0.9,0.91,0.89,91,89,68518,TRUE,TRUE,TRUE,FALSE,TRUE,TRUE,TRUE,"ok","ok","",""
"SchirmerM_2016","Schirmer 2016",85,"balanced","Streptococcus",0.92,0.95,0.89,95,89,6986,TRUE,TRUE,TRUE,FALSE,TRUE,TRUE,TRUE,"ok","ok","",""
"SchirmerM_2016","Schirmer 2016",85,"fourfold","Agathobaculum",0.87,0.82,0.92,82,92,3701,TRUE,TRUE,TRUE,FALSE,TRUE,TRUE,TRUE,"ok","ok","",""
"SchirmerM_2016","Schirmer 2016",85,"fourfold","Akkermansia",0.455,0.41,0.5,41,50,8185,TRUE,TRUE,TRUE,FALSE,TRUE,TRUE,TRUE,"ok","ok","",""
"SchirmerM_2016","Schirmer 2016",85,"fourfold","Alistipes",0.945,0.94,0.95,94,95,25975,TRUE,TRUE,TRUE,FALSE,TRUE,TRUE,TRUE,"ok","ok","",""
"SchirmerM_2016","Schirmer 2016",85,"fourfold","Anaerobutyricum",0.99,0.98,1,98,100,18427,TRUE,TRUE,TRUE,FALSE,TRUE,TRUE,TRUE,"ok","ok","",""
"SchirmerM_2016","Schirmer 2016",85,"fourfold","Anaerostipes",0.995,1,0.99,100,99,21402,TRUE,TRUE,TRUE,FALSE,TRUE,TRUE,TRUE,"ok","ok","",""
"SchirmerM_2016","Schirmer 2016",85,"fourfold","Bacteroides",1,1,1,100,100,52351,TRUE,TRUE,FALSE,TRUE,TRUE,TRUE,TRUE,"no_observed_zeros","ok","",""
"SchirmerM_2016","Schirmer 2016",85,"fourfold","Barnesiella",0.8,0.76,0.84,76,84,7376,TRUE,TRUE,TRUE,FALSE,TRUE,TRUE,TRUE,"ok","ok","",""
"SchirmerM_2016","Schirmer 2016",85,"fourfold","Bifidobacterium",0.975,0.98,0.97,98,97,111721,TRUE,TRUE,TRUE,FALSE,TRUE,TRUE,TRUE,"ok","ok","",""
"SchirmerM_2016","Schirmer 2016",85,"fourfold","Blautia",1,1,1,100,100,22053,TRUE,TRUE,FALSE,TRUE,TRUE,TRUE,TRUE,"no_observed_zeros","ok","",""
"SchirmerM_2016","Schirmer 2016",85,"fourfold","Collinsella",0.925,0.93,0.92,93,92,34026,TRUE,TRUE,TRUE,FALSE,TRUE,TRUE,TRUE,"ok","ok","",""
"SchirmerM_2016","Schirmer 2016",85,"fourfold","Coprococcus",0.975,0.99,0.96,99,96,28628,TRUE,TRUE,TRUE,FALSE,TRUE,TRUE,TRUE,"ok","ok","",""
"SchirmerM_2016","Schirmer 2016",85,"fourfold","Dialister",0.515,0.48,0.55,48,55,5021,TRUE,TRUE,TRUE,FALSE,TRUE,TRUE,TRUE,"ok","ok","",""
"SchirmerM_2016","Schirmer 2016",85,"fourfold","Dorea",0.99,1,0.98,100,98,29791,TRUE,TRUE,TRUE,FALSE,TRUE,TRUE,TRUE,"ok","ok","",""
"SchirmerM_2016","Schirmer 2016",85,"fourfold","Eubacterium",0.97,0.96,0.98,96,98,14917,TRUE,TRUE,TRUE,FALSE,TRUE,TRUE,TRUE,"ok","ok","",""
"SchirmerM_2016","Schirmer 2016",85,"fourfold","Faecalibacterium",0.985,1,0.97,100,97,50129,TRUE,TRUE,TRUE,FALSE,TRUE,TRUE,TRUE,"ok","ok","",""
"SchirmerM_2016","Schirmer 2016",85,"fourfold","Firmicutes_unclassified",0.825,0.75,0.9,75,90,4567,TRUE,TRUE,TRUE,FALSE,TRUE,TRUE,TRUE,"ok","ok","",""
"SchirmerM_2016","Schirmer 2016",85,"fourfold","Fusicatenibacter",0.97,0.97,0.97,97,97,26940,TRUE,TRUE,TRUE,FALSE,TRUE,TRUE,TRUE,"ok","ok","",""
"SchirmerM_2016","Schirmer 2016",85,"fourfold","Lachnospira",0.835,0.85,0.82,85,82,9383,TRUE,TRUE,TRUE,FALSE,TRUE,TRUE,TRUE,"ok","ok","",""
"SchirmerM_2016","Schirmer 2016",85,"fourfold","Lachnospiraceae_unclassified",0.9,0.89,0.91,89,91,36083,TRUE,TRUE,TRUE,FALSE,TRUE,TRUE,TRUE,"ok","ok","",""
"SchirmerM_2016","Schirmer 2016",85,"fourfold","Mediterraneibacter",0.985,0.98,0.99,98,99,23809,TRUE,TRUE,TRUE,FALSE,TRUE,TRUE,TRUE,"ok","ok","",""
"SchirmerM_2016","Schirmer 2016",85,"fourfold","Methanobrevibacter",0.37,0.33,0.41,33,41,8564,TRUE,TRUE,TRUE,FALSE,TRUE,TRUE,TRUE,"ok","ok","",""
"SchirmerM_2016","Schirmer 2016",85,"fourfold","Oscillibacter",0.795,0.83,0.76,83,76,4028,TRUE,TRUE,TRUE,FALSE,TRUE,TRUE,TRUE,"ok","ok","",""
"SchirmerM_2016","Schirmer 2016",85,"fourfold","Parabacteroides",0.945,0.94,0.95,94,95,13246,TRUE,TRUE,TRUE,FALSE,TRUE,TRUE,TRUE,"ok","ok","",""
"SchirmerM_2016","Schirmer 2016",85,"fourfold","Phascolarctobacterium",0.47,0.46,0.48,46,48,3377,TRUE,TRUE,TRUE,FALSE,TRUE,TRUE,TRUE,"ok","ok","",""
"SchirmerM_2016","Schirmer 2016",85,"fourfold","Phocaeicola",1,1,1,100,100,43325,TRUE,TRUE,FALSE,TRUE,TRUE,TRUE,TRUE,"no_observed_zeros","ok","",""
"SchirmerM_2016","Schirmer 2016",85,"fourfold","Prevotella",0.505,0.52,0.49,52,49,51775,TRUE,TRUE,TRUE,FALSE,TRUE,TRUE,TRUE,"ok","ok","",""
"SchirmerM_2016","Schirmer 2016",85,"fourfold","Roseburia",0.98,0.98,0.98,98,98,39278,TRUE,TRUE,TRUE,FALSE,TRUE,TRUE,TRUE,"ok","ok","",""
"SchirmerM_2016","Schirmer 2016",85,"fourfold","Ruminococcaceae_unclassified",0.66,0.6,0.72,60,72,5283,TRUE,TRUE,TRUE,FALSE,TRUE,TRUE,TRUE,"ok","ok","",""
"SchirmerM_2016","Schirmer 2016",85,"fourfold","Ruminococcus",0.905,0.92,0.89,92,89,66771,TRUE,TRUE,TRUE,FALSE,TRUE,TRUE,TRUE,"ok","ok","",""
"SchirmerM_2016","Schirmer 2016",85,"fourfold","Streptococcus",0.9,0.89,0.91,89,91,7390,TRUE,TRUE,TRUE,FALSE,TRUE,TRUE,TRUE,"ok","ok","",""
"SchirmerM_2016","Schirmer 2016",86,"balanced","Agathobaculum",0.895,0.92,0.87,92,87,3881,TRUE,TRUE,TRUE,FALSE,TRUE,TRUE,TRUE,"ok","ok","",""
"SchirmerM_2016","Schirmer 2016",86,"balanced","Akkermansia",0.475,0.5,0.45,50,45,9959,TRUE,TRUE,TRUE,FALSE,TRUE,TRUE,TRUE,"ok","ok","",""
"SchirmerM_2016","Schirmer 2016",86,"balanced","Alistipes",0.96,0.95,0.97,95,97,27675,TRUE,TRUE,TRUE,FALSE,TRUE,TRUE,TRUE,"ok","ok","",""
"SchirmerM_2016","Schirmer 2016",86,"balanced","Anaerobutyricum",0.985,0.97,1,97,100,20599,TRUE,TRUE,TRUE,FALSE,TRUE,TRUE,TRUE,"ok","ok","",""
"SchirmerM_2016","Schirmer 2016",86,"balanced","Anaerostipes",0.99,0.99,0.99,99,99,23337,TRUE,TRUE,TRUE,FALSE,TRUE,TRUE,TRUE,"ok","ok","",""
"SchirmerM_2016","Schirmer 2016",86,"balanced","Bacteroides",0.995,0.99,1,99,100,56305,TRUE,TRUE,TRUE,FALSE,TRUE,TRUE,TRUE,"ok","ok","",""
"SchirmerM_2016","Schirmer 2016",86,"balanced","Barnesiella",0.815,0.85,0.78,85,78,6996,TRUE,TRUE,TRUE,FALSE,TRUE,TRUE,TRUE,"ok","ok","",""
"SchirmerM_2016","Schirmer 2016",86,"balanced","Bifidobacterium",0.98,0.97,0.99,97,99,125327,TRUE,TRUE,TRUE,FALSE,TRUE,TRUE,TRUE,"ok","ok","",""
"SchirmerM_2016","Schirmer 2016",86,"balanced","Blautia",1,1,1,100,100,21022,TRUE,TRUE,FALSE,TRUE,TRUE,TRUE,TRUE,"no_observed_zeros","ok","",""
"SchirmerM_2016","Schirmer 2016",86,"balanced","Collinsella",0.91,0.88,0.94,88,94,39083,TRUE,TRUE,TRUE,FALSE,TRUE,TRUE,TRUE,"ok","ok","",""
"SchirmerM_2016","Schirmer 2016",86,"balanced","Coprococcus",0.97,0.99,0.95,99,95,33911,TRUE,TRUE,TRUE,FALSE,TRUE,TRUE,TRUE,"ok","ok","",""
"SchirmerM_2016","Schirmer 2016",86,"balanced","Dialister",0.55,0.58,0.52,58,52,4819,TRUE,TRUE,TRUE,FALSE,TRUE,TRUE,TRUE,"ok","ok","",""
"SchirmerM_2016","Schirmer 2016",86,"balanced","Dorea",0.99,1,0.98,100,98,32853,TRUE,TRUE,TRUE,FALSE,TRUE,TRUE,TRUE,"ok","ok","",""
"SchirmerM_2016","Schirmer 2016",86,"balanced","Eubacterium",0.985,0.98,0.99,98,99,16689,TRUE,TRUE,TRUE,FALSE,TRUE,TRUE,TRUE,"ok","ok","",""
"SchirmerM_2016","Schirmer 2016",86,"balanced","Faecalibacterium",0.985,0.98,0.99,98,99,58854,TRUE,TRUE,TRUE,FALSE,TRUE,TRUE,TRUE,"ok","ok","",""
"SchirmerM_2016","Schirmer 2016",86,"balanced","Firmicutes_unclassified",0.845,0.83,0.86,83,86,5406,TRUE,TRUE,TRUE,FALSE,TRUE,TRUE,TRUE,"ok","ok","",""
"SchirmerM_2016","Schirmer 2016",86,"balanced","Fusicatenibacter",0.975,0.97,0.98,97,98,32797,TRUE,TRUE,TRUE,FALSE,TRUE,TRUE,TRUE,"ok","ok","",""
"SchirmerM_2016","Schirmer 2016",86,"balanced","Lachnospira",0.875,0.84,0.91,84,91,10586,TRUE,TRUE,TRUE,FALSE,TRUE,TRUE,TRUE,"ok","ok","",""
"SchirmerM_2016","Schirmer 2016",86,"balanced","Lachnospiraceae_unclassified",0.92,0.91,0.93,91,93,44069,TRUE,TRUE,TRUE,FALSE,TRUE,TRUE,TRUE,"ok","ok","",""
"SchirmerM_2016","Schirmer 2016",86,"balanced","Mediterraneibacter",0.98,0.97,0.99,97,99,26968,TRUE,TRUE,TRUE,FALSE,TRUE,TRUE,TRUE,"ok","ok","",""
"SchirmerM_2016","Schirmer 2016",86,"balanced","Methanobrevibacter",0.365,0.37,0.36,37,36,8501,TRUE,TRUE,TRUE,FALSE,TRUE,TRUE,TRUE,"ok","ok","",""
"SchirmerM_2016","Schirmer 2016",86,"balanced","Oscillibacter",0.805,0.79,0.82,79,82,4646,TRUE,TRUE,TRUE,FALSE,TRUE,TRUE,TRUE,"ok","ok","",""
"SchirmerM_2016","Schirmer 2016",86,"balanced","Parabacteroides",0.96,0.96,0.96,96,96,13556,TRUE,TRUE,TRUE,FALSE,TRUE,TRUE,TRUE,"ok","ok","",""
"SchirmerM_2016","Schirmer 2016",86,"balanced","Phascolarctobacterium",0.495,0.48,0.51,48,51,4222,TRUE,TRUE,TRUE,FALSE,TRUE,TRUE,TRUE,"ok","ok","",""
"SchirmerM_2016","Schirmer 2016",86,"balanced","Phocaeicola",0.995,0.99,1,99,100,44384,TRUE,TRUE,TRUE,FALSE,TRUE,TRUE,TRUE,"ok","ok","",""
"SchirmerM_2016","Schirmer 2016",86,"balanced","Prevotella",0.53,0.54,0.52,54,52,57788,TRUE,TRUE,TRUE,FALSE,TRUE,TRUE,TRUE,"ok","ok","",""
"SchirmerM_2016","Schirmer 2016",86,"balanced","Roseburia",0.985,0.99,0.98,99,98,44458,TRUE,TRUE,TRUE,FALSE,TRUE,TRUE,TRUE,"ok","ok","",""
"SchirmerM_2016","Schirmer 2016",86,"balanced","Ruminococcaceae_unclassified",0.69,0.66,0.72,66,72,5299,TRUE,TRUE,TRUE,FALSE,TRUE,TRUE,TRUE,"ok","ok","",""
"SchirmerM_2016","Schirmer 2016",86,"balanced","Ruminococcus",0.89,0.91,0.87,91,87,70737,TRUE,TRUE,TRUE,FALSE,TRUE,TRUE,TRUE,"ok","ok","",""
"SchirmerM_2016","Schirmer 2016",86,"balanced","Streptococcus",0.915,0.9,0.93,90,93,7585,TRUE,TRUE,TRUE,FALSE,TRUE,TRUE,TRUE,"ok","ok","",""
"SchirmerM_2016","Schirmer 2016",86,"fourfold","Agathobaculum",0.91,0.89,0.93,89,93,3565,TRUE,TRUE,TRUE,FALSE,TRUE,TRUE,TRUE,"ok","ok","",""
"SchirmerM_2016","Schirmer 2016",86,"fourfold","Akkermansia",0.45,0.44,0.46,44,46,10833,TRUE,TRUE,TRUE,FALSE,TRUE,TRUE,TRUE,"ok","ok","",""
"SchirmerM_2016","Schirmer 2016",86,"fourfold","Alistipes",0.95,0.92,0.98,92,98,26204,TRUE,TRUE,TRUE,FALSE,TRUE,TRUE,TRUE,"ok","ok","",""
"SchirmerM_2016","Schirmer 2016",86,"fourfold","Anaerobutyricum",0.99,0.98,1,98,100,18350,TRUE,TRUE,TRUE,FALSE,TRUE,TRUE,TRUE,"ok","ok","",""
"SchirmerM_2016","Schirmer 2016",86,"fourfold","Anaerostipes",0.99,0.98,1,98,100,22376,TRUE,TRUE,TRUE,FALSE,TRUE,TRUE,TRUE,"ok","ok","",""
"SchirmerM_2016","Schirmer 2016",86,"fourfold","Bacteroides",1,1,1,100,100,55083,TRUE,TRUE,FALSE,TRUE,TRUE,TRUE,TRUE,"no_observed_zeros","ok","",""
"SchirmerM_2016","Schirmer 2016",86,"fourfold","Barnesiella",0.8,0.81,0.79,81,79,5858,TRUE,TRUE,TRUE,FALSE,TRUE,TRUE,TRUE,"ok","ok","",""
"SchirmerM_2016","Schirmer 2016",86,"fourfold","Bifidobacterium",0.975,0.96,0.99,96,99,111393,TRUE,TRUE,TRUE,FALSE,TRUE,TRUE,TRUE,"ok","ok","",""
"SchirmerM_2016","Schirmer 2016",86,"fourfold","Blautia",1,1,1,100,100,19644,TRUE,TRUE,FALSE,TRUE,TRUE,TRUE,TRUE,"no_observed_zeros","ok","",""
"SchirmerM_2016","Schirmer 2016",86,"fourfold","Collinsella",0.91,0.88,0.94,88,94,33812,TRUE,TRUE,TRUE,FALSE,TRUE,TRUE,TRUE,"ok","ok","",""
"SchirmerM_2016","Schirmer 2016",86,"fourfold","Coprococcus",0.975,0.98,0.97,98,97,28302,TRUE,TRUE,TRUE,FALSE,TRUE,TRUE,TRUE,"ok","ok","",""
"SchirmerM_2016","Schirmer 2016",86,"fourfold","Dialister",0.495,0.48,0.51,48,51,4641,TRUE,TRUE,TRUE,FALSE,TRUE,TRUE,TRUE,"ok","ok","",""
"SchirmerM_2016","Schirmer 2016",86,"fourfold","Dorea",0.99,1,0.98,100,98,27103,TRUE,TRUE,TRUE,FALSE,TRUE,TRUE,TRUE,"ok","ok","",""
"SchirmerM_2016","Schirmer 2016",86,"fourfold","Eubacterium",0.965,0.95,0.98,95,98,14550,TRUE,TRUE,TRUE,FALSE,TRUE,TRUE,TRUE,"ok","ok","",""
"SchirmerM_2016","Schirmer 2016",86,"fourfold","Faecalibacterium",0.985,0.98,0.99,98,99,52398,TRUE,TRUE,TRUE,FALSE,TRUE,TRUE,TRUE,"ok","ok","",""
"SchirmerM_2016","Schirmer 2016",86,"fourfold","Firmicutes_unclassified",0.805,0.71,0.9,71,90,4596,TRUE,TRUE,TRUE,FALSE,TRUE,TRUE,TRUE,"ok","ok","",""
"SchirmerM_2016","Schirmer 2016",86,"fourfold","Fusicatenibacter",0.975,0.97,0.98,97,98,29308,TRUE,TRUE,TRUE,FALSE,TRUE,TRUE,TRUE,"ok","ok","",""
"SchirmerM_2016","Schirmer 2016",86,"fourfold","Lachnospira",0.83,0.76,0.9,76,90,9441,TRUE,TRUE,TRUE,FALSE,TRUE,TRUE,TRUE,"ok","ok","",""
"SchirmerM_2016","Schirmer 2016",86,"fourfold","Lachnospiraceae_unclassified",0.915,0.91,0.92,91,92,45427,TRUE,TRUE,TRUE,FALSE,TRUE,TRUE,TRUE,"ok","ok","",""
"SchirmerM_2016","Schirmer 2016",86,"fourfold","Mediterraneibacter",0.98,0.97,0.99,97,99,22528,TRUE,TRUE,TRUE,FALSE,TRUE,TRUE,TRUE,"ok","ok","",""
"SchirmerM_2016","Schirmer 2016",86,"fourfold","Methanobrevibacter",0.35,0.32,0.38,32,38,9548,TRUE,TRUE,TRUE,FALSE,TRUE,TRUE,TRUE,"ok","ok","",""
"SchirmerM_2016","Schirmer 2016",86,"fourfold","Oscillibacter",0.78,0.72,0.84,72,84,4323,TRUE,TRUE,TRUE,FALSE,TRUE,TRUE,TRUE,"ok","ok","",""
"SchirmerM_2016","Schirmer 2016",86,"fourfold","Parabacteroides",0.955,0.94,0.97,94,97,14391,TRUE,TRUE,TRUE,FALSE,TRUE,TRUE,TRUE,"ok","ok","",""
"SchirmerM_2016","Schirmer 2016",86,"fourfold","Phascolarctobacterium",0.485,0.45,0.52,45,52,3633,TRUE,TRUE,TRUE,FALSE,TRUE,TRUE,TRUE,"ok","ok","",""
"SchirmerM_2016","Schirmer 2016",86,"fourfold","Phocaeicola",1,1,1,100,100,41001,TRUE,TRUE,FALSE,TRUE,TRUE,TRUE,TRUE,"no_observed_zeros","ok","",""
"SchirmerM_2016","Schirmer 2016",86,"fourfold","Prevotella",0.51,0.5,0.52,50,52,47516,TRUE,TRUE,TRUE,FALSE,TRUE,TRUE,TRUE,"ok","ok","",""
"SchirmerM_2016","Schirmer 2016",86,"fourfold","Roseburia",0.985,0.99,0.98,99,98,39100,TRUE,TRUE,TRUE,FALSE,TRUE,TRUE,TRUE,"ok","ok","",""
"SchirmerM_2016","Schirmer 2016",86,"fourfold","Ruminococcaceae_unclassified",0.645,0.52,0.77,52,77,5692,TRUE,TRUE,TRUE,FALSE,TRUE,TRUE,TRUE,"ok","ok","",""
"SchirmerM_2016","Schirmer 2016",86,"fourfold","Ruminococcus",0.9,0.91,0.89,91,89,62613,TRUE,TRUE,TRUE,FALSE,TRUE,TRUE,TRUE,"ok","ok","",""
"SchirmerM_2016","Schirmer 2016",86,"fourfold","Streptococcus",0.89,0.82,0.96,82,96,6416,TRUE,TRUE,TRUE,FALSE,TRUE,TRUE,TRUE,"ok","ok","",""
"SchirmerM_2016","Schirmer 2016",87,"balanced","Agathobaculum",0.895,0.85,0.94,85,94,3601,TRUE,TRUE,TRUE,FALSE,TRUE,TRUE,TRUE,"ok","ok","",""
"SchirmerM_2016","Schirmer 2016",87,"balanced","Akkermansia",0.495,0.48,0.51,48,51,8279,TRUE,TRUE,TRUE,FALSE,TRUE,TRUE,TRUE,"ok","ok","",""
"SchirmerM_2016","Schirmer 2016",87,"balanced","Alistipes",0.955,0.94,0.97,94,97,27660,TRUE,TRUE,TRUE,FALSE,TRUE,TRUE,TRUE,"ok","ok","",""
"SchirmerM_2016","Schirmer 2016",87,"balanced","Anaerobutyricum",0.99,0.99,0.99,99,99,19788,TRUE,TRUE,TRUE,FALSE,TRUE,TRUE,TRUE,"ok","ok","",""
"SchirmerM_2016","Schirmer 2016",87,"balanced","Anaerostipes",0.995,0.99,1,99,100,23608,TRUE,TRUE,TRUE,FALSE,TRUE,TRUE,TRUE,"ok","ok","",""
"SchirmerM_2016","Schirmer 2016",87,"balanced","Bacteroides",0.995,0.99,1,99,100,53170,TRUE,TRUE,TRUE,FALSE,TRUE,TRUE,TRUE,"ok","ok","",""
"SchirmerM_2016","Schirmer 2016",87,"balanced","Barnesiella",0.81,0.78,0.84,78,84,6633,TRUE,TRUE,TRUE,FALSE,TRUE,TRUE,TRUE,"ok","ok","",""
"SchirmerM_2016","Schirmer 2016",87,"balanced","Bifidobacterium",0.98,0.99,0.97,99,97,124199,TRUE,TRUE,TRUE,FALSE,TRUE,TRUE,TRUE,"ok","ok","",""
"SchirmerM_2016","Schirmer 2016",87,"balanced","Blautia",1,1,1,100,100,20660,TRUE,TRUE,FALSE,TRUE,TRUE,TRUE,TRUE,"no_observed_zeros","ok","",""
"SchirmerM_2016","Schirmer 2016",87,"balanced","Collinsella",0.94,0.95,0.93,95,93,38185,TRUE,TRUE,TRUE,FALSE,TRUE,TRUE,TRUE,"ok","ok","",""
"SchirmerM_2016","Schirmer 2016",87,"balanced","Coprococcus",0.975,0.98,0.97,98,97,31545,TRUE,TRUE,TRUE,FALSE,TRUE,TRUE,TRUE,"ok","ok","",""
"SchirmerM_2016","Schirmer 2016",87,"balanced","Dialister",0.525,0.51,0.54,51,54,4713,TRUE,TRUE,TRUE,FALSE,TRUE,TRUE,TRUE,"ok","ok","",""
"SchirmerM_2016","Schirmer 2016",87,"balanced","Dorea",0.99,0.99,0.99,99,99,30564,TRUE,TRUE,TRUE,FALSE,TRUE,TRUE,TRUE,"ok","ok","",""
"SchirmerM_2016","Schirmer 2016",87,"balanced","Eubacterium",0.98,0.97,0.99,97,99,15021,TRUE,TRUE,TRUE,FALSE,TRUE,TRUE,TRUE,"ok","ok","",""
"SchirmerM_2016","Schirmer 2016",87,"balanced","Faecalibacterium",0.985,1,0.97,100,97,56584,TRUE,TRUE,TRUE,FALSE,TRUE,TRUE,TRUE,"ok","ok","",""
"SchirmerM_2016","Schirmer 2016",87,"balanced","Firmicutes_unclassified",0.85,0.87,0.83,87,83,5031,TRUE,TRUE,TRUE,FALSE,TRUE,TRUE,TRUE,"ok","ok","",""
"SchirmerM_2016","Schirmer 2016",87,"balanced","Fusicatenibacter",0.97,0.96,0.98,96,98,32421,TRUE,TRUE,TRUE,FALSE,TRUE,TRUE,TRUE,"ok","ok","",""
"SchirmerM_2016","Schirmer 2016",87,"balanced","Lachnospira",0.85,0.86,0.84,86,84,10009,TRUE,TRUE,TRUE,FALSE,TRUE,TRUE,TRUE,"ok","ok","",""
"SchirmerM_2016","Schirmer 2016",87,"balanced","Lachnospiraceae_unclassified",0.935,0.92,0.95,92,95,41715,TRUE,TRUE,TRUE,FALSE,TRUE,TRUE,TRUE,"ok","ok","",""
"SchirmerM_2016","Schirmer 2016",87,"balanced","Mediterraneibacter",0.985,0.99,0.98,99,98,24233,TRUE,TRUE,TRUE,FALSE,TRUE,TRUE,TRUE,"ok","ok","",""
"SchirmerM_2016","Schirmer 2016",87,"balanced","Methanobrevibacter",0.37,0.36,0.38,36,38,7443,TRUE,TRUE,TRUE,FALSE,TRUE,TRUE,TRUE,"ok","ok","",""
"SchirmerM_2016","Schirmer 2016",87,"balanced","Oscillibacter",0.82,0.86,0.78,86,78,4598,TRUE,TRUE,TRUE,FALSE,TRUE,TRUE,TRUE,"ok","ok","",""
"SchirmerM_2016","Schirmer 2016",87,"balanced","Parabacteroides",0.965,0.98,0.95,98,95,13069,TRUE,TRUE,TRUE,FALSE,TRUE,TRUE,TRUE,"ok","ok","",""
"SchirmerM_2016","Schirmer 2016",87,"balanced","Phascolarctobacterium",0.495,0.53,0.46,53,46,3845,TRUE,TRUE,TRUE,FALSE,TRUE,TRUE,TRUE,"ok","ok","",""
"SchirmerM_2016","Schirmer 2016",87,"balanced","Phocaeicola",1,1,1,100,100,42947,TRUE,TRUE,FALSE,TRUE,TRUE,TRUE,TRUE,"no_observed_zeros","ok","",""
"SchirmerM_2016","Schirmer 2016",87,"balanced","Prevotella",0.515,0.55,0.48,55,48,56770,TRUE,TRUE,TRUE,FALSE,TRUE,TRUE,TRUE,"ok","ok","",""
"SchirmerM_2016","Schirmer 2016",87,"balanced","Roseburia",0.99,0.98,1,98,100,44574,TRUE,TRUE,TRUE,FALSE,TRUE,TRUE,TRUE,"ok","ok","",""
"SchirmerM_2016","Schirmer 2016",87,"balanced","Ruminococcaceae_unclassified",0.715,0.69,0.74,69,74,6010,TRUE,TRUE,TRUE,FALSE,TRUE,TRUE,TRUE,"ok","ok","",""
"SchirmerM_2016","Schirmer 2016",87,"balanced","Ruminococcus",0.9,0.92,0.88,92,88,70187,TRUE,TRUE,TRUE,FALSE,TRUE,TRUE,TRUE,"ok","ok","",""
"SchirmerM_2016","Schirmer 2016",87,"balanced","Streptococcus",0.905,0.89,0.92,89,92,6992,TRUE,TRUE,TRUE,FALSE,TRUE,TRUE,TRUE,"ok","ok","",""
"SchirmerM_2016","Schirmer 2016",87,"fourfold","Agathobaculum",0.875,0.82,0.93,82,93,3632,TRUE,TRUE,TRUE,FALSE,TRUE,TRUE,TRUE,"ok","ok","",""
"SchirmerM_2016","Schirmer 2016",87,"fourfold","Akkermansia",0.465,0.44,0.49,44,49,8294,TRUE,TRUE,TRUE,FALSE,TRUE,TRUE,TRUE,"ok","ok","",""
"SchirmerM_2016","Schirmer 2016",87,"fourfold","Alistipes",0.94,0.92,0.96,92,96,25116,TRUE,TRUE,TRUE,FALSE,TRUE,TRUE,TRUE,"ok","ok","",""
"SchirmerM_2016","Schirmer 2016",87,"fourfold","Anaerobutyricum",0.98,0.97,0.99,97,99,19041,TRUE,TRUE,TRUE,FALSE,TRUE,TRUE,TRUE,"ok","ok","",""
"SchirmerM_2016","Schirmer 2016",87,"fourfold","Anaerostipes",0.995,0.99,1,99,100,23177,TRUE,TRUE,FALSE,TRUE,TRUE,TRUE,TRUE,"structural_absence_boundary_at_zero","ok","",""
"SchirmerM_2016","Schirmer 2016",87,"fourfold","Bacteroides",1,1,1,100,100,53089,TRUE,TRUE,FALSE,TRUE,TRUE,TRUE,TRUE,"no_observed_zeros","ok","",""
"SchirmerM_2016","Schirmer 2016",87,"fourfold","Barnesiella",0.795,0.74,0.85,74,85,6552,TRUE,TRUE,TRUE,FALSE,TRUE,TRUE,TRUE,"ok","ok","",""
"SchirmerM_2016","Schirmer 2016",87,"fourfold","Bifidobacterium",0.98,0.99,0.97,99,97,121779,TRUE,TRUE,TRUE,FALSE,TRUE,TRUE,TRUE,"ok","ok","",""
"SchirmerM_2016","Schirmer 2016",87,"fourfold","Blautia",0.995,0.99,1,99,100,21904,TRUE,TRUE,FALSE,TRUE,TRUE,TRUE,TRUE,"structural_absence_boundary_at_zero","ok","",""
"SchirmerM_2016","Schirmer 2016",87,"fourfold","Collinsella",0.93,0.92,0.94,92,94,34913,TRUE,TRUE,TRUE,FALSE,TRUE,TRUE,TRUE,"ok","ok","",""
"SchirmerM_2016","Schirmer 2016",87,"fourfold","Coprococcus",0.98,0.98,0.98,98,98,31039,TRUE,TRUE,TRUE,FALSE,TRUE,TRUE,TRUE,"ok","ok","",""
"SchirmerM_2016","Schirmer 2016",87,"fourfold","Dialister",0.5,0.46,0.54,46,54,3704,TRUE,TRUE,TRUE,FALSE,TRUE,TRUE,TRUE,"ok","ok","",""
"SchirmerM_2016","Schirmer 2016",87,"fourfold","Dorea",0.99,0.99,0.99,99,99,29276,TRUE,TRUE,TRUE,FALSE,TRUE,TRUE,TRUE,"ok","ok","",""
"SchirmerM_2016","Schirmer 2016",87,"fourfold","Eubacterium",0.96,0.94,0.98,94,98,14604,TRUE,TRUE,TRUE,FALSE,TRUE,TRUE,TRUE,"ok","ok","",""
"SchirmerM_2016","Schirmer 2016",87,"fourfold","Faecalibacterium",0.985,1,0.97,100,97,54714,TRUE,TRUE,TRUE,FALSE,TRUE,TRUE,TRUE,"ok","ok","",""
"SchirmerM_2016","Schirmer 2016",87,"fourfold","Firmicutes_unclassified",0.81,0.79,0.83,79,83,3950,TRUE,TRUE,TRUE,FALSE,TRUE,TRUE,TRUE,"ok","ok","",""
"SchirmerM_2016","Schirmer 2016",87,"fourfold","Fusicatenibacter",0.98,0.98,0.98,98,98,29998,TRUE,TRUE,TRUE,FALSE,TRUE,TRUE,TRUE,"ok","ok","",""
"SchirmerM_2016","Schirmer 2016",87,"fourfold","Lachnospira",0.855,0.84,0.87,84,87,8405,TRUE,TRUE,TRUE,FALSE,TRUE,TRUE,TRUE,"ok","ok","",""
"SchirmerM_2016","Schirmer 2016",87,"fourfold","Lachnospiraceae_unclassified",0.93,0.91,0.95,91,95,38483,TRUE,TRUE,TRUE,FALSE,TRUE,TRUE,TRUE,"ok","ok","",""
"SchirmerM_2016","Schirmer 2016",87,"fourfold","Mediterraneibacter",0.985,0.98,0.99,98,99,22842,TRUE,TRUE,TRUE,FALSE,TRUE,TRUE,TRUE,"ok","ok","",""
"SchirmerM_2016","Schirmer 2016",87,"fourfold","Methanobrevibacter",0.36,0.34,0.38,34,38,6903,TRUE,TRUE,TRUE,FALSE,TRUE,TRUE,TRUE,"ok","ok","",""
"SchirmerM_2016","Schirmer 2016",87,"fourfold","Oscillibacter",0.8,0.82,0.78,82,78,4029,TRUE,TRUE,TRUE,FALSE,TRUE,TRUE,TRUE,"ok","ok","",""
"SchirmerM_2016","Schirmer 2016",87,"fourfold","Parabacteroides",0.965,0.98,0.95,98,95,11993,TRUE,TRUE,TRUE,FALSE,TRUE,TRUE,TRUE,"ok","ok","",""
"SchirmerM_2016","Schirmer 2016",87,"fourfold","Phascolarctobacterium",0.48,0.49,0.47,49,47,2939,TRUE,TRUE,TRUE,FALSE,TRUE,TRUE,TRUE,"ok","ok","",""
"SchirmerM_2016","Schirmer 2016",87,"fourfold","Phocaeicola",1,1,1,100,100,36618,TRUE,TRUE,FALSE,TRUE,TRUE,TRUE,TRUE,"no_observed_zeros","ok","",""
"SchirmerM_2016","Schirmer 2016",87,"fourfold","Prevotella",0.505,0.53,0.48,53,48,53186,TRUE,TRUE,TRUE,FALSE,TRUE,TRUE,TRUE,"ok","ok","",""
"SchirmerM_2016","Schirmer 2016",87,"fourfold","Roseburia",0.99,0.98,1,98,100,38982,TRUE,TRUE,TRUE,FALSE,TRUE,TRUE,TRUE,"ok","ok","",""
"SchirmerM_2016","Schirmer 2016",87,"fourfold","Ruminococcaceae_unclassified",0.65,0.56,0.74,56,74,5418,TRUE,TRUE,TRUE,FALSE,TRUE,TRUE,TRUE,"ok","ok","",""
"SchirmerM_2016","Schirmer 2016",87,"fourfold","Ruminococcus",0.895,0.92,0.87,92,87,62652,TRUE,TRUE,TRUE,FALSE,TRUE,TRUE,TRUE,"ok","ok","",""
"SchirmerM_2016","Schirmer 2016",87,"fourfold","Streptococcus",0.89,0.84,0.94,84,94,7608,TRUE,TRUE,TRUE,FALSE,TRUE,TRUE,TRUE,"ok","ok","",""
"SchirmerM_2016","Schirmer 2016",88,"balanced","Agathobaculum",0.915,0.93,0.9,93,90,3992,TRUE,TRUE,TRUE,FALSE,TRUE,TRUE,TRUE,"ok","ok","",""
"SchirmerM_2016","Schirmer 2016",88,"balanced","Akkermansia",0.465,0.47,0.46,47,46,8009,TRUE,TRUE,TRUE,FALSE,TRUE,TRUE,TRUE,"ok","ok","",""
"SchirmerM_2016","Schirmer 2016",88,"balanced","Alistipes",0.955,0.97,0.94,97,94,27400,TRUE,TRUE,TRUE,FALSE,TRUE,TRUE,TRUE,"ok","ok","",""
"SchirmerM_2016","Schirmer 2016",88,"balanced","Anaerobutyricum",0.99,0.99,0.99,99,99,21239,TRUE,TRUE,TRUE,FALSE,TRUE,TRUE,TRUE,"ok","ok","",""
"SchirmerM_2016","Schirmer 2016",88,"balanced","Anaerostipes",0.995,0.99,1,99,100,24679,TRUE,TRUE,TRUE,FALSE,TRUE,TRUE,TRUE,"ok","ok","",""
"SchirmerM_2016","Schirmer 2016",88,"balanced","Bacteroides",0.995,1,0.99,100,99,55935,TRUE,TRUE,TRUE,FALSE,TRUE,TRUE,TRUE,"ok","ok","",""
"SchirmerM_2016","Schirmer 2016",88,"balanced","Barnesiella",0.815,0.79,0.84,79,84,6756,TRUE,TRUE,TRUE,FALSE,TRUE,TRUE,TRUE,"ok","ok","",""
"SchirmerM_2016","Schirmer 2016",88,"balanced","Bifidobacterium",0.975,0.98,0.97,98,97,126069,TRUE,TRUE,TRUE,FALSE,TRUE,TRUE,TRUE,"ok","ok","",""
"SchirmerM_2016","Schirmer 2016",88,"balanced","Blautia",1,1,1,100,100,20817,TRUE,TRUE,FALSE,TRUE,TRUE,TRUE,TRUE,"no_observed_zeros","ok","",""
"SchirmerM_2016","Schirmer 2016",88,"balanced","Collinsella",0.935,0.91,0.96,91,96,39401,TRUE,TRUE,TRUE,FALSE,TRUE,TRUE,TRUE,"ok","ok","",""
"SchirmerM_2016","Schirmer 2016",88,"balanced","Coprococcus",0.98,0.98,0.98,98,98,34535,TRUE,TRUE,TRUE,FALSE,TRUE,TRUE,TRUE,"ok","ok","",""
"SchirmerM_2016","Schirmer 2016",88,"balanced","Dialister",0.535,0.56,0.51,56,51,5385,TRUE,TRUE,TRUE,FALSE,TRUE,TRUE,TRUE,"ok","ok","",""
"SchirmerM_2016","Schirmer 2016",88,"balanced","Dorea",0.995,1,0.99,100,99,33331,TRUE,TRUE,TRUE,FALSE,TRUE,TRUE,TRUE,"ok","ok","",""
"SchirmerM_2016","Schirmer 2016",88,"balanced","Eubacterium",0.98,0.99,0.97,99,97,16293,TRUE,TRUE,TRUE,FALSE,TRUE,TRUE,TRUE,"ok","ok","",""
"SchirmerM_2016","Schirmer 2016",88,"balanced","Faecalibacterium",0.985,0.99,0.98,99,98,59198,TRUE,TRUE,TRUE,FALSE,TRUE,TRUE,TRUE,"ok","ok","",""
"SchirmerM_2016","Schirmer 2016",88,"balanced","Firmicutes_unclassified",0.89,0.89,0.89,89,89,4956,TRUE,TRUE,TRUE,FALSE,TRUE,TRUE,TRUE,"ok","ok","",""
"SchirmerM_2016","Schirmer 2016",88,"balanced","Fusicatenibacter",0.97,0.98,0.96,98,96,32988,TRUE,TRUE,TRUE,FALSE,TRUE,TRUE,TRUE,"ok","ok","",""
"SchirmerM_2016","Schirmer 2016",88,"balanced","Lachnospira",0.855,0.85,0.86,85,86,10798,TRUE,TRUE,TRUE,FALSE,TRUE,TRUE,TRUE,"ok","ok","",""
"SchirmerM_2016","Schirmer 2016",88,"balanced","Lachnospiraceae_unclassified",0.935,0.94,0.93,94,93,45463,TRUE,TRUE,TRUE,FALSE,TRUE,TRUE,TRUE,"ok","ok","",""
"SchirmerM_2016","Schirmer 2016",88,"balanced","Mediterraneibacter",0.99,1,0.98,100,98,25375,TRUE,TRUE,TRUE,FALSE,TRUE,TRUE,TRUE,"ok","ok","",""
"SchirmerM_2016","Schirmer 2016",88,"balanced","Methanobrevibacter",0.365,0.39,0.34,39,34,8887,TRUE,TRUE,TRUE,FALSE,TRUE,TRUE,TRUE,"ok","ok","",""
"SchirmerM_2016","Schirmer 2016",88,"balanced","Oscillibacter",0.815,0.79,0.84,79,84,4455,TRUE,TRUE,TRUE,FALSE,TRUE,TRUE,TRUE,"ok","ok","",""
"SchirmerM_2016","Schirmer 2016",88,"balanced","Parabacteroides",0.96,0.96,0.96,96,96,13624,TRUE,TRUE,TRUE,FALSE,TRUE,TRUE,TRUE,"ok","ok","",""
"SchirmerM_2016","Schirmer 2016",88,"balanced","Phascolarctobacterium",0.51,0.5,0.52,50,52,3785,TRUE,TRUE,TRUE,FALSE,TRUE,TRUE,TRUE,"ok","ok","",""
"SchirmerM_2016","Schirmer 2016",88,"balanced","Phocaeicola",1,1,1,100,100,43432,TRUE,TRUE,FALSE,TRUE,TRUE,TRUE,TRUE,"no_observed_zeros","ok","",""
"SchirmerM_2016","Schirmer 2016",88,"balanced","Prevotella",0.505,0.51,0.5,51,50,57707,TRUE,TRUE,TRUE,FALSE,TRUE,TRUE,TRUE,"ok","ok","",""
"SchirmerM_2016","Schirmer 2016",88,"balanced","Roseburia",0.99,1,0.98,100,98,45974,TRUE,TRUE,TRUE,FALSE,TRUE,TRUE,TRUE,"ok","ok","",""
"SchirmerM_2016","Schirmer 2016",88,"balanced","Ruminococcaceae_unclassified",0.675,0.68,0.67,68,67,5546,TRUE,TRUE,TRUE,FALSE,TRUE,TRUE,TRUE,"ok","ok","",""
"SchirmerM_2016","Schirmer 2016",88,"balanced","Ruminococcus",0.89,0.86,0.92,86,92,71952,TRUE,TRUE,TRUE,FALSE,TRUE,TRUE,TRUE,"ok","ok","",""
"SchirmerM_2016","Schirmer 2016",88,"balanced","Streptococcus",0.925,0.97,0.88,97,88,7758,TRUE,TRUE,TRUE,FALSE,TRUE,TRUE,TRUE,"ok","ok","",""
"SchirmerM_2016","Schirmer 2016",88,"fourfold","Agathobaculum",0.89,0.85,0.93,85,93,3354,TRUE,TRUE,TRUE,FALSE,TRUE,TRUE,TRUE,"ok","ok","",""
"SchirmerM_2016","Schirmer 2016",88,"fourfold","Akkermansia",0.45,0.43,0.47,43,47,8459,TRUE,TRUE,TRUE,FALSE,TRUE,TRUE,TRUE,"ok","ok","",""
"SchirmerM_2016","Schirmer 2016",88,"fourfold","Alistipes",0.94,0.93,0.95,93,95,27020,TRUE,TRUE,TRUE,FALSE,TRUE,TRUE,TRUE,"ok","ok","",""
"SchirmerM_2016","Schirmer 2016",88,"fourfold","Anaerobutyricum",0.985,0.98,0.99,98,99,18509,TRUE,TRUE,TRUE,FALSE,TRUE,TRUE,TRUE,"ok","ok","",""
"SchirmerM_2016","Schirmer 2016",88,"fourfold","Anaerostipes",0.995,0.99,1,99,100,21259,TRUE,TRUE,TRUE,FALSE,TRUE,TRUE,TRUE,"ok","ok","",""
"SchirmerM_2016","Schirmer 2016",88,"fourfold","Bacteroides",0.995,1,0.99,100,99,52689,TRUE,TRUE,TRUE,FALSE,TRUE,TRUE,TRUE,"ok","ok","",""
"SchirmerM_2016","Schirmer 2016",88,"fourfold","Barnesiella",0.795,0.75,0.84,75,84,6350,TRUE,TRUE,TRUE,FALSE,TRUE,TRUE,TRUE,"ok","ok","",""
"SchirmerM_2016","Schirmer 2016",88,"fourfold","Bifidobacterium",0.98,0.98,0.98,98,98,116701,TRUE,TRUE,TRUE,FALSE,TRUE,TRUE,TRUE,"ok","ok","",""
"SchirmerM_2016","Schirmer 2016",88,"fourfold","Blautia",1,1,1,100,100,18483,TRUE,TRUE,FALSE,TRUE,TRUE,TRUE,TRUE,"no_observed_zeros","ok","",""
"SchirmerM_2016","Schirmer 2016",88,"fourfold","Collinsella",0.92,0.9,0.94,90,94,37696,TRUE,TRUE,TRUE,FALSE,TRUE,TRUE,TRUE,"ok","ok","",""
"SchirmerM_2016","Schirmer 2016",88,"fourfold","Coprococcus",0.975,0.97,0.98,97,98,30153,TRUE,TRUE,TRUE,FALSE,TRUE,TRUE,TRUE,"ok","ok","",""
"SchirmerM_2016","Schirmer 2016",88,"fourfold","Dialister",0.52,0.55,0.49,55,49,5306,TRUE,TRUE,TRUE,FALSE,TRUE,TRUE,TRUE,"ok","ok","",""
"SchirmerM_2016","Schirmer 2016",88,"fourfold","Dorea",0.995,1,0.99,100,99,29189,TRUE,TRUE,TRUE,FALSE,TRUE,TRUE,TRUE,"ok","ok","",""
"SchirmerM_2016","Schirmer 2016",88,"fourfold","Eubacterium",0.965,0.96,0.97,96,97,14170,TRUE,TRUE,TRUE,FALSE,TRUE,TRUE,TRUE,"ok","ok","",""
"SchirmerM_2016","Schirmer 2016",88,"fourfold","Faecalibacterium",0.985,0.99,0.98,99,98,53368,TRUE,TRUE,TRUE,FALSE,TRUE,TRUE,TRUE,"ok","ok","",""
"SchirmerM_2016","Schirmer 2016",88,"fourfold","Firmicutes_unclassified",0.84,0.81,0.87,81,87,5020,TRUE,TRUE,TRUE,FALSE,TRUE,TRUE,TRUE,"ok","ok","",""
"SchirmerM_2016","Schirmer 2016",88,"fourfold","Fusicatenibacter",0.97,0.97,0.97,97,97,30129,TRUE,TRUE,TRUE,FALSE,TRUE,TRUE,TRUE,"ok","ok","",""
"SchirmerM_2016","Schirmer 2016",88,"fourfold","Lachnospira",0.85,0.83,0.87,83,87,9362,TRUE,TRUE,TRUE,FALSE,TRUE,TRUE,TRUE,"ok","ok","",""
"SchirmerM_2016","Schirmer 2016",88,"fourfold","Lachnospiraceae_unclassified",0.915,0.92,0.91,92,91,44160,TRUE,TRUE,TRUE,FALSE,TRUE,TRUE,TRUE,"ok","ok","",""
"SchirmerM_2016","Schirmer 2016",88,"fourfold","Mediterraneibacter",0.98,1,0.96,100,96,21649,TRUE,TRUE,TRUE,FALSE,TRUE,TRUE,TRUE,"ok","ok","",""
"SchirmerM_2016","Schirmer 2016",88,"fourfold","Methanobrevibacter",0.365,0.4,0.33,40,33,5966,TRUE,TRUE,TRUE,FALSE,TRUE,TRUE,TRUE,"ok","ok","",""
"SchirmerM_2016","Schirmer 2016",88,"fourfold","Oscillibacter",0.825,0.77,0.88,77,88,4368,TRUE,TRUE,TRUE,FALSE,TRUE,TRUE,TRUE,"ok","ok","",""
"SchirmerM_2016","Schirmer 2016",88,"fourfold","Parabacteroides",0.95,0.93,0.97,93,97,12717,TRUE,TRUE,TRUE,FALSE,TRUE,TRUE,TRUE,"ok","ok","",""
"SchirmerM_2016","Schirmer 2016",88,"fourfold","Phascolarctobacterium",0.485,0.45,0.52,45,52,3478,TRUE,TRUE,TRUE,FALSE,TRUE,TRUE,TRUE,"ok","ok","",""
"SchirmerM_2016","Schirmer 2016",88,"fourfold","Phocaeicola",1,1,1,100,100,44858,TRUE,TRUE,FALSE,TRUE,TRUE,TRUE,TRUE,"no_observed_zeros","ok","",""
"SchirmerM_2016","Schirmer 2016",88,"fourfold","Prevotella",0.505,0.48,0.53,48,53,51841,TRUE,TRUE,TRUE,FALSE,TRUE,TRUE,TRUE,"ok","ok","",""
"SchirmerM_2016","Schirmer 2016",88,"fourfold","Roseburia",0.995,0.99,1,99,100,37988,TRUE,TRUE,TRUE,FALSE,TRUE,TRUE,TRUE,"ok","ok","",""
"SchirmerM_2016","Schirmer 2016",88,"fourfold","Ruminococcaceae_unclassified",0.655,0.6,0.71,60,71,5092,TRUE,TRUE,TRUE,FALSE,TRUE,TRUE,TRUE,"ok","ok","",""
"SchirmerM_2016","Schirmer 2016",88,"fourfold","Ruminococcus",0.89,0.85,0.93,85,93,69754,TRUE,TRUE,TRUE,FALSE,TRUE,TRUE,TRUE,"ok","ok","",""
"SchirmerM_2016","Schirmer 2016",88,"fourfold","Streptococcus",0.87,0.84,0.9,84,90,6073,TRUE,TRUE,TRUE,FALSE,TRUE,TRUE,TRUE,"ok","ok","",""
"SchirmerM_2016","Schirmer 2016",89,"balanced","Agathobaculum",0.91,0.94,0.88,94,88,3761,TRUE,TRUE,TRUE,FALSE,TRUE,TRUE,TRUE,"ok","ok","",""
"SchirmerM_2016","Schirmer 2016",89,"balanced","Akkermansia",0.47,0.51,0.43,51,43,9352,TRUE,TRUE,TRUE,FALSE,TRUE,TRUE,TRUE,"ok","ok","",""
"SchirmerM_2016","Schirmer 2016",89,"balanced","Alistipes",0.95,0.95,0.95,95,95,27159,TRUE,TRUE,TRUE,FALSE,TRUE,TRUE,TRUE,"ok","ok","",""
"SchirmerM_2016","Schirmer 2016",89,"balanced","Anaerobutyricum",0.99,0.98,1,98,100,20745,TRUE,TRUE,TRUE,FALSE,TRUE,TRUE,TRUE,"ok","ok","",""
"SchirmerM_2016","Schirmer 2016",89,"balanced","Anaerostipes",0.995,1,0.99,100,99,23742,TRUE,TRUE,TRUE,FALSE,TRUE,TRUE,TRUE,"ok","ok","",""
"SchirmerM_2016","Schirmer 2016",89,"balanced","Bacteroides",1,1,1,100,100,55005,TRUE,TRUE,FALSE,TRUE,TRUE,TRUE,TRUE,"no_observed_zeros","ok","",""
"SchirmerM_2016","Schirmer 2016",89,"balanced","Barnesiella",0.82,0.86,0.78,86,78,6319,TRUE,TRUE,TRUE,FALSE,TRUE,TRUE,TRUE,"ok","ok","",""
"SchirmerM_2016","Schirmer 2016",89,"balanced","Bifidobacterium",0.985,0.98,0.99,98,99,130660,TRUE,TRUE,TRUE,FALSE,TRUE,TRUE,TRUE,"ok","ok","",""
"SchirmerM_2016","Schirmer 2016",89,"balanced","Blautia",1,1,1,100,100,21926,TRUE,TRUE,FALSE,TRUE,TRUE,TRUE,TRUE,"no_observed_zeros","ok","",""
"SchirmerM_2016","Schirmer 2016",89,"balanced","Collinsella",0.925,0.91,0.94,91,94,39879,TRUE,TRUE,TRUE,FALSE,TRUE,TRUE,TRUE,"ok","ok","",""
"SchirmerM_2016","Schirmer 2016",89,"balanced","Coprococcus",0.97,0.99,0.95,99,95,32608,TRUE,TRUE,TRUE,FALSE,TRUE,TRUE,TRUE,"ok","ok","",""
"SchirmerM_2016","Schirmer 2016",89,"balanced","Dialister",0.54,0.56,0.52,56,52,4959,TRUE,TRUE,TRUE,FALSE,TRUE,TRUE,TRUE,"ok","ok","",""
"SchirmerM_2016","Schirmer 2016",89,"balanced","Dorea",0.99,0.99,0.99,99,99,32238,TRUE,TRUE,TRUE,FALSE,TRUE,TRUE,TRUE,"ok","ok","",""
"SchirmerM_2016","Schirmer 2016",89,"balanced","Eubacterium",0.965,0.96,0.97,96,97,17568,TRUE,TRUE,TRUE,FALSE,TRUE,TRUE,TRUE,"ok","ok","",""
"SchirmerM_2016","Schirmer 2016",89,"balanced","Faecalibacterium",0.985,0.98,0.99,98,99,58557,TRUE,TRUE,TRUE,FALSE,TRUE,TRUE,TRUE,"ok","ok","",""
"SchirmerM_2016","Schirmer 2016",89,"balanced","Firmicutes_unclassified",0.85,0.9,0.8,90,80,5261,TRUE,TRUE,TRUE,FALSE,TRUE,TRUE,TRUE,"ok","ok","",""
"SchirmerM_2016","Schirmer 2016",89,"balanced","Fusicatenibacter",0.98,0.97,0.99,97,99,32880,TRUE,TRUE,TRUE,FALSE,TRUE,TRUE,TRUE,"ok","ok","",""
"SchirmerM_2016","Schirmer 2016",89,"balanced","Lachnospira",0.86,0.87,0.85,87,85,10337,TRUE,TRUE,TRUE,FALSE,TRUE,TRUE,TRUE,"ok","ok","",""
"SchirmerM_2016","Schirmer 2016",89,"balanced","Lachnospiraceae_unclassified",0.92,0.94,0.9,94,90,45271,TRUE,TRUE,TRUE,FALSE,TRUE,TRUE,TRUE,"ok","ok","",""
"SchirmerM_2016","Schirmer 2016",89,"balanced","Mediterraneibacter",0.98,0.98,0.98,98,98,25627,TRUE,TRUE,TRUE,FALSE,TRUE,TRUE,TRUE,"ok","ok","",""
"SchirmerM_2016","Schirmer 2016",89,"balanced","Methanobrevibacter",0.38,0.38,0.38,38,38,7967,TRUE,TRUE,TRUE,FALSE,TRUE,TRUE,TRUE,"ok","ok","",""
"SchirmerM_2016","Schirmer 2016",89,"balanced","Oscillibacter",0.82,0.86,0.78,86,78,4422,TRUE,TRUE,TRUE,FALSE,TRUE,TRUE,TRUE,"ok","ok","",""
"SchirmerM_2016","Schirmer 2016",89,"balanced","Parabacteroides",0.955,0.97,0.94,97,94,13315,TRUE,TRUE,TRUE,FALSE,TRUE,TRUE,TRUE,"ok","ok","",""
"SchirmerM_2016","Schirmer 2016",89,"balanced","Phascolarctobacterium",0.485,0.49,0.48,49,48,4070,TRUE,TRUE,TRUE,FALSE,TRUE,TRUE,TRUE,"ok","ok","",""
"SchirmerM_2016","Schirmer 2016",89,"balanced","Phocaeicola",1,1,1,100,100,43070,TRUE,TRUE,FALSE,TRUE,TRUE,TRUE,TRUE,"no_observed_zeros","ok","",""
"SchirmerM_2016","Schirmer 2016",89,"balanced","Prevotella",0.515,0.49,0.54,49,54,51963,TRUE,TRUE,TRUE,FALSE,TRUE,TRUE,TRUE,"ok","ok","",""
"SchirmerM_2016","Schirmer 2016",89,"balanced","Roseburia",0.99,1,0.98,100,98,45074,TRUE,TRUE,TRUE,FALSE,TRUE,TRUE,TRUE,"ok","ok","",""
"SchirmerM_2016","Schirmer 2016",89,"balanced","Ruminococcaceae_unclassified",0.695,0.74,0.65,74,65,5386,TRUE,TRUE,TRUE,FALSE,TRUE,TRUE,TRUE,"ok","ok","",""
"SchirmerM_2016","Schirmer 2016",89,"balanced","Ruminococcus",0.895,0.91,0.88,91,88,67907,TRUE,TRUE,TRUE,FALSE,TRUE,TRUE,TRUE,"ok","ok","",""
"SchirmerM_2016","Schirmer 2016",89,"balanced","Streptococcus",0.915,0.91,0.92,91,92,7292,TRUE,TRUE,TRUE,FALSE,TRUE,TRUE,TRUE,"ok","ok","",""
"SchirmerM_2016","Schirmer 2016",89,"fourfold","Agathobaculum",0.875,0.84,0.91,84,91,3442,TRUE,TRUE,TRUE,FALSE,TRUE,TRUE,TRUE,"ok","ok","",""
"SchirmerM_2016","Schirmer 2016",89,"fourfold","Akkermansia",0.45,0.47,0.43,47,43,8249,TRUE,TRUE,TRUE,FALSE,TRUE,TRUE,TRUE,"ok","ok","",""
"SchirmerM_2016","Schirmer 2016",89,"fourfold","Alistipes",0.945,0.93,0.96,93,96,27829,TRUE,TRUE,TRUE,FALSE,TRUE,TRUE,TRUE,"ok","ok","",""
"SchirmerM_2016","Schirmer 2016",89,"fourfold","Anaerobutyricum",0.99,0.98,1,98,100,20409,TRUE,TRUE,TRUE,FALSE,TRUE,TRUE,TRUE,"ok","ok","",""
"SchirmerM_2016","Schirmer 2016",89,"fourfold","Anaerostipes",0.995,1,0.99,100,99,22017,TRUE,TRUE,TRUE,FALSE,TRUE,TRUE,TRUE,"ok","ok","",""
"SchirmerM_2016","Schirmer 2016",89,"fourfold","Bacteroides",1,1,1,100,100,54820,TRUE,TRUE,FALSE,TRUE,TRUE,TRUE,TRUE,"no_observed_zeros","ok","",""
"SchirmerM_2016","Schirmer 2016",89,"fourfold","Barnesiella",0.79,0.78,0.8,78,80,6268,TRUE,TRUE,TRUE,FALSE,TRUE,TRUE,TRUE,"ok","ok","",""
"SchirmerM_2016","Schirmer 2016",89,"fourfold","Bifidobacterium",0.975,0.98,0.97,98,97,113205,TRUE,TRUE,TRUE,FALSE,TRUE,TRUE,TRUE,"ok","ok","",""
"SchirmerM_2016","Schirmer 2016",89,"fourfold","Blautia",1,1,1,100,100,18803,TRUE,TRUE,FALSE,TRUE,TRUE,TRUE,TRUE,"no_observed_zeros","ok","",""
"SchirmerM_2016","Schirmer 2016",89,"fourfold","Collinsella",0.93,0.9,0.96,90,96,37182,TRUE,TRUE,TRUE,FALSE,TRUE,TRUE,TRUE,"ok","ok","",""
"SchirmerM_2016","Schirmer 2016",89,"fourfold","Coprococcus",0.97,0.99,0.95,99,95,28857,TRUE,TRUE,TRUE,FALSE,TRUE,TRUE,TRUE,"ok","ok","",""
"SchirmerM_2016","Schirmer 2016",89,"fourfold","Dialister",0.5,0.5,0.5,50,50,4708,TRUE,TRUE,TRUE,FALSE,TRUE,TRUE,TRUE,"ok","ok","",""
"SchirmerM_2016","Schirmer 2016",89,"fourfold","Dorea",0.99,0.99,0.99,99,99,30048,TRUE,TRUE,TRUE,FALSE,TRUE,TRUE,TRUE,"ok","ok","",""
"SchirmerM_2016","Schirmer 2016",89,"fourfold","Eubacterium",0.98,0.97,0.99,97,99,14685,TRUE,TRUE,TRUE,FALSE,TRUE,TRUE,TRUE,"ok","ok","",""
"SchirmerM_2016","Schirmer 2016",89,"fourfold","Faecalibacterium",0.985,0.98,0.99,98,99,56633,TRUE,TRUE,TRUE,FALSE,TRUE,TRUE,TRUE,"ok","ok","",""
"SchirmerM_2016","Schirmer 2016",89,"fourfold","Firmicutes_unclassified",0.8,0.76,0.84,76,84,4804,TRUE,TRUE,TRUE,FALSE,TRUE,TRUE,TRUE,"ok","ok","",""
"SchirmerM_2016","Schirmer 2016",89,"fourfold","Fusicatenibacter",0.965,0.94,0.99,94,99,29179,TRUE,TRUE,TRUE,FALSE,TRUE,TRUE,TRUE,"ok","ok","",""
"SchirmerM_2016","Schirmer 2016",89,"fourfold","Lachnospira",0.84,0.81,0.87,81,87,10522,TRUE,TRUE,TRUE,FALSE,TRUE,TRUE,TRUE,"ok","ok","",""
"SchirmerM_2016","Schirmer 2016",89,"fourfold","Lachnospiraceae_unclassified",0.925,0.92,0.93,92,93,43908,TRUE,TRUE,TRUE,FALSE,TRUE,TRUE,TRUE,"ok","ok","",""
"SchirmerM_2016","Schirmer 2016",89,"fourfold","Mediterraneibacter",0.99,0.98,1,98,100,22012,TRUE,TRUE,TRUE,FALSE,TRUE,TRUE,TRUE,"ok","ok","",""
"SchirmerM_2016","Schirmer 2016",89,"fourfold","Methanobrevibacter",0.37,0.35,0.39,35,39,8239,TRUE,TRUE,TRUE,FALSE,TRUE,TRUE,TRUE,"ok","ok","",""
"SchirmerM_2016","Schirmer 2016",89,"fourfold","Oscillibacter",0.795,0.8,0.79,80,79,4663,TRUE,TRUE,TRUE,FALSE,TRUE,TRUE,TRUE,"ok","ok","",""
"SchirmerM_2016","Schirmer 2016",89,"fourfold","Parabacteroides",0.955,0.96,0.95,96,95,14517,TRUE,TRUE,TRUE,FALSE,TRUE,TRUE,TRUE,"ok","ok","",""
"SchirmerM_2016","Schirmer 2016",89,"fourfold","Phascolarctobacterium",0.485,0.46,0.51,46,51,3870,TRUE,TRUE,TRUE,FALSE,TRUE,TRUE,TRUE,"ok","ok","",""
"SchirmerM_2016","Schirmer 2016",89,"fourfold","Phocaeicola",1,1,1,100,100,47020,TRUE,TRUE,FALSE,TRUE,TRUE,TRUE,TRUE,"no_observed_zeros","ok","",""
"SchirmerM_2016","Schirmer 2016",89,"fourfold","Prevotella",0.5,0.45,0.55,45,55,59573,TRUE,TRUE,TRUE,FALSE,TRUE,TRUE,TRUE,"ok","ok","",""
"SchirmerM_2016","Schirmer 2016",89,"fourfold","Roseburia",0.985,1,0.97,100,97,42778,TRUE,TRUE,TRUE,FALSE,TRUE,TRUE,TRUE,"ok","ok","",""
"SchirmerM_2016","Schirmer 2016",89,"fourfold","Ruminococcaceae_unclassified",0.675,0.66,0.69,66,69,4166,TRUE,TRUE,TRUE,FALSE,TRUE,TRUE,TRUE,"ok","ok","",""
"SchirmerM_2016","Schirmer 2016",89,"fourfold","Ruminococcus",0.895,0.89,0.9,89,90,72393,TRUE,TRUE,TRUE,FALSE,TRUE,TRUE,TRUE,"ok","ok","",""
"SchirmerM_2016","Schirmer 2016",89,"fourfold","Streptococcus",0.9,0.82,0.98,82,98,6738,TRUE,TRUE,TRUE,FALSE,TRUE,TRUE,TRUE,"ok","ok","",""
"SchirmerM_2016","Schirmer 2016",90,"balanced","Agathobaculum",0.92,0.91,0.93,91,93,3619,TRUE,TRUE,TRUE,FALSE,TRUE,TRUE,TRUE,"ok","ok","",""
"SchirmerM_2016","Schirmer 2016",90,"balanced","Akkermansia",0.45,0.45,0.45,45,45,8687,TRUE,TRUE,TRUE,FALSE,TRUE,TRUE,TRUE,"ok","ok","",""
"SchirmerM_2016","Schirmer 2016",90,"balanced","Alistipes",0.955,0.95,0.96,95,96,28616,TRUE,TRUE,TRUE,FALSE,TRUE,TRUE,TRUE,"ok","ok","",""
"SchirmerM_2016","Schirmer 2016",90,"balanced","Anaerobutyricum",0.99,1,0.98,100,98,19900,TRUE,TRUE,TRUE,FALSE,TRUE,TRUE,TRUE,"ok","ok","",""
"SchirmerM_2016","Schirmer 2016",90,"balanced","Anaerostipes",0.995,0.99,1,99,100,23569,TRUE,TRUE,TRUE,FALSE,TRUE,TRUE,TRUE,"ok","ok","",""
"SchirmerM_2016","Schirmer 2016",90,"balanced","Bacteroides",0.995,1,0.99,100,99,55082,TRUE,TRUE,TRUE,FALSE,TRUE,TRUE,TRUE,"ok","ok","",""
"SchirmerM_2016","Schirmer 2016",90,"balanced","Barnesiella",0.815,0.85,0.78,85,78,6548,TRUE,TRUE,TRUE,FALSE,TRUE,TRUE,TRUE,"ok","ok","",""
"SchirmerM_2016","Schirmer 2016",90,"balanced","Bifidobacterium",0.985,0.99,0.98,99,98,120718,TRUE,TRUE,TRUE,FALSE,TRUE,TRUE,TRUE,"ok","ok","",""
"SchirmerM_2016","Schirmer 2016",90,"balanced","Blautia",0.995,0.99,1,99,100,20902,TRUE,TRUE,TRUE,FALSE,TRUE,TRUE,TRUE,"ok","ok","",""
"SchirmerM_2016","Schirmer 2016",90,"balanced","Collinsella",0.92,0.91,0.93,91,93,39599,TRUE,TRUE,TRUE,FALSE,TRUE,TRUE,TRUE,"ok","ok","",""
"SchirmerM_2016","Schirmer 2016",90,"balanced","Coprococcus",0.975,0.97,0.98,97,98,30691,TRUE,TRUE,TRUE,FALSE,TRUE,TRUE,TRUE,"ok","ok","",""
"SchirmerM_2016","Schirmer 2016",90,"balanced","Dialister",0.54,0.52,0.56,52,56,4896,TRUE,TRUE,TRUE,FALSE,TRUE,TRUE,TRUE,"ok","ok","",""
"SchirmerM_2016","Schirmer 2016",90,"balanced","Dorea",0.99,0.99,0.99,99,99,31677,TRUE,TRUE,TRUE,FALSE,TRUE,TRUE,TRUE,"ok","ok","",""
"SchirmerM_2016","Schirmer 2016",90,"balanced","Eubacterium",0.975,0.97,0.98,97,98,17384,TRUE,TRUE,TRUE,FALSE,TRUE,TRUE,TRUE,"ok","ok","",""
"SchirmerM_2016","Schirmer 2016",90,"balanced","Faecalibacterium",0.985,0.99,0.98,99,98,56924,TRUE,TRUE,TRUE,FALSE,TRUE,TRUE,TRUE,"ok","ok","",""
"SchirmerM_2016","Schirmer 2016",90,"balanced","Firmicutes_unclassified",0.85,0.85,0.85,85,85,5003,TRUE,TRUE,TRUE,FALSE,TRUE,TRUE,TRUE,"ok","ok","",""
"SchirmerM_2016","Schirmer 2016",90,"balanced","Fusicatenibacter",0.975,0.97,0.98,97,98,31451,TRUE,TRUE,TRUE,FALSE,TRUE,TRUE,TRUE,"ok","ok","",""
"SchirmerM_2016","Schirmer 2016",90,"balanced","Lachnospira",0.85,0.86,0.84,86,84,10914,TRUE,TRUE,TRUE,FALSE,TRUE,TRUE,TRUE,"ok","ok","",""
"SchirmerM_2016","Schirmer 2016",90,"balanced","Lachnospiraceae_unclassified",0.92,0.93,0.91,93,91,43005,TRUE,TRUE,TRUE,FALSE,TRUE,TRUE,TRUE,"ok","ok","",""
"SchirmerM_2016","Schirmer 2016",90,"balanced","Mediterraneibacter",0.985,0.98,0.99,98,99,24042,TRUE,TRUE,TRUE,FALSE,TRUE,TRUE,TRUE,"ok","ok","",""
"SchirmerM_2016","Schirmer 2016",90,"balanced","Methanobrevibacter",0.385,0.4,0.37,40,37,7727,TRUE,TRUE,TRUE,FALSE,TRUE,TRUE,TRUE,"ok","ok","",""
"SchirmerM_2016","Schirmer 2016",90,"balanced","Oscillibacter",0.825,0.81,0.84,81,84,4299,TRUE,TRUE,TRUE,FALSE,TRUE,TRUE,TRUE,"ok","ok","",""
"SchirmerM_2016","Schirmer 2016",90,"balanced","Parabacteroides",0.965,0.97,0.96,97,96,13765,TRUE,TRUE,TRUE,FALSE,TRUE,TRUE,TRUE,"ok","ok","",""
"SchirmerM_2016","Schirmer 2016",90,"balanced","Phascolarctobacterium",0.485,0.51,0.46,51,46,3880,TRUE,TRUE,TRUE,FALSE,TRUE,TRUE,TRUE,"ok","ok","",""
"SchirmerM_2016","Schirmer 2016",90,"balanced","Phocaeicola",1,1,1,100,100,45138,TRUE,TRUE,FALSE,TRUE,TRUE,TRUE,TRUE,"no_observed_zeros","ok","",""
"SchirmerM_2016","Schirmer 2016",90,"balanced","Prevotella",0.495,0.46,0.53,46,53,60778,TRUE,TRUE,TRUE,FALSE,TRUE,TRUE,TRUE,"ok","ok","",""
"SchirmerM_2016","Schirmer 2016",90,"balanced","Roseburia",0.99,1,0.98,100,98,43672,TRUE,TRUE,TRUE,FALSE,TRUE,TRUE,TRUE,"ok","ok","",""
"SchirmerM_2016","Schirmer 2016",90,"balanced","Ruminococcaceae_unclassified",0.72,0.71,0.73,71,73,5389,TRUE,TRUE,TRUE,FALSE,TRUE,TRUE,TRUE,"ok","ok","",""
"SchirmerM_2016","Schirmer 2016",90,"balanced","Ruminococcus",0.89,0.91,0.87,91,87,66714,TRUE,TRUE,TRUE,FALSE,TRUE,TRUE,TRUE,"ok","ok","",""
"SchirmerM_2016","Schirmer 2016",90,"balanced","Streptococcus",0.93,0.94,0.92,94,92,6793,TRUE,TRUE,TRUE,FALSE,TRUE,TRUE,TRUE,"ok","ok","",""
"SchirmerM_2016","Schirmer 2016",90,"fourfold","Agathobaculum",0.88,0.85,0.91,85,91,3740,TRUE,TRUE,TRUE,FALSE,TRUE,TRUE,TRUE,"ok","ok","",""
"SchirmerM_2016","Schirmer 2016",90,"fourfold","Akkermansia",0.45,0.44,0.46,44,46,9462,TRUE,TRUE,TRUE,FALSE,TRUE,TRUE,TRUE,"ok","ok","",""
"SchirmerM_2016","Schirmer 2016",90,"fourfold","Alistipes",0.95,0.93,0.97,93,97,26931,TRUE,TRUE,TRUE,FALSE,TRUE,TRUE,TRUE,"ok","ok","",""
"SchirmerM_2016","Schirmer 2016",90,"fourfold","Anaerobutyricum",0.985,0.99,0.98,99,98,19621,TRUE,TRUE,TRUE,FALSE,TRUE,TRUE,TRUE,"ok","ok","",""
"SchirmerM_2016","Schirmer 2016",90,"fourfold","Anaerostipes",0.995,0.99,1,99,100,23230,TRUE,TRUE,TRUE,FALSE,TRUE,TRUE,TRUE,"ok","ok","",""
"SchirmerM_2016","Schirmer 2016",90,"fourfold","Bacteroides",1,1,1,100,100,54430,TRUE,TRUE,FALSE,TRUE,TRUE,TRUE,TRUE,"no_observed_zeros","ok","",""
"SchirmerM_2016","Schirmer 2016",90,"fourfold","Barnesiella",0.8,0.8,0.8,80,80,6089,TRUE,TRUE,TRUE,FALSE,TRUE,TRUE,TRUE,"ok","ok","",""
"SchirmerM_2016","Schirmer 2016",90,"fourfold","Bifidobacterium",0.975,0.98,0.97,98,97,115313,TRUE,TRUE,TRUE,FALSE,TRUE,TRUE,TRUE,"ok","ok","",""
"SchirmerM_2016","Schirmer 2016",90,"fourfold","Blautia",1,1,1,100,100,20444,TRUE,TRUE,FALSE,TRUE,TRUE,TRUE,TRUE,"no_observed_zeros","ok","",""
"SchirmerM_2016","Schirmer 2016",90,"fourfold","Collinsella",0.93,0.92,0.94,92,94,37721,TRUE,TRUE,TRUE,FALSE,TRUE,TRUE,TRUE,"ok","ok","",""
"SchirmerM_2016","Schirmer 2016",90,"fourfold","Coprococcus",0.97,0.96,0.98,96,98,29469,TRUE,TRUE,TRUE,FALSE,TRUE,TRUE,TRUE,"ok","ok","",""
"SchirmerM_2016","Schirmer 2016",90,"fourfold","Dialister",0.54,0.5,0.58,50,58,5855,TRUE,TRUE,TRUE,FALSE,TRUE,TRUE,TRUE,"ok","ok","",""
"SchirmerM_2016","Schirmer 2016",90,"fourfold","Dorea",0.99,0.99,0.99,99,99,30253,TRUE,TRUE,TRUE,FALSE,TRUE,TRUE,TRUE,"ok","ok","",""
"SchirmerM_2016","Schirmer 2016",90,"fourfold","Eubacterium",0.965,0.93,1,93,100,15556,TRUE,TRUE,TRUE,FALSE,TRUE,TRUE,TRUE,"ok","ok","",""
"SchirmerM_2016","Schirmer 2016",90,"fourfold","Faecalibacterium",0.985,0.99,0.98,99,98,54188,TRUE,TRUE,TRUE,FALSE,TRUE,TRUE,TRUE,"ok","ok","",""
"SchirmerM_2016","Schirmer 2016",90,"fourfold","Firmicutes_unclassified",0.83,0.75,0.91,75,91,4556,TRUE,TRUE,TRUE,FALSE,TRUE,TRUE,TRUE,"ok","ok","",""
"SchirmerM_2016","Schirmer 2016",90,"fourfold","Fusicatenibacter",0.975,0.97,0.98,97,98,31631,TRUE,TRUE,TRUE,FALSE,TRUE,TRUE,TRUE,"ok","ok","",""
"SchirmerM_2016","Schirmer 2016",90,"fourfold","Lachnospira",0.86,0.86,0.86,86,86,9316,TRUE,TRUE,TRUE,FALSE,TRUE,TRUE,TRUE,"ok","ok","",""
"SchirmerM_2016","Schirmer 2016",90,"fourfold","Lachnospiraceae_unclassified",0.915,0.91,0.92,91,92,39523,TRUE,TRUE,TRUE,FALSE,TRUE,TRUE,TRUE,"ok","ok","",""
"SchirmerM_2016","Schirmer 2016",90,"fourfold","Mediterraneibacter",0.97,0.97,0.97,97,97,23167,TRUE,TRUE,TRUE,FALSE,TRUE,TRUE,TRUE,"ok","ok","",""
"SchirmerM_2016","Schirmer 2016",90,"fourfold","Methanobrevibacter",0.37,0.38,0.36,38,36,6960,TRUE,TRUE,TRUE,FALSE,TRUE,TRUE,TRUE,"ok","ok","",""
"SchirmerM_2016","Schirmer 2016",90,"fourfold","Oscillibacter",0.785,0.7,0.87,70,87,4170,TRUE,TRUE,TRUE,FALSE,TRUE,TRUE,TRUE,"ok","ok","",""
"SchirmerM_2016","Schirmer 2016",90,"fourfold","Parabacteroides",0.94,0.93,0.95,93,95,12736,TRUE,TRUE,TRUE,FALSE,TRUE,TRUE,TRUE,"ok","ok","",""
"SchirmerM_2016","Schirmer 2016",90,"fourfold","Phascolarctobacterium",0.48,0.5,0.46,50,46,3102,TRUE,TRUE,TRUE,FALSE,TRUE,TRUE,TRUE,"ok","ok","",""
"SchirmerM_2016","Schirmer 2016",90,"fourfold","Phocaeicola",0.995,0.99,1,99,100,37382,TRUE,TRUE,TRUE,FALSE,TRUE,TRUE,TRUE,"ok","ok","",""
"SchirmerM_2016","Schirmer 2016",90,"fourfold","Prevotella",0.505,0.46,0.55,46,55,48495,TRUE,TRUE,TRUE,FALSE,TRUE,TRUE,TRUE,"ok","ok","",""
"SchirmerM_2016","Schirmer 2016",90,"fourfold","Roseburia",0.985,0.99,0.98,99,98,43677,TRUE,TRUE,TRUE,FALSE,TRUE,TRUE,TRUE,"ok","ok","",""
"SchirmerM_2016","Schirmer 2016",90,"fourfold","Ruminococcaceae_unclassified",0.675,0.62,0.73,62,73,4023,TRUE,TRUE,TRUE,FALSE,TRUE,TRUE,TRUE,"ok","ok","",""
"SchirmerM_2016","Schirmer 2016",90,"fourfold","Ruminococcus",0.9,0.91,0.89,91,89,60499,TRUE,TRUE,TRUE,FALSE,TRUE,TRUE,TRUE,"ok","ok","",""
"SchirmerM_2016","Schirmer 2016",90,"fourfold","Streptococcus",0.88,0.87,0.89,87,89,7187,TRUE,TRUE,TRUE,FALSE,TRUE,TRUE,TRUE,"ok","ok","",""
"SchirmerM_2016","Schirmer 2016",91,"balanced","Agathobaculum",0.885,0.9,0.87,90,87,3633,TRUE,TRUE,TRUE,FALSE,TRUE,TRUE,TRUE,"ok","ok","",""
"SchirmerM_2016","Schirmer 2016",91,"balanced","Akkermansia",0.47,0.48,0.46,48,46,10049,TRUE,TRUE,TRUE,FALSE,TRUE,TRUE,TRUE,"ok","ok","",""
"SchirmerM_2016","Schirmer 2016",91,"balanced","Alistipes",0.96,0.95,0.97,95,97,28507,TRUE,TRUE,TRUE,FALSE,TRUE,TRUE,TRUE,"ok","ok","",""
"SchirmerM_2016","Schirmer 2016",91,"balanced","Anaerobutyricum",0.985,1,0.97,100,97,21469,TRUE,TRUE,TRUE,FALSE,TRUE,TRUE,TRUE,"ok","ok","",""
"SchirmerM_2016","Schirmer 2016",91,"balanced","Anaerostipes",0.995,1,0.99,100,99,24032,TRUE,TRUE,TRUE,FALSE,TRUE,TRUE,TRUE,"ok","ok","",""
"SchirmerM_2016","Schirmer 2016",91,"balanced","Bacteroides",1,1,1,100,100,58253,TRUE,TRUE,FALSE,TRUE,TRUE,TRUE,TRUE,"no_observed_zeros","ok","",""
"SchirmerM_2016","Schirmer 2016",91,"balanced","Barnesiella",0.805,0.84,0.77,84,77,6711,TRUE,TRUE,TRUE,FALSE,TRUE,TRUE,TRUE,"ok","ok","",""
"SchirmerM_2016","Schirmer 2016",91,"balanced","Bifidobacterium",0.98,0.97,0.99,97,99,133037,TRUE,TRUE,TRUE,FALSE,TRUE,TRUE,TRUE,"ok","ok","",""
"SchirmerM_2016","Schirmer 2016",91,"balanced","Blautia",1,1,1,100,100,22674,TRUE,TRUE,FALSE,TRUE,TRUE,TRUE,TRUE,"no_observed_zeros","ok","",""
"SchirmerM_2016","Schirmer 2016",91,"balanced","Collinsella",0.935,0.95,0.92,95,92,38925,TRUE,TRUE,TRUE,FALSE,TRUE,TRUE,TRUE,"ok","ok","",""
"SchirmerM_2016","Schirmer 2016",91,"balanced","Coprococcus",0.975,0.96,0.99,96,99,32076,TRUE,TRUE,TRUE,FALSE,TRUE,TRUE,TRUE,"ok","ok","",""
"SchirmerM_2016","Schirmer 2016",91,"balanced","Dialister",0.54,0.52,0.56,52,56,4774,TRUE,TRUE,TRUE,FALSE,TRUE,TRUE,TRUE,"ok","ok","",""
"SchirmerM_2016","Schirmer 2016",91,"balanced","Dorea",0.99,0.99,0.99,99,99,32097,TRUE,TRUE,TRUE,FALSE,TRUE,TRUE,TRUE,"ok","ok","",""
"SchirmerM_2016","Schirmer 2016",91,"balanced","Eubacterium",0.98,0.98,0.98,98,98,16263,TRUE,TRUE,TRUE,FALSE,TRUE,TRUE,TRUE,"ok","ok","",""
"SchirmerM_2016","Schirmer 2016",91,"balanced","Faecalibacterium",0.985,0.98,0.99,98,99,59018,TRUE,TRUE,TRUE,FALSE,TRUE,TRUE,TRUE,"ok","ok","",""
"SchirmerM_2016","Schirmer 2016",91,"balanced","Firmicutes_unclassified",0.85,0.87,0.83,87,83,4855,TRUE,TRUE,TRUE,FALSE,TRUE,TRUE,TRUE,"ok","ok","",""
"SchirmerM_2016","Schirmer 2016",91,"balanced","Fusicatenibacter",0.98,0.98,0.98,98,98,32444,TRUE,TRUE,TRUE,FALSE,TRUE,TRUE,TRUE,"ok","ok","",""
"SchirmerM_2016","Schirmer 2016",91,"balanced","Lachnospira",0.85,0.84,0.86,84,86,9688,TRUE,TRUE,TRUE,FALSE,TRUE,TRUE,TRUE,"ok","ok","",""
"SchirmerM_2016","Schirmer 2016",91,"balanced","Lachnospiraceae_unclassified",0.93,0.92,0.94,92,94,44515,TRUE,TRUE,TRUE,FALSE,TRUE,TRUE,TRUE,"ok","ok","",""
"SchirmerM_2016","Schirmer 2016",91,"balanced","Mediterraneibacter",0.98,0.97,0.99,97,99,26159,TRUE,TRUE,TRUE,FALSE,TRUE,TRUE,TRUE,"ok","ok","",""
"SchirmerM_2016","Schirmer 2016",91,"balanced","Methanobrevibacter",0.38,0.38,0.38,38,38,8413,TRUE,TRUE,TRUE,FALSE,TRUE,TRUE,TRUE,"ok","ok","",""
"SchirmerM_2016","Schirmer 2016",91,"balanced","Oscillibacter",0.835,0.86,0.81,86,81,4347,TRUE,TRUE,TRUE,FALSE,TRUE,TRUE,TRUE,"ok","ok","",""
"SchirmerM_2016","Schirmer 2016",91,"balanced","Parabacteroides",0.96,0.93,0.99,93,99,14056,TRUE,TRUE,TRUE,FALSE,TRUE,TRUE,TRUE,"ok","ok","",""
"SchirmerM_2016","Schirmer 2016",91,"balanced","Phascolarctobacterium",0.48,0.53,0.43,53,43,3426,TRUE,TRUE,TRUE,FALSE,TRUE,TRUE,TRUE,"ok","ok","",""
"SchirmerM_2016","Schirmer 2016",91,"balanced","Phocaeicola",1,1,1,100,100,43173,TRUE,TRUE,FALSE,TRUE,TRUE,TRUE,TRUE,"no_observed_zeros","ok","",""
"SchirmerM_2016","Schirmer 2016",91,"balanced","Prevotella",0.5,0.46,0.54,46,54,51367,TRUE,TRUE,TRUE,FALSE,TRUE,TRUE,TRUE,"ok","ok","",""
"SchirmerM_2016","Schirmer 2016",91,"balanced","Roseburia",0.99,1,0.98,100,98,44625,TRUE,TRUE,TRUE,FALSE,TRUE,TRUE,TRUE,"ok","ok","",""
"SchirmerM_2016","Schirmer 2016",91,"balanced","Ruminococcaceae_unclassified",0.69,0.67,0.71,67,71,5572,TRUE,TRUE,TRUE,FALSE,TRUE,TRUE,TRUE,"ok","ok","",""
"SchirmerM_2016","Schirmer 2016",91,"balanced","Ruminococcus",0.9,0.91,0.89,91,89,70878,TRUE,TRUE,TRUE,FALSE,TRUE,TRUE,TRUE,"ok","ok","",""
"SchirmerM_2016","Schirmer 2016",91,"balanced","Streptococcus",0.915,0.91,0.92,91,92,7400,TRUE,TRUE,TRUE,FALSE,TRUE,TRUE,TRUE,"ok","ok","",""
"SchirmerM_2016","Schirmer 2016",91,"fourfold","Agathobaculum",0.91,0.88,0.94,88,94,3678,TRUE,TRUE,TRUE,FALSE,TRUE,TRUE,TRUE,"ok","ok","",""
"SchirmerM_2016","Schirmer 2016",91,"fourfold","Akkermansia",0.455,0.43,0.48,43,48,9710,TRUE,TRUE,TRUE,FALSE,TRUE,TRUE,TRUE,"ok","ok","",""
"SchirmerM_2016","Schirmer 2016",91,"fourfold","Alistipes",0.935,0.9,0.97,90,97,26215,TRUE,TRUE,TRUE,FALSE,TRUE,TRUE,TRUE,"ok","ok","",""
"SchirmerM_2016","Schirmer 2016",91,"fourfold","Anaerobutyricum",0.99,1,0.98,100,98,18423,TRUE,TRUE,TRUE,FALSE,TRUE,TRUE,TRUE,"ok","ok","",""
"SchirmerM_2016","Schirmer 2016",91,"fourfold","Anaerostipes",0.995,1,0.99,100,99,21432,TRUE,TRUE,TRUE,FALSE,TRUE,TRUE,TRUE,"ok","ok","",""
"SchirmerM_2016","Schirmer 2016",91,"fourfold","Bacteroides",1,1,1,100,100,48345,TRUE,TRUE,FALSE,TRUE,TRUE,TRUE,TRUE,"no_observed_zeros","ok","",""
"SchirmerM_2016","Schirmer 2016",91,"fourfold","Barnesiella",0.795,0.81,0.78,81,78,5927,TRUE,TRUE,TRUE,FALSE,TRUE,TRUE,TRUE,"ok","ok","",""
"SchirmerM_2016","Schirmer 2016",91,"fourfold","Bifidobacterium",0.975,0.97,0.98,97,98,121993,TRUE,TRUE,TRUE,FALSE,TRUE,TRUE,TRUE,"ok","ok","",""
"SchirmerM_2016","Schirmer 2016",91,"fourfold","Blautia",0.995,0.99,1,99,100,19599,TRUE,TRUE,TRUE,FALSE,TRUE,TRUE,TRUE,"ok","ok","",""
"SchirmerM_2016","Schirmer 2016",91,"fourfold","Collinsella",0.93,0.93,0.93,93,93,35270,TRUE,TRUE,TRUE,FALSE,TRUE,TRUE,TRUE,"ok","ok","",""
"SchirmerM_2016","Schirmer 2016",91,"fourfold","Coprococcus",0.975,0.97,0.98,97,98,31120,TRUE,TRUE,TRUE,FALSE,TRUE,TRUE,TRUE,"ok","ok","",""
"SchirmerM_2016","Schirmer 2016",91,"fourfold","Dialister",0.52,0.47,0.57,47,57,4488,TRUE,TRUE,TRUE,FALSE,TRUE,TRUE,TRUE,"ok","ok","",""
"SchirmerM_2016","Schirmer 2016",91,"fourfold","Dorea",0.99,0.99,0.99,99,99,29406,TRUE,TRUE,TRUE,FALSE,TRUE,TRUE,TRUE,"ok","ok","",""
"SchirmerM_2016","Schirmer 2016",91,"fourfold","Eubacterium",0.97,0.95,0.99,95,99,15951,TRUE,TRUE,TRUE,FALSE,TRUE,TRUE,TRUE,"ok","ok","",""
"SchirmerM_2016","Schirmer 2016",91,"fourfold","Faecalibacterium",0.985,0.98,0.99,98,99,54096,TRUE,TRUE,TRUE,FALSE,TRUE,TRUE,TRUE,"ok","ok","",""
"SchirmerM_2016","Schirmer 2016",91,"fourfold","Firmicutes_unclassified",0.8,0.76,0.84,76,84,4634,TRUE,TRUE,TRUE,FALSE,TRUE,TRUE,TRUE,"ok","ok","",""
"SchirmerM_2016","Schirmer 2016",91,"fourfold","Fusicatenibacter",0.98,0.98,0.98,98,98,31635,TRUE,TRUE,TRUE,FALSE,TRUE,TRUE,TRUE,"ok","ok","",""
"SchirmerM_2016","Schirmer 2016",91,"fourfold","Lachnospira",0.83,0.8,0.86,80,86,10429,TRUE,TRUE,TRUE,FALSE,TRUE,TRUE,TRUE,"ok","ok","",""
"SchirmerM_2016","Schirmer 2016",91,"fourfold","Lachnospiraceae_unclassified",0.91,0.9,0.92,90,92,39561,TRUE,TRUE,TRUE,FALSE,TRUE,TRUE,TRUE,"ok","ok","",""
"SchirmerM_2016","Schirmer 2016",91,"fourfold","Mediterraneibacter",0.985,0.98,0.99,98,99,23994,TRUE,TRUE,TRUE,FALSE,TRUE,TRUE,TRUE,"ok","ok","",""
"SchirmerM_2016","Schirmer 2016",91,"fourfold","Methanobrevibacter",0.37,0.35,0.39,35,39,7761,TRUE,TRUE,TRUE,FALSE,TRUE,TRUE,TRUE,"ok","ok","",""
"SchirmerM_2016","Schirmer 2016",91,"fourfold","Oscillibacter",0.78,0.77,0.79,77,79,4031,TRUE,TRUE,TRUE,FALSE,TRUE,TRUE,TRUE,"ok","ok","",""
"SchirmerM_2016","Schirmer 2016",91,"fourfold","Parabacteroides",0.955,0.92,0.99,92,99,13189,TRUE,TRUE,TRUE,FALSE,TRUE,TRUE,TRUE,"ok","ok","",""
"SchirmerM_2016","Schirmer 2016",91,"fourfold","Phascolarctobacterium",0.495,0.53,0.46,53,46,2736,TRUE,TRUE,TRUE,FALSE,TRUE,TRUE,TRUE,"ok","ok","",""
"SchirmerM_2016","Schirmer 2016",91,"fourfold","Phocaeicola",0.995,0.99,1,99,100,41041,TRUE,TRUE,TRUE,FALSE,TRUE,TRUE,TRUE,"ok","ok","",""
"SchirmerM_2016","Schirmer 2016",91,"fourfold","Prevotella",0.5,0.43,0.57,43,57,61825,TRUE,TRUE,TRUE,FALSE,TRUE,TRUE,TRUE,"ok","ok","",""
"SchirmerM_2016","Schirmer 2016",91,"fourfold","Roseburia",0.985,0.99,0.98,99,98,48801,TRUE,TRUE,TRUE,FALSE,TRUE,TRUE,TRUE,"ok","ok","",""
"SchirmerM_2016","Schirmer 2016",91,"fourfold","Ruminococcaceae_unclassified",0.65,0.6,0.7,60,70,4615,TRUE,TRUE,TRUE,FALSE,TRUE,TRUE,TRUE,"ok","ok","",""
"SchirmerM_2016","Schirmer 2016",91,"fourfold","Ruminococcus",0.88,0.87,0.89,87,89,68560,TRUE,TRUE,TRUE,FALSE,TRUE,TRUE,TRUE,"ok","ok","",""
"SchirmerM_2016","Schirmer 2016",91,"fourfold","Streptococcus",0.905,0.86,0.95,86,95,5882,TRUE,TRUE,TRUE,FALSE,TRUE,TRUE,TRUE,"ok","ok","",""
"SchirmerM_2016","Schirmer 2016",92,"balanced","Agathobaculum",0.915,0.93,0.9,93,90,3811,TRUE,TRUE,TRUE,FALSE,TRUE,TRUE,TRUE,"ok","ok","",""
"SchirmerM_2016","Schirmer 2016",92,"balanced","Akkermansia",0.47,0.43,0.51,43,51,9091,TRUE,TRUE,TRUE,FALSE,TRUE,TRUE,TRUE,"ok","ok","",""
"SchirmerM_2016","Schirmer 2016",92,"balanced","Alistipes",0.945,0.9,0.99,90,99,28599,TRUE,TRUE,TRUE,FALSE,TRUE,TRUE,TRUE,"ok","ok","",""
"SchirmerM_2016","Schirmer 2016",92,"balanced","Anaerobutyricum",0.99,0.99,0.99,99,99,20878,TRUE,TRUE,TRUE,FALSE,TRUE,TRUE,TRUE,"ok","ok","",""
"SchirmerM_2016","Schirmer 2016",92,"balanced","Anaerostipes",0.995,1,0.99,100,99,24383,TRUE,TRUE,TRUE,FALSE,TRUE,TRUE,TRUE,"ok","ok","",""
"SchirmerM_2016","Schirmer 2016",92,"balanced","Bacteroides",1,1,1,100,100,58719,TRUE,TRUE,FALSE,TRUE,TRUE,TRUE,TRUE,"no_observed_zeros","ok","",""
"SchirmerM_2016","Schirmer 2016",92,"balanced","Barnesiella",0.815,0.81,0.82,81,82,6527,TRUE,TRUE,TRUE,FALSE,TRUE,TRUE,TRUE,"ok","ok","",""
"SchirmerM_2016","Schirmer 2016",92,"balanced","Bifidobacterium",0.98,0.99,0.97,99,97,129951,TRUE,TRUE,TRUE,FALSE,TRUE,TRUE,TRUE,"ok","ok","",""
"SchirmerM_2016","Schirmer 2016",92,"balanced","Blautia",1,1,1,100,100,20422,TRUE,TRUE,FALSE,TRUE,TRUE,TRUE,TRUE,"no_observed_zeros","ok","",""
"SchirmerM_2016","Schirmer 2016",92,"balanced","Collinsella",0.92,0.94,0.9,94,90,38701,TRUE,TRUE,TRUE,FALSE,TRUE,TRUE,TRUE,"ok","ok","",""
"SchirmerM_2016","Schirmer 2016",92,"balanced","Coprococcus",0.975,0.97,0.98,97,98,32823,TRUE,TRUE,TRUE,FALSE,TRUE,TRUE,TRUE,"ok","ok","",""
"SchirmerM_2016","Schirmer 2016",92,"balanced","Dialister",0.545,0.51,0.58,51,58,4797,TRUE,TRUE,TRUE,FALSE,TRUE,TRUE,TRUE,"ok","ok","",""
"SchirmerM_2016","Schirmer 2016",92,"balanced","Dorea",0.99,0.99,0.99,99,99,32533,TRUE,TRUE,TRUE,FALSE,TRUE,TRUE,TRUE,"ok","ok","",""
"SchirmerM_2016","Schirmer 2016",92,"balanced","Eubacterium",0.975,0.99,0.96,99,96,17284,TRUE,TRUE,TRUE,FALSE,TRUE,TRUE,TRUE,"ok","ok","",""
"SchirmerM_2016","Schirmer 2016",92,"balanced","Faecalibacterium",0.985,0.99,0.98,99,98,57905,TRUE,TRUE,TRUE,FALSE,TRUE,TRUE,TRUE,"ok","ok","",""
"SchirmerM_2016","Schirmer 2016",92,"balanced","Firmicutes_unclassified",0.84,0.86,0.82,86,82,5055,TRUE,TRUE,TRUE,FALSE,TRUE,TRUE,TRUE,"ok","ok","",""
"SchirmerM_2016","Schirmer 2016",92,"balanced","Fusicatenibacter",0.965,0.98,0.95,98,95,33273,TRUE,TRUE,TRUE,FALSE,TRUE,TRUE,TRUE,"ok","ok","",""
"SchirmerM_2016","Schirmer 2016",92,"balanced","Lachnospira",0.875,0.9,0.85,90,85,10703,TRUE,TRUE,TRUE,FALSE,TRUE,TRUE,TRUE,"ok","ok","",""
"SchirmerM_2016","Schirmer 2016",92,"balanced","Lachnospiraceae_unclassified",0.93,0.94,0.92,94,92,42950,TRUE,TRUE,TRUE,FALSE,TRUE,TRUE,TRUE,"ok","ok","",""
"SchirmerM_2016","Schirmer 2016",92,"balanced","Mediterraneibacter",0.995,0.99,1,99,100,24963,TRUE,TRUE,TRUE,FALSE,TRUE,TRUE,TRUE,"ok","ok","",""
"SchirmerM_2016","Schirmer 2016",92,"balanced","Methanobrevibacter",0.38,0.38,0.38,38,38,8197,TRUE,TRUE,TRUE,FALSE,TRUE,TRUE,TRUE,"ok","ok","",""
"SchirmerM_2016","Schirmer 2016",92,"balanced","Oscillibacter",0.82,0.78,0.86,78,86,4689,TRUE,TRUE,TRUE,FALSE,TRUE,TRUE,TRUE,"ok","ok","",""
"SchirmerM_2016","Schirmer 2016",92,"balanced","Parabacteroides",0.965,0.97,0.96,97,96,13695,TRUE,TRUE,TRUE,FALSE,TRUE,TRUE,TRUE,"ok","ok","",""
"SchirmerM_2016","Schirmer 2016",92,"balanced","Phascolarctobacterium",0.49,0.53,0.45,53,45,3839,TRUE,TRUE,TRUE,FALSE,TRUE,TRUE,TRUE,"ok","ok","",""
"SchirmerM_2016","Schirmer 2016",92,"balanced","Phocaeicola",1,1,1,100,100,44822,TRUE,TRUE,FALSE,TRUE,TRUE,TRUE,TRUE,"no_observed_zeros","ok","",""
"SchirmerM_2016","Schirmer 2016",92,"balanced","Prevotella",0.515,0.48,0.55,48,55,49536,TRUE,TRUE,TRUE,FALSE,TRUE,TRUE,TRUE,"ok","ok","",""
"SchirmerM_2016","Schirmer 2016",92,"balanced","Roseburia",0.99,0.99,0.99,99,99,47699,TRUE,TRUE,TRUE,FALSE,TRUE,TRUE,TRUE,"ok","ok","",""
"SchirmerM_2016","Schirmer 2016",92,"balanced","Ruminococcaceae_unclassified",0.71,0.64,0.78,64,78,5070,TRUE,TRUE,TRUE,FALSE,TRUE,TRUE,TRUE,"ok","ok","",""
"SchirmerM_2016","Schirmer 2016",92,"balanced","Ruminococcus",0.89,0.92,0.86,92,86,69515,TRUE,TRUE,TRUE,FALSE,TRUE,TRUE,TRUE,"ok","ok","",""
"SchirmerM_2016","Schirmer 2016",92,"balanced","Streptococcus",0.91,0.88,0.94,88,94,7172,TRUE,TRUE,TRUE,FALSE,TRUE,TRUE,TRUE,"ok","ok","",""
"SchirmerM_2016","Schirmer 2016",92,"fourfold","Agathobaculum",0.84,0.77,0.91,77,91,3945,TRUE,TRUE,TRUE,FALSE,TRUE,TRUE,TRUE,"ok","ok","",""
"SchirmerM_2016","Schirmer 2016",92,"fourfold","Akkermansia",0.455,0.38,0.53,38,53,8972,TRUE,TRUE,TRUE,FALSE,TRUE,TRUE,TRUE,"ok","ok","",""
"SchirmerM_2016","Schirmer 2016",92,"fourfold","Alistipes",0.955,0.92,0.99,92,99,28798,TRUE,TRUE,TRUE,FALSE,TRUE,TRUE,TRUE,"ok","ok","",""
"SchirmerM_2016","Schirmer 2016",92,"fourfold","Anaerobutyricum",0.99,0.99,0.99,99,99,20357,TRUE,TRUE,TRUE,FALSE,TRUE,TRUE,TRUE,"ok","ok","",""
"SchirmerM_2016","Schirmer 2016",92,"fourfold","Anaerostipes",0.995,1,0.99,100,99,23648,TRUE,TRUE,TRUE,FALSE,TRUE,TRUE,TRUE,"ok","ok","",""
"SchirmerM_2016","Schirmer 2016",92,"fourfold","Bacteroides",1,1,1,100,100,57940,TRUE,TRUE,FALSE,TRUE,TRUE,TRUE,TRUE,"no_observed_zeros","ok","",""
"SchirmerM_2016","Schirmer 2016",92,"fourfold","Barnesiella",0.795,0.76,0.83,76,83,7182,TRUE,TRUE,TRUE,FALSE,TRUE,TRUE,TRUE,"ok","ok","",""
"SchirmerM_2016","Schirmer 2016",92,"fourfold","Bifidobacterium",0.985,1,0.97,100,97,114572,TRUE,TRUE,TRUE,FALSE,TRUE,TRUE,TRUE,"ok","ok","",""
"SchirmerM_2016","Schirmer 2016",92,"fourfold","Blautia",1,1,1,100,100,23308,TRUE,TRUE,FALSE,TRUE,TRUE,TRUE,TRUE,"no_observed_zeros","ok","",""
"SchirmerM_2016","Schirmer 2016",92,"fourfold","Collinsella",0.915,0.93,0.9,93,90,37651,TRUE,TRUE,TRUE,FALSE,TRUE,TRUE,TRUE,"ok","ok","",""
"SchirmerM_2016","Schirmer 2016",92,"fourfold","Coprococcus",0.97,0.97,0.97,97,97,31607,TRUE,TRUE,TRUE,FALSE,TRUE,TRUE,TRUE,"ok","ok","",""
"SchirmerM_2016","Schirmer 2016",92,"fourfold","Dialister",0.52,0.49,0.55,49,55,5846,TRUE,TRUE,TRUE,FALSE,TRUE,TRUE,TRUE,"ok","ok","",""
"SchirmerM_2016","Schirmer 2016",92,"fourfold","Dorea",0.99,0.99,0.99,99,99,32949,TRUE,TRUE,TRUE,FALSE,TRUE,TRUE,TRUE,"ok","ok","",""
"SchirmerM_2016","Schirmer 2016",92,"fourfold","Eubacterium",0.975,0.96,0.99,96,99,16781,TRUE,TRUE,TRUE,FALSE,TRUE,TRUE,TRUE,"ok","ok","",""
"SchirmerM_2016","Schirmer 2016",92,"fourfold","Faecalibacterium",0.985,0.99,0.98,99,98,55266,TRUE,TRUE,TRUE,FALSE,TRUE,TRUE,TRUE,"ok","ok","",""
"SchirmerM_2016","Schirmer 2016",92,"fourfold","Firmicutes_unclassified",0.825,0.8,0.85,80,85,4642,TRUE,TRUE,TRUE,FALSE,TRUE,TRUE,TRUE,"ok","ok","",""
"SchirmerM_2016","Schirmer 2016",92,"fourfold","Fusicatenibacter",0.97,0.97,0.97,97,97,33361,TRUE,TRUE,TRUE,FALSE,TRUE,TRUE,TRUE,"ok","ok","",""
"SchirmerM_2016","Schirmer 2016",92,"fourfold","Lachnospira",0.87,0.87,0.87,87,87,9630,TRUE,TRUE,TRUE,FALSE,TRUE,TRUE,TRUE,"ok","ok","",""
"SchirmerM_2016","Schirmer 2016",92,"fourfold","Lachnospiraceae_unclassified",0.935,0.92,0.95,92,95,44841,TRUE,TRUE,TRUE,FALSE,TRUE,TRUE,TRUE,"ok","ok","",""
"SchirmerM_2016","Schirmer 2016",92,"fourfold","Mediterraneibacter",0.985,0.98,0.99,98,99,25045,TRUE,TRUE,TRUE,FALSE,TRUE,TRUE,TRUE,"ok","ok","",""
"SchirmerM_2016","Schirmer 2016",92,"fourfold","Methanobrevibacter",0.365,0.37,0.36,37,36,6888,TRUE,TRUE,TRUE,FALSE,TRUE,TRUE,TRUE,"ok","ok","",""
"SchirmerM_2016","Schirmer 2016",92,"fourfold","Oscillibacter",0.8,0.73,0.87,73,87,4550,TRUE,TRUE,TRUE,FALSE,TRUE,TRUE,TRUE,"ok","ok","",""
"SchirmerM_2016","Schirmer 2016",92,"fourfold","Parabacteroides",0.955,0.95,0.96,95,96,14456,TRUE,TRUE,TRUE,FALSE,TRUE,TRUE,TRUE,"ok","ok","",""
"SchirmerM_2016","Schirmer 2016",92,"fourfold","Phascolarctobacterium",0.48,0.48,0.48,48,48,4454,TRUE,TRUE,TRUE,FALSE,TRUE,TRUE,TRUE,"ok","ok","",""
"SchirmerM_2016","Schirmer 2016",92,"fourfold","Phocaeicola",1,1,1,100,100,43077,TRUE,TRUE,FALSE,TRUE,TRUE,TRUE,TRUE,"no_observed_zeros","ok","",""
"SchirmerM_2016","Schirmer 2016",92,"fourfold","Prevotella",0.505,0.44,0.57,44,57,59184,TRUE,TRUE,TRUE,FALSE,TRUE,TRUE,TRUE,"ok","ok","",""
"SchirmerM_2016","Schirmer 2016",92,"fourfold","Roseburia",0.99,0.99,0.99,99,99,43382,TRUE,TRUE,TRUE,FALSE,TRUE,TRUE,TRUE,"ok","ok","",""
"SchirmerM_2016","Schirmer 2016",92,"fourfold","Ruminococcaceae_unclassified",0.655,0.51,0.8,51,80,5273,TRUE,TRUE,TRUE,FALSE,TRUE,TRUE,TRUE,"ok","ok","",""
"SchirmerM_2016","Schirmer 2016",92,"fourfold","Ruminococcus",0.895,0.91,0.88,91,88,67892,TRUE,TRUE,TRUE,FALSE,TRUE,TRUE,TRUE,"ok","ok","",""
"SchirmerM_2016","Schirmer 2016",92,"fourfold","Streptococcus",0.895,0.84,0.95,84,95,6734,TRUE,TRUE,TRUE,FALSE,TRUE,TRUE,TRUE,"ok","ok","",""
"SchirmerM_2016","Schirmer 2016",93,"balanced","Agathobaculum",0.915,0.91,0.92,91,92,3863,TRUE,TRUE,TRUE,FALSE,TRUE,TRUE,TRUE,"ok","ok","",""
"SchirmerM_2016","Schirmer 2016",93,"balanced","Akkermansia",0.48,0.47,0.49,47,49,8544,TRUE,TRUE,TRUE,FALSE,TRUE,TRUE,TRUE,"ok","ok","",""
"SchirmerM_2016","Schirmer 2016",93,"balanced","Alistipes",0.96,0.96,0.96,96,96,27346,TRUE,TRUE,TRUE,FALSE,TRUE,TRUE,TRUE,"ok","ok","",""
"SchirmerM_2016","Schirmer 2016",93,"balanced","Anaerobutyricum",0.99,1,0.98,100,98,20456,TRUE,TRUE,TRUE,FALSE,TRUE,TRUE,TRUE,"ok","ok","",""
"SchirmerM_2016","Schirmer 2016",93,"balanced","Anaerostipes",0.995,1,0.99,100,99,24064,TRUE,TRUE,TRUE,FALSE,TRUE,TRUE,TRUE,"ok","ok","",""
"SchirmerM_2016","Schirmer 2016",93,"balanced","Bacteroides",1,1,1,100,100,55308,TRUE,TRUE,FALSE,TRUE,TRUE,TRUE,TRUE,"no_observed_zeros","ok","",""
"SchirmerM_2016","Schirmer 2016",93,"balanced","Barnesiella",0.815,0.77,0.86,77,86,6641,TRUE,TRUE,TRUE,FALSE,TRUE,TRUE,TRUE,"ok","ok","",""
"SchirmerM_2016","Schirmer 2016",93,"balanced","Bifidobacterium",0.975,0.98,0.97,98,97,126216,TRUE,TRUE,TRUE,FALSE,TRUE,TRUE,TRUE,"ok","ok","",""
"SchirmerM_2016","Schirmer 2016",93,"balanced","Blautia",1,1,1,100,100,22042,TRUE,TRUE,FALSE,TRUE,TRUE,TRUE,TRUE,"no_observed_zeros","ok","",""
"SchirmerM_2016","Schirmer 2016",93,"balanced","Collinsella",0.915,0.94,0.89,94,89,38236,TRUE,TRUE,TRUE,FALSE,TRUE,TRUE,TRUE,"ok","ok","",""
"SchirmerM_2016","Schirmer 2016",93,"balanced","Coprococcus",0.975,0.99,0.96,99,96,31741,TRUE,TRUE,TRUE,FALSE,TRUE,TRUE,TRUE,"ok","ok","",""
"SchirmerM_2016","Schirmer 2016",93,"balanced","Dialister",0.53,0.51,0.55,51,55,4832,TRUE,TRUE,TRUE,FALSE,TRUE,TRUE,TRUE,"ok","ok","",""
"SchirmerM_2016","Schirmer 2016",93,"balanced","Dorea",0.99,0.98,1,98,100,31451,TRUE,TRUE,TRUE,FALSE,TRUE,TRUE,TRUE,"ok","ok","",""
"SchirmerM_2016","Schirmer 2016",93,"balanced","Eubacterium",0.98,1,0.96,100,96,14851,TRUE,TRUE,TRUE,FALSE,TRUE,TRUE,TRUE,"ok","ok","",""
"SchirmerM_2016","Schirmer 2016",93,"balanced","Faecalibacterium",0.985,1,0.97,100,97,56796,TRUE,TRUE,TRUE,FALSE,TRUE,TRUE,TRUE,"ok","ok","",""
"SchirmerM_2016","Schirmer 2016",93,"balanced","Firmicutes_unclassified",0.845,0.87,0.82,87,82,4858,TRUE,TRUE,TRUE,FALSE,TRUE,TRUE,TRUE,"ok","ok","",""
"SchirmerM_2016","Schirmer 2016",93,"balanced","Fusicatenibacter",0.975,0.99,0.96,99,96,32616,TRUE,TRUE,TRUE,FALSE,TRUE,TRUE,TRUE,"ok","ok","",""
"SchirmerM_2016","Schirmer 2016",93,"balanced","Lachnospira",0.855,0.88,0.83,88,83,10448,TRUE,TRUE,TRUE,FALSE,TRUE,TRUE,TRUE,"ok","ok","",""
"SchirmerM_2016","Schirmer 2016",93,"balanced","Lachnospiraceae_unclassified",0.92,0.94,0.9,94,90,42789,TRUE,TRUE,TRUE,FALSE,TRUE,TRUE,TRUE,"ok","ok","",""
"SchirmerM_2016","Schirmer 2016",93,"balanced","Mediterraneibacter",0.985,0.99,0.98,99,98,24605,TRUE,TRUE,TRUE,FALSE,TRUE,TRUE,TRUE,"ok","ok","",""
"SchirmerM_2016","Schirmer 2016",93,"balanced","Methanobrevibacter",0.365,0.4,0.33,40,33,6993,TRUE,TRUE,TRUE,FALSE,TRUE,TRUE,TRUE,"ok","ok","",""
"SchirmerM_2016","Schirmer 2016",93,"balanced","Oscillibacter",0.805,0.86,0.75,86,75,4413,TRUE,TRUE,TRUE,FALSE,TRUE,TRUE,TRUE,"ok","ok","",""
"SchirmerM_2016","Schirmer 2016",93,"balanced","Parabacteroides",0.96,0.96,0.96,96,96,12991,TRUE,TRUE,TRUE,FALSE,TRUE,TRUE,TRUE,"ok","ok","",""
"SchirmerM_2016","Schirmer 2016",93,"balanced","Phascolarctobacterium",0.49,0.51,0.47,51,47,3648,TRUE,TRUE,TRUE,FALSE,TRUE,TRUE,TRUE,"ok","ok","",""
"SchirmerM_2016","Schirmer 2016",93,"balanced","Phocaeicola",1,1,1,100,100,41369,TRUE,TRUE,FALSE,TRUE,TRUE,TRUE,TRUE,"no_observed_zeros","ok","",""
"SchirmerM_2016","Schirmer 2016",93,"balanced","Prevotella",0.515,0.55,0.48,55,48,53629,TRUE,TRUE,TRUE,FALSE,TRUE,TRUE,TRUE,"ok","ok","",""
"SchirmerM_2016","Schirmer 2016",93,"balanced","Roseburia",0.985,0.98,0.99,98,99,43545,TRUE,TRUE,TRUE,FALSE,TRUE,TRUE,TRUE,"ok","ok","",""
"SchirmerM_2016","Schirmer 2016",93,"balanced","Ruminococcaceae_unclassified",0.69,0.7,0.68,70,68,5138,TRUE,TRUE,TRUE,FALSE,TRUE,TRUE,TRUE,"ok","ok","",""
"SchirmerM_2016","Schirmer 2016",93,"balanced","Ruminococcus",0.91,0.92,0.9,92,90,67362,TRUE,TRUE,TRUE,FALSE,TRUE,TRUE,TRUE,"ok","ok","",""
"SchirmerM_2016","Schirmer 2016",93,"balanced","Streptococcus",0.925,0.9,0.95,90,95,7067,TRUE,TRUE,TRUE,FALSE,TRUE,TRUE,TRUE,"ok","ok","",""
"SchirmerM_2016","Schirmer 2016",93,"fourfold","Agathobaculum",0.87,0.79,0.95,79,95,3463,TRUE,TRUE,TRUE,FALSE,TRUE,TRUE,TRUE,"ok","ok","",""
"SchirmerM_2016","Schirmer 2016",93,"fourfold","Akkermansia",0.45,0.41,0.49,41,49,7941,TRUE,TRUE,TRUE,FALSE,TRUE,TRUE,TRUE,"ok","ok","",""
"SchirmerM_2016","Schirmer 2016",93,"fourfold","Alistipes",0.945,0.93,0.96,93,96,26542,TRUE,TRUE,TRUE,FALSE,TRUE,TRUE,TRUE,"ok","ok","",""
"SchirmerM_2016","Schirmer 2016",93,"fourfold","Anaerobutyricum",0.99,1,0.98,100,98,18720,TRUE,TRUE,TRUE,FALSE,TRUE,TRUE,TRUE,"ok","ok","",""
"SchirmerM_2016","Schirmer 2016",93,"fourfold","Anaerostipes",0.99,0.99,0.99,99,99,24201,TRUE,TRUE,TRUE,FALSE,TRUE,TRUE,TRUE,"ok","ok","",""
"SchirmerM_2016","Schirmer 2016",93,"fourfold","Bacteroides",1,1,1,100,100,52604,TRUE,TRUE,FALSE,TRUE,TRUE,TRUE,TRUE,"no_observed_zeros","ok","",""
"SchirmerM_2016","Schirmer 2016",93,"fourfold","Barnesiella",0.795,0.71,0.88,71,88,6508,TRUE,TRUE,TRUE,FALSE,TRUE,TRUE,TRUE,"ok","ok","",""
"SchirmerM_2016","Schirmer 2016",93,"fourfold","Bifidobacterium",0.98,0.98,0.98,98,98,121526,TRUE,TRUE,TRUE,FALSE,TRUE,TRUE,TRUE,"ok","ok","",""
"SchirmerM_2016","Schirmer 2016",93,"fourfold","Blautia",1,1,1,100,100,20737,TRUE,TRUE,FALSE,TRUE,TRUE,TRUE,TRUE,"no_observed_zeros","ok","",""
"SchirmerM_2016","Schirmer 2016",93,"fourfold","Collinsella",0.93,0.95,0.91,95,91,33893,TRUE,TRUE,TRUE,FALSE,TRUE,TRUE,TRUE,"ok","ok","",""
"SchirmerM_2016","Schirmer 2016",93,"fourfold","Coprococcus",0.975,0.99,0.96,99,96,26626,TRUE,TRUE,TRUE,FALSE,TRUE,TRUE,TRUE,"ok","ok","",""
"SchirmerM_2016","Schirmer 2016",93,"fourfold","Dialister",0.515,0.49,0.54,49,54,4395,TRUE,TRUE,TRUE,FALSE,TRUE,TRUE,TRUE,"ok","ok","",""
"SchirmerM_2016","Schirmer 2016",93,"fourfold","Dorea",0.99,0.98,1,98,100,27842,TRUE,TRUE,TRUE,FALSE,TRUE,TRUE,TRUE,"ok","ok","",""
"SchirmerM_2016","Schirmer 2016",93,"fourfold","Eubacterium",0.96,0.95,0.97,95,97,14407,TRUE,TRUE,TRUE,FALSE,TRUE,TRUE,TRUE,"ok","ok","",""
"SchirmerM_2016","Schirmer 2016",93,"fourfold","Faecalibacterium",0.985,1,0.97,100,97,50878,TRUE,TRUE,TRUE,FALSE,TRUE,TRUE,TRUE,"ok","ok","",""
"SchirmerM_2016","Schirmer 2016",93,"fourfold","Firmicutes_unclassified",0.795,0.73,0.86,73,86,4780,TRUE,TRUE,TRUE,FALSE,TRUE,TRUE,TRUE,"ok","ok","",""
"SchirmerM_2016","Schirmer 2016",93,"fourfold","Fusicatenibacter",0.98,0.99,0.97,99,97,29295,TRUE,TRUE,TRUE,FALSE,TRUE,TRUE,TRUE,"ok","ok","",""
"SchirmerM_2016","Schirmer 2016",93,"fourfold","Lachnospira",0.83,0.81,0.85,81,85,9307,TRUE,TRUE,TRUE,FALSE,TRUE,TRUE,TRUE,"ok","ok","",""
"SchirmerM_2016","Schirmer 2016",93,"fourfold","Lachnospiraceae_unclassified",0.92,0.91,0.93,91,93,40865,TRUE,TRUE,TRUE,FALSE,TRUE,TRUE,TRUE,"ok","ok","",""
"SchirmerM_2016","Schirmer 2016",93,"fourfold","Mediterraneibacter",0.985,0.99,0.98,99,98,24750,TRUE,TRUE,TRUE,FALSE,TRUE,TRUE,TRUE,"ok","ok","",""
"SchirmerM_2016","Schirmer 2016",93,"fourfold","Methanobrevibacter",0.365,0.37,0.36,37,36,7519,TRUE,TRUE,TRUE,FALSE,TRUE,TRUE,TRUE,"ok","ok","",""
"SchirmerM_2016","Schirmer 2016",93,"fourfold","Oscillibacter",0.79,0.77,0.81,77,81,3705,TRUE,TRUE,TRUE,FALSE,TRUE,TRUE,TRUE,"ok","ok","",""
"SchirmerM_2016","Schirmer 2016",93,"fourfold","Parabacteroides",0.955,0.94,0.97,94,97,12808,TRUE,TRUE,TRUE,FALSE,TRUE,TRUE,TRUE,"ok","ok","",""
"SchirmerM_2016","Schirmer 2016",93,"fourfold","Phascolarctobacterium",0.47,0.48,0.46,48,46,2893,TRUE,TRUE,TRUE,FALSE,TRUE,TRUE,TRUE,"ok","ok","",""
"SchirmerM_2016","Schirmer 2016",93,"fourfold","Phocaeicola",0.995,0.99,1,99,100,43516,TRUE,TRUE,TRUE,FALSE,TRUE,TRUE,TRUE,"ok","ok","",""
"SchirmerM_2016","Schirmer 2016",93,"fourfold","Prevotella",0.51,0.54,0.48,54,48,44817,TRUE,TRUE,TRUE,FALSE,TRUE,TRUE,TRUE,"ok","ok","",""
"SchirmerM_2016","Schirmer 2016",93,"fourfold","Roseburia",0.985,0.98,0.99,98,99,41497,TRUE,TRUE,TRUE,FALSE,TRUE,TRUE,TRUE,"ok","ok","",""
"SchirmerM_2016","Schirmer 2016",93,"fourfold","Ruminococcaceae_unclassified",0.66,0.6,0.72,60,72,6963,TRUE,TRUE,TRUE,FALSE,TRUE,TRUE,TRUE,"ok","ok","",""
"SchirmerM_2016","Schirmer 2016",93,"fourfold","Ruminococcus",0.89,0.89,0.89,89,89,64734,TRUE,TRUE,TRUE,FALSE,TRUE,TRUE,TRUE,"ok","ok","",""
"SchirmerM_2016","Schirmer 2016",93,"fourfold","Streptococcus",0.89,0.83,0.95,83,95,6562,TRUE,TRUE,TRUE,FALSE,TRUE,TRUE,TRUE,"ok","ok","",""
"SchirmerM_2016","Schirmer 2016",94,"balanced","Agathobaculum",0.875,0.9,0.85,90,85,4070,TRUE,TRUE,TRUE,FALSE,TRUE,TRUE,TRUE,"ok","ok","",""
"SchirmerM_2016","Schirmer 2016",94,"balanced","Akkermansia",0.465,0.48,0.45,48,45,8088,TRUE,TRUE,TRUE,FALSE,TRUE,TRUE,TRUE,"ok","ok","",""
"SchirmerM_2016","Schirmer 2016",94,"balanced","Alistipes",0.965,0.94,0.99,94,99,30109,TRUE,TRUE,TRUE,FALSE,TRUE,TRUE,TRUE,"ok","ok","",""
"SchirmerM_2016","Schirmer 2016",94,"balanced","Anaerobutyricum",0.99,0.98,1,98,100,21192,TRUE,TRUE,TRUE,FALSE,TRUE,TRUE,TRUE,"ok","ok","",""
"SchirmerM_2016","Schirmer 2016",94,"balanced","Anaerostipes",0.995,1,0.99,100,99,24471,TRUE,TRUE,TRUE,FALSE,TRUE,TRUE,TRUE,"ok","ok","",""
"SchirmerM_2016","Schirmer 2016",94,"balanced","Bacteroides",1,1,1,100,100,59350,TRUE,TRUE,FALSE,TRUE,TRUE,TRUE,TRUE,"no_observed_zeros","ok","",""
"SchirmerM_2016","Schirmer 2016",94,"balanced","Barnesiella",0.785,0.76,0.81,76,81,7149,TRUE,TRUE,TRUE,FALSE,TRUE,TRUE,TRUE,"ok","ok","",""
"SchirmerM_2016","Schirmer 2016",94,"balanced","Bifidobacterium",0.98,0.97,0.99,97,99,131549,TRUE,TRUE,TRUE,FALSE,TRUE,TRUE,TRUE,"ok","ok","",""
"SchirmerM_2016","Schirmer 2016",94,"balanced","Blautia",1,1,1,100,100,23773,TRUE,TRUE,FALSE,TRUE,TRUE,TRUE,TRUE,"no_observed_zeros","ok","",""
"SchirmerM_2016","Schirmer 2016",94,"balanced","Collinsella",0.93,0.92,0.94,92,94,40895,TRUE,TRUE,TRUE,FALSE,TRUE,TRUE,TRUE,"ok","ok","",""
"SchirmerM_2016","Schirmer 2016",94,"balanced","Coprococcus",0.975,0.97,0.98,97,98,33721,TRUE,TRUE,TRUE,FALSE,TRUE,TRUE,TRUE,"ok","ok","",""
"SchirmerM_2016","Schirmer 2016",94,"balanced","Dialister",0.54,0.56,0.52,56,52,4881,TRUE,TRUE,TRUE,FALSE,TRUE,TRUE,TRUE,"ok","ok","",""
"SchirmerM_2016","Schirmer 2016",94,"balanced","Dorea",0.99,0.99,0.99,99,99,33649,TRUE,TRUE,TRUE,FALSE,TRUE,TRUE,TRUE,"ok","ok","",""
"SchirmerM_2016","Schirmer 2016",94,"balanced","Eubacterium",0.975,0.97,0.98,97,98,19096,TRUE,TRUE,TRUE,FALSE,TRUE,TRUE,TRUE,"ok","ok","",""
"SchirmerM_2016","Schirmer 2016",94,"balanced","Faecalibacterium",0.985,0.98,0.99,98,99,62691,TRUE,TRUE,TRUE,FALSE,TRUE,TRUE,TRUE,"ok","ok","",""
"SchirmerM_2016","Schirmer 2016",94,"balanced","Firmicutes_unclassified",0.87,0.84,0.9,84,90,5911,TRUE,TRUE,TRUE,FALSE,TRUE,TRUE,TRUE,"ok","ok","",""
"SchirmerM_2016","Schirmer 2016",94,"balanced","Fusicatenibacter",0.975,0.98,0.97,98,97,35944,TRUE,TRUE,TRUE,FALSE,TRUE,TRUE,TRUE,"ok","ok","",""
"SchirmerM_2016","Schirmer 2016",94,"balanced","Lachnospira",0.845,0.79,0.9,79,90,9981,TRUE,TRUE,TRUE,FALSE,TRUE,TRUE,TRUE,"ok","ok","",""
"SchirmerM_2016","Schirmer 2016",94,"balanced","Lachnospiraceae_unclassified",0.93,0.91,0.95,91,95,48366,TRUE,TRUE,TRUE,FALSE,TRUE,TRUE,TRUE,"ok","ok","",""
"SchirmerM_2016","Schirmer 2016",94,"balanced","Mediterraneibacter",0.995,1,0.99,100,99,25203,TRUE,TRUE,TRUE,FALSE,TRUE,TRUE,TRUE,"ok","ok","",""
"SchirmerM_2016","Schirmer 2016",94,"balanced","Methanobrevibacter",0.375,0.38,0.37,38,37,7857,TRUE,TRUE,TRUE,FALSE,TRUE,TRUE,TRUE,"ok","ok","",""
"SchirmerM_2016","Schirmer 2016",94,"balanced","Oscillibacter",0.835,0.83,0.84,83,84,4784,TRUE,TRUE,TRUE,FALSE,TRUE,TRUE,TRUE,"ok","ok","",""
"SchirmerM_2016","Schirmer 2016",94,"balanced","Parabacteroides",0.96,0.98,0.94,98,94,14303,TRUE,TRUE,TRUE,FALSE,TRUE,TRUE,TRUE,"ok","ok","",""
"SchirmerM_2016","Schirmer 2016",94,"balanced","Phascolarctobacterium",0.485,0.46,0.51,46,51,4150,TRUE,TRUE,TRUE,FALSE,TRUE,TRUE,TRUE,"ok","ok","",""
"SchirmerM_2016","Schirmer 2016",94,"balanced","Phocaeicola",1,1,1,100,100,44618,TRUE,TRUE,FALSE,TRUE,TRUE,TRUE,TRUE,"no_observed_zeros","ok","",""
"SchirmerM_2016","Schirmer 2016",94,"balanced","Prevotella",0.52,0.51,0.53,51,53,53049,TRUE,TRUE,TRUE,FALSE,TRUE,TRUE,TRUE,"ok","ok","",""
"SchirmerM_2016","Schirmer 2016",94,"balanced","Roseburia",0.995,0.99,1,99,100,49621,TRUE,TRUE,TRUE,FALSE,TRUE,TRUE,TRUE,"ok","ok","",""
"SchirmerM_2016","Schirmer 2016",94,"balanced","Ruminococcaceae_unclassified",0.675,0.63,0.72,63,72,5366,TRUE,TRUE,TRUE,FALSE,TRUE,TRUE,TRUE,"ok","ok","",""
"SchirmerM_2016","Schirmer 2016",94,"balanced","Ruminococcus",0.89,0.86,0.92,86,92,75348,TRUE,TRUE,TRUE,FALSE,TRUE,TRUE,TRUE,"ok","ok","",""
"SchirmerM_2016","Schirmer 2016",94,"balanced","Streptococcus",0.93,0.94,0.92,94,92,6961,TRUE,TRUE,TRUE,FALSE,TRUE,TRUE,TRUE,"ok","ok","",""
"SchirmerM_2016","Schirmer 2016",94,"fourfold","Agathobaculum",0.885,0.82,0.95,82,95,3161,TRUE,TRUE,TRUE,FALSE,TRUE,TRUE,TRUE,"ok","ok","",""
"SchirmerM_2016","Schirmer 2016",94,"fourfold","Akkermansia",0.475,0.46,0.49,46,49,6535,TRUE,TRUE,TRUE,FALSE,TRUE,TRUE,TRUE,"ok","ok","",""
"SchirmerM_2016","Schirmer 2016",94,"fourfold","Alistipes",0.945,0.91,0.98,91,98,26197,TRUE,TRUE,TRUE,FALSE,TRUE,TRUE,TRUE,"ok","ok","",""
"SchirmerM_2016","Schirmer 2016",94,"fourfold","Anaerobutyricum",0.99,0.98,1,98,100,18966,TRUE,TRUE,TRUE,FALSE,TRUE,TRUE,TRUE,"ok","ok","",""
"SchirmerM_2016","Schirmer 2016",94,"fourfold","Anaerostipes",0.995,1,0.99,100,99,22374,TRUE,TRUE,TRUE,FALSE,TRUE,TRUE,TRUE,"ok","ok","",""
"SchirmerM_2016","Schirmer 2016",94,"fourfold","Bacteroides",1,1,1,100,100,51267,TRUE,TRUE,FALSE,TRUE,TRUE,TRUE,TRUE,"no_observed_zeros","ok","",""
"SchirmerM_2016","Schirmer 2016",94,"fourfold","Barnesiella",0.805,0.78,0.83,78,83,6002,TRUE,TRUE,TRUE,FALSE,TRUE,TRUE,TRUE,"ok","ok","",""
"SchirmerM_2016","Schirmer 2016",94,"fourfold","Bifidobacterium",0.975,0.96,0.99,96,99,111035,TRUE,TRUE,TRUE,FALSE,TRUE,TRUE,TRUE,"ok","ok","",""
"SchirmerM_2016","Schirmer 2016",94,"fourfold","Blautia",1,1,1,100,100,18104,TRUE,TRUE,FALSE,TRUE,TRUE,TRUE,TRUE,"no_observed_zeros","ok","",""
"SchirmerM_2016","Schirmer 2016",94,"fourfold","Collinsella",0.91,0.89,0.93,89,93,34980,TRUE,TRUE,TRUE,FALSE,TRUE,TRUE,TRUE,"ok","ok","",""
"SchirmerM_2016","Schirmer 2016",94,"fourfold","Coprococcus",0.975,0.97,0.98,97,98,30355,TRUE,TRUE,TRUE,FALSE,TRUE,TRUE,TRUE,"ok","ok","",""
"SchirmerM_2016","Schirmer 2016",94,"fourfold","Dialister",0.485,0.47,0.5,47,50,4794,TRUE,TRUE,TRUE,FALSE,TRUE,TRUE,TRUE,"ok","ok","",""
"SchirmerM_2016","Schirmer 2016",94,"fourfold","Dorea",0.995,0.99,1,99,100,30276,TRUE,TRUE,TRUE,FALSE,TRUE,TRUE,TRUE,"ok","ok","",""
"SchirmerM_2016","Schirmer 2016",94,"fourfold","Eubacterium",0.98,0.98,0.98,98,98,14126,TRUE,TRUE,TRUE,FALSE,TRUE,TRUE,TRUE,"ok","ok","",""
"SchirmerM_2016","Schirmer 2016",94,"fourfold","Faecalibacterium",0.985,0.98,0.99,98,99,54477,TRUE,TRUE,TRUE,FALSE,TRUE,TRUE,TRUE,"ok","ok","",""
"SchirmerM_2016","Schirmer 2016",94,"fourfold","Firmicutes_unclassified",0.805,0.72,0.89,72,89,4404,TRUE,TRUE,TRUE,FALSE,TRUE,TRUE,TRUE,"ok","ok","",""
"SchirmerM_2016","Schirmer 2016",94,"fourfold","Fusicatenibacter",0.97,0.96,0.98,96,98,28994,TRUE,TRUE,TRUE,FALSE,TRUE,TRUE,TRUE,"ok","ok","",""
"SchirmerM_2016","Schirmer 2016",94,"fourfold","Lachnospira",0.855,0.79,0.92,79,92,9482,TRUE,TRUE,TRUE,FALSE,TRUE,TRUE,TRUE,"ok","ok","",""
"SchirmerM_2016","Schirmer 2016",94,"fourfold","Lachnospiraceae_unclassified",0.93,0.9,0.96,90,96,43070,TRUE,TRUE,TRUE,FALSE,TRUE,TRUE,TRUE,"ok","ok","",""
"SchirmerM_2016","Schirmer 2016",94,"fourfold","Mediterraneibacter",0.99,0.99,0.99,99,99,22374,TRUE,TRUE,TRUE,FALSE,TRUE,TRUE,TRUE,"ok","ok","",""
"SchirmerM_2016","Schirmer 2016",94,"fourfold","Methanobrevibacter",0.36,0.35,0.37,35,37,7731,TRUE,TRUE,TRUE,FALSE,TRUE,TRUE,TRUE,"ok","ok","",""
"SchirmerM_2016","Schirmer 2016",94,"fourfold","Oscillibacter",0.82,0.78,0.86,78,86,4221,TRUE,TRUE,TRUE,FALSE,TRUE,TRUE,TRUE,"ok","ok","",""
"SchirmerM_2016","Schirmer 2016",94,"fourfold","Parabacteroides",0.95,0.95,0.95,95,95,12322,TRUE,TRUE,TRUE,FALSE,TRUE,TRUE,TRUE,"ok","ok","",""
"SchirmerM_2016","Schirmer 2016",94,"fourfold","Phascolarctobacterium",0.47,0.44,0.5,44,50,3829,TRUE,TRUE,TRUE,FALSE,TRUE,TRUE,TRUE,"ok","ok","",""
"SchirmerM_2016","Schirmer 2016",94,"fourfold","Phocaeicola",1,1,1,100,100,37748,TRUE,TRUE,FALSE,TRUE,TRUE,TRUE,TRUE,"no_observed_zeros","ok","",""
"SchirmerM_2016","Schirmer 2016",94,"fourfold","Prevotella",0.485,0.46,0.51,46,51,55395,TRUE,TRUE,TRUE,FALSE,TRUE,TRUE,TRUE,"ok","ok","",""
"SchirmerM_2016","Schirmer 2016",94,"fourfold","Roseburia",0.985,0.98,0.99,98,99,41230,TRUE,TRUE,TRUE,FALSE,TRUE,TRUE,TRUE,"ok","ok","",""
"SchirmerM_2016","Schirmer 2016",94,"fourfold","Ruminococcaceae_unclassified",0.665,0.54,0.79,54,79,3963,TRUE,TRUE,TRUE,FALSE,TRUE,TRUE,TRUE,"ok","ok","",""
"SchirmerM_2016","Schirmer 2016",94,"fourfold","Ruminococcus",0.895,0.85,0.94,85,94,63080,TRUE,TRUE,TRUE,FALSE,TRUE,TRUE,TRUE,"ok","ok","",""
"SchirmerM_2016","Schirmer 2016",94,"fourfold","Streptococcus",0.875,0.83,0.92,83,92,6181,TRUE,TRUE,TRUE,FALSE,TRUE,TRUE,TRUE,"ok","ok","",""
"SchirmerM_2016","Schirmer 2016",95,"balanced","Agathobaculum",0.91,0.9,0.92,90,92,4111,TRUE,TRUE,TRUE,FALSE,TRUE,TRUE,TRUE,"ok","ok","",""
"SchirmerM_2016","Schirmer 2016",95,"balanced","Akkermansia",0.475,0.5,0.45,50,45,8199,TRUE,TRUE,TRUE,FALSE,TRUE,TRUE,TRUE,"ok","ok","",""
"SchirmerM_2016","Schirmer 2016",95,"balanced","Alistipes",0.945,0.97,0.92,97,92,30170,TRUE,TRUE,TRUE,FALSE,TRUE,TRUE,TRUE,"ok","ok","",""
"SchirmerM_2016","Schirmer 2016",95,"balanced","Anaerobutyricum",0.99,0.99,0.99,99,99,20859,TRUE,TRUE,TRUE,FALSE,TRUE,TRUE,TRUE,"ok","ok","",""
"SchirmerM_2016","Schirmer 2016",95,"balanced","Anaerostipes",0.995,0.99,1,99,100,23990,TRUE,TRUE,TRUE,FALSE,TRUE,TRUE,TRUE,"ok","ok","",""
"SchirmerM_2016","Schirmer 2016",95,"balanced","Bacteroides",1,1,1,100,100,58714,TRUE,TRUE,FALSE,TRUE,TRUE,TRUE,TRUE,"no_observed_zeros","ok","",""
"SchirmerM_2016","Schirmer 2016",95,"balanced","Barnesiella",0.825,0.83,0.82,83,82,6984,TRUE,TRUE,TRUE,FALSE,TRUE,TRUE,TRUE,"ok","ok","",""
"SchirmerM_2016","Schirmer 2016",95,"balanced","Bifidobacterium",0.975,0.97,0.98,97,98,130313,TRUE,TRUE,TRUE,FALSE,TRUE,TRUE,TRUE,"ok","ok","",""
"SchirmerM_2016","Schirmer 2016",95,"balanced","Blautia",1,1,1,100,100,20628,TRUE,TRUE,FALSE,TRUE,TRUE,TRUE,TRUE,"no_observed_zeros","ok","",""
"SchirmerM_2016","Schirmer 2016",95,"balanced","Collinsella",0.92,0.89,0.95,89,95,39668,TRUE,TRUE,TRUE,FALSE,TRUE,TRUE,TRUE,"ok","ok","",""
"SchirmerM_2016","Schirmer 2016",95,"balanced","Coprococcus",0.98,1,0.96,100,96,31397,TRUE,TRUE,TRUE,FALSE,TRUE,TRUE,TRUE,"ok","ok","",""
"SchirmerM_2016","Schirmer 2016",95,"balanced","Dialister",0.535,0.52,0.55,52,55,5041,TRUE,TRUE,TRUE,FALSE,TRUE,TRUE,TRUE,"ok","ok","",""
"SchirmerM_2016","Schirmer 2016",95,"balanced","Dorea",0.995,0.99,1,99,100,33091,TRUE,TRUE,TRUE,FALSE,TRUE,TRUE,TRUE,"ok","ok","",""
"SchirmerM_2016","Schirmer 2016",95,"balanced","Eubacterium",0.97,0.98,0.96,98,96,17421,TRUE,TRUE,TRUE,FALSE,TRUE,TRUE,TRUE,"ok","ok","",""
"SchirmerM_2016","Schirmer 2016",95,"balanced","Faecalibacterium",0.985,0.99,0.98,99,98,60091,TRUE,TRUE,TRUE,FALSE,TRUE,TRUE,TRUE,"ok","ok","",""
"SchirmerM_2016","Schirmer 2016",95,"balanced","Firmicutes_unclassified",0.84,0.85,0.83,85,83,5248,TRUE,TRUE,TRUE,FALSE,TRUE,TRUE,TRUE,"ok","ok","",""
"SchirmerM_2016","Schirmer 2016",95,"balanced","Fusicatenibacter",0.975,0.98,0.97,98,97,32753,TRUE,TRUE,TRUE,FALSE,TRUE,TRUE,TRUE,"ok","ok","",""
"SchirmerM_2016","Schirmer 2016",95,"balanced","Lachnospira",0.87,0.86,0.88,86,88,10713,TRUE,TRUE,TRUE,FALSE,TRUE,TRUE,TRUE,"ok","ok","",""
"SchirmerM_2016","Schirmer 2016",95,"balanced","Lachnospiraceae_unclassified",0.93,0.93,0.93,93,93,44945,TRUE,TRUE,TRUE,FALSE,TRUE,TRUE,TRUE,"ok","ok","",""
"SchirmerM_2016","Schirmer 2016",95,"balanced","Mediterraneibacter",0.98,0.99,0.97,99,97,25190,TRUE,TRUE,TRUE,FALSE,TRUE,TRUE,TRUE,"ok","ok","",""
"SchirmerM_2016","Schirmer 2016",95,"balanced","Methanobrevibacter",0.375,0.39,0.36,39,36,8293,TRUE,TRUE,TRUE,FALSE,TRUE,TRUE,TRUE,"ok","ok","",""
"SchirmerM_2016","Schirmer 2016",95,"balanced","Oscillibacter",0.825,0.82,0.83,82,83,4509,TRUE,TRUE,TRUE,FALSE,TRUE,TRUE,TRUE,"ok","ok","",""
"SchirmerM_2016","Schirmer 2016",95,"balanced","Parabacteroides",0.965,0.96,0.97,96,97,14677,TRUE,TRUE,TRUE,FALSE,TRUE,TRUE,TRUE,"ok","ok","",""
"SchirmerM_2016","Schirmer 2016",95,"balanced","Phascolarctobacterium",0.5,0.54,0.46,54,46,3789,TRUE,TRUE,TRUE,FALSE,TRUE,TRUE,TRUE,"ok","ok","",""
"SchirmerM_2016","Schirmer 2016",95,"balanced","Phocaeicola",0.995,0.99,1,99,100,43371,TRUE,TRUE,TRUE,FALSE,TRUE,TRUE,TRUE,"ok","ok","",""
"SchirmerM_2016","Schirmer 2016",95,"balanced","Prevotella",0.525,0.5,0.55,50,55,56956,TRUE,TRUE,TRUE,FALSE,TRUE,TRUE,TRUE,"ok","ok","",""
"SchirmerM_2016","Schirmer 2016",95,"balanced","Roseburia",0.99,0.98,1,98,100,46153,TRUE,TRUE,TRUE,FALSE,TRUE,TRUE,TRUE,"ok","ok","",""
"SchirmerM_2016","Schirmer 2016",95,"balanced","Ruminococcaceae_unclassified",0.69,0.69,0.69,69,69,5329,TRUE,TRUE,TRUE,FALSE,TRUE,TRUE,TRUE,"ok","ok","",""
"SchirmerM_2016","Schirmer 2016",95,"balanced","Ruminococcus",0.885,0.86,0.91,86,91,68072,TRUE,TRUE,TRUE,FALSE,TRUE,TRUE,TRUE,"ok","ok","",""
"SchirmerM_2016","Schirmer 2016",95,"balanced","Streptococcus",0.94,0.94,0.94,94,94,7028,TRUE,TRUE,TRUE,FALSE,TRUE,TRUE,TRUE,"ok","ok","",""
"SchirmerM_2016","Schirmer 2016",95,"fourfold","Agathobaculum",0.88,0.82,0.94,82,94,3281,TRUE,TRUE,TRUE,FALSE,TRUE,TRUE,TRUE,"ok","ok","",""
"SchirmerM_2016","Schirmer 2016",95,"fourfold","Akkermansia",0.47,0.49,0.45,49,45,9878,TRUE,TRUE,TRUE,FALSE,TRUE,TRUE,TRUE,"ok","ok","",""
"SchirmerM_2016","Schirmer 2016",95,"fourfold","Alistipes",0.94,0.93,0.95,93,95,23909,TRUE,TRUE,TRUE,FALSE,TRUE,TRUE,TRUE,"ok","ok","",""
"SchirmerM_2016","Schirmer 2016",95,"fourfold","Anaerobutyricum",0.985,0.98,0.99,98,99,19355,TRUE,TRUE,TRUE,FALSE,TRUE,TRUE,TRUE,"ok","ok","",""
"SchirmerM_2016","Schirmer 2016",95,"fourfold","Anaerostipes",0.995,0.99,1,99,100,23293,TRUE,TRUE,TRUE,FALSE,TRUE,TRUE,TRUE,"ok","ok","",""
"SchirmerM_2016","Schirmer 2016",95,"fourfold","Bacteroides",1,1,1,100,100,51743,TRUE,TRUE,FALSE,TRUE,TRUE,TRUE,TRUE,"no_observed_zeros","ok","",""
"SchirmerM_2016","Schirmer 2016",95,"fourfold","Barnesiella",0.795,0.77,0.82,77,82,5677,TRUE,TRUE,TRUE,FALSE,TRUE,TRUE,TRUE,"ok","ok","",""
"SchirmerM_2016","Schirmer 2016",95,"fourfold","Bifidobacterium",0.975,0.96,0.99,96,99,118144,TRUE,TRUE,TRUE,FALSE,TRUE,TRUE,TRUE,"ok","ok","",""
"SchirmerM_2016","Schirmer 2016",95,"fourfold","Blautia",1,1,1,100,100,20930,TRUE,TRUE,FALSE,TRUE,TRUE,TRUE,TRUE,"no_observed_zeros","ok","",""
"SchirmerM_2016","Schirmer 2016",95,"fourfold","Collinsella",0.92,0.87,0.97,87,97,37655,TRUE,TRUE,TRUE,FALSE,TRUE,TRUE,TRUE,"ok","ok","",""
"SchirmerM_2016","Schirmer 2016",95,"fourfold","Coprococcus",0.975,0.99,0.96,99,96,28397,TRUE,TRUE,TRUE,FALSE,TRUE,TRUE,TRUE,"ok","ok","",""
"SchirmerM_2016","Schirmer 2016",95,"fourfold","Dialister",0.525,0.51,0.54,51,54,4373,TRUE,TRUE,TRUE,FALSE,TRUE,TRUE,TRUE,"ok","ok","",""
"SchirmerM_2016","Schirmer 2016",95,"fourfold","Dorea",0.99,0.99,0.99,99,99,30669,TRUE,TRUE,TRUE,FALSE,TRUE,TRUE,TRUE,"ok","ok","",""
"SchirmerM_2016","Schirmer 2016",95,"fourfold","Eubacterium",0.97,0.94,1,94,100,15988,TRUE,TRUE,TRUE,FALSE,TRUE,TRUE,TRUE,"ok","ok","",""
"SchirmerM_2016","Schirmer 2016",95,"fourfold","Faecalibacterium",0.985,0.99,0.98,99,98,53166,TRUE,TRUE,TRUE,FALSE,TRUE,TRUE,TRUE,"ok","ok","",""
"SchirmerM_2016","Schirmer 2016",95,"fourfold","Firmicutes_unclassified",0.82,0.79,0.85,79,85,5259,TRUE,TRUE,TRUE,FALSE,TRUE,TRUE,TRUE,"ok","ok","",""
"SchirmerM_2016","Schirmer 2016",95,"fourfold","Fusicatenibacter",0.975,0.97,0.98,97,98,31109,TRUE,TRUE,TRUE,FALSE,TRUE,TRUE,TRUE,"ok","ok","",""
"SchirmerM_2016","Schirmer 2016",95,"fourfold","Lachnospira",0.835,0.8,0.87,80,87,9133,TRUE,TRUE,TRUE,FALSE,TRUE,TRUE,TRUE,"ok","ok","",""
"SchirmerM_2016","Schirmer 2016",95,"fourfold","Lachnospiraceae_unclassified",0.92,0.89,0.95,89,95,41191,TRUE,TRUE,TRUE,FALSE,TRUE,TRUE,TRUE,"ok","ok","",""
"SchirmerM_2016","Schirmer 2016",95,"fourfold","Mediterraneibacter",0.985,0.98,0.99,98,99,22869,TRUE,TRUE,TRUE,FALSE,TRUE,TRUE,TRUE,"ok","ok","",""
"SchirmerM_2016","Schirmer 2016",95,"fourfold","Methanobrevibacter",0.375,0.39,0.36,39,36,8983,TRUE,TRUE,TRUE,FALSE,TRUE,TRUE,TRUE,"ok","ok","",""
"SchirmerM_2016","Schirmer 2016",95,"fourfold","Oscillibacter",0.78,0.73,0.83,73,83,4477,TRUE,TRUE,TRUE,FALSE,TRUE,TRUE,TRUE,"ok","ok","",""
"SchirmerM_2016","Schirmer 2016",95,"fourfold","Parabacteroides",0.95,0.93,0.97,93,97,11595,TRUE,TRUE,TRUE,FALSE,TRUE,TRUE,TRUE,"ok","ok","",""
"SchirmerM_2016","Schirmer 2016",95,"fourfold","Phascolarctobacterium",0.475,0.49,0.46,49,46,3499,TRUE,TRUE,TRUE,FALSE,TRUE,TRUE,TRUE,"ok","ok","",""
"SchirmerM_2016","Schirmer 2016",95,"fourfold","Phocaeicola",1,1,1,100,100,38083,TRUE,TRUE,FALSE,TRUE,TRUE,TRUE,TRUE,"no_observed_zeros","ok","",""
"SchirmerM_2016","Schirmer 2016",95,"fourfold","Prevotella",0.485,0.45,0.52,45,52,55959,TRUE,TRUE,TRUE,FALSE,TRUE,TRUE,TRUE,"ok","ok","",""
"SchirmerM_2016","Schirmer 2016",95,"fourfold","Roseburia",0.985,0.97,1,97,100,41655,TRUE,TRUE,TRUE,FALSE,TRUE,TRUE,TRUE,"ok","ok","",""
"SchirmerM_2016","Schirmer 2016",95,"fourfold","Ruminococcaceae_unclassified",0.705,0.65,0.76,65,76,4762,TRUE,TRUE,TRUE,FALSE,TRUE,TRUE,TRUE,"ok","ok","",""
"SchirmerM_2016","Schirmer 2016",95,"fourfold","Ruminococcus",0.895,0.88,0.91,88,91,62981,TRUE,TRUE,TRUE,FALSE,TRUE,TRUE,TRUE,"ok","ok","",""
"SchirmerM_2016","Schirmer 2016",95,"fourfold","Streptococcus",0.91,0.86,0.96,86,96,6580,TRUE,TRUE,TRUE,FALSE,TRUE,TRUE,TRUE,"ok","ok","",""
"SchirmerM_2016","Schirmer 2016",96,"balanced","Agathobaculum",0.885,0.87,0.9,87,90,3617,TRUE,TRUE,TRUE,FALSE,TRUE,TRUE,TRUE,"ok","ok","",""
"SchirmerM_2016","Schirmer 2016",96,"balanced","Akkermansia",0.46,0.51,0.41,51,41,7733,TRUE,TRUE,TRUE,FALSE,TRUE,TRUE,TRUE,"ok","ok","",""
"SchirmerM_2016","Schirmer 2016",96,"balanced","Alistipes",0.96,0.97,0.95,97,95,27774,TRUE,TRUE,TRUE,FALSE,TRUE,TRUE,TRUE,"ok","ok","",""
"SchirmerM_2016","Schirmer 2016",96,"balanced","Anaerobutyricum",0.99,0.98,1,98,100,20076,TRUE,TRUE,TRUE,FALSE,TRUE,TRUE,TRUE,"ok","ok","",""
"SchirmerM_2016","Schirmer 2016",96,"balanced","Anaerostipes",0.995,0.99,1,99,100,24759,TRUE,TRUE,TRUE,FALSE,TRUE,TRUE,TRUE,"ok","ok","",""
"SchirmerM_2016","Schirmer 2016",96,"balanced","Bacteroides",1,1,1,100,100,53287,TRUE,TRUE,FALSE,TRUE,TRUE,TRUE,TRUE,"no_observed_zeros","ok","",""
"SchirmerM_2016","Schirmer 2016",96,"balanced","Barnesiella",0.81,0.89,0.73,89,73,6364,TRUE,TRUE,TRUE,FALSE,TRUE,TRUE,TRUE,"ok","ok","",""
"SchirmerM_2016","Schirmer 2016",96,"balanced","Bifidobacterium",0.975,0.98,0.97,98,97,124156,TRUE,TRUE,TRUE,FALSE,TRUE,TRUE,TRUE,"ok","ok","",""
"SchirmerM_2016","Schirmer 2016",96,"balanced","Blautia",1,1,1,100,100,21643,TRUE,TRUE,FALSE,TRUE,TRUE,TRUE,TRUE,"no_observed_zeros","ok","",""
"SchirmerM_2016","Schirmer 2016",96,"balanced","Collinsella",0.925,0.92,0.93,92,93,38864,TRUE,TRUE,TRUE,FALSE,TRUE,TRUE,TRUE,"ok","ok","",""
"SchirmerM_2016","Schirmer 2016",96,"balanced","Coprococcus",0.975,0.98,0.97,98,97,30867,TRUE,TRUE,TRUE,FALSE,TRUE,TRUE,TRUE,"ok","ok","",""
"SchirmerM_2016","Schirmer 2016",96,"balanced","Dialister",0.515,0.51,0.52,51,52,5089,TRUE,TRUE,TRUE,FALSE,TRUE,TRUE,TRUE,"ok","ok","",""
"SchirmerM_2016","Schirmer 2016",96,"balanced","Dorea",0.995,0.99,1,99,100,32623,TRUE,TRUE,TRUE,FALSE,TRUE,TRUE,TRUE,"ok","ok","",""
"SchirmerM_2016","Schirmer 2016",96,"balanced","Eubacterium",0.975,0.97,0.98,97,98,19468,TRUE,TRUE,TRUE,FALSE,TRUE,TRUE,TRUE,"ok","ok","",""
"SchirmerM_2016","Schirmer 2016",96,"balanced","Faecalibacterium",0.985,0.98,0.99,98,99,55375,TRUE,TRUE,TRUE,FALSE,TRUE,TRUE,TRUE,"ok","ok","",""
"SchirmerM_2016","Schirmer 2016",96,"balanced","Firmicutes_unclassified",0.845,0.86,0.83,86,83,5226,TRUE,TRUE,TRUE,FALSE,TRUE,TRUE,TRUE,"ok","ok","",""
"SchirmerM_2016","Schirmer 2016",96,"balanced","Fusicatenibacter",0.975,0.97,0.98,97,98,31585,TRUE,TRUE,TRUE,FALSE,TRUE,TRUE,TRUE,"ok","ok","",""
"SchirmerM_2016","Schirmer 2016",96,"balanced","Lachnospira",0.85,0.91,0.79,91,79,9746,TRUE,TRUE,TRUE,FALSE,TRUE,TRUE,TRUE,"ok","ok","",""
"SchirmerM_2016","Schirmer 2016",96,"balanced","Lachnospiraceae_unclassified",0.92,0.9,0.94,90,94,44331,TRUE,TRUE,TRUE,FALSE,TRUE,TRUE,TRUE,"ok","ok","",""
"SchirmerM_2016","Schirmer 2016",96,"balanced","Mediterraneibacter",0.985,0.99,0.98,99,98,26643,TRUE,TRUE,TRUE,FALSE,TRUE,TRUE,TRUE,"ok","ok","",""
"SchirmerM_2016","Schirmer 2016",96,"balanced","Methanobrevibacter",0.37,0.41,0.33,41,33,8089,TRUE,TRUE,TRUE,FALSE,TRUE,TRUE,TRUE,"ok","ok","",""
"SchirmerM_2016","Schirmer 2016",96,"balanced","Oscillibacter",0.805,0.84,0.77,84,77,4256,TRUE,TRUE,TRUE,FALSE,TRUE,TRUE,TRUE,"ok","ok","",""
"SchirmerM_2016","Schirmer 2016",96,"balanced","Parabacteroides",0.965,0.97,0.96,97,96,13040,TRUE,TRUE,TRUE,FALSE,TRUE,TRUE,TRUE,"ok","ok","",""
"SchirmerM_2016","Schirmer 2016",96,"balanced","Phascolarctobacterium",0.51,0.54,0.48,54,48,3794,TRUE,TRUE,TRUE,FALSE,TRUE,TRUE,TRUE,"ok","ok","",""
"SchirmerM_2016","Schirmer 2016",96,"balanced","Phocaeicola",1,1,1,100,100,43567,TRUE,TRUE,FALSE,TRUE,TRUE,TRUE,TRUE,"no_observed_zeros","ok","",""
"SchirmerM_2016","Schirmer 2016",96,"balanced","Prevotella",0.51,0.52,0.5,52,50,51947,TRUE,TRUE,TRUE,FALSE,TRUE,TRUE,TRUE,"ok","ok","",""
"SchirmerM_2016","Schirmer 2016",96,"balanced","Roseburia",0.99,0.99,0.99,99,99,45072,TRUE,TRUE,TRUE,FALSE,TRUE,TRUE,TRUE,"ok","ok","",""
"SchirmerM_2016","Schirmer 2016",96,"balanced","Ruminococcaceae_unclassified",0.705,0.73,0.68,73,68,4933,TRUE,TRUE,TRUE,FALSE,TRUE,TRUE,TRUE,"ok","ok","",""
"SchirmerM_2016","Schirmer 2016",96,"balanced","Ruminococcus",0.895,0.91,0.88,91,88,67675,TRUE,TRUE,TRUE,FALSE,TRUE,TRUE,TRUE,"ok","ok","",""
"SchirmerM_2016","Schirmer 2016",96,"balanced","Streptococcus",0.91,0.89,0.93,89,93,7015,TRUE,TRUE,TRUE,FALSE,TRUE,TRUE,TRUE,"ok","ok","",""
"SchirmerM_2016","Schirmer 2016",96,"fourfold","Agathobaculum",0.855,0.76,0.95,76,95,3587,TRUE,TRUE,TRUE,FALSE,TRUE,TRUE,TRUE,"ok","ok","",""
"SchirmerM_2016","Schirmer 2016",96,"fourfold","Akkermansia",0.455,0.49,0.42,49,42,6182,TRUE,TRUE,TRUE,FALSE,TRUE,TRUE,TRUE,"ok","ok","",""
"SchirmerM_2016","Schirmer 2016",96,"fourfold","Alistipes",0.955,0.97,0.94,97,94,26333,TRUE,TRUE,TRUE,FALSE,TRUE,TRUE,TRUE,"ok","ok","",""
"SchirmerM_2016","Schirmer 2016",96,"fourfold","Anaerobutyricum",0.985,0.97,1,97,100,19818,TRUE,TRUE,TRUE,FALSE,TRUE,TRUE,TRUE,"ok","ok","",""
"SchirmerM_2016","Schirmer 2016",96,"fourfold","Anaerostipes",0.995,0.99,1,99,100,23415,TRUE,TRUE,TRUE,FALSE,TRUE,TRUE,TRUE,"ok","ok","",""
"SchirmerM_2016","Schirmer 2016",96,"fourfold","Bacteroides",1,1,1,100,100,51550,TRUE,TRUE,FALSE,TRUE,TRUE,TRUE,TRUE,"no_observed_zeros","ok","",""
"SchirmerM_2016","Schirmer 2016",96,"fourfold","Barnesiella",0.795,0.84,0.75,84,75,5793,TRUE,TRUE,TRUE,FALSE,TRUE,TRUE,TRUE,"ok","ok","",""
"SchirmerM_2016","Schirmer 2016",96,"fourfold","Bifidobacterium",0.98,0.98,0.98,98,98,113239,TRUE,TRUE,TRUE,FALSE,TRUE,TRUE,TRUE,"ok","ok","",""
"SchirmerM_2016","Schirmer 2016",96,"fourfold","Blautia",0.995,0.99,1,99,100,19850,TRUE,TRUE,FALSE,TRUE,TRUE,TRUE,TRUE,"structural_absence_boundary_at_zero","ok","",""
"SchirmerM_2016","Schirmer 2016",96,"fourfold","Collinsella",0.915,0.9,0.93,90,93,36281,TRUE,TRUE,TRUE,FALSE,TRUE,TRUE,TRUE,"ok","ok","",""
"SchirmerM_2016","Schirmer 2016",96,"fourfold","Coprococcus",0.975,0.98,0.97,98,97,32471,TRUE,TRUE,TRUE,FALSE,TRUE,TRUE,TRUE,"ok","ok","",""
"SchirmerM_2016","Schirmer 2016",96,"fourfold","Dialister",0.51,0.48,0.54,48,54,4782,TRUE,TRUE,TRUE,FALSE,TRUE,TRUE,TRUE,"ok","ok","",""
"SchirmerM_2016","Schirmer 2016",96,"fourfold","Dorea",0.99,0.99,0.99,99,99,30357,TRUE,TRUE,TRUE,FALSE,TRUE,TRUE,TRUE,"ok","ok","",""
"SchirmerM_2016","Schirmer 2016",96,"fourfold","Eubacterium",0.975,0.97,0.98,97,98,15475,TRUE,TRUE,TRUE,FALSE,TRUE,TRUE,TRUE,"ok","ok","",""
"SchirmerM_2016","Schirmer 2016",96,"fourfold","Faecalibacterium",0.985,0.98,0.99,98,99,54828,TRUE,TRUE,TRUE,FALSE,TRUE,TRUE,TRUE,"ok","ok","",""
"SchirmerM_2016","Schirmer 2016",96,"fourfold","Firmicutes_unclassified",0.82,0.75,0.89,75,89,5161,TRUE,TRUE,TRUE,FALSE,TRUE,TRUE,TRUE,"ok","ok","",""
"SchirmerM_2016","Schirmer 2016",96,"fourfold","Fusicatenibacter",0.97,0.95,0.99,95,99,31211,TRUE,TRUE,TRUE,FALSE,TRUE,TRUE,TRUE,"ok","ok","",""
"SchirmerM_2016","Schirmer 2016",96,"fourfold","Lachnospira",0.87,0.9,0.84,90,84,9546,TRUE,TRUE,TRUE,FALSE,TRUE,TRUE,TRUE,"ok","ok","",""
"SchirmerM_2016","Schirmer 2016",96,"fourfold","Lachnospiraceae_unclassified",0.925,0.9,0.95,90,95,44373,TRUE,TRUE,TRUE,FALSE,TRUE,TRUE,TRUE,"ok","ok","",""
"SchirmerM_2016","Schirmer 2016",96,"fourfold","Mediterraneibacter",0.975,0.97,0.98,97,98,24212,TRUE,TRUE,TRUE,FALSE,TRUE,TRUE,TRUE,"ok","ok","",""
"SchirmerM_2016","Schirmer 2016",96,"fourfold","Methanobrevibacter",0.37,0.41,0.33,41,33,5401,TRUE,TRUE,TRUE,FALSE,TRUE,TRUE,TRUE,"ok","ok","",""
"SchirmerM_2016","Schirmer 2016",96,"fourfold","Oscillibacter",0.81,0.79,0.83,79,83,4031,TRUE,TRUE,TRUE,FALSE,TRUE,TRUE,TRUE,"ok","ok","",""
"SchirmerM_2016","Schirmer 2016",96,"fourfold","Parabacteroides",0.955,0.95,0.96,95,96,12621,TRUE,TRUE,TRUE,FALSE,TRUE,TRUE,TRUE,"ok","ok","",""
"SchirmerM_2016","Schirmer 2016",96,"fourfold","Phascolarctobacterium",0.47,0.48,0.46,48,46,2812,TRUE,TRUE,TRUE,FALSE,TRUE,TRUE,TRUE,"ok","ok","",""
"SchirmerM_2016","Schirmer 2016",96,"fourfold","Phocaeicola",1,1,1,100,100,39357,TRUE,TRUE,FALSE,TRUE,TRUE,TRUE,TRUE,"no_observed_zeros","ok","",""
"SchirmerM_2016","Schirmer 2016",96,"fourfold","Prevotella",0.495,0.5,0.49,50,49,46025,TRUE,TRUE,TRUE,FALSE,TRUE,TRUE,TRUE,"ok","ok","",""
"SchirmerM_2016","Schirmer 2016",96,"fourfold","Roseburia",0.985,0.98,0.99,98,99,41420,TRUE,TRUE,TRUE,FALSE,TRUE,TRUE,TRUE,"ok","ok","",""
"SchirmerM_2016","Schirmer 2016",96,"fourfold","Ruminococcaceae_unclassified",0.65,0.59,0.71,59,71,4209,TRUE,TRUE,TRUE,FALSE,TRUE,TRUE,TRUE,"ok","ok","",""
"SchirmerM_2016","Schirmer 2016",96,"fourfold","Ruminococcus",0.895,0.91,0.88,91,88,57757,TRUE,TRUE,TRUE,FALSE,TRUE,TRUE,TRUE,"ok","ok","",""
"SchirmerM_2016","Schirmer 2016",96,"fourfold","Streptococcus",0.89,0.82,0.96,82,96,7306,TRUE,TRUE,TRUE,FALSE,TRUE,TRUE,TRUE,"ok","ok","",""
"SchirmerM_2016","Schirmer 2016",97,"balanced","Agathobaculum",0.9,0.88,0.92,88,92,3871,TRUE,TRUE,TRUE,FALSE,TRUE,TRUE,TRUE,"ok","ok","",""
"SchirmerM_2016","Schirmer 2016",97,"balanced","Akkermansia",0.475,0.48,0.47,48,47,10267,TRUE,TRUE,TRUE,FALSE,TRUE,TRUE,TRUE,"ok","ok","",""
"SchirmerM_2016","Schirmer 2016",97,"balanced","Alistipes",0.955,0.97,0.94,97,94,28742,TRUE,TRUE,TRUE,FALSE,TRUE,TRUE,TRUE,"ok","ok","",""
"SchirmerM_2016","Schirmer 2016",97,"balanced","Anaerobutyricum",0.99,0.99,0.99,99,99,20796,TRUE,TRUE,TRUE,FALSE,TRUE,TRUE,TRUE,"ok","ok","",""
"SchirmerM_2016","Schirmer 2016",97,"balanced","Anaerostipes",0.995,0.99,1,99,100,23001,TRUE,TRUE,TRUE,FALSE,TRUE,TRUE,TRUE,"ok","ok","",""
"SchirmerM_2016","Schirmer 2016",97,"balanced","Bacteroides",1,1,1,100,100,57252,TRUE,TRUE,FALSE,TRUE,TRUE,TRUE,TRUE,"no_observed_zeros","ok","",""
"SchirmerM_2016","Schirmer 2016",97,"balanced","Barnesiella",0.81,0.81,0.81,81,81,6428,TRUE,TRUE,TRUE,FALSE,TRUE,TRUE,TRUE,"ok","ok","",""
"SchirmerM_2016","Schirmer 2016",97,"balanced","Bifidobacterium",0.98,0.97,0.99,97,99,131454,TRUE,TRUE,TRUE,FALSE,TRUE,TRUE,TRUE,"ok","ok","",""
"SchirmerM_2016","Schirmer 2016",97,"balanced","Blautia",1,1,1,100,100,21458,TRUE,TRUE,FALSE,TRUE,TRUE,TRUE,TRUE,"no_observed_zeros","ok","",""
"SchirmerM_2016","Schirmer 2016",97,"balanced","Collinsella",0.925,0.92,0.93,92,93,38645,TRUE,TRUE,TRUE,FALSE,TRUE,TRUE,TRUE,"ok","ok","",""
"SchirmerM_2016","Schirmer 2016",97,"balanced","Coprococcus",0.975,0.95,1,95,100,33998,TRUE,TRUE,TRUE,FALSE,TRUE,TRUE,TRUE,"ok","ok","",""
"SchirmerM_2016","Schirmer 2016",97,"balanced","Dialister",0.54,0.56,0.52,56,52,4917,TRUE,TRUE,TRUE,FALSE,TRUE,TRUE,TRUE,"ok","ok","",""
"SchirmerM_2016","Schirmer 2016",97,"balanced","Dorea",0.99,0.98,1,98,100,31017,TRUE,TRUE,TRUE,FALSE,TRUE,TRUE,TRUE,"ok","ok","",""
"SchirmerM_2016","Schirmer 2016",97,"balanced","Eubacterium",0.995,1,0.99,100,99,16691,TRUE,TRUE,FALSE,TRUE,TRUE,TRUE,TRUE,"structural_absence_boundary_at_zero","ok","",""
"SchirmerM_2016","Schirmer 2016",97,"balanced","Faecalibacterium",0.985,0.98,0.99,98,99,58882,TRUE,TRUE,TRUE,FALSE,TRUE,TRUE,TRUE,"ok","ok","",""
"SchirmerM_2016","Schirmer 2016",97,"balanced","Firmicutes_unclassified",0.855,0.84,0.87,84,87,5836,TRUE,TRUE,TRUE,FALSE,TRUE,TRUE,TRUE,"ok","ok","",""
"SchirmerM_2016","Schirmer 2016",97,"balanced","Fusicatenibacter",0.98,0.97,0.99,97,99,32893,TRUE,TRUE,TRUE,FALSE,TRUE,TRUE,TRUE,"ok","ok","",""
"SchirmerM_2016","Schirmer 2016",97,"balanced","Lachnospira",0.87,0.87,0.87,87,87,9947,TRUE,TRUE,TRUE,FALSE,TRUE,TRUE,TRUE,"ok","ok","",""
"SchirmerM_2016","Schirmer 2016",97,"balanced","Lachnospiraceae_unclassified",0.94,0.93,0.95,93,95,43556,TRUE,TRUE,TRUE,FALSE,TRUE,TRUE,TRUE,"ok","ok","",""
"SchirmerM_2016","Schirmer 2016",97,"balanced","Mediterraneibacter",0.99,0.98,1,98,100,24618,TRUE,TRUE,TRUE,FALSE,TRUE,TRUE,TRUE,"ok","ok","",""
"SchirmerM_2016","Schirmer 2016",97,"balanced","Methanobrevibacter",0.38,0.41,0.35,41,35,8487,TRUE,TRUE,TRUE,FALSE,TRUE,TRUE,TRUE,"ok","ok","",""
"SchirmerM_2016","Schirmer 2016",97,"balanced","Oscillibacter",0.815,0.8,0.83,80,83,4675,TRUE,TRUE,TRUE,FALSE,TRUE,TRUE,TRUE,"ok","ok","",""
"SchirmerM_2016","Schirmer 2016",97,"balanced","Parabacteroides",0.96,0.96,0.96,96,96,13948,TRUE,TRUE,TRUE,FALSE,TRUE,TRUE,TRUE,"ok","ok","",""
"SchirmerM_2016","Schirmer 2016",97,"balanced","Phascolarctobacterium",0.5,0.5,0.5,50,50,3727,TRUE,TRUE,TRUE,FALSE,TRUE,TRUE,TRUE,"ok","ok","",""
"SchirmerM_2016","Schirmer 2016",97,"balanced","Phocaeicola",1,1,1,100,100,43618,TRUE,TRUE,FALSE,TRUE,TRUE,TRUE,TRUE,"no_observed_zeros","ok","",""
"SchirmerM_2016","Schirmer 2016",97,"balanced","Prevotella",0.52,0.45,0.59,45,59,56604,TRUE,TRUE,TRUE,FALSE,TRUE,TRUE,TRUE,"ok","ok","",""
"SchirmerM_2016","Schirmer 2016",97,"balanced","Roseburia",0.99,0.98,1,98,100,44188,TRUE,TRUE,TRUE,FALSE,TRUE,TRUE,TRUE,"ok","ok","",""
"SchirmerM_2016","Schirmer 2016",97,"balanced","Ruminococcaceae_unclassified",0.7,0.72,0.68,72,68,4630,TRUE,TRUE,TRUE,FALSE,TRUE,TRUE,TRUE,"ok","ok","",""
"SchirmerM_2016","Schirmer 2016",97,"balanced","Ruminococcus",0.895,0.96,0.83,96,83,72312,TRUE,TRUE,TRUE,FALSE,TRUE,TRUE,TRUE,"ok","ok","",""
"SchirmerM_2016","Schirmer 2016",97,"balanced","Streptococcus",0.92,0.95,0.89,95,89,6999,TRUE,TRUE,TRUE,FALSE,TRUE,TRUE,TRUE,"ok","ok","",""
"SchirmerM_2016","Schirmer 2016",97,"fourfold","Agathobaculum",0.88,0.81,0.95,81,95,3697,TRUE,TRUE,TRUE,FALSE,TRUE,TRUE,TRUE,"ok","ok","",""
"SchirmerM_2016","Schirmer 2016",97,"fourfold","Akkermansia",0.44,0.42,0.46,42,46,9962,TRUE,TRUE,TRUE,FALSE,TRUE,TRUE,TRUE,"ok","ok","",""
"SchirmerM_2016","Schirmer 2016",97,"fourfold","Alistipes",0.95,0.95,0.95,95,95,26056,TRUE,TRUE,TRUE,FALSE,TRUE,TRUE,TRUE,"ok","ok","",""
"SchirmerM_2016","Schirmer 2016",97,"fourfold","Anaerobutyricum",0.99,0.99,0.99,99,99,19050,TRUE,TRUE,TRUE,FALSE,TRUE,TRUE,TRUE,"ok","ok","",""
"SchirmerM_2016","Schirmer 2016",97,"fourfold","Anaerostipes",0.995,0.99,1,99,100,21348,TRUE,TRUE,TRUE,FALSE,TRUE,TRUE,TRUE,"ok","ok","",""
"SchirmerM_2016","Schirmer 2016",97,"fourfold","Bacteroides",0.995,0.99,1,99,100,51474,TRUE,TRUE,TRUE,FALSE,TRUE,TRUE,TRUE,"ok","ok","",""
"SchirmerM_2016","Schirmer 2016",97,"fourfold","Barnesiella",0.8,0.77,0.83,77,83,6872,TRUE,TRUE,TRUE,FALSE,TRUE,TRUE,TRUE,"ok","ok","",""
"SchirmerM_2016","Schirmer 2016",97,"fourfold","Bifidobacterium",0.975,0.97,0.98,97,98,115513,TRUE,TRUE,TRUE,FALSE,TRUE,TRUE,TRUE,"ok","ok","",""
"SchirmerM_2016","Schirmer 2016",97,"fourfold","Blautia",0.995,0.99,1,99,100,20608,TRUE,TRUE,TRUE,FALSE,TRUE,TRUE,TRUE,"ok","ok","",""
"SchirmerM_2016","Schirmer 2016",97,"fourfold","Collinsella",0.925,0.92,0.93,92,93,34905,TRUE,TRUE,TRUE,FALSE,TRUE,TRUE,TRUE,"ok","ok","",""
"SchirmerM_2016","Schirmer 2016",97,"fourfold","Coprococcus",0.97,0.95,0.99,95,99,30083,TRUE,TRUE,TRUE,FALSE,TRUE,TRUE,TRUE,"ok","ok","",""
"SchirmerM_2016","Schirmer 2016",97,"fourfold","Dialister",0.515,0.49,0.54,49,54,5253,TRUE,TRUE,TRUE,FALSE,TRUE,TRUE,TRUE,"ok","ok","",""
"SchirmerM_2016","Schirmer 2016",97,"fourfold","Dorea",0.99,0.98,1,98,100,31263,TRUE,TRUE,TRUE,FALSE,TRUE,TRUE,TRUE,"ok","ok","",""
"SchirmerM_2016","Schirmer 2016",97,"fourfold","Eubacterium",0.96,0.94,0.98,94,98,16919,TRUE,TRUE,TRUE,FALSE,TRUE,TRUE,TRUE,"ok","ok","",""
"SchirmerM_2016","Schirmer 2016",97,"fourfold","Faecalibacterium",0.985,0.98,0.99,98,99,54952,TRUE,TRUE,TRUE,FALSE,TRUE,TRUE,TRUE,"ok","ok","",""
"SchirmerM_2016","Schirmer 2016",97,"fourfold","Firmicutes_unclassified",0.775,0.72,0.83,72,83,4927,TRUE,TRUE,TRUE,FALSE,TRUE,TRUE,TRUE,"ok","ok","",""
"SchirmerM_2016","Schirmer 2016",97,"fourfold","Fusicatenibacter",0.975,0.97,0.98,97,98,30616,TRUE,TRUE,TRUE,FALSE,TRUE,TRUE,TRUE,"ok","ok","",""
"SchirmerM_2016","Schirmer 2016",97,"fourfold","Lachnospira",0.835,0.79,0.88,79,88,9575,TRUE,TRUE,TRUE,FALSE,TRUE,TRUE,TRUE,"ok","ok","",""
"SchirmerM_2016","Schirmer 2016",97,"fourfold","Lachnospiraceae_unclassified",0.92,0.89,0.95,89,95,40066,TRUE,TRUE,TRUE,FALSE,TRUE,TRUE,TRUE,"ok","ok","",""
"SchirmerM_2016","Schirmer 2016",97,"fourfold","Mediterraneibacter",0.98,0.96,1,96,100,24435,TRUE,TRUE,TRUE,FALSE,TRUE,TRUE,TRUE,"ok","ok","",""
"SchirmerM_2016","Schirmer 2016",97,"fourfold","Methanobrevibacter",0.36,0.38,0.34,38,34,6735,TRUE,TRUE,TRUE,FALSE,TRUE,TRUE,TRUE,"ok","ok","",""
"SchirmerM_2016","Schirmer 2016",97,"fourfold","Oscillibacter",0.805,0.77,0.84,77,84,4676,TRUE,TRUE,TRUE,FALSE,TRUE,TRUE,TRUE,"ok","ok","",""
"SchirmerM_2016","Schirmer 2016",97,"fourfold","Parabacteroides",0.96,0.95,0.97,95,97,12118,TRUE,TRUE,TRUE,FALSE,TRUE,TRUE,TRUE,"ok","ok","",""
"SchirmerM_2016","Schirmer 2016",97,"fourfold","Phascolarctobacterium",0.475,0.43,0.52,43,52,3805,TRUE,TRUE,TRUE,FALSE,TRUE,TRUE,TRUE,"ok","ok","",""
"SchirmerM_2016","Schirmer 2016",97,"fourfold","Phocaeicola",1,1,1,100,100,37622,TRUE,TRUE,FALSE,TRUE,TRUE,TRUE,TRUE,"no_observed_zeros","ok","",""
"SchirmerM_2016","Schirmer 2016",97,"fourfold","Prevotella",0.5,0.43,0.57,43,57,50433,TRUE,TRUE,TRUE,FALSE,TRUE,TRUE,TRUE,"ok","ok","",""
"SchirmerM_2016","Schirmer 2016",97,"fourfold","Roseburia",0.98,0.97,0.99,97,99,36682,TRUE,TRUE,TRUE,FALSE,TRUE,TRUE,TRUE,"ok","ok","",""
"SchirmerM_2016","Schirmer 2016",97,"fourfold","Ruminococcaceae_unclassified",0.665,0.65,0.68,65,68,6192,TRUE,TRUE,TRUE,FALSE,TRUE,TRUE,TRUE,"ok","ok","",""
"SchirmerM_2016","Schirmer 2016",97,"fourfold","Ruminococcus",0.89,0.94,0.84,94,84,63934,TRUE,TRUE,TRUE,FALSE,TRUE,TRUE,TRUE,"ok","ok","",""
"SchirmerM_2016","Schirmer 2016",97,"fourfold","Streptococcus",0.89,0.87,0.91,87,91,6842,TRUE,TRUE,TRUE,FALSE,TRUE,TRUE,TRUE,"ok","ok","",""
"SchirmerM_2016","Schirmer 2016",98,"balanced","Agathobaculum",0.9,0.88,0.92,88,92,3901,TRUE,TRUE,TRUE,FALSE,TRUE,TRUE,TRUE,"ok","ok","",""
"SchirmerM_2016","Schirmer 2016",98,"balanced","Akkermansia",0.46,0.43,0.49,43,49,8876,TRUE,TRUE,TRUE,FALSE,TRUE,TRUE,TRUE,"ok","ok","",""
"SchirmerM_2016","Schirmer 2016",98,"balanced","Alistipes",0.965,0.96,0.97,96,97,27025,TRUE,TRUE,TRUE,FALSE,TRUE,TRUE,TRUE,"ok","ok","",""
"SchirmerM_2016","Schirmer 2016",98,"balanced","Anaerobutyricum",0.99,0.99,0.99,99,99,20343,TRUE,TRUE,TRUE,FALSE,TRUE,TRUE,TRUE,"ok","ok","",""
"SchirmerM_2016","Schirmer 2016",98,"balanced","Anaerostipes",0.995,0.99,1,99,100,23341,TRUE,TRUE,TRUE,FALSE,TRUE,TRUE,TRUE,"ok","ok","",""
"SchirmerM_2016","Schirmer 2016",98,"balanced","Bacteroides",1,1,1,100,100,55236,TRUE,TRUE,FALSE,TRUE,TRUE,TRUE,TRUE,"no_observed_zeros","ok","",""
"SchirmerM_2016","Schirmer 2016",98,"balanced","Barnesiella",0.825,0.82,0.83,82,83,6455,TRUE,TRUE,TRUE,FALSE,TRUE,TRUE,TRUE,"ok","ok","",""
"SchirmerM_2016","Schirmer 2016",98,"balanced","Bifidobacterium",0.985,1,0.97,100,97,124272,TRUE,TRUE,TRUE,FALSE,TRUE,TRUE,TRUE,"ok","ok","",""
"SchirmerM_2016","Schirmer 2016",98,"balanced","Blautia",1,1,1,100,100,20223,TRUE,TRUE,FALSE,TRUE,TRUE,TRUE,TRUE,"no_observed_zeros","ok","",""
"SchirmerM_2016","Schirmer 2016",98,"balanced","Collinsella",0.92,0.92,0.92,92,92,38756,TRUE,TRUE,TRUE,FALSE,TRUE,TRUE,TRUE,"ok","ok","",""
"SchirmerM_2016","Schirmer 2016",98,"balanced","Coprococcus",0.98,0.97,0.99,97,99,33470,TRUE,TRUE,TRUE,FALSE,TRUE,TRUE,TRUE,"ok","ok","",""
"SchirmerM_2016","Schirmer 2016",98,"balanced","Dialister",0.54,0.54,0.54,54,54,4670,TRUE,TRUE,TRUE,FALSE,TRUE,TRUE,TRUE,"ok","ok","",""
"SchirmerM_2016","Schirmer 2016",98,"balanced","Dorea",0.995,1,0.99,100,99,31669,TRUE,TRUE,TRUE,FALSE,TRUE,TRUE,TRUE,"ok","ok","",""
"SchirmerM_2016","Schirmer 2016",98,"balanced","Eubacterium",0.985,0.98,0.99,98,99,16264,TRUE,TRUE,TRUE,FALSE,TRUE,TRUE,TRUE,"ok","ok","",""
"SchirmerM_2016","Schirmer 2016",98,"balanced","Faecalibacterium",0.985,1,0.97,100,97,55357,TRUE,TRUE,TRUE,FALSE,TRUE,TRUE,TRUE,"ok","ok","",""
"SchirmerM_2016","Schirmer 2016",98,"balanced","Firmicutes_unclassified",0.825,0.82,0.83,82,83,5527,TRUE,TRUE,TRUE,FALSE,TRUE,TRUE,TRUE,"ok","ok","",""
"SchirmerM_2016","Schirmer 2016",98,"balanced","Fusicatenibacter",0.975,0.98,0.97,98,97,32017,TRUE,TRUE,TRUE,FALSE,TRUE,TRUE,TRUE,"ok","ok","",""
"SchirmerM_2016","Schirmer 2016",98,"balanced","Lachnospira",0.865,0.87,0.86,87,86,9861,TRUE,TRUE,TRUE,FALSE,TRUE,TRUE,TRUE,"ok","ok","",""
"SchirmerM_2016","Schirmer 2016",98,"balanced","Lachnospiraceae_unclassified",0.925,0.94,0.91,94,91,41890,TRUE,TRUE,TRUE,FALSE,TRUE,TRUE,TRUE,"ok","ok","",""
"SchirmerM_2016","Schirmer 2016",98,"balanced","Mediterraneibacter",0.985,0.99,0.98,99,98,24537,TRUE,TRUE,TRUE,FALSE,TRUE,TRUE,TRUE,"ok","ok","",""
"SchirmerM_2016","Schirmer 2016",98,"balanced","Methanobrevibacter",0.39,0.43,0.35,43,35,8433,TRUE,TRUE,TRUE,FALSE,TRUE,TRUE,TRUE,"ok","ok","",""
"SchirmerM_2016","Schirmer 2016",98,"balanced","Oscillibacter",0.825,0.78,0.87,78,87,4774,TRUE,TRUE,TRUE,FALSE,TRUE,TRUE,TRUE,"ok","ok","",""
"SchirmerM_2016","Schirmer 2016",98,"balanced","Parabacteroides",0.96,0.94,0.98,94,98,13006,TRUE,TRUE,TRUE,FALSE,TRUE,TRUE,TRUE,"ok","ok","",""
"SchirmerM_2016","Schirmer 2016",98,"balanced","Phascolarctobacterium",0.495,0.51,0.48,51,48,3986,TRUE,TRUE,TRUE,FALSE,TRUE,TRUE,TRUE,"ok","ok","",""
"SchirmerM_2016","Schirmer 2016",98,"balanced","Phocaeicola",1,1,1,100,100,43305,TRUE,TRUE,FALSE,TRUE,TRUE,TRUE,TRUE,"no_observed_zeros","ok","",""
"SchirmerM_2016","Schirmer 2016",98,"balanced","Prevotella",0.5,0.5,0.5,50,50,50783,TRUE,TRUE,TRUE,FALSE,TRUE,TRUE,TRUE,"ok","ok","",""
"SchirmerM_2016","Schirmer 2016",98,"balanced","Roseburia",0.99,1,0.98,100,98,43333,TRUE,TRUE,TRUE,FALSE,TRUE,TRUE,TRUE,"ok","ok","",""
"SchirmerM_2016","Schirmer 2016",98,"balanced","Ruminococcaceae_unclassified",0.72,0.73,0.71,73,71,5324,TRUE,TRUE,TRUE,FALSE,TRUE,TRUE,TRUE,"ok","ok","",""
"SchirmerM_2016","Schirmer 2016",98,"balanced","Ruminococcus",0.9,0.93,0.87,93,87,66050,TRUE,TRUE,TRUE,FALSE,TRUE,TRUE,TRUE,"ok","ok","",""
"SchirmerM_2016","Schirmer 2016",98,"balanced","Streptococcus",0.91,0.92,0.9,92,90,7067,TRUE,TRUE,TRUE,FALSE,TRUE,TRUE,TRUE,"ok","ok","",""
"SchirmerM_2016","Schirmer 2016",98,"fourfold","Agathobaculum",0.86,0.79,0.93,79,93,3084,TRUE,TRUE,TRUE,FALSE,TRUE,TRUE,TRUE,"ok","ok","",""
"SchirmerM_2016","Schirmer 2016",98,"fourfold","Akkermansia",0.445,0.4,0.49,40,49,5966,TRUE,TRUE,TRUE,FALSE,TRUE,TRUE,TRUE,"ok","ok","",""
"SchirmerM_2016","Schirmer 2016",98,"fourfold","Alistipes",0.945,0.92,0.97,92,97,23389,TRUE,TRUE,TRUE,FALSE,TRUE,TRUE,TRUE,"ok","ok","",""
"SchirmerM_2016","Schirmer 2016",98,"fourfold","Anaerobutyricum",0.99,0.99,0.99,99,99,17523,TRUE,TRUE,TRUE,FALSE,TRUE,TRUE,TRUE,"ok","ok","",""
"SchirmerM_2016","Schirmer 2016",98,"fourfold","Anaerostipes",0.995,0.99,1,99,100,20412,TRUE,TRUE,FALSE,TRUE,TRUE,TRUE,TRUE,"structural_absence_boundary_at_zero","ok","",""
"SchirmerM_2016","Schirmer 2016",98,"fourfold","Bacteroides",0.995,0.99,1,99,100,47206,TRUE,TRUE,TRUE,FALSE,TRUE,TRUE,TRUE,"ok","ok","",""
"SchirmerM_2016","Schirmer 2016",98,"fourfold","Barnesiella",0.8,0.78,0.82,78,82,5263,TRUE,TRUE,TRUE,FALSE,TRUE,TRUE,TRUE,"ok","ok","",""
"SchirmerM_2016","Schirmer 2016",98,"fourfold","Bifidobacterium",0.975,1,0.95,100,95,109321,TRUE,TRUE,TRUE,FALSE,TRUE,TRUE,TRUE,"ok","ok","",""
"SchirmerM_2016","Schirmer 2016",98,"fourfold","Blautia",1,1,1,100,100,16508,TRUE,TRUE,FALSE,TRUE,TRUE,TRUE,TRUE,"no_observed_zeros","ok","",""
"SchirmerM_2016","Schirmer 2016",98,"fourfold","Collinsella",0.925,0.93,0.92,93,92,33149,TRUE,TRUE,TRUE,FALSE,TRUE,TRUE,TRUE,"ok","ok","",""
"SchirmerM_2016","Schirmer 2016",98,"fourfold","Coprococcus",0.975,0.96,0.99,96,99,28601,TRUE,TRUE,TRUE,FALSE,TRUE,TRUE,TRUE,"ok","ok","",""
"SchirmerM_2016","Schirmer 2016",98,"fourfold","Dialister",0.53,0.51,0.55,51,55,3946,TRUE,TRUE,TRUE,FALSE,TRUE,TRUE,TRUE,"ok","ok","",""
"SchirmerM_2016","Schirmer 2016",98,"fourfold","Dorea",0.99,1,0.98,100,98,27858,TRUE,TRUE,TRUE,FALSE,TRUE,TRUE,TRUE,"ok","ok","",""
"SchirmerM_2016","Schirmer 2016",98,"fourfold","Eubacterium",0.98,0.96,1,96,100,14048,TRUE,TRUE,TRUE,FALSE,TRUE,TRUE,TRUE,"ok","ok","",""
"SchirmerM_2016","Schirmer 2016",98,"fourfold","Faecalibacterium",0.985,1,0.97,100,97,48939,TRUE,TRUE,TRUE,FALSE,TRUE,TRUE,TRUE,"ok","ok","",""
"SchirmerM_2016","Schirmer 2016",98,"fourfold","Firmicutes_unclassified",0.815,0.73,0.9,73,90,4166,TRUE,TRUE,TRUE,FALSE,TRUE,TRUE,TRUE,"ok","ok","",""
"SchirmerM_2016","Schirmer 2016",98,"fourfold","Fusicatenibacter",0.975,0.98,0.97,98,97,28048,TRUE,TRUE,TRUE,FALSE,TRUE,TRUE,TRUE,"ok","ok","",""
"SchirmerM_2016","Schirmer 2016",98,"fourfold","Lachnospira",0.84,0.81,0.87,81,87,8908,TRUE,TRUE,TRUE,FALSE,TRUE,TRUE,TRUE,"ok","ok","",""
"SchirmerM_2016","Schirmer 2016",98,"fourfold","Lachnospiraceae_unclassified",0.9,0.88,0.92,88,92,37519,TRUE,TRUE,TRUE,FALSE,TRUE,TRUE,TRUE,"ok","ok","",""
"SchirmerM_2016","Schirmer 2016",98,"fourfold","Mediterraneibacter",0.975,0.97,0.98,97,98,22186,TRUE,TRUE,TRUE,FALSE,TRUE,TRUE,TRUE,"ok","ok","",""
"SchirmerM_2016","Schirmer 2016",98,"fourfold","Methanobrevibacter",0.365,0.38,0.35,38,35,6104,TRUE,TRUE,TRUE,FALSE,TRUE,TRUE,TRUE,"ok","ok","",""
"SchirmerM_2016","Schirmer 2016",98,"fourfold","Oscillibacter",0.77,0.72,0.82,72,82,3923,TRUE,TRUE,TRUE,FALSE,TRUE,TRUE,TRUE,"ok","ok","",""
"SchirmerM_2016","Schirmer 2016",98,"fourfold","Parabacteroides",0.95,0.92,0.98,92,98,12025,TRUE,TRUE,TRUE,FALSE,TRUE,TRUE,TRUE,"ok","ok","",""
"SchirmerM_2016","Schirmer 2016",98,"fourfold","Phascolarctobacterium",0.455,0.44,0.47,44,47,2977,TRUE,TRUE,TRUE,FALSE,TRUE,TRUE,TRUE,"ok","ok","",""
"SchirmerM_2016","Schirmer 2016",98,"fourfold","Phocaeicola",0.995,0.99,1,99,100,38704,TRUE,TRUE,FALSE,TRUE,TRUE,TRUE,TRUE,"structural_absence_boundary_at_zero","ok","",""
"SchirmerM_2016","Schirmer 2016",98,"fourfold","Prevotella",0.505,0.5,0.51,50,51,51835,TRUE,TRUE,TRUE,FALSE,TRUE,TRUE,TRUE,"ok","ok","",""
"SchirmerM_2016","Schirmer 2016",98,"fourfold","Roseburia",0.985,0.99,0.98,99,98,38654,TRUE,TRUE,TRUE,FALSE,TRUE,TRUE,TRUE,"ok","ok","",""
"SchirmerM_2016","Schirmer 2016",98,"fourfold","Ruminococcaceae_unclassified",0.655,0.6,0.71,60,71,4994,TRUE,TRUE,TRUE,FALSE,TRUE,TRUE,TRUE,"ok","ok","",""
"SchirmerM_2016","Schirmer 2016",98,"fourfold","Ruminococcus",0.89,0.9,0.88,90,88,62728,TRUE,TRUE,TRUE,FALSE,TRUE,TRUE,TRUE,"ok","ok","",""
"SchirmerM_2016","Schirmer 2016",98,"fourfold","Streptococcus",0.92,0.89,0.95,89,95,6066,TRUE,TRUE,TRUE,FALSE,TRUE,TRUE,TRUE,"ok","ok","",""
"SchirmerM_2016","Schirmer 2016",99,"balanced","Agathobaculum",0.925,0.91,0.94,91,94,3815,TRUE,TRUE,TRUE,FALSE,TRUE,TRUE,TRUE,"ok","ok","",""
"SchirmerM_2016","Schirmer 2016",99,"balanced","Akkermansia",0.495,0.51,0.48,51,48,8194,TRUE,TRUE,TRUE,FALSE,TRUE,TRUE,TRUE,"ok","ok","",""
"SchirmerM_2016","Schirmer 2016",99,"balanced","Alistipes",0.96,0.98,0.94,98,94,27235,TRUE,TRUE,TRUE,FALSE,TRUE,TRUE,TRUE,"ok","ok","",""
"SchirmerM_2016","Schirmer 2016",99,"balanced","Anaerobutyricum",0.99,0.98,1,98,100,20278,TRUE,TRUE,TRUE,FALSE,TRUE,TRUE,TRUE,"ok","ok","",""
"SchirmerM_2016","Schirmer 2016",99,"balanced","Anaerostipes",0.995,0.99,1,99,100,23586,TRUE,TRUE,TRUE,FALSE,TRUE,TRUE,TRUE,"ok","ok","",""
"SchirmerM_2016","Schirmer 2016",99,"balanced","Bacteroides",0.995,0.99,1,99,100,53688,TRUE,TRUE,TRUE,FALSE,TRUE,TRUE,TRUE,"ok","ok","",""
"SchirmerM_2016","Schirmer 2016",99,"balanced","Barnesiella",0.81,0.84,0.78,84,78,6224,TRUE,TRUE,TRUE,FALSE,TRUE,TRUE,TRUE,"ok","ok","",""
"SchirmerM_2016","Schirmer 2016",99,"balanced","Bifidobacterium",0.975,0.99,0.96,99,96,128519,TRUE,TRUE,TRUE,FALSE,TRUE,TRUE,TRUE,"ok","ok","",""
"SchirmerM_2016","Schirmer 2016",99,"balanced","Blautia",1,1,1,100,100,21287,TRUE,TRUE,FALSE,TRUE,TRUE,TRUE,TRUE,"no_observed_zeros","ok","",""
"SchirmerM_2016","Schirmer 2016",99,"balanced","Collinsella",0.93,0.93,0.93,93,93,38920,TRUE,TRUE,TRUE,FALSE,TRUE,TRUE,TRUE,"ok","ok","",""
"SchirmerM_2016","Schirmer 2016",99,"balanced","Coprococcus",0.97,0.95,0.99,95,99,30570,TRUE,TRUE,TRUE,FALSE,TRUE,TRUE,TRUE,"ok","ok","",""
"SchirmerM_2016","Schirmer 2016",99,"balanced","Dialister",0.55,0.44,0.66,44,66,5205,TRUE,TRUE,TRUE,FALSE,TRUE,TRUE,TRUE,"ok","ok","",""
"SchirmerM_2016","Schirmer 2016",99,"balanced","Dorea",0.99,0.99,0.99,99,99,31364,TRUE,TRUE,TRUE,FALSE,TRUE,TRUE,TRUE,"ok","ok","",""
"SchirmerM_2016","Schirmer 2016",99,"balanced","Eubacterium",0.975,0.96,0.99,96,99,17001,TRUE,TRUE,TRUE,FALSE,TRUE,TRUE,TRUE,"ok","ok","",""
"SchirmerM_2016","Schirmer 2016",99,"balanced","Faecalibacterium",0.985,0.99,0.98,99,98,56167,TRUE,TRUE,TRUE,FALSE,TRUE,TRUE,TRUE,"ok","ok","",""
"SchirmerM_2016","Schirmer 2016",99,"balanced","Firmicutes_unclassified",0.855,0.86,0.85,86,85,5440,TRUE,TRUE,TRUE,FALSE,TRUE,TRUE,TRUE,"ok","ok","",""
"SchirmerM_2016","Schirmer 2016",99,"balanced","Fusicatenibacter",0.98,0.97,0.99,97,99,31854,TRUE,TRUE,TRUE,FALSE,TRUE,TRUE,TRUE,"ok","ok","",""
"SchirmerM_2016","Schirmer 2016",99,"balanced","Lachnospira",0.84,0.84,0.84,84,84,10372,TRUE,TRUE,TRUE,FALSE,TRUE,TRUE,TRUE,"ok","ok","",""
"SchirmerM_2016","Schirmer 2016",99,"balanced","Lachnospiraceae_unclassified",0.94,0.94,0.94,94,94,41493,TRUE,TRUE,TRUE,FALSE,TRUE,TRUE,TRUE,"ok","ok","",""
"SchirmerM_2016","Schirmer 2016",99,"balanced","Mediterraneibacter",0.99,1,0.98,100,98,24395,TRUE,TRUE,TRUE,FALSE,TRUE,TRUE,TRUE,"ok","ok","",""
"SchirmerM_2016","Schirmer 2016",99,"balanced","Methanobrevibacter",0.375,0.39,0.36,39,36,8583,TRUE,TRUE,TRUE,FALSE,TRUE,TRUE,TRUE,"ok","ok","",""
"SchirmerM_2016","Schirmer 2016",99,"balanced","Oscillibacter",0.815,0.82,0.81,82,81,4335,TRUE,TRUE,TRUE,FALSE,TRUE,TRUE,TRUE,"ok","ok","",""
"SchirmerM_2016","Schirmer 2016",99,"balanced","Parabacteroides",0.965,0.96,0.97,96,97,13839,TRUE,TRUE,TRUE,FALSE,TRUE,TRUE,TRUE,"ok","ok","",""
"SchirmerM_2016","Schirmer 2016",99,"balanced","Phascolarctobacterium",0.5,0.55,0.45,55,45,3658,TRUE,TRUE,TRUE,FALSE,TRUE,TRUE,TRUE,"ok","ok","",""
"SchirmerM_2016","Schirmer 2016",99,"balanced","Phocaeicola",1,1,1,100,100,42174,TRUE,TRUE,FALSE,TRUE,TRUE,TRUE,TRUE,"no_observed_zeros","ok","",""
"SchirmerM_2016","Schirmer 2016",99,"balanced","Prevotella",0.495,0.47,0.52,47,52,60891,TRUE,TRUE,TRUE,FALSE,TRUE,TRUE,TRUE,"ok","ok","",""
"SchirmerM_2016","Schirmer 2016",99,"balanced","Roseburia",0.99,0.99,0.99,99,99,44021,TRUE,TRUE,TRUE,FALSE,TRUE,TRUE,TRUE,"ok","ok","",""
"SchirmerM_2016","Schirmer 2016",99,"balanced","Ruminococcaceae_unclassified",0.71,0.74,0.68,74,68,5876,TRUE,TRUE,TRUE,FALSE,TRUE,TRUE,TRUE,"ok","ok","",""
"SchirmerM_2016","Schirmer 2016",99,"balanced","Ruminococcus",0.895,0.91,0.88,91,88,70320,TRUE,TRUE,TRUE,FALSE,TRUE,TRUE,TRUE,"ok","ok","",""
"SchirmerM_2016","Schirmer 2016",99,"balanced","Streptococcus",0.92,0.94,0.9,94,90,7423,TRUE,TRUE,TRUE,FALSE,TRUE,TRUE,TRUE,"ok","ok","",""
"SchirmerM_2016","Schirmer 2016",99,"fourfold","Agathobaculum",0.885,0.8,0.97,80,97,4318,TRUE,TRUE,FALSE,TRUE,TRUE,TRUE,TRUE,"structural_absence_boundary_at_zero","ok","",""
"SchirmerM_2016","Schirmer 2016",99,"fourfold","Akkermansia",0.47,0.47,0.47,47,47,8397,TRUE,TRUE,TRUE,FALSE,TRUE,TRUE,TRUE,"ok","ok","",""
"SchirmerM_2016","Schirmer 2016",99,"fourfold","Alistipes",0.95,0.96,0.94,96,94,29195,TRUE,TRUE,TRUE,FALSE,TRUE,TRUE,TRUE,"ok","ok","",""
"SchirmerM_2016","Schirmer 2016",99,"fourfold","Anaerobutyricum",0.99,0.98,1,98,100,20519,TRUE,TRUE,TRUE,FALSE,TRUE,TRUE,TRUE,"ok","ok","",""
"SchirmerM_2016","Schirmer 2016",99,"fourfold","Anaerostipes",0.995,0.99,1,99,100,24993,TRUE,TRUE,TRUE,FALSE,TRUE,TRUE,TRUE,"ok","ok","",""
"SchirmerM_2016","Schirmer 2016",99,"fourfold","Bacteroides",1,1,1,100,100,55245,TRUE,TRUE,FALSE,TRUE,TRUE,TRUE,TRUE,"no_observed_zeros","ok","",""
"SchirmerM_2016","Schirmer 2016",99,"fourfold","Barnesiella",0.8,0.81,0.79,81,79,6426,TRUE,TRUE,TRUE,FALSE,TRUE,TRUE,TRUE,"ok","ok","",""
"SchirmerM_2016","Schirmer 2016",99,"fourfold","Bifidobacterium",0.975,0.99,0.96,99,96,118470,TRUE,TRUE,TRUE,FALSE,TRUE,TRUE,TRUE,"ok","ok","",""
"SchirmerM_2016","Schirmer 2016",99,"fourfold","Blautia",0.995,0.99,1,99,100,19981,TRUE,TRUE,FALSE,TRUE,TRUE,TRUE,TRUE,"structural_absence_boundary_at_zero","ok","",""
"SchirmerM_2016","Schirmer 2016",99,"fourfold","Collinsella",0.935,0.91,0.96,91,96,38774,TRUE,TRUE,TRUE,FALSE,TRUE,TRUE,TRUE,"ok","ok","",""
"SchirmerM_2016","Schirmer 2016",99,"fourfold","Coprococcus",0.98,0.96,1,96,100,31971,TRUE,TRUE,TRUE,FALSE,TRUE,TRUE,TRUE,"ok","ok","",""
"SchirmerM_2016","Schirmer 2016",99,"fourfold","Dialister",0.52,0.39,0.65,39,65,5954,TRUE,TRUE,TRUE,FALSE,TRUE,TRUE,TRUE,"ok","ok","",""
"SchirmerM_2016","Schirmer 2016",99,"fourfold","Dorea",0.99,0.99,0.99,99,99,31525,TRUE,TRUE,TRUE,FALSE,TRUE,TRUE,TRUE,"ok","ok","",""
"SchirmerM_2016","Schirmer 2016",99,"fourfold","Eubacterium",0.975,0.95,1,95,100,16333,TRUE,TRUE,TRUE,FALSE,TRUE,TRUE,TRUE,"ok","ok","",""
"SchirmerM_2016","Schirmer 2016",99,"fourfold","Faecalibacterium",0.985,0.99,0.98,99,98,59414,TRUE,TRUE,TRUE,FALSE,TRUE,TRUE,TRUE,"ok","ok","",""
"SchirmerM_2016","Schirmer 2016",99,"fourfold","Firmicutes_unclassified",0.85,0.81,0.89,81,89,5357,TRUE,TRUE,TRUE,FALSE,TRUE,TRUE,TRUE,"ok","ok","",""
"SchirmerM_2016","Schirmer 2016",99,"fourfold","Fusicatenibacter",0.97,0.96,0.98,96,98,34679,TRUE,TRUE,TRUE,FALSE,TRUE,TRUE,TRUE,"ok","ok","",""
"SchirmerM_2016","Schirmer 2016",99,"fourfold","Lachnospira",0.845,0.85,0.84,85,84,11156,TRUE,TRUE,TRUE,FALSE,TRUE,TRUE,TRUE,"ok","ok","",""
"SchirmerM_2016","Schirmer 2016",99,"fourfold","Lachnospiraceae_unclassified",0.93,0.89,0.97,89,97,45459,TRUE,TRUE,TRUE,FALSE,TRUE,TRUE,TRUE,"ok","ok","",""
"SchirmerM_2016","Schirmer 2016",99,"fourfold","Mediterraneibacter",0.985,0.99,0.98,99,98,24577,TRUE,TRUE,TRUE,FALSE,TRUE,TRUE,TRUE,"ok","ok","",""
"SchirmerM_2016","Schirmer 2016",99,"fourfold","Methanobrevibacter",0.37,0.36,0.38,36,38,9337,TRUE,TRUE,TRUE,FALSE,TRUE,TRUE,TRUE,"ok","ok","",""
"SchirmerM_2016","Schirmer 2016",99,"fourfold","Oscillibacter",0.79,0.76,0.82,76,82,4885,TRUE,TRUE,TRUE,FALSE,TRUE,TRUE,TRUE,"ok","ok","",""
"SchirmerM_2016","Schirmer 2016",99,"fourfold","Parabacteroides",0.96,0.95,0.97,95,97,13131,TRUE,TRUE,TRUE,FALSE,TRUE,TRUE,TRUE,"ok","ok","",""
"SchirmerM_2016","Schirmer 2016",99,"fourfold","Phascolarctobacterium",0.49,0.52,0.46,52,46,2760,TRUE,TRUE,TRUE,FALSE,TRUE,TRUE,TRUE,"ok","ok","",""
"SchirmerM_2016","Schirmer 2016",99,"fourfold","Phocaeicola",1,1,1,100,100,40685,TRUE,TRUE,FALSE,TRUE,TRUE,TRUE,TRUE,"no_observed_zeros","ok","",""
"SchirmerM_2016","Schirmer 2016",99,"fourfold","Prevotella",0.49,0.43,0.55,43,55,59303,TRUE,TRUE,TRUE,FALSE,TRUE,TRUE,TRUE,"ok","ok","",""
"SchirmerM_2016","Schirmer 2016",99,"fourfold","Roseburia",0.99,0.99,0.99,99,99,47452,TRUE,TRUE,TRUE,FALSE,TRUE,TRUE,TRUE,"ok","ok","",""
"SchirmerM_2016","Schirmer 2016",99,"fourfold","Ruminococcaceae_unclassified",0.68,0.66,0.7,66,70,5804,TRUE,TRUE,TRUE,FALSE,TRUE,TRUE,TRUE,"ok","ok","",""
"SchirmerM_2016","Schirmer 2016",99,"fourfold","Ruminococcus",0.895,0.9,0.89,90,89,64099,TRUE,TRUE,TRUE,FALSE,TRUE,TRUE,TRUE,"ok","ok","",""
"SchirmerM_2016","Schirmer 2016",99,"fourfold","Streptococcus",0.895,0.86,0.93,86,93,6617,TRUE,TRUE,TRUE,FALSE,TRUE,TRUE,TRUE,"ok","ok","",""
"SchirmerM_2016","Schirmer 2016",100,"balanced","Agathobaculum",0.92,0.93,0.91,93,91,4085,TRUE,TRUE,TRUE,FALSE,TRUE,TRUE,TRUE,"ok","ok","",""
"SchirmerM_2016","Schirmer 2016",100,"balanced","Akkermansia",0.49,0.52,0.46,52,46,8830,TRUE,TRUE,TRUE,FALSE,TRUE,TRUE,TRUE,"ok","ok","",""
"SchirmerM_2016","Schirmer 2016",100,"balanced","Alistipes",0.945,0.94,0.95,94,95,28058,TRUE,TRUE,TRUE,FALSE,TRUE,TRUE,TRUE,"ok","ok","",""
"SchirmerM_2016","Schirmer 2016",100,"balanced","Anaerobutyricum",0.99,1,0.98,100,98,20254,TRUE,TRUE,TRUE,FALSE,TRUE,TRUE,TRUE,"ok","ok","",""
"SchirmerM_2016","Schirmer 2016",100,"balanced","Anaerostipes",0.995,0.99,1,99,100,23119,TRUE,TRUE,TRUE,FALSE,TRUE,TRUE,TRUE,"ok","ok","",""
"SchirmerM_2016","Schirmer 2016",100,"balanced","Bacteroides",0.995,0.99,1,99,100,53974,TRUE,TRUE,TRUE,FALSE,TRUE,TRUE,TRUE,"ok","ok","",""
"SchirmerM_2016","Schirmer 2016",100,"balanced","Barnesiella",0.795,0.82,0.77,82,77,7118,TRUE,TRUE,TRUE,FALSE,TRUE,TRUE,TRUE,"ok","ok","",""
"SchirmerM_2016","Schirmer 2016",100,"balanced","Bifidobacterium",0.985,0.98,0.99,98,99,117085,TRUE,TRUE,TRUE,FALSE,TRUE,TRUE,TRUE,"ok","ok","",""
"SchirmerM_2016","Schirmer 2016",100,"balanced","Blautia",1,1,1,100,100,22606,TRUE,TRUE,FALSE,TRUE,TRUE,TRUE,TRUE,"no_observed_zeros","ok","",""
"SchirmerM_2016","Schirmer 2016",100,"balanced","Collinsella",0.925,0.93,0.92,93,92,37388,TRUE,TRUE,TRUE,FALSE,TRUE,TRUE,TRUE,"ok","ok","",""
"SchirmerM_2016","Schirmer 2016",100,"balanced","Coprococcus",0.97,0.96,0.98,96,98,31495,TRUE,TRUE,TRUE,FALSE,TRUE,TRUE,TRUE,"ok","ok","",""
"SchirmerM_2016","Schirmer 2016",100,"balanced","Dialister",0.505,0.46,0.55,46,55,4708,TRUE,TRUE,TRUE,FALSE,TRUE,TRUE,TRUE,"ok","ok","",""
"SchirmerM_2016","Schirmer 2016",100,"balanced","Dorea",0.995,1,0.99,100,99,31097,TRUE,TRUE,TRUE,FALSE,TRUE,TRUE,TRUE,"ok","ok","",""
"SchirmerM_2016","Schirmer 2016",100,"balanced","Eubacterium",0.98,0.97,0.99,97,99,16322,TRUE,TRUE,TRUE,FALSE,TRUE,TRUE,TRUE,"ok","ok","",""
"SchirmerM_2016","Schirmer 2016",100,"balanced","Faecalibacterium",0.985,0.97,1,97,100,58235,TRUE,TRUE,TRUE,FALSE,TRUE,TRUE,TRUE,"ok","ok","",""
"SchirmerM_2016","Schirmer 2016",100,"balanced","Firmicutes_unclassified",0.85,0.85,0.85,85,85,4979,TRUE,TRUE,TRUE,FALSE,TRUE,TRUE,TRUE,"ok","ok","",""
"SchirmerM_2016","Schirmer 2016",100,"balanced","Fusicatenibacter",0.975,0.96,0.99,96,99,31430,TRUE,TRUE,TRUE,FALSE,TRUE,TRUE,TRUE,"ok","ok","",""
"SchirmerM_2016","Schirmer 2016",100,"balanced","Lachnospira",0.86,0.85,0.87,85,87,10165,TRUE,TRUE,TRUE,FALSE,TRUE,TRUE,TRUE,"ok","ok","",""
"SchirmerM_2016","Schirmer 2016",100,"balanced","Lachnospiraceae_unclassified",0.925,0.91,0.94,91,94,42147,TRUE,TRUE,TRUE,FALSE,TRUE,TRUE,TRUE,"ok","ok","",""
"SchirmerM_2016","Schirmer 2016",100,"balanced","Mediterraneibacter",0.995,0.99,1,99,100,23895,TRUE,TRUE,TRUE,FALSE,TRUE,TRUE,TRUE,"ok","ok","",""
"SchirmerM_2016","Schirmer 2016",100,"balanced","Methanobrevibacter",0.385,0.44,0.33,44,33,7192,TRUE,TRUE,TRUE,FALSE,TRUE,TRUE,TRUE,"ok","ok","",""
"SchirmerM_2016","Schirmer 2016",100,"balanced","Oscillibacter",0.79,0.81,0.77,81,77,4359,TRUE,TRUE,TRUE,FALSE,TRUE,TRUE,TRUE,"ok","ok","",""
"SchirmerM_2016","Schirmer 2016",100,"balanced","Parabacteroides",0.97,0.99,0.95,99,95,12370,TRUE,TRUE,TRUE,FALSE,TRUE,TRUE,TRUE,"ok","ok","",""
"SchirmerM_2016","Schirmer 2016",100,"balanced","Phascolarctobacterium",0.485,0.53,0.44,53,44,3962,TRUE,TRUE,TRUE,FALSE,TRUE,TRUE,TRUE,"ok","ok","",""
"SchirmerM_2016","Schirmer 2016",100,"balanced","Phocaeicola",1,1,1,100,100,39193,TRUE,TRUE,FALSE,TRUE,TRUE,TRUE,TRUE,"no_observed_zeros","ok","",""
"SchirmerM_2016","Schirmer 2016",100,"balanced","Prevotella",0.515,0.6,0.43,60,43,48994,TRUE,TRUE,TRUE,FALSE,TRUE,TRUE,TRUE,"ok","ok","",""
"SchirmerM_2016","Schirmer 2016",100,"balanced","Roseburia",0.99,0.99,0.99,99,99,42843,TRUE,TRUE,TRUE,FALSE,TRUE,TRUE,TRUE,"ok","ok","",""
"SchirmerM_2016","Schirmer 2016",100,"balanced","Ruminococcaceae_unclassified",0.7,0.74,0.66,74,66,5850,TRUE,TRUE,TRUE,FALSE,TRUE,TRUE,TRUE,"ok","ok","",""
"SchirmerM_2016","Schirmer 2016",100,"balanced","Ruminococcus",0.895,0.92,0.87,92,87,65817,TRUE,TRUE,TRUE,FALSE,TRUE,TRUE,TRUE,"ok","ok","",""
"SchirmerM_2016","Schirmer 2016",100,"balanced","Streptococcus",0.935,0.93,0.94,93,94,7465,TRUE,TRUE,TRUE,FALSE,TRUE,TRUE,TRUE,"ok","ok","",""
"SchirmerM_2016","Schirmer 2016",100,"fourfold","Agathobaculum",0.88,0.88,0.88,88,88,3596,TRUE,TRUE,TRUE,FALSE,TRUE,TRUE,TRUE,"ok","ok","",""
"SchirmerM_2016","Schirmer 2016",100,"fourfold","Akkermansia",0.47,0.47,0.47,47,47,9313,TRUE,TRUE,TRUE,FALSE,TRUE,TRUE,TRUE,"ok","ok","",""
"SchirmerM_2016","Schirmer 2016",100,"fourfold","Alistipes",0.95,0.93,0.97,93,97,29055,TRUE,TRUE,TRUE,FALSE,TRUE,TRUE,TRUE,"ok","ok","",""
"SchirmerM_2016","Schirmer 2016",100,"fourfold","Anaerobutyricum",0.985,0.99,0.98,99,98,21581,TRUE,TRUE,TRUE,FALSE,TRUE,TRUE,TRUE,"ok","ok","",""
"SchirmerM_2016","Schirmer 2016",100,"fourfold","Anaerostipes",0.995,0.99,1,99,100,27340,TRUE,TRUE,TRUE,FALSE,TRUE,TRUE,TRUE,"ok","ok","",""
"SchirmerM_2016","Schirmer 2016",100,"fourfold","Bacteroides",0.995,0.99,1,99,100,55617,TRUE,TRUE,TRUE,FALSE,TRUE,TRUE,TRUE,"ok","ok","",""
"SchirmerM_2016","Schirmer 2016",100,"fourfold","Barnesiella",0.79,0.78,0.8,78,80,7604,TRUE,TRUE,TRUE,FALSE,TRUE,TRUE,TRUE,"ok","ok","",""
"SchirmerM_2016","Schirmer 2016",100,"fourfold","Bifidobacterium",0.975,0.96,0.99,96,99,137581,TRUE,TRUE,TRUE,FALSE,TRUE,TRUE,TRUE,"ok","ok","",""
"SchirmerM_2016","Schirmer 2016",100,"fourfold","Blautia",0.99,0.98,1,98,100,20021,TRUE,TRUE,TRUE,FALSE,TRUE,TRUE,TRUE,"ok","ok","",""
"SchirmerM_2016","Schirmer 2016",100,"fourfold","Collinsella",0.94,0.94,0.94,94,94,38976,TRUE,TRUE,TRUE,FALSE,TRUE,TRUE,TRUE,"ok","ok","",""
"SchirmerM_2016","Schirmer 2016",100,"fourfold","Coprococcus",0.975,0.97,0.98,97,98,30771,TRUE,TRUE,TRUE,FALSE,TRUE,TRUE,TRUE,"ok","ok","",""
"SchirmerM_2016","Schirmer 2016",100,"fourfold","Dialister",0.52,0.45,0.59,45,59,5951,TRUE,TRUE,TRUE,FALSE,TRUE,TRUE,TRUE,"ok","ok","",""
"SchirmerM_2016","Schirmer 2016",100,"fourfold","Dorea",0.99,0.99,0.99,99,99,32423,TRUE,TRUE,TRUE,FALSE,TRUE,TRUE,TRUE,"ok","ok","",""
"SchirmerM_2016","Schirmer 2016",100,"fourfold","Eubacterium",0.97,0.95,0.99,95,99,16150,TRUE,TRUE,TRUE,FALSE,TRUE,TRUE,TRUE,"ok","ok","",""
"SchirmerM_2016","Schirmer 2016",100,"fourfold","Faecalibacterium",0.985,0.97,1,97,100,59779,TRUE,TRUE,TRUE,FALSE,TRUE,TRUE,TRUE,"ok","ok","",""
"SchirmerM_2016","Schirmer 2016",100,"fourfold","Firmicutes_unclassified",0.835,0.79,0.88,79,88,5019,TRUE,TRUE,TRUE,FALSE,TRUE,TRUE,TRUE,"ok","ok","",""
"SchirmerM_2016","Schirmer 2016",100,"fourfold","Fusicatenibacter",0.97,0.95,0.99,95,99,36478,TRUE,TRUE,TRUE,FALSE,TRUE,TRUE,TRUE,"ok","ok","",""
"SchirmerM_2016","Schirmer 2016",100,"fourfold","Lachnospira",0.85,0.83,0.87,83,87,10999,TRUE,TRUE,TRUE,FALSE,TRUE,TRUE,TRUE,"ok","ok","",""
"SchirmerM_2016","Schirmer 2016",100,"fourfold","Lachnospiraceae_unclassified",0.935,0.91,0.96,91,96,46942,TRUE,TRUE,TRUE,FALSE,TRUE,TRUE,TRUE,"ok","ok","",""
"SchirmerM_2016","Schirmer 2016",100,"fourfold","Mediterraneibacter",0.985,0.98,0.99,98,99,25316,TRUE,TRUE,TRUE,FALSE,TRUE,TRUE,TRUE,"ok","ok","",""
"SchirmerM_2016","Schirmer 2016",100,"fourfold","Methanobrevibacter",0.355,0.38,0.33,38,33,7943,TRUE,TRUE,TRUE,FALSE,TRUE,TRUE,TRUE,"ok","ok","",""
"SchirmerM_2016","Schirmer 2016",100,"fourfold","Oscillibacter",0.81,0.78,0.84,78,84,4811,TRUE,TRUE,TRUE,FALSE,TRUE,TRUE,TRUE,"ok","ok","",""
"SchirmerM_2016","Schirmer 2016",100,"fourfold","Parabacteroides",0.955,0.96,0.95,96,95,14097,TRUE,TRUE,TRUE,FALSE,TRUE,TRUE,TRUE,"ok","ok","",""
"SchirmerM_2016","Schirmer 2016",100,"fourfold","Phascolarctobacterium",0.46,0.5,0.42,50,42,3554,TRUE,TRUE,TRUE,FALSE,TRUE,TRUE,TRUE,"ok","ok","",""
"SchirmerM_2016","Schirmer 2016",100,"fourfold","Phocaeicola",1,1,1,100,100,46303,TRUE,TRUE,FALSE,TRUE,TRUE,TRUE,TRUE,"no_observed_zeros","ok","",""
"SchirmerM_2016","Schirmer 2016",100,"fourfold","Prevotella",0.49,0.53,0.45,53,45,44510,TRUE,TRUE,TRUE,FALSE,TRUE,TRUE,TRUE,"ok","ok","",""
"SchirmerM_2016","Schirmer 2016",100,"fourfold","Roseburia",0.985,0.98,0.99,98,99,44738,TRUE,TRUE,TRUE,FALSE,TRUE,TRUE,TRUE,"ok","ok","",""
"SchirmerM_2016","Schirmer 2016",100,"fourfold","Ruminococcaceae_unclassified",0.67,0.61,0.73,61,73,6222,TRUE,TRUE,TRUE,FALSE,TRUE,TRUE,TRUE,"ok","ok","",""
"SchirmerM_2016","Schirmer 2016",100,"fourfold","Ruminococcus",0.89,0.91,0.87,91,87,73347,TRUE,TRUE,TRUE,FALSE,TRUE,TRUE,TRUE,"ok","ok","",""
"SchirmerM_2016","Schirmer 2016",100,"fourfold","Streptococcus",0.895,0.81,0.98,81,98,7051,TRUE,TRUE,TRUE,FALSE,TRUE,TRUE,TRUE,"ok","ok","",""
