"dataset","taxon","method","family","component","reference_group","comparison_group","model_formula","available","reason","p_value","p_value_unfiltered","p_for_bh","q_value","native_q_value","significant","estimate","statistic","effect_definition","components_used","sensitivity_passed"
"crc_baxter","Acetanaerobacterium","DASRA structural absence","DASRA","structural absence","H","CRC","age_z + sex + group",TRUE,"ok",0.143130495811989,0.143130495811989,0.143130495811989,0.693632402781177,0.693632402781177,FALSE,,1.46423227024022,"score z; positive values indicate greater structural absence in the comparison group",,
"crc_baxter","Acetitomaculum","DASRA structural absence","DASRA","structural absence","H","CRC","age_z + sex + group",TRUE,"ok",0.0969130909227173,0.0969130909227173,0.0969130909227173,0.693632402781177,0.693632402781177,FALSE,,-1.6600067684041,"score z; positive values indicate greater structural absence in the comparison group",,
"crc_baxter","Acidaminococcus","DASRA structural absence","DASRA","structural absence","H","CRC","age_z + sex + group",TRUE,"ok",0.733854489644533,0.733854489644533,0.733854489644533,0.973322796791696,0.973322796791696,FALSE,,-0.340002706617773,"score z; positive values indicate greater structural absence in the comparison group",,
"crc_baxter","Actinomyces","DASRA structural absence","DASRA","structural absence","H","CRC","age_z + sex + group",TRUE,"ok",0.628355195836716,0.628355195836716,0.628355195836716,0.924129050107053,0.924129050107053,FALSE,,0.484043220800794,"score z; positive values indicate greater structural absence in the comparison group",,
"crc_baxter","Akkermansia","DASRA structural absence","DASRA","structural absence","H","CRC","age_z + sex + group",TRUE,"ok",0.938567930252417,0.938567930252417,0.938567930252417,1,1,FALSE,,0.0770699098391555,"score z; positive values indicate greater structural absence in the comparison group",,
"crc_baxter","Alistipes","DASRA structural absence","DASRA","structural absence","H","CRC","age_z + sex + group",TRUE,"ok",0.215729029618892,0.215729029618892,0.215729029618892,0.755051603666121,0.755051603666121,FALSE,,-1.23796502485802,"score z; positive values indicate greater structural absence in the comparison group",,
"crc_baxter","Allisonella","DASRA structural absence","DASRA","structural absence","H","CRC","age_z + sex + group",TRUE,"ok",0.675772286834859,0.675772286834859,0.675772286834859,0.935057672382044,0.935057672382044,FALSE,,0.41823913294394,"score z; positive values indicate greater structural absence in the comparison group",,
"crc_baxter","Anaerococcus","DASRA structural absence","DASRA","structural absence","H","CRC","age_z + sex + group",TRUE,"ok",0.862822697987018,0.862822697987018,0.862822697987018,1,1,FALSE,,0.172782112167689,"score z; positive values indicate greater structural absence in the comparison group",,
"crc_baxter","Anaerofilum","DASRA structural absence","DASRA","structural absence","H","CRC","age_z + sex + group",TRUE,"ok",0.594799332373681,0.594799332373681,0.594799332373681,0.924129050107053,0.924129050107053,FALSE,,0.531894116581043,"score z; positive values indicate greater structural absence in the comparison group",,
"crc_baxter","Anaerofustis","DASRA structural absence","DASRA","structural absence","H","CRC","age_z + sex + group",TRUE,"ok",0.821879864895023,0.821879864895023,0.821879864895023,1,1,FALSE,,0.225127786970083,"score z; positive values indicate greater structural absence in the comparison group",,
"crc_baxter","Anaerorhabdus","DASRA structural absence","DASRA","structural absence","H","CRC","age_z + sex + group",TRUE,"ok",0.916305701065275,0.916305701065275,0.916305701065275,1,1,FALSE,,-0.105088353029346,"score z; positive values indicate greater structural absence in the comparison group",,
"crc_baxter","Anaerosporobacter","DASRA structural absence","DASRA","structural absence","H","CRC","age_z + sex + group",TRUE,"ok",0.906863289182974,0.906863289182974,0.906863289182974,1,1,FALSE,,0.116995916799,"score z; positive values indicate greater structural absence in the comparison group",,
"crc_baxter","Anaerostipes","DASRA structural absence","DASRA","structural absence","H","CRC","age_z + sex + group",TRUE,"ok",0.106874212578442,0.106874212578442,0.106874212578442,0.693632402781177,0.693632402781177,FALSE,,-1.61240327543977,"score z; positive values indicate greater structural absence in the comparison group",,
"crc_baxter","Anaerotruncus","DASRA structural absence","DASRA","structural absence","H","CRC","age_z + sex + group",TRUE,"ok",0.346298408539595,0.346298408539595,0.346298408539595,0.863829206026966,0.863829206026966,FALSE,,0.941793431923101,"score z; positive values indicate greater structural absence in the comparison group",,
"crc_baxter","Atopobium","DASRA structural absence","DASRA","structural absence","H","CRC","age_z + sex + group",TRUE,"ok",0.344790543415035,0.344790543415035,0.344790543415035,0.863829206026966,0.863829206026966,FALSE,,0.944742128607611,"score z; positive values indicate greater structural absence in the comparison group",,
"crc_baxter","Bacteroides","DASRA structural absence","DASRA","structural absence","H","CRC","age_z + sex + group",TRUE,"no_observed_zeros",1,1,1,1,1,FALSE,,,"score z; positive values indicate greater structural absence in the comparison group",,
"crc_baxter","Barnesiella","DASRA structural absence","DASRA","structural absence","H","CRC","age_z + sex + group",TRUE,"ok",0.128149448733518,0.128149448733518,0.128149448733518,0.693632402781177,0.693632402781177,FALSE,,-1.52144003455347,"score z; positive values indicate greater structural absence in the comparison group",,
"crc_baxter","Bifidobacterium","DASRA structural absence","DASRA","structural absence","H","CRC","age_z + sex + group",TRUE,"ok",0.714607385648885,0.714607385648885,0.714607385648885,0.957877985018718,0.957877985018718,FALSE,,-0.365675291400011,"score z; positive values indicate greater structural absence in the comparison group",,
"crc_baxter","Bilophila","DASRA structural absence","DASRA","structural absence","H","CRC","age_z + sex + group",TRUE,"ok",0.841657514735145,0.841657514735145,0.841657514735145,1,1,FALSE,,-0.199773772001264,"score z; positive values indicate greater structural absence in the comparison group",,
"crc_baxter","Blautia","DASRA structural absence","DASRA","structural absence","H","CRC","age_z + sex + group",TRUE,"no_observed_zeros",1,1,1,1,1,FALSE,,,"score z; positive values indicate greater structural absence in the comparison group",,
"crc_baxter","Butyricicoccus","DASRA structural absence","DASRA","structural absence","H","CRC","age_z + sex + group",TRUE,"ok",0.619322333806608,0.619322333806608,0.619322333806608,0.924129050107053,0.924129050107053,FALSE,,-0.496811005166807,"score z; positive values indicate greater structural absence in the comparison group",,
"crc_baxter","Butyricimonas","DASRA structural absence","DASRA","structural absence","H","CRC","age_z + sex + group",TRUE,"ok",0.332823502659363,0.332823502659363,0.332823502659363,0.863829206026966,0.863829206026966,FALSE,,0.968442339800447,"score z; positive values indicate greater structural absence in the comparison group",,
"crc_baxter","Catenibacterium","DASRA structural absence","DASRA","structural absence","H","CRC","age_z + sex + group",TRUE,"ok",0.19809365261951,0.19809365261951,0.19809365261951,0.734111771472303,0.734111771472303,FALSE,,-1.28700182333074,"score z; positive values indicate greater structural absence in the comparison group",,
"crc_baxter","Citrobacter","DASRA structural absence","DASRA","structural absence","H","CRC","age_z + sex + group",TRUE,"ok",0.523169536310656,0.523169536310656,0.523169536310656,0.924129050107053,0.924129050107053,FALSE,,-0.638467296050214,"score z; positive values indicate greater structural absence in the comparison group",,
"crc_baxter","Cloacibacillus","DASRA structural absence","DASRA","structural absence","H","CRC","age_z + sex + group",TRUE,"ok",0.142440458067096,0.142440458067096,0.142440458067096,0.693632402781177,0.693632402781177,FALSE,,-1.46676329418216,"score z; positive values indicate greater structural absence in the comparison group",,
"crc_baxter","Clostridium_III","DASRA structural absence","DASRA","structural absence","H","CRC","age_z + sex + group",TRUE,"ok",0.0539590201195917,0.0539590201195917,0.0539590201195917,0.693632402781177,0.693632402781177,FALSE,,-1.92716540262888,"score z; positive values indicate greater structural absence in the comparison group",,
"crc_baxter","Clostridium_IV","DASRA structural absence","DASRA","structural absence","H","CRC","age_z + sex + group",TRUE,"ok",0.123381999829764,0.123381999829764,0.123381999829764,0.693632402781177,0.693632402781177,FALSE,,-1.54073210443284,"score z; positive values indicate greater structural absence in the comparison group",,
"crc_baxter","Clostridium_sensu_stricto","DASRA structural absence","DASRA","structural absence","H","CRC","age_z + sex + group",TRUE,"ok",0.13575216860606,0.13575216860606,0.13575216860606,0.693632402781177,0.693632402781177,FALSE,,1.49179777047143,"score z; positive values indicate greater structural absence in the comparison group",,
"crc_baxter","Clostridium_XI","DASRA structural absence","DASRA","structural absence","H","CRC","age_z + sex + group",TRUE,"ok",0.424641618215282,0.424641618215282,0.424641618215282,0.924129050107053,0.924129050107053,FALSE,,0.798394458211617,"score z; positive values indicate greater structural absence in the comparison group",,
"crc_baxter","Clostridium_XII","DASRA structural absence","DASRA","structural absence","H","CRC","age_z + sex + group",TRUE,"ok",0.639276122662288,0.639276122662288,0.639276122662288,0.924129050107053,0.924129050107053,FALSE,,-0.468711140659421,"score z; positive values indicate greater structural absence in the comparison group",,
"crc_baxter","Clostridium_XlVa","DASRA structural absence","DASRA","structural absence","H","CRC","age_z + sex + group",TRUE,"ok",0.3194216995331,0.3194216995331,0.3194216995331,0.863829206026966,0.863829206026966,FALSE,,-0.995646980355097,"score z; positive values indicate greater structural absence in the comparison group",,
"crc_baxter","Clostridium_XlVb","DASRA structural absence","DASRA","structural absence","H","CRC","age_z + sex + group",TRUE,"ok",0.611061014425324,0.611061014425324,0.611061014425324,0.924129050107053,0.924129050107053,FALSE,,-0.508559512433482,"score z; positive values indicate greater structural absence in the comparison group",,
"crc_baxter","Clostridium_XVIII","DASRA structural absence","DASRA","structural absence","H","CRC","age_z + sex + group",TRUE,"ok",0.620875331025603,0.620875331025603,0.620875331025603,0.924129050107053,0.924129050107053,FALSE,,0.494610157149635,"score z; positive values indicate greater structural absence in the comparison group",,
"crc_baxter","Collinsella","DASRA structural absence","DASRA","structural absence","H","CRC","age_z + sex + group",TRUE,"ok",1.11811826630945e-06,1.11811826630945e-06,1.11811826630945e-06,0.000140882901554991,0.000140882901554991,TRUE,,-4.86962218757167,"score z; positive values indicate greater structural absence in the comparison group",,
"crc_baxter","Coprobacillus","DASRA structural absence","DASRA","structural absence","H","CRC","age_z + sex + group",TRUE,"ok",0.113126315973089,0.113126315973089,0.113126315973089,0.693632402781177,0.693632402781177,FALSE,,1.58429626234748,"score z; positive values indicate greater structural absence in the comparison group",,
"crc_baxter","Coprococcus","DASRA structural absence","DASRA","structural absence","H","CRC","age_z + sex + group",TRUE,"ok",0.194050405659053,0.194050405659053,0.194050405659053,0.734111771472303,0.734111771472303,FALSE,,-1.29868980083719,"score z; positive values indicate greater structural absence in the comparison group",,
"crc_baxter","Corynebacterium","DASRA structural absence","DASRA","structural absence","H","CRC","age_z + sex + group",TRUE,"ok",0.944508970963533,0.944508970963533,0.944508970963533,1,1,FALSE,,-0.069603851953447,"score z; positive values indicate greater structural absence in the comparison group",,
"crc_baxter","Defluviitalea","DASRA structural absence","DASRA","structural absence","H","CRC","age_z + sex + group",TRUE,"ok",0.0630538570181677,0.0630538570181677,0.0630538570181677,0.693632402781177,0.693632402781177,FALSE,,1.85881153394298,"score z; positive values indicate greater structural absence in the comparison group",,
"crc_baxter","Desulfovibrio","DASRA structural absence","DASRA","structural absence","H","CRC","age_z + sex + group",TRUE,"ok",0.328891477398724,0.328891477398724,0.328891477398724,0.863829206026966,0.863829206026966,FALSE,,-0.976349137496876,"score z; positive values indicate greater structural absence in the comparison group",,
"crc_baxter","Dialister","DASRA structural absence","DASRA","structural absence","H","CRC","age_z + sex + group",TRUE,"ok",0.0297032310295463,0.0297032310295463,0.0297032310295463,0.693632402781177,0.693632402781177,FALSE,,-2.17402535570615,"score z; positive values indicate greater structural absence in the comparison group",,
"crc_baxter","Dorea","DASRA structural absence","DASRA","structural absence","H","CRC","age_z + sex + group",TRUE,"ok",0.255550576605483,0.255550576605483,0.255550576605483,0.821022385700806,0.821022385700806,FALSE,,-1.1369705992035,"score z; positive values indicate greater structural absence in the comparison group",,
"crc_baxter","Eggerthella","DASRA structural absence","DASRA","structural absence","H","CRC","age_z + sex + group",TRUE,"ok",0.173338988334673,0.173338988334673,0.173338988334673,0.734111771472303,0.734111771472303,FALSE,,-1.36155302590239,"score z; positive values indicate greater structural absence in the comparison group",,
"crc_baxter","Eggerthia","DASRA structural absence","DASRA","structural absence","H","CRC","age_z + sex + group",TRUE,"ok",0.141102244023323,0.141102244023323,0.141102244023323,0.693632402781177,0.693632402781177,FALSE,,-1.47169875477379,"score z; positive values indicate greater structural absence in the comparison group",,
"crc_baxter","Enterobacter","DASRA structural absence","DASRA","structural absence","H","CRC","age_z + sex + group",FALSE,"structural_absence_nonoptimal_nuisance_fit",1,1,1,1,1,FALSE,,,"score z; positive values indicate greater structural absence in the comparison group",,
"crc_baxter","Enterococcus","DASRA structural absence","DASRA","structural absence","H","CRC","age_z + sex + group",TRUE,"ok",0.467054154368699,0.467054154368699,0.467054154368699,0.924129050107053,0.924129050107053,FALSE,,0.727280478435027,"score z; positive values indicate greater structural absence in the comparison group",,
"crc_baxter","Enterorhabdus","DASRA structural absence","DASRA","structural absence","H","CRC","age_z + sex + group",TRUE,"ok",0.6050015388141,0.6050015388141,0.6050015388141,0.924129050107053,0.924129050107053,FALSE,,-0.517221509101026,"score z; positive values indicate greater structural absence in the comparison group",,
"crc_baxter","Erysipelotrichaceae_incertae_sedis","DASRA structural absence","DASRA","structural absence","H","CRC","age_z + sex + group",TRUE,"ok",0.644959485801657,0.644959485801657,0.644959485801657,0.924129050107053,0.924129050107053,FALSE,,-0.460775772027725,"score z; positive values indicate greater structural absence in the comparison group",,
"crc_baxter","Escherichia/Shigella","DASRA structural absence","DASRA","structural absence","H","CRC","age_z + sex + group",TRUE,"ok",0.773484196661344,0.773484196661344,0.773484196661344,0.994479681421728,0.994479681421728,FALSE,,-0.287820431657436,"score z; positive values indicate greater structural absence in the comparison group",,
"crc_baxter","Eubacterium","DASRA structural absence","DASRA","structural absence","H","CRC","age_z + sex + group",TRUE,"ok",0.205061234950765,0.205061234950765,0.205061234950765,0.738220445822753,0.738220445822753,FALSE,,-1.26726308616699,"score z; positive values indicate greater structural absence in the comparison group",,
"crc_baxter","Faecalibacterium","DASRA structural absence","DASRA","structural absence","H","CRC","age_z + sex + group",TRUE,"ok",0.314416563632781,0.314416563632781,0.314416563632781,0.863829206026966,0.863829206026966,FALSE,,-1.00599793453007,"score z; positive values indicate greater structural absence in the comparison group",,
"crc_baxter","Flavonifractor","DASRA structural absence","DASRA","structural absence","H","CRC","age_z + sex + group",TRUE,"ok",0.464511118647814,0.464511118647814,0.464511118647814,0.924129050107053,0.924129050107053,FALSE,,-0.731438889297955,"score z; positive values indicate greater structural absence in the comparison group",,
"crc_baxter","Fusobacterium","DASRA structural absence","DASRA","structural absence","H","CRC","age_z + sex + group",TRUE,"ok",0.0870233622962334,0.0870233622962334,0.0870233622962334,0.693632402781177,0.693632402781177,FALSE,,-1.71131292141944,"score z; positive values indicate greater structural absence in the comparison group",,
"crc_baxter","Gemella","DASRA structural absence","DASRA","structural absence","H","CRC","age_z + sex + group",TRUE,"ok",0.171479361900772,0.171479361900772,0.171479361900772,0.734111771472303,0.734111771472303,FALSE,,1.36746576188628,"score z; positive values indicate greater structural absence in the comparison group",,
"crc_baxter","Gemmiger","DASRA structural absence","DASRA","structural absence","H","CRC","age_z + sex + group",TRUE,"ok",0.561849116992821,0.561849116992821,0.561849116992821,0.924129050107053,0.924129050107053,FALSE,,-0.580097133074926,"score z; positive values indicate greater structural absence in the comparison group",,
"crc_baxter","Gordonibacter","DASRA structural absence","DASRA","structural absence","H","CRC","age_z + sex + group",TRUE,"ok",0.623634121320112,0.623634121320112,0.623634121320112,0.924129050107053,0.924129050107053,FALSE,,-0.4907063970879,"score z; positive values indicate greater structural absence in the comparison group",,
"crc_baxter","Granulicatella","DASRA structural absence","DASRA","structural absence","H","CRC","age_z + sex + group",TRUE,"ok",0.0831815734258784,0.0831815734258784,0.0831815734258784,0.693632402781177,0.693632402781177,FALSE,,1.73251688486265,"score z; positive values indicate greater structural absence in the comparison group",,
"crc_baxter","Haemophilus","DASRA structural absence","DASRA","structural absence","H","CRC","age_z + sex + group",TRUE,"ok",0.904201690543287,0.904201690543287,0.904201690543287,1,1,FALSE,,-0.120355311138283,"score z; positive values indicate greater structural absence in the comparison group",,
"crc_baxter","Hespellia","DASRA structural absence","DASRA","structural absence","H","CRC","age_z + sex + group",TRUE,"ok",0.298761932624556,0.298761932624556,0.298761932624556,0.855545534333957,0.855545534333957,FALSE,,-1.03909203996291,"score z; positive values indicate greater structural absence in the comparison group",,
"crc_baxter","Holdemania","DASRA structural absence","DASRA","structural absence","H","CRC","age_z + sex + group",TRUE,"ok",0.558705994245408,0.558705994245408,0.558705994245408,0.924129050107053,0.924129050107053,FALSE,,-0.584764623886451,"score z; positive values indicate greater structural absence in the comparison group",,
"crc_baxter","Howardella","DASRA structural absence","DASRA","structural absence","H","CRC","age_z + sex + group",TRUE,"ok",0.172107027169652,0.172107027169652,0.172107027169652,0.734111771472303,0.734111771472303,FALSE,,-1.36546474281796,"score z; positive values indicate greater structural absence in the comparison group",,
"crc_baxter","Lachnobacterium","DASRA structural absence","DASRA","structural absence","H","CRC","age_z + sex + group",TRUE,"ok",0.680148928239813,0.680148928239813,0.680148928239813,0.935057672382044,0.935057672382044,FALSE,,-0.412259911919084,"score z; positive values indicate greater structural absence in the comparison group",,
"crc_baxter","Lachnospiracea_incertae_sedis","DASRA structural absence","DASRA","structural absence","H","CRC","age_z + sex + group",TRUE,"no_observed_zeros",1,1,1,1,1,FALSE,,,"score z; positive values indicate greater structural absence in the comparison group",,
"crc_baxter","Lactobacillus","DASRA structural absence","DASRA","structural absence","H","CRC","age_z + sex + group",FALSE,"structural_absence_nonoptimal_nuisance_fit",1,1,1,1,1,FALSE,,,"score z; positive values indicate greater structural absence in the comparison group",,
"crc_baxter","Lactococcus","DASRA structural absence","DASRA","structural absence","H","CRC","age_z + sex + group",TRUE,"ok",0.624775923137391,0.624775923137391,0.624775923137391,0.924129050107053,0.924129050107053,FALSE,,0.489092906618567,"score z; positive values indicate greater structural absence in the comparison group",,
"crc_baxter","Lactonifactor","DASRA structural absence","DASRA","structural absence","H","CRC","age_z + sex + group",TRUE,"ok",0.498633984747866,0.498633984747866,0.498633984747866,0.924129050107053,0.924129050107053,FALSE,,-0.676640644157832,"score z; positive values indicate greater structural absence in the comparison group",,
"crc_baxter","Megasphaera","DASRA structural absence","DASRA","structural absence","H","CRC","age_z + sex + group",TRUE,"ok",0.26715807788677,0.26715807788677,0.26715807788677,0.821022385700806,0.821022385700806,FALSE,,-1.10963097514924,"score z; positive values indicate greater structural absence in the comparison group",,
"crc_baxter","Methanobrevibacter","DASRA structural absence","DASRA","structural absence","H","CRC","age_z + sex + group",TRUE,"ok",0.846405305982334,0.846405305982334,0.846405305982334,1,1,FALSE,,0.193707005712737,"score z; positive values indicate greater structural absence in the comparison group",,
"crc_baxter","Methylobacterium","DASRA structural absence","DASRA","structural absence","H","CRC","age_z + sex + group",FALSE,"structural_absence_persistent_boundary",1,1,1,1,1,FALSE,,,"score z; positive values indicate greater structural absence in the comparison group",,
"crc_baxter","Mogibacterium","DASRA structural absence","DASRA","structural absence","H","CRC","age_z + sex + group",TRUE,"ok",0.417164415333945,0.417164415333945,0.417164415333945,0.924129050107053,0.924129050107053,FALSE,,0.811350502847739,"score z; positive values indicate greater structural absence in the comparison group",,
"crc_baxter","Odoribacter","DASRA structural absence","DASRA","structural absence","H","CRC","age_z + sex + group",TRUE,"ok",0.994732694458825,0.994732694458825,0.994732694458825,1,1,FALSE,,-0.00660163645165219,"score z; positive values indicate greater structural absence in the comparison group",,
"crc_baxter","Oscillibacter","DASRA structural absence","DASRA","structural absence","H","CRC","age_z + sex + group",TRUE,"ok",0.610671912715126,0.610671912715126,0.610671912715126,0.924129050107053,0.924129050107053,FALSE,,-0.509114579921944,"score z; positive values indicate greater structural absence in the comparison group",,
"crc_baxter","Oxalobacter","DASRA structural absence","DASRA","structural absence","H","CRC","age_z + sex + group",TRUE,"ok",0.0337295954483088,0.0337295954483088,0.0337295954483088,0.693632402781177,0.693632402781177,FALSE,,-2.12328955466268,"score z; positive values indicate greater structural absence in the comparison group",,
"crc_baxter","Parabacteroides","DASRA structural absence","DASRA","structural absence","H","CRC","age_z + sex + group",TRUE,"ok",0.791770907716605,0.791770907716605,0.791770907716605,0.999038765622106,0.999038765622106,FALSE,,-0.264011694174198,"score z; positive values indicate greater structural absence in the comparison group",,
"crc_baxter","Paraprevotella","DASRA structural absence","DASRA","structural absence","H","CRC","age_z + sex + group",TRUE,"ok",0.186626176888365,0.186626176888365,0.186626176888365,0.734111771472303,0.734111771472303,FALSE,,-1.3206257669795,"score z; positive values indicate greater structural absence in the comparison group",,
"crc_baxter","Parasutterella","DASRA structural absence","DASRA","structural absence","H","CRC","age_z + sex + group",TRUE,"ok",0.127045897976807,0.127045897976807,0.127045897976807,0.693632402781177,0.693632402781177,FALSE,,-1.52585532822886,"score z; positive values indicate greater structural absence in the comparison group",,
"crc_baxter","Parvimonas","DASRA structural absence","DASRA","structural absence","H","CRC","age_z + sex + group",TRUE,"ok",0.266962892173913,0.266962892173913,0.266962892173913,0.821022385700806,0.821022385700806,FALSE,,-1.11008385849275,"score z; positive values indicate greater structural absence in the comparison group",,
"crc_baxter","Peptococcus","DASRA structural absence","DASRA","structural absence","H","CRC","age_z + sex + group",TRUE,"ok",0.941478880099939,0.941478880099939,0.941478880099939,1,1,FALSE,,-0.0734112317110726,"score z; positive values indicate greater structural absence in the comparison group",,
"crc_baxter","Peptoniphilus","DASRA structural absence","DASRA","structural absence","H","CRC","age_z + sex + group",TRUE,"ok",0.0751042591066626,0.0751042591066626,0.0751042591066626,0.693632402781177,0.693632402781177,FALSE,,1.77982711215496,"score z; positive values indicate greater structural absence in the comparison group",,
"crc_baxter","Peptostreptococcus","DASRA structural absence","DASRA","structural absence","H","CRC","age_z + sex + group",TRUE,"ok",0.792887909223894,0.792887909223894,0.792887909223894,0.999038765622106,0.999038765622106,FALSE,,0.262562367140726,"score z; positive values indicate greater structural absence in the comparison group",,
"crc_baxter","Phascolarctobacterium","DASRA structural absence","DASRA","structural absence","H","CRC","age_z + sex + group",TRUE,"ok",0.690161615329604,0.690161615329604,0.690161615329604,0.935057672382044,0.935057672382044,FALSE,,-0.398635750586403,"score z; positive values indicate greater structural absence in the comparison group",,
"crc_baxter","Porphyromonas","DASRA structural absence","DASRA","structural absence","H","CRC","age_z + sex + group",TRUE,"ok",0.0612130635117241,0.0612130635117241,0.0612130635117241,0.693632402781177,0.693632402781177,FALSE,,1.87195330818084,"score z; positive values indicate greater structural absence in the comparison group",,
"crc_baxter","Prevotella","DASRA structural absence","DASRA","structural absence","H","CRC","age_z + sex + group",TRUE,"ok",0.40812558064204,0.40812558064204,0.40812558064204,0.924129050107053,0.924129050107053,FALSE,,0.827196702005903,"score z; positive values indicate greater structural absence in the comparison group",,
"crc_baxter","Pseudoflavonifractor","DASRA structural absence","DASRA","structural absence","H","CRC","age_z + sex + group",TRUE,"ok",0.597754125013485,0.597754125013485,0.597754125013485,0.924129050107053,0.924129050107053,FALSE,,-0.52763294103985,"score z; positive values indicate greater structural absence in the comparison group",,
"crc_baxter","Pseudomonas","DASRA structural absence","DASRA","structural absence","H","CRC","age_z + sex + group",TRUE,"ok",0.290648402879541,0.290648402879541,0.290648402879541,0.855545534333957,0.855545534333957,FALSE,,-1.05670026751262,"score z; positive values indicate greater structural absence in the comparison group",,
"crc_baxter","Roseburia","DASRA structural absence","DASRA","structural absence","H","CRC","age_z + sex + group",TRUE,"ok",0.101099482375188,0.101099482375188,0.101099482375188,0.693632402781177,0.693632402781177,FALSE,,-1.63954655938467,"score z; positive values indicate greater structural absence in the comparison group",,
"crc_baxter","Rothia","DASRA structural absence","DASRA","structural absence","H","CRC","age_z + sex + group",TRUE,"ok",0.83712113941769,0.83712113941769,0.83712113941769,1,1,FALSE,,-0.20557726330879,"score z; positive values indicate greater structural absence in the comparison group",,
"crc_baxter","Ruminococcus","DASRA structural absence","DASRA","structural absence","H","CRC","age_z + sex + group",TRUE,"ok",0.0716048961049994,0.0716048961049994,0.0716048961049994,0.693632402781177,0.693632402781177,FALSE,,-1.80162200909214,"score z; positive values indicate greater structural absence in the comparison group",,
"crc_baxter","Ruminococcus2","DASRA structural absence","DASRA","structural absence","H","CRC","age_z + sex + group",TRUE,"ok",0.893274573584355,0.893274573584355,0.893274573584355,1,1,FALSE,,-0.134161873815139,"score z; positive values indicate greater structural absence in the comparison group",,
"crc_baxter","Slackia","DASRA structural absence","DASRA","structural absence","H","CRC","age_z + sex + group",TRUE,"ok",0.499802691224491,0.499802691224491,0.499802691224491,0.924129050107053,0.924129050107053,FALSE,,0.674800234757299,"score z; positive values indicate greater structural absence in the comparison group",,
"crc_baxter","Solobacterium","DASRA structural absence","DASRA","structural absence","H","CRC","age_z + sex + group",TRUE,"ok",0.35865316940299,0.35865316940299,0.35865316940299,0.869044218168783,0.869044218168783,FALSE,,0.917934478919326,"score z; positive values indicate greater structural absence in the comparison group",,
"crc_baxter","Sporobacter","DASRA structural absence","DASRA","structural absence","H","CRC","age_z + sex + group",TRUE,"ok",0.121581588273207,0.121581588273207,0.121581588273207,0.693632402781177,0.693632402781177,FALSE,,-1.54816910244663,"score z; positive values indicate greater structural absence in the comparison group",,
"crc_baxter","Staphylococcus","DASRA structural absence","DASRA","structural absence","H","CRC","age_z + sex + group",TRUE,"ok",0.196506250456806,0.196506250456806,0.196506250456806,0.734111771472303,0.734111771472303,FALSE,,-1.29156956261368,"score z; positive values indicate greater structural absence in the comparison group",,
"crc_baxter","Streptococcus","DASRA structural absence","DASRA","structural absence","H","CRC","age_z + sex + group",TRUE,"ok",0.522454458441323,0.522454458441323,0.522454458441323,0.924129050107053,0.924129050107053,FALSE,,0.639566513866518,"score z; positive values indicate greater structural absence in the comparison group",,
"crc_baxter","Streptophyta","DASRA structural absence","DASRA","structural absence","H","CRC","age_z + sex + group",TRUE,"ok",0.527867231682729,0.527867231682729,0.527867231682729,0.924129050107053,0.924129050107053,FALSE,,0.631265055138076,"score z; positive values indicate greater structural absence in the comparison group",,
"crc_baxter","Subdoligranulum","DASRA structural absence","DASRA","structural absence","H","CRC","age_z + sex + group",TRUE,"ok",0.0873469432592122,0.0873469432592122,0.0873469432592122,0.693632402781177,0.693632402781177,FALSE,,-1.70956175319047,"score z; positive values indicate greater structural absence in the comparison group",,
"crc_baxter","Succiniclasticum","DASRA structural absence","DASRA","structural absence","H","CRC","age_z + sex + group",TRUE,"ok",0.75985828031644,0.75985828031644,0.75985828031644,0.987032405359499,0.987032405359499,FALSE,,-0.305666896646054,"score z; positive values indicate greater structural absence in the comparison group",,
"crc_baxter","Succinivibrio","DASRA structural absence","DASRA","structural absence","H","CRC","age_z + sex + group",TRUE,"ok",0.880311283377592,0.880311283377592,0.880311283377592,1,1,FALSE,,-0.150574620022711,"score z; positive values indicate greater structural absence in the comparison group",,
"crc_baxter","Sutterella","DASRA structural absence","DASRA","structural absence","H","CRC","age_z + sex + group",TRUE,"ok",0.64542346356683,0.64542346356683,0.64542346356683,0.924129050107053,0.924129050107053,FALSE,,0.460129231263007,"score z; positive values indicate greater structural absence in the comparison group",,
"crc_baxter","Turicibacter","DASRA structural absence","DASRA","structural absence","H","CRC","age_z + sex + group",TRUE,"ok",0.349645154820439,0.349645154820439,0.349645154820439,0.863829206026966,0.863829206026966,FALSE,,-0.935277796569855,"score z; positive values indicate greater structural absence in the comparison group",,
"crc_baxter","Unclassified_Acidaminococcaceae","DASRA structural absence","DASRA","structural absence","H","CRC","age_z + sex + group",TRUE,"ok",0.58133708400513,0.58133708400513,0.58133708400513,0.924129050107053,0.924129050107053,FALSE,,-0.551432708242288,"score z; positive values indicate greater structural absence in the comparison group",,
"crc_baxter","Unclassified_Actinomycetaceae","DASRA structural absence","DASRA","structural absence","H","CRC","age_z + sex + group",TRUE,"ok",0.685943399177524,0.685943399177524,0.685943399177524,0.935057672382044,0.935057672382044,FALSE,,0.40436627104518,"score z; positive values indicate greater structural absence in the comparison group",,
"crc_baxter","Unclassified_Bacteria","DASRA structural absence","DASRA","structural absence","H","CRC","age_z + sex + group",TRUE,"ok",0.660765726312898,0.660765726312898,0.660765726312898,0.935057672382044,0.935057672382044,FALSE,,-0.438856212530196,"score z; positive values indicate greater structural absence in the comparison group",,
"crc_baxter","Unclassified_Bacteroidetes","DASRA structural absence","DASRA","structural absence","H","CRC","age_z + sex + group",TRUE,"ok",0.519657475446656,0.519657475446656,0.519657475446656,0.924129050107053,0.924129050107053,FALSE,,0.643873487228256,"score z; positive values indicate greater structural absence in the comparison group",,
"crc_baxter","Unclassified_Burkholderiales","DASRA structural absence","DASRA","structural absence","H","CRC","age_z + sex + group",TRUE,"ok",0.570849998991193,0.570849998991193,0.570849998991193,0.924129050107053,0.924129050107053,FALSE,,0.566800105376486,"score z; positive values indicate greater structural absence in the comparison group",,
"crc_baxter","Unclassified_Clostridia","DASRA structural absence","DASRA","structural absence","H","CRC","age_z + sex + group",TRUE,"ok",0.841625836897468,0.841625836897468,0.841625836897468,1,1,FALSE,,0.199814274654666,"score z; positive values indicate greater structural absence in the comparison group",,
"crc_baxter","Unclassified_Clostridiaceae_2","DASRA structural absence","DASRA","structural absence","H","CRC","age_z + sex + group",TRUE,"ok",0.608334341429686,0.608334341429686,0.608334341429686,0.924129050107053,0.924129050107053,FALSE,,0.512452520727477,"score z; positive values indicate greater structural absence in the comparison group",,
"crc_baxter","Unclassified_Clostridiales","DASRA structural absence","DASRA","structural absence","H","CRC","age_z + sex + group",TRUE,"ok",0.0523206225228111,0.0523206225228111,0.0523206225228111,0.693632402781177,0.693632402781177,FALSE,,-1.94048625903783,"score z; positive values indicate greater structural absence in the comparison group",,
"crc_baxter","Unclassified_Clostridiales_Incertae_Sedis_XIII","DASRA structural absence","DASRA","structural absence","H","CRC","age_z + sex + group",TRUE,"ok",0.894021309519978,0.894021309519978,0.894021309519978,1,1,FALSE,,0.133217577997366,"score z; positive values indicate greater structural absence in the comparison group",,
"crc_baxter","Unclassified_Coriobacteriaceae","DASRA structural absence","DASRA","structural absence","H","CRC","age_z + sex + group",TRUE,"ok",0.229298478022817,0.229298478022817,0.229298478022817,0.77678399147032,0.77678399147032,FALSE,,-1.20216791392254,"score z; positive values indicate greater structural absence in the comparison group",,
"crc_baxter","Unclassified_Desulfovibrionaceae","DASRA structural absence","DASRA","structural absence","H","CRC","age_z + sex + group",TRUE,"ok",0.0937118151418746,0.0937118151418746,0.0937118151418746,0.693632402781177,0.693632402781177,FALSE,,-1.67613468011102,"score z; positive values indicate greater structural absence in the comparison group",,
"crc_baxter","Unclassified_Desulfovibrionales","DASRA structural absence","DASRA","structural absence","H","CRC","age_z + sex + group",TRUE,"ok",0.960020047293524,0.960020047293524,0.960020047293524,1,1,FALSE,,-0.050128426304148,"score z; positive values indicate greater structural absence in the comparison group",,
"crc_baxter","Unclassified_Enterobacteriaceae","DASRA structural absence","DASRA","structural absence","H","CRC","age_z + sex + group",TRUE,"ok",0.544707640694737,0.544707640694737,0.544707640694737,0.924129050107053,0.924129050107053,FALSE,,0.605709550892196,"score z; positive values indicate greater structural absence in the comparison group",,
"crc_baxter","Unclassified_Erysipelotrichaceae","DASRA structural absence","DASRA","structural absence","H","CRC","age_z + sex + group",TRUE,"ok",0.0236857759113173,0.0236857759113173,0.0236857759113173,0.693632402781177,0.693632402781177,FALSE,,2.26218823466658,"score z; positive values indicate greater structural absence in the comparison group",,
"crc_baxter","Unclassified_Firmicutes","DASRA structural absence","DASRA","structural absence","H","CRC","age_z + sex + group",TRUE,"ok",0.58079188168104,0.58079188168104,0.58079188168104,0.924129050107053,0.924129050107053,FALSE,,-0.552228395974569,"score z; positive values indicate greater structural absence in the comparison group",,
"crc_baxter","Unclassified_Lachnospiraceae","DASRA structural absence","DASRA","structural absence","H","CRC","age_z + sex + group",TRUE,"ok",0.99635372784512,0.99635372784512,0.99635372784512,1,1,FALSE,,0.00456994034686985,"score z; positive values indicate greater structural absence in the comparison group",,
"crc_baxter","Unclassified_Peptostreptococcaceae","DASRA structural absence","DASRA","structural absence","H","CRC","age_z + sex + group",TRUE,"ok",0.49715300804455,0.49715300804455,0.49715300804455,0.924129050107053,0.924129050107053,FALSE,,0.678976095983023,"score z; positive values indicate greater structural absence in the comparison group",,
"crc_baxter","Unclassified_Porphyromonadaceae","DASRA structural absence","DASRA","structural absence","H","CRC","age_z + sex + group",TRUE,"ok",0.372074733844307,0.372074733844307,0.372074733844307,0.884555027629861,0.884555027629861,FALSE,,0.89259381261157,"score z; positive values indicate greater structural absence in the comparison group",,
"crc_baxter","Unclassified_Proteobacteria","DASRA structural absence","DASRA","structural absence","H","CRC","age_z + sex + group",TRUE,"ok",0.174990823906582,0.174990823906582,0.174990823906582,0.734111771472303,0.734111771472303,FALSE,,-1.35634059802598,"score z; positive values indicate greater structural absence in the comparison group",,
"crc_baxter","Unclassified_Rhodospirillaceae","DASRA structural absence","DASRA","structural absence","H","CRC","age_z + sex + group",TRUE,"ok",0.234268187903747,0.234268187903747,0.234268187903747,0.77678399147032,0.77678399147032,FALSE,,-1.18943588217743,"score z; positive values indicate greater structural absence in the comparison group",,
"crc_baxter","Unclassified_Rikenellaceae","DASRA structural absence","DASRA","structural absence","H","CRC","age_z + sex + group",TRUE,"ok",0.508529805191488,0.508529805191488,0.508529805191488,0.924129050107053,0.924129050107053,FALSE,,0.661128662689566,"score z; positive values indicate greater structural absence in the comparison group",,
"crc_baxter","Unclassified_Ruminococcaceae","DASRA structural absence","DASRA","structural absence","H","CRC","age_z + sex + group",TRUE,"no_observed_zeros",1,1,1,1,1,FALSE,,,"score z; positive values indicate greater structural absence in the comparison group",,
"crc_baxter","Unclassified_Sutterellaceae","DASRA structural absence","DASRA","structural absence","H","CRC","age_z + sex + group",TRUE,"ok",0.758169851682574,0.758169851682574,0.758169851682574,0.987032405359499,0.987032405359499,FALSE,,0.307884984663046,"score z; positive values indicate greater structural absence in the comparison group",,
"crc_baxter","Unclassified_Veillonellaceae","DASRA structural absence","DASRA","structural absence","H","CRC","age_z + sex + group",TRUE,"ok",0.504421668002954,0.504421668002954,0.504421668002954,0.924129050107053,0.924129050107053,FALSE,,0.667548770845925,"score z; positive values indicate greater structural absence in the comparison group",,
"crc_baxter","Vampirovibrio","DASRA structural absence","DASRA","structural absence","H","CRC","age_z + sex + group",TRUE,"ok",0.29695842941693,0.29695842941693,0.29695842941693,0.855545534333957,0.855545534333957,FALSE,,1.04297811365958,"score z; positive values indicate greater structural absence in the comparison group",,
"crc_baxter","Veillonella","DASRA structural absence","DASRA","structural absence","H","CRC","age_z + sex + group",FALSE,"structural_absence_persistent_boundary",1,1,1,1,1,FALSE,,,"score z; positive values indicate greater structural absence in the comparison group",,
"crc_baxter","Weissella","DASRA structural absence","DASRA","structural absence","H","CRC","age_z + sex + group",TRUE,"ok",0.557622973570581,0.557622973570581,0.557622973570581,0.924129050107053,0.924129050107053,FALSE,,0.586375844007804,"score z; positive values indicate greater structural absence in the comparison group",,
"crc_baxter","Acetanaerobacterium","DASRA present-conditional abundance","DASRA","present-conditional abundance","H","CRC","age_z + sex + group",TRUE,"ok",0.120837837182914,0.120837837182914,0.120837837182914,0.413335327255044,0.413335327255044,FALSE,0.765820403043636,1.55126647611725,"comparison-minus-reference present-conditional log-relative abundance contrast against the shared compositional background",,
"crc_baxter","Acetitomaculum","DASRA present-conditional abundance","DASRA","present-conditional abundance","H","CRC","age_z + sex + group",TRUE,"ok",0.0167922900849065,0.0167922900849065,0.0167922900849065,0.162756042361402,0.162756042361402,FALSE,-1.45560159913698,-2.39122430905574,"comparison-minus-reference present-conditional log-relative abundance contrast against the shared compositional background",,
"crc_baxter","Acidaminococcus","DASRA present-conditional abundance","DASRA","present-conditional abundance","H","CRC","age_z + sex + group",TRUE,"ok",0.586880635486106,0.586880635486106,0.586880635486106,0.808555060536636,0.808555060536636,FALSE,0.607849943942295,0.543361925097647,"comparison-minus-reference present-conditional log-relative abundance contrast against the shared compositional background",,
"crc_baxter","Actinomyces","DASRA present-conditional abundance","DASRA","present-conditional abundance","H","CRC","age_z + sex + group",TRUE,"ok",0.260043094576973,0.260043094576973,0.260043094576973,0.527077222251183,0.527077222251183,FALSE,0.285958117907433,1.12628927817288,"comparison-minus-reference present-conditional log-relative abundance contrast against the shared compositional background",,
"crc_baxter","Akkermansia","DASRA present-conditional abundance","DASRA","present-conditional abundance","H","CRC","age_z + sex + group",TRUE,"ok",0.412729966459714,0.412729966459714,0.412729966459714,0.663892276185772,0.663892276185772,FALSE,0.266990615234027,0.819098940313482,"comparison-minus-reference present-conditional log-relative abundance contrast against the shared compositional background",,
"crc_baxter","Alistipes","DASRA present-conditional abundance","DASRA","present-conditional abundance","H","CRC","age_z + sex + group",TRUE,"ok",0.362253527556335,0.362253527556335,0.362253527556335,0.600578216738135,0.600578216738135,FALSE,-0.220090287065984,-0.91107942291852,"comparison-minus-reference present-conditional log-relative abundance contrast against the shared compositional background",,
"crc_baxter","Allisonella","DASRA present-conditional abundance","DASRA","present-conditional abundance","H","CRC","age_z + sex + group",TRUE,"ok",0.686633753870886,0.686633753870886,0.686633753870886,0.864353668457082,0.864353668457082,FALSE,-0.371750450221722,-0.403427507862393,"comparison-minus-reference present-conditional log-relative abundance contrast against the shared compositional background",,
"crc_baxter","Anaerococcus","DASRA present-conditional abundance","DASRA","present-conditional abundance","H","CRC","age_z + sex + group",TRUE,"ok",0.121062504610009,0.121062504610009,0.121062504610009,0.413335327255044,0.413335327255044,FALSE,3.48622232507626,1.55032927346894,"comparison-minus-reference present-conditional log-relative abundance contrast against the shared compositional background",,
"crc_baxter","Anaerofilum","DASRA present-conditional abundance","DASRA","present-conditional abundance","H","CRC","age_z + sex + group",TRUE,"ok",0.268251839474737,0.268251839474737,0.268251839474737,0.527077222251183,0.527077222251183,FALSE,0.556345431367764,1.10709735389418,"comparison-minus-reference present-conditional log-relative abundance contrast against the shared compositional background",,
"crc_baxter","Anaerofustis","DASRA present-conditional abundance","DASRA","present-conditional abundance","H","CRC","age_z + sex + group",TRUE,"ok",0.185723758139182,0.185723758139182,0.185723758139182,0.496311724589455,0.496311724589455,FALSE,0.462390660402932,1.32333571931149,"comparison-minus-reference present-conditional log-relative abundance contrast against the shared compositional background",,
"crc_baxter","Anaerorhabdus","DASRA present-conditional abundance","DASRA","present-conditional abundance","H","CRC","age_z + sex + group",TRUE,"ok",0.738301139570672,0.738301139570672,0.738301139570672,0.903164500834025,0.903164500834025,FALSE,-0.413812356505901,-0.334103923411524,"comparison-minus-reference present-conditional log-relative abundance contrast against the shared compositional background",,
"crc_baxter","Anaerosporobacter","DASRA present-conditional abundance","DASRA","present-conditional abundance","H","CRC","age_z + sex + group",TRUE,"ok",0.116268072123902,0.116268072123902,0.116268072123902,0.413335327255044,0.413335327255044,FALSE,-0.7739998291581,-1.57063234597264,"comparison-minus-reference present-conditional log-relative abundance contrast against the shared compositional background",,
"crc_baxter","Anaerostipes","DASRA present-conditional abundance","DASRA","present-conditional abundance","H","CRC","age_z + sex + group",TRUE,"ok",0.0739385727185039,0.0739385727185039,0.0739385727185039,0.357142777621872,0.357142777621872,FALSE,-0.356607696237738,-1.78699329224234,"comparison-minus-reference present-conditional log-relative abundance contrast against the shared compositional background",,
"crc_baxter","Anaerotruncus","DASRA present-conditional abundance","DASRA","present-conditional abundance","H","CRC","age_z + sex + group",TRUE,"ok",0.0605596664893578,0.0605596664893578,0.0605596664893578,0.348662126916748,0.348662126916748,FALSE,1.06590081124814,1.87669676344847,"comparison-minus-reference present-conditional log-relative abundance contrast against the shared compositional background",,
"crc_baxter","Atopobium","DASRA present-conditional abundance","DASRA","present-conditional abundance","H","CRC","age_z + sex + group",TRUE,"ok",0.0199466266487231,0.0199466266487231,0.0199466266487231,0.167551663849274,0.167551663849274,FALSE,2.81151372381793,2.3273503379227,"comparison-minus-reference present-conditional log-relative abundance contrast against the shared compositional background",,
"crc_baxter","Bacteroides","DASRA present-conditional abundance","DASRA","present-conditional abundance","H","CRC","age_z + sex + group",TRUE,"ok",0.230591664046731,0.230591664046731,0.230591664046731,0.527077222251183,0.527077222251183,FALSE,-0.234448175019953,-1.19883614733268,"comparison-minus-reference present-conditional log-relative abundance contrast against the shared compositional background",,
"crc_baxter","Barnesiella","DASRA present-conditional abundance","DASRA","present-conditional abundance","H","CRC","age_z + sex + group",TRUE,"ok",0.660109390259209,0.660109390259209,0.660109390259209,0.864353668457082,0.864353668457082,FALSE,-0.257091448456784,-0.439762141217559,"comparison-minus-reference present-conditional log-relative abundance contrast against the shared compositional background",,
"crc_baxter","Bifidobacterium","DASRA present-conditional abundance","DASRA","present-conditional abundance","H","CRC","age_z + sex + group",TRUE,"ok",0.0850339946718742,0.0850339946718742,0.0850339946718742,0.357142777621872,0.357142777621872,FALSE,0.546631726502307,1.72219613550141,"comparison-minus-reference present-conditional log-relative abundance contrast against the shared compositional background",,
"crc_baxter","Bilophila","DASRA present-conditional abundance","DASRA","present-conditional abundance","H","CRC","age_z + sex + group",TRUE,"ok",0.00953437321044322,0.00953437321044322,0.00953437321044322,0.100110918709654,0.100110918709654,FALSE,0.786772708682404,2.59227425174605,"comparison-minus-reference present-conditional log-relative abundance contrast against the shared compositional background",,
"crc_baxter","Blautia","DASRA present-conditional abundance","DASRA","present-conditional abundance","H","CRC","age_z + sex + group",TRUE,"ok",0.250685367582341,0.250685367582341,0.250685367582341,0.527077222251183,0.527077222251183,FALSE,0.182364434391988,1.14868627433142,"comparison-minus-reference present-conditional log-relative abundance contrast against the shared compositional background",,
"crc_baxter","Butyricicoccus","DASRA present-conditional abundance","DASRA","present-conditional abundance","H","CRC","age_z + sex + group",TRUE,"ok",0.153137221364644,0.153137221364644,0.153137221364644,0.445650382662116,0.445650382662116,FALSE,-0.321348097455944,-1.42853745689859,"comparison-minus-reference present-conditional log-relative abundance contrast against the shared compositional background",,
"crc_baxter","Butyricimonas","DASRA present-conditional abundance","DASRA","present-conditional abundance","H","CRC","age_z + sex + group",TRUE,"ok",0.464792552884374,0.464792552884374,0.464792552884374,0.705588694740133,0.705588694740133,FALSE,-0.326120614523488,-0.73097806212505,"comparison-minus-reference present-conditional log-relative abundance contrast against the shared compositional background",,
"crc_baxter","Catenibacterium","DASRA present-conditional abundance","DASRA","present-conditional abundance","H","CRC","age_z + sex + group",TRUE,"ok",0.336227116582008,0.336227116582008,0.336227116582008,0.574448659510082,0.574448659510082,FALSE,-0.937005081126413,-0.961646676073781,"comparison-minus-reference present-conditional log-relative abundance contrast against the shared compositional background",,
"crc_baxter","Citrobacter","DASRA present-conditional abundance","DASRA","present-conditional abundance","H","CRC","age_z + sex + group",TRUE,"ok",0.136188852603662,0.136188852603662,0.136188852603662,0.418531595806375,0.418531595806375,FALSE,-3.58483148139291,-1.49013458317613,"comparison-minus-reference present-conditional log-relative abundance contrast against the shared compositional background",,
"crc_baxter","Cloacibacillus","DASRA present-conditional abundance","DASRA","present-conditional abundance","H","CRC","age_z + sex + group",TRUE,"ok",0.649129654463052,0.649129654463052,0.649129654463052,0.860950910129943,0.860950910129943,FALSE,-0.508313436498656,-0.454971622458448,"comparison-minus-reference present-conditional log-relative abundance contrast against the shared compositional background",,
"crc_baxter","Clostridium_III","DASRA present-conditional abundance","DASRA","present-conditional abundance","H","CRC","age_z + sex + group",TRUE,"ok",0.0280616377990786,0.0280616377990786,0.0280616377990786,0.220985397667744,0.220985397667744,FALSE,-0.703260175013349,-2.19642360291613,"comparison-minus-reference present-conditional log-relative abundance contrast against the shared compositional background",,
"crc_baxter","Clostridium_IV","DASRA present-conditional abundance","DASRA","present-conditional abundance","H","CRC","age_z + sex + group",TRUE,"ok",0.318456792035495,0.318456792035495,0.318456792035495,0.573222225663892,0.573222225663892,FALSE,0.17557018441514,0.997634156335131,"comparison-minus-reference present-conditional log-relative abundance contrast against the shared compositional background",,
"crc_baxter","Clostridium_sensu_stricto","DASRA present-conditional abundance","DASRA","present-conditional abundance","H","CRC","age_z + sex + group",TRUE,"ok",0.961052352422864,0.961052352422864,0.961052352422864,1,1,FALSE,-0.0174348968852355,-0.0488330387951188,"comparison-minus-reference present-conditional log-relative abundance contrast against the shared compositional background",,
"crc_baxter","Clostridium_XI","DASRA present-conditional abundance","DASRA","present-conditional abundance","H","CRC","age_z + sex + group",TRUE,"ok",0.790128951935795,0.790128951935795,0.790128951935795,0.925665938336498,0.925665938336498,FALSE,-0.0779358565992038,-0.266143165769906,"comparison-minus-reference present-conditional log-relative abundance contrast against the shared compositional background",,
"crc_baxter","Clostridium_XII","DASRA present-conditional abundance","DASRA","present-conditional abundance","H","CRC","age_z + sex + group",TRUE,"ok",0.282306051639262,0.282306051639262,0.282306051639262,0.538896713349769,0.538896713349769,FALSE,0.619299257619499,1.07515340725258,"comparison-minus-reference present-conditional log-relative abundance contrast against the shared compositional background",,
"crc_baxter","Clostridium_XlVa","DASRA present-conditional abundance","DASRA","present-conditional abundance","H","CRC","age_z + sex + group",TRUE,"ok",0.127937125102752,0.127937125102752,0.127937125102752,0.413335327255044,0.413335327255044,FALSE,0.214846125135947,1.52228723510533,"comparison-minus-reference present-conditional log-relative abundance contrast against the shared compositional background",,
"crc_baxter","Clostridium_XlVb","DASRA present-conditional abundance","DASRA","present-conditional abundance","H","CRC","age_z + sex + group",TRUE,"ok",0.003698492485501,0.003698492485501,0.003698492485501,0.0776683421955211,0.0776683421955211,FALSE,0.726194348367494,2.90279449126166,"comparison-minus-reference present-conditional log-relative abundance contrast against the shared compositional background",,
"crc_baxter","Clostridium_XVIII","DASRA present-conditional abundance","DASRA","present-conditional abundance","H","CRC","age_z + sex + group",TRUE,"ok",0.0630327881456463,0.0630327881456463,0.0630327881456463,0.348662126916748,0.348662126916748,FALSE,-0.383434987235917,-1.85896014259372,"comparison-minus-reference present-conditional log-relative abundance contrast against the shared compositional background",,
"crc_baxter","Collinsella","DASRA present-conditional abundance","DASRA","present-conditional abundance","H","CRC","age_z + sex + group",TRUE,"ok",0.323289710162256,0.323289710162256,0.323289710162256,0.573725401133018,0.573725401133018,FALSE,-0.357753721272383,-0.987720176722765,"comparison-minus-reference present-conditional log-relative abundance contrast against the shared compositional background",,
"crc_baxter","Coprobacillus","DASRA present-conditional abundance","DASRA","present-conditional abundance","H","CRC","age_z + sex + group",TRUE,"ok",0.261457755813203,0.261457755813203,0.261457755813203,0.527077222251183,0.527077222251183,FALSE,0.787898120307307,1.12295229459083,"comparison-minus-reference present-conditional log-relative abundance contrast against the shared compositional background",,
"crc_baxter","Coprococcus","DASRA present-conditional abundance","DASRA","present-conditional abundance","H","CRC","age_z + sex + group",TRUE,"ok",0.420668498373614,0.420668498373614,0.420668498373614,0.663892276185772,0.663892276185772,FALSE,-0.165129122634448,-0.80526201188143,"comparison-minus-reference present-conditional log-relative abundance contrast against the shared compositional background",,
"crc_baxter","Corynebacterium","DASRA present-conditional abundance","DASRA","present-conditional abundance","H","CRC","age_z + sex + group",FALSE,"conditional_present_information_nonpositive",1,1,1,1,1,FALSE,,,"comparison-minus-reference present-conditional log-relative abundance contrast against the shared compositional background",,
"crc_baxter","Defluviitalea","DASRA present-conditional abundance","DASRA","present-conditional abundance","H","CRC","age_z + sex + group",TRUE,"ok",0.177023743912428,0.177023743912428,0.177023743912428,0.484891124629694,0.484891124629694,FALSE,0.542280945689714,1.34997580511951,"comparison-minus-reference present-conditional log-relative abundance contrast against the shared compositional background",,
"crc_baxter","Desulfovibrio","DASRA present-conditional abundance","DASRA","present-conditional abundance","H","CRC","age_z + sex + group",TRUE,"ok",0.479481201003548,0.479481201003548,0.479481201003548,0.710012193765525,0.710012193765525,FALSE,0.345500814904635,0.707137231132768,"comparison-minus-reference present-conditional log-relative abundance contrast against the shared compositional background",,
"crc_baxter","Dialister","DASRA present-conditional abundance","DASRA","present-conditional abundance","H","CRC","age_z + sex + group",TRUE,"ok",0.00647298320252906,0.00647298320252906,0.00647298320252906,0.0902816763938668,0.0902816763938668,FALSE,-1.45005875686393,-2.7228071460297,"comparison-minus-reference present-conditional log-relative abundance contrast against the shared compositional background",,
"crc_baxter","Dorea","DASRA present-conditional abundance","DASRA","present-conditional abundance","H","CRC","age_z + sex + group",TRUE,"ok",0.82183121966686,0.82183121966686,0.82183121966686,0.939339590062341,0.939339590062341,FALSE,-0.0409257389727076,-0.225190319904665,"comparison-minus-reference present-conditional log-relative abundance contrast against the shared compositional background",,
"crc_baxter","Eggerthella","DASRA present-conditional abundance","DASRA","present-conditional abundance","H","CRC","age_z + sex + group",TRUE,"ok",0.428889680557277,0.428889680557277,0.428889680557277,0.663892276185772,0.663892276185772,FALSE,0.346134934923219,0.791093073934228,"comparison-minus-reference present-conditional log-relative abundance contrast against the shared compositional background",,
"crc_baxter","Eggerthia","DASRA present-conditional abundance","DASRA","present-conditional abundance","H","CRC","age_z + sex + group",TRUE,"ok",0.00917720946712645,0.00917720946712645,0.00917720946712645,0.100110918709654,0.100110918709654,FALSE,-2.29662917085579,-2.60538119350701,"comparison-minus-reference present-conditional log-relative abundance contrast against the shared compositional background",,
"crc_baxter","Enterobacter","DASRA present-conditional abundance","DASRA","present-conditional abundance","H","CRC","age_z + sex + group",TRUE,"ok",0.0623702532086536,0.0623702532086536,0.0623702532086536,0.348662126916748,0.348662126916748,FALSE,3.21868848448826,1.86365439787027,"comparison-minus-reference present-conditional log-relative abundance contrast against the shared compositional background",,
"crc_baxter","Enterococcus","DASRA present-conditional abundance","DASRA","present-conditional abundance","H","CRC","age_z + sex + group",TRUE,"ok",0.140214112101322,0.140214112101322,0.140214112101322,0.420642336303965,0.420642336303965,FALSE,1.95807550790048,1.47499416523883,"comparison-minus-reference present-conditional log-relative abundance contrast against the shared compositional background",,
"crc_baxter","Enterorhabdus","DASRA present-conditional abundance","DASRA","present-conditional abundance","H","CRC","age_z + sex + group",TRUE,"ok",0.851823421125259,0.851823421125259,0.851823421125259,0.939339590062341,0.939339590062341,FALSE,0.165896410052555,0.186792380662717,"comparison-minus-reference present-conditional log-relative abundance contrast against the shared compositional background",,
"crc_baxter","Erysipelotrichaceae_incertae_sedis","DASRA present-conditional abundance","DASRA","present-conditional abundance","H","CRC","age_z + sex + group",TRUE,"ok",0.590373536264845,0.590373536264845,0.590373536264845,0.808555060536636,0.808555060536636,FALSE,0.216240377410334,0.538294806511428,"comparison-minus-reference present-conditional log-relative abundance contrast against the shared compositional background",,
"crc_baxter","Escherichia/Shigella","DASRA present-conditional abundance","DASRA","present-conditional abundance","H","CRC","age_z + sex + group",TRUE,"ok",0.984983244723277,0.984983244723277,0.984983244723277,1,1,FALSE,-0.00713963008228183,-0.0188218229322326,"comparison-minus-reference present-conditional log-relative abundance contrast against the shared compositional background",,
"crc_baxter","Eubacterium","DASRA present-conditional abundance","DASRA","present-conditional abundance","H","CRC","age_z + sex + group",TRUE,"ok",0.630445260161496,0.630445260161496,0.630445260161496,0.845064923195196,0.845064923195196,FALSE,0.230826509520775,0.481100236281705,"comparison-minus-reference present-conditional log-relative abundance contrast against the shared compositional background",,
"crc_baxter","Faecalibacterium","DASRA present-conditional abundance","DASRA","present-conditional abundance","H","CRC","age_z + sex + group",TRUE,"ok",0.918512821280927,0.918512821280927,0.918512821280927,0.989167653687152,0.989167653687152,FALSE,-0.0165019987485401,-0.102307224244248,"comparison-minus-reference present-conditional log-relative abundance contrast against the shared compositional background",,
"crc_baxter","Flavonifractor","DASRA present-conditional abundance","DASRA","present-conditional abundance","H","CRC","age_z + sex + group",TRUE,"ok",0.840953328718342,0.840953328718342,0.840953328718342,0.939339590062341,0.939339590062341,FALSE,0.0336730849151715,0.200674207701721,"comparison-minus-reference present-conditional log-relative abundance contrast against the shared compositional background",,
"crc_baxter","Fusobacterium","DASRA present-conditional abundance","DASRA","present-conditional abundance","H","CRC","age_z + sex + group",TRUE,"ok",0.692854924715598,0.692854924715598,0.692854924715598,0.864353668457082,0.864353668457082,FALSE,0.575683096795743,0.394983690226636,"comparison-minus-reference present-conditional log-relative abundance contrast against the shared compositional background",,
"crc_baxter","Gemella","DASRA present-conditional abundance","DASRA","present-conditional abundance","H","CRC","age_z + sex + group",TRUE,"ok",1.46346900953487e-07,1.46346900953487e-07,1.46346900953487e-07,9.21985476006965e-06,9.21985476006965e-06,TRUE,2.26835471736313,5.25709729024561,"comparison-minus-reference present-conditional log-relative abundance contrast against the shared compositional background",,
"crc_baxter","Gemmiger","DASRA present-conditional abundance","DASRA","present-conditional abundance","H","CRC","age_z + sex + group",TRUE,"ok",0.00488713675334212,0.00488713675334212,0.00488713675334212,0.0849781456483023,0.0849781456483023,FALSE,-0.672946562846442,-2.81438034552991,"comparison-minus-reference present-conditional log-relative abundance contrast against the shared compositional background",,
"crc_baxter","Gordonibacter","DASRA present-conditional abundance","DASRA","present-conditional abundance","H","CRC","age_z + sex + group",TRUE,"ok",0.432056878152645,0.432056878152645,0.432056878152645,0.663892276185772,0.663892276185772,FALSE,-0.296290723291345,-0.785676766143494,"comparison-minus-reference present-conditional log-relative abundance contrast against the shared compositional background",,
"crc_baxter","Granulicatella","DASRA present-conditional abundance","DASRA","present-conditional abundance","H","CRC","age_z + sex + group",TRUE,"ok",0.260551112337229,0.260551112337229,0.260551112337229,0.527077222251183,0.527077222251183,FALSE,0.517249906115298,1.12508949510542,"comparison-minus-reference present-conditional log-relative abundance contrast against the shared compositional background",,
"crc_baxter","Haemophilus","DASRA present-conditional abundance","DASRA","present-conditional abundance","H","CRC","age_z + sex + group",TRUE,"ok",0.00716521241221165,0.00716521241221165,0.00716521241221165,0.0902816763938668,0.0902816763938668,FALSE,-1.68195202743805,-2.68906659115781,"comparison-minus-reference present-conditional log-relative abundance contrast against the shared compositional background",,
"crc_baxter","Hespellia","DASRA present-conditional abundance","DASRA","present-conditional abundance","H","CRC","age_z + sex + group",TRUE,"ok",0.479487208490187,0.479487208490187,0.479487208490187,0.710012193765525,0.710012193765525,FALSE,0.14731344198964,0.707127563186251,"comparison-minus-reference present-conditional log-relative abundance contrast against the shared compositional background",,
"crc_baxter","Holdemania","DASRA present-conditional abundance","DASRA","present-conditional abundance","H","CRC","age_z + sex + group",TRUE,"ok",0.33737460955354,0.33737460955354,0.33737460955354,0.574448659510082,0.574448659510082,FALSE,-0.545242123856236,-0.959365578047758,"comparison-minus-reference present-conditional log-relative abundance contrast against the shared compositional background",,
"crc_baxter","Howardella","DASRA present-conditional abundance","DASRA","present-conditional abundance","H","CRC","age_z + sex + group",TRUE,"ok",0.21740112662824,0.21740112662824,0.21740112662824,0.519415717906504,0.519415717906504,FALSE,-0.357372244800692,-1.23346821948883,"comparison-minus-reference present-conditional log-relative abundance contrast against the shared compositional background",,
"crc_baxter","Lachnobacterium","DASRA present-conditional abundance","DASRA","present-conditional abundance","H","CRC","age_z + sex + group",TRUE,"ok",0.0490865818524793,0.0490865818524793,0.0490865818524793,0.343606072967355,0.343606072967355,FALSE,-2.40811122312722,-1.96783885594145,"comparison-minus-reference present-conditional log-relative abundance contrast against the shared compositional background",,
"crc_baxter","Lachnospiracea_incertae_sedis","DASRA present-conditional abundance","DASRA","present-conditional abundance","H","CRC","age_z + sex + group",TRUE,"ok",0.806329551907505,0.806329551907505,0.806329551907505,0.932087371929777,0.932087371929777,FALSE,-0.0348239457272357,-0.245163868022887,"comparison-minus-reference present-conditional log-relative abundance contrast against the shared compositional background",,
"crc_baxter","Lactobacillus","DASRA present-conditional abundance","DASRA","present-conditional abundance","H","CRC","age_z + sex + group",TRUE,"ok",0.12212278007832,0.12212278007832,0.12212278007832,0.413335327255044,0.413335327255044,FALSE,1.90444510598701,1.54592459407145,"comparison-minus-reference present-conditional log-relative abundance contrast against the shared compositional background",,
"crc_baxter","Lactococcus","DASRA present-conditional abundance","DASRA","present-conditional abundance","H","CRC","age_z + sex + group",TRUE,"ok",0.771329575770987,0.771329575770987,0.771329575770987,0.9230157269142,0.9230157269142,FALSE,-0.244178361982791,-0.290636193751067,"comparison-minus-reference present-conditional log-relative abundance contrast against the shared compositional background",,
"crc_baxter","Lactonifactor","DASRA present-conditional abundance","DASRA","present-conditional abundance","H","CRC","age_z + sex + group",TRUE,"ok",0.731430776233145,0.731430776233145,0.731430776233145,0.903164500834025,0.903164500834025,FALSE,-0.121231966201017,-0.343222902594427,"comparison-minus-reference present-conditional log-relative abundance contrast against the shared compositional background",,
"crc_baxter","Megasphaera","DASRA present-conditional abundance","DASRA","present-conditional abundance","H","CRC","age_z + sex + group",TRUE,"ok",0.126737210536048,0.126737210536048,0.126737210536048,0.413335327255044,0.413335327255044,FALSE,-2.51966958259846,-1.52709572213979,"comparison-minus-reference present-conditional log-relative abundance contrast against the shared compositional background",,
"crc_baxter","Methanobrevibacter","DASRA present-conditional abundance","DASRA","present-conditional abundance","H","CRC","age_z + sex + group",TRUE,"ok",0.0802728974196923,0.0802728974196923,0.0802728974196923,0.357142777621872,0.357142777621872,FALSE,1.2687788842745,1.74910484778928,"comparison-minus-reference present-conditional log-relative abundance contrast against the shared compositional background",,
"crc_baxter","Methylobacterium","DASRA present-conditional abundance","DASRA","present-conditional abundance","H","CRC","age_z + sex + group",TRUE,"ok",0.241093778369503,0.241093778369503,0.241093778369503,0.527077222251183,0.527077222251183,FALSE,-1.90710229209085,-1.17225727779111,"comparison-minus-reference present-conditional log-relative abundance contrast against the shared compositional background",,
"crc_baxter","Mogibacterium","DASRA present-conditional abundance","DASRA","present-conditional abundance","H","CRC","age_z + sex + group",TRUE,"ok",0.110544780359146,0.110544780359146,0.110544780359146,0.413335327255044,0.413335327255044,FALSE,0.972310200625807,1.59574928441883,"comparison-minus-reference present-conditional log-relative abundance contrast against the shared compositional background",,
"crc_baxter","Odoribacter","DASRA present-conditional abundance","DASRA","present-conditional abundance","H","CRC","age_z + sex + group",TRUE,"ok",0.857333752834676,0.857333752834676,0.857333752834676,0.939339590062341,0.939339590062341,FALSE,-0.0692557593513483,-0.179769214849537,"comparison-minus-reference present-conditional log-relative abundance contrast against the shared compositional background",,
"crc_baxter","Oscillibacter","DASRA present-conditional abundance","DASRA","present-conditional abundance","H","CRC","age_z + sex + group",TRUE,"ok",0.935491755585903,0.935491755585903,0.935491755585903,0.998914925456134,0.998914925456134,FALSE,-0.0163990036416297,-0.0809373761533655,"comparison-minus-reference present-conditional log-relative abundance contrast against the shared compositional background",,
"crc_baxter","Oxalobacter","DASRA present-conditional abundance","DASRA","present-conditional abundance","H","CRC","age_z + sex + group",TRUE,"ok",0.268554704202076,0.268554704202076,0.268554704202076,0.527077222251183,0.527077222251183,FALSE,-0.45346058041764,-1.10639704445671,"comparison-minus-reference present-conditional log-relative abundance contrast against the shared compositional background",,
"crc_baxter","Parabacteroides","DASRA present-conditional abundance","DASRA","present-conditional abundance","H","CRC","age_z + sex + group",TRUE,"ok",0.541615629995383,0.541615629995383,0.541615629995383,0.766781678420429,0.766781678420429,FALSE,-0.161502667817447,-0.610371670548811,"comparison-minus-reference present-conditional log-relative abundance contrast against the shared compositional background",,
"crc_baxter","Paraprevotella","DASRA present-conditional abundance","DASRA","present-conditional abundance","H","CRC","age_z + sex + group",TRUE,"ok",0.189071133176935,0.189071133176935,0.189071133176935,0.496311724589455,0.496311724589455,FALSE,-1.75893131979043,-1.31333190190032,"comparison-minus-reference present-conditional log-relative abundance contrast against the shared compositional background",,
"crc_baxter","Parasutterella","DASRA present-conditional abundance","DASRA","present-conditional abundance","H","CRC","age_z + sex + group",TRUE,"ok",0.27190491624069,0.27190491624069,0.27190491624069,0.527077222251183,0.527077222251183,FALSE,-0.629991615370065,-1.0986863093152,"comparison-minus-reference present-conditional log-relative abundance contrast against the shared compositional background",,
"crc_baxter","Parvimonas","DASRA present-conditional abundance","DASRA","present-conditional abundance","H","CRC","age_z + sex + group",TRUE,"ok",0.00539543781893983,0.00539543781893983,0.00539543781893983,0.0849781456483023,0.0849781456483023,FALSE,3.34708675341829,2.78242473509842,"comparison-minus-reference present-conditional log-relative abundance contrast against the shared compositional background",,
"crc_baxter","Peptococcus","DASRA present-conditional abundance","DASRA","present-conditional abundance","H","CRC","age_z + sex + group",TRUE,"ok",0.844461037955538,0.844461037955538,0.844461037955538,0.939339590062341,0.939339590062341,FALSE,0.304764947235753,0.196190532599271,"comparison-minus-reference present-conditional log-relative abundance contrast against the shared compositional background",,
"crc_baxter","Peptoniphilus","DASRA present-conditional abundance","DASRA","present-conditional abundance","H","CRC","age_z + sex + group",TRUE,"ok",0.00127442803708622,0.00127442803708622,0.00127442803708622,0.0321155865345727,0.0321155865345727,TRUE,7.24474149289255,3.22167680640054,"comparison-minus-reference present-conditional log-relative abundance contrast against the shared compositional background",,
"crc_baxter","Peptostreptococcus","DASRA present-conditional abundance","DASRA","present-conditional abundance","H","CRC","age_z + sex + group",TRUE,"ok",8.57662783490097e-08,8.57662783490097e-08,8.57662783490097e-08,9.21985476006965e-06,9.21985476006965e-06,TRUE,5.64645687605445,5.3545570072786,"comparison-minus-reference present-conditional log-relative abundance contrast against the shared compositional background",,
"crc_baxter","Phascolarctobacterium","DASRA present-conditional abundance","DASRA","present-conditional abundance","H","CRC","age_z + sex + group",TRUE,"ok",0.793427947145569,0.793427947145569,0.793427947145569,0.925665938336498,0.925665938336498,FALSE,-0.100440984952095,-0.261861857358714,"comparison-minus-reference present-conditional log-relative abundance contrast against the shared compositional background",,
"crc_baxter","Porphyromonas","DASRA present-conditional abundance","DASRA","present-conditional abundance","H","CRC","age_z + sex + group",TRUE,"ok",2.26659056020751e-05,2.26659056020751e-05,2.26659056020751e-05,0.000951968035287156,0.000951968035287156,TRUE,8.83026213924211,4.23686823724134,"comparison-minus-reference present-conditional log-relative abundance contrast against the shared compositional background",,
"crc_baxter","Prevotella","DASRA present-conditional abundance","DASRA","present-conditional abundance","H","CRC","age_z + sex + group",TRUE,"ok",0.0848321085090922,0.0848321085090922,0.0848321085090922,0.357142777621872,0.357142777621872,FALSE,2.29345980445141,1.72331205731038,"comparison-minus-reference present-conditional log-relative abundance contrast against the shared compositional background",,
"crc_baxter","Pseudoflavonifractor","DASRA present-conditional abundance","DASRA","present-conditional abundance","H","CRC","age_z + sex + group",TRUE,"ok",0.564281036951023,0.564281036951023,0.564281036951023,0.789993451731432,0.789993451731432,FALSE,0.187665755881587,0.576494425134758,"comparison-minus-reference present-conditional log-relative abundance contrast against the shared compositional background",,
"crc_baxter","Pseudomonas","DASRA present-conditional abundance","DASRA","present-conditional abundance","H","CRC","age_z + sex + group",TRUE,"ok",0.203531221466898,0.203531221466898,0.203531221466898,0.512898678096583,0.512898678096583,FALSE,-0.459333459041039,-1.27155514780087,"comparison-minus-reference present-conditional log-relative abundance contrast against the shared compositional background",,
"crc_baxter","Roseburia","DASRA present-conditional abundance","DASRA","present-conditional abundance","H","CRC","age_z + sex + group",TRUE,"ok",0.998839264133782,0.998839264133782,0.998839264133782,1,1,FALSE,0.000293547617411155,0.0014547671839522,"comparison-minus-reference present-conditional log-relative abundance contrast against the shared compositional background",,
"crc_baxter","Rothia","DASRA present-conditional abundance","DASRA","present-conditional abundance","H","CRC","age_z + sex + group",TRUE,"ok",0.985860277695864,0.985860277695864,0.985860277695864,1,1,FALSE,0.0098405949175987,0.0177224415430978,"comparison-minus-reference present-conditional log-relative abundance contrast against the shared compositional background",,
"crc_baxter","Ruminococcus","DASRA present-conditional abundance","DASRA","present-conditional abundance","H","CRC","age_z + sex + group",TRUE,"ok",0.110222617714847,0.110222617714847,0.110222617714847,0.413335327255044,0.413335327255044,FALSE,-0.365963234291646,-1.59719333603605,"comparison-minus-reference present-conditional log-relative abundance contrast against the shared compositional background",,
"crc_baxter","Ruminococcus2","DASRA present-conditional abundance","DASRA","present-conditional abundance","H","CRC","age_z + sex + group",TRUE,"ok",0.0185345427396519,0.0185345427396519,0.0185345427396519,0.166810884656867,0.166810884656867,FALSE,0.386572134300018,2.35476259722834,"comparison-minus-reference present-conditional log-relative abundance contrast against the shared compositional background",,
"crc_baxter","Slackia","DASRA present-conditional abundance","DASRA","present-conditional abundance","H","CRC","age_z + sex + group",TRUE,"ok",0.401569249582817,0.401569249582817,0.401569249582817,0.657113317499156,0.657113317499156,FALSE,0.301538810276323,0.83882191749625,"comparison-minus-reference present-conditional log-relative abundance contrast against the shared compositional background",,
"crc_baxter","Solobacterium","DASRA present-conditional abundance","DASRA","present-conditional abundance","H","CRC","age_z + sex + group",TRUE,"ok",0.000340451692308211,0.000340451692308211,0.000340451692308211,0.0107242283077086,0.0107242283077086,TRUE,1.93082385894227,3.58240020419262,"comparison-minus-reference present-conditional log-relative abundance contrast against the shared compositional background",,
"crc_baxter","Sporobacter","DASRA present-conditional abundance","DASRA","present-conditional abundance","H","CRC","age_z + sex + group",TRUE,"ok",0.334608897203074,0.334608897203074,0.334608897203074,0.574448659510082,0.574448659510082,FALSE,-0.238397315489757,-0.96487206030639,"comparison-minus-reference present-conditional log-relative abundance contrast against the shared compositional background",,
"crc_baxter","Staphylococcus","DASRA present-conditional abundance","DASRA","present-conditional abundance","H","CRC","age_z + sex + group",TRUE,"ok",0.765922158248558,0.765922158248558,0.765922158248558,0.9230157269142,0.9230157269142,FALSE,-0.45251308495674,-0.297713081615081,"comparison-minus-reference present-conditional log-relative abundance contrast against the shared compositional background",,
"crc_baxter","Streptococcus","DASRA present-conditional abundance","DASRA","present-conditional abundance","H","CRC","age_z + sex + group",TRUE,"ok",0.679850251832079,0.679850251832079,0.679850251832079,0.864353668457082,0.864353668457082,FALSE,0.106068042872363,0.412667482958848,"comparison-minus-reference present-conditional log-relative abundance contrast against the shared compositional background",,
"crc_baxter","Streptophyta","DASRA present-conditional abundance","DASRA","present-conditional abundance","H","CRC","age_z + sex + group",TRUE,"ok",0.624122418008279,0.624122418008279,0.624122418008279,0.845064923195196,0.845064923195196,FALSE,-0.703552159390564,-0.490016224520532,"comparison-minus-reference present-conditional log-relative abundance contrast against the shared compositional background",,
"crc_baxter","Subdoligranulum","DASRA present-conditional abundance","DASRA","present-conditional abundance","H","CRC","age_z + sex + group",TRUE,"ok",0.246777197938979,0.246777197938979,0.246777197938979,0.527077222251183,0.527077222251183,FALSE,-0.190431595894138,-1.15821281992095,"comparison-minus-reference present-conditional log-relative abundance contrast against the shared compositional background",,
"crc_baxter","Succiniclasticum","DASRA present-conditional abundance","DASRA","present-conditional abundance","H","CRC","age_z + sex + group",TRUE,"ok",0.0355157244360346,0.0355157244360346,0.0355157244360346,0.263234192878845,0.263234192878845,FALSE,3.48225583696693,2.10242887002605,"comparison-minus-reference present-conditional log-relative abundance contrast against the shared compositional background",,
"crc_baxter","Succinivibrio","DASRA present-conditional abundance","DASRA","present-conditional abundance","H","CRC","age_z + sex + group",TRUE,"ok",0.0664118336984283,0.0664118336984283,0.0664118336984283,0.348662126916748,0.348662126916748,FALSE,-3.40931036749913,-1.83563380700528,"comparison-minus-reference present-conditional log-relative abundance contrast against the shared compositional background",,
"crc_baxter","Sutterella","DASRA present-conditional abundance","DASRA","present-conditional abundance","H","CRC","age_z + sex + group",TRUE,"ok",0.158124349218553,0.158124349218553,0.158124349218553,0.445650382662116,0.445650382662116,FALSE,-0.890468637918872,-1.41140798715637,"comparison-minus-reference present-conditional log-relative abundance contrast against the shared compositional background",,
"crc_baxter","Turicibacter","DASRA present-conditional abundance","DASRA","present-conditional abundance","H","CRC","age_z + sex + group",TRUE,"ok",0.422554696743203,0.422554696743203,0.422554696743203,0.663892276185772,0.663892276185772,FALSE,-0.316525221318761,-0.801996994592523,"comparison-minus-reference present-conditional log-relative abundance contrast against the shared compositional background",,
"crc_baxter","Unclassified_Acidaminococcaceae","DASRA present-conditional abundance","DASRA","present-conditional abundance","H","CRC","age_z + sex + group",TRUE,"ok",0.292940733324042,0.292940733324042,0.292940733324042,0.542801947041608,0.542801947041608,FALSE,-2.20914125161345,-1.05169232520648,"comparison-minus-reference present-conditional log-relative abundance contrast against the shared compositional background",,
"crc_baxter","Unclassified_Actinomycetaceae","DASRA present-conditional abundance","DASRA","present-conditional abundance","H","CRC","age_z + sex + group",TRUE,"ok",0.212047862402762,0.212047862402762,0.212047862402762,0.519415717906504,0.519415717906504,FALSE,0.760563209121287,1.24795411200258,"comparison-minus-reference present-conditional log-relative abundance contrast against the shared compositional background",,
"crc_baxter","Unclassified_Bacteria","DASRA present-conditional abundance","DASRA","present-conditional abundance","H","CRC","age_z + sex + group",TRUE,"ok",0.286556188844719,0.286556188844719,0.286556188844719,0.538896713349769,0.538896713349769,FALSE,-0.535335056719108,-1.06570683079385,"comparison-minus-reference present-conditional log-relative abundance contrast against the shared compositional background",,
"crc_baxter","Unclassified_Bacteroidetes","DASRA present-conditional abundance","DASRA","present-conditional abundance","H","CRC","age_z + sex + group",TRUE,"ok",0.0569199778633485,0.0569199778633485,0.0569199778633485,0.348662126916748,0.348662126916748,FALSE,2.95915651446798,1.9039248064758,"comparison-minus-reference present-conditional log-relative abundance contrast against the shared compositional background",,
"crc_baxter","Unclassified_Burkholderiales","DASRA present-conditional abundance","DASRA","present-conditional abundance","H","CRC","age_z + sex + group",TRUE,"ok",0.687123994445355,0.687123994445355,0.687123994445355,0.864353668457082,0.864353668457082,FALSE,0.454816297575338,0.40276108119163,"comparison-minus-reference present-conditional log-relative abundance contrast against the shared compositional background",,
"crc_baxter","Unclassified_Clostridia","DASRA present-conditional abundance","DASRA","present-conditional abundance","H","CRC","age_z + sex + group",TRUE,"ok",0.671445480820462,0.671445480820462,0.671445480820462,0.864353668457082,0.864353668457082,FALSE,-0.15178641173463,-0.424165004512513,"comparison-minus-reference present-conditional log-relative abundance contrast against the shared compositional background",,
"crc_baxter","Unclassified_Clostridiaceae_2","DASRA present-conditional abundance","DASRA","present-conditional abundance","H","CRC","age_z + sex + group",TRUE,"ok",0.0816933124145572,0.0816933124145572,0.0816933124145572,0.357142777621872,0.357142777621872,FALSE,-1.19692289212024,-1.74094447144648,"comparison-minus-reference present-conditional log-relative abundance contrast against the shared compositional background",,
"crc_baxter","Unclassified_Clostridiales","DASRA present-conditional abundance","DASRA","present-conditional abundance","H","CRC","age_z + sex + group",TRUE,"ok",0.308045191057643,0.308045191057643,0.308045191057643,0.562517305409609,0.562517305409609,FALSE,-0.204966886873508,-1.01933239172361,"comparison-minus-reference present-conditional log-relative abundance contrast against the shared compositional background",,
"crc_baxter","Unclassified_Clostridiales_Incertae_Sedis_XIII","DASRA present-conditional abundance","DASRA","present-conditional abundance","H","CRC","age_z + sex + group",TRUE,"ok",0.490246514742862,0.490246514742862,0.490246514742862,0.710012193765525,0.710012193765525,FALSE,0.150821912019745,0.689916792900754,"comparison-minus-reference present-conditional log-relative abundance contrast against the shared compositional background",,
"crc_baxter","Unclassified_Coriobacteriaceae","DASRA present-conditional abundance","DASRA","present-conditional abundance","H","CRC","age_z + sex + group",TRUE,"ok",0.95758469021332,0.95758469021332,0.95758469021332,1,1,FALSE,0.0135115157581184,0.0531847700080106,"comparison-minus-reference present-conditional log-relative abundance contrast against the shared compositional background",,
"crc_baxter","Unclassified_Desulfovibrionaceae","DASRA present-conditional abundance","DASRA","present-conditional abundance","H","CRC","age_z + sex + group",TRUE,"ok",0.109608376842565,0.109608376842565,0.109608376842565,0.413335327255044,0.413335327255044,FALSE,-3.3837031341259,-1.59995585546384,"comparison-minus-reference present-conditional log-relative abundance contrast against the shared compositional background",,
"crc_baxter","Unclassified_Desulfovibrionales","DASRA present-conditional abundance","DASRA","present-conditional abundance","H","CRC","age_z + sex + group",TRUE,"ok",0.509498601663537,0.509498601663537,0.509498601663537,0.729509361472792,0.729509361472792,FALSE,0.541216557899937,0.659618620861304,"comparison-minus-reference present-conditional log-relative abundance contrast against the shared compositional background",,
"crc_baxter","Unclassified_Enterobacteriaceae","DASRA present-conditional abundance","DASRA","present-conditional abundance","H","CRC","age_z + sex + group",TRUE,"ok",0.245409758471977,0.245409758471977,0.245409758471977,0.527077222251183,0.527077222251183,FALSE,0.873189918376856,1.16157102226302,"comparison-minus-reference present-conditional log-relative abundance contrast against the shared compositional background",,
"crc_baxter","Unclassified_Erysipelotrichaceae","DASRA present-conditional abundance","DASRA","present-conditional abundance","H","CRC","age_z + sex + group",TRUE,"ok",0.776505294070676,0.776505294070676,0.776505294070676,0.9230157269142,0.9230157269142,FALSE,0.286241079257786,0.283876150519592,"comparison-minus-reference present-conditional log-relative abundance contrast against the shared compositional background",,
"crc_baxter","Unclassified_Firmicutes","DASRA present-conditional abundance","DASRA","present-conditional abundance","H","CRC","age_z + sex + group",TRUE,"ok",0.358636137395404,0.358636137395404,0.358636137395404,0.600578216738135,0.600578216738135,FALSE,-0.354902761136136,-0.917967010213067,"comparison-minus-reference present-conditional log-relative abundance contrast against the shared compositional background",,
"crc_baxter","Unclassified_Lachnospiraceae","DASRA present-conditional abundance","DASRA","present-conditional abundance","H","CRC","age_z + sex + group",TRUE,"ok",0.159160850950756,0.159160850950756,0.159160850950756,0.445650382662116,0.445650382662116,FALSE,-0.196621793144395,-1.40789943324413,"comparison-minus-reference present-conditional log-relative abundance contrast against the shared compositional background",,
"crc_baxter","Unclassified_Peptostreptococcaceae","DASRA present-conditional abundance","DASRA","present-conditional abundance","H","CRC","age_z + sex + group",FALSE,"conditional_present_information_nonpositive",1,1,1,1,1,FALSE,,,"comparison-minus-reference present-conditional log-relative abundance contrast against the shared compositional background",,
"crc_baxter","Unclassified_Porphyromonadaceae","DASRA present-conditional abundance","DASRA","present-conditional abundance","H","CRC","age_z + sex + group",TRUE,"ok",0.0653442382110357,0.0653442382110357,0.0653442382110357,0.348662126916748,0.348662126916748,FALSE,0.935795366193738,1.84289571394305,"comparison-minus-reference present-conditional log-relative abundance contrast against the shared compositional background",,
"crc_baxter","Unclassified_Proteobacteria","DASRA present-conditional abundance","DASRA","present-conditional abundance","H","CRC","age_z + sex + group",TRUE,"ok",0.218484389278133,0.218484389278133,0.218484389278133,0.519415717906504,0.519415717906504,FALSE,-2.21358075843241,-1.23056824166298,"comparison-minus-reference present-conditional log-relative abundance contrast against the shared compositional background",,
"crc_baxter","Unclassified_Rhodospirillaceae","DASRA present-conditional abundance","DASRA","present-conditional abundance","H","CRC","age_z + sex + group",TRUE,"ok",0.485922413585854,0.485922413585854,0.485922413585854,0.710012193765525,0.710012193765525,FALSE,0.545588509294152,0.696808871221415,"comparison-minus-reference present-conditional log-relative abundance contrast against the shared compositional background",,
"crc_baxter","Unclassified_Rikenellaceae","DASRA present-conditional abundance","DASRA","present-conditional abundance","H","CRC","age_z + sex + group",TRUE,"ok",0.846998354039856,0.846998354039856,0.846998354039856,0.939339590062341,0.939339590062341,FALSE,0.16971115651094,0.192949709299679,"comparison-minus-reference present-conditional log-relative abundance contrast against the shared compositional background",,
"crc_baxter","Unclassified_Ruminococcaceae","DASRA present-conditional abundance","DASRA","present-conditional abundance","H","CRC","age_z + sex + group",TRUE,"ok",0.973740473006883,0.973740473006883,0.973740473006883,1,1,FALSE,0.0056005184941752,0.0329173800796063,"comparison-minus-reference present-conditional log-relative abundance contrast against the shared compositional background",,
"crc_baxter","Unclassified_Sutterellaceae","DASRA present-conditional abundance","DASRA","present-conditional abundance","H","CRC","age_z + sex + group",TRUE,"ok",0.910456401524696,0.910456401524696,0.910456401524696,0.988944022345791,0.988944022345791,FALSE,0.139381572404347,0.112462878642654,"comparison-minus-reference present-conditional log-relative abundance contrast against the shared compositional background",,
"crc_baxter","Unclassified_Veillonellaceae","DASRA present-conditional abundance","DASRA","present-conditional abundance","H","CRC","age_z + sex + group",TRUE,"ok",0.0832232298537431,0.0832232298537431,0.0832232298537431,0.357142777621872,0.357142777621872,FALSE,1.4501902511621,1.73228276069438,"comparison-minus-reference present-conditional log-relative abundance contrast against the shared compositional background",,
"crc_baxter","Vampirovibrio","DASRA present-conditional abundance","DASRA","present-conditional abundance","H","CRC","age_z + sex + group",TRUE,"ok",0.135089072327708,0.135089072327708,0.135089072327708,0.418531595806375,0.418531595806375,FALSE,1.52999845785442,1.4943312070807,"comparison-minus-reference present-conditional log-relative abundance contrast against the shared compositional background",,
"crc_baxter","Veillonella","DASRA present-conditional abundance","DASRA","present-conditional abundance","H","CRC","age_z + sex + group",TRUE,"ok",0.253003668811439,0.253003668811439,0.253003668811439,0.527077222251183,0.527077222251183,FALSE,-0.594766055224758,-1.14308411526097,"comparison-minus-reference present-conditional log-relative abundance contrast against the shared compositional background",,
"crc_baxter","Weissella","DASRA present-conditional abundance","DASRA","present-conditional abundance","H","CRC","age_z + sex + group",TRUE,"ok",0.20191611937334,0.20191611937334,0.20191611937334,0.512898678096583,0.512898678096583,FALSE,3.46046805773111,1.27611146484169,"comparison-minus-reference present-conditional log-relative abundance contrast against the shared compositional background",,
"crc_baxter","Acetanaerobacterium","DASRA combined","DASRA","combined","H","CRC","age_z + sex + group",TRUE,"available",0.241675674365828,0.241675674365828,0.241675674365828,0.633209040800911,0.609314360015971,FALSE,,,"Bonferroni minimum-p combination","both",
"crc_baxter","Acetitomaculum","DASRA combined","DASRA","combined","H","CRC","age_z + sex + group",TRUE,"available",0.033584580169813,0.033584580169813,0.033584580169813,0.302261221528317,0.302261221528317,FALSE,,,"Bonferroni minimum-p combination","both",
"crc_baxter","Acidaminococcus","DASRA combined","DASRA","combined","H","CRC","age_z + sex + group",TRUE,"available",1,1,1,1,1,FALSE,,,"Bonferroni minimum-p combination","both",
"crc_baxter","Actinomyces","DASRA combined","DASRA","combined","H","CRC","age_z + sex + group",TRUE,"available",0.520086189153947,0.520086189153947,0.520086189153947,0.829504554853131,0.789528431727679,FALSE,,,"Bonferroni minimum-p combination","both",
"crc_baxter","Akkermansia","DASRA combined","DASRA","combined","H","CRC","age_z + sex + group",TRUE,"available",0.825459932919429,0.825459932919429,0.825459932919429,1,1,FALSE,,,"Bonferroni minimum-p combination","both",
"crc_baxter","Alistipes","DASRA combined","DASRA","combined","H","CRC","age_z + sex + group",TRUE,"available",0.431458059237784,0.431458059237784,0.431458059237784,0.755051603666121,0.734644803567037,FALSE,,,"Bonferroni minimum-p combination","both",
"crc_baxter","Allisonella","DASRA combined","DASRA","combined","H","CRC","age_z + sex + group",TRUE,"available",1,1,1,1,1,FALSE,,,"Bonferroni minimum-p combination","both",
"crc_baxter","Anaerococcus","DASRA combined","DASRA","combined","H","CRC","age_z + sex + group",TRUE,"available",0.242125009220018,0.242125009220018,0.242125009220018,0.633209040800911,0.609314360015971,FALSE,,,"Bonferroni minimum-p combination","both",
"crc_baxter","Anaerofilum","DASRA combined","DASRA","combined","H","CRC","age_z + sex + group",TRUE,"available",0.536503678949475,0.536503678949475,0.536503678949475,0.844993294345423,0.804755518424212,FALSE,,,"Bonferroni minimum-p combination","both",
"crc_baxter","Anaerofustis","DASRA combined","DASRA","combined","H","CRC","age_z + sex + group",TRUE,"available",0.371447516278364,0.371447516278364,0.371447516278364,0.734840571497939,0.712572675391941,FALSE,,,"Bonferroni minimum-p combination","both",
"crc_baxter","Anaerorhabdus","DASRA combined","DASRA","combined","H","CRC","age_z + sex + group",TRUE,"available",1,1,1,1,1,FALSE,,,"Bonferroni minimum-p combination","both",
"crc_baxter","Anaerosporobacter","DASRA combined","DASRA","combined","H","CRC","age_z + sex + group",TRUE,"available",0.232536144247804,0.232536144247804,0.232536144247804,0.633209040800911,0.609314360015971,FALSE,,,"Bonferroni minimum-p combination","both",
"crc_baxter","Anaerostipes","DASRA combined","DASRA","combined","H","CRC","age_z + sex + group",TRUE,"available",0.147877145437008,0.147877145437008,0.147877145437008,0.579248150034775,0.564395633367217,FALSE,,,"Bonferroni minimum-p combination","both",
"crc_baxter","Anaerotruncus","DASRA combined","DASRA","combined","H","CRC","age_z + sex + group",TRUE,"available",0.121119332978716,0.121119332978716,0.121119332978716,0.579248150034775,0.564395633367217,FALSE,,,"Bonferroni minimum-p combination","both",
"crc_baxter","Atopobium","DASRA combined","DASRA","combined","H","CRC","age_z + sex + group",TRUE,"available",0.0398932532974461,0.0398932532974461,0.0398932532974461,0.314159369717388,0.314159369717388,FALSE,,,"Bonferroni minimum-p combination","both",
"crc_baxter","Bacteroides","DASRA combined","DASRA","combined","H","CRC","age_z + sex + group",TRUE,"available",0.461183328093461,0.461183328093461,0.461183328093461,0.785258099186164,0.764593412365475,FALSE,,,"Bonferroni minimum-p combination","both",
"crc_baxter","Barnesiella","DASRA combined","DASRA","combined","H","CRC","age_z + sex + group",TRUE,"available",0.256298897467035,0.256298897467035,0.256298897467035,0.633209040800911,0.609314360015971,FALSE,,,"Bonferroni minimum-p combination","both",
"crc_baxter","Bifidobacterium","DASRA combined","DASRA","combined","H","CRC","age_z + sex + group",TRUE,"available",0.170067989343748,0.170067989343748,0.170067989343748,0.579248150034775,0.564395633367217,FALSE,,,"Bonferroni minimum-p combination","both",
"crc_baxter","Bilophila","DASRA combined","DASRA","combined","H","CRC","age_z + sex + group",TRUE,"available",0.0190687464208864,0.0190687464208864,0.0190687464208864,0.184820157617822,0.184820157617822,FALSE,,,"Bonferroni minimum-p combination","both",
"crc_baxter","Blautia","DASRA combined","DASRA","combined","H","CRC","age_z + sex + group",TRUE,"available",0.501370735164682,0.501370735164682,0.501370735164682,0.820424839360388,0.785350552494898,FALSE,,,"Bonferroni minimum-p combination","both",
"crc_baxter","Butyricicoccus","DASRA combined","DASRA","combined","H","CRC","age_z + sex + group",TRUE,"available",0.306274442729288,0.306274442729288,0.306274442729288,0.677027715506846,0.654077623455767,FALSE,,,"Bonferroni minimum-p combination","both",
"crc_baxter","Butyricimonas","DASRA combined","DASRA","combined","H","CRC","age_z + sex + group",TRUE,"available",0.665647005318727,0.665647005318727,0.665647005318727,0.964040490461604,0.921665084287468,FALSE,,,"Bonferroni minimum-p combination","both",
"crc_baxter","Catenibacterium","DASRA combined","DASRA","combined","H","CRC","age_z + sex + group",TRUE,"available",0.39618730523902,0.39618730523902,0.39618730523902,0.738220445822753,0.717714322327676,FALSE,,,"Bonferroni minimum-p combination","both",
"crc_baxter","Citrobacter","DASRA combined","DASRA","combined","H","CRC","age_z + sex + group",TRUE,"available",0.272377705207323,0.272377705207323,0.272377705207323,0.635547978817087,0.612849836716477,FALSE,,,"Bonferroni minimum-p combination","both",
"crc_baxter","Cloacibacillus","DASRA combined","DASRA","combined","H","CRC","age_z + sex + group",TRUE,"available",0.284880916134191,0.284880916134191,0.284880916134191,0.640982061301931,0.618879231601864,FALSE,,,"Bonferroni minimum-p combination","both",
"crc_baxter","Clostridium_III","DASRA combined","DASRA","combined","H","CRC","age_z + sex + group",TRUE,"available",0.0561232755981571,0.0561232755981571,0.0561232755981571,0.3928629291871,0.3928629291871,FALSE,,,"Bonferroni minimum-p combination","both",
"crc_baxter","Clostridium_IV","DASRA combined","DASRA","combined","H","CRC","age_z + sex + group",TRUE,"available",0.246763999659528,0.246763999659528,0.246763999659528,0.633209040800911,0.609314360015971,FALSE,,,"Bonferroni minimum-p combination","both",
"crc_baxter","Clostridium_sensu_stricto","DASRA combined","DASRA","combined","H","CRC","age_z + sex + group",TRUE,"available",0.27150433721212,0.27150433721212,0.27150433721212,0.635547978817087,0.612849836716477,FALSE,,,"Bonferroni minimum-p combination","both",
"crc_baxter","Clostridium_XI","DASRA combined","DASRA","combined","H","CRC","age_z + sex + group",TRUE,"available",0.849283236430564,0.849283236430564,0.849283236430564,1,1,FALSE,,,"Bonferroni minimum-p combination","both",
"crc_baxter","Clostridium_XII","DASRA combined","DASRA","combined","H","CRC","age_z + sex + group",TRUE,"available",0.564612103278525,0.564612103278525,0.564612103278525,0.878285493988817,0.836954411918755,FALSE,,,"Bonferroni minimum-p combination","both",
"crc_baxter","Clostridium_XlVa","DASRA combined","DASRA","combined","H","CRC","age_z + sex + group",TRUE,"available",0.255874250205503,0.255874250205503,0.255874250205503,0.633209040800911,0.609314360015971,FALSE,,,"Bonferroni minimum-p combination","both",
"crc_baxter","Clostridium_XlVb","DASRA combined","DASRA","combined","H","CRC","age_z + sex + group",TRUE,"available",0.00739698497100201,0.00739698497100201,0.00739698497100201,0.133145729478036,0.133145729478036,FALSE,,,"Bonferroni minimum-p combination","both",
"crc_baxter","Clostridium_XVIII","DASRA combined","DASRA","combined","H","CRC","age_z + sex + group",TRUE,"available",0.126065576291293,0.126065576291293,0.126065576291293,0.579248150034775,0.564395633367217,FALSE,,,"Bonferroni minimum-p combination","both",
"crc_baxter","Collinsella","DASRA combined","DASRA","combined","H","CRC","age_z + sex + group",TRUE,"available",2.2362365326189e-06,2.2362365326189e-06,2.2362365326189e-06,9.39219343699938e-05,9.39219343699938e-05,TRUE,,,"Bonferroni minimum-p combination","both",
"crc_baxter","Coprobacillus","DASRA combined","DASRA","combined","H","CRC","age_z + sex + group",TRUE,"available",0.226252631946178,0.226252631946178,0.226252631946178,0.633209040800911,0.609314360015971,FALSE,,,"Bonferroni minimum-p combination","both",
"crc_baxter","Coprococcus","DASRA combined","DASRA","combined","H","CRC","age_z + sex + group",TRUE,"available",0.388100811318107,0.388100811318107,0.388100811318107,0.738220445822753,0.717714322327676,FALSE,,,"Bonferroni minimum-p combination","both",
"crc_baxter","Corynebacterium","DASRA combined","DASRA","combined","H","CRC","age_z + sex + group",FALSE,"one or both components were unavailable",1,1,1,1,1,FALSE,,,"Bonferroni minimum-p combination","structural_absence",
"crc_baxter","Defluviitalea","DASRA combined","DASRA","combined","H","CRC","age_z + sex + group",TRUE,"available",0.126107714036335,0.126107714036335,0.126107714036335,0.579248150034775,0.564395633367217,FALSE,,,"Bonferroni minimum-p combination","both",
"crc_baxter","Desulfovibrio","DASRA combined","DASRA","combined","H","CRC","age_z + sex + group",TRUE,"available",0.657782954797449,0.657782954797449,0.657782954797449,0.963728515168355,0.920896136716428,FALSE,,,"Bonferroni minimum-p combination","both",
"crc_baxter","Dialister","DASRA combined","DASRA","combined","H","CRC","age_z + sex + group",TRUE,"available",0.0129459664050581,0.0129459664050581,0.0129459664050581,0.163119176703732,0.163119176703732,FALSE,,,"Bonferroni minimum-p combination","both",
"crc_baxter","Dorea","DASRA combined","DASRA","combined","H","CRC","age_z + sex + group",TRUE,"available",0.511101153210965,0.511101153210965,0.511101153210965,0.825624939802328,0.785350552494898,FALSE,,,"Bonferroni minimum-p combination","both",
"crc_baxter","Eggerthella","DASRA combined","DASRA","combined","H","CRC","age_z + sex + group",TRUE,"available",0.346677976669346,0.346677976669346,0.346677976669346,0.711253026200948,0.689026369132169,FALSE,,,"Bonferroni minimum-p combination","both",
"crc_baxter","Eggerthia","DASRA combined","DASRA","combined","H","CRC","age_z + sex + group",TRUE,"available",0.0183544189342529,0.0183544189342529,0.0183544189342529,0.184820157617822,0.184820157617822,FALSE,,,"Bonferroni minimum-p combination","both",
"crc_baxter","Enterobacter","DASRA combined","DASRA","combined","H","CRC","age_z + sex + group",FALSE,"one or both components were unavailable",0.124740506417307,0.124740506417307,1,1,0.564395633367217,FALSE,,,"Bonferroni minimum-p combination","relative_abundance",
"crc_baxter","Enterococcus","DASRA combined","DASRA","combined","H","CRC","age_z + sex + group",TRUE,"available",0.280428224202643,0.280428224202643,0.280428224202643,0.640982061301931,0.618879231601864,FALSE,,,"Bonferroni minimum-p combination","both",
"crc_baxter","Enterorhabdus","DASRA combined","DASRA","combined","H","CRC","age_z + sex + group",TRUE,"available",1,1,1,1,1,FALSE,,,"Bonferroni minimum-p combination","both",
"crc_baxter","Erysipelotrichaceae_incertae_sedis","DASRA combined","DASRA","combined","H","CRC","age_z + sex + group",TRUE,"available",1,1,1,1,1,FALSE,,,"Bonferroni minimum-p combination","both",
"crc_baxter","Escherichia/Shigella","DASRA combined","DASRA","combined","H","CRC","age_z + sex + group",TRUE,"available",1,1,1,1,1,FALSE,,,"Bonferroni minimum-p combination","both",
"crc_baxter","Eubacterium","DASRA combined","DASRA","combined","H","CRC","age_z + sex + group",TRUE,"available",0.410122469901529,0.410122469901529,0.410122469901529,0.738220445822753,0.717714322327676,FALSE,,,"Bonferroni minimum-p combination","both",
"crc_baxter","Faecalibacterium","DASRA combined","DASRA","combined","H","CRC","age_z + sex + group",TRUE,"available",0.628833127265563,0.628833127265563,0.628833127265563,0.932152635711304,0.890258135229897,FALSE,,,"Bonferroni minimum-p combination","both",
"crc_baxter","Flavonifractor","DASRA combined","DASRA","combined","H","CRC","age_z + sex + group",TRUE,"available",0.929022237295627,0.929022237295627,0.929022237295627,1,1,FALSE,,,"Bonferroni minimum-p combination","both",
"crc_baxter","Fusobacterium","DASRA combined","DASRA","combined","H","CRC","age_z + sex + group",TRUE,"available",0.174046724592467,0.174046724592467,0.174046724592467,0.579248150034775,0.564395633367217,FALSE,,,"Bonferroni minimum-p combination","both",
"crc_baxter","Gemella","DASRA combined","DASRA","combined","H","CRC","age_z + sex + group",TRUE,"available",2.92693801906973e-07,2.92693801906973e-07,2.92693801906973e-07,1.84397095201393e-05,1.84397095201393e-05,TRUE,,,"Bonferroni minimum-p combination","both",
"crc_baxter","Gemmiger","DASRA combined","DASRA","combined","H","CRC","age_z + sex + group",TRUE,"available",0.00977427350668425,0.00977427350668425,0.00977427350668425,0.151072258930315,0.151072258930315,FALSE,,,"Bonferroni minimum-p combination","both",
"crc_baxter","Gordonibacter","DASRA combined","DASRA","combined","H","CRC","age_z + sex + group",TRUE,"available",0.86411375630529,0.86411375630529,0.86411375630529,1,1,FALSE,,,"Bonferroni minimum-p combination","both",
"crc_baxter","Granulicatella","DASRA combined","DASRA","combined","H","CRC","age_z + sex + group",TRUE,"available",0.166363146851757,0.166363146851757,0.166363146851757,0.579248150034775,0.564395633367217,FALSE,,,"Bonferroni minimum-p combination","both",
"crc_baxter","Haemophilus","DASRA combined","DASRA","combined","H","CRC","age_z + sex + group",TRUE,"available",0.0143304248244233,0.0143304248244233,0.0143304248244233,0.164148502534303,0.164148502534303,FALSE,,,"Bonferroni minimum-p combination","both",
"crc_baxter","Hespellia","DASRA combined","DASRA","combined","H","CRC","age_z + sex + group",TRUE,"available",0.597523865249113,0.597523865249113,0.597523865249113,0.896285797873669,0.855545534333957,FALSE,,,"Bonferroni minimum-p combination","both",
"crc_baxter","Holdemania","DASRA combined","DASRA","combined","H","CRC","age_z + sex + group",TRUE,"available",0.674749219107081,0.674749219107081,0.674749219107081,0.966118200085139,0.924113060951002,FALSE,,,"Bonferroni minimum-p combination","both",
"crc_baxter","Howardella","DASRA combined","DASRA","combined","H","CRC","age_z + sex + group",TRUE,"available",0.344214054339304,0.344214054339304,0.344214054339304,0.711253026200948,0.689026369132169,FALSE,,,"Bonferroni minimum-p combination","both",
"crc_baxter","Lachnobacterium","DASRA combined","DASRA","combined","H","CRC","age_z + sex + group",TRUE,"available",0.0981731637049586,0.0981731637049586,0.0981731637049586,0.579248150034775,0.564395633367217,FALSE,,,"Bonferroni minimum-p combination","both",
"crc_baxter","Lachnospiracea_incertae_sedis","DASRA combined","DASRA","combined","H","CRC","age_z + sex + group",TRUE,"available",1,1,1,1,1,FALSE,,,"Bonferroni minimum-p combination","both",
"crc_baxter","Lactobacillus","DASRA combined","DASRA","combined","H","CRC","age_z + sex + group",FALSE,"one or both components were unavailable",0.24424556015664,0.24424556015664,1,1,0.609314360015971,FALSE,,,"Bonferroni minimum-p combination","relative_abundance",
"crc_baxter","Lactococcus","DASRA combined","DASRA","combined","H","CRC","age_z + sex + group",TRUE,"available",1,1,1,1,1,FALSE,,,"Bonferroni minimum-p combination","both",
"crc_baxter","Lactonifactor","DASRA combined","DASRA","combined","H","CRC","age_z + sex + group",TRUE,"available",0.997267969495732,0.997267969495732,0.997267969495732,1,1,FALSE,,,"Bonferroni minimum-p combination","both",
"crc_baxter","Megasphaera","DASRA combined","DASRA","combined","H","CRC","age_z + sex + group",TRUE,"available",0.253474421072096,0.253474421072096,0.253474421072096,0.633209040800911,0.609314360015971,FALSE,,,"Bonferroni minimum-p combination","both",
"crc_baxter","Methanobrevibacter","DASRA combined","DASRA","combined","H","CRC","age_z + sex + group",TRUE,"available",0.160545794839385,0.160545794839385,0.160545794839385,0.579248150034775,0.564395633367217,FALSE,,,"Bonferroni minimum-p combination","both",
"crc_baxter","Methylobacterium","DASRA combined","DASRA","combined","H","CRC","age_z + sex + group",FALSE,"one or both components were unavailable",0.482187556739006,0.482187556739006,1,1,0.778918360886086,FALSE,,,"Bonferroni minimum-p combination","relative_abundance",
"crc_baxter","Mogibacterium","DASRA combined","DASRA","combined","H","CRC","age_z + sex + group",TRUE,"available",0.221089560718291,0.221089560718291,0.221089560718291,0.633209040800911,0.609314360015971,FALSE,,,"Bonferroni minimum-p combination","both",
"crc_baxter","Odoribacter","DASRA combined","DASRA","combined","H","CRC","age_z + sex + group",TRUE,"available",1,1,1,1,1,FALSE,,,"Bonferroni minimum-p combination","both",
"crc_baxter","Oscillibacter","DASRA combined","DASRA","combined","H","CRC","age_z + sex + group",TRUE,"available",1,1,1,1,1,FALSE,,,"Bonferroni minimum-p combination","both",
"crc_baxter","Oxalobacter","DASRA combined","DASRA","combined","H","CRC","age_z + sex + group",TRUE,"available",0.0674591908966177,0.0674591908966177,0.0674591908966177,0.447360950156517,0.447360950156517,FALSE,,,"Bonferroni minimum-p combination","both",
"crc_baxter","Parabacteroides","DASRA combined","DASRA","combined","H","CRC","age_z + sex + group",TRUE,"available",1,1,1,1,1,FALSE,,,"Bonferroni minimum-p combination","both",
"crc_baxter","Paraprevotella","DASRA combined","DASRA","combined","H","CRC","age_z + sex + group",TRUE,"available",0.373252353776731,0.373252353776731,0.373252353776731,0.734840571497939,0.712572675391941,FALSE,,,"Bonferroni minimum-p combination","both",
"crc_baxter","Parasutterella","DASRA combined","DASRA","combined","H","CRC","age_z + sex + group",TRUE,"available",0.254091795953614,0.254091795953614,0.254091795953614,0.633209040800911,0.609314360015971,FALSE,,,"Bonferroni minimum-p combination","both",
"crc_baxter","Parvimonas","DASRA combined","DASRA","combined","H","CRC","age_z + sex + group",TRUE,"available",0.0107908756378797,0.0107908756378797,0.0107908756378797,0.151072258930315,0.151072258930315,FALSE,,,"Bonferroni minimum-p combination","both",
"crc_baxter","Peptococcus","DASRA combined","DASRA","combined","H","CRC","age_z + sex + group",TRUE,"available",1,1,1,1,1,FALSE,,,"Bonferroni minimum-p combination","both",
"crc_baxter","Peptoniphilus","DASRA combined","DASRA","combined","H","CRC","age_z + sex + group",TRUE,"available",0.00254885607417244,0.00254885607417244,0.00254885607417244,0.0535259775576212,0.0535259775576212,FALSE,,,"Bonferroni minimum-p combination","both",
"crc_baxter","Peptostreptococcus","DASRA combined","DASRA","combined","H","CRC","age_z + sex + group",TRUE,"available",1.71532556698019e-07,1.71532556698019e-07,1.71532556698019e-07,1.84397095201393e-05,1.84397095201393e-05,TRUE,,,"Bonferroni minimum-p combination","both",
"crc_baxter","Phascolarctobacterium","DASRA combined","DASRA","combined","H","CRC","age_z + sex + group",TRUE,"available",1,1,1,1,1,FALSE,,,"Bonferroni minimum-p combination","both",
"crc_baxter","Porphyromonas","DASRA combined","DASRA","combined","H","CRC","age_z + sex + group",TRUE,"available",4.53318112041503e-05,4.53318112041503e-05,4.53318112041503e-05,0.00142795205293073,0.00142795205293073,TRUE,,,"Bonferroni minimum-p combination","both",
"crc_baxter","Prevotella","DASRA combined","DASRA","combined","H","CRC","age_z + sex + group",TRUE,"available",0.169664217018184,0.169664217018184,0.169664217018184,0.579248150034775,0.564395633367217,FALSE,,,"Bonferroni minimum-p combination","both",
"crc_baxter","Pseudoflavonifractor","DASRA combined","DASRA","combined","H","CRC","age_z + sex + group",TRUE,"available",1,1,1,1,1,FALSE,,,"Bonferroni minimum-p combination","both",
"crc_baxter","Pseudomonas","DASRA combined","DASRA","combined","H","CRC","age_z + sex + group",TRUE,"available",0.407062442933796,0.407062442933796,0.407062442933796,0.738220445822753,0.717714322327676,FALSE,,,"Bonferroni minimum-p combination","both",
"crc_baxter","Roseburia","DASRA combined","DASRA","combined","H","CRC","age_z + sex + group",TRUE,"available",0.202198964750377,0.202198964750377,0.202198964750377,0.633209040800911,0.609314360015971,FALSE,,,"Bonferroni minimum-p combination","both",
"crc_baxter","Rothia","DASRA combined","DASRA","combined","H","CRC","age_z + sex + group",TRUE,"available",1,1,1,1,1,FALSE,,,"Bonferroni minimum-p combination","both",
"crc_baxter","Ruminococcus","DASRA combined","DASRA","combined","H","CRC","age_z + sex + group",TRUE,"available",0.143209792209999,0.143209792209999,0.143209792209999,0.579248150034775,0.564395633367217,FALSE,,,"Bonferroni minimum-p combination","both",
"crc_baxter","Ruminococcus2","DASRA combined","DASRA","combined","H","CRC","age_z + sex + group",TRUE,"available",0.0370690854793039,0.0370690854793039,0.0370690854793039,0.311380318026153,0.311380318026153,FALSE,,,"Bonferroni minimum-p combination","both",
"crc_baxter","Slackia","DASRA combined","DASRA","combined","H","CRC","age_z + sex + group",TRUE,"available",0.803138499165635,0.803138499165635,0.803138499165635,1,1,FALSE,,,"Bonferroni minimum-p combination","both",
"crc_baxter","Solobacterium","DASRA combined","DASRA","combined","H","CRC","age_z + sex + group",TRUE,"available",0.000680903384616422,0.000680903384616422,0.000680903384616422,0.0171587652923338,0.0171587652923338,TRUE,,,"Bonferroni minimum-p combination","both",
"crc_baxter","Sporobacter","DASRA combined","DASRA","combined","H","CRC","age_z + sex + group",TRUE,"available",0.243163176546413,0.243163176546413,0.243163176546413,0.633209040800911,0.609314360015971,FALSE,,,"Bonferroni minimum-p combination","both",
"crc_baxter","Staphylococcus","DASRA combined","DASRA","combined","H","CRC","age_z + sex + group",TRUE,"available",0.393012500913612,0.393012500913612,0.393012500913612,0.738220445822753,0.717714322327676,FALSE,,,"Bonferroni minimum-p combination","both",
"crc_baxter","Streptococcus","DASRA combined","DASRA","combined","H","CRC","age_z + sex + group",TRUE,"available",1,1,1,1,1,FALSE,,,"Bonferroni minimum-p combination","both",
"crc_baxter","Streptophyta","DASRA combined","DASRA","combined","H","CRC","age_z + sex + group",TRUE,"available",1,1,1,1,1,FALSE,,,"Bonferroni minimum-p combination","both",
"crc_baxter","Subdoligranulum","DASRA combined","DASRA","combined","H","CRC","age_z + sex + group",TRUE,"available",0.174693886518424,0.174693886518424,0.174693886518424,0.579248150034775,0.564395633367217,FALSE,,,"Bonferroni minimum-p combination","both",
"crc_baxter","Succiniclasticum","DASRA combined","DASRA","combined","H","CRC","age_z + sex + group",TRUE,"available",0.0710314488720692,0.0710314488720692,0.0710314488720692,0.447498127894036,0.447498127894036,FALSE,,,"Bonferroni minimum-p combination","both",
"crc_baxter","Succinivibrio","DASRA combined","DASRA","combined","H","CRC","age_z + sex + group",TRUE,"available",0.132823667396857,0.132823667396857,0.132823667396857,0.579248150034775,0.564395633367217,FALSE,,,"Bonferroni minimum-p combination","both",
"crc_baxter","Sutterella","DASRA combined","DASRA","combined","H","CRC","age_z + sex + group",TRUE,"available",0.316248698437105,0.316248698437105,0.316248698437105,0.679805668467635,0.657516958026073,FALSE,,,"Bonferroni minimum-p combination","both",
"crc_baxter","Turicibacter","DASRA combined","DASRA","combined","H","CRC","age_z + sex + group",TRUE,"available",0.699290309640877,0.699290309640877,0.699290309640877,0.990006505783714,0.947425580803769,FALSE,,,"Bonferroni minimum-p combination","both",
"crc_baxter","Unclassified_Acidaminococcaceae","DASRA combined","DASRA","combined","H","CRC","age_z + sex + group",TRUE,"available",0.585881466648084,0.585881466648084,0.585881466648084,0.889410419248899,0.848517986179984,FALSE,,,"Bonferroni minimum-p combination","both",
"crc_baxter","Unclassified_Actinomycetaceae","DASRA combined","DASRA","combined","H","CRC","age_z + sex + group",TRUE,"available",0.424095724805525,0.424095724805525,0.424095724805525,0.752620582049241,0.732000840075289,FALSE,,,"Bonferroni minimum-p combination","both",
"crc_baxter","Unclassified_Bacteria","DASRA combined","DASRA","combined","H","CRC","age_z + sex + group",TRUE,"available",0.573112377689437,0.573112377689437,0.573112377689437,0.880636092547184,0.839676274289175,FALSE,,,"Bonferroni minimum-p combination","both",
"crc_baxter","Unclassified_Bacteroidetes","DASRA combined","DASRA","combined","H","CRC","age_z + sex + group",TRUE,"available",0.113839955726697,0.113839955726697,0.113839955726697,0.579248150034775,0.564395633367217,FALSE,,,"Bonferroni minimum-p combination","both",
"crc_baxter","Unclassified_Burkholderiales","DASRA combined","DASRA","combined","H","CRC","age_z + sex + group",TRUE,"available",1,1,1,1,1,FALSE,,,"Bonferroni minimum-p combination","both",
"crc_baxter","Unclassified_Clostridia","DASRA combined","DASRA","combined","H","CRC","age_z + sex + group",TRUE,"available",1,1,1,1,1,FALSE,,,"Bonferroni minimum-p combination","both",
"crc_baxter","Unclassified_Clostridiaceae_2","DASRA combined","DASRA","combined","H","CRC","age_z + sex + group",TRUE,"available",0.163386624829114,0.163386624829114,0.163386624829114,0.579248150034775,0.564395633367217,FALSE,,,"Bonferroni minimum-p combination","both",
"crc_baxter","Unclassified_Clostridiales","DASRA combined","DASRA","combined","H","CRC","age_z + sex + group",TRUE,"available",0.104641245045622,0.104641245045622,0.104641245045622,0.579248150034775,0.564395633367217,FALSE,,,"Bonferroni minimum-p combination","both",
"crc_baxter","Unclassified_Clostridiales_Incertae_Sedis_XIII","DASRA combined","DASRA","combined","H","CRC","age_z + sex + group",TRUE,"available",0.980493029485725,0.980493029485725,0.980493029485725,1,1,FALSE,,,"Bonferroni minimum-p combination","both",
"crc_baxter","Unclassified_Coriobacteriaceae","DASRA combined","DASRA","combined","H","CRC","age_z + sex + group",TRUE,"available",0.458596956045634,0.458596956045634,0.458596956045634,0.785258099186164,0.764593412365475,FALSE,,,"Bonferroni minimum-p combination","both",
"crc_baxter","Unclassified_Desulfovibrionaceae","DASRA combined","DASRA","combined","H","CRC","age_z + sex + group",TRUE,"available",0.187423630283749,0.187423630283749,0.187423630283749,0.605522497839805,0.59038443539381,FALSE,,,"Bonferroni minimum-p combination","both",
"crc_baxter","Unclassified_Desulfovibrionales","DASRA combined","DASRA","combined","H","CRC","age_z + sex + group",TRUE,"available",1,1,1,1,1,FALSE,,,"Bonferroni minimum-p combination","both",
"crc_baxter","Unclassified_Enterobacteriaceae","DASRA combined","DASRA","combined","H","CRC","age_z + sex + group",TRUE,"available",0.490819516943954,0.490819516943954,0.490819516943954,0.813727093880765,0.782826064999217,FALSE,,,"Bonferroni minimum-p combination","both",
"crc_baxter","Unclassified_Erysipelotrichaceae","DASRA combined","DASRA","combined","H","CRC","age_z + sex + group",TRUE,"available",0.0473715518226346,0.0473715518226346,0.0473715518226346,0.35110679586188,0.35110679586188,FALSE,,,"Bonferroni minimum-p combination","both",
"crc_baxter","Unclassified_Firmicutes","DASRA combined","DASRA","combined","H","CRC","age_z + sex + group",TRUE,"available",0.717272274790807,0.717272274790807,0.717272274790807,1,0.961450070464274,FALSE,,,"Bonferroni minimum-p combination","both",
"crc_baxter","Unclassified_Lachnospiraceae","DASRA combined","DASRA","combined","H","CRC","age_z + sex + group",TRUE,"available",0.318321701901511,0.318321701901511,0.318321701901511,0.679805668467635,0.657516958026073,FALSE,,,"Bonferroni minimum-p combination","both",
"crc_baxter","Unclassified_Peptostreptococcaceae","DASRA combined","DASRA","combined","H","CRC","age_z + sex + group",FALSE,"one or both components were unavailable",0.9943060160891,0.9943060160891,1,1,1,FALSE,,,"Bonferroni minimum-p combination","structural_absence",
"crc_baxter","Unclassified_Porphyromonadaceae","DASRA combined","DASRA","combined","H","CRC","age_z + sex + group",TRUE,"available",0.130688476422071,0.130688476422071,0.130688476422071,0.579248150034775,0.564395633367217,FALSE,,,"Bonferroni minimum-p combination","both",
"crc_baxter","Unclassified_Proteobacteria","DASRA combined","DASRA","combined","H","CRC","age_z + sex + group",TRUE,"available",0.349981647813165,0.349981647813165,0.349981647813165,0.711253026200948,0.689026369132169,FALSE,,,"Bonferroni minimum-p combination","both",
"crc_baxter","Unclassified_Rhodospirillaceae","DASRA combined","DASRA","combined","H","CRC","age_z + sex + group",TRUE,"available",0.468536375807494,0.468536375807494,0.468536375807494,0.787141111356591,0.766695887684991,FALSE,,,"Bonferroni minimum-p combination","both",
"crc_baxter","Unclassified_Rikenellaceae","DASRA combined","DASRA","combined","H","CRC","age_z + sex + group",TRUE,"available",1,1,1,1,1,FALSE,,,"Bonferroni minimum-p combination","both",
"crc_baxter","Unclassified_Ruminococcaceae","DASRA combined","DASRA","combined","H","CRC","age_z + sex + group",TRUE,"available",1,1,1,1,1,FALSE,,,"Bonferroni minimum-p combination","both",
"crc_baxter","Unclassified_Sutterellaceae","DASRA combined","DASRA","combined","H","CRC","age_z + sex + group",TRUE,"available",1,1,1,1,1,FALSE,,,"Bonferroni minimum-p combination","both",
"crc_baxter","Unclassified_Veillonellaceae","DASRA combined","DASRA","combined","H","CRC","age_z + sex + group",TRUE,"available",0.166446459707486,0.166446459707486,0.166446459707486,0.579248150034775,0.564395633367217,FALSE,,,"Bonferroni minimum-p combination","both",
"crc_baxter","Vampirovibrio","DASRA combined","DASRA","combined","H","CRC","age_z + sex + group",TRUE,"available",0.270178144655416,0.270178144655416,0.270178144655416,0.635547978817087,0.612849836716477,FALSE,,,"Bonferroni minimum-p combination","both",
"crc_baxter","Veillonella","DASRA combined","DASRA","combined","H","CRC","age_z + sex + group",FALSE,"one or both components were unavailable",0.506007337622878,0.506007337622878,1,1,0.785350552494898,FALSE,,,"Bonferroni minimum-p combination","relative_abundance",
"crc_baxter","Weissella","DASRA combined","DASRA","combined","H","CRC","age_z + sex + group",TRUE,"available",0.40383223874668,0.40383223874668,0.40383223874668,0.738220445822753,0.717714322327676,FALSE,,,"Bonferroni minimum-p combination","both",
"crc_baxter","Acetanaerobacterium","MaAsLin3 prevalence","MaAsLin3","prevalence","H","CRC","age_z + sex + log_library_size_z + group",TRUE,"available",0.399078418600401,0.399078418600401,0.399078418600401,0.773598165286931,0.72269473622909,FALSE,-0.245254152994085,,"change in log odds of observed presence for the comparison group",,
"crc_baxter","Acetitomaculum","MaAsLin3 prevalence","MaAsLin3","prevalence","H","CRC","age_z + sex + log_library_size_z + group",TRUE,"available",0.508894181531298,0.508894181531298,0.508894181531298,0.822059831704404,0.778922528096999,FALSE,0.223563700251691,,"change in log odds of observed presence for the comparison group",,
"crc_baxter","Acidaminococcus","MaAsLin3 prevalence","MaAsLin3","prevalence","H","CRC","age_z + sex + log_library_size_z + group",TRUE,"available",0.492358737732201,0.492358737732201,0.492358737732201,0.819301865411775,0.778083077011746,FALSE,0.208307776159084,,"change in log odds of observed presence for the comparison group",,
"crc_baxter","Actinomyces","MaAsLin3 prevalence","MaAsLin3","prevalence","H","CRC","age_z + sex + log_library_size_z + group",TRUE,"available",0.950442652273272,0.950442652273272,0.950442652273272,1,0.991757512342955,FALSE,0.0199420321934977,,"change in log odds of observed presence for the comparison group",,
"crc_baxter","Akkermansia","MaAsLin3 prevalence","MaAsLin3","prevalence","H","CRC","age_z + sex + log_library_size_z + group",TRUE,"available",0.415108574636274,0.415108574636274,0.415108574636274,0.784219870481391,0.73567284757603,FALSE,-0.392154212405743,,"change in log odds of observed presence for the comparison group",,
"crc_baxter","Alistipes","MaAsLin3 prevalence","MaAsLin3","prevalence","H","CRC","age_z + sex + log_library_size_z + group",TRUE,"available",0.290022257625286,0.290022257625286,0.290022257625286,0.76154209173566,0.656261932258684,FALSE,0.728157380349837,,"change in log odds of observed presence for the comparison group",,
"crc_baxter","Allisonella","MaAsLin3 prevalence","MaAsLin3","prevalence","H","CRC","age_z + sex + log_library_size_z + group",TRUE,"available",0.459877320204681,0.459877320204681,0.459877320204681,0.804785310358192,0.766212057090142,FALSE,-0.369314960165444,,"change in log odds of observed presence for the comparison group",,
"crc_baxter","Anaerococcus","MaAsLin3 prevalence","MaAsLin3","prevalence","H","CRC","age_z + sex + log_library_size_z + group",TRUE,"available",0.0005860257443426,0.0005860257443426,0.0005860257443426,0.0147678487574335,0.00941422002201983,TRUE,1.74726709901922,,"change in log odds of observed presence for the comparison group",,
"crc_baxter","Anaerofilum","MaAsLin3 prevalence","MaAsLin3","prevalence","H","CRC","age_z + sex + log_library_size_z + group",TRUE,"available",0.897932241351949,0.897932241351949,0.897932241351949,1,0.981712966395764,FALSE,0.0403518330406274,,"change in log odds of observed presence for the comparison group",,
"crc_baxter","Anaerofustis","MaAsLin3 prevalence","MaAsLin3","prevalence","H","CRC","age_z + sex + log_library_size_z + group",TRUE,"available",0.655140043365638,0.655140043365638,0.655140043365638,0.905309813322986,0.86159002507018,FALSE,0.133700262434361,,"change in log odds of observed presence for the comparison group",,
"crc_baxter","Anaerorhabdus","MaAsLin3 prevalence","MaAsLin3","prevalence","H","CRC","age_z + sex + log_library_size_z + group",TRUE,"available",0.901655490672083,0.901655490672083,0.901655490672083,1,0.982547996399776,FALSE,-0.0576929297746199,,"change in log odds of observed presence for the comparison group",,
"crc_baxter","Anaerosporobacter","MaAsLin3 prevalence","MaAsLin3","prevalence","H","CRC","age_z + sex + log_library_size_z + group",TRUE,"available",0.371200534153558,0.371200534153558,0.371200534153558,0.7623504664272,0.702382626946539,FALSE,-0.264994990873952,,"change in log odds of observed presence for the comparison group",,
"crc_baxter","Anaerostipes","MaAsLin3 prevalence","MaAsLin3","prevalence","H","CRC","age_z + sex + log_library_size_z + group",TRUE,"available",0.33023150301912,0.33023150301912,0.33023150301912,0.7623504664272,0.6753130257568,FALSE,1.2302882534514,,"change in log odds of observed presence for the comparison group",,
"crc_baxter","Anaerotruncus","MaAsLin3 prevalence","MaAsLin3","prevalence","H","CRC","age_z + sex + log_library_size_z + group",TRUE,"available",0.752156325029997,0.752156325029997,0.752156325029997,0.911266316863266,0.90788237344155,FALSE,-0.0964096982073285,,"change in log odds of observed presence for the comparison group",,
"crc_baxter","Atopobium","MaAsLin3 prevalence","MaAsLin3","prevalence","H","CRC","age_z + sex + log_library_size_z + group",TRUE,"available",0.521975976301099,0.521975976301099,0.521975976301099,0.822112162674231,0.780612721315157,FALSE,0.311250229721889,,"change in log odds of observed presence for the comparison group",,
"crc_baxter","Bacteroides","MaAsLin3 prevalence","MaAsLin3","prevalence","H","CRC","age_z + sex + log_library_size_z + group",FALSE,"model error: All logistic values are the same",,,1,1,,FALSE,,,"change in log odds of observed presence for the comparison group",,
"crc_baxter","Barnesiella","MaAsLin3 prevalence","MaAsLin3","prevalence","H","CRC","age_z + sex + log_library_size_z + group",TRUE,"available",0.0371948304044303,0.0371948304044303,0.0371948304044303,0.292909289434889,0.24213105282884,FALSE,0.607287223255436,,"change in log odds of observed presence for the comparison group",,
"crc_baxter","Bifidobacterium","MaAsLin3 prevalence","MaAsLin3","prevalence","H","CRC","age_z + sex + log_library_size_z + group",TRUE,"available",0.674741494360967,0.674741494360967,0.674741494360967,0.905309813322986,0.87550723006758,FALSE,0.153565421375982,,"change in log odds of observed presence for the comparison group",,
"crc_baxter","Bilophila","MaAsLin3 prevalence","MaAsLin3","prevalence","H","CRC","age_z + sex + log_library_size_z + group",TRUE,"available",0.256960055217067,0.256960055217067,0.256960055217067,0.752952719938382,0.633465704326813,FALSE,0.314365472470285,,"change in log odds of observed presence for the comparison group",,
"crc_baxter","Blautia","MaAsLin3 prevalence","MaAsLin3","prevalence","H","CRC","age_z + sex + log_library_size_z + group",FALSE,"model error: All logistic values are the same",,,1,1,,FALSE,,,"change in log odds of observed presence for the comparison group",,
"crc_baxter","Butyricicoccus","MaAsLin3 prevalence","MaAsLin3","prevalence","H","CRC","age_z + sex + log_library_size_z + group",TRUE,"available",0.417005804144867,0.417005804144867,0.417005804144867,0.784219870481391,0.735743921097934,FALSE,0.390788409467032,,"change in log odds of observed presence for the comparison group",,
"crc_baxter","Butyricimonas","MaAsLin3 prevalence","MaAsLin3","prevalence","H","CRC","age_z + sex + log_library_size_z + group",TRUE,"available",0.165286246516195,0.165286246516195,0.165286246516195,0.736654041886114,0.533388391287451,FALSE,-0.380856001938942,,"change in log odds of observed presence for the comparison group",,
"crc_baxter","Catenibacterium","MaAsLin3 prevalence","MaAsLin3","prevalence","H","CRC","age_z + sex + log_library_size_z + group",TRUE,"available",0.170654565826069,0.170654565826069,0.170654565826069,0.736654041886114,0.544781883213989,FALSE,0.610498795239492,,"change in log odds of observed presence for the comparison group",,
"crc_baxter","Citrobacter","MaAsLin3 prevalence","MaAsLin3","prevalence","H","CRC","age_z + sex + log_library_size_z + group",TRUE,"available",0.320410486387992,0.320410486387992,0.320410486387992,0.761730590280887,0.671657013493598,FALSE,-0.530389258134238,,"change in log odds of observed presence for the comparison group",,
"crc_baxter","Cloacibacillus","MaAsLin3 prevalence","MaAsLin3","prevalence","H","CRC","age_z + sex + log_library_size_z + group",TRUE,"available",0.128768018464297,0.128768018464297,0.128768018464297,0.714872914581599,0.476776752380815,FALSE,0.497859856629419,,"change in log odds of observed presence for the comparison group",,
"crc_baxter","Clostridium_III","MaAsLin3 prevalence","MaAsLin3","prevalence","H","CRC","age_z + sex + log_library_size_z + group",TRUE,"available",0.206307218850034,0.206307218850034,0.206307218850034,0.739003542427703,0.59216711808252,FALSE,0.350789601472731,,"change in log odds of observed presence for the comparison group",,
"crc_baxter","Clostridium_IV","MaAsLin3 prevalence","MaAsLin3","prevalence","H","CRC","age_z + sex + log_library_size_z + group",TRUE,"available",0.305665332548904,0.305665332548904,0.305665332548904,0.76154209173566,0.665471462183621,FALSE,1.39196987705471,,"change in log odds of observed presence for the comparison group",,
"crc_baxter","Clostridium_sensu_stricto","MaAsLin3 prevalence","MaAsLin3","prevalence","H","CRC","age_z + sex + log_library_size_z + group",TRUE,"available",0.367513939848119,0.367513939848119,0.367513939848119,0.7623504664272,0.699937439925408,FALSE,-0.347426474512911,,"change in log odds of observed presence for the comparison group",,
"crc_baxter","Clostridium_XI","MaAsLin3 prevalence","MaAsLin3","prevalence","H","CRC","age_z + sex + log_library_size_z + group",TRUE,"available",0.314287212462336,0.314287212462336,0.314287212462336,0.76154209173566,0.670340231903161,FALSE,-0.45688059770131,,"change in log odds of observed presence for the comparison group",,
"crc_baxter","Clostridium_XII","MaAsLin3 prevalence","MaAsLin3","prevalence","H","CRC","age_z + sex + log_library_size_z + group",TRUE,"available",0.218499122825044,0.218499122825044,0.218499122825044,0.739003542427703,0.593351235570391,FALSE,0.455662145873092,,"change in log odds of observed presence for the comparison group",,
"crc_baxter","Clostridium_XlVa","MaAsLin3 prevalence","MaAsLin3","prevalence","H","CRC","age_z + sex + log_library_size_z + group",TRUE,"available",0.740054847398949,0.740054847398949,0.740054847398949,0.905309813322986,0.898963000543786,FALSE,0.485517331703658,,"change in log odds of observed presence for the comparison group",,
"crc_baxter","Clostridium_XlVb","MaAsLin3 prevalence","MaAsLin3","prevalence","H","CRC","age_z + sex + log_library_size_z + group",TRUE,"available",0.376328983485567,0.376328983485567,0.376328983485567,0.7623504664272,0.708013849984653,FALSE,0.312291551702831,,"change in log odds of observed presence for the comparison group",,
"crc_baxter","Clostridium_XVIII","MaAsLin3 prevalence","MaAsLin3","prevalence","H","CRC","age_z + sex + log_library_size_z + group",TRUE,"available",0.500684473307196,0.500684473307196,0.500684473307196,0.819301865411775,0.778083077011746,FALSE,-0.371861343041223,,"change in log odds of observed presence for the comparison group",,
"crc_baxter","Collinsella","MaAsLin3 prevalence","MaAsLin3","prevalence","H","CRC","age_z + sex + log_library_size_z + group",TRUE,"available",1.23711153329983e-05,1.23711153329983e-05,1.23711153329983e-05,0.000389690132989445,0.000342267524212952,TRUE,1.51979592438558,,"change in log odds of observed presence for the comparison group",,
"crc_baxter","Coprobacillus","MaAsLin3 prevalence","MaAsLin3","prevalence","H","CRC","age_z + sex + log_library_size_z + group",TRUE,"available",0.243551104248092,0.243551104248092,0.243551104248092,0.739003542427703,0.620401278340408,FALSE,-0.347953985855537,,"change in log odds of observed presence for the comparison group",,
"crc_baxter","Coprococcus","MaAsLin3 prevalence","MaAsLin3","prevalence","H","CRC","age_z + sex + log_library_size_z + group",TRUE,"available",0.576302292303222,0.576302292303222,0.576302292303222,0.875244390395664,0.818727399166918,FALSE,0.265767290997131,,"change in log odds of observed presence for the comparison group",,
"crc_baxter","Corynebacterium","MaAsLin3 prevalence","MaAsLin3","prevalence","H","CRC","age_z + sex + log_library_size_z + group",TRUE,"available",0.217226158136958,0.217226158136958,0.217226158136958,0.739003542427703,0.593351235570391,FALSE,0.464217780395008,,"change in log odds of observed presence for the comparison group",,
"crc_baxter","Defluviitalea","MaAsLin3 prevalence","MaAsLin3","prevalence","H","CRC","age_z + sex + log_library_size_z + group",TRUE,"available",0.126866748398326,0.126866748398326,0.126866748398326,0.714872914581599,0.475872653259041,FALSE,-0.486292339341496,,"change in log odds of observed presence for the comparison group",,
"crc_baxter","Desulfovibrio","MaAsLin3 prevalence","MaAsLin3","prevalence","H","CRC","age_z + sex + log_library_size_z + group",TRUE,"available",0.246334514142568,0.246334514142568,0.246334514142568,0.739003542427703,0.621022536903273,FALSE,0.320544587799514,,"change in log odds of observed presence for the comparison group",,
"crc_baxter","Dialister","MaAsLin3 prevalence","MaAsLin3","prevalence","H","CRC","age_z + sex + log_library_size_z + group",TRUE,"available",0.308250256343245,0.308250256343245,0.308250256343245,0.76154209173566,0.668882909189263,FALSE,0.272996912935191,,"change in log odds of observed presence for the comparison group",,
"crc_baxter","Dorea","MaAsLin3 prevalence","MaAsLin3","prevalence","H","CRC","age_z + sex + log_library_size_z + group",TRUE,"available",0.298736113388189,0.298736113388189,0.298736113388189,0.76154209173566,0.660794782103244,FALSE,1.04580667429993,,"change in log odds of observed presence for the comparison group",,
"crc_baxter","Eggerthella","MaAsLin3 prevalence","MaAsLin3","prevalence","H","CRC","age_z + sex + log_library_size_z + group",TRUE,"available",0.0535076703950093,0.0535076703950093,0.0535076703950093,0.374553692765065,0.304535084076738,FALSE,0.575953746142717,,"change in log odds of observed presence for the comparison group",,
"crc_baxter","Eggerthia","MaAsLin3 prevalence","MaAsLin3","prevalence","H","CRC","age_z + sex + log_library_size_z + group",TRUE,"available",0.63201661172735,0.63201661172735,0.63201661172735,0.905309813322986,0.854122856554194,FALSE,-0.173370476543575,,"change in log odds of observed presence for the comparison group",,
"crc_baxter","Enterobacter","MaAsLin3 prevalence","MaAsLin3","prevalence","H","CRC","age_z + sex + log_library_size_z + group",TRUE,"available",0.398169623510753,0.398169623510753,0.398169623510753,0.773598165286931,0.722387799789054,FALSE,0.248459182736115,,"change in log odds of observed presence for the comparison group",,
"crc_baxter","Enterococcus","MaAsLin3 prevalence","MaAsLin3","prevalence","H","CRC","age_z + sex + log_library_size_z + group",TRUE,"available",0.950700166450455,0.950700166450455,0.950700166450455,1,0.991757512342955,FALSE,-0.0182383690616931,,"change in log odds of observed presence for the comparison group",,
"crc_baxter","Enterorhabdus","MaAsLin3 prevalence","MaAsLin3","prevalence","H","CRC","age_z + sex + log_library_size_z + group",TRUE,"available",0.483083212890092,0.483083212890092,0.483083212890092,0.819301865411775,0.776049806513761,FALSE,0.232677637995,,"change in log odds of observed presence for the comparison group",,
"crc_baxter","Erysipelotrichaceae_incertae_sedis","MaAsLin3 prevalence","MaAsLin3","prevalence","H","CRC","age_z + sex + log_library_size_z + group",TRUE,"available",0.718763234522412,0.718763234522412,0.718763234522412,0.905309813322986,0.890233891093135,FALSE,-0.113520146764706,,"change in log odds of observed presence for the comparison group",,
"crc_baxter","Escherichia/Shigella","MaAsLin3 prevalence","MaAsLin3","prevalence","H","CRC","age_z + sex + log_library_size_z + group",TRUE,"available",0.344881357806444,0.344881357806444,0.344881357806444,0.7623504664272,0.688925762847372,FALSE,0.42102692371633,,"change in log odds of observed presence for the comparison group",,
"crc_baxter","Eubacterium","MaAsLin3 prevalence","MaAsLin3","prevalence","H","CRC","age_z + sex + log_library_size_z + group",TRUE,"available",0.012127946386368,0.012127946386368,0.012127946386368,0.117547788052489,0.107852094650201,FALSE,0.678627690758382,,"change in log odds of observed presence for the comparison group",,
"crc_baxter","Faecalibacterium","MaAsLin3 prevalence","MaAsLin3","prevalence","H","CRC","age_z + sex + log_library_size_z + group",TRUE,"available",0.517652777779197,0.517652777779197,0.517652777779197,0.822112162674231,0.778922528096999,FALSE,0.968189521381247,,"change in log odds of observed presence for the comparison group",,
"crc_baxter","Flavonifractor","MaAsLin3 prevalence","MaAsLin3","prevalence","H","CRC","age_z + sex + log_library_size_z + group",TRUE,"available",0.738286665638485,0.738286665638485,0.738286665638485,0.905309813322986,0.898963000543786,FALSE,0.132562590058346,,"change in log odds of observed presence for the comparison group",,
"crc_baxter","Fusobacterium","MaAsLin3 prevalence","MaAsLin3","prevalence","H","CRC","age_z + sex + log_library_size_z + group",TRUE,"available",0.00326479247376735,0.00326479247376735,0.00326479247376735,0.0587662645278123,0.0391775096852082,FALSE,1.29489340596804,,"change in log odds of observed presence for the comparison group",,
"crc_baxter","Gemella","MaAsLin3 prevalence","MaAsLin3","prevalence","H","CRC","age_z + sex + log_library_size_z + group",TRUE,"available",0.0512514118700793,0.0512514118700793,0.0512514118700793,0.374553692765065,0.298516995453795,FALSE,0.586769021819998,,"change in log odds of observed presence for the comparison group",,
"crc_baxter","Gemmiger","MaAsLin3 prevalence","MaAsLin3","prevalence","H","CRC","age_z + sex + log_library_size_z + group",TRUE,"available",0.650527606118736,0.650527606118736,0.650527606118736,0.905309813322986,0.86159002507018,FALSE,0.170066633787201,,"change in log odds of observed presence for the comparison group",,
"crc_baxter","Gordonibacter","MaAsLin3 prevalence","MaAsLin3","prevalence","H","CRC","age_z + sex + log_library_size_z + group",TRUE,"available",0.680863117024509,0.680863117024509,0.680863117024509,0.905309813322986,0.880485782817322,FALSE,-0.117757015890013,,"change in log odds of observed presence for the comparison group",,
"crc_baxter","Granulicatella","MaAsLin3 prevalence","MaAsLin3","prevalence","H","CRC","age_z + sex + log_library_size_z + group",TRUE,"available",0.0142676364014367,0.0142676364014367,0.0142676364014367,0.128408727612931,0.120428524201958,FALSE,-0.779225284195861,,"change in log odds of observed presence for the comparison group",,
"crc_baxter","Haemophilus","MaAsLin3 prevalence","MaAsLin3","prevalence","H","CRC","age_z + sex + log_library_size_z + group",TRUE,"available",0.0236544396014288,0.0236544396014288,0.0236544396014288,0.198697292652002,0.173528625470789,FALSE,-0.615375482024031,,"change in log odds of observed presence for the comparison group",,
"crc_baxter","Hespellia","MaAsLin3 prevalence","MaAsLin3","prevalence","H","CRC","age_z + sex + log_library_size_z + group",TRUE,"available",0.239809429951492,0.239809429951492,0.239809429951492,0.739003542427703,0.614010776945209,FALSE,0.345096787391743,,"change in log odds of observed presence for the comparison group",,
"crc_baxter","Holdemania","MaAsLin3 prevalence","MaAsLin3","prevalence","H","CRC","age_z + sex + log_library_size_z + group",TRUE,"available",0.3811752332136,0.3811752332136,0.3811752332136,0.7623504664272,0.710956052960198,FALSE,-0.280229570534037,,"change in log odds of observed presence for the comparison group",,
"crc_baxter","Howardella","MaAsLin3 prevalence","MaAsLin3","prevalence","H","CRC","age_z + sex + log_library_size_z + group",TRUE,"available",0.183717110054144,0.183717110054144,0.183717110054144,0.739003542427703,0.564242018587313,FALSE,0.444130637461512,,"change in log odds of observed presence for the comparison group",,
"crc_baxter","Lachnobacterium","MaAsLin3 prevalence","MaAsLin3","prevalence","H","CRC","age_z + sex + log_library_size_z + group",TRUE,"available",0.0046014547563552,0.0046014547563552,0.0046014547563552,0.0724729124125944,0.0503631751354921,FALSE,-1.578807543329,,"change in log odds of observed presence for the comparison group",,
"crc_baxter","Lachnospiracea_incertae_sedis","MaAsLin3 prevalence","MaAsLin3","prevalence","H","CRC","age_z + sex + log_library_size_z + group",FALSE,"model error: All logistic values are the same",,,1,1,,FALSE,,,"change in log odds of observed presence for the comparison group",,
"crc_baxter","Lactobacillus","MaAsLin3 prevalence","MaAsLin3","prevalence","H","CRC","age_z + sex + log_library_size_z + group",TRUE,"available",0.283158681733917,0.283158681733917,0.283158681733917,0.76154209173566,0.648335740245933,FALSE,0.292040385304556,,"change in log odds of observed presence for the comparison group",,
"crc_baxter","Lactococcus","MaAsLin3 prevalence","MaAsLin3","prevalence","H","CRC","age_z + sex + log_library_size_z + group",TRUE,"available",0.73861536807795,0.73861536807795,0.73861536807795,0.905309813322986,0.898963000543786,FALSE,-0.0994677892864497,,"change in log odds of observed presence for the comparison group",,
"crc_baxter","Lactonifactor","MaAsLin3 prevalence","MaAsLin3","prevalence","H","CRC","age_z + sex + log_library_size_z + group",TRUE,"available",0.705597667091446,0.705597667091446,0.705597667091446,0.905309813322986,0.88497688243763,FALSE,0.104542519902803,,"change in log odds of observed presence for the comparison group",,
"crc_baxter","Megasphaera","MaAsLin3 prevalence","MaAsLin3","prevalence","H","CRC","age_z + sex + log_library_size_z + group",TRUE,"available",0.954915114796078,0.954915114796078,0.954915114796078,1,0.991757512342955,FALSE,0.0237159114816254,,"change in log odds of observed presence for the comparison group",,
"crc_baxter","Methanobrevibacter","MaAsLin3 prevalence","MaAsLin3","prevalence","H","CRC","age_z + sex + log_library_size_z + group",TRUE,"available",0.494509461195111,0.494509461195111,0.494509461195111,0.819301865411775,0.778083077011746,FALSE,0.1860869125956,,"change in log odds of observed presence for the comparison group",,
"crc_baxter","Methylobacterium","MaAsLin3 prevalence","MaAsLin3","prevalence","H","CRC","age_z + sex + log_library_size_z + group",TRUE,"available",0.435917496950744,0.435917496950744,0.435917496950744,0.796023255301359,0.745367818071004,FALSE,-0.316065432890205,,"change in log odds of observed presence for the comparison group",,
"crc_baxter","Mogibacterium","MaAsLin3 prevalence","MaAsLin3","prevalence","H","CRC","age_z + sex + log_library_size_z + group",TRUE,"available",0.583411108590642,0.583411108590642,0.583411108590642,0.875244390395664,0.821891745624158,FALSE,-0.149905529427984,,"change in log odds of observed presence for the comparison group",,
"crc_baxter","Odoribacter","MaAsLin3 prevalence","MaAsLin3","prevalence","H","CRC","age_z + sex + log_library_size_z + group",TRUE,"available",0.95480469125167,0.95480469125167,0.95480469125167,1,0.991757512342955,FALSE,-0.0158613742681456,,"change in log odds of observed presence for the comparison group",,
"crc_baxter","Oscillibacter","MaAsLin3 prevalence","MaAsLin3","prevalence","H","CRC","age_z + sex + log_library_size_z + group",TRUE,"available",0.63532297108589,0.63532297108589,0.63532297108589,0.905309813322986,0.855530828180957,FALSE,0.269152151392446,,"change in log odds of observed presence for the comparison group",,
"crc_baxter","Oxalobacter","MaAsLin3 prevalence","MaAsLin3","prevalence","H","CRC","age_z + sex + log_library_size_z + group",TRUE,"available",0.0590547484764231,0.0590547484764231,0.0590547484764231,0.391626226738385,0.317937997202797,FALSE,0.64853150897419,,"change in log odds of observed presence for the comparison group",,
"crc_baxter","Parabacteroides","MaAsLin3 prevalence","MaAsLin3","prevalence","H","CRC","age_z + sex + log_library_size_z + group",TRUE,"available",0.932156502064907,0.932156502064907,0.932156502064907,1,0.988741082062457,FALSE,0.0279096333309512,,"change in log odds of observed presence for the comparison group",,
"crc_baxter","Paraprevotella","MaAsLin3 prevalence","MaAsLin3","prevalence","H","CRC","age_z + sex + log_library_size_z + group",TRUE,"available",0.980231660256844,0.980231660256844,0.980231660256844,1,0.995219911942728,FALSE,0.00788487212586947,,"change in log odds of observed presence for the comparison group",,
"crc_baxter","Parasutterella","MaAsLin3 prevalence","MaAsLin3","prevalence","H","CRC","age_z + sex + log_library_size_z + group",TRUE,"available",0.148594471655871,0.148594471655871,0.148594471655871,0.736654041886114,0.503944508792219,FALSE,0.412062801577294,,"change in log odds of observed presence for the comparison group",,
"crc_baxter","Parvimonas","MaAsLin3 prevalence","MaAsLin3","prevalence","H","CRC","age_z + sex + log_library_size_z + group",TRUE,"available",9.71156185838767e-06,9.71156185838767e-06,9.71156185838767e-06,0.000389690132989445,0.000312023084224326,TRUE,2.15099545385623,,"change in log odds of observed presence for the comparison group",,
"crc_baxter","Peptococcus","MaAsLin3 prevalence","MaAsLin3","prevalence","H","CRC","age_z + sex + log_library_size_z + group",TRUE,"available",0.894633997171131,0.894633997171131,0.894633997171131,1,0.980259033204012,FALSE,0.0699051643036347,,"change in log odds of observed presence for the comparison group",,
"crc_baxter","Peptoniphilus","MaAsLin3 prevalence","MaAsLin3","prevalence","H","CRC","age_z + sex + log_library_size_z + group",TRUE,"available",0.00916407541893394,0.00916407541893394,0.00916407541893394,0.106709953344022,0.087763645358252,FALSE,1.53863287756313,,"change in log odds of observed presence for the comparison group",,
"crc_baxter","Peptostreptococcus","MaAsLin3 prevalence","MaAsLin3","prevalence","H","CRC","age_z + sex + log_library_size_z + group",TRUE,"available",1.60545081918827e-06,1.60545081918827e-06,1.60545081918827e-06,0.000101143401608861,6.66262089963134e-05,TRUE,2.37982439321964,,"change in log odds of observed presence for the comparison group",,
"crc_baxter","Phascolarctobacterium","MaAsLin3 prevalence","MaAsLin3","prevalence","H","CRC","age_z + sex + log_library_size_z + group",TRUE,"available",0.669241892883206,0.669241892883206,0.669241892883206,0.905309813322986,0.873610649163398,FALSE,0.133768714080962,,"change in log odds of observed presence for the comparison group",,
"crc_baxter","Porphyromonas","MaAsLin3 prevalence","MaAsLin3","prevalence","H","CRC","age_z + sex + log_library_size_z + group",TRUE,"available",3.85514433937512e-07,3.85514433937512e-07,3.85514433937512e-07,4.85748186761266e-05,2.13317986778757e-05,TRUE,1.73883849423904,,"change in log odds of observed presence for the comparison group",,
"crc_baxter","Prevotella","MaAsLin3 prevalence","MaAsLin3","prevalence","H","CRC","age_z + sex + log_library_size_z + group",TRUE,"available",0.431263151584463,0.431263151584463,0.431263151584463,0.796023255301359,0.745367818071004,FALSE,0.209487822477674,,"change in log odds of observed presence for the comparison group",,
"crc_baxter","Pseudoflavonifractor","MaAsLin3 prevalence","MaAsLin3","prevalence","H","CRC","age_z + sex + log_library_size_z + group",TRUE,"available",0.165478928622312,0.165478928622312,0.165478928622312,0.736654041886114,0.533388391287451,FALSE,0.40442390547565,,"change in log odds of observed presence for the comparison group",,
"crc_baxter","Pseudomonas","MaAsLin3 prevalence","MaAsLin3","prevalence","H","CRC","age_z + sex + log_library_size_z + group",TRUE,"available",0.276756610277882,0.276756610277882,0.276756610277882,0.76154209173566,0.643133656159751,FALSE,0.321956603864335,,"change in log odds of observed presence for the comparison group",,
"crc_baxter","Roseburia","MaAsLin3 prevalence","MaAsLin3","prevalence","H","CRC","age_z + sex + log_library_size_z + group",TRUE,"available",0.361052603250172,0.361052603250172,0.361052603250172,0.7623504664272,0.695853357320134,FALSE,1.23683578514627,,"change in log odds of observed presence for the comparison group",,
"crc_baxter","Rothia","MaAsLin3 prevalence","MaAsLin3","prevalence","H","CRC","age_z + sex + log_library_size_z + group",TRUE,"available",0.710177499047795,0.710177499047795,0.710177499047795,0.905309813322986,0.885277583293622,FALSE,0.116037846719295,,"change in log odds of observed presence for the comparison group",,
"crc_baxter","Ruminococcus","MaAsLin3 prevalence","MaAsLin3","prevalence","H","CRC","age_z + sex + log_library_size_z + group",TRUE,"available",0.236771721457289,0.236771721457289,0.236771721457289,0.739003542427703,0.614010776945209,FALSE,0.764788081928425,,"change in log odds of observed presence for the comparison group",,
"crc_baxter","Ruminococcus2","MaAsLin3 prevalence","MaAsLin3","prevalence","H","CRC","age_z + sex + log_library_size_z + group",TRUE,"available",0.960550405787576,0.960550405787576,0.960550405787576,1,0.993227212170322,FALSE,-0.0527679544690937,,"change in log odds of observed presence for the comparison group",,
"crc_baxter","Slackia","MaAsLin3 prevalence","MaAsLin3","prevalence","H","CRC","age_z + sex + log_library_size_z + group",TRUE,"available",0.590442644314535,0.590442644314535,0.590442644314535,0.875244390395664,0.825956283338872,FALSE,-0.175785634228304,,"change in log odds of observed presence for the comparison group",,
"crc_baxter","Solobacterium","MaAsLin3 prevalence","MaAsLin3","prevalence","H","CRC","age_z + sex + log_library_size_z + group",TRUE,"available",0.353161495475985,0.353161495475985,0.353161495475985,0.7623504664272,0.69295733574373,FALSE,0.443047678012697,,"change in log odds of observed presence for the comparison group",,
"crc_baxter","Sporobacter","MaAsLin3 prevalence","MaAsLin3","prevalence","H","CRC","age_z + sex + log_library_size_z + group",TRUE,"available",0.245723259857262,0.245723259857262,0.245723259857262,0.739003542427703,0.621022536903273,FALSE,0.411129825775173,,"change in log odds of observed presence for the comparison group",,
"crc_baxter","Staphylococcus","MaAsLin3 prevalence","MaAsLin3","prevalence","H","CRC","age_z + sex + log_library_size_z + group",TRUE,"available",0.0101284280511099,0.0101284280511099,0.0101284280511099,0.106709953344022,0.092434057702942,FALSE,1.27290103430249,,"change in log odds of observed presence for the comparison group",,
"crc_baxter","Streptococcus","MaAsLin3 prevalence","MaAsLin3","prevalence","H","CRC","age_z + sex + log_library_size_z + group",TRUE,"available",0.0101628526994307,0.0101628526994307,0.0101628526994307,0.106709953344022,0.092434057702942,FALSE,-1.44913549352308,,"change in log odds of observed presence for the comparison group",,
"crc_baxter","Streptophyta","MaAsLin3 prevalence","MaAsLin3","prevalence","H","CRC","age_z + sex + log_library_size_z + group",TRUE,"available",0.0865420708785616,0.0865420708785616,0.0865420708785616,0.545215046534938,0.386528711188553,FALSE,-0.684044873386768,,"change in log odds of observed presence for the comparison group",,
"crc_baxter","Subdoligranulum","MaAsLin3 prevalence","MaAsLin3","prevalence","H","CRC","age_z + sex + log_library_size_z + group",TRUE,"available",0.301509074584153,0.301509074584153,0.301509074584153,0.76154209173566,0.660903087449474,FALSE,0.608923471484687,,"change in log odds of observed presence for the comparison group",,
"crc_baxter","Succiniclasticum","MaAsLin3 prevalence","MaAsLin3","prevalence","H","CRC","age_z + sex + log_library_size_z + group",TRUE,"available",0.221988565546482,0.221988565546482,0.221988565546482,0.739003542427703,0.597569219687287,FALSE,0.713462496981213,,"change in log odds of observed presence for the comparison group",,
"crc_baxter","Succinivibrio","MaAsLin3 prevalence","MaAsLin3","prevalence","H","CRC","age_z + sex + log_library_size_z + group",TRUE,"available",0.175393819496694,0.175393819496694,0.175393819496694,0.736654041886114,0.55457855307526,FALSE,0.718573728690469,,"change in log odds of observed presence for the comparison group",,
"crc_baxter","Sutterella","MaAsLin3 prevalence","MaAsLin3","prevalence","H","CRC","age_z + sex + log_library_size_z + group",TRUE,"available",0.451273050989217,0.451273050989217,0.451273050989217,0.804785310358192,0.759236416866993,FALSE,-0.28359507622624,,"change in log odds of observed presence for the comparison group",,
"crc_baxter","Turicibacter","MaAsLin3 prevalence","MaAsLin3","prevalence","H","CRC","age_z + sex + log_library_size_z + group",TRUE,"available",0.587573190186333,0.587573190186333,0.587573190186333,0.875244390395664,0.824463113549622,FALSE,0.156107301808819,,"change in log odds of observed presence for the comparison group",,
"crc_baxter","Unclassified_Acidaminococcaceae","MaAsLin3 prevalence","MaAsLin3","prevalence","H","CRC","age_z + sex + log_library_size_z + group",TRUE,"available",0.695537009482097,0.695537009482097,0.695537009482097,0.905309813322986,0.881884212365292,FALSE,-0.150109613064399,,"change in log odds of observed presence for the comparison group",,
"crc_baxter","Unclassified_Actinomycetaceae","MaAsLin3 prevalence","MaAsLin3","prevalence","H","CRC","age_z + sex + log_library_size_z + group",TRUE,"available",0.48840111745385,0.48840111745385,0.48840111745385,0.819301865411775,0.778083077011746,FALSE,0.364048617612666,,"change in log odds of observed presence for the comparison group",,
"crc_baxter","Unclassified_Bacteria","MaAsLin3 prevalence","MaAsLin3","prevalence","H","CRC","age_z + sex + log_library_size_z + group",TRUE,"available",0.380631136896132,0.380631136896132,0.380631136896132,0.7623504664272,0.710956052960198,FALSE,-0.239344702111784,,"change in log odds of observed presence for the comparison group",,
"crc_baxter","Unclassified_Bacteroidetes","MaAsLin3 prevalence","MaAsLin3","prevalence","H","CRC","age_z + sex + log_library_size_z + group",TRUE,"available",0.839506691225264,0.839506691225264,0.839506691225264,0.980066507006177,0.954218932674206,FALSE,0.117956689687722,,"change in log odds of observed presence for the comparison group",,
"crc_baxter","Unclassified_Burkholderiales","MaAsLin3 prevalence","MaAsLin3","prevalence","H","CRC","age_z + sex + log_library_size_z + group",TRUE,"available",0.767769668036639,0.767769668036639,0.767769668036639,0.914852499419395,0.913618386337506,FALSE,-0.143464446903235,,"change in log odds of observed presence for the comparison group",,
"crc_baxter","Unclassified_Clostridia","MaAsLin3 prevalence","MaAsLin3","prevalence","H","CRC","age_z + sex + log_library_size_z + group",TRUE,"available",0.588547463588134,0.588547463588134,0.588547463588134,0.875244390395664,0.824463113549622,FALSE,-0.147737950394819,,"change in log odds of observed presence for the comparison group",,
"crc_baxter","Unclassified_Clostridiaceae_2","MaAsLin3 prevalence","MaAsLin3","prevalence","H","CRC","age_z + sex + log_library_size_z + group",TRUE,"available",0.00992225416792785,0.00992225416792785,0.00992225416792785,0.106709953344022,0.092434057702942,FALSE,-1.34580166056893,,"change in log odds of observed presence for the comparison group",,
"crc_baxter","Unclassified_Clostridiales","MaAsLin3 prevalence","MaAsLin3","prevalence","H","CRC","age_z + sex + log_library_size_z + group",TRUE,"available",0.130492674883943,0.130492674883943,0.130492674883943,0.714872914581599,0.481372978460766,FALSE,1.30218364168822,,"change in log odds of observed presence for the comparison group",,
"crc_baxter","Unclassified_Clostridiales_Incertae_Sedis_XIII","MaAsLin3 prevalence","MaAsLin3","prevalence","H","CRC","age_z + sex + log_library_size_z + group",TRUE,"available",0.939045896943347,0.939045896943347,0.939045896943347,1,0.99077300143599,FALSE,0.0210351502591902,,"change in log odds of observed presence for the comparison group",,
"crc_baxter","Unclassified_Coriobacteriaceae","MaAsLin3 prevalence","MaAsLin3","prevalence","H","CRC","age_z + sex + log_library_size_z + group",TRUE,"available",0.294082067163697,0.294082067163697,0.294082067163697,0.76154209173566,0.658359815168446,FALSE,0.332096943987805,,"change in log odds of observed presence for the comparison group",,
"crc_baxter","Unclassified_Desulfovibrionaceae","MaAsLin3 prevalence","MaAsLin3","prevalence","H","CRC","age_z + sex + log_library_size_z + group",TRUE,"available",0.22357569009292,0.22357569009292,0.22357569009292,0.739003542427703,0.600219372864011,FALSE,0.626169666001469,,"change in log odds of observed presence for the comparison group",,
"crc_baxter","Unclassified_Desulfovibrionales","MaAsLin3 prevalence","MaAsLin3","prevalence","H","CRC","age_z + sex + log_library_size_z + group",TRUE,"available",0.734528108177909,0.734528108177909,0.734528108177909,0.905309813322986,0.898963000543786,FALSE,0.135604350052964,,"change in log odds of observed presence for the comparison group",,
"crc_baxter","Unclassified_Enterobacteriaceae","MaAsLin3 prevalence","MaAsLin3","prevalence","H","CRC","age_z + sex + log_library_size_z + group",TRUE,"available",0.696830195915145,0.696830195915145,0.696830195915145,0.905309813322986,0.881884212365292,FALSE,0.141997524637207,,"change in log odds of observed presence for the comparison group",,
"crc_baxter","Unclassified_Erysipelotrichaceae","MaAsLin3 prevalence","MaAsLin3","prevalence","H","CRC","age_z + sex + log_library_size_z + group",TRUE,"available",0.00224587057132065,0.00224587057132065,0.00224587057132065,0.0471632819977336,0.0286780396030175,TRUE,-1.55154833270069,,"change in log odds of observed presence for the comparison group",,
"crc_baxter","Unclassified_Firmicutes","MaAsLin3 prevalence","MaAsLin3","prevalence","H","CRC","age_z + sex + log_library_size_z + group",TRUE,"available",0.714611411207647,0.714611411207647,0.714611411207647,0.905309813322986,0.888580481351831,FALSE,0.114388790059521,,"change in log odds of observed presence for the comparison group",,
"crc_baxter","Unclassified_Lachnospiraceae","MaAsLin3 prevalence","MaAsLin3","prevalence","H","CRC","age_z + sex + log_library_size_z + group",TRUE,"available",0.899450269344959,0.899450269344959,0.899450269344959,1,0.982294373100415,FALSE,-0.146002797014642,,"change in log odds of observed presence for the comparison group",,
"crc_baxter","Unclassified_Peptostreptococcaceae","MaAsLin3 prevalence","MaAsLin3","prevalence","H","CRC","age_z + sex + log_library_size_z + group",TRUE,"available",0.238814063523454,0.238814063523454,0.238814063523454,0.739003542427703,0.614010776945209,FALSE,-0.605698945406054,,"change in log odds of observed presence for the comparison group",,
"crc_baxter","Unclassified_Porphyromonadaceae","MaAsLin3 prevalence","MaAsLin3","prevalence","H","CRC","age_z + sex + log_library_size_z + group",TRUE,"available",0.840057006005294,0.840057006005294,0.840057006005294,0.980066507006177,0.954218932674206,FALSE,-0.0552277233171053,,"change in log odds of observed presence for the comparison group",,
"crc_baxter","Unclassified_Proteobacteria","MaAsLin3 prevalence","MaAsLin3","prevalence","H","CRC","age_z + sex + log_library_size_z + group",TRUE,"available",0.644529485183017,0.644529485183017,0.644529485183017,0.905309813322986,0.861442453101309,FALSE,-0.190422532325192,,"change in log odds of observed presence for the comparison group",,
"crc_baxter","Unclassified_Rhodospirillaceae","MaAsLin3 prevalence","MaAsLin3","prevalence","H","CRC","age_z + sex + log_library_size_z + group",TRUE,"available",0.146640817163226,0.146640817163226,0.146640817163226,0.736654041886114,0.501904652558669,FALSE,0.496562210190377,,"change in log odds of observed presence for the comparison group",,
"crc_baxter","Unclassified_Rikenellaceae","MaAsLin3 prevalence","MaAsLin3","prevalence","H","CRC","age_z + sex + log_library_size_z + group",TRUE,"available",0.849309535474003,0.849309535474003,0.849309535474003,0.981770655685544,0.960715258967934,FALSE,-0.0588691023936865,,"change in log odds of observed presence for the comparison group",,
"crc_baxter","Unclassified_Ruminococcaceae","MaAsLin3 prevalence","MaAsLin3","prevalence","H","CRC","age_z + sex + log_library_size_z + group",FALSE,"model error: All logistic values are the same",,,1,1,,FALSE,,,"change in log odds of observed presence for the comparison group",,
"crc_baxter","Unclassified_Sutterellaceae","MaAsLin3 prevalence","MaAsLin3","prevalence","H","CRC","age_z + sex + log_library_size_z + group",TRUE,"available",0.769637816971872,0.769637816971872,0.769637816971872,0.914852499419395,0.914375644018773,FALSE,-0.154012768547491,,"change in log odds of observed presence for the comparison group",,
"crc_baxter","Unclassified_Veillonellaceae","MaAsLin3 prevalence","MaAsLin3","prevalence","H","CRC","age_z + sex + log_library_size_z + group",TRUE,"available",0.45883944549902,0.45883944549902,0.45883944549902,0.804785310358192,0.766212057090142,FALSE,-0.247877310243781,,"change in log odds of observed presence for the comparison group",,
"crc_baxter","Vampirovibrio","MaAsLin3 prevalence","MaAsLin3","prevalence","H","CRC","age_z + sex + log_library_size_z + group",TRUE,"available",0.91429404551334,0.91429404551334,0.91429404551334,1,0.985537737371522,FALSE,-0.0443827331658798,,"change in log odds of observed presence for the comparison group",,
"crc_baxter","Veillonella","MaAsLin3 prevalence","MaAsLin3","prevalence","H","CRC","age_z + sex + log_library_size_z + group",TRUE,"available",0.351629620131414,0.351629620131414,0.351629620131414,0.7623504664272,0.69295733574373,FALSE,-0.261236580680878,,"change in log odds of observed presence for the comparison group",,
"crc_baxter","Weissella","MaAsLin3 prevalence","MaAsLin3","prevalence","H","CRC","age_z + sex + log_library_size_z + group",TRUE,"available",0.162142777448502,0.162142777448502,0.162142777448502,0.736654041886114,0.532182940040673,FALSE,0.70324938018457,,"change in log odds of observed presence for the comparison group",,
"crc_baxter","Acetanaerobacterium","MaAsLin3 abundance","MaAsLin3","abundance","H","CRC","age_z + sex + log_library_size_z + group",TRUE,"available",0.0940353944015185,0.0940353944015185,0.0940353944015185,0.455709988253513,0.405988913659328,FALSE,0.508283738001502,,"log2 relative-abundance coefficient tested against the feature-median compositional null",,
"crc_baxter","Acetitomaculum","MaAsLin3 abundance","MaAsLin3","abundance","H","CRC","age_z + sex + log_library_size_z + group",TRUE,"available",0.0170964764505661,0.0170964764505661,0.0170964764505661,0.269269504096416,0.139363872582424,FALSE,-1.40239716451666,,"log2 relative-abundance coefficient tested against the feature-median compositional null",,
"crc_baxter","Acidaminococcus","MaAsLin3 abundance","MaAsLin3","abundance","H","CRC","age_z + sex + log_library_size_z + group",TRUE,"available",0.516898973997826,0.516898973997826,0.516898973997826,0.775348460996739,0.778922528096999,FALSE,0.40010786836169,,"log2 relative-abundance coefficient tested against the feature-median compositional null",,
"crc_baxter","Actinomyces","MaAsLin3 abundance","MaAsLin3","abundance","H","CRC","age_z + sex + log_library_size_z + group",TRUE,"available",0.512108720699213,0.512108720699213,0.512108720699213,0.775348460996739,0.778922528096999,FALSE,0.0586261555349171,,"log2 relative-abundance coefficient tested against the feature-median compositional null",,
"crc_baxter","Akkermansia","MaAsLin3 abundance","MaAsLin3","abundance","H","CRC","age_z + sex + log_library_size_z + group",TRUE,"available",0.364817051041426,0.364817051041426,0.364817051041426,0.707183822018764,0.697644214537438,FALSE,0.277503586563657,,"log2 relative-abundance coefficient tested against the feature-median compositional null",,
"crc_baxter","Alistipes","MaAsLin3 abundance","MaAsLin3","abundance","H","CRC","age_z + sex + log_library_size_z + group",TRUE,"available",0.349181556935241,0.349181556935241,0.349181556935241,0.698363113870482,0.69295733574373,FALSE,-0.440421481844003,,"log2 relative-abundance coefficient tested against the feature-median compositional null",,
"crc_baxter","Allisonella","MaAsLin3 abundance","MaAsLin3","abundance","H","CRC","age_z + sex + log_library_size_z + group",TRUE,"available",0.817586960034498,0.817586960034498,0.817586960034498,0.94219714307315,0.946169787121432,FALSE,-0.292011518586793,,"log2 relative-abundance coefficient tested against the feature-median compositional null",,
"crc_baxter","Anaerococcus","MaAsLin3 abundance","MaAsLin3","abundance","H","CRC","age_z + sex + log_library_size_z + group",TRUE,"available",0.459406271276774,0.459406271276774,0.459406271276774,0.775348460996739,0.766212057090142,FALSE,0.567254863497084,,"log2 relative-abundance coefficient tested against the feature-median compositional null",,
"crc_baxter","Anaerofilum","MaAsLin3 abundance","MaAsLin3","abundance","H","CRC","age_z + sex + log_library_size_z + group",TRUE,"available",0.239617793358651,0.239617793358651,0.239617793358651,0.628996707566459,0.614010776945209,FALSE,0.268919514932924,,"log2 relative-abundance coefficient tested against the feature-median compositional null",,
"crc_baxter","Anaerofustis","MaAsLin3 abundance","MaAsLin3","abundance","H","CRC","age_z + sex + log_library_size_z + group",TRUE,"available",0.142960687572938,0.142960687572938,0.142960687572938,0.50524153628493,0.499094378981372,FALSE,0.312683250376564,,"log2 relative-abundance coefficient tested against the feature-median compositional null",,
"crc_baxter","Anaerorhabdus","MaAsLin3 abundance","MaAsLin3","abundance","H","CRC","age_z + sex + log_library_size_z + group",TRUE,"available",0.820593053931936,0.820593053931936,0.820593053931936,0.94219714307315,0.946563853344636,FALSE,0.043838943398551,,"log2 relative-abundance coefficient tested against the feature-median compositional null",,
"crc_baxter","Anaerosporobacter","MaAsLin3 abundance","MaAsLin3","abundance","H","CRC","age_z + sex + log_library_size_z + group",TRUE,"available",0.134291479242858,0.134291479242858,0.134291479242858,0.50524153628493,0.489523849704704,FALSE,-0.745593818877393,,"log2 relative-abundance coefficient tested against the feature-median compositional null",,
"crc_baxter","Anaerostipes","MaAsLin3 abundance","MaAsLin3","abundance","H","CRC","age_z + sex + log_library_size_z + group",TRUE,"available",0.0412162813237527,0.0412162813237527,0.0412162813237527,0.329605348412511,0.261473988525208,FALSE,-0.688113098487145,,"log2 relative-abundance coefficient tested against the feature-median compositional null",,
"crc_baxter","Anaerotruncus","MaAsLin3 abundance","MaAsLin3","abundance","H","CRC","age_z + sex + log_library_size_z + group",TRUE,"available",0.070230823269709,0.070230823269709,0.070230823269709,0.384742770955797,0.347077967218181,FALSE,0.582479278396557,,"log2 relative-abundance coefficient tested against the feature-median compositional null",,
"crc_baxter","Atopobium","MaAsLin3 abundance","MaAsLin3","abundance","H","CRC","age_z + sex + log_library_size_z + group",TRUE,"available",0.0917945002076097,0.0917945002076097,0.0917945002076097,0.455709988253513,0.40286119489754,FALSE,0.6503657601845,,"log2 relative-abundance coefficient tested against the feature-median compositional null",,
"crc_baxter","Bacteroides","MaAsLin3 abundance","MaAsLin3","abundance","H","CRC","age_z + sex + log_library_size_z + group",TRUE,"available",0.157730503395701,0.157730503395701,0.157730503395701,0.512452794507096,0.523665271273727,FALSE,-0.501808001254826,,"log2 relative-abundance coefficient tested against the feature-median compositional null",,
"crc_baxter","Barnesiella","MaAsLin3 abundance","MaAsLin3","abundance","H","CRC","age_z + sex + log_library_size_z + group",TRUE,"available",0.706338898134633,0.706338898134633,0.706338898134633,0.90115274019149,0.88497688243763,FALSE,-0.288159606388834,,"log2 relative-abundance coefficient tested against the feature-median compositional null",,
"crc_baxter","Bifidobacterium","MaAsLin3 abundance","MaAsLin3","abundance","H","CRC","age_z + sex + log_library_size_z + group",TRUE,"available",0.0999592995393673,0.0999592995393673,0.0999592995393673,0.466476731183714,0.420082119583164,FALSE,0.571008440908412,,"log2 relative-abundance coefficient tested against the feature-median compositional null",,
"crc_baxter","Bilophila","MaAsLin3 abundance","MaAsLin3","abundance","H","CRC","age_z + sex + log_library_size_z + group",TRUE,"available",0.0141543512214448,0.0141543512214448,0.0141543512214448,0.254778321986007,0.120428524201958,FALSE,0.71804276184756,,"log2 relative-abundance coefficient tested against the feature-median compositional null",,
"crc_baxter","Blautia","MaAsLin3 abundance","MaAsLin3","abundance","H","CRC","age_z + sex + log_library_size_z + group",TRUE,"available",0.392697692895547,0.392697692895547,0.392697692895547,0.738506109027447,0.719684235507918,FALSE,0.0651901708323359,,"log2 relative-abundance coefficient tested against the feature-median compositional null",,
"crc_baxter","Butyricicoccus","MaAsLin3 abundance","MaAsLin3","abundance","H","CRC","age_z + sex + log_library_size_z + group",TRUE,"available",0.179145287544371,0.179145287544371,0.179145287544371,0.541418570075187,0.562004183687946,FALSE,-0.477635975527047,,"log2 relative-abundance coefficient tested against the feature-median compositional null",,
"crc_baxter","Butyricimonas","MaAsLin3 abundance","MaAsLin3","abundance","H","CRC","age_z + sex + log_library_size_z + group",TRUE,"available",0.437795363712884,0.437795363712884,0.437795363712884,0.775348460996739,0.745367818071004,FALSE,-0.441582401220644,,"log2 relative-abundance coefficient tested against the feature-median compositional null",,
"crc_baxter","Catenibacterium","MaAsLin3 abundance","MaAsLin3","abundance","H","CRC","age_z + sex + log_library_size_z + group",TRUE,"available",0.452510173554919,0.452510173554919,0.452510173554919,0.775348460996739,0.760033950861212,FALSE,-1.07436684623995,,"log2 relative-abundance coefficient tested against the feature-median compositional null",,
"crc_baxter","Citrobacter","MaAsLin3 abundance","MaAsLin3","abundance","H","CRC","age_z + sex + log_library_size_z + group",TRUE,"available",0.14324463451449,0.14324463451449,0.14324463451449,0.50524153628493,0.499094378981372,FALSE,-2.10434057675208,,"log2 relative-abundance coefficient tested against the feature-median compositional null",,
"crc_baxter","Cloacibacillus","MaAsLin3 abundance","MaAsLin3","abundance","H","CRC","age_z + sex + log_library_size_z + group",TRUE,"available",0.651628812619722,0.651628812619722,0.651628812619722,0.873489538406311,0.86159002507018,FALSE,-0.434893739206729,,"log2 relative-abundance coefficient tested against the feature-median compositional null",,
"crc_baxter","Clostridium_III","MaAsLin3 abundance","MaAsLin3","abundance","H","CRC","age_z + sex + log_library_size_z + group",TRUE,"available",0.0630909365550802,0.0630909365550802,0.0630909365550802,0.378545619330481,0.327951800935464,FALSE,-0.770715476935813,,"log2 relative-abundance coefficient tested against the feature-median compositional null",,
"crc_baxter","Clostridium_IV","MaAsLin3 abundance","MaAsLin3","abundance","H","CRC","age_z + sex + log_library_size_z + group",TRUE,"available",0.332670242436624,0.332670242436624,0.332670242436624,0.698363113870482,0.6753130257568,FALSE,0.125927570980296,,"log2 relative-abundance coefficient tested against the feature-median compositional null",,
"crc_baxter","Clostridium_sensu_stricto","MaAsLin3 abundance","MaAsLin3","abundance","H","CRC","age_z + sex + log_library_size_z + group",TRUE,"available",0.782320919552915,0.782320919552915,0.782320919552915,0.94219714307315,0.91994289949788,FALSE,-0.000962659311789137,,"log2 relative-abundance coefficient tested against the feature-median compositional null",,
"crc_baxter","Clostridium_XI","MaAsLin3 abundance","MaAsLin3","abundance","H","CRC","age_z + sex + log_library_size_z + group",TRUE,"available",0.936396332239334,0.936396332239334,0.936396332239334,0.999699571534889,0.990075102877257,FALSE,-0.142000010063465,,"log2 relative-abundance coefficient tested against the feature-median compositional null",,
"crc_baxter","Clostridium_XII","MaAsLin3 abundance","MaAsLin3","abundance","H","CRC","age_z + sex + log_library_size_z + group",TRUE,"available",0.267044597561676,0.267044597561676,0.267044597561676,0.672952385855425,0.642455118771569,FALSE,0.289039246217119,,"log2 relative-abundance coefficient tested against the feature-median compositional null",,
"crc_baxter","Clostridium_XlVa","MaAsLin3 abundance","MaAsLin3","abundance","H","CRC","age_z + sex + log_library_size_z + group",TRUE,"available",0.124642418229891,0.124642418229891,0.124642418229891,0.50524153628493,0.473016521159917,FALSE,0.175689306485663,,"log2 relative-abundance coefficient tested against the feature-median compositional null",,
"crc_baxter","Clostridium_XlVb","MaAsLin3 abundance","MaAsLin3","abundance","H","CRC","age_z + sex + log_library_size_z + group",TRUE,"available",0.00909944860375411,0.00909944860375411,0.00909944860375411,0.229306104814604,0.087763645358252,FALSE,0.673277788607101,,"log2 relative-abundance coefficient tested against the feature-median compositional null",,
"crc_baxter","Clostridium_XVIII","MaAsLin3 abundance","MaAsLin3","abundance","H","CRC","age_z + sex + log_library_size_z + group",TRUE,"available",0.107306149335424,0.107306149335424,0.107306149335424,0.482877672009406,0.438020183352795,FALSE,-0.57466637990682,,"log2 relative-abundance coefficient tested against the feature-median compositional null",,
"crc_baxter","Collinsella","MaAsLin3 abundance","MaAsLin3","abundance","H","CRC","age_z + sex + log_library_size_z + group",TRUE,"available",0.330603817299671,0.330603817299671,0.330603817299671,0.698363113870482,0.6753130257568,FALSE,-0.556674468011896,,"log2 relative-abundance coefficient tested against the feature-median compositional null",,
"crc_baxter","Coprobacillus","MaAsLin3 abundance","MaAsLin3","abundance","H","CRC","age_z + sex + log_library_size_z + group",TRUE,"available",0.186963555708009,0.186963555708009,0.186963555708009,0.541418570075187,0.564242018587313,FALSE,0.506879653687343,,"log2 relative-abundance coefficient tested against the feature-median compositional null",,
"crc_baxter","Coprococcus","MaAsLin3 abundance","MaAsLin3","abundance","H","CRC","age_z + sex + log_library_size_z + group",TRUE,"available",0.514883123694476,0.514883123694476,0.514883123694476,0.775348460996739,0.778922528096999,FALSE,-0.311383355950278,,"log2 relative-abundance coefficient tested against the feature-median compositional null",,
"crc_baxter","Corynebacterium","MaAsLin3 abundance","MaAsLin3","abundance","H","CRC","age_z + sex + log_library_size_z + group",TRUE,"available",0.348049993494752,0.348049993494752,0.348049993494752,0.698363113870482,0.69295733574373,FALSE,0.107078141289276,,"log2 relative-abundance coefficient tested against the feature-median compositional null",,
"crc_baxter","Defluviitalea","MaAsLin3 abundance","MaAsLin3","abundance","H","CRC","age_z + sex + log_library_size_z + group",TRUE,"available",0.149760961629674,0.149760961629674,0.149760961629674,0.509996788252403,0.503944508792219,FALSE,0.341845582183394,,"log2 relative-abundance coefficient tested against the feature-median compositional null",,
"crc_baxter","Desulfovibrio","MaAsLin3 abundance","MaAsLin3","abundance","H","CRC","age_z + sex + log_library_size_z + group",TRUE,"available",0.536301748097787,0.536301748097787,0.536301748097787,0.794988473650837,0.790172398084905,FALSE,0.213236421137162,,"log2 relative-abundance coefficient tested against the feature-median compositional null",,
"crc_baxter","Dialister","MaAsLin3 abundance","MaAsLin3","abundance","H","CRC","age_z + sex + log_library_size_z + group",TRUE,"available",0.0388608639165238,0.0388608639165238,0.0388608639165238,0.329605348412511,0.24971239007005,FALSE,-1.32206158233346,,"log2 relative-abundance coefficient tested against the feature-median compositional null",,
"crc_baxter","Dorea","MaAsLin3 abundance","MaAsLin3","abundance","H","CRC","age_z + sex + log_library_size_z + group",TRUE,"available",0.686179078227022,0.686179078227022,0.686179078227022,0.900610040172966,0.881884212365292,FALSE,-0.217879499635045,,"log2 relative-abundance coefficient tested against the feature-median compositional null",,
"crc_baxter","Eggerthella","MaAsLin3 abundance","MaAsLin3","abundance","H","CRC","age_z + sex + log_library_size_z + group",TRUE,"available",0.494062002601788,0.494062002601788,0.494062002601788,0.775348460996739,0.778083077011746,FALSE,0.141289862862577,,"log2 relative-abundance coefficient tested against the feature-median compositional null",,
"crc_baxter","Eggerthia","MaAsLin3 abundance","MaAsLin3","abundance","H","CRC","age_z + sex + log_library_size_z + group",TRUE,"available",0.00263122074941391,0.00263122074941391,0.00263122074941391,0.110511271475384,0.032344420092141,FALSE,-1.62138549072335,,"log2 relative-abundance coefficient tested against the feature-median compositional null",,
"crc_baxter","Enterobacter","MaAsLin3 abundance","MaAsLin3","abundance","H","CRC","age_z + sex + log_library_size_z + group",TRUE,"available",0.134668207649688,0.134668207649688,0.134668207649688,0.50524153628493,0.489523849704704,FALSE,0.953271779134724,,"log2 relative-abundance coefficient tested against the feature-median compositional null",,
"crc_baxter","Enterococcus","MaAsLin3 abundance","MaAsLin3","abundance","H","CRC","age_z + sex + log_library_size_z + group",TRUE,"available",0.0331212293805173,0.0331212293805173,0.0331212293805173,0.321021146303476,0.222450760448868,FALSE,0.936488779027982,,"log2 relative-abundance coefficient tested against the feature-median compositional null",,
"crc_baxter","Enterorhabdus","MaAsLin3 abundance","MaAsLin3","abundance","H","CRC","age_z + sex + log_library_size_z + group",TRUE,"available",0.95118774253838,0.95118774253838,0.95118774253838,0.999699571534889,0.991757512342955,FALSE,-0.0634651886381198,,"log2 relative-abundance coefficient tested against the feature-median compositional null",,
"crc_baxter","Erysipelotrichaceae_incertae_sedis","MaAsLin3 abundance","MaAsLin3","abundance","H","CRC","age_z + sex + log_library_size_z + group",TRUE,"available",0.565678624835507,0.565678624835507,0.565678624835507,0.81925869803763,0.814206045103291,FALSE,0.107046715422673,,"log2 relative-abundance coefficient tested against the feature-median compositional null",,
"crc_baxter","Escherichia/Shigella","MaAsLin3 abundance","MaAsLin3","abundance","H","CRC","age_z + sex + log_library_size_z + group",TRUE,"available",0.991765447951279,0.991765447951279,0.991765447951279,0.999699571534889,1,FALSE,-0.116141588484532,,"log2 relative-abundance coefficient tested against the feature-median compositional null",,
"crc_baxter","Eubacterium","MaAsLin3 abundance","MaAsLin3","abundance","H","CRC","age_z + sex + log_library_size_z + group",TRUE,"available",0.614441189090525,0.614441189090525,0.614441189090525,0.856534282366736,0.84179288078977,FALSE,0.0667739593448762,,"log2 relative-abundance coefficient tested against the feature-median compositional null",,
"crc_baxter","Faecalibacterium","MaAsLin3 abundance","MaAsLin3","abundance","H","CRC","age_z + sex + log_library_size_z + group",TRUE,"available",0.980211254319929,0.980211254319929,0.980211254319929,0.999699571534889,0.995219911942728,FALSE,-0.117746201893785,,"log2 relative-abundance coefficient tested against the feature-median compositional null",,
"crc_baxter","Flavonifractor","MaAsLin3 abundance","MaAsLin3","abundance","H","CRC","age_z + sex + log_library_size_z + group",TRUE,"available",0.936227789726976,0.936227789726976,0.936227789726976,0.999699571534889,0.990075102877257,FALSE,-0.13139664115027,,"log2 relative-abundance coefficient tested against the feature-median compositional null",,
"crc_baxter","Fusobacterium","MaAsLin3 abundance","MaAsLin3","abundance","H","CRC","age_z + sex + log_library_size_z + group",TRUE,"available",0.851510325086685,0.851510325086685,0.851510325086685,0.953090182378028,0.960715258967934,FALSE,0.0782042745209421,,"log2 relative-abundance coefficient tested against the feature-median compositional null",,
"crc_baxter","Gemella","MaAsLin3 abundance","MaAsLin3","abundance","H","CRC","age_z + sex + log_library_size_z + group",TRUE,"available",0.000101947322014961,0.000101947322014961,0.000101947322014961,0.0128453625738851,0.00211540693181045,TRUE,1.43895273824817,,"log2 relative-abundance coefficient tested against the feature-median compositional null",,
"crc_baxter","Gemmiger","MaAsLin3 abundance","MaAsLin3","abundance","H","CRC","age_z + sex + log_library_size_z + group",TRUE,"available",0.0136653510490721,0.0136653510490721,0.0136653510490721,0.254778321986007,0.11835382299892,FALSE,-0.974181067256939,,"log2 relative-abundance coefficient tested against the feature-median compositional null",,
"crc_baxter","Gordonibacter","MaAsLin3 abundance","MaAsLin3","abundance","H","CRC","age_z + sex + log_library_size_z + group",TRUE,"available",0.594216144174657,0.594216144174657,0.594216144174657,0.841249822089964,0.826591172622847,FALSE,-0.27788503217405,,"log2 relative-abundance coefficient tested against the feature-median compositional null",,
"crc_baxter","Granulicatella","MaAsLin3 abundance","MaAsLin3","abundance","H","CRC","age_z + sex + log_library_size_z + group",TRUE,"available",0.306009969558332,0.306009969558332,0.306009969558332,0.698363113870482,0.665471462183621,FALSE,0.218465280216139,,"log2 relative-abundance coefficient tested against the feature-median compositional null",,
"crc_baxter","Haemophilus","MaAsLin3 abundance","MaAsLin3","abundance","H","CRC","age_z + sex + log_library_size_z + group",TRUE,"available",0.00807723056314558,0.00807723056314558,0.00807723056314558,0.229306104814604,0.0808008499779458,FALSE,-1.41920746275253,,"log2 relative-abundance coefficient tested against the feature-median compositional null",,
"crc_baxter","Hespellia","MaAsLin3 abundance","MaAsLin3","abundance","H","CRC","age_z + sex + log_library_size_z + group",TRUE,"available",0.471726185792141,0.471726185792141,0.471726185792141,0.775348460996739,0.774035059388751,FALSE,0.0749684246793503,,"log2 relative-abundance coefficient tested against the feature-median compositional null",,
"crc_baxter","Holdemania","MaAsLin3 abundance","MaAsLin3","abundance","H","CRC","age_z + sex + log_library_size_z + group",TRUE,"available",0.421342471459427,0.421342471459427,0.421342471459427,0.775348460996739,0.73850029615815,FALSE,-0.364518994636577,,"log2 relative-abundance coefficient tested against the feature-median compositional null",,
"crc_baxter","Howardella","MaAsLin3 abundance","MaAsLin3","abundance","H","CRC","age_z + sex + log_library_size_z + group",TRUE,"available",0.296790719890193,0.296790719890193,0.296790719890193,0.698363113870482,0.658359815168446,FALSE,-0.617432172718419,,"log2 relative-abundance coefficient tested against the feature-median compositional null",,
"crc_baxter","Lachnobacterium","MaAsLin3 abundance","MaAsLin3","abundance","H","CRC","age_z + sex + log_library_size_z + group",TRUE,"available",0.21670311467001,0.21670311467001,0.21670311467001,0.580948775498324,0.593351235570391,FALSE,-0.824404562530562,,"log2 relative-abundance coefficient tested against the feature-median compositional null",,
"crc_baxter","Lachnospiracea_incertae_sedis","MaAsLin3 abundance","MaAsLin3","abundance","H","CRC","age_z + sex + log_library_size_z + group",TRUE,"available",0.708048581579028,0.708048581579028,0.708048581579028,0.90115274019149,0.88497688243763,FALSE,-0.181893590971833,,"log2 relative-abundance coefficient tested against the feature-median compositional null",,
"crc_baxter","Lactobacillus","MaAsLin3 abundance","MaAsLin3","abundance","H","CRC","age_z + sex + log_library_size_z + group",TRUE,"available",0.121294376520442,0.121294376520442,0.121294376520442,0.50524153628493,0.468252709357987,FALSE,0.659754373486595,,"log2 relative-abundance coefficient tested against the feature-median compositional null",,
"crc_baxter","Lactococcus","MaAsLin3 abundance","MaAsLin3","abundance","H","CRC","age_z + sex + log_library_size_z + group",TRUE,"available",1,1,1,1,1,FALSE,-0.112138927678773,,"log2 relative-abundance coefficient tested against the feature-median compositional null",,
"crc_baxter","Lactonifactor","MaAsLin3 abundance","MaAsLin3","abundance","H","CRC","age_z + sex + log_library_size_z + group",TRUE,"available",0.851669983018013,0.851669983018013,0.851669983018013,0.953090182378028,0.960715258967934,FALSE,-0.17612960547237,,"log2 relative-abundance coefficient tested against the feature-median compositional null",,
"crc_baxter","Megasphaera","MaAsLin3 abundance","MaAsLin3","abundance","H","CRC","age_z + sex + log_library_size_z + group",TRUE,"available",0.127605909249875,0.127605909249875,0.127605909249875,0.50524153628493,0.475872653259041,FALSE,-1.82342038096263,,"log2 relative-abundance coefficient tested against the feature-median compositional null",,
"crc_baxter","Methanobrevibacter","MaAsLin3 abundance","MaAsLin3","abundance","H","CRC","age_z + sex + log_library_size_z + group",TRUE,"available",0.0825001972112256,0.0825001972112256,0.0825001972112256,0.433126035358934,0.379271053155038,FALSE,0.975529481108013,,"log2 relative-abundance coefficient tested against the feature-median compositional null",,
"crc_baxter","Methylobacterium","MaAsLin3 abundance","MaAsLin3","abundance","H","CRC","age_z + sex + log_library_size_z + group",TRUE,"available",0.361200989693282,0.361200989693282,0.361200989693282,0.707183822018764,0.695853357320134,FALSE,-0.473811392191828,,"log2 relative-abundance coefficient tested against the feature-median compositional null",,
"crc_baxter","Mogibacterium","MaAsLin3 abundance","MaAsLin3","abundance","H","CRC","age_z + sex + log_library_size_z + group",TRUE,"available",0.0678024909752168,0.0678024909752168,0.0678024909752168,0.384742770955797,0.343694229035341,FALSE,0.538615056081462,,"log2 relative-abundance coefficient tested against the feature-median compositional null",,
"crc_baxter","Odoribacter","MaAsLin3 abundance","MaAsLin3","abundance","H","CRC","age_z + sex + log_library_size_z + group",TRUE,"available",0.743269000993046,0.743269000993046,0.743269000993046,0.927246476486374,0.900603315071866,FALSE,-0.235148399198474,,"log2 relative-abundance coefficient tested against the feature-median compositional null",,
"crc_baxter","Oscillibacter","MaAsLin3 abundance","MaAsLin3","abundance","H","CRC","age_z + sex + log_library_size_z + group",TRUE,"available",0.98703378395926,0.98703378395926,0.98703378395926,0.999699571534889,0.999070781324617,FALSE,-0.117267223814735,,"log2 relative-abundance coefficient tested against the feature-median compositional null",,
"crc_baxter","Oxalobacter","MaAsLin3 abundance","MaAsLin3","abundance","H","CRC","age_z + sex + log_library_size_z + group",TRUE,"available",0.144354724652837,0.144354724652837,0.144354724652837,0.50524153628493,0.50096622214016,FALSE,-0.672494068883928,,"log2 relative-abundance coefficient tested against the feature-median compositional null",,
"crc_baxter","Parabacteroides","MaAsLin3 abundance","MaAsLin3","abundance","H","CRC","age_z + sex + log_library_size_z + group",TRUE,"available",0.551924550406208,0.551924550406208,0.551924550406208,0.808633643618398,0.803679608486233,FALSE,-0.329442550657626,,"log2 relative-abundance coefficient tested against the feature-median compositional null",,
"crc_baxter","Paraprevotella","MaAsLin3 abundance","MaAsLin3","abundance","H","CRC","age_z + sex + log_library_size_z + group",TRUE,"available",0.31092743916934,0.31092743916934,0.31092743916934,0.698363113870482,0.669692484333948,FALSE,-0.930911079744218,,"log2 relative-abundance coefficient tested against the feature-median compositional null",,
"crc_baxter","Parasutterella","MaAsLin3 abundance","MaAsLin3","abundance","H","CRC","age_z + sex + log_library_size_z + group",TRUE,"available",0.324093060265815,0.324093060265815,0.324093060265815,0.698363113870482,0.671657013493598,FALSE,-0.599174181556502,,"log2 relative-abundance coefficient tested against the feature-median compositional null",,
"crc_baxter","Parvimonas","MaAsLin3 abundance","MaAsLin3","abundance","H","CRC","age_z + sex + log_library_size_z + group",TRUE,"available",0.0248103475159489,0.0248103475159489,0.0248103475159489,0.312610378700956,0.177863162613332,FALSE,2.07206474163597,,"log2 relative-abundance coefficient tested against the feature-median compositional null",,
"crc_baxter","Peptococcus","MaAsLin3 abundance","MaAsLin3","abundance","H","CRC","age_z + sex + log_library_size_z + group",TRUE,"available",0.887162192842288,0.887162192842288,0.887162192842288,0.980547686825687,0.974215594345004,FALSE,0.141479339311998,,"log2 relative-abundance coefficient tested against the feature-median compositional null",,
"crc_baxter","Peptoniphilus","MaAsLin3 abundance","MaAsLin3","abundance","H","CRC","age_z + sex + log_library_size_z + group",TRUE,"available",0.0289364121129282,0.0289364121129282,0.0289364121129282,0.321021146303476,0.201543122129206,FALSE,3.22029669988669,,"log2 relative-abundance coefficient tested against the feature-median compositional null",,
"crc_baxter","Peptostreptococcus","MaAsLin3 abundance","MaAsLin3","abundance","H","CRC","age_z + sex + log_library_size_z + group",TRUE,"available",0.0444705628810531,0.0444705628810531,0.0444705628810531,0.329605348412511,0.276483666710339,FALSE,1.93317727566521,,"log2 relative-abundance coefficient tested against the feature-median compositional null",,
"crc_baxter","Phascolarctobacterium","MaAsLin3 abundance","MaAsLin3","abundance","H","CRC","age_z + sex + log_library_size_z + group",TRUE,"available",0.961156214795336,0.961156214795336,0.961156214795336,0.999699571534889,0.993227212170322,FALSE,-0.133394739063093,,"log2 relative-abundance coefficient tested against the feature-median compositional null",,
"crc_baxter","Porphyromonas","MaAsLin3 abundance","MaAsLin3","abundance","H","CRC","age_z + sex + log_library_size_z + group",TRUE,"available",0.00024429388652436,0.00024429388652436,0.00024429388652436,0.0153905148510347,0.00450586501811598,TRUE,3.75068309732967,,"log2 relative-abundance coefficient tested against the feature-median compositional null",,
"crc_baxter","Prevotella","MaAsLin3 abundance","MaAsLin3","abundance","H","CRC","age_z + sex + log_library_size_z + group",TRUE,"available",0.0622863826284439,0.0622863826284439,0.0622863826284439,0.378545619330481,0.327951800935464,FALSE,1.19696530761519,,"log2 relative-abundance coefficient tested against the feature-median compositional null",,
"crc_baxter","Pseudoflavonifractor","MaAsLin3 abundance","MaAsLin3","abundance","H","CRC","age_z + sex + log_library_size_z + group",TRUE,"available",0.481928844041844,0.481928844041844,0.481928844041844,0.775348460996739,0.776049806513761,FALSE,0.109604777248053,,"log2 relative-abundance coefficient tested against the feature-median compositional null",,
"crc_baxter","Pseudomonas","MaAsLin3 abundance","MaAsLin3","abundance","H","CRC","age_z + sex + log_library_size_z + group",TRUE,"available",0.314306112749775,0.314306112749775,0.314306112749775,0.698363113870482,0.670340231903161,FALSE,-0.410292851328632,,"log2 relative-abundance coefficient tested against the feature-median compositional null",,
"crc_baxter","Roseburia","MaAsLin3 abundance","MaAsLin3","abundance","H","CRC","age_z + sex + log_library_size_z + group",TRUE,"available",0.822553061413067,0.822553061413067,0.822553061413067,0.94219714307315,0.946563853344636,FALSE,-0.0550457268735191,,"log2 relative-abundance coefficient tested against the feature-median compositional null",,
"crc_baxter","Rothia","MaAsLin3 abundance","MaAsLin3","abundance","H","CRC","age_z + sex + log_library_size_z + group",TRUE,"available",0.930782663635231,0.930782663635231,0.930782663635231,0.999699571534889,0.988336389105213,FALSE,-0.0840702936109275,,"log2 relative-abundance coefficient tested against the feature-median compositional null",,
"crc_baxter","Ruminococcus","MaAsLin3 abundance","MaAsLin3","abundance","H","CRC","age_z + sex + log_library_size_z + group",TRUE,"available",0.193363775026853,0.193363775026853,0.193363775026853,0.541418570075187,0.569747008030773,FALSE,-0.605287027121111,,"log2 relative-abundance coefficient tested against the feature-median compositional null",,
"crc_baxter","Ruminococcus2","MaAsLin3 abundance","MaAsLin3","abundance","H","CRC","age_z + sex + log_library_size_z + group",TRUE,"available",0.0223002790196667,0.0223002790196667,0.0223002790196667,0.312203906275334,0.166402957205116,FALSE,0.472972324753024,,"log2 relative-abundance coefficient tested against the feature-median compositional null",,
"crc_baxter","Slackia","MaAsLin3 abundance","MaAsLin3","abundance","H","CRC","age_z + sex + log_library_size_z + group",TRUE,"available",0.61860809282042,0.61860809282042,0.61860809282042,0.856534282366736,0.844018712944025,FALSE,0.168320938948398,,"log2 relative-abundance coefficient tested against the feature-median compositional null",,
"crc_baxter","Solobacterium","MaAsLin3 abundance","MaAsLin3","abundance","H","CRC","age_z + sex + log_library_size_z + group",TRUE,"available",0.0431806704709154,0.0431806704709154,0.0431806704709154,0.329605348412511,0.270490237666867,FALSE,1.21560467027995,,"log2 relative-abundance coefficient tested against the feature-median compositional null",,
"crc_baxter","Sporobacter","MaAsLin3 abundance","MaAsLin3","abundance","H","CRC","age_z + sex + log_library_size_z + group",TRUE,"available",0.481307278536685,0.481307278536685,0.481307278536685,0.775348460996739,0.776049806513761,FALSE,-0.338726682291155,,"log2 relative-abundance coefficient tested against the feature-median compositional null",,
"crc_baxter","Staphylococcus","MaAsLin3 abundance","MaAsLin3","abundance","H","CRC","age_z + sex + log_library_size_z + group",TRUE,"available",0.854755481021565,0.854755481021565,0.854755481021565,0.953090182378028,0.960715258967934,FALSE,-0.0273787128224129,,"log2 relative-abundance coefficient tested against the feature-median compositional null",,
"crc_baxter","Streptococcus","MaAsLin3 abundance","MaAsLin3","abundance","H","CRC","age_z + sex + log_library_size_z + group",TRUE,"available",0.74101267414302,0.74101267414302,0.74101267414302,0.927246476486374,0.898963000543786,FALSE,-0.00309159792067884,,"log2 relative-abundance coefficient tested against the feature-median compositional null",,
"crc_baxter","Streptophyta","MaAsLin3 abundance","MaAsLin3","abundance","H","CRC","age_z + sex + log_library_size_z + group",TRUE,"available",0.582888927419814,0.582888927419814,0.582888927419814,0.834590964260188,0.821891745624158,FALSE,-0.531099439867882,,"log2 relative-abundance coefficient tested against the feature-median compositional null",,
"crc_baxter","Subdoligranulum","MaAsLin3 abundance","MaAsLin3","abundance","H","CRC","age_z + sex + log_library_size_z + group",TRUE,"available",0.259142996273793,0.259142996273793,0.259142996273793,0.66636770470404,0.63416811864545,FALSE,-0.375459521462952,,"log2 relative-abundance coefficient tested against the feature-median compositional null",,
"crc_baxter","Succiniclasticum","MaAsLin3 abundance","MaAsLin3","abundance","H","CRC","age_z + sex + log_library_size_z + group",TRUE,"available",0.060266145024097,0.060266145024097,0.060266145024097,0.378545619330481,0.322715486258068,FALSE,3.63220353164677,,"log2 relative-abundance coefficient tested against the feature-median compositional null",,
"crc_baxter","Succinivibrio","MaAsLin3 abundance","MaAsLin3","abundance","H","CRC","age_z + sex + log_library_size_z + group",TRUE,"available",0.918556634055098,0.918556634055098,0.918556634055098,0.999699571534889,0.985783327673241,FALSE,-0.363307778865425,,"log2 relative-abundance coefficient tested against the feature-median compositional null",,
"crc_baxter","Sutterella","MaAsLin3 abundance","MaAsLin3","abundance","H","CRC","age_z + sex + log_library_size_z + group",TRUE,"available",0.274282788564061,0.274282788564061,0.274282788564061,0.677639830570033,0.643133656159751,FALSE,-0.894043228738611,,"log2 relative-abundance coefficient tested against the feature-median compositional null",,
"crc_baxter","Turicibacter","MaAsLin3 abundance","MaAsLin3","abundance","H","CRC","age_z + sex + log_library_size_z + group",TRUE,"available",0.497112119983872,0.497112119983872,0.497112119983872,0.775348460996739,0.778083077011746,FALSE,-0.369545287832803,,"log2 relative-abundance coefficient tested against the feature-median compositional null",,
"crc_baxter","Unclassified_Acidaminococcaceae","MaAsLin3 abundance","MaAsLin3","abundance","H","CRC","age_z + sex + log_library_size_z + group",TRUE,"available",0.755657116047234,0.755657116047234,0.755657116047234,0.933458790411289,0.90788237344155,FALSE,-0.506298516586591,,"log2 relative-abundance coefficient tested against the feature-median compositional null",,
"crc_baxter","Unclassified_Actinomycetaceae","MaAsLin3 abundance","MaAsLin3","abundance","H","CRC","age_z + sex + log_library_size_z + group",TRUE,"available",0.97798309363328,0.97798309363328,0.97798309363328,0.999699571534889,0.994965435402193,FALSE,-0.131062787094021,,"log2 relative-abundance coefficient tested against the feature-median compositional null",,
"crc_baxter","Unclassified_Bacteria","MaAsLin3 abundance","MaAsLin3","abundance","H","CRC","age_z + sex + log_library_size_z + group",TRUE,"available",0.201963373371578,0.201963373371578,0.201963373371578,0.553204022713454,0.586827146187387,FALSE,-0.566722635850767,,"log2 relative-abundance coefficient tested against the feature-median compositional null",,
"crc_baxter","Unclassified_Bacteroidetes","MaAsLin3 abundance","MaAsLin3","abundance","H","CRC","age_z + sex + log_library_size_z + group",TRUE,"available",0.0318900060502518,0.0318900060502518,0.0318900060502518,0.321021146303476,0.21755100017843,FALSE,2.90115169504092,,"log2 relative-abundance coefficient tested against the feature-median compositional null",,
"crc_baxter","Unclassified_Burkholderiales","MaAsLin3 abundance","MaAsLin3","abundance","H","CRC","age_z + sex + log_library_size_z + group",TRUE,"available",0.790695027998431,0.790695027998431,0.790695027998431,0.94219714307315,0.924693080516186,FALSE,0.190965462450157,,"log2 relative-abundance coefficient tested against the feature-median compositional null",,
"crc_baxter","Unclassified_Clostridia","MaAsLin3 abundance","MaAsLin3","abundance","H","CRC","age_z + sex + log_library_size_z + group",TRUE,"available",0.803332490856153,0.803332490856153,0.803332490856153,0.94219714307315,0.935811884085062,FALSE,-0.207542434336189,,"log2 relative-abundance coefficient tested against the feature-median compositional null",,
"crc_baxter","Unclassified_Clostridiaceae_2","MaAsLin3 abundance","MaAsLin3","abundance","H","CRC","age_z + sex + log_library_size_z + group",TRUE,"available",0.480755619549621,0.480755619549621,0.480755619549621,0.775348460996739,0.776049806513761,FALSE,-0.55775094383608,,"log2 relative-abundance coefficient tested against the feature-median compositional null",,
"crc_baxter","Unclassified_Clostridiales","MaAsLin3 abundance","MaAsLin3","abundance","H","CRC","age_z + sex + log_library_size_z + group",TRUE,"available",0.343446400127242,0.343446400127242,0.343446400127242,0.698363113870482,0.688274878323406,FALSE,-0.407682508348065,,"log2 relative-abundance coefficient tested against the feature-median compositional null",,
"crc_baxter","Unclassified_Clostridiales_Incertae_Sedis_XIII","MaAsLin3 abundance","MaAsLin3","abundance","H","CRC","age_z + sex + log_library_size_z + group",TRUE,"available",0.656757089004563,0.656757089004563,0.656757089004563,0.873489538406311,0.861831436954604,FALSE,-0.00869006482192985,,"log2 relative-abundance coefficient tested against the feature-median compositional null",,
"crc_baxter","Unclassified_Coriobacteriaceae","MaAsLin3 abundance","MaAsLin3","abundance","H","CRC","age_z + sex + log_library_size_z + group",TRUE,"available",0.952265210713238,0.952265210713238,0.952265210713238,0.999699571534889,0.991757512342955,FALSE,-0.129641021067334,,"log2 relative-abundance coefficient tested against the feature-median compositional null",,
"crc_baxter","Unclassified_Desulfovibrionaceae","MaAsLin3 abundance","MaAsLin3","abundance","H","CRC","age_z + sex + log_library_size_z + group",TRUE,"available",0.389310677142269,0.389310677142269,0.389310677142269,0.738506109027447,0.719394126964193,FALSE,-2.07095088678871,,"log2 relative-abundance coefficient tested against the feature-median compositional null",,
"crc_baxter","Unclassified_Desulfovibrionales","MaAsLin3 abundance","MaAsLin3","abundance","H","CRC","age_z + sex + log_library_size_z + group",TRUE,"available",0.658583382131743,0.658583382131743,0.658583382131743,0.873489538406311,0.862716194386459,FALSE,0.183271663973632,,"log2 relative-abundance coefficient tested against the feature-median compositional null",,
"crc_baxter","Unclassified_Enterobacteriaceae","MaAsLin3 abundance","MaAsLin3","abundance","H","CRC","age_z + sex + log_library_size_z + group",TRUE,"available",0.192803310389084,0.192803310389084,0.192803310389084,0.541418570075187,0.569747008030773,FALSE,0.540987590501165,,"log2 relative-abundance coefficient tested against the feature-median compositional null",,
"crc_baxter","Unclassified_Erysipelotrichaceae","MaAsLin3 abundance","MaAsLin3","abundance","H","CRC","age_z + sex + log_library_size_z + group",TRUE,"available",0.696787876791052,0.696787876791052,0.696787876791052,0.90115274019149,0.881884212365292,FALSE,0.146786163537081,,"log2 relative-abundance coefficient tested against the feature-median compositional null",,
"crc_baxter","Unclassified_Firmicutes","MaAsLin3 abundance","MaAsLin3","abundance","H","CRC","age_z + sex + log_library_size_z + group",TRUE,"available",0.444179439271059,0.444179439271059,0.444179439271059,0.775348460996739,0.751108185932046,FALSE,-0.430896818759444,,"log2 relative-abundance coefficient tested against the feature-median compositional null",,
"crc_baxter","Unclassified_Lachnospiraceae","MaAsLin3 abundance","MaAsLin3","abundance","H","CRC","age_z + sex + log_library_size_z + group",TRUE,"available",0.180003003049105,0.180003003049105,0.180003003049105,0.541418570075187,0.562015645883727,FALSE,-0.365593554297118,,"log2 relative-abundance coefficient tested against the feature-median compositional null",,
"crc_baxter","Unclassified_Peptostreptococcaceae","MaAsLin3 abundance","MaAsLin3","abundance","H","CRC","age_z + sex + log_library_size_z + group",TRUE,"available",0.516425616125515,0.516425616125515,0.516425616125515,0.775348460996739,0.778922528096999,FALSE,-0.394019300538786,,"log2 relative-abundance coefficient tested against the feature-median compositional null",,
"crc_baxter","Unclassified_Porphyromonadaceae","MaAsLin3 abundance","MaAsLin3","abundance","H","CRC","age_z + sex + log_library_size_z + group",TRUE,"available",0.0486148073652273,0.0486148073652273,0.0486148073652273,0.340303651556591,0.288575625853377,FALSE,0.662364900862616,,"log2 relative-abundance coefficient tested against the feature-median compositional null",,
"crc_baxter","Unclassified_Proteobacteria","MaAsLin3 abundance","MaAsLin3","abundance","H","CRC","age_z + sex + log_library_size_z + group",TRUE,"available",0.310026361480529,0.310026361480529,0.310026361480529,0.698363113870482,0.669692484333948,FALSE,-0.884638883620324,,"log2 relative-abundance coefficient tested against the feature-median compositional null",,
"crc_baxter","Unclassified_Rhodospirillaceae","MaAsLin3 abundance","MaAsLin3","abundance","H","CRC","age_z + sex + log_library_size_z + group",TRUE,"available",0.506383771623498,0.506383771623498,0.506383771623498,0.775348460996739,0.778922528096999,FALSE,0.404976219429398,,"log2 relative-abundance coefficient tested against the feature-median compositional null",,
"crc_baxter","Unclassified_Rikenellaceae","MaAsLin3 abundance","MaAsLin3","abundance","H","CRC","age_z + sex + log_library_size_z + group",TRUE,"available",0.652026959756367,0.652026959756367,0.652026959756367,0.873489538406311,0.86159002507018,FALSE,0.181293366099886,,"log2 relative-abundance coefficient tested against the feature-median compositional null",,
"crc_baxter","Unclassified_Ruminococcaceae","MaAsLin3 abundance","MaAsLin3","abundance","H","CRC","age_z + sex + log_library_size_z + group",TRUE,"available",0.801528392134983,0.801528392134983,0.801528392134983,0.94219714307315,0.934803604878739,FALSE,-0.044935331962398,,"log2 relative-abundance coefficient tested against the feature-median compositional null",,
"crc_baxter","Unclassified_Sutterellaceae","MaAsLin3 abundance","MaAsLin3","abundance","H","CRC","age_z + sex + log_library_size_z + group",TRUE,"available",0.806019057868593,0.806019057868593,0.806019057868593,0.94219714307315,0.935970688064253,FALSE,0.175535815149206,,"log2 relative-abundance coefficient tested against the feature-median compositional null",,
"crc_baxter","Unclassified_Veillonellaceae","MaAsLin3 abundance","MaAsLin3","abundance","H","CRC","age_z + sex + log_library_size_z + group",TRUE,"available",0.189645939842252,0.189645939842252,0.189645939842252,0.541418570075187,0.565088657409566,FALSE,0.638108969999749,,"log2 relative-abundance coefficient tested against the feature-median compositional null",,
"crc_baxter","Vampirovibrio","MaAsLin3 abundance","MaAsLin3","abundance","H","CRC","age_z + sex + log_library_size_z + group",TRUE,"available",0.158616341156958,0.158616341156958,0.158616341156958,0.512452794507096,0.524856730207078,FALSE,1.02430275006024,,"log2 relative-abundance coefficient tested against the feature-median compositional null",,
"crc_baxter","Veillonella","MaAsLin3 abundance","MaAsLin3","abundance","H","CRC","age_z + sex + log_library_size_z + group",TRUE,"available",0.336723533183181,0.336723533183181,0.336723533183181,0.698363113870482,0.680277158317338,FALSE,-0.464078290836703,,"log2 relative-abundance coefficient tested against the feature-median compositional null",,
"crc_baxter","Weissella","MaAsLin3 abundance","MaAsLin3","abundance","H","CRC","age_z + sex + log_library_size_z + group",TRUE,"available",0.432423736426264,0.432423736426264,0.432423736426264,0.775348460996739,0.745367818071004,FALSE,0.899131941536095,,"log2 relative-abundance coefficient tested against the feature-median compositional null",,
"crc_baxter","Acetanaerobacterium","MaAsLin3 combined","MaAsLin3","combined","H","CRC","age_z + sex + log_library_size_z + group",TRUE,"available",0.179228133402788,0.179228133402788,0.179228133402788,0.472507883003901,0.441405908778381,FALSE,,,"MaAsLin3 Beta(1,2) calibrated joint test","both",
"crc_baxter","Acetitomaculum","MaAsLin3 combined","MaAsLin3","combined","H","CRC","age_z + sex + log_library_size_z + group",TRUE,"available",0.0339006633941075,0.0339006633941075,0.0339006633941075,0.194158344893525,0.156175642434484,FALSE,,,"MaAsLin3 Beta(1,2) calibrated joint test","both",
"crc_baxter","Acidaminococcus","MaAsLin3 combined","MaAsLin3","combined","H","CRC","age_z + sex + log_library_size_z + group",TRUE,"available",0.516898973997826,0.516898973997826,0.516898973997826,0.733205849062052,0.699715105703173,FALSE,,,"MaAsLin3 Beta(1,2) calibrated joint test","both",
"crc_baxter","Actinomyces","MaAsLin3 combined","MaAsLin3","combined","H","CRC","age_z + sex + log_library_size_z + group",TRUE,"available",0.512108720699213,0.512108720699213,0.512108720699213,0.733205849062052,0.697176215551603,FALSE,,,"MaAsLin3 Beta(1,2) calibrated joint test","both",
"crc_baxter","Akkermansia","MaAsLin3 combined","MaAsLin3","combined","H","CRC","age_z + sex + log_library_size_z + group",TRUE,"available",0.596542621352289,0.596542621352289,0.596542621352289,0.787449316124036,0.750292233740472,FALSE,,,"MaAsLin3 Beta(1,2) calibrated joint test","both",
"crc_baxter","Alistipes","MaAsLin3 combined","MaAsLin3","combined","H","CRC","age_z + sex + log_library_size_z + group",TRUE,"available",0.495931605332504,0.495931605332504,0.495931605332504,0.733205849062052,0.691317683321877,FALSE,,,"MaAsLin3 Beta(1,2) calibrated joint test","both",
"crc_baxter","Allisonella","MaAsLin3 combined","MaAsLin3","combined","H","CRC","age_z + sex + log_library_size_z + group",TRUE,"available",0.708267490770724,0.708267490770724,0.708267490770724,0.901431351890012,0.832870104887795,FALSE,,,"MaAsLin3 Beta(1,2) calibrated joint test","both",
"crc_baxter","Anaerococcus","MaAsLin3 combined","MaAsLin3","combined","H","CRC","age_z + sex + log_library_size_z + group",TRUE,"available",0.00117170806251217,0.00117170806251217,0.00117170806251217,0.0246058693127555,0.0100886050128166,TRUE,,,"MaAsLin3 Beta(1,2) calibrated joint test","both",
"crc_baxter","Anaerofilum","MaAsLin3 combined","MaAsLin3","combined","H","CRC","age_z + sex + log_library_size_z + group",TRUE,"available",0.239617793358651,0.239617793358651,0.239617793358651,0.548903276031417,0.501093537871806,FALSE,,,"MaAsLin3 Beta(1,2) calibrated joint test","both",
"crc_baxter","Anaerofustis","MaAsLin3 combined","MaAsLin3","combined","H","CRC","age_z + sex + log_library_size_z + group",TRUE,"available",0.142960687572938,0.142960687572938,0.142960687572938,0.401084976640573,0.380985729494037,FALSE,,,"MaAsLin3 Beta(1,2) calibrated joint test","both",
"crc_baxter","Anaerorhabdus","MaAsLin3 combined","MaAsLin3","combined","H","CRC","age_z + sex + log_library_size_z + group",TRUE,"available",0.967813147702531,0.967813147702531,0.967813147702531,1,0.983298158065771,FALSE,,,"MaAsLin3 Beta(1,2) calibrated joint test","both",
"crc_baxter","Anaerosporobacter","MaAsLin3 combined","MaAsLin3","combined","H","CRC","age_z + sex + log_library_size_z + group",TRUE,"available",0.134291479242858,0.134291479242858,0.134291479242858,0.397132302983416,0.374507913539265,FALSE,,,"MaAsLin3 Beta(1,2) calibrated joint test","both",
"crc_baxter","Anaerostipes","MaAsLin3 combined","MaAsLin3","combined","H","CRC","age_z + sex + log_library_size_z + group",TRUE,"available",0.0807337808013466,0.0807337808013466,0.0807337808013466,0.335323382213369,0.290870642887121,FALSE,,,"MaAsLin3 Beta(1,2) calibrated joint test","both",
"crc_baxter","Anaerotruncus","MaAsLin3 combined","MaAsLin3","combined","H","CRC","age_z + sex + log_library_size_z + group",TRUE,"available",0.135529278002277,0.135529278002277,0.135529278002277,0.397132302983416,0.374507913539265,FALSE,,,"MaAsLin3 Beta(1,2) calibrated joint test","both",
"crc_baxter","Atopobium","MaAsLin3 combined","MaAsLin3","combined","H","CRC","age_z + sex + log_library_size_z + group",TRUE,"available",0.0917945002076097,0.0917945002076097,0.0917945002076097,0.361440844567463,0.310952754690795,FALSE,,,"MaAsLin3 Beta(1,2) calibrated joint test","both",
"crc_baxter","Bacteroides","MaAsLin3 combined","MaAsLin3","combined","H","CRC","age_z + sex + log_library_size_z + group",FALSE,"both component models and a consistent joint p-value were required",0.157730503395701,0.157730503395701,1,1,0.408811712882735,FALSE,,,"MaAsLin3 Beta(1,2) calibrated joint test","not both",
"crc_baxter","Barnesiella","MaAsLin3 combined","MaAsLin3","combined","H","CRC","age_z + sex + log_library_size_z + group",TRUE,"available",0.0730062054000463,0.0730062054000463,0.0730062054000463,0.328527924300208,0.268722119163974,FALSE,,,"MaAsLin3 Beta(1,2) calibrated joint test","both",
"crc_baxter","Bifidobacterium","MaAsLin3 combined","MaAsLin3","combined","H","CRC","age_z + sex + log_library_size_z + group",TRUE,"available",0.0999592995393673,0.0999592995393673,0.0999592995393673,0.370437404175302,0.325508488243581,FALSE,,,"MaAsLin3 Beta(1,2) calibrated joint test","both",
"crc_baxter","Bilophila","MaAsLin3 combined","MaAsLin3","combined","H","CRC","age_z + sex + log_library_size_z + group",TRUE,"available",0.0141543512214448,0.0141543512214448,0.0141543512214448,0.137188327223234,0.0764937278775954,FALSE,,,"MaAsLin3 Beta(1,2) calibrated joint test","both",
"crc_baxter","Blautia","MaAsLin3 combined","MaAsLin3","combined","H","CRC","age_z + sex + log_library_size_z + group",FALSE,"both component models and a consistent joint p-value were required",0.392697692895547,0.392697692895547,1,1,0.625361843231781,FALSE,,,"MaAsLin3 Beta(1,2) calibrated joint test","not both",
"crc_baxter","Butyricicoccus","MaAsLin3 combined","MaAsLin3","combined","H","CRC","age_z + sex + log_library_size_z + group",TRUE,"available",0.326197541039387,0.326197541039387,0.326197541039387,0.626943673121993,0.580244699203341,FALSE,,,"MaAsLin3 Beta(1,2) calibrated joint test","both",
"crc_baxter","Butyricimonas","MaAsLin3 combined","MaAsLin3","combined","H","CRC","age_z + sex + log_library_size_z + group",TRUE,"available",0.437795363712884,0.437795363712884,0.437795363712884,0.681015010220041,0.650292528555979,FALSE,,,"MaAsLin3 Beta(1,2) calibrated joint test","both",
"crc_baxter","Catenibacterium","MaAsLin3 combined","MaAsLin3","combined","H","CRC","age_z + sex + log_library_size_z + group",TRUE,"available",0.312186150814854,0.312186150814854,0.312186150814854,0.624372301629708,0.570469656884697,FALSE,,,"MaAsLin3 Beta(1,2) calibrated joint test","both",
"crc_baxter","Citrobacter","MaAsLin3 combined","MaAsLin3","combined","H","CRC","age_z + sex + log_library_size_z + group",TRUE,"available",0.14324463451449,0.14324463451449,0.14324463451449,0.401084976640573,0.380985729494037,FALSE,,,"MaAsLin3 Beta(1,2) calibrated joint test","both",
"crc_baxter","Cloacibacillus","MaAsLin3 combined","MaAsLin3","combined","H","CRC","age_z + sex + log_library_size_z + group",TRUE,"available",0.240954834349372,0.240954834349372,0.240954834349372,0.548903276031417,0.501660064956889,FALSE,,,"MaAsLin3 Beta(1,2) calibrated joint test","both",
"crc_baxter","Clostridium_III","MaAsLin3 combined","MaAsLin3","combined","H","CRC","age_z + sex + log_library_size_z + group",TRUE,"available",0.122201406834763,0.122201406834763,0.122201406834763,0.394804545158466,0.354830013512138,FALSE,,,"MaAsLin3 Beta(1,2) calibrated joint test","both",
"crc_baxter","Clostridium_IV","MaAsLin3 combined","MaAsLin3","combined","H","CRC","age_z + sex + log_library_size_z + group",TRUE,"available",0.517899369575577,0.517899369575577,0.517899369575577,0.733205849062052,0.699715105703173,FALSE,,,"MaAsLin3 Beta(1,2) calibrated joint test","both",
"crc_baxter","Clostridium_sensu_stricto","MaAsLin3 combined","MaAsLin3","combined","H","CRC","age_z + sex + log_library_size_z + group",TRUE,"available",0.599961383713551,0.599961383713551,0.599961383713551,0.787449316124036,0.752544155374034,FALSE,,,"MaAsLin3 Beta(1,2) calibrated joint test","both",
"crc_baxter","Clostridium_XI","MaAsLin3 combined","MaAsLin3","combined","H","CRC","age_z + sex + log_library_size_z + group",TRUE,"available",0.529797973007326,0.529797973007326,0.529797973007326,0.73356642416399,0.706397297343102,FALSE,,,"MaAsLin3 Beta(1,2) calibrated joint test","both",
"crc_baxter","Clostridium_XII","MaAsLin3 combined","MaAsLin3","combined","H","CRC","age_z + sex + log_library_size_z + group",TRUE,"available",0.389256378974774,0.389256378974774,0.389256378974774,0.671867174668788,0.621830945028884,FALSE,,,"MaAsLin3 Beta(1,2) calibrated joint test","both",
"crc_baxter","Clostridium_XlVa","MaAsLin3 combined","MaAsLin3","combined","H","CRC","age_z + sex + log_library_size_z + group",TRUE,"available",0.233749104037587,0.233749104037587,0.233749104037587,0.548903276031417,0.501031834814744,FALSE,,,"MaAsLin3 Beta(1,2) calibrated joint test","both",
"crc_baxter","Clostridium_XlVb","MaAsLin3 combined","MaAsLin3","combined","H","CRC","age_z + sex + log_library_size_z + group",TRUE,"available",0.00909944860375411,0.00909944860375411,0.00909944860375411,0.096408229331774,0.0530036585503692,FALSE,,,"MaAsLin3 Beta(1,2) calibrated joint test","both",
"crc_baxter","Clostridium_XVIII","MaAsLin3 combined","MaAsLin3","combined","H","CRC","age_z + sex + log_library_size_z + group",TRUE,"available",0.107306149335424,0.107306149335424,0.107306149335424,0.375571522673983,0.336490888039476,FALSE,,,"MaAsLin3 Beta(1,2) calibrated joint test","both",
"crc_baxter","Collinsella","MaAsLin3 combined","MaAsLin3","combined","H","CRC","age_z + sex + log_library_size_z + group",TRUE,"available",2.47420776215019e-05,2.47420776215019e-05,2.47420776215019e-05,0.00103916726010308,0.000359113583763514,TRUE,,,"MaAsLin3 Beta(1,2) calibrated joint test","both",
"crc_baxter","Coprobacillus","MaAsLin3 combined","MaAsLin3","combined","H","CRC","age_z + sex + log_library_size_z + group",TRUE,"available",0.338971740253037,0.338971740253037,0.338971740253037,0.626943673121993,0.582515524658654,FALSE,,,"MaAsLin3 Beta(1,2) calibrated joint test","both",
"crc_baxter","Coprococcus","MaAsLin3 combined","MaAsLin3","combined","H","CRC","age_z + sex + log_library_size_z + group",TRUE,"available",0.764661616323571,0.764661616323571,0.764661616323571,0.912122507633965,0.862409973154126,FALSE,,,"MaAsLin3 Beta(1,2) calibrated joint test","both",
"crc_baxter","Corynebacterium","MaAsLin3 combined","MaAsLin3","combined","H","CRC","age_z + sex + log_library_size_z + group",TRUE,"available",0.387265112494973,0.387265112494973,0.387265112494973,0.671867174668788,0.621294147326356,FALSE,,,"MaAsLin3 Beta(1,2) calibrated joint test","both",
"crc_baxter","Defluviitalea","MaAsLin3 combined","MaAsLin3","combined","H","CRC","age_z + sex + log_library_size_z + group",TRUE,"available",0.237638324947488,0.237638324947488,0.237638324947488,0.548903276031417,0.501093537871806,FALSE,,,"MaAsLin3 Beta(1,2) calibrated joint test","both",
"crc_baxter","Desulfovibrio","MaAsLin3 combined","MaAsLin3","combined","H","CRC","age_z + sex + log_library_size_z + group",TRUE,"available",0.431988335427281,0.431988335427281,0.431988335427281,0.681015010220041,0.648593523754423,FALSE,,,"MaAsLin3 Beta(1,2) calibrated joint test","both",
"crc_baxter","Dialister","MaAsLin3 combined","MaAsLin3","combined","H","CRC","age_z + sex + log_library_size_z + group",TRUE,"available",0.0762115610887089,0.0762115610887089,0.0762115610887089,0.331126093006115,0.276539093093315,FALSE,,,"MaAsLin3 Beta(1,2) calibrated joint test","both",
"crc_baxter","Dorea","MaAsLin3 combined","MaAsLin3","combined","H","CRC","age_z + sex + log_library_size_z + group",TRUE,"available",0.508228961334098,0.508228961334098,0.508228961334098,0.733205849062052,0.695546308979,FALSE,,,"MaAsLin3 Beta(1,2) calibrated joint test","both",
"crc_baxter","Eggerthella","MaAsLin3 combined","MaAsLin3","combined","H","CRC","age_z + sex + log_library_size_z + group",TRUE,"available",0.104152269998918,0.104152269998918,0.104152269998918,0.374948171996103,0.332763227417925,FALSE,,,"MaAsLin3 Beta(1,2) calibrated joint test","both",
"crc_baxter","Eggerthia","MaAsLin3 combined","MaAsLin3","combined","H","CRC","age_z + sex + log_library_size_z + group",TRUE,"available",0.00263122074941391,0.00263122074941391,0.00263122074941391,0.0473619734894504,0.0202524263742768,TRUE,,,"MaAsLin3 Beta(1,2) calibrated joint test","both",
"crc_baxter","Enterobacter","MaAsLin3 combined","MaAsLin3","combined","H","CRC","age_z + sex + log_library_size_z + group",TRUE,"available",0.134668207649688,0.134668207649688,0.134668207649688,0.397132302983416,0.374507913539265,FALSE,,,"MaAsLin3 Beta(1,2) calibrated joint test","both",
"crc_baxter","Enterococcus","MaAsLin3 combined","MaAsLin3","combined","H","CRC","age_z + sex + log_library_size_z + group",TRUE,"available",0.0651454429253578,0.0651454429253578,0.0651454429253578,0.304012066985003,0.252625076382304,FALSE,,,"MaAsLin3 Beta(1,2) calibrated joint test","both",
"crc_baxter","Enterorhabdus","MaAsLin3 combined","MaAsLin3","combined","H","CRC","age_z + sex + log_library_size_z + group",TRUE,"available",0.73279703520397,0.73279703520397,0.73279703520397,0.912122507633965,0.851855592411023,FALSE,,,"MaAsLin3 Beta(1,2) calibrated joint test","both",
"crc_baxter","Erysipelotrichaceae_incertae_sedis","MaAsLin3 combined","MaAsLin3","combined","H","CRC","age_z + sex + log_library_size_z + group",TRUE,"available",0.811364943075224,0.811364943075224,0.811364943075224,0.937908099334662,0.885167919658688,FALSE,,,"MaAsLin3 Beta(1,2) calibrated joint test","both",
"crc_baxter","Escherichia/Shigella","MaAsLin3 combined","MaAsLin3","combined","H","CRC","age_z + sex + log_library_size_z + group",TRUE,"available",0.570819564650472,0.570819564650472,0.570819564650472,0.781774621151733,0.735980555437664,FALSE,,,"MaAsLin3 Beta(1,2) calibrated joint test","both",
"crc_baxter","Eubacterium","MaAsLin3 combined","MaAsLin3","combined","H","CRC","age_z + sex + log_library_size_z + group",TRUE,"available",0.0241088056891853,0.0241088056891853,0.0241088056891853,0.178688795108079,0.121260131585209,FALSE,,,"MaAsLin3 Beta(1,2) calibrated joint test","both",
"crc_baxter","Faecalibacterium","MaAsLin3 combined","MaAsLin3","combined","H","CRC","age_z + sex + log_library_size_z + group",TRUE,"available",0.767341157215876,0.767341157215876,0.767341157215876,0.912122507633965,0.862409973154126,FALSE,,,"MaAsLin3 Beta(1,2) calibrated joint test","both",
"crc_baxter","Flavonifractor","MaAsLin3 combined","MaAsLin3","combined","H","CRC","age_z + sex + log_library_size_z + group",TRUE,"available",0.931506130617378,0.931506130617378,0.931506130617378,0.994279927862041,0.960910374599767,FALSE,,,"MaAsLin3 Beta(1,2) calibrated joint test","both",
"crc_baxter","Fusobacterium","MaAsLin3 combined","MaAsLin3","combined","H","CRC","age_z + sex + log_library_size_z + group",TRUE,"available",0.00651892607763793,0.00651892607763793,0.00651892607763793,0.091264965086931,0.0424565954800009,FALSE,,,"MaAsLin3 Beta(1,2) calibrated joint test","both",
"crc_baxter","Gemella","MaAsLin3 combined","MaAsLin3","combined","H","CRC","age_z + sex + log_library_size_z + group",TRUE,"available",0.000101947322014961,0.000101947322014961,0.000101947322014961,0.00321134064347128,0.00120440092054885,TRUE,,,"MaAsLin3 Beta(1,2) calibrated joint test","both",
"crc_baxter","Gemmiger","MaAsLin3 combined","MaAsLin3","combined","H","CRC","age_z + sex + log_library_size_z + group",TRUE,"available",0.0271439602788498,0.0271439602788498,0.0271439602788498,0.182299396311448,0.133875066229667,FALSE,,,"MaAsLin3 Beta(1,2) calibrated joint test","both",
"crc_baxter","Gordonibacter","MaAsLin3 combined","MaAsLin3","combined","H","CRC","age_z + sex + log_library_size_z + group",TRUE,"available",0.594216144174657,0.594216144174657,0.594216144174657,0.787449316124036,0.750292233740472,FALSE,,,"MaAsLin3 Beta(1,2) calibrated joint test","both",
"crc_baxter","Granulicatella","MaAsLin3 combined","MaAsLin3","combined","H","CRC","age_z + sex + log_library_size_z + group",TRUE,"available",0.0283317073543899,0.0283317073543899,0.0283317073543899,0.182299396311448,0.137071498438381,FALSE,,,"MaAsLin3 Beta(1,2) calibrated joint test","both",
"crc_baxter","Haemophilus","MaAsLin3 combined","MaAsLin3","combined","H","CRC","age_z + sex + log_library_size_z + group",TRUE,"available",0.00807723056314558,0.00807723056314558,0.00807723056314558,0.096408229331774,0.0494365436876862,FALSE,,,"MaAsLin3 Beta(1,2) calibrated joint test","both",
"crc_baxter","Hespellia","MaAsLin3 combined","MaAsLin3","combined","H","CRC","age_z + sex + log_library_size_z + group",TRUE,"available",0.422110297209325,0.422110297209325,0.422110297209325,0.681015010220041,0.647830909312196,FALSE,,,"MaAsLin3 Beta(1,2) calibrated joint test","both",
"crc_baxter","Holdemania","MaAsLin3 combined","MaAsLin3","combined","H","CRC","age_z + sex + log_library_size_z + group",TRUE,"available",0.421342471459427,0.421342471459427,0.421342471459427,0.681015010220041,0.647830909312196,FALSE,,,"MaAsLin3 Beta(1,2) calibrated joint test","both",
"crc_baxter","Howardella","MaAsLin3 combined","MaAsLin3","combined","H","CRC","age_z + sex + log_library_size_z + group",TRUE,"available",0.333682243581642,0.333682243581642,0.333682243581642,0.626943673121993,0.582515524658654,FALSE,,,"MaAsLin3 Beta(1,2) calibrated joint test","both",
"crc_baxter","Lachnobacterium","MaAsLin3 combined","MaAsLin3","combined","H","CRC","age_z + sex + log_library_size_z + group",TRUE,"available",0.00918173612683562,0.00918173612683562,0.00918173612683562,0.096408229331774,0.0530036585503692,FALSE,,,"MaAsLin3 Beta(1,2) calibrated joint test","both",
"crc_baxter","Lachnospiracea_incertae_sedis","MaAsLin3 combined","MaAsLin3","combined","H","CRC","age_z + sex + log_library_size_z + group",FALSE,"both component models and a consistent joint p-value were required",0.708048581579028,0.708048581579028,1,1,0.832870104887795,FALSE,,,"MaAsLin3 Beta(1,2) calibrated joint test","not both",
"crc_baxter","Lactobacillus","MaAsLin3 combined","MaAsLin3","combined","H","CRC","age_z + sex + log_library_size_z + group",TRUE,"available",0.121294376520442,0.121294376520442,0.121294376520442,0.394804545158466,0.354830013512138,FALSE,,,"MaAsLin3 Beta(1,2) calibrated joint test","both",
"crc_baxter","Lactococcus","MaAsLin3 combined","MaAsLin3","combined","H","CRC","age_z + sex + log_library_size_z + group",TRUE,"available",1,1,1,1,1,FALSE,,,"MaAsLin3 Beta(1,2) calibrated joint test","both",
"crc_baxter","Lactonifactor","MaAsLin3 combined","MaAsLin3","combined","H","CRC","age_z + sex + log_library_size_z + group",TRUE,"available",0.913327266378001,0.913327266378001,0.913327266378001,0.98646468086041,0.949652004723345,FALSE,,,"MaAsLin3 Beta(1,2) calibrated joint test","both",
"crc_baxter","Megasphaera","MaAsLin3 combined","MaAsLin3","combined","H","CRC","age_z + sex + log_library_size_z + group",TRUE,"available",0.238928550424262,0.238928550424262,0.238928550424262,0.548903276031417,0.501093537871806,FALSE,,,"MaAsLin3 Beta(1,2) calibrated joint test","both",
"crc_baxter","Methanobrevibacter","MaAsLin3 combined","MaAsLin3","combined","H","CRC","age_z + sex + log_library_size_z + group",TRUE,"available",0.0825001972112256,0.0825001972112256,0.0825001972112256,0.335323382213369,0.293077623659459,FALSE,,,"MaAsLin3 Beta(1,2) calibrated joint test","both",
"crc_baxter","Methylobacterium","MaAsLin3 combined","MaAsLin3","combined","H","CRC","age_z + sex + log_library_size_z + group",TRUE,"available",0.361200989693282,0.361200989693282,0.361200989693282,0.641004573258501,0.597687631153705,FALSE,,,"MaAsLin3 Beta(1,2) calibrated joint test","both",
"crc_baxter","Mogibacterium","MaAsLin3 combined","MaAsLin3","combined","H","CRC","age_z + sex + log_library_size_z + group",TRUE,"available",0.131007804167989,0.131007804167989,0.131007804167989,0.397132302983416,0.374507913539265,FALSE,,,"MaAsLin3 Beta(1,2) calibrated joint test","both",
"crc_baxter","Odoribacter","MaAsLin3 combined","MaAsLin3","combined","H","CRC","age_z + sex + log_library_size_z + group",TRUE,"available",0.743269000993046,0.743269000993046,0.743269000993046,0.912122507633965,0.855118564717741,FALSE,,,"MaAsLin3 Beta(1,2) calibrated joint test","both",
"crc_baxter","Oscillibacter","MaAsLin3 combined","MaAsLin3","combined","H","CRC","age_z + sex + log_library_size_z + group",TRUE,"available",0.867010664582377,0.867010664582377,0.867010664582377,0.975786812144704,0.927245089700732,FALSE,,,"MaAsLin3 Beta(1,2) calibrated joint test","both",
"crc_baxter","Oxalobacter","MaAsLin3 combined","MaAsLin3","combined","H","CRC","age_z + sex + log_library_size_z + group",TRUE,"available",0.114622033635233,0.114622033635233,0.114622033635233,0.390334492919981,0.340514579454375,FALSE,,,"MaAsLin3 Beta(1,2) calibrated joint test","both",
"crc_baxter","Parabacteroides","MaAsLin3 combined","MaAsLin3","combined","H","CRC","age_z + sex + log_library_size_z + group",TRUE,"available",0.799228391471321,0.799228391471321,0.799228391471321,0.937221239332178,0.882626136668329,FALSE,,,"MaAsLin3 Beta(1,2) calibrated joint test","both",
"crc_baxter","Paraprevotella","MaAsLin3 combined","MaAsLin3","combined","H","CRC","age_z + sex + log_library_size_z + group",TRUE,"available",0.525179005910276,0.525179005910276,0.525179005910276,0.73356642416399,0.703876691943905,FALSE,,,"MaAsLin3 Beta(1,2) calibrated joint test","both",
"crc_baxter","Parasutterella","MaAsLin3 combined","MaAsLin3","combined","H","CRC","age_z + sex + log_library_size_z + group",TRUE,"available",0.275108626305054,0.275108626305054,0.275108626305054,0.587520117193844,0.535431607699911,FALSE,,,"MaAsLin3 Beta(1,2) calibrated joint test","both",
"crc_baxter","Parvimonas","MaAsLin3 combined","MaAsLin3","combined","H","CRC","age_z + sex + log_library_size_z + group",TRUE,"available",1.94230294023416e-05,1.94230294023416e-05,1.94230294023416e-05,0.00103916726010308,0.000328896631212985,TRUE,,,"MaAsLin3 Beta(1,2) calibrated joint test","both",
"crc_baxter","Peptococcus","MaAsLin3 combined","MaAsLin3","combined","H","CRC","age_z + sex + log_library_size_z + group",TRUE,"available",0.887162192842288,0.887162192842288,0.887162192842288,0.975786812144704,0.933081561001827,FALSE,,,"MaAsLin3 Beta(1,2) calibrated joint test","both",
"crc_baxter","Peptoniphilus","MaAsLin3 combined","MaAsLin3","combined","H","CRC","age_z + sex + log_library_size_z + group",TRUE,"available",0.0289364121129282,0.0289364121129282,0.0289364121129282,0.182299396311448,0.138676390126109,FALSE,,,"MaAsLin3 Beta(1,2) calibrated joint test","both",
"crc_baxter","Peptostreptococcus","MaAsLin3 combined","MaAsLin3","combined","H","CRC","age_z + sex + log_library_size_z + group",TRUE,"available",3.21089906090422e-06,3.21089906090422e-06,3.21089906090422e-06,0.000404573281673931,7.09189879538844e-05,TRUE,,,"MaAsLin3 Beta(1,2) calibrated joint test","both",
"crc_baxter","Phascolarctobacterium","MaAsLin3 combined","MaAsLin3","combined","H","CRC","age_z + sex + log_library_size_z + group",TRUE,"available",0.890599074576515,0.890599074576515,0.890599074576515,0.975786812144704,0.934761012158822,FALSE,,,"MaAsLin3 Beta(1,2) calibrated joint test","both",
"crc_baxter","Porphyromonas","MaAsLin3 combined","MaAsLin3","combined","H","CRC","age_z + sex + log_library_size_z + group",TRUE,"available",0.00024429388652436,0.00024429388652436,0.00024429388652436,0.00615620594041388,0.00258544363238282,TRUE,,,"MaAsLin3 Beta(1,2) calibrated joint test","both",
"crc_baxter","Prevotella","MaAsLin3 combined","MaAsLin3","combined","H","CRC","age_z + sex + log_library_size_z + group",TRUE,"available",0.0622863826284439,0.0622863826284439,0.0622863826284439,0.301849392737843,0.245282809110461,FALSE,,,"MaAsLin3 Beta(1,2) calibrated joint test","both",
"crc_baxter","Pseudoflavonifractor","MaAsLin3 combined","MaAsLin3","combined","H","CRC","age_z + sex + log_library_size_z + group",TRUE,"available",0.303574581426635,0.303574581426635,0.303574581426635,0.624372301629708,0.560785044962657,FALSE,,,"MaAsLin3 Beta(1,2) calibrated joint test","both",
"crc_baxter","Pseudomonas","MaAsLin3 combined","MaAsLin3","combined","H","CRC","age_z + sex + log_library_size_z + group",TRUE,"available",0.476918999223261,0.476918999223261,0.476918999223261,0.723997516893144,0.680236357316513,FALSE,,,"MaAsLin3 Beta(1,2) calibrated joint test","both",
"crc_baxter","Roseburia","MaAsLin3 combined","MaAsLin3","combined","H","CRC","age_z + sex + log_library_size_z + group",TRUE,"available",0.591746224186618,0.591746224186618,0.591746224186618,0.787449316124036,0.750292233740472,FALSE,,,"MaAsLin3 Beta(1,2) calibrated joint test","both",
"crc_baxter","Rothia","MaAsLin3 combined","MaAsLin3","combined","H","CRC","age_z + sex + log_library_size_z + group",TRUE,"available",0.916002917941809,0.916002917941809,0.916002917941809,0.98646468086041,0.949652004723345,FALSE,,,"MaAsLin3 Beta(1,2) calibrated joint test","both",
"crc_baxter","Ruminococcus","MaAsLin3 combined","MaAsLin3","combined","H","CRC","age_z + sex + log_library_size_z + group",TRUE,"available",0.34933800056107,0.34933800056107,0.34933800056107,0.628808401009926,0.587885860906351,FALSE,,,"MaAsLin3 Beta(1,2) calibrated joint test","both",
"crc_baxter","Ruminococcus2","MaAsLin3 combined","MaAsLin3","combined","H","CRC","age_z + sex + log_library_size_z + group",TRUE,"available",0.0441032555949784,0.0441032555949784,0.0441032555949784,0.231542091873637,0.190602851343798,FALSE,,,"MaAsLin3 Beta(1,2) calibrated joint test","both",
"crc_baxter","Slackia","MaAsLin3 combined","MaAsLin3","combined","H","CRC","age_z + sex + log_library_size_z + group",TRUE,"available",0.83226277240393,0.83226277240393,0.83226277240393,0.953319175662683,0.901264515313394,FALSE,,,"MaAsLin3 Beta(1,2) calibrated joint test","both",
"crc_baxter","Solobacterium","MaAsLin3 combined","MaAsLin3","combined","H","CRC","age_z + sex + log_library_size_z + group",TRUE,"available",0.0431806704709154,0.0431806704709154,0.0431806704709154,0.231542091873637,0.189101556889871,FALSE,,,"MaAsLin3 Beta(1,2) calibrated joint test","both",
"crc_baxter","Sporobacter","MaAsLin3 combined","MaAsLin3","combined","H","CRC","age_z + sex + log_library_size_z + group",TRUE,"available",0.431066599279645,0.431066599279645,0.431066599279645,0.681015010220041,0.648593523754423,FALSE,,,"MaAsLin3 Beta(1,2) calibrated joint test","both",
"crc_baxter","Staphylococcus","MaAsLin3 combined","MaAsLin3","combined","H","CRC","age_z + sex + log_library_size_z + group",TRUE,"available",0.0201542710474332,0.0201542710474332,0.0201542710474332,0.159251571862984,0.102729902865265,FALSE,,,"MaAsLin3 Beta(1,2) calibrated joint test","both",
"crc_baxter","Streptococcus","MaAsLin3 combined","MaAsLin3","combined","H","CRC","age_z + sex + log_library_size_z + group",TRUE,"available",0.020222421823871,0.020222421823871,0.020222421823871,0.159251571862984,0.102729902865265,FALSE,,,"MaAsLin3 Beta(1,2) calibrated joint test","both",
"crc_baxter","Streptophyta","MaAsLin3 combined","MaAsLin3","combined","H","CRC","age_z + sex + log_library_size_z + group",TRUE,"available",0.165594611725173,0.165594611725173,0.165594611725173,0.453585240812431,0.414394397814719,FALSE,,,"MaAsLin3 Beta(1,2) calibrated joint test","both",
"crc_baxter","Subdoligranulum","MaAsLin3 combined","MaAsLin3","combined","H","CRC","age_z + sex + log_library_size_z + group",TRUE,"available",0.451130900029827,0.451130900029827,0.451130900029827,0.693201139070223,0.660445236931275,FALSE,,,"MaAsLin3 Beta(1,2) calibrated joint test","both",
"crc_baxter","Succiniclasticum","MaAsLin3 combined","MaAsLin3","combined","H","CRC","age_z + sex + log_library_size_z + group",TRUE,"available",0.060266145024097,0.060266145024097,0.060266145024097,0.301849392737843,0.243142719286857,FALSE,,,"MaAsLin3 Beta(1,2) calibrated joint test","both",
"crc_baxter","Succinivibrio","MaAsLin3 combined","MaAsLin3","combined","H","CRC","age_z + sex + log_library_size_z + group",TRUE,"available",0.320024647075749,0.320024647075749,0.320024647075749,0.626943673121993,0.577407663581957,FALSE,,,"MaAsLin3 Beta(1,2) calibrated joint test","both",
"crc_baxter","Sutterella","MaAsLin3 combined","MaAsLin3","combined","H","CRC","age_z + sex + log_library_size_z + group",TRUE,"available",0.274282788564061,0.274282788564061,0.274282788564061,0.587520117193844,0.535431607699911,FALSE,,,"MaAsLin3 Beta(1,2) calibrated joint test","both",
"crc_baxter","Turicibacter","MaAsLin3 combined","MaAsLin3","combined","H","CRC","age_z + sex + log_library_size_z + group",TRUE,"available",0.747103780132884,0.747103780132884,0.747103780132884,0.912122507633965,0.855118564717741,FALSE,,,"MaAsLin3 Beta(1,2) calibrated joint test","both",
"crc_baxter","Unclassified_Acidaminococcaceae","MaAsLin3 combined","MaAsLin3","combined","H","CRC","age_z + sex + log_library_size_z + group",TRUE,"available",0.755657116047234,0.755657116047234,0.755657116047234,0.912122507633965,0.858778109512292,FALSE,,,"MaAsLin3 Beta(1,2) calibrated joint test","both",
"crc_baxter","Unclassified_Actinomycetaceae","MaAsLin3 combined","MaAsLin3","combined","H","CRC","age_z + sex + log_library_size_z + group",TRUE,"available",0.738266583377531,0.738266583377531,0.738266583377531,0.912122507633965,0.854303927917507,FALSE,,,"MaAsLin3 Beta(1,2) calibrated joint test","both",
"crc_baxter","Unclassified_Bacteria","MaAsLin3 combined","MaAsLin3","combined","H","CRC","age_z + sex + log_library_size_z + group",TRUE,"available",0.201963373371578,0.201963373371578,0.201963373371578,0.508947700896378,0.472799049183234,FALSE,,,"MaAsLin3 Beta(1,2) calibrated joint test","both",
"crc_baxter","Unclassified_Bacteroidetes","MaAsLin3 combined","MaAsLin3","combined","H","CRC","age_z + sex + log_library_size_z + group",TRUE,"available",0.0318900060502518,0.0318900060502518,0.0318900060502518,0.191340036301511,0.151403019378766,FALSE,,,"MaAsLin3 Beta(1,2) calibrated joint test","both",
"crc_baxter","Unclassified_Burkholderiales","MaAsLin3 combined","MaAsLin3","combined","H","CRC","age_z + sex + log_library_size_z + group",TRUE,"available",0.946069072916187,0.946069072916187,0.946069072916187,0.994279927862041,0.967891546141452,FALSE,,,"MaAsLin3 Beta(1,2) calibrated joint test","both",
"crc_baxter","Unclassified_Clostridia","MaAsLin3 combined","MaAsLin3","combined","H","CRC","age_z + sex + log_library_size_z + group",TRUE,"available",0.803332490856153,0.803332490856153,0.803332490856153,0.937221239332178,0.883317976958714,FALSE,,,"MaAsLin3 Beta(1,2) calibrated joint test","both",
"crc_baxter","Unclassified_Clostridiaceae_2","MaAsLin3 combined","MaAsLin3","combined","H","CRC","age_z + sex + log_library_size_z + group",TRUE,"available",0.0197460572080827,0.0197460572080827,0.0197460572080827,0.159251571862984,0.102729902865265,FALSE,,,"MaAsLin3 Beta(1,2) calibrated joint test","both",
"crc_baxter","Unclassified_Clostridiales","MaAsLin3 combined","MaAsLin3","combined","H","CRC","age_z + sex + log_library_size_z + group",TRUE,"available",0.243957011569519,0.243957011569519,0.243957011569519,0.548903276031417,0.505837395417614,FALSE,,,"MaAsLin3 Beta(1,2) calibrated joint test","both",
"crc_baxter","Unclassified_Clostridiales_Incertae_Sedis_XIII","MaAsLin3 combined","MaAsLin3","combined","H","CRC","age_z + sex + log_library_size_z + group",TRUE,"available",0.882184304051378,0.882184304051378,0.882184304051378,0.975786812144704,0.92977100924917,FALSE,,,"MaAsLin3 Beta(1,2) calibrated joint test","both",
"crc_baxter","Unclassified_Coriobacteriaceae","MaAsLin3 combined","MaAsLin3","combined","H","CRC","age_z + sex + log_library_size_z + group",TRUE,"available",0.50167987210012,0.50167987210012,0.50167987210012,0.733205849062052,0.692536345181688,FALSE,,,"MaAsLin3 Beta(1,2) calibrated joint test","both",
"crc_baxter","Unclassified_Desulfovibrionaceae","MaAsLin3 combined","MaAsLin3","combined","H","CRC","age_z + sex + log_library_size_z + group",TRUE,"available",0.397165290985315,0.397165290985315,0.397165290985315,0.6762544143804,0.630499899439187,FALSE,,,"MaAsLin3 Beta(1,2) calibrated joint test","both",
"crc_baxter","Unclassified_Desulfovibrionales","MaAsLin3 combined","MaAsLin3","combined","H","CRC","age_z + sex + log_library_size_z + group",TRUE,"available",0.658583382131743,0.658583382131743,0.658583382131743,0.855479444830924,0.79893425372912,FALSE,,,"MaAsLin3 Beta(1,2) calibrated joint test","both",
"crc_baxter","Unclassified_Enterobacteriaceae","MaAsLin3 combined","MaAsLin3","combined","H","CRC","age_z + sex + log_library_size_z + group",TRUE,"available",0.192803310389084,0.192803310389084,0.192803310389084,0.495779941000502,0.455810924287177,FALSE,,,"MaAsLin3 Beta(1,2) calibrated joint test","both",
"crc_baxter","Unclassified_Erysipelotrichaceae","MaAsLin3 combined","MaAsLin3","combined","H","CRC","age_z + sex + log_library_size_z + group",TRUE,"available",0.00448669720801817,0.00448669720801817,0.00448669720801817,0.0706654810262862,0.0308005700226112,FALSE,,,"MaAsLin3 Beta(1,2) calibrated joint test","both",
"crc_baxter","Unclassified_Firmicutes","MaAsLin3 combined","MaAsLin3","combined","H","CRC","age_z + sex + log_library_size_z + group",TRUE,"available",0.691063504270966,0.691063504270966,0.691063504270966,0.888510219776956,0.820234252732829,FALSE,,,"MaAsLin3 Beta(1,2) calibrated joint test","both",
"crc_baxter","Unclassified_Lachnospiraceae","MaAsLin3 combined","MaAsLin3","combined","H","CRC","age_z + sex + log_library_size_z + group",TRUE,"available",0.180003003049105,0.180003003049105,0.180003003049105,0.472507883003901,0.441405908778381,FALSE,,,"MaAsLin3 Beta(1,2) calibrated joint test","both",
"crc_baxter","Unclassified_Peptostreptococcaceae","MaAsLin3 combined","MaAsLin3","combined","H","CRC","age_z + sex + log_library_size_z + group",TRUE,"available",0.420595970110323,0.420595970110323,0.420595970110323,0.681015010220041,0.647830909312196,FALSE,,,"MaAsLin3 Beta(1,2) calibrated joint test","both",
"crc_baxter","Unclassified_Porphyromonadaceae","MaAsLin3 combined","MaAsLin3","combined","H","CRC","age_z + sex + log_library_size_z + group",TRUE,"available",0.0948662152352964,0.0948662152352964,0.0948662152352964,0.362216458171132,0.319152565162454,FALSE,,,"MaAsLin3 Beta(1,2) calibrated joint test","both",
"crc_baxter","Unclassified_Proteobacteria","MaAsLin3 combined","MaAsLin3","combined","H","CRC","age_z + sex + log_library_size_z + group",TRUE,"available",0.310026361480529,0.310026361480529,0.310026361480529,0.624372301629708,0.568568200837938,FALSE,,,"MaAsLin3 Beta(1,2) calibrated joint test","both",
"crc_baxter","Unclassified_Rhodospirillaceae","MaAsLin3 combined","MaAsLin3","combined","H","CRC","age_z + sex + log_library_size_z + group",TRUE,"available",0.271778105068153,0.271778105068153,0.271778105068153,0.587520117193844,0.533062847006261,FALSE,,,"MaAsLin3 Beta(1,2) calibrated joint test","both",
"crc_baxter","Unclassified_Rikenellaceae","MaAsLin3 combined","MaAsLin3","combined","H","CRC","age_z + sex + log_library_size_z + group",TRUE,"available",0.878914763263603,0.878914763263603,0.878914763263603,0.975786812144704,0.92977100924917,FALSE,,,"MaAsLin3 Beta(1,2) calibrated joint test","both",
"crc_baxter","Unclassified_Ruminococcaceae","MaAsLin3 combined","MaAsLin3","combined","H","CRC","age_z + sex + log_library_size_z + group",FALSE,"both component models and a consistent joint p-value were required",0.801528392134983,0.801528392134983,1,1,0.883246037320111,FALSE,,,"MaAsLin3 Beta(1,2) calibrated joint test","not both",
"crc_baxter","Unclassified_Sutterellaceae","MaAsLin3 combined","MaAsLin3","combined","H","CRC","age_z + sex + log_library_size_z + group",TRUE,"available",0.946933264630515,0.946933264630515,0.946933264630515,0.994279927862041,0.967891546141452,FALSE,,,"MaAsLin3 Beta(1,2) calibrated joint test","both",
"crc_baxter","Unclassified_Veillonellaceae","MaAsLin3 combined","MaAsLin3","combined","H","CRC","age_z + sex + log_library_size_z + group",TRUE,"available",0.343326297185853,0.343326297185853,0.343326297185853,0.626943673121993,0.582515524658654,FALSE,,,"MaAsLin3 Beta(1,2) calibrated joint test","both",
"crc_baxter","Vampirovibrio","MaAsLin3 combined","MaAsLin3","combined","H","CRC","age_z + sex + log_library_size_z + group",TRUE,"available",0.292073538631896,0.292073538631896,0.292073538631896,0.613354431126982,0.555705459269675,FALSE,,,"MaAsLin3 Beta(1,2) calibrated joint test","both",
"crc_baxter","Veillonella","MaAsLin3 combined","MaAsLin3","combined","H","CRC","age_z + sex + log_library_size_z + group",TRUE,"available",0.336723533183181,0.336723533183181,0.336723533183181,0.626943673121993,0.582515524658654,FALSE,,,"MaAsLin3 Beta(1,2) calibrated joint test","both",
"crc_baxter","Weissella","MaAsLin3 combined","MaAsLin3","combined","H","CRC","age_z + sex + log_library_size_z + group",TRUE,"available",0.432423736426264,0.432423736426264,0.432423736426264,0.681015010220041,0.648593523754423,FALSE,,,"MaAsLin3 Beta(1,2) calibrated joint test","both",
"crc_baxter","Acetanaerobacterium","ZINQ prevalence","ZINQ","prevalence","H","CRC","age_z + sex + log_library_size_z + group",TRUE,"available",0.401725425863879,0.401725425863879,0.401725425863879,0.755483636699236,,FALSE,,,"Firth logistic test of observed presence",,
"crc_baxter","Acetitomaculum","ZINQ prevalence","ZINQ","prevalence","H","CRC","age_z + sex + log_library_size_z + group",TRUE,"available",0.497967243022694,0.497967243022694,0.497967243022694,0.784298407760743,,FALSE,,,"Firth logistic test of observed presence",,
"crc_baxter","Acidaminococcus","ZINQ prevalence","ZINQ","prevalence","H","CRC","age_z + sex + log_library_size_z + group",TRUE,"available",0.487202066499201,0.487202066499201,0.487202066499201,0.784298407760743,,FALSE,,,"Firth logistic test of observed presence",,
"crc_baxter","Actinomyces","ZINQ prevalence","ZINQ","prevalence","H","CRC","age_z + sex + log_library_size_z + group",TRUE,"available",0.956627528498963,0.956627528498963,0.956627528498963,0.967919422525706,,FALSE,,,"Firth logistic test of observed presence",,
"crc_baxter","Akkermansia","ZINQ prevalence","ZINQ","prevalence","H","CRC","age_z + sex + log_library_size_z + group",TRUE,"available",0.376514177881978,0.376514177881978,0.376514177881978,0.749509954342372,,FALSE,,,"Firth logistic test of observed presence",,
"crc_baxter","Alistipes","ZINQ prevalence","ZINQ","prevalence","H","CRC","age_z + sex + log_library_size_z + group",TRUE,"available",0.278579940875336,0.278579940875336,0.278579940875336,0.721513769064707,,FALSE,,,"Firth logistic test of observed presence",,
"crc_baxter","Allisonella","ZINQ prevalence","ZINQ","prevalence","H","CRC","age_z + sex + log_library_size_z + group",TRUE,"available",0.463081647756829,0.463081647756829,0.463081647756829,0.784298407760743,,FALSE,,,"Firth logistic test of observed presence",,
"crc_baxter","Anaerococcus","ZINQ prevalence","ZINQ","prevalence","H","CRC","age_z + sex + log_library_size_z + group",TRUE,"available",0.00017292665520463,0.00017292665520463,0.00017292665520463,0.00435775171115669,,TRUE,,,"Firth logistic test of observed presence",,
"crc_baxter","Anaerofilum","ZINQ prevalence","ZINQ","prevalence","H","CRC","age_z + sex + log_library_size_z + group",TRUE,"available",0.88622499512492,0.88622499512492,0.88622499512492,0.966314225291948,,FALSE,,,"Firth logistic test of observed presence",,
"crc_baxter","Anaerofustis","ZINQ prevalence","ZINQ","prevalence","H","CRC","age_z + sex + log_library_size_z + group",TRUE,"available",0.64977043411589,0.64977043411589,0.64977043411589,0.909304866202879,,FALSE,,,"Firth logistic test of observed presence",,
"crc_baxter","Anaerorhabdus","ZINQ prevalence","ZINQ","prevalence","H","CRC","age_z + sex + log_library_size_z + group",TRUE,"available",0.925362823646957,0.925362823646957,0.925362823646957,0.967919422525706,,FALSE,,,"Firth logistic test of observed presence",,
"crc_baxter","Anaerosporobacter","ZINQ prevalence","ZINQ","prevalence","H","CRC","age_z + sex + log_library_size_z + group",TRUE,"available",0.375395319648131,0.375395319648131,0.375395319648131,0.749509954342372,,FALSE,,,"Firth logistic test of observed presence",,
"crc_baxter","Anaerostipes","ZINQ prevalence","ZINQ","prevalence","H","CRC","age_z + sex + log_library_size_z + group",TRUE,"available",0.222229735779694,0.222229735779694,0.222229735779694,0.694062442250274,,FALSE,,,"Firth logistic test of observed presence",,
"crc_baxter","Anaerotruncus","ZINQ prevalence","ZINQ","prevalence","H","CRC","age_z + sex + log_library_size_z + group",TRUE,"available",0.759664480665776,0.759664480665776,0.759664480665776,0.929824250650919,,FALSE,,,"Firth logistic test of observed presence",,
"crc_baxter","Atopobium","ZINQ prevalence","ZINQ","prevalence","H","CRC","age_z + sex + log_library_size_z + group",TRUE,"available",0.488136002092513,0.488136002092513,0.488136002092513,0.784298407760743,,FALSE,,,"Firth logistic test of observed presence",,
"crc_baxter","Bacteroides","ZINQ prevalence","ZINQ","prevalence","H","CRC","age_z + sex + log_library_size_z + group",TRUE,"available",0.897291780628237,0.897291780628237,0.897291780628237,0.966314225291948,,FALSE,,,"Firth logistic test of observed presence",,
"crc_baxter","Barnesiella","ZINQ prevalence","ZINQ","prevalence","H","CRC","age_z + sex + log_library_size_z + group",TRUE,"available",0.0358736008253728,0.0358736008253728,0.0358736008253728,0.282504606499811,,FALSE,,,"Firth logistic test of observed presence",,
"crc_baxter","Bifidobacterium","ZINQ prevalence","ZINQ","prevalence","H","CRC","age_z + sex + log_library_size_z + group",TRUE,"available",0.686662883119767,0.686662883119767,0.686662883119767,0.909304866202879,,FALSE,,,"Firth logistic test of observed presence",,
"crc_baxter","Bilophila","ZINQ prevalence","ZINQ","prevalence","H","CRC","age_z + sex + log_library_size_z + group",TRUE,"available",0.258240761666879,0.258240761666879,0.258240761666879,0.707355129783191,,FALSE,,,"Firth logistic test of observed presence",,
"crc_baxter","Blautia","ZINQ prevalence","ZINQ","prevalence","H","CRC","age_z + sex + log_library_size_z + group",TRUE,"available",0.897291780628237,0.897291780628237,0.897291780628237,0.966314225291948,,FALSE,,,"Firth logistic test of observed presence",,
"crc_baxter","Butyricicoccus","ZINQ prevalence","ZINQ","prevalence","H","CRC","age_z + sex + log_library_size_z + group",TRUE,"available",0.429563806371826,0.429563806371826,0.429563806371826,0.784298407760743,,FALSE,,,"Firth logistic test of observed presence",,
"crc_baxter","Butyricimonas","ZINQ prevalence","ZINQ","prevalence","H","CRC","age_z + sex + log_library_size_z + group",TRUE,"available",0.166330213883632,0.166330213883632,0.166330213883632,0.694062442250274,,FALSE,,,"Firth logistic test of observed presence",,
"crc_baxter","Catenibacterium","ZINQ prevalence","ZINQ","prevalence","H","CRC","age_z + sex + log_library_size_z + group",TRUE,"available",0.157432223922149,0.157432223922149,0.157432223922149,0.694062442250274,,FALSE,,,"Firth logistic test of observed presence",,
"crc_baxter","Citrobacter","ZINQ prevalence","ZINQ","prevalence","H","CRC","age_z + sex + log_library_size_z + group",TRUE,"available",0.321676289707277,0.321676289707277,0.321676289707277,0.722756587411249,,FALSE,,,"Firth logistic test of observed presence",,
"crc_baxter","Cloacibacillus","ZINQ prevalence","ZINQ","prevalence","H","CRC","age_z + sex + log_library_size_z + group",TRUE,"available",0.123696629678355,0.123696629678355,0.123696629678355,0.693554725398362,,FALSE,,,"Firth logistic test of observed presence",,
"crc_baxter","Clostridium_III","ZINQ prevalence","ZINQ","prevalence","H","CRC","age_z + sex + log_library_size_z + group",TRUE,"available",0.206607256696032,0.206607256696032,0.206607256696032,0.694062442250274,,FALSE,,,"Firth logistic test of observed presence",,
"crc_baxter","Clostridium_IV","ZINQ prevalence","ZINQ","prevalence","H","CRC","age_z + sex + log_library_size_z + group",TRUE,"available",0.234934322395884,0.234934322395884,0.234934322395884,0.694062442250274,,FALSE,,,"Firth logistic test of observed presence",,
"crc_baxter","Clostridium_sensu_stricto","ZINQ prevalence","ZINQ","prevalence","H","CRC","age_z + sex + log_library_size_z + group",TRUE,"available",0.354165495319592,0.354165495319592,0.354165495319592,0.743747540171142,,FALSE,,,"Firth logistic test of observed presence",,
"crc_baxter","Clostridium_XI","ZINQ prevalence","ZINQ","prevalence","H","CRC","age_z + sex + log_library_size_z + group",TRUE,"available",0.295818312483324,0.295818312483324,0.295818312483324,0.721513769064707,,FALSE,,,"Firth logistic test of observed presence",,
"crc_baxter","Clostridium_XII","ZINQ prevalence","ZINQ","prevalence","H","CRC","age_z + sex + log_library_size_z + group",TRUE,"available",0.207687161930897,0.207687161930897,0.207687161930897,0.694062442250274,,FALSE,,,"Firth logistic test of observed presence",,
"crc_baxter","Clostridium_XlVa","ZINQ prevalence","ZINQ","prevalence","H","CRC","age_z + sex + log_library_size_z + group",TRUE,"available",0.816256817520714,0.816256817520714,0.816256817520714,0.949860105209268,,FALSE,,,"Firth logistic test of observed presence",,
"crc_baxter","Clostridium_XlVb","ZINQ prevalence","ZINQ","prevalence","H","CRC","age_z + sex + log_library_size_z + group",TRUE,"available",0.383054793529575,0.383054793529575,0.383054793529575,0.749509954342372,,FALSE,,,"Firth logistic test of observed presence",,
"crc_baxter","Clostridium_XVIII","ZINQ prevalence","ZINQ","prevalence","H","CRC","age_z + sex + log_library_size_z + group",TRUE,"available",0.475753440154998,0.475753440154998,0.475753440154998,0.784298407760743,,FALSE,,,"Firth logistic test of observed presence",,
"crc_baxter","Collinsella","ZINQ prevalence","ZINQ","prevalence","H","CRC","age_z + sex + log_library_size_z + group",TRUE,"available",3.05206516681977e-06,3.05206516681977e-06,3.05206516681977e-06,9.61400527548228e-05,,TRUE,,,"Firth logistic test of observed presence",,
"crc_baxter","Coprobacillus","ZINQ prevalence","ZINQ","prevalence","H","CRC","age_z + sex + log_library_size_z + group",TRUE,"available",0.245867481431339,0.245867481431339,0.245867481431339,0.694062442250274,,FALSE,,,"Firth logistic test of observed presence",,
"crc_baxter","Coprococcus","ZINQ prevalence","ZINQ","prevalence","H","CRC","age_z + sex + log_library_size_z + group",TRUE,"available",0.59096709952662,0.59096709952662,0.59096709952662,0.888916702304284,,FALSE,,,"Firth logistic test of observed presence",,
"crc_baxter","Corynebacterium","ZINQ prevalence","ZINQ","prevalence","H","CRC","age_z + sex + log_library_size_z + group",TRUE,"available",0.207114724893061,0.207114724893061,0.207114724893061,0.694062442250274,,FALSE,,,"Firth logistic test of observed presence",,
"crc_baxter","Defluviitalea","ZINQ prevalence","ZINQ","prevalence","H","CRC","age_z + sex + log_library_size_z + group",TRUE,"available",0.126601259398114,0.126601259398114,0.126601259398114,0.693554725398362,,FALSE,,,"Firth logistic test of observed presence",,
"crc_baxter","Desulfovibrio","ZINQ prevalence","ZINQ","prevalence","H","CRC","age_z + sex + log_library_size_z + group",TRUE,"available",0.243599949267546,0.243599949267546,0.243599949267546,0.694062442250274,,FALSE,,,"Firth logistic test of observed presence",,
"crc_baxter","Dialister","ZINQ prevalence","ZINQ","prevalence","H","CRC","age_z + sex + log_library_size_z + group",TRUE,"available",0.30841910819982,0.30841910819982,0.30841910819982,0.721513769064707,,FALSE,,,"Firth logistic test of observed presence",,
"crc_baxter","Dorea","ZINQ prevalence","ZINQ","prevalence","H","CRC","age_z + sex + log_library_size_z + group",TRUE,"available",0.242693342510036,0.242693342510036,0.242693342510036,0.694062442250274,,FALSE,,,"Firth logistic test of observed presence",,
"crc_baxter","Eggerthella","ZINQ prevalence","ZINQ","prevalence","H","CRC","age_z + sex + log_library_size_z + group",TRUE,"available",0.0517958267329011,0.0517958267329011,0.0517958267329011,0.362570787130307,,FALSE,,,"Firth logistic test of observed presence",,
"crc_baxter","Eggerthia","ZINQ prevalence","ZINQ","prevalence","H","CRC","age_z + sex + log_library_size_z + group",TRUE,"available",0.645578561527747,0.645578561527747,0.645578561527747,0.909304866202879,,FALSE,,,"Firth logistic test of observed presence",,
"crc_baxter","Enterobacter","ZINQ prevalence","ZINQ","prevalence","H","CRC","age_z + sex + log_library_size_z + group",TRUE,"available",0.392600452274576,0.392600452274576,0.392600452274576,0.749509954342372,,FALSE,,,"Firth logistic test of observed presence",,
"crc_baxter","Enterococcus","ZINQ prevalence","ZINQ","prevalence","H","CRC","age_z + sex + log_library_size_z + group",TRUE,"available",0.96023752234693,0.96023752234693,0.96023752234693,0.967919422525706,,FALSE,,,"Firth logistic test of observed presence",,
"crc_baxter","Enterorhabdus","ZINQ prevalence","ZINQ","prevalence","H","CRC","age_z + sex + log_library_size_z + group",TRUE,"available",0.473347635734147,0.473347635734147,0.473347635734147,0.784298407760743,,FALSE,,,"Firth logistic test of observed presence",,
"crc_baxter","Erysipelotrichaceae_incertae_sedis","ZINQ prevalence","ZINQ","prevalence","H","CRC","age_z + sex + log_library_size_z + group",TRUE,"available",0.710109653327851,0.710109653327851,0.710109653327851,0.909304866202879,,FALSE,,,"Firth logistic test of observed presence",,
"crc_baxter","Escherichia/Shigella","ZINQ prevalence","ZINQ","prevalence","H","CRC","age_z + sex + log_library_size_z + group",TRUE,"available",0.35238162779967,0.35238162779967,0.35238162779967,0.743747540171142,,FALSE,,,"Firth logistic test of observed presence",,
"crc_baxter","Eubacterium","ZINQ prevalence","ZINQ","prevalence","H","CRC","age_z + sex + log_library_size_z + group",TRUE,"available",0.0116253809224927,0.0116253809224927,0.0116253809224927,0.112676768941083,,FALSE,,,"Firth logistic test of observed presence",,
"crc_baxter","Faecalibacterium","ZINQ prevalence","ZINQ","prevalence","H","CRC","age_z + sex + log_library_size_z + group",TRUE,"available",0.316756012659432,0.316756012659432,0.316756012659432,0.722756587411249,,FALSE,,,"Firth logistic test of observed presence",,
"crc_baxter","Flavonifractor","ZINQ prevalence","ZINQ","prevalence","H","CRC","age_z + sex + log_library_size_z + group",TRUE,"available",0.760094427119402,0.760094427119402,0.760094427119402,0.929824250650919,,FALSE,,,"Firth logistic test of observed presence",,
"crc_baxter","Fusobacterium","ZINQ prevalence","ZINQ","prevalence","H","CRC","age_z + sex + log_library_size_z + group",TRUE,"available",0.0019831298973918,0.0019831298973918,0.0019831298973918,0.0312342958839208,,TRUE,,,"Firth logistic test of observed presence",,
"crc_baxter","Gemella","ZINQ prevalence","ZINQ","prevalence","H","CRC","age_z + sex + log_library_size_z + group",TRUE,"available",0.049336436789148,0.049336436789148,0.049336436789148,0.362570787130307,,FALSE,,,"Firth logistic test of observed presence",,
"crc_baxter","Gemmiger","ZINQ prevalence","ZINQ","prevalence","H","CRC","age_z + sex + log_library_size_z + group",TRUE,"available",0.662582105593651,0.662582105593651,0.662582105593651,0.909304866202879,,FALSE,,,"Firth logistic test of observed presence",,
"crc_baxter","Gordonibacter","ZINQ prevalence","ZINQ","prevalence","H","CRC","age_z + sex + log_library_size_z + group",TRUE,"available",0.683209133367509,0.683209133367509,0.683209133367509,0.909304866202879,,FALSE,,,"Firth logistic test of observed presence",,
"crc_baxter","Granulicatella","ZINQ prevalence","ZINQ","prevalence","H","CRC","age_z + sex + log_library_size_z + group",TRUE,"available",0.0129517432887519,0.0129517432887519,0.0129517432887519,0.116565689598767,,FALSE,,,"Firth logistic test of observed presence",,
"crc_baxter","Haemophilus","ZINQ prevalence","ZINQ","prevalence","H","CRC","age_z + sex + log_library_size_z + group",TRUE,"available",0.0228106216192041,0.0228106216192041,0.0228106216192041,0.191609221601315,,FALSE,,,"Firth logistic test of observed presence",,
"crc_baxter","Hespellia","ZINQ prevalence","ZINQ","prevalence","H","CRC","age_z + sex + log_library_size_z + group",TRUE,"available",0.241895289254049,0.241895289254049,0.241895289254049,0.694062442250274,,FALSE,,,"Firth logistic test of observed presence",,
"crc_baxter","Holdemania","ZINQ prevalence","ZINQ","prevalence","H","CRC","age_z + sex + log_library_size_z + group",TRUE,"available",0.387831367050777,0.387831367050777,0.387831367050777,0.749509954342372,,FALSE,,,"Firth logistic test of observed presence",,
"crc_baxter","Howardella","ZINQ prevalence","ZINQ","prevalence","H","CRC","age_z + sex + log_library_size_z + group",TRUE,"available",0.177203011469939,0.177203011469939,0.177203011469939,0.694062442250274,,FALSE,,,"Firth logistic test of observed presence",,
"crc_baxter","Lachnobacterium","ZINQ prevalence","ZINQ","prevalence","H","CRC","age_z + sex + log_library_size_z + group",TRUE,"available",0.00171770133555249,0.00171770133555249,0.00171770133555249,0.0309186240399448,,TRUE,,,"Firth logistic test of observed presence",,
"crc_baxter","Lachnospiracea_incertae_sedis","ZINQ prevalence","ZINQ","prevalence","H","CRC","age_z + sex + log_library_size_z + group",TRUE,"available",0.897291780628237,0.897291780628237,0.897291780628237,0.966314225291948,,FALSE,,,"Firth logistic test of observed presence",,
"crc_baxter","Lactobacillus","ZINQ prevalence","ZINQ","prevalence","H","CRC","age_z + sex + log_library_size_z + group",TRUE,"available",0.281868454209507,0.281868454209507,0.281868454209507,0.721513769064707,,FALSE,,,"Firth logistic test of observed presence",,
"crc_baxter","Lactococcus","ZINQ prevalence","ZINQ","prevalence","H","CRC","age_z + sex + log_library_size_z + group",TRUE,"available",0.74029336884219,0.74029336884219,0.74029336884219,0.92353430172392,,FALSE,,,"Firth logistic test of observed presence",,
"crc_baxter","Lactonifactor","ZINQ prevalence","ZINQ","prevalence","H","CRC","age_z + sex + log_library_size_z + group",TRUE,"available",0.702105818371976,0.702105818371976,0.702105818371976,0.909304866202879,,FALSE,,,"Firth logistic test of observed presence",,
"crc_baxter","Megasphaera","ZINQ prevalence","ZINQ","prevalence","H","CRC","age_z + sex + log_library_size_z + group",TRUE,"available",0.938031036432056,0.938031036432056,0.938031036432056,0.967919422525706,,FALSE,,,"Firth logistic test of observed presence",,
"crc_baxter","Methanobrevibacter","ZINQ prevalence","ZINQ","prevalence","H","CRC","age_z + sex + log_library_size_z + group",TRUE,"available",0.493259438825883,0.493259438825883,0.493259438825883,0.784298407760743,,FALSE,,,"Firth logistic test of observed presence",,
"crc_baxter","Methylobacterium","ZINQ prevalence","ZINQ","prevalence","H","CRC","age_z + sex + log_library_size_z + group",TRUE,"available",0.447377862894224,0.447377862894224,0.447377862894224,0.784298407760743,,FALSE,,,"Firth logistic test of observed presence",,
"crc_baxter","Mogibacterium","ZINQ prevalence","ZINQ","prevalence","H","CRC","age_z + sex + log_library_size_z + group",TRUE,"available",0.588263182867572,0.588263182867572,0.588263182867572,0.888916702304284,,FALSE,,,"Firth logistic test of observed presence",,
"crc_baxter","Odoribacter","ZINQ prevalence","ZINQ","prevalence","H","CRC","age_z + sex + log_library_size_z + group",TRUE,"available",0.94823375799953,0.94823375799953,0.94823375799953,0.967919422525706,,FALSE,,,"Firth logistic test of observed presence",,
"crc_baxter","Oscillibacter","ZINQ prevalence","ZINQ","prevalence","H","CRC","age_z + sex + log_library_size_z + group",TRUE,"available",0.649316810196877,0.649316810196877,0.649316810196877,0.909304866202879,,FALSE,,,"Firth logistic test of observed presence",,
"crc_baxter","Oxalobacter","ZINQ prevalence","ZINQ","prevalence","H","CRC","age_z + sex + log_library_size_z + group",TRUE,"available",0.0551487556042017,0.0551487556042017,0.0551487556042017,0.36572332663839,,FALSE,,,"Firth logistic test of observed presence",,
"crc_baxter","Parabacteroides","ZINQ prevalence","ZINQ","prevalence","H","CRC","age_z + sex + log_library_size_z + group",TRUE,"available",0.944120066133122,0.944120066133122,0.944120066133122,0.967919422525706,,FALSE,,,"Firth logistic test of observed presence",,
"crc_baxter","Paraprevotella","ZINQ prevalence","ZINQ","prevalence","H","CRC","age_z + sex + log_library_size_z + group",TRUE,"available",0.96972668999151,0.96972668999151,0.96972668999151,0.96972668999151,,FALSE,,,"Firth logistic test of observed presence",,
"crc_baxter","Parasutterella","ZINQ prevalence","ZINQ","prevalence","H","CRC","age_z + sex + log_library_size_z + group",TRUE,"available",0.147853031603451,0.147853031603451,0.147853031603451,0.694062442250274,,FALSE,,,"Firth logistic test of observed presence",,
"crc_baxter","Parvimonas","ZINQ prevalence","ZINQ","prevalence","H","CRC","age_z + sex + log_library_size_z + group",TRUE,"available",3.35238092175061e-07,3.35238092175061e-07,3.35238092175061e-07,1.40799998713526e-05,,TRUE,,,"Firth logistic test of observed presence",,
"crc_baxter","Peptococcus","ZINQ prevalence","ZINQ","prevalence","H","CRC","age_z + sex + log_library_size_z + group",TRUE,"available",0.883676742683482,0.883676742683482,0.883676742683482,0.966314225291948,,FALSE,,,"Firth logistic test of observed presence",,
"crc_baxter","Peptoniphilus","ZINQ prevalence","ZINQ","prevalence","H","CRC","age_z + sex + log_library_size_z + group",TRUE,"available",0.00423049309548851,0.00423049309548851,0.00423049309548851,0.0592269033368391,,FALSE,,,"Firth logistic test of observed presence",,
"crc_baxter","Peptostreptococcus","ZINQ prevalence","ZINQ","prevalence","H","CRC","age_z + sex + log_library_size_z + group",TRUE,"available",2.1175777575877e-08,2.1175777575877e-08,2.1175777575877e-08,2.6681479745605e-06,,TRUE,,,"Firth logistic test of observed presence",,
"crc_baxter","Phascolarctobacterium","ZINQ prevalence","ZINQ","prevalence","H","CRC","age_z + sex + log_library_size_z + group",TRUE,"available",0.678847447752115,0.678847447752115,0.678847447752115,0.909304866202879,,FALSE,,,"Firth logistic test of observed presence",,
"crc_baxter","Porphyromonas","ZINQ prevalence","ZINQ","prevalence","H","CRC","age_z + sex + log_library_size_z + group",TRUE,"available",7.3923072108073e-08,7.3923072108073e-08,7.3923072108073e-08,4.6571535428086e-06,,TRUE,,,"Firth logistic test of observed presence",,
"crc_baxter","Prevotella","ZINQ prevalence","ZINQ","prevalence","H","CRC","age_z + sex + log_library_size_z + group",TRUE,"available",0.431326933999934,0.431326933999934,0.431326933999934,0.784298407760743,,FALSE,,,"Firth logistic test of observed presence",,
"crc_baxter","Pseudoflavonifractor","ZINQ prevalence","ZINQ","prevalence","H","CRC","age_z + sex + log_library_size_z + group",TRUE,"available",0.16577020416769,0.16577020416769,0.16577020416769,0.694062442250274,,FALSE,,,"Firth logistic test of observed presence",,
"crc_baxter","Pseudomonas","ZINQ prevalence","ZINQ","prevalence","H","CRC","age_z + sex + log_library_size_z + group",TRUE,"available",0.279317798970363,0.279317798970363,0.279317798970363,0.721513769064707,,FALSE,,,"Firth logistic test of observed presence",,
"crc_baxter","Roseburia","ZINQ prevalence","ZINQ","prevalence","H","CRC","age_z + sex + log_library_size_z + group",TRUE,"available",0.309220186742017,0.309220186742017,0.309220186742017,0.721513769064707,,FALSE,,,"Firth logistic test of observed presence",,
"crc_baxter","Rothia","ZINQ prevalence","ZINQ","prevalence","H","CRC","age_z + sex + log_library_size_z + group",TRUE,"available",0.699474439318776,0.699474439318776,0.699474439318776,0.909304866202879,,FALSE,,,"Firth logistic test of observed presence",,
"crc_baxter","Ruminococcus","ZINQ prevalence","ZINQ","prevalence","H","CRC","age_z + sex + log_library_size_z + group",TRUE,"available",0.224122762644868,0.224122762644868,0.224122762644868,0.694062442250274,,FALSE,,,"Firth logistic test of observed presence",,
"crc_baxter","Ruminococcus2","ZINQ prevalence","ZINQ","prevalence","H","CRC","age_z + sex + log_library_size_z + group",TRUE,"available",0.779248205030157,0.779248205030157,0.779248205030157,0.935097846036189,,FALSE,,,"Firth logistic test of observed presence",,
"crc_baxter","Slackia","ZINQ prevalence","ZINQ","prevalence","H","CRC","age_z + sex + log_library_size_z + group",TRUE,"available",0.599666029332255,0.599666029332255,0.599666029332255,0.888916702304284,,FALSE,,,"Firth logistic test of observed presence",,
"crc_baxter","Solobacterium","ZINQ prevalence","ZINQ","prevalence","H","CRC","age_z + sex + log_library_size_z + group",TRUE,"available",0.326961313352708,0.326961313352708,0.326961313352708,0.722756587411249,,FALSE,,,"Firth logistic test of observed presence",,
"crc_baxter","Sporobacter","ZINQ prevalence","ZINQ","prevalence","H","CRC","age_z + sex + log_library_size_z + group",TRUE,"available",0.247879443660812,0.247879443660812,0.247879443660812,0.694062442250274,,FALSE,,,"Firth logistic test of observed presence",,
"crc_baxter","Staphylococcus","ZINQ prevalence","ZINQ","prevalence","H","CRC","age_z + sex + log_library_size_z + group",TRUE,"available",0.00641969151388411,0.00641969151388411,0.00641969151388411,0.0674067608957831,,FALSE,,,"Firth logistic test of observed presence",,
"crc_baxter","Streptococcus","ZINQ prevalence","ZINQ","prevalence","H","CRC","age_z + sex + log_library_size_z + group",TRUE,"available",0.00516923000587455,0.00516923000587455,0.00516923000587455,0.0651322980740193,,FALSE,,,"Firth logistic test of observed presence",,
"crc_baxter","Streptophyta","ZINQ prevalence","ZINQ","prevalence","H","CRC","age_z + sex + log_library_size_z + group",TRUE,"available",0.0832031692301664,0.0832031692301664,0.0832031692301664,0.524179966150048,,FALSE,,,"Firth logistic test of observed presence",,
"crc_baxter","Subdoligranulum","ZINQ prevalence","ZINQ","prevalence","H","CRC","age_z + sex + log_library_size_z + group",TRUE,"available",0.308083497274257,0.308083497274257,0.308083497274257,0.721513769064707,,FALSE,,,"Firth logistic test of observed presence",,
"crc_baxter","Succiniclasticum","ZINQ prevalence","ZINQ","prevalence","H","CRC","age_z + sex + log_library_size_z + group",TRUE,"available",0.184231780242211,0.184231780242211,0.184231780242211,0.694062442250274,,FALSE,,,"Firth logistic test of observed presence",,
"crc_baxter","Succinivibrio","ZINQ prevalence","ZINQ","prevalence","H","CRC","age_z + sex + log_library_size_z + group",TRUE,"available",0.152280262388836,0.152280262388836,0.152280262388836,0.694062442250274,,FALSE,,,"Firth logistic test of observed presence",,
"crc_baxter","Sutterella","ZINQ prevalence","ZINQ","prevalence","H","CRC","age_z + sex + log_library_size_z + group",TRUE,"available",0.459302920827514,0.459302920827514,0.459302920827514,0.784298407760743,,FALSE,,,"Firth logistic test of observed presence",,
"crc_baxter","Turicibacter","ZINQ prevalence","ZINQ","prevalence","H","CRC","age_z + sex + log_library_size_z + group",TRUE,"available",0.595187520303602,0.595187520303602,0.595187520303602,0.888916702304284,,FALSE,,,"Firth logistic test of observed presence",,
"crc_baxter","Unclassified_Acidaminococcaceae","ZINQ prevalence","ZINQ","prevalence","H","CRC","age_z + sex + log_library_size_z + group",TRUE,"available",0.71153055233768,0.71153055233768,0.71153055233768,0.909304866202879,,FALSE,,,"Firth logistic test of observed presence",,
"crc_baxter","Unclassified_Actinomycetaceae","ZINQ prevalence","ZINQ","prevalence","H","CRC","age_z + sex + log_library_size_z + group",TRUE,"available",0.452331950979461,0.452331950979461,0.452331950979461,0.784298407760743,,FALSE,,,"Firth logistic test of observed presence",,
"crc_baxter","Unclassified_Bacteria","ZINQ prevalence","ZINQ","prevalence","H","CRC","age_z + sex + log_library_size_z + group",TRUE,"available",0.381478286227876,0.381478286227876,0.381478286227876,0.749509954342372,,FALSE,,,"Firth logistic test of observed presence",,
"crc_baxter","Unclassified_Bacteroidetes","ZINQ prevalence","ZINQ","prevalence","H","CRC","age_z + sex + log_library_size_z + group",TRUE,"available",0.80465164692813,0.80465164692813,0.80465164692813,0.947533715074246,,FALSE,,,"Firth logistic test of observed presence",,
"crc_baxter","Unclassified_Burkholderiales","ZINQ prevalence","ZINQ","prevalence","H","CRC","age_z + sex + log_library_size_z + group",TRUE,"available",0.787011830392533,0.787011830392533,0.787011830392533,0.935504628579804,,FALSE,,,"Firth logistic test of observed presence",,
"crc_baxter","Unclassified_Clostridia","ZINQ prevalence","ZINQ","prevalence","H","CRC","age_z + sex + log_library_size_z + group",TRUE,"available",0.595441859486821,0.595441859486821,0.595441859486821,0.888916702304284,,FALSE,,,"Firth logistic test of observed presence",,
"crc_baxter","Unclassified_Clostridiaceae_2","ZINQ prevalence","ZINQ","prevalence","H","CRC","age_z + sex + log_library_size_z + group",TRUE,"available",0.00570806787355349,0.00570806787355349,0.00570806787355349,0.0653833229152491,,FALSE,,,"Firth logistic test of observed presence",,
"crc_baxter","Unclassified_Clostridiales","ZINQ prevalence","ZINQ","prevalence","H","CRC","age_z + sex + log_library_size_z + group",TRUE,"available",0.0948134574955082,0.0948134574955082,0.0948134574955082,0.568880744973049,,FALSE,,,"Firth logistic test of observed presence",,
"crc_baxter","Unclassified_Clostridiales_Incertae_Sedis_XIII","ZINQ prevalence","ZINQ","prevalence","H","CRC","age_z + sex + log_library_size_z + group",TRUE,"available",0.940122290234381,0.940122290234381,0.940122290234381,0.967919422525706,,FALSE,,,"Firth logistic test of observed presence",,
"crc_baxter","Unclassified_Coriobacteriaceae","ZINQ prevalence","ZINQ","prevalence","H","CRC","age_z + sex + log_library_size_z + group",TRUE,"available",0.298706616611105,0.298706616611105,0.298706616611105,0.721513769064707,,FALSE,,,"Firth logistic test of observed presence",,
"crc_baxter","Unclassified_Desulfovibrionaceae","ZINQ prevalence","ZINQ","prevalence","H","CRC","age_z + sex + log_library_size_z + group",TRUE,"available",0.20097724241027,0.20097724241027,0.20097724241027,0.694062442250274,,FALSE,,,"Firth logistic test of observed presence",,
"crc_baxter","Unclassified_Desulfovibrionales","ZINQ prevalence","ZINQ","prevalence","H","CRC","age_z + sex + log_library_size_z + group",TRUE,"available",0.71571373548953,0.71571373548953,0.71571373548953,0.909304866202879,,FALSE,,,"Firth logistic test of observed presence",,
"crc_baxter","Unclassified_Enterobacteriaceae","ZINQ prevalence","ZINQ","prevalence","H","CRC","age_z + sex + log_library_size_z + group",TRUE,"available",0.681751556089087,0.681751556089087,0.681751556089087,0.909304866202879,,FALSE,,,"Firth logistic test of observed presence",,
"crc_baxter","Unclassified_Erysipelotrichaceae","ZINQ prevalence","ZINQ","prevalence","H","CRC","age_z + sex + log_library_size_z + group",TRUE,"available",0.000760608984485711,0.000760608984485711,0.000760608984485711,0.0159727886741999,,TRUE,,,"Firth logistic test of observed presence",,
"crc_baxter","Unclassified_Firmicutes","ZINQ prevalence","ZINQ","prevalence","H","CRC","age_z + sex + log_library_size_z + group",TRUE,"available",0.721670528732444,0.721670528732444,0.721670528732444,0.909304866202879,,FALSE,,,"Firth logistic test of observed presence",,
"crc_baxter","Unclassified_Lachnospiraceae","ZINQ prevalence","ZINQ","prevalence","H","CRC","age_z + sex + log_library_size_z + group",TRUE,"available",0.821704376728653,0.821704376728653,0.821704376728653,0.949860105209268,,FALSE,,,"Firth logistic test of observed presence",,
"crc_baxter","Unclassified_Peptostreptococcaceae","ZINQ prevalence","ZINQ","prevalence","H","CRC","age_z + sex + log_library_size_z + group",TRUE,"available",0.234486223651256,0.234486223651256,0.234486223651256,0.694062442250274,,FALSE,,,"Firth logistic test of observed presence",,
"crc_baxter","Unclassified_Porphyromonadaceae","ZINQ prevalence","ZINQ","prevalence","H","CRC","age_z + sex + log_library_size_z + group",TRUE,"available",0.840364936937051,0.840364936937051,0.840364936937051,0.962599836855167,,FALSE,,,"Firth logistic test of observed presence",,
"crc_baxter","Unclassified_Proteobacteria","ZINQ prevalence","ZINQ","prevalence","H","CRC","age_z + sex + log_library_size_z + group",TRUE,"available",0.664488179020524,0.664488179020524,0.664488179020524,0.909304866202879,,FALSE,,,"Firth logistic test of observed presence",,
"crc_baxter","Unclassified_Rhodospirillaceae","ZINQ prevalence","ZINQ","prevalence","H","CRC","age_z + sex + log_library_size_z + group",TRUE,"available",0.14024176761393,0.14024176761393,0.14024176761393,0.694062442250274,,FALSE,,,"Firth logistic test of observed presence",,
"crc_baxter","Unclassified_Rikenellaceae","ZINQ prevalence","ZINQ","prevalence","H","CRC","age_z + sex + log_library_size_z + group",TRUE,"available",0.859450740875544,0.859450740875544,0.859450740875544,0.966314225291948,,FALSE,,,"Firth logistic test of observed presence",,
"crc_baxter","Unclassified_Ruminococcaceae","ZINQ prevalence","ZINQ","prevalence","H","CRC","age_z + sex + log_library_size_z + group",TRUE,"available",0.897291780628237,0.897291780628237,0.897291780628237,0.966314225291948,,FALSE,,,"Firth logistic test of observed presence",,
"crc_baxter","Unclassified_Sutterellaceae","ZINQ prevalence","ZINQ","prevalence","H","CRC","age_z + sex + log_library_size_z + group",TRUE,"available",0.771764899353155,0.771764899353155,0.771764899353155,0.935022858831707,,FALSE,,,"Firth logistic test of observed presence",,
"crc_baxter","Unclassified_Veillonellaceae","ZINQ prevalence","ZINQ","prevalence","H","CRC","age_z + sex + log_library_size_z + group",TRUE,"available",0.467351464590592,0.467351464590592,0.467351464590592,0.784298407760743,,FALSE,,,"Firth logistic test of observed presence",,
"crc_baxter","Vampirovibrio","ZINQ prevalence","ZINQ","prevalence","H","CRC","age_z + sex + log_library_size_z + group",TRUE,"available",0.935324286218451,0.935324286218451,0.935324286218451,0.967919422525706,,FALSE,,,"Firth logistic test of observed presence",,
"crc_baxter","Veillonella","ZINQ prevalence","ZINQ","prevalence","H","CRC","age_z + sex + log_library_size_z + group",TRUE,"available",0.349498553388728,0.349498553388728,0.349498553388728,0.743747540171142,,FALSE,,,"Firth logistic test of observed presence",,
"crc_baxter","Weissella","ZINQ prevalence","ZINQ","prevalence","H","CRC","age_z + sex + log_library_size_z + group",TRUE,"available",0.142216495860514,0.142216495860514,0.142216495860514,0.694062442250274,,FALSE,,,"Firth logistic test of observed presence",,
"crc_baxter","Acetanaerobacterium","ZINQ abundance","ZINQ","abundance","H","CRC","age_z + sex + log_library_size_z + group",TRUE,"available",0.208105796528235,0.208105796528235,0.208105796528235,0.557900646011864,,FALSE,,,"weighted Cauchy combination of nonzero quantile tests at 0.25, 0.50, and 0.75",,
"crc_baxter","Acetitomaculum","ZINQ abundance","ZINQ","abundance","H","CRC","age_z + sex + log_library_size_z + group",TRUE,"available",0.00634919218726049,0.00634919218726049,0.00634919218726049,0.159999643118964,,FALSE,,,"weighted Cauchy combination of nonzero quantile tests at 0.25, 0.50, and 0.75",,
"crc_baxter","Acidaminococcus","ZINQ abundance","ZINQ","abundance","H","CRC","age_z + sex + log_library_size_z + group",TRUE,"available",0.559108862938601,0.559108862938601,0.559108862938601,0.828796667414867,,FALSE,,,"weighted Cauchy combination of nonzero quantile tests at 0.25, 0.50, and 0.75",,
"crc_baxter","Actinomyces","ZINQ abundance","ZINQ","abundance","H","CRC","age_z + sex + log_library_size_z + group",TRUE,"available",0.429017822815104,0.429017822815104,0.429017822815104,0.750781189926433,,FALSE,,,"weighted Cauchy combination of nonzero quantile tests at 0.25, 0.50, and 0.75",,
"crc_baxter","Akkermansia","ZINQ abundance","ZINQ","abundance","H","CRC","age_z + sex + log_library_size_z + group",TRUE,"available",0.82523873100233,0.82523873100233,0.82523873100233,0.934565843342944,,FALSE,,,"weighted Cauchy combination of nonzero quantile tests at 0.25, 0.50, and 0.75",,
"crc_baxter","Alistipes","ZINQ abundance","ZINQ","abundance","H","CRC","age_z + sex + log_library_size_z + group",TRUE,"available",0.124421684473746,0.124421684473746,0.124421684473746,0.418933014005466,,FALSE,,,"weighted Cauchy combination of nonzero quantile tests at 0.25, 0.50, and 0.75",,
"crc_baxter","Allisonella","ZINQ abundance","ZINQ","abundance","H","CRC","age_z + sex + log_library_size_z + group",TRUE,"available",0.711624203571698,0.711624203571698,0.711624203571698,0.895017452260018,,FALSE,,,"weighted Cauchy combination of nonzero quantile tests at 0.25, 0.50, and 0.75",,
"crc_baxter","Anaerococcus","ZINQ abundance","ZINQ","abundance","H","CRC","age_z + sex + log_library_size_z + group",TRUE,"available",0.205602657431097,0.205602657431097,0.205602657431097,0.557900646011864,,FALSE,,,"weighted Cauchy combination of nonzero quantile tests at 0.25, 0.50, and 0.75",,
"crc_baxter","Anaerofilum","ZINQ abundance","ZINQ","abundance","H","CRC","age_z + sex + log_library_size_z + group",TRUE,"available",0.509759230920645,0.509759230920645,0.509759230920645,0.80884522489086,,FALSE,,,"weighted Cauchy combination of nonzero quantile tests at 0.25, 0.50, and 0.75",,
"crc_baxter","Anaerofustis","ZINQ abundance","ZINQ","abundance","H","CRC","age_z + sex + log_library_size_z + group",TRUE,"available",0.76163625684263,0.76163625684263,0.76163625684263,0.913963508211155,,FALSE,,,"weighted Cauchy combination of nonzero quantile tests at 0.25, 0.50, and 0.75",,
"crc_baxter","Anaerorhabdus","ZINQ abundance","ZINQ","abundance","H","CRC","age_z + sex + log_library_size_z + group",TRUE,"available",0.0248371522317511,0.0248371522317511,0.0248371522317511,0.272701986835681,,FALSE,,,"weighted Cauchy combination of nonzero quantile tests at 0.25, 0.50, and 0.75",,
"crc_baxter","Anaerosporobacter","ZINQ abundance","ZINQ","abundance","H","CRC","age_z + sex + log_library_size_z + group",TRUE,"available",0.129724501299443,0.129724501299443,0.129724501299443,0.418933014005466,,FALSE,,,"weighted Cauchy combination of nonzero quantile tests at 0.25, 0.50, and 0.75",,
"crc_baxter","Anaerostipes","ZINQ abundance","ZINQ","abundance","H","CRC","age_z + sex + log_library_size_z + group",TRUE,"available",0.120611488797378,0.120611488797378,0.120611488797378,0.418933014005466,,FALSE,,,"weighted Cauchy combination of nonzero quantile tests at 0.25, 0.50, and 0.75",,
"crc_baxter","Anaerotruncus","ZINQ abundance","ZINQ","abundance","H","CRC","age_z + sex + log_library_size_z + group",TRUE,"available",0.319330664302433,0.319330664302433,0.319330664302433,0.674150423784356,,FALSE,,,"weighted Cauchy combination of nonzero quantile tests at 0.25, 0.50, and 0.75",,
"crc_baxter","Atopobium","ZINQ abundance","ZINQ","abundance","H","CRC","age_z + sex + log_library_size_z + group",TRUE,"available",0.629061825278306,0.629061825278306,0.629061825278306,0.880686555389628,,FALSE,,,"weighted Cauchy combination of nonzero quantile tests at 0.25, 0.50, and 0.75",,
"crc_baxter","Bacteroides","ZINQ abundance","ZINQ","abundance","H","CRC","age_z + sex + log_library_size_z + group",TRUE,"available",0.0487256346807845,0.0487256346807845,0.0487256346807845,0.362276443907411,,FALSE,,,"weighted Cauchy combination of nonzero quantile tests at 0.25, 0.50, and 0.75",,
"crc_baxter","Barnesiella","ZINQ abundance","ZINQ","abundance","H","CRC","age_z + sex + log_library_size_z + group",TRUE,"available",0.437722990943681,0.437722990943681,0.437722990943681,0.755521874779504,,FALSE,,,"weighted Cauchy combination of nonzero quantile tests at 0.25, 0.50, and 0.75",,
"crc_baxter","Bifidobacterium","ZINQ abundance","ZINQ","abundance","H","CRC","age_z + sex + log_library_size_z + group",TRUE,"available",0.294202719700738,0.294202719700738,0.294202719700738,0.63913004624643,,FALSE,,,"weighted Cauchy combination of nonzero quantile tests at 0.25, 0.50, and 0.75",,
"crc_baxter","Bilophila","ZINQ abundance","ZINQ","abundance","H","CRC","age_z + sex + log_library_size_z + group",TRUE,"available",0.0565802962128378,0.0565802962128378,0.0565802962128378,0.362276443907411,,FALSE,,,"weighted Cauchy combination of nonzero quantile tests at 0.25, 0.50, and 0.75",,
"crc_baxter","Blautia","ZINQ abundance","ZINQ","abundance","H","CRC","age_z + sex + log_library_size_z + group",TRUE,"available",0.274410160123888,0.274410160123888,0.274410160123888,0.628890002290698,,FALSE,,,"weighted Cauchy combination of nonzero quantile tests at 0.25, 0.50, and 0.75",,
"crc_baxter","Butyricicoccus","ZINQ abundance","ZINQ","abundance","H","CRC","age_z + sex + log_library_size_z + group",TRUE,"available",0.0989867868673796,0.0989867868673796,0.0989867868673796,0.418933014005466,,FALSE,,,"weighted Cauchy combination of nonzero quantile tests at 0.25, 0.50, and 0.75",,
"crc_baxter","Butyricimonas","ZINQ abundance","ZINQ","abundance","H","CRC","age_z + sex + log_library_size_z + group",TRUE,"available",0.284497858179125,0.284497858179125,0.284497858179125,0.628890002290698,,FALSE,,,"weighted Cauchy combination of nonzero quantile tests at 0.25, 0.50, and 0.75",,
"crc_baxter","Catenibacterium","ZINQ abundance","ZINQ","abundance","H","CRC","age_z + sex + log_library_size_z + group",TRUE,"available",0.493599428600838,0.493599428600838,0.493599428600838,0.79735292312443,,FALSE,,,"weighted Cauchy combination of nonzero quantile tests at 0.25, 0.50, and 0.75",,
"crc_baxter","Citrobacter","ZINQ abundance","ZINQ","abundance","H","CRC","age_z + sex + log_library_size_z + group",TRUE,"available",0.0175365933973431,0.0175365933973431,0.0175365933973431,0.220961076806524,,FALSE,,,"weighted Cauchy combination of nonzero quantile tests at 0.25, 0.50, and 0.75",,
"crc_baxter","Cloacibacillus","ZINQ abundance","ZINQ","abundance","H","CRC","age_z + sex + log_library_size_z + group",TRUE,"available",0.923837913553954,0.923837913553954,0.923837913553954,0.971921561748555,,FALSE,,,"weighted Cauchy combination of nonzero quantile tests at 0.25, 0.50, and 0.75",,
"crc_baxter","Clostridium_III","ZINQ abundance","ZINQ","abundance","H","CRC","age_z + sex + log_library_size_z + group",TRUE,"available",0.0307733280538023,0.0307733280538023,0.0307733280538023,0.276959952484221,,FALSE,,,"weighted Cauchy combination of nonzero quantile tests at 0.25, 0.50, and 0.75",,
"crc_baxter","Clostridium_IV","ZINQ abundance","ZINQ","abundance","H","CRC","age_z + sex + log_library_size_z + group",TRUE,"available",0.749929400210518,0.749929400210518,0.749929400210518,0.913963508211155,,FALSE,,,"weighted Cauchy combination of nonzero quantile tests at 0.25, 0.50, and 0.75",,
"crc_baxter","Clostridium_sensu_stricto","ZINQ abundance","ZINQ","abundance","H","CRC","age_z + sex + log_library_size_z + group",TRUE,"available",0.940120680537678,0.940120680537678,0.940120680537678,0.971921561748555,,FALSE,,,"weighted Cauchy combination of nonzero quantile tests at 0.25, 0.50, and 0.75",,
"crc_baxter","Clostridium_XI","ZINQ abundance","ZINQ","abundance","H","CRC","age_z + sex + log_library_size_z + group",TRUE,"available",0.341919492769472,0.341919492769472,0.341919492769472,0.68273511400961,,FALSE,,,"weighted Cauchy combination of nonzero quantile tests at 0.25, 0.50, and 0.75",,
"crc_baxter","Clostridium_XII","ZINQ abundance","ZINQ","abundance","H","CRC","age_z + sex + log_library_size_z + group",TRUE,"available",0.700381397252663,0.700381397252663,0.700381397252663,0.894483289375211,,FALSE,,,"weighted Cauchy combination of nonzero quantile tests at 0.25, 0.50, and 0.75",,
"crc_baxter","Clostridium_XlVa","ZINQ abundance","ZINQ","abundance","H","CRC","age_z + sex + log_library_size_z + group",TRUE,"available",0.245863471134359,0.245863471134359,0.245863471134359,0.603144586738145,,FALSE,,,"weighted Cauchy combination of nonzero quantile tests at 0.25, 0.50, and 0.75",,
"crc_baxter","Clostridium_XlVb","ZINQ abundance","ZINQ","abundance","H","CRC","age_z + sex + log_library_size_z + group",TRUE,"available",0.0418926417928738,0.0418926417928738,0.0418926417928738,0.35189819106014,,FALSE,,,"weighted Cauchy combination of nonzero quantile tests at 0.25, 0.50, and 0.75",,
"crc_baxter","Clostridium_XVIII","ZINQ abundance","ZINQ","abundance","H","CRC","age_z + sex + log_library_size_z + group",TRUE,"available",0.059653403228475,0.059653403228475,0.059653403228475,0.362276443907411,,FALSE,,,"weighted Cauchy combination of nonzero quantile tests at 0.25, 0.50, and 0.75",,
"crc_baxter","Collinsella","ZINQ abundance","ZINQ","abundance","H","CRC","age_z + sex + log_library_size_z + group",TRUE,"available",0.0639457595713206,0.0639457595713206,0.0639457595713206,0.366234804817564,,FALSE,,,"weighted Cauchy combination of nonzero quantile tests at 0.25, 0.50, and 0.75",,
"crc_baxter","Coprobacillus","ZINQ abundance","ZINQ","abundance","H","CRC","age_z + sex + log_library_size_z + group",TRUE,"available",0.485707090868705,0.485707090868705,0.485707090868705,0.79735292312443,,FALSE,,,"weighted Cauchy combination of nonzero quantile tests at 0.25, 0.50, and 0.75",,
"crc_baxter","Coprococcus","ZINQ abundance","ZINQ","abundance","H","CRC","age_z + sex + log_library_size_z + group",TRUE,"available",0.277038231646154,0.277038231646154,0.277038231646154,0.628890002290698,,FALSE,,,"weighted Cauchy combination of nonzero quantile tests at 0.25, 0.50, and 0.75",,
"crc_baxter","Corynebacterium","ZINQ abundance","ZINQ","abundance","H","CRC","age_z + sex + log_library_size_z + group",TRUE,"available",0.248916813574472,0.248916813574472,0.248916813574472,0.603144586738145,,FALSE,,,"weighted Cauchy combination of nonzero quantile tests at 0.25, 0.50, and 0.75",,
"crc_baxter","Defluviitalea","ZINQ abundance","ZINQ","abundance","H","CRC","age_z + sex + log_library_size_z + group",TRUE,"available",0.981098037512857,0.981098037512857,0.981098037512857,0.981415265422389,,FALSE,,,"weighted Cauchy combination of nonzero quantile tests at 0.25, 0.50, and 0.75",,
"crc_baxter","Desulfovibrio","ZINQ abundance","ZINQ","abundance","H","CRC","age_z + sex + log_library_size_z + group",TRUE,"available",0.65098223231247,0.65098223231247,0.65098223231247,0.881363330673941,,FALSE,,,"weighted Cauchy combination of nonzero quantile tests at 0.25, 0.50, and 0.75",,
"crc_baxter","Dialister","ZINQ abundance","ZINQ","abundance","H","CRC","age_z + sex + log_library_size_z + group",TRUE,"available",0.00425472209567235,0.00425472209567235,0.00425472209567235,0.159999643118964,,FALSE,,,"weighted Cauchy combination of nonzero quantile tests at 0.25, 0.50, and 0.75",,
"crc_baxter","Dorea","ZINQ abundance","ZINQ","abundance","H","CRC","age_z + sex + log_library_size_z + group",TRUE,"available",0.769331344412315,0.769331344412315,0.769331344412315,0.914488201848601,,FALSE,,,"weighted Cauchy combination of nonzero quantile tests at 0.25, 0.50, and 0.75",,
"crc_baxter","Eggerthella","ZINQ abundance","ZINQ","abundance","H","CRC","age_z + sex + log_library_size_z + group",TRUE,"available",0.678509865677558,0.678509865677558,0.678509865677558,0.881363330673941,,FALSE,,,"weighted Cauchy combination of nonzero quantile tests at 0.25, 0.50, and 0.75",,
"crc_baxter","Eggerthia","ZINQ abundance","ZINQ","abundance","H","CRC","age_z + sex + log_library_size_z + group",TRUE,"available",0.0671867648920279,0.0671867648920279,0.0671867648920279,0.368066625060675,,FALSE,,,"weighted Cauchy combination of nonzero quantile tests at 0.25, 0.50, and 0.75",,
"crc_baxter","Enterobacter","ZINQ abundance","ZINQ","abundance","H","CRC","age_z + sex + log_library_size_z + group",TRUE,"available",0.591198814937654,0.591198814937654,0.591198814937654,0.839136319009427,,FALSE,,,"weighted Cauchy combination of nonzero quantile tests at 0.25, 0.50, and 0.75",,
"crc_baxter","Enterococcus","ZINQ abundance","ZINQ","abundance","H","CRC","age_z + sex + log_library_size_z + group",TRUE,"available",0.0853693832756838,0.0853693832756838,0.0853693832756838,0.418933014005466,,FALSE,,,"weighted Cauchy combination of nonzero quantile tests at 0.25, 0.50, and 0.75",,
"crc_baxter","Enterorhabdus","ZINQ abundance","ZINQ","abundance","H","CRC","age_z + sex + log_library_size_z + group",TRUE,"available",0.346786089655675,0.346786089655675,0.346786089655675,0.68273511400961,,FALSE,,,"weighted Cauchy combination of nonzero quantile tests at 0.25, 0.50, and 0.75",,
"crc_baxter","Erysipelotrichaceae_incertae_sedis","ZINQ abundance","ZINQ","abundance","H","CRC","age_z + sex + log_library_size_z + group",TRUE,"available",0.877671594534539,0.877671594534539,0.877671594534539,0.953332938890965,,FALSE,,,"weighted Cauchy combination of nonzero quantile tests at 0.25, 0.50, and 0.75",,
"crc_baxter","Escherichia/Shigella","ZINQ abundance","ZINQ","abundance","H","CRC","age_z + sex + log_library_size_z + group",TRUE,"available",0.530046308666804,0.530046308666804,0.530046308666804,0.814461401122162,,FALSE,,,"weighted Cauchy combination of nonzero quantile tests at 0.25, 0.50, and 0.75",,
"crc_baxter","Eubacterium","ZINQ abundance","ZINQ","abundance","H","CRC","age_z + sex + log_library_size_z + group",TRUE,"available",0.592723272951103,0.592723272951103,0.592723272951103,0.839136319009427,,FALSE,,,"weighted Cauchy combination of nonzero quantile tests at 0.25, 0.50, and 0.75",,
"crc_baxter","Faecalibacterium","ZINQ abundance","ZINQ","abundance","H","CRC","age_z + sex + log_library_size_z + group",TRUE,"available",0.941066908994633,0.941066908994633,0.941066908994633,0.971921561748555,,FALSE,,,"weighted Cauchy combination of nonzero quantile tests at 0.25, 0.50, and 0.75",,
"crc_baxter","Flavonifractor","ZINQ abundance","ZINQ","abundance","H","CRC","age_z + sex + log_library_size_z + group",TRUE,"available",0.702808298794809,0.702808298794809,0.702808298794809,0.894483289375211,,FALSE,,,"weighted Cauchy combination of nonzero quantile tests at 0.25, 0.50, and 0.75",,
"crc_baxter","Fusobacterium","ZINQ abundance","ZINQ","abundance","H","CRC","age_z + sex + log_library_size_z + group",TRUE,"available",0.98022236485914,0.98022236485914,0.98022236485914,0.981415265422389,,FALSE,,,"weighted Cauchy combination of nonzero quantile tests at 0.25, 0.50, and 0.75",,
"crc_baxter","Gemella","ZINQ abundance","ZINQ","abundance","H","CRC","age_z + sex + log_library_size_z + group",TRUE,"available",0.000248086497266375,0.000248086497266375,0.000248086497266375,0.0312588986555633,,TRUE,,,"weighted Cauchy combination of nonzero quantile tests at 0.25, 0.50, and 0.75",,
"crc_baxter","Gemmiger","ZINQ abundance","ZINQ","abundance","H","CRC","age_z + sex + log_library_size_z + group",TRUE,"available",0.0127354981031338,0.0127354981031338,0.0127354981031338,0.220961076806524,,FALSE,,,"weighted Cauchy combination of nonzero quantile tests at 0.25, 0.50, and 0.75",,
"crc_baxter","Gordonibacter","ZINQ abundance","ZINQ","abundance","H","CRC","age_z + sex + log_library_size_z + group",TRUE,"available",0.0995985861956712,0.0995985861956712,0.0995985861956712,0.418933014005466,,FALSE,,,"weighted Cauchy combination of nonzero quantile tests at 0.25, 0.50, and 0.75",,
"crc_baxter","Granulicatella","ZINQ abundance","ZINQ","abundance","H","CRC","age_z + sex + log_library_size_z + group",TRUE,"available",0.34097810475659,0.34097810475659,0.34097810475659,0.68273511400961,,FALSE,,,"weighted Cauchy combination of nonzero quantile tests at 0.25, 0.50, and 0.75",,
"crc_baxter","Haemophilus","ZINQ abundance","ZINQ","abundance","H","CRC","age_z + sex + log_library_size_z + group",TRUE,"available",0.0571545754972858,0.0571545754972858,0.0571545754972858,0.362276443907411,,FALSE,,,"weighted Cauchy combination of nonzero quantile tests at 0.25, 0.50, and 0.75",,
"crc_baxter","Hespellia","ZINQ abundance","ZINQ","abundance","H","CRC","age_z + sex + log_library_size_z + group",TRUE,"available",0.666276482367825,0.666276482367825,0.666276482367825,0.881363330673941,,FALSE,,,"weighted Cauchy combination of nonzero quantile tests at 0.25, 0.50, and 0.75",,
"crc_baxter","Holdemania","ZINQ abundance","ZINQ","abundance","H","CRC","age_z + sex + log_library_size_z + group",TRUE,"available",0.136319472811303,0.136319472811303,0.136319472811303,0.418933014005466,,FALSE,,,"weighted Cauchy combination of nonzero quantile tests at 0.25, 0.50, and 0.75",,
"crc_baxter","Howardella","ZINQ abundance","ZINQ","abundance","H","CRC","age_z + sex + log_library_size_z + group",TRUE,"available",0.110707870708323,0.110707870708323,0.110707870708323,0.418933014005466,,FALSE,,,"weighted Cauchy combination of nonzero quantile tests at 0.25, 0.50, and 0.75",,
"crc_baxter","Lachnobacterium","ZINQ abundance","ZINQ","abundance","H","CRC","age_z + sex + log_library_size_z + group",TRUE,"available",0.838142383315497,0.838142383315497,0.838142383315497,0.934565843342944,,FALSE,,,"weighted Cauchy combination of nonzero quantile tests at 0.25, 0.50, and 0.75",,
"crc_baxter","Lachnospiracea_incertae_sedis","ZINQ abundance","ZINQ","abundance","H","CRC","age_z + sex + log_library_size_z + group",TRUE,"available",0.230754638919449,0.230754638919449,0.230754638919449,0.593369071507155,,FALSE,,,"weighted Cauchy combination of nonzero quantile tests at 0.25, 0.50, and 0.75",,
"crc_baxter","Lactobacillus","ZINQ abundance","ZINQ","abundance","H","CRC","age_z + sex + log_library_size_z + group",TRUE,"available",0.00557771411754526,0.00557771411754526,0.00557771411754526,0.159999643118964,,FALSE,,,"weighted Cauchy combination of nonzero quantile tests at 0.25, 0.50, and 0.75",,
"crc_baxter","Lactococcus","ZINQ abundance","ZINQ","abundance","H","CRC","age_z + sex + log_library_size_z + group",TRUE,"available",0.407052245495398,0.407052245495398,0.407052245495398,0.722473352561441,,FALSE,,,"weighted Cauchy combination of nonzero quantile tests at 0.25, 0.50, and 0.75",,
"crc_baxter","Lactonifactor","ZINQ abundance","ZINQ","abundance","H","CRC","age_z + sex + log_library_size_z + group",TRUE,"available",0.967107785679109,0.967107785679109,0.967107785679109,0.981415265422389,,FALSE,,,"weighted Cauchy combination of nonzero quantile tests at 0.25, 0.50, and 0.75",,
"crc_baxter","Megasphaera","ZINQ abundance","ZINQ","abundance","H","CRC","age_z + sex + log_library_size_z + group",TRUE,"available",0.014280130221798,0.014280130221798,0.014280130221798,0.220961076806524,,FALSE,,,"weighted Cauchy combination of nonzero quantile tests at 0.25, 0.50, and 0.75",,
"crc_baxter","Methanobrevibacter","ZINQ abundance","ZINQ","abundance","H","CRC","age_z + sex + log_library_size_z + group",TRUE,"available",0.650065687538985,0.650065687538985,0.650065687538985,0.881363330673941,,FALSE,,,"weighted Cauchy combination of nonzero quantile tests at 0.25, 0.50, and 0.75",,
"crc_baxter","Methylobacterium","ZINQ abundance","ZINQ","abundance","H","CRC","age_z + sex + log_library_size_z + group",TRUE,"available",0.836200082734913,0.836200082734913,0.836200082734913,0.934565843342944,,FALSE,,,"weighted Cauchy combination of nonzero quantile tests at 0.25, 0.50, and 0.75",,
"crc_baxter","Mogibacterium","ZINQ abundance","ZINQ","abundance","H","CRC","age_z + sex + log_library_size_z + group",TRUE,"available",0.165882056002656,0.165882056002656,0.165882056002656,0.486073001310109,,FALSE,,,"weighted Cauchy combination of nonzero quantile tests at 0.25, 0.50, and 0.75",,
"crc_baxter","Odoribacter","ZINQ abundance","ZINQ","abundance","H","CRC","age_z + sex + log_library_size_z + group",TRUE,"available",0.551250245139873,0.551250245139873,0.551250245139873,0.828796667414867,,FALSE,,,"weighted Cauchy combination of nonzero quantile tests at 0.25, 0.50, and 0.75",,
"crc_baxter","Oscillibacter","ZINQ abundance","ZINQ","abundance","H","CRC","age_z + sex + log_library_size_z + group",TRUE,"available",0.826068297606093,0.826068297606093,0.826068297606093,0.934565843342944,,FALSE,,,"weighted Cauchy combination of nonzero quantile tests at 0.25, 0.50, and 0.75",,
"crc_baxter","Oxalobacter","ZINQ abundance","ZINQ","abundance","H","CRC","age_z + sex + log_library_size_z + group",TRUE,"available",0.198523505910331,0.198523505910331,0.198523505910331,0.555865816548925,,FALSE,,,"weighted Cauchy combination of nonzero quantile tests at 0.25, 0.50, and 0.75",,
"crc_baxter","Parabacteroides","ZINQ abundance","ZINQ","abundance","H","CRC","age_z + sex + log_library_size_z + group",TRUE,"available",0.473920713690467,0.473920713690467,0.473920713690467,0.79735292312443,,FALSE,,,"weighted Cauchy combination of nonzero quantile tests at 0.25, 0.50, and 0.75",,
"crc_baxter","Paraprevotella","ZINQ abundance","ZINQ","abundance","H","CRC","age_z + sex + log_library_size_z + group",TRUE,"available",0.101494013041258,0.101494013041258,0.101494013041258,0.418933014005466,,FALSE,,,"weighted Cauchy combination of nonzero quantile tests at 0.25, 0.50, and 0.75",,
"crc_baxter","Parasutterella","ZINQ abundance","ZINQ","abundance","H","CRC","age_z + sex + log_library_size_z + group",TRUE,"available",0.342943905995496,0.342943905995496,0.342943905995496,0.68273511400961,,FALSE,,,"weighted Cauchy combination of nonzero quantile tests at 0.25, 0.50, and 0.75",,
"crc_baxter","Parvimonas","ZINQ abundance","ZINQ","abundance","H","CRC","age_z + sex + log_library_size_z + group",TRUE,"available",0.0940143541842728,0.0940143541842728,0.0940143541842728,0.418933014005466,,FALSE,,,"weighted Cauchy combination of nonzero quantile tests at 0.25, 0.50, and 0.75",,
"crc_baxter","Peptococcus","ZINQ abundance","ZINQ","abundance","H","CRC","age_z + sex + log_library_size_z + group",TRUE,"available",0.75500668614949,0.75500668614949,0.75500668614949,0.913963508211155,,FALSE,,,"weighted Cauchy combination of nonzero quantile tests at 0.25, 0.50, and 0.75",,
"crc_baxter","Peptoniphilus","ZINQ abundance","ZINQ","abundance","H","CRC","age_z + sex + log_library_size_z + group",TRUE,"available",0.0281359192766972,0.0281359192766972,0.0281359192766972,0.272701986835681,,FALSE,,,"weighted Cauchy combination of nonzero quantile tests at 0.25, 0.50, and 0.75",,
"crc_baxter","Peptostreptococcus","ZINQ abundance","ZINQ","abundance","H","CRC","age_z + sex + log_library_size_z + group",TRUE,"available",0.124799897726417,0.124799897726417,0.124799897726417,0.418933014005466,,FALSE,,,"weighted Cauchy combination of nonzero quantile tests at 0.25, 0.50, and 0.75",,
"crc_baxter","Phascolarctobacterium","ZINQ abundance","ZINQ","abundance","H","CRC","age_z + sex + log_library_size_z + group",TRUE,"available",0.920335986560402,0.920335986560402,0.920335986560402,0.971921561748555,,FALSE,,,"weighted Cauchy combination of nonzero quantile tests at 0.25, 0.50, and 0.75",,
"crc_baxter","Porphyromonas","ZINQ abundance","ZINQ","abundance","H","CRC","age_z + sex + log_library_size_z + group",TRUE,"available",0.0150443556296677,0.0150443556296677,0.0150443556296677,0.220961076806524,,FALSE,,,"weighted Cauchy combination of nonzero quantile tests at 0.25, 0.50, and 0.75",,
"crc_baxter","Prevotella","ZINQ abundance","ZINQ","abundance","H","CRC","age_z + sex + log_library_size_z + group",TRUE,"available",0.129704150621272,0.129704150621272,0.129704150621272,0.418933014005466,,FALSE,,,"weighted Cauchy combination of nonzero quantile tests at 0.25, 0.50, and 0.75",,
"crc_baxter","Pseudoflavonifractor","ZINQ abundance","ZINQ","abundance","H","CRC","age_z + sex + log_library_size_z + group",TRUE,"available",0.490138240718206,0.490138240718206,0.490138240718206,0.79735292312443,,FALSE,,,"weighted Cauchy combination of nonzero quantile tests at 0.25, 0.50, and 0.75",,
"crc_baxter","Pseudomonas","ZINQ abundance","ZINQ","abundance","H","CRC","age_z + sex + log_library_size_z + group",TRUE,"available",0.371865377176552,0.371865377176552,0.371865377176552,0.689044669474199,,FALSE,,,"weighted Cauchy combination of nonzero quantile tests at 0.25, 0.50, and 0.75",,
"crc_baxter","Roseburia","ZINQ abundance","ZINQ","abundance","H","CRC","age_z + sex + log_library_size_z + group",TRUE,"available",0.787527867995991,0.787527867995991,0.787527867995991,0.927369265116774,,FALSE,,,"weighted Cauchy combination of nonzero quantile tests at 0.25, 0.50, and 0.75",,
"crc_baxter","Rothia","ZINQ abundance","ZINQ","abundance","H","CRC","age_z + sex + log_library_size_z + group",TRUE,"available",0.931219899211841,0.931219899211841,0.931219899211841,0.971921561748555,,FALSE,,,"weighted Cauchy combination of nonzero quantile tests at 0.25, 0.50, and 0.75",,
"crc_baxter","Ruminococcus","ZINQ abundance","ZINQ","abundance","H","CRC","age_z + sex + log_library_size_z + group",TRUE,"available",0.150686853221452,0.150686853221452,0.150686853221452,0.452060559664356,,FALSE,,,"weighted Cauchy combination of nonzero quantile tests at 0.25, 0.50, and 0.75",,
"crc_baxter","Ruminococcus2","ZINQ abundance","ZINQ","abundance","H","CRC","age_z + sex + log_library_size_z + group",TRUE,"available",0.187649312726932,0.187649312726932,0.187649312726932,0.537359395536214,,FALSE,,,"weighted Cauchy combination of nonzero quantile tests at 0.25, 0.50, and 0.75",,
"crc_baxter","Slackia","ZINQ abundance","ZINQ","abundance","H","CRC","age_z + sex + log_library_size_z + group",TRUE,"available",0.753865309224269,0.753865309224269,0.753865309224269,0.913963508211155,,FALSE,,,"weighted Cauchy combination of nonzero quantile tests at 0.25, 0.50, and 0.75",,
"crc_baxter","Solobacterium","ZINQ abundance","ZINQ","abundance","H","CRC","age_z + sex + log_library_size_z + group",TRUE,"available",0.590618685918275,0.590618685918275,0.590618685918275,0.839136319009427,,FALSE,,,"weighted Cauchy combination of nonzero quantile tests at 0.25, 0.50, and 0.75",,
"crc_baxter","Sporobacter","ZINQ abundance","ZINQ","abundance","H","CRC","age_z + sex + log_library_size_z + group",TRUE,"available",0.659973033876005,0.659973033876005,0.659973033876005,0.881363330673941,,FALSE,,,"weighted Cauchy combination of nonzero quantile tests at 0.25, 0.50, and 0.75",,
"crc_baxter","Staphylococcus","ZINQ abundance","ZINQ","abundance","H","CRC","age_z + sex + log_library_size_z + group",TRUE,"available",0.80765010119184,0.80765010119184,0.80765010119184,0.934565843342944,,FALSE,,,"weighted Cauchy combination of nonzero quantile tests at 0.25, 0.50, and 0.75",,
"crc_baxter","Streptococcus","ZINQ abundance","ZINQ","abundance","H","CRC","age_z + sex + log_library_size_z + group",TRUE,"available",0.59082775832948,0.59082775832948,0.59082775832948,0.839136319009427,,FALSE,,,"weighted Cauchy combination of nonzero quantile tests at 0.25, 0.50, and 0.75",,
"crc_baxter","Streptophyta","ZINQ abundance","ZINQ","abundance","H","CRC","age_z + sex + log_library_size_z + group",TRUE,"available",0.0746064946953535,0.0746064946953535,0.0746064946953535,0.391684097150606,,FALSE,,,"weighted Cauchy combination of nonzero quantile tests at 0.25, 0.50, and 0.75",,
"crc_baxter","Subdoligranulum","ZINQ abundance","ZINQ","abundance","H","CRC","age_z + sex + log_library_size_z + group",TRUE,"available",0.0603794073179018,0.0603794073179018,0.0603794073179018,0.362276443907411,,FALSE,,,"weighted Cauchy combination of nonzero quantile tests at 0.25, 0.50, and 0.75",,
"crc_baxter","Succiniclasticum","ZINQ abundance","ZINQ","abundance","H","CRC","age_z + sex + log_library_size_z + group",TRUE,"available",0.226406701932216,0.226406701932216,0.226406701932216,0.593369071507155,,FALSE,,,"weighted Cauchy combination of nonzero quantile tests at 0.25, 0.50, and 0.75",,
"crc_baxter","Succinivibrio","ZINQ abundance","ZINQ","abundance","H","CRC","age_z + sex + log_library_size_z + group",TRUE,"available",0.981415265422389,0.981415265422389,0.981415265422389,0.981415265422389,,FALSE,,,"weighted Cauchy combination of nonzero quantile tests at 0.25, 0.50, and 0.75",,
"crc_baxter","Sutterella","ZINQ abundance","ZINQ","abundance","H","CRC","age_z + sex + log_library_size_z + group",TRUE,"available",0.130574813834705,0.130574813834705,0.130574813834705,0.418933014005466,,FALSE,,,"weighted Cauchy combination of nonzero quantile tests at 0.25, 0.50, and 0.75",,
"crc_baxter","Turicibacter","ZINQ abundance","ZINQ","abundance","H","CRC","age_z + sex + log_library_size_z + group",TRUE,"available",0.672764659109584,0.672764659109584,0.672764659109584,0.881363330673941,,FALSE,,,"weighted Cauchy combination of nonzero quantile tests at 0.25, 0.50, and 0.75",,
"crc_baxter","Unclassified_Acidaminococcaceae","ZINQ abundance","ZINQ","abundance","H","CRC","age_z + sex + log_library_size_z + group",TRUE,"available",0.280545296970634,0.280545296970634,0.280545296970634,0.628890002290698,,FALSE,,,"weighted Cauchy combination of nonzero quantile tests at 0.25, 0.50, and 0.75",,
"crc_baxter","Unclassified_Actinomycetaceae","ZINQ abundance","ZINQ","abundance","H","CRC","age_z + sex + log_library_size_z + group",TRUE,"available",0.71743462443065,0.71743462443065,0.71743462443065,0.895017452260018,,FALSE,,,"weighted Cauchy combination of nonzero quantile tests at 0.25, 0.50, and 0.75",,
"crc_baxter","Unclassified_Bacteria","ZINQ abundance","ZINQ","abundance","H","CRC","age_z + sex + log_library_size_z + group",TRUE,"available",0.0165320581518879,0.0165320581518879,0.0165320581518879,0.220961076806524,,FALSE,,,"weighted Cauchy combination of nonzero quantile tests at 0.25, 0.50, and 0.75",,
"crc_baxter","Unclassified_Bacteroidetes","ZINQ abundance","ZINQ","abundance","H","CRC","age_z + sex + log_library_size_z + group",TRUE,"available",0.0273179740909059,0.0273179740909059,0.0273179740909059,0.272701986835681,,FALSE,,,"weighted Cauchy combination of nonzero quantile tests at 0.25, 0.50, and 0.75",,
"crc_baxter","Unclassified_Burkholderiales","ZINQ abundance","ZINQ","abundance","H","CRC","age_z + sex + log_library_size_z + group",TRUE,"available",0.87213548783533,0.87213548783533,0.87213548783533,0.953332938890965,,FALSE,,,"weighted Cauchy combination of nonzero quantile tests at 0.25, 0.50, and 0.75",,
"crc_baxter","Unclassified_Clostridia","ZINQ abundance","ZINQ","abundance","H","CRC","age_z + sex + log_library_size_z + group",TRUE,"available",0.366452886212879,0.366452886212879,0.366452886212879,0.689044669474199,,FALSE,,,"weighted Cauchy combination of nonzero quantile tests at 0.25, 0.50, and 0.75",,
"crc_baxter","Unclassified_Clostridiaceae_2","ZINQ abundance","ZINQ","abundance","H","CRC","age_z + sex + log_library_size_z + group",TRUE,"available",0.236001943456399,0.236001943456399,0.236001943456399,0.594724897510125,,FALSE,,,"weighted Cauchy combination of nonzero quantile tests at 0.25, 0.50, and 0.75",,
"crc_baxter","Unclassified_Clostridiales","ZINQ abundance","ZINQ","abundance","H","CRC","age_z + sex + log_library_size_z + group",TRUE,"available",0.108327986733685,0.108327986733685,0.108327986733685,0.418933014005466,,FALSE,,,"weighted Cauchy combination of nonzero quantile tests at 0.25, 0.50, and 0.75",,
"crc_baxter","Unclassified_Clostridiales_Incertae_Sedis_XIII","ZINQ abundance","ZINQ","abundance","H","CRC","age_z + sex + log_library_size_z + group",TRUE,"available",0.556324905341658,0.556324905341658,0.556324905341658,0.828796667414867,,FALSE,,,"weighted Cauchy combination of nonzero quantile tests at 0.25, 0.50, and 0.75",,
"crc_baxter","Unclassified_Coriobacteriaceae","ZINQ abundance","ZINQ","abundance","H","CRC","age_z + sex + log_library_size_z + group",TRUE,"available",0.909952252117481,0.909952252117481,0.909952252117481,0.971921561748555,,FALSE,,,"weighted Cauchy combination of nonzero quantile tests at 0.25, 0.50, and 0.75",,
"crc_baxter","Unclassified_Desulfovibrionaceae","ZINQ abundance","ZINQ","abundance","H","CRC","age_z + sex + log_library_size_z + group",TRUE,"available",0.102466470392867,0.102466470392867,0.102466470392867,0.418933014005466,,FALSE,,,"weighted Cauchy combination of nonzero quantile tests at 0.25, 0.50, and 0.75",,
"crc_baxter","Unclassified_Desulfovibrionales","ZINQ abundance","ZINQ","abundance","H","CRC","age_z + sex + log_library_size_z + group",TRUE,"available",0.321024011325884,0.321024011325884,0.321024011325884,0.674150423784356,,FALSE,,,"weighted Cauchy combination of nonzero quantile tests at 0.25, 0.50, and 0.75",,
"crc_baxter","Unclassified_Enterobacteriaceae","ZINQ abundance","ZINQ","abundance","H","CRC","age_z + sex + log_library_size_z + group",TRUE,"available",0.661500634654473,0.661500634654473,0.661500634654473,0.881363330673941,,FALSE,,,"weighted Cauchy combination of nonzero quantile tests at 0.25, 0.50, and 0.75",,
"crc_baxter","Unclassified_Erysipelotrichaceae","ZINQ abundance","ZINQ","abundance","H","CRC","age_z + sex + log_library_size_z + group",TRUE,"available",0.852419851941492,0.852419851941492,0.852419851941492,0.942148257409017,,FALSE,,,"weighted Cauchy combination of nonzero quantile tests at 0.25, 0.50, and 0.75",,
"crc_baxter","Unclassified_Firmicutes","ZINQ abundance","ZINQ","abundance","H","CRC","age_z + sex + log_library_size_z + group",TRUE,"available",0.407108000252875,0.407108000252875,0.407108000252875,0.722473352561441,,FALSE,,,"weighted Cauchy combination of nonzero quantile tests at 0.25, 0.50, and 0.75",,
"crc_baxter","Unclassified_Lachnospiraceae","ZINQ abundance","ZINQ","abundance","H","CRC","age_z + sex + log_library_size_z + group",TRUE,"available",0.000684596288163086,0.000684596288163086,0.000684596288163086,0.0431295661542744,,TRUE,,,"weighted Cauchy combination of nonzero quantile tests at 0.25, 0.50, and 0.75",,
"crc_baxter","Unclassified_Peptostreptococcaceae","ZINQ abundance","ZINQ","abundance","H","CRC","age_z + sex + log_library_size_z + group",TRUE,"available",0.354998601608743,0.354998601608743,0.354998601608743,0.682909551910403,,FALSE,,,"weighted Cauchy combination of nonzero quantile tests at 0.25, 0.50, and 0.75",,
"crc_baxter","Unclassified_Porphyromonadaceae","ZINQ abundance","ZINQ","abundance","H","CRC","age_z + sex + log_library_size_z + group",TRUE,"available",0.133624070402294,0.133624070402294,0.133624070402294,0.418933014005466,,FALSE,,,"weighted Cauchy combination of nonzero quantile tests at 0.25, 0.50, and 0.75",,
"crc_baxter","Unclassified_Proteobacteria","ZINQ abundance","ZINQ","abundance","H","CRC","age_z + sex + log_library_size_z + group",TRUE,"available",0.271849556490433,0.271849556490433,0.271849556490433,0.628890002290698,,FALSE,,,"weighted Cauchy combination of nonzero quantile tests at 0.25, 0.50, and 0.75",,
"crc_baxter","Unclassified_Rhodospirillaceae","ZINQ abundance","ZINQ","abundance","H","CRC","age_z + sex + log_library_size_z + group",TRUE,"available",0.513552523740228,0.513552523740228,0.513552523740228,0.80884522489086,,FALSE,,,"weighted Cauchy combination of nonzero quantile tests at 0.25, 0.50, and 0.75",,
"crc_baxter","Unclassified_Rikenellaceae","ZINQ abundance","ZINQ","abundance","H","CRC","age_z + sex + log_library_size_z + group",TRUE,"available",0.835295792828908,0.835295792828908,0.835295792828908,0.934565843342944,,FALSE,,,"weighted Cauchy combination of nonzero quantile tests at 0.25, 0.50, and 0.75",,
"crc_baxter","Unclassified_Ruminococcaceae","ZINQ abundance","ZINQ","abundance","H","CRC","age_z + sex + log_library_size_z + group",TRUE,"available",0.116075361148194,0.116075361148194,0.116075361148194,0.418933014005466,,FALSE,,,"weighted Cauchy combination of nonzero quantile tests at 0.25, 0.50, and 0.75",,
"crc_baxter","Unclassified_Sutterellaceae","ZINQ abundance","ZINQ","abundance","H","CRC","age_z + sex + log_library_size_z + group",TRUE,"available",0.522872214100915,0.522872214100915,0.522872214100915,0.813356777490313,,FALSE,,,"weighted Cauchy combination of nonzero quantile tests at 0.25, 0.50, and 0.75",,
"crc_baxter","Unclassified_Veillonellaceae","ZINQ abundance","ZINQ","abundance","H","CRC","age_z + sex + log_library_size_z + group",TRUE,"available",0.380470538003573,0.380470538003573,0.380470538003573,0.694772286789133,,FALSE,,,"weighted Cauchy combination of nonzero quantile tests at 0.25, 0.50, and 0.75",,
"crc_baxter","Vampirovibrio","ZINQ abundance","ZINQ","abundance","H","CRC","age_z + sex + log_library_size_z + group",TRUE,"available",0.357714527191163,0.357714527191163,0.357714527191163,0.682909551910403,,FALSE,,,"weighted Cauchy combination of nonzero quantile tests at 0.25, 0.50, and 0.75",,
"crc_baxter","Veillonella","ZINQ abundance","ZINQ","abundance","H","CRC","age_z + sex + log_library_size_z + group",TRUE,"available",0.0585963097854294,0.0585963097854294,0.0585963097854294,0.362276443907411,,FALSE,,,"weighted Cauchy combination of nonzero quantile tests at 0.25, 0.50, and 0.75",,
"crc_baxter","Weissella","ZINQ abundance","ZINQ","abundance","H","CRC","age_z + sex + log_library_size_z + group",TRUE,"available",0.484771591634762,0.484771591634762,0.484771591634762,0.79735292312443,,FALSE,,,"weighted Cauchy combination of nonzero quantile tests at 0.25, 0.50, and 0.75",,
"crc_baxter","Acetanaerobacterium","ZINQ combined","ZINQ","combined","H","CRC","age_z + sex + log_library_size_z + group",TRUE,"available",0.306920623314638,0.306920623314638,0.306920623314638,0.59943588856348,,FALSE,,,"native ZINQ Cauchy combination","both",
"crc_baxter","Acetitomaculum","ZINQ combined","ZINQ","combined","H","CRC","age_z + sex + log_library_size_z + group",TRUE,"available",0.0348253865968386,0.0348253865968386,0.0348253865968386,0.208952319581032,,FALSE,,,"native ZINQ Cauchy combination","both",
"crc_baxter","Acidaminococcus","ZINQ combined","ZINQ","combined","H","CRC","age_z + sex + log_library_size_z + group",TRUE,"available",0.506588075100128,0.506588075100128,0.506588075100128,0.755016197667047,,FALSE,,,"native ZINQ Cauchy combination","both",
"crc_baxter","Actinomyces","ZINQ combined","ZINQ","combined","H","CRC","age_z + sex + log_library_size_z + group",TRUE,"available",0.885447663267074,0.885447663267074,0.885447663267074,0.945478013319079,,FALSE,,,"native ZINQ Cauchy combination","both",
"crc_baxter","Akkermansia","ZINQ combined","ZINQ","combined","H","CRC","age_z + sex + log_library_size_z + group",TRUE,"available",0.807375598477674,0.807375598477674,0.807375598477674,0.945478013319079,,FALSE,,,"native ZINQ Cauchy combination","both",
"crc_baxter","Alistipes","ZINQ combined","ZINQ","combined","H","CRC","age_z + sex + log_library_size_z + group",TRUE,"available",0.127252330821402,0.127252330821402,0.127252330821402,0.421941939039386,,FALSE,,,"native ZINQ Cauchy combination","both",
"crc_baxter","Allisonella","ZINQ combined","ZINQ","combined","H","CRC","age_z + sex + log_library_size_z + group",TRUE,"available",0.481584613571784,0.481584613571784,0.481584613571784,0.755016197667047,,FALSE,,,"native ZINQ Cauchy combination","both",
"crc_baxter","Anaerococcus","ZINQ combined","ZINQ","combined","H","CRC","age_z + sex + log_library_size_z + group",TRUE,"available",0.000189105524590172,0.000189105524590172,0.000189105524590172,0.00476545921967233,,TRUE,,,"native ZINQ Cauchy combination","both",
"crc_baxter","Anaerofilum","ZINQ combined","ZINQ","combined","H","CRC","age_z + sex + log_library_size_z + group",TRUE,"available",0.856215974097681,0.856215974097681,0.856215974097681,0.945478013319079,,FALSE,,,"native ZINQ Cauchy combination","both",
"crc_baxter","Anaerofustis","ZINQ combined","ZINQ","combined","H","CRC","age_z + sex + log_library_size_z + group",TRUE,"available",0.687445042750357,0.687445042750357,0.687445042750357,0.892969849345825,,FALSE,,,"native ZINQ Cauchy combination","both",
"crc_baxter","Anaerorhabdus","ZINQ combined","ZINQ","combined","H","CRC","age_z + sex + log_library_size_z + group",TRUE,"available",0.894548189102421,0.894548189102421,0.894548189102421,0.947168670814328,,FALSE,,,"native ZINQ Cauchy combination","both",
"crc_baxter","Anaerosporobacter","ZINQ combined","ZINQ","combined","H","CRC","age_z + sex + log_library_size_z + group",TRUE,"available",0.256433767639455,0.256433767639455,0.256433767639455,0.566853591624059,,FALSE,,,"native ZINQ Cauchy combination","both",
"crc_baxter","Anaerostipes","ZINQ combined","ZINQ","combined","H","CRC","age_z + sex + log_library_size_z + group",TRUE,"available",0.121204895629853,0.121204895629853,0.121204895629853,0.4127518067395,,FALSE,,,"native ZINQ Cauchy combination","both",
"crc_baxter","Anaerotruncus","ZINQ combined","ZINQ","combined","H","CRC","age_z + sex + log_library_size_z + group",TRUE,"available",0.661540355274848,0.661540355274848,0.661540355274848,0.890828677665865,,FALSE,,,"native ZINQ Cauchy combination","both",
"crc_baxter","Atopobium","ZINQ combined","ZINQ","combined","H","CRC","age_z + sex + log_library_size_z + group",TRUE,"available",0.498810451912394,0.498810451912394,0.498810451912394,0.755016197667047,,FALSE,,,"native ZINQ Cauchy combination","both",
"crc_baxter","Bacteroides","ZINQ combined","ZINQ","combined","H","CRC","age_z + sex + log_library_size_z + group",TRUE,"available",0.0487256346807845,0.0487256346807845,0.0487256346807845,0.275466196167758,,FALSE,,,"native ZINQ Cauchy combination","both",
"crc_baxter","Barnesiella","ZINQ combined","ZINQ","combined","H","CRC","age_z + sex + log_library_size_z + group",TRUE,"available",0.103099096988322,0.103099096988322,0.103099096988322,0.393651097591774,,FALSE,,,"native ZINQ Cauchy combination","both",
"crc_baxter","Bifidobacterium","ZINQ combined","ZINQ","combined","H","CRC","age_z + sex + log_library_size_z + group",TRUE,"available",0.349439811957874,0.349439811957874,0.349439811957874,0.623894108917612,,FALSE,,,"native ZINQ Cauchy combination","both",
"crc_baxter","Bilophila","ZINQ combined","ZINQ","combined","H","CRC","age_z + sex + log_library_size_z + group",TRUE,"available",0.0800850156191908,0.0800850156191908,0.0800850156191908,0.34999002735049,,FALSE,,,"native ZINQ Cauchy combination","both",
"crc_baxter","Blautia","ZINQ combined","ZINQ","combined","H","CRC","age_z + sex + log_library_size_z + group",TRUE,"available",0.274410160123888,0.274410160123888,0.274410160123888,0.589463883107315,,FALSE,,,"native ZINQ Cauchy combination","both",
"crc_baxter","Butyricicoccus","ZINQ combined","ZINQ","combined","H","CRC","age_z + sex + log_library_size_z + group",TRUE,"available",0.111922520630266,0.111922520630266,0.111922520630266,0.402921074268957,,FALSE,,,"native ZINQ Cauchy combination","both",
"crc_baxter","Butyricimonas","ZINQ combined","ZINQ","combined","H","CRC","age_z + sex + log_library_size_z + group",TRUE,"available",0.200107428510548,0.200107428510548,0.200107428510548,0.525281999840189,,FALSE,,,"native ZINQ Cauchy combination","both",
"crc_baxter","Catenibacterium","ZINQ combined","ZINQ","combined","H","CRC","age_z + sex + log_library_size_z + group",TRUE,"available",0.170515658592789,0.170515658592789,0.170515658592789,0.488294840515714,,FALSE,,,"native ZINQ Cauchy combination","both",
"crc_baxter","Citrobacter","ZINQ combined","ZINQ","combined","H","CRC","age_z + sex + log_library_size_z + group",TRUE,"available",0.163979790843783,0.163979790843783,0.163979790843783,0.485819718344767,,FALSE,,,"native ZINQ Cauchy combination","both",
"crc_baxter","Cloacibacillus","ZINQ combined","ZINQ","combined","H","CRC","age_z + sex + log_library_size_z + group",TRUE,"available",0.222734233622643,0.222734233622643,0.222734233622643,0.539702181470251,,FALSE,,,"native ZINQ Cauchy combination","both",
"crc_baxter","Clostridium_III","ZINQ combined","ZINQ","combined","H","CRC","age_z + sex + log_library_size_z + group",TRUE,"available",0.0574955771032801,0.0574955771032801,0.0574955771032801,0.299113593062026,,FALSE,,,"native ZINQ Cauchy combination","both",
"crc_baxter","Clostridium_IV","ZINQ combined","ZINQ","combined","H","CRC","age_z + sex + log_library_size_z + group",TRUE,"available",0.746458404086896,0.746458404086896,0.746458404086896,0.934799379633786,,FALSE,,,"native ZINQ Cauchy combination","both",
"crc_baxter","Clostridium_sensu_stricto","ZINQ combined","ZINQ","combined","H","CRC","age_z + sex + log_library_size_z + group",TRUE,"available",0.930473556237882,0.930473556237882,0.930473556237882,0.948371623454084,,FALSE,,,"native ZINQ Cauchy combination","both",
"crc_baxter","Clostridium_XI","ZINQ combined","ZINQ","combined","H","CRC","age_z + sex + log_library_size_z + group",TRUE,"available",0.337635242011842,0.337635242011842,0.337635242011842,0.623894108917612,,FALSE,,,"native ZINQ Cauchy combination","both",
"crc_baxter","Clostridium_XII","ZINQ combined","ZINQ","combined","H","CRC","age_z + sex + log_library_size_z + group",TRUE,"available",0.246429812442923,0.246429812442923,0.246429812442923,0.556266406832263,,FALSE,,,"native ZINQ Cauchy combination","both",
"crc_baxter","Clostridium_XlVa","ZINQ combined","ZINQ","combined","H","CRC","age_z + sex + log_library_size_z + group",TRUE,"available",0.247229514147672,0.247229514147672,0.247229514147672,0.556266406832263,,FALSE,,,"native ZINQ Cauchy combination","both",
"crc_baxter","Clostridium_XlVb","ZINQ combined","ZINQ","combined","H","CRC","age_z + sex + log_library_size_z + group",TRUE,"available",0.0502835119988764,0.0502835119988764,0.0502835119988764,0.275466196167758,,FALSE,,,"native ZINQ Cauchy combination","both",
"crc_baxter","Clostridium_XVIII","ZINQ combined","ZINQ","combined","H","CRC","age_z + sex + log_library_size_z + group",TRUE,"available",0.0629727939366312,0.0629727939366312,0.0629727939366312,0.299113593062026,,FALSE,,,"native ZINQ Cauchy combination","both",
"crc_baxter","Collinsella","ZINQ combined","ZINQ","combined","H","CRC","age_z + sex + log_library_size_z + group",TRUE,"available",1.08670192265903e-05,1.08670192265903e-05,1.08670192265903e-05,0.000342311105637594,,TRUE,,,"native ZINQ Cauchy combination","both",
"crc_baxter","Coprobacillus","ZINQ combined","ZINQ","combined","H","CRC","age_z + sex + log_library_size_z + group",TRUE,"available",0.296394124579254,0.296394124579254,0.296394124579254,0.595275395921925,,FALSE,,,"native ZINQ Cauchy combination","both",
"crc_baxter","Coprococcus","ZINQ combined","ZINQ","combined","H","CRC","age_z + sex + log_library_size_z + group",TRUE,"available",0.297637697960963,0.297637697960963,0.297637697960963,0.595275395921925,,FALSE,,,"native ZINQ Cauchy combination","both",
"crc_baxter","Corynebacterium","ZINQ combined","ZINQ","combined","H","CRC","age_z + sex + log_library_size_z + group",TRUE,"available",0.211995945007136,0.211995945007136,0.211995945007136,0.531728352163895,,FALSE,,,"native ZINQ Cauchy combination","both",
"crc_baxter","Defluviitalea","ZINQ combined","ZINQ","combined","H","CRC","age_z + sex + log_library_size_z + group",TRUE,"available",0.861808654339593,0.861808654339593,0.861808654339593,0.945478013319079,,FALSE,,,"native ZINQ Cauchy combination","both",
"crc_baxter","Desulfovibrio","ZINQ combined","ZINQ","combined","H","CRC","age_z + sex + log_library_size_z + group",TRUE,"available",0.351559378834527,0.351559378834527,0.351559378834527,0.623894108917612,,FALSE,,,"native ZINQ Cauchy combination","both",
"crc_baxter","Dialister","ZINQ combined","ZINQ","combined","H","CRC","age_z + sex + log_library_size_z + group",TRUE,"available",0.00930626526795986,0.00930626526795986,0.00930626526795986,0.0837563874116387,,FALSE,,,"native ZINQ Cauchy combination","both",
"crc_baxter","Dorea","ZINQ combined","ZINQ","combined","H","CRC","age_z + sex + log_library_size_z + group",TRUE,"available",0.764020810497852,0.764020810497852,0.764020810497852,0.934799379633786,,FALSE,,,"native ZINQ Cauchy combination","both",
"crc_baxter","Eggerthella","ZINQ combined","ZINQ","combined","H","CRC","age_z + sex + log_library_size_z + group",TRUE,"available",0.0940935210901395,0.0940935210901395,0.0940935210901395,0.370493239292424,,FALSE,,,"native ZINQ Cauchy combination","both",
"crc_baxter","Eggerthia","ZINQ combined","ZINQ","combined","H","CRC","age_z + sex + log_library_size_z + group",TRUE,"available",0.401242099618492,0.401242099618492,0.401242099618492,0.692554856875753,,FALSE,,,"native ZINQ Cauchy combination","both",
"crc_baxter","Enterobacter","ZINQ combined","ZINQ","combined","H","CRC","age_z + sex + log_library_size_z + group",TRUE,"available",0.448587407071282,0.448587407071282,0.448587407071282,0.743710701197125,,FALSE,,,"native ZINQ Cauchy combination","both",
"crc_baxter","Enterococcus","ZINQ combined","ZINQ","combined","H","CRC","age_z + sex + log_library_size_z + group",TRUE,"available",0.933886039102065,0.933886039102065,0.933886039102065,0.948371623454084,,FALSE,,,"native ZINQ Cauchy combination","both",
"crc_baxter","Enterorhabdus","ZINQ combined","ZINQ","combined","H","CRC","age_z + sex + log_library_size_z + group",TRUE,"available",0.447483419313411,0.447483419313411,0.447483419313411,0.743710701197125,,FALSE,,,"native ZINQ Cauchy combination","both",
"crc_baxter","Erysipelotrichaceae_incertae_sedis","ZINQ combined","ZINQ","combined","H","CRC","age_z + sex + log_library_size_z + group",TRUE,"available",0.8536508273093,0.8536508273093,0.8536508273093,0.945478013319079,,FALSE,,,"native ZINQ Cauchy combination","both",
"crc_baxter","Escherichia/Shigella","ZINQ combined","ZINQ","combined","H","CRC","age_z + sex + log_library_size_z + group",TRUE,"available",0.505495930741173,0.505495930741173,0.505495930741173,0.755016197667047,,FALSE,,,"native ZINQ Cauchy combination","both",
"crc_baxter","Eubacterium","ZINQ combined","ZINQ","combined","H","CRC","age_z + sex + log_library_size_z + group",TRUE,"available",0.0236410110000314,0.0236410110000314,0.0236410110000314,0.165487077000219,,FALSE,,,"native ZINQ Cauchy combination","both",
"crc_baxter","Faecalibacterium","ZINQ combined","ZINQ","combined","H","CRC","age_z + sex + log_library_size_z + group",TRUE,"available",0.940844864537782,0.940844864537782,0.940844864537782,0.948371623454084,,FALSE,,,"native ZINQ Cauchy combination","both",
"crc_baxter","Flavonifractor","ZINQ combined","ZINQ","combined","H","CRC","age_z + sex + log_library_size_z + group",TRUE,"available",0.71265860772473,0.71265860772473,0.71265860772473,0.907020046195111,,FALSE,,,"native ZINQ Cauchy combination","both",
"crc_baxter","Fusobacterium","ZINQ combined","ZINQ","combined","H","CRC","age_z + sex + log_library_size_z + group",TRUE,"available",0.00223583601731481,0.00223583601731481,0.00223583601731481,0.0281715338181666,,TRUE,,,"native ZINQ Cauchy combination","both",
"crc_baxter","Gemella","ZINQ combined","ZINQ","combined","H","CRC","age_z + sex + log_library_size_z + group",TRUE,"available",0.000872284939918977,0.000872284939918977,0.000872284939918977,0.0137384878037239,,TRUE,,,"native ZINQ Cauchy combination","both",
"crc_baxter","Gemmiger","ZINQ combined","ZINQ","combined","H","CRC","age_z + sex + log_library_size_z + group",TRUE,"available",0.0149283495787556,0.0149283495787556,0.0149283495787556,0.1175607529327,,FALSE,,,"native ZINQ Cauchy combination","both",
"crc_baxter","Gordonibacter","ZINQ combined","ZINQ","combined","H","CRC","age_z + sex + log_library_size_z + group",TRUE,"available",0.309232799655764,0.309232799655764,0.309232799655764,0.59943588856348,,FALSE,,,"native ZINQ Cauchy combination","both",
"crc_baxter","Granulicatella","ZINQ combined","ZINQ","combined","H","CRC","age_z + sex + log_library_size_z + group",TRUE,"available",0.0177635037161687,0.0177635037161687,0.0177635037161687,0.13165890989631,,FALSE,,,"native ZINQ Cauchy combination","both",
"crc_baxter","Haemophilus","ZINQ combined","ZINQ","combined","H","CRC","age_z + sex + log_library_size_z + group",TRUE,"available",0.0309895497526712,0.0309895497526712,0.0309895497526712,0.202318278414028,,FALSE,,,"native ZINQ Cauchy combination","both",
"crc_baxter","Hespellia","ZINQ combined","ZINQ","combined","H","CRC","age_z + sex + log_library_size_z + group",TRUE,"available",0.509336323823008,0.509336323823008,0.509336323823008,0.755016197667047,,FALSE,,,"native ZINQ Cauchy combination","both",
"crc_baxter","Holdemania","ZINQ combined","ZINQ","combined","H","CRC","age_z + sex + log_library_size_z + group",TRUE,"available",0.281915620177381,0.281915620177381,0.281915620177381,0.589463883107315,,FALSE,,,"native ZINQ Cauchy combination","both",
"crc_baxter","Howardella","ZINQ combined","ZINQ","combined","H","CRC","age_z + sex + log_library_size_z + group",TRUE,"available",0.160236248757497,0.160236248757497,0.160236248757497,0.485819718344767,,FALSE,,,"native ZINQ Cauchy combination","both",
"crc_baxter","Lachnobacterium","ZINQ combined","ZINQ","combined","H","CRC","age_z + sex + log_library_size_z + group",TRUE,"available",0.00188737924522409,0.00188737924522409,0.00188737924522409,0.0264233094331372,,TRUE,,,"native ZINQ Cauchy combination","both",
"crc_baxter","Lachnospiracea_incertae_sedis","ZINQ combined","ZINQ","combined","H","CRC","age_z + sex + log_library_size_z + group",TRUE,"available",0.230754638919449,0.230754638919449,0.230754638919449,0.548586500072653,,FALSE,,,"native ZINQ Cauchy combination","both",
"crc_baxter","Lactobacillus","ZINQ combined","ZINQ","combined","H","CRC","age_z + sex + log_library_size_z + group",TRUE,"available",0.0131869768582885,0.0131869768582885,0.0131869768582885,0.110770605609624,,FALSE,,,"native ZINQ Cauchy combination","both",
"crc_baxter","Lactococcus","ZINQ combined","ZINQ","combined","H","CRC","age_z + sex + log_library_size_z + group",TRUE,"available",0.649401781743121,0.649401781743121,0.649401781743121,0.890824014361186,,FALSE,,,"native ZINQ Cauchy combination","both",
"crc_baxter","Lactonifactor","ZINQ combined","ZINQ","combined","H","CRC","age_z + sex + log_library_size_z + group",TRUE,"available",0.923151819173248,0.923151819173248,0.923151819173248,0.948371623454084,,FALSE,,,"native ZINQ Cauchy combination","both",
"crc_baxter","Megasphaera","ZINQ combined","ZINQ","combined","H","CRC","age_z + sex + log_library_size_z + group",TRUE,"available",0.867498208838639,0.867498208838639,0.867498208838639,0.945478013319079,,FALSE,,,"native ZINQ Cauchy combination","both",
"crc_baxter","Methanobrevibacter","ZINQ combined","ZINQ","combined","H","CRC","age_z + sex + log_library_size_z + group",TRUE,"available",0.581708868009278,0.581708868009278,0.581708868009278,0.832901333740557,,FALSE,,,"native ZINQ Cauchy combination","both",
"crc_baxter","Methylobacterium","ZINQ combined","ZINQ","combined","H","CRC","age_z + sex + log_library_size_z + group",TRUE,"available",0.52280970965494,0.52280970965494,0.52280970965494,0.765977016471191,,FALSE,,,"native ZINQ Cauchy combination","both",
"crc_baxter","Mogibacterium","ZINQ combined","ZINQ","combined","H","CRC","age_z + sex + log_library_size_z + group",TRUE,"available",0.348992945993119,0.348992945993119,0.348992945993119,0.623894108917612,,FALSE,,,"native ZINQ Cauchy combination","both",
"crc_baxter","Odoribacter","ZINQ combined","ZINQ","combined","H","CRC","age_z + sex + log_library_size_z + group",TRUE,"available",0.860457675032135,0.860457675032135,0.860457675032135,0.945478013319079,,FALSE,,,"native ZINQ Cauchy combination","both",
"crc_baxter","Oscillibacter","ZINQ combined","ZINQ","combined","H","CRC","age_z + sex + log_library_size_z + group",TRUE,"available",0.820559792900787,0.820559792900787,0.820559792900787,0.945478013319079,,FALSE,,,"native ZINQ Cauchy combination","both",
"crc_baxter","Oxalobacter","ZINQ combined","ZINQ","combined","H","CRC","age_z + sex + log_library_size_z + group",TRUE,"available",0.0631584389955548,0.0631584389955548,0.0631584389955548,0.299113593062026,,FALSE,,,"native ZINQ Cauchy combination","both",
"crc_baxter","Parabacteroides","ZINQ combined","ZINQ","combined","H","CRC","age_z + sex + log_library_size_z + group",TRUE,"available",0.764161397637143,0.764161397637143,0.764161397637143,0.934799379633786,,FALSE,,,"native ZINQ Cauchy combination","both",
"crc_baxter","Paraprevotella","ZINQ combined","ZINQ","combined","H","CRC","age_z + sex + log_library_size_z + group",TRUE,"available",0.957925482748879,0.957925482748879,0.957925482748879,0.957925482748879,,FALSE,,,"native ZINQ Cauchy combination","both",
"crc_baxter","Parasutterella","ZINQ combined","ZINQ","combined","H","CRC","age_z + sex + log_library_size_z + group",TRUE,"available",0.207336339439105,0.207336339439105,0.207336339439105,0.531728352163895,,FALSE,,,"native ZINQ Cauchy combination","both",
"crc_baxter","Parvimonas","ZINQ combined","ZINQ","combined","H","CRC","age_z + sex + log_library_size_z + group",TRUE,"available",3.85391622947928e-07,3.85391622947928e-07,3.85391622947928e-07,1.6186448163813e-05,,TRUE,,,"native ZINQ Cauchy combination","both",
"crc_baxter","Peptococcus","ZINQ combined","ZINQ","combined","H","CRC","age_z + sex + log_library_size_z + group",TRUE,"available",0.879815323097485,0.879815323097485,0.879815323097485,0.945478013319079,,FALSE,,,"native ZINQ Cauchy combination","both",
"crc_baxter","Peptoniphilus","ZINQ combined","ZINQ","combined","H","CRC","age_z + sex + log_library_size_z + group",TRUE,"available",0.00443713503724474,0.00443713503724474,0.00443713503724474,0.0508253649720762,,FALSE,,,"native ZINQ Cauchy combination","both",
"crc_baxter","Peptostreptococcus","ZINQ combined","ZINQ","combined","H","CRC","age_z + sex + log_library_size_z + group",TRUE,"available",2.42483408907646e-08,2.42483408907646e-08,2.42483408907646e-08,3.05529095223633e-06,,TRUE,,,"native ZINQ Cauchy combination","both",
"crc_baxter","Phascolarctobacterium","ZINQ combined","ZINQ","combined","H","CRC","age_z + sex + log_library_size_z + group",TRUE,"available",0.902079506076837,0.902079506076837,0.902079506076837,0.947183481380678,,FALSE,,,"native ZINQ Cauchy combination","both",
"crc_baxter","Porphyromonas","ZINQ combined","ZINQ","combined","H","CRC","age_z + sex + log_library_size_z + group",TRUE,"available",9.55110890377142e-08,9.55110890377142e-08,9.55110890377142e-08,6.017198609376e-06,,TRUE,,,"native ZINQ Cauchy combination","both",
"crc_baxter","Prevotella","ZINQ combined","ZINQ","combined","H","CRC","age_z + sex + log_library_size_z + group",TRUE,"available",0.215223380637767,0.215223380637767,0.215223380637767,0.531728352163895,,FALSE,,,"native ZINQ Cauchy combination","both",
"crc_baxter","Pseudoflavonifractor","ZINQ combined","ZINQ","combined","H","CRC","age_z + sex + log_library_size_z + group",TRUE,"available",0.285375371980525,0.285375371980525,0.285375371980525,0.589463883107315,,FALSE,,,"native ZINQ Cauchy combination","both",
"crc_baxter","Pseudomonas","ZINQ combined","ZINQ","combined","H","CRC","age_z + sex + log_library_size_z + group",TRUE,"available",0.340798340597725,0.340798340597725,0.340798340597725,0.623894108917612,,FALSE,,,"native ZINQ Cauchy combination","both",
"crc_baxter","Roseburia","ZINQ combined","ZINQ","combined","H","CRC","age_z + sex + log_library_size_z + group",TRUE,"available",0.785057788393342,0.785057788393342,0.785057788393342,0.945478013319079,,FALSE,,,"native ZINQ Cauchy combination","both",
"crc_baxter","Rothia","ZINQ combined","ZINQ","combined","H","CRC","age_z + sex + log_library_size_z + group",TRUE,"available",0.834558401515937,0.834558401515937,0.834558401515937,0.945478013319079,,FALSE,,,"native ZINQ Cauchy combination","both",
"crc_baxter","Ruminococcus","ZINQ combined","ZINQ","combined","H","CRC","age_z + sex + log_library_size_z + group",TRUE,"available",0.153182156702675,0.153182156702675,0.153182156702675,0.482523793613426,,FALSE,,,"native ZINQ Cauchy combination","both",
"crc_baxter","Ruminococcus2","ZINQ combined","ZINQ","combined","H","CRC","age_z + sex + log_library_size_z + group",TRUE,"available",0.190411922723061,0.190411922723061,0.190411922723061,0.510466005597993,,FALSE,,,"native ZINQ Cauchy combination","both",
"crc_baxter","Slackia","ZINQ combined","ZINQ","combined","H","CRC","age_z + sex + log_library_size_z + group",TRUE,"available",0.638642438447837,0.638642438447837,0.638642438447837,0.890824014361186,,FALSE,,,"native ZINQ Cauchy combination","both",
"crc_baxter","Solobacterium","ZINQ combined","ZINQ","combined","H","CRC","age_z + sex + log_library_size_z + group",TRUE,"available",0.342431820478688,0.342431820478688,0.342431820478688,0.623894108917612,,FALSE,,,"native ZINQ Cauchy combination","both",
"crc_baxter","Sporobacter","ZINQ combined","ZINQ","combined","H","CRC","age_z + sex + log_library_size_z + group",TRUE,"available",0.581142475940047,0.581142475940047,0.581142475940047,0.832901333740557,,FALSE,,,"native ZINQ Cauchy combination","both",
"crc_baxter","Staphylococcus","ZINQ combined","ZINQ","combined","H","CRC","age_z + sex + log_library_size_z + group",TRUE,"available",0.00701275262202627,0.00701275262202627,0.00701275262202627,0.0679697561827162,,FALSE,,,"native ZINQ Cauchy combination","both",
"crc_baxter","Streptococcus","ZINQ combined","ZINQ","combined","H","CRC","age_z + sex + log_library_size_z + group",TRUE,"available",0.0833309588929738,0.0833309588929738,0.0833309588929738,0.34999002735049,,FALSE,,,"native ZINQ Cauchy combination","both",
"crc_baxter","Streptophyta","ZINQ combined","ZINQ","combined","H","CRC","age_z + sex + log_library_size_z + group",TRUE,"available",0.0819128091261898,0.0819128091261898,0.0819128091261898,0.34999002735049,,FALSE,,,"native ZINQ Cauchy combination","both",
"crc_baxter","Subdoligranulum","ZINQ combined","ZINQ","combined","H","CRC","age_z + sex + log_library_size_z + group",TRUE,"available",0.0640957699418627,0.0640957699418627,0.0640957699418627,0.299113593062026,,FALSE,,,"native ZINQ Cauchy combination","both",
"crc_baxter","Succiniclasticum","ZINQ combined","ZINQ","combined","H","CRC","age_z + sex + log_library_size_z + group",TRUE,"available",0.186057741358115,0.186057741358115,0.186057741358115,0.510466005597993,,FALSE,,,"native ZINQ Cauchy combination","both",
"crc_baxter","Succinivibrio","ZINQ combined","ZINQ","combined","H","CRC","age_z + sex + log_library_size_z + group",TRUE,"available",0.281368939446105,0.281368939446105,0.281368939446105,0.589463883107315,,FALSE,,,"native ZINQ Cauchy combination","both",
"crc_baxter","Sutterella","ZINQ combined","ZINQ","combined","H","CRC","age_z + sex + log_library_size_z + group",TRUE,"available",0.369829684642441,0.369829684642441,0.369829684642441,0.647201948124271,,FALSE,,,"native ZINQ Cauchy combination","both",
"crc_baxter","Turicibacter","ZINQ combined","ZINQ","combined","H","CRC","age_z + sex + log_library_size_z + group",TRUE,"available",0.650442931120866,0.650442931120866,0.650442931120866,0.890824014361186,,FALSE,,,"native ZINQ Cauchy combination","both",
"crc_baxter","Unclassified_Acidaminococcaceae","ZINQ combined","ZINQ","combined","H","CRC","age_z + sex + log_library_size_z + group",TRUE,"available",0.664586473814217,0.664586473814217,0.664586473814217,0.890828677665865,,FALSE,,,"native ZINQ Cauchy combination","both",
"crc_baxter","Unclassified_Actinomycetaceae","ZINQ combined","ZINQ","combined","H","CRC","age_z + sex + log_library_size_z + group",TRUE,"available",0.46993908565518,0.46993908565518,0.46993908565518,0.755016197667047,,FALSE,,,"native ZINQ Cauchy combination","both",
"crc_baxter","Unclassified_Bacteria","ZINQ combined","ZINQ","combined","H","CRC","age_z + sex + log_library_size_z + group",TRUE,"available",0.0321140124466711,0.0321140124466711,0.0321140124466711,0.202318278414028,,FALSE,,,"native ZINQ Cauchy combination","both",
"crc_baxter","Unclassified_Bacteroidetes","ZINQ combined","ZINQ","combined","H","CRC","age_z + sex + log_library_size_z + group",TRUE,"available",0.704738241872237,0.704738241872237,0.704738241872237,0.906092025264304,,FALSE,,,"native ZINQ Cauchy combination","both",
"crc_baxter","Unclassified_Burkholderiales","ZINQ combined","ZINQ","combined","H","CRC","age_z + sex + log_library_size_z + group",TRUE,"available",0.796676848427238,0.796676848427238,0.796676848427238,0.945478013319079,,FALSE,,,"native ZINQ Cauchy combination","both",
"crc_baxter","Unclassified_Clostridia","ZINQ combined","ZINQ","combined","H","CRC","age_z + sex + log_library_size_z + group",TRUE,"available",0.502089827061081,0.502089827061081,0.502089827061081,0.755016197667047,,FALSE,,,"native ZINQ Cauchy combination","both",
"crc_baxter","Unclassified_Clostridiaceae_2","ZINQ combined","ZINQ","combined","H","CRC","age_z + sex + log_library_size_z + group",TRUE,"available",0.00623097632524283,0.00623097632524283,0.00623097632524283,0.0654252514150497,,FALSE,,,"native ZINQ Cauchy combination","both",
"crc_baxter","Unclassified_Clostridiales","ZINQ combined","ZINQ","combined","H","CRC","age_z + sex + log_library_size_z + group",TRUE,"available",0.10775208149292,0.10775208149292,0.10775208149292,0.399316537297293,,FALSE,,,"native ZINQ Cauchy combination","both",
"crc_baxter","Unclassified_Clostridiales_Incertae_Sedis_XIII","ZINQ combined","ZINQ","combined","H","CRC","age_z + sex + log_library_size_z + group",TRUE,"available",0.877670810958855,0.877670810958855,0.877670810958855,0.945478013319079,,FALSE,,,"native ZINQ Cauchy combination","both",
"crc_baxter","Unclassified_Coriobacteriaceae","ZINQ combined","ZINQ","combined","H","CRC","age_z + sex + log_library_size_z + group",TRUE,"available",0.871433545737133,0.871433545737133,0.871433545737133,0.945478013319079,,FALSE,,,"native ZINQ Cauchy combination","both",
"crc_baxter","Unclassified_Desulfovibrionaceae","ZINQ combined","ZINQ","combined","H","CRC","age_z + sex + log_library_size_z + group",TRUE,"available",0.190341218926808,0.190341218926808,0.190341218926808,0.510466005597993,,FALSE,,,"native ZINQ Cauchy combination","both",
"crc_baxter","Unclassified_Desulfovibrionales","ZINQ combined","ZINQ","combined","H","CRC","age_z + sex + log_library_size_z + group",TRUE,"available",0.681820120341172,0.681820120341172,0.681820120341172,0.892969849345825,,FALSE,,,"native ZINQ Cauchy combination","both",
"crc_baxter","Unclassified_Enterobacteriaceae","ZINQ combined","ZINQ","combined","H","CRC","age_z + sex + log_library_size_z + group",TRUE,"available",0.678596039053074,0.678596039053074,0.678596039053074,0.892969849345825,,FALSE,,,"native ZINQ Cauchy combination","both",
"crc_baxter","Unclassified_Erysipelotrichaceae","ZINQ combined","ZINQ","combined","H","CRC","age_z + sex + log_library_size_z + group",TRUE,"available",0.000851432414846642,0.000851432414846642,0.000851432414846642,0.0137384878037239,,TRUE,,,"native ZINQ Cauchy combination","both",
"crc_baxter","Unclassified_Firmicutes","ZINQ combined","ZINQ","combined","H","CRC","age_z + sex + log_library_size_z + group",TRUE,"available",0.491107617492248,0.491107617492248,0.491107617492248,0.755016197667047,,FALSE,,,"native ZINQ Cauchy combination","both",
"crc_baxter","Unclassified_Lachnospiraceae","ZINQ combined","ZINQ","combined","H","CRC","age_z + sex + log_library_size_z + group",TRUE,"available",0.00068933393082804,0.00068933393082804,0.00068933393082804,0.0137384878037239,,TRUE,,,"native ZINQ Cauchy combination","both",
"crc_baxter","Unclassified_Peptostreptococcaceae","ZINQ combined","ZINQ","combined","H","CRC","age_z + sex + log_library_size_z + group",TRUE,"available",0.240642626816091,0.240642626816091,0.240642626816091,0.556266406832263,,FALSE,,,"native ZINQ Cauchy combination","both",
"crc_baxter","Unclassified_Porphyromonadaceae","ZINQ combined","ZINQ","combined","H","CRC","age_z + sex + log_library_size_z + group",TRUE,"available",0.469240287942562,0.469240287942562,0.469240287942562,0.755016197667047,,FALSE,,,"native ZINQ Cauchy combination","both",
"crc_baxter","Unclassified_Proteobacteria","ZINQ combined","ZINQ","combined","H","CRC","age_z + sex + log_library_size_z + group",TRUE,"available",0.622643265391581,0.622643265391581,0.622643265391581,0.881494959992575,,FALSE,,,"native ZINQ Cauchy combination","both",
"crc_baxter","Unclassified_Rhodospirillaceae","ZINQ combined","ZINQ","combined","H","CRC","age_z + sex + log_library_size_z + group",TRUE,"available",0.165795618165278,0.165795618165278,0.165795618165278,0.485819718344767,,FALSE,,,"native ZINQ Cauchy combination","both",
"crc_baxter","Unclassified_Rikenellaceae","ZINQ combined","ZINQ","combined","H","CRC","age_z + sex + log_library_size_z + group",TRUE,"available",0.85397561144595,0.85397561144595,0.85397561144595,0.945478013319079,,FALSE,,,"native ZINQ Cauchy combination","both",
"crc_baxter","Unclassified_Ruminococcaceae","ZINQ combined","ZINQ","combined","H","CRC","age_z + sex + log_library_size_z + group",TRUE,"available",0.116075361148194,0.116075361148194,0.116075361148194,0.406263764018679,,FALSE,,,"native ZINQ Cauchy combination","both",
"crc_baxter","Unclassified_Sutterellaceae","ZINQ combined","ZINQ","combined","H","CRC","age_z + sex + log_library_size_z + group",TRUE,"available",0.762349056849808,0.762349056849808,0.762349056849808,0.934799379633786,,FALSE,,,"native ZINQ Cauchy combination","both",
"crc_baxter","Unclassified_Veillonellaceae","ZINQ combined","ZINQ","combined","H","CRC","age_z + sex + log_library_size_z + group",TRUE,"available",0.448016428927108,0.448016428927108,0.448016428927108,0.743710701197125,,FALSE,,,"native ZINQ Cauchy combination","both",
"crc_baxter","Vampirovibrio","ZINQ combined","ZINQ","combined","H","CRC","age_z + sex + log_library_size_z + group",TRUE,"available",0.926761904221209,0.926761904221209,0.926761904221209,0.948371623454084,,FALSE,,,"native ZINQ Cauchy combination","both",
"crc_baxter","Veillonella","ZINQ combined","ZINQ","combined","H","CRC","age_z + sex + log_library_size_z + group",TRUE,"available",0.0864704840135864,0.0864704840135864,0.0864704840135864,0.351460676958448,,FALSE,,,"native ZINQ Cauchy combination","both",
"crc_baxter","Weissella","ZINQ combined","ZINQ","combined","H","CRC","age_z + sex + log_library_size_z + group",TRUE,"available",0.150992528903158,0.150992528903158,0.150992528903158,0.482523793613426,,FALSE,,,"native ZINQ Cauchy combination","both",
"crc_baxter","Acetanaerobacterium","ANCOM-BC2","ANCOM-BC2","differential abundance","H","CRC","age_z + sex + group",TRUE,"pseudocount sensitivity failed; p-value set to one",1,0.00857477767925218,1,1,0.0253255061689541,FALSE,0.363041109841592,2.67798649068451,"bias-corrected natural-log fold change",,FALSE
"crc_baxter","Acetitomaculum","ANCOM-BC2","ANCOM-BC2","differential abundance","H","CRC","age_z + sex + group",TRUE,"pseudocount sensitivity failed; p-value set to one",1,1.52974374962455e-12,1,1,4.85693640505795e-11,FALSE,-1.02762231949312,-9.39553755174195,"bias-corrected natural-log fold change",,FALSE
"crc_baxter","Acidaminococcus","ANCOM-BC2","ANCOM-BC2","differential abundance","H","CRC","age_z + sex + group",TRUE,"available",0.193527160057619,0.193527160057619,0.193527160057619,0.659038436952971,0.299731089357531,FALSE,0.272360028036198,1.31214434488117,"bias-corrected natural-log fold change",,TRUE
"crc_baxter","Actinomyces","ANCOM-BC2","ANCOM-BC2","differential abundance","H","CRC","age_z + sex + group",TRUE,"available",0.954559938512836,0.954559938512836,0.954559938512836,1,0.983680156667838,FALSE,-0.0085555381020828,-0.0570627523894696,"bias-corrected natural-log fold change",,TRUE
"crc_baxter","Akkermansia","ANCOM-BC2","ANCOM-BC2","differential abundance","H","CRC","age_z + sex + group",TRUE,"available",0.581824809776463,0.581824809776463,0.581824809776463,1,0.731601493481295,FALSE,0.160936538713589,0.551409400457944,"bias-corrected natural-log fold change",,TRUE
"crc_baxter","Alistipes","ANCOM-BC2","ANCOM-BC2","differential abundance","H","CRC","age_z + sex + group",TRUE,"available",0.270814539989223,0.270814539989223,0.270814539989223,0.853065800966053,0.404628783278016,FALSE,-0.28402340500372,-1.10339216517925,"bias-corrected natural-log fold change",,TRUE
"crc_baxter","Allisonella","ANCOM-BC2","ANCOM-BC2","differential abundance","H","CRC","age_z + sex + group",TRUE,"available",0.0872612097345947,0.0872612097345947,0.0872612097345947,0.515541479646408,0.171611148123192,FALSE,-0.173062213714395,-1.82956344278932,"bias-corrected natural-log fold change",,TRUE
"crc_baxter","Anaerococcus","ANCOM-BC2","ANCOM-BC2","differential abundance","H","CRC","age_z + sex + group",TRUE,"available",0.533123780326184,0.533123780326184,0.533123780326184,1,0.698007423726035,FALSE,-0.0720869878908085,-0.63369200262326,"bias-corrected natural-log fold change",,TRUE
"crc_baxter","Anaerofilum","ANCOM-BC2","ANCOM-BC2","differential abundance","H","CRC","age_z + sex + group",TRUE,"available",0.839045108908926,0.839045108908926,0.839045108908926,1,0.910758366080629,FALSE,0.0227396801363729,0.203943067053369,"bias-corrected natural-log fold change",,TRUE
"crc_baxter","Anaerofustis","ANCOM-BC2","ANCOM-BC2","differential abundance","H","CRC","age_z + sex + group",TRUE,"available",0.173266202765828,0.173266202765828,0.173266202765828,0.62375832995698,0.275060096890752,FALSE,0.146241928745585,1.37435939071286,"bias-corrected natural-log fold change",,TRUE
"crc_baxter","Anaerorhabdus","ANCOM-BC2","ANCOM-BC2","differential abundance","H","CRC","age_z + sex + group",TRUE,"available",0.0243600078951182,0.0243600078951182,0.0243600078951182,0.408781645441995,0.0618744200536003,FALSE,0.226128835340598,2.45755668452906,"bias-corrected natural-log fold change",,TRUE
"crc_baxter","Anaerosporobacter","ANCOM-BC2","ANCOM-BC2","differential abundance","H","CRC","age_z + sex + group",TRUE,"pseudocount sensitivity failed; p-value set to one",1,2.32485963203765e-05,1,1,0.000109354508618067,FALSE,-0.569420700271147,-4.49465456052914,"bias-corrected natural-log fold change",,FALSE
"crc_baxter","Anaerostipes","ANCOM-BC2","ANCOM-BC2","differential abundance","H","CRC","age_z + sex + group",TRUE,"available",0.0719473722128462,0.0719473722128462,0.0719473722128462,0.47712467888519,0.145036766206849,FALSE,-0.413562111401013,-1.80616536619765,"bias-corrected natural-log fold change",,TRUE
"crc_baxter","Anaerotruncus","ANCOM-BC2","ANCOM-BC2","differential abundance","H","CRC","age_z + sex + group",TRUE,"pseudocount sensitivity failed; p-value set to one",1,0.00431348442557325,1,1,0.0140464749243026,FALSE,0.373592648676157,2.93496278728326,"bias-corrected natural-log fold change",,FALSE
"crc_baxter","Atopobium","ANCOM-BC2","ANCOM-BC2","differential abundance","H","CRC","age_z + sex + group",TRUE,"pseudocount sensitivity failed; p-value set to one",1,0.00542192533958532,1,1,0.0167947443445691,FALSE,0.282529305921685,3.18480357829092,"bias-corrected natural-log fold change",,FALSE
"crc_baxter","Bacteroides","ANCOM-BC2","ANCOM-BC2","differential abundance","H","CRC","age_z + sex + group",TRUE,"available",0.145996448084463,0.145996448084463,0.145996448084463,0.574861014332573,0.240799336450997,FALSE,-0.31856963031309,-1.4577593261989,"bias-corrected natural-log fold change",,TRUE
"crc_baxter","Barnesiella","ANCOM-BC2","ANCOM-BC2","differential abundance","H","CRC","age_z + sex + group",TRUE,"available",0.179621174152593,0.179621174152593,0.179621174152593,0.628674109534074,0.281628260708386,FALSE,-0.352450549893766,-1.34678352708961,"bias-corrected natural-log fold change",,TRUE
"crc_baxter","Bifidobacterium","ANCOM-BC2","ANCOM-BC2","differential abundance","H","CRC","age_z + sex + group",TRUE,"available",0.142133803279053,0.142133803279053,0.142133803279053,0.574861014332573,0.238327626442292,FALSE,0.374559704490011,1.47277177880209,"bias-corrected natural-log fold change",,TRUE
"crc_baxter","Bilophila","ANCOM-BC2","ANCOM-BC2","differential abundance","H","CRC","age_z + sex + group",TRUE,"pseudocount sensitivity failed; p-value set to one",1,0.00534971119587627,1,1,0.0167947443445691,FALSE,0.521074958915935,2.81906712013223,"bias-corrected natural-log fold change",,FALSE
"crc_baxter","Blautia","ANCOM-BC2","ANCOM-BC2","differential abundance","H","CRC","age_z + sex + group",TRUE,"available",0.51202141062423,0.51202141062423,0.51202141062423,1,0.690135840837292,FALSE,0.122660158024526,0.65650818542917,"bias-corrected natural-log fold change",,TRUE
"crc_baxter","Butyricicoccus","ANCOM-BC2","ANCOM-BC2","differential abundance","H","CRC","age_z + sex + group",TRUE,"available",0.0354283075048185,0.0354283075048185,0.0354283075048185,0.408781645441995,0.0848942462851311,FALSE,-0.407220792638969,-2.11494535008839,"bias-corrected natural-log fold change",,TRUE
"crc_baxter","Butyricimonas","ANCOM-BC2","ANCOM-BC2","differential abundance","H","CRC","age_z + sex + group",TRUE,"pseudocount sensitivity failed; p-value set to one",1,0.00768646590208355,1,1,0.0232424087991574,FALSE,-0.412578053238052,-2.71596630818695,"bias-corrected natural-log fold change",,FALSE
"crc_baxter","Catenibacterium","ANCOM-BC2","ANCOM-BC2","differential abundance","H","CRC","age_z + sex + group",TRUE,"pseudocount sensitivity failed; p-value set to one",1,8.24150330538673e-07,1,1,4.75759508992779e-06,FALSE,-0.80921173537848,-6.67590836444544,"bias-corrected natural-log fold change",,FALSE
"crc_baxter","Citrobacter","ANCOM-BC2","ANCOM-BC2","differential abundance","H","CRC","age_z + sex + group",TRUE,"pseudocount sensitivity failed; p-value set to one",1,1.44562442028807e-12,1,1,4.85693640505795e-11,FALSE,-2.00556135132681,-21.10487461652,"bias-corrected natural-log fold change",,FALSE
"crc_baxter","Cloacibacillus","ANCOM-BC2","ANCOM-BC2","differential abundance","H","CRC","age_z + sex + group",TRUE,"pseudocount sensitivity failed; p-value set to one",1,0.00326629546522353,1,1,0.0115227645578719,FALSE,-0.416971811807272,-3.08403952506709,"bias-corrected natural-log fold change",,FALSE
"crc_baxter","Clostridium_III","ANCOM-BC2","ANCOM-BC2","differential abundance","H","CRC","age_z + sex + group",TRUE,"pseudocount sensitivity failed; p-value set to one",1,0.000426275160560572,1,1,0.00186679122038595,FALSE,-0.590147329064932,-3.61556251721382,"bias-corrected natural-log fold change",,FALSE
"crc_baxter","Clostridium_IV","ANCOM-BC2","ANCOM-BC2","differential abundance","H","CRC","age_z + sex + group",TRUE,"available",0.51624334550821,0.51624334550821,0.51624334550821,1,0.690135840837292,FALSE,0.122535432042798,0.6499572942791,"bias-corrected natural-log fold change",,TRUE
"crc_baxter","Clostridium_sensu_stricto","ANCOM-BC2","ANCOM-BC2","differential abundance","H","CRC","age_z + sex + group",TRUE,"available",0.61747677385152,0.61747677385152,0.61747677385152,1,0.747966607393269,FALSE,-0.133835553456675,-0.500054205002658,"bias-corrected natural-log fold change",,TRUE
"crc_baxter","Clostridium_XI","ANCOM-BC2","ANCOM-BC2","differential abundance","H","CRC","age_z + sex + group",TRUE,"available",0.565654194427479,0.565654194427479,0.565654194427479,1,0.729918474243306,FALSE,-0.145315447682203,-0.575190535993286,"bias-corrected natural-log fold change",,TRUE
"crc_baxter","Clostridium_XII","ANCOM-BC2","ANCOM-BC2","differential abundance","H","CRC","age_z + sex + group",TRUE,"pseudocount sensitivity failed; p-value set to one",1,0.0011855025145699,1,1,0.00485673610807669,FALSE,0.34115483596109,3.51341885844188,"bias-corrected natural-log fold change",,FALSE
"crc_baxter","Clostridium_XlVa","ANCOM-BC2","ANCOM-BC2","differential abundance","H","CRC","age_z + sex + group",TRUE,"available",0.303913628227452,0.303913628227452,0.303913628227452,0.890537608294395,0.438602622555528,FALSE,0.162257226181148,1.02992234538221,"bias-corrected natural-log fold change",,TRUE
"crc_baxter","Clostridium_XlVb","ANCOM-BC2","ANCOM-BC2","differential abundance","H","CRC","age_z + sex + group",TRUE,"available",0.0200986590373787,0.0200986590373787,0.0200986590373787,0.408781645441995,0.0532412540215415,FALSE,0.467547983995064,2.34037131087751,"bias-corrected natural-log fold change",,TRUE
"crc_baxter","Clostridium_XVIII","ANCOM-BC2","ANCOM-BC2","differential abundance","H","CRC","age_z + sex + group",TRUE,"available",0.0570296273062897,0.0570296273062897,0.0570296273062897,0.47712467888519,0.12275868928642,FALSE,-0.413459265905733,-1.91120182120198,"bias-corrected natural-log fold change",,TRUE
"crc_baxter","Collinsella","ANCOM-BC2","ANCOM-BC2","differential abundance","H","CRC","age_z + sex + group",TRUE,"pseudocount sensitivity failed; p-value set to one",1,0.142621256768616,1,1,0.238327626442292,FALSE,-0.399959661354457,-1.47172469876763,"bias-corrected natural-log fold change",,FALSE
"crc_baxter","Coprobacillus","ANCOM-BC2","ANCOM-BC2","differential abundance","H","CRC","age_z + sex + group",TRUE,"available",0.457328016457254,0.457328016457254,0.457328016457254,1,0.624523205269583,FALSE,0.0970579275343212,0.746875774556394,"bias-corrected natural-log fold change",,TRUE
"crc_baxter","Coprococcus","ANCOM-BC2","ANCOM-BC2","differential abundance","H","CRC","age_z + sex + group",TRUE,"available",0.332197363218195,0.332197363218195,0.332197363218195,0.930152617010945,0.468767390319008,FALSE,-0.201250569069155,-0.971502920055425,"bias-corrected natural-log fold change",,TRUE
"crc_baxter","Corynebacterium","ANCOM-BC2","ANCOM-BC2","differential abundance","H","CRC","age_z + sex + group",TRUE,"available",0.975934643623209,0.975934643623209,0.975934643623209,1,0.983680156667838,FALSE,-0.0029110238301319,-0.0303824392018731,"bias-corrected natural-log fold change",,TRUE
"crc_baxter","Defluviitalea","ANCOM-BC2","ANCOM-BC2","differential abundance","H","CRC","age_z + sex + group",TRUE,"available",0.17001877697878,0.17001877697878,0.17001877697878,0.62375832995698,0.273321325016519,FALSE,0.136645148146201,1.38753064964589,"bias-corrected natural-log fold change",,TRUE
"crc_baxter","Desulfovibrio","ANCOM-BC2","ANCOM-BC2","differential abundance","H","CRC","age_z + sex + group",TRUE,"available",0.89197444318747,0.89197444318747,0.89197444318747,1,0.936204580866187,FALSE,0.0223565003681478,0.136163220256359,"bias-corrected natural-log fold change",,TRUE
"crc_baxter","Dialister","ANCOM-BC2","ANCOM-BC2","differential abundance","H","CRC","age_z + sex + group",TRUE,"pseudocount sensitivity failed; p-value set to one",1,4.14909090586087e-08,1,1,2.92741413913517e-07,FALSE,-1.10807782842172,-5.83544646428865,"bias-corrected natural-log fold change",,FALSE
"crc_baxter","Dorea","ANCOM-BC2","ANCOM-BC2","differential abundance","H","CRC","age_z + sex + group",TRUE,"available",0.588893500803109,0.588893500803109,0.588893500803109,1,0.733230143156812,FALSE,-0.113481279364778,-0.541057617827432,"bias-corrected natural-log fold change",,TRUE
"crc_baxter","Eggerthella","ANCOM-BC2","ANCOM-BC2","differential abundance","H","CRC","age_z + sex + group",TRUE,"available",0.868775309104752,0.868775309104752,0.868775309104752,1,0.919453868802529,FALSE,0.0246836135230619,0.165574307412974,"bias-corrected natural-log fold change",,TRUE
"crc_baxter","Eggerthia","ANCOM-BC2","ANCOM-BC2","differential abundance","H","CRC","age_z + sex + group",TRUE,"pseudocount sensitivity failed; p-value set to one",1,2.29133102991982e-12,1,1,5.3484734112332e-11,FALSE,-1.08833404715341,-9.76204534161714,"bias-corrected natural-log fold change",,FALSE
"crc_baxter","Enterobacter","ANCOM-BC2","ANCOM-BC2","differential abundance","H","CRC","age_z + sex + group",TRUE,"pseudocount sensitivity failed; p-value set to one",1,0.00221823195400718,1,1,0.00828574876937977,FALSE,0.575464228267383,3.1600967070584,"bias-corrected natural-log fold change",,FALSE
"crc_baxter","Enterococcus","ANCOM-BC2","ANCOM-BC2","differential abundance","H","CRC","age_z + sex + group",TRUE,"pseudocount sensitivity failed; p-value set to one",1,0.00346923894453863,1,1,0.0119079282690921,FALSE,0.483048044847681,3.01598138325666,"bias-corrected natural-log fold change",,FALSE
"crc_baxter","Enterorhabdus","ANCOM-BC2","ANCOM-BC2","differential abundance","H","CRC","age_z + sex + group",TRUE,"available",0.298871057095039,0.298871057095039,0.298871057095039,0.890537608294395,0.43628303736862,FALSE,-0.132236130871098,-1.0495548808696,"bias-corrected natural-log fold change",,TRUE
"crc_baxter","Erysipelotrichaceae_incertae_sedis","ANCOM-BC2","ANCOM-BC2","differential abundance","H","CRC","age_z + sex + group",TRUE,"available",0.866889593605055,0.866889593605055,0.866889593605055,1,0.919453868802529,FALSE,-0.0379009859334901,-0.167815926445322,"bias-corrected natural-log fold change",,TRUE
"crc_baxter","Escherichia/Shigella","ANCOM-BC2","ANCOM-BC2","differential abundance","H","CRC","age_z + sex + group",TRUE,"available",0.598208563879173,0.598208563879173,0.598208563879173,1,0.737596967113155,FALSE,-0.142189079597985,-0.527652445758762,"bias-corrected natural-log fold change",,TRUE
"crc_baxter","Eubacterium","ANCOM-BC2","ANCOM-BC2","differential abundance","H","CRC","age_z + sex + group",TRUE,"available",0.66499812151483,0.66499812151483,0.66499812151483,1,0.789296835816668,FALSE,-0.0735978815657612,-0.433923257783152,"bias-corrected natural-log fold change",,TRUE
"crc_baxter","Faecalibacterium","ANCOM-BC2","ANCOM-BC2","differential abundance","H","CRC","age_z + sex + group",TRUE,"available",0.750661228855692,0.750661228855692,0.750661228855692,1,0.843663504997105,FALSE,-0.0548252226515312,-0.318072538963224,"bias-corrected natural-log fold change",,TRUE
"crc_baxter","Flavonifractor","ANCOM-BC2","ANCOM-BC2","differential abundance","H","CRC","age_z + sex + group",TRUE,"available",0.618397588789711,0.618397588789711,0.618397588789711,1,0.747966607393269,FALSE,-0.0793117182344075,-0.498760303172591,"bias-corrected natural-log fold change",,TRUE
"crc_baxter","Fusobacterium","ANCOM-BC2","ANCOM-BC2","differential abundance","H","CRC","age_z + sex + group",TRUE,"available",0.847729887488635,0.847729887488635,0.847729887488635,1,0.912387251788616,FALSE,-0.0235034301496536,-0.19394033389091,"bias-corrected natural-log fold change",,TRUE
"crc_baxter","Gemella","ANCOM-BC2","ANCOM-BC2","differential abundance","H","CRC","age_z + sex + group",TRUE,"pseudocount sensitivity failed; p-value set to one",1,1.80308163176811e-08,1,1,1.43119604521594e-07,FALSE,0.893586063276113,6.27696292628528,"bias-corrected natural-log fold change",,FALSE
"crc_baxter","Gemmiger","ANCOM-BC2","ANCOM-BC2","differential abundance","H","CRC","age_z + sex + group",TRUE,"pseudocount sensitivity failed; p-value set to one",1,0.00165841638679292,1,1,0.00638239033705156,FALSE,-0.685222685242174,-3.18060992301331,"bias-corrected natural-log fold change",,FALSE
"crc_baxter","Gordonibacter","ANCOM-BC2","ANCOM-BC2","differential abundance","H","CRC","age_z + sex + group",TRUE,"pseudocount sensitivity failed; p-value set to one",1,0.0154628298055752,1,1,0.0436395418957345,FALSE,-0.319420589325043,-2.46358386138252,"bias-corrected natural-log fold change",,FALSE
"crc_baxter","Granulicatella","ANCOM-BC2","ANCOM-BC2","differential abundance","H","CRC","age_z + sex + group",TRUE,"available",0.695985107914514,0.695985107914514,0.695985107914514,1,0.798161267698882,FALSE,0.0439284154261743,0.392211991636886,"bias-corrected natural-log fold change",,TRUE
"crc_baxter","Haemophilus","ANCOM-BC2","ANCOM-BC2","differential abundance","H","CRC","age_z + sex + group",TRUE,"pseudocount sensitivity failed; p-value set to one",1,4.4774199299191e-09,1,1,4.41933365585151e-08,FALSE,-1.12135743759271,-6.31111215166741,"bias-corrected natural-log fold change",,FALSE
"crc_baxter","Hespellia","ANCOM-BC2","ANCOM-BC2","differential abundance","H","CRC","age_z + sex + group",TRUE,"available",0.697605517437606,0.697605517437606,0.697605517437606,1,0.798161267698882,FALSE,0.0596737814967788,0.389143849474283,"bias-corrected natural-log fold change",,TRUE
"crc_baxter","Holdemania","ANCOM-BC2","ANCOM-BC2","differential abundance","H","CRC","age_z + sex + group",TRUE,"pseudocount sensitivity failed; p-value set to one",1,0.0164709434427056,1,1,0.045474126461383,FALSE,-0.266100594790219,-2.45927593788875,"bias-corrected natural-log fold change",,FALSE
"crc_baxter","Howardella","ANCOM-BC2","ANCOM-BC2","differential abundance","H","CRC","age_z + sex + group",TRUE,"pseudocount sensitivity failed; p-value set to one",1,0.00886525214614967,1,1,0.0255883414218411,FALSE,-0.276512134647167,-2.72608398274649,"bias-corrected natural-log fold change",,FALSE
"crc_baxter","Lachnobacterium","ANCOM-BC2","ANCOM-BC2","differential abundance","H","CRC","age_z + sex + group",TRUE,"pseudocount sensitivity failed; p-value set to one",1,1.508454997736e-08,1,1,1.27715856474982e-07,FALSE,-0.77376078484277,-8.67197101113903,"bias-corrected natural-log fold change",,FALSE
"crc_baxter","Lachnospiracea_incertae_sedis","ANCOM-BC2","ANCOM-BC2","differential abundance","H","CRC","age_z + sex + group",TRUE,"available",0.679200446553875,0.679200446553875,0.679200446553875,1,0.791361988186626,FALSE,-0.0695457060731605,-0.413975128159471,"bias-corrected natural-log fold change",,TRUE
"crc_baxter","Lactobacillus","ANCOM-BC2","ANCOM-BC2","differential abundance","H","CRC","age_z + sex + group",TRUE,"available",0.0382325558516679,0.0382325558516679,0.0382325558516679,0.408781645441995,0.0882824471483968,FALSE,0.405010193627814,2.09605870720165,"bias-corrected natural-log fold change",,TRUE
"crc_baxter","Lactococcus","ANCOM-BC2","ANCOM-BC2","differential abundance","H","CRC","age_z + sex + group",TRUE,"available",0.56899156653612,0.56899156653612,0.56899156653612,1,0.729918474243306,FALSE,-0.0887483499807573,-0.571466853164725,"bias-corrected natural-log fold change",,TRUE
"crc_baxter","Lactonifactor","ANCOM-BC2","ANCOM-BC2","differential abundance","H","CRC","age_z + sex + group",TRUE,"available",0.0717481525682157,0.0717481525682157,0.0717481525682157,0.47712467888519,0.145036766206849,FALSE,-0.22739048220062,-1.81908667815457,"bias-corrected natural-log fold change",,TRUE
"crc_baxter","Megasphaera","ANCOM-BC2","ANCOM-BC2","differential abundance","H","CRC","age_z + sex + group",TRUE,"pseudocount sensitivity failed; p-value set to one",1,3.48382921044763e-11,1,1,6.32066156752641e-10,FALSE,-1.37700838285302,-10.8908156623407,"bias-corrected natural-log fold change",,FALSE
"crc_baxter","Methanobrevibacter","ANCOM-BC2","ANCOM-BC2","differential abundance","H","CRC","age_z + sex + group",TRUE,"available",0.020122678685307,0.020122678685307,0.020122678685307,0.408781645441995,0.0532412540215415,FALSE,0.588678205123806,2.34876935733465,"bias-corrected natural-log fold change",,TRUE
"crc_baxter","Methylobacterium","ANCOM-BC2","ANCOM-BC2","differential abundance","H","CRC","age_z + sex + group",TRUE,"pseudocount sensitivity failed; p-value set to one",1,0.00155023010296878,1,1,0.00615247572115733,FALSE,-0.346129358143059,-3.46030669184289,"bias-corrected natural-log fold change",,FALSE
"crc_baxter","Mogibacterium","ANCOM-BC2","ANCOM-BC2","differential abundance","H","CRC","age_z + sex + group",TRUE,"available",0.0444993220495081,0.0444993220495081,0.0444993220495081,0.408781645441995,0.099147612285746,FALSE,0.315208727734994,2.03240979438123,"bias-corrected natural-log fold change",,TRUE
"crc_baxter","Odoribacter","ANCOM-BC2","ANCOM-BC2","differential abundance","H","CRC","age_z + sex + group",TRUE,"available",0.28013229046665,0.28013229046665,0.28013229046665,0.860894356068241,0.413683731270518,FALSE,-0.229692677598694,-1.0830935829456,"bias-corrected natural-log fold change",,TRUE
"crc_baxter","Oscillibacter","ANCOM-BC2","ANCOM-BC2","differential abundance","H","CRC","age_z + sex + group",TRUE,"available",0.674542033724655,0.674542033724655,0.674542033724655,1,0.791361988186626,FALSE,-0.0893865249601822,-0.42037691901036,"bias-corrected natural-log fold change",,TRUE
"crc_baxter","Oxalobacter","ANCOM-BC2","ANCOM-BC2","differential abundance","H","CRC","age_z + sex + group",TRUE,"pseudocount sensitivity failed; p-value set to one",1,0.00061806246102405,1,1,0.00261646441833514,FALSE,-0.373588364350268,-3.67575909988837,"bias-corrected natural-log fold change",,FALSE
"crc_baxter","Parabacteroides","ANCOM-BC2","ANCOM-BC2","differential abundance","H","CRC","age_z + sex + group",TRUE,"available",0.317037176735206,0.317037176735206,0.317037176735206,0.907879187923546,0.452401364554733,FALSE,-0.219172632230341,-1.00276524613208,"bias-corrected natural-log fold change",,TRUE
"crc_baxter","Paraprevotella","ANCOM-BC2","ANCOM-BC2","differential abundance","H","CRC","age_z + sex + group",TRUE,"pseudocount sensitivity failed; p-value set to one",1,1.91790099683596e-06,1,1,1.0590148982529e-05,FALSE,-0.901677965761252,-5.27482075076419,"bias-corrected natural-log fold change",,FALSE
"crc_baxter","Parasutterella","ANCOM-BC2","ANCOM-BC2","differential abundance","H","CRC","age_z + sex + group",TRUE,"available",0.0454201828268883,0.0454201828268883,0.0454201828268883,0.408781645441995,0.0994545382588762,FALSE,-0.404421979226002,-2.0197319146126,"bias-corrected natural-log fold change",,TRUE
"crc_baxter","Parvimonas","ANCOM-BC2","ANCOM-BC2","differential abundance","H","CRC","age_z + sex + group",TRUE,"pseudocount sensitivity failed; p-value set to one",1,6.56028504357914e-13,1,1,4.16578100267276e-11,FALSE,1.32619040611161,11.1578815420726,"bias-corrected natural-log fold change",,FALSE
"crc_baxter","Peptococcus","ANCOM-BC2","ANCOM-BC2","differential abundance","H","CRC","age_z + sex + group",TRUE,"available",0.971696963893992,0.971696963893992,0.971696963893992,1,0.983680156667838,FALSE,0.00382801194798411,0.0361691718023356,"bias-corrected natural-log fold change",,TRUE
"crc_baxter","Peptoniphilus","ANCOM-BC2","ANCOM-BC2","differential abundance","H","CRC","age_z + sex + group",TRUE,"pseudocount sensitivity failed; p-value set to one",1,1.71510025939724e-10,1,1,2.420197032705e-09,FALSE,1.93271754757032,19.6488203665143,"bias-corrected natural-log fold change",,FALSE
"crc_baxter","Peptostreptococcus","ANCOM-BC2","ANCOM-BC2","differential abundance","H","CRC","age_z + sex + group",TRUE,"available",2.52683783207868e-12,2.52683783207868e-12,2.52683783207868e-12,1.59190783420957e-10,5.3484734112332e-11,TRUE,1.23771995055575,10.7565656416434,"bias-corrected natural-log fold change",,TRUE
"crc_baxter","Phascolarctobacterium","ANCOM-BC2","ANCOM-BC2","differential abundance","H","CRC","age_z + sex + group",TRUE,"available",0.527074572470327,0.527074572470327,0.527074572470327,1,0.697275736497203,FALSE,-0.165435233212698,-0.633485634290645,"bias-corrected natural-log fold change",,TRUE
"crc_baxter","Porphyromonas","ANCOM-BC2","ANCOM-BC2","differential abundance","H","CRC","age_z + sex + group",TRUE,"available",1.71791619580996e-21,1.71791619580996e-21,1.71791619580996e-21,2.16457440672055e-19,2.18175356867865e-19,TRUE,2.60236657278516,14.4329390524179,"bias-corrected natural-log fold change",,TRUE
"crc_baxter","Prevotella","ANCOM-BC2","ANCOM-BC2","differential abundance","H","CRC","age_z + sex + group",TRUE,"available",0.0236239491942158,0.0236239491942158,0.0236239491942158,0.408781645441995,0.0612294193401103,FALSE,0.653882583990536,2.2883759981697,"bias-corrected natural-log fold change",,TRUE
"crc_baxter","Pseudoflavonifractor","ANCOM-BC2","ANCOM-BC2","differential abundance","H","CRC","age_z + sex + group",TRUE,"available",0.804645113557359,0.804645113557359,0.804645113557359,1,0.888608081928562,FALSE,0.0397602835150887,0.247758352394659,"bias-corrected natural-log fold change",,TRUE
"crc_baxter","Pseudomonas","ANCOM-BC2","ANCOM-BC2","differential abundance","H","CRC","age_z + sex + group",TRUE,"available",0.0412698028050028,0.0412698028050028,0.0412698028050028,0.408781645441995,0.0935940170756314,FALSE,-0.383860274704953,-2.05400197731528,"bias-corrected natural-log fold change",,TRUE
"crc_baxter","Roseburia","ANCOM-BC2","ANCOM-BC2","differential abundance","H","CRC","age_z + sex + group",TRUE,"available",0.830004406003058,0.830004406003058,0.830004406003058,1,0.908711720365417,FALSE,-0.0465722394174289,-0.214893030689282,"bias-corrected natural-log fold change",,TRUE
"crc_baxter","Rothia","ANCOM-BC2","ANCOM-BC2","differential abundance","H","CRC","age_z + sex + group",TRUE,"available",0.942207009338559,0.942207009338559,0.942207009338559,1,0.980822050704894,FALSE,-0.00819357209385873,-0.0727428505694095,"bias-corrected natural-log fold change",,TRUE
"crc_baxter","Ruminococcus","ANCOM-BC2","ANCOM-BC2","differential abundance","H","CRC","age_z + sex + group",TRUE,"available",0.0942064388121643,0.0942064388121643,0.0942064388121643,0.51608744740577,0.178570413867834,FALSE,-0.416538677130389,-1.67943868181705,"bias-corrected natural-log fold change",,TRUE
"crc_baxter","Ruminococcus2","ANCOM-BC2","ANCOM-BC2","differential abundance","H","CRC","age_z + sex + group",TRUE,"available",0.0705708159496726,0.0705708159496726,0.0705708159496726,0.47712467888519,0.145036766206849,FALSE,0.344119566291023,1.81502706431881,"bias-corrected natural-log fold change",,TRUE
"crc_baxter","Slackia","ANCOM-BC2","ANCOM-BC2","differential abundance","H","CRC","age_z + sex + group",TRUE,"available",0.436021107985989,0.436021107985989,0.436021107985989,1,0.601898703415441,FALSE,0.0890496262033523,0.784657567682059,"bias-corrected natural-log fold change",,TRUE
"crc_baxter","Solobacterium","ANCOM-BC2","ANCOM-BC2","differential abundance","H","CRC","age_z + sex + group",TRUE,"pseudocount sensitivity failed; p-value set to one",1,2.31569398816723e-07,1,1,1.40044350712971e-06,FALSE,0.785217175684418,8.27008646560034,"bias-corrected natural-log fold change",,FALSE
"crc_baxter","Sporobacter","ANCOM-BC2","ANCOM-BC2","differential abundance","H","CRC","age_z + sex + group",TRUE,"available",0.166577904104375,0.166577904104375,0.166577904104375,0.62375832995698,0.271222997708405,FALSE,-0.280536906202763,-1.38760308805846,"bias-corrected natural-log fold change",,TRUE
"crc_baxter","Staphylococcus","ANCOM-BC2","ANCOM-BC2","differential abundance","H","CRC","age_z + sex + group",TRUE,"available",0.0330535063994923,0.0330535063994923,0.0330535063994923,0.408781645441995,0.0807268329372217,FALSE,-0.220669906438615,-2.2895729391245,"bias-corrected natural-log fold change",,TRUE
"crc_baxter","Streptococcus","ANCOM-BC2","ANCOM-BC2","differential abundance","H","CRC","age_z + sex + group",TRUE,"available",0.988956648418041,0.988956648418041,0.988956648418041,1,0.988956648418041,FALSE,0.00313272137376953,0.0138541026154662,"bias-corrected natural-log fold change",,TRUE
"crc_baxter","Streptophyta","ANCOM-BC2","ANCOM-BC2","differential abundance","H","CRC","age_z + sex + group",TRUE,"pseudocount sensitivity failed; p-value set to one",1,5.7232540308466e-06,1,1,3.02855525798966e-05,FALSE,-0.566689895786483,-5.31486900896284,"bias-corrected natural-log fold change",,FALSE
"crc_baxter","Subdoligranulum","ANCOM-BC2","ANCOM-BC2","differential abundance","H","CRC","age_z + sex + group",TRUE,"available",0.128359382318567,0.128359382318567,0.128359382318567,0.554511589925412,0.225012214108968,FALSE,-0.250380792953488,-1.52531650909122,"bias-corrected natural-log fold change",,TRUE
"crc_baxter","Succiniclasticum","ANCOM-BC2","ANCOM-BC2","differential abundance","H","CRC","age_z + sex + group",TRUE,"pseudocount sensitivity failed; p-value set to one",1,7.32292694112119e-11,1,1,1.16251465190299e-09,FALSE,2.27352988065106,24.0528358911758,"bias-corrected natural-log fold change",,FALSE
"crc_baxter","Succinivibrio","ANCOM-BC2","ANCOM-BC2","differential abundance","H","CRC","age_z + sex + group",TRUE,"pseudocount sensitivity failed; p-value set to one",1,4.82670824560013e-08,1,1,3.22627340626956e-07,FALSE,-1.38399993507175,-11.186656809124,"bias-corrected natural-log fold change",,FALSE
"crc_baxter","Sutterella","ANCOM-BC2","ANCOM-BC2","differential abundance","H","CRC","age_z + sex + group",TRUE,"pseudocount sensitivity failed; p-value set to one",1,5.45544570519031e-08,1,1,3.46420802279585e-07,FALSE,-0.774130812484357,-6.78715749451854,"bias-corrected natural-log fold change",,FALSE
"crc_baxter","Turicibacter","ANCOM-BC2","ANCOM-BC2","differential abundance","H","CRC","age_z + sex + group",TRUE,"available",0.13202656902986,0.13202656902986,0.13202656902986,0.554511589925412,0.226586138740436,FALSE,-0.313008543357192,-1.51243189179545,"bias-corrected natural-log fold change",,TRUE
"crc_baxter","Unclassified_Acidaminococcaceae","ANCOM-BC2","ANCOM-BC2","differential abundance","H","CRC","age_z + sex + group",TRUE,"pseudocount sensitivity failed; p-value set to one",1,4.52372736425745e-09,1,1,4.41933365585151e-08,FALSE,-1.09830270366206,-7.72651399981225,"bias-corrected natural-log fold change",,FALSE
"crc_baxter","Unclassified_Actinomycetaceae","ANCOM-BC2","ANCOM-BC2","differential abundance","H","CRC","age_z + sex + group",TRUE,"pseudocount sensitivity failed; p-value set to one",1,8.15186508104945e-05,1,1,0.000369745309033314,FALSE,-0.489559906122929,-5.63354334115116,"bias-corrected natural-log fold change",,FALSE
"crc_baxter","Unclassified_Bacteria","ANCOM-BC2","ANCOM-BC2","differential abundance","H","CRC","age_z + sex + group",TRUE,"available",0.0381274810855264,0.0381274810855264,0.0381274810855264,0.408781645441995,0.0882824471483968,FALSE,-0.338547869844494,-2.09286613856286,"bias-corrected natural-log fold change",,TRUE
"crc_baxter","Unclassified_Bacteroidetes","ANCOM-BC2","ANCOM-BC2","differential abundance","H","CRC","age_z + sex + group",TRUE,"pseudocount sensitivity failed; p-value set to one",1,2.15887700634092e-08,1,1,1.61280811650174e-07,FALSE,1.48347803626935,14.1143877880891,"bias-corrected natural-log fold change",,FALSE
"crc_baxter","Unclassified_Burkholderiales","ANCOM-BC2","ANCOM-BC2","differential abundance","H","CRC","age_z + sex + group",TRUE,"available",0.120500057551122,0.120500057551122,0.120500057551122,0.554511589925412,0.218621532985607,FALSE,0.169950194507802,1.62988448903989,"bias-corrected natural-log fold change",,TRUE
"crc_baxter","Unclassified_Clostridia","ANCOM-BC2","ANCOM-BC2","differential abundance","H","CRC","age_z + sex + group",TRUE,"available",0.0900151789858808,0.0900151789858808,0.0900151789858808,0.515541479646408,0.173211026230407,FALSE,-0.232988391033184,-1.7099739249228,"bias-corrected natural-log fold change",,TRUE
"crc_baxter","Unclassified_Clostridiaceae_2","ANCOM-BC2","ANCOM-BC2","differential abundance","H","CRC","age_z + sex + group",TRUE,"available",0.128690783798053,0.128690783798053,0.128690783798053,0.554511589925412,0.225012214108968,FALSE,-0.137655839427737,-1.58157955745859,"bias-corrected natural-log fold change",,TRUE
"crc_baxter","Unclassified_Clostridiales","ANCOM-BC2","ANCOM-BC2","differential abundance","H","CRC","age_z + sex + group",TRUE,"available",0.220972280605627,0.220972280605627,0.220972280605627,0.713910445033565,0.334089043296603,FALSE,-0.267267814056748,-1.22671265350939,"bias-corrected natural-log fold change",,TRUE
"crc_baxter","Unclassified_Clostridiales_Incertae_Sedis_XIII","ANCOM-BC2","ANCOM-BC2","differential abundance","H","CRC","age_z + sex + group",TRUE,"available",0.789620745246648,0.789620745246648,0.789620745246648,1,0.879665216195827,FALSE,-0.0331106712596362,-0.267261606849256,"bias-corrected natural-log fold change",,TRUE
"crc_baxter","Unclassified_Coriobacteriaceae","ANCOM-BC2","ANCOM-BC2","differential abundance","H","CRC","age_z + sex + group",TRUE,"available",0.57771514236469,0.57771514236469,0.57771514236469,1,0.731601493481295,FALSE,-0.0964219086083571,-0.557590451455504,"bias-corrected natural-log fold change",,TRUE
"crc_baxter","Unclassified_Desulfovibrionaceae","ANCOM-BC2","ANCOM-BC2","differential abundance","H","CRC","age_z + sex + group",TRUE,"pseudocount sensitivity failed; p-value set to one",1,2.17321611000023e-10,1,1,2.75998445970029e-09,FALSE,-1.70100238918677,-15.9929830429806,"bias-corrected natural-log fold change",,FALSE
"crc_baxter","Unclassified_Desulfovibrionales","ANCOM-BC2","ANCOM-BC2","differential abundance","H","CRC","age_z + sex + group",TRUE,"available",0.630262302053127,0.630262302053127,0.630262302053127,1,0.755125588308935,FALSE,0.0517027005411465,0.486509884689839,"bias-corrected natural-log fold change",,TRUE
"crc_baxter","Unclassified_Enterobacteriaceae","ANCOM-BC2","ANCOM-BC2","differential abundance","H","CRC","age_z + sex + group",TRUE,"pseudocount sensitivity failed; p-value set to one",1,0.0031131191232029,1,1,0.0112961751041934,FALSE,0.354346761407317,3.13285032727795,"bias-corrected natural-log fold change",,FALSE
"crc_baxter","Unclassified_Erysipelotrichaceae","ANCOM-BC2","ANCOM-BC2","differential abundance","H","CRC","age_z + sex + group",TRUE,"pseudocount sensitivity failed; p-value set to one",1,1.22463469181362e-05,1,1,5.98186945616654e-05,FALSE,0.501276125915592,5.33954221167752,"bias-corrected natural-log fold change",,FALSE
"crc_baxter","Unclassified_Firmicutes","ANCOM-BC2","ANCOM-BC2","differential abundance","H","CRC","age_z + sex + group",TRUE,"available",0.109138359461677,0.109138359461677,0.109138359461677,0.554511589925412,0.203831936053427,FALSE,-0.3766242892432,-1.60865795448508,"bias-corrected natural-log fold change",,TRUE
"crc_baxter","Unclassified_Lachnospiraceae","ANCOM-BC2","ANCOM-BC2","differential abundance","H","CRC","age_z + sex + group",TRUE,"available",0.129337729369722,0.129337729369722,0.129337729369722,0.554511589925412,0.225012214108968,FALSE,-0.239684988389622,-1.52110722085558,"bias-corrected natural-log fold change",,TRUE
"crc_baxter","Unclassified_Peptostreptococcaceae","ANCOM-BC2","ANCOM-BC2","differential abundance","H","CRC","age_z + sex + group",TRUE,"pseudocount sensitivity failed; p-value set to one",1,0.00408454544877603,1,1,0.013650980841962,FALSE,-0.291370311230592,-3.34799212259452,"bias-corrected natural-log fold change",,FALSE
"crc_baxter","Unclassified_Porphyromonadaceae","ANCOM-BC2","ANCOM-BC2","differential abundance","H","CRC","age_z + sex + group",TRUE,"available",0.0878324773858859,0.0878324773858859,0.0878324773858859,0.515541479646408,0.171611148123192,FALSE,0.301315128744381,1.71949900334884,"bias-corrected natural-log fold change",,TRUE
"crc_baxter","Unclassified_Proteobacteria","ANCOM-BC2","ANCOM-BC2","differential abundance","H","CRC","age_z + sex + group",TRUE,"pseudocount sensitivity failed; p-value set to one",1,6.81239910198084e-06,1,1,3.46069874380627e-05,FALSE,-0.642702251859307,-5.4733254152448,"bias-corrected natural-log fold change",,FALSE
"crc_baxter","Unclassified_Rhodospirillaceae","ANCOM-BC2","ANCOM-BC2","differential abundance","H","CRC","age_z + sex + group",TRUE,"available",0.0683781638384333,0.0683781638384333,0.0683781638384333,0.47712467888519,0.144733780124684,FALSE,0.239584254240639,1.86537352187569,"bias-corrected natural-log fold change",,TRUE
"crc_baxter","Unclassified_Rikenellaceae","ANCOM-BC2","ANCOM-BC2","differential abundance","H","CRC","age_z + sex + group",TRUE,"available",0.359703501662251,0.359703501662251,0.359703501662251,0.985274808900947,0.50200378803413,FALSE,-0.132596304929558,-0.921984600823242,"bias-corrected natural-log fold change",,TRUE
"crc_baxter","Unclassified_Ruminococcaceae","ANCOM-BC2","ANCOM-BC2","differential abundance","H","CRC","age_z + sex + group",TRUE,"available",0.966987522852478,0.966987522852478,0.966987522852478,1,0.983680156667838,FALSE,-0.0076264910421458,-0.0414228195714734,"bias-corrected natural-log fold change",,TRUE
"crc_baxter","Unclassified_Sutterellaceae","ANCOM-BC2","ANCOM-BC2","differential abundance","H","CRC","age_z + sex + group",TRUE,"available",0.112259025755381,0.112259025755381,0.112259025755381,0.554511589925412,0.20662168508599,FALSE,0.159681989159506,1.69465523899406,"bias-corrected natural-log fold change",,TRUE
"crc_baxter","Unclassified_Veillonellaceae","ANCOM-BC2","ANCOM-BC2","differential abundance","H","CRC","age_z + sex + group",TRUE,"available",0.205973739795258,0.205973739795258,0.205973739795258,0.682965558268489,0.315164637999974,FALSE,0.150371931134855,1.27904847854162,"bias-corrected natural-log fold change",,TRUE
"crc_baxter","Vampirovibrio","ANCOM-BC2","ANCOM-BC2","differential abundance","H","CRC","age_z + sex + group",TRUE,"pseudocount sensitivity failed; p-value set to one",1,1.12751370915122e-08,1,1,1.02281600758718e-07,FALSE,0.808995331138204,7.96480180866242,"bias-corrected natural-log fold change",,FALSE
"crc_baxter","Veillonella","ANCOM-BC2","ANCOM-BC2","differential abundance","H","CRC","age_z + sex + group",TRUE,"available",0.0256779506915258,0.0256779506915258,0.0256779506915258,0.408781645441995,0.0639431321141916,FALSE,-0.451007284539551,-2.24961562815267,"bias-corrected natural-log fold change",,TRUE
"crc_baxter","Weissella","ANCOM-BC2","ANCOM-BC2","differential abundance","H","CRC","age_z + sex + group",TRUE,"pseudocount sensitivity failed; p-value set to one",1,8.704724947945e-10,1,1,1.00500006217183e-08,FALSE,1.35881508565113,12.730006194687,"bias-corrected natural-log fold change",,FALSE
"crc_baxter","Acetanaerobacterium","LinDA","LinDA","differential abundance","H","CRC","age_z + sex + group",TRUE,"available",0.780838118563098,0.780838118563098,0.780838118563098,0.94848570254289,0.947161391229815,FALSE,0.0569528053558276,0.278487349642745,"bias-corrected log2 fold change",,
"crc_baxter","Acetitomaculum","LinDA","LinDA","differential abundance","H","CRC","age_z + sex + group",TRUE,"available",0.791100619797751,0.791100619797751,0.791100619797751,0.94848570254289,0.947161391229815,FALSE,-0.0463627806950835,-0.265127871543508,"bias-corrected log2 fold change",,
"crc_baxter","Acidaminococcus","LinDA","LinDA","differential abundance","H","CRC","age_z + sex + group",TRUE,"available",0.209974177455596,0.209974177455596,0.209974177455596,0.575132557075511,0.568549080002761,FALSE,0.417876744800928,1.25644131890783,"bias-corrected log2 fold change",,
"crc_baxter","Actinomyces","LinDA","LinDA","differential abundance","H","CRC","age_z + sex + group",TRUE,"available",0.194646748261617,0.194646748261617,0.194646748261617,0.575132557075511,0.568549080002761,FALSE,0.286668967122596,1.29998153858256,"bias-corrected log2 fold change",,
"crc_baxter","Akkermansia","LinDA","LinDA","differential abundance","H","CRC","age_z + sex + group",TRUE,"available",0.343409723605026,0.343409723605026,0.343409723605026,0.655600381427778,0.650940819370722,FALSE,0.415965037772746,0.949012863483413,"bias-corrected log2 fold change",,
"crc_baxter","Alistipes","LinDA","LinDA","differential abundance","H","CRC","age_z + sex + group",TRUE,"available",0.754031049781181,0.754031049781181,0.754031049781181,0.940672398736919,0.938842581590294,FALSE,0.112036137064491,0.313627435725795,"bias-corrected log2 fold change",,
"crc_baxter","Allisonella","LinDA","LinDA","differential abundance","H","CRC","age_z + sex + group",TRUE,"available",0.256283030719696,0.256283030719696,0.256283030719696,0.609350457322587,0.602812746654664,FALSE,-0.131631642281406,-1.13748023381242,"bias-corrected log2 fold change",,
"crc_baxter","Anaerococcus","LinDA","LinDA","differential abundance","H","CRC","age_z + sex + group",TRUE,"available",0.0150235256419809,0.0150235256419809,0.0150235256419809,0.135211730777828,0.136284839752255,FALSE,0.293709821753695,2.44648950589922,"bias-corrected log2 fold change",,
"crc_baxter","Anaerofilum","LinDA","LinDA","differential abundance","H","CRC","age_z + sex + group",TRUE,"available",0.655538307631901,0.655538307631901,0.655538307631901,0.891967251425753,0.88948203365329,FALSE,0.0612992890087289,0.446546227988441,"bias-corrected log2 fold change",,
"crc_baxter","Anaerofustis","LinDA","LinDA","differential abundance","H","CRC","age_z + sex + group",TRUE,"available",0.331578397319877,0.331578397319877,0.331578397319877,0.652794969723508,0.647853176301913,FALSE,0.152012315188528,0.97257965262087,"bias-corrected log2 fold change",,
"crc_baxter","Anaerorhabdus","LinDA","LinDA","differential abundance","H","CRC","age_z + sex + group",TRUE,"available",0.301616592366508,0.301616592366508,0.301616592366508,0.652794969723508,0.647853176301913,FALSE,-0.113990579236891,-1.03482968408058,"bias-corrected log2 fold change",,
"crc_baxter","Anaerosporobacter","LinDA","LinDA","differential abundance","H","CRC","age_z + sex + group",TRUE,"available",0.0641903821003189,0.0641903821003189,0.0641903821003189,0.327810879496222,0.318175051174758,FALSE,-0.384102062790666,-1.85799286426511,"bias-corrected log2 fold change",,
"crc_baxter","Anaerostipes","LinDA","LinDA","differential abundance","H","CRC","age_z + sex + group",TRUE,"available",0.622259203603441,0.622259203603441,0.622259203603441,0.890962041523109,0.887942908512775,FALSE,-0.152876533853309,-0.493182887412209,"bias-corrected log2 fold change",,
"crc_baxter","Anaerotruncus","LinDA","LinDA","differential abundance","H","CRC","age_z + sex + group",TRUE,"available",0.331099572871751,0.331099572871751,0.331099572871751,0.652794969723508,0.647853176301913,FALSE,0.165013064581154,0.973544802205885,"bias-corrected log2 fold change",,
"crc_baxter","Atopobium","LinDA","LinDA","differential abundance","H","CRC","age_z + sex + group",TRUE,"available",0.947063641127581,0.947063641127581,0.947063641127581,0.989068347542955,0.989006047949384,FALSE,-0.00681070624159671,-0.0664525491732913,"bias-corrected log2 fold change",,
"crc_baxter","Bacteroides","LinDA","LinDA","differential abundance","H","CRC","age_z + sex + group",TRUE,"available",0.519908458207497,0.519908458207497,0.519908458207497,0.839852124796725,0.835802204966482,FALSE,-0.173444644530568,-0.64427724460362,"bias-corrected log2 fold change",,
"crc_baxter","Barnesiella","LinDA","LinDA","differential abundance","H","CRC","age_z + sex + group",TRUE,"available",0.163291665075783,0.163291665075783,0.163291665075783,0.571520827765242,0.560487607152013,FALSE,0.568445596121884,1.39765722686551,"bias-corrected log2 fold change",,
"crc_baxter","Bifidobacterium","LinDA","LinDA","differential abundance","H","CRC","age_z + sex + group",TRUE,"available",0.0263921352485082,0.0263921352485082,0.0263921352485082,0.186766137522426,0.188248408455143,FALSE,0.947984886396561,2.23187934535399,"bias-corrected log2 fold change",,
"crc_baxter","Bilophila","LinDA","LinDA","differential abundance","H","CRC","age_z + sex + group",TRUE,"available",0.00986167650293562,0.00986167650293562,0.00986167650293562,0.096448127869002,0.0972135892012957,FALSE,0.83486247268622,2.59790881507279,"bias-corrected log2 fold change",,
"crc_baxter","Blautia","LinDA","LinDA","differential abundance","H","CRC","age_z + sex + group",TRUE,"available",0.0546562222529795,0.0546562222529795,0.0546562222529795,0.327810879496222,0.318175051174758,FALSE,0.472752915764438,1.92945804663968,"bias-corrected log2 fold change",,
"crc_baxter","Butyricicoccus","LinDA","LinDA","differential abundance","H","CRC","age_z + sex + group",TRUE,"available",0.888647038421996,0.888647038421996,0.888647038421996,0.98112280032341,0.980528900323215,FALSE,0.0378753323670544,0.140140375632433,"bias-corrected log2 fold change",,
"crc_baxter","Butyricimonas","LinDA","LinDA","differential abundance","H","CRC","age_z + sex + group",TRUE,"available",0.116555797574388,0.116555797574388,0.116555797574388,0.448895017476618,0.439150097629436,FALSE,-0.401674754576895,-1.5741276567641,"bias-corrected log2 fold change",,
"crc_baxter","Catenibacterium","LinDA","LinDA","differential abundance","H","CRC","age_z + sex + group",TRUE,"available",0.785194728007244,0.785194728007244,0.785194728007244,0.94848570254289,0.947161391229815,FALSE,0.0601178608892232,0.272810066800588,"bias-corrected log2 fold change",,
"crc_baxter","Citrobacter","LinDA","LinDA","differential abundance","H","CRC","age_z + sex + group",TRUE,"available",0.117567742672447,0.117567742672447,0.117567742672447,0.448895017476618,0.439150097629436,FALSE,-0.203664524461948,-1.56976517184056,"bias-corrected log2 fold change",,
"crc_baxter","Cloacibacillus","LinDA","LinDA","differential abundance","H","CRC","age_z + sex + group",TRUE,"available",0.219994157834704,0.219994157834704,0.219994157834704,0.575132557075511,0.568549080002761,FALSE,0.256917823601544,1.22921604120476,"bias-corrected log2 fold change",,
"crc_baxter","Clostridium_III","LinDA","LinDA","differential abundance","H","CRC","age_z + sex + group",TRUE,"available",0.722159664708641,0.722159664708641,0.722159664708641,0.919112300538271,0.917142774179974,FALSE,0.099667981947922,0.355921847075779,"bias-corrected log2 fold change",,
"crc_baxter","Clostridium_IV","LinDA","LinDA","differential abundance","H","CRC","age_z + sex + group",TRUE,"available",0.0266808767889179,0.0266808767889179,0.0266808767889179,0.186766137522426,0.188248408455143,FALSE,0.540954710093053,2.22758358139649,"bias-corrected log2 fold change",,
"crc_baxter","Clostridium_sensu_stricto","LinDA","LinDA","differential abundance","H","CRC","age_z + sex + group",TRUE,"available",0.65359743280229,0.65359743280229,0.65359743280229,0.891967251425753,0.88948203365329,FALSE,-0.17789924868946,-0.449238580911928,"bias-corrected log2 fold change",,
"crc_baxter","Clostridium_XI","LinDA","LinDA","differential abundance","H","CRC","age_z + sex + group",TRUE,"available",0.673387589940939,0.673387589940939,0.673387589940939,0.894547677665638,0.892539714303875,FALSE,-0.159157921747488,-0.421934527458642,"bias-corrected log2 fold change",,
"crc_baxter","Clostridium_XII","LinDA","LinDA","differential abundance","H","CRC","age_z + sex + group",TRUE,"available",0.359761760373121,0.359761760373121,0.359761760373121,0.6666173795149,0.662170196628788,FALSE,0.116148753085215,0.917283192204331,"bias-corrected log2 fold change",,
"crc_baxter","Clostridium_XlVa","LinDA","LinDA","differential abundance","H","CRC","age_z + sex + group",TRUE,"available",0.00995099731981767,0.00995099731981767,0.00995099731981767,0.096448127869002,0.0972135892012957,FALSE,0.543146654738234,2.594736976231,"bias-corrected log2 fold change",,
"crc_baxter","Clostridium_XlVb","LinDA","LinDA","differential abundance","H","CRC","age_z + sex + group",TRUE,"available",0.000842201257620778,0.000842201257620778,0.000842201257620778,0.0176862264100363,0.0178265932863065,TRUE,1.04906460892738,3.37407729033738,"bias-corrected log2 fold change",,
"crc_baxter","Clostridium_XVIII","LinDA","LinDA","differential abundance","H","CRC","age_z + sex + group",TRUE,"available",0.215865146322942,0.215865146322942,0.215865146322942,0.575132557075511,0.568549080002761,FALSE,-0.371047940817352,-1.24032389456398,"bias-corrected log2 fold change",,
"crc_baxter","Collinsella","LinDA","LinDA","differential abundance","H","CRC","age_z + sex + group",TRUE,"available",0.00060778110713295,0.00060778110713295,0.00060778110713295,0.0153160838997503,0.0154376401211769,TRUE,1.64342047003417,3.46644782144184,"bias-corrected log2 fold change",,
"crc_baxter","Coprobacillus","LinDA","LinDA","differential abundance","H","CRC","age_z + sex + group",TRUE,"available",0.91928512335674,0.91928512335674,0.91928512335674,0.98160953849957,0.981085803918538,FALSE,-0.0208765144931365,-0.10142316368721,"bias-corrected log2 fold change",,
"crc_baxter","Coprococcus","LinDA","LinDA","differential abundance","H","CRC","age_z + sex + group",TRUE,"available",0.479168271478769,0.479168271478769,0.479168271478769,0.79441055534638,0.790316499711736,FALSE,0.250702479745735,0.708563886784277,"bias-corrected log2 fold change",,
"crc_baxter","Corynebacterium","LinDA","LinDA","differential abundance","H","CRC","age_z + sex + group",TRUE,"available",0.266215487683816,0.266215487683816,0.266215487683816,0.609875480875651,0.603738695282939,FALSE,0.122155179581517,1.11398255022899,"bias-corrected log2 fold change",,
"crc_baxter","Defluviitalea","LinDA","LinDA","differential abundance","H","CRC","age_z + sex + group",TRUE,"available",0.358826956438317,0.358826956438317,0.358826956438317,0.6666173795149,0.662170196628788,FALSE,-0.134682426734629,-0.919072111685164,"bias-corrected log2 fold change",,
"crc_baxter","Desulfovibrio","LinDA","LinDA","differential abundance","H","CRC","age_z + sex + group",TRUE,"available",0.0792928826882617,0.0792928826882617,0.0792928826882617,0.333030107290699,0.32484503552933,FALSE,0.544577829963894,1.76103969062323,"bias-corrected log2 fold change",,
"crc_baxter","Dialister","LinDA","LinDA","differential abundance","H","CRC","age_z + sex + group",TRUE,"available",0.962155835348908,0.962155835348908,0.962155835348908,0.989068347542955,0.989006047949384,FALSE,-0.0200663136493443,-0.0474897230307917,"bias-corrected log2 fold change",,
"crc_baxter","Dorea","LinDA","LinDA","differential abundance","H","CRC","age_z + sex + group",TRUE,"available",0.329616779095011,0.329616779095011,0.329616779095011,0.652794969723508,0.647853176301913,FALSE,0.277201778281735,0.976539387966654,"bias-corrected log2 fold change",,
"crc_baxter","Eggerthella","LinDA","LinDA","differential abundance","H","CRC","age_z + sex + group",TRUE,"available",0.0186801907808006,0.0186801907808006,0.0186801907808006,0.147106502398804,0.148274014322604,FALSE,0.563879035014677,2.36525852162712,"bias-corrected log2 fold change",,
"crc_baxter","Eggerthia","LinDA","LinDA","differential abundance","H","CRC","age_z + sex + group",TRUE,"available",0.0791064177292875,0.0791064177292875,0.0791064177292875,0.333030107290699,0.32484503552933,FALSE,-0.27840505172769,-1.76214023611805,"bias-corrected log2 fold change",,
"crc_baxter","Enterobacter","LinDA","LinDA","differential abundance","H","CRC","age_z + sex + group",TRUE,"available",0.193299710468554,0.193299710468554,0.193299710468554,0.575132557075511,0.568549080002761,FALSE,0.369581806040252,1.30392697323394,"bias-corrected log2 fold change",,
"crc_baxter","Enterococcus","LinDA","LinDA","differential abundance","H","CRC","age_z + sex + group",TRUE,"available",0.595700995294758,0.595700995294758,0.595700995294758,0.881824317112404,0.878606567369246,FALSE,0.117189589851606,0.531183564374289,"bias-corrected log2 fold change",,
"crc_baxter","Enterorhabdus","LinDA","LinDA","differential abundance","H","CRC","age_z + sex + group",TRUE,"available",0.584627255229291,0.584627255229291,0.584627255229291,0.881824317112404,0.878606567369246,FALSE,0.133260323614466,0.547255161040161,"bias-corrected log2 fold change",,
"crc_baxter","Erysipelotrichaceae_incertae_sedis","LinDA","LinDA","differential abundance","H","CRC","age_z + sex + group",TRUE,"available",0.403443985448096,0.403443985448096,0.403443985448096,0.726199173806572,0.721653326083213,FALSE,0.294040292252072,0.836719492083405,"bias-corrected log2 fold change",,
"crc_baxter","Escherichia/Shigella","LinDA","LinDA","differential abundance","H","CRC","age_z + sex + group",TRUE,"available",0.271464080567353,0.271464080567353,0.271464080567353,0.610794181276545,0.60484102161498,FALSE,0.419825263168235,1.10181031498722,"bias-corrected log2 fold change",,
"crc_baxter","Eubacterium","LinDA","LinDA","differential abundance","H","CRC","age_z + sex + group",TRUE,"available",0.0173200914588211,0.0173200914588211,0.0173200914588211,0.145488768254098,0.146643441018019,FALSE,0.611003435852185,2.39368361098644,"bias-corrected log2 fold change",,
"crc_baxter","Faecalibacterium","LinDA","LinDA","differential abundance","H","CRC","age_z + sex + group",TRUE,"available",0.200942277919031,0.200942277919031,0.200942277919031,0.575132557075511,0.568549080002761,FALSE,0.29450393995217,1.28180420102699,"bias-corrected log2 fold change",,
"crc_baxter","Flavonifractor","LinDA","LinDA","differential abundance","H","CRC","age_z + sex + group",TRUE,"available",0.232287683588976,0.232287683588976,0.232287683588976,0.575132557075511,0.568549080002761,FALSE,0.314599523520606,1.19700829829528,"bias-corrected log2 fold change",,
"crc_baxter","Fusobacterium","LinDA","LinDA","differential abundance","H","CRC","age_z + sex + group",TRUE,"available",0.0586502925077068,0.0586502925077068,0.0586502925077068,0.327810879496222,0.318175051174758,FALSE,0.31744343250662,1.89834450923436,"bias-corrected log2 fold change",,
"crc_baxter","Gemella","LinDA","LinDA","differential abundance","H","CRC","age_z + sex + group",TRUE,"available",0.000550759851359854,0.000550759851359854,0.000550759851359854,0.0153160838997503,0.0154376401211769,TRUE,0.652624738067129,3.49396002832389,"bias-corrected log2 fold change",,
"crc_baxter","Gemmiger","LinDA","LinDA","differential abundance","H","CRC","age_z + sex + group",TRUE,"available",0.314150071407146,0.314150071407146,0.314150071407146,0.652794969723508,0.647853176301913,FALSE,-0.403039875996045,-1.00831413546556,"bias-corrected log2 fold change",,
"crc_baxter","Gordonibacter","LinDA","LinDA","differential abundance","H","CRC","age_z + sex + group",TRUE,"available",0.880578221868658,0.880578221868658,0.880578221868658,0.98112280032341,0.980528900323215,FALSE,-0.0291903748619581,-0.150369676800645,"bias-corrected log2 fold change",,
"crc_baxter","Granulicatella","LinDA","LinDA","differential abundance","H","CRC","age_z + sex + group",TRUE,"available",0.0732331363539029,0.0732331363539029,0.0732331363539029,0.333030107290699,0.32484503552933,FALSE,-0.293891117202304,-1.79794397299677,"bias-corrected log2 fold change",,
"crc_baxter","Haemophilus","LinDA","LinDA","differential abundance","H","CRC","age_z + sex + group",TRUE,"available",0.0011509342143049,0.0011509342143049,0.0011509342143049,0.0207168158574883,0.0208812350309604,TRUE,-1.01854204413855,-3.28371077444534,"bias-corrected log2 fold change",,
"crc_baxter","Hespellia","LinDA","LinDA","differential abundance","H","CRC","age_z + sex + group",TRUE,"available",0.0673959926480065,0.0673959926480065,0.0673959926480065,0.327810879496222,0.318175051174758,FALSE,0.512472050729073,1.83594910174684,"bias-corrected log2 fold change",,
"crc_baxter","Holdemania","LinDA","LinDA","differential abundance","H","CRC","age_z + sex + group",TRUE,"available",0.264758482567385,0.264758482567385,0.264758482567385,0.609875480875651,0.603738695282939,FALSE,-0.154821145244732,-1.11739092657309,"bias-corrected log2 fold change",,
"crc_baxter","Howardella","LinDA","LinDA","differential abundance","H","CRC","age_z + sex + group",TRUE,"available",0.231035152029591,0.231035152029591,0.231035152029591,0.575132557075511,0.568549080002761,FALSE,0.272568080964866,1.20023310823042,"bias-corrected log2 fold change",,
"crc_baxter","Lachnobacterium","LinDA","LinDA","differential abundance","H","CRC","age_z + sex + group",TRUE,"available",0.00706162775020367,0.00706162775020367,0.00706162775020367,0.0808877360477875,0.081529702206897,FALSE,-0.291239673186951,-2.71336331795946,"bias-corrected log2 fold change",,
"crc_baxter","Lachnospiracea_incertae_sedis","LinDA","LinDA","differential abundance","H","CRC","age_z + sex + group",TRUE,"available",0.256314081254739,0.256314081254739,0.256314081254739,0.609350457322587,0.602812746654664,FALSE,0.232172107330467,1.13740579658407,"bias-corrected log2 fold change",,
"crc_baxter","Lactobacillus","LinDA","LinDA","differential abundance","H","CRC","age_z + sex + group",TRUE,"available",0.0676435148166808,0.0676435148166808,0.0676435148166808,0.327810879496222,0.318175051174758,FALSE,0.522351179945939,1.8342833543978,"bias-corrected log2 fold change",,
"crc_baxter","Lactococcus","LinDA","LinDA","differential abundance","H","CRC","age_z + sex + group",TRUE,"available",0.658356780814247,0.658356780814247,0.658356780814247,0.891967251425753,0.88948203365329,FALSE,-0.0995343653084694,-0.442642248569218,"bias-corrected log2 fold change",,
"crc_baxter","Lactonifactor","LinDA","LinDA","differential abundance","H","CRC","age_z + sex + group",TRUE,"available",0.691532404996686,0.691532404996686,0.691532404996686,0.894547677665638,0.892539714303875,FALSE,0.0910533726674171,0.397175260387053,"bias-corrected log2 fold change",,
"crc_baxter","Megasphaera","LinDA","LinDA","differential abundance","H","CRC","age_z + sex + group",TRUE,"available",0.600937604723591,0.600937604723591,0.600937604723591,0.881824317112404,0.878606567369246,FALSE,-0.0983442986218307,-0.523631429800213,"bias-corrected log2 fold change",,
"crc_baxter","Methanobrevibacter","LinDA","LinDA","differential abundance","H","CRC","age_z + sex + group",TRUE,"available",0.0501902590415808,0.0501902590415808,0.0501902590415808,0.327810879496222,0.318175051174758,FALSE,0.917802614537102,1.96659232160266,"bias-corrected log2 fold change",,
"crc_baxter","Methylobacterium","LinDA","LinDA","differential abundance","H","CRC","age_z + sex + group",TRUE,"available",0.30566987666592,0.30566987666592,0.30566987666592,0.652794969723508,0.647853176301913,FALSE,-0.13046654692324,-1.02617571280937,"bias-corrected log2 fold change",,
"crc_baxter","Mogibacterium","LinDA","LinDA","differential abundance","H","CRC","age_z + sex + group",TRUE,"available",0.65525518749993,0.65525518749993,0.65525518749993,0.891967251425753,0.88948203365329,FALSE,0.0920478197176463,0.446938765441251,"bias-corrected log2 fold change",,
"crc_baxter","Odoribacter","LinDA","LinDA","differential abundance","H","CRC","age_z + sex + group",TRUE,"available",0.981218598752932,0.981218598752932,0.981218598752932,0.989068347542955,0.989006047949384,FALSE,-0.0077028861282783,-0.0235616251131603,"bias-corrected log2 fold change",,
"crc_baxter","Oscillibacter","LinDA","LinDA","differential abundance","H","CRC","age_z + sex + group",TRUE,"available",0.419483262247412,0.419483262247412,0.419483262247412,0.743532999507301,0.739573080650276,FALSE,0.257007644288642,0.808477186247042,"bias-corrected log2 fold change",,
"crc_baxter","Oxalobacter","LinDA","LinDA","differential abundance","H","CRC","age_z + sex + group",TRUE,"available",0.601880089457672,0.601880089457672,0.601880089457672,0.881824317112404,0.878606567369246,FALSE,0.0756892511723102,0.522275382972802,"bias-corrected log2 fold change",,
"crc_baxter","Parabacteroides","LinDA","LinDA","differential abundance","H","CRC","age_z + sex + group",TRUE,"available",0.973193048727464,0.973193048727464,0.973193048727464,0.989068347542955,0.989006047949384,FALSE,-0.0135928983062102,-0.0336330699227015,"bias-corrected log2 fold change",,
"crc_baxter","Paraprevotella","LinDA","LinDA","differential abundance","H","CRC","age_z + sex + group",TRUE,"available",0.695589176196461,0.695589176196461,0.695589176196461,0.894547677665638,0.892539714303875,FALSE,-0.107679118812739,-0.391673422745486,"bias-corrected log2 fold change",,
"crc_baxter","Parasutterella","LinDA","LinDA","differential abundance","H","CRC","age_z + sex + group",TRUE,"available",0.441361576000009,0.441361576000009,0.441361576000009,0.743532999507301,0.739573080650276,FALSE,0.26167444792971,0.770961843407168,"bias-corrected log2 fold change",,
"crc_baxter","Parvimonas","LinDA","LinDA","differential abundance","H","CRC","age_z + sex + group",TRUE,"available",2.16445885521231e-07,2.16445885521231e-07,2.16445885521231e-07,9.0907271918917e-06,9.16287582039878e-06,TRUE,0.858005996599428,5.31278113060626,"bias-corrected log2 fold change",,
"crc_baxter","Peptococcus","LinDA","LinDA","differential abundance","H","CRC","age_z + sex + group",TRUE,"available",0.91104260030031,0.91104260030031,0.91104260030031,0.98112280032341,0.980528900323215,FALSE,-0.0183919297208139,-0.111821794754876,"bias-corrected log2 fold change",,
"crc_baxter","Peptoniphilus","LinDA","LinDA","differential abundance","H","CRC","age_z + sex + group",TRUE,"available",0.196639883455572,0.196639883455572,0.196639883455572,0.575132557075511,0.568549080002761,FALSE,0.136901627945939,1.294180472451,"bias-corrected log2 fold change",,
"crc_baxter","Peptostreptococcus","LinDA","LinDA","differential abundance","H","CRC","age_z + sex + group",TRUE,"available",2.0820249363411e-09,2.0820249363411e-09,2.0820249363411e-09,1.31167570989489e-07,1.3220858345766e-07,TRUE,1.07471795104124,6.18854917855116,"bias-corrected log2 fold change",,
"crc_baxter","Phascolarctobacterium","LinDA","LinDA","differential abundance","H","CRC","age_z + sex + group",TRUE,"available",0.695759304851052,0.695759304851052,0.695759304851052,0.894547677665638,0.892539714303875,FALSE,0.1791020140501,0.391442953145494,"bias-corrected log2 fold change",,
"crc_baxter","Porphyromonas","LinDA","LinDA","differential abundance","H","CRC","age_z + sex + group",TRUE,"available",2.19453685718262e-11,2.19453685718262e-11,2.19453685718262e-11,2.7651164400501e-09,2.78706180862193e-09,TRUE,2.00858460395983,6.9677293439136,"bias-corrected log2 fold change",,
"crc_baxter","Prevotella","LinDA","LinDA","differential abundance","H","CRC","age_z + sex + group",TRUE,"available",0.0570494055076659,0.0570494055076659,0.0570494055076659,0.327810879496222,0.318175051174758,FALSE,0.925217535496911,1.91059587597451,"bias-corrected log2 fold change",,
"crc_baxter","Pseudoflavonifractor","LinDA","LinDA","differential abundance","H","CRC","age_z + sex + group",TRUE,"available",0.0911054072613559,0.0911054072613559,0.0911054072613559,0.370299397255834,0.361574585068506,FALSE,0.420243589658248,1.69526790598041,"bias-corrected log2 fold change",,
"crc_baxter","Pseudomonas","LinDA","LinDA","differential abundance","H","CRC","age_z + sex + group",TRUE,"available",0.901213908766979,0.901213908766979,0.901213908766979,0.98112280032341,0.980528900323215,FALSE,0.0346067003758218,0.124237485943593,"bias-corrected log2 fold change",,
"crc_baxter","Roseburia","LinDA","LinDA","differential abundance","H","CRC","age_z + sex + group",TRUE,"available",0.219210278251189,0.219210278251189,0.219210278251189,0.575132557075511,0.568549080002761,FALSE,0.330670560227617,1.23131318041024,"bias-corrected log2 fold change",,
"crc_baxter","Rothia","LinDA","LinDA","differential abundance","H","CRC","age_z + sex + group",TRUE,"available",0.929094952812628,0.929094952812628,0.929094952812628,0.983747597095723,0.983292158393364,FALSE,0.0131500931788696,0.0890614776659023,"bias-corrected log2 fold change",,
"crc_baxter","Ruminococcus","LinDA","LinDA","differential abundance","H","CRC","age_z + sex + group",TRUE,"available",0.993119538612521,0.993119538612521,0.993119538612521,0.993119538612521,0.993119538612521,FALSE,-0.00331130797557688,-0.00863097586533724,"bias-corrected log2 fold change",,
"crc_baxter","Ruminococcus2","LinDA","LinDA","differential abundance","H","CRC","age_z + sex + group",TRUE,"available",0.00195309879978317,0.00195309879978317,0.00195309879978317,0.030761306096585,0.0310054434465579,TRUE,0.807598989349215,3.12599511341555,"bias-corrected log2 fold change",,
"crc_baxter","Slackia","LinDA","LinDA","differential abundance","H","CRC","age_z + sex + group",TRUE,"available",0.824471285049234,0.824471285049234,0.824471285049234,0.950217295968981,0.949130246295343,FALSE,-0.0552556054257036,-0.221999918943528,"bias-corrected log2 fold change",,
"crc_baxter","Solobacterium","LinDA","LinDA","differential abundance","H","CRC","age_z + sex + group",TRUE,"available",0.910795776496336,0.910795776496336,0.910795776496336,0.98112280032341,0.980528900323215,FALSE,-0.0115756039064884,-0.112133365140456,"bias-corrected log2 fold change",,
"crc_baxter","Sporobacter","LinDA","LinDA","differential abundance","H","CRC","age_z + sex + group",TRUE,"available",0.340320805670696,0.340320805670696,0.340320805670696,0.655600381427778,0.650940819370722,FALSE,0.299366485088226,0.955114472308451,"bias-corrected log2 fold change",,
"crc_baxter","Staphylococcus","LinDA","LinDA","differential abundance","H","CRC","age_z + sex + group",TRUE,"available",0.322933859559413,0.322933859559413,0.322933859559413,0.652794969723508,0.647853176301913,FALSE,0.115166751909516,0.990146085462886,"bias-corrected log2 fold change",,
"crc_baxter","Streptococcus","LinDA","LinDA","differential abundance","H","CRC","age_z + sex + group",TRUE,"available",0.630596899720101,0.630596899720101,0.630596899720101,0.891967251425753,0.88948203365329,FALSE,-0.157432035117378,-0.481401267401026,"bias-corrected log2 fold change",,
"crc_baxter","Streptophyta","LinDA","LinDA","differential abundance","H","CRC","age_z + sex + group",TRUE,"available",0.064259878341842,0.064259878341842,0.064259878341842,0.327810879496222,0.318175051174758,FALSE,-0.254985047983757,-1.85750538560225,"bias-corrected log2 fold change",,
"crc_baxter","Subdoligranulum","LinDA","LinDA","differential abundance","H","CRC","age_z + sex + group",TRUE,"available",0.31282000662653,0.31282000662653,0.31282000662653,0.652794969723508,0.647853176301913,FALSE,0.229492390647918,1.01109428597513,"bias-corrected log2 fold change",,
"crc_baxter","Succiniclasticum","LinDA","LinDA","differential abundance","H","CRC","age_z + sex + group",TRUE,"available",0.438506140073109,0.438506140073109,0.438506140073109,0.743532999507301,0.739573080650276,FALSE,0.114077095046252,0.775795817526888,"bias-corrected log2 fold change",,
"crc_baxter","Succinivibrio","LinDA","LinDA","differential abundance","H","CRC","age_z + sex + group",TRUE,"available",0.785329937094517,0.785329937094517,0.785329937094517,0.94848570254289,0.947161391229815,FALSE,0.0321387853284508,0.272634012099687,"bias-corrected log2 fold change",,
"crc_baxter","Sutterella","LinDA","LinDA","differential abundance","H","CRC","age_z + sex + group",TRUE,"available",0.216583875901415,0.216583875901415,0.216583875901415,0.575132557075511,0.568549080002761,FALSE,-0.228110920001131,-1.23837939565859,"bias-corrected log2 fold change",,
"crc_baxter","Turicibacter","LinDA","LinDA","differential abundance","H","CRC","age_z + sex + group",TRUE,"available",0.817818484803021,0.817818484803021,0.817818484803021,0.950217295968981,0.949130246295343,FALSE,0.0790028598207263,0.230562386027604,"bias-corrected log2 fold change",,
"crc_baxter","Unclassified_Acidaminococcaceae","LinDA","LinDA","differential abundance","H","CRC","age_z + sex + group",TRUE,"available",0.594306609979005,0.594306609979005,0.594306609979005,0.881824317112404,0.878606567369246,FALSE,-0.122615678676354,-0.533199632306228,"bias-corrected log2 fold change",,
"crc_baxter","Unclassified_Actinomycetaceae","LinDA","LinDA","differential abundance","H","CRC","age_z + sex + group",TRUE,"available",0.691596276861353,0.691596276861353,0.691596276861353,0.894547677665638,0.892539714303875,FALSE,-0.0445691941409505,-0.397088543608248,"bias-corrected log2 fold change",,
"crc_baxter","Unclassified_Bacteria","LinDA","LinDA","differential abundance","H","CRC","age_z + sex + group",TRUE,"available",0.207283638180504,0.207283638180504,0.207283638180504,0.575132557075511,0.568549080002761,FALSE,-0.294183656839142,-1.26391203325968,"bias-corrected log2 fold change",,
"crc_baxter","Unclassified_Bacteroidetes","LinDA","LinDA","differential abundance","H","CRC","age_z + sex + group",TRUE,"available",0.96153090301253,0.96153090301253,0.96153090301253,0.989068347542955,0.989006047949384,FALSE,-0.0058619634648294,-0.0482745420475802,"bias-corrected log2 fold change",,
"crc_baxter","Unclassified_Burkholderiales","LinDA","LinDA","differential abundance","H","CRC","age_z + sex + group",TRUE,"available",0.437761560600559,0.437761560600559,0.437761560600559,0.743532999507301,0.739573080650276,FALSE,-0.117645725969072,-0.777059302938521,"bias-corrected log2 fold change",,
"crc_baxter","Unclassified_Clostridia","LinDA","LinDA","differential abundance","H","CRC","age_z + sex + group",TRUE,"available",0.805460080730867,0.805460080730867,0.805460080730867,0.94848570254289,0.947161391229815,FALSE,-0.0603699879248042,-0.246513871215614,"bias-corrected log2 fold change",,
"crc_baxter","Unclassified_Clostridiaceae_2","LinDA","LinDA","differential abundance","H","CRC","age_z + sex + group",TRUE,"available",0.00385461497191627,0.00385461497191627,0.00385461497191627,0.0539646096068278,0.054392900159263,FALSE,-0.306366654439685,-2.91345531660808,"bias-corrected log2 fold change",,
"crc_baxter","Unclassified_Clostridiales","LinDA","LinDA","differential abundance","H","CRC","age_z + sex + group",TRUE,"available",0.442579166373393,0.442579166373393,0.442579166373393,0.743532999507301,0.739573080650276,FALSE,0.230319562508018,0.768906062239865,"bias-corrected log2 fold change",,
"crc_baxter","Unclassified_Clostridiales_Incertae_Sedis_XIII","LinDA","LinDA","differential abundance","H","CRC","age_z + sex + group",TRUE,"available",0.493192223587801,0.493192223587801,0.493192223587801,0.807041820416402,0.803018107636548,FALSE,0.128038603643128,0.686115546417486,"bias-corrected log2 fold change",,
"crc_baxter","Unclassified_Coriobacteriaceae","LinDA","LinDA","differential abundance","H","CRC","age_z + sex + group",TRUE,"available",0.077019412432978,0.077019412432978,0.077019412432978,0.333030107290699,0.32484503552933,FALSE,0.460211695994345,1.77460516409062,"bias-corrected log2 fold change",,
"crc_baxter","Unclassified_Desulfovibrionaceae","LinDA","LinDA","differential abundance","H","CRC","age_z + sex + group",TRUE,"available",0.562905278707484,0.562905278707484,0.562905278707484,0.881824317112404,0.878606567369246,FALSE,0.0796430934118026,0.579202515831781,"bias-corrected log2 fold change",,
"crc_baxter","Unclassified_Desulfovibrionales","LinDA","LinDA","differential abundance","H","CRC","age_z + sex + group",TRUE,"available",0.894514318432462,0.894514318432462,0.894514318432462,0.98112280032341,0.980528900323215,FALSE,0.0190038813140844,0.132711378706211,"bias-corrected log2 fold change",,
"crc_baxter","Unclassified_Enterobacteriaceae","LinDA","LinDA","differential abundance","H","CRC","age_z + sex + group",TRUE,"available",0.980907515525692,0.980907515525692,0.980907515525692,0.989068347542955,0.989006047949384,FALSE,0.00415065057155437,0.0239519592264266,"bias-corrected log2 fold change",,
"crc_baxter","Unclassified_Erysipelotrichaceae","LinDA","LinDA","differential abundance","H","CRC","age_z + sex + group",TRUE,"available",0.00461207478211738,0.00461207478211738,0.00461207478211738,0.058112142254679,0.0585733497328907,FALSE,-0.332983885147551,-2.85530657001597,"bias-corrected log2 fold change",,
"crc_baxter","Unclassified_Firmicutes","LinDA","LinDA","differential abundance","H","CRC","age_z + sex + group",TRUE,"available",0.829554782195142,0.829554782195142,0.829554782195142,0.950217295968981,0.949130246295343,FALSE,-0.0807256115452016,-0.215468240724429,"bias-corrected log2 fold change",,
"crc_baxter","Unclassified_Lachnospiraceae","LinDA","LinDA","differential abundance","H","CRC","age_z + sex + group",TRUE,"available",0.800441137678094,0.800441137678094,0.800441137678094,0.94848570254289,0.947161391229815,FALSE,-0.0525937907254709,-0.253009801183835,"bias-corrected log2 fold change",,
"crc_baxter","Unclassified_Peptostreptococcaceae","LinDA","LinDA","differential abundance","H","CRC","age_z + sex + group",TRUE,"available",0.208207411433649,0.208207411433649,0.208207411433649,0.575132557075511,0.568549080002761,FALSE,-0.126315147294711,-1.26133910592759,"bias-corrected log2 fold change",,
"crc_baxter","Unclassified_Porphyromonadaceae","LinDA","LinDA","differential abundance","H","CRC","age_z + sex + group",TRUE,"available",0.175113953790071,0.175113953790071,0.175113953790071,0.575132557075511,0.568549080002761,FALSE,0.351592761005388,1.35930311012478,"bias-corrected log2 fold change",,
"crc_baxter","Unclassified_Proteobacteria","LinDA","LinDA","differential abundance","H","CRC","age_z + sex + group",TRUE,"available",0.390641873631285,0.390641873631285,0.390641873631285,0.713346030109303,0.708735970731046,FALSE,-0.109310343890653,-0.859750137225846,"bias-corrected log2 fold change",,
"crc_baxter","Unclassified_Rhodospirillaceae","LinDA","LinDA","differential abundance","H","CRC","age_z + sex + group",TRUE,"available",0.133974554977982,0.133974554977982,0.133974554977982,0.496493939036052,0.486136242348679,FALSE,0.342734446298213,1.50284561970861,"bias-corrected log2 fold change",,
"crc_baxter","Unclassified_Rikenellaceae","LinDA","LinDA","differential abundance","H","CRC","age_z + sex + group",TRUE,"available",0.615282272283842,0.615282272283842,0.615282272283842,0.890962041523109,0.887942908512775,FALSE,-0.134767253603383,-0.503094627995619,"bias-corrected log2 fold change",,
"crc_baxter","Unclassified_Ruminococcaceae","LinDA","LinDA","differential abundance","H","CRC","age_z + sex + group",TRUE,"available",0.232791749292469,0.232791749292469,0.232791749292469,0.575132557075511,0.568549080002761,FALSE,0.28549314412609,1.19571401508044,"bias-corrected log2 fold change",,
"crc_baxter","Unclassified_Sutterellaceae","LinDA","LinDA","differential abundance","H","CRC","age_z + sex + group",TRUE,"available",0.537916820221894,0.537916820221894,0.537916820221894,0.857943282885553,0.853942952102257,FALSE,-0.0778981491084963,-0.616704531731743,"bias-corrected log2 fold change",,
"crc_baxter","Unclassified_Veillonellaceae","LinDA","LinDA","differential abundance","H","CRC","age_z + sex + group",TRUE,"available",0.592142830641183,0.592142830641183,0.592142830641183,0.881824317112404,0.878606567369246,FALSE,0.0846497601828855,0.536332437194841,"bias-corrected log2 fold change",,
"crc_baxter","Vampirovibrio","LinDA","LinDA","differential abundance","H","CRC","age_z + sex + group",TRUE,"available",0.883571816912814,0.883571816912814,0.883571816912814,0.98112280032341,0.980528900323215,FALSE,-0.0221738738691211,-0.146572739707015,"bias-corrected log2 fold change",,
"crc_baxter","Veillonella","LinDA","LinDA","differential abundance","H","CRC","age_z + sex + group",TRUE,"available",0.159103875881282,0.159103875881282,0.159103875881282,0.571520827765242,0.560487607152013,FALSE,-0.415227159243329,-1.41174726570687,"bias-corrected log2 fold change",,
"crc_baxter","Weissella","LinDA","LinDA","differential abundance","H","CRC","age_z + sex + group",TRUE,"available",0.736246705213974,0.736246705213974,0.736246705213974,0.927670848569607,0.925775560021531,FALSE,0.0398326850523011,0.337153576185336,"bias-corrected log2 fold change",,
"crc_baxter","Acetanaerobacterium","corncob","corncob","differential abundance","H","CRC","age_z + sex + group",TRUE,"available",0.0506078009994586,0.0506078009994586,0.0506078009994586,0.172340079079237,0.172340079079237,FALSE,0.683195297498107,1.96312141950644,"beta-binomial mean-model logit coefficient",,
"crc_baxter","Acetitomaculum","corncob","corncob","differential abundance","H","CRC","age_z + sex + group",TRUE,"available",0.0245097568127507,0.0245097568127507,0.0245097568127507,0.102940978613553,0.102940978613553,FALSE,-1.00384663246361,-2.26109879806958,"beta-binomial mean-model logit coefficient",,
"crc_baxter","Acidaminococcus","corncob","corncob","differential abundance","H","CRC","age_z + sex + group",TRUE,"available",0.845636709855306,0.845636709855306,0.845636709855306,0.9429223490422,0.9429223490422,FALSE,0.0908886733463694,0.194866602049324,"beta-binomial mean-model logit coefficient",,
"crc_baxter","Actinomyces","corncob","corncob","differential abundance","H","CRC","age_z + sex + group",TRUE,"available",0.0759232818014947,0.0759232818014947,0.0759232818014947,0.213696402493683,0.213696402493683,FALSE,0.437802962129443,1.78135383794536,"beta-binomial mean-model logit coefficient",,
"crc_baxter","Akkermansia","corncob","corncob","differential abundance","H","CRC","age_z + sex + group",TRUE,"available",0.403696018270125,0.403696018270125,0.403696018270125,0.59841998002395,0.59841998002395,FALSE,0.170608997848017,0.836287938358586,"beta-binomial mean-model logit coefficient",,
"crc_baxter","Alistipes","corncob","corncob","differential abundance","H","CRC","age_z + sex + group",TRUE,"available",0.657890015691702,0.657890015691702,0.657890015691702,0.797059057472639,0.797059057472639,FALSE,0.0692553388716978,0.443294800416063,"beta-binomial mean-model logit coefficient",,
"crc_baxter","Allisonella","corncob","corncob","differential abundance","H","CRC","age_z + sex + group",TRUE,"available",0.0977244765227038,0.0977244765227038,0.0977244765227038,0.251291511058381,0.251291511058381,FALSE,-1.3751236533322,-1.66146025870023,"beta-binomial mean-model logit coefficient",,
"crc_baxter","Anaerococcus","corncob","corncob","differential abundance","H","CRC","age_z + sex + group",TRUE,"available",0.00217384833006816,0.00217384833006816,0.00217384833006816,0.0182603259725726,0.0182603259725726,TRUE,2.47586882806311,3.09368340288537,"beta-binomial mean-model logit coefficient",,
"crc_baxter","Anaerofilum","corncob","corncob","differential abundance","H","CRC","age_z + sex + group",TRUE,"available",0.315593798975552,0.315593798975552,0.315593798975552,0.528354812709363,0.528354812709363,FALSE,0.407436365573532,1.00532990964761,"beta-binomial mean-model logit coefficient",,
"crc_baxter","Anaerofustis","corncob","corncob","differential abundance","H","CRC","age_z + sex + group",TRUE,"available",0.371618695105996,0.371618695105996,0.371618695105996,0.578073525720438,0.578073525720438,FALSE,0.249884173289345,0.894861886439785,"beta-binomial mean-model logit coefficient",,
"crc_baxter","Anaerorhabdus","corncob","corncob","differential abundance","H","CRC","age_z + sex + group",TRUE,"available",0.233326541720729,0.233326541720729,0.233326541720729,0.457673667436362,0.457673667436362,FALSE,0.841185155999496,1.19437844058746,"beta-binomial mean-model logit coefficient",,
"crc_baxter","Anaerosporobacter","corncob","corncob","differential abundance","H","CRC","age_z + sex + group",TRUE,"available",0.271474512968629,0.271474512968629,0.271474512968629,0.488654123343532,0.488654123343532,FALSE,-0.512831352342009,-1.10181610270254,"beta-binomial mean-model logit coefficient",,
"crc_baxter","Anaerostipes","corncob","corncob","differential abundance","H","CRC","age_z + sex + group",TRUE,"available",0.314446355957035,0.314446355957035,0.314446355957035,0.528354812709363,0.528354812709363,FALSE,-0.139496128278904,-1.00772072231935,"beta-binomial mean-model logit coefficient",,
"crc_baxter","Anaerotruncus","corncob","corncob","differential abundance","H","CRC","age_z + sex + group",TRUE,"available",0.0960640855814366,0.0960640855814366,0.0960640855814366,0.251291511058381,0.251291511058381,FALSE,0.570654056543606,1.66978304011549,"beta-binomial mean-model logit coefficient",,
"crc_baxter","Atopobium","corncob","corncob","differential abundance","H","CRC","age_z + sex + group",TRUE,"available",0.0572081326456516,0.0572081326456516,0.0572081326456516,0.180205617833802,0.180205617833802,FALSE,0.90580575997826,1.90947661560176,"beta-binomial mean-model logit coefficient",,
"crc_baxter","Bacteroides","corncob","corncob","differential abundance","H","CRC","age_z + sex + group",TRUE,"available",0.639614581031883,0.639614581031883,0.639614581031883,0.797059057472639,0.797059057472639,FALSE,-0.0608586440955015,-0.468740705281832,"beta-binomial mean-model logit coefficient",,
"crc_baxter","Barnesiella","corncob","corncob","differential abundance","H","CRC","age_z + sex + group",TRUE,"available",0.391454025111807,0.391454025111807,0.391454025111807,0.593664888049993,0.593664888049993,FALSE,-0.280523595714537,-0.858293817054155,"beta-binomial mean-model logit coefficient",,
"crc_baxter","Bifidobacterium","corncob","corncob","differential abundance","H","CRC","age_z + sex + group",TRUE,"available",0.556331073684325,0.556331073684325,0.556331073684325,0.730184534210676,0.730184534210676,FALSE,0.190810365565141,0.588997605339669,"beta-binomial mean-model logit coefficient",,
"crc_baxter","Bilophila","corncob","corncob","differential abundance","H","CRC","age_z + sex + group",TRUE,"available",0.0458615458269335,0.0458615458269335,0.0458615458269335,0.162430869984957,0.162430869984957,FALSE,0.461409540872035,2.00546792911183,"beta-binomial mean-model logit coefficient",,
"crc_baxter","Blautia","corncob","corncob","differential abundance","H","CRC","age_z + sex + group",TRUE,"available",0.124797984417275,0.124797984417275,0.124797984417275,0.302395116088012,0.302395116088012,FALSE,0.179901279904932,1.53949060097112,"beta-binomial mean-model logit coefficient",,
"crc_baxter","Butyricicoccus","corncob","corncob","differential abundance","H","CRC","age_z + sex + group",TRUE,"available",0.0557804598638887,0.0557804598638887,0.0557804598638887,0.180205617833802,0.180205617833802,FALSE,-0.321139028837411,-1.92062269580379,"beta-binomial mean-model logit coefficient",,
"crc_baxter","Butyricimonas","corncob","corncob","differential abundance","H","CRC","age_z + sex + group",TRUE,"available",0.00238836641000635,0.00238836641000635,0.00238836641000635,0.0188083854788,0.0188083854788,TRUE,-0.879725744890044,-3.06469944333509,"beta-binomial mean-model logit coefficient",,
"crc_baxter","Catenibacterium","corncob","corncob","differential abundance","H","CRC","age_z + sex + group",TRUE,"available",0.75760065138667,0.75760065138667,0.75760065138667,0.883867426617782,0.883867426617782,FALSE,0.200263436075372,0.308930828674385,"beta-binomial mean-model logit coefficient",,
"crc_baxter","Citrobacter","corncob","corncob","differential abundance","H","CRC","age_z + sex + group",TRUE,"available",3.86448973822719e-06,3.86448973822719e-06,3.86448973822719e-06,8.11542845027709e-05,8.11542845027709e-05,TRUE,-3.48956631143209,-4.7109117947765,"beta-binomial mean-model logit coefficient",,
"crc_baxter","Cloacibacillus","corncob","corncob","differential abundance","H","CRC","age_z + sex + group",TRUE,"available",0.901972608941691,0.901972608941691,0.901972608941691,0.971355117321821,0.971355117321821,FALSE,0.065510433149914,0.123279959086568,"beta-binomial mean-model logit coefficient",,
"crc_baxter","Clostridium_III","corncob","corncob","differential abundance","H","CRC","age_z + sex + group",TRUE,"available",0.434820144716306,0.434820144716306,0.434820144716306,0.622397112918137,0.622397112918137,FALSE,-0.230152012686047,-0.782078239195521,"beta-binomial mean-model logit coefficient",,
"crc_baxter","Clostridium_IV","corncob","corncob","differential abundance","H","CRC","age_z + sex + group",TRUE,"available",0.0797491628657243,0.0797491628657243,0.0797491628657243,0.21844335915394,0.21844335915394,FALSE,0.348934190833013,1.75844335718391,"beta-binomial mean-model logit coefficient",,
"crc_baxter","Clostridium_sensu_stricto","corncob","corncob","differential abundance","H","CRC","age_z + sex + group",TRUE,"available",0.136398277049733,0.136398277049733,0.136398277049733,0.314845160906749,0.314845160906749,FALSE,-0.379788195982617,-1.49356966162011,"beta-binomial mean-model logit coefficient",,
"crc_baxter","Clostridium_XI","corncob","corncob","differential abundance","H","CRC","age_z + sex + group",TRUE,"available",0.269207259778321,0.269207259778321,0.269207259778321,0.488654123343532,0.488654123343532,FALSE,-0.258893495208079,-1.10705423942991,"beta-binomial mean-model logit coefficient",,
"crc_baxter","Clostridium_XII","corncob","corncob","differential abundance","H","CRC","age_z + sex + group",TRUE,"available",0.211458836138957,0.211458836138957,0.211458836138957,0.444063555891811,0.444063555891811,FALSE,0.554644670707068,1.25238803059639,"beta-binomial mean-model logit coefficient",,
"crc_baxter","Clostridium_XlVa","corncob","corncob","differential abundance","H","CRC","age_z + sex + group",TRUE,"available",0.0464088199957019,0.0464088199957019,0.0464088199957019,0.162430869984957,0.162430869984957,FALSE,0.204547253654955,2.00040110304084,"beta-binomial mean-model logit coefficient",,
"crc_baxter","Clostridium_XlVb","corncob","corncob","differential abundance","H","CRC","age_z + sex + group",TRUE,"available",0.00386428108488873,0.00386428108488873,0.00386428108488873,0.0237884378135027,0.0237884378135027,TRUE,0.620598145236868,2.91298500771202,"beta-binomial mean-model logit coefficient",,
"crc_baxter","Clostridium_XVIII","corncob","corncob","differential abundance","H","CRC","age_z + sex + group",TRUE,"available",0.00125416171065401,0.00125416171065401,0.00125416171065401,0.0143658523220368,0.0143658523220368,TRUE,-0.622351321320797,-3.25896698801447,"beta-binomial mean-model logit coefficient",,
"crc_baxter","Collinsella","corncob","corncob","differential abundance","H","CRC","age_z + sex + group",TRUE,"available",0.00416635551320062,0.00416635551320062,0.00416635551320062,0.0237884378135027,0.0237884378135027,TRUE,0.583026944885481,2.88868892888282,"beta-binomial mean-model logit coefficient",,
"crc_baxter","Coprobacillus","corncob","corncob","differential abundance","H","CRC","age_z + sex + group",TRUE,"available",0.449509025996432,0.449509025996432,0.449509025996432,0.622397112918137,0.622397112918137,FALSE,-0.283022514621698,-0.757281559800942,"beta-binomial mean-model logit coefficient",,
"crc_baxter","Coprococcus","corncob","corncob","differential abundance","H","CRC","age_z + sex + group",TRUE,"available",0.10665136051201,0.10665136051201,0.10665136051201,0.263491596559085,0.263491596559085,FALSE,-0.205526635731023,-1.61856275085862,"beta-binomial mean-model logit coefficient",,
"crc_baxter","Corynebacterium","corncob","corncob","differential abundance","H","CRC","age_z + sex + group",TRUE,"available",0.0717406893666555,0.0717406893666555,0.0717406893666555,0.210216903725549,0.210216903725549,FALSE,0.684822252942885,1.80751071715807,"beta-binomial mean-model logit coefficient",,
"crc_baxter","Defluviitalea","corncob","corncob","differential abundance","H","CRC","age_z + sex + group",TRUE,"available",0.880702687380222,0.880702687380222,0.880702687380222,0.9649438139992,0.9649438139992,FALSE,0.0501300820344429,0.150213645548069,"beta-binomial mean-model logit coefficient",,
"crc_baxter","Desulfovibrio","corncob","corncob","differential abundance","H","CRC","age_z + sex + group",TRUE,"available",0.993264142779705,0.993264142779705,0.993264142779705,0.993264142779705,0.993264142779705,FALSE,0.00268702185845516,0.00844968070342636,"beta-binomial mean-model logit coefficient",,
"crc_baxter","Dialister","corncob","corncob","differential abundance","H","CRC","age_z + sex + group",TRUE,"available",0.00212607185746348,0.00212607185746348,0.00212607185746348,0.0182603259725726,0.0182603259725726,TRUE,-0.82055457515111,-3.1004962671639,"beta-binomial mean-model logit coefficient",,
"crc_baxter","Dorea","corncob","corncob","differential abundance","H","CRC","age_z + sex + group",TRUE,"available",0.263115312317694,0.263115312317694,0.263115312317694,0.488654123343532,0.488654123343532,FALSE,0.151289756025601,1.12128136602021,"beta-binomial mean-model logit coefficient",,
"crc_baxter","Eggerthella","corncob","corncob","differential abundance","H","CRC","age_z + sex + group",TRUE,"available",0.0127315759514375,0.0127315759514375,0.0127315759514375,0.0594140211067083,0.0594140211067083,FALSE,0.773496297751762,2.50708848505867,"beta-binomial mean-model logit coefficient",,
"crc_baxter","Eggerthia","corncob","corncob","differential abundance","H","CRC","age_z + sex + group",TRUE,"available",0.0100511405460302,0.0100511405460302,0.0100511405460302,0.0506577483519925,0.0506577483519925,FALSE,-1.44572969948548,-2.59145402447906,"beta-binomial mean-model logit coefficient",,
"crc_baxter","Enterobacter","corncob","corncob","differential abundance","H","CRC","age_z + sex + group",TRUE,"available",0.00434233388659177,0.00434233388659177,0.00434233388659177,0.0237884378135027,0.0237884378135027,TRUE,1.71638611156183,2.87526597039479,"beta-binomial mean-model logit coefficient",,
"crc_baxter","Enterococcus","corncob","corncob","differential abundance","H","CRC","age_z + sex + group",TRUE,"available",0.0380458469231381,0.0380458469231381,0.0380458469231381,0.145265960979254,0.145265960979254,FALSE,1.39816851410578,2.08408799967308,"beta-binomial mean-model logit coefficient",,
"crc_baxter","Enterorhabdus","corncob","corncob","differential abundance","H","CRC","age_z + sex + group",TRUE,"available",0.237413898652213,0.237413898652213,0.237413898652213,0.457673667436362,0.457673667436362,FALSE,0.741367113186881,1.18397260849008,"beta-binomial mean-model logit coefficient",,
"crc_baxter","Erysipelotrichaceae_incertae_sedis","corncob","corncob","differential abundance","H","CRC","age_z + sex + group",TRUE,"available",0.52711204914899,0.52711204914899,0.52711204914899,0.699117033608134,0.699117033608134,FALSE,-0.165874895804689,-0.633200841699608,"beta-binomial mean-model logit coefficient",,
"crc_baxter","Escherichia/Shigella","corncob","corncob","differential abundance","H","CRC","age_z + sex + group",TRUE,"available",0.0625612511327322,0.0625612511327322,0.0625612511327322,0.188040516586941,0.188040516586941,FALSE,-0.545761868485519,-1.86965036724628,"beta-binomial mean-model logit coefficient",,
"crc_baxter","Eubacterium","corncob","corncob","differential abundance","H","CRC","age_z + sex + group",TRUE,"available",0.062680172195647,0.062680172195647,0.062680172195647,0.188040516586941,0.188040516586941,FALSE,0.645370235946616,1.86879836763982,"beta-binomial mean-model logit coefficient",,
"crc_baxter","Faecalibacterium","corncob","corncob","differential abundance","H","CRC","age_z + sex + group",TRUE,"available",0.288974624514745,0.288974624514745,0.288974624514745,0.512828206885322,0.512828206885322,FALSE,-0.11132307297449,-1.06236040539713,"beta-binomial mean-model logit coefficient",,
"crc_baxter","Flavonifractor","corncob","corncob","differential abundance","H","CRC","age_z + sex + group",TRUE,"available",0.597186440232299,0.597186440232299,0.597186440232299,0.767811137441528,0.767811137441528,FALSE,-0.07702670433878,-0.529046496276123,"beta-binomial mean-model logit coefficient",,
"crc_baxter","Fusobacterium","corncob","corncob","differential abundance","H","CRC","age_z + sex + group",TRUE,"available",0.00124068636317481,0.00124068636317481,0.00124068636317481,0.0143658523220368,0.0143658523220368,TRUE,1.98407867813177,3.26214637252012,"beta-binomial mean-model logit coefficient",,
"crc_baxter","Gemella","corncob","corncob","differential abundance","H","CRC","age_z + sex + group",TRUE,"available",5.46697478651882e-11,5.46697478651882e-11,5.46697478651882e-11,3.44419411550686e-09,3.44419411550686e-09,TRUE,2.07442353070356,6.82026106884036,"beta-binomial mean-model logit coefficient",,
"crc_baxter","Gemmiger","corncob","corncob","differential abundance","H","CRC","age_z + sex + group",TRUE,"available",0.00194086745058039,0.00194086745058039,0.00194086745058039,0.0182603259725726,0.0182603259725726,TRUE,-0.511064901804931,-3.12831428538519,"beta-binomial mean-model logit coefficient",,
"crc_baxter","Gordonibacter","corncob","corncob","differential abundance","H","CRC","age_z + sex + group",TRUE,"available",0.319250708649659,0.319250708649659,0.319250708649659,0.528354812709363,0.528354812709363,FALSE,-0.305635765481553,-0.997748420488922,"beta-binomial mean-model logit coefficient",,
"crc_baxter","Granulicatella","corncob","corncob","differential abundance","H","CRC","age_z + sex + group",TRUE,"available",0.300706778496401,0.300706778496401,0.300706778496401,0.519028138226665,0.519028138226665,FALSE,-0.387644675283955,-1.03680915527061,"beta-binomial mean-model logit coefficient",,
"crc_baxter","Haemophilus","corncob","corncob","differential abundance","H","CRC","age_z + sex + group",TRUE,"available",0.0017986007785496,0.0017986007785496,0.0017986007785496,0.0182603259725726,0.0182603259725726,TRUE,-1.45286434891161,-3.15140012878204,"beta-binomial mean-model logit coefficient",,
"crc_baxter","Hespellia","corncob","corncob","differential abundance","H","CRC","age_z + sex + group",TRUE,"available",0.229544005607493,0.229544005607493,0.229544005607493,0.457673667436362,0.457673667436362,FALSE,0.243200196125658,1.20412464283005,"beta-binomial mean-model logit coefficient",,
"crc_baxter","Holdemania","corncob","corncob","differential abundance","H","CRC","age_z + sex + group",TRUE,"available",0.381442979841378,0.381442979841378,0.381442979841378,0.586119700731873,0.586119700731873,FALSE,-0.290034443195402,-0.876603371488461,"beta-binomial mean-model logit coefficient",,
"crc_baxter","Howardella","corncob","corncob","differential abundance","H","CRC","age_z + sex + group",TRUE,"available",0.578695526746488,0.578695526746488,0.578695526746488,0.751707591443892,0.751707591443892,FALSE,-0.184601785265055,-0.555931296278353,"beta-binomial mean-model logit coefficient",,
"crc_baxter","Lachnobacterium","corncob","corncob","differential abundance","H","CRC","age_z + sex + group",TRUE,"available",2.16392966623436e-05,2.16392966623436e-05,2.16392966623436e-05,0.000340818922431912,0.000340818922431912,TRUE,-2.34758481711979,-4.31951622548561,"beta-binomial mean-model logit coefficient",,
"crc_baxter","Lachnospiracea_incertae_sedis","corncob","corncob","differential abundance","H","CRC","age_z + sex + group",TRUE,"available",0.076320143747744,0.076320143747744,0.076320143747744,0.213696402493683,0.213696402493683,FALSE,-0.217612859064811,-1.7789339190777,"beta-binomial mean-model logit coefficient",,
"crc_baxter","Lactobacillus","corncob","corncob","differential abundance","H","CRC","age_z + sex + group",TRUE,"available",0.976546968601324,0.976546968601324,0.976546968601324,0.984359344350134,0.984359344350134,FALSE,-0.0151339339402013,-0.0294241623732777,"beta-binomial mean-model logit coefficient",,
"crc_baxter","Lactococcus","corncob","corncob","differential abundance","H","CRC","age_z + sex + group",TRUE,"available",0.65374401330017,0.65374401330017,0.65374401330017,0.797059057472639,0.797059057472639,FALSE,0.174991110694829,0.449041730796637,"beta-binomial mean-model logit coefficient",,
"crc_baxter","Lactonifactor","corncob","corncob","differential abundance","H","CRC","age_z + sex + group",TRUE,"available",0.798573520707003,0.798573520707003,0.798573520707003,0.906488861343084,0.906488861343084,FALSE,0.0761352665011417,0.255433074301086,"beta-binomial mean-model logit coefficient",,
"crc_baxter","Megasphaera","corncob","corncob","differential abundance","H","CRC","age_z + sex + group",TRUE,"available",0.0012178749686519,0.0012178749686519,0.0012178749686519,0.0143658523220368,0.0143658523220368,TRUE,-2.18879369680379,-3.26760231074594,"beta-binomial mean-model logit coefficient",,
"crc_baxter","Methanobrevibacter","corncob","corncob","differential abundance","H","CRC","age_z + sex + group",TRUE,"available",0.192572394536291,0.192572394536291,0.192572394536291,0.418346926061598,0.418346926061598,FALSE,0.351314631284042,1.30610889051203,"beta-binomial mean-model logit coefficient",,
"crc_baxter","Methylobacterium","corncob","corncob","differential abundance","H","CRC","age_z + sex + group",TRUE,"available",0.132590422733136,0.132590422733136,0.132590422733136,0.314845160906749,0.314845160906749,FALSE,-0.734182933198291,-1.50829592173997,"beta-binomial mean-model logit coefficient",,
"crc_baxter","Mogibacterium","corncob","corncob","differential abundance","H","CRC","age_z + sex + group",TRUE,"available",0.707393523260662,0.707393523260662,0.707393523260662,0.833005457297602,0.833005457297602,FALSE,0.168652195365821,0.375736194029068,"beta-binomial mean-model logit coefficient",,
"crc_baxter","Odoribacter","corncob","corncob","differential abundance","H","CRC","age_z + sex + group",TRUE,"available",0.300113657943315,0.300113657943315,0.300113657943315,0.519028138226665,0.519028138226665,FALSE,0.39103605511894,1.03808465265003,"beta-binomial mean-model logit coefficient",,
"crc_baxter","Oscillibacter","corncob","corncob","differential abundance","H","CRC","age_z + sex + group",TRUE,"available",0.954415088573416,0.954415088573416,0.954415088573416,0.972021692300093,0.972021692300093,FALSE,0.0116610182840589,0.0572138369745293,"beta-binomial mean-model logit coefficient",,
"crc_baxter","Oxalobacter","corncob","corncob","differential abundance","H","CRC","age_z + sex + group",TRUE,"available",0.333388974207551,0.333388974207551,0.333388974207551,0.538551419873737,0.538551419873737,FALSE,0.395312712103874,0.968961267958908,"beta-binomial mean-model logit coefficient",,
"crc_baxter","Parabacteroides","corncob","corncob","differential abundance","H","CRC","age_z + sex + group",TRUE,"available",0.446684878817099,0.446684878817099,0.446684878817099,0.622397112918137,0.622397112918137,FALSE,-0.14537365159731,-0.762012540257537,"beta-binomial mean-model logit coefficient",,
"crc_baxter","Paraprevotella","corncob","corncob","differential abundance","H","CRC","age_z + sex + group",TRUE,"available",0.00386613316397945,0.00386613316397945,0.00386613316397945,0.0237884378135027,0.0237884378135027,TRUE,-1.88011485867014,-2.91283083484103,"beta-binomial mean-model logit coefficient",,
"crc_baxter","Parasutterella","corncob","corncob","differential abundance","H","CRC","age_z + sex + group",TRUE,"available",0.621138323663917,0.621138323663917,0.621138323663917,0.790539684663168,0.790539684663168,FALSE,-0.184013992098083,-0.494779493863886,"beta-binomial mean-model logit coefficient",,
"crc_baxter","Parvimonas","corncob","corncob","differential abundance","H","CRC","age_z + sex + group",TRUE,"available",5.06170782646264e-10,5.06170782646264e-10,5.06170782646264e-10,2.12591728711431e-08,2.12591728711431e-08,TRUE,4.14824431832783,6.44083951352875,"beta-binomial mean-model logit coefficient",,
"crc_baxter","Peptococcus","corncob","corncob","differential abundance","H","CRC","age_z + sex + group",TRUE,"available",0.872956378061237,0.872956378061237,0.872956378061237,0.964846523120314,0.964846523120314,FALSE,0.149400407866453,0.160048835839291,"beta-binomial mean-model logit coefficient",,
"crc_baxter","Peptoniphilus","corncob","corncob","differential abundance","H","CRC","age_z + sex + group",TRUE,"available",1.79016558096257e-05,1.79016558096257e-05,1.79016558096257e-05,0.000322229804573263,0.000322229804573263,TRUE,4.53796592910346,4.36394532223294,"beta-binomial mean-model logit coefficient",,
"crc_baxter","Peptostreptococcus","corncob","corncob","differential abundance","H","CRC","age_z + sex + group",TRUE,"available",3.86264536416372e-08,3.86264536416372e-08,3.86264536416372e-08,1.21673328971157e-06,1.21673328971157e-06,TRUE,4.85931620311114,5.6517272707277,"beta-binomial mean-model logit coefficient",,
"crc_baxter","Phascolarctobacterium","corncob","corncob","differential abundance","H","CRC","age_z + sex + group",TRUE,"available",0.91454674125294,0.91454674125294,0.91454674125294,0.972021692300093,0.972021692300093,FALSE,-0.0237090567896483,-0.107400939412876,"beta-binomial mean-model logit coefficient",,
"crc_baxter","Porphyromonas","corncob","corncob","differential abundance","H","CRC","age_z + sex + group",TRUE,"available",8.99248078242018e-35,8.99248078242018e-35,8.99248078242018e-35,1.13305257858494e-32,1.13305257858494e-32,TRUE,6.01634415229034,14.1515119526616,"beta-binomial mean-model logit coefficient",,
"crc_baxter","Prevotella","corncob","corncob","differential abundance","H","CRC","age_z + sex + group",TRUE,"available",0.940830132422043,0.940830132422043,0.940830132422043,0.972021692300093,0.972021692300093,FALSE,0.0255318724762435,0.0742922644683619,"beta-binomial mean-model logit coefficient",,
"crc_baxter","Pseudoflavonifractor","corncob","corncob","differential abundance","H","CRC","age_z + sex + group",TRUE,"available",0.322883496655722,0.322883496655722,0.322883496655722,0.528354812709363,0.528354812709363,FALSE,0.234361270438878,0.990273302043664,"beta-binomial mean-model logit coefficient",,
"crc_baxter","Pseudomonas","corncob","corncob","differential abundance","H","CRC","age_z + sex + group",TRUE,"available",0.0264556703887242,0.0264556703887242,0.0264556703887242,0.10752949899933,0.10752949899933,FALSE,-0.682575543783769,-2.23109302840159,"beta-binomial mean-model logit coefficient",,
"crc_baxter","Roseburia","corncob","corncob","differential abundance","H","CRC","age_z + sex + group",TRUE,"available",0.45523520731662,0.45523520731662,0.45523520731662,0.623474305672762,0.623474305672762,FALSE,0.108915895238539,0.747740803689729,"beta-binomial mean-model logit coefficient",,
"crc_baxter","Rothia","corncob","corncob","differential abundance","H","CRC","age_z + sex + group",TRUE,"available",0.166377830730213,0.166377830730213,0.166377830730213,0.374350119142978,0.374350119142978,FALSE,0.404051370518911,1.38749758551074,"beta-binomial mean-model logit coefficient",,
"crc_baxter","Ruminococcus","corncob","corncob","differential abundance","H","CRC","age_z + sex + group",TRUE,"available",0.947687373693239,0.947687373693239,0.947687373693239,0.972021692300093,0.972021692300093,FALSE,-0.00925591746803224,-0.0656692287579869,"beta-binomial mean-model logit coefficient",,
"crc_baxter","Ruminococcus2","corncob","corncob","differential abundance","H","CRC","age_z + sex + group",TRUE,"available",0.189545276758499,0.189545276758499,0.189545276758499,0.418346926061598,0.418346926061598,FALSE,0.173249929684849,1.31507574090033,"beta-binomial mean-model logit coefficient",,
"crc_baxter","Slackia","corncob","corncob","differential abundance","H","CRC","age_z + sex + group",TRUE,"available",0.926494664955864,0.926494664955864,0.926494664955864,0.972021692300093,0.972021692300093,FALSE,-0.030358062342155,-0.0923379159790425,"beta-binomial mean-model logit coefficient",,
"crc_baxter","Solobacterium","corncob","corncob","differential abundance","H","CRC","age_z + sex + group",TRUE,"available",0.0106319059732486,0.0106319059732486,0.0106319059732486,0.051523852024205,0.051523852024205,FALSE,1.37896354305726,2.57159980061325,"beta-binomial mean-model logit coefficient",,
"crc_baxter","Sporobacter","corncob","corncob","differential abundance","H","CRC","age_z + sex + group",TRUE,"available",0.270739467108835,0.270739467108835,0.270739467108835,0.488654123343532,0.488654123343532,FALSE,-0.217938516017927,-1.10351099816713,"beta-binomial mean-model logit coefficient",,
"crc_baxter","Staphylococcus","corncob","corncob","differential abundance","H","CRC","age_z + sex + group",TRUE,"available",0.446093445618151,0.446093445618151,0.446093445618151,0.622397112918137,0.622397112918137,FALSE,0.697847978043177,0.763005465909219,"beta-binomial mean-model logit coefficient",,
"crc_baxter","Streptococcus","corncob","corncob","differential abundance","H","CRC","age_z + sex + group",TRUE,"available",0.231386478371709,0.231386478371709,0.231386478371709,0.457673667436362,0.457673667436362,FALSE,0.338961125350042,1.19936305939245,"beta-binomial mean-model logit coefficient",,
"crc_baxter","Streptophyta","corncob","corncob","differential abundance","H","CRC","age_z + sex + group",TRUE,"available",0.201782675356947,0.201782675356947,0.201782675356947,0.430925713474158,0.430925713474158,FALSE,-1.32802709684994,-1.2794507034932,"beta-binomial mean-model logit coefficient",,
"crc_baxter","Subdoligranulum","corncob","corncob","differential abundance","H","CRC","age_z + sex + group",TRUE,"available",0.0345728922616263,0.0345728922616263,0.0345728922616263,0.136130763280153,0.136130763280153,FALSE,-0.322310455603627,-2.12354230086023,"beta-binomial mean-model logit coefficient",,
"crc_baxter","Succiniclasticum","corncob","corncob","differential abundance","H","CRC","age_z + sex + group",TRUE,"available",0.371418197224977,0.371418197224977,0.371418197224977,0.578073525720438,0.578073525720438,FALSE,2.88379300223227,0.895237618723316,"beta-binomial mean-model logit coefficient",,
"crc_baxter","Succinivibrio","corncob","corncob","differential abundance","H","CRC","age_z + sex + group",TRUE,"available",0.364075429445606,0.364075429445606,0.364075429445606,0.578073525720438,0.578073525720438,FALSE,-1.13238311918917,-0.909086242400624,"beta-binomial mean-model logit coefficient",,
"crc_baxter","Sutterella","corncob","corncob","differential abundance","H","CRC","age_z + sex + group",TRUE,"available",0.00419660382134587,0.00419660382134587,0.00419660382134587,0.0237884378135027,0.0237884378135027,TRUE,-1.94876011452011,-2.88634535556974,"beta-binomial mean-model logit coefficient",,
"crc_baxter","Turicibacter","corncob","corncob","differential abundance","H","CRC","age_z + sex + group",TRUE,"available",0.00312985229004369,0.00312985229004369,0.00312985229004369,0.0231977287379709,0.0231977287379709,TRUE,-0.837282394472284,-2.98019703071044,"beta-binomial mean-model logit coefficient",,
"crc_baxter","Unclassified_Acidaminococcaceae","corncob","corncob","differential abundance","H","CRC","age_z + sex + group",TRUE,"available",0.0040559266465578,0.0040559266465578,0.0040559266465578,0.0237884378135027,0.0237884378135027,TRUE,-1.88209210366065,-2.89737856496846,"beta-binomial mean-model logit coefficient",,
"crc_baxter","Unclassified_Actinomycetaceae","corncob","corncob","differential abundance","H","CRC","age_z + sex + group",TRUE,"available",0.137432411506914,0.137432411506914,0.137432411506914,0.314845160906749,0.314845160906749,FALSE,0.967059861003073,1.48962550840229,"beta-binomial mean-model logit coefficient",,
"crc_baxter","Unclassified_Bacteria","corncob","corncob","differential abundance","H","CRC","age_z + sex + group",TRUE,"available",0.956592776549298,0.956592776549298,0.956592776549298,0.972021692300093,0.972021692300093,FALSE,-0.0249164899534671,-0.0544778272400572,"beta-binomial mean-model logit coefficient",,
"crc_baxter","Unclassified_Bacteroidetes","corncob","corncob","differential abundance","H","CRC","age_z + sex + group",TRUE,"available",0.0136321103622218,0.0136321103622218,0.0136321103622218,0.061344496629998,0.061344496629998,FALSE,2.72183479119813,2.48229087869577,"beta-binomial mean-model logit coefficient",,
"crc_baxter","Unclassified_Burkholderiales","corncob","corncob","differential abundance","H","CRC","age_z + sex + group",TRUE,"available",0.89768224638755,0.89768224638755,0.89768224638755,0.971355117321821,0.971355117321821,FALSE,0.104856852336722,0.128704910024259,"beta-binomial mean-model logit coefficient",,
"crc_baxter","Unclassified_Clostridia","corncob","corncob","differential abundance","H","CRC","age_z + sex + group",TRUE,"available",0.0537394420212084,0.0537394420212084,0.0537394420212084,0.178188676175586,0.178188676175586,FALSE,-0.543307474948196,-1.93697970474663,"beta-binomial mean-model logit coefficient",,
"crc_baxter","Unclassified_Clostridiaceae_2","corncob","corncob","differential abundance","H","CRC","age_z + sex + group",TRUE,"available",0.00942077277207292,0.00942077277207292,0.00942077277207292,0.0494590570533828,0.0494590570533828,TRUE,-1.66692874594864,-2.61420192324294,"beta-binomial mean-model logit coefficient",,
"crc_baxter","Unclassified_Clostridiales","corncob","corncob","differential abundance","H","CRC","age_z + sex + group",TRUE,"available",0.426245875023686,0.426245875023686,0.426245875023686,0.617321612103269,0.617321612103269,FALSE,-0.130524673256206,-0.796777446389351,"beta-binomial mean-model logit coefficient",,
"crc_baxter","Unclassified_Clostridiales_Incertae_Sedis_XIII","corncob","corncob","differential abundance","H","CRC","age_z + sex + group",TRUE,"available",0.703190296438695,0.703190296438695,0.703190296438695,0.833005457297602,0.833005457297602,FALSE,0.0782099630609054,0.381401816244314,"beta-binomial mean-model logit coefficient",,
"crc_baxter","Unclassified_Coriobacteriaceae","corncob","corncob","differential abundance","H","CRC","age_z + sex + group",TRUE,"available",0.473837766433003,0.473837766433003,0.473837766433003,0.64197374807052,0.64197374807052,FALSE,-0.147549254248501,-0.717203863131921,"beta-binomial mean-model logit coefficient",,
"crc_baxter","Unclassified_Desulfovibrionaceae","corncob","corncob","differential abundance","H","CRC","age_z + sex + group",TRUE,"available",0.217284142465792,0.217284142465792,0.217284142465792,0.448816425421143,0.448816425421143,FALSE,-1.10190721530115,-1.23652755016919,"beta-binomial mean-model logit coefficient",,
"crc_baxter","Unclassified_Desulfovibrionales","corncob","corncob","differential abundance","H","CRC","age_z + sex + group",TRUE,"available",0.838476000681755,0.838476000681755,0.838476000681755,0.9429223490422,0.9429223490422,FALSE,0.111915371183137,0.2040302330467,"beta-binomial mean-model logit coefficient",,
"crc_baxter","Unclassified_Enterobacteriaceae","corncob","corncob","differential abundance","H","CRC","age_z + sex + group",TRUE,"available",0.395776592033328,0.395776592033328,0.395776592033328,0.593664888049993,0.593664888049993,FALSE,0.542037097763408,0.85047663581452,"beta-binomial mean-model logit coefficient",,
"crc_baxter","Unclassified_Erysipelotrichaceae","corncob","corncob","differential abundance","H","CRC","age_z + sex + group",TRUE,"available",0.790040653632446,0.790040653632446,0.790040653632446,0.904955657797165,0.904955657797165,FALSE,0.27368390311407,0.266508963191449,"beta-binomial mean-model logit coefficient",,
"crc_baxter","Unclassified_Firmicutes","corncob","corncob","differential abundance","H","CRC","age_z + sex + group",TRUE,"available",0.087785667654384,0.087785667654384,0.087785667654384,0.235340300520264,0.235340300520264,FALSE,-0.429708636131895,-1.71309893647314,"beta-binomial mean-model logit coefficient",,
"crc_baxter","Unclassified_Lachnospiraceae","corncob","corncob","differential abundance","H","CRC","age_z + sex + group",TRUE,"available",0.0196302010946267,0.0196302010946267,0.0196302010946267,0.0852898392387228,0.0852898392387228,FALSE,-0.221066877175613,-2.34665111071891,"beta-binomial mean-model logit coefficient",,
"crc_baxter","Unclassified_Peptostreptococcaceae","corncob","corncob","differential abundance","H","CRC","age_z + sex + group",TRUE,"available",0.102065517477986,0.102065517477986,0.102065517477986,0.257205104044525,0.257205104044525,FALSE,-0.885736437498142,-1.64022479186637,"beta-binomial mean-model logit coefficient",,
"crc_baxter","Unclassified_Porphyromonadaceae","corncob","corncob","differential abundance","H","CRC","age_z + sex + group",TRUE,"available",0.937434683467489,0.937434683467489,0.937434683467489,0.972021692300093,0.972021692300093,FALSE,-0.03004992774237,-0.0785640814946251,"beta-binomial mean-model logit coefficient",,
"crc_baxter","Unclassified_Proteobacteria","corncob","corncob","differential abundance","H","CRC","age_z + sex + group",TRUE,"available",0.629606132015624,0.629606132015624,0.629606132015624,0.793303726339686,0.793303726339686,FALSE,-0.972966614175029,-0.482805021656168,"beta-binomial mean-model logit coefficient",,
"crc_baxter","Unclassified_Rhodospirillaceae","corncob","corncob","differential abundance","H","CRC","age_z + sex + group",TRUE,"available",0.48586721559701,0.48586721559701,0.48586721559701,0.65126882090663,0.65126882090663,FALSE,0.395479539472336,0.697809543808111,"beta-binomial mean-model logit coefficient",,
"crc_baxter","Unclassified_Rikenellaceae","corncob","corncob","differential abundance","H","CRC","age_z + sex + group",TRUE,"available",0.778439736926313,0.778439736926313,0.778439736926313,0.899847769290967,0.899847769290967,FALSE,-0.142374039477163,-0.28162033479366,"beta-binomial mean-model logit coefficient",,
"crc_baxter","Unclassified_Ruminococcaceae","corncob","corncob","differential abundance","H","CRC","age_z + sex + group",TRUE,"available",0.0431310297358841,0.0431310297358841,0.0431310297358841,0.159838521962394,0.159838521962394,FALSE,-0.265472718544744,-2.03154102963596,"beta-binomial mean-model logit coefficient",,
"crc_baxter","Unclassified_Sutterellaceae","corncob","corncob","differential abundance","H","CRC","age_z + sex + group",TRUE,"available",0.409626729995751,0.409626729995751,0.409626729995751,0.600150790458891,0.600150790458891,FALSE,-0.612126487356254,-0.825771729409922,"beta-binomial mean-model logit coefficient",,
"crc_baxter","Unclassified_Veillonellaceae","corncob","corncob","differential abundance","H","CRC","age_z + sex + group",TRUE,"available",0.666662126269192,0.666662126269192,0.666662126269192,0.79999455152303,0.79999455152303,FALSE,-0.433248686399241,-0.431183398228608,"beta-binomial mean-model logit coefficient",,
"crc_baxter","Vampirovibrio","corncob","corncob","differential abundance","H","CRC","age_z + sex + group",TRUE,"available",0.239733825799999,0.239733825799999,0.239733825799999,0.457673667436362,0.457673667436362,FALSE,0.787189420752825,1.17812293199232,"beta-binomial mean-model logit coefficient",,
"crc_baxter","Veillonella","corncob","corncob","differential abundance","H","CRC","age_z + sex + group",TRUE,"available",0.647302814927151,0.647302814927151,0.647302814927151,0.797059057472639,0.797059057472639,FALSE,0.205289182517677,0.457999795380015,"beta-binomial mean-model logit coefficient",,
"crc_baxter","Weissella","corncob","corncob","differential abundance","H","CRC","age_z + sex + group",TRUE,"available",1.68629357992951e-06,1.68629357992951e-06,1.68629357992951e-06,4.24945982142236e-05,4.24945982142236e-05,TRUE,3.50906323701235,4.89049269361502,"beta-binomial mean-model logit coefficient",,
"crc_baxter","Acetanaerobacterium","edgeR","edgeR","differential abundance","H","CRC","age_z + sex + group",FALSE,"filterByExpr excluded taxon",,,1,1,,FALSE,,,"TMM-normalized log2 fold change",,
"crc_baxter","Acetitomaculum","edgeR","edgeR","differential abundance","H","CRC","age_z + sex + group",FALSE,"filterByExpr excluded taxon",,,1,1,,FALSE,,,"TMM-normalized log2 fold change",,
"crc_baxter","Acidaminococcus","edgeR","edgeR","differential abundance","H","CRC","age_z + sex + group",TRUE,"available",0.0621568917152236,0.0621568917152236,0.0621568917152236,0.326323681504924,0.170931452216865,FALSE,0.833153829936709,3.49260481772136,"TMM-normalized log2 fold change",,
"crc_baxter","Actinomyces","edgeR","edgeR","differential abundance","H","CRC","age_z + sex + group",FALSE,"filterByExpr excluded taxon",,,1,1,,FALSE,,,"TMM-normalized log2 fold change",,
"crc_baxter","Akkermansia","edgeR","edgeR","differential abundance","H","CRC","age_z + sex + group",TRUE,"available",0.117174350214201,0.117174350214201,0.117174350214201,0.509102349206527,0.266672659108181,FALSE,0.52580840101394,2.4650522417457,"TMM-normalized log2 fold change",,
"crc_baxter","Alistipes","edgeR","edgeR","differential abundance","H","CRC","age_z + sex + group",TRUE,"available",0.020355281691635,0.020355281691635,0.020355281691635,0.170984366209734,0.0895632394431939,FALSE,0.557775666007995,5.42329049374698,"TMM-normalized log2 fold change",,
"crc_baxter","Allisonella","edgeR","edgeR","differential abundance","H","CRC","age_z + sex + group",FALSE,"filterByExpr excluded taxon",,,1,1,,FALSE,,,"TMM-normalized log2 fold change",,
"crc_baxter","Anaerococcus","edgeR","edgeR","differential abundance","H","CRC","age_z + sex + group",FALSE,"filterByExpr excluded taxon",,,1,1,,FALSE,,,"TMM-normalized log2 fold change",,
"crc_baxter","Anaerofilum","edgeR","edgeR","differential abundance","H","CRC","age_z + sex + group",FALSE,"filterByExpr excluded taxon",,,1,1,,FALSE,,,"TMM-normalized log2 fold change",,
"crc_baxter","Anaerofustis","edgeR","edgeR","differential abundance","H","CRC","age_z + sex + group",FALSE,"filterByExpr excluded taxon",,,1,1,,FALSE,,,"TMM-normalized log2 fold change",,
"crc_baxter","Anaerorhabdus","edgeR","edgeR","differential abundance","H","CRC","age_z + sex + group",FALSE,"filterByExpr excluded taxon",,,1,1,,FALSE,,,"TMM-normalized log2 fold change",,
"crc_baxter","Anaerosporobacter","edgeR","edgeR","differential abundance","H","CRC","age_z + sex + group",FALSE,"filterByExpr excluded taxon",,,1,1,,FALSE,,,"TMM-normalized log2 fold change",,
"crc_baxter","Anaerostipes","edgeR","edgeR","differential abundance","H","CRC","age_z + sex + group",TRUE,"available",0.999631461773962,0.999631461773962,0.999631461773962,1,0.999631461773962,FALSE,-0.000122893611801375,2.13609557035338e-07,"TMM-normalized log2 fold change",,
"crc_baxter","Anaerotruncus","edgeR","edgeR","differential abundance","H","CRC","age_z + sex + group",FALSE,"filterByExpr excluded taxon",,,1,1,,FALSE,,,"TMM-normalized log2 fold change",,
"crc_baxter","Atopobium","edgeR","edgeR","differential abundance","H","CRC","age_z + sex + group",FALSE,"filterByExpr excluded taxon",,,1,1,,FALSE,,,"TMM-normalized log2 fold change",,
"crc_baxter","Bacteroides","edgeR","edgeR","differential abundance","H","CRC","age_z + sex + group",TRUE,"available",0.603142410752447,0.603142410752447,0.603142410752447,1,0.712573952232296,FALSE,0.102299792006483,0.270740964267493,"TMM-normalized log2 fold change",,
"crc_baxter","Barnesiella","edgeR","edgeR","differential abundance","H","CRC","age_z + sex + group",TRUE,"available",0.712764118483098,0.712764118483098,0.712764118483098,1,0.797329352879398,FALSE,0.126628033760828,0.135687683859624,"TMM-normalized log2 fold change",,
"crc_baxter","Bifidobacterium","edgeR","edgeR","differential abundance","H","CRC","age_z + sex + group",TRUE,"available",0.100255823480112,0.100255823480112,0.100255823480112,0.451151205660502,0.23631729820312,FALSE,0.599449240711076,2.71279576017592,"TMM-normalized log2 fold change",,
"crc_baxter","Bilophila","edgeR","edgeR","differential abundance","H","CRC","age_z + sex + group",TRUE,"available",0.000334076729659125,0.000334076729659125,0.000334076729659125,0.00669160900018657,0.00350512852390725,TRUE,1.14019098978381,13.0163577547413,"TMM-normalized log2 fold change",,
"crc_baxter","Blautia","edgeR","edgeR","differential abundance","H","CRC","age_z + sex + group",TRUE,"available",0.0350570564218782,0.0350570564218782,0.0350570564218782,0.232483637324035,0.121777143360209,FALSE,0.374342892060723,4.47493530585499,"TMM-normalized log2 fold change",,
"crc_baxter","Butyricicoccus","edgeR","edgeR","differential abundance","H","CRC","age_z + sex + group",TRUE,"available",0.0576683936211933,0.0576683936211933,0.0576683936211933,0.326323681504924,0.170931452216865,FALSE,-0.456435463808679,3.61756493422233,"TMM-normalized log2 fold change",,
"crc_baxter","Butyricimonas","edgeR","edgeR","differential abundance","H","CRC","age_z + sex + group",TRUE,"available",0.212673979713317,0.212673979713317,0.212673979713317,0.765626326967941,0.401042361745112,FALSE,-0.448088460140907,1.55599216895772,"TMM-normalized log2 fold change",,
"crc_baxter","Catenibacterium","edgeR","edgeR","differential abundance","H","CRC","age_z + sex + group",FALSE,"filterByExpr excluded taxon",,,1,1,,FALSE,,,"TMM-normalized log2 fold change",,
"crc_baxter","Citrobacter","edgeR","edgeR","differential abundance","H","CRC","age_z + sex + group",FALSE,"filterByExpr excluded taxon",,,1,1,,FALSE,,,"TMM-normalized log2 fold change",,
"crc_baxter","Cloacibacillus","edgeR","edgeR","differential abundance","H","CRC","age_z + sex + group",FALSE,"filterByExpr excluded taxon",,,1,1,,FALSE,,,"TMM-normalized log2 fold change",,
"crc_baxter","Clostridium_III","edgeR","edgeR","differential abundance","H","CRC","age_z + sex + group",TRUE,"available",0.535013617688197,0.535013617688197,0.535013617688197,1,0.692370564067079,FALSE,-0.199398796830622,0.385254660831316,"TMM-normalized log2 fold change",,
"crc_baxter","Clostridium_IV","edgeR","edgeR","differential abundance","H","CRC","age_z + sex + group",TRUE,"available",8.46578841763134e-05,8.46578841763134e-05,8.46578841763134e-05,0.0021333786812431,0.00111748407112734,TRUE,0.789696665286356,15.7527343844245,"TMM-normalized log2 fold change",,
"crc_baxter","Clostridium_sensu_stricto","edgeR","edgeR","differential abundance","H","CRC","age_z + sex + group",TRUE,"available",0.604608201894069,0.604608201894069,0.604608201894069,1,0.712573952232296,FALSE,-0.184023167373407,0.268478297833773,"TMM-normalized log2 fold change",,
"crc_baxter","Clostridium_XI","edgeR","edgeR","differential abundance","H","CRC","age_z + sex + group",TRUE,"available",0.815691488465506,0.815691488465506,0.815691488465506,1,0.88255144653645,FALSE,-0.070507737745877,0.0543951121872442,"TMM-normalized log2 fold change",,
"crc_baxter","Clostridium_XII","edgeR","edgeR","differential abundance","H","CRC","age_z + sex + group",FALSE,"filterByExpr excluded taxon",,,1,1,,FALSE,,,"TMM-normalized log2 fold change",,
"crc_baxter","Clostridium_XlVa","edgeR","edgeR","differential abundance","H","CRC","age_z + sex + group",TRUE,"available",0.00635269895840823,0.00635269895840823,0.00635269895840823,0.0667033390632864,0.0349398442712453,FALSE,0.435103682479185,7.52191668942565,"TMM-normalized log2 fold change",,
"crc_baxter","Clostridium_XlVb","edgeR","edgeR","differential abundance","H","CRC","age_z + sex + group",TRUE,"available",7.38897912718621e-05,7.38897912718621e-05,7.38897912718621e-05,0.0021333786812431,0.00111748407112734,TRUE,1.15528904260861,15.9444459247598,"TMM-normalized log2 fold change",,
"crc_baxter","Clostridium_XVIII","edgeR","edgeR","differential abundance","H","CRC","age_z + sex + group",TRUE,"available",0.0102839619637856,0.0102839619637856,0.0102839619637856,0.0996753236489993,0.0522108838161425,FALSE,-0.659861625443771,6.63701929933612,"TMM-normalized log2 fold change",,
"crc_baxter","Collinsella","edgeR","edgeR","differential abundance","H","CRC","age_z + sex + group",TRUE,"available",0.00079572647650156,0.00079572647650156,0.00079572647650156,0.0111401706710218,0.00583532749434478,TRUE,1.25905289387623,11.4057654560376,"TMM-normalized log2 fold change",,
"crc_baxter","Coprobacillus","edgeR","edgeR","differential abundance","H","CRC","age_z + sex + group",FALSE,"filterByExpr excluded taxon",,,1,1,,FALSE,,,"TMM-normalized log2 fold change",,
"crc_baxter","Coprococcus","edgeR","edgeR","differential abundance","H","CRC","age_z + sex + group",TRUE,"available",0.56788656672159,0.56788656672159,0.56788656672159,1,0.698375587118954,FALSE,0.142955622175518,0.326712750927473,"TMM-normalized log2 fold change",,
"crc_baxter","Corynebacterium","edgeR","edgeR","differential abundance","H","CRC","age_z + sex + group",FALSE,"filterByExpr excluded taxon",,,1,1,,FALSE,,,"TMM-normalized log2 fold change",,
"crc_baxter","Defluviitalea","edgeR","edgeR","differential abundance","H","CRC","age_z + sex + group",FALSE,"filterByExpr excluded taxon",,,1,1,,FALSE,,,"TMM-normalized log2 fold change",,
"crc_baxter","Desulfovibrio","edgeR","edgeR","differential abundance","H","CRC","age_z + sex + group",TRUE,"available",0.293116071256674,0.293116071256674,0.293116071256674,0.946990384060024,0.483641517573512,FALSE,0.389871431100183,1.10705602850971,"TMM-normalized log2 fold change",,
"crc_baxter","Dialister","edgeR","edgeR","differential abundance","H","CRC","age_z + sex + group",TRUE,"available",0.0946623754961962,0.0946623754961962,0.0946623754961962,0.441757752315582,0.231396917879591,FALSE,-0.7237244151171,2.80316520495895,"TMM-normalized log2 fold change",,
"crc_baxter","Dorea","edgeR","edgeR","differential abundance","H","CRC","age_z + sex + group",TRUE,"available",0.0487854450708383,0.0487854450708383,0.0487854450708383,0.307348303946281,0.160991968733766,FALSE,0.385879885276327,3.9049377739987,"TMM-normalized log2 fold change",,
"crc_baxter","Eggerthella","edgeR","edgeR","differential abundance","H","CRC","age_z + sex + group",FALSE,"filterByExpr excluded taxon",,,1,1,,FALSE,,,"TMM-normalized log2 fold change",,
"crc_baxter","Eggerthia","edgeR","edgeR","differential abundance","H","CRC","age_z + sex + group",FALSE,"filterByExpr excluded taxon",,,1,1,,FALSE,,,"TMM-normalized log2 fold change",,
"crc_baxter","Enterobacter","edgeR","edgeR","differential abundance","H","CRC","age_z + sex + group",TRUE,"available",2.79252297969162e-10,2.79252297969162e-10,2.79252297969162e-10,1.75928947720572e-08,9.21532583298233e-09,TRUE,2.90135060952318,41.1973252537913,"TMM-normalized log2 fold change",,
"crc_baxter","Enterococcus","edgeR","edgeR","differential abundance","H","CRC","age_z + sex + group",FALSE,"filterByExpr excluded taxon",,,1,1,,FALSE,,,"TMM-normalized log2 fold change",,
"crc_baxter","Enterorhabdus","edgeR","edgeR","differential abundance","H","CRC","age_z + sex + group",TRUE,"available",0.163735539752222,0.163735539752222,0.163735539752222,0.652709958464638,0.341895692529096,FALSE,0.717088677629745,1.94360259852549,"TMM-normalized log2 fold change",,
"crc_baxter","Erysipelotrichaceae_incertae_sedis","edgeR","edgeR","differential abundance","H","CRC","age_z + sex + group",TRUE,"available",0.974173297652105,0.974173297652105,0.974173297652105,1,0.989160579154445,FALSE,0.011387601974199,0.00104909393802791,"TMM-normalized log2 fold change",,
"crc_baxter","Escherichia/Shigella","edgeR","edgeR","differential abundance","H","CRC","age_z + sex + group",TRUE,"available",0.0739207430282493,0.0739207430282493,0.0739207430282493,0.358231293136901,0.18764496307171,FALSE,-0.637217611309954,3.2084995805303,"TMM-normalized log2 fold change",,
"crc_baxter","Eubacterium","edgeR","edgeR","differential abundance","H","CRC","age_z + sex + group",TRUE,"available",0.000371756055565921,0.000371756055565921,0.000371756055565921,0.00669160900018657,0.00350512852390725,TRUE,1.17122528094251,12.7976457840643,"TMM-normalized log2 fold change",,
"crc_baxter","Faecalibacterium","edgeR","edgeR","differential abundance","H","CRC","age_z + sex + group",TRUE,"available",0.547157248941238,0.547157248941238,0.547157248941238,1,0.694468815963879,FALSE,0.093061988906663,0.36305648830359,"TMM-normalized log2 fold change",,
"crc_baxter","Flavonifractor","edgeR","edgeR","differential abundance","H","CRC","age_z + sex + group",TRUE,"available",0.361222710984095,0.361222710984095,0.361222710984095,1,0.529793309443339,FALSE,0.21810033157163,0.834931627254939,"TMM-normalized log2 fold change",,
"crc_baxter","Fusobacterium","edgeR","edgeR","differential abundance","H","CRC","age_z + sex + group",FALSE,"filterByExpr excluded taxon",,,1,1,,FALSE,,,"TMM-normalized log2 fold change",,
"crc_baxter","Gemella","edgeR","edgeR","differential abundance","H","CRC","age_z + sex + group",FALSE,"filterByExpr excluded taxon",,,1,1,,FALSE,,,"TMM-normalized log2 fold change",,
"crc_baxter","Gemmiger","edgeR","edgeR","differential abundance","H","CRC","age_z + sex + group",TRUE,"available",0.185184930449046,0.185184930449046,0.185184930449046,0.707069734441813,0.370369860898092,FALSE,-0.397965060798476,1.76088734520712,"TMM-normalized log2 fold change",,
"crc_baxter","Gordonibacter","edgeR","edgeR","differential abundance","H","CRC","age_z + sex + group",FALSE,"filterByExpr excluded taxon",,,1,1,,FALSE,,,"TMM-normalized log2 fold change",,
"crc_baxter","Granulicatella","edgeR","edgeR","differential abundance","H","CRC","age_z + sex + group",FALSE,"filterByExpr excluded taxon",,,1,1,,FALSE,,,"TMM-normalized log2 fold change",,
"crc_baxter","Haemophilus","edgeR","edgeR","differential abundance","H","CRC","age_z + sex + group",TRUE,"available",5.06826325277056e-06,5.06826325277056e-06,5.06826325277056e-06,0.000212867056616364,0.000111501791560952,TRUE,-1.86489655811886,21.179417154777,"TMM-normalized log2 fold change",,
"crc_baxter","Hespellia","edgeR","edgeR","differential abundance","H","CRC","age_z + sex + group",TRUE,"available",0.0533657565005746,0.0533657565005746,0.0533657565005746,0.320194539003448,0.167720949001806,FALSE,0.66403306735648,3.74620858594003,"TMM-normalized log2 fold change",,
"crc_baxter","Holdemania","edgeR","edgeR","differential abundance","H","CRC","age_z + sex + group",FALSE,"filterByExpr excluded taxon",,,1,1,,FALSE,,,"TMM-normalized log2 fold change",,
"crc_baxter","Howardella","edgeR","edgeR","differential abundance","H","CRC","age_z + sex + group",TRUE,"available",0.57139820764278,0.57139820764278,0.57139820764278,1,0.698375587118954,FALSE,0.252461942668554,0.320658227416856,"TMM-normalized log2 fold change",,
"crc_baxter","Lachnobacterium","edgeR","edgeR","differential abundance","H","CRC","age_z + sex + group",FALSE,"filterByExpr excluded taxon",,,1,1,,FALSE,,,"TMM-normalized log2 fold change",,
"crc_baxter","Lachnospiracea_incertae_sedis","edgeR","edgeR","differential abundance","H","CRC","age_z + sex + group",TRUE,"available",0.35338848429495,0.35338848429495,0.35338848429495,1,0.529793309443339,FALSE,-0.144702515657876,0.863243359951791,"TMM-normalized log2 fold change",,
"crc_baxter","Lactobacillus","edgeR","edgeR","differential abundance","H","CRC","age_z + sex + group",TRUE,"available",0.0716296225354762,0.0716296225354762,0.0716296225354762,0.358231293136901,0.18764496307171,FALSE,0.745735071597681,3.25630175979685,"TMM-normalized log2 fold change",,
"crc_baxter","Lactococcus","edgeR","edgeR","differential abundance","H","CRC","age_z + sex + group",FALSE,"filterByExpr excluded taxon",,,1,1,,FALSE,,,"TMM-normalized log2 fold change",,
"crc_baxter","Lactonifactor","edgeR","edgeR","differential abundance","H","CRC","age_z + sex + group",FALSE,"filterByExpr excluded taxon",,,1,1,,FALSE,,,"TMM-normalized log2 fold change",,
"crc_baxter","Megasphaera","edgeR","edgeR","differential abundance","H","CRC","age_z + sex + group",FALSE,"filterByExpr excluded taxon",,,1,1,,FALSE,,,"TMM-normalized log2 fold change",,
"crc_baxter","Methanobrevibacter","edgeR","edgeR","differential abundance","H","CRC","age_z + sex + group",TRUE,"available",0.0312477820676854,0.0312477820676854,0.0312477820676854,0.218734474473798,0.114575200914846,FALSE,0.873438054272769,4.66744238418958,"TMM-normalized log2 fold change",,
"crc_baxter","Methylobacterium","edgeR","edgeR","differential abundance","H","CRC","age_z + sex + group",FALSE,"filterByExpr excluded taxon",,,1,1,,FALSE,,,"TMM-normalized log2 fold change",,
"crc_baxter","Mogibacterium","edgeR","edgeR","differential abundance","H","CRC","age_z + sex + group",FALSE,"filterByExpr excluded taxon",,,1,1,,FALSE,,,"TMM-normalized log2 fold change",,
"crc_baxter","Odoribacter","edgeR","edgeR","differential abundance","H","CRC","age_z + sex + group",TRUE,"available",0.000693691786358181,0.000693691786358181,0.000693691786358181,0.0109256456351414,0.00572295723745499,TRUE,1.13851559383065,11.6331555362572,"TMM-normalized log2 fold change",,
"crc_baxter","Oscillibacter","edgeR","edgeR","differential abundance","H","CRC","age_z + sex + group",TRUE,"available",0.207118066375992,0.207118066375992,0.207118066375992,0.765626326967941,0.401042361745112,FALSE,0.309966685913559,1.59608538714642,"TMM-normalized log2 fold change",,
"crc_baxter","Oxalobacter","edgeR","edgeR","differential abundance","H","CRC","age_z + sex + group",FALSE,"filterByExpr excluded taxon",,,1,1,,FALSE,,,"TMM-normalized log2 fold change",,
"crc_baxter","Parabacteroides","edgeR","edgeR","differential abundance","H","CRC","age_z + sex + group",TRUE,"available",0.711895790639996,0.711895790639996,0.711895790639996,1,0.797329352879398,FALSE,-0.119689348098647,0.136554400712871,"TMM-normalized log2 fold change",,
"crc_baxter","Paraprevotella","edgeR","edgeR","differential abundance","H","CRC","age_z + sex + group",TRUE,"available",0.00223137772008345,0.00223137772008345,0.00223137772008345,0.0281153592730515,0.0147270929525508,TRUE,-1.56478022730857,9.42631440789351,"TMM-normalized log2 fold change",,
"crc_baxter","Parasutterella","edgeR","edgeR","differential abundance","H","CRC","age_z + sex + group",TRUE,"available",0.855343244747425,0.855343244747425,0.855343244747425,1,0.899938319931289,FALSE,-0.0772048222620668,0.0332641945177466,"TMM-normalized log2 fold change",,
"crc_baxter","Parvimonas","edgeR","edgeR","differential abundance","H","CRC","age_z + sex + group",FALSE,"filterByExpr excluded taxon",,,1,1,,FALSE,,,"TMM-normalized log2 fold change",,
"crc_baxter","Peptococcus","edgeR","edgeR","differential abundance","H","CRC","age_z + sex + group",FALSE,"filterByExpr excluded taxon",,,1,1,,FALSE,,,"TMM-normalized log2 fold change",,
"crc_baxter","Peptoniphilus","edgeR","edgeR","differential abundance","H","CRC","age_z + sex + group",FALSE,"filterByExpr excluded taxon",,,1,1,,FALSE,,,"TMM-normalized log2 fold change",,
"crc_baxter","Peptostreptococcus","edgeR","edgeR","differential abundance","H","CRC","age_z + sex + group",FALSE,"filterByExpr excluded taxon",,,1,1,,FALSE,,,"TMM-normalized log2 fold change",,
"crc_baxter","Phascolarctobacterium","edgeR","edgeR","differential abundance","H","CRC","age_z + sex + group",TRUE,"available",0.337388692717877,0.337388692717877,0.337388692717877,1,0.529793309443339,FALSE,0.308319112487114,0.922268313617026,"TMM-normalized log2 fold change",,
"crc_baxter","Porphyromonas","edgeR","edgeR","differential abundance","H","CRC","age_z + sex + group",TRUE,"available",6.52631207261234e-35,6.52631207261234e-35,6.52631207261234e-35,8.22315321149155e-33,4.30736596792414e-33,TRUE,8.19098002375743,203.88166615482,"TMM-normalized log2 fold change",,
"crc_baxter","Prevotella","edgeR","edgeR","differential abundance","H","CRC","age_z + sex + group",TRUE,"available",0.433970953459018,0.433970953459018,0.433970953459018,1,0.584532304659086,FALSE,0.374732061286367,0.6132884292529,"TMM-normalized log2 fold change",,
"crc_baxter","Pseudoflavonifractor","edgeR","edgeR","differential abundance","H","CRC","age_z + sex + group",TRUE,"available",0.025515627129864,0.025515627129864,0.025515627129864,0.200935563647679,0.105251961910689,FALSE,0.655907200676445,5.01014912723386,"TMM-normalized log2 fold change",,
"crc_baxter","Pseudomonas","edgeR","edgeR","differential abundance","H","CRC","age_z + sex + group",TRUE,"available",0.0195450423012166,0.0195450423012166,0.0195450423012166,0.170984366209734,0.0895632394431939,FALSE,-0.751063380683242,5.47905008422062,"TMM-normalized log2 fold change",,
"crc_baxter","Roseburia","edgeR","edgeR","differential abundance","H","CRC","age_z + sex + group",TRUE,"available",0.32477895040415,0.32477895040415,0.32477895040415,1,0.522814895772535,FALSE,0.185408214346607,0.971979901939437,"TMM-normalized log2 fold change",,
"crc_baxter","Rothia","edgeR","edgeR","differential abundance","H","CRC","age_z + sex + group",FALSE,"filterByExpr excluded taxon",,,1,1,,FALSE,,,"TMM-normalized log2 fold change",,
"crc_baxter","Ruminococcus","edgeR","edgeR","differential abundance","H","CRC","age_z + sex + group",TRUE,"available",0.351675777757445,0.351675777757445,0.351675777757445,1,0.529793309443339,FALSE,0.232290081705994,0.869367810387554,"TMM-normalized log2 fold change",,
"crc_baxter","Ruminococcus2","edgeR","edgeR","differential abundance","H","CRC","age_z + sex + group",TRUE,"available",0.00266803960718696,0.00266803960718696,0.00266803960718696,0.0305611809550506,0.0160082376431218,TRUE,0.594233250335811,9.12997880143194,"TMM-normalized log2 fold change",,
"crc_baxter","Slackia","edgeR","edgeR","differential abundance","H","CRC","age_z + sex + group",TRUE,"available",0.761992658940282,0.761992658940282,0.761992658940282,1,0.838191924834311,FALSE,0.124965990717881,0.0917992970075546,"TMM-normalized log2 fold change",,
"crc_baxter","Solobacterium","edgeR","edgeR","differential abundance","H","CRC","age_z + sex + group",FALSE,"filterByExpr excluded taxon",,,1,1,,FALSE,,,"TMM-normalized log2 fold change",,
"crc_baxter","Sporobacter","edgeR","edgeR","differential abundance","H","CRC","age_z + sex + group",TRUE,"available",0.944056288809842,0.944056288809842,0.944056288809842,1,0.97355804783515,FALSE,-0.0180745297069715,0.00492876912116969,"TMM-normalized log2 fold change",,
"crc_baxter","Staphylococcus","edgeR","edgeR","differential abundance","H","CRC","age_z + sex + group",FALSE,"filterByExpr excluded taxon",,,1,1,,FALSE,,,"TMM-normalized log2 fold change",,
"crc_baxter","Streptococcus","edgeR","edgeR","differential abundance","H","CRC","age_z + sex + group",TRUE,"available",0.0620508837529916,0.0620508837529916,0.0620508837529916,0.326323681504924,0.170931452216865,FALSE,0.591561985243741,3.49845375912073,"TMM-normalized log2 fold change",,
"crc_baxter","Streptophyta","edgeR","edgeR","differential abundance","H","CRC","age_z + sex + group",FALSE,"filterByExpr excluded taxon",,,1,1,,FALSE,,,"TMM-normalized log2 fold change",,
"crc_baxter","Subdoligranulum","edgeR","edgeR","differential abundance","H","CRC","age_z + sex + group",TRUE,"available",0.410949735516801,0.410949735516801,0.410949735516801,1,0.577078352002317,FALSE,-0.175309800036651,0.677053049726752,"TMM-normalized log2 fold change",,
"crc_baxter","Succiniclasticum","edgeR","edgeR","differential abundance","H","CRC","age_z + sex + group",FALSE,"filterByExpr excluded taxon",,,1,1,,FALSE,,,"TMM-normalized log2 fold change",,
"crc_baxter","Succinivibrio","edgeR","edgeR","differential abundance","H","CRC","age_z + sex + group",FALSE,"filterByExpr excluded taxon",,,1,1,,FALSE,,,"TMM-normalized log2 fold change",,
"crc_baxter","Sutterella","edgeR","edgeR","differential abundance","H","CRC","age_z + sex + group",FALSE,"filterByExpr excluded taxon",,,1,1,,FALSE,,,"TMM-normalized log2 fold change",,
"crc_baxter","Turicibacter","edgeR","edgeR","differential abundance","H","CRC","age_z + sex + group",TRUE,"available",0.229426075296723,0.229426075296723,0.229426075296723,0.802991263538532,0.420614471377326,FALSE,-0.432335170946695,1.447553472219,"TMM-normalized log2 fold change",,
"crc_baxter","Unclassified_Acidaminococcaceae","edgeR","edgeR","differential abundance","H","CRC","age_z + sex + group",FALSE,"filterByExpr excluded taxon",,,1,1,,FALSE,,,"TMM-normalized log2 fold change",,
"crc_baxter","Unclassified_Actinomycetaceae","edgeR","edgeR","differential abundance","H","CRC","age_z + sex + group",FALSE,"filterByExpr excluded taxon",,,1,1,,FALSE,,,"TMM-normalized log2 fold change",,
"crc_baxter","Unclassified_Bacteria","edgeR","edgeR","differential abundance","H","CRC","age_z + sex + group",TRUE,"available",0.0290070261545047,0.0290070261545047,0.0290070261545047,0.214993252674565,0.112615513305724,FALSE,0.672661598250885,4.78718112042049,"TMM-normalized log2 fold change",,
"crc_baxter","Unclassified_Bacteroidetes","edgeR","edgeR","differential abundance","H","CRC","age_z + sex + group",FALSE,"filterByExpr excluded taxon",,,1,1,,FALSE,,,"TMM-normalized log2 fold change",,
"crc_baxter","Unclassified_Burkholderiales","edgeR","edgeR","differential abundance","H","CRC","age_z + sex + group",FALSE,"filterByExpr excluded taxon",,,1,1,,FALSE,,,"TMM-normalized log2 fold change",,
"crc_baxter","Unclassified_Clostridia","edgeR","edgeR","differential abundance","H","CRC","age_z + sex + group",TRUE,"available",0.152914583326652,0.152914583326652,0.152914583326652,0.64224124997194,0.336412083318635,FALSE,-0.491398014054437,2.04734875144081,"TMM-normalized log2 fold change",,
"crc_baxter","Unclassified_Clostridiaceae_2","edgeR","edgeR","differential abundance","H","CRC","age_z + sex + group",FALSE,"filterByExpr excluded taxon",,,1,1,,FALSE,,,"TMM-normalized log2 fold change",,
"crc_baxter","Unclassified_Clostridiales","edgeR","edgeR","differential abundance","H","CRC","age_z + sex + group",TRUE,"available",0.617203545043716,0.617203545043716,0.617203545043716,1,0.714656736366408,FALSE,0.116521040104674,0.250172539038009,"TMM-normalized log2 fold change",,
"crc_baxter","Unclassified_Clostridiales_Incertae_Sedis_XIII","edgeR","edgeR","differential abundance","H","CRC","age_z + sex + group",FALSE,"filterByExpr excluded taxon",,,1,1,,FALSE,,,"TMM-normalized log2 fold change",,
"crc_baxter","Unclassified_Coriobacteriaceae","edgeR","edgeR","differential abundance","H","CRC","age_z + sex + group",TRUE,"available",0.475506230103988,0.475506230103988,0.475506230103988,1,0.627668223737264,FALSE,0.185521894041978,0.509740047875385,"TMM-normalized log2 fold change",,
"crc_baxter","Unclassified_Desulfovibrionaceae","edgeR","edgeR","differential abundance","H","CRC","age_z + sex + group",FALSE,"filterByExpr excluded taxon",,,1,1,,FALSE,,,"TMM-normalized log2 fold change",,
"crc_baxter","Unclassified_Desulfovibrionales","edgeR","edgeR","differential abundance","H","CRC","age_z + sex + group",FALSE,"filterByExpr excluded taxon",,,1,1,,FALSE,,,"TMM-normalized log2 fold change",,
"crc_baxter","Unclassified_Enterobacteriaceae","edgeR","edgeR","differential abundance","H","CRC","age_z + sex + group",FALSE,"filterByExpr excluded taxon",,,1,1,,FALSE,,,"TMM-normalized log2 fold change",,
"crc_baxter","Unclassified_Erysipelotrichaceae","edgeR","edgeR","differential abundance","H","CRC","age_z + sex + group",FALSE,"filterByExpr excluded taxon",,,1,1,,FALSE,,,"TMM-normalized log2 fold change",,
"crc_baxter","Unclassified_Firmicutes","edgeR","edgeR","differential abundance","H","CRC","age_z + sex + group",TRUE,"available",0.275092886058721,0.275092886058721,0.275092886058721,0.912150095878917,0.477792907365147,FALSE,-0.341359234693975,1.19380289844848,"TMM-normalized log2 fold change",,
"crc_baxter","Unclassified_Lachnospiraceae","edgeR","edgeR","differential abundance","H","CRC","age_z + sex + group",TRUE,"available",0.43125923473731,0.43125923473731,0.43125923473731,1,0.584532304659086,FALSE,-0.115127951102316,0.620679582426003,"TMM-normalized log2 fold change",,
"crc_baxter","Unclassified_Peptostreptococcaceae","edgeR","edgeR","differential abundance","H","CRC","age_z + sex + group",FALSE,"filterByExpr excluded taxon",,,1,1,,FALSE,,,"TMM-normalized log2 fold change",,
"crc_baxter","Unclassified_Porphyromonadaceae","edgeR","edgeR","differential abundance","H","CRC","age_z + sex + group",TRUE,"available",0.165767608498956,0.165767608498956,0.165767608498956,0.652709958464638,0.341895692529096,FALSE,-0.520117011631052,1.92513005593092,"TMM-normalized log2 fold change",,
"crc_baxter","Unclassified_Proteobacteria","edgeR","edgeR","differential abundance","H","CRC","age_z + sex + group",FALSE,"filterByExpr excluded taxon",,,1,1,,FALSE,,,"TMM-normalized log2 fold change",,
"crc_baxter","Unclassified_Rhodospirillaceae","edgeR","edgeR","differential abundance","H","CRC","age_z + sex + group",FALSE,"filterByExpr excluded taxon",,,1,1,,FALSE,,,"TMM-normalized log2 fold change",,
"crc_baxter","Unclassified_Rikenellaceae","edgeR","edgeR","differential abundance","H","CRC","age_z + sex + group",TRUE,"available",0.859032032661685,0.859032032661685,0.859032032661685,1,0.899938319931289,FALSE,-0.0769177826875892,0.0315690592731025,"TMM-normalized log2 fold change",,
"crc_baxter","Unclassified_Ruminococcaceae","edgeR","edgeR","differential abundance","H","CRC","age_z + sex + group",TRUE,"available",0.248711164909322,0.248711164909322,0.248711164909322,0.84696234536688,0.443646942811223,FALSE,-0.200104334968917,1.33426176129871,"TMM-normalized log2 fold change",,
"crc_baxter","Unclassified_Sutterellaceae","edgeR","edgeR","differential abundance","H","CRC","age_z + sex + group",FALSE,"filterByExpr excluded taxon",,,1,1,,FALSE,,,"TMM-normalized log2 fold change",,
"crc_baxter","Unclassified_Veillonellaceae","edgeR","edgeR","differential abundance","H","CRC","age_z + sex + group",FALSE,"filterByExpr excluded taxon",,,1,1,,FALSE,,,"TMM-normalized log2 fold change",,
"crc_baxter","Vampirovibrio","edgeR","edgeR","differential abundance","H","CRC","age_z + sex + group",FALSE,"filterByExpr excluded taxon",,,1,1,,FALSE,,,"TMM-normalized log2 fold change",,
"crc_baxter","Veillonella","edgeR","edgeR","differential abundance","H","CRC","age_z + sex + group",TRUE,"available",0.389637903928036,0.389637903928036,0.389637903928036,1,0.559045688244573,FALSE,0.330176667397208,0.741143327768232,"TMM-normalized log2 fold change",,
"crc_baxter","Weissella","edgeR","edgeR","differential abundance","H","CRC","age_z + sex + group",FALSE,"filterByExpr excluded taxon",,,1,1,,FALSE,,,"TMM-normalized log2 fold change",,
"crc_baxter","Acetanaerobacterium","DESeq2","DESeq2","differential abundance","H","CRC","age_z + sex + group",TRUE,"available",0.0127992067086532,0.0127992067086532,0.0127992067086532,0.0889148103142105,0.0677446173822556,FALSE,1.10815799472919,2.48930789745185,"DESeq2 log2 fold change",,
"crc_baxter","Acetitomaculum","DESeq2","DESeq2","differential abundance","H","CRC","age_z + sex + group",TRUE,"available",0.0413829364952859,0.0413829364952859,0.0413829364952859,0.226706521669827,0.172728778415106,FALSE,-1.55904014066109,-2.0396726925674,"DESeq2 log2 fold change",,
"crc_baxter","Acidaminococcus","DESeq2","DESeq2","differential abundance","H","CRC","age_z + sex + group",TRUE,"available",0.363760681744199,0.363760681744199,0.363760681744199,0.699351784902093,0.596057695606627,FALSE,0.758371669531623,0.908222494484737,"DESeq2 log2 fold change",,
"crc_baxter","Actinomyces","DESeq2","DESeq2","differential abundance","H","CRC","age_z + sex + group",TRUE,"available",0.268357079027969,0.268357079027969,0.268357079027969,0.588420192354461,0.481529046300653,FALSE,0.352421138848083,1.10685394855668,"DESeq2 log2 fold change",,
"crc_baxter","Akkermansia","DESeq2","DESeq2","differential abundance","H","CRC","age_z + sex + group",TRUE,"available",0.184163833282574,0.184163833282574,0.184163833282574,0.464497150100841,0.376021502462585,FALSE,0.435254298351233,1.32804320801348,"DESeq2 log2 fold change",,
"crc_baxter","Alistipes","DESeq2","DESeq2","differential abundance","H","CRC","age_z + sex + group",TRUE,"available",0.123572369582545,0.123572369582545,0.123572369582545,0.379758989448798,0.296573686998109,FALSE,0.398855183411048,1.539950705835,"DESeq2 log2 fold change",,
"crc_baxter","Allisonella","DESeq2","DESeq2","differential abundance","H","CRC","age_z + sex + group",TRUE,"available",0.665450429769558,0.665450429769558,0.665450429769558,1,,FALSE,-0.592619305536021,-0.432400396807927,"DESeq2 log2 fold change",,
"crc_baxter","Anaerococcus","DESeq2","DESeq2","differential abundance","H","CRC","age_z + sex + group",TRUE,"available",0.164997207897763,0.164997207897763,0.164997207897763,0.449072910144819,,FALSE,1.50240826902937,1.38845937238434,"DESeq2 log2 fold change",,
"crc_baxter","Anaerofilum","DESeq2","DESeq2","differential abundance","H","CRC","age_z + sex + group",TRUE,"available",0.614018233565178,0.614018233565178,0.614018233565178,0.989293121403298,,FALSE,0.249330532763107,0.504346034346952,"DESeq2 log2 fold change",,
"crc_baxter","Anaerofustis","DESeq2","DESeq2","differential abundance","H","CRC","age_z + sex + group",TRUE,"available",0.45485306706866,0.45485306706866,0.45485306706866,0.807204034516214,0.671782991362944,FALSE,0.338527197094234,0.747348759359576,"DESeq2 log2 fold change",,
"crc_baxter","Anaerorhabdus","DESeq2","DESeq2","differential abundance","H","CRC","age_z + sex + group",TRUE,"available",0.897858802606623,0.897858802606623,0.897858802606623,1,,FALSE,0.155317397032977,0.128366674780513,"DESeq2 log2 fold change",,
"crc_baxter","Anaerosporobacter","DESeq2","DESeq2","differential abundance","H","CRC","age_z + sex + group",TRUE,"available",0.0452692344783395,0.0452692344783395,0.0452692344783395,0.23573738786826,0.179609438375817,FALSE,-1.11552304988709,-2.00214411147858,"DESeq2 log2 fold change",,
"crc_baxter","Anaerostipes","DESeq2","DESeq2","differential abundance","H","CRC","age_z + sex + group",TRUE,"available",0.934036852958215,0.934036852958215,0.934036852958215,1,0.986186810370053,FALSE,0.0184468140503697,0.0827669450346686,"DESeq2 log2 fold change",,
"crc_baxter","Anaerotruncus","DESeq2","DESeq2","differential abundance","H","CRC","age_z + sex + group",TRUE,"available",0.0628412807551525,0.0628412807551525,0.0628412807551525,0.281723299231875,0.214646323224286,FALSE,0.887292628200246,1.86031282042768,"DESeq2 log2 fold change",,
"crc_baxter","Atopobium","DESeq2","DESeq2","differential abundance","H","CRC","age_z + sex + group",TRUE,"available",0.991726871492206,0.991726871492206,0.991726871492206,1,,FALSE,-0.0125119286910687,-0.0103690147222863,"DESeq2 log2 fold change",,
"crc_baxter","Bacteroides","DESeq2","DESeq2","differential abundance","H","CRC","age_z + sex + group",TRUE,"available",0.933374860614234,0.933374860614234,0.933374860614234,1,0.986186810370053,FALSE,-0.0179062935479374,-0.083599504872603,"DESeq2 log2 fold change",,
"crc_baxter","Barnesiella","DESeq2","DESeq2","differential abundance","H","CRC","age_z + sex + group",TRUE,"available",0.568826398091237,0.568826398091237,0.568826398091237,0.943054291572314,0.780104774525125,FALSE,-0.255165782450267,-0.569780772561219,"DESeq2 log2 fold change",,
"crc_baxter","Bifidobacterium","DESeq2","DESeq2","differential abundance","H","CRC","age_z + sex + group",TRUE,"available",0.130286615847364,0.130286615847364,0.130286615847364,0.390859847542093,0.305061344423097,FALSE,0.547859443614791,1.51297261207413,"DESeq2 log2 fold change",,
"crc_baxter","Bilophila","DESeq2","DESeq2","differential abundance","H","CRC","age_z + sex + group",TRUE,"available",0.00380826364146888,0.00380826364146888,0.00380826364146888,0.0399867682354232,0.030466109131751,TRUE,1.06655276713503,2.8936219590393,"DESeq2 log2 fold change",,
"crc_baxter","Blautia","DESeq2","DESeq2","differential abundance","H","CRC","age_z + sex + group",TRUE,"available",0.107163063049799,0.107163063049799,0.107163063049799,0.355330156428282,0.270727738231072,FALSE,0.294886246956874,1.6110764385996,"DESeq2 log2 fold change",,
"crc_baxter","Butyricicoccus","DESeq2","DESeq2","differential abundance","H","CRC","age_z + sex + group",TRUE,"available",0.0609433662338987,0.0609433662338987,0.0609433662338987,0.281723299231875,0.214646323224286,FALSE,-0.463819627728731,-1.8739061168236,"DESeq2 log2 fold change",,
"crc_baxter","Butyricimonas","DESeq2","DESeq2","differential abundance","H","CRC","age_z + sex + group",TRUE,"available",0.143382065441327,0.143382065441327,0.143382065441327,0.402916739097312,0.313961095400503,FALSE,-0.743617343447829,-1.46331185451332,"DESeq2 log2 fold change",,
"crc_baxter","Catenibacterium","DESeq2","DESeq2","differential abundance","H","CRC","age_z + sex + group",TRUE,"available",0.188010751231293,0.188010751231293,0.188010751231293,0.464497150100841,0.376021502462585,FALSE,1.75791466711663,1.31648666508089,"DESeq2 log2 fold change",,
"crc_baxter","Citrobacter","DESeq2","DESeq2","differential abundance","H","CRC","age_z + sex + group",TRUE,"available",0.185191326459131,0.185191326459131,0.185191326459131,0.464497150100841,,FALSE,-1.94185023262683,-1.32493917414265,"DESeq2 log2 fold change",,
"crc_baxter","Cloacibacillus","DESeq2","DESeq2","differential abundance","H","CRC","age_z + sex + group",FALSE,"invalid p-value",,,1,1,,FALSE,0.544215415932872,0.675550098353378,"DESeq2 log2 fold change",,
"crc_baxter","Clostridium_III","DESeq2","DESeq2","differential abundance","H","CRC","age_z + sex + group",TRUE,"available",0.352500195232064,0.352500195232064,0.352500195232064,0.698808090192714,0.593684539338212,FALSE,-0.420445590094661,-0.929750665363009,"DESeq2 log2 fold change",,
"crc_baxter","Clostridium_IV","DESeq2","DESeq2","differential abundance","H","CRC","age_z + sex + group",TRUE,"available",0.00873077512304263,0.00873077512304263,0.00873077512304263,0.0687548540939607,0.0523846507382558,FALSE,0.541828069772049,2.62242004448792,"DESeq2 log2 fold change",,
"crc_baxter","Clostridium_sensu_stricto","DESeq2","DESeq2","differential abundance","H","CRC","age_z + sex + group",TRUE,"available",0.256610607089089,0.256610607089089,0.256610607089089,0.583011569299782,0.473742659241396,FALSE,-0.394420584131148,-1.13443861967028,"DESeq2 log2 fold change",,
"crc_baxter","Clostridium_XI","DESeq2","DESeq2","differential abundance","H","CRC","age_z + sex + group",TRUE,"available",0.505923855339325,0.505923855339325,0.505923855339325,0.873238435243219,0.72490582257575,FALSE,-0.204580635943621,-0.665198006573896,"DESeq2 log2 fold change",,
"crc_baxter","Clostridium_XII","DESeq2","DESeq2","differential abundance","H","CRC","age_z + sex + group",TRUE,"available",0.640697389105457,0.640697389105457,0.640697389105457,1,,FALSE,0.331785054492622,0.466723954458277,"DESeq2 log2 fold change",,
"crc_baxter","Clostridium_XlVa","DESeq2","DESeq2","differential abundance","H","CRC","age_z + sex + group",TRUE,"available",0.0670769760075894,0.0670769760075894,0.0670769760075894,0.281723299231875,0.214646323224286,FALSE,0.303437960914175,1.83115791656909,"DESeq2 log2 fold change",,
"crc_baxter","Clostridium_XlVb","DESeq2","DESeq2","differential abundance","H","CRC","age_z + sex + group",TRUE,"available",0.000565524117655744,0.000565524117655744,0.000565524117655744,0.0101794341178034,0.0077557593278502,TRUE,1.02389401679439,3.44763193913214,"DESeq2 log2 fold change",,
"crc_baxter","Clostridium_XVIII","DESeq2","DESeq2","differential abundance","H","CRC","age_z + sex + group",TRUE,"available",0.000945077168172954,0.000945077168172954,0.000945077168172954,0.014884965398724,0.0113409260180754,TRUE,-0.821697886538845,-3.30638624073676,"DESeq2 log2 fold change",,
"crc_baxter","Collinsella","DESeq2","DESeq2","differential abundance","H","CRC","age_z + sex + group",TRUE,"available",0.00292575671532727,0.00292575671532727,0.00292575671532727,0.0335132132846578,0.0255338767883107,TRUE,1.21129950613358,2.97543256176644,"DESeq2 log2 fold change",,
"crc_baxter","Coprobacillus","DESeq2","DESeq2","differential abundance","H","CRC","age_z + sex + group",TRUE,"available",0.886138708622,0.886138708622,0.886138708622,1,0.984810085143236,FALSE,-0.083670091893651,-0.143191796349892,"DESeq2 log2 fold change",,
"crc_baxter","Coprococcus","DESeq2","DESeq2","differential abundance","H","CRC","age_z + sex + group",TRUE,"available",0.95691002474712,0.95691002474712,0.95691002474712,1,0.986186810370053,FALSE,0.0135232977534283,0.0540315536844669,"DESeq2 log2 fold change",,
"crc_baxter","Corynebacterium","DESeq2","DESeq2","differential abundance","H","CRC","age_z + sex + group",TRUE,"available",0.944155895581142,0.944155895581142,0.944155895581142,1,,FALSE,0.0477320414791698,0.0700474464075745,"DESeq2 log2 fold change",,
"crc_baxter","Defluviitalea","DESeq2","DESeq2","differential abundance","H","CRC","age_z + sex + group",TRUE,"available",0.954914954617771,0.954914954617771,0.954914954617771,1,0.986186810370053,FALSE,0.0286166301460508,0.0565358279010766,"DESeq2 log2 fold change",,
"crc_baxter","Desulfovibrio","DESeq2","DESeq2","differential abundance","H","CRC","age_z + sex + group",TRUE,"available",0.668216355118173,0.668216355118173,0.668216355118173,1,0.855316934551261,FALSE,0.26382618066531,0.4285972390762,"DESeq2 log2 fold change",,
"crc_baxter","Dialister","DESeq2","DESeq2","differential abundance","H","CRC","age_z + sex + group",TRUE,"available",0.0926574285798262,0.0926574285798262,0.0926574285798262,0.315536108136706,0.240408463342252,FALSE,-0.965556252550982,-1.68154332443239,"DESeq2 log2 fold change",,
"crc_baxter","Dorea","DESeq2","DESeq2","differential abundance","H","CRC","age_z + sex + group",TRUE,"available",0.0862709962828256,0.0862709962828256,0.0862709962828256,0.315536108136706,0.240408463342252,FALSE,0.356571086751691,1.71540501667814,"DESeq2 log2 fold change",,
"crc_baxter","Eggerthella","DESeq2","DESeq2","differential abundance","H","CRC","age_z + sex + group",TRUE,"available",0.0107005990271789,0.0107005990271789,0.0107005990271789,0.0793103222014434,0.0604269121534807,FALSE,1.10601900991987,2.55232714937983,"DESeq2 log2 fold change",,
"crc_baxter","Eggerthia","DESeq2","DESeq2","differential abundance","H","CRC","age_z + sex + group",TRUE,"available",0.0081180808952755,0.0081180808952755,0.0081180808952755,0.0681918795203142,0.0519557177297632,FALSE,-2.04187214353932,-2.64711888025831,"DESeq2 log2 fold change",,
"crc_baxter","Enterobacter","DESeq2","DESeq2","differential abundance","H","CRC","age_z + sex + group",TRUE,"available",0.00020199385289062,0.00020199385289062,0.00020199385289062,0.00424187091070302,0.00323190164624992,TRUE,2.82665719215061,3.71650974596325,"DESeq2 log2 fold change",,
"crc_baxter","Enterococcus","DESeq2","DESeq2","differential abundance","H","CRC","age_z + sex + group",FALSE,"invalid p-value",,,1,1,,FALSE,1.46908317231336,2.10882301071464,"DESeq2 log2 fold change",,
"crc_baxter","Enterorhabdus","DESeq2","DESeq2","differential abundance","H","CRC","age_z + sex + group",TRUE,"available",0.438166235357429,0.438166235357429,0.438166235357429,0.800129647174435,0.667681882449415,FALSE,0.694822356666757,0.775293523701501,"DESeq2 log2 fold change",,
"crc_baxter","Erysipelotrichaceae_incertae_sedis","DESeq2","DESeq2","differential abundance","H","CRC","age_z + sex + group",TRUE,"available",0.583854964190353,0.583854964190353,0.583854964190353,0.955399032311486,0.789437698060195,FALSE,-0.201989557398126,-0.54776253865746,"DESeq2 log2 fold change",,
"crc_baxter","Escherichia/Shigella","DESeq2","DESeq2","differential abundance","H","CRC","age_z + sex + group",TRUE,"available",0.00573356742222155,0.00573356742222155,0.00573356742222155,0.0555714996307627,0.0423401901948668,FALSE,-1.01097215623316,-2.76264166608171,"DESeq2 log2 fold change",,
"crc_baxter","Eubacterium","DESeq2","DESeq2","differential abundance","H","CRC","age_z + sex + group",TRUE,"available",0.0246381656542116,0.0246381656542116,0.0246381656542116,0.147828993925269,0.112631614419253,FALSE,0.939555145666304,2.24702912764505,"DESeq2 log2 fold change",,
"crc_baxter","Faecalibacterium","DESeq2","DESeq2","differential abundance","H","CRC","age_z + sex + group",TRUE,"available",0.881609922208133,0.881609922208133,0.881609922208133,1,0.984810085143236,FALSE,0.0246920752550502,0.148928664792583,"DESeq2 log2 fold change",,
"crc_baxter","Flavonifractor","DESeq2","DESeq2","differential abundance","H","CRC","age_z + sex + group",TRUE,"available",0.666341513788268,0.666341513788268,0.666341513788268,1,0.855316934551261,FALSE,0.0991273405724991,0.431174472570436,"DESeq2 log2 fold change",,
"crc_baxter","Fusobacterium","DESeq2","DESeq2","differential abundance","H","CRC","age_z + sex + group",FALSE,"invalid p-value",,,1,1,,FALSE,1.99234371727622,1.72486251802109,"DESeq2 log2 fold change",,
"crc_baxter","Gemella","DESeq2","DESeq2","differential abundance","H","CRC","age_z + sex + group",TRUE,"available",1.19935751780139e-06,1.19935751780139e-06,1.19935751780139e-06,7.55595236214878e-05,5.75691608544669e-05,TRUE,2.40207867572342,4.85574369591753,"DESeq2 log2 fold change",,
"crc_baxter","Gemmiger","DESeq2","DESeq2","differential abundance","H","CRC","age_z + sex + group",TRUE,"available",0.119817866468772,0.119817866468772,0.119817866468772,0.379758989448798,0.294936286692361,FALSE,-0.471435160787371,-1.55553852634397,"DESeq2 log2 fold change",,
"crc_baxter","Gordonibacter","DESeq2","DESeq2","differential abundance","H","CRC","age_z + sex + group",TRUE,"available",0.714255315254062,0.714255315254062,0.714255315254062,1,0.864786785070589,FALSE,-0.159175599648608,-0.366147097455936,"DESeq2 log2 fold change",,
"crc_baxter","Granulicatella","DESeq2","DESeq2","differential abundance","H","CRC","age_z + sex + group",TRUE,"available",0.0906672200682339,0.0906672200682339,0.0906672200682339,0.315536108136706,0.240408463342252,FALSE,-0.847703863435115,-1.69188857869021,"DESeq2 log2 fold change",,
"crc_baxter","Haemophilus","DESeq2","DESeq2","differential abundance","H","CRC","age_z + sex + group",TRUE,"available",0.000121720302285911,0.000121720302285911,0.000121720302285911,0.00306735161760497,0.0023370298038895,TRUE,-2.11629985514941,-3.84263524114548,"DESeq2 log2 fold change",,
"crc_baxter","Hespellia","DESeq2","DESeq2","differential abundance","H","CRC","age_z + sex + group",TRUE,"available",0.0478936650724717,0.0478936650724717,0.0478936650724717,0.23573738786826,0.179609438375817,FALSE,0.633158580129594,1.97831071502908,"DESeq2 log2 fold change",,
"crc_baxter","Holdemania","DESeq2","DESeq2","differential abundance","H","CRC","age_z + sex + group",TRUE,"available",0.332934165168654,0.332934165168654,0.332934165168654,0.676608142116942,,FALSE,-0.445712044129562,-0.968220687613927,"DESeq2 log2 fold change",,
"crc_baxter","Howardella","DESeq2","DESeq2","differential abundance","H","CRC","age_z + sex + group",TRUE,"available",0.997442688439323,0.997442688439323,0.997442688439323,1,0.997442688439323,FALSE,-0.00263081513855162,-0.00320512022009866,"DESeq2 log2 fold change",,
"crc_baxter","Lachnobacterium","DESeq2","DESeq2","differential abundance","H","CRC","age_z + sex + group",TRUE,"available",0.311551682472118,0.311551682472118,0.311551682472118,0.64840705924885,,FALSE,-1.01336671326002,-1.01197149577577,"DESeq2 log2 fold change",,
"crc_baxter","Lachnospiracea_incertae_sedis","DESeq2","DESeq2","differential abundance","H","CRC","age_z + sex + group",TRUE,"available",0.0666786534324243,0.0666786534324243,0.0666786534324243,0.281723299231875,0.214646323224286,FALSE,-0.313977283990306,-1.83383390325637,"DESeq2 log2 fold change",,
"crc_baxter","Lactobacillus","DESeq2","DESeq2","differential abundance","H","CRC","age_z + sex + group",TRUE,"available",0.742060252875952,0.742060252875952,0.742060252875952,1,0.868753466781603,FALSE,0.192978016082505,0.329126264595131,"DESeq2 log2 fold change",,
"crc_baxter","Lactococcus","DESeq2","DESeq2","differential abundance","H","CRC","age_z + sex + group",TRUE,"available",0.366327125424906,0.366327125424906,0.366327125424906,0.699351784902093,0.596057695606627,FALSE,0.486012166224481,0.903374582065851,"DESeq2 log2 fold change",,
"crc_baxter","Lactonifactor","DESeq2","DESeq2","differential abundance","H","CRC","age_z + sex + group",TRUE,"available",0.956235555936911,0.956235555936911,0.956235555936911,1,0.986186810370053,FALSE,-0.0254949190268446,-0.054878129262474,"DESeq2 log2 fold change",,
"crc_baxter","Megasphaera","DESeq2","DESeq2","differential abundance","H","CRC","age_z + sex + group",TRUE,"available",0.00714402498371725,0.00714402498371725,0.00714402498371725,0.0642962248534552,0.0489875998883468,FALSE,-3.39252942633244,-2.69005497162072,"DESeq2 log2 fold change",,
"crc_baxter","Methanobrevibacter","DESeq2","DESeq2","differential abundance","H","CRC","age_z + sex + group",TRUE,"available",0.434922393548745,0.434922393548745,0.434922393548745,0.800129647174435,0.667681882449415,FALSE,0.432421236061097,0.780796158924103,"DESeq2 log2 fold change",,
"crc_baxter","Methylobacterium","DESeq2","DESeq2","differential abundance","H","CRC","age_z + sex + group",TRUE,"available",0.259116253022125,0.259116253022125,0.259116253022125,0.583011569299782,,FALSE,-0.908807241887439,-1.12848238252623,"DESeq2 log2 fold change",,
"crc_baxter","Mogibacterium","DESeq2","DESeq2","differential abundance","H","CRC","age_z + sex + group",FALSE,"invalid p-value",,,1,1,,FALSE,0.451256692413428,0.940710475219115,"DESeq2 log2 fold change",,
"crc_baxter","Odoribacter","DESeq2","DESeq2","differential abundance","H","CRC","age_z + sex + group",TRUE,"available",0.0830386897634802,0.0830386897634802,0.0830386897634802,0.315536108136706,0.240408463342252,FALSE,0.676923456437433,1.73332066501423,"DESeq2 log2 fold change",,
"crc_baxter","Oscillibacter","DESeq2","DESeq2","differential abundance","H","CRC","age_z + sex + group",TRUE,"available",0.527462318393848,0.527462318393848,0.527462318393848,0.886136694901665,0.733860616895789,FALSE,0.158272851953049,0.631884552022062,"DESeq2 log2 fold change",,
"crc_baxter","Oxalobacter","DESeq2","DESeq2","differential abundance","H","CRC","age_z + sex + group",TRUE,"available",0.801466691530382,0.801466691530382,0.801466691530382,1,0.926997619119478,FALSE,0.167079116091791,0.25144938319507,"DESeq2 log2 fold change",,
"crc_baxter","Parabacteroides","DESeq2","DESeq2","differential abundance","H","CRC","age_z + sex + group",TRUE,"available",0.520481838604834,0.520481838604834,0.520481838604834,0.886136694901665,0.733860616895789,FALSE,-0.219211542474999,-0.6426028418541,"DESeq2 log2 fold change",,
"crc_baxter","Paraprevotella","DESeq2","DESeq2","differential abundance","H","CRC","age_z + sex + group",TRUE,"available",0.0486442228934505,0.0486442228934505,0.0486442228934505,0.23573738786826,0.179609438375817,FALSE,-1.79101070457538,-1.97169685498576,"DESeq2 log2 fold change",,
"crc_baxter","Parasutterella","DESeq2","DESeq2","differential abundance","H","CRC","age_z + sex + group",TRUE,"available",0.95933716935638,0.95933716935638,0.95933716935638,1,0.986186810370053,FALSE,-0.0271358268559432,-0.0509853813922534,"DESeq2 log2 fold change",,
"crc_baxter","Parvimonas","DESeq2","DESeq2","differential abundance","H","CRC","age_z + sex + group",TRUE,"available",2.64835414556697e-05,2.64835414556697e-05,2.64835414556697e-05,0.000834231555853596,0.000635604994936073,TRUE,3.58879066103606,4.20177061437609,"DESeq2 log2 fold change",,
"crc_baxter","Peptococcus","DESeq2","DESeq2","differential abundance","H","CRC","age_z + sex + group",FALSE,"invalid p-value",,,1,1,,FALSE,2.82647461043019,1.50978585321183,"DESeq2 log2 fold change",,
"crc_baxter","Peptoniphilus","DESeq2","DESeq2","differential abundance","H","CRC","age_z + sex + group",FALSE,"invalid p-value",,,1,1,,FALSE,2.17300150508294,1.3687619601331,"DESeq2 log2 fold change",,
"crc_baxter","Peptostreptococcus","DESeq2","DESeq2","differential abundance","H","CRC","age_z + sex + group",TRUE,"available",7.85290435042696e-06,7.85290435042696e-06,7.85290435042696e-06,0.000329821982717932,0.000251292939213663,TRUE,3.85202337432658,4.4691554554265,"DESeq2 log2 fold change",,
"crc_baxter","Phascolarctobacterium","DESeq2","DESeq2","differential abundance","H","CRC","age_z + sex + group",TRUE,"available",0.270860088544117,0.270860088544117,0.270860088544117,0.588420192354461,0.481529046300653,FALSE,0.41606009486747,1.10108402618824,"DESeq2 log2 fold change",,
"crc_baxter","Porphyromonas","DESeq2","DESeq2","differential abundance","H","CRC","age_z + sex + group",TRUE,"available",2.07067744372311e-31,2.07067744372311e-31,2.07067744372311e-31,2.60905357909111e-29,1.98785034597418e-29,TRUE,8.52968692296336,11.6587467367611,"DESeq2 log2 fold change",,
"crc_baxter","Prevotella","DESeq2","DESeq2","differential abundance","H","CRC","age_z + sex + group",TRUE,"available",0.70873449235108,0.70873449235108,0.70873449235108,1,0.864786785070589,FALSE,0.242232613945229,0.373556244931961,"DESeq2 log2 fold change",,
"crc_baxter","Pseudoflavonifractor","DESeq2","DESeq2","differential abundance","H","CRC","age_z + sex + group",TRUE,"available",0.180048301238944,0.180048301238944,0.180048301238944,0.464497150100841,0.375752976498665,FALSE,0.472456376302615,1.34060632922103,"DESeq2 log2 fold change",,
"crc_baxter","Pseudomonas","DESeq2","DESeq2","differential abundance","H","CRC","age_z + sex + group",TRUE,"available",0.00222236208668093,0.00222236208668093,0.00222236208668093,0.0280017622921797,0.0213346760321369,TRUE,-1.10468661512623,-3.05878550061149,"DESeq2 log2 fold change",,
"crc_baxter","Roseburia","DESeq2","DESeq2","differential abundance","H","CRC","age_z + sex + group",TRUE,"available",0.313911354080792,0.313911354080792,0.313911354080792,0.64840705924885,0.538133749852787,FALSE,0.205994986114929,1.00704873684657,"DESeq2 log2 fold change",,
"crc_baxter","Rothia","DESeq2","DESeq2","differential abundance","H","CRC","age_z + sex + group",TRUE,"available",0.892484139661058,0.892484139661058,0.892484139661058,1,0.984810085143236,FALSE,-0.0645002219130088,-0.135161558932866,"DESeq2 log2 fold change",,
"crc_baxter","Ruminococcus","DESeq2","DESeq2","differential abundance","H","CRC","age_z + sex + group",TRUE,"available",0.451129749101856,0.451129749101856,0.451129749101856,0.807204034516214,0.671782991362944,FALSE,0.196420758340674,0.753532899453438,"DESeq2 log2 fold change",,
"crc_baxter","Ruminococcus2","DESeq2","DESeq2","differential abundance","H","CRC","age_z + sex + group",TRUE,"available",0.0136906707607894,0.0136906707607894,0.0136906707607894,0.0889148103142105,0.0677446173822556,FALSE,0.485075322886189,2.4652787233519,"DESeq2 log2 fold change",,
"crc_baxter","Slackia","DESeq2","DESeq2","differential abundance","H","CRC","age_z + sex + group",TRUE,"available",0.976026263447877,0.976026263447877,0.976026263447877,1,0.98630022411575,FALSE,0.0239483095213661,0.0300511453871071,"DESeq2 log2 fold change",,
"crc_baxter","Solobacterium","DESeq2","DESeq2","differential abundance","H","CRC","age_z + sex + group",TRUE,"available",0.76622129959223,0.76622129959223,0.76622129959223,1,,FALSE,0.362183793283089,0.297321197658957,"DESeq2 log2 fold change",,
"crc_baxter","Sporobacter","DESeq2","DESeq2","differential abundance","H","CRC","age_z + sex + group",TRUE,"available",0.485423593825696,0.485423593825696,0.485423593825696,0.849491289194969,0.706070681928286,FALSE,-0.196083136117114,-0.697606055062062,"DESeq2 log2 fold change",,
"crc_baxter","Staphylococcus","DESeq2","DESeq2","differential abundance","H","CRC","age_z + sex + group",TRUE,"available",0.773630853809325,0.773630853809325,0.773630853809325,1,,FALSE,0.311751690658275,0.287628856226666,"DESeq2 log2 fold change",,
"crc_baxter","Streptococcus","DESeq2","DESeq2","differential abundance","H","CRC","age_z + sex + group",TRUE,"available",0.143898835391897,0.143898835391897,0.143898835391897,0.402916739097312,0.313961095400503,FALSE,0.43370878062382,1.4614250315517,"DESeq2 log2 fold change",,
"crc_baxter","Streptophyta","DESeq2","DESeq2","differential abundance","H","CRC","age_z + sex + group",TRUE,"available",0.134204106140039,0.134204106140039,0.134204106140039,0.393249241247557,0.306752242605804,FALSE,-1.37812058748727,-1.4977273376266,"DESeq2 log2 fold change",,
"crc_baxter","Subdoligranulum","DESeq2","DESeq2","differential abundance","H","CRC","age_z + sex + group",TRUE,"available",0.241902364994198,0.241902364994198,0.241902364994198,0.564438851653129,0.455345628224373,FALSE,-0.235142029940384,-1.1702450580212,"DESeq2 log2 fold change",,
"crc_baxter","Succiniclasticum","DESeq2","DESeq2","differential abundance","H","CRC","age_z + sex + group",FALSE,"invalid p-value",,,1,1,,FALSE,3.46422719338403,1.87818552368166,"DESeq2 log2 fold change",,
"crc_baxter","Succinivibrio","DESeq2","DESeq2","differential abundance","H","CRC","age_z + sex + group",FALSE,"invalid p-value",,,1,1,,FALSE,1.84047878087896,0.966998298212151,"DESeq2 log2 fold change",,
"crc_baxter","Sutterella","DESeq2","DESeq2","differential abundance","H","CRC","age_z + sex + group",TRUE,"available",0.0141134619546366,0.0141134619546366,0.0141134619546366,0.0889148103142105,0.0677446173822556,FALSE,-2.37273922513921,-2.45436252068984,"DESeq2 log2 fold change",,
"crc_baxter","Turicibacter","DESeq2","DESeq2","differential abundance","H","CRC","age_z + sex + group",TRUE,"available",0.087749460782265,0.087749460782265,0.087749460782265,0.315536108136706,0.240408463342252,FALSE,-0.663322070663352,-1.70739068386502,"DESeq2 log2 fold change",,
"crc_baxter","Unclassified_Acidaminococcaceae","DESeq2","DESeq2","differential abundance","H","CRC","age_z + sex + group",TRUE,"available",0.0283136746404325,0.0283136746404325,0.0283136746404325,0.162160136577023,0.12355058024916,FALSE,-2.58435833105011,-2.19291262904304,"DESeq2 log2 fold change",,
"crc_baxter","Unclassified_Actinomycetaceae","DESeq2","DESeq2","differential abundance","H","CRC","age_z + sex + group",TRUE,"available",0.842556332505478,0.842556332505478,0.842556332505478,1,,FALSE,-0.29183007349362,-0.198624697765987,"DESeq2 log2 fold change",,
"crc_baxter","Unclassified_Bacteria","DESeq2","DESeq2","differential abundance","H","CRC","age_z + sex + group",TRUE,"available",0.72073470649719,0.72073470649719,0.72073470649719,1,0.864786785070589,FALSE,0.146278496720907,0.357477046877764,"DESeq2 log2 fold change",,
"crc_baxter","Unclassified_Bacteroidetes","DESeq2","DESeq2","differential abundance","H","CRC","age_z + sex + group",FALSE,"invalid p-value",,,1,1,,FALSE,2.12145649073819,1.23207939748615,"DESeq2 log2 fold change",,
"crc_baxter","Unclassified_Burkholderiales","DESeq2","DESeq2","differential abundance","H","CRC","age_z + sex + group",FALSE,"invalid p-value",,,1,1,,FALSE,-0.413626124174763,-0.272037623338276,"DESeq2 log2 fold change",,
"crc_baxter","Unclassified_Clostridia","DESeq2","DESeq2","differential abundance","H","CRC","age_z + sex + group",TRUE,"available",0.167511323625448,0.167511323625448,0.167511323625448,0.449072910144819,0.357357490400956,FALSE,-0.655027026205263,-1.38024467281734,"DESeq2 log2 fold change",,
"crc_baxter","Unclassified_Clostridiaceae_2","DESeq2","DESeq2","differential abundance","H","CRC","age_z + sex + group",TRUE,"available",0.354950141050267,0.354950141050267,0.354950141050267,0.698808090192714,,FALSE,-0.959308460359735,-0.925030310637503,"DESeq2 log2 fold change",,
"crc_baxter","Unclassified_Clostridiales","DESeq2","DESeq2","differential abundance","H","CRC","age_z + sex + group",TRUE,"available",0.620271084054449,0.620271084054449,0.620271084054449,0.989293121403298,0.827028112072599,FALSE,-0.114402210189557,-0.495466187454773,"DESeq2 log2 fold change",,
"crc_baxter","Unclassified_Clostridiales_Incertae_Sedis_XIII","DESeq2","DESeq2","differential abundance","H","CRC","age_z + sex + group",TRUE,"available",0.384496260755002,0.384496260755002,0.384496260755002,0.723082520225824,0.615194017208003,FALSE,0.246755374783582,0.869641665113741,"DESeq2 log2 fold change",,
"crc_baxter","Unclassified_Coriobacteriaceae","DESeq2","DESeq2","differential abundance","H","CRC","age_z + sex + group",TRUE,"available",0.72966384990331,0.72966384990331,0.72966384990331,1,0.864786785070589,FALSE,0.0961098741977079,0.345572720838046,"DESeq2 log2 fold change",,
"crc_baxter","Unclassified_Desulfovibrionaceae","DESeq2","DESeq2","differential abundance","H","CRC","age_z + sex + group",FALSE,"invalid p-value",,,1,1,,FALSE,0.0549310831465409,0.0311169039295888,"DESeq2 log2 fold change",,
"crc_baxter","Unclassified_Desulfovibrionales","DESeq2","DESeq2","differential abundance","H","CRC","age_z + sex + group",TRUE,"available",0.965641251820677,0.965641251820677,0.965641251820677,1,0.986186810370053,FALSE,-0.0439495111522113,-0.0430756223293208,"DESeq2 log2 fold change",,
"crc_baxter","Unclassified_Enterobacteriaceae","DESeq2","DESeq2","differential abundance","H","CRC","age_z + sex + group",TRUE,"available",0.890452370407582,0.890452370407582,0.890452370407582,1,0.984810085143236,FALSE,0.121197529464149,0.137731819904706,"DESeq2 log2 fold change",,
"crc_baxter","Unclassified_Erysipelotrichaceae","DESeq2","DESeq2","differential abundance","H","CRC","age_z + sex + group",TRUE,"available",0.122004528439766,0.122004528439766,0.122004528439766,0.379758989448798,,FALSE,-1.39755457956342,-1.5464143593476,"DESeq2 log2 fold change",,
"crc_baxter","Unclassified_Firmicutes","DESeq2","DESeq2","differential abundance","H","CRC","age_z + sex + group",TRUE,"available",0.0896720383917043,0.0896720383917043,0.0896720383917043,0.315536108136706,0.240408463342252,FALSE,-0.616107498597947,-1.69713024957475,"DESeq2 log2 fold change",,
"crc_baxter","Unclassified_Lachnospiraceae","DESeq2","DESeq2","differential abundance","H","CRC","age_z + sex + group",TRUE,"available",0.281417587840571,0.281417587840571,0.281417587840571,0.600993492676474,0.491201607867178,FALSE,-0.164641721248195,-1.07714030793707,"DESeq2 log2 fold change",,
"crc_baxter","Unclassified_Peptostreptococcaceae","DESeq2","DESeq2","differential abundance","H","CRC","age_z + sex + group",TRUE,"available",0.699238786261072,0.699238786261072,0.699238786261072,1,,FALSE,-0.482418762313227,-0.38634822917291,"DESeq2 log2 fold change",,
"crc_baxter","Unclassified_Porphyromonadaceae","DESeq2","DESeq2","differential abundance","H","CRC","age_z + sex + group",TRUE,"available",0.240970068297144,0.240970068297144,0.240970068297144,0.564438851653129,0.455345628224373,FALSE,-0.577751184908166,-1.17256555713076,"DESeq2 log2 fold change",,
"crc_baxter","Unclassified_Proteobacteria","DESeq2","DESeq2","differential abundance","H","CRC","age_z + sex + group",FALSE,"invalid p-value",,,1,1,,FALSE,-2.52589429736531,-2.43847588156659,"DESeq2 log2 fold change",,
"crc_baxter","Unclassified_Rhodospirillaceae","DESeq2","DESeq2","differential abundance","H","CRC","age_z + sex + group",TRUE,"available",0.729129135722862,0.729129135722862,0.729129135722862,1,0.864786785070589,FALSE,0.314724868489628,0.346284207722992,"DESeq2 log2 fold change",,
"crc_baxter","Unclassified_Rikenellaceae","DESeq2","DESeq2","differential abundance","H","CRC","age_z + sex + group",TRUE,"available",0.687963497505216,0.687963497505216,0.687963497505216,1,0.864786785070589,FALSE,-0.320629467300633,-0.401620286732546,"DESeq2 log2 fold change",,
"crc_baxter","Unclassified_Ruminococcaceae","DESeq2","DESeq2","differential abundance","H","CRC","age_z + sex + group",TRUE,"available",0.0855093331459357,0.0855093331459357,0.0855093331459357,0.315536108136706,0.240408463342252,FALSE,-0.308761329008778,-1.71957714731022,"DESeq2 log2 fold change",,
"crc_baxter","Unclassified_Sutterellaceae","DESeq2","DESeq2","differential abundance","H","CRC","age_z + sex + group",FALSE,"invalid p-value",,,1,1,,FALSE,-0.930555867923899,-0.603827892868272,"DESeq2 log2 fold change",,
"crc_baxter","Unclassified_Veillonellaceae","DESeq2","DESeq2","differential abundance","H","CRC","age_z + sex + group",TRUE,"available",0.00162852997499347,0.00162852997499347,0.00162852997499347,0.0227994196499085,0.0173709863999303,TRUE,-2.46022906305934,-3.15074788544329,"DESeq2 log2 fold change",,
"crc_baxter","Vampirovibrio","DESeq2","DESeq2","differential abundance","H","CRC","age_z + sex + group",TRUE,"available",0.224369980655008,0.224369980655008,0.224369980655008,0.543665722356366,0.439582002915934,FALSE,1.2405742726329,1.21498980273095,"DESeq2 log2 fold change",,
"crc_baxter","Veillonella","DESeq2","DESeq2","differential abundance","H","CRC","age_z + sex + group",TRUE,"available",0.666691472409861,0.666691472409861,0.666691472409861,1,0.855316934551261,FALSE,0.18277680201478,0.43069318821688,"DESeq2 log2 fold change",,
"crc_baxter","Weissella","DESeq2","DESeq2","differential abundance","H","CRC","age_z + sex + group",FALSE,"invalid p-value",,,1,1,,FALSE,2.83321127888049,1.98078581433273,"DESeq2 log2 fold change",,
"crc_baxter","Acetanaerobacterium","metagenomeSeq","metagenomeSeq","differential abundance","H","CRC","age_z + sex + group",TRUE,"available",0.12879128303709,0.12879128303709,0.12879128303709,0.261737123591505,0.263814402350168,FALSE,0.29089782254242,,"CSS-normalized zero-inflated Gaussian coefficient",,
"crc_baxter","Acetitomaculum","metagenomeSeq","metagenomeSeq","differential abundance","H","CRC","age_z + sex + group",TRUE,"available",0.0017089826840663,0.0017089826840663,0.0017089826840663,0.00633328877036334,0.00638355296695353,TRUE,-0.586944084767593,,"CSS-normalized zero-inflated Gaussian coefficient",,
"crc_baxter","Acidaminococcus","metagenomeSeq","metagenomeSeq","differential abundance","H","CRC","age_z + sex + group",TRUE,"available",0.0725251106241213,0.0725251106241213,0.0725251106241213,0.163181498904273,0.164476590165418,FALSE,0.674002379290406,,"CSS-normalized zero-inflated Gaussian coefficient",,
"crc_baxter","Actinomyces","metagenomeSeq","metagenomeSeq","differential abundance","H","CRC","age_z + sex + group",TRUE,"available",0.298853890288898,0.298853890288898,0.298853890288898,0.502074535685349,0.506059254222534,FALSE,0.192429832160517,,"CSS-normalized zero-inflated Gaussian coefficient",,
"crc_baxter","Akkermansia","metagenomeSeq","metagenomeSeq","differential abundance","H","CRC","age_z + sex + group",TRUE,"available",0.31529329700729,0.31529329700729,0.31529329700729,0.508516529383445,0.50622456775777,FALSE,0.380117858260982,,"CSS-normalized zero-inflated Gaussian coefficient",,
"crc_baxter","Alistipes","metagenomeSeq","metagenomeSeq","differential abundance","H","CRC","age_z + sex + group",TRUE,"available",0.409795494648778,0.409795494648778,0.409795494648778,0.600398050299373,0.598207216326378,FALSE,-0.244614160997525,,"CSS-normalized zero-inflated Gaussian coefficient",,
"crc_baxter","Allisonella","metagenomeSeq","metagenomeSeq","differential abundance","H","CRC","age_z + sex + group",TRUE,"available",0.311747196034158,0.311747196034158,0.311747196034158,0.508516529383445,0.50622456775777,FALSE,-0.112893080548552,,"CSS-normalized zero-inflated Gaussian coefficient",,
"crc_baxter","Anaerococcus","metagenomeSeq","metagenomeSeq","differential abundance","H","CRC","age_z + sex + group",TRUE,"available",1.81334432138803e-11,1.81334432138803e-11,1.81334432138803e-11,1.75754911149917e-10,1.77149791397138e-10,TRUE,0.880517007472114,,"CSS-normalized zero-inflated Gaussian coefficient",,
"crc_baxter","Anaerofilum","metagenomeSeq","metagenomeSeq","differential abundance","H","CRC","age_z + sex + group",TRUE,"available",0.342928703855215,0.342928703855215,0.342928703855215,0.526939227875086,0.524722233609786,FALSE,0.109964337778276,,"CSS-normalized zero-inflated Gaussian coefficient",,
"crc_baxter","Anaerofustis","metagenomeSeq","metagenomeSeq","differential abundance","H","CRC","age_z + sex + group",TRUE,"available",0.000246755616606549,0.000246755616606549,0.000246755616606549,0.00115152621083056,0.00116066530774192,TRUE,0.489991859467566,,"CSS-normalized zero-inflated Gaussian coefficient",,
"crc_baxter","Anaerorhabdus","metagenomeSeq","metagenomeSeq","differential abundance","H","CRC","age_z + sex + group",TRUE,"available",0.337443586275679,0.337443586275679,0.337443586275679,0.524912245317723,0.522626042158673,FALSE,0.109552994965957,,"CSS-normalized zero-inflated Gaussian coefficient",,
"crc_baxter","Anaerosporobacter","metagenomeSeq","metagenomeSeq","differential abundance","H","CRC","age_z + sex + group",TRUE,"available",0.000496424729106791,0.000496424729106791,0.000496424729106791,0.00208498386224852,0.00210153135321875,TRUE,-0.706134069213504,,"CSS-normalized zero-inflated Gaussian coefficient",,
"crc_baxter","Anaerostipes","metagenomeSeq","metagenomeSeq","differential abundance","H","CRC","age_z + sex + group",TRUE,"available",0.297339533014661,0.297339533014661,0.297339533014661,0.502074535685349,0.506059254222534,FALSE,-0.324239255737338,,"CSS-normalized zero-inflated Gaussian coefficient",,
"crc_baxter","Anaerotruncus","metagenomeSeq","metagenomeSeq","differential abundance","H","CRC","age_z + sex + group",TRUE,"available",0.00302661997423705,0.00302661997423705,0.00302661997423705,0.0105931699098297,0.0106772426868918,TRUE,0.428150740837204,,"CSS-normalized zero-inflated Gaussian coefficient",,
"crc_baxter","Atopobium","metagenomeSeq","metagenomeSeq","differential abundance","H","CRC","age_z + sex + group",TRUE,"available",2.4140913322795e-05,2.4140913322795e-05,2.4140913322795e-05,0.000126739794944674,0.000127745666333124,TRUE,0.328850147680543,,"CSS-normalized zero-inflated Gaussian coefficient",,
"crc_baxter","Bacteroides","metagenomeSeq","metagenomeSeq","differential abundance","H","CRC","age_z + sex + group",TRUE,"available",0.278060462011033,0.278060462011033,0.278060462011033,0.479939975525892,0.483749022950701,FALSE,-0.290916423280316,,"CSS-normalized zero-inflated Gaussian coefficient",,
"crc_baxter","Barnesiella","metagenomeSeq","metagenomeSeq","differential abundance","H","CRC","age_z + sex + group",TRUE,"available",0.84719289441299,0.84719289441299,0.84719289441299,0.915031777202087,0.914477883874482,FALSE,-0.0654466590951215,,"CSS-normalized zero-inflated Gaussian coefficient",,
"crc_baxter","Bifidobacterium","metagenomeSeq","metagenomeSeq","differential abundance","H","CRC","age_z + sex + group",TRUE,"available",0.0294831212420494,0.0294831212420494,0.0294831212420494,0.0790398569467707,0.0796671573987291,FALSE,0.771270707915908,,"CSS-normalized zero-inflated Gaussian coefficient",,
"crc_baxter","Bilophila","metagenomeSeq","metagenomeSeq","differential abundance","H","CRC","age_z + sex + group",TRUE,"available",0.0003972050143541,0.0003972050143541,0.0003972050143541,0.0017257873037454,0.0017394840283783,TRUE,0.881709941007546,,"CSS-normalized zero-inflated Gaussian coefficient",,
"crc_baxter","Blautia","metagenomeSeq","metagenomeSeq","differential abundance","H","CRC","age_z + sex + group",TRUE,"available",0.121623350983937,0.121623350983937,0.121623350983937,0.251222003671738,0.253215829097704,FALSE,0.412468964989415,,"CSS-normalized zero-inflated Gaussian coefficient",,
"crc_baxter","Butyricicoccus","metagenomeSeq","metagenomeSeq","differential abundance","H","CRC","age_z + sex + group",TRUE,"available",0.0980526618585047,0.0980526618585047,0.0980526618585047,0.209400599901213,0.211062509424239,FALSE,-0.382607169134562,,"CSS-normalized zero-inflated Gaussian coefficient",,
"crc_baxter","Butyricimonas","metagenomeSeq","metagenomeSeq","differential abundance","H","CRC","age_z + sex + group",TRUE,"available",0.0056791842083149,0.0056791842083149,0.0056791842083149,0.0193399246012886,0.0194934160663782,TRUE,-0.633628912226438,,"CSS-normalized zero-inflated Gaussian coefficient",,
"crc_baxter","Catenibacterium","metagenomeSeq","metagenomeSeq","differential abundance","H","CRC","age_z + sex + group",TRUE,"available",0.585490855004628,0.585490855004628,0.585490855004628,0.745170179096799,0.743573385855877,FALSE,0.122300506318858,,"CSS-normalized zero-inflated Gaussian coefficient",,
"crc_baxter","Citrobacter","metagenomeSeq","metagenomeSeq","differential abundance","H","CRC","age_z + sex + group",TRUE,"available",9.50493303555577e-19,9.50493303555577e-19,9.50493303555577e-19,1.99603593746671e-17,2.01187749252597e-17,TRUE,-2.71417245139966,,"CSS-normalized zero-inflated Gaussian coefficient",,
"crc_baxter","Cloacibacillus","metagenomeSeq","metagenomeSeq","differential abundance","H","CRC","age_z + sex + group",TRUE,"available",0.308508560067661,0.308508560067661,0.308508560067661,0.508516529383445,0.50622456775777,FALSE,0.246961093302788,,"CSS-normalized zero-inflated Gaussian coefficient",,
"crc_baxter","Clostridium_III","metagenomeSeq","metagenomeSeq","differential abundance","H","CRC","age_z + sex + group",TRUE,"available",0.0561498890757607,0.0561498890757607,0.0561498890757607,0.131016407843442,0.132056220604104,FALSE,-0.443654710103166,,"CSS-normalized zero-inflated Gaussian coefficient",,
"crc_baxter","Clostridium_IV","metagenomeSeq","metagenomeSeq","differential abundance","H","CRC","age_z + sex + group",TRUE,"available",0.137624954813887,0.137624954813887,0.137624954813887,0.275249909627773,0.277434432720057,FALSE,0.357488035345946,,"CSS-normalized zero-inflated Gaussian coefficient",,
"crc_baxter","Clostridium_sensu_stricto","metagenomeSeq","metagenomeSeq","differential abundance","H","CRC","age_z + sex + group",TRUE,"available",0.91415813554636,0.91415813554636,0.91415813554636,0.967932143519675,0.967484026786565,FALSE,-0.0347051942904449,,"CSS-normalized zero-inflated Gaussian coefficient",,
"crc_baxter","Clostridium_XI","metagenomeSeq","metagenomeSeq","differential abundance","H","CRC","age_z + sex + group",TRUE,"available",0.849672364544795,0.849672364544795,0.849672364544795,0.915031777202087,0.914477883874482,FALSE,-0.0626625750752057,,"CSS-normalized zero-inflated Gaussian coefficient",,
"crc_baxter","Clostridium_XII","metagenomeSeq","metagenomeSeq","differential abundance","H","CRC","age_z + sex + group",TRUE,"available",1.8776560131497e-09,1.8776560131497e-09,1.8776560131497e-09,1.31435920920479e-08,1.32479063150007e-08,TRUE,0.686952753131622,,"CSS-normalized zero-inflated Gaussian coefficient",,
"crc_baxter","Clostridium_XlVa","metagenomeSeq","metagenomeSeq","differential abundance","H","CRC","age_z + sex + group",TRUE,"available",0.0405197055919342,0.0405197055919342,0.0405197055919342,0.0981823635496867,0.0989615886572239,FALSE,0.452484655093941,,"CSS-normalized zero-inflated Gaussian coefficient",,
"crc_baxter","Clostridium_XlVb","metagenomeSeq","metagenomeSeq","differential abundance","H","CRC","age_z + sex + group",TRUE,"available",0.000523011869933474,0.000523011869933474,0.000523011869933474,0.00212579018101993,0.00214266153166294,TRUE,0.901590118254556,,"CSS-normalized zero-inflated Gaussian coefficient",,
"crc_baxter","Clostridium_XVIII","metagenomeSeq","metagenomeSeq","differential abundance","H","CRC","age_z + sex + group",TRUE,"available",0.183191948873337,0.183191948873337,0.183191948873337,0.339443905265301,0.342137904513438,FALSE,-0.351017027535184,,"CSS-normalized zero-inflated Gaussian coefficient",,
"crc_baxter","Collinsella","metagenomeSeq","metagenomeSeq","differential abundance","H","CRC","age_z + sex + group",TRUE,"available",0.897033767024265,0.897033767024265,0.897033767024265,0.957849615636079,0.957338558084719,FALSE,0.0486938627182763,,"CSS-normalized zero-inflated Gaussian coefficient",,
"crc_baxter","Coprobacillus","metagenomeSeq","metagenomeSeq","differential abundance","H","CRC","age_z + sex + group",TRUE,"available",0.548059725897296,0.548059725897296,0.548059725897296,0.726900268032203,0.725037345718298,FALSE,0.122909801835698,,"CSS-normalized zero-inflated Gaussian coefficient",,
"crc_baxter","Coprococcus","metagenomeSeq","metagenomeSeq","differential abundance","H","CRC","age_z + sex + group",TRUE,"available",0.828785953063282,0.828785953063282,0.828785953063282,0.908061131182379,0.907377724474456,FALSE,-0.056871390559855,,"CSS-normalized zero-inflated Gaussian coefficient",,
"crc_baxter","Corynebacterium","metagenomeSeq","metagenomeSeq","differential abundance","H","CRC","age_z + sex + group",TRUE,"available",2.15088094109189e-09,2.15088094109189e-09,2.15088094109189e-09,1.4263736767241e-08,1.43769410272984e-08,TRUE,0.48907577134571,,"CSS-normalized zero-inflated Gaussian coefficient",,
"crc_baxter","Defluviitalea","metagenomeSeq","metagenomeSeq","differential abundance","H","CRC","age_z + sex + group",TRUE,"available",0.94426838240085,0.94426838240085,0.94426838240085,0.968913341550961,0.968727298282614,FALSE,-0.00883429084997712,,"CSS-normalized zero-inflated Gaussian coefficient",,
"crc_baxter","Desulfovibrio","metagenomeSeq","metagenomeSeq","differential abundance","H","CRC","age_z + sex + group",TRUE,"available",0.657859876492904,0.657859876492904,0.657859876492904,0.775016358628077,0.774065761362804,FALSE,0.125833491921768,,"CSS-normalized zero-inflated Gaussian coefficient",,
"crc_baxter","Dialister","metagenomeSeq","metagenomeSeq","differential abundance","H","CRC","age_z + sex + group",TRUE,"available",0.0179477811545442,0.0179477811545442,0.0179477811545442,0.0513959187607401,0.0518038228778889,FALSE,-0.890607316444119,,"CSS-normalized zero-inflated Gaussian coefficient",,
"crc_baxter","Dorea","metagenomeSeq","metagenomeSeq","differential abundance","H","CRC","age_z + sex + group",TRUE,"available",0.746174255037207,0.746174255037207,0.746174255037207,0.839446036916858,0.838620622917923,FALSE,0.0864820990740526,,"CSS-normalized zero-inflated Gaussian coefficient",,
"crc_baxter","Eggerthella","metagenomeSeq","metagenomeSeq","differential abundance","H","CRC","age_z + sex + group",TRUE,"available",0.0103364243716098,0.0103364243716098,0.0103364243716098,0.0310092731148295,0.0312553784570107,TRUE,0.554051136704047,,"CSS-normalized zero-inflated Gaussian coefficient",,
"crc_baxter","Eggerthia","metagenomeSeq","metagenomeSeq","differential abundance","H","CRC","age_z + sex + group",TRUE,"available",9.98078696361247e-18,9.98078696361247e-18,9.98078696361247e-18,1.57197394676896e-16,1.58444993047348e-16,TRUE,-1.78215364350113,,"CSS-normalized zero-inflated Gaussian coefficient",,
"crc_baxter","Enterobacter","metagenomeSeq","metagenomeSeq","differential abundance","H","CRC","age_z + sex + group",TRUE,"available",0.000663271982973396,0.000663271982973396,0.000663271982973396,0.00261163343295775,0.00263236068242567,TRUE,1.08632863338265,,"CSS-normalized zero-inflated Gaussian coefficient",,
"crc_baxter","Enterococcus","metagenomeSeq","metagenomeSeq","differential abundance","H","CRC","age_z + sex + group",TRUE,"available",3.57093421545073e-05,3.57093421545073e-05,3.57093421545073e-05,0.000179975084458717,0.000181403458144897,TRUE,0.923708572722465,,"CSS-normalized zero-inflated Gaussian coefficient",,
"crc_baxter","Enterorhabdus","metagenomeSeq","metagenomeSeq","differential abundance","H","CRC","age_z + sex + group",TRUE,"available",0.754788461040837,0.754788461040837,0.754788461040837,0.841622531780048,0.840860829405143,FALSE,0.0876014619563944,,"CSS-normalized zero-inflated Gaussian coefficient",,
"crc_baxter","Erysipelotrichaceae_incertae_sedis","metagenomeSeq","metagenomeSeq","differential abundance","H","CRC","age_z + sex + group",TRUE,"available",0.698514758766354,0.698514758766354,0.698514758766354,0.800116905496006,0.799201570840783,FALSE,0.112367606455356,,"CSS-normalized zero-inflated Gaussian coefficient",,
"crc_baxter","Escherichia/Shigella","metagenomeSeq","metagenomeSeq","differential abundance","H","CRC","age_z + sex + group",TRUE,"available",0.994627530238974,0.994627530238974,0.994627530238974,0.994627530238974,0.994627530238974,FALSE,-0.00229963283222942,,"CSS-normalized zero-inflated Gaussian coefficient",,
"crc_baxter","Eubacterium","metagenomeSeq","metagenomeSeq","differential abundance","H","CRC","age_z + sex + group",TRUE,"available",0.114632639546585,0.114632639546585,0.114632639546585,0.240728543047829,0.242639087040272,FALSE,0.344850119830156,,"CSS-normalized zero-inflated Gaussian coefficient",,
"crc_baxter","Faecalibacterium","metagenomeSeq","metagenomeSeq","differential abundance","H","CRC","age_z + sex + group",TRUE,"available",0.566381930241291,0.566381930241291,0.566381930241291,0.742276414338465,0.740533134777741,FALSE,0.135502843813535,,"CSS-normalized zero-inflated Gaussian coefficient",,
"crc_baxter","Flavonifractor","metagenomeSeq","metagenomeSeq","differential abundance","H","CRC","age_z + sex + group",TRUE,"available",0.667215221310325,0.667215221310325,0.667215221310325,0.775016358628077,0.774065761362804,FALSE,0.0874552361788822,,"CSS-normalized zero-inflated Gaussian coefficient",,
"crc_baxter","Fusobacterium","metagenomeSeq","metagenomeSeq","differential abundance","H","CRC","age_z + sex + group",TRUE,"available",3.67702812374851e-12,3.67702812374851e-12,3.67702812374851e-12,3.86087952993594e-11,3.89152143096717e-11,TRUE,1.64164859045204,,"CSS-normalized zero-inflated Gaussian coefficient",,
"crc_baxter","Gemella","metagenomeSeq","metagenomeSeq","differential abundance","H","CRC","age_z + sex + group",TRUE,"available",1.64145305865546e-10,1.64145305865546e-10,1.64145305865546e-10,1.29264428369118e-09,1.30290336530777e-09,TRUE,1.13768533219697,,"CSS-normalized zero-inflated Gaussian coefficient",,
"crc_baxter","Gemmiger","metagenomeSeq","metagenomeSeq","differential abundance","H","CRC","age_z + sex + group",TRUE,"available",0.00773026323760347,0.00773026323760347,0.00773026323760347,0.0249746966137958,0.0251729084916831,TRUE,-0.779258253896745,,"CSS-normalized zero-inflated Gaussian coefficient",,
"crc_baxter","Gordonibacter","metagenomeSeq","metagenomeSeq","differential abundance","H","CRC","age_z + sex + group",TRUE,"available",0.362455795356858,0.362455795356858,0.362455795356858,0.543683693035288,0.541551600121424,FALSE,-0.143426270956983,,"CSS-normalized zero-inflated Gaussian coefficient",,
"crc_baxter","Granulicatella","metagenomeSeq","metagenomeSeq","differential abundance","H","CRC","age_z + sex + group",TRUE,"available",0.977921329703642,0.977921329703642,0.977921329703642,0.985744700341271,0.985682610098115,FALSE,0.00356151009893924,,"CSS-normalized zero-inflated Gaussian coefficient",,
"crc_baxter","Haemophilus","metagenomeSeq","metagenomeSeq","differential abundance","H","CRC","age_z + sex + group",TRUE,"available",2.21135674512818e-06,2.21135674512818e-06,2.21135674512818e-06,1.26650431766432e-05,1.27655593923309e-05,TRUE,-1.41228155513369,,"CSS-normalized zero-inflated Gaussian coefficient",,
"crc_baxter","Hespellia","metagenomeSeq","metagenomeSeq","differential abundance","H","CRC","age_z + sex + group",TRUE,"available",0.150596560177585,0.150596560177585,0.150596560177585,0.291925639728856,0.294242509885435,FALSE,0.309155214639015,,"CSS-normalized zero-inflated Gaussian coefficient",,
"crc_baxter","Holdemania","metagenomeSeq","metagenomeSeq","differential abundance","H","CRC","age_z + sex + group",TRUE,"available",0.178716066532917,0.178716066532917,0.178716066532917,0.336092901241008,0.338760305219111,FALSE,-0.169169160392906,,"CSS-normalized zero-inflated Gaussian coefficient",,
"crc_baxter","Howardella","metagenomeSeq","metagenomeSeq","differential abundance","H","CRC","age_z + sex + group",TRUE,"available",0.0384018868882443,0.0384018868882443,0.0384018868882443,0.0948752499591918,0.0956282281334711,FALSE,0.433403062426142,,"CSS-normalized zero-inflated Gaussian coefficient",,
"crc_baxter","Lachnobacterium","metagenomeSeq","metagenomeSeq","differential abundance","H","CRC","age_z + sex + group",TRUE,"available",2.22755174508998e-18,2.22755174508998e-18,2.22755174508998e-18,4.00959314116197e-17,4.04141530894897e-17,TRUE,-1.28895095644889,,"CSS-normalized zero-inflated Gaussian coefficient",,
"crc_baxter","Lachnospiracea_incertae_sedis","metagenomeSeq","metagenomeSeq","differential abundance","H","CRC","age_z + sex + group",TRUE,"available",0.618467378601877,0.618467378601877,0.618467378601877,0.756571744697442,0.755243818100369,FALSE,0.112399396792012,,"CSS-normalized zero-inflated Gaussian coefficient",,
"crc_baxter","Lactobacillus","metagenomeSeq","metagenomeSeq","differential abundance","H","CRC","age_z + sex + group",TRUE,"available",0.0146177736489676,0.0146177736489676,0.0146177736489676,0.0428334762737189,0.0431734244981135,TRUE,0.68677923058523,,"CSS-normalized zero-inflated Gaussian coefficient",,
"crc_baxter","Lactococcus","metagenomeSeq","metagenomeSeq","differential abundance","H","CRC","age_z + sex + group",TRUE,"available",0.789078200321591,0.789078200321591,0.789078200321591,0.872139063513337,0.871416795137757,FALSE,-0.0626081452372011,,"CSS-normalized zero-inflated Gaussian coefficient",,
"crc_baxter","Lactonifactor","metagenomeSeq","metagenomeSeq","differential abundance","H","CRC","age_z + sex + group",TRUE,"available",0.66749795684855,0.66749795684855,0.66749795684855,0.775016358628077,0.774065761362804,FALSE,0.085003186193575,,"CSS-normalized zero-inflated Gaussian coefficient",,
"crc_baxter","Megasphaera","metagenomeSeq","metagenomeSeq","differential abundance","H","CRC","age_z + sex + group",TRUE,"available",0.0425251710170013,0.0425251710170013,0.0425251710170013,0.101097576380041,0.101899938097343,FALSE,-0.516474477827582,,"CSS-normalized zero-inflated Gaussian coefficient",,
"crc_baxter","Methanobrevibacter","metagenomeSeq","metagenomeSeq","differential abundance","H","CRC","age_z + sex + group",TRUE,"available",0.0207088311419055,0.0207088311419055,0.0207088311419055,0.0579847271973353,0.0584449234449332,FALSE,0.935694131419389,,"CSS-normalized zero-inflated Gaussian coefficient",,
"crc_baxter","Methylobacterium","metagenomeSeq","metagenomeSeq","differential abundance","H","CRC","age_z + sex + group",TRUE,"available",1.13978422326633e-09,1.13978422326633e-09,1.13978422326633e-09,8.44781247832695e-09,8.51485860910732e-09,TRUE,-0.706518885548746,,"CSS-normalized zero-inflated Gaussian coefficient",,
"crc_baxter","Mogibacterium","metagenomeSeq","metagenomeSeq","differential abundance","H","CRC","age_z + sex + group",TRUE,"available",0.028255218185108,0.028255218185108,0.028255218185108,0.0773947280722524,0.0780089719458417,FALSE,0.411298585877885,,"CSS-normalized zero-inflated Gaussian coefficient",,
"crc_baxter","Odoribacter","metagenomeSeq","metagenomeSeq","differential abundance","H","CRC","age_z + sex + group",TRUE,"available",0.637738810503317,0.637738810503317,0.637738810503317,0.772645097340558,0.771360275561155,FALSE,-0.123776939694262,,"CSS-normalized zero-inflated Gaussian coefficient",,
"crc_baxter","Oscillibacter","metagenomeSeq","metagenomeSeq","differential abundance","H","CRC","age_z + sex + group",TRUE,"available",0.9679455285493,0.9679455285493,0.9679455285493,0.983557553203321,0.983432657006089,FALSE,0.0105821145933845,,"CSS-normalized zero-inflated Gaussian coefficient",,
"crc_baxter","Oxalobacter","metagenomeSeq","metagenomeSeq","differential abundance","H","CRC","age_z + sex + group",TRUE,"available",0.571435017387548,0.571435017387548,0.571435017387548,0.742276414338465,0.740533134777741,FALSE,0.078720238271333,,"CSS-normalized zero-inflated Gaussian coefficient",,
"crc_baxter","Parabacteroides","metagenomeSeq","metagenomeSeq","differential abundance","H","CRC","age_z + sex + group",TRUE,"available",0.595051188096616,0.595051188096616,0.595051188096616,0.746541201320154,0.745089012553191,FALSE,-0.158163970776744,,"CSS-normalized zero-inflated Gaussian coefficient",,
"crc_baxter","Paraprevotella","metagenomeSeq","metagenomeSeq","differential abundance","H","CRC","age_z + sex + group",TRUE,"available",0.031853275391414,0.031853275391414,0.031853275391414,0.0819084224350646,0.0825584892797873,FALSE,-0.695850914868889,,"CSS-normalized zero-inflated Gaussian coefficient",,
"crc_baxter","Parasutterella","metagenomeSeq","metagenomeSeq","differential abundance","H","CRC","age_z + sex + group",TRUE,"available",0.370448316400625,0.370448316400625,0.370448316400625,0.549135151370338,0.547057397475341,FALSE,-0.278511482639237,,"CSS-normalized zero-inflated Gaussian coefficient",,
"crc_baxter","Parvimonas","metagenomeSeq","metagenomeSeq","differential abundance","H","CRC","age_z + sex + group",TRUE,"available",2.02374388559091e-17,2.02374388559091e-17,2.02374388559091e-17,2.83324143982727e-16,2.8557274830005e-16,TRUE,1.78600637666545,,"CSS-normalized zero-inflated Gaussian coefficient",,
"crc_baxter","Peptococcus","metagenomeSeq","metagenomeSeq","differential abundance","H","CRC","age_z + sex + group",TRUE,"available",0.322867637703774,0.322867637703774,0.322867637703774,0.508516529383445,0.50622456775777,FALSE,0.210115052395848,,"CSS-normalized zero-inflated Gaussian coefficient",,
"crc_baxter","Peptoniphilus","metagenomeSeq","metagenomeSeq","differential abundance","H","CRC","age_z + sex + group",TRUE,"available",4.39954591708376e-11,4.39954591708376e-11,4.39954591708376e-11,3.95959132537538e-10,3.99101665335455e-10,TRUE,0.955586410347148,,"CSS-normalized zero-inflated Gaussian coefficient",,
"crc_baxter","Peptostreptococcus","metagenomeSeq","metagenomeSeq","differential abundance","H","CRC","age_z + sex + group",TRUE,"available",1.04189107027571e-20,1.04189107027571e-20,1.04189107027571e-20,3.28195687136848e-19,3.30800414812538e-19,TRUE,2.11952892327017,,"CSS-normalized zero-inflated Gaussian coefficient",,
"crc_baxter","Phascolarctobacterium","metagenomeSeq","metagenomeSeq","differential abundance","H","CRC","age_z + sex + group",TRUE,"available",0.945843976275939,0.945843976275939,0.945843976275939,0.968913341550961,0.968727298282614,FALSE,0.0238899778745459,,"CSS-normalized zero-inflated Gaussian coefficient",,
"crc_baxter","Porphyromonas","metagenomeSeq","metagenomeSeq","differential abundance","H","CRC","age_z + sex + group",TRUE,"available",9.29489674712016e-22,9.29489674712016e-22,9.29489674712016e-22,3.90385663379047e-20,3.93483962294753e-20,TRUE,3.63977890643095,,"CSS-normalized zero-inflated Gaussian coefficient",,
"crc_baxter","Prevotella","metagenomeSeq","metagenomeSeq","differential abundance","H","CRC","age_z + sex + group",TRUE,"available",0.00958378468582373,0.00958378468582373,0.00958378468582373,0.0301889217603447,0.0304285163774903,TRUE,1.17504149645766,,"CSS-normalized zero-inflated Gaussian coefficient",,
"crc_baxter","Pseudoflavonifractor","metagenomeSeq","metagenomeSeq","differential abundance","H","CRC","age_z + sex + group",TRUE,"available",0.259678389584966,0.259678389584966,0.259678389584966,0.45443718177369,0.458043826073481,FALSE,0.223740438016812,,"CSS-normalized zero-inflated Gaussian coefficient",,
"crc_baxter","Pseudomonas","metagenomeSeq","metagenomeSeq","differential abundance","H","CRC","age_z + sex + group",TRUE,"available",0.244058631273501,0.244058631273501,0.244058631273501,0.433118134372693,0.436555579883587,FALSE,-0.252327858696935,,"CSS-normalized zero-inflated Gaussian coefficient",,
"crc_baxter","Roseburia","metagenomeSeq","metagenomeSeq","differential abundance","H","CRC","age_z + sex + group",TRUE,"available",0.48592369426654,0.48592369426654,0.48592369426654,0.665504189973739,0.663573216901619,FALSE,0.185083994399788,,"CSS-normalized zero-inflated Gaussian coefficient",,
"crc_baxter","Rothia","metagenomeSeq","metagenomeSeq","differential abundance","H","CRC","age_z + sex + group",TRUE,"available",0.670450659448098,0.670450659448098,0.670450659448098,0.775016358628077,0.774065761362804,FALSE,0.0594700063849071,,"CSS-normalized zero-inflated Gaussian coefficient",,
"crc_baxter","Ruminococcus","metagenomeSeq","metagenomeSeq","differential abundance","H","CRC","age_z + sex + group",TRUE,"available",0.227066847235684,0.227066847235684,0.227066847235684,0.40872032502423,0.411964137127597,FALSE,-0.379983542188212,,"CSS-normalized zero-inflated Gaussian coefficient",,
"crc_baxter","Ruminococcus2","metagenomeSeq","metagenomeSeq","differential abundance","H","CRC","age_z + sex + group",TRUE,"available",0.00753754803796617,0.00753754803796617,0.00753754803796617,0.0249746966137958,0.0251729084916831,TRUE,0.681425088228236,,"CSS-normalized zero-inflated Gaussian coefficient",,
"crc_baxter","Slackia","metagenomeSeq","metagenomeSeq","differential abundance","H","CRC","age_z + sex + group",TRUE,"available",0.58204643111936,0.58204643111936,0.58204643111936,0.745170179096799,0.743573385855877,FALSE,-0.143643282800868,,"CSS-normalized zero-inflated Gaussian coefficient",,
"crc_baxter","Solobacterium","metagenomeSeq","metagenomeSeq","differential abundance","H","CRC","age_z + sex + group",TRUE,"available",3.31476321255667e-12,3.31476321255667e-12,3.31476321255667e-12,3.79691058892855e-11,3.8270447999518e-11,TRUE,0.766596786826047,,"CSS-normalized zero-inflated Gaussian coefficient",,
"crc_baxter","Sporobacter","metagenomeSeq","metagenomeSeq","differential abundance","H","CRC","age_z + sex + group",TRUE,"available",0.598417947089965,0.598417947089965,0.598417947089965,0.746541201320154,0.745089012553191,FALSE,-0.121239058357436,,"CSS-normalized zero-inflated Gaussian coefficient",,
"crc_baxter","Staphylococcus","metagenomeSeq","metagenomeSeq","differential abundance","H","CRC","age_z + sex + group",TRUE,"available",1.53370740102702e-19,1.53370740102702e-19,1.53370740102702e-19,3.86494265058809e-18,3.89561679860863e-18,TRUE,1.10069383906379,,"CSS-normalized zero-inflated Gaussian coefficient",,
"crc_baxter","Streptococcus","metagenomeSeq","metagenomeSeq","differential abundance","H","CRC","age_z + sex + group",TRUE,"available",0.511837689006982,0.511837689006982,0.511837689006982,0.686080306541274,0.684246173725124,FALSE,0.197413873495148,,"CSS-normalized zero-inflated Gaussian coefficient",,
"crc_baxter","Streptophyta","metagenomeSeq","metagenomeSeq","differential abundance","H","CRC","age_z + sex + group",TRUE,"available",4.18838071753387e-06,4.18838071753387e-06,4.18838071753387e-06,2.29450421917073e-05,2.31271457011653e-05,TRUE,-0.874816792756648,,"CSS-normalized zero-inflated Gaussian coefficient",,
"crc_baxter","Subdoligranulum","metagenomeSeq","metagenomeSeq","differential abundance","H","CRC","age_z + sex + group",TRUE,"available",0.471143304079442,0.471143304079442,0.471143304079442,0.665504189973739,0.663573216901619,FALSE,-0.134902161311481,,"CSS-normalized zero-inflated Gaussian coefficient",,
"crc_baxter","Succiniclasticum","metagenomeSeq","metagenomeSeq","differential abundance","H","CRC","age_z + sex + group",TRUE,"available",1.19673215882198e-28,1.19673215882198e-28,1.19673215882198e-28,1.5078825201157e-26,1.51984984170392e-26,TRUE,4.85522201043611,,"CSS-normalized zero-inflated Gaussian coefficient",,
"crc_baxter","Succinivibrio","metagenomeSeq","metagenomeSeq","differential abundance","H","CRC","age_z + sex + group",TRUE,"available",0.723214192792925,0.723214192792925,0.723214192792925,0.820945840467644,0.820073236470549,FALSE,0.0965074399473925,,"CSS-normalized zero-inflated Gaussian coefficient",,
"crc_baxter","Sutterella","metagenomeSeq","metagenomeSeq","differential abundance","H","CRC","age_z + sex + group",TRUE,"available",4.28661297315292e-08,4.28661297315292e-08,4.28661297315292e-08,2.70056617308634e-07,2.7219992379521e-07,TRUE,-1.30435168701705,,"CSS-normalized zero-inflated Gaussian coefficient",,
"crc_baxter","Turicibacter","metagenomeSeq","metagenomeSeq","differential abundance","H","CRC","age_z + sex + group",TRUE,"available",0.429634247415486,0.429634247415486,0.429634247415486,0.622228910050014,0.620040334338258,FALSE,-0.209288211825623,,"CSS-normalized zero-inflated Gaussian coefficient",,
"crc_baxter","Unclassified_Acidaminococcaceae","metagenomeSeq","metagenomeSeq","differential abundance","H","CRC","age_z + sex + group",TRUE,"available",0.0346166063384692,0.0346166063384692,0.0346166063384692,0.0872338479729424,0.0879261800997118,FALSE,-0.650992772712637,,"CSS-normalized zero-inflated Gaussian coefficient",,
"crc_baxter","Unclassified_Actinomycetaceae","metagenomeSeq","metagenomeSeq","differential abundance","H","CRC","age_z + sex + group",TRUE,"available",0.00108669757387775,0.00108669757387775,0.00108669757387775,0.00414920891844232,0.00418213914795377,TRUE,-0.387002948547705,,"CSS-normalized zero-inflated Gaussian coefficient",,
"crc_baxter","Unclassified_Bacteria","metagenomeSeq","metagenomeSeq","differential abundance","H","CRC","age_z + sex + group",TRUE,"available",0.0879032696693743,0.0879032696693743,0.0879032696693743,0.194312490848091,0.195854653473869,FALSE,-0.335780983450566,,"CSS-normalized zero-inflated Gaussian coefficient",,
"crc_baxter","Unclassified_Bacteroidetes","metagenomeSeq","metagenomeSeq","differential abundance","H","CRC","age_z + sex + group",TRUE,"available",1.61757402219241e-10,1.61757402219241e-10,1.61757402219241e-10,1.29264428369118e-09,1.30290336530777e-09,TRUE,1.19558205926763,,"CSS-normalized zero-inflated Gaussian coefficient",,
"crc_baxter","Unclassified_Burkholderiales","metagenomeSeq","metagenomeSeq","differential abundance","H","CRC","age_z + sex + group",TRUE,"available",0.00228744033751575,0.00228744033751575,0.00228744033751575,0.00823478521505669,0.00830014065327143,TRUE,0.758397784307032,,"CSS-normalized zero-inflated Gaussian coefficient",,
"crc_baxter","Unclassified_Clostridia","metagenomeSeq","metagenomeSeq","differential abundance","H","CRC","age_z + sex + group",TRUE,"available",0.169305009766494,0.169305009766494,0.169305009766494,0.323218655008762,0.325783882429466,FALSE,-0.293464069712194,,"CSS-normalized zero-inflated Gaussian coefficient",,
"crc_baxter","Unclassified_Clostridiaceae_2","metagenomeSeq","metagenomeSeq","differential abundance","H","CRC","age_z + sex + group",TRUE,"available",4.18690415216735e-07,4.18690415216735e-07,4.18690415216735e-07,2.51214249130041e-06,2.53208013012025e-06,TRUE,-0.497049983585516,,"CSS-normalized zero-inflated Gaussian coefficient",,
"crc_baxter","Unclassified_Clostridiales","metagenomeSeq","metagenomeSeq","differential abundance","H","CRC","age_z + sex + group",TRUE,"available",0.319732405400487,0.319732405400487,0.319732405400487,0.508516529383445,0.50622456775777,FALSE,-0.242678416282051,,"CSS-normalized zero-inflated Gaussian coefficient",,
"crc_baxter","Unclassified_Clostridiales_Incertae_Sedis_XIII","metagenomeSeq","metagenomeSeq","differential abundance","H","CRC","age_z + sex + group",TRUE,"available",0.354181845813203,0.354181845813203,0.354181845813203,0.537673645451368,0.535489219265199,FALSE,0.12972121817561,,"CSS-normalized zero-inflated Gaussian coefficient",,
"crc_baxter","Unclassified_Coriobacteriaceae","metagenomeSeq","metagenomeSeq","differential abundance","H","CRC","age_z + sex + group",TRUE,"available",0.478248011361325,0.478248011361325,0.478248011361325,0.665504189973739,0.663573216901619,FALSE,0.141993213994431,,"CSS-normalized zero-inflated Gaussian coefficient",,
"crc_baxter","Unclassified_Desulfovibrionaceae","metagenomeSeq","metagenomeSeq","differential abundance","H","CRC","age_z + sex + group",TRUE,"available",0.481329521354604,0.481329521354604,0.481329521354604,0.665504189973739,0.663573216901619,FALSE,0.166945399800492,,"CSS-normalized zero-inflated Gaussian coefficient",,
"crc_baxter","Unclassified_Desulfovibrionales","metagenomeSeq","metagenomeSeq","differential abundance","H","CRC","age_z + sex + group",TRUE,"available",0.496445868383876,0.496445868383876,0.496445868383876,0.672604079745896,0.670730056220768,FALSE,0.12447666908907,,"CSS-normalized zero-inflated Gaussian coefficient",,
"crc_baxter","Unclassified_Enterobacteriaceae","metagenomeSeq","metagenomeSeq","differential abundance","H","CRC","age_z + sex + group",TRUE,"available",0.000162669450927993,0.000162669450927993,0.000162669450927993,0.000788321185266426,0.00079457770260981,TRUE,0.674481248092724,,"CSS-normalized zero-inflated Gaussian coefficient",,
"crc_baxter","Unclassified_Erysipelotrichaceae","metagenomeSeq","metagenomeSeq","differential abundance","H","CRC","age_z + sex + group",TRUE,"available",1.27937424211017e-16,1.27937424211017e-16,1.27937424211017e-16,1.61201154505882e-15,1.62480528747992e-15,TRUE,-1.18426642288707,,"CSS-normalized zero-inflated Gaussian coefficient",,
"crc_baxter","Unclassified_Firmicutes","metagenomeSeq","metagenomeSeq","differential abundance","H","CRC","age_z + sex + group",TRUE,"available",0.19136857373592,0.19136857373592,0.19136857373592,0.349455656387332,0.352229113977708,FALSE,-0.386791734308442,,"CSS-normalized zero-inflated Gaussian coefficient",,
"crc_baxter","Unclassified_Lachnospiraceae","metagenomeSeq","metagenomeSeq","differential abundance","H","CRC","age_z + sex + group",TRUE,"available",0.615022635235421,0.615022635235421,0.615022635235421,0.756571744697442,0.755243818100369,FALSE,-0.106236653435813,,"CSS-normalized zero-inflated Gaussian coefficient",,
"crc_baxter","Unclassified_Peptostreptococcaceae","metagenomeSeq","metagenomeSeq","differential abundance","H","CRC","age_z + sex + group",TRUE,"available",0.0975836261750666,0.0975836261750666,0.0975836261750666,0.209400599901213,0.211062509424239,FALSE,-0.124066035183829,,"CSS-normalized zero-inflated Gaussian coefficient",,
"crc_baxter","Unclassified_Porphyromonadaceae","metagenomeSeq","metagenomeSeq","differential abundance","H","CRC","age_z + sex + group",TRUE,"available",0.0579656995579613,0.0579656995579613,0.0579656995579613,0.132794148078239,0.133848069888383,FALSE,0.438787970506997,,"CSS-normalized zero-inflated Gaussian coefficient",,
"crc_baxter","Unclassified_Proteobacteria","metagenomeSeq","metagenomeSeq","differential abundance","H","CRC","age_z + sex + group",TRUE,"available",0.0308464286483813,0.0308464286483813,0.0308464286483813,0.080971875202001,0.0816145091321756,FALSE,-0.380228911889133,,"CSS-normalized zero-inflated Gaussian coefficient",,
"crc_baxter","Unclassified_Rhodospirillaceae","metagenomeSeq","metagenomeSeq","differential abundance","H","CRC","age_z + sex + group",TRUE,"available",0.0102950229962682,0.0102950229962682,0.0102950229962682,0.0310092731148295,0.0312553784570107,TRUE,0.63739024645166,,"CSS-normalized zero-inflated Gaussian coefficient",,
"crc_baxter","Unclassified_Rikenellaceae","metagenomeSeq","metagenomeSeq","differential abundance","H","CRC","age_z + sex + group",TRUE,"available",0.929270946724432,0.929270946724432,0.929270946724432,0.968063604018491,0.96774872514651,FALSE,-0.0258251782391916,,"CSS-normalized zero-inflated Gaussian coefficient",,
"crc_baxter","Unclassified_Ruminococcaceae","metagenomeSeq","metagenomeSeq","differential abundance","H","CRC","age_z + sex + group",TRUE,"available",0.64587347423538,0.64587347423538,0.64587347423538,0.775016358628077,0.773829539885786,FALSE,0.10906918813679,,"CSS-normalized zero-inflated Gaussian coefficient",,
"crc_baxter","Unclassified_Sutterellaceae","metagenomeSeq","metagenomeSeq","differential abundance","H","CRC","age_z + sex + group",TRUE,"available",0.45043158525792,0.45043158525792,0.45043158525792,0.644936133437476,0.642750689075908,FALSE,-0.118540777188255,,"CSS-normalized zero-inflated Gaussian coefficient",,
"crc_baxter","Unclassified_Veillonellaceae","metagenomeSeq","metagenomeSeq","differential abundance","H","CRC","age_z + sex + group",TRUE,"available",0.929648381636805,0.929648381636805,0.929648381636805,0.968063604018491,0.96774872514651,FALSE,0.0171307105586401,,"CSS-normalized zero-inflated Gaussian coefficient",,
"crc_baxter","Vampirovibrio","metagenomeSeq","metagenomeSeq","differential abundance","H","CRC","age_z + sex + group",TRUE,"available",0.00026836841982951,0.00026836841982951,0.00026836841982951,0.00120765788923279,0.00121724247565528,TRUE,0.577444185710666,,"CSS-normalized zero-inflated Gaussian coefficient",,
"crc_baxter","Veillonella","metagenomeSeq","metagenomeSeq","differential abundance","H","CRC","age_z + sex + group",TRUE,"available",0.146224723592368,0.146224723592368,0.146224723592368,0.287879924572474,0.290164685878605,FALSE,-0.369225489487612,,"CSS-normalized zero-inflated Gaussian coefficient",,
"crc_baxter","Weissella","metagenomeSeq","metagenomeSeq","differential abundance","H","CRC","age_z + sex + group",TRUE,"available",6.37931198289779e-22,6.37931198289779e-22,6.37931198289779e-22,3.90385663379047e-20,3.93483962294753e-20,TRUE,2.40600002731032,,"CSS-normalized zero-inflated Gaussian coefficient",,
