"dataset","dataset_label","replicate","scenario","taxon","observed_prevalence","prevalence_H","prevalence_Case","positive_samples_H","positive_samples_Case","total_count","dasra_retained","dasra_formed_structural_absence","dasra_regular_structural_absence","dasra_nonregular_structural_absence","dasra_formed_relative_abundance","dasra_formed_omnibus","dasra_both_components_formed","dasra_reason_structural_absence","dasra_reason_relative_abundance","dasra_warning_structural_absence","dasra_warning_relative_abundance"
"Qiita13631ASD","ASD Dan 2020",1,"balanced","[Prevotella]",0.545,0.53,0.56,53,56,1438,TRUE,TRUE,TRUE,FALSE,TRUE,TRUE,TRUE,"ok","ok","",""
"Qiita13631ASD","ASD Dan 2020",1,"balanced","[Ruminococcus]",1,1,1,100,100,11769,TRUE,TRUE,FALSE,TRUE,TRUE,TRUE,TRUE,"no_observed_zeros","ok","",""
"Qiita13631ASD","ASD Dan 2020",1,"balanced","Akkermansia",0.76,0.76,0.76,76,76,3774,TRUE,TRUE,FALSE,TRUE,TRUE,TRUE,TRUE,"structural_absence_boundary_at_zero","ok","",""
"Qiita13631ASD","ASD Dan 2020",1,"balanced","Anaerostipes",0.965,0.98,0.95,98,95,2794,TRUE,TRUE,TRUE,FALSE,TRUE,TRUE,TRUE,"ok","ok","",""
"Qiita13631ASD","ASD Dan 2020",1,"balanced","Bacteroides",1,1,1,100,100,322878,TRUE,TRUE,FALSE,TRUE,TRUE,TRUE,TRUE,"no_observed_zeros","ok","",""
"Qiita13631ASD","ASD Dan 2020",1,"balanced","Bifidobacterium",0.97,0.97,0.97,97,97,7512,TRUE,TRUE,FALSE,TRUE,TRUE,TRUE,TRUE,"structural_absence_boundary_at_zero","ok","",""
"Qiita13631ASD","ASD Dan 2020",1,"balanced","Bilophila",0.975,0.99,0.96,99,96,1613,TRUE,TRUE,FALSE,TRUE,TRUE,TRUE,TRUE,"structural_absence_boundary_at_zero","ok","",""
"Qiita13631ASD","ASD Dan 2020",1,"balanced","Blautia",1,1,1,100,100,5789,TRUE,TRUE,FALSE,TRUE,TRUE,TRUE,TRUE,"no_observed_zeros","ok","",""
"Qiita13631ASD","ASD Dan 2020",1,"balanced","Clostridium",1,1,1,100,100,8929,TRUE,TRUE,FALSE,TRUE,TRUE,TRUE,TRUE,"no_observed_zeros","ok","",""
"Qiita13631ASD","ASD Dan 2020",1,"balanced","Collinsella",0.76,0.82,0.7,82,70,864,TRUE,TRUE,FALSE,TRUE,TRUE,TRUE,TRUE,"structural_absence_boundary_at_zero","ok","",""
"Qiita13631ASD","ASD Dan 2020",1,"balanced","Coprococcus",0.995,1,0.99,100,99,7197,TRUE,TRUE,TRUE,FALSE,TRUE,TRUE,TRUE,"ok","ok","",""
"Qiita13631ASD","ASD Dan 2020",1,"balanced","Dialister",1,1,1,100,100,23004,TRUE,TRUE,FALSE,TRUE,TRUE,TRUE,TRUE,"no_observed_zeros","ok","",""
"Qiita13631ASD","ASD Dan 2020",1,"balanced","Dorea",0.995,1,0.99,100,99,5325,TRUE,TRUE,TRUE,FALSE,TRUE,TRUE,TRUE,"ok","ok","",""
"Qiita13631ASD","ASD Dan 2020",1,"balanced","Faecalibacterium",1,1,1,100,100,76393,TRUE,TRUE,FALSE,TRUE,TRUE,TRUE,TRUE,"no_observed_zeros","ok","",""
"Qiita13631ASD","ASD Dan 2020",1,"balanced","Fusobacterium",0.535,0.49,0.58,49,58,1486,TRUE,TRUE,FALSE,TRUE,TRUE,TRUE,TRUE,"structural_absence_boundary_at_zero","ok","",""
"Qiita13631ASD","ASD Dan 2020",1,"balanced","Haemophilus",0.97,0.96,0.98,96,98,4744,TRUE,TRUE,FALSE,TRUE,TRUE,TRUE,TRUE,"structural_absence_boundary_at_zero","ok","",""
"Qiita13631ASD","ASD Dan 2020",1,"balanced","Lachnobacterium",0.725,0.79,0.66,79,66,1113,TRUE,TRUE,TRUE,FALSE,TRUE,TRUE,TRUE,"ok","ok","",""
"Qiita13631ASD","ASD Dan 2020",1,"balanced","Lachnospira",1,1,1,100,100,25029,TRUE,TRUE,FALSE,TRUE,TRUE,TRUE,TRUE,"no_observed_zeros","ok","",""
"Qiita13631ASD","ASD Dan 2020",1,"balanced","Megamonas",0.99,1,0.98,100,98,17551,TRUE,TRUE,FALSE,TRUE,TRUE,TRUE,TRUE,"structural_absence_boundary_at_zero","ok","",""
"Qiita13631ASD","ASD Dan 2020",1,"balanced","Megasphaera",0.885,0.88,0.89,88,89,3398,TRUE,TRUE,FALSE,TRUE,TRUE,TRUE,TRUE,"structural_absence_boundary_at_zero","ok","",""
"Qiita13631ASD","ASD Dan 2020",1,"balanced","Oscillospira",1,1,1,100,100,11527,TRUE,TRUE,FALSE,TRUE,TRUE,TRUE,TRUE,"no_observed_zeros","ok","",""
"Qiita13631ASD","ASD Dan 2020",1,"balanced","Parabacteroides",1,1,1,100,100,25055,TRUE,TRUE,FALSE,TRUE,TRUE,TRUE,TRUE,"no_observed_zeros","ok","",""
"Qiita13631ASD","ASD Dan 2020",1,"balanced","Paraprevotella",0.805,0.84,0.77,84,77,2292,TRUE,TRUE,TRUE,FALSE,TRUE,TRUE,TRUE,"ok","ok","",""
"Qiita13631ASD","ASD Dan 2020",1,"balanced","Phascolarctobacterium",0.99,0.99,0.99,99,99,9535,TRUE,TRUE,FALSE,TRUE,TRUE,TRUE,TRUE,"structural_absence_boundary_at_zero","ok","",""
"Qiita13631ASD","ASD Dan 2020",1,"balanced","Prevotella",1,1,1,100,100,51299,TRUE,TRUE,FALSE,TRUE,TRUE,TRUE,TRUE,"no_observed_zeros","ok","",""
"Qiita13631ASD","ASD Dan 2020",1,"balanced","Roseburia",1,1,1,100,100,12890,TRUE,TRUE,FALSE,TRUE,TRUE,TRUE,TRUE,"no_observed_zeros","ok","",""
"Qiita13631ASD","ASD Dan 2020",1,"balanced","Ruminococcus",1,1,1,100,100,30102,TRUE,TRUE,FALSE,TRUE,TRUE,TRUE,TRUE,"no_observed_zeros","ok","",""
"Qiita13631ASD","ASD Dan 2020",1,"balanced","Streptococcus",0.965,0.97,0.96,97,96,2603,TRUE,TRUE,TRUE,FALSE,TRUE,TRUE,TRUE,"ok","ok","",""
"Qiita13631ASD","ASD Dan 2020",1,"balanced","Sutterella",1,1,1,100,100,15085,TRUE,TRUE,FALSE,TRUE,TRUE,TRUE,TRUE,"no_observed_zeros","ok","",""
"Qiita13631ASD","ASD Dan 2020",1,"balanced","Veillonella",0.98,0.98,0.98,98,98,6194,TRUE,TRUE,FALSE,TRUE,TRUE,TRUE,TRUE,"structural_absence_boundary_at_zero","ok","",""
"Qiita13631ASD","ASD Dan 2020",1,"fourfold","[Prevotella]",0.505,0.41,0.6,41,60,1198,TRUE,TRUE,TRUE,FALSE,TRUE,TRUE,TRUE,"ok","ok","",""
"Qiita13631ASD","ASD Dan 2020",1,"fourfold","[Ruminococcus]",1,1,1,100,100,10398,TRUE,TRUE,FALSE,TRUE,TRUE,TRUE,TRUE,"no_observed_zeros","ok","",""
"Qiita13631ASD","ASD Dan 2020",1,"fourfold","Akkermansia",0.735,0.62,0.85,62,85,3630,TRUE,TRUE,FALSE,TRUE,TRUE,TRUE,TRUE,"structural_absence_boundary_at_zero","ok","",""
"Qiita13631ASD","ASD Dan 2020",1,"fourfold","Anaerostipes",0.925,0.87,0.98,87,98,2248,TRUE,TRUE,TRUE,FALSE,TRUE,TRUE,TRUE,"ok","ok","",""
"Qiita13631ASD","ASD Dan 2020",1,"fourfold","Bacteroides",1,1,1,100,100,302478,TRUE,TRUE,FALSE,TRUE,TRUE,TRUE,TRUE,"no_observed_zeros","ok","",""
"Qiita13631ASD","ASD Dan 2020",1,"fourfold","Bifidobacterium",0.935,0.87,1,87,100,13523,TRUE,TRUE,FALSE,TRUE,TRUE,TRUE,TRUE,"structural_absence_boundary_at_zero","ok","",""
"Qiita13631ASD","ASD Dan 2020",1,"fourfold","Bilophila",0.885,0.8,0.97,80,97,1377,TRUE,TRUE,TRUE,FALSE,TRUE,TRUE,TRUE,"ok","ok","",""
"Qiita13631ASD","ASD Dan 2020",1,"fourfold","Blautia",0.985,0.97,1,97,100,5598,TRUE,TRUE,TRUE,FALSE,TRUE,TRUE,TRUE,"ok","ok","",""
"Qiita13631ASD","ASD Dan 2020",1,"fourfold","Clostridium",0.99,0.98,1,98,100,7899,TRUE,TRUE,FALSE,TRUE,TRUE,TRUE,TRUE,"structural_absence_boundary_at_zero","ok","",""
"Qiita13631ASD","ASD Dan 2020",1,"fourfold","Collinsella",0.675,0.49,0.86,49,86,777,TRUE,TRUE,FALSE,TRUE,TRUE,TRUE,TRUE,"structural_absence_boundary_at_zero","ok","",""
"Qiita13631ASD","ASD Dan 2020",1,"fourfold","Coprococcus",1,1,1,100,100,6512,TRUE,TRUE,FALSE,TRUE,TRUE,TRUE,TRUE,"no_observed_zeros","ok","",""
"Qiita13631ASD","ASD Dan 2020",1,"fourfold","Dialister",0.99,0.98,1,98,100,23648,TRUE,TRUE,FALSE,TRUE,TRUE,TRUE,TRUE,"structural_absence_boundary_at_zero","ok","",""
"Qiita13631ASD","ASD Dan 2020",1,"fourfold","Dorea",0.99,0.98,1,98,100,4919,TRUE,TRUE,TRUE,FALSE,TRUE,TRUE,TRUE,"ok","ok","",""
"Qiita13631ASD","ASD Dan 2020",1,"fourfold","Faecalibacterium",1,1,1,100,100,72762,TRUE,TRUE,FALSE,TRUE,TRUE,TRUE,TRUE,"no_observed_zeros","ok","",""
"Qiita13631ASD","ASD Dan 2020",1,"fourfold","Fusobacterium",0.495,0.31,0.68,31,68,1924,TRUE,TRUE,FALSE,TRUE,TRUE,TRUE,TRUE,"structural_absence_boundary_at_zero","ok","",""
"Qiita13631ASD","ASD Dan 2020",1,"fourfold","Haemophilus",0.955,0.91,1,91,100,4931,TRUE,TRUE,FALSE,TRUE,TRUE,TRUE,TRUE,"structural_absence_boundary_at_zero","ok","",""
"Qiita13631ASD","ASD Dan 2020",1,"fourfold","Lachnobacterium",0.66,0.6,0.72,60,72,896,TRUE,TRUE,TRUE,FALSE,TRUE,TRUE,TRUE,"ok","ok","",""
"Qiita13631ASD","ASD Dan 2020",1,"fourfold","Lachnospira",1,1,1,100,100,24501,TRUE,TRUE,FALSE,TRUE,TRUE,TRUE,TRUE,"no_observed_zeros","ok","",""
"Qiita13631ASD","ASD Dan 2020",1,"fourfold","Megamonas",0.99,0.98,1,98,100,16470,TRUE,TRUE,FALSE,TRUE,TRUE,TRUE,TRUE,"structural_absence_boundary_at_zero","ok","",""
"Qiita13631ASD","ASD Dan 2020",1,"fourfold","Megasphaera",0.815,0.7,0.93,70,93,3763,TRUE,TRUE,FALSE,TRUE,TRUE,TRUE,TRUE,"structural_absence_boundary_at_zero","ok","",""
"Qiita13631ASD","ASD Dan 2020",1,"fourfold","Oscillospira",1,1,1,100,100,10599,TRUE,TRUE,FALSE,TRUE,TRUE,TRUE,TRUE,"no_observed_zeros","ok","",""
"Qiita13631ASD","ASD Dan 2020",1,"fourfold","Parabacteroides",1,1,1,100,100,23655,TRUE,TRUE,FALSE,TRUE,TRUE,TRUE,TRUE,"no_observed_zeros","ok","",""
"Qiita13631ASD","ASD Dan 2020",1,"fourfold","Paraprevotella",0.79,0.7,0.88,70,88,1718,TRUE,TRUE,FALSE,TRUE,TRUE,TRUE,TRUE,"structural_absence_boundary_at_zero","ok","",""
"Qiita13631ASD","ASD Dan 2020",1,"fourfold","Phascolarctobacterium",0.98,0.96,1,96,100,9054,TRUE,TRUE,FALSE,TRUE,TRUE,TRUE,TRUE,"structural_absence_boundary_at_zero","ok","",""
"Qiita13631ASD","ASD Dan 2020",1,"fourfold","Prevotella",0.995,0.99,1,99,100,49093,TRUE,TRUE,FALSE,TRUE,TRUE,TRUE,TRUE,"structural_absence_boundary_at_zero","ok","",""
"Qiita13631ASD","ASD Dan 2020",1,"fourfold","Roseburia",0.995,0.99,1,99,100,10891,TRUE,TRUE,TRUE,FALSE,TRUE,TRUE,TRUE,"ok","ok","",""
"Qiita13631ASD","ASD Dan 2020",1,"fourfold","Ruminococcus",1,1,1,100,100,24264,TRUE,TRUE,FALSE,TRUE,TRUE,TRUE,TRUE,"no_observed_zeros","ok","",""
"Qiita13631ASD","ASD Dan 2020",1,"fourfold","Streptococcus",0.925,0.86,0.99,86,99,2567,TRUE,TRUE,FALSE,TRUE,TRUE,TRUE,TRUE,"structural_absence_boundary_at_zero","ok","",""
"Qiita13631ASD","ASD Dan 2020",1,"fourfold","Sutterella",1,1,1,100,100,14176,TRUE,TRUE,FALSE,TRUE,TRUE,TRUE,TRUE,"no_observed_zeros","ok","",""
"Qiita13631ASD","ASD Dan 2020",1,"fourfold","Veillonella",0.95,0.9,1,90,100,4940,TRUE,TRUE,FALSE,TRUE,TRUE,TRUE,TRUE,"structural_absence_boundary_at_zero","ok","",""
"Qiita13631ASD","ASD Dan 2020",2,"balanced","[Prevotella]",0.555,0.58,0.53,58,53,1388,TRUE,TRUE,TRUE,FALSE,TRUE,TRUE,TRUE,"ok","ok","",""
"Qiita13631ASD","ASD Dan 2020",2,"balanced","[Ruminococcus]",1,1,1,100,100,12450,TRUE,TRUE,FALSE,TRUE,TRUE,TRUE,TRUE,"no_observed_zeros","ok","",""
"Qiita13631ASD","ASD Dan 2020",2,"balanced","Akkermansia",0.805,0.84,0.77,84,77,3336,TRUE,TRUE,FALSE,TRUE,TRUE,TRUE,TRUE,"structural_absence_boundary_at_zero","ok","",""
"Qiita13631ASD","ASD Dan 2020",2,"balanced","Anaerostipes",0.97,0.99,0.95,99,95,2552,TRUE,TRUE,TRUE,FALSE,TRUE,TRUE,TRUE,"ok","ok","",""
"Qiita13631ASD","ASD Dan 2020",2,"balanced","Bacteroides",1,1,1,100,100,314085,TRUE,TRUE,FALSE,TRUE,TRUE,TRUE,TRUE,"no_observed_zeros","ok","",""
"Qiita13631ASD","ASD Dan 2020",2,"balanced","Bifidobacterium",0.95,0.95,0.95,95,95,8477,TRUE,TRUE,FALSE,TRUE,TRUE,TRUE,TRUE,"structural_absence_boundary_at_zero","ok","",""
"Qiita13631ASD","ASD Dan 2020",2,"balanced","Bilophila",0.945,0.97,0.92,97,92,1518,TRUE,TRUE,FALSE,TRUE,TRUE,TRUE,TRUE,"structural_absence_boundary_at_zero","ok","",""
"Qiita13631ASD","ASD Dan 2020",2,"balanced","Blautia",0.995,1,0.99,100,99,5883,TRUE,TRUE,TRUE,FALSE,TRUE,TRUE,TRUE,"ok","ok","",""
"Qiita13631ASD","ASD Dan 2020",2,"balanced","Clostridium",1,1,1,100,100,8602,TRUE,TRUE,FALSE,TRUE,TRUE,TRUE,TRUE,"no_observed_zeros","ok","",""
"Qiita13631ASD","ASD Dan 2020",2,"balanced","Collinsella",0.71,0.72,0.7,72,70,872,TRUE,TRUE,FALSE,TRUE,TRUE,TRUE,TRUE,"structural_absence_boundary_at_zero","ok","",""
"Qiita13631ASD","ASD Dan 2020",2,"balanced","Coprococcus",0.995,1,0.99,100,99,7018,TRUE,TRUE,TRUE,FALSE,TRUE,TRUE,TRUE,"ok","ok","",""
"Qiita13631ASD","ASD Dan 2020",2,"balanced","Dialister",0.995,1,0.99,100,99,22610,TRUE,TRUE,TRUE,FALSE,TRUE,TRUE,TRUE,"ok","ok","",""
"Qiita13631ASD","ASD Dan 2020",2,"balanced","Dorea",1,1,1,100,100,5450,TRUE,TRUE,FALSE,TRUE,TRUE,TRUE,TRUE,"no_observed_zeros","ok","",""
"Qiita13631ASD","ASD Dan 2020",2,"balanced","Faecalibacterium",1,1,1,100,100,74986,TRUE,TRUE,FALSE,TRUE,TRUE,TRUE,TRUE,"no_observed_zeros","ok","",""
"Qiita13631ASD","ASD Dan 2020",2,"balanced","Fusobacterium",0.495,0.48,0.51,48,51,1711,TRUE,TRUE,FALSE,TRUE,TRUE,TRUE,TRUE,"structural_absence_boundary_at_zero","ok","",""
"Qiita13631ASD","ASD Dan 2020",2,"balanced","Haemophilus",0.97,0.98,0.96,98,96,5262,TRUE,TRUE,FALSE,TRUE,TRUE,TRUE,TRUE,"structural_absence_boundary_at_zero","ok","",""
"Qiita13631ASD","ASD Dan 2020",2,"balanced","Lachnobacterium",0.755,0.77,0.74,77,74,1186,TRUE,FALSE,FALSE,FALSE,TRUE,TRUE,FALSE,"structural_absence_nonoptimal_nuisance_fit","ok","",""
"Qiita13631ASD","ASD Dan 2020",2,"balanced","Lachnospira",1,1,1,100,100,25044,TRUE,TRUE,FALSE,TRUE,TRUE,TRUE,TRUE,"no_observed_zeros","ok","",""
"Qiita13631ASD","ASD Dan 2020",2,"balanced","Megamonas",0.99,1,0.98,100,98,17634,TRUE,TRUE,FALSE,TRUE,TRUE,TRUE,TRUE,"structural_absence_boundary_at_zero","ok","",""
"Qiita13631ASD","ASD Dan 2020",2,"balanced","Megasphaera",0.85,0.84,0.86,84,86,3947,TRUE,TRUE,TRUE,FALSE,TRUE,TRUE,TRUE,"ok","ok","",""
"Qiita13631ASD","ASD Dan 2020",2,"balanced","Oscillospira",1,1,1,100,100,11061,TRUE,TRUE,FALSE,TRUE,TRUE,TRUE,TRUE,"no_observed_zeros","ok","",""
"Qiita13631ASD","ASD Dan 2020",2,"balanced","Parabacteroides",1,1,1,100,100,23140,TRUE,TRUE,FALSE,TRUE,TRUE,TRUE,TRUE,"no_observed_zeros","ok","",""
"Qiita13631ASD","ASD Dan 2020",2,"balanced","Paraprevotella",0.815,0.86,0.77,86,77,2146,TRUE,TRUE,TRUE,FALSE,TRUE,TRUE,TRUE,"ok","ok","",""
"Qiita13631ASD","ASD Dan 2020",2,"balanced","Phascolarctobacterium",0.99,1,0.98,100,98,10359,TRUE,TRUE,TRUE,FALSE,TRUE,TRUE,TRUE,"ok","ok","",""
"Qiita13631ASD","ASD Dan 2020",2,"balanced","Prevotella",0.995,1,0.99,100,99,53639,TRUE,TRUE,FALSE,TRUE,TRUE,TRUE,TRUE,"structural_absence_boundary_at_zero","ok","",""
"Qiita13631ASD","ASD Dan 2020",2,"balanced","Roseburia",0.995,1,0.99,100,99,12469,TRUE,TRUE,TRUE,FALSE,TRUE,TRUE,TRUE,"ok","ok","",""
"Qiita13631ASD","ASD Dan 2020",2,"balanced","Ruminococcus",1,1,1,100,100,27043,TRUE,TRUE,FALSE,TRUE,TRUE,TRUE,TRUE,"no_observed_zeros","ok","",""
"Qiita13631ASD","ASD Dan 2020",2,"balanced","Streptococcus",0.99,0.99,0.99,99,99,2455,TRUE,TRUE,FALSE,TRUE,TRUE,TRUE,TRUE,"structural_absence_boundary_at_zero","ok","",""
"Qiita13631ASD","ASD Dan 2020",2,"balanced","Sutterella",1,1,1,100,100,14765,TRUE,TRUE,FALSE,TRUE,TRUE,TRUE,TRUE,"no_observed_zeros","ok","",""
"Qiita13631ASD","ASD Dan 2020",2,"balanced","Veillonella",0.985,0.99,0.98,99,98,5441,TRUE,TRUE,FALSE,TRUE,TRUE,TRUE,TRUE,"structural_absence_boundary_at_zero","ok","",""
"Qiita13631ASD","ASD Dan 2020",2,"fourfold","[Prevotella]",0.48,0.42,0.54,42,54,1075,TRUE,TRUE,TRUE,FALSE,TRUE,TRUE,TRUE,"ok","ok","",""
"Qiita13631ASD","ASD Dan 2020",2,"fourfold","[Ruminococcus]",1,1,1,100,100,10540,TRUE,TRUE,FALSE,TRUE,TRUE,TRUE,TRUE,"no_observed_zeros","ok","",""
"Qiita13631ASD","ASD Dan 2020",2,"fourfold","Akkermansia",0.72,0.61,0.83,61,83,5201,TRUE,TRUE,FALSE,TRUE,TRUE,TRUE,TRUE,"structural_absence_boundary_at_zero","ok","",""
"Qiita13631ASD","ASD Dan 2020",2,"fourfold","Anaerostipes",0.945,0.9,0.99,90,99,2289,TRUE,TRUE,FALSE,TRUE,TRUE,TRUE,TRUE,"structural_absence_boundary_at_zero","ok","",""
"Qiita13631ASD","ASD Dan 2020",2,"fourfold","Bacteroides",1,1,1,100,100,275657,TRUE,TRUE,FALSE,TRUE,TRUE,TRUE,TRUE,"no_observed_zeros","ok","",""
"Qiita13631ASD","ASD Dan 2020",2,"fourfold","Bifidobacterium",0.915,0.83,1,83,100,7419,TRUE,TRUE,FALSE,TRUE,TRUE,TRUE,TRUE,"structural_absence_boundary_at_zero","ok","",""
"Qiita13631ASD","ASD Dan 2020",2,"fourfold","Bilophila",0.88,0.79,0.97,79,97,1327,TRUE,TRUE,TRUE,FALSE,TRUE,TRUE,TRUE,"ok","ok","",""
"Qiita13631ASD","ASD Dan 2020",2,"fourfold","Blautia",0.985,0.97,1,97,100,5038,TRUE,TRUE,FALSE,TRUE,TRUE,TRUE,TRUE,"structural_absence_boundary_at_zero","ok","",""
"Qiita13631ASD","ASD Dan 2020",2,"fourfold","Clostridium",0.99,0.98,1,98,100,9876,TRUE,TRUE,FALSE,TRUE,TRUE,TRUE,TRUE,"structural_absence_boundary_at_zero","ok","",""
"Qiita13631ASD","ASD Dan 2020",2,"fourfold","Collinsella",0.685,0.53,0.84,53,84,852,TRUE,TRUE,FALSE,TRUE,TRUE,TRUE,TRUE,"structural_absence_boundary_at_zero","ok","",""
"Qiita13631ASD","ASD Dan 2020",2,"fourfold","Coprococcus",0.995,0.99,1,99,100,6542,TRUE,TRUE,FALSE,TRUE,TRUE,TRUE,TRUE,"structural_absence_boundary_at_zero","ok","",""
"Qiita13631ASD","ASD Dan 2020",2,"fourfold","Dialister",0.995,0.99,1,99,100,21053,TRUE,TRUE,FALSE,TRUE,TRUE,TRUE,TRUE,"structural_absence_boundary_at_zero","ok","",""
"Qiita13631ASD","ASD Dan 2020",2,"fourfold","Dorea",0.995,0.99,1,99,100,4646,TRUE,TRUE,FALSE,TRUE,TRUE,TRUE,TRUE,"structural_absence_boundary_at_zero","ok","",""
"Qiita13631ASD","ASD Dan 2020",2,"fourfold","Faecalibacterium",1,1,1,100,100,70462,TRUE,TRUE,FALSE,TRUE,TRUE,TRUE,TRUE,"no_observed_zeros","ok","",""
"Qiita13631ASD","ASD Dan 2020",2,"fourfold","Fusobacterium",0.485,0.42,0.55,42,55,893,TRUE,TRUE,FALSE,TRUE,TRUE,TRUE,TRUE,"structural_absence_boundary_at_zero","ok","",""
"Qiita13631ASD","ASD Dan 2020",2,"fourfold","Haemophilus",0.91,0.85,0.97,85,97,5143,TRUE,TRUE,FALSE,TRUE,TRUE,TRUE,TRUE,"structural_absence_boundary_at_zero","ok","",""
"Qiita13631ASD","ASD Dan 2020",2,"fourfold","Lachnobacterium",0.645,0.52,0.77,52,77,1113,TRUE,TRUE,TRUE,FALSE,TRUE,TRUE,TRUE,"ok","ok","",""
"Qiita13631ASD","ASD Dan 2020",2,"fourfold","Lachnospira",1,1,1,100,100,21638,TRUE,TRUE,FALSE,TRUE,TRUE,TRUE,TRUE,"no_observed_zeros","ok","",""
"Qiita13631ASD","ASD Dan 2020",2,"fourfold","Megamonas",0.99,0.98,1,98,100,14407,TRUE,TRUE,FALSE,TRUE,TRUE,TRUE,TRUE,"structural_absence_boundary_at_zero","ok","",""
"Qiita13631ASD","ASD Dan 2020",2,"fourfold","Megasphaera",0.805,0.71,0.9,71,90,2561,TRUE,TRUE,FALSE,TRUE,TRUE,TRUE,TRUE,"structural_absence_boundary_at_zero","ok","",""
"Qiita13631ASD","ASD Dan 2020",2,"fourfold","Oscillospira",1,1,1,100,100,9940,TRUE,TRUE,FALSE,TRUE,TRUE,TRUE,TRUE,"no_observed_zeros","ok","",""
"Qiita13631ASD","ASD Dan 2020",2,"fourfold","Parabacteroides",1,1,1,100,100,20493,TRUE,TRUE,FALSE,TRUE,TRUE,TRUE,TRUE,"no_observed_zeros","ok","",""
"Qiita13631ASD","ASD Dan 2020",2,"fourfold","Paraprevotella",0.78,0.72,0.84,72,84,1799,TRUE,TRUE,TRUE,FALSE,TRUE,TRUE,TRUE,"ok","ok","",""
"Qiita13631ASD","ASD Dan 2020",2,"fourfold","Phascolarctobacterium",0.99,0.98,1,98,100,9272,TRUE,TRUE,FALSE,TRUE,TRUE,TRUE,TRUE,"structural_absence_boundary_at_zero","ok","",""
"Qiita13631ASD","ASD Dan 2020",2,"fourfold","Prevotella",0.985,0.97,1,97,100,57275,TRUE,TRUE,FALSE,TRUE,TRUE,TRUE,TRUE,"structural_absence_boundary_at_zero","ok","",""
"Qiita13631ASD","ASD Dan 2020",2,"fourfold","Roseburia",1,1,1,100,100,11541,TRUE,TRUE,FALSE,TRUE,TRUE,TRUE,TRUE,"no_observed_zeros","ok","",""
"Qiita13631ASD","ASD Dan 2020",2,"fourfold","Ruminococcus",1,1,1,100,100,25779,TRUE,TRUE,FALSE,TRUE,TRUE,TRUE,TRUE,"no_observed_zeros","ok","",""
"Qiita13631ASD","ASD Dan 2020",2,"fourfold","Streptococcus",0.93,0.86,1,86,100,2095,TRUE,TRUE,FALSE,TRUE,TRUE,TRUE,TRUE,"structural_absence_boundary_at_zero","ok","",""
"Qiita13631ASD","ASD Dan 2020",2,"fourfold","Sutterella",1,1,1,100,100,11899,TRUE,TRUE,FALSE,TRUE,TRUE,TRUE,TRUE,"no_observed_zeros","ok","",""
"Qiita13631ASD","ASD Dan 2020",2,"fourfold","Veillonella",0.97,0.94,1,94,100,4527,TRUE,TRUE,FALSE,TRUE,TRUE,TRUE,TRUE,"structural_absence_boundary_at_zero","ok","",""
"Qiita13631ASD","ASD Dan 2020",3,"balanced","[Prevotella]",0.535,0.54,0.53,54,53,2113,TRUE,TRUE,TRUE,FALSE,TRUE,TRUE,TRUE,"ok","ok","",""
"Qiita13631ASD","ASD Dan 2020",3,"balanced","[Ruminococcus]",1,1,1,100,100,12251,TRUE,TRUE,FALSE,TRUE,TRUE,TRUE,TRUE,"no_observed_zeros","ok","",""
"Qiita13631ASD","ASD Dan 2020",3,"balanced","Akkermansia",0.76,0.75,0.77,75,77,3099,TRUE,TRUE,FALSE,TRUE,TRUE,TRUE,TRUE,"structural_absence_boundary_at_zero","ok","",""
"Qiita13631ASD","ASD Dan 2020",3,"balanced","Anaerostipes",0.985,0.98,0.99,98,99,2899,TRUE,TRUE,FALSE,TRUE,TRUE,TRUE,TRUE,"structural_absence_boundary_at_zero","ok","",""
"Qiita13631ASD","ASD Dan 2020",3,"balanced","Bacteroides",1,1,1,100,100,318957,TRUE,TRUE,FALSE,TRUE,TRUE,TRUE,TRUE,"no_observed_zeros","ok","",""
"Qiita13631ASD","ASD Dan 2020",3,"balanced","Bifidobacterium",0.975,0.98,0.97,98,97,8511,TRUE,TRUE,FALSE,TRUE,TRUE,TRUE,TRUE,"structural_absence_boundary_at_zero","ok","",""
"Qiita13631ASD","ASD Dan 2020",3,"balanced","Bilophila",0.93,0.96,0.9,96,90,1524,TRUE,TRUE,TRUE,FALSE,TRUE,TRUE,TRUE,"ok","ok","",""
"Qiita13631ASD","ASD Dan 2020",3,"balanced","Blautia",0.995,1,0.99,100,99,5773,TRUE,TRUE,TRUE,FALSE,TRUE,TRUE,TRUE,"ok","ok","",""
"Qiita13631ASD","ASD Dan 2020",3,"balanced","Clostridium",1,1,1,100,100,9211,TRUE,TRUE,FALSE,TRUE,TRUE,TRUE,TRUE,"no_observed_zeros","ok","",""
"Qiita13631ASD","ASD Dan 2020",3,"balanced","Collinsella",0.775,0.8,0.75,80,75,1005,TRUE,TRUE,FALSE,TRUE,TRUE,TRUE,TRUE,"structural_absence_boundary_at_zero","ok","",""
"Qiita13631ASD","ASD Dan 2020",3,"balanced","Coprococcus",0.995,1,0.99,100,99,7053,TRUE,TRUE,TRUE,FALSE,TRUE,TRUE,TRUE,"ok","ok","",""
"Qiita13631ASD","ASD Dan 2020",3,"balanced","Dialister",1,1,1,100,100,23986,TRUE,TRUE,FALSE,TRUE,TRUE,TRUE,TRUE,"no_observed_zeros","ok","",""
"Qiita13631ASD","ASD Dan 2020",3,"balanced","Dorea",0.995,1,0.99,100,99,5486,TRUE,TRUE,TRUE,FALSE,TRUE,TRUE,TRUE,"ok","ok","",""
"Qiita13631ASD","ASD Dan 2020",3,"balanced","Faecalibacterium",1,1,1,100,100,76298,TRUE,TRUE,FALSE,TRUE,TRUE,TRUE,TRUE,"no_observed_zeros","ok","",""
"Qiita13631ASD","ASD Dan 2020",3,"balanced","Fusobacterium",0.535,0.54,0.53,54,53,1346,TRUE,TRUE,FALSE,TRUE,TRUE,TRUE,TRUE,"structural_absence_boundary_at_zero","ok","",""
"Qiita13631ASD","ASD Dan 2020",3,"balanced","Haemophilus",0.96,0.98,0.94,98,94,5113,TRUE,TRUE,FALSE,TRUE,TRUE,TRUE,TRUE,"structural_absence_boundary_at_zero","ok","",""
"Qiita13631ASD","ASD Dan 2020",3,"balanced","Lachnobacterium",0.71,0.74,0.68,74,68,1351,TRUE,TRUE,TRUE,FALSE,TRUE,TRUE,TRUE,"ok","ok","",""
"Qiita13631ASD","ASD Dan 2020",3,"balanced","Lachnospira",1,1,1,100,100,29021,TRUE,TRUE,FALSE,TRUE,TRUE,TRUE,TRUE,"no_observed_zeros","ok","",""
"Qiita13631ASD","ASD Dan 2020",3,"balanced","Megamonas",0.995,1,0.99,100,99,20984,TRUE,TRUE,FALSE,TRUE,TRUE,TRUE,TRUE,"structural_absence_boundary_at_zero","ok","",""
"Qiita13631ASD","ASD Dan 2020",3,"balanced","Megasphaera",0.88,0.9,0.86,90,86,4008,TRUE,TRUE,FALSE,TRUE,TRUE,TRUE,TRUE,"structural_absence_boundary_at_zero","ok","",""
"Qiita13631ASD","ASD Dan 2020",3,"balanced","Oscillospira",1,1,1,100,100,11446,TRUE,TRUE,FALSE,TRUE,TRUE,TRUE,TRUE,"no_observed_zeros","ok","",""
"Qiita13631ASD","ASD Dan 2020",3,"balanced","Parabacteroides",1,1,1,100,100,23699,TRUE,TRUE,FALSE,TRUE,TRUE,TRUE,TRUE,"no_observed_zeros","ok","",""
"Qiita13631ASD","ASD Dan 2020",3,"balanced","Paraprevotella",0.765,0.77,0.76,77,76,2676,TRUE,TRUE,TRUE,FALSE,TRUE,TRUE,TRUE,"ok","ok","",""
"Qiita13631ASD","ASD Dan 2020",3,"balanced","Phascolarctobacterium",0.99,0.99,0.99,99,99,9906,TRUE,TRUE,TRUE,FALSE,TRUE,TRUE,TRUE,"ok","ok","",""
"Qiita13631ASD","ASD Dan 2020",3,"balanced","Prevotella",0.995,1,0.99,100,99,50509,TRUE,TRUE,FALSE,TRUE,TRUE,TRUE,TRUE,"structural_absence_boundary_at_zero","ok","",""
"Qiita13631ASD","ASD Dan 2020",3,"balanced","Roseburia",1,1,1,100,100,14542,TRUE,TRUE,FALSE,TRUE,TRUE,TRUE,TRUE,"no_observed_zeros","ok","",""
"Qiita13631ASD","ASD Dan 2020",3,"balanced","Ruminococcus",1,1,1,100,100,30070,TRUE,TRUE,FALSE,TRUE,TRUE,TRUE,TRUE,"no_observed_zeros","ok","",""
"Qiita13631ASD","ASD Dan 2020",3,"balanced","Streptococcus",0.97,0.97,0.97,97,97,2737,TRUE,TRUE,TRUE,FALSE,TRUE,TRUE,TRUE,"ok","ok","",""
"Qiita13631ASD","ASD Dan 2020",3,"balanced","Sutterella",1,1,1,100,100,15184,TRUE,TRUE,FALSE,TRUE,TRUE,TRUE,TRUE,"no_observed_zeros","ok","",""
"Qiita13631ASD","ASD Dan 2020",3,"balanced","Veillonella",0.985,0.99,0.98,99,98,6139,TRUE,TRUE,FALSE,TRUE,TRUE,TRUE,TRUE,"structural_absence_boundary_at_zero","ok","",""
"Qiita13631ASD","ASD Dan 2020",3,"fourfold","[Prevotella]",0.505,0.41,0.6,41,60,1363,TRUE,TRUE,TRUE,FALSE,TRUE,TRUE,TRUE,"ok","ok","",""
"Qiita13631ASD","ASD Dan 2020",3,"fourfold","[Ruminococcus]",1,1,1,100,100,10117,TRUE,TRUE,FALSE,TRUE,TRUE,TRUE,TRUE,"no_observed_zeros","ok","",""
"Qiita13631ASD","ASD Dan 2020",3,"fourfold","Akkermansia",0.75,0.63,0.87,63,87,3528,TRUE,TRUE,FALSE,TRUE,TRUE,TRUE,TRUE,"structural_absence_boundary_at_zero","ok","",""
"Qiita13631ASD","ASD Dan 2020",3,"fourfold","Anaerostipes",0.94,0.9,0.98,90,98,2710,TRUE,TRUE,TRUE,FALSE,TRUE,TRUE,TRUE,"ok","ok","",""
"Qiita13631ASD","ASD Dan 2020",3,"fourfold","Bacteroides",1,1,1,100,100,282634,TRUE,TRUE,FALSE,TRUE,TRUE,TRUE,TRUE,"no_observed_zeros","ok","",""
"Qiita13631ASD","ASD Dan 2020",3,"fourfold","Bifidobacterium",0.93,0.89,0.97,89,97,6287,TRUE,TRUE,FALSE,TRUE,TRUE,TRUE,TRUE,"structural_absence_boundary_at_zero","ok","",""
"Qiita13631ASD","ASD Dan 2020",3,"fourfold","Bilophila",0.9,0.85,0.95,85,95,1370,TRUE,TRUE,TRUE,FALSE,TRUE,TRUE,TRUE,"ok","ok","",""
"Qiita13631ASD","ASD Dan 2020",3,"fourfold","Blautia",0.995,1,0.99,100,99,5061,TRUE,TRUE,TRUE,FALSE,TRUE,TRUE,TRUE,"ok","ok","",""
"Qiita13631ASD","ASD Dan 2020",3,"fourfold","Clostridium",0.995,0.99,1,99,100,7523,TRUE,TRUE,FALSE,TRUE,TRUE,TRUE,TRUE,"structural_absence_boundary_at_zero","ok","",""
"Qiita13631ASD","ASD Dan 2020",3,"fourfold","Collinsella",0.655,0.52,0.79,52,79,921,TRUE,TRUE,FALSE,TRUE,TRUE,TRUE,TRUE,"structural_absence_boundary_at_zero","ok","",""
"Qiita13631ASD","ASD Dan 2020",3,"fourfold","Coprococcus",1,1,1,100,100,6044,TRUE,TRUE,FALSE,TRUE,TRUE,TRUE,TRUE,"no_observed_zeros","ok","",""
"Qiita13631ASD","ASD Dan 2020",3,"fourfold","Dialister",0.995,0.99,1,99,100,21788,TRUE,TRUE,FALSE,TRUE,TRUE,TRUE,TRUE,"structural_absence_boundary_at_zero","ok","",""
"Qiita13631ASD","ASD Dan 2020",3,"fourfold","Dorea",0.995,0.99,1,99,100,4803,TRUE,TRUE,FALSE,TRUE,TRUE,TRUE,TRUE,"structural_absence_boundary_at_zero","ok","",""
"Qiita13631ASD","ASD Dan 2020",3,"fourfold","Faecalibacterium",1,1,1,100,100,67419,TRUE,TRUE,FALSE,TRUE,TRUE,TRUE,TRUE,"no_observed_zeros","ok","",""
"Qiita13631ASD","ASD Dan 2020",3,"fourfold","Fusobacterium",0.5,0.39,0.61,39,61,1730,TRUE,TRUE,FALSE,TRUE,TRUE,TRUE,TRUE,"structural_absence_boundary_at_zero","ok","",""
"Qiita13631ASD","ASD Dan 2020",3,"fourfold","Haemophilus",0.905,0.83,0.98,83,98,4690,TRUE,TRUE,FALSE,TRUE,TRUE,TRUE,TRUE,"structural_absence_boundary_at_zero","ok","",""
"Qiita13631ASD","ASD Dan 2020",3,"fourfold","Lachnobacterium",0.66,0.59,0.73,59,73,1081,TRUE,TRUE,TRUE,FALSE,TRUE,TRUE,TRUE,"ok","ok","",""
"Qiita13631ASD","ASD Dan 2020",3,"fourfold","Lachnospira",1,1,1,100,100,23049,TRUE,TRUE,FALSE,TRUE,TRUE,TRUE,TRUE,"no_observed_zeros","ok","",""
"Qiita13631ASD","ASD Dan 2020",3,"fourfold","Megamonas",0.98,0.97,0.99,97,99,14265,TRUE,TRUE,FALSE,TRUE,TRUE,TRUE,TRUE,"structural_absence_boundary_at_zero","ok","",""
"Qiita13631ASD","ASD Dan 2020",3,"fourfold","Megasphaera",0.78,0.69,0.87,69,87,3135,TRUE,TRUE,FALSE,TRUE,TRUE,TRUE,TRUE,"structural_absence_boundary_at_zero","ok","",""
"Qiita13631ASD","ASD Dan 2020",3,"fourfold","Oscillospira",1,1,1,100,100,9977,TRUE,TRUE,FALSE,TRUE,TRUE,TRUE,TRUE,"no_observed_zeros","ok","",""
"Qiita13631ASD","ASD Dan 2020",3,"fourfold","Parabacteroides",1,1,1,100,100,21754,TRUE,TRUE,FALSE,TRUE,TRUE,TRUE,TRUE,"no_observed_zeros","ok","",""
"Qiita13631ASD","ASD Dan 2020",3,"fourfold","Paraprevotella",0.735,0.64,0.83,64,83,2063,TRUE,TRUE,TRUE,FALSE,TRUE,TRUE,TRUE,"ok","ok","",""
"Qiita13631ASD","ASD Dan 2020",3,"fourfold","Phascolarctobacterium",0.99,0.98,1,98,100,9406,TRUE,TRUE,FALSE,TRUE,TRUE,TRUE,TRUE,"structural_absence_boundary_at_zero","ok","",""
"Qiita13631ASD","ASD Dan 2020",3,"fourfold","Prevotella",0.995,0.99,1,99,100,41218,TRUE,TRUE,FALSE,TRUE,TRUE,TRUE,TRUE,"structural_absence_boundary_at_zero","ok","",""
"Qiita13631ASD","ASD Dan 2020",3,"fourfold","Roseburia",1,1,1,100,100,11579,TRUE,TRUE,FALSE,TRUE,TRUE,TRUE,TRUE,"no_observed_zeros","ok","",""
"Qiita13631ASD","ASD Dan 2020",3,"fourfold","Ruminococcus",1,1,1,100,100,24509,TRUE,TRUE,FALSE,TRUE,TRUE,TRUE,TRUE,"no_observed_zeros","ok","",""
"Qiita13631ASD","ASD Dan 2020",3,"fourfold","Streptococcus",0.93,0.89,0.97,89,97,2267,TRUE,TRUE,TRUE,FALSE,TRUE,TRUE,TRUE,"ok","ok","",""
"Qiita13631ASD","ASD Dan 2020",3,"fourfold","Sutterella",1,1,1,100,100,12944,TRUE,TRUE,FALSE,TRUE,TRUE,TRUE,TRUE,"no_observed_zeros","ok","",""
"Qiita13631ASD","ASD Dan 2020",3,"fourfold","Veillonella",0.945,0.89,1,89,100,4471,TRUE,TRUE,FALSE,TRUE,TRUE,TRUE,TRUE,"structural_absence_boundary_at_zero","ok","",""
"Qiita13631ASD","ASD Dan 2020",4,"balanced","[Prevotella]",0.505,0.48,0.53,48,53,1427,TRUE,TRUE,TRUE,FALSE,TRUE,TRUE,TRUE,"ok","ok","",""
"Qiita13631ASD","ASD Dan 2020",4,"balanced","[Ruminococcus]",1,1,1,100,100,11738,TRUE,TRUE,FALSE,TRUE,TRUE,TRUE,TRUE,"no_observed_zeros","ok","",""
"Qiita13631ASD","ASD Dan 2020",4,"balanced","Akkermansia",0.765,0.69,0.84,69,84,3499,TRUE,TRUE,FALSE,TRUE,TRUE,TRUE,TRUE,"structural_absence_boundary_at_zero","ok","",""
"Qiita13631ASD","ASD Dan 2020",4,"balanced","Anaerostipes",0.975,0.98,0.97,98,97,2963,TRUE,TRUE,FALSE,TRUE,TRUE,TRUE,TRUE,"structural_absence_boundary_at_zero","ok","",""
"Qiita13631ASD","ASD Dan 2020",4,"balanced","Bacteroides",1,1,1,100,100,304506,TRUE,TRUE,FALSE,TRUE,TRUE,TRUE,TRUE,"no_observed_zeros","ok","",""
"Qiita13631ASD","ASD Dan 2020",4,"balanced","Bifidobacterium",0.955,0.99,0.92,99,92,10561,TRUE,TRUE,FALSE,TRUE,TRUE,TRUE,TRUE,"structural_absence_boundary_at_zero","ok","",""
"Qiita13631ASD","ASD Dan 2020",4,"balanced","Bilophila",0.955,0.96,0.95,96,95,1551,TRUE,TRUE,TRUE,FALSE,TRUE,TRUE,TRUE,"ok","ok","",""
"Qiita13631ASD","ASD Dan 2020",4,"balanced","Blautia",1,1,1,100,100,5851,TRUE,TRUE,FALSE,TRUE,TRUE,TRUE,TRUE,"no_observed_zeros","ok","",""
"Qiita13631ASD","ASD Dan 2020",4,"balanced","Clostridium",1,1,1,100,100,8150,TRUE,TRUE,FALSE,TRUE,TRUE,TRUE,TRUE,"no_observed_zeros","ok","",""
"Qiita13631ASD","ASD Dan 2020",4,"balanced","Collinsella",0.755,0.72,0.79,72,79,822,TRUE,TRUE,FALSE,TRUE,TRUE,TRUE,TRUE,"structural_absence_boundary_at_zero","ok","",""
"Qiita13631ASD","ASD Dan 2020",4,"balanced","Coprococcus",1,1,1,100,100,6680,TRUE,TRUE,FALSE,TRUE,TRUE,TRUE,TRUE,"no_observed_zeros","ok","",""
"Qiita13631ASD","ASD Dan 2020",4,"balanced","Dialister",1,1,1,100,100,23033,TRUE,TRUE,FALSE,TRUE,TRUE,TRUE,TRUE,"no_observed_zeros","ok","",""
"Qiita13631ASD","ASD Dan 2020",4,"balanced","Dorea",0.995,0.99,1,99,100,5419,TRUE,TRUE,TRUE,FALSE,TRUE,TRUE,TRUE,"ok","ok","",""
"Qiita13631ASD","ASD Dan 2020",4,"balanced","Faecalibacterium",1,1,1,100,100,78773,TRUE,TRUE,FALSE,TRUE,TRUE,TRUE,TRUE,"no_observed_zeros","ok","",""
"Qiita13631ASD","ASD Dan 2020",4,"balanced","Fusobacterium",0.51,0.47,0.55,47,55,1997,TRUE,TRUE,FALSE,TRUE,TRUE,TRUE,TRUE,"structural_absence_boundary_at_zero","ok","",""
"Qiita13631ASD","ASD Dan 2020",4,"balanced","Haemophilus",0.98,0.98,0.98,98,98,4773,TRUE,TRUE,FALSE,TRUE,TRUE,TRUE,TRUE,"structural_absence_boundary_at_zero","ok","",""
"Qiita13631ASD","ASD Dan 2020",4,"balanced","Lachnobacterium",0.73,0.71,0.75,71,75,1150,TRUE,TRUE,TRUE,FALSE,TRUE,TRUE,TRUE,"ok","ok","",""
"Qiita13631ASD","ASD Dan 2020",4,"balanced","Lachnospira",1,1,1,100,100,25022,TRUE,TRUE,FALSE,TRUE,TRUE,TRUE,TRUE,"no_observed_zeros","ok","",""
"Qiita13631ASD","ASD Dan 2020",4,"balanced","Megamonas",1,1,1,100,100,17280,TRUE,TRUE,FALSE,TRUE,TRUE,TRUE,TRUE,"no_observed_zeros","ok","",""
"Qiita13631ASD","ASD Dan 2020",4,"balanced","Megasphaera",0.845,0.82,0.87,82,87,3435,TRUE,TRUE,FALSE,TRUE,TRUE,TRUE,TRUE,"structural_absence_boundary_at_zero","ok","",""
"Qiita13631ASD","ASD Dan 2020",4,"balanced","Oscillospira",1,1,1,100,100,10998,TRUE,TRUE,FALSE,TRUE,TRUE,TRUE,TRUE,"no_observed_zeros","ok","",""
"Qiita13631ASD","ASD Dan 2020",4,"balanced","Parabacteroides",1,1,1,100,100,22825,TRUE,TRUE,FALSE,TRUE,TRUE,TRUE,TRUE,"no_observed_zeros","ok","",""
"Qiita13631ASD","ASD Dan 2020",4,"balanced","Paraprevotella",0.84,0.8,0.88,80,88,2131,TRUE,TRUE,FALSE,TRUE,TRUE,TRUE,TRUE,"structural_absence_boundary_at_zero","ok","",""
"Qiita13631ASD","ASD Dan 2020",4,"balanced","Phascolarctobacterium",0.99,1,0.98,100,98,9999,TRUE,TRUE,TRUE,FALSE,TRUE,TRUE,TRUE,"ok","ok","",""
"Qiita13631ASD","ASD Dan 2020",4,"balanced","Prevotella",1,1,1,100,100,49659,TRUE,TRUE,FALSE,TRUE,TRUE,TRUE,TRUE,"no_observed_zeros","ok","",""
"Qiita13631ASD","ASD Dan 2020",4,"balanced","Roseburia",1,1,1,100,100,12773,TRUE,TRUE,FALSE,TRUE,TRUE,TRUE,TRUE,"no_observed_zeros","ok","",""
"Qiita13631ASD","ASD Dan 2020",4,"balanced","Ruminococcus",1,1,1,100,100,28658,TRUE,TRUE,FALSE,TRUE,TRUE,TRUE,TRUE,"no_observed_zeros","ok","",""
"Qiita13631ASD","ASD Dan 2020",4,"balanced","Streptococcus",0.985,0.98,0.99,98,99,2432,TRUE,TRUE,FALSE,TRUE,TRUE,TRUE,TRUE,"structural_absence_boundary_at_zero","ok","",""
"Qiita13631ASD","ASD Dan 2020",4,"balanced","Sutterella",1,1,1,100,100,14043,TRUE,TRUE,FALSE,TRUE,TRUE,TRUE,TRUE,"no_observed_zeros","ok","",""
"Qiita13631ASD","ASD Dan 2020",4,"balanced","Veillonella",0.995,0.99,1,99,100,5602,TRUE,TRUE,FALSE,TRUE,TRUE,TRUE,TRUE,"structural_absence_boundary_at_zero","ok","",""
"Qiita13631ASD","ASD Dan 2020",4,"fourfold","[Prevotella]",0.505,0.4,0.61,40,61,1847,TRUE,TRUE,TRUE,FALSE,TRUE,TRUE,TRUE,"ok","ok","",""
"Qiita13631ASD","ASD Dan 2020",4,"fourfold","[Ruminococcus]",1,1,1,100,100,10120,TRUE,TRUE,FALSE,TRUE,TRUE,TRUE,TRUE,"no_observed_zeros","ok","",""
"Qiita13631ASD","ASD Dan 2020",4,"fourfold","Akkermansia",0.69,0.52,0.86,52,86,4098,TRUE,TRUE,FALSE,TRUE,TRUE,TRUE,TRUE,"structural_absence_boundary_at_zero","ok","",""
"Qiita13631ASD","ASD Dan 2020",4,"fourfold","Anaerostipes",0.905,0.81,1,81,100,2186,TRUE,TRUE,FALSE,TRUE,TRUE,TRUE,TRUE,"structural_absence_boundary_at_zero","ok","",""
"Qiita13631ASD","ASD Dan 2020",4,"fourfold","Bacteroides",1,1,1,100,100,285298,TRUE,TRUE,FALSE,TRUE,TRUE,TRUE,TRUE,"no_observed_zeros","ok","",""
"Qiita13631ASD","ASD Dan 2020",4,"fourfold","Bifidobacterium",0.95,0.92,0.98,92,98,7905,TRUE,TRUE,FALSE,TRUE,TRUE,TRUE,TRUE,"structural_absence_boundary_at_zero","ok","",""
"Qiita13631ASD","ASD Dan 2020",4,"fourfold","Bilophila",0.9,0.81,0.99,81,99,1291,TRUE,TRUE,TRUE,FALSE,TRUE,TRUE,TRUE,"ok","ok","",""
"Qiita13631ASD","ASD Dan 2020",4,"fourfold","Blautia",0.98,0.97,0.99,97,99,5130,TRUE,TRUE,TRUE,FALSE,TRUE,TRUE,TRUE,"ok","ok","",""
"Qiita13631ASD","ASD Dan 2020",4,"fourfold","Clostridium",0.99,0.98,1,98,100,7744,TRUE,TRUE,FALSE,TRUE,TRUE,TRUE,TRUE,"structural_absence_boundary_at_zero","ok","",""
"Qiita13631ASD","ASD Dan 2020",4,"fourfold","Collinsella",0.65,0.5,0.8,50,80,737,TRUE,TRUE,FALSE,TRUE,TRUE,TRUE,TRUE,"structural_absence_boundary_at_zero","ok","",""
"Qiita13631ASD","ASD Dan 2020",4,"fourfold","Coprococcus",1,1,1,100,100,6030,TRUE,TRUE,FALSE,TRUE,TRUE,TRUE,TRUE,"no_observed_zeros","ok","",""
"Qiita13631ASD","ASD Dan 2020",4,"fourfold","Dialister",0.985,0.97,1,97,100,18636,TRUE,TRUE,FALSE,TRUE,TRUE,TRUE,TRUE,"structural_absence_boundary_at_zero","ok","",""
"Qiita13631ASD","ASD Dan 2020",4,"fourfold","Dorea",0.985,0.97,1,97,100,4792,TRUE,TRUE,FALSE,TRUE,TRUE,TRUE,TRUE,"structural_absence_boundary_at_zero","ok","",""
"Qiita13631ASD","ASD Dan 2020",4,"fourfold","Faecalibacterium",1,1,1,100,100,69010,TRUE,TRUE,FALSE,TRUE,TRUE,TRUE,TRUE,"no_observed_zeros","ok","",""
"Qiita13631ASD","ASD Dan 2020",4,"fourfold","Fusobacterium",0.435,0.32,0.55,32,55,1220,TRUE,TRUE,FALSE,TRUE,TRUE,TRUE,TRUE,"structural_absence_boundary_at_zero","ok","",""
"Qiita13631ASD","ASD Dan 2020",4,"fourfold","Haemophilus",0.91,0.83,0.99,83,99,4031,TRUE,TRUE,FALSE,TRUE,TRUE,TRUE,TRUE,"structural_absence_boundary_at_zero","ok","",""
"Qiita13631ASD","ASD Dan 2020",4,"fourfold","Lachnobacterium",0.655,0.51,0.8,51,80,1066,TRUE,TRUE,TRUE,FALSE,TRUE,TRUE,TRUE,"ok","ok","",""
"Qiita13631ASD","ASD Dan 2020",4,"fourfold","Lachnospira",1,1,1,100,100,24333,TRUE,TRUE,FALSE,TRUE,TRUE,TRUE,TRUE,"no_observed_zeros","ok","",""
"Qiita13631ASD","ASD Dan 2020",4,"fourfold","Megamonas",0.975,0.96,0.99,96,99,16574,TRUE,TRUE,FALSE,TRUE,TRUE,TRUE,TRUE,"structural_absence_boundary_at_zero","ok","",""
"Qiita13631ASD","ASD Dan 2020",4,"fourfold","Megasphaera",0.8,0.68,0.92,68,92,3613,TRUE,TRUE,FALSE,TRUE,TRUE,TRUE,TRUE,"structural_absence_boundary_at_zero","ok","",""
"Qiita13631ASD","ASD Dan 2020",4,"fourfold","Oscillospira",1,1,1,100,100,10120,TRUE,TRUE,FALSE,TRUE,TRUE,TRUE,TRUE,"no_observed_zeros","ok","",""
"Qiita13631ASD","ASD Dan 2020",4,"fourfold","Parabacteroides",1,1,1,100,100,20377,TRUE,TRUE,FALSE,TRUE,TRUE,TRUE,TRUE,"no_observed_zeros","ok","",""
"Qiita13631ASD","ASD Dan 2020",4,"fourfold","Paraprevotella",0.765,0.69,0.84,69,84,2681,TRUE,TRUE,TRUE,FALSE,TRUE,TRUE,TRUE,"ok","ok","",""
"Qiita13631ASD","ASD Dan 2020",4,"fourfold","Phascolarctobacterium",0.99,0.98,1,98,100,7768,TRUE,TRUE,FALSE,TRUE,TRUE,TRUE,TRUE,"structural_absence_boundary_at_zero","ok","",""
"Qiita13631ASD","ASD Dan 2020",4,"fourfold","Prevotella",0.985,0.97,1,97,100,44698,TRUE,TRUE,FALSE,TRUE,TRUE,TRUE,TRUE,"structural_absence_boundary_at_zero","ok","",""
"Qiita13631ASD","ASD Dan 2020",4,"fourfold","Roseburia",1,1,1,100,100,12852,TRUE,TRUE,FALSE,TRUE,TRUE,TRUE,TRUE,"no_observed_zeros","ok","",""
"Qiita13631ASD","ASD Dan 2020",4,"fourfold","Ruminococcus",0.995,0.99,1,99,100,23604,TRUE,TRUE,TRUE,FALSE,TRUE,TRUE,TRUE,"ok","ok","",""
"Qiita13631ASD","ASD Dan 2020",4,"fourfold","Streptococcus",0.935,0.87,1,87,100,2190,TRUE,TRUE,FALSE,TRUE,TRUE,TRUE,TRUE,"structural_absence_boundary_at_zero","ok","",""
"Qiita13631ASD","ASD Dan 2020",4,"fourfold","Sutterella",1,1,1,100,100,11925,TRUE,TRUE,FALSE,TRUE,TRUE,TRUE,TRUE,"no_observed_zeros","ok","",""
"Qiita13631ASD","ASD Dan 2020",4,"fourfold","Veillonella",0.96,0.92,1,92,100,4725,TRUE,TRUE,FALSE,TRUE,TRUE,TRUE,TRUE,"structural_absence_boundary_at_zero","ok","",""
"Qiita13631ASD","ASD Dan 2020",5,"balanced","[Prevotella]",0.545,0.57,0.52,57,52,1452,TRUE,TRUE,TRUE,FALSE,TRUE,TRUE,TRUE,"ok","ok","",""
"Qiita13631ASD","ASD Dan 2020",5,"balanced","[Ruminococcus]",1,1,1,100,100,12249,TRUE,TRUE,FALSE,TRUE,TRUE,TRUE,TRUE,"no_observed_zeros","ok","",""
"Qiita13631ASD","ASD Dan 2020",5,"balanced","Akkermansia",0.77,0.73,0.81,73,81,3994,TRUE,TRUE,FALSE,TRUE,TRUE,TRUE,TRUE,"structural_absence_boundary_at_zero","ok","",""
"Qiita13631ASD","ASD Dan 2020",5,"balanced","Anaerostipes",0.975,0.97,0.98,97,98,2779,TRUE,TRUE,TRUE,FALSE,TRUE,TRUE,TRUE,"ok","ok","",""
"Qiita13631ASD","ASD Dan 2020",5,"balanced","Bacteroides",1,1,1,100,100,312278,TRUE,TRUE,FALSE,TRUE,TRUE,TRUE,TRUE,"no_observed_zeros","ok","",""
"Qiita13631ASD","ASD Dan 2020",5,"balanced","Bifidobacterium",0.98,0.98,0.98,98,98,8435,TRUE,TRUE,FALSE,TRUE,TRUE,TRUE,TRUE,"structural_absence_boundary_at_zero","ok","",""
"Qiita13631ASD","ASD Dan 2020",5,"balanced","Bilophila",0.955,0.94,0.97,94,97,1595,TRUE,TRUE,FALSE,TRUE,TRUE,TRUE,TRUE,"structural_absence_boundary_at_zero","ok","",""
"Qiita13631ASD","ASD Dan 2020",5,"balanced","Blautia",0.99,0.99,0.99,99,99,6038,TRUE,TRUE,TRUE,FALSE,TRUE,TRUE,TRUE,"ok","ok","",""
"Qiita13631ASD","ASD Dan 2020",5,"balanced","Clostridium",1,1,1,100,100,9354,TRUE,TRUE,FALSE,TRUE,TRUE,TRUE,TRUE,"no_observed_zeros","ok","",""
"Qiita13631ASD","ASD Dan 2020",5,"balanced","Collinsella",0.775,0.73,0.82,73,82,930,TRUE,TRUE,FALSE,TRUE,TRUE,TRUE,TRUE,"structural_absence_boundary_at_zero","ok","",""
"Qiita13631ASD","ASD Dan 2020",5,"balanced","Coprococcus",1,1,1,100,100,6881,TRUE,TRUE,FALSE,TRUE,TRUE,TRUE,TRUE,"no_observed_zeros","ok","",""
"Qiita13631ASD","ASD Dan 2020",5,"balanced","Dialister",1,1,1,100,100,22809,TRUE,TRUE,FALSE,TRUE,TRUE,TRUE,TRUE,"no_observed_zeros","ok","",""
"Qiita13631ASD","ASD Dan 2020",5,"balanced","Dorea",0.995,0.99,1,99,100,5566,TRUE,TRUE,TRUE,FALSE,TRUE,TRUE,TRUE,"ok","ok","",""
"Qiita13631ASD","ASD Dan 2020",5,"balanced","Faecalibacterium",1,1,1,100,100,76538,TRUE,TRUE,FALSE,TRUE,TRUE,TRUE,TRUE,"no_observed_zeros","ok","",""
"Qiita13631ASD","ASD Dan 2020",5,"balanced","Fusobacterium",0.505,0.49,0.52,49,52,2752,TRUE,TRUE,FALSE,TRUE,TRUE,TRUE,TRUE,"structural_absence_boundary_at_zero","ok","",""
"Qiita13631ASD","ASD Dan 2020",5,"balanced","Haemophilus",0.97,0.99,0.95,99,95,4987,TRUE,TRUE,FALSE,TRUE,TRUE,TRUE,TRUE,"structural_absence_boundary_at_zero","ok","",""
"Qiita13631ASD","ASD Dan 2020",5,"balanced","Lachnobacterium",0.735,0.71,0.76,71,76,1150,TRUE,TRUE,TRUE,FALSE,TRUE,TRUE,TRUE,"ok","ok","",""
"Qiita13631ASD","ASD Dan 2020",5,"balanced","Lachnospira",1,1,1,100,100,27032,TRUE,TRUE,FALSE,TRUE,TRUE,TRUE,TRUE,"no_observed_zeros","ok","",""
"Qiita13631ASD","ASD Dan 2020",5,"balanced","Megamonas",0.99,0.99,0.99,99,99,18252,TRUE,TRUE,FALSE,TRUE,TRUE,TRUE,TRUE,"structural_absence_boundary_at_zero","ok","",""
"Qiita13631ASD","ASD Dan 2020",5,"balanced","Megasphaera",0.84,0.84,0.84,84,84,3713,TRUE,TRUE,TRUE,FALSE,TRUE,TRUE,TRUE,"ok","ok","",""
"Qiita13631ASD","ASD Dan 2020",5,"balanced","Oscillospira",0.995,0.99,1,99,100,11072,TRUE,TRUE,TRUE,FALSE,TRUE,TRUE,TRUE,"ok","ok","",""
"Qiita13631ASD","ASD Dan 2020",5,"balanced","Parabacteroides",1,1,1,100,100,23621,TRUE,TRUE,FALSE,TRUE,TRUE,TRUE,TRUE,"no_observed_zeros","ok","",""
"Qiita13631ASD","ASD Dan 2020",5,"balanced","Paraprevotella",0.8,0.79,0.81,79,81,2448,TRUE,TRUE,TRUE,FALSE,TRUE,TRUE,TRUE,"ok","ok","",""
"Qiita13631ASD","ASD Dan 2020",5,"balanced","Phascolarctobacterium",1,1,1,100,100,11641,TRUE,TRUE,FALSE,TRUE,TRUE,TRUE,TRUE,"no_observed_zeros","ok","",""
"Qiita13631ASD","ASD Dan 2020",5,"balanced","Prevotella",1,1,1,100,100,54147,TRUE,TRUE,FALSE,TRUE,TRUE,TRUE,TRUE,"no_observed_zeros","ok","",""
"Qiita13631ASD","ASD Dan 2020",5,"balanced","Roseburia",1,1,1,100,100,13479,TRUE,TRUE,FALSE,TRUE,TRUE,TRUE,TRUE,"no_observed_zeros","ok","",""
"Qiita13631ASD","ASD Dan 2020",5,"balanced","Ruminococcus",1,1,1,100,100,29827,TRUE,TRUE,FALSE,TRUE,TRUE,TRUE,TRUE,"no_observed_zeros","ok","",""
"Qiita13631ASD","ASD Dan 2020",5,"balanced","Streptococcus",0.99,0.99,0.99,99,99,2634,TRUE,TRUE,FALSE,TRUE,TRUE,TRUE,TRUE,"structural_absence_boundary_at_zero","ok","",""
"Qiita13631ASD","ASD Dan 2020",5,"balanced","Sutterella",1,1,1,100,100,14577,TRUE,TRUE,FALSE,TRUE,TRUE,TRUE,TRUE,"no_observed_zeros","ok","",""
"Qiita13631ASD","ASD Dan 2020",5,"balanced","Veillonella",0.99,0.98,1,98,100,5818,TRUE,TRUE,FALSE,TRUE,TRUE,TRUE,TRUE,"structural_absence_boundary_at_zero","ok","",""
"Qiita13631ASD","ASD Dan 2020",5,"fourfold","[Prevotella]",0.465,0.41,0.52,41,52,1406,TRUE,TRUE,TRUE,FALSE,TRUE,TRUE,TRUE,"ok","ok","",""
"Qiita13631ASD","ASD Dan 2020",5,"fourfold","[Ruminococcus]",1,1,1,100,100,11321,TRUE,TRUE,FALSE,TRUE,TRUE,TRUE,TRUE,"no_observed_zeros","ok","",""
"Qiita13631ASD","ASD Dan 2020",5,"fourfold","Akkermansia",0.725,0.59,0.86,59,86,5030,TRUE,TRUE,FALSE,TRUE,TRUE,TRUE,TRUE,"structural_absence_boundary_at_zero","ok","",""
"Qiita13631ASD","ASD Dan 2020",5,"fourfold","Anaerostipes",0.9,0.82,0.98,82,98,2578,TRUE,TRUE,TRUE,FALSE,TRUE,TRUE,TRUE,"ok","ok","",""
"Qiita13631ASD","ASD Dan 2020",5,"fourfold","Bacteroides",1,1,1,100,100,290715,TRUE,TRUE,FALSE,TRUE,TRUE,TRUE,TRUE,"no_observed_zeros","ok","",""
"Qiita13631ASD","ASD Dan 2020",5,"fourfold","Bifidobacterium",0.9,0.83,0.97,83,97,7657,TRUE,TRUE,FALSE,TRUE,TRUE,TRUE,TRUE,"structural_absence_boundary_at_zero","ok","",""
"Qiita13631ASD","ASD Dan 2020",5,"fourfold","Bilophila",0.875,0.77,0.98,77,98,1441,TRUE,TRUE,TRUE,FALSE,TRUE,TRUE,TRUE,"ok","ok","",""
"Qiita13631ASD","ASD Dan 2020",5,"fourfold","Blautia",0.985,0.97,1,97,100,4886,TRUE,TRUE,FALSE,TRUE,TRUE,TRUE,TRUE,"structural_absence_boundary_at_zero","ok","",""
"Qiita13631ASD","ASD Dan 2020",5,"fourfold","Clostridium",0.99,0.98,1,98,100,7508,TRUE,TRUE,FALSE,TRUE,TRUE,TRUE,TRUE,"structural_absence_boundary_at_zero","ok","",""
"Qiita13631ASD","ASD Dan 2020",5,"fourfold","Collinsella",0.645,0.47,0.82,47,82,827,TRUE,TRUE,FALSE,TRUE,TRUE,TRUE,TRUE,"structural_absence_boundary_at_zero","ok","",""
"Qiita13631ASD","ASD Dan 2020",5,"fourfold","Coprococcus",1,1,1,100,100,6017,TRUE,TRUE,FALSE,TRUE,TRUE,TRUE,TRUE,"no_observed_zeros","ok","",""
"Qiita13631ASD","ASD Dan 2020",5,"fourfold","Dialister",1,1,1,100,100,23972,TRUE,TRUE,FALSE,TRUE,TRUE,TRUE,TRUE,"no_observed_zeros","ok","",""
"Qiita13631ASD","ASD Dan 2020",5,"fourfold","Dorea",0.995,0.99,1,99,100,5035,TRUE,TRUE,FALSE,TRUE,TRUE,TRUE,TRUE,"structural_absence_boundary_at_zero","ok","",""
"Qiita13631ASD","ASD Dan 2020",5,"fourfold","Faecalibacterium",1,1,1,100,100,67593,TRUE,TRUE,FALSE,TRUE,TRUE,TRUE,TRUE,"no_observed_zeros","ok","",""
"Qiita13631ASD","ASD Dan 2020",5,"fourfold","Fusobacterium",0.485,0.34,0.63,34,63,2512,TRUE,TRUE,FALSE,TRUE,TRUE,TRUE,TRUE,"structural_absence_boundary_at_zero","ok","",""
"Qiita13631ASD","ASD Dan 2020",5,"fourfold","Haemophilus",0.95,0.91,0.99,91,99,4832,TRUE,TRUE,FALSE,TRUE,TRUE,TRUE,TRUE,"structural_absence_boundary_at_zero","ok","",""
"Qiita13631ASD","ASD Dan 2020",5,"fourfold","Lachnobacterium",0.705,0.63,0.78,63,78,904,TRUE,TRUE,FALSE,TRUE,TRUE,TRUE,TRUE,"structural_absence_boundary_at_zero","ok","",""
"Qiita13631ASD","ASD Dan 2020",5,"fourfold","Lachnospira",1,1,1,100,100,22701,TRUE,TRUE,FALSE,TRUE,TRUE,TRUE,TRUE,"no_observed_zeros","ok","",""
"Qiita13631ASD","ASD Dan 2020",5,"fourfold","Megamonas",0.97,0.95,0.99,95,99,15324,TRUE,TRUE,FALSE,TRUE,TRUE,TRUE,TRUE,"structural_absence_boundary_at_zero","ok","",""
"Qiita13631ASD","ASD Dan 2020",5,"fourfold","Megasphaera",0.75,0.6,0.9,60,90,3026,TRUE,TRUE,TRUE,FALSE,TRUE,TRUE,TRUE,"ok","ok","",""
"Qiita13631ASD","ASD Dan 2020",5,"fourfold","Oscillospira",1,1,1,100,100,10304,TRUE,TRUE,FALSE,TRUE,TRUE,TRUE,TRUE,"no_observed_zeros","ok","",""
"Qiita13631ASD","ASD Dan 2020",5,"fourfold","Parabacteroides",1,1,1,100,100,22990,TRUE,TRUE,FALSE,TRUE,TRUE,TRUE,TRUE,"no_observed_zeros","ok","",""
"Qiita13631ASD","ASD Dan 2020",5,"fourfold","Paraprevotella",0.725,0.65,0.8,65,80,2166,TRUE,TRUE,TRUE,FALSE,TRUE,TRUE,TRUE,"ok","ok","",""
"Qiita13631ASD","ASD Dan 2020",5,"fourfold","Phascolarctobacterium",0.98,0.96,1,96,100,10285,TRUE,TRUE,FALSE,TRUE,TRUE,TRUE,TRUE,"structural_absence_boundary_at_zero","ok","",""
"Qiita13631ASD","ASD Dan 2020",5,"fourfold","Prevotella",0.99,0.98,1,98,100,44942,TRUE,TRUE,FALSE,TRUE,TRUE,TRUE,TRUE,"structural_absence_boundary_at_zero","ok","",""
"Qiita13631ASD","ASD Dan 2020",5,"fourfold","Roseburia",1,1,1,100,100,11596,TRUE,TRUE,FALSE,TRUE,TRUE,TRUE,TRUE,"no_observed_zeros","ok","",""
"Qiita13631ASD","ASD Dan 2020",5,"fourfold","Ruminococcus",0.995,0.99,1,99,100,24564,TRUE,TRUE,FALSE,TRUE,TRUE,TRUE,TRUE,"structural_absence_boundary_at_zero","ok","",""
"Qiita13631ASD","ASD Dan 2020",5,"fourfold","Streptococcus",0.945,0.89,1,89,100,2526,TRUE,TRUE,FALSE,TRUE,TRUE,TRUE,TRUE,"structural_absence_boundary_at_zero","ok","",""
"Qiita13631ASD","ASD Dan 2020",5,"fourfold","Sutterella",1,1,1,100,100,14408,TRUE,TRUE,FALSE,TRUE,TRUE,TRUE,TRUE,"no_observed_zeros","ok","",""
"Qiita13631ASD","ASD Dan 2020",5,"fourfold","Veillonella",0.965,0.93,1,93,100,4801,TRUE,TRUE,FALSE,TRUE,TRUE,TRUE,TRUE,"structural_absence_boundary_at_zero","ok","",""
"Qiita13631ASD","ASD Dan 2020",6,"balanced","[Prevotella]",0.56,0.52,0.6,52,60,1423,TRUE,TRUE,TRUE,FALSE,TRUE,TRUE,TRUE,"ok","ok","",""
"Qiita13631ASD","ASD Dan 2020",6,"balanced","[Ruminococcus]",1,1,1,100,100,11025,TRUE,TRUE,FALSE,TRUE,TRUE,TRUE,TRUE,"no_observed_zeros","ok","",""
"Qiita13631ASD","ASD Dan 2020",6,"balanced","Akkermansia",0.735,0.7,0.77,70,77,4395,TRUE,TRUE,FALSE,TRUE,TRUE,TRUE,TRUE,"structural_absence_boundary_at_zero","ok","",""
"Qiita13631ASD","ASD Dan 2020",6,"balanced","Anaerostipes",0.98,0.99,0.97,99,97,2738,TRUE,TRUE,FALSE,TRUE,TRUE,TRUE,TRUE,"structural_absence_boundary_at_zero","ok","",""
"Qiita13631ASD","ASD Dan 2020",6,"balanced","Bacteroides",1,1,1,100,100,312257,TRUE,TRUE,FALSE,TRUE,TRUE,TRUE,TRUE,"no_observed_zeros","ok","",""
"Qiita13631ASD","ASD Dan 2020",6,"balanced","Bifidobacterium",0.99,0.98,1,98,100,8809,TRUE,TRUE,FALSE,TRUE,TRUE,TRUE,TRUE,"structural_absence_boundary_at_zero","ok","",""
"Qiita13631ASD","ASD Dan 2020",6,"balanced","Bilophila",0.96,0.97,0.95,97,95,1616,TRUE,TRUE,TRUE,FALSE,TRUE,TRUE,TRUE,"ok","ok","",""
"Qiita13631ASD","ASD Dan 2020",6,"balanced","Blautia",0.995,0.99,1,99,100,5754,TRUE,TRUE,FALSE,TRUE,TRUE,TRUE,TRUE,"structural_absence_boundary_at_zero","ok","",""
"Qiita13631ASD","ASD Dan 2020",6,"balanced","Clostridium",1,1,1,100,100,9450,TRUE,TRUE,FALSE,TRUE,TRUE,TRUE,TRUE,"no_observed_zeros","ok","",""
"Qiita13631ASD","ASD Dan 2020",6,"balanced","Collinsella",0.72,0.72,0.72,72,72,887,TRUE,TRUE,FALSE,TRUE,TRUE,TRUE,TRUE,"structural_absence_boundary_at_zero","ok","",""
"Qiita13631ASD","ASD Dan 2020",6,"balanced","Coprococcus",1,1,1,100,100,6976,TRUE,TRUE,FALSE,TRUE,TRUE,TRUE,TRUE,"no_observed_zeros","ok","",""
"Qiita13631ASD","ASD Dan 2020",6,"balanced","Dialister",1,1,1,100,100,23207,TRUE,TRUE,FALSE,TRUE,TRUE,TRUE,TRUE,"no_observed_zeros","ok","",""
"Qiita13631ASD","ASD Dan 2020",6,"balanced","Dorea",1,1,1,100,100,5256,TRUE,TRUE,FALSE,TRUE,TRUE,TRUE,TRUE,"no_observed_zeros","ok","",""
"Qiita13631ASD","ASD Dan 2020",6,"balanced","Faecalibacterium",1,1,1,100,100,74704,TRUE,TRUE,FALSE,TRUE,TRUE,TRUE,TRUE,"no_observed_zeros","ok","",""
"Qiita13631ASD","ASD Dan 2020",6,"balanced","Fusobacterium",0.51,0.48,0.54,48,54,1429,TRUE,TRUE,FALSE,TRUE,TRUE,TRUE,TRUE,"structural_absence_boundary_at_zero","ok","",""
"Qiita13631ASD","ASD Dan 2020",6,"balanced","Haemophilus",0.96,0.96,0.96,96,96,4816,TRUE,TRUE,FALSE,TRUE,TRUE,TRUE,TRUE,"structural_absence_boundary_at_zero","ok","",""
"Qiita13631ASD","ASD Dan 2020",6,"balanced","Lachnobacterium",0.665,0.7,0.63,70,63,1126,TRUE,TRUE,TRUE,FALSE,TRUE,TRUE,TRUE,"ok","ok","",""
"Qiita13631ASD","ASD Dan 2020",6,"balanced","Lachnospira",1,1,1,100,100,24311,TRUE,TRUE,FALSE,TRUE,TRUE,TRUE,TRUE,"no_observed_zeros","ok","",""
"Qiita13631ASD","ASD Dan 2020",6,"balanced","Megamonas",1,1,1,100,100,18759,TRUE,TRUE,FALSE,TRUE,TRUE,TRUE,TRUE,"no_observed_zeros","ok","",""
"Qiita13631ASD","ASD Dan 2020",6,"balanced","Megasphaera",0.89,0.82,0.96,82,96,3301,TRUE,TRUE,FALSE,TRUE,TRUE,TRUE,TRUE,"structural_absence_boundary_at_zero","ok","",""
"Qiita13631ASD","ASD Dan 2020",6,"balanced","Oscillospira",1,1,1,100,100,11217,TRUE,TRUE,FALSE,TRUE,TRUE,TRUE,TRUE,"no_observed_zeros","ok","",""
"Qiita13631ASD","ASD Dan 2020",6,"balanced","Parabacteroides",1,1,1,100,100,24821,TRUE,TRUE,FALSE,TRUE,TRUE,TRUE,TRUE,"no_observed_zeros","ok","",""
"Qiita13631ASD","ASD Dan 2020",6,"balanced","Paraprevotella",0.795,0.76,0.83,76,83,2185,TRUE,TRUE,TRUE,FALSE,TRUE,TRUE,TRUE,"ok","ok","",""
"Qiita13631ASD","ASD Dan 2020",6,"balanced","Phascolarctobacterium",1,1,1,100,100,10761,TRUE,TRUE,FALSE,TRUE,TRUE,TRUE,TRUE,"no_observed_zeros","ok","",""
"Qiita13631ASD","ASD Dan 2020",6,"balanced","Prevotella",1,1,1,100,100,50499,TRUE,TRUE,FALSE,TRUE,TRUE,TRUE,TRUE,"no_observed_zeros","ok","",""
"Qiita13631ASD","ASD Dan 2020",6,"balanced","Roseburia",1,1,1,100,100,13297,TRUE,TRUE,FALSE,TRUE,TRUE,TRUE,TRUE,"no_observed_zeros","ok","",""
"Qiita13631ASD","ASD Dan 2020",6,"balanced","Ruminococcus",1,1,1,100,100,28138,TRUE,TRUE,FALSE,TRUE,TRUE,TRUE,TRUE,"no_observed_zeros","ok","",""
"Qiita13631ASD","ASD Dan 2020",6,"balanced","Streptococcus",0.97,0.96,0.98,96,98,2447,TRUE,TRUE,TRUE,FALSE,TRUE,TRUE,TRUE,"ok","ok","",""
"Qiita13631ASD","ASD Dan 2020",6,"balanced","Sutterella",1,1,1,100,100,14640,TRUE,TRUE,FALSE,TRUE,TRUE,TRUE,TRUE,"no_observed_zeros","ok","",""
"Qiita13631ASD","ASD Dan 2020",6,"balanced","Veillonella",0.99,0.99,0.99,99,99,5945,TRUE,TRUE,FALSE,TRUE,TRUE,TRUE,TRUE,"structural_absence_boundary_at_zero","ok","",""
"Qiita13631ASD","ASD Dan 2020",6,"fourfold","[Prevotella]",0.475,0.32,0.63,32,63,1328,TRUE,TRUE,TRUE,FALSE,TRUE,TRUE,TRUE,"ok","ok","",""
"Qiita13631ASD","ASD Dan 2020",6,"fourfold","[Ruminococcus]",1,1,1,100,100,9948,TRUE,TRUE,FALSE,TRUE,TRUE,TRUE,TRUE,"no_observed_zeros","ok","",""
"Qiita13631ASD","ASD Dan 2020",6,"fourfold","Akkermansia",0.74,0.58,0.9,58,90,3454,TRUE,TRUE,FALSE,TRUE,TRUE,TRUE,TRUE,"structural_absence_boundary_at_zero","ok","",""
"Qiita13631ASD","ASD Dan 2020",6,"fourfold","Anaerostipes",0.945,0.92,0.97,92,97,2476,TRUE,TRUE,TRUE,FALSE,TRUE,TRUE,TRUE,"ok","ok","",""
"Qiita13631ASD","ASD Dan 2020",6,"fourfold","Bacteroides",1,1,1,100,100,292230,TRUE,TRUE,FALSE,TRUE,TRUE,TRUE,TRUE,"no_observed_zeros","ok","",""
"Qiita13631ASD","ASD Dan 2020",6,"fourfold","Bifidobacterium",0.925,0.87,0.98,87,98,8788,TRUE,TRUE,FALSE,TRUE,TRUE,TRUE,TRUE,"structural_absence_boundary_at_zero","ok","",""
"Qiita13631ASD","ASD Dan 2020",6,"fourfold","Bilophila",0.895,0.8,0.99,80,99,1524,TRUE,TRUE,FALSE,TRUE,TRUE,TRUE,TRUE,"structural_absence_boundary_at_zero","ok","",""
"Qiita13631ASD","ASD Dan 2020",6,"fourfold","Blautia",0.995,0.99,1,99,100,5422,TRUE,TRUE,FALSE,TRUE,TRUE,TRUE,TRUE,"structural_absence_boundary_at_zero","ok","",""
"Qiita13631ASD","ASD Dan 2020",6,"fourfold","Clostridium",1,1,1,100,100,9094,TRUE,TRUE,FALSE,TRUE,TRUE,TRUE,TRUE,"no_observed_zeros","ok","",""
"Qiita13631ASD","ASD Dan 2020",6,"fourfold","Collinsella",0.63,0.42,0.84,42,84,964,TRUE,TRUE,FALSE,TRUE,TRUE,TRUE,TRUE,"structural_absence_boundary_at_zero","ok","",""
"Qiita13631ASD","ASD Dan 2020",6,"fourfold","Coprococcus",0.985,0.97,1,97,100,6278,TRUE,TRUE,TRUE,FALSE,TRUE,TRUE,TRUE,"ok","ok","",""
"Qiita13631ASD","ASD Dan 2020",6,"fourfold","Dialister",0.99,0.98,1,98,100,22057,TRUE,TRUE,FALSE,TRUE,TRUE,TRUE,TRUE,"structural_absence_boundary_at_zero","ok","",""
"Qiita13631ASD","ASD Dan 2020",6,"fourfold","Dorea",0.99,0.98,1,98,100,4657,TRUE,TRUE,FALSE,TRUE,TRUE,TRUE,TRUE,"structural_absence_boundary_at_zero","ok","",""
"Qiita13631ASD","ASD Dan 2020",6,"fourfold","Faecalibacterium",1,1,1,100,100,76074,TRUE,TRUE,FALSE,TRUE,TRUE,TRUE,TRUE,"no_observed_zeros","ok","",""
"Qiita13631ASD","ASD Dan 2020",6,"fourfold","Fusobacterium",0.485,0.31,0.66,31,66,1429,TRUE,TRUE,FALSE,TRUE,TRUE,TRUE,TRUE,"structural_absence_boundary_at_zero","ok","",""
"Qiita13631ASD","ASD Dan 2020",6,"fourfold","Haemophilus",0.9,0.81,0.99,81,99,3811,TRUE,TRUE,FALSE,TRUE,TRUE,TRUE,TRUE,"structural_absence_boundary_at_zero","ok","",""
"Qiita13631ASD","ASD Dan 2020",6,"fourfold","Lachnobacterium",0.685,0.58,0.79,58,79,1033,TRUE,TRUE,FALSE,TRUE,TRUE,TRUE,TRUE,"structural_absence_boundary_at_zero","ok","",""
"Qiita13631ASD","ASD Dan 2020",6,"fourfold","Lachnospira",1,1,1,100,100,21899,TRUE,TRUE,FALSE,TRUE,TRUE,TRUE,TRUE,"no_observed_zeros","ok","",""
"Qiita13631ASD","ASD Dan 2020",6,"fourfold","Megamonas",0.975,0.95,1,95,100,18156,TRUE,TRUE,FALSE,TRUE,TRUE,TRUE,TRUE,"structural_absence_boundary_at_zero","ok","",""
"Qiita13631ASD","ASD Dan 2020",6,"fourfold","Megasphaera",0.835,0.76,0.91,76,91,3452,TRUE,TRUE,FALSE,TRUE,TRUE,TRUE,TRUE,"structural_absence_boundary_at_zero","ok","",""
"Qiita13631ASD","ASD Dan 2020",6,"fourfold","Oscillospira",0.995,0.99,1,99,100,10672,TRUE,TRUE,TRUE,FALSE,TRUE,TRUE,TRUE,"ok","ok","",""
"Qiita13631ASD","ASD Dan 2020",6,"fourfold","Parabacteroides",0.995,0.99,1,99,100,23651,TRUE,TRUE,TRUE,FALSE,TRUE,TRUE,TRUE,"ok","ok","",""
"Qiita13631ASD","ASD Dan 2020",6,"fourfold","Paraprevotella",0.71,0.53,0.89,53,89,2284,TRUE,TRUE,TRUE,FALSE,TRUE,TRUE,TRUE,"ok","ok","",""
"Qiita13631ASD","ASD Dan 2020",6,"fourfold","Phascolarctobacterium",0.975,0.95,1,95,100,11739,TRUE,TRUE,FALSE,TRUE,TRUE,TRUE,TRUE,"structural_absence_boundary_at_zero","ok","",""
"Qiita13631ASD","ASD Dan 2020",6,"fourfold","Prevotella",0.985,0.97,1,97,100,51740,TRUE,TRUE,FALSE,TRUE,TRUE,TRUE,TRUE,"structural_absence_boundary_at_zero","ok","",""
"Qiita13631ASD","ASD Dan 2020",6,"fourfold","Roseburia",0.995,0.99,1,99,100,12332,TRUE,TRUE,FALSE,TRUE,TRUE,TRUE,TRUE,"structural_absence_boundary_at_zero","ok","",""
"Qiita13631ASD","ASD Dan 2020",6,"fourfold","Ruminococcus",0.995,0.99,1,99,100,26035,TRUE,TRUE,TRUE,FALSE,TRUE,TRUE,TRUE,"ok","ok","",""
"Qiita13631ASD","ASD Dan 2020",6,"fourfold","Streptococcus",0.935,0.88,0.99,88,99,2145,TRUE,TRUE,FALSE,TRUE,TRUE,TRUE,TRUE,"structural_absence_boundary_at_zero","ok","",""
"Qiita13631ASD","ASD Dan 2020",6,"fourfold","Sutterella",1,1,1,100,100,13677,TRUE,TRUE,FALSE,TRUE,TRUE,TRUE,TRUE,"no_observed_zeros","ok","",""
"Qiita13631ASD","ASD Dan 2020",6,"fourfold","Veillonella",0.965,0.93,1,93,100,4106,TRUE,TRUE,FALSE,TRUE,TRUE,TRUE,TRUE,"structural_absence_boundary_at_zero","ok","",""
"Qiita13631ASD","ASD Dan 2020",7,"balanced","[Prevotella]",0.525,0.57,0.48,57,48,1266,TRUE,TRUE,TRUE,FALSE,TRUE,TRUE,TRUE,"ok","ok","",""
"Qiita13631ASD","ASD Dan 2020",7,"balanced","[Ruminococcus]",1,1,1,100,100,11517,TRUE,TRUE,FALSE,TRUE,TRUE,TRUE,TRUE,"no_observed_zeros","ok","",""
"Qiita13631ASD","ASD Dan 2020",7,"balanced","Akkermansia",0.785,0.76,0.81,76,81,4492,TRUE,TRUE,FALSE,TRUE,TRUE,TRUE,TRUE,"structural_absence_boundary_at_zero","ok","",""
"Qiita13631ASD","ASD Dan 2020",7,"balanced","Anaerostipes",0.97,0.98,0.96,98,96,2927,TRUE,TRUE,TRUE,FALSE,TRUE,TRUE,TRUE,"ok","ok","",""
"Qiita13631ASD","ASD Dan 2020",7,"balanced","Bacteroides",1,1,1,100,100,307073,TRUE,TRUE,FALSE,TRUE,TRUE,TRUE,TRUE,"no_observed_zeros","ok","",""
"Qiita13631ASD","ASD Dan 2020",7,"balanced","Bifidobacterium",0.975,0.97,0.98,97,98,9880,TRUE,TRUE,FALSE,TRUE,TRUE,TRUE,TRUE,"structural_absence_boundary_at_zero","ok","",""
"Qiita13631ASD","ASD Dan 2020",7,"balanced","Bilophila",0.96,0.95,0.97,95,97,1503,TRUE,TRUE,FALSE,TRUE,TRUE,TRUE,TRUE,"structural_absence_boundary_at_zero","ok","",""
"Qiita13631ASD","ASD Dan 2020",7,"balanced","Blautia",1,1,1,100,100,6382,TRUE,TRUE,FALSE,TRUE,TRUE,TRUE,TRUE,"no_observed_zeros","ok","",""
"Qiita13631ASD","ASD Dan 2020",7,"balanced","Clostridium",0.995,0.99,1,99,100,8797,TRUE,TRUE,FALSE,TRUE,TRUE,TRUE,TRUE,"structural_absence_boundary_at_zero","ok","",""
"Qiita13631ASD","ASD Dan 2020",7,"balanced","Collinsella",0.715,0.71,0.72,71,72,923,TRUE,TRUE,FALSE,TRUE,TRUE,TRUE,TRUE,"structural_absence_boundary_at_zero","ok","",""
"Qiita13631ASD","ASD Dan 2020",7,"balanced","Coprococcus",0.99,0.99,0.99,99,99,7031,TRUE,TRUE,TRUE,FALSE,TRUE,TRUE,TRUE,"ok","ok","",""
"Qiita13631ASD","ASD Dan 2020",7,"balanced","Dialister",1,1,1,100,100,21466,TRUE,TRUE,FALSE,TRUE,TRUE,TRUE,TRUE,"no_observed_zeros","ok","",""
"Qiita13631ASD","ASD Dan 2020",7,"balanced","Dorea",1,1,1,100,100,5534,TRUE,TRUE,FALSE,TRUE,TRUE,TRUE,TRUE,"no_observed_zeros","ok","",""
"Qiita13631ASD","ASD Dan 2020",7,"balanced","Faecalibacterium",1,1,1,100,100,78316,TRUE,TRUE,FALSE,TRUE,TRUE,TRUE,TRUE,"no_observed_zeros","ok","",""
"Qiita13631ASD","ASD Dan 2020",7,"balanced","Fusobacterium",0.535,0.46,0.61,46,61,1510,TRUE,TRUE,FALSE,TRUE,TRUE,TRUE,TRUE,"structural_absence_boundary_at_zero","ok","",""
"Qiita13631ASD","ASD Dan 2020",7,"balanced","Haemophilus",0.985,0.98,0.99,98,99,5546,TRUE,TRUE,FALSE,TRUE,TRUE,TRUE,TRUE,"structural_absence_boundary_at_zero","ok","",""
"Qiita13631ASD","ASD Dan 2020",7,"balanced","Lachnobacterium",0.725,0.73,0.72,73,72,1036,TRUE,TRUE,TRUE,FALSE,TRUE,TRUE,TRUE,"ok","ok","",""
"Qiita13631ASD","ASD Dan 2020",7,"balanced","Lachnospira",1,1,1,100,100,25205,TRUE,TRUE,FALSE,TRUE,TRUE,TRUE,TRUE,"no_observed_zeros","ok","",""
"Qiita13631ASD","ASD Dan 2020",7,"balanced","Megamonas",0.98,0.98,0.98,98,98,18280,TRUE,TRUE,FALSE,TRUE,TRUE,TRUE,TRUE,"structural_absence_boundary_at_zero","ok","",""
"Qiita13631ASD","ASD Dan 2020",7,"balanced","Megasphaera",0.86,0.84,0.88,84,88,3691,TRUE,TRUE,FALSE,TRUE,TRUE,TRUE,TRUE,"structural_absence_boundary_at_zero","ok","",""
"Qiita13631ASD","ASD Dan 2020",7,"balanced","Oscillospira",1,1,1,100,100,10829,TRUE,TRUE,FALSE,TRUE,TRUE,TRUE,TRUE,"no_observed_zeros","ok","",""
"Qiita13631ASD","ASD Dan 2020",7,"balanced","Parabacteroides",1,1,1,100,100,23890,TRUE,TRUE,FALSE,TRUE,TRUE,TRUE,TRUE,"no_observed_zeros","ok","",""
"Qiita13631ASD","ASD Dan 2020",7,"balanced","Paraprevotella",0.815,0.8,0.83,80,83,1928,TRUE,TRUE,TRUE,FALSE,TRUE,TRUE,TRUE,"ok","ok","",""
"Qiita13631ASD","ASD Dan 2020",7,"balanced","Phascolarctobacterium",0.99,1,0.98,100,98,10705,TRUE,TRUE,TRUE,FALSE,TRUE,TRUE,TRUE,"ok","ok","",""
"Qiita13631ASD","ASD Dan 2020",7,"balanced","Prevotella",0.995,1,0.99,100,99,56382,TRUE,TRUE,FALSE,TRUE,TRUE,TRUE,TRUE,"structural_absence_boundary_at_zero","ok","",""
"Qiita13631ASD","ASD Dan 2020",7,"balanced","Roseburia",1,1,1,100,100,12759,TRUE,TRUE,FALSE,TRUE,TRUE,TRUE,TRUE,"no_observed_zeros","ok","",""
"Qiita13631ASD","ASD Dan 2020",7,"balanced","Ruminococcus",1,1,1,100,100,28693,TRUE,TRUE,FALSE,TRUE,TRUE,TRUE,TRUE,"no_observed_zeros","ok","",""
"Qiita13631ASD","ASD Dan 2020",7,"balanced","Streptococcus",0.98,0.97,0.99,97,99,2581,TRUE,TRUE,FALSE,TRUE,TRUE,TRUE,TRUE,"structural_absence_boundary_at_zero","ok","",""
"Qiita13631ASD","ASD Dan 2020",7,"balanced","Sutterella",1,1,1,100,100,14524,TRUE,TRUE,FALSE,TRUE,TRUE,TRUE,TRUE,"no_observed_zeros","ok","",""
"Qiita13631ASD","ASD Dan 2020",7,"balanced","Veillonella",0.98,0.97,0.99,97,99,7270,TRUE,TRUE,FALSE,TRUE,TRUE,TRUE,TRUE,"structural_absence_boundary_at_zero","ok","",""
"Qiita13631ASD","ASD Dan 2020",7,"fourfold","[Prevotella]",0.465,0.4,0.53,40,53,1310,TRUE,TRUE,TRUE,FALSE,TRUE,TRUE,TRUE,"ok","ok","",""
"Qiita13631ASD","ASD Dan 2020",7,"fourfold","[Ruminococcus]",1,1,1,100,100,11341,TRUE,TRUE,FALSE,TRUE,TRUE,TRUE,TRUE,"no_observed_zeros","ok","",""
"Qiita13631ASD","ASD Dan 2020",7,"fourfold","Akkermansia",0.755,0.68,0.83,68,83,2563,TRUE,TRUE,FALSE,TRUE,TRUE,TRUE,TRUE,"structural_absence_boundary_at_zero","ok","",""
"Qiita13631ASD","ASD Dan 2020",7,"fourfold","Anaerostipes",0.91,0.85,0.97,85,97,2703,TRUE,TRUE,TRUE,FALSE,TRUE,TRUE,TRUE,"ok","ok","",""
"Qiita13631ASD","ASD Dan 2020",7,"fourfold","Bacteroides",1,1,1,100,100,296912,TRUE,TRUE,FALSE,TRUE,TRUE,TRUE,TRUE,"no_observed_zeros","ok","",""
"Qiita13631ASD","ASD Dan 2020",7,"fourfold","Bifidobacterium",0.94,0.88,1,88,100,8529,TRUE,TRUE,FALSE,TRUE,TRUE,TRUE,TRUE,"structural_absence_boundary_at_zero","ok","",""
"Qiita13631ASD","ASD Dan 2020",7,"fourfold","Bilophila",0.92,0.84,1,84,100,1365,TRUE,TRUE,FALSE,TRUE,TRUE,TRUE,TRUE,"structural_absence_boundary_at_zero","ok","",""
"Qiita13631ASD","ASD Dan 2020",7,"fourfold","Blautia",1,1,1,100,100,5689,TRUE,TRUE,FALSE,TRUE,TRUE,TRUE,TRUE,"no_observed_zeros","ok","",""
"Qiita13631ASD","ASD Dan 2020",7,"fourfold","Clostridium",0.995,0.99,1,99,100,7797,TRUE,TRUE,FALSE,TRUE,TRUE,TRUE,TRUE,"structural_absence_boundary_at_zero","ok","",""
"Qiita13631ASD","ASD Dan 2020",7,"fourfold","Collinsella",0.675,0.58,0.77,58,77,811,TRUE,TRUE,FALSE,TRUE,TRUE,TRUE,TRUE,"structural_absence_boundary_at_zero","ok","",""
"Qiita13631ASD","ASD Dan 2020",7,"fourfold","Coprococcus",1,1,1,100,100,6536,TRUE,TRUE,FALSE,TRUE,TRUE,TRUE,TRUE,"no_observed_zeros","ok","",""
"Qiita13631ASD","ASD Dan 2020",7,"fourfold","Dialister",0.995,0.99,1,99,100,20997,TRUE,TRUE,FALSE,TRUE,TRUE,TRUE,TRUE,"structural_absence_boundary_at_zero","ok","",""
"Qiita13631ASD","ASD Dan 2020",7,"fourfold","Dorea",0.985,0.97,1,97,100,5124,TRUE,TRUE,FALSE,TRUE,TRUE,TRUE,TRUE,"structural_absence_boundary_at_zero","ok","",""
"Qiita13631ASD","ASD Dan 2020",7,"fourfold","Faecalibacterium",1,1,1,100,100,77117,TRUE,TRUE,FALSE,TRUE,TRUE,TRUE,TRUE,"no_observed_zeros","ok","",""
"Qiita13631ASD","ASD Dan 2020",7,"fourfold","Fusobacterium",0.46,0.26,0.66,26,66,2836,TRUE,TRUE,FALSE,TRUE,TRUE,TRUE,TRUE,"structural_absence_boundary_at_zero","ok","",""
"Qiita13631ASD","ASD Dan 2020",7,"fourfold","Haemophilus",0.935,0.88,0.99,88,99,4458,TRUE,TRUE,FALSE,TRUE,TRUE,TRUE,TRUE,"structural_absence_boundary_at_zero","ok","",""
"Qiita13631ASD","ASD Dan 2020",7,"fourfold","Lachnobacterium",0.635,0.51,0.76,51,76,1209,TRUE,TRUE,TRUE,FALSE,TRUE,TRUE,TRUE,"ok","ok","",""
"Qiita13631ASD","ASD Dan 2020",7,"fourfold","Lachnospira",1,1,1,100,100,23371,TRUE,TRUE,FALSE,TRUE,TRUE,TRUE,TRUE,"no_observed_zeros","ok","",""
"Qiita13631ASD","ASD Dan 2020",7,"fourfold","Megamonas",0.955,0.91,1,91,100,14734,TRUE,TRUE,FALSE,TRUE,TRUE,TRUE,TRUE,"structural_absence_boundary_at_zero","ok","",""
"Qiita13631ASD","ASD Dan 2020",7,"fourfold","Megasphaera",0.805,0.68,0.93,68,93,2728,TRUE,TRUE,FALSE,TRUE,TRUE,TRUE,TRUE,"structural_absence_boundary_at_zero","ok","",""
"Qiita13631ASD","ASD Dan 2020",7,"fourfold","Oscillospira",1,1,1,100,100,10178,TRUE,TRUE,FALSE,TRUE,TRUE,TRUE,TRUE,"no_observed_zeros","ok","",""
"Qiita13631ASD","ASD Dan 2020",7,"fourfold","Parabacteroides",1,1,1,100,100,22229,TRUE,TRUE,FALSE,TRUE,TRUE,TRUE,TRUE,"no_observed_zeros","ok","",""
"Qiita13631ASD","ASD Dan 2020",7,"fourfold","Paraprevotella",0.745,0.59,0.9,59,90,2445,TRUE,TRUE,TRUE,FALSE,TRUE,TRUE,TRUE,"ok","ok","",""
"Qiita13631ASD","ASD Dan 2020",7,"fourfold","Phascolarctobacterium",0.975,0.95,1,95,100,8347,TRUE,TRUE,FALSE,TRUE,TRUE,TRUE,TRUE,"structural_absence_boundary_at_zero","ok","",""
"Qiita13631ASD","ASD Dan 2020",7,"fourfold","Prevotella",0.98,0.97,0.99,97,99,43048,TRUE,TRUE,TRUE,FALSE,TRUE,TRUE,TRUE,"ok","ok","",""
"Qiita13631ASD","ASD Dan 2020",7,"fourfold","Roseburia",0.995,0.99,1,99,100,11633,TRUE,TRUE,TRUE,FALSE,TRUE,TRUE,TRUE,"ok","ok","",""
"Qiita13631ASD","ASD Dan 2020",7,"fourfold","Ruminococcus",1,1,1,100,100,24891,TRUE,TRUE,FALSE,TRUE,TRUE,TRUE,TRUE,"no_observed_zeros","ok","",""
"Qiita13631ASD","ASD Dan 2020",7,"fourfold","Streptococcus",0.925,0.86,0.99,86,99,2526,TRUE,TRUE,FALSE,TRUE,TRUE,TRUE,TRUE,"structural_absence_boundary_at_zero","ok","",""
"Qiita13631ASD","ASD Dan 2020",7,"fourfold","Sutterella",1,1,1,100,100,13587,TRUE,TRUE,FALSE,TRUE,TRUE,TRUE,TRUE,"no_observed_zeros","ok","",""
"Qiita13631ASD","ASD Dan 2020",7,"fourfold","Veillonella",0.965,0.93,1,93,100,7307,TRUE,TRUE,FALSE,TRUE,TRUE,TRUE,TRUE,"structural_absence_boundary_at_zero","ok","",""
"Qiita13631ASD","ASD Dan 2020",8,"balanced","[Prevotella]",0.525,0.47,0.58,47,58,1758,TRUE,TRUE,TRUE,FALSE,TRUE,TRUE,TRUE,"ok","ok","",""
"Qiita13631ASD","ASD Dan 2020",8,"balanced","[Ruminococcus]",0.995,0.99,1,99,100,12076,TRUE,TRUE,TRUE,FALSE,TRUE,TRUE,TRUE,"ok","ok","",""
"Qiita13631ASD","ASD Dan 2020",8,"balanced","Akkermansia",0.75,0.76,0.74,76,74,3307,TRUE,TRUE,FALSE,TRUE,TRUE,TRUE,TRUE,"structural_absence_boundary_at_zero","ok","",""
"Qiita13631ASD","ASD Dan 2020",8,"balanced","Anaerostipes",0.965,0.97,0.96,97,96,2547,TRUE,TRUE,TRUE,FALSE,TRUE,TRUE,TRUE,"ok","ok","",""
"Qiita13631ASD","ASD Dan 2020",8,"balanced","Bacteroides",1,1,1,100,100,310263,TRUE,TRUE,FALSE,TRUE,TRUE,TRUE,TRUE,"no_observed_zeros","ok","",""
"Qiita13631ASD","ASD Dan 2020",8,"balanced","Bifidobacterium",0.975,0.98,0.97,98,97,8125,TRUE,TRUE,FALSE,TRUE,TRUE,TRUE,TRUE,"structural_absence_boundary_at_zero","ok","",""
"Qiita13631ASD","ASD Dan 2020",8,"balanced","Bilophila",0.96,0.97,0.95,97,95,1536,TRUE,TRUE,FALSE,TRUE,TRUE,TRUE,TRUE,"structural_absence_boundary_at_zero","ok","",""
"Qiita13631ASD","ASD Dan 2020",8,"balanced","Blautia",0.995,0.99,1,99,100,5741,TRUE,TRUE,FALSE,TRUE,TRUE,TRUE,TRUE,"structural_absence_boundary_at_zero","ok","",""
"Qiita13631ASD","ASD Dan 2020",8,"balanced","Clostridium",1,1,1,100,100,8958,TRUE,TRUE,FALSE,TRUE,TRUE,TRUE,TRUE,"no_observed_zeros","ok","",""
"Qiita13631ASD","ASD Dan 2020",8,"balanced","Collinsella",0.745,0.72,0.77,72,77,1015,TRUE,TRUE,FALSE,TRUE,TRUE,TRUE,TRUE,"structural_absence_boundary_at_zero","ok","",""
"Qiita13631ASD","ASD Dan 2020",8,"balanced","Coprococcus",0.995,0.99,1,99,100,7129,TRUE,TRUE,FALSE,TRUE,TRUE,TRUE,TRUE,"structural_absence_boundary_at_zero","ok","",""
"Qiita13631ASD","ASD Dan 2020",8,"balanced","Dialister",1,1,1,100,100,25317,TRUE,TRUE,FALSE,TRUE,TRUE,TRUE,TRUE,"no_observed_zeros","ok","",""
"Qiita13631ASD","ASD Dan 2020",8,"balanced","Dorea",1,1,1,100,100,5330,TRUE,TRUE,FALSE,TRUE,TRUE,TRUE,TRUE,"no_observed_zeros","ok","",""
"Qiita13631ASD","ASD Dan 2020",8,"balanced","Faecalibacterium",1,1,1,100,100,75375,TRUE,TRUE,FALSE,TRUE,TRUE,TRUE,TRUE,"no_observed_zeros","ok","",""
"Qiita13631ASD","ASD Dan 2020",8,"balanced","Fusobacterium",0.525,0.46,0.59,46,59,1260,TRUE,TRUE,FALSE,TRUE,TRUE,TRUE,TRUE,"structural_absence_boundary_at_zero","ok","",""
"Qiita13631ASD","ASD Dan 2020",8,"balanced","Haemophilus",0.965,0.95,0.98,95,98,5616,TRUE,TRUE,FALSE,TRUE,TRUE,TRUE,TRUE,"structural_absence_boundary_at_zero","ok","",""
"Qiita13631ASD","ASD Dan 2020",8,"balanced","Lachnobacterium",0.695,0.7,0.69,70,69,1245,TRUE,TRUE,TRUE,FALSE,TRUE,TRUE,TRUE,"ok","ok","",""
"Qiita13631ASD","ASD Dan 2020",8,"balanced","Lachnospira",1,1,1,100,100,25862,TRUE,TRUE,FALSE,TRUE,TRUE,TRUE,TRUE,"no_observed_zeros","ok","",""
"Qiita13631ASD","ASD Dan 2020",8,"balanced","Megamonas",0.995,0.99,1,99,100,18674,TRUE,TRUE,FALSE,TRUE,TRUE,TRUE,TRUE,"structural_absence_boundary_at_zero","ok","",""
"Qiita13631ASD","ASD Dan 2020",8,"balanced","Megasphaera",0.875,0.88,0.87,88,87,3267,TRUE,TRUE,FALSE,TRUE,TRUE,TRUE,TRUE,"structural_absence_boundary_at_zero","ok","",""
"Qiita13631ASD","ASD Dan 2020",8,"balanced","Oscillospira",1,1,1,100,100,11235,TRUE,TRUE,FALSE,TRUE,TRUE,TRUE,TRUE,"no_observed_zeros","ok","",""
"Qiita13631ASD","ASD Dan 2020",8,"balanced","Parabacteroides",1,1,1,100,100,24386,TRUE,TRUE,FALSE,TRUE,TRUE,TRUE,TRUE,"no_observed_zeros","ok","",""
"Qiita13631ASD","ASD Dan 2020",8,"balanced","Paraprevotella",0.845,0.82,0.87,82,87,2272,TRUE,TRUE,TRUE,FALSE,TRUE,TRUE,TRUE,"ok","ok","",""
"Qiita13631ASD","ASD Dan 2020",8,"balanced","Phascolarctobacterium",0.99,0.98,1,98,100,10057,TRUE,TRUE,FALSE,TRUE,TRUE,TRUE,TRUE,"structural_absence_boundary_at_zero","ok","",""
"Qiita13631ASD","ASD Dan 2020",8,"balanced","Prevotella",0.995,0.99,1,99,100,47978,TRUE,TRUE,FALSE,TRUE,TRUE,TRUE,TRUE,"structural_absence_boundary_at_zero","ok","",""
"Qiita13631ASD","ASD Dan 2020",8,"balanced","Roseburia",0.99,0.98,1,98,100,12549,TRUE,TRUE,TRUE,FALSE,TRUE,TRUE,TRUE,"ok","ok","",""
"Qiita13631ASD","ASD Dan 2020",8,"balanced","Ruminococcus",1,1,1,100,100,27366,TRUE,TRUE,FALSE,TRUE,TRUE,TRUE,TRUE,"no_observed_zeros","ok","",""
"Qiita13631ASD","ASD Dan 2020",8,"balanced","Streptococcus",0.985,0.99,0.98,99,98,2571,TRUE,TRUE,FALSE,TRUE,TRUE,TRUE,TRUE,"structural_absence_boundary_at_zero","ok","",""
"Qiita13631ASD","ASD Dan 2020",8,"balanced","Sutterella",1,1,1,100,100,14604,TRUE,TRUE,FALSE,TRUE,TRUE,TRUE,TRUE,"no_observed_zeros","ok","",""
"Qiita13631ASD","ASD Dan 2020",8,"balanced","Veillonella",0.99,0.98,1,98,100,6523,TRUE,TRUE,FALSE,TRUE,TRUE,TRUE,TRUE,"structural_absence_boundary_at_zero","ok","",""
"Qiita13631ASD","ASD Dan 2020",8,"fourfold","[Prevotella]",0.5,0.37,0.63,37,63,1311,TRUE,TRUE,TRUE,FALSE,TRUE,TRUE,TRUE,"ok","ok","",""
"Qiita13631ASD","ASD Dan 2020",8,"fourfold","[Ruminococcus]",1,1,1,100,100,9657,TRUE,TRUE,FALSE,TRUE,TRUE,TRUE,TRUE,"no_observed_zeros","ok","",""
"Qiita13631ASD","ASD Dan 2020",8,"fourfold","Akkermansia",0.745,0.63,0.86,63,86,3278,TRUE,TRUE,FALSE,TRUE,TRUE,TRUE,TRUE,"structural_absence_boundary_at_zero","ok","",""
"Qiita13631ASD","ASD Dan 2020",8,"fourfold","Anaerostipes",0.92,0.86,0.98,86,98,2398,TRUE,TRUE,TRUE,FALSE,TRUE,TRUE,TRUE,"ok","ok","",""
"Qiita13631ASD","ASD Dan 2020",8,"fourfold","Bacteroides",1,1,1,100,100,267569,TRUE,TRUE,FALSE,TRUE,TRUE,TRUE,TRUE,"no_observed_zeros","ok","",""
"Qiita13631ASD","ASD Dan 2020",8,"fourfold","Bifidobacterium",0.925,0.85,1,85,100,5570,TRUE,TRUE,FALSE,TRUE,TRUE,TRUE,TRUE,"structural_absence_boundary_at_zero","ok","",""
"Qiita13631ASD","ASD Dan 2020",8,"fourfold","Bilophila",0.9,0.83,0.97,83,97,1366,TRUE,TRUE,FALSE,TRUE,TRUE,TRUE,TRUE,"structural_absence_boundary_at_zero","ok","",""
"Qiita13631ASD","ASD Dan 2020",8,"fourfold","Blautia",0.995,0.99,1,99,100,4760,TRUE,TRUE,FALSE,TRUE,TRUE,TRUE,TRUE,"structural_absence_boundary_at_zero","ok","",""
"Qiita13631ASD","ASD Dan 2020",8,"fourfold","Clostridium",0.995,0.99,1,99,100,7175,TRUE,TRUE,FALSE,TRUE,TRUE,TRUE,TRUE,"structural_absence_boundary_at_zero","ok","",""
"Qiita13631ASD","ASD Dan 2020",8,"fourfold","Collinsella",0.66,0.47,0.85,47,85,889,TRUE,TRUE,FALSE,TRUE,TRUE,TRUE,TRUE,"structural_absence_boundary_at_zero","ok","",""
"Qiita13631ASD","ASD Dan 2020",8,"fourfold","Coprococcus",0.99,0.98,1,98,100,5803,TRUE,TRUE,FALSE,TRUE,TRUE,TRUE,TRUE,"structural_absence_boundary_at_zero","ok","",""
"Qiita13631ASD","ASD Dan 2020",8,"fourfold","Dialister",0.99,0.98,1,98,100,20742,TRUE,TRUE,FALSE,TRUE,TRUE,TRUE,TRUE,"structural_absence_boundary_at_zero","ok","",""
"Qiita13631ASD","ASD Dan 2020",8,"fourfold","Dorea",0.985,0.97,1,97,100,4458,TRUE,TRUE,FALSE,TRUE,TRUE,TRUE,TRUE,"structural_absence_boundary_at_zero","ok","",""
"Qiita13631ASD","ASD Dan 2020",8,"fourfold","Faecalibacterium",1,1,1,100,100,69492,TRUE,TRUE,FALSE,TRUE,TRUE,TRUE,TRUE,"no_observed_zeros","ok","",""
"Qiita13631ASD","ASD Dan 2020",8,"fourfold","Fusobacterium",0.445,0.3,0.59,30,59,1435,TRUE,TRUE,FALSE,TRUE,TRUE,TRUE,TRUE,"structural_absence_boundary_at_zero","ok","",""
"Qiita13631ASD","ASD Dan 2020",8,"fourfold","Haemophilus",0.945,0.9,0.99,90,99,6230,TRUE,TRUE,FALSE,TRUE,TRUE,TRUE,TRUE,"structural_absence_boundary_at_zero","ok","",""
"Qiita13631ASD","ASD Dan 2020",8,"fourfold","Lachnobacterium",0.66,0.54,0.78,54,78,1019,TRUE,TRUE,TRUE,FALSE,TRUE,TRUE,TRUE,"ok","ok","",""
"Qiita13631ASD","ASD Dan 2020",8,"fourfold","Lachnospira",1,1,1,100,100,22271,TRUE,TRUE,FALSE,TRUE,TRUE,TRUE,TRUE,"no_observed_zeros","ok","",""
"Qiita13631ASD","ASD Dan 2020",8,"fourfold","Megamonas",0.96,0.92,1,92,100,15325,TRUE,TRUE,FALSE,TRUE,TRUE,TRUE,TRUE,"structural_absence_boundary_at_zero","ok","",""
"Qiita13631ASD","ASD Dan 2020",8,"fourfold","Megasphaera",0.805,0.7,0.91,70,91,2493,TRUE,TRUE,FALSE,TRUE,TRUE,TRUE,TRUE,"structural_absence_boundary_at_zero","ok","",""
"Qiita13631ASD","ASD Dan 2020",8,"fourfold","Oscillospira",0.995,0.99,1,99,100,9443,TRUE,TRUE,TRUE,FALSE,TRUE,TRUE,TRUE,"ok","ok","",""
"Qiita13631ASD","ASD Dan 2020",8,"fourfold","Parabacteroides",1,1,1,100,100,21125,TRUE,TRUE,FALSE,TRUE,TRUE,TRUE,TRUE,"no_observed_zeros","ok","",""
"Qiita13631ASD","ASD Dan 2020",8,"fourfold","Paraprevotella",0.7,0.52,0.88,52,88,1891,TRUE,TRUE,TRUE,FALSE,TRUE,TRUE,TRUE,"ok","ok","",""
"Qiita13631ASD","ASD Dan 2020",8,"fourfold","Phascolarctobacterium",0.98,0.97,0.99,97,99,12620,TRUE,TRUE,FALSE,TRUE,TRUE,TRUE,TRUE,"structural_absence_boundary_at_zero","ok","",""
"Qiita13631ASD","ASD Dan 2020",8,"fourfold","Prevotella",0.995,0.99,1,99,100,43474,TRUE,TRUE,FALSE,TRUE,TRUE,TRUE,TRUE,"structural_absence_boundary_at_zero","ok","",""
"Qiita13631ASD","ASD Dan 2020",8,"fourfold","Roseburia",1,1,1,100,100,11145,TRUE,TRUE,FALSE,TRUE,TRUE,TRUE,TRUE,"no_observed_zeros","ok","",""
"Qiita13631ASD","ASD Dan 2020",8,"fourfold","Ruminococcus",0.99,0.98,1,98,100,22555,TRUE,TRUE,TRUE,FALSE,TRUE,TRUE,TRUE,"ok","ok","",""
"Qiita13631ASD","ASD Dan 2020",8,"fourfold","Streptococcus",0.93,0.87,0.99,87,99,2248,TRUE,TRUE,TRUE,FALSE,TRUE,TRUE,TRUE,"ok","ok","",""
"Qiita13631ASD","ASD Dan 2020",8,"fourfold","Sutterella",1,1,1,100,100,12218,TRUE,TRUE,FALSE,TRUE,TRUE,TRUE,TRUE,"no_observed_zeros","ok","",""
"Qiita13631ASD","ASD Dan 2020",8,"fourfold","Veillonella",0.965,0.94,0.99,94,99,4642,TRUE,TRUE,FALSE,TRUE,TRUE,TRUE,TRUE,"structural_absence_boundary_at_zero","ok","",""
"Qiita13631ASD","ASD Dan 2020",9,"balanced","[Prevotella]",0.53,0.52,0.54,52,54,1469,TRUE,TRUE,TRUE,FALSE,TRUE,TRUE,TRUE,"ok","ok","",""
"Qiita13631ASD","ASD Dan 2020",9,"balanced","[Ruminococcus]",1,1,1,100,100,11871,TRUE,TRUE,FALSE,TRUE,TRUE,TRUE,TRUE,"no_observed_zeros","ok","",""
"Qiita13631ASD","ASD Dan 2020",9,"balanced","Akkermansia",0.805,0.79,0.82,79,82,4283,TRUE,TRUE,FALSE,TRUE,TRUE,TRUE,TRUE,"structural_absence_boundary_at_zero","ok","",""
"Qiita13631ASD","ASD Dan 2020",9,"balanced","Anaerostipes",0.975,0.97,0.98,97,98,2833,TRUE,TRUE,TRUE,FALSE,TRUE,TRUE,TRUE,"ok","ok","",""
"Qiita13631ASD","ASD Dan 2020",9,"balanced","Bacteroides",1,1,1,100,100,318757,TRUE,TRUE,FALSE,TRUE,TRUE,TRUE,TRUE,"no_observed_zeros","ok","",""
"Qiita13631ASD","ASD Dan 2020",9,"balanced","Bifidobacterium",0.99,0.98,1,98,100,8778,TRUE,TRUE,FALSE,TRUE,TRUE,TRUE,TRUE,"structural_absence_boundary_at_zero","ok","",""
"Qiita13631ASD","ASD Dan 2020",9,"balanced","Bilophila",0.935,0.91,0.96,91,96,1612,TRUE,TRUE,TRUE,FALSE,TRUE,TRUE,TRUE,"ok","ok","",""
"Qiita13631ASD","ASD Dan 2020",9,"balanced","Blautia",1,1,1,100,100,5370,TRUE,TRUE,FALSE,TRUE,TRUE,TRUE,TRUE,"no_observed_zeros","ok","",""
"Qiita13631ASD","ASD Dan 2020",9,"balanced","Clostridium",1,1,1,100,100,8891,TRUE,TRUE,FALSE,TRUE,TRUE,TRUE,TRUE,"no_observed_zeros","ok","",""
"Qiita13631ASD","ASD Dan 2020",9,"balanced","Collinsella",0.755,0.75,0.76,75,76,1165,TRUE,TRUE,FALSE,TRUE,TRUE,TRUE,TRUE,"structural_absence_boundary_at_zero","ok","",""
"Qiita13631ASD","ASD Dan 2020",9,"balanced","Coprococcus",1,1,1,100,100,6968,TRUE,TRUE,FALSE,TRUE,TRUE,TRUE,TRUE,"no_observed_zeros","ok","",""
"Qiita13631ASD","ASD Dan 2020",9,"balanced","Dialister",1,1,1,100,100,21169,TRUE,TRUE,FALSE,TRUE,TRUE,TRUE,TRUE,"no_observed_zeros","ok","",""
"Qiita13631ASD","ASD Dan 2020",9,"balanced","Dorea",0.995,0.99,1,99,100,5602,TRUE,TRUE,TRUE,FALSE,TRUE,TRUE,TRUE,"ok","ok","",""
"Qiita13631ASD","ASD Dan 2020",9,"balanced","Faecalibacterium",1,1,1,100,100,77492,TRUE,TRUE,FALSE,TRUE,TRUE,TRUE,TRUE,"no_observed_zeros","ok","",""
"Qiita13631ASD","ASD Dan 2020",9,"balanced","Fusobacterium",0.52,0.54,0.5,54,50,1073,TRUE,TRUE,FALSE,TRUE,TRUE,TRUE,TRUE,"structural_absence_boundary_at_zero","ok","",""
"Qiita13631ASD","ASD Dan 2020",9,"balanced","Haemophilus",0.985,0.97,1,97,100,4989,TRUE,TRUE,FALSE,TRUE,TRUE,TRUE,TRUE,"structural_absence_boundary_at_zero","ok","",""
"Qiita13631ASD","ASD Dan 2020",9,"balanced","Lachnobacterium",0.72,0.73,0.71,73,71,1170,TRUE,TRUE,TRUE,FALSE,TRUE,TRUE,TRUE,"ok","ok","",""
"Qiita13631ASD","ASD Dan 2020",9,"balanced","Lachnospira",1,1,1,100,100,26668,TRUE,TRUE,FALSE,TRUE,TRUE,TRUE,TRUE,"no_observed_zeros","ok","",""
"Qiita13631ASD","ASD Dan 2020",9,"balanced","Megamonas",0.98,0.98,0.98,98,98,19650,TRUE,TRUE,FALSE,TRUE,TRUE,TRUE,TRUE,"structural_absence_boundary_at_zero","ok","",""
"Qiita13631ASD","ASD Dan 2020",9,"balanced","Megasphaera",0.895,0.89,0.9,89,90,3608,TRUE,TRUE,FALSE,TRUE,TRUE,TRUE,TRUE,"structural_absence_boundary_at_zero","ok","",""
"Qiita13631ASD","ASD Dan 2020",9,"balanced","Oscillospira",1,1,1,100,100,11485,TRUE,TRUE,FALSE,TRUE,TRUE,TRUE,TRUE,"no_observed_zeros","ok","",""
"Qiita13631ASD","ASD Dan 2020",9,"balanced","Parabacteroides",1,1,1,100,100,24980,TRUE,TRUE,FALSE,TRUE,TRUE,TRUE,TRUE,"no_observed_zeros","ok","",""
"Qiita13631ASD","ASD Dan 2020",9,"balanced","Paraprevotella",0.82,0.82,0.82,82,82,2609,TRUE,TRUE,FALSE,TRUE,TRUE,TRUE,TRUE,"structural_absence_boundary_at_zero","ok","",""
"Qiita13631ASD","ASD Dan 2020",9,"balanced","Phascolarctobacterium",0.99,0.98,1,98,100,10124,TRUE,TRUE,FALSE,TRUE,TRUE,TRUE,TRUE,"structural_absence_boundary_at_zero","ok","",""
"Qiita13631ASD","ASD Dan 2020",9,"balanced","Prevotella",0.995,0.99,1,99,100,50399,TRUE,TRUE,FALSE,TRUE,TRUE,TRUE,TRUE,"structural_absence_boundary_at_zero","ok","",""
"Qiita13631ASD","ASD Dan 2020",9,"balanced","Roseburia",1,1,1,100,100,13984,TRUE,TRUE,FALSE,TRUE,TRUE,TRUE,TRUE,"no_observed_zeros","ok","",""
"Qiita13631ASD","ASD Dan 2020",9,"balanced","Ruminococcus",1,1,1,100,100,30050,TRUE,TRUE,FALSE,TRUE,TRUE,TRUE,TRUE,"no_observed_zeros","ok","",""
"Qiita13631ASD","ASD Dan 2020",9,"balanced","Streptococcus",0.97,0.98,0.96,98,96,2625,TRUE,TRUE,TRUE,FALSE,TRUE,TRUE,TRUE,"ok","ok","",""
"Qiita13631ASD","ASD Dan 2020",9,"balanced","Sutterella",1,1,1,100,100,14318,TRUE,TRUE,FALSE,TRUE,TRUE,TRUE,TRUE,"no_observed_zeros","ok","",""
"Qiita13631ASD","ASD Dan 2020",9,"balanced","Veillonella",0.985,0.97,1,97,100,5359,TRUE,TRUE,FALSE,TRUE,TRUE,TRUE,TRUE,"structural_absence_boundary_at_zero","ok","",""
"Qiita13631ASD","ASD Dan 2020",9,"fourfold","[Prevotella]",0.5,0.37,0.63,37,63,1103,TRUE,TRUE,TRUE,FALSE,TRUE,TRUE,TRUE,"ok","ok","",""
"Qiita13631ASD","ASD Dan 2020",9,"fourfold","[Ruminococcus]",1,1,1,100,100,10313,TRUE,TRUE,FALSE,TRUE,TRUE,TRUE,TRUE,"no_observed_zeros","ok","",""
"Qiita13631ASD","ASD Dan 2020",9,"fourfold","Akkermansia",0.675,0.54,0.81,54,81,2702,TRUE,TRUE,FALSE,TRUE,TRUE,TRUE,TRUE,"structural_absence_boundary_at_zero","ok","",""
"Qiita13631ASD","ASD Dan 2020",9,"fourfold","Anaerostipes",0.895,0.8,0.99,80,99,2529,TRUE,TRUE,TRUE,FALSE,TRUE,TRUE,TRUE,"ok","ok","",""
"Qiita13631ASD","ASD Dan 2020",9,"fourfold","Bacteroides",1,1,1,100,100,287263,TRUE,TRUE,FALSE,TRUE,TRUE,TRUE,TRUE,"no_observed_zeros","ok","",""
"Qiita13631ASD","ASD Dan 2020",9,"fourfold","Bifidobacterium",0.93,0.87,0.99,87,99,6376,TRUE,TRUE,FALSE,TRUE,TRUE,TRUE,TRUE,"structural_absence_boundary_at_zero","ok","",""
"Qiita13631ASD","ASD Dan 2020",9,"fourfold","Bilophila",0.86,0.75,0.97,75,97,1313,TRUE,TRUE,TRUE,FALSE,TRUE,TRUE,TRUE,"ok","ok","",""
"Qiita13631ASD","ASD Dan 2020",9,"fourfold","Blautia",0.99,0.98,1,98,100,4841,TRUE,TRUE,FALSE,TRUE,TRUE,TRUE,TRUE,"structural_absence_boundary_at_zero","ok","",""
"Qiita13631ASD","ASD Dan 2020",9,"fourfold","Clostridium",0.98,0.96,1,96,100,7669,TRUE,TRUE,FALSE,TRUE,TRUE,TRUE,TRUE,"structural_absence_boundary_at_zero","ok","",""
"Qiita13631ASD","ASD Dan 2020",9,"fourfold","Collinsella",0.65,0.45,0.85,45,85,496,TRUE,TRUE,FALSE,TRUE,TRUE,TRUE,TRUE,"structural_absence_boundary_at_zero","ok","",""
"Qiita13631ASD","ASD Dan 2020",9,"fourfold","Coprococcus",0.995,0.99,1,99,100,6010,TRUE,TRUE,FALSE,TRUE,TRUE,TRUE,TRUE,"structural_absence_boundary_at_zero","ok","",""
"Qiita13631ASD","ASD Dan 2020",9,"fourfold","Dialister",0.995,0.99,1,99,100,22421,TRUE,TRUE,FALSE,TRUE,TRUE,TRUE,TRUE,"structural_absence_boundary_at_zero","ok","",""
"Qiita13631ASD","ASD Dan 2020",9,"fourfold","Dorea",0.995,0.99,1,99,100,4933,TRUE,TRUE,FALSE,TRUE,TRUE,TRUE,TRUE,"structural_absence_boundary_at_zero","ok","",""
"Qiita13631ASD","ASD Dan 2020",9,"fourfold","Faecalibacterium",1,1,1,100,100,61836,TRUE,TRUE,FALSE,TRUE,TRUE,TRUE,TRUE,"no_observed_zeros","ok","",""
"Qiita13631ASD","ASD Dan 2020",9,"fourfold","Fusobacterium",0.475,0.3,0.65,30,65,749,TRUE,TRUE,FALSE,TRUE,TRUE,TRUE,TRUE,"structural_absence_boundary_at_zero","ok","",""
"Qiita13631ASD","ASD Dan 2020",9,"fourfold","Haemophilus",0.91,0.84,0.98,84,98,4983,TRUE,TRUE,FALSE,TRUE,TRUE,TRUE,TRUE,"structural_absence_boundary_at_zero","ok","",""
"Qiita13631ASD","ASD Dan 2020",9,"fourfold","Lachnobacterium",0.645,0.53,0.76,53,76,1077,TRUE,TRUE,TRUE,FALSE,TRUE,TRUE,TRUE,"ok","ok","",""
"Qiita13631ASD","ASD Dan 2020",9,"fourfold","Lachnospira",1,1,1,100,100,22199,TRUE,TRUE,FALSE,TRUE,TRUE,TRUE,TRUE,"no_observed_zeros","ok","",""
"Qiita13631ASD","ASD Dan 2020",9,"fourfold","Megamonas",0.965,0.94,0.99,94,99,16452,TRUE,TRUE,FALSE,TRUE,TRUE,TRUE,TRUE,"structural_absence_boundary_at_zero","ok","",""
"Qiita13631ASD","ASD Dan 2020",9,"fourfold","Megasphaera",0.77,0.63,0.91,63,91,3314,TRUE,TRUE,FALSE,TRUE,TRUE,TRUE,TRUE,"structural_absence_boundary_at_zero","ok","",""
"Qiita13631ASD","ASD Dan 2020",9,"fourfold","Oscillospira",1,1,1,100,100,9870,TRUE,TRUE,FALSE,TRUE,TRUE,TRUE,TRUE,"no_observed_zeros","ok","",""
"Qiita13631ASD","ASD Dan 2020",9,"fourfold","Parabacteroides",0.995,0.99,1,99,100,20712,TRUE,TRUE,TRUE,FALSE,TRUE,TRUE,TRUE,"ok","ok","",""
"Qiita13631ASD","ASD Dan 2020",9,"fourfold","Paraprevotella",0.78,0.65,0.91,65,91,2250,TRUE,TRUE,FALSE,TRUE,TRUE,TRUE,TRUE,"structural_absence_boundary_at_zero","ok","",""
"Qiita13631ASD","ASD Dan 2020",9,"fourfold","Phascolarctobacterium",0.955,0.92,0.99,92,99,9591,TRUE,TRUE,TRUE,FALSE,TRUE,TRUE,TRUE,"ok","ok","",""
"Qiita13631ASD","ASD Dan 2020",9,"fourfold","Prevotella",0.985,0.97,1,97,100,46570,TRUE,TRUE,FALSE,TRUE,TRUE,TRUE,TRUE,"structural_absence_boundary_at_zero","ok","",""
"Qiita13631ASD","ASD Dan 2020",9,"fourfold","Roseburia",0.995,0.99,1,99,100,11570,TRUE,TRUE,TRUE,FALSE,TRUE,TRUE,TRUE,"ok","ok","",""
"Qiita13631ASD","ASD Dan 2020",9,"fourfold","Ruminococcus",1,1,1,100,100,25380,TRUE,TRUE,FALSE,TRUE,TRUE,TRUE,TRUE,"no_observed_zeros","ok","",""
"Qiita13631ASD","ASD Dan 2020",9,"fourfold","Streptococcus",0.925,0.87,0.98,87,98,2313,TRUE,TRUE,TRUE,FALSE,TRUE,TRUE,TRUE,"ok","ok","",""
"Qiita13631ASD","ASD Dan 2020",9,"fourfold","Sutterella",1,1,1,100,100,13014,TRUE,TRUE,FALSE,TRUE,TRUE,TRUE,TRUE,"no_observed_zeros","ok","",""
"Qiita13631ASD","ASD Dan 2020",9,"fourfold","Veillonella",0.94,0.88,1,88,100,4734,TRUE,TRUE,FALSE,TRUE,TRUE,TRUE,TRUE,"structural_absence_boundary_at_zero","ok","",""
"Qiita13631ASD","ASD Dan 2020",10,"balanced","[Prevotella]",0.51,0.46,0.56,46,56,1498,TRUE,TRUE,TRUE,FALSE,TRUE,TRUE,TRUE,"ok","ok","",""
"Qiita13631ASD","ASD Dan 2020",10,"balanced","[Ruminococcus]",1,1,1,100,100,11395,TRUE,TRUE,FALSE,TRUE,TRUE,TRUE,TRUE,"no_observed_zeros","ok","",""
"Qiita13631ASD","ASD Dan 2020",10,"balanced","Akkermansia",0.83,0.82,0.84,82,84,3257,TRUE,TRUE,FALSE,TRUE,TRUE,TRUE,TRUE,"structural_absence_boundary_at_zero","ok","",""
"Qiita13631ASD","ASD Dan 2020",10,"balanced","Anaerostipes",0.98,0.97,0.99,97,99,2807,TRUE,TRUE,TRUE,FALSE,TRUE,TRUE,TRUE,"ok","ok","",""
"Qiita13631ASD","ASD Dan 2020",10,"balanced","Bacteroides",1,1,1,100,100,309374,TRUE,TRUE,FALSE,TRUE,TRUE,TRUE,TRUE,"no_observed_zeros","ok","",""
"Qiita13631ASD","ASD Dan 2020",10,"balanced","Bifidobacterium",0.98,0.96,1,96,100,8663,TRUE,TRUE,FALSE,TRUE,TRUE,TRUE,TRUE,"structural_absence_boundary_at_zero","ok","",""
"Qiita13631ASD","ASD Dan 2020",10,"balanced","Bilophila",0.955,0.96,0.95,96,95,1500,TRUE,TRUE,TRUE,FALSE,TRUE,TRUE,TRUE,"ok","ok","",""
"Qiita13631ASD","ASD Dan 2020",10,"balanced","Blautia",1,1,1,100,100,5426,TRUE,TRUE,FALSE,TRUE,TRUE,TRUE,TRUE,"no_observed_zeros","ok","",""
"Qiita13631ASD","ASD Dan 2020",10,"balanced","Clostridium",1,1,1,100,100,9602,TRUE,TRUE,FALSE,TRUE,TRUE,TRUE,TRUE,"no_observed_zeros","ok","",""
"Qiita13631ASD","ASD Dan 2020",10,"balanced","Collinsella",0.695,0.68,0.71,68,71,741,TRUE,TRUE,FALSE,TRUE,TRUE,TRUE,TRUE,"structural_absence_boundary_at_zero","ok","",""
"Qiita13631ASD","ASD Dan 2020",10,"balanced","Coprococcus",1,1,1,100,100,6828,TRUE,TRUE,FALSE,TRUE,TRUE,TRUE,TRUE,"no_observed_zeros","ok","",""
"Qiita13631ASD","ASD Dan 2020",10,"balanced","Dialister",1,1,1,100,100,23634,TRUE,TRUE,FALSE,TRUE,TRUE,TRUE,TRUE,"no_observed_zeros","ok","",""
"Qiita13631ASD","ASD Dan 2020",10,"balanced","Dorea",1,1,1,100,100,5325,TRUE,TRUE,FALSE,TRUE,TRUE,TRUE,TRUE,"no_observed_zeros","ok","",""
"Qiita13631ASD","ASD Dan 2020",10,"balanced","Faecalibacterium",1,1,1,100,100,75541,TRUE,TRUE,FALSE,TRUE,TRUE,TRUE,TRUE,"no_observed_zeros","ok","",""
"Qiita13631ASD","ASD Dan 2020",10,"balanced","Fusobacterium",0.495,0.46,0.53,46,53,2201,TRUE,TRUE,FALSE,TRUE,TRUE,TRUE,TRUE,"structural_absence_boundary_at_zero","ok","",""
"Qiita13631ASD","ASD Dan 2020",10,"balanced","Haemophilus",0.97,0.99,0.95,99,95,4736,TRUE,TRUE,FALSE,TRUE,TRUE,TRUE,TRUE,"structural_absence_boundary_at_zero","ok","",""
"Qiita13631ASD","ASD Dan 2020",10,"balanced","Lachnobacterium",0.69,0.68,0.7,68,70,1210,TRUE,TRUE,TRUE,FALSE,TRUE,TRUE,TRUE,"ok","ok","",""
"Qiita13631ASD","ASD Dan 2020",10,"balanced","Lachnospira",1,1,1,100,100,24723,TRUE,TRUE,FALSE,TRUE,TRUE,TRUE,TRUE,"no_observed_zeros","ok","",""
"Qiita13631ASD","ASD Dan 2020",10,"balanced","Megamonas",0.995,1,0.99,100,99,17755,TRUE,TRUE,FALSE,TRUE,TRUE,TRUE,TRUE,"structural_absence_boundary_at_zero","ok","",""
"Qiita13631ASD","ASD Dan 2020",10,"balanced","Megasphaera",0.87,0.83,0.91,83,91,3724,TRUE,TRUE,FALSE,TRUE,TRUE,TRUE,TRUE,"structural_absence_boundary_at_zero","ok","",""
"Qiita13631ASD","ASD Dan 2020",10,"balanced","Oscillospira",0.995,0.99,1,99,100,11104,TRUE,TRUE,TRUE,FALSE,TRUE,TRUE,TRUE,"ok","ok","",""
"Qiita13631ASD","ASD Dan 2020",10,"balanced","Parabacteroides",1,1,1,100,100,23098,TRUE,TRUE,FALSE,TRUE,TRUE,TRUE,TRUE,"no_observed_zeros","ok","",""
"Qiita13631ASD","ASD Dan 2020",10,"balanced","Paraprevotella",0.8,0.82,0.78,82,78,2528,TRUE,TRUE,TRUE,FALSE,TRUE,TRUE,TRUE,"ok","ok","",""
"Qiita13631ASD","ASD Dan 2020",10,"balanced","Phascolarctobacterium",1,1,1,100,100,10255,TRUE,TRUE,FALSE,TRUE,TRUE,TRUE,TRUE,"no_observed_zeros","ok","",""
"Qiita13631ASD","ASD Dan 2020",10,"balanced","Prevotella",1,1,1,100,100,54837,TRUE,TRUE,FALSE,TRUE,TRUE,TRUE,TRUE,"no_observed_zeros","ok","",""
"Qiita13631ASD","ASD Dan 2020",10,"balanced","Roseburia",1,1,1,100,100,12761,TRUE,TRUE,FALSE,TRUE,TRUE,TRUE,TRUE,"no_observed_zeros","ok","",""
"Qiita13631ASD","ASD Dan 2020",10,"balanced","Ruminococcus",1,1,1,100,100,27275,TRUE,TRUE,FALSE,TRUE,TRUE,TRUE,TRUE,"no_observed_zeros","ok","",""
"Qiita13631ASD","ASD Dan 2020",10,"balanced","Streptococcus",0.98,0.97,0.99,97,99,2422,TRUE,TRUE,FALSE,TRUE,TRUE,TRUE,TRUE,"structural_absence_boundary_at_zero","ok","",""
"Qiita13631ASD","ASD Dan 2020",10,"balanced","Sutterella",1,1,1,100,100,14259,TRUE,TRUE,FALSE,TRUE,TRUE,TRUE,TRUE,"no_observed_zeros","ok","",""
"Qiita13631ASD","ASD Dan 2020",10,"balanced","Veillonella",0.99,0.98,1,98,100,5814,TRUE,TRUE,FALSE,TRUE,TRUE,TRUE,TRUE,"structural_absence_boundary_at_zero","ok","",""
"Qiita13631ASD","ASD Dan 2020",10,"fourfold","[Prevotella]",0.48,0.36,0.6,36,60,1408,TRUE,TRUE,TRUE,FALSE,TRUE,TRUE,TRUE,"ok","ok","",""
"Qiita13631ASD","ASD Dan 2020",10,"fourfold","[Ruminococcus]",0.995,0.99,1,99,100,12046,TRUE,TRUE,TRUE,FALSE,TRUE,TRUE,TRUE,"ok","ok","",""
"Qiita13631ASD","ASD Dan 2020",10,"fourfold","Akkermansia",0.765,0.63,0.9,63,90,3651,TRUE,TRUE,FALSE,TRUE,TRUE,TRUE,TRUE,"structural_absence_boundary_at_zero","ok","",""
"Qiita13631ASD","ASD Dan 2020",10,"fourfold","Anaerostipes",0.93,0.86,1,86,100,2437,TRUE,TRUE,FALSE,TRUE,TRUE,TRUE,TRUE,"structural_absence_boundary_at_zero","ok","",""
"Qiita13631ASD","ASD Dan 2020",10,"fourfold","Bacteroides",1,1,1,100,100,275411,TRUE,TRUE,FALSE,TRUE,TRUE,TRUE,TRUE,"no_observed_zeros","ok","",""
"Qiita13631ASD","ASD Dan 2020",10,"fourfold","Bifidobacterium",0.935,0.9,0.97,90,97,7388,TRUE,TRUE,FALSE,TRUE,TRUE,TRUE,TRUE,"structural_absence_boundary_at_zero","ok","",""
"Qiita13631ASD","ASD Dan 2020",10,"fourfold","Bilophila",0.885,0.79,0.98,79,98,1386,TRUE,TRUE,FALSE,TRUE,TRUE,TRUE,TRUE,"structural_absence_boundary_at_zero","ok","",""
"Qiita13631ASD","ASD Dan 2020",10,"fourfold","Blautia",0.98,0.96,1,96,100,5286,TRUE,TRUE,FALSE,TRUE,TRUE,TRUE,TRUE,"structural_absence_boundary_at_zero","ok","",""
"Qiita13631ASD","ASD Dan 2020",10,"fourfold","Clostridium",1,1,1,100,100,9187,TRUE,TRUE,FALSE,TRUE,TRUE,TRUE,TRUE,"no_observed_zeros","ok","",""
"Qiita13631ASD","ASD Dan 2020",10,"fourfold","Collinsella",0.73,0.63,0.83,63,83,944,TRUE,TRUE,FALSE,TRUE,TRUE,TRUE,TRUE,"structural_absence_boundary_at_zero","ok","",""
"Qiita13631ASD","ASD Dan 2020",10,"fourfold","Coprococcus",0.985,0.97,1,97,100,6061,TRUE,TRUE,FALSE,TRUE,TRUE,TRUE,TRUE,"structural_absence_boundary_at_zero","ok","",""
"Qiita13631ASD","ASD Dan 2020",10,"fourfold","Dialister",0.995,0.99,1,99,100,22028,TRUE,TRUE,FALSE,TRUE,TRUE,TRUE,TRUE,"structural_absence_boundary_at_zero","ok","",""
"Qiita13631ASD","ASD Dan 2020",10,"fourfold","Dorea",0.99,0.98,1,98,100,5037,TRUE,TRUE,FALSE,TRUE,TRUE,TRUE,TRUE,"structural_absence_boundary_at_zero","ok","",""
"Qiita13631ASD","ASD Dan 2020",10,"fourfold","Faecalibacterium",1,1,1,100,100,73341,TRUE,TRUE,FALSE,TRUE,TRUE,TRUE,TRUE,"no_observed_zeros","ok","",""
"Qiita13631ASD","ASD Dan 2020",10,"fourfold","Fusobacterium",0.5,0.35,0.65,35,65,2445,TRUE,TRUE,FALSE,TRUE,TRUE,TRUE,TRUE,"structural_absence_boundary_at_zero","ok","",""
"Qiita13631ASD","ASD Dan 2020",10,"fourfold","Haemophilus",0.91,0.82,1,82,100,5389,TRUE,TRUE,FALSE,TRUE,TRUE,TRUE,TRUE,"structural_absence_boundary_at_zero","ok","",""
"Qiita13631ASD","ASD Dan 2020",10,"fourfold","Lachnobacterium",0.66,0.55,0.77,55,77,968,TRUE,TRUE,TRUE,FALSE,TRUE,TRUE,TRUE,"ok","ok","",""
"Qiita13631ASD","ASD Dan 2020",10,"fourfold","Lachnospira",1,1,1,100,100,23541,TRUE,TRUE,FALSE,TRUE,TRUE,TRUE,TRUE,"no_observed_zeros","ok","",""
"Qiita13631ASD","ASD Dan 2020",10,"fourfold","Megamonas",0.965,0.93,1,93,100,14851,TRUE,TRUE,FALSE,TRUE,TRUE,TRUE,TRUE,"structural_absence_boundary_at_zero","ok","",""
"Qiita13631ASD","ASD Dan 2020",10,"fourfold","Megasphaera",0.815,0.68,0.95,68,95,2646,TRUE,TRUE,FALSE,TRUE,TRUE,TRUE,TRUE,"structural_absence_boundary_at_zero","ok","",""
"Qiita13631ASD","ASD Dan 2020",10,"fourfold","Oscillospira",1,1,1,100,100,10099,TRUE,TRUE,FALSE,TRUE,TRUE,TRUE,TRUE,"no_observed_zeros","ok","",""
"Qiita13631ASD","ASD Dan 2020",10,"fourfold","Parabacteroides",1,1,1,100,100,20545,TRUE,TRUE,FALSE,TRUE,TRUE,TRUE,TRUE,"no_observed_zeros","ok","",""
"Qiita13631ASD","ASD Dan 2020",10,"fourfold","Paraprevotella",0.795,0.67,0.92,67,92,1846,TRUE,TRUE,FALSE,TRUE,TRUE,TRUE,TRUE,"structural_absence_boundary_at_zero","ok","",""
"Qiita13631ASD","ASD Dan 2020",10,"fourfold","Phascolarctobacterium",0.96,0.94,0.98,94,98,8757,TRUE,TRUE,TRUE,FALSE,TRUE,TRUE,TRUE,"ok","ok","",""
"Qiita13631ASD","ASD Dan 2020",10,"fourfold","Prevotella",0.98,0.96,1,96,100,52249,TRUE,TRUE,FALSE,TRUE,TRUE,TRUE,TRUE,"structural_absence_boundary_at_zero","ok","",""
"Qiita13631ASD","ASD Dan 2020",10,"fourfold","Roseburia",1,1,1,100,100,11028,TRUE,TRUE,FALSE,TRUE,TRUE,TRUE,TRUE,"no_observed_zeros","ok","",""
"Qiita13631ASD","ASD Dan 2020",10,"fourfold","Ruminococcus",1,1,1,100,100,28291,TRUE,TRUE,FALSE,TRUE,TRUE,TRUE,TRUE,"no_observed_zeros","ok","",""
"Qiita13631ASD","ASD Dan 2020",10,"fourfold","Streptococcus",0.935,0.89,0.98,89,98,2232,TRUE,TRUE,FALSE,TRUE,TRUE,TRUE,TRUE,"structural_absence_boundary_at_zero","ok","",""
"Qiita13631ASD","ASD Dan 2020",10,"fourfold","Sutterella",0.995,0.99,1,99,100,12159,TRUE,TRUE,FALSE,TRUE,TRUE,TRUE,TRUE,"structural_absence_boundary_at_zero","ok","",""
"Qiita13631ASD","ASD Dan 2020",10,"fourfold","Veillonella",0.97,0.95,0.99,95,99,7169,TRUE,TRUE,FALSE,TRUE,TRUE,TRUE,TRUE,"structural_absence_boundary_at_zero","ok","",""
"Qiita13631ASD","ASD Dan 2020",11,"balanced","[Prevotella]",0.505,0.5,0.51,50,51,1357,TRUE,TRUE,TRUE,FALSE,TRUE,TRUE,TRUE,"ok","ok","",""
"Qiita13631ASD","ASD Dan 2020",11,"balanced","[Ruminococcus]",1,1,1,100,100,11485,TRUE,TRUE,FALSE,TRUE,TRUE,TRUE,TRUE,"no_observed_zeros","ok","",""
"Qiita13631ASD","ASD Dan 2020",11,"balanced","Akkermansia",0.765,0.81,0.72,81,72,5010,TRUE,TRUE,FALSE,TRUE,TRUE,TRUE,TRUE,"structural_absence_boundary_at_zero","ok","",""
"Qiita13631ASD","ASD Dan 2020",11,"balanced","Anaerostipes",0.975,0.98,0.97,98,97,2729,TRUE,TRUE,TRUE,FALSE,TRUE,TRUE,TRUE,"ok","ok","",""
"Qiita13631ASD","ASD Dan 2020",11,"balanced","Bacteroides",1,1,1,100,100,289780,TRUE,TRUE,FALSE,TRUE,TRUE,TRUE,TRUE,"no_observed_zeros","ok","",""
"Qiita13631ASD","ASD Dan 2020",11,"balanced","Bifidobacterium",0.97,0.97,0.97,97,97,9250,TRUE,TRUE,FALSE,TRUE,TRUE,TRUE,TRUE,"structural_absence_boundary_at_zero","ok","",""
"Qiita13631ASD","ASD Dan 2020",11,"balanced","Bilophila",0.955,0.95,0.96,95,96,1465,TRUE,TRUE,FALSE,TRUE,TRUE,TRUE,TRUE,"structural_absence_boundary_at_zero","ok","",""
"Qiita13631ASD","ASD Dan 2020",11,"balanced","Blautia",1,1,1,100,100,5679,TRUE,TRUE,FALSE,TRUE,TRUE,TRUE,TRUE,"no_observed_zeros","ok","",""
"Qiita13631ASD","ASD Dan 2020",11,"balanced","Clostridium",1,1,1,100,100,8774,TRUE,TRUE,FALSE,TRUE,TRUE,TRUE,TRUE,"no_observed_zeros","ok","",""
"Qiita13631ASD","ASD Dan 2020",11,"balanced","Collinsella",0.715,0.7,0.73,70,73,879,TRUE,TRUE,FALSE,TRUE,TRUE,TRUE,TRUE,"structural_absence_boundary_at_zero","ok","",""
"Qiita13631ASD","ASD Dan 2020",11,"balanced","Coprococcus",1,1,1,100,100,7040,TRUE,TRUE,FALSE,TRUE,TRUE,TRUE,TRUE,"no_observed_zeros","ok","",""
"Qiita13631ASD","ASD Dan 2020",11,"balanced","Dialister",1,1,1,100,100,21038,TRUE,TRUE,FALSE,TRUE,TRUE,TRUE,TRUE,"no_observed_zeros","ok","",""
"Qiita13631ASD","ASD Dan 2020",11,"balanced","Dorea",0.995,0.99,1,99,100,5116,TRUE,TRUE,TRUE,FALSE,TRUE,TRUE,TRUE,"ok","ok","",""
"Qiita13631ASD","ASD Dan 2020",11,"balanced","Faecalibacterium",1,1,1,100,100,72940,TRUE,TRUE,FALSE,TRUE,TRUE,TRUE,TRUE,"no_observed_zeros","ok","",""
"Qiita13631ASD","ASD Dan 2020",11,"balanced","Fusobacterium",0.465,0.46,0.47,46,47,2354,TRUE,TRUE,FALSE,TRUE,TRUE,TRUE,TRUE,"structural_absence_boundary_at_zero","ok","",""
"Qiita13631ASD","ASD Dan 2020",11,"balanced","Haemophilus",0.95,0.96,0.94,96,94,6070,TRUE,TRUE,FALSE,TRUE,TRUE,TRUE,TRUE,"structural_absence_boundary_at_zero","ok","",""
"Qiita13631ASD","ASD Dan 2020",11,"balanced","Lachnobacterium",0.725,0.69,0.76,69,76,1088,TRUE,TRUE,TRUE,FALSE,TRUE,TRUE,TRUE,"ok","ok","",""
"Qiita13631ASD","ASD Dan 2020",11,"balanced","Lachnospira",1,1,1,100,100,24084,TRUE,TRUE,FALSE,TRUE,TRUE,TRUE,TRUE,"no_observed_zeros","ok","",""
"Qiita13631ASD","ASD Dan 2020",11,"balanced","Megamonas",0.99,0.99,0.99,99,99,19092,TRUE,TRUE,FALSE,TRUE,TRUE,TRUE,TRUE,"structural_absence_boundary_at_zero","ok","",""
"Qiita13631ASD","ASD Dan 2020",11,"balanced","Megasphaera",0.865,0.86,0.87,86,87,3110,TRUE,TRUE,TRUE,FALSE,TRUE,TRUE,TRUE,"ok","ok","",""
"Qiita13631ASD","ASD Dan 2020",11,"balanced","Oscillospira",1,1,1,100,100,10698,TRUE,TRUE,FALSE,TRUE,TRUE,TRUE,TRUE,"no_observed_zeros","ok","",""
"Qiita13631ASD","ASD Dan 2020",11,"balanced","Parabacteroides",1,1,1,100,100,21305,TRUE,TRUE,FALSE,TRUE,TRUE,TRUE,TRUE,"no_observed_zeros","ok","",""
"Qiita13631ASD","ASD Dan 2020",11,"balanced","Paraprevotella",0.84,0.85,0.83,85,83,2638,TRUE,TRUE,FALSE,TRUE,TRUE,TRUE,TRUE,"structural_absence_boundary_at_zero","ok","",""
"Qiita13631ASD","ASD Dan 2020",11,"balanced","Phascolarctobacterium",0.995,1,0.99,100,99,10336,TRUE,TRUE,FALSE,TRUE,TRUE,TRUE,TRUE,"structural_absence_boundary_at_zero","ok","",""
"Qiita13631ASD","ASD Dan 2020",11,"balanced","Prevotella",0.995,1,0.99,100,99,55120,TRUE,TRUE,FALSE,TRUE,TRUE,TRUE,TRUE,"structural_absence_boundary_at_zero","ok","",""
"Qiita13631ASD","ASD Dan 2020",11,"balanced","Roseburia",1,1,1,100,100,12015,TRUE,TRUE,FALSE,TRUE,TRUE,TRUE,TRUE,"no_observed_zeros","ok","",""
"Qiita13631ASD","ASD Dan 2020",11,"balanced","Ruminococcus",0.995,0.99,1,99,100,27525,TRUE,TRUE,TRUE,FALSE,TRUE,TRUE,TRUE,"ok","ok","",""
"Qiita13631ASD","ASD Dan 2020",11,"balanced","Streptococcus",1,1,1,100,100,2536,TRUE,TRUE,FALSE,TRUE,TRUE,TRUE,TRUE,"no_observed_zeros","ok","",""
"Qiita13631ASD","ASD Dan 2020",11,"balanced","Sutterella",1,1,1,100,100,13518,TRUE,TRUE,FALSE,TRUE,TRUE,TRUE,TRUE,"no_observed_zeros","ok","",""
"Qiita13631ASD","ASD Dan 2020",11,"balanced","Veillonella",0.98,0.97,0.99,97,99,5793,TRUE,TRUE,FALSE,TRUE,TRUE,TRUE,TRUE,"structural_absence_boundary_at_zero","ok","",""
"Qiita13631ASD","ASD Dan 2020",11,"fourfold","[Prevotella]",0.475,0.41,0.54,41,54,1681,TRUE,TRUE,TRUE,FALSE,TRUE,TRUE,TRUE,"ok","ok","",""
"Qiita13631ASD","ASD Dan 2020",11,"fourfold","[Ruminococcus]",1,1,1,100,100,12187,TRUE,TRUE,FALSE,TRUE,TRUE,TRUE,TRUE,"no_observed_zeros","ok","",""
"Qiita13631ASD","ASD Dan 2020",11,"fourfold","Akkermansia",0.745,0.66,0.83,66,83,3470,TRUE,TRUE,FALSE,TRUE,TRUE,TRUE,TRUE,"structural_absence_boundary_at_zero","ok","",""
"Qiita13631ASD","ASD Dan 2020",11,"fourfold","Anaerostipes",0.925,0.86,0.99,86,99,2697,TRUE,TRUE,FALSE,TRUE,TRUE,TRUE,TRUE,"structural_absence_boundary_at_zero","ok","",""
"Qiita13631ASD","ASD Dan 2020",11,"fourfold","Bacteroides",1,1,1,100,100,295236,TRUE,TRUE,FALSE,TRUE,TRUE,TRUE,TRUE,"no_observed_zeros","ok","",""
"Qiita13631ASD","ASD Dan 2020",11,"fourfold","Bifidobacterium",0.925,0.86,0.99,86,99,18487,TRUE,TRUE,FALSE,TRUE,TRUE,TRUE,TRUE,"structural_absence_boundary_at_zero","ok","",""
"Qiita13631ASD","ASD Dan 2020",11,"fourfold","Bilophila",0.89,0.82,0.96,82,96,1389,TRUE,TRUE,TRUE,FALSE,TRUE,TRUE,TRUE,"ok","ok","",""
"Qiita13631ASD","ASD Dan 2020",11,"fourfold","Blautia",0.975,0.95,1,95,100,5951,TRUE,TRUE,TRUE,FALSE,TRUE,TRUE,TRUE,"ok","ok","",""
"Qiita13631ASD","ASD Dan 2020",11,"fourfold","Clostridium",0.995,0.99,1,99,100,11144,TRUE,TRUE,FALSE,TRUE,TRUE,TRUE,TRUE,"structural_absence_boundary_at_zero","ok","",""
"Qiita13631ASD","ASD Dan 2020",11,"fourfold","Collinsella",0.655,0.49,0.82,49,82,1139,TRUE,TRUE,FALSE,TRUE,TRUE,TRUE,TRUE,"structural_absence_boundary_at_zero","ok","",""
"Qiita13631ASD","ASD Dan 2020",11,"fourfold","Coprococcus",0.99,0.98,1,98,100,7265,TRUE,TRUE,TRUE,FALSE,TRUE,TRUE,TRUE,"ok","ok","",""
"Qiita13631ASD","ASD Dan 2020",11,"fourfold","Dialister",0.995,0.99,1,99,100,22977,TRUE,TRUE,FALSE,TRUE,TRUE,TRUE,TRUE,"structural_absence_boundary_at_zero","ok","",""
"Qiita13631ASD","ASD Dan 2020",11,"fourfold","Dorea",0.99,0.98,1,98,100,5263,TRUE,TRUE,FALSE,TRUE,TRUE,TRUE,TRUE,"structural_absence_boundary_at_zero","ok","",""
"Qiita13631ASD","ASD Dan 2020",11,"fourfold","Faecalibacterium",1,1,1,100,100,66997,TRUE,TRUE,FALSE,TRUE,TRUE,TRUE,TRUE,"no_observed_zeros","ok","",""
"Qiita13631ASD","ASD Dan 2020",11,"fourfold","Fusobacterium",0.425,0.28,0.57,28,57,2378,TRUE,TRUE,FALSE,TRUE,TRUE,TRUE,TRUE,"structural_absence_boundary_at_zero","ok","",""
"Qiita13631ASD","ASD Dan 2020",11,"fourfold","Haemophilus",0.935,0.88,0.99,88,99,6021,TRUE,TRUE,FALSE,TRUE,TRUE,TRUE,TRUE,"structural_absence_boundary_at_zero","ok","",""
"Qiita13631ASD","ASD Dan 2020",11,"fourfold","Lachnobacterium",0.61,0.45,0.77,45,77,1151,TRUE,TRUE,TRUE,FALSE,TRUE,TRUE,TRUE,"ok","ok","",""
"Qiita13631ASD","ASD Dan 2020",11,"fourfold","Lachnospira",1,1,1,100,100,25607,TRUE,TRUE,FALSE,TRUE,TRUE,TRUE,TRUE,"no_observed_zeros","ok","",""
"Qiita13631ASD","ASD Dan 2020",11,"fourfold","Megamonas",0.96,0.93,0.99,93,99,15659,TRUE,TRUE,FALSE,TRUE,TRUE,TRUE,TRUE,"structural_absence_boundary_at_zero","ok","",""
"Qiita13631ASD","ASD Dan 2020",11,"fourfold","Megasphaera",0.79,0.7,0.88,70,88,3851,TRUE,TRUE,FALSE,TRUE,TRUE,TRUE,TRUE,"structural_absence_boundary_at_zero","ok","",""
"Qiita13631ASD","ASD Dan 2020",11,"fourfold","Oscillospira",0.995,0.99,1,99,100,10680,TRUE,TRUE,TRUE,FALSE,TRUE,TRUE,TRUE,"ok","ok","",""
"Qiita13631ASD","ASD Dan 2020",11,"fourfold","Parabacteroides",0.995,0.99,1,99,100,22058,TRUE,TRUE,FALSE,TRUE,TRUE,TRUE,TRUE,"structural_absence_boundary_at_zero","ok","",""
"Qiita13631ASD","ASD Dan 2020",11,"fourfold","Paraprevotella",0.77,0.63,0.91,63,91,1772,TRUE,TRUE,FALSE,TRUE,TRUE,TRUE,TRUE,"structural_absence_boundary_at_zero","ok","",""
"Qiita13631ASD","ASD Dan 2020",11,"fourfold","Phascolarctobacterium",0.97,0.94,1,94,100,9837,TRUE,TRUE,FALSE,TRUE,TRUE,TRUE,TRUE,"structural_absence_boundary_at_zero","ok","",""
"Qiita13631ASD","ASD Dan 2020",11,"fourfold","Prevotella",0.97,0.94,1,94,100,53663,TRUE,TRUE,TRUE,FALSE,TRUE,TRUE,TRUE,"ok","ok","",""
"Qiita13631ASD","ASD Dan 2020",11,"fourfold","Roseburia",1,1,1,100,100,12492,TRUE,TRUE,FALSE,TRUE,TRUE,TRUE,TRUE,"no_observed_zeros","ok","",""
"Qiita13631ASD","ASD Dan 2020",11,"fourfold","Ruminococcus",1,1,1,100,100,27663,TRUE,TRUE,FALSE,TRUE,TRUE,TRUE,TRUE,"no_observed_zeros","ok","",""
"Qiita13631ASD","ASD Dan 2020",11,"fourfold","Streptococcus",0.905,0.83,0.98,83,98,2704,TRUE,TRUE,FALSE,TRUE,TRUE,TRUE,TRUE,"structural_absence_boundary_at_zero","ok","",""
"Qiita13631ASD","ASD Dan 2020",11,"fourfold","Sutterella",1,1,1,100,100,14038,TRUE,TRUE,FALSE,TRUE,TRUE,TRUE,TRUE,"no_observed_zeros","ok","",""
"Qiita13631ASD","ASD Dan 2020",11,"fourfold","Veillonella",0.96,0.93,0.99,93,99,5698,TRUE,TRUE,FALSE,TRUE,TRUE,TRUE,TRUE,"structural_absence_boundary_at_zero","ok","",""
"Qiita13631ASD","ASD Dan 2020",12,"balanced","[Prevotella]",0.5,0.53,0.47,53,47,1484,TRUE,TRUE,TRUE,FALSE,TRUE,TRUE,TRUE,"ok","ok","",""
"Qiita13631ASD","ASD Dan 2020",12,"balanced","[Ruminococcus]",1,1,1,100,100,12002,TRUE,TRUE,FALSE,TRUE,TRUE,TRUE,TRUE,"no_observed_zeros","ok","",""
"Qiita13631ASD","ASD Dan 2020",12,"balanced","Akkermansia",0.76,0.77,0.75,77,75,3770,TRUE,TRUE,FALSE,TRUE,TRUE,TRUE,TRUE,"structural_absence_boundary_at_zero","ok","",""
"Qiita13631ASD","ASD Dan 2020",12,"balanced","Anaerostipes",0.96,0.98,0.94,98,94,2543,TRUE,TRUE,TRUE,FALSE,TRUE,TRUE,TRUE,"ok","ok","",""
"Qiita13631ASD","ASD Dan 2020",12,"balanced","Bacteroides",1,1,1,100,100,300593,TRUE,TRUE,FALSE,TRUE,TRUE,TRUE,TRUE,"no_observed_zeros","ok","",""
"Qiita13631ASD","ASD Dan 2020",12,"balanced","Bifidobacterium",0.955,0.95,0.96,95,96,10278,TRUE,TRUE,FALSE,TRUE,TRUE,TRUE,TRUE,"structural_absence_boundary_at_zero","ok","",""
"Qiita13631ASD","ASD Dan 2020",12,"balanced","Bilophila",0.94,0.94,0.94,94,94,1407,TRUE,TRUE,TRUE,FALSE,TRUE,TRUE,TRUE,"ok","ok","",""
"Qiita13631ASD","ASD Dan 2020",12,"balanced","Blautia",1,1,1,100,100,5576,TRUE,TRUE,FALSE,TRUE,TRUE,TRUE,TRUE,"no_observed_zeros","ok","",""
"Qiita13631ASD","ASD Dan 2020",12,"balanced","Clostridium",1,1,1,100,100,8589,TRUE,TRUE,FALSE,TRUE,TRUE,TRUE,TRUE,"no_observed_zeros","ok","",""
"Qiita13631ASD","ASD Dan 2020",12,"balanced","Collinsella",0.72,0.73,0.71,73,71,824,TRUE,TRUE,FALSE,TRUE,TRUE,TRUE,TRUE,"structural_absence_boundary_at_zero","ok","",""
"Qiita13631ASD","ASD Dan 2020",12,"balanced","Coprococcus",1,1,1,100,100,6484,TRUE,TRUE,FALSE,TRUE,TRUE,TRUE,TRUE,"no_observed_zeros","ok","",""
"Qiita13631ASD","ASD Dan 2020",12,"balanced","Dialister",1,1,1,100,100,23222,TRUE,TRUE,FALSE,TRUE,TRUE,TRUE,TRUE,"no_observed_zeros","ok","",""
"Qiita13631ASD","ASD Dan 2020",12,"balanced","Dorea",1,1,1,100,100,5192,TRUE,TRUE,FALSE,TRUE,TRUE,TRUE,TRUE,"no_observed_zeros","ok","",""
"Qiita13631ASD","ASD Dan 2020",12,"balanced","Faecalibacterium",1,1,1,100,100,69069,TRUE,TRUE,FALSE,TRUE,TRUE,TRUE,TRUE,"no_observed_zeros","ok","",""
"Qiita13631ASD","ASD Dan 2020",12,"balanced","Fusobacterium",0.48,0.42,0.54,42,54,1519,TRUE,TRUE,FALSE,TRUE,TRUE,TRUE,TRUE,"structural_absence_boundary_at_zero","ok","",""
"Qiita13631ASD","ASD Dan 2020",12,"balanced","Haemophilus",0.99,0.98,1,98,100,4604,TRUE,TRUE,FALSE,TRUE,TRUE,TRUE,TRUE,"structural_absence_boundary_at_zero","ok","",""
"Qiita13631ASD","ASD Dan 2020",12,"balanced","Lachnobacterium",0.71,0.76,0.66,76,66,1036,TRUE,TRUE,TRUE,FALSE,TRUE,TRUE,TRUE,"ok","ok","",""
"Qiita13631ASD","ASD Dan 2020",12,"balanced","Lachnospira",1,1,1,100,100,24886,TRUE,TRUE,FALSE,TRUE,TRUE,TRUE,TRUE,"no_observed_zeros","ok","",""
"Qiita13631ASD","ASD Dan 2020",12,"balanced","Megamonas",0.99,0.99,0.99,99,99,17941,TRUE,TRUE,FALSE,TRUE,TRUE,TRUE,TRUE,"structural_absence_boundary_at_zero","ok","",""
"Qiita13631ASD","ASD Dan 2020",12,"balanced","Megasphaera",0.855,0.88,0.83,88,83,3037,TRUE,TRUE,FALSE,TRUE,TRUE,TRUE,TRUE,"structural_absence_boundary_at_zero","ok","",""
"Qiita13631ASD","ASD Dan 2020",12,"balanced","Oscillospira",1,1,1,100,100,11041,TRUE,TRUE,FALSE,TRUE,TRUE,TRUE,TRUE,"no_observed_zeros","ok","",""
"Qiita13631ASD","ASD Dan 2020",12,"balanced","Parabacteroides",1,1,1,100,100,23165,TRUE,TRUE,FALSE,TRUE,TRUE,TRUE,TRUE,"no_observed_zeros","ok","",""
"Qiita13631ASD","ASD Dan 2020",12,"balanced","Paraprevotella",0.805,0.86,0.75,86,75,1860,TRUE,TRUE,TRUE,FALSE,TRUE,TRUE,TRUE,"ok","ok","",""
"Qiita13631ASD","ASD Dan 2020",12,"balanced","Phascolarctobacterium",0.995,0.99,1,99,100,9920,TRUE,TRUE,FALSE,TRUE,TRUE,TRUE,TRUE,"structural_absence_boundary_at_zero","ok","",""
"Qiita13631ASD","ASD Dan 2020",12,"balanced","Prevotella",0.99,0.98,1,98,100,53827,TRUE,TRUE,TRUE,FALSE,TRUE,TRUE,TRUE,"ok","ok","",""
"Qiita13631ASD","ASD Dan 2020",12,"balanced","Roseburia",1,1,1,100,100,12490,TRUE,TRUE,FALSE,TRUE,TRUE,TRUE,TRUE,"no_observed_zeros","ok","",""
"Qiita13631ASD","ASD Dan 2020",12,"balanced","Ruminococcus",1,1,1,100,100,25779,TRUE,TRUE,FALSE,TRUE,TRUE,TRUE,TRUE,"no_observed_zeros","ok","",""
"Qiita13631ASD","ASD Dan 2020",12,"balanced","Streptococcus",0.98,0.98,0.98,98,98,2277,TRUE,TRUE,FALSE,TRUE,TRUE,TRUE,TRUE,"structural_absence_boundary_at_zero","ok","",""
"Qiita13631ASD","ASD Dan 2020",12,"balanced","Sutterella",1,1,1,100,100,13832,TRUE,TRUE,FALSE,TRUE,TRUE,TRUE,TRUE,"no_observed_zeros","ok","",""
"Qiita13631ASD","ASD Dan 2020",12,"balanced","Veillonella",0.99,1,0.98,100,98,6021,TRUE,TRUE,FALSE,TRUE,TRUE,TRUE,TRUE,"structural_absence_boundary_at_zero","ok","",""
"Qiita13631ASD","ASD Dan 2020",12,"fourfold","[Prevotella]",0.46,0.41,0.51,41,51,1333,TRUE,TRUE,TRUE,FALSE,TRUE,TRUE,TRUE,"ok","ok","",""
"Qiita13631ASD","ASD Dan 2020",12,"fourfold","[Ruminococcus]",1,1,1,100,100,11566,TRUE,TRUE,FALSE,TRUE,TRUE,TRUE,TRUE,"no_observed_zeros","ok","",""
"Qiita13631ASD","ASD Dan 2020",12,"fourfold","Akkermansia",0.74,0.67,0.81,67,81,3304,TRUE,TRUE,FALSE,TRUE,TRUE,TRUE,TRUE,"structural_absence_boundary_at_zero","ok","",""
"Qiita13631ASD","ASD Dan 2020",12,"fourfold","Anaerostipes",0.93,0.88,0.98,88,98,2550,TRUE,TRUE,TRUE,FALSE,TRUE,TRUE,TRUE,"ok","ok","",""
"Qiita13631ASD","ASD Dan 2020",12,"fourfold","Bacteroides",1,1,1,100,100,290107,TRUE,TRUE,FALSE,TRUE,TRUE,TRUE,TRUE,"no_observed_zeros","ok","",""
"Qiita13631ASD","ASD Dan 2020",12,"fourfold","Bifidobacterium",0.915,0.84,0.99,84,99,7688,TRUE,TRUE,FALSE,TRUE,TRUE,TRUE,TRUE,"structural_absence_boundary_at_zero","ok","",""
"Qiita13631ASD","ASD Dan 2020",12,"fourfold","Bilophila",0.92,0.85,0.99,85,99,1517,TRUE,TRUE,FALSE,TRUE,TRUE,TRUE,TRUE,"structural_absence_boundary_at_zero","ok","",""
"Qiita13631ASD","ASD Dan 2020",12,"fourfold","Blautia",0.985,0.98,0.99,98,99,5989,TRUE,TRUE,TRUE,FALSE,TRUE,TRUE,TRUE,"ok","ok","",""
"Qiita13631ASD","ASD Dan 2020",12,"fourfold","Clostridium",0.985,0.97,1,97,100,8316,TRUE,TRUE,FALSE,TRUE,TRUE,TRUE,TRUE,"structural_absence_boundary_at_zero","ok","",""
"Qiita13631ASD","ASD Dan 2020",12,"fourfold","Collinsella",0.7,0.55,0.85,55,85,876,TRUE,TRUE,FALSE,TRUE,TRUE,TRUE,TRUE,"structural_absence_boundary_at_zero","ok","",""
"Qiita13631ASD","ASD Dan 2020",12,"fourfold","Coprococcus",1,1,1,100,100,6513,TRUE,TRUE,FALSE,TRUE,TRUE,TRUE,TRUE,"no_observed_zeros","ok","",""
"Qiita13631ASD","ASD Dan 2020",12,"fourfold","Dialister",1,1,1,100,100,20283,TRUE,TRUE,FALSE,TRUE,TRUE,TRUE,TRUE,"no_observed_zeros","ok","",""
"Qiita13631ASD","ASD Dan 2020",12,"fourfold","Dorea",1,1,1,100,100,5225,TRUE,TRUE,FALSE,TRUE,TRUE,TRUE,TRUE,"no_observed_zeros","ok","",""
"Qiita13631ASD","ASD Dan 2020",12,"fourfold","Faecalibacterium",1,1,1,100,100,73603,TRUE,TRUE,FALSE,TRUE,TRUE,TRUE,TRUE,"no_observed_zeros","ok","",""
"Qiita13631ASD","ASD Dan 2020",12,"fourfold","Fusobacterium",0.455,0.3,0.61,30,61,2662,TRUE,TRUE,FALSE,TRUE,TRUE,TRUE,TRUE,"structural_absence_boundary_at_zero","ok","",""
"Qiita13631ASD","ASD Dan 2020",12,"fourfold","Haemophilus",0.905,0.83,0.98,83,98,4272,TRUE,TRUE,FALSE,TRUE,TRUE,TRUE,TRUE,"structural_absence_boundary_at_zero","ok","",""
"Qiita13631ASD","ASD Dan 2020",12,"fourfold","Lachnobacterium",0.58,0.45,0.71,45,71,1072,TRUE,TRUE,TRUE,FALSE,TRUE,TRUE,TRUE,"ok","ok","",""
"Qiita13631ASD","ASD Dan 2020",12,"fourfold","Lachnospira",1,1,1,100,100,23337,TRUE,TRUE,FALSE,TRUE,TRUE,TRUE,TRUE,"no_observed_zeros","ok","",""
"Qiita13631ASD","ASD Dan 2020",12,"fourfold","Megamonas",0.96,0.92,1,92,100,15255,TRUE,TRUE,FALSE,TRUE,TRUE,TRUE,TRUE,"structural_absence_boundary_at_zero","ok","",""
"Qiita13631ASD","ASD Dan 2020",12,"fourfold","Megasphaera",0.76,0.62,0.9,62,90,3490,TRUE,TRUE,FALSE,TRUE,TRUE,TRUE,TRUE,"structural_absence_boundary_at_zero","ok","",""
"Qiita13631ASD","ASD Dan 2020",12,"fourfold","Oscillospira",1,1,1,100,100,10334,TRUE,TRUE,FALSE,TRUE,TRUE,TRUE,TRUE,"no_observed_zeros","ok","",""
"Qiita13631ASD","ASD Dan 2020",12,"fourfold","Parabacteroides",1,1,1,100,100,21189,TRUE,TRUE,FALSE,TRUE,TRUE,TRUE,TRUE,"no_observed_zeros","ok","",""
"Qiita13631ASD","ASD Dan 2020",12,"fourfold","Paraprevotella",0.75,0.67,0.83,67,83,1936,TRUE,TRUE,TRUE,FALSE,TRUE,TRUE,TRUE,"ok","ok","",""
"Qiita13631ASD","ASD Dan 2020",12,"fourfold","Phascolarctobacterium",0.995,0.99,1,99,100,8914,TRUE,TRUE,FALSE,TRUE,TRUE,TRUE,TRUE,"structural_absence_boundary_at_zero","ok","",""
"Qiita13631ASD","ASD Dan 2020",12,"fourfold","Prevotella",0.98,0.96,1,96,100,47392,TRUE,TRUE,TRUE,FALSE,TRUE,TRUE,TRUE,"ok","ok","",""
"Qiita13631ASD","ASD Dan 2020",12,"fourfold","Roseburia",1,1,1,100,100,12237,TRUE,TRUE,FALSE,TRUE,TRUE,TRUE,TRUE,"no_observed_zeros","ok","",""
"Qiita13631ASD","ASD Dan 2020",12,"fourfold","Ruminococcus",1,1,1,100,100,28754,TRUE,TRUE,FALSE,TRUE,TRUE,TRUE,TRUE,"no_observed_zeros","ok","",""
"Qiita13631ASD","ASD Dan 2020",12,"fourfold","Streptococcus",0.94,0.9,0.98,90,98,2457,TRUE,TRUE,FALSE,TRUE,TRUE,TRUE,TRUE,"structural_absence_boundary_at_zero","ok","",""
"Qiita13631ASD","ASD Dan 2020",12,"fourfold","Sutterella",1,1,1,100,100,14753,TRUE,TRUE,FALSE,TRUE,TRUE,TRUE,TRUE,"no_observed_zeros","ok","",""
"Qiita13631ASD","ASD Dan 2020",12,"fourfold","Veillonella",0.97,0.94,1,94,100,4864,TRUE,TRUE,FALSE,TRUE,TRUE,TRUE,TRUE,"structural_absence_boundary_at_zero","ok","",""
"Qiita13631ASD","ASD Dan 2020",13,"balanced","[Prevotella]",0.54,0.52,0.56,52,56,1467,TRUE,TRUE,TRUE,FALSE,TRUE,TRUE,TRUE,"ok","ok","",""
"Qiita13631ASD","ASD Dan 2020",13,"balanced","[Ruminococcus]",1,1,1,100,100,11962,TRUE,TRUE,FALSE,TRUE,TRUE,TRUE,TRUE,"no_observed_zeros","ok","",""
"Qiita13631ASD","ASD Dan 2020",13,"balanced","Akkermansia",0.77,0.78,0.76,78,76,3533,TRUE,TRUE,FALSE,TRUE,TRUE,TRUE,TRUE,"structural_absence_boundary_at_zero","ok","",""
"Qiita13631ASD","ASD Dan 2020",13,"balanced","Anaerostipes",0.97,0.97,0.97,97,97,2892,TRUE,TRUE,TRUE,FALSE,TRUE,TRUE,TRUE,"ok","ok","",""
"Qiita13631ASD","ASD Dan 2020",13,"balanced","Bacteroides",1,1,1,100,100,316025,TRUE,TRUE,FALSE,TRUE,TRUE,TRUE,TRUE,"no_observed_zeros","ok","",""
"Qiita13631ASD","ASD Dan 2020",13,"balanced","Bifidobacterium",0.98,0.98,0.98,98,98,11786,TRUE,TRUE,FALSE,TRUE,TRUE,TRUE,TRUE,"structural_absence_boundary_at_zero","ok","",""
"Qiita13631ASD","ASD Dan 2020",13,"balanced","Bilophila",0.965,0.97,0.96,97,96,1589,TRUE,TRUE,FALSE,TRUE,TRUE,TRUE,TRUE,"structural_absence_boundary_at_zero","ok","",""
"Qiita13631ASD","ASD Dan 2020",13,"balanced","Blautia",1,1,1,100,100,5888,TRUE,TRUE,FALSE,TRUE,TRUE,TRUE,TRUE,"no_observed_zeros","ok","",""
"Qiita13631ASD","ASD Dan 2020",13,"balanced","Clostridium",1,1,1,100,100,8561,TRUE,TRUE,FALSE,TRUE,TRUE,TRUE,TRUE,"no_observed_zeros","ok","",""
"Qiita13631ASD","ASD Dan 2020",13,"balanced","Collinsella",0.765,0.78,0.75,78,75,948,TRUE,TRUE,FALSE,TRUE,TRUE,TRUE,TRUE,"structural_absence_boundary_at_zero","ok","",""
"Qiita13631ASD","ASD Dan 2020",13,"balanced","Coprococcus",1,1,1,100,100,7368,TRUE,TRUE,FALSE,TRUE,TRUE,TRUE,TRUE,"no_observed_zeros","ok","",""
"Qiita13631ASD","ASD Dan 2020",13,"balanced","Dialister",1,1,1,100,100,26839,TRUE,TRUE,FALSE,TRUE,TRUE,TRUE,TRUE,"no_observed_zeros","ok","",""
"Qiita13631ASD","ASD Dan 2020",13,"balanced","Dorea",1,1,1,100,100,5458,TRUE,TRUE,FALSE,TRUE,TRUE,TRUE,TRUE,"no_observed_zeros","ok","",""
"Qiita13631ASD","ASD Dan 2020",13,"balanced","Faecalibacterium",1,1,1,100,100,79630,TRUE,TRUE,FALSE,TRUE,TRUE,TRUE,TRUE,"no_observed_zeros","ok","",""
"Qiita13631ASD","ASD Dan 2020",13,"balanced","Fusobacterium",0.57,0.55,0.59,55,59,1887,TRUE,TRUE,FALSE,TRUE,TRUE,TRUE,TRUE,"structural_absence_boundary_at_zero","ok","",""
"Qiita13631ASD","ASD Dan 2020",13,"balanced","Haemophilus",0.965,0.95,0.98,95,98,4799,TRUE,TRUE,FALSE,TRUE,TRUE,TRUE,TRUE,"structural_absence_boundary_at_zero","ok","",""
"Qiita13631ASD","ASD Dan 2020",13,"balanced","Lachnobacterium",0.74,0.78,0.7,78,70,1197,TRUE,TRUE,TRUE,FALSE,TRUE,TRUE,TRUE,"ok","ok","",""
"Qiita13631ASD","ASD Dan 2020",13,"balanced","Lachnospira",1,1,1,100,100,26038,TRUE,TRUE,FALSE,TRUE,TRUE,TRUE,TRUE,"no_observed_zeros","ok","",""
"Qiita13631ASD","ASD Dan 2020",13,"balanced","Megamonas",1,1,1,100,100,19076,TRUE,TRUE,FALSE,TRUE,TRUE,TRUE,TRUE,"no_observed_zeros","ok","",""
"Qiita13631ASD","ASD Dan 2020",13,"balanced","Megasphaera",0.845,0.86,0.83,86,83,3454,TRUE,TRUE,TRUE,FALSE,TRUE,TRUE,TRUE,"ok","ok","",""
"Qiita13631ASD","ASD Dan 2020",13,"balanced","Oscillospira",1,1,1,100,100,11788,TRUE,TRUE,FALSE,TRUE,TRUE,TRUE,TRUE,"no_observed_zeros","ok","",""
"Qiita13631ASD","ASD Dan 2020",13,"balanced","Parabacteroides",1,1,1,100,100,24096,TRUE,TRUE,FALSE,TRUE,TRUE,TRUE,TRUE,"no_observed_zeros","ok","",""
"Qiita13631ASD","ASD Dan 2020",13,"balanced","Paraprevotella",0.83,0.81,0.85,81,85,2787,TRUE,TRUE,TRUE,FALSE,TRUE,TRUE,TRUE,"ok","ok","",""
"Qiita13631ASD","ASD Dan 2020",13,"balanced","Phascolarctobacterium",0.995,0.99,1,99,100,12128,TRUE,TRUE,FALSE,TRUE,TRUE,TRUE,TRUE,"structural_absence_boundary_at_zero","ok","",""
"Qiita13631ASD","ASD Dan 2020",13,"balanced","Prevotella",1,1,1,100,100,53174,TRUE,TRUE,FALSE,TRUE,TRUE,TRUE,TRUE,"no_observed_zeros","ok","",""
"Qiita13631ASD","ASD Dan 2020",13,"balanced","Roseburia",1,1,1,100,100,13241,TRUE,TRUE,FALSE,TRUE,TRUE,TRUE,TRUE,"no_observed_zeros","ok","",""
"Qiita13631ASD","ASD Dan 2020",13,"balanced","Ruminococcus",1,1,1,100,100,29178,TRUE,TRUE,FALSE,TRUE,TRUE,TRUE,TRUE,"no_observed_zeros","ok","",""
"Qiita13631ASD","ASD Dan 2020",13,"balanced","Streptococcus",0.975,0.97,0.98,97,98,2568,TRUE,TRUE,TRUE,FALSE,TRUE,TRUE,TRUE,"ok","ok","",""
"Qiita13631ASD","ASD Dan 2020",13,"balanced","Sutterella",1,1,1,100,100,14858,TRUE,TRUE,FALSE,TRUE,TRUE,TRUE,TRUE,"no_observed_zeros","ok","",""
"Qiita13631ASD","ASD Dan 2020",13,"balanced","Veillonella",0.995,1,0.99,100,99,6338,TRUE,TRUE,FALSE,TRUE,TRUE,TRUE,TRUE,"structural_absence_boundary_at_zero","ok","",""
"Qiita13631ASD","ASD Dan 2020",13,"fourfold","[Prevotella]",0.495,0.43,0.56,43,56,1280,TRUE,TRUE,TRUE,FALSE,TRUE,TRUE,TRUE,"ok","ok","",""
"Qiita13631ASD","ASD Dan 2020",13,"fourfold","[Ruminococcus]",1,1,1,100,100,10403,TRUE,TRUE,FALSE,TRUE,TRUE,TRUE,TRUE,"no_observed_zeros","ok","",""
"Qiita13631ASD","ASD Dan 2020",13,"fourfold","Akkermansia",0.72,0.61,0.83,61,83,3473,TRUE,TRUE,FALSE,TRUE,TRUE,TRUE,TRUE,"structural_absence_boundary_at_zero","ok","",""
"Qiita13631ASD","ASD Dan 2020",13,"fourfold","Anaerostipes",0.935,0.9,0.97,90,97,2638,TRUE,TRUE,TRUE,FALSE,TRUE,TRUE,TRUE,"ok","ok","",""
"Qiita13631ASD","ASD Dan 2020",13,"fourfold","Bacteroides",1,1,1,100,100,278626,TRUE,TRUE,FALSE,TRUE,TRUE,TRUE,TRUE,"no_observed_zeros","ok","",""
"Qiita13631ASD","ASD Dan 2020",13,"fourfold","Bifidobacterium",0.95,0.92,0.98,92,98,8946,TRUE,TRUE,FALSE,TRUE,TRUE,TRUE,TRUE,"structural_absence_boundary_at_zero","ok","",""
"Qiita13631ASD","ASD Dan 2020",13,"fourfold","Bilophila",0.91,0.83,0.99,83,99,1346,TRUE,TRUE,TRUE,FALSE,TRUE,TRUE,TRUE,"ok","ok","",""
"Qiita13631ASD","ASD Dan 2020",13,"fourfold","Blautia",1,1,1,100,100,5807,TRUE,TRUE,FALSE,TRUE,TRUE,TRUE,TRUE,"no_observed_zeros","ok","",""
"Qiita13631ASD","ASD Dan 2020",13,"fourfold","Clostridium",1,1,1,100,100,7463,TRUE,TRUE,FALSE,TRUE,TRUE,TRUE,TRUE,"no_observed_zeros","ok","",""
"Qiita13631ASD","ASD Dan 2020",13,"fourfold","Collinsella",0.69,0.54,0.84,54,84,712,TRUE,TRUE,FALSE,TRUE,TRUE,TRUE,TRUE,"structural_absence_boundary_at_zero","ok","",""
"Qiita13631ASD","ASD Dan 2020",13,"fourfold","Coprococcus",0.99,0.98,1,98,100,6008,TRUE,TRUE,TRUE,FALSE,TRUE,TRUE,TRUE,"ok","ok","",""
"Qiita13631ASD","ASD Dan 2020",13,"fourfold","Dialister",0.995,0.99,1,99,100,18877,TRUE,TRUE,FALSE,TRUE,TRUE,TRUE,TRUE,"structural_absence_boundary_at_zero","ok","",""
"Qiita13631ASD","ASD Dan 2020",13,"fourfold","Dorea",0.995,0.99,1,99,100,4702,TRUE,TRUE,FALSE,TRUE,TRUE,TRUE,TRUE,"structural_absence_boundary_at_zero","ok","",""
"Qiita13631ASD","ASD Dan 2020",13,"fourfold","Faecalibacterium",1,1,1,100,100,72411,TRUE,TRUE,FALSE,TRUE,TRUE,TRUE,TRUE,"no_observed_zeros","ok","",""
"Qiita13631ASD","ASD Dan 2020",13,"fourfold","Fusobacterium",0.445,0.32,0.57,32,57,864,TRUE,TRUE,TRUE,FALSE,TRUE,TRUE,TRUE,"ok","ok","",""
"Qiita13631ASD","ASD Dan 2020",13,"fourfold","Haemophilus",0.925,0.88,0.97,88,97,5307,TRUE,TRUE,FALSE,TRUE,TRUE,TRUE,TRUE,"structural_absence_boundary_at_zero","ok","",""
"Qiita13631ASD","ASD Dan 2020",13,"fourfold","Lachnobacterium",0.64,0.54,0.74,54,74,920,TRUE,TRUE,TRUE,FALSE,TRUE,TRUE,TRUE,"ok","ok","",""
"Qiita13631ASD","ASD Dan 2020",13,"fourfold","Lachnospira",1,1,1,100,100,22654,TRUE,TRUE,FALSE,TRUE,TRUE,TRUE,TRUE,"no_observed_zeros","ok","",""
"Qiita13631ASD","ASD Dan 2020",13,"fourfold","Megamonas",0.98,0.96,1,96,100,18665,TRUE,TRUE,FALSE,TRUE,TRUE,TRUE,TRUE,"structural_absence_boundary_at_zero","ok","",""
"Qiita13631ASD","ASD Dan 2020",13,"fourfold","Megasphaera",0.83,0.76,0.9,76,90,3079,TRUE,TRUE,FALSE,TRUE,TRUE,TRUE,TRUE,"structural_absence_boundary_at_zero","ok","",""
"Qiita13631ASD","ASD Dan 2020",13,"fourfold","Oscillospira",1,1,1,100,100,9987,TRUE,TRUE,FALSE,TRUE,TRUE,TRUE,TRUE,"no_observed_zeros","ok","",""
"Qiita13631ASD","ASD Dan 2020",13,"fourfold","Parabacteroides",1,1,1,100,100,21406,TRUE,TRUE,FALSE,TRUE,TRUE,TRUE,TRUE,"no_observed_zeros","ok","",""
"Qiita13631ASD","ASD Dan 2020",13,"fourfold","Paraprevotella",0.745,0.67,0.82,67,82,1827,TRUE,TRUE,TRUE,FALSE,TRUE,TRUE,TRUE,"ok","ok","",""
"Qiita13631ASD","ASD Dan 2020",13,"fourfold","Phascolarctobacterium",0.98,0.96,1,96,100,9775,TRUE,TRUE,FALSE,TRUE,TRUE,TRUE,TRUE,"structural_absence_boundary_at_zero","ok","",""
"Qiita13631ASD","ASD Dan 2020",13,"fourfold","Prevotella",0.99,0.98,1,98,100,59527,TRUE,TRUE,FALSE,TRUE,TRUE,TRUE,TRUE,"structural_absence_boundary_at_zero","ok","",""
"Qiita13631ASD","ASD Dan 2020",13,"fourfold","Roseburia",0.995,0.99,1,99,100,12046,TRUE,TRUE,FALSE,TRUE,TRUE,TRUE,TRUE,"structural_absence_boundary_at_zero","ok","",""
"Qiita13631ASD","ASD Dan 2020",13,"fourfold","Ruminococcus",1,1,1,100,100,24576,TRUE,TRUE,FALSE,TRUE,TRUE,TRUE,TRUE,"no_observed_zeros","ok","",""
"Qiita13631ASD","ASD Dan 2020",13,"fourfold","Streptococcus",0.96,0.92,1,92,100,2496,TRUE,TRUE,FALSE,TRUE,TRUE,TRUE,TRUE,"structural_absence_boundary_at_zero","ok","",""
"Qiita13631ASD","ASD Dan 2020",13,"fourfold","Sutterella",1,1,1,100,100,13746,TRUE,TRUE,FALSE,TRUE,TRUE,TRUE,TRUE,"no_observed_zeros","ok","",""
"Qiita13631ASD","ASD Dan 2020",13,"fourfold","Veillonella",0.985,0.97,1,97,100,5428,TRUE,TRUE,FALSE,TRUE,TRUE,TRUE,TRUE,"structural_absence_boundary_at_zero","ok","",""
"Qiita13631ASD","ASD Dan 2020",14,"balanced","[Prevotella]",0.53,0.56,0.5,56,50,1719,TRUE,TRUE,TRUE,FALSE,TRUE,TRUE,TRUE,"ok","ok","",""
"Qiita13631ASD","ASD Dan 2020",14,"balanced","[Ruminococcus]",1,1,1,100,100,11984,TRUE,TRUE,FALSE,TRUE,TRUE,TRUE,TRUE,"no_observed_zeros","ok","",""
"Qiita13631ASD","ASD Dan 2020",14,"balanced","Akkermansia",0.815,0.84,0.79,84,79,3241,TRUE,TRUE,FALSE,TRUE,TRUE,TRUE,TRUE,"structural_absence_boundary_at_zero","ok","",""
"Qiita13631ASD","ASD Dan 2020",14,"balanced","Anaerostipes",0.97,0.97,0.97,97,97,2699,TRUE,TRUE,TRUE,FALSE,TRUE,TRUE,TRUE,"ok","ok","",""
"Qiita13631ASD","ASD Dan 2020",14,"balanced","Bacteroides",1,1,1,100,100,315761,TRUE,TRUE,FALSE,TRUE,TRUE,TRUE,TRUE,"no_observed_zeros","ok","",""
"Qiita13631ASD","ASD Dan 2020",14,"balanced","Bifidobacterium",0.97,0.98,0.96,98,96,11685,TRUE,TRUE,FALSE,TRUE,TRUE,TRUE,TRUE,"structural_absence_boundary_at_zero","ok","",""
"Qiita13631ASD","ASD Dan 2020",14,"balanced","Bilophila",0.97,0.99,0.95,99,95,1652,TRUE,TRUE,FALSE,TRUE,TRUE,TRUE,TRUE,"structural_absence_boundary_at_zero","ok","",""
"Qiita13631ASD","ASD Dan 2020",14,"balanced","Blautia",1,1,1,100,100,5692,TRUE,TRUE,FALSE,TRUE,TRUE,TRUE,TRUE,"no_observed_zeros","ok","",""
"Qiita13631ASD","ASD Dan 2020",14,"balanced","Clostridium",1,1,1,100,100,9226,TRUE,TRUE,FALSE,TRUE,TRUE,TRUE,TRUE,"no_observed_zeros","ok","",""
"Qiita13631ASD","ASD Dan 2020",14,"balanced","Collinsella",0.755,0.79,0.72,79,72,1048,TRUE,TRUE,FALSE,TRUE,TRUE,TRUE,TRUE,"structural_absence_boundary_at_zero","ok","",""
"Qiita13631ASD","ASD Dan 2020",14,"balanced","Coprococcus",0.995,0.99,1,99,100,6867,TRUE,TRUE,TRUE,FALSE,TRUE,TRUE,TRUE,"ok","ok","",""
"Qiita13631ASD","ASD Dan 2020",14,"balanced","Dialister",0.995,1,0.99,100,99,24908,TRUE,TRUE,FALSE,TRUE,TRUE,TRUE,TRUE,"structural_absence_boundary_at_zero","ok","",""
"Qiita13631ASD","ASD Dan 2020",14,"balanced","Dorea",1,1,1,100,100,5366,TRUE,TRUE,FALSE,TRUE,TRUE,TRUE,TRUE,"no_observed_zeros","ok","",""
"Qiita13631ASD","ASD Dan 2020",14,"balanced","Faecalibacterium",1,1,1,100,100,76154,TRUE,TRUE,FALSE,TRUE,TRUE,TRUE,TRUE,"no_observed_zeros","ok","",""
"Qiita13631ASD","ASD Dan 2020",14,"balanced","Fusobacterium",0.45,0.44,0.46,44,46,1372,TRUE,TRUE,TRUE,FALSE,TRUE,TRUE,TRUE,"ok","ok","",""
"Qiita13631ASD","ASD Dan 2020",14,"balanced","Haemophilus",0.975,0.98,0.97,98,97,5581,TRUE,TRUE,FALSE,TRUE,TRUE,TRUE,TRUE,"structural_absence_boundary_at_zero","ok","",""
"Qiita13631ASD","ASD Dan 2020",14,"balanced","Lachnobacterium",0.73,0.72,0.74,72,74,1308,TRUE,TRUE,TRUE,FALSE,TRUE,TRUE,TRUE,"ok","ok","",""
"Qiita13631ASD","ASD Dan 2020",14,"balanced","Lachnospira",1,1,1,100,100,25800,TRUE,TRUE,FALSE,TRUE,TRUE,TRUE,TRUE,"no_observed_zeros","ok","",""
"Qiita13631ASD","ASD Dan 2020",14,"balanced","Megamonas",0.985,0.99,0.98,99,98,16880,TRUE,TRUE,TRUE,FALSE,TRUE,TRUE,TRUE,"ok","ok","",""
"Qiita13631ASD","ASD Dan 2020",14,"balanced","Megasphaera",0.87,0.93,0.81,93,81,3640,TRUE,TRUE,FALSE,TRUE,TRUE,TRUE,TRUE,"structural_absence_boundary_at_zero","ok","",""
"Qiita13631ASD","ASD Dan 2020",14,"balanced","Oscillospira",1,1,1,100,100,11564,TRUE,TRUE,FALSE,TRUE,TRUE,TRUE,TRUE,"no_observed_zeros","ok","",""
"Qiita13631ASD","ASD Dan 2020",14,"balanced","Parabacteroides",1,1,1,100,100,24180,TRUE,TRUE,FALSE,TRUE,TRUE,TRUE,TRUE,"no_observed_zeros","ok","",""
"Qiita13631ASD","ASD Dan 2020",14,"balanced","Paraprevotella",0.84,0.84,0.84,84,84,1918,TRUE,TRUE,FALSE,TRUE,TRUE,TRUE,TRUE,"structural_absence_boundary_at_zero","ok","",""
"Qiita13631ASD","ASD Dan 2020",14,"balanced","Phascolarctobacterium",0.995,0.99,1,99,100,10359,TRUE,TRUE,FALSE,TRUE,TRUE,TRUE,TRUE,"structural_absence_boundary_at_zero","ok","",""
"Qiita13631ASD","ASD Dan 2020",14,"balanced","Prevotella",0.995,0.99,1,99,100,57902,TRUE,TRUE,FALSE,TRUE,TRUE,TRUE,TRUE,"structural_absence_boundary_at_zero","ok","",""
"Qiita13631ASD","ASD Dan 2020",14,"balanced","Roseburia",1,1,1,100,100,12938,TRUE,TRUE,FALSE,TRUE,TRUE,TRUE,TRUE,"no_observed_zeros","ok","",""
"Qiita13631ASD","ASD Dan 2020",14,"balanced","Ruminococcus",1,1,1,100,100,29667,TRUE,TRUE,FALSE,TRUE,TRUE,TRUE,TRUE,"no_observed_zeros","ok","",""
"Qiita13631ASD","ASD Dan 2020",14,"balanced","Streptococcus",0.99,1,0.98,100,98,2592,TRUE,TRUE,FALSE,TRUE,TRUE,TRUE,TRUE,"structural_absence_boundary_at_zero","ok","",""
"Qiita13631ASD","ASD Dan 2020",14,"balanced","Sutterella",1,1,1,100,100,14702,TRUE,TRUE,FALSE,TRUE,TRUE,TRUE,TRUE,"no_observed_zeros","ok","",""
"Qiita13631ASD","ASD Dan 2020",14,"balanced","Veillonella",0.985,0.99,0.98,99,98,5362,TRUE,TRUE,FALSE,TRUE,TRUE,TRUE,TRUE,"structural_absence_boundary_at_zero","ok","",""
"Qiita13631ASD","ASD Dan 2020",14,"fourfold","[Prevotella]",0.475,0.43,0.52,43,52,1034,TRUE,TRUE,TRUE,FALSE,TRUE,TRUE,TRUE,"ok","ok","",""
"Qiita13631ASD","ASD Dan 2020",14,"fourfold","[Ruminococcus]",1,1,1,100,100,10150,TRUE,TRUE,FALSE,TRUE,TRUE,TRUE,TRUE,"no_observed_zeros","ok","",""
"Qiita13631ASD","ASD Dan 2020",14,"fourfold","Akkermansia",0.675,0.57,0.78,57,78,5741,TRUE,TRUE,FALSE,TRUE,TRUE,TRUE,TRUE,"structural_absence_boundary_at_zero","ok","",""
"Qiita13631ASD","ASD Dan 2020",14,"fourfold","Anaerostipes",0.945,0.89,1,89,100,2383,TRUE,TRUE,FALSE,TRUE,TRUE,TRUE,TRUE,"structural_absence_boundary_at_zero","ok","",""
"Qiita13631ASD","ASD Dan 2020",14,"fourfold","Bacteroides",1,1,1,100,100,288835,TRUE,TRUE,FALSE,TRUE,TRUE,TRUE,TRUE,"no_observed_zeros","ok","",""
"Qiita13631ASD","ASD Dan 2020",14,"fourfold","Bifidobacterium",0.96,0.93,0.99,93,99,10949,TRUE,TRUE,FALSE,TRUE,TRUE,TRUE,TRUE,"structural_absence_boundary_at_zero","ok","",""
"Qiita13631ASD","ASD Dan 2020",14,"fourfold","Bilophila",0.87,0.79,0.95,79,95,1405,TRUE,TRUE,TRUE,FALSE,TRUE,TRUE,TRUE,"ok","ok","",""
"Qiita13631ASD","ASD Dan 2020",14,"fourfold","Blautia",0.995,0.99,1,99,100,5102,TRUE,TRUE,FALSE,TRUE,TRUE,TRUE,TRUE,"structural_absence_boundary_at_zero","ok","",""
"Qiita13631ASD","ASD Dan 2020",14,"fourfold","Clostridium",0.985,0.97,1,97,100,7311,TRUE,TRUE,FALSE,TRUE,TRUE,TRUE,TRUE,"structural_absence_boundary_at_zero","ok","",""
"Qiita13631ASD","ASD Dan 2020",14,"fourfold","Collinsella",0.62,0.47,0.77,47,77,607,TRUE,TRUE,TRUE,FALSE,TRUE,TRUE,TRUE,"ok","ok","",""
"Qiita13631ASD","ASD Dan 2020",14,"fourfold","Coprococcus",0.98,0.96,1,96,100,6095,TRUE,TRUE,TRUE,FALSE,TRUE,TRUE,TRUE,"ok","ok","",""
"Qiita13631ASD","ASD Dan 2020",14,"fourfold","Dialister",1,1,1,100,100,19335,TRUE,TRUE,FALSE,TRUE,TRUE,TRUE,TRUE,"no_observed_zeros","ok","",""
"Qiita13631ASD","ASD Dan 2020",14,"fourfold","Dorea",1,1,1,100,100,4813,TRUE,TRUE,FALSE,TRUE,TRUE,TRUE,TRUE,"no_observed_zeros","ok","",""
"Qiita13631ASD","ASD Dan 2020",14,"fourfold","Faecalibacterium",1,1,1,100,100,67790,TRUE,TRUE,FALSE,TRUE,TRUE,TRUE,TRUE,"no_observed_zeros","ok","",""
"Qiita13631ASD","ASD Dan 2020",14,"fourfold","Fusobacterium",0.475,0.35,0.6,35,60,1020,TRUE,TRUE,FALSE,TRUE,TRUE,TRUE,TRUE,"structural_absence_boundary_at_zero","ok","",""
"Qiita13631ASD","ASD Dan 2020",14,"fourfold","Haemophilus",0.93,0.86,1,86,100,4433,TRUE,TRUE,FALSE,TRUE,TRUE,TRUE,TRUE,"structural_absence_boundary_at_zero","ok","",""
"Qiita13631ASD","ASD Dan 2020",14,"fourfold","Lachnobacterium",0.67,0.55,0.79,55,79,1085,TRUE,TRUE,TRUE,FALSE,TRUE,TRUE,TRUE,"ok","ok","",""
"Qiita13631ASD","ASD Dan 2020",14,"fourfold","Lachnospira",1,1,1,100,100,23341,TRUE,TRUE,FALSE,TRUE,TRUE,TRUE,TRUE,"no_observed_zeros","ok","",""
"Qiita13631ASD","ASD Dan 2020",14,"fourfold","Megamonas",0.99,0.98,1,98,100,19025,TRUE,TRUE,FALSE,TRUE,TRUE,TRUE,TRUE,"structural_absence_boundary_at_zero","ok","",""
"Qiita13631ASD","ASD Dan 2020",14,"fourfold","Megasphaera",0.845,0.79,0.9,79,90,2743,TRUE,TRUE,FALSE,TRUE,TRUE,TRUE,TRUE,"structural_absence_boundary_at_zero","ok","",""
"Qiita13631ASD","ASD Dan 2020",14,"fourfold","Oscillospira",0.995,0.99,1,99,100,10470,TRUE,TRUE,TRUE,FALSE,TRUE,TRUE,TRUE,"ok","ok","",""
"Qiita13631ASD","ASD Dan 2020",14,"fourfold","Parabacteroides",1,1,1,100,100,21179,TRUE,TRUE,FALSE,TRUE,TRUE,TRUE,TRUE,"no_observed_zeros","ok","",""
"Qiita13631ASD","ASD Dan 2020",14,"fourfold","Paraprevotella",0.755,0.66,0.85,66,85,1893,TRUE,TRUE,TRUE,FALSE,TRUE,TRUE,TRUE,"ok","ok","",""
"Qiita13631ASD","ASD Dan 2020",14,"fourfold","Phascolarctobacterium",0.985,0.97,1,97,100,14470,TRUE,TRUE,FALSE,TRUE,TRUE,TRUE,TRUE,"structural_absence_boundary_at_zero","ok","",""
"Qiita13631ASD","ASD Dan 2020",14,"fourfold","Prevotella",0.985,0.97,1,97,100,55609,TRUE,TRUE,FALSE,TRUE,TRUE,TRUE,TRUE,"structural_absence_boundary_at_zero","ok","",""
"Qiita13631ASD","ASD Dan 2020",14,"fourfold","Roseburia",0.985,0.97,1,97,100,12771,TRUE,TRUE,TRUE,FALSE,TRUE,TRUE,TRUE,"ok","ok","",""
"Qiita13631ASD","ASD Dan 2020",14,"fourfold","Ruminococcus",1,1,1,100,100,27071,TRUE,TRUE,FALSE,TRUE,TRUE,TRUE,TRUE,"no_observed_zeros","ok","",""
"Qiita13631ASD","ASD Dan 2020",14,"fourfold","Streptococcus",0.96,0.93,0.99,93,99,2365,TRUE,TRUE,FALSE,TRUE,TRUE,TRUE,TRUE,"structural_absence_boundary_at_zero","ok","",""
"Qiita13631ASD","ASD Dan 2020",14,"fourfold","Sutterella",1,1,1,100,100,13761,TRUE,TRUE,FALSE,TRUE,TRUE,TRUE,TRUE,"no_observed_zeros","ok","",""
"Qiita13631ASD","ASD Dan 2020",14,"fourfold","Veillonella",0.97,0.95,0.99,95,99,5930,TRUE,TRUE,TRUE,FALSE,TRUE,TRUE,TRUE,"ok","ok","",""
"Qiita13631ASD","ASD Dan 2020",15,"balanced","[Prevotella]",0.525,0.51,0.54,51,54,1583,TRUE,TRUE,TRUE,FALSE,TRUE,TRUE,TRUE,"ok","ok","",""
"Qiita13631ASD","ASD Dan 2020",15,"balanced","[Ruminococcus]",1,1,1,100,100,12011,TRUE,TRUE,FALSE,TRUE,TRUE,TRUE,TRUE,"no_observed_zeros","ok","",""
"Qiita13631ASD","ASD Dan 2020",15,"balanced","Akkermansia",0.785,0.78,0.79,78,79,2888,TRUE,TRUE,FALSE,TRUE,TRUE,TRUE,TRUE,"structural_absence_boundary_at_zero","ok","",""
"Qiita13631ASD","ASD Dan 2020",15,"balanced","Anaerostipes",0.97,0.97,0.97,97,97,2871,TRUE,TRUE,TRUE,FALSE,TRUE,TRUE,TRUE,"ok","ok","",""
"Qiita13631ASD","ASD Dan 2020",15,"balanced","Bacteroides",1,1,1,100,100,291116,TRUE,TRUE,FALSE,TRUE,TRUE,TRUE,TRUE,"no_observed_zeros","ok","",""
"Qiita13631ASD","ASD Dan 2020",15,"balanced","Bifidobacterium",0.975,0.98,0.97,98,97,8974,TRUE,TRUE,FALSE,TRUE,TRUE,TRUE,TRUE,"structural_absence_boundary_at_zero","ok","",""
"Qiita13631ASD","ASD Dan 2020",15,"balanced","Bilophila",0.96,0.97,0.95,97,95,1451,TRUE,TRUE,TRUE,FALSE,TRUE,TRUE,TRUE,"ok","ok","",""
"Qiita13631ASD","ASD Dan 2020",15,"balanced","Blautia",1,1,1,100,100,5651,TRUE,TRUE,FALSE,TRUE,TRUE,TRUE,TRUE,"no_observed_zeros","ok","",""
"Qiita13631ASD","ASD Dan 2020",15,"balanced","Clostridium",1,1,1,100,100,8718,TRUE,TRUE,FALSE,TRUE,TRUE,TRUE,TRUE,"no_observed_zeros","ok","",""
"Qiita13631ASD","ASD Dan 2020",15,"balanced","Collinsella",0.72,0.7,0.74,70,74,848,TRUE,TRUE,FALSE,TRUE,TRUE,TRUE,TRUE,"structural_absence_boundary_at_zero","ok","",""
"Qiita13631ASD","ASD Dan 2020",15,"balanced","Coprococcus",1,1,1,100,100,6556,TRUE,TRUE,FALSE,TRUE,TRUE,TRUE,TRUE,"no_observed_zeros","ok","",""
"Qiita13631ASD","ASD Dan 2020",15,"balanced","Dialister",1,1,1,100,100,22750,TRUE,TRUE,FALSE,TRUE,TRUE,TRUE,TRUE,"no_observed_zeros","ok","",""
"Qiita13631ASD","ASD Dan 2020",15,"balanced","Dorea",1,1,1,100,100,5128,TRUE,TRUE,FALSE,TRUE,TRUE,TRUE,TRUE,"no_observed_zeros","ok","",""
"Qiita13631ASD","ASD Dan 2020",15,"balanced","Faecalibacterium",1,1,1,100,100,75748,TRUE,TRUE,FALSE,TRUE,TRUE,TRUE,TRUE,"no_observed_zeros","ok","",""
"Qiita13631ASD","ASD Dan 2020",15,"balanced","Fusobacterium",0.54,0.53,0.55,53,55,1990,TRUE,TRUE,FALSE,TRUE,TRUE,TRUE,TRUE,"structural_absence_boundary_at_zero","ok","",""
"Qiita13631ASD","ASD Dan 2020",15,"balanced","Haemophilus",0.96,0.94,0.98,94,98,5650,TRUE,TRUE,FALSE,TRUE,TRUE,TRUE,TRUE,"structural_absence_boundary_at_zero","ok","",""
"Qiita13631ASD","ASD Dan 2020",15,"balanced","Lachnobacterium",0.68,0.68,0.68,68,68,1127,TRUE,TRUE,TRUE,FALSE,TRUE,TRUE,TRUE,"ok","ok","",""
"Qiita13631ASD","ASD Dan 2020",15,"balanced","Lachnospira",1,1,1,100,100,24471,TRUE,TRUE,FALSE,TRUE,TRUE,TRUE,TRUE,"no_observed_zeros","ok","",""
"Qiita13631ASD","ASD Dan 2020",15,"balanced","Megamonas",0.995,0.99,1,99,100,17308,TRUE,TRUE,FALSE,TRUE,TRUE,TRUE,TRUE,"structural_absence_boundary_at_zero","ok","",""
"Qiita13631ASD","ASD Dan 2020",15,"balanced","Megasphaera",0.84,0.81,0.87,81,87,3172,TRUE,TRUE,TRUE,FALSE,TRUE,TRUE,TRUE,"ok","ok","",""
"Qiita13631ASD","ASD Dan 2020",15,"balanced","Oscillospira",1,1,1,100,100,10485,TRUE,TRUE,FALSE,TRUE,TRUE,TRUE,TRUE,"no_observed_zeros","ok","",""
"Qiita13631ASD","ASD Dan 2020",15,"balanced","Parabacteroides",1,1,1,100,100,22257,TRUE,TRUE,FALSE,TRUE,TRUE,TRUE,TRUE,"no_observed_zeros","ok","",""
"Qiita13631ASD","ASD Dan 2020",15,"balanced","Paraprevotella",0.82,0.81,0.83,81,83,2112,TRUE,TRUE,TRUE,FALSE,TRUE,TRUE,TRUE,"ok","ok","",""
"Qiita13631ASD","ASD Dan 2020",15,"balanced","Phascolarctobacterium",0.995,0.99,1,99,100,9634,TRUE,TRUE,TRUE,FALSE,TRUE,TRUE,TRUE,"ok","ok","",""
"Qiita13631ASD","ASD Dan 2020",15,"balanced","Prevotella",0.99,1,0.98,100,98,49042,TRUE,TRUE,FALSE,TRUE,TRUE,TRUE,TRUE,"structural_absence_boundary_at_zero","ok","",""
"Qiita13631ASD","ASD Dan 2020",15,"balanced","Roseburia",1,1,1,100,100,12041,TRUE,TRUE,FALSE,TRUE,TRUE,TRUE,TRUE,"no_observed_zeros","ok","",""
"Qiita13631ASD","ASD Dan 2020",15,"balanced","Ruminococcus",1,1,1,100,100,27098,TRUE,TRUE,FALSE,TRUE,TRUE,TRUE,TRUE,"no_observed_zeros","ok","",""
"Qiita13631ASD","ASD Dan 2020",15,"balanced","Streptococcus",0.985,0.98,0.99,98,99,2438,TRUE,TRUE,FALSE,TRUE,TRUE,TRUE,TRUE,"structural_absence_boundary_at_zero","ok","",""
"Qiita13631ASD","ASD Dan 2020",15,"balanced","Sutterella",1,1,1,100,100,13088,TRUE,TRUE,FALSE,TRUE,TRUE,TRUE,TRUE,"no_observed_zeros","ok","",""
"Qiita13631ASD","ASD Dan 2020",15,"balanced","Veillonella",0.985,0.98,0.99,98,99,5523,TRUE,TRUE,FALSE,TRUE,TRUE,TRUE,TRUE,"structural_absence_boundary_at_zero","ok","",""
"Qiita13631ASD","ASD Dan 2020",15,"fourfold","[Prevotella]",0.45,0.39,0.51,39,51,1639,TRUE,TRUE,TRUE,FALSE,TRUE,TRUE,TRUE,"ok","ok","",""
"Qiita13631ASD","ASD Dan 2020",15,"fourfold","[Ruminococcus]",1,1,1,100,100,12007,TRUE,TRUE,FALSE,TRUE,TRUE,TRUE,TRUE,"no_observed_zeros","ok","",""
"Qiita13631ASD","ASD Dan 2020",15,"fourfold","Akkermansia",0.73,0.58,0.88,58,88,4217,TRUE,TRUE,FALSE,TRUE,TRUE,TRUE,TRUE,"structural_absence_boundary_at_zero","ok","",""
"Qiita13631ASD","ASD Dan 2020",15,"fourfold","Anaerostipes",0.925,0.87,0.98,87,98,2497,TRUE,TRUE,TRUE,FALSE,TRUE,TRUE,TRUE,"ok","ok","",""
"Qiita13631ASD","ASD Dan 2020",15,"fourfold","Bacteroides",1,1,1,100,100,296453,TRUE,TRUE,FALSE,TRUE,TRUE,TRUE,TRUE,"no_observed_zeros","ok","",""
"Qiita13631ASD","ASD Dan 2020",15,"fourfold","Bifidobacterium",0.95,0.9,1,90,100,7450,TRUE,TRUE,FALSE,TRUE,TRUE,TRUE,TRUE,"structural_absence_boundary_at_zero","ok","",""
"Qiita13631ASD","ASD Dan 2020",15,"fourfold","Bilophila",0.895,0.81,0.98,81,98,1473,TRUE,TRUE,FALSE,TRUE,TRUE,TRUE,TRUE,"structural_absence_boundary_at_zero","ok","",""
"Qiita13631ASD","ASD Dan 2020",15,"fourfold","Blautia",0.985,0.97,1,97,100,5981,TRUE,TRUE,FALSE,TRUE,TRUE,TRUE,TRUE,"structural_absence_boundary_at_zero","ok","",""
"Qiita13631ASD","ASD Dan 2020",15,"fourfold","Clostridium",0.99,0.98,1,98,100,9370,TRUE,TRUE,FALSE,TRUE,TRUE,TRUE,TRUE,"structural_absence_boundary_at_zero","ok","",""
"Qiita13631ASD","ASD Dan 2020",15,"fourfold","Collinsella",0.67,0.47,0.87,47,87,858,TRUE,TRUE,FALSE,TRUE,TRUE,TRUE,TRUE,"structural_absence_boundary_at_zero","ok","",""
"Qiita13631ASD","ASD Dan 2020",15,"fourfold","Coprococcus",0.995,0.99,1,99,100,6526,TRUE,TRUE,FALSE,TRUE,TRUE,TRUE,TRUE,"structural_absence_boundary_at_zero","ok","",""
"Qiita13631ASD","ASD Dan 2020",15,"fourfold","Dialister",1,1,1,100,100,22215,TRUE,TRUE,FALSE,TRUE,TRUE,TRUE,TRUE,"no_observed_zeros","ok","",""
"Qiita13631ASD","ASD Dan 2020",15,"fourfold","Dorea",0.965,0.93,1,93,100,5107,TRUE,TRUE,TRUE,FALSE,TRUE,TRUE,TRUE,"ok","ok","",""
"Qiita13631ASD","ASD Dan 2020",15,"fourfold","Faecalibacterium",1,1,1,100,100,78854,TRUE,TRUE,FALSE,TRUE,TRUE,TRUE,TRUE,"no_observed_zeros","ok","",""
"Qiita13631ASD","ASD Dan 2020",15,"fourfold","Fusobacterium",0.495,0.33,0.66,33,66,1501,TRUE,TRUE,FALSE,TRUE,TRUE,TRUE,TRUE,"structural_absence_boundary_at_zero","ok","",""
"Qiita13631ASD","ASD Dan 2020",15,"fourfold","Haemophilus",0.895,0.83,0.96,83,96,6073,TRUE,TRUE,FALSE,TRUE,TRUE,TRUE,TRUE,"structural_absence_boundary_at_zero","ok","",""
"Qiita13631ASD","ASD Dan 2020",15,"fourfold","Lachnobacterium",0.655,0.52,0.79,52,79,1072,TRUE,TRUE,TRUE,FALSE,TRUE,TRUE,TRUE,"ok","ok","",""
"Qiita13631ASD","ASD Dan 2020",15,"fourfold","Lachnospira",1,1,1,100,100,22190,TRUE,TRUE,FALSE,TRUE,TRUE,TRUE,TRUE,"no_observed_zeros","ok","",""
"Qiita13631ASD","ASD Dan 2020",15,"fourfold","Megamonas",0.99,0.98,1,98,100,17128,TRUE,TRUE,FALSE,TRUE,TRUE,TRUE,TRUE,"structural_absence_boundary_at_zero","ok","",""
"Qiita13631ASD","ASD Dan 2020",15,"fourfold","Megasphaera",0.775,0.65,0.9,65,90,3743,TRUE,TRUE,FALSE,TRUE,TRUE,TRUE,TRUE,"structural_absence_boundary_at_zero","ok","",""
"Qiita13631ASD","ASD Dan 2020",15,"fourfold","Oscillospira",1,1,1,100,100,10786,TRUE,TRUE,FALSE,TRUE,TRUE,TRUE,TRUE,"no_observed_zeros","ok","",""
"Qiita13631ASD","ASD Dan 2020",15,"fourfold","Parabacteroides",1,1,1,100,100,22530,TRUE,TRUE,FALSE,TRUE,TRUE,TRUE,TRUE,"no_observed_zeros","ok","",""
"Qiita13631ASD","ASD Dan 2020",15,"fourfold","Paraprevotella",0.725,0.67,0.78,67,78,2513,TRUE,TRUE,TRUE,FALSE,TRUE,TRUE,TRUE,"ok","ok","",""
"Qiita13631ASD","ASD Dan 2020",15,"fourfold","Phascolarctobacterium",0.985,0.97,1,97,100,8745,TRUE,TRUE,FALSE,TRUE,TRUE,TRUE,TRUE,"structural_absence_boundary_at_zero","ok","",""
"Qiita13631ASD","ASD Dan 2020",15,"fourfold","Prevotella",0.995,0.99,1,99,100,49064,TRUE,TRUE,FALSE,TRUE,TRUE,TRUE,TRUE,"structural_absence_boundary_at_zero","ok","",""
"Qiita13631ASD","ASD Dan 2020",15,"fourfold","Roseburia",1,1,1,100,100,12085,TRUE,TRUE,FALSE,TRUE,TRUE,TRUE,TRUE,"no_observed_zeros","ok","",""
"Qiita13631ASD","ASD Dan 2020",15,"fourfold","Ruminococcus",1,1,1,100,100,26111,TRUE,TRUE,FALSE,TRUE,TRUE,TRUE,TRUE,"no_observed_zeros","ok","",""
"Qiita13631ASD","ASD Dan 2020",15,"fourfold","Streptococcus",0.97,0.94,1,94,100,2227,TRUE,TRUE,FALSE,TRUE,TRUE,TRUE,TRUE,"structural_absence_boundary_at_zero","ok","",""
"Qiita13631ASD","ASD Dan 2020",15,"fourfold","Sutterella",1,1,1,100,100,13661,TRUE,TRUE,FALSE,TRUE,TRUE,TRUE,TRUE,"no_observed_zeros","ok","",""
"Qiita13631ASD","ASD Dan 2020",15,"fourfold","Veillonella",0.975,0.96,0.99,96,99,6143,TRUE,TRUE,TRUE,FALSE,TRUE,TRUE,TRUE,"ok","ok","",""
"Qiita13631ASD","ASD Dan 2020",16,"balanced","[Prevotella]",0.535,0.59,0.48,59,48,1572,TRUE,TRUE,TRUE,FALSE,TRUE,TRUE,TRUE,"ok","ok","",""
"Qiita13631ASD","ASD Dan 2020",16,"balanced","[Ruminococcus]",1,1,1,100,100,12657,TRUE,TRUE,FALSE,TRUE,TRUE,TRUE,TRUE,"no_observed_zeros","ok","",""
"Qiita13631ASD","ASD Dan 2020",16,"balanced","Akkermansia",0.805,0.83,0.78,83,78,4123,TRUE,TRUE,FALSE,TRUE,TRUE,TRUE,TRUE,"structural_absence_boundary_at_zero","ok","",""
"Qiita13631ASD","ASD Dan 2020",16,"balanced","Anaerostipes",0.97,0.94,1,94,100,2747,TRUE,TRUE,TRUE,FALSE,TRUE,TRUE,TRUE,"ok","ok","",""
"Qiita13631ASD","ASD Dan 2020",16,"balanced","Bacteroides",1,1,1,100,100,318389,TRUE,TRUE,FALSE,TRUE,TRUE,TRUE,TRUE,"no_observed_zeros","ok","",""
"Qiita13631ASD","ASD Dan 2020",16,"balanced","Bifidobacterium",0.965,0.96,0.97,96,97,8647,TRUE,TRUE,FALSE,TRUE,TRUE,TRUE,TRUE,"structural_absence_boundary_at_zero","ok","",""
"Qiita13631ASD","ASD Dan 2020",16,"balanced","Bilophila",0.94,0.91,0.97,91,97,1537,TRUE,TRUE,TRUE,FALSE,TRUE,TRUE,TRUE,"ok","ok","",""
"Qiita13631ASD","ASD Dan 2020",16,"balanced","Blautia",0.995,0.99,1,99,100,5822,TRUE,TRUE,TRUE,FALSE,TRUE,TRUE,TRUE,"ok","ok","",""
"Qiita13631ASD","ASD Dan 2020",16,"balanced","Clostridium",1,1,1,100,100,9363,TRUE,TRUE,FALSE,TRUE,TRUE,TRUE,TRUE,"no_observed_zeros","ok","",""
"Qiita13631ASD","ASD Dan 2020",16,"balanced","Collinsella",0.74,0.77,0.71,77,71,792,TRUE,TRUE,FALSE,TRUE,TRUE,TRUE,TRUE,"structural_absence_boundary_at_zero","ok","",""
"Qiita13631ASD","ASD Dan 2020",16,"balanced","Coprococcus",1,1,1,100,100,6946,TRUE,TRUE,FALSE,TRUE,TRUE,TRUE,TRUE,"no_observed_zeros","ok","",""
"Qiita13631ASD","ASD Dan 2020",16,"balanced","Dialister",1,1,1,100,100,23330,TRUE,TRUE,FALSE,TRUE,TRUE,TRUE,TRUE,"no_observed_zeros","ok","",""
"Qiita13631ASD","ASD Dan 2020",16,"balanced","Dorea",1,1,1,100,100,5495,TRUE,TRUE,FALSE,TRUE,TRUE,TRUE,TRUE,"no_observed_zeros","ok","",""
"Qiita13631ASD","ASD Dan 2020",16,"balanced","Faecalibacterium",1,1,1,100,100,81387,TRUE,TRUE,FALSE,TRUE,TRUE,TRUE,TRUE,"no_observed_zeros","ok","",""
"Qiita13631ASD","ASD Dan 2020",16,"balanced","Fusobacterium",0.52,0.59,0.45,59,45,2437,TRUE,TRUE,FALSE,TRUE,TRUE,TRUE,TRUE,"structural_absence_boundary_at_zero","ok","",""
"Qiita13631ASD","ASD Dan 2020",16,"balanced","Haemophilus",0.945,0.96,0.93,96,93,5881,TRUE,TRUE,FALSE,TRUE,TRUE,TRUE,TRUE,"structural_absence_boundary_at_zero","ok","",""
"Qiita13631ASD","ASD Dan 2020",16,"balanced","Lachnobacterium",0.74,0.68,0.8,68,80,1207,TRUE,TRUE,TRUE,FALSE,TRUE,TRUE,TRUE,"ok","ok","",""
"Qiita13631ASD","ASD Dan 2020",16,"balanced","Lachnospira",1,1,1,100,100,25859,TRUE,TRUE,FALSE,TRUE,TRUE,TRUE,TRUE,"no_observed_zeros","ok","",""
"Qiita13631ASD","ASD Dan 2020",16,"balanced","Megamonas",1,1,1,100,100,17219,TRUE,TRUE,FALSE,TRUE,TRUE,TRUE,TRUE,"no_observed_zeros","ok","",""
"Qiita13631ASD","ASD Dan 2020",16,"balanced","Megasphaera",0.85,0.87,0.83,87,83,3188,TRUE,TRUE,TRUE,FALSE,TRUE,TRUE,TRUE,"ok","ok","",""
"Qiita13631ASD","ASD Dan 2020",16,"balanced","Oscillospira",1,1,1,100,100,11663,TRUE,TRUE,FALSE,TRUE,TRUE,TRUE,TRUE,"no_observed_zeros","ok","",""
"Qiita13631ASD","ASD Dan 2020",16,"balanced","Parabacteroides",1,1,1,100,100,23313,TRUE,TRUE,FALSE,TRUE,TRUE,TRUE,TRUE,"no_observed_zeros","ok","",""
"Qiita13631ASD","ASD Dan 2020",16,"balanced","Paraprevotella",0.835,0.81,0.86,81,86,2169,TRUE,TRUE,TRUE,FALSE,TRUE,TRUE,TRUE,"ok","ok","",""
"Qiita13631ASD","ASD Dan 2020",16,"balanced","Phascolarctobacterium",1,1,1,100,100,12127,TRUE,TRUE,FALSE,TRUE,TRUE,TRUE,TRUE,"no_observed_zeros","ok","",""
"Qiita13631ASD","ASD Dan 2020",16,"balanced","Prevotella",1,1,1,100,100,47028,TRUE,TRUE,FALSE,TRUE,TRUE,TRUE,TRUE,"no_observed_zeros","ok","",""
"Qiita13631ASD","ASD Dan 2020",16,"balanced","Roseburia",0.995,0.99,1,99,100,13297,TRUE,TRUE,TRUE,FALSE,TRUE,TRUE,TRUE,"ok","ok","",""
"Qiita13631ASD","ASD Dan 2020",16,"balanced","Ruminococcus",1,1,1,100,100,29200,TRUE,TRUE,FALSE,TRUE,TRUE,TRUE,TRUE,"no_observed_zeros","ok","",""
"Qiita13631ASD","ASD Dan 2020",16,"balanced","Streptococcus",0.98,0.96,1,96,100,2570,TRUE,TRUE,FALSE,TRUE,TRUE,TRUE,TRUE,"structural_absence_boundary_at_zero","ok","",""
"Qiita13631ASD","ASD Dan 2020",16,"balanced","Sutterella",1,1,1,100,100,14425,TRUE,TRUE,FALSE,TRUE,TRUE,TRUE,TRUE,"no_observed_zeros","ok","",""
"Qiita13631ASD","ASD Dan 2020",16,"balanced","Veillonella",0.995,0.99,1,99,100,6754,TRUE,TRUE,FALSE,TRUE,TRUE,TRUE,TRUE,"structural_absence_boundary_at_zero","ok","",""
"Qiita13631ASD","ASD Dan 2020",16,"fourfold","[Prevotella]",0.445,0.4,0.49,40,49,1167,TRUE,TRUE,TRUE,FALSE,TRUE,TRUE,TRUE,"ok","ok","",""
"Qiita13631ASD","ASD Dan 2020",16,"fourfold","[Ruminococcus]",0.995,0.99,1,99,100,9546,TRUE,TRUE,TRUE,FALSE,TRUE,TRUE,TRUE,"ok","ok","",""
"Qiita13631ASD","ASD Dan 2020",16,"fourfold","Akkermansia",0.675,0.59,0.76,59,76,4272,TRUE,TRUE,FALSE,TRUE,TRUE,TRUE,TRUE,"structural_absence_boundary_at_zero","ok","",""
"Qiita13631ASD","ASD Dan 2020",16,"fourfold","Anaerostipes",0.92,0.85,0.99,85,99,2467,TRUE,TRUE,FALSE,TRUE,TRUE,TRUE,TRUE,"structural_absence_boundary_at_zero","ok","",""
"Qiita13631ASD","ASD Dan 2020",16,"fourfold","Bacteroides",1,1,1,100,100,279147,TRUE,TRUE,FALSE,TRUE,TRUE,TRUE,TRUE,"no_observed_zeros","ok","",""
"Qiita13631ASD","ASD Dan 2020",16,"fourfold","Bifidobacterium",0.925,0.86,0.99,86,99,7438,TRUE,TRUE,FALSE,TRUE,TRUE,TRUE,TRUE,"structural_absence_boundary_at_zero","ok","",""
"Qiita13631ASD","ASD Dan 2020",16,"fourfold","Bilophila",0.86,0.74,0.98,74,98,1411,TRUE,TRUE,TRUE,FALSE,TRUE,TRUE,TRUE,"ok","ok","",""
"Qiita13631ASD","ASD Dan 2020",16,"fourfold","Blautia",0.985,0.97,1,97,100,4657,TRUE,TRUE,TRUE,FALSE,TRUE,TRUE,TRUE,"ok","ok","",""
"Qiita13631ASD","ASD Dan 2020",16,"fourfold","Clostridium",0.995,0.99,1,99,100,8455,TRUE,TRUE,FALSE,TRUE,TRUE,TRUE,TRUE,"structural_absence_boundary_at_zero","ok","",""
"Qiita13631ASD","ASD Dan 2020",16,"fourfold","Collinsella",0.64,0.49,0.79,49,79,579,TRUE,TRUE,FALSE,TRUE,TRUE,TRUE,TRUE,"structural_absence_boundary_at_zero","ok","",""
"Qiita13631ASD","ASD Dan 2020",16,"fourfold","Coprococcus",0.985,0.97,1,97,100,6208,TRUE,TRUE,TRUE,FALSE,TRUE,TRUE,TRUE,"ok","ok","",""
"Qiita13631ASD","ASD Dan 2020",16,"fourfold","Dialister",0.995,0.99,1,99,100,20386,TRUE,TRUE,FALSE,TRUE,TRUE,TRUE,TRUE,"structural_absence_boundary_at_zero","ok","",""
"Qiita13631ASD","ASD Dan 2020",16,"fourfold","Dorea",0.995,0.99,1,99,100,4433,TRUE,TRUE,TRUE,FALSE,TRUE,TRUE,TRUE,"ok","ok","",""
"Qiita13631ASD","ASD Dan 2020",16,"fourfold","Faecalibacterium",1,1,1,100,100,66946,TRUE,TRUE,FALSE,TRUE,TRUE,TRUE,TRUE,"no_observed_zeros","ok","",""
"Qiita13631ASD","ASD Dan 2020",16,"fourfold","Fusobacterium",0.49,0.38,0.6,38,60,809,TRUE,TRUE,FALSE,TRUE,TRUE,TRUE,TRUE,"structural_absence_boundary_at_zero","ok","",""
"Qiita13631ASD","ASD Dan 2020",16,"fourfold","Haemophilus",0.93,0.87,0.99,87,99,5082,TRUE,TRUE,FALSE,TRUE,TRUE,TRUE,TRUE,"structural_absence_boundary_at_zero","ok","",""
"Qiita13631ASD","ASD Dan 2020",16,"fourfold","Lachnobacterium",0.645,0.47,0.82,47,82,1117,TRUE,TRUE,TRUE,FALSE,TRUE,TRUE,TRUE,"ok","ok","",""
"Qiita13631ASD","ASD Dan 2020",16,"fourfold","Lachnospira",1,1,1,100,100,23927,TRUE,TRUE,FALSE,TRUE,TRUE,TRUE,TRUE,"no_observed_zeros","ok","",""
"Qiita13631ASD","ASD Dan 2020",16,"fourfold","Megamonas",0.98,0.96,1,96,100,21314,TRUE,TRUE,FALSE,TRUE,TRUE,TRUE,TRUE,"structural_absence_boundary_at_zero","ok","",""
"Qiita13631ASD","ASD Dan 2020",16,"fourfold","Megasphaera",0.81,0.71,0.91,71,91,2996,TRUE,TRUE,FALSE,TRUE,TRUE,TRUE,TRUE,"structural_absence_boundary_at_zero","ok","",""
"Qiita13631ASD","ASD Dan 2020",16,"fourfold","Oscillospira",0.995,0.99,1,99,100,9560,TRUE,TRUE,TRUE,FALSE,TRUE,TRUE,TRUE,"ok","ok","",""
"Qiita13631ASD","ASD Dan 2020",16,"fourfold","Parabacteroides",1,1,1,100,100,20763,TRUE,TRUE,FALSE,TRUE,TRUE,TRUE,TRUE,"no_observed_zeros","ok","",""
"Qiita13631ASD","ASD Dan 2020",16,"fourfold","Paraprevotella",0.745,0.63,0.86,63,86,1839,TRUE,TRUE,TRUE,FALSE,TRUE,TRUE,TRUE,"ok","ok","",""
"Qiita13631ASD","ASD Dan 2020",16,"fourfold","Phascolarctobacterium",0.96,0.92,1,92,100,8434,TRUE,TRUE,TRUE,FALSE,TRUE,TRUE,TRUE,"ok","ok","",""
"Qiita13631ASD","ASD Dan 2020",16,"fourfold","Prevotella",0.975,0.96,0.99,96,99,41777,TRUE,TRUE,TRUE,FALSE,TRUE,TRUE,TRUE,"ok","ok","",""
"Qiita13631ASD","ASD Dan 2020",16,"fourfold","Roseburia",1,1,1,100,100,10641,TRUE,TRUE,FALSE,TRUE,TRUE,TRUE,TRUE,"no_observed_zeros","ok","",""
"Qiita13631ASD","ASD Dan 2020",16,"fourfold","Ruminococcus",1,1,1,100,100,25228,TRUE,TRUE,FALSE,TRUE,TRUE,TRUE,TRUE,"no_observed_zeros","ok","",""
"Qiita13631ASD","ASD Dan 2020",16,"fourfold","Streptococcus",0.95,0.92,0.98,92,98,2178,TRUE,TRUE,FALSE,TRUE,TRUE,TRUE,TRUE,"structural_absence_boundary_at_zero","ok","",""
"Qiita13631ASD","ASD Dan 2020",16,"fourfold","Sutterella",1,1,1,100,100,12388,TRUE,TRUE,FALSE,TRUE,TRUE,TRUE,TRUE,"no_observed_zeros","ok","",""
"Qiita13631ASD","ASD Dan 2020",16,"fourfold","Veillonella",0.975,0.96,0.99,96,99,5302,TRUE,TRUE,FALSE,TRUE,TRUE,TRUE,TRUE,"structural_absence_boundary_at_zero","ok","",""
"Qiita13631ASD","ASD Dan 2020",17,"balanced","[Prevotella]",0.49,0.49,0.49,49,49,1200,TRUE,TRUE,TRUE,FALSE,TRUE,TRUE,TRUE,"ok","ok","",""
"Qiita13631ASD","ASD Dan 2020",17,"balanced","[Ruminococcus]",1,1,1,100,100,12403,TRUE,TRUE,FALSE,TRUE,TRUE,TRUE,TRUE,"no_observed_zeros","ok","",""
"Qiita13631ASD","ASD Dan 2020",17,"balanced","Akkermansia",0.78,0.8,0.76,80,76,5161,TRUE,TRUE,FALSE,TRUE,TRUE,TRUE,TRUE,"structural_absence_boundary_at_zero","ok","",""
"Qiita13631ASD","ASD Dan 2020",17,"balanced","Anaerostipes",0.955,0.96,0.95,96,95,2587,TRUE,TRUE,TRUE,FALSE,TRUE,TRUE,TRUE,"ok","ok","",""
"Qiita13631ASD","ASD Dan 2020",17,"balanced","Bacteroides",1,1,1,100,100,284285,TRUE,TRUE,FALSE,TRUE,TRUE,TRUE,TRUE,"no_observed_zeros","ok","",""
"Qiita13631ASD","ASD Dan 2020",17,"balanced","Bifidobacterium",0.955,0.95,0.96,95,96,9151,TRUE,TRUE,FALSE,TRUE,TRUE,TRUE,TRUE,"structural_absence_boundary_at_zero","ok","",""
"Qiita13631ASD","ASD Dan 2020",17,"balanced","Bilophila",0.95,0.96,0.94,96,94,1377,TRUE,TRUE,FALSE,TRUE,TRUE,TRUE,TRUE,"structural_absence_boundary_at_zero","ok","",""
"Qiita13631ASD","ASD Dan 2020",17,"balanced","Blautia",0.995,0.99,1,99,100,5674,TRUE,TRUE,FALSE,TRUE,TRUE,TRUE,TRUE,"structural_absence_boundary_at_zero","ok","",""
"Qiita13631ASD","ASD Dan 2020",17,"balanced","Clostridium",1,1,1,100,100,8216,TRUE,TRUE,FALSE,TRUE,TRUE,TRUE,TRUE,"no_observed_zeros","ok","",""
"Qiita13631ASD","ASD Dan 2020",17,"balanced","Collinsella",0.76,0.76,0.76,76,76,710,TRUE,TRUE,FALSE,TRUE,TRUE,TRUE,TRUE,"structural_absence_boundary_at_zero","ok","",""
"Qiita13631ASD","ASD Dan 2020",17,"balanced","Coprococcus",1,1,1,100,100,6358,TRUE,TRUE,FALSE,TRUE,TRUE,TRUE,TRUE,"no_observed_zeros","ok","",""
"Qiita13631ASD","ASD Dan 2020",17,"balanced","Dialister",0.995,1,0.99,100,99,23013,TRUE,TRUE,FALSE,TRUE,TRUE,TRUE,TRUE,"structural_absence_boundary_at_zero","ok","",""
"Qiita13631ASD","ASD Dan 2020",17,"balanced","Dorea",1,1,1,100,100,5140,TRUE,TRUE,FALSE,TRUE,TRUE,TRUE,TRUE,"no_observed_zeros","ok","",""
"Qiita13631ASD","ASD Dan 2020",17,"balanced","Faecalibacterium",1,1,1,100,100,69697,TRUE,TRUE,FALSE,TRUE,TRUE,TRUE,TRUE,"no_observed_zeros","ok","",""
"Qiita13631ASD","ASD Dan 2020",17,"balanced","Fusobacterium",0.51,0.53,0.49,53,49,1231,TRUE,TRUE,FALSE,TRUE,TRUE,TRUE,TRUE,"structural_absence_boundary_at_zero","ok","",""
"Qiita13631ASD","ASD Dan 2020",17,"balanced","Haemophilus",0.96,0.95,0.97,95,97,5178,TRUE,TRUE,FALSE,TRUE,TRUE,TRUE,TRUE,"structural_absence_boundary_at_zero","ok","",""
"Qiita13631ASD","ASD Dan 2020",17,"balanced","Lachnobacterium",0.72,0.72,0.72,72,72,1116,TRUE,TRUE,TRUE,FALSE,TRUE,TRUE,TRUE,"ok","ok","",""
"Qiita13631ASD","ASD Dan 2020",17,"balanced","Lachnospira",1,1,1,100,100,22742,TRUE,TRUE,FALSE,TRUE,TRUE,TRUE,TRUE,"no_observed_zeros","ok","",""
"Qiita13631ASD","ASD Dan 2020",17,"balanced","Megamonas",0.995,0.99,1,99,100,17958,TRUE,TRUE,FALSE,TRUE,TRUE,TRUE,TRUE,"structural_absence_boundary_at_zero","ok","",""
"Qiita13631ASD","ASD Dan 2020",17,"balanced","Megasphaera",0.84,0.82,0.86,82,86,3179,TRUE,TRUE,FALSE,TRUE,TRUE,TRUE,TRUE,"structural_absence_boundary_at_zero","ok","",""
"Qiita13631ASD","ASD Dan 2020",17,"balanced","Oscillospira",1,1,1,100,100,10056,TRUE,TRUE,FALSE,TRUE,TRUE,TRUE,TRUE,"no_observed_zeros","ok","",""
"Qiita13631ASD","ASD Dan 2020",17,"balanced","Parabacteroides",1,1,1,100,100,21253,TRUE,TRUE,FALSE,TRUE,TRUE,TRUE,TRUE,"no_observed_zeros","ok","",""
"Qiita13631ASD","ASD Dan 2020",17,"balanced","Paraprevotella",0.78,0.82,0.74,82,74,1933,TRUE,TRUE,TRUE,FALSE,TRUE,TRUE,TRUE,"ok","ok","",""
"Qiita13631ASD","ASD Dan 2020",17,"balanced","Phascolarctobacterium",0.995,1,0.99,100,99,8937,TRUE,TRUE,FALSE,TRUE,TRUE,TRUE,TRUE,"structural_absence_boundary_at_zero","ok","",""
"Qiita13631ASD","ASD Dan 2020",17,"balanced","Prevotella",1,1,1,100,100,45449,TRUE,TRUE,FALSE,TRUE,TRUE,TRUE,TRUE,"no_observed_zeros","ok","",""
"Qiita13631ASD","ASD Dan 2020",17,"balanced","Roseburia",1,1,1,100,100,11901,TRUE,TRUE,FALSE,TRUE,TRUE,TRUE,TRUE,"no_observed_zeros","ok","",""
"Qiita13631ASD","ASD Dan 2020",17,"balanced","Ruminococcus",1,1,1,100,100,26850,TRUE,TRUE,FALSE,TRUE,TRUE,TRUE,TRUE,"no_observed_zeros","ok","",""
"Qiita13631ASD","ASD Dan 2020",17,"balanced","Streptococcus",0.975,0.97,0.98,97,98,2323,TRUE,TRUE,FALSE,TRUE,TRUE,TRUE,TRUE,"structural_absence_boundary_at_zero","ok","",""
"Qiita13631ASD","ASD Dan 2020",17,"balanced","Sutterella",1,1,1,100,100,12917,TRUE,TRUE,FALSE,TRUE,TRUE,TRUE,TRUE,"no_observed_zeros","ok","",""
"Qiita13631ASD","ASD Dan 2020",17,"balanced","Veillonella",0.98,0.98,0.98,98,98,5671,TRUE,TRUE,FALSE,TRUE,TRUE,TRUE,TRUE,"structural_absence_boundary_at_zero","ok","",""
"Qiita13631ASD","ASD Dan 2020",17,"fourfold","[Prevotella]",0.51,0.45,0.57,45,57,1112,TRUE,TRUE,TRUE,FALSE,TRUE,TRUE,TRUE,"ok","ok","",""
"Qiita13631ASD","ASD Dan 2020",17,"fourfold","[Ruminococcus]",0.99,0.98,1,98,100,10661,TRUE,TRUE,TRUE,FALSE,TRUE,TRUE,TRUE,"ok","ok","",""
"Qiita13631ASD","ASD Dan 2020",17,"fourfold","Akkermansia",0.745,0.61,0.88,61,88,3130,TRUE,TRUE,FALSE,TRUE,TRUE,TRUE,TRUE,"structural_absence_boundary_at_zero","ok","",""
"Qiita13631ASD","ASD Dan 2020",17,"fourfold","Anaerostipes",0.94,0.9,0.98,90,98,2595,TRUE,TRUE,FALSE,TRUE,TRUE,TRUE,TRUE,"structural_absence_boundary_at_zero","ok","",""
"Qiita13631ASD","ASD Dan 2020",17,"fourfold","Bacteroides",1,1,1,100,100,282126,TRUE,TRUE,FALSE,TRUE,TRUE,TRUE,TRUE,"no_observed_zeros","ok","",""
"Qiita13631ASD","ASD Dan 2020",17,"fourfold","Bifidobacterium",0.945,0.9,0.99,90,99,7260,TRUE,TRUE,FALSE,TRUE,TRUE,TRUE,TRUE,"structural_absence_boundary_at_zero","ok","",""
"Qiita13631ASD","ASD Dan 2020",17,"fourfold","Bilophila",0.865,0.77,0.96,77,96,1389,TRUE,TRUE,TRUE,FALSE,TRUE,TRUE,TRUE,"ok","ok","",""
"Qiita13631ASD","ASD Dan 2020",17,"fourfold","Blautia",1,1,1,100,100,5164,TRUE,TRUE,FALSE,TRUE,TRUE,TRUE,TRUE,"no_observed_zeros","ok","",""
"Qiita13631ASD","ASD Dan 2020",17,"fourfold","Clostridium",0.995,0.99,1,99,100,8147,TRUE,TRUE,FALSE,TRUE,TRUE,TRUE,TRUE,"structural_absence_boundary_at_zero","ok","",""
"Qiita13631ASD","ASD Dan 2020",17,"fourfold","Collinsella",0.66,0.49,0.83,49,83,889,TRUE,TRUE,FALSE,TRUE,TRUE,TRUE,TRUE,"structural_absence_boundary_at_zero","ok","",""
"Qiita13631ASD","ASD Dan 2020",17,"fourfold","Coprococcus",0.99,0.98,1,98,100,6029,TRUE,TRUE,TRUE,FALSE,TRUE,TRUE,TRUE,"ok","ok","",""
"Qiita13631ASD","ASD Dan 2020",17,"fourfold","Dialister",0.995,0.99,1,99,100,20602,TRUE,TRUE,FALSE,TRUE,TRUE,TRUE,TRUE,"structural_absence_boundary_at_zero","ok","",""
"Qiita13631ASD","ASD Dan 2020",17,"fourfold","Dorea",0.99,0.98,1,98,100,4779,TRUE,TRUE,FALSE,TRUE,TRUE,TRUE,TRUE,"structural_absence_boundary_at_zero","ok","",""
"Qiita13631ASD","ASD Dan 2020",17,"fourfold","Faecalibacterium",1,1,1,100,100,69294,TRUE,TRUE,FALSE,TRUE,TRUE,TRUE,TRUE,"no_observed_zeros","ok","",""
"Qiita13631ASD","ASD Dan 2020",17,"fourfold","Fusobacterium",0.44,0.36,0.52,36,52,2172,TRUE,TRUE,FALSE,TRUE,TRUE,TRUE,TRUE,"structural_absence_boundary_at_zero","ok","",""
"Qiita13631ASD","ASD Dan 2020",17,"fourfold","Haemophilus",0.92,0.84,1,84,100,3700,TRUE,TRUE,FALSE,TRUE,TRUE,TRUE,TRUE,"structural_absence_boundary_at_zero","ok","",""
"Qiita13631ASD","ASD Dan 2020",17,"fourfold","Lachnobacterium",0.705,0.57,0.84,57,84,1121,TRUE,TRUE,FALSE,TRUE,TRUE,TRUE,TRUE,"structural_absence_boundary_at_zero","ok","",""
"Qiita13631ASD","ASD Dan 2020",17,"fourfold","Lachnospira",1,1,1,100,100,23659,TRUE,TRUE,FALSE,TRUE,TRUE,TRUE,TRUE,"no_observed_zeros","ok","",""
"Qiita13631ASD","ASD Dan 2020",17,"fourfold","Megamonas",0.985,0.97,1,97,100,18061,TRUE,TRUE,FALSE,TRUE,TRUE,TRUE,TRUE,"structural_absence_boundary_at_zero","ok","",""
"Qiita13631ASD","ASD Dan 2020",17,"fourfold","Megasphaera",0.82,0.7,0.94,70,94,2628,TRUE,TRUE,FALSE,TRUE,TRUE,TRUE,TRUE,"structural_absence_boundary_at_zero","ok","",""
"Qiita13631ASD","ASD Dan 2020",17,"fourfold","Oscillospira",1,1,1,100,100,9975,TRUE,TRUE,FALSE,TRUE,TRUE,TRUE,TRUE,"no_observed_zeros","ok","",""
"Qiita13631ASD","ASD Dan 2020",17,"fourfold","Parabacteroides",0.995,0.99,1,99,100,20435,TRUE,TRUE,TRUE,FALSE,TRUE,TRUE,TRUE,"ok","ok","",""
"Qiita13631ASD","ASD Dan 2020",17,"fourfold","Paraprevotella",0.75,0.65,0.85,65,85,1605,TRUE,TRUE,TRUE,FALSE,TRUE,TRUE,TRUE,"ok","ok","",""
"Qiita13631ASD","ASD Dan 2020",17,"fourfold","Phascolarctobacterium",0.97,0.94,1,94,100,9225,TRUE,TRUE,FALSE,TRUE,TRUE,TRUE,TRUE,"structural_absence_boundary_at_zero","ok","",""
"Qiita13631ASD","ASD Dan 2020",17,"fourfold","Prevotella",0.98,0.96,1,96,100,51955,TRUE,TRUE,FALSE,TRUE,TRUE,TRUE,TRUE,"structural_absence_boundary_at_zero","ok","",""
"Qiita13631ASD","ASD Dan 2020",17,"fourfold","Roseburia",0.995,0.99,1,99,100,13428,TRUE,TRUE,FALSE,TRUE,TRUE,TRUE,TRUE,"structural_absence_boundary_at_zero","ok","",""
"Qiita13631ASD","ASD Dan 2020",17,"fourfold","Ruminococcus",0.99,0.98,1,98,100,24509,TRUE,TRUE,TRUE,FALSE,TRUE,TRUE,TRUE,"ok","ok","",""
"Qiita13631ASD","ASD Dan 2020",17,"fourfold","Streptococcus",0.945,0.89,1,89,100,2277,TRUE,TRUE,FALSE,TRUE,TRUE,TRUE,TRUE,"structural_absence_boundary_at_zero","ok","",""
"Qiita13631ASD","ASD Dan 2020",17,"fourfold","Sutterella",1,1,1,100,100,14497,TRUE,TRUE,FALSE,TRUE,TRUE,TRUE,TRUE,"no_observed_zeros","ok","",""
"Qiita13631ASD","ASD Dan 2020",17,"fourfold","Veillonella",0.975,0.96,0.99,96,99,4400,TRUE,TRUE,FALSE,TRUE,TRUE,TRUE,TRUE,"structural_absence_boundary_at_zero","ok","",""
"Qiita13631ASD","ASD Dan 2020",18,"balanced","[Prevotella]",0.55,0.51,0.59,51,59,1576,TRUE,TRUE,TRUE,FALSE,TRUE,TRUE,TRUE,"ok","ok","",""
"Qiita13631ASD","ASD Dan 2020",18,"balanced","[Ruminococcus]",1,1,1,100,100,11785,TRUE,TRUE,FALSE,TRUE,TRUE,TRUE,TRUE,"no_observed_zeros","ok","",""
"Qiita13631ASD","ASD Dan 2020",18,"balanced","Akkermansia",0.79,0.76,0.82,76,82,2954,TRUE,TRUE,FALSE,TRUE,TRUE,TRUE,TRUE,"structural_absence_boundary_at_zero","ok","",""
"Qiita13631ASD","ASD Dan 2020",18,"balanced","Anaerostipes",0.965,0.95,0.98,95,98,2777,TRUE,TRUE,TRUE,FALSE,TRUE,TRUE,TRUE,"ok","ok","",""
"Qiita13631ASD","ASD Dan 2020",18,"balanced","Bacteroides",1,1,1,100,100,311795,TRUE,TRUE,FALSE,TRUE,TRUE,TRUE,TRUE,"no_observed_zeros","ok","",""
"Qiita13631ASD","ASD Dan 2020",18,"balanced","Bifidobacterium",0.985,0.98,0.99,98,99,9481,TRUE,TRUE,FALSE,TRUE,TRUE,TRUE,TRUE,"structural_absence_boundary_at_zero","ok","",""
"Qiita13631ASD","ASD Dan 2020",18,"balanced","Bilophila",0.96,0.94,0.98,94,98,1435,TRUE,TRUE,TRUE,FALSE,TRUE,TRUE,TRUE,"ok","ok","",""
"Qiita13631ASD","ASD Dan 2020",18,"balanced","Blautia",1,1,1,100,100,5651,TRUE,TRUE,FALSE,TRUE,TRUE,TRUE,TRUE,"no_observed_zeros","ok","",""
"Qiita13631ASD","ASD Dan 2020",18,"balanced","Clostridium",1,1,1,100,100,8251,TRUE,TRUE,FALSE,TRUE,TRUE,TRUE,TRUE,"no_observed_zeros","ok","",""
"Qiita13631ASD","ASD Dan 2020",18,"balanced","Collinsella",0.695,0.67,0.72,67,72,1179,TRUE,TRUE,TRUE,FALSE,TRUE,TRUE,TRUE,"ok","ok","",""
"Qiita13631ASD","ASD Dan 2020",18,"balanced","Coprococcus",1,1,1,100,100,6925,TRUE,TRUE,FALSE,TRUE,TRUE,TRUE,TRUE,"no_observed_zeros","ok","",""
"Qiita13631ASD","ASD Dan 2020",18,"balanced","Dialister",1,1,1,100,100,22637,TRUE,TRUE,FALSE,TRUE,TRUE,TRUE,TRUE,"no_observed_zeros","ok","",""
"Qiita13631ASD","ASD Dan 2020",18,"balanced","Dorea",1,1,1,100,100,5372,TRUE,TRUE,FALSE,TRUE,TRUE,TRUE,TRUE,"no_observed_zeros","ok","",""
"Qiita13631ASD","ASD Dan 2020",18,"balanced","Faecalibacterium",1,1,1,100,100,80389,TRUE,TRUE,FALSE,TRUE,TRUE,TRUE,TRUE,"no_observed_zeros","ok","",""
"Qiita13631ASD","ASD Dan 2020",18,"balanced","Fusobacterium",0.505,0.52,0.49,52,49,1829,TRUE,TRUE,TRUE,FALSE,TRUE,TRUE,TRUE,"ok","ok","",""
"Qiita13631ASD","ASD Dan 2020",18,"balanced","Haemophilus",0.975,0.97,0.98,97,98,5750,TRUE,TRUE,FALSE,TRUE,TRUE,TRUE,TRUE,"structural_absence_boundary_at_zero","ok","",""
"Qiita13631ASD","ASD Dan 2020",18,"balanced","Lachnobacterium",0.71,0.69,0.73,69,73,1240,TRUE,TRUE,TRUE,FALSE,TRUE,TRUE,TRUE,"ok","ok","",""
"Qiita13631ASD","ASD Dan 2020",18,"balanced","Lachnospira",1,1,1,100,100,25680,TRUE,TRUE,FALSE,TRUE,TRUE,TRUE,TRUE,"no_observed_zeros","ok","",""
"Qiita13631ASD","ASD Dan 2020",18,"balanced","Megamonas",0.995,1,0.99,100,99,20926,TRUE,TRUE,FALSE,TRUE,TRUE,TRUE,TRUE,"structural_absence_boundary_at_zero","ok","",""
"Qiita13631ASD","ASD Dan 2020",18,"balanced","Megasphaera",0.89,0.9,0.88,90,88,3334,TRUE,TRUE,FALSE,TRUE,TRUE,TRUE,TRUE,"structural_absence_boundary_at_zero","ok","",""
"Qiita13631ASD","ASD Dan 2020",18,"balanced","Oscillospira",1,1,1,100,100,11034,TRUE,TRUE,FALSE,TRUE,TRUE,TRUE,TRUE,"no_observed_zeros","ok","",""
"Qiita13631ASD","ASD Dan 2020",18,"balanced","Parabacteroides",1,1,1,100,100,24297,TRUE,TRUE,FALSE,TRUE,TRUE,TRUE,TRUE,"no_observed_zeros","ok","",""
"Qiita13631ASD","ASD Dan 2020",18,"balanced","Paraprevotella",0.825,0.8,0.85,80,85,2025,TRUE,TRUE,TRUE,FALSE,TRUE,TRUE,TRUE,"ok","ok","",""
"Qiita13631ASD","ASD Dan 2020",18,"balanced","Phascolarctobacterium",0.995,1,0.99,100,99,9524,TRUE,TRUE,FALSE,TRUE,TRUE,TRUE,TRUE,"structural_absence_boundary_at_zero","ok","",""
"Qiita13631ASD","ASD Dan 2020",18,"balanced","Prevotella",0.995,0.99,1,99,100,61483,TRUE,TRUE,FALSE,TRUE,TRUE,TRUE,TRUE,"structural_absence_boundary_at_zero","ok","",""
"Qiita13631ASD","ASD Dan 2020",18,"balanced","Roseburia",1,1,1,100,100,13409,TRUE,TRUE,FALSE,TRUE,TRUE,TRUE,TRUE,"no_observed_zeros","ok","",""
"Qiita13631ASD","ASD Dan 2020",18,"balanced","Ruminococcus",1,1,1,100,100,27909,TRUE,TRUE,FALSE,TRUE,TRUE,TRUE,TRUE,"no_observed_zeros","ok","",""
"Qiita13631ASD","ASD Dan 2020",18,"balanced","Streptococcus",0.99,0.98,1,98,100,2799,TRUE,TRUE,FALSE,TRUE,TRUE,TRUE,TRUE,"structural_absence_boundary_at_zero","ok","",""
"Qiita13631ASD","ASD Dan 2020",18,"balanced","Sutterella",1,1,1,100,100,14518,TRUE,TRUE,FALSE,TRUE,TRUE,TRUE,TRUE,"no_observed_zeros","ok","",""
"Qiita13631ASD","ASD Dan 2020",18,"balanced","Veillonella",0.985,0.99,0.98,99,98,5792,TRUE,TRUE,FALSE,TRUE,TRUE,TRUE,TRUE,"structural_absence_boundary_at_zero","ok","",""
"Qiita13631ASD","ASD Dan 2020",18,"fourfold","[Prevotella]",0.49,0.38,0.6,38,60,1080,TRUE,TRUE,TRUE,FALSE,TRUE,TRUE,TRUE,"ok","ok","",""
"Qiita13631ASD","ASD Dan 2020",18,"fourfold","[Ruminococcus]",1,1,1,100,100,12291,TRUE,TRUE,FALSE,TRUE,TRUE,TRUE,TRUE,"no_observed_zeros","ok","",""
"Qiita13631ASD","ASD Dan 2020",18,"fourfold","Akkermansia",0.725,0.58,0.87,58,87,6100,TRUE,TRUE,FALSE,TRUE,TRUE,TRUE,TRUE,"structural_absence_boundary_at_zero","ok","",""
"Qiita13631ASD","ASD Dan 2020",18,"fourfold","Anaerostipes",0.935,0.87,1,87,100,2864,TRUE,TRUE,FALSE,TRUE,TRUE,TRUE,TRUE,"structural_absence_boundary_at_zero","ok","",""
"Qiita13631ASD","ASD Dan 2020",18,"fourfold","Bacteroides",1,1,1,100,100,281420,TRUE,TRUE,FALSE,TRUE,TRUE,TRUE,TRUE,"no_observed_zeros","ok","",""
"Qiita13631ASD","ASD Dan 2020",18,"fourfold","Bifidobacterium",0.905,0.81,1,81,100,7423,TRUE,TRUE,FALSE,TRUE,TRUE,TRUE,TRUE,"structural_absence_boundary_at_zero","ok","",""
"Qiita13631ASD","ASD Dan 2020",18,"fourfold","Bilophila",0.905,0.83,0.98,83,98,1472,TRUE,TRUE,FALSE,TRUE,TRUE,TRUE,TRUE,"structural_absence_boundary_at_zero","ok","",""
"Qiita13631ASD","ASD Dan 2020",18,"fourfold","Blautia",0.99,0.98,1,98,100,5071,TRUE,TRUE,FALSE,TRUE,TRUE,TRUE,TRUE,"structural_absence_boundary_at_zero","ok","",""
"Qiita13631ASD","ASD Dan 2020",18,"fourfold","Clostridium",0.995,0.99,1,99,100,8337,TRUE,TRUE,FALSE,TRUE,TRUE,TRUE,TRUE,"structural_absence_boundary_at_zero","ok","",""
"Qiita13631ASD","ASD Dan 2020",18,"fourfold","Collinsella",0.665,0.48,0.85,48,85,803,TRUE,TRUE,FALSE,TRUE,TRUE,TRUE,TRUE,"structural_absence_boundary_at_zero","ok","",""
"Qiita13631ASD","ASD Dan 2020",18,"fourfold","Coprococcus",0.99,0.98,1,98,100,7037,TRUE,TRUE,FALSE,TRUE,TRUE,TRUE,TRUE,"structural_absence_boundary_at_zero","ok","",""
"Qiita13631ASD","ASD Dan 2020",18,"fourfold","Dialister",0.99,0.98,1,98,100,19813,TRUE,TRUE,FALSE,TRUE,TRUE,TRUE,TRUE,"structural_absence_boundary_at_zero","ok","",""
"Qiita13631ASD","ASD Dan 2020",18,"fourfold","Dorea",0.99,0.98,1,98,100,5342,TRUE,TRUE,FALSE,TRUE,TRUE,TRUE,TRUE,"structural_absence_boundary_at_zero","ok","",""
"Qiita13631ASD","ASD Dan 2020",18,"fourfold","Faecalibacterium",1,1,1,100,100,65918,TRUE,TRUE,FALSE,TRUE,TRUE,TRUE,TRUE,"no_observed_zeros","ok","",""
"Qiita13631ASD","ASD Dan 2020",18,"fourfold","Fusobacterium",0.43,0.34,0.52,34,52,931,TRUE,TRUE,FALSE,TRUE,TRUE,TRUE,TRUE,"structural_absence_boundary_at_zero","ok","",""
"Qiita13631ASD","ASD Dan 2020",18,"fourfold","Haemophilus",0.925,0.85,1,85,100,4342,TRUE,TRUE,FALSE,TRUE,TRUE,TRUE,TRUE,"structural_absence_boundary_at_zero","ok","",""
"Qiita13631ASD","ASD Dan 2020",18,"fourfold","Lachnobacterium",0.68,0.56,0.8,56,80,1203,TRUE,TRUE,TRUE,FALSE,TRUE,TRUE,TRUE,"ok","ok","",""
"Qiita13631ASD","ASD Dan 2020",18,"fourfold","Lachnospira",1,1,1,100,100,23401,TRUE,TRUE,FALSE,TRUE,TRUE,TRUE,TRUE,"no_observed_zeros","ok","",""
"Qiita13631ASD","ASD Dan 2020",18,"fourfold","Megamonas",0.975,0.95,1,95,100,18551,TRUE,TRUE,FALSE,TRUE,TRUE,TRUE,TRUE,"structural_absence_boundary_at_zero","ok","",""
"Qiita13631ASD","ASD Dan 2020",18,"fourfold","Megasphaera",0.79,0.67,0.91,67,91,2966,TRUE,TRUE,FALSE,TRUE,TRUE,TRUE,TRUE,"structural_absence_boundary_at_zero","ok","",""
"Qiita13631ASD","ASD Dan 2020",18,"fourfold","Oscillospira",0.995,0.99,1,99,100,10728,TRUE,TRUE,TRUE,FALSE,TRUE,TRUE,TRUE,"ok","ok","",""
"Qiita13631ASD","ASD Dan 2020",18,"fourfold","Parabacteroides",1,1,1,100,100,20775,TRUE,TRUE,FALSE,TRUE,TRUE,TRUE,TRUE,"no_observed_zeros","ok","",""
"Qiita13631ASD","ASD Dan 2020",18,"fourfold","Paraprevotella",0.8,0.67,0.93,67,93,1650,TRUE,TRUE,FALSE,TRUE,TRUE,TRUE,TRUE,"structural_absence_boundary_at_zero","ok","",""
"Qiita13631ASD","ASD Dan 2020",18,"fourfold","Phascolarctobacterium",0.99,0.98,1,98,100,9087,TRUE,TRUE,FALSE,TRUE,TRUE,TRUE,TRUE,"structural_absence_boundary_at_zero","ok","",""
"Qiita13631ASD","ASD Dan 2020",18,"fourfold","Prevotella",0.985,0.97,1,97,100,45711,TRUE,TRUE,FALSE,TRUE,TRUE,TRUE,TRUE,"structural_absence_boundary_at_zero","ok","",""
"Qiita13631ASD","ASD Dan 2020",18,"fourfold","Roseburia",0.995,0.99,1,99,100,11471,TRUE,TRUE,FALSE,TRUE,TRUE,TRUE,TRUE,"structural_absence_boundary_at_zero","ok","",""
"Qiita13631ASD","ASD Dan 2020",18,"fourfold","Ruminococcus",1,1,1,100,100,26723,TRUE,TRUE,FALSE,TRUE,TRUE,TRUE,TRUE,"no_observed_zeros","ok","",""
"Qiita13631ASD","ASD Dan 2020",18,"fourfold","Streptococcus",0.9,0.8,1,80,100,2254,TRUE,TRUE,FALSE,TRUE,TRUE,TRUE,TRUE,"structural_absence_boundary_at_zero","ok","",""
"Qiita13631ASD","ASD Dan 2020",18,"fourfold","Sutterella",1,1,1,100,100,13134,TRUE,TRUE,FALSE,TRUE,TRUE,TRUE,TRUE,"no_observed_zeros","ok","",""
"Qiita13631ASD","ASD Dan 2020",18,"fourfold","Veillonella",0.965,0.93,1,93,100,7163,TRUE,TRUE,FALSE,TRUE,TRUE,TRUE,TRUE,"structural_absence_boundary_at_zero","ok","",""
"Qiita13631ASD","ASD Dan 2020",19,"balanced","[Prevotella]",0.52,0.55,0.49,55,49,1407,TRUE,TRUE,TRUE,FALSE,TRUE,TRUE,TRUE,"ok","ok","",""
"Qiita13631ASD","ASD Dan 2020",19,"balanced","[Ruminococcus]",1,1,1,100,100,11039,TRUE,TRUE,FALSE,TRUE,TRUE,TRUE,TRUE,"no_observed_zeros","ok","",""
"Qiita13631ASD","ASD Dan 2020",19,"balanced","Akkermansia",0.77,0.8,0.74,80,74,3926,TRUE,TRUE,FALSE,TRUE,TRUE,TRUE,TRUE,"structural_absence_boundary_at_zero","ok","",""
"Qiita13631ASD","ASD Dan 2020",19,"balanced","Anaerostipes",0.965,0.98,0.95,98,95,2651,TRUE,TRUE,TRUE,FALSE,TRUE,TRUE,TRUE,"ok","ok","",""
"Qiita13631ASD","ASD Dan 2020",19,"balanced","Bacteroides",1,1,1,100,100,289593,TRUE,TRUE,FALSE,TRUE,TRUE,TRUE,TRUE,"no_observed_zeros","ok","",""
"Qiita13631ASD","ASD Dan 2020",19,"balanced","Bifidobacterium",0.965,0.97,0.96,97,96,7842,TRUE,TRUE,FALSE,TRUE,TRUE,TRUE,TRUE,"structural_absence_boundary_at_zero","ok","",""
"Qiita13631ASD","ASD Dan 2020",19,"balanced","Bilophila",0.965,0.97,0.96,97,96,1487,TRUE,TRUE,FALSE,TRUE,TRUE,TRUE,TRUE,"structural_absence_boundary_at_zero","ok","",""
"Qiita13631ASD","ASD Dan 2020",19,"balanced","Blautia",1,1,1,100,100,5226,TRUE,TRUE,FALSE,TRUE,TRUE,TRUE,TRUE,"no_observed_zeros","ok","",""
"Qiita13631ASD","ASD Dan 2020",19,"balanced","Clostridium",1,1,1,100,100,8223,TRUE,TRUE,FALSE,TRUE,TRUE,TRUE,TRUE,"no_observed_zeros","ok","",""
"Qiita13631ASD","ASD Dan 2020",19,"balanced","Collinsella",0.71,0.73,0.69,73,69,845,TRUE,TRUE,FALSE,TRUE,TRUE,TRUE,TRUE,"structural_absence_boundary_at_zero","ok","",""
"Qiita13631ASD","ASD Dan 2020",19,"balanced","Coprococcus",0.995,1,0.99,100,99,6677,TRUE,TRUE,FALSE,TRUE,TRUE,TRUE,TRUE,"structural_absence_boundary_at_zero","ok","",""
"Qiita13631ASD","ASD Dan 2020",19,"balanced","Dialister",1,1,1,100,100,23414,TRUE,TRUE,FALSE,TRUE,TRUE,TRUE,TRUE,"no_observed_zeros","ok","",""
"Qiita13631ASD","ASD Dan 2020",19,"balanced","Dorea",1,1,1,100,100,4928,TRUE,TRUE,FALSE,TRUE,TRUE,TRUE,TRUE,"no_observed_zeros","ok","",""
"Qiita13631ASD","ASD Dan 2020",19,"balanced","Faecalibacterium",1,1,1,100,100,72347,TRUE,TRUE,FALSE,TRUE,TRUE,TRUE,TRUE,"no_observed_zeros","ok","",""
"Qiita13631ASD","ASD Dan 2020",19,"balanced","Fusobacterium",0.52,0.55,0.49,55,49,1719,TRUE,TRUE,FALSE,TRUE,TRUE,TRUE,TRUE,"structural_absence_boundary_at_zero","ok","",""
"Qiita13631ASD","ASD Dan 2020",19,"balanced","Haemophilus",0.965,0.97,0.96,97,96,4844,TRUE,TRUE,FALSE,TRUE,TRUE,TRUE,TRUE,"structural_absence_boundary_at_zero","ok","",""
"Qiita13631ASD","ASD Dan 2020",19,"balanced","Lachnobacterium",0.695,0.63,0.76,63,76,1134,TRUE,TRUE,TRUE,FALSE,TRUE,TRUE,TRUE,"ok","ok","",""
"Qiita13631ASD","ASD Dan 2020",19,"balanced","Lachnospira",1,1,1,100,100,24378,TRUE,TRUE,FALSE,TRUE,TRUE,TRUE,TRUE,"no_observed_zeros","ok","",""
"Qiita13631ASD","ASD Dan 2020",19,"balanced","Megamonas",0.98,0.98,0.98,98,98,16438,TRUE,TRUE,FALSE,TRUE,TRUE,TRUE,TRUE,"structural_absence_boundary_at_zero","ok","",""
"Qiita13631ASD","ASD Dan 2020",19,"balanced","Megasphaera",0.84,0.82,0.86,82,86,3507,TRUE,TRUE,TRUE,FALSE,TRUE,TRUE,TRUE,"ok","ok","",""
"Qiita13631ASD","ASD Dan 2020",19,"balanced","Oscillospira",0.995,1,0.99,100,99,10487,TRUE,TRUE,TRUE,FALSE,TRUE,TRUE,TRUE,"ok","ok","",""
"Qiita13631ASD","ASD Dan 2020",19,"balanced","Parabacteroides",0.995,1,0.99,100,99,21558,TRUE,TRUE,TRUE,FALSE,TRUE,TRUE,TRUE,"ok","ok","",""
"Qiita13631ASD","ASD Dan 2020",19,"balanced","Paraprevotella",0.75,0.79,0.71,79,71,2024,TRUE,TRUE,TRUE,FALSE,TRUE,TRUE,TRUE,"ok","ok","",""
"Qiita13631ASD","ASD Dan 2020",19,"balanced","Phascolarctobacterium",0.98,0.99,0.97,99,97,9311,TRUE,TRUE,TRUE,FALSE,TRUE,TRUE,TRUE,"ok","ok","",""
"Qiita13631ASD","ASD Dan 2020",19,"balanced","Prevotella",1,1,1,100,100,50594,TRUE,TRUE,FALSE,TRUE,TRUE,TRUE,TRUE,"no_observed_zeros","ok","",""
"Qiita13631ASD","ASD Dan 2020",19,"balanced","Roseburia",0.995,1,0.99,100,99,11966,TRUE,TRUE,TRUE,FALSE,TRUE,TRUE,TRUE,"ok","ok","",""
"Qiita13631ASD","ASD Dan 2020",19,"balanced","Ruminococcus",1,1,1,100,100,27797,TRUE,TRUE,FALSE,TRUE,TRUE,TRUE,TRUE,"no_observed_zeros","ok","",""
"Qiita13631ASD","ASD Dan 2020",19,"balanced","Streptococcus",0.965,0.98,0.95,98,95,2400,TRUE,TRUE,FALSE,TRUE,TRUE,TRUE,TRUE,"structural_absence_boundary_at_zero","ok","",""
"Qiita13631ASD","ASD Dan 2020",19,"balanced","Sutterella",1,1,1,100,100,13908,TRUE,TRUE,FALSE,TRUE,TRUE,TRUE,TRUE,"no_observed_zeros","ok","",""
"Qiita13631ASD","ASD Dan 2020",19,"balanced","Veillonella",0.985,0.97,1,97,100,5372,TRUE,TRUE,FALSE,TRUE,TRUE,TRUE,TRUE,"structural_absence_boundary_at_zero","ok","",""
"Qiita13631ASD","ASD Dan 2020",19,"fourfold","[Prevotella]",0.475,0.44,0.51,44,51,1159,TRUE,TRUE,TRUE,FALSE,TRUE,TRUE,TRUE,"ok","ok","",""
"Qiita13631ASD","ASD Dan 2020",19,"fourfold","[Ruminococcus]",1,1,1,100,100,10021,TRUE,TRUE,FALSE,TRUE,TRUE,TRUE,TRUE,"no_observed_zeros","ok","",""
"Qiita13631ASD","ASD Dan 2020",19,"fourfold","Akkermansia",0.755,0.69,0.82,69,82,3382,TRUE,TRUE,FALSE,TRUE,TRUE,TRUE,TRUE,"structural_absence_boundary_at_zero","ok","",""
"Qiita13631ASD","ASD Dan 2020",19,"fourfold","Anaerostipes",0.96,0.93,0.99,93,99,2271,TRUE,TRUE,FALSE,TRUE,TRUE,TRUE,TRUE,"structural_absence_boundary_at_zero","ok","",""
"Qiita13631ASD","ASD Dan 2020",19,"fourfold","Bacteroides",1,1,1,100,100,272454,TRUE,TRUE,FALSE,TRUE,TRUE,TRUE,TRUE,"no_observed_zeros","ok","",""
"Qiita13631ASD","ASD Dan 2020",19,"fourfold","Bifidobacterium",0.935,0.91,0.96,91,96,7093,TRUE,TRUE,FALSE,TRUE,TRUE,TRUE,TRUE,"structural_absence_boundary_at_zero","ok","",""
"Qiita13631ASD","ASD Dan 2020",19,"fourfold","Bilophila",0.91,0.83,0.99,83,99,1470,TRUE,TRUE,FALSE,TRUE,TRUE,TRUE,TRUE,"structural_absence_boundary_at_zero","ok","",""
"Qiita13631ASD","ASD Dan 2020",19,"fourfold","Blautia",0.99,0.98,1,98,100,5166,TRUE,TRUE,FALSE,TRUE,TRUE,TRUE,TRUE,"structural_absence_boundary_at_zero","ok","",""
"Qiita13631ASD","ASD Dan 2020",19,"fourfold","Clostridium",0.99,0.98,1,98,100,9217,TRUE,TRUE,FALSE,TRUE,TRUE,TRUE,TRUE,"structural_absence_boundary_at_zero","ok","",""
"Qiita13631ASD","ASD Dan 2020",19,"fourfold","Collinsella",0.665,0.57,0.76,57,76,657,TRUE,TRUE,FALSE,TRUE,TRUE,TRUE,TRUE,"structural_absence_boundary_at_zero","ok","",""
"Qiita13631ASD","ASD Dan 2020",19,"fourfold","Coprococcus",0.995,0.99,1,99,100,6250,TRUE,TRUE,FALSE,TRUE,TRUE,TRUE,TRUE,"structural_absence_boundary_at_zero","ok","",""
"Qiita13631ASD","ASD Dan 2020",19,"fourfold","Dialister",0.995,0.99,1,99,100,18556,TRUE,TRUE,FALSE,TRUE,TRUE,TRUE,TRUE,"structural_absence_boundary_at_zero","ok","",""
"Qiita13631ASD","ASD Dan 2020",19,"fourfold","Dorea",0.98,0.96,1,96,100,4693,TRUE,TRUE,FALSE,TRUE,TRUE,TRUE,TRUE,"structural_absence_boundary_at_zero","ok","",""
"Qiita13631ASD","ASD Dan 2020",19,"fourfold","Faecalibacterium",1,1,1,100,100,66501,TRUE,TRUE,FALSE,TRUE,TRUE,TRUE,TRUE,"no_observed_zeros","ok","",""
"Qiita13631ASD","ASD Dan 2020",19,"fourfold","Fusobacterium",0.465,0.38,0.55,38,55,1849,TRUE,TRUE,FALSE,TRUE,TRUE,TRUE,TRUE,"structural_absence_boundary_at_zero","ok","",""
"Qiita13631ASD","ASD Dan 2020",19,"fourfold","Haemophilus",0.895,0.79,1,79,100,6085,TRUE,TRUE,FALSE,TRUE,TRUE,TRUE,TRUE,"structural_absence_boundary_at_zero","ok","",""
"Qiita13631ASD","ASD Dan 2020",19,"fourfold","Lachnobacterium",0.655,0.53,0.78,53,78,1089,TRUE,TRUE,TRUE,FALSE,TRUE,TRUE,TRUE,"ok","ok","",""
"Qiita13631ASD","ASD Dan 2020",19,"fourfold","Lachnospira",1,1,1,100,100,22656,TRUE,TRUE,FALSE,TRUE,TRUE,TRUE,TRUE,"no_observed_zeros","ok","",""
"Qiita13631ASD","ASD Dan 2020",19,"fourfold","Megamonas",0.98,0.96,1,96,100,16108,TRUE,TRUE,FALSE,TRUE,TRUE,TRUE,TRUE,"structural_absence_boundary_at_zero","ok","",""
"Qiita13631ASD","ASD Dan 2020",19,"fourfold","Megasphaera",0.77,0.64,0.9,64,90,3148,TRUE,TRUE,TRUE,FALSE,TRUE,TRUE,TRUE,"ok","ok","",""
"Qiita13631ASD","ASD Dan 2020",19,"fourfold","Oscillospira",1,1,1,100,100,9485,TRUE,TRUE,FALSE,TRUE,TRUE,TRUE,TRUE,"no_observed_zeros","ok","",""
"Qiita13631ASD","ASD Dan 2020",19,"fourfold","Parabacteroides",1,1,1,100,100,20424,TRUE,TRUE,FALSE,TRUE,TRUE,TRUE,TRUE,"no_observed_zeros","ok","",""
"Qiita13631ASD","ASD Dan 2020",19,"fourfold","Paraprevotella",0.775,0.71,0.84,71,84,1675,TRUE,TRUE,TRUE,FALSE,TRUE,TRUE,TRUE,"ok","ok","",""
"Qiita13631ASD","ASD Dan 2020",19,"fourfold","Phascolarctobacterium",0.98,0.97,0.99,97,99,11369,TRUE,TRUE,TRUE,FALSE,TRUE,TRUE,TRUE,"ok","ok","",""
"Qiita13631ASD","ASD Dan 2020",19,"fourfold","Prevotella",0.99,0.98,1,98,100,50642,TRUE,TRUE,FALSE,TRUE,TRUE,TRUE,TRUE,"structural_absence_boundary_at_zero","ok","",""
"Qiita13631ASD","ASD Dan 2020",19,"fourfold","Roseburia",0.995,0.99,1,99,100,10969,TRUE,TRUE,TRUE,FALSE,TRUE,TRUE,TRUE,"ok","ok","",""
"Qiita13631ASD","ASD Dan 2020",19,"fourfold","Ruminococcus",1,1,1,100,100,24232,TRUE,TRUE,FALSE,TRUE,TRUE,TRUE,TRUE,"no_observed_zeros","ok","",""
"Qiita13631ASD","ASD Dan 2020",19,"fourfold","Streptococcus",0.92,0.84,1,84,100,2048,TRUE,TRUE,FALSE,TRUE,TRUE,TRUE,TRUE,"structural_absence_boundary_at_zero","ok","",""
"Qiita13631ASD","ASD Dan 2020",19,"fourfold","Sutterella",1,1,1,100,100,11958,TRUE,TRUE,FALSE,TRUE,TRUE,TRUE,TRUE,"no_observed_zeros","ok","",""
"Qiita13631ASD","ASD Dan 2020",19,"fourfold","Veillonella",0.95,0.9,1,90,100,4912,TRUE,TRUE,FALSE,TRUE,TRUE,TRUE,TRUE,"structural_absence_boundary_at_zero","ok","",""
"Qiita13631ASD","ASD Dan 2020",20,"balanced","[Prevotella]",0.515,0.48,0.55,48,55,1526,TRUE,TRUE,TRUE,FALSE,TRUE,TRUE,TRUE,"ok","ok","",""
"Qiita13631ASD","ASD Dan 2020",20,"balanced","[Ruminococcus]",1,1,1,100,100,11847,TRUE,TRUE,FALSE,TRUE,TRUE,TRUE,TRUE,"no_observed_zeros","ok","",""
"Qiita13631ASD","ASD Dan 2020",20,"balanced","Akkermansia",0.765,0.74,0.79,74,79,2992,TRUE,TRUE,FALSE,TRUE,TRUE,TRUE,TRUE,"structural_absence_boundary_at_zero","ok","",""
"Qiita13631ASD","ASD Dan 2020",20,"balanced","Anaerostipes",0.98,0.98,0.98,98,98,2834,TRUE,TRUE,TRUE,FALSE,TRUE,TRUE,TRUE,"ok","ok","",""
"Qiita13631ASD","ASD Dan 2020",20,"balanced","Bacteroides",1,1,1,100,100,305821,TRUE,TRUE,FALSE,TRUE,TRUE,TRUE,TRUE,"no_observed_zeros","ok","",""
"Qiita13631ASD","ASD Dan 2020",20,"balanced","Bifidobacterium",0.97,0.98,0.96,98,96,8137,TRUE,TRUE,FALSE,TRUE,TRUE,TRUE,TRUE,"structural_absence_boundary_at_zero","ok","",""
"Qiita13631ASD","ASD Dan 2020",20,"balanced","Bilophila",0.95,0.95,0.95,95,95,1429,TRUE,TRUE,TRUE,FALSE,TRUE,TRUE,TRUE,"ok","ok","",""
"Qiita13631ASD","ASD Dan 2020",20,"balanced","Blautia",1,1,1,100,100,5393,TRUE,TRUE,FALSE,TRUE,TRUE,TRUE,TRUE,"no_observed_zeros","ok","",""
"Qiita13631ASD","ASD Dan 2020",20,"balanced","Clostridium",1,1,1,100,100,7855,TRUE,TRUE,FALSE,TRUE,TRUE,TRUE,TRUE,"no_observed_zeros","ok","",""
"Qiita13631ASD","ASD Dan 2020",20,"balanced","Collinsella",0.735,0.67,0.8,67,80,1018,TRUE,TRUE,FALSE,TRUE,TRUE,TRUE,TRUE,"structural_absence_boundary_at_zero","ok","",""
"Qiita13631ASD","ASD Dan 2020",20,"balanced","Coprococcus",0.995,1,0.99,100,99,6773,TRUE,TRUE,FALSE,TRUE,TRUE,TRUE,TRUE,"structural_absence_boundary_at_zero","ok","",""
"Qiita13631ASD","ASD Dan 2020",20,"balanced","Dialister",1,1,1,100,100,22063,TRUE,TRUE,FALSE,TRUE,TRUE,TRUE,TRUE,"no_observed_zeros","ok","",""
"Qiita13631ASD","ASD Dan 2020",20,"balanced","Dorea",0.995,0.99,1,99,100,5348,TRUE,TRUE,TRUE,FALSE,TRUE,TRUE,TRUE,"ok","ok","",""
"Qiita13631ASD","ASD Dan 2020",20,"balanced","Faecalibacterium",1,1,1,100,100,73769,TRUE,TRUE,FALSE,TRUE,TRUE,TRUE,TRUE,"no_observed_zeros","ok","",""
"Qiita13631ASD","ASD Dan 2020",20,"balanced","Fusobacterium",0.48,0.47,0.49,47,49,1435,TRUE,TRUE,TRUE,FALSE,TRUE,TRUE,TRUE,"ok","ok","",""
"Qiita13631ASD","ASD Dan 2020",20,"balanced","Haemophilus",0.985,0.97,1,97,100,5604,TRUE,TRUE,FALSE,TRUE,TRUE,TRUE,TRUE,"structural_absence_boundary_at_zero","ok","",""
"Qiita13631ASD","ASD Dan 2020",20,"balanced","Lachnobacterium",0.71,0.72,0.7,72,70,1042,TRUE,TRUE,TRUE,FALSE,TRUE,TRUE,TRUE,"ok","ok","",""
"Qiita13631ASD","ASD Dan 2020",20,"balanced","Lachnospira",1,1,1,100,100,28647,TRUE,TRUE,FALSE,TRUE,TRUE,TRUE,TRUE,"no_observed_zeros","ok","",""
"Qiita13631ASD","ASD Dan 2020",20,"balanced","Megamonas",0.995,1,0.99,100,99,19310,TRUE,TRUE,FALSE,TRUE,TRUE,TRUE,TRUE,"structural_absence_boundary_at_zero","ok","",""
"Qiita13631ASD","ASD Dan 2020",20,"balanced","Megasphaera",0.85,0.88,0.82,88,82,4803,TRUE,TRUE,TRUE,FALSE,TRUE,TRUE,TRUE,"ok","ok","",""
"Qiita13631ASD","ASD Dan 2020",20,"balanced","Oscillospira",1,1,1,100,100,10914,TRUE,TRUE,FALSE,TRUE,TRUE,TRUE,TRUE,"no_observed_zeros","ok","",""
"Qiita13631ASD","ASD Dan 2020",20,"balanced","Parabacteroides",1,1,1,100,100,23299,TRUE,TRUE,FALSE,TRUE,TRUE,TRUE,TRUE,"no_observed_zeros","ok","",""
"Qiita13631ASD","ASD Dan 2020",20,"balanced","Paraprevotella",0.83,0.79,0.87,79,87,2122,TRUE,TRUE,TRUE,FALSE,TRUE,TRUE,TRUE,"ok","ok","",""
"Qiita13631ASD","ASD Dan 2020",20,"balanced","Phascolarctobacterium",0.99,0.98,1,98,100,10656,TRUE,TRUE,FALSE,TRUE,TRUE,TRUE,TRUE,"structural_absence_boundary_at_zero","ok","",""
"Qiita13631ASD","ASD Dan 2020",20,"balanced","Prevotella",0.995,0.99,1,99,100,54759,TRUE,TRUE,FALSE,TRUE,TRUE,TRUE,TRUE,"structural_absence_boundary_at_zero","ok","",""
"Qiita13631ASD","ASD Dan 2020",20,"balanced","Roseburia",1,1,1,100,100,12547,TRUE,TRUE,FALSE,TRUE,TRUE,TRUE,TRUE,"no_observed_zeros","ok","",""
"Qiita13631ASD","ASD Dan 2020",20,"balanced","Ruminococcus",1,1,1,100,100,27745,TRUE,TRUE,FALSE,TRUE,TRUE,TRUE,TRUE,"no_observed_zeros","ok","",""
"Qiita13631ASD","ASD Dan 2020",20,"balanced","Streptococcus",0.98,0.99,0.97,99,97,2570,TRUE,TRUE,TRUE,FALSE,TRUE,TRUE,TRUE,"ok","ok","",""
"Qiita13631ASD","ASD Dan 2020",20,"balanced","Sutterella",1,1,1,100,100,13632,TRUE,TRUE,FALSE,TRUE,TRUE,TRUE,TRUE,"no_observed_zeros","ok","",""
"Qiita13631ASD","ASD Dan 2020",20,"balanced","Veillonella",0.99,0.98,1,98,100,5986,TRUE,TRUE,FALSE,TRUE,TRUE,TRUE,TRUE,"structural_absence_boundary_at_zero","ok","",""
"Qiita13631ASD","ASD Dan 2020",20,"fourfold","[Prevotella]",0.505,0.39,0.62,39,62,1029,TRUE,TRUE,TRUE,FALSE,TRUE,TRUE,TRUE,"ok","ok","",""
"Qiita13631ASD","ASD Dan 2020",20,"fourfold","[Ruminococcus]",1,1,1,100,100,10341,TRUE,TRUE,FALSE,TRUE,TRUE,TRUE,TRUE,"no_observed_zeros","ok","",""
"Qiita13631ASD","ASD Dan 2020",20,"fourfold","Akkermansia",0.66,0.5,0.82,50,82,3782,TRUE,TRUE,FALSE,TRUE,TRUE,TRUE,TRUE,"structural_absence_boundary_at_zero","ok","",""
"Qiita13631ASD","ASD Dan 2020",20,"fourfold","Anaerostipes",0.945,0.9,0.99,90,99,2260,TRUE,TRUE,TRUE,FALSE,TRUE,TRUE,TRUE,"ok","ok","",""
"Qiita13631ASD","ASD Dan 2020",20,"fourfold","Bacteroides",1,1,1,100,100,279689,TRUE,TRUE,FALSE,TRUE,TRUE,TRUE,TRUE,"no_observed_zeros","ok","",""
"Qiita13631ASD","ASD Dan 2020",20,"fourfold","Bifidobacterium",0.93,0.87,0.99,87,99,6363,TRUE,TRUE,FALSE,TRUE,TRUE,TRUE,TRUE,"structural_absence_boundary_at_zero","ok","",""
"Qiita13631ASD","ASD Dan 2020",20,"fourfold","Bilophila",0.89,0.81,0.97,81,97,1364,TRUE,TRUE,TRUE,FALSE,TRUE,TRUE,TRUE,"ok","ok","",""
"Qiita13631ASD","ASD Dan 2020",20,"fourfold","Blautia",0.99,0.98,1,98,100,4878,TRUE,TRUE,TRUE,FALSE,TRUE,TRUE,TRUE,"ok","ok","",""
"Qiita13631ASD","ASD Dan 2020",20,"fourfold","Clostridium",1,1,1,100,100,7001,TRUE,TRUE,FALSE,TRUE,TRUE,TRUE,TRUE,"no_observed_zeros","ok","",""
"Qiita13631ASD","ASD Dan 2020",20,"fourfold","Collinsella",0.6,0.39,0.81,39,81,726,TRUE,TRUE,TRUE,FALSE,TRUE,TRUE,TRUE,"ok","ok","",""
"Qiita13631ASD","ASD Dan 2020",20,"fourfold","Coprococcus",0.99,0.98,1,98,100,5852,TRUE,TRUE,TRUE,FALSE,TRUE,TRUE,TRUE,"ok","ok","",""
"Qiita13631ASD","ASD Dan 2020",20,"fourfold","Dialister",0.995,1,0.99,100,99,19540,TRUE,TRUE,FALSE,TRUE,TRUE,TRUE,TRUE,"structural_absence_boundary_at_zero","ok","",""
"Qiita13631ASD","ASD Dan 2020",20,"fourfold","Dorea",0.985,0.97,1,97,100,4530,TRUE,TRUE,FALSE,TRUE,TRUE,TRUE,TRUE,"structural_absence_boundary_at_zero","ok","",""
"Qiita13631ASD","ASD Dan 2020",20,"fourfold","Faecalibacterium",1,1,1,100,100,71900,TRUE,TRUE,FALSE,TRUE,TRUE,TRUE,TRUE,"no_observed_zeros","ok","",""
"Qiita13631ASD","ASD Dan 2020",20,"fourfold","Fusobacterium",0.435,0.31,0.56,31,56,842,TRUE,TRUE,FALSE,TRUE,TRUE,TRUE,TRUE,"structural_absence_boundary_at_zero","ok","",""
"Qiita13631ASD","ASD Dan 2020",20,"fourfold","Haemophilus",0.915,0.88,0.95,88,95,4537,TRUE,TRUE,FALSE,TRUE,TRUE,TRUE,TRUE,"structural_absence_boundary_at_zero","ok","",""
"Qiita13631ASD","ASD Dan 2020",20,"fourfold","Lachnobacterium",0.67,0.62,0.72,62,72,1157,TRUE,TRUE,TRUE,FALSE,TRUE,TRUE,TRUE,"ok","ok","",""
"Qiita13631ASD","ASD Dan 2020",20,"fourfold","Lachnospira",0.995,0.99,1,99,100,22263,TRUE,TRUE,TRUE,FALSE,TRUE,TRUE,TRUE,"ok","ok","",""
"Qiita13631ASD","ASD Dan 2020",20,"fourfold","Megamonas",0.96,0.92,1,92,100,14842,TRUE,TRUE,FALSE,TRUE,TRUE,TRUE,TRUE,"structural_absence_boundary_at_zero","ok","",""
"Qiita13631ASD","ASD Dan 2020",20,"fourfold","Megasphaera",0.85,0.76,0.94,76,94,2967,TRUE,TRUE,FALSE,TRUE,TRUE,TRUE,TRUE,"structural_absence_boundary_at_zero","ok","",""
"Qiita13631ASD","ASD Dan 2020",20,"fourfold","Oscillospira",1,1,1,100,100,9926,TRUE,TRUE,FALSE,TRUE,TRUE,TRUE,TRUE,"no_observed_zeros","ok","",""
"Qiita13631ASD","ASD Dan 2020",20,"fourfold","Parabacteroides",1,1,1,100,100,22008,TRUE,TRUE,FALSE,TRUE,TRUE,TRUE,TRUE,"no_observed_zeros","ok","",""
"Qiita13631ASD","ASD Dan 2020",20,"fourfold","Paraprevotella",0.74,0.61,0.87,61,87,2312,TRUE,TRUE,TRUE,FALSE,TRUE,TRUE,TRUE,"ok","ok","",""
"Qiita13631ASD","ASD Dan 2020",20,"fourfold","Phascolarctobacterium",0.97,0.94,1,94,100,10637,TRUE,TRUE,FALSE,TRUE,TRUE,TRUE,TRUE,"structural_absence_boundary_at_zero","ok","",""
"Qiita13631ASD","ASD Dan 2020",20,"fourfold","Prevotella",0.98,0.96,1,96,100,43586,TRUE,TRUE,FALSE,TRUE,TRUE,TRUE,TRUE,"structural_absence_boundary_at_zero","ok","",""
"Qiita13631ASD","ASD Dan 2020",20,"fourfold","Roseburia",0.995,0.99,1,99,100,11186,TRUE,TRUE,FALSE,TRUE,TRUE,TRUE,TRUE,"structural_absence_boundary_at_zero","ok","",""
"Qiita13631ASD","ASD Dan 2020",20,"fourfold","Ruminococcus",1,1,1,100,100,23748,TRUE,TRUE,FALSE,TRUE,TRUE,TRUE,TRUE,"no_observed_zeros","ok","",""
"Qiita13631ASD","ASD Dan 2020",20,"fourfold","Streptococcus",0.955,0.91,1,91,100,2341,TRUE,TRUE,FALSE,TRUE,TRUE,TRUE,TRUE,"structural_absence_boundary_at_zero","ok","",""
"Qiita13631ASD","ASD Dan 2020",20,"fourfold","Sutterella",1,1,1,100,100,12280,TRUE,TRUE,FALSE,TRUE,TRUE,TRUE,TRUE,"no_observed_zeros","ok","",""
"Qiita13631ASD","ASD Dan 2020",20,"fourfold","Veillonella",0.965,0.95,0.98,95,98,5935,TRUE,TRUE,FALSE,TRUE,TRUE,TRUE,TRUE,"structural_absence_boundary_at_zero","ok","",""
"Qiita13631ASD","ASD Dan 2020",21,"balanced","[Prevotella]",0.525,0.49,0.56,49,56,1424,TRUE,TRUE,TRUE,FALSE,TRUE,TRUE,TRUE,"ok","ok","",""
"Qiita13631ASD","ASD Dan 2020",21,"balanced","[Ruminococcus]",1,1,1,100,100,11051,TRUE,TRUE,FALSE,TRUE,TRUE,TRUE,TRUE,"no_observed_zeros","ok","",""
"Qiita13631ASD","ASD Dan 2020",21,"balanced","Akkermansia",0.825,0.79,0.86,79,86,3491,TRUE,TRUE,FALSE,TRUE,TRUE,TRUE,TRUE,"structural_absence_boundary_at_zero","ok","",""
"Qiita13631ASD","ASD Dan 2020",21,"balanced","Anaerostipes",0.98,0.98,0.98,98,98,2933,TRUE,TRUE,FALSE,TRUE,TRUE,TRUE,TRUE,"structural_absence_boundary_at_zero","ok","",""
"Qiita13631ASD","ASD Dan 2020",21,"balanced","Bacteroides",1,1,1,100,100,308507,TRUE,TRUE,FALSE,TRUE,TRUE,TRUE,TRUE,"no_observed_zeros","ok","",""
"Qiita13631ASD","ASD Dan 2020",21,"balanced","Bifidobacterium",0.98,1,0.96,100,96,7996,TRUE,TRUE,FALSE,TRUE,TRUE,TRUE,TRUE,"structural_absence_boundary_at_zero","ok","",""
"Qiita13631ASD","ASD Dan 2020",21,"balanced","Bilophila",0.965,0.96,0.97,96,97,1372,TRUE,TRUE,FALSE,TRUE,TRUE,TRUE,TRUE,"structural_absence_boundary_at_zero","ok","",""
"Qiita13631ASD","ASD Dan 2020",21,"balanced","Blautia",0.995,0.99,1,99,100,5838,TRUE,TRUE,TRUE,FALSE,TRUE,TRUE,TRUE,"ok","ok","",""
"Qiita13631ASD","ASD Dan 2020",21,"balanced","Clostridium",1,1,1,100,100,8702,TRUE,TRUE,FALSE,TRUE,TRUE,TRUE,TRUE,"no_observed_zeros","ok","",""
"Qiita13631ASD","ASD Dan 2020",21,"balanced","Collinsella",0.795,0.77,0.82,77,82,703,TRUE,TRUE,FALSE,TRUE,TRUE,TRUE,TRUE,"structural_absence_boundary_at_zero","ok","",""
"Qiita13631ASD","ASD Dan 2020",21,"balanced","Coprococcus",0.995,0.99,1,99,100,7042,TRUE,TRUE,TRUE,FALSE,TRUE,TRUE,TRUE,"ok","ok","",""
"Qiita13631ASD","ASD Dan 2020",21,"balanced","Dialister",1,1,1,100,100,24585,TRUE,TRUE,FALSE,TRUE,TRUE,TRUE,TRUE,"no_observed_zeros","ok","",""
"Qiita13631ASD","ASD Dan 2020",21,"balanced","Dorea",1,1,1,100,100,5139,TRUE,TRUE,FALSE,TRUE,TRUE,TRUE,TRUE,"no_observed_zeros","ok","",""
"Qiita13631ASD","ASD Dan 2020",21,"balanced","Faecalibacterium",1,1,1,100,100,72667,TRUE,TRUE,FALSE,TRUE,TRUE,TRUE,TRUE,"no_observed_zeros","ok","",""
"Qiita13631ASD","ASD Dan 2020",21,"balanced","Fusobacterium",0.475,0.53,0.42,53,42,1692,TRUE,TRUE,TRUE,FALSE,TRUE,TRUE,TRUE,"ok","ok","",""
"Qiita13631ASD","ASD Dan 2020",21,"balanced","Haemophilus",0.975,1,0.95,100,95,5564,TRUE,TRUE,FALSE,TRUE,TRUE,TRUE,TRUE,"structural_absence_boundary_at_zero","ok","",""
"Qiita13631ASD","ASD Dan 2020",21,"balanced","Lachnobacterium",0.735,0.73,0.74,73,74,1122,TRUE,TRUE,TRUE,FALSE,TRUE,TRUE,TRUE,"ok","ok","",""
"Qiita13631ASD","ASD Dan 2020",21,"balanced","Lachnospira",1,1,1,100,100,25538,TRUE,TRUE,FALSE,TRUE,TRUE,TRUE,TRUE,"no_observed_zeros","ok","",""
"Qiita13631ASD","ASD Dan 2020",21,"balanced","Megamonas",0.99,0.98,1,98,100,17082,TRUE,TRUE,FALSE,TRUE,TRUE,TRUE,TRUE,"structural_absence_boundary_at_zero","ok","",""
"Qiita13631ASD","ASD Dan 2020",21,"balanced","Megasphaera",0.84,0.87,0.81,87,81,3497,TRUE,TRUE,TRUE,FALSE,TRUE,TRUE,TRUE,"ok","ok","",""
"Qiita13631ASD","ASD Dan 2020",21,"balanced","Oscillospira",1,1,1,100,100,10930,TRUE,TRUE,FALSE,TRUE,TRUE,TRUE,TRUE,"no_observed_zeros","ok","",""
"Qiita13631ASD","ASD Dan 2020",21,"balanced","Parabacteroides",1,1,1,100,100,22602,TRUE,TRUE,FALSE,TRUE,TRUE,TRUE,TRUE,"no_observed_zeros","ok","",""
"Qiita13631ASD","ASD Dan 2020",21,"balanced","Paraprevotella",0.835,0.8,0.87,80,87,2046,TRUE,TRUE,TRUE,FALSE,TRUE,TRUE,TRUE,"ok","ok","",""
"Qiita13631ASD","ASD Dan 2020",21,"balanced","Phascolarctobacterium",0.995,1,0.99,100,99,9477,TRUE,TRUE,FALSE,TRUE,TRUE,TRUE,TRUE,"structural_absence_boundary_at_zero","ok","",""
"Qiita13631ASD","ASD Dan 2020",21,"balanced","Prevotella",0.995,1,0.99,100,99,53676,TRUE,TRUE,FALSE,TRUE,TRUE,TRUE,TRUE,"structural_absence_boundary_at_zero","ok","",""
"Qiita13631ASD","ASD Dan 2020",21,"balanced","Roseburia",1,1,1,100,100,12813,TRUE,TRUE,FALSE,TRUE,TRUE,TRUE,TRUE,"no_observed_zeros","ok","",""
"Qiita13631ASD","ASD Dan 2020",21,"balanced","Ruminococcus",1,1,1,100,100,27775,TRUE,TRUE,FALSE,TRUE,TRUE,TRUE,TRUE,"no_observed_zeros","ok","",""
"Qiita13631ASD","ASD Dan 2020",21,"balanced","Streptococcus",0.975,0.96,0.99,96,99,2552,TRUE,TRUE,FALSE,TRUE,TRUE,TRUE,TRUE,"structural_absence_boundary_at_zero","ok","",""
"Qiita13631ASD","ASD Dan 2020",21,"balanced","Sutterella",1,1,1,100,100,14065,TRUE,TRUE,FALSE,TRUE,TRUE,TRUE,TRUE,"no_observed_zeros","ok","",""
"Qiita13631ASD","ASD Dan 2020",21,"balanced","Veillonella",1,1,1,100,100,6337,TRUE,TRUE,FALSE,TRUE,TRUE,TRUE,TRUE,"no_observed_zeros","ok","",""
"Qiita13631ASD","ASD Dan 2020",21,"fourfold","[Prevotella]",0.5,0.42,0.58,42,58,1478,TRUE,TRUE,TRUE,FALSE,TRUE,TRUE,TRUE,"ok","ok","",""
"Qiita13631ASD","ASD Dan 2020",21,"fourfold","[Ruminococcus]",1,1,1,100,100,11916,TRUE,TRUE,FALSE,TRUE,TRUE,TRUE,TRUE,"no_observed_zeros","ok","",""
"Qiita13631ASD","ASD Dan 2020",21,"fourfold","Akkermansia",0.715,0.53,0.9,53,90,3536,TRUE,TRUE,FALSE,TRUE,TRUE,TRUE,TRUE,"structural_absence_boundary_at_zero","ok","",""
"Qiita13631ASD","ASD Dan 2020",21,"fourfold","Anaerostipes",0.93,0.88,0.98,88,98,2509,TRUE,TRUE,TRUE,FALSE,TRUE,TRUE,TRUE,"ok","ok","",""
"Qiita13631ASD","ASD Dan 2020",21,"fourfold","Bacteroides",1,1,1,100,100,295625,TRUE,TRUE,FALSE,TRUE,TRUE,TRUE,TRUE,"no_observed_zeros","ok","",""
"Qiita13631ASD","ASD Dan 2020",21,"fourfold","Bifidobacterium",0.905,0.83,0.98,83,98,8958,TRUE,TRUE,FALSE,TRUE,TRUE,TRUE,TRUE,"structural_absence_boundary_at_zero","ok","",""
"Qiita13631ASD","ASD Dan 2020",21,"fourfold","Bilophila",0.9,0.81,0.99,81,99,1467,TRUE,TRUE,FALSE,TRUE,TRUE,TRUE,TRUE,"structural_absence_boundary_at_zero","ok","",""
"Qiita13631ASD","ASD Dan 2020",21,"fourfold","Blautia",0.99,0.98,1,98,100,5387,TRUE,TRUE,TRUE,FALSE,TRUE,TRUE,TRUE,"ok","ok","",""
"Qiita13631ASD","ASD Dan 2020",21,"fourfold","Clostridium",0.99,0.98,1,98,100,7416,TRUE,TRUE,FALSE,TRUE,TRUE,TRUE,TRUE,"structural_absence_boundary_at_zero","ok","",""
"Qiita13631ASD","ASD Dan 2020",21,"fourfold","Collinsella",0.645,0.43,0.86,43,86,1003,TRUE,TRUE,FALSE,TRUE,TRUE,TRUE,TRUE,"structural_absence_boundary_at_zero","ok","",""
"Qiita13631ASD","ASD Dan 2020",21,"fourfold","Coprococcus",1,1,1,100,100,6794,TRUE,TRUE,FALSE,TRUE,TRUE,TRUE,TRUE,"no_observed_zeros","ok","",""
"Qiita13631ASD","ASD Dan 2020",21,"fourfold","Dialister",0.995,0.99,1,99,100,19181,TRUE,TRUE,TRUE,FALSE,TRUE,TRUE,TRUE,"ok","ok","",""
"Qiita13631ASD","ASD Dan 2020",21,"fourfold","Dorea",0.99,0.98,1,98,100,5065,TRUE,TRUE,FALSE,TRUE,TRUE,TRUE,TRUE,"structural_absence_boundary_at_zero","ok","",""
"Qiita13631ASD","ASD Dan 2020",21,"fourfold","Faecalibacterium",1,1,1,100,100,76567,TRUE,TRUE,FALSE,TRUE,TRUE,TRUE,TRUE,"no_observed_zeros","ok","",""
"Qiita13631ASD","ASD Dan 2020",21,"fourfold","Fusobacterium",0.47,0.38,0.56,38,56,886,TRUE,TRUE,FALSE,TRUE,TRUE,TRUE,TRUE,"structural_absence_boundary_at_zero","ok","",""
"Qiita13631ASD","ASD Dan 2020",21,"fourfold","Haemophilus",0.905,0.83,0.98,83,98,3743,TRUE,TRUE,FALSE,TRUE,TRUE,TRUE,TRUE,"structural_absence_boundary_at_zero","ok","",""
"Qiita13631ASD","ASD Dan 2020",21,"fourfold","Lachnobacterium",0.665,0.54,0.79,54,79,1015,TRUE,TRUE,TRUE,FALSE,TRUE,TRUE,TRUE,"ok","ok","",""
"Qiita13631ASD","ASD Dan 2020",21,"fourfold","Lachnospira",1,1,1,100,100,23119,TRUE,TRUE,FALSE,TRUE,TRUE,TRUE,TRUE,"no_observed_zeros","ok","",""
"Qiita13631ASD","ASD Dan 2020",21,"fourfold","Megamonas",0.97,0.94,1,94,100,19030,TRUE,TRUE,FALSE,TRUE,TRUE,TRUE,TRUE,"structural_absence_boundary_at_zero","ok","",""
"Qiita13631ASD","ASD Dan 2020",21,"fourfold","Megasphaera",0.79,0.68,0.9,68,90,3368,TRUE,TRUE,FALSE,TRUE,TRUE,TRUE,TRUE,"structural_absence_boundary_at_zero","ok","",""
"Qiita13631ASD","ASD Dan 2020",21,"fourfold","Oscillospira",1,1,1,100,100,10676,TRUE,TRUE,FALSE,TRUE,TRUE,TRUE,TRUE,"no_observed_zeros","ok","",""
"Qiita13631ASD","ASD Dan 2020",21,"fourfold","Parabacteroides",1,1,1,100,100,22242,TRUE,TRUE,FALSE,TRUE,TRUE,TRUE,TRUE,"no_observed_zeros","ok","",""
"Qiita13631ASD","ASD Dan 2020",21,"fourfold","Paraprevotella",0.75,0.64,0.86,64,86,2194,TRUE,TRUE,TRUE,FALSE,TRUE,TRUE,TRUE,"ok","ok","",""
"Qiita13631ASD","ASD Dan 2020",21,"fourfold","Phascolarctobacterium",0.98,0.96,1,96,100,12016,TRUE,TRUE,FALSE,TRUE,TRUE,TRUE,TRUE,"structural_absence_boundary_at_zero","ok","",""
"Qiita13631ASD","ASD Dan 2020",21,"fourfold","Prevotella",0.985,0.97,1,97,100,45869,TRUE,TRUE,FALSE,TRUE,TRUE,TRUE,TRUE,"structural_absence_boundary_at_zero","ok","",""
"Qiita13631ASD","ASD Dan 2020",21,"fourfold","Roseburia",1,1,1,100,100,11544,TRUE,TRUE,FALSE,TRUE,TRUE,TRUE,TRUE,"no_observed_zeros","ok","",""
"Qiita13631ASD","ASD Dan 2020",21,"fourfold","Ruminococcus",1,1,1,100,100,27222,TRUE,TRUE,FALSE,TRUE,TRUE,TRUE,TRUE,"no_observed_zeros","ok","",""
"Qiita13631ASD","ASD Dan 2020",21,"fourfold","Streptococcus",0.935,0.87,1,87,100,2462,TRUE,TRUE,FALSE,TRUE,TRUE,TRUE,TRUE,"structural_absence_boundary_at_zero","ok","",""
"Qiita13631ASD","ASD Dan 2020",21,"fourfold","Sutterella",1,1,1,100,100,12631,TRUE,TRUE,FALSE,TRUE,TRUE,TRUE,TRUE,"no_observed_zeros","ok","",""
"Qiita13631ASD","ASD Dan 2020",21,"fourfold","Veillonella",0.955,0.92,0.99,92,99,6071,TRUE,TRUE,FALSE,TRUE,TRUE,TRUE,TRUE,"structural_absence_boundary_at_zero","ok","",""
"Qiita13631ASD","ASD Dan 2020",22,"balanced","[Prevotella]",0.53,0.54,0.52,54,52,1317,TRUE,TRUE,TRUE,FALSE,TRUE,TRUE,TRUE,"ok","ok","",""
"Qiita13631ASD","ASD Dan 2020",22,"balanced","[Ruminococcus]",1,1,1,100,100,11148,TRUE,TRUE,FALSE,TRUE,TRUE,TRUE,TRUE,"no_observed_zeros","ok","",""
"Qiita13631ASD","ASD Dan 2020",22,"balanced","Akkermansia",0.74,0.74,0.74,74,74,2988,TRUE,TRUE,FALSE,TRUE,TRUE,TRUE,TRUE,"structural_absence_boundary_at_zero","ok","",""
"Qiita13631ASD","ASD Dan 2020",22,"balanced","Anaerostipes",0.955,0.95,0.96,95,96,2723,TRUE,TRUE,TRUE,FALSE,TRUE,TRUE,TRUE,"ok","ok","",""
"Qiita13631ASD","ASD Dan 2020",22,"balanced","Bacteroides",1,1,1,100,100,296903,TRUE,TRUE,FALSE,TRUE,TRUE,TRUE,TRUE,"no_observed_zeros","ok","",""
"Qiita13631ASD","ASD Dan 2020",22,"balanced","Bifidobacterium",0.98,0.99,0.97,99,97,10980,TRUE,TRUE,FALSE,TRUE,TRUE,TRUE,TRUE,"structural_absence_boundary_at_zero","ok","",""
"Qiita13631ASD","ASD Dan 2020",22,"balanced","Bilophila",0.975,1,0.95,100,95,1388,TRUE,TRUE,FALSE,TRUE,TRUE,TRUE,TRUE,"structural_absence_boundary_at_zero","ok","",""
"Qiita13631ASD","ASD Dan 2020",22,"balanced","Blautia",1,1,1,100,100,5596,TRUE,TRUE,FALSE,TRUE,TRUE,TRUE,TRUE,"no_observed_zeros","ok","",""
"Qiita13631ASD","ASD Dan 2020",22,"balanced","Clostridium",1,1,1,100,100,8289,TRUE,TRUE,FALSE,TRUE,TRUE,TRUE,TRUE,"no_observed_zeros","ok","",""
"Qiita13631ASD","ASD Dan 2020",22,"balanced","Collinsella",0.72,0.73,0.71,73,71,907,TRUE,TRUE,FALSE,TRUE,TRUE,TRUE,TRUE,"structural_absence_boundary_at_zero","ok","",""
"Qiita13631ASD","ASD Dan 2020",22,"balanced","Coprococcus",0.995,0.99,1,99,100,6550,TRUE,TRUE,TRUE,FALSE,TRUE,TRUE,TRUE,"ok","ok","",""
"Qiita13631ASD","ASD Dan 2020",22,"balanced","Dialister",1,1,1,100,100,21087,TRUE,TRUE,FALSE,TRUE,TRUE,TRUE,TRUE,"no_observed_zeros","ok","",""
"Qiita13631ASD","ASD Dan 2020",22,"balanced","Dorea",0.995,1,0.99,100,99,5143,TRUE,TRUE,TRUE,FALSE,TRUE,TRUE,TRUE,"ok","ok","",""
"Qiita13631ASD","ASD Dan 2020",22,"balanced","Faecalibacterium",1,1,1,100,100,74190,TRUE,TRUE,FALSE,TRUE,TRUE,TRUE,TRUE,"no_observed_zeros","ok","",""
"Qiita13631ASD","ASD Dan 2020",22,"balanced","Fusobacterium",0.515,0.58,0.45,58,45,1301,TRUE,TRUE,FALSE,TRUE,TRUE,TRUE,TRUE,"structural_absence_boundary_at_zero","ok","",""
"Qiita13631ASD","ASD Dan 2020",22,"balanced","Haemophilus",0.95,0.97,0.93,97,93,4802,TRUE,TRUE,FALSE,TRUE,TRUE,TRUE,TRUE,"structural_absence_boundary_at_zero","ok","",""
"Qiita13631ASD","ASD Dan 2020",22,"balanced","Lachnobacterium",0.71,0.71,0.71,71,71,1011,TRUE,TRUE,TRUE,FALSE,TRUE,TRUE,TRUE,"ok","ok","",""
"Qiita13631ASD","ASD Dan 2020",22,"balanced","Lachnospira",1,1,1,100,100,24699,TRUE,TRUE,FALSE,TRUE,TRUE,TRUE,TRUE,"no_observed_zeros","ok","",""
"Qiita13631ASD","ASD Dan 2020",22,"balanced","Megamonas",0.995,1,0.99,100,99,18229,TRUE,TRUE,FALSE,TRUE,TRUE,TRUE,TRUE,"structural_absence_boundary_at_zero","ok","",""
"Qiita13631ASD","ASD Dan 2020",22,"balanced","Megasphaera",0.875,0.93,0.82,93,82,3514,TRUE,TRUE,FALSE,TRUE,TRUE,TRUE,TRUE,"structural_absence_boundary_at_zero","ok","",""
"Qiita13631ASD","ASD Dan 2020",22,"balanced","Oscillospira",1,1,1,100,100,10521,TRUE,TRUE,FALSE,TRUE,TRUE,TRUE,TRUE,"no_observed_zeros","ok","",""
"Qiita13631ASD","ASD Dan 2020",22,"balanced","Parabacteroides",1,1,1,100,100,22845,TRUE,TRUE,FALSE,TRUE,TRUE,TRUE,TRUE,"no_observed_zeros","ok","",""
"Qiita13631ASD","ASD Dan 2020",22,"balanced","Paraprevotella",0.8,0.79,0.81,79,81,2051,TRUE,TRUE,TRUE,FALSE,TRUE,TRUE,TRUE,"ok","ok","",""
"Qiita13631ASD","ASD Dan 2020",22,"balanced","Phascolarctobacterium",0.985,1,0.97,100,97,9107,TRUE,TRUE,TRUE,FALSE,TRUE,TRUE,TRUE,"ok","ok","",""
"Qiita13631ASD","ASD Dan 2020",22,"balanced","Prevotella",0.995,0.99,1,99,100,50576,TRUE,TRUE,FALSE,TRUE,TRUE,TRUE,TRUE,"structural_absence_boundary_at_zero","ok","",""
"Qiita13631ASD","ASD Dan 2020",22,"balanced","Roseburia",1,1,1,100,100,11767,TRUE,TRUE,FALSE,TRUE,TRUE,TRUE,TRUE,"no_observed_zeros","ok","",""
"Qiita13631ASD","ASD Dan 2020",22,"balanced","Ruminococcus",1,1,1,100,100,26319,TRUE,TRUE,FALSE,TRUE,TRUE,TRUE,TRUE,"no_observed_zeros","ok","",""
"Qiita13631ASD","ASD Dan 2020",22,"balanced","Streptococcus",0.985,0.98,0.99,98,99,2432,TRUE,TRUE,FALSE,TRUE,TRUE,TRUE,TRUE,"structural_absence_boundary_at_zero","ok","",""
"Qiita13631ASD","ASD Dan 2020",22,"balanced","Sutterella",1,1,1,100,100,13762,TRUE,TRUE,FALSE,TRUE,TRUE,TRUE,TRUE,"no_observed_zeros","ok","",""
"Qiita13631ASD","ASD Dan 2020",22,"balanced","Veillonella",0.985,0.98,0.99,98,99,6176,TRUE,TRUE,FALSE,TRUE,TRUE,TRUE,TRUE,"structural_absence_boundary_at_zero","ok","",""
"Qiita13631ASD","ASD Dan 2020",22,"fourfold","[Prevotella]",0.475,0.39,0.56,39,56,942,TRUE,TRUE,TRUE,FALSE,TRUE,TRUE,TRUE,"ok","ok","",""
"Qiita13631ASD","ASD Dan 2020",22,"fourfold","[Ruminococcus]",1,1,1,100,100,10551,TRUE,TRUE,FALSE,TRUE,TRUE,TRUE,TRUE,"no_observed_zeros","ok","",""
"Qiita13631ASD","ASD Dan 2020",22,"fourfold","Akkermansia",0.76,0.61,0.91,61,91,3147,TRUE,TRUE,FALSE,TRUE,TRUE,TRUE,TRUE,"structural_absence_boundary_at_zero","ok","",""
"Qiita13631ASD","ASD Dan 2020",22,"fourfold","Anaerostipes",0.96,0.95,0.97,95,97,2193,TRUE,TRUE,FALSE,TRUE,TRUE,TRUE,TRUE,"structural_absence_boundary_at_zero","ok","",""
"Qiita13631ASD","ASD Dan 2020",22,"fourfold","Bacteroides",1,1,1,100,100,277882,TRUE,TRUE,FALSE,TRUE,TRUE,TRUE,TRUE,"no_observed_zeros","ok","",""
"Qiita13631ASD","ASD Dan 2020",22,"fourfold","Bifidobacterium",0.95,0.9,1,90,100,7069,TRUE,TRUE,FALSE,TRUE,TRUE,TRUE,TRUE,"structural_absence_boundary_at_zero","ok","",""
"Qiita13631ASD","ASD Dan 2020",22,"fourfold","Bilophila",0.885,0.77,1,77,100,1370,TRUE,TRUE,FALSE,TRUE,TRUE,TRUE,TRUE,"structural_absence_boundary_at_zero","ok","",""
"Qiita13631ASD","ASD Dan 2020",22,"fourfold","Blautia",0.98,0.96,1,96,100,5721,TRUE,TRUE,TRUE,FALSE,TRUE,TRUE,TRUE,"ok","ok","",""
"Qiita13631ASD","ASD Dan 2020",22,"fourfold","Clostridium",1,1,1,100,100,9350,TRUE,TRUE,FALSE,TRUE,TRUE,TRUE,TRUE,"no_observed_zeros","ok","",""
"Qiita13631ASD","ASD Dan 2020",22,"fourfold","Collinsella",0.61,0.45,0.77,45,77,658,TRUE,TRUE,FALSE,TRUE,TRUE,TRUE,TRUE,"structural_absence_boundary_at_zero","ok","",""
"Qiita13631ASD","ASD Dan 2020",22,"fourfold","Coprococcus",0.99,0.98,1,98,100,6310,TRUE,TRUE,FALSE,TRUE,TRUE,TRUE,TRUE,"structural_absence_boundary_at_zero","ok","",""
"Qiita13631ASD","ASD Dan 2020",22,"fourfold","Dialister",1,1,1,100,100,18286,TRUE,TRUE,FALSE,TRUE,TRUE,TRUE,TRUE,"no_observed_zeros","ok","",""
"Qiita13631ASD","ASD Dan 2020",22,"fourfold","Dorea",0.995,0.99,1,99,100,4951,TRUE,TRUE,FALSE,TRUE,TRUE,TRUE,TRUE,"structural_absence_boundary_at_zero","ok","",""
"Qiita13631ASD","ASD Dan 2020",22,"fourfold","Faecalibacterium",1,1,1,100,100,68670,TRUE,TRUE,FALSE,TRUE,TRUE,TRUE,TRUE,"no_observed_zeros","ok","",""
"Qiita13631ASD","ASD Dan 2020",22,"fourfold","Fusobacterium",0.48,0.39,0.57,39,57,737,TRUE,TRUE,FALSE,TRUE,TRUE,TRUE,TRUE,"structural_absence_boundary_at_zero","ok","",""
"Qiita13631ASD","ASD Dan 2020",22,"fourfold","Haemophilus",0.95,0.93,0.97,93,97,4691,TRUE,TRUE,FALSE,TRUE,TRUE,TRUE,TRUE,"structural_absence_boundary_at_zero","ok","",""
"Qiita13631ASD","ASD Dan 2020",22,"fourfold","Lachnobacterium",0.685,0.59,0.78,59,78,1005,TRUE,TRUE,TRUE,FALSE,TRUE,TRUE,TRUE,"ok","ok","",""
"Qiita13631ASD","ASD Dan 2020",22,"fourfold","Lachnospira",1,1,1,100,100,21778,TRUE,TRUE,FALSE,TRUE,TRUE,TRUE,TRUE,"no_observed_zeros","ok","",""
"Qiita13631ASD","ASD Dan 2020",22,"fourfold","Megamonas",0.975,0.96,0.99,96,99,16151,TRUE,TRUE,FALSE,TRUE,TRUE,TRUE,TRUE,"structural_absence_boundary_at_zero","ok","",""
"Qiita13631ASD","ASD Dan 2020",22,"fourfold","Megasphaera",0.83,0.75,0.91,75,91,3337,TRUE,TRUE,FALSE,TRUE,TRUE,TRUE,TRUE,"structural_absence_boundary_at_zero","ok","",""
"Qiita13631ASD","ASD Dan 2020",22,"fourfold","Oscillospira",1,1,1,100,100,9981,TRUE,TRUE,FALSE,TRUE,TRUE,TRUE,TRUE,"no_observed_zeros","ok","",""
"Qiita13631ASD","ASD Dan 2020",22,"fourfold","Parabacteroides",1,1,1,100,100,21182,TRUE,TRUE,FALSE,TRUE,TRUE,TRUE,TRUE,"no_observed_zeros","ok","",""
"Qiita13631ASD","ASD Dan 2020",22,"fourfold","Paraprevotella",0.76,0.71,0.81,71,81,2425,TRUE,TRUE,TRUE,FALSE,TRUE,TRUE,TRUE,"ok","ok","",""
"Qiita13631ASD","ASD Dan 2020",22,"fourfold","Phascolarctobacterium",0.99,0.98,1,98,100,8987,TRUE,TRUE,FALSE,TRUE,TRUE,TRUE,TRUE,"structural_absence_boundary_at_zero","ok","",""
"Qiita13631ASD","ASD Dan 2020",22,"fourfold","Prevotella",0.98,0.96,1,96,100,58467,TRUE,TRUE,FALSE,TRUE,TRUE,TRUE,TRUE,"structural_absence_boundary_at_zero","ok","",""
"Qiita13631ASD","ASD Dan 2020",22,"fourfold","Roseburia",1,1,1,100,100,11501,TRUE,TRUE,FALSE,TRUE,TRUE,TRUE,TRUE,"no_observed_zeros","ok","",""
"Qiita13631ASD","ASD Dan 2020",22,"fourfold","Ruminococcus",1,1,1,100,100,24880,TRUE,TRUE,FALSE,TRUE,TRUE,TRUE,TRUE,"no_observed_zeros","ok","",""
"Qiita13631ASD","ASD Dan 2020",22,"fourfold","Streptococcus",0.945,0.9,0.99,90,99,2367,TRUE,TRUE,FALSE,TRUE,TRUE,TRUE,TRUE,"structural_absence_boundary_at_zero","ok","",""
"Qiita13631ASD","ASD Dan 2020",22,"fourfold","Sutterella",1,1,1,100,100,13179,TRUE,TRUE,FALSE,TRUE,TRUE,TRUE,TRUE,"no_observed_zeros","ok","",""
"Qiita13631ASD","ASD Dan 2020",22,"fourfold","Veillonella",0.96,0.92,1,92,100,6995,TRUE,TRUE,FALSE,TRUE,TRUE,TRUE,TRUE,"structural_absence_boundary_at_zero","ok","",""
"Qiita13631ASD","ASD Dan 2020",23,"balanced","[Prevotella]",0.505,0.45,0.56,45,56,1532,TRUE,TRUE,TRUE,FALSE,TRUE,TRUE,TRUE,"ok","ok","",""
"Qiita13631ASD","ASD Dan 2020",23,"balanced","[Ruminococcus]",1,1,1,100,100,11568,TRUE,TRUE,FALSE,TRUE,TRUE,TRUE,TRUE,"no_observed_zeros","ok","",""
"Qiita13631ASD","ASD Dan 2020",23,"balanced","Akkermansia",0.805,0.76,0.85,76,85,2885,TRUE,TRUE,FALSE,TRUE,TRUE,TRUE,TRUE,"structural_absence_boundary_at_zero","ok","",""
"Qiita13631ASD","ASD Dan 2020",23,"balanced","Anaerostipes",0.985,0.98,0.99,98,99,2523,TRUE,TRUE,FALSE,TRUE,TRUE,TRUE,TRUE,"structural_absence_boundary_at_zero","ok","",""
"Qiita13631ASD","ASD Dan 2020",23,"balanced","Bacteroides",1,1,1,100,100,305616,TRUE,TRUE,FALSE,TRUE,TRUE,TRUE,TRUE,"no_observed_zeros","ok","",""
"Qiita13631ASD","ASD Dan 2020",23,"balanced","Bifidobacterium",0.975,0.99,0.96,99,96,9370,TRUE,TRUE,FALSE,TRUE,TRUE,TRUE,TRUE,"structural_absence_boundary_at_zero","ok","",""
"Qiita13631ASD","ASD Dan 2020",23,"balanced","Bilophila",0.995,0.99,1,99,100,1465,TRUE,TRUE,TRUE,FALSE,TRUE,TRUE,TRUE,"ok","ok","",""
"Qiita13631ASD","ASD Dan 2020",23,"balanced","Blautia",1,1,1,100,100,5714,TRUE,TRUE,FALSE,TRUE,TRUE,TRUE,TRUE,"no_observed_zeros","ok","",""
"Qiita13631ASD","ASD Dan 2020",23,"balanced","Clostridium",1,1,1,100,100,9304,TRUE,TRUE,FALSE,TRUE,TRUE,TRUE,TRUE,"no_observed_zeros","ok","",""
"Qiita13631ASD","ASD Dan 2020",23,"balanced","Collinsella",0.78,0.71,0.85,71,85,809,TRUE,TRUE,FALSE,TRUE,TRUE,TRUE,TRUE,"structural_absence_boundary_at_zero","ok","",""
"Qiita13631ASD","ASD Dan 2020",23,"balanced","Coprococcus",0.995,0.99,1,99,100,6767,TRUE,TRUE,FALSE,TRUE,TRUE,TRUE,TRUE,"structural_absence_boundary_at_zero","ok","",""
"Qiita13631ASD","ASD Dan 2020",23,"balanced","Dialister",1,1,1,100,100,22811,TRUE,TRUE,FALSE,TRUE,TRUE,TRUE,TRUE,"no_observed_zeros","ok","",""
"Qiita13631ASD","ASD Dan 2020",23,"balanced","Dorea",1,1,1,100,100,5130,TRUE,TRUE,FALSE,TRUE,TRUE,TRUE,TRUE,"no_observed_zeros","ok","",""
"Qiita13631ASD","ASD Dan 2020",23,"balanced","Faecalibacterium",1,1,1,100,100,73540,TRUE,TRUE,FALSE,TRUE,TRUE,TRUE,TRUE,"no_observed_zeros","ok","",""
"Qiita13631ASD","ASD Dan 2020",23,"balanced","Fusobacterium",0.415,0.44,0.39,44,39,1303,TRUE,TRUE,TRUE,FALSE,TRUE,TRUE,TRUE,"ok","ok","",""
"Qiita13631ASD","ASD Dan 2020",23,"balanced","Haemophilus",0.97,0.97,0.97,97,97,5592,TRUE,TRUE,FALSE,TRUE,TRUE,TRUE,TRUE,"structural_absence_boundary_at_zero","ok","",""
"Qiita13631ASD","ASD Dan 2020",23,"balanced","Lachnobacterium",0.705,0.69,0.72,69,72,1099,TRUE,TRUE,TRUE,FALSE,TRUE,TRUE,TRUE,"ok","ok","",""
"Qiita13631ASD","ASD Dan 2020",23,"balanced","Lachnospira",1,1,1,100,100,23971,TRUE,TRUE,FALSE,TRUE,TRUE,TRUE,TRUE,"no_observed_zeros","ok","",""
"Qiita13631ASD","ASD Dan 2020",23,"balanced","Megamonas",0.99,0.99,0.99,99,99,17553,TRUE,TRUE,FALSE,TRUE,TRUE,TRUE,TRUE,"structural_absence_boundary_at_zero","ok","",""
"Qiita13631ASD","ASD Dan 2020",23,"balanced","Megasphaera",0.87,0.86,0.88,86,88,3346,TRUE,TRUE,FALSE,TRUE,TRUE,TRUE,TRUE,"structural_absence_boundary_at_zero","ok","",""
"Qiita13631ASD","ASD Dan 2020",23,"balanced","Oscillospira",1,1,1,100,100,10646,TRUE,TRUE,FALSE,TRUE,TRUE,TRUE,TRUE,"no_observed_zeros","ok","",""
"Qiita13631ASD","ASD Dan 2020",23,"balanced","Parabacteroides",1,1,1,100,100,23045,TRUE,TRUE,FALSE,TRUE,TRUE,TRUE,TRUE,"no_observed_zeros","ok","",""
"Qiita13631ASD","ASD Dan 2020",23,"balanced","Paraprevotella",0.815,0.77,0.86,77,86,2242,TRUE,TRUE,TRUE,FALSE,TRUE,TRUE,TRUE,"ok","ok","",""
"Qiita13631ASD","ASD Dan 2020",23,"balanced","Phascolarctobacterium",0.995,1,0.99,100,99,9818,TRUE,TRUE,FALSE,TRUE,TRUE,TRUE,TRUE,"structural_absence_boundary_at_zero","ok","",""
"Qiita13631ASD","ASD Dan 2020",23,"balanced","Prevotella",0.985,0.99,0.98,99,98,62944,TRUE,TRUE,TRUE,FALSE,TRUE,TRUE,TRUE,"ok","ok","",""
"Qiita13631ASD","ASD Dan 2020",23,"balanced","Roseburia",1,1,1,100,100,12312,TRUE,TRUE,FALSE,TRUE,TRUE,TRUE,TRUE,"no_observed_zeros","ok","",""
"Qiita13631ASD","ASD Dan 2020",23,"balanced","Ruminococcus",1,1,1,100,100,27188,TRUE,TRUE,FALSE,TRUE,TRUE,TRUE,TRUE,"no_observed_zeros","ok","",""
"Qiita13631ASD","ASD Dan 2020",23,"balanced","Streptococcus",0.97,0.95,0.99,95,99,2433,TRUE,TRUE,FALSE,TRUE,TRUE,TRUE,TRUE,"structural_absence_boundary_at_zero","ok","",""
"Qiita13631ASD","ASD Dan 2020",23,"balanced","Sutterella",1,1,1,100,100,14209,TRUE,TRUE,FALSE,TRUE,TRUE,TRUE,TRUE,"no_observed_zeros","ok","",""
"Qiita13631ASD","ASD Dan 2020",23,"balanced","Veillonella",0.995,0.99,1,99,100,6174,TRUE,TRUE,FALSE,TRUE,TRUE,TRUE,TRUE,"structural_absence_boundary_at_zero","ok","",""
"Qiita13631ASD","ASD Dan 2020",23,"fourfold","[Prevotella]",0.475,0.34,0.61,34,61,1441,TRUE,TRUE,TRUE,FALSE,TRUE,TRUE,TRUE,"ok","ok","",""
"Qiita13631ASD","ASD Dan 2020",23,"fourfold","[Ruminococcus]",1,1,1,100,100,10364,TRUE,TRUE,FALSE,TRUE,TRUE,TRUE,TRUE,"no_observed_zeros","ok","",""
"Qiita13631ASD","ASD Dan 2020",23,"fourfold","Akkermansia",0.73,0.57,0.89,57,89,3080,TRUE,TRUE,FALSE,TRUE,TRUE,TRUE,TRUE,"structural_absence_boundary_at_zero","ok","",""
"Qiita13631ASD","ASD Dan 2020",23,"fourfold","Anaerostipes",0.935,0.87,1,87,100,2632,TRUE,TRUE,FALSE,TRUE,TRUE,TRUE,TRUE,"structural_absence_boundary_at_zero","ok","",""
"Qiita13631ASD","ASD Dan 2020",23,"fourfold","Bacteroides",1,1,1,100,100,282731,TRUE,TRUE,FALSE,TRUE,TRUE,TRUE,TRUE,"no_observed_zeros","ok","",""
"Qiita13631ASD","ASD Dan 2020",23,"fourfold","Bifidobacterium",0.95,0.91,0.99,91,99,7355,TRUE,TRUE,FALSE,TRUE,TRUE,TRUE,TRUE,"structural_absence_boundary_at_zero","ok","",""
"Qiita13631ASD","ASD Dan 2020",23,"fourfold","Bilophila",0.89,0.83,0.95,83,95,1300,TRUE,TRUE,TRUE,FALSE,TRUE,TRUE,TRUE,"ok","ok","",""
"Qiita13631ASD","ASD Dan 2020",23,"fourfold","Blautia",0.99,0.98,1,98,100,5273,TRUE,TRUE,FALSE,TRUE,TRUE,TRUE,TRUE,"structural_absence_boundary_at_zero","ok","",""
"Qiita13631ASD","ASD Dan 2020",23,"fourfold","Clostridium",0.995,0.99,1,99,100,7958,TRUE,TRUE,FALSE,TRUE,TRUE,TRUE,TRUE,"structural_absence_boundary_at_zero","ok","",""
"Qiita13631ASD","ASD Dan 2020",23,"fourfold","Collinsella",0.64,0.46,0.82,46,82,1035,TRUE,TRUE,FALSE,TRUE,TRUE,TRUE,TRUE,"structural_absence_boundary_at_zero","ok","",""
"Qiita13631ASD","ASD Dan 2020",23,"fourfold","Coprococcus",0.995,0.99,1,99,100,6315,TRUE,TRUE,TRUE,FALSE,TRUE,TRUE,TRUE,"ok","ok","",""
"Qiita13631ASD","ASD Dan 2020",23,"fourfold","Dialister",0.995,0.99,1,99,100,25410,TRUE,TRUE,FALSE,TRUE,TRUE,TRUE,TRUE,"structural_absence_boundary_at_zero","ok","",""
"Qiita13631ASD","ASD Dan 2020",23,"fourfold","Dorea",0.995,0.99,1,99,100,4795,TRUE,TRUE,FALSE,TRUE,TRUE,TRUE,TRUE,"structural_absence_boundary_at_zero","ok","",""
"Qiita13631ASD","ASD Dan 2020",23,"fourfold","Faecalibacterium",1,1,1,100,100,69495,TRUE,TRUE,FALSE,TRUE,TRUE,TRUE,TRUE,"no_observed_zeros","ok","",""
"Qiita13631ASD","ASD Dan 2020",23,"fourfold","Fusobacterium",0.43,0.33,0.53,33,53,1267,TRUE,TRUE,TRUE,FALSE,TRUE,TRUE,TRUE,"ok","ok","",""
"Qiita13631ASD","ASD Dan 2020",23,"fourfold","Haemophilus",0.93,0.88,0.98,88,98,4352,TRUE,TRUE,FALSE,TRUE,TRUE,TRUE,TRUE,"structural_absence_boundary_at_zero","ok","",""
"Qiita13631ASD","ASD Dan 2020",23,"fourfold","Lachnobacterium",0.61,0.5,0.72,50,72,1065,TRUE,TRUE,TRUE,FALSE,TRUE,TRUE,TRUE,"ok","ok","",""
"Qiita13631ASD","ASD Dan 2020",23,"fourfold","Lachnospira",1,1,1,100,100,21653,TRUE,TRUE,FALSE,TRUE,TRUE,TRUE,TRUE,"no_observed_zeros","ok","",""
"Qiita13631ASD","ASD Dan 2020",23,"fourfold","Megamonas",0.965,0.94,0.99,94,99,17958,TRUE,TRUE,FALSE,TRUE,TRUE,TRUE,TRUE,"structural_absence_boundary_at_zero","ok","",""
"Qiita13631ASD","ASD Dan 2020",23,"fourfold","Megasphaera",0.81,0.71,0.91,71,91,4083,TRUE,TRUE,TRUE,FALSE,TRUE,TRUE,TRUE,"ok","ok","",""
"Qiita13631ASD","ASD Dan 2020",23,"fourfold","Oscillospira",0.995,0.99,1,99,100,10262,TRUE,TRUE,TRUE,FALSE,TRUE,TRUE,TRUE,"ok","ok","",""
"Qiita13631ASD","ASD Dan 2020",23,"fourfold","Parabacteroides",1,1,1,100,100,21758,TRUE,TRUE,FALSE,TRUE,TRUE,TRUE,TRUE,"no_observed_zeros","ok","",""
"Qiita13631ASD","ASD Dan 2020",23,"fourfold","Paraprevotella",0.745,0.62,0.87,62,87,2729,TRUE,TRUE,TRUE,FALSE,TRUE,TRUE,TRUE,"ok","ok","",""
"Qiita13631ASD","ASD Dan 2020",23,"fourfold","Phascolarctobacterium",0.98,0.96,1,96,100,8288,TRUE,TRUE,FALSE,TRUE,TRUE,TRUE,TRUE,"structural_absence_boundary_at_zero","ok","",""
"Qiita13631ASD","ASD Dan 2020",23,"fourfold","Prevotella",0.985,0.98,0.99,98,99,53240,TRUE,TRUE,TRUE,FALSE,TRUE,TRUE,TRUE,"ok","ok","",""
"Qiita13631ASD","ASD Dan 2020",23,"fourfold","Roseburia",0.995,0.99,1,99,100,12089,TRUE,TRUE,FALSE,TRUE,TRUE,TRUE,TRUE,"structural_absence_boundary_at_zero","ok","",""
"Qiita13631ASD","ASD Dan 2020",23,"fourfold","Ruminococcus",1,1,1,100,100,24622,TRUE,TRUE,FALSE,TRUE,TRUE,TRUE,TRUE,"no_observed_zeros","ok","",""
"Qiita13631ASD","ASD Dan 2020",23,"fourfold","Streptococcus",0.945,0.9,0.99,90,99,2428,TRUE,TRUE,FALSE,TRUE,TRUE,TRUE,TRUE,"structural_absence_boundary_at_zero","ok","",""
"Qiita13631ASD","ASD Dan 2020",23,"fourfold","Sutterella",0.995,0.99,1,99,100,11954,TRUE,TRUE,FALSE,TRUE,TRUE,TRUE,TRUE,"structural_absence_boundary_at_zero","ok","",""
"Qiita13631ASD","ASD Dan 2020",23,"fourfold","Veillonella",0.955,0.92,0.99,92,99,5765,TRUE,TRUE,FALSE,TRUE,TRUE,TRUE,TRUE,"structural_absence_boundary_at_zero","ok","",""
"Qiita13631ASD","ASD Dan 2020",24,"balanced","[Prevotella]",0.545,0.57,0.52,57,52,1476,TRUE,TRUE,TRUE,FALSE,TRUE,TRUE,TRUE,"ok","ok","",""
"Qiita13631ASD","ASD Dan 2020",24,"balanced","[Ruminococcus]",1,1,1,100,100,11834,TRUE,TRUE,FALSE,TRUE,TRUE,TRUE,TRUE,"no_observed_zeros","ok","",""
"Qiita13631ASD","ASD Dan 2020",24,"balanced","Akkermansia",0.77,0.78,0.76,78,76,3837,TRUE,TRUE,FALSE,TRUE,TRUE,TRUE,TRUE,"structural_absence_boundary_at_zero","ok","",""
"Qiita13631ASD","ASD Dan 2020",24,"balanced","Anaerostipes",0.965,0.94,0.99,94,99,2543,TRUE,TRUE,TRUE,FALSE,TRUE,TRUE,TRUE,"ok","ok","",""
"Qiita13631ASD","ASD Dan 2020",24,"balanced","Bacteroides",1,1,1,100,100,304591,TRUE,TRUE,FALSE,TRUE,TRUE,TRUE,TRUE,"no_observed_zeros","ok","",""
"Qiita13631ASD","ASD Dan 2020",24,"balanced","Bifidobacterium",0.975,0.97,0.98,97,98,8900,TRUE,TRUE,FALSE,TRUE,TRUE,TRUE,TRUE,"structural_absence_boundary_at_zero","ok","",""
"Qiita13631ASD","ASD Dan 2020",24,"balanced","Bilophila",0.96,0.95,0.97,95,97,1500,TRUE,TRUE,TRUE,FALSE,TRUE,TRUE,TRUE,"ok","ok","",""
"Qiita13631ASD","ASD Dan 2020",24,"balanced","Blautia",1,1,1,100,100,5638,TRUE,TRUE,FALSE,TRUE,TRUE,TRUE,TRUE,"no_observed_zeros","ok","",""
"Qiita13631ASD","ASD Dan 2020",24,"balanced","Clostridium",1,1,1,100,100,8826,TRUE,TRUE,FALSE,TRUE,TRUE,TRUE,TRUE,"no_observed_zeros","ok","",""
"Qiita13631ASD","ASD Dan 2020",24,"balanced","Collinsella",0.705,0.74,0.67,74,67,932,TRUE,TRUE,FALSE,TRUE,TRUE,TRUE,TRUE,"structural_absence_boundary_at_zero","ok","",""
"Qiita13631ASD","ASD Dan 2020",24,"balanced","Coprococcus",1,1,1,100,100,6877,TRUE,TRUE,FALSE,TRUE,TRUE,TRUE,TRUE,"no_observed_zeros","ok","",""
"Qiita13631ASD","ASD Dan 2020",24,"balanced","Dialister",1,1,1,100,100,22610,TRUE,TRUE,FALSE,TRUE,TRUE,TRUE,TRUE,"no_observed_zeros","ok","",""
"Qiita13631ASD","ASD Dan 2020",24,"balanced","Dorea",1,1,1,100,100,5353,TRUE,TRUE,FALSE,TRUE,TRUE,TRUE,TRUE,"no_observed_zeros","ok","",""
"Qiita13631ASD","ASD Dan 2020",24,"balanced","Faecalibacterium",1,1,1,100,100,75094,TRUE,TRUE,FALSE,TRUE,TRUE,TRUE,TRUE,"no_observed_zeros","ok","",""
"Qiita13631ASD","ASD Dan 2020",24,"balanced","Fusobacterium",0.535,0.53,0.54,53,54,1420,TRUE,TRUE,FALSE,TRUE,TRUE,TRUE,TRUE,"structural_absence_boundary_at_zero","ok","",""
"Qiita13631ASD","ASD Dan 2020",24,"balanced","Haemophilus",0.965,0.96,0.97,96,97,4391,TRUE,TRUE,FALSE,TRUE,TRUE,TRUE,TRUE,"structural_absence_boundary_at_zero","ok","",""
"Qiita13631ASD","ASD Dan 2020",24,"balanced","Lachnobacterium",0.695,0.67,0.72,67,72,1129,TRUE,TRUE,TRUE,FALSE,TRUE,TRUE,TRUE,"ok","ok","",""
"Qiita13631ASD","ASD Dan 2020",24,"balanced","Lachnospira",1,1,1,100,100,24228,TRUE,TRUE,FALSE,TRUE,TRUE,TRUE,TRUE,"no_observed_zeros","ok","",""
"Qiita13631ASD","ASD Dan 2020",24,"balanced","Megamonas",1,1,1,100,100,19721,TRUE,TRUE,FALSE,TRUE,TRUE,TRUE,TRUE,"no_observed_zeros","ok","",""
"Qiita13631ASD","ASD Dan 2020",24,"balanced","Megasphaera",0.86,0.91,0.81,91,81,3605,TRUE,TRUE,FALSE,TRUE,TRUE,TRUE,TRUE,"structural_absence_boundary_at_zero","ok","",""
"Qiita13631ASD","ASD Dan 2020",24,"balanced","Oscillospira",0.995,0.99,1,99,100,11281,TRUE,TRUE,TRUE,FALSE,TRUE,TRUE,TRUE,"ok","ok","",""
"Qiita13631ASD","ASD Dan 2020",24,"balanced","Parabacteroides",1,1,1,100,100,23025,TRUE,TRUE,FALSE,TRUE,TRUE,TRUE,TRUE,"no_observed_zeros","ok","",""
"Qiita13631ASD","ASD Dan 2020",24,"balanced","Paraprevotella",0.775,0.75,0.8,75,80,2316,TRUE,TRUE,TRUE,FALSE,TRUE,TRUE,TRUE,"ok","ok","",""
"Qiita13631ASD","ASD Dan 2020",24,"balanced","Phascolarctobacterium",0.995,0.99,1,99,100,9110,TRUE,TRUE,FALSE,TRUE,TRUE,TRUE,TRUE,"structural_absence_boundary_at_zero","ok","",""
"Qiita13631ASD","ASD Dan 2020",24,"balanced","Prevotella",0.995,0.99,1,99,100,54616,TRUE,TRUE,FALSE,TRUE,TRUE,TRUE,TRUE,"structural_absence_boundary_at_zero","ok","",""
"Qiita13631ASD","ASD Dan 2020",24,"balanced","Roseburia",1,1,1,100,100,12213,TRUE,TRUE,FALSE,TRUE,TRUE,TRUE,TRUE,"no_observed_zeros","ok","",""
"Qiita13631ASD","ASD Dan 2020",24,"balanced","Ruminococcus",1,1,1,100,100,27390,TRUE,TRUE,FALSE,TRUE,TRUE,TRUE,TRUE,"no_observed_zeros","ok","",""
"Qiita13631ASD","ASD Dan 2020",24,"balanced","Streptococcus",0.965,0.95,0.98,95,98,2489,TRUE,TRUE,TRUE,FALSE,TRUE,TRUE,TRUE,"ok","ok","",""
"Qiita13631ASD","ASD Dan 2020",24,"balanced","Sutterella",1,1,1,100,100,13354,TRUE,TRUE,FALSE,TRUE,TRUE,TRUE,TRUE,"no_observed_zeros","ok","",""
"Qiita13631ASD","ASD Dan 2020",24,"balanced","Veillonella",1,1,1,100,100,6428,TRUE,TRUE,FALSE,TRUE,TRUE,TRUE,TRUE,"no_observed_zeros","ok","",""
"Qiita13631ASD","ASD Dan 2020",24,"fourfold","[Prevotella]",0.48,0.4,0.56,40,56,1090,TRUE,TRUE,TRUE,FALSE,TRUE,TRUE,TRUE,"ok","ok","",""
"Qiita13631ASD","ASD Dan 2020",24,"fourfold","[Ruminococcus]",1,1,1,100,100,10288,TRUE,TRUE,FALSE,TRUE,TRUE,TRUE,TRUE,"no_observed_zeros","ok","",""
"Qiita13631ASD","ASD Dan 2020",24,"fourfold","Akkermansia",0.67,0.48,0.86,48,86,3137,TRUE,TRUE,FALSE,TRUE,TRUE,TRUE,TRUE,"structural_absence_boundary_at_zero","ok","",""
"Qiita13631ASD","ASD Dan 2020",24,"fourfold","Anaerostipes",0.87,0.78,0.96,78,96,2602,TRUE,TRUE,TRUE,FALSE,TRUE,TRUE,TRUE,"ok","ok","",""
"Qiita13631ASD","ASD Dan 2020",24,"fourfold","Bacteroides",1,1,1,100,100,290514,TRUE,TRUE,FALSE,TRUE,TRUE,TRUE,TRUE,"no_observed_zeros","ok","",""
"Qiita13631ASD","ASD Dan 2020",24,"fourfold","Bifidobacterium",0.93,0.89,0.97,89,97,9591,TRUE,TRUE,FALSE,TRUE,TRUE,TRUE,TRUE,"structural_absence_boundary_at_zero","ok","",""
"Qiita13631ASD","ASD Dan 2020",24,"fourfold","Bilophila",0.915,0.84,0.99,84,99,1389,TRUE,TRUE,FALSE,TRUE,TRUE,TRUE,TRUE,"structural_absence_boundary_at_zero","ok","",""
"Qiita13631ASD","ASD Dan 2020",24,"fourfold","Blautia",0.98,0.96,1,96,100,5131,TRUE,TRUE,FALSE,TRUE,TRUE,TRUE,TRUE,"structural_absence_boundary_at_zero","ok","",""
"Qiita13631ASD","ASD Dan 2020",24,"fourfold","Clostridium",0.995,0.99,1,99,100,7805,TRUE,TRUE,FALSE,TRUE,TRUE,TRUE,TRUE,"structural_absence_boundary_at_zero","ok","",""
"Qiita13631ASD","ASD Dan 2020",24,"fourfold","Collinsella",0.65,0.51,0.79,51,79,811,TRUE,TRUE,FALSE,TRUE,TRUE,TRUE,TRUE,"structural_absence_boundary_at_zero","ok","",""
"Qiita13631ASD","ASD Dan 2020",24,"fourfold","Coprococcus",0.975,0.95,1,95,100,6016,TRUE,TRUE,TRUE,FALSE,TRUE,TRUE,TRUE,"ok","ok","",""
"Qiita13631ASD","ASD Dan 2020",24,"fourfold","Dialister",0.995,0.99,1,99,100,20596,TRUE,TRUE,FALSE,TRUE,TRUE,TRUE,TRUE,"structural_absence_boundary_at_zero","ok","",""
"Qiita13631ASD","ASD Dan 2020",24,"fourfold","Dorea",0.99,0.98,1,98,100,4953,TRUE,TRUE,FALSE,TRUE,TRUE,TRUE,TRUE,"structural_absence_boundary_at_zero","ok","",""
"Qiita13631ASD","ASD Dan 2020",24,"fourfold","Faecalibacterium",1,1,1,100,100,77736,TRUE,TRUE,FALSE,TRUE,TRUE,TRUE,TRUE,"no_observed_zeros","ok","",""
"Qiita13631ASD","ASD Dan 2020",24,"fourfold","Fusobacterium",0.46,0.34,0.58,34,58,1531,TRUE,TRUE,FALSE,TRUE,TRUE,TRUE,TRUE,"structural_absence_boundary_at_zero","ok","",""
"Qiita13631ASD","ASD Dan 2020",24,"fourfold","Haemophilus",0.905,0.82,0.99,82,99,4262,TRUE,TRUE,FALSE,TRUE,TRUE,TRUE,TRUE,"structural_absence_boundary_at_zero","ok","",""
"Qiita13631ASD","ASD Dan 2020",24,"fourfold","Lachnobacterium",0.64,0.5,0.78,50,78,1094,TRUE,TRUE,TRUE,FALSE,TRUE,TRUE,TRUE,"ok","ok","",""
"Qiita13631ASD","ASD Dan 2020",24,"fourfold","Lachnospira",1,1,1,100,100,21498,TRUE,TRUE,FALSE,TRUE,TRUE,TRUE,TRUE,"no_observed_zeros","ok","",""
"Qiita13631ASD","ASD Dan 2020",24,"fourfold","Megamonas",0.97,0.95,0.99,95,99,17263,TRUE,TRUE,FALSE,TRUE,TRUE,TRUE,TRUE,"structural_absence_boundary_at_zero","ok","",""
"Qiita13631ASD","ASD Dan 2020",24,"fourfold","Megasphaera",0.84,0.77,0.91,77,91,2536,TRUE,TRUE,FALSE,TRUE,TRUE,TRUE,TRUE,"structural_absence_boundary_at_zero","ok","",""
"Qiita13631ASD","ASD Dan 2020",24,"fourfold","Oscillospira",0.995,0.99,1,99,100,9850,TRUE,TRUE,TRUE,FALSE,TRUE,TRUE,TRUE,"ok","ok","",""
"Qiita13631ASD","ASD Dan 2020",24,"fourfold","Parabacteroides",1,1,1,100,100,21363,TRUE,TRUE,FALSE,TRUE,TRUE,TRUE,TRUE,"no_observed_zeros","ok","",""
"Qiita13631ASD","ASD Dan 2020",24,"fourfold","Paraprevotella",0.725,0.62,0.83,62,83,2234,TRUE,TRUE,TRUE,FALSE,TRUE,TRUE,TRUE,"ok","ok","",""
"Qiita13631ASD","ASD Dan 2020",24,"fourfold","Phascolarctobacterium",0.985,0.97,1,97,100,8545,TRUE,TRUE,FALSE,TRUE,TRUE,TRUE,TRUE,"structural_absence_boundary_at_zero","ok","",""
"Qiita13631ASD","ASD Dan 2020",24,"fourfold","Prevotella",0.985,0.97,1,97,100,37230,TRUE,TRUE,FALSE,TRUE,TRUE,TRUE,TRUE,"structural_absence_boundary_at_zero","ok","",""
"Qiita13631ASD","ASD Dan 2020",24,"fourfold","Roseburia",0.985,0.97,1,97,100,11960,TRUE,TRUE,TRUE,FALSE,TRUE,TRUE,TRUE,"ok","ok","",""
"Qiita13631ASD","ASD Dan 2020",24,"fourfold","Ruminococcus",0.995,0.99,1,99,100,24460,TRUE,TRUE,TRUE,FALSE,TRUE,TRUE,TRUE,"ok","ok","",""
"Qiita13631ASD","ASD Dan 2020",24,"fourfold","Streptococcus",0.935,0.88,0.99,88,99,2306,TRUE,TRUE,FALSE,TRUE,TRUE,TRUE,TRUE,"structural_absence_boundary_at_zero","ok","",""
"Qiita13631ASD","ASD Dan 2020",24,"fourfold","Sutterella",1,1,1,100,100,13216,TRUE,TRUE,FALSE,TRUE,TRUE,TRUE,TRUE,"no_observed_zeros","ok","",""
"Qiita13631ASD","ASD Dan 2020",24,"fourfold","Veillonella",0.945,0.89,1,89,100,4905,TRUE,TRUE,FALSE,TRUE,TRUE,TRUE,TRUE,"structural_absence_boundary_at_zero","ok","",""
"Qiita13631ASD","ASD Dan 2020",25,"balanced","[Prevotella]",0.545,0.53,0.56,53,56,1214,TRUE,TRUE,TRUE,FALSE,TRUE,TRUE,TRUE,"ok","ok","",""
"Qiita13631ASD","ASD Dan 2020",25,"balanced","[Ruminococcus]",1,1,1,100,100,11692,TRUE,TRUE,FALSE,TRUE,TRUE,TRUE,TRUE,"no_observed_zeros","ok","",""
"Qiita13631ASD","ASD Dan 2020",25,"balanced","Akkermansia",0.74,0.78,0.7,78,70,4765,TRUE,TRUE,FALSE,TRUE,TRUE,TRUE,TRUE,"structural_absence_boundary_at_zero","ok","",""
"Qiita13631ASD","ASD Dan 2020",25,"balanced","Anaerostipes",0.97,0.96,0.98,96,98,2559,TRUE,TRUE,TRUE,FALSE,TRUE,TRUE,TRUE,"ok","ok","",""
"Qiita13631ASD","ASD Dan 2020",25,"balanced","Bacteroides",1,1,1,100,100,297343,TRUE,TRUE,FALSE,TRUE,TRUE,TRUE,TRUE,"no_observed_zeros","ok","",""
"Qiita13631ASD","ASD Dan 2020",25,"balanced","Bifidobacterium",0.965,0.99,0.94,99,94,9381,TRUE,TRUE,FALSE,TRUE,TRUE,TRUE,TRUE,"structural_absence_boundary_at_zero","ok","",""
"Qiita13631ASD","ASD Dan 2020",25,"balanced","Bilophila",0.95,0.97,0.93,97,93,1520,TRUE,TRUE,FALSE,TRUE,TRUE,TRUE,TRUE,"structural_absence_boundary_at_zero","ok","",""
"Qiita13631ASD","ASD Dan 2020",25,"balanced","Blautia",1,1,1,100,100,5325,TRUE,TRUE,FALSE,TRUE,TRUE,TRUE,TRUE,"no_observed_zeros","ok","",""
"Qiita13631ASD","ASD Dan 2020",25,"balanced","Clostridium",1,1,1,100,100,8059,TRUE,TRUE,FALSE,TRUE,TRUE,TRUE,TRUE,"no_observed_zeros","ok","",""
"Qiita13631ASD","ASD Dan 2020",25,"balanced","Collinsella",0.695,0.68,0.71,68,71,721,TRUE,TRUE,FALSE,TRUE,TRUE,TRUE,TRUE,"structural_absence_boundary_at_zero","ok","",""
"Qiita13631ASD","ASD Dan 2020",25,"balanced","Coprococcus",1,1,1,100,100,6614,TRUE,TRUE,FALSE,TRUE,TRUE,TRUE,TRUE,"no_observed_zeros","ok","",""
"Qiita13631ASD","ASD Dan 2020",25,"balanced","Dialister",1,1,1,100,100,22927,TRUE,TRUE,FALSE,TRUE,TRUE,TRUE,TRUE,"no_observed_zeros","ok","",""
"Qiita13631ASD","ASD Dan 2020",25,"balanced","Dorea",0.995,0.99,1,99,100,5029,TRUE,TRUE,TRUE,FALSE,TRUE,TRUE,TRUE,"ok","ok","",""
"Qiita13631ASD","ASD Dan 2020",25,"balanced","Faecalibacterium",1,1,1,100,100,70150,TRUE,TRUE,FALSE,TRUE,TRUE,TRUE,TRUE,"no_observed_zeros","ok","",""
"Qiita13631ASD","ASD Dan 2020",25,"balanced","Fusobacterium",0.51,0.54,0.48,54,48,1947,TRUE,TRUE,TRUE,FALSE,TRUE,TRUE,TRUE,"ok","ok","",""
"Qiita13631ASD","ASD Dan 2020",25,"balanced","Haemophilus",0.965,0.95,0.98,95,98,4289,TRUE,TRUE,FALSE,TRUE,TRUE,TRUE,TRUE,"structural_absence_boundary_at_zero","ok","",""
"Qiita13631ASD","ASD Dan 2020",25,"balanced","Lachnobacterium",0.74,0.78,0.7,78,70,1027,TRUE,TRUE,TRUE,FALSE,TRUE,TRUE,TRUE,"ok","ok","",""
"Qiita13631ASD","ASD Dan 2020",25,"balanced","Lachnospira",1,1,1,100,100,24412,TRUE,TRUE,FALSE,TRUE,TRUE,TRUE,TRUE,"no_observed_zeros","ok","",""
"Qiita13631ASD","ASD Dan 2020",25,"balanced","Megamonas",1,1,1,100,100,15824,TRUE,TRUE,FALSE,TRUE,TRUE,TRUE,TRUE,"no_observed_zeros","ok","",""
"Qiita13631ASD","ASD Dan 2020",25,"balanced","Megasphaera",0.865,0.89,0.84,89,84,3415,TRUE,TRUE,FALSE,TRUE,TRUE,TRUE,TRUE,"structural_absence_boundary_at_zero","ok","",""
"Qiita13631ASD","ASD Dan 2020",25,"balanced","Oscillospira",1,1,1,100,100,10559,TRUE,TRUE,FALSE,TRUE,TRUE,TRUE,TRUE,"no_observed_zeros","ok","",""
"Qiita13631ASD","ASD Dan 2020",25,"balanced","Parabacteroides",1,1,1,100,100,21624,TRUE,TRUE,FALSE,TRUE,TRUE,TRUE,TRUE,"no_observed_zeros","ok","",""
"Qiita13631ASD","ASD Dan 2020",25,"balanced","Paraprevotella",0.805,0.79,0.82,79,82,2420,TRUE,TRUE,TRUE,FALSE,TRUE,TRUE,TRUE,"ok","ok","",""
"Qiita13631ASD","ASD Dan 2020",25,"balanced","Phascolarctobacterium",0.99,0.98,1,98,100,9951,TRUE,TRUE,FALSE,TRUE,TRUE,TRUE,TRUE,"structural_absence_boundary_at_zero","ok","",""
"Qiita13631ASD","ASD Dan 2020",25,"balanced","Prevotella",0.995,1,0.99,100,99,49273,TRUE,TRUE,FALSE,TRUE,TRUE,TRUE,TRUE,"structural_absence_boundary_at_zero","ok","",""
"Qiita13631ASD","ASD Dan 2020",25,"balanced","Roseburia",1,1,1,100,100,12045,TRUE,TRUE,FALSE,TRUE,TRUE,TRUE,TRUE,"no_observed_zeros","ok","",""
"Qiita13631ASD","ASD Dan 2020",25,"balanced","Ruminococcus",1,1,1,100,100,26645,TRUE,TRUE,FALSE,TRUE,TRUE,TRUE,TRUE,"no_observed_zeros","ok","",""
"Qiita13631ASD","ASD Dan 2020",25,"balanced","Streptococcus",0.975,0.98,0.97,98,97,2370,TRUE,TRUE,FALSE,TRUE,TRUE,TRUE,TRUE,"structural_absence_boundary_at_zero","ok","",""
"Qiita13631ASD","ASD Dan 2020",25,"balanced","Sutterella",1,1,1,100,100,14040,TRUE,TRUE,FALSE,TRUE,TRUE,TRUE,TRUE,"no_observed_zeros","ok","",""
"Qiita13631ASD","ASD Dan 2020",25,"balanced","Veillonella",0.985,0.98,0.99,98,99,6310,TRUE,TRUE,FALSE,TRUE,TRUE,TRUE,TRUE,"structural_absence_boundary_at_zero","ok","",""
"Qiita13631ASD","ASD Dan 2020",25,"fourfold","[Prevotella]",0.51,0.45,0.57,45,57,1261,TRUE,TRUE,TRUE,FALSE,TRUE,TRUE,TRUE,"ok","ok","",""
"Qiita13631ASD","ASD Dan 2020",25,"fourfold","[Ruminococcus]",1,1,1,100,100,11711,TRUE,TRUE,FALSE,TRUE,TRUE,TRUE,TRUE,"no_observed_zeros","ok","",""
"Qiita13631ASD","ASD Dan 2020",25,"fourfold","Akkermansia",0.735,0.61,0.86,61,86,2419,TRUE,TRUE,FALSE,TRUE,TRUE,TRUE,TRUE,"structural_absence_boundary_at_zero","ok","",""
"Qiita13631ASD","ASD Dan 2020",25,"fourfold","Anaerostipes",0.93,0.87,0.99,87,99,2485,TRUE,TRUE,TRUE,FALSE,TRUE,TRUE,TRUE,"ok","ok","",""
"Qiita13631ASD","ASD Dan 2020",25,"fourfold","Bacteroides",1,1,1,100,100,282367,TRUE,TRUE,FALSE,TRUE,TRUE,TRUE,TRUE,"no_observed_zeros","ok","",""
"Qiita13631ASD","ASD Dan 2020",25,"fourfold","Bifidobacterium",0.93,0.87,0.99,87,99,10856,TRUE,TRUE,FALSE,TRUE,TRUE,TRUE,TRUE,"structural_absence_boundary_at_zero","ok","",""
"Qiita13631ASD","ASD Dan 2020",25,"fourfold","Bilophila",0.915,0.85,0.98,85,98,1279,TRUE,TRUE,FALSE,TRUE,TRUE,TRUE,TRUE,"structural_absence_boundary_at_zero","ok","",""
"Qiita13631ASD","ASD Dan 2020",25,"fourfold","Blautia",0.975,0.95,1,95,100,5478,TRUE,TRUE,TRUE,FALSE,TRUE,TRUE,TRUE,"ok","ok","",""
"Qiita13631ASD","ASD Dan 2020",25,"fourfold","Clostridium",1,1,1,100,100,8175,TRUE,TRUE,FALSE,TRUE,TRUE,TRUE,TRUE,"no_observed_zeros","ok","",""
"Qiita13631ASD","ASD Dan 2020",25,"fourfold","Collinsella",0.69,0.49,0.89,49,89,927,TRUE,TRUE,FALSE,TRUE,TRUE,TRUE,TRUE,"structural_absence_boundary_at_zero","ok","",""
"Qiita13631ASD","ASD Dan 2020",25,"fourfold","Coprococcus",0.99,0.98,1,98,100,6407,TRUE,TRUE,TRUE,FALSE,TRUE,TRUE,TRUE,"ok","ok","",""
"Qiita13631ASD","ASD Dan 2020",25,"fourfold","Dialister",1,1,1,100,100,26955,TRUE,TRUE,FALSE,TRUE,TRUE,TRUE,TRUE,"no_observed_zeros","ok","",""
"Qiita13631ASD","ASD Dan 2020",25,"fourfold","Dorea",0.995,0.99,1,99,100,4995,TRUE,TRUE,TRUE,FALSE,TRUE,TRUE,TRUE,"ok","ok","",""
"Qiita13631ASD","ASD Dan 2020",25,"fourfold","Faecalibacterium",1,1,1,100,100,71111,TRUE,TRUE,FALSE,TRUE,TRUE,TRUE,TRUE,"no_observed_zeros","ok","",""
"Qiita13631ASD","ASD Dan 2020",25,"fourfold","Fusobacterium",0.475,0.36,0.59,36,59,1431,TRUE,TRUE,FALSE,TRUE,TRUE,TRUE,TRUE,"structural_absence_boundary_at_zero","ok","",""
"Qiita13631ASD","ASD Dan 2020",25,"fourfold","Haemophilus",0.93,0.86,1,86,100,4175,TRUE,TRUE,FALSE,TRUE,TRUE,TRUE,TRUE,"structural_absence_boundary_at_zero","ok","",""
"Qiita13631ASD","ASD Dan 2020",25,"fourfold","Lachnobacterium",0.705,0.59,0.82,59,82,1329,TRUE,TRUE,TRUE,FALSE,TRUE,TRUE,TRUE,"ok","ok","",""
"Qiita13631ASD","ASD Dan 2020",25,"fourfold","Lachnospira",1,1,1,100,100,23088,TRUE,TRUE,FALSE,TRUE,TRUE,TRUE,TRUE,"no_observed_zeros","ok","",""
"Qiita13631ASD","ASD Dan 2020",25,"fourfold","Megamonas",0.975,0.95,1,95,100,16942,TRUE,TRUE,FALSE,TRUE,TRUE,TRUE,TRUE,"structural_absence_boundary_at_zero","ok","",""
"Qiita13631ASD","ASD Dan 2020",25,"fourfold","Megasphaera",0.78,0.68,0.88,68,88,2674,TRUE,TRUE,FALSE,TRUE,TRUE,TRUE,TRUE,"structural_absence_boundary_at_zero","ok","",""
"Qiita13631ASD","ASD Dan 2020",25,"fourfold","Oscillospira",1,1,1,100,100,10432,TRUE,TRUE,FALSE,TRUE,TRUE,TRUE,TRUE,"no_observed_zeros","ok","",""
"Qiita13631ASD","ASD Dan 2020",25,"fourfold","Parabacteroides",1,1,1,100,100,21309,TRUE,TRUE,FALSE,TRUE,TRUE,TRUE,TRUE,"no_observed_zeros","ok","",""
"Qiita13631ASD","ASD Dan 2020",25,"fourfold","Paraprevotella",0.735,0.66,0.81,66,81,1697,TRUE,TRUE,TRUE,FALSE,TRUE,TRUE,TRUE,"ok","ok","",""
"Qiita13631ASD","ASD Dan 2020",25,"fourfold","Phascolarctobacterium",0.97,0.94,1,94,100,8306,TRUE,TRUE,FALSE,TRUE,TRUE,TRUE,TRUE,"structural_absence_boundary_at_zero","ok","",""
"Qiita13631ASD","ASD Dan 2020",25,"fourfold","Prevotella",0.99,0.98,1,98,100,47579,TRUE,TRUE,FALSE,TRUE,TRUE,TRUE,TRUE,"structural_absence_boundary_at_zero","ok","",""
"Qiita13631ASD","ASD Dan 2020",25,"fourfold","Roseburia",0.995,0.99,1,99,100,12813,TRUE,TRUE,TRUE,FALSE,TRUE,TRUE,TRUE,"ok","ok","",""
"Qiita13631ASD","ASD Dan 2020",25,"fourfold","Ruminococcus",0.995,0.99,1,99,100,26536,TRUE,TRUE,TRUE,FALSE,TRUE,TRUE,TRUE,"ok","ok","",""
"Qiita13631ASD","ASD Dan 2020",25,"fourfold","Streptococcus",0.93,0.86,1,86,100,2291,TRUE,TRUE,FALSE,TRUE,TRUE,TRUE,TRUE,"structural_absence_boundary_at_zero","ok","",""
"Qiita13631ASD","ASD Dan 2020",25,"fourfold","Sutterella",1,1,1,100,100,13652,TRUE,TRUE,FALSE,TRUE,TRUE,TRUE,TRUE,"no_observed_zeros","ok","",""
"Qiita13631ASD","ASD Dan 2020",25,"fourfold","Veillonella",0.95,0.9,1,90,100,6721,TRUE,TRUE,FALSE,TRUE,TRUE,TRUE,TRUE,"structural_absence_boundary_at_zero","ok","",""
"Qiita13631ASD","ASD Dan 2020",26,"balanced","[Prevotella]",0.525,0.54,0.51,54,51,1382,TRUE,TRUE,TRUE,FALSE,TRUE,TRUE,TRUE,"ok","ok","",""
"Qiita13631ASD","ASD Dan 2020",26,"balanced","[Ruminococcus]",1,1,1,100,100,12095,TRUE,TRUE,FALSE,TRUE,TRUE,TRUE,TRUE,"no_observed_zeros","ok","",""
"Qiita13631ASD","ASD Dan 2020",26,"balanced","Akkermansia",0.74,0.79,0.69,79,69,3735,TRUE,TRUE,FALSE,TRUE,TRUE,TRUE,TRUE,"structural_absence_boundary_at_zero","ok","",""
"Qiita13631ASD","ASD Dan 2020",26,"balanced","Anaerostipes",0.935,0.9,0.97,90,97,2784,TRUE,TRUE,TRUE,FALSE,TRUE,TRUE,TRUE,"ok","ok","",""
"Qiita13631ASD","ASD Dan 2020",26,"balanced","Bacteroides",1,1,1,100,100,313635,TRUE,TRUE,FALSE,TRUE,TRUE,TRUE,TRUE,"no_observed_zeros","ok","",""
"Qiita13631ASD","ASD Dan 2020",26,"balanced","Bifidobacterium",0.98,0.98,0.98,98,98,8720,TRUE,TRUE,FALSE,TRUE,TRUE,TRUE,TRUE,"structural_absence_boundary_at_zero","ok","",""
"Qiita13631ASD","ASD Dan 2020",26,"balanced","Bilophila",0.955,0.96,0.95,96,95,1533,TRUE,TRUE,TRUE,FALSE,TRUE,TRUE,TRUE,"ok","ok","",""
"Qiita13631ASD","ASD Dan 2020",26,"balanced","Blautia",1,1,1,100,100,6560,TRUE,TRUE,FALSE,TRUE,TRUE,TRUE,TRUE,"no_observed_zeros","ok","",""
"Qiita13631ASD","ASD Dan 2020",26,"balanced","Clostridium",0.995,1,0.99,100,99,9368,TRUE,TRUE,FALSE,TRUE,TRUE,TRUE,TRUE,"structural_absence_boundary_at_zero","ok","",""
"Qiita13631ASD","ASD Dan 2020",26,"balanced","Collinsella",0.735,0.73,0.74,73,74,817,TRUE,TRUE,FALSE,TRUE,TRUE,TRUE,TRUE,"structural_absence_boundary_at_zero","ok","",""
"Qiita13631ASD","ASD Dan 2020",26,"balanced","Coprococcus",0.99,1,0.98,100,98,6686,TRUE,TRUE,TRUE,FALSE,TRUE,TRUE,TRUE,"ok","ok","",""
"Qiita13631ASD","ASD Dan 2020",26,"balanced","Dialister",1,1,1,100,100,25114,TRUE,TRUE,FALSE,TRUE,TRUE,TRUE,TRUE,"no_observed_zeros","ok","",""
"Qiita13631ASD","ASD Dan 2020",26,"balanced","Dorea",0.995,0.99,1,99,100,5717,TRUE,TRUE,TRUE,FALSE,TRUE,TRUE,TRUE,"ok","ok","",""
"Qiita13631ASD","ASD Dan 2020",26,"balanced","Faecalibacterium",1,1,1,100,100,73826,TRUE,TRUE,FALSE,TRUE,TRUE,TRUE,TRUE,"no_observed_zeros","ok","",""
"Qiita13631ASD","ASD Dan 2020",26,"balanced","Fusobacterium",0.505,0.5,0.51,50,51,1788,TRUE,TRUE,FALSE,TRUE,TRUE,TRUE,TRUE,"structural_absence_boundary_at_zero","ok","",""
"Qiita13631ASD","ASD Dan 2020",26,"balanced","Haemophilus",0.955,0.98,0.93,98,93,5156,TRUE,TRUE,FALSE,TRUE,TRUE,TRUE,TRUE,"structural_absence_boundary_at_zero","ok","",""
"Qiita13631ASD","ASD Dan 2020",26,"balanced","Lachnobacterium",0.74,0.72,0.76,72,76,1187,TRUE,TRUE,TRUE,FALSE,TRUE,TRUE,TRUE,"ok","ok","",""
"Qiita13631ASD","ASD Dan 2020",26,"balanced","Lachnospira",1,1,1,100,100,26494,TRUE,TRUE,FALSE,TRUE,TRUE,TRUE,TRUE,"no_observed_zeros","ok","",""
"Qiita13631ASD","ASD Dan 2020",26,"balanced","Megamonas",0.995,1,0.99,100,99,19485,TRUE,TRUE,FALSE,TRUE,TRUE,TRUE,TRUE,"structural_absence_boundary_at_zero","ok","",""
"Qiita13631ASD","ASD Dan 2020",26,"balanced","Megasphaera",0.84,0.85,0.83,85,83,3648,TRUE,TRUE,FALSE,TRUE,TRUE,TRUE,TRUE,"structural_absence_boundary_at_zero","ok","",""
"Qiita13631ASD","ASD Dan 2020",26,"balanced","Oscillospira",1,1,1,100,100,11550,TRUE,TRUE,FALSE,TRUE,TRUE,TRUE,TRUE,"no_observed_zeros","ok","",""
"Qiita13631ASD","ASD Dan 2020",26,"balanced","Parabacteroides",1,1,1,100,100,23137,TRUE,TRUE,FALSE,TRUE,TRUE,TRUE,TRUE,"no_observed_zeros","ok","",""
"Qiita13631ASD","ASD Dan 2020",26,"balanced","Paraprevotella",0.805,0.8,0.81,80,81,2205,TRUE,TRUE,TRUE,FALSE,TRUE,TRUE,TRUE,"ok","ok","",""
"Qiita13631ASD","ASD Dan 2020",26,"balanced","Phascolarctobacterium",1,1,1,100,100,9802,TRUE,TRUE,FALSE,TRUE,TRUE,TRUE,TRUE,"no_observed_zeros","ok","",""
"Qiita13631ASD","ASD Dan 2020",26,"balanced","Prevotella",0.995,1,0.99,100,99,46357,TRUE,TRUE,FALSE,TRUE,TRUE,TRUE,TRUE,"structural_absence_boundary_at_zero","ok","",""
"Qiita13631ASD","ASD Dan 2020",26,"balanced","Roseburia",1,1,1,100,100,12397,TRUE,TRUE,FALSE,TRUE,TRUE,TRUE,TRUE,"no_observed_zeros","ok","",""
"Qiita13631ASD","ASD Dan 2020",26,"balanced","Ruminococcus",1,1,1,100,100,28060,TRUE,TRUE,FALSE,TRUE,TRUE,TRUE,TRUE,"no_observed_zeros","ok","",""
"Qiita13631ASD","ASD Dan 2020",26,"balanced","Streptococcus",0.98,0.98,0.98,98,98,2463,TRUE,TRUE,FALSE,TRUE,TRUE,TRUE,TRUE,"structural_absence_boundary_at_zero","ok","",""
"Qiita13631ASD","ASD Dan 2020",26,"balanced","Sutterella",1,1,1,100,100,14196,TRUE,TRUE,FALSE,TRUE,TRUE,TRUE,TRUE,"no_observed_zeros","ok","",""
"Qiita13631ASD","ASD Dan 2020",26,"balanced","Veillonella",0.99,0.98,1,98,100,6600,TRUE,TRUE,FALSE,TRUE,TRUE,TRUE,TRUE,"structural_absence_boundary_at_zero","ok","",""
"Qiita13631ASD","ASD Dan 2020",26,"fourfold","[Prevotella]",0.46,0.38,0.54,38,54,1370,TRUE,TRUE,TRUE,FALSE,TRUE,TRUE,TRUE,"ok","ok","",""
"Qiita13631ASD","ASD Dan 2020",26,"fourfold","[Ruminococcus]",0.995,0.99,1,99,100,11309,TRUE,TRUE,FALSE,TRUE,TRUE,TRUE,TRUE,"structural_absence_boundary_at_zero","ok","",""
"Qiita13631ASD","ASD Dan 2020",26,"fourfold","Akkermansia",0.685,0.51,0.86,51,86,2833,TRUE,TRUE,FALSE,TRUE,TRUE,TRUE,TRUE,"structural_absence_boundary_at_zero","ok","",""
"Qiita13631ASD","ASD Dan 2020",26,"fourfold","Anaerostipes",0.93,0.87,0.99,87,99,2694,TRUE,TRUE,FALSE,TRUE,TRUE,TRUE,TRUE,"structural_absence_boundary_at_zero","ok","",""
"Qiita13631ASD","ASD Dan 2020",26,"fourfold","Bacteroides",1,1,1,100,100,299193,TRUE,TRUE,FALSE,TRUE,TRUE,TRUE,TRUE,"no_observed_zeros","ok","",""
"Qiita13631ASD","ASD Dan 2020",26,"fourfold","Bifidobacterium",0.935,0.88,0.99,88,99,9274,TRUE,TRUE,FALSE,TRUE,TRUE,TRUE,TRUE,"structural_absence_boundary_at_zero","ok","",""
"Qiita13631ASD","ASD Dan 2020",26,"fourfold","Bilophila",0.875,0.75,1,75,100,1513,TRUE,TRUE,TRUE,FALSE,TRUE,TRUE,TRUE,"ok","ok","",""
"Qiita13631ASD","ASD Dan 2020",26,"fourfold","Blautia",0.985,0.97,1,97,100,5152,TRUE,TRUE,TRUE,FALSE,TRUE,TRUE,TRUE,"ok","ok","",""
"Qiita13631ASD","ASD Dan 2020",26,"fourfold","Clostridium",0.99,0.98,1,98,100,7660,TRUE,TRUE,FALSE,TRUE,TRUE,TRUE,TRUE,"structural_absence_boundary_at_zero","ok","",""
"Qiita13631ASD","ASD Dan 2020",26,"fourfold","Collinsella",0.59,0.41,0.77,41,77,1004,TRUE,TRUE,FALSE,TRUE,TRUE,TRUE,TRUE,"structural_absence_boundary_at_zero","ok","",""
"Qiita13631ASD","ASD Dan 2020",26,"fourfold","Coprococcus",0.985,0.97,1,97,100,6837,TRUE,TRUE,FALSE,TRUE,TRUE,TRUE,TRUE,"structural_absence_boundary_at_zero","ok","",""
"Qiita13631ASD","ASD Dan 2020",26,"fourfold","Dialister",1,1,1,100,100,21081,TRUE,TRUE,FALSE,TRUE,TRUE,TRUE,TRUE,"no_observed_zeros","ok","",""
"Qiita13631ASD","ASD Dan 2020",26,"fourfold","Dorea",0.97,0.94,1,94,100,4875,TRUE,TRUE,FALSE,TRUE,TRUE,TRUE,TRUE,"structural_absence_boundary_at_zero","ok","",""
"Qiita13631ASD","ASD Dan 2020",26,"fourfold","Faecalibacterium",1,1,1,100,100,72051,TRUE,TRUE,FALSE,TRUE,TRUE,TRUE,TRUE,"no_observed_zeros","ok","",""
"Qiita13631ASD","ASD Dan 2020",26,"fourfold","Fusobacterium",0.465,0.33,0.6,33,60,1928,TRUE,TRUE,FALSE,TRUE,TRUE,TRUE,TRUE,"structural_absence_boundary_at_zero","ok","",""
"Qiita13631ASD","ASD Dan 2020",26,"fourfold","Haemophilus",0.92,0.86,0.98,86,98,4207,TRUE,TRUE,FALSE,TRUE,TRUE,TRUE,TRUE,"structural_absence_boundary_at_zero","ok","",""
"Qiita13631ASD","ASD Dan 2020",26,"fourfold","Lachnobacterium",0.61,0.47,0.75,47,75,994,TRUE,TRUE,TRUE,FALSE,TRUE,TRUE,TRUE,"ok","ok","",""
"Qiita13631ASD","ASD Dan 2020",26,"fourfold","Lachnospira",1,1,1,100,100,25335,TRUE,TRUE,FALSE,TRUE,TRUE,TRUE,TRUE,"no_observed_zeros","ok","",""
"Qiita13631ASD","ASD Dan 2020",26,"fourfold","Megamonas",0.97,0.94,1,94,100,16864,TRUE,TRUE,FALSE,TRUE,TRUE,TRUE,TRUE,"structural_absence_boundary_at_zero","ok","",""
"Qiita13631ASD","ASD Dan 2020",26,"fourfold","Megasphaera",0.81,0.7,0.92,70,92,2589,TRUE,TRUE,FALSE,TRUE,TRUE,TRUE,TRUE,"structural_absence_boundary_at_zero","ok","",""
"Qiita13631ASD","ASD Dan 2020",26,"fourfold","Oscillospira",0.995,0.99,1,99,100,10486,TRUE,TRUE,TRUE,FALSE,TRUE,TRUE,TRUE,"ok","ok","",""
"Qiita13631ASD","ASD Dan 2020",26,"fourfold","Parabacteroides",1,1,1,100,100,22152,TRUE,TRUE,FALSE,TRUE,TRUE,TRUE,TRUE,"no_observed_zeros","ok","",""
"Qiita13631ASD","ASD Dan 2020",26,"fourfold","Paraprevotella",0.76,0.64,0.88,64,88,2145,TRUE,TRUE,FALSE,TRUE,TRUE,TRUE,TRUE,"structural_absence_boundary_at_zero","ok","",""
"Qiita13631ASD","ASD Dan 2020",26,"fourfold","Phascolarctobacterium",0.99,0.98,1,98,100,9321,TRUE,TRUE,FALSE,TRUE,TRUE,TRUE,TRUE,"structural_absence_boundary_at_zero","ok","",""
"Qiita13631ASD","ASD Dan 2020",26,"fourfold","Prevotella",1,1,1,100,100,43466,TRUE,TRUE,FALSE,TRUE,TRUE,TRUE,TRUE,"no_observed_zeros","ok","",""
"Qiita13631ASD","ASD Dan 2020",26,"fourfold","Roseburia",0.99,0.98,1,98,100,12096,TRUE,TRUE,FALSE,TRUE,TRUE,TRUE,TRUE,"structural_absence_boundary_at_zero","ok","",""
"Qiita13631ASD","ASD Dan 2020",26,"fourfold","Ruminococcus",1,1,1,100,100,25486,TRUE,TRUE,FALSE,TRUE,TRUE,TRUE,TRUE,"no_observed_zeros","ok","",""
"Qiita13631ASD","ASD Dan 2020",26,"fourfold","Streptococcus",0.9,0.83,0.97,83,97,2572,TRUE,TRUE,FALSE,TRUE,TRUE,TRUE,TRUE,"structural_absence_boundary_at_zero","ok","",""
"Qiita13631ASD","ASD Dan 2020",26,"fourfold","Sutterella",0.995,0.99,1,99,100,12600,TRUE,TRUE,FALSE,TRUE,TRUE,TRUE,TRUE,"structural_absence_boundary_at_zero","ok","",""
"Qiita13631ASD","ASD Dan 2020",26,"fourfold","Veillonella",0.98,0.96,1,96,100,5977,TRUE,TRUE,FALSE,TRUE,TRUE,TRUE,TRUE,"structural_absence_boundary_at_zero","ok","",""
"Qiita13631ASD","ASD Dan 2020",27,"balanced","[Prevotella]",0.49,0.51,0.47,51,47,1456,TRUE,TRUE,TRUE,FALSE,TRUE,TRUE,TRUE,"ok","ok","",""
"Qiita13631ASD","ASD Dan 2020",27,"balanced","[Ruminococcus]",1,1,1,100,100,11679,TRUE,TRUE,FALSE,TRUE,TRUE,TRUE,TRUE,"no_observed_zeros","ok","",""
"Qiita13631ASD","ASD Dan 2020",27,"balanced","Akkermansia",0.76,0.81,0.71,81,71,2870,TRUE,TRUE,FALSE,TRUE,TRUE,TRUE,TRUE,"structural_absence_boundary_at_zero","ok","",""
"Qiita13631ASD","ASD Dan 2020",27,"balanced","Anaerostipes",0.96,0.96,0.96,96,96,2438,TRUE,TRUE,TRUE,FALSE,TRUE,TRUE,TRUE,"ok","ok","",""
"Qiita13631ASD","ASD Dan 2020",27,"balanced","Bacteroides",1,1,1,100,100,304620,TRUE,TRUE,FALSE,TRUE,TRUE,TRUE,TRUE,"no_observed_zeros","ok","",""
"Qiita13631ASD","ASD Dan 2020",27,"balanced","Bifidobacterium",0.97,0.96,0.98,96,98,8530,TRUE,TRUE,FALSE,TRUE,TRUE,TRUE,TRUE,"structural_absence_boundary_at_zero","ok","",""
"Qiita13631ASD","ASD Dan 2020",27,"balanced","Bilophila",0.96,0.97,0.95,97,95,1473,TRUE,TRUE,FALSE,TRUE,TRUE,TRUE,TRUE,"structural_absence_boundary_at_zero","ok","",""
"Qiita13631ASD","ASD Dan 2020",27,"balanced","Blautia",1,1,1,100,100,5283,TRUE,TRUE,FALSE,TRUE,TRUE,TRUE,TRUE,"no_observed_zeros","ok","",""
"Qiita13631ASD","ASD Dan 2020",27,"balanced","Clostridium",1,1,1,100,100,8305,TRUE,TRUE,FALSE,TRUE,TRUE,TRUE,TRUE,"no_observed_zeros","ok","",""
"Qiita13631ASD","ASD Dan 2020",27,"balanced","Collinsella",0.705,0.75,0.66,75,66,963,TRUE,TRUE,FALSE,TRUE,TRUE,TRUE,TRUE,"structural_absence_boundary_at_zero","ok","",""
"Qiita13631ASD","ASD Dan 2020",27,"balanced","Coprococcus",1,1,1,100,100,6668,TRUE,TRUE,FALSE,TRUE,TRUE,TRUE,TRUE,"no_observed_zeros","ok","",""
"Qiita13631ASD","ASD Dan 2020",27,"balanced","Dialister",0.995,1,0.99,100,99,22459,TRUE,TRUE,TRUE,FALSE,TRUE,TRUE,TRUE,"ok","ok","",""
"Qiita13631ASD","ASD Dan 2020",27,"balanced","Dorea",1,1,1,100,100,5297,TRUE,TRUE,FALSE,TRUE,TRUE,TRUE,TRUE,"no_observed_zeros","ok","",""
"Qiita13631ASD","ASD Dan 2020",27,"balanced","Faecalibacterium",1,1,1,100,100,71235,TRUE,TRUE,FALSE,TRUE,TRUE,TRUE,TRUE,"no_observed_zeros","ok","",""
"Qiita13631ASD","ASD Dan 2020",27,"balanced","Fusobacterium",0.575,0.57,0.58,57,58,1110,TRUE,TRUE,FALSE,TRUE,TRUE,TRUE,TRUE,"structural_absence_boundary_at_zero","ok","",""
"Qiita13631ASD","ASD Dan 2020",27,"balanced","Haemophilus",0.94,0.95,0.93,95,93,4484,TRUE,TRUE,FALSE,TRUE,TRUE,TRUE,TRUE,"structural_absence_boundary_at_zero","ok","",""
"Qiita13631ASD","ASD Dan 2020",27,"balanced","Lachnobacterium",0.735,0.72,0.75,72,75,1063,TRUE,TRUE,TRUE,FALSE,TRUE,TRUE,TRUE,"ok","ok","",""
"Qiita13631ASD","ASD Dan 2020",27,"balanced","Lachnospira",1,1,1,100,100,24321,TRUE,TRUE,FALSE,TRUE,TRUE,TRUE,TRUE,"no_observed_zeros","ok","",""
"Qiita13631ASD","ASD Dan 2020",27,"balanced","Megamonas",0.985,0.98,0.99,98,99,20392,TRUE,TRUE,FALSE,TRUE,TRUE,TRUE,TRUE,"structural_absence_boundary_at_zero","ok","",""
"Qiita13631ASD","ASD Dan 2020",27,"balanced","Megasphaera",0.845,0.79,0.9,79,90,3338,TRUE,TRUE,TRUE,FALSE,TRUE,TRUE,TRUE,"ok","ok","",""
"Qiita13631ASD","ASD Dan 2020",27,"balanced","Oscillospira",1,1,1,100,100,10731,TRUE,TRUE,FALSE,TRUE,TRUE,TRUE,TRUE,"no_observed_zeros","ok","",""
"Qiita13631ASD","ASD Dan 2020",27,"balanced","Parabacteroides",1,1,1,100,100,24402,TRUE,TRUE,FALSE,TRUE,TRUE,TRUE,TRUE,"no_observed_zeros","ok","",""
"Qiita13631ASD","ASD Dan 2020",27,"balanced","Paraprevotella",0.84,0.85,0.83,85,83,2408,TRUE,TRUE,FALSE,TRUE,TRUE,TRUE,TRUE,"structural_absence_boundary_at_zero","ok","",""
"Qiita13631ASD","ASD Dan 2020",27,"balanced","Phascolarctobacterium",0.995,1,0.99,100,99,9291,TRUE,TRUE,FALSE,TRUE,TRUE,TRUE,TRUE,"structural_absence_boundary_at_zero","ok","",""
"Qiita13631ASD","ASD Dan 2020",27,"balanced","Prevotella",0.99,0.98,1,98,100,54766,TRUE,TRUE,FALSE,TRUE,TRUE,TRUE,TRUE,"structural_absence_boundary_at_zero","ok","",""
"Qiita13631ASD","ASD Dan 2020",27,"balanced","Roseburia",1,1,1,100,100,12475,TRUE,TRUE,FALSE,TRUE,TRUE,TRUE,TRUE,"no_observed_zeros","ok","",""
"Qiita13631ASD","ASD Dan 2020",27,"balanced","Ruminococcus",1,1,1,100,100,28057,TRUE,TRUE,FALSE,TRUE,TRUE,TRUE,TRUE,"no_observed_zeros","ok","",""
"Qiita13631ASD","ASD Dan 2020",27,"balanced","Streptococcus",0.985,0.98,0.99,98,99,2346,TRUE,TRUE,FALSE,TRUE,TRUE,TRUE,TRUE,"structural_absence_boundary_at_zero","ok","",""
"Qiita13631ASD","ASD Dan 2020",27,"balanced","Sutterella",1,1,1,100,100,14744,TRUE,TRUE,FALSE,TRUE,TRUE,TRUE,TRUE,"no_observed_zeros","ok","",""
"Qiita13631ASD","ASD Dan 2020",27,"balanced","Veillonella",0.975,0.98,0.97,98,97,5796,TRUE,TRUE,FALSE,TRUE,TRUE,TRUE,TRUE,"structural_absence_boundary_at_zero","ok","",""
"Qiita13631ASD","ASD Dan 2020",27,"fourfold","[Prevotella]",0.5,0.42,0.58,42,58,1231,TRUE,TRUE,TRUE,FALSE,TRUE,TRUE,TRUE,"ok","ok","",""
"Qiita13631ASD","ASD Dan 2020",27,"fourfold","[Ruminococcus]",1,1,1,100,100,10131,TRUE,TRUE,FALSE,TRUE,TRUE,TRUE,TRUE,"no_observed_zeros","ok","",""
"Qiita13631ASD","ASD Dan 2020",27,"fourfold","Akkermansia",0.69,0.53,0.85,53,85,3925,TRUE,TRUE,FALSE,TRUE,TRUE,TRUE,TRUE,"structural_absence_boundary_at_zero","ok","",""
"Qiita13631ASD","ASD Dan 2020",27,"fourfold","Anaerostipes",0.91,0.86,0.96,86,96,2372,TRUE,TRUE,TRUE,FALSE,TRUE,TRUE,TRUE,"ok","ok","",""
"Qiita13631ASD","ASD Dan 2020",27,"fourfold","Bacteroides",1,1,1,100,100,273811,TRUE,TRUE,FALSE,TRUE,TRUE,TRUE,TRUE,"no_observed_zeros","ok","",""
"Qiita13631ASD","ASD Dan 2020",27,"fourfold","Bifidobacterium",0.92,0.85,0.99,85,99,7956,TRUE,TRUE,FALSE,TRUE,TRUE,TRUE,TRUE,"structural_absence_boundary_at_zero","ok","",""
"Qiita13631ASD","ASD Dan 2020",27,"fourfold","Bilophila",0.9,0.83,0.97,83,97,1373,TRUE,TRUE,FALSE,TRUE,TRUE,TRUE,TRUE,"structural_absence_boundary_at_zero","ok","",""
"Qiita13631ASD","ASD Dan 2020",27,"fourfold","Blautia",0.995,0.99,1,99,100,5307,TRUE,TRUE,FALSE,TRUE,TRUE,TRUE,TRUE,"structural_absence_boundary_at_zero","ok","",""
"Qiita13631ASD","ASD Dan 2020",27,"fourfold","Clostridium",0.995,0.99,1,99,100,8085,TRUE,TRUE,FALSE,TRUE,TRUE,TRUE,TRUE,"structural_absence_boundary_at_zero","ok","",""
"Qiita13631ASD","ASD Dan 2020",27,"fourfold","Collinsella",0.585,0.43,0.74,43,74,1005,TRUE,TRUE,FALSE,TRUE,TRUE,TRUE,TRUE,"structural_absence_boundary_at_zero","ok","",""
"Qiita13631ASD","ASD Dan 2020",27,"fourfold","Coprococcus",0.99,0.98,1,98,100,6090,TRUE,TRUE,FALSE,TRUE,TRUE,TRUE,TRUE,"structural_absence_boundary_at_zero","ok","",""
"Qiita13631ASD","ASD Dan 2020",27,"fourfold","Dialister",1,1,1,100,100,21029,TRUE,TRUE,FALSE,TRUE,TRUE,TRUE,TRUE,"no_observed_zeros","ok","",""
"Qiita13631ASD","ASD Dan 2020",27,"fourfold","Dorea",0.99,0.98,1,98,100,4647,TRUE,TRUE,FALSE,TRUE,TRUE,TRUE,TRUE,"structural_absence_boundary_at_zero","ok","",""
"Qiita13631ASD","ASD Dan 2020",27,"fourfold","Faecalibacterium",1,1,1,100,100,67340,TRUE,TRUE,FALSE,TRUE,TRUE,TRUE,TRUE,"no_observed_zeros","ok","",""
"Qiita13631ASD","ASD Dan 2020",27,"fourfold","Fusobacterium",0.41,0.35,0.47,35,47,659,TRUE,TRUE,TRUE,FALSE,TRUE,TRUE,TRUE,"ok","ok","",""
"Qiita13631ASD","ASD Dan 2020",27,"fourfold","Haemophilus",0.905,0.83,0.98,83,98,5262,TRUE,TRUE,FALSE,TRUE,TRUE,TRUE,TRUE,"structural_absence_boundary_at_zero","ok","",""
"Qiita13631ASD","ASD Dan 2020",27,"fourfold","Lachnobacterium",0.67,0.57,0.77,57,77,1046,TRUE,TRUE,TRUE,FALSE,TRUE,TRUE,TRUE,"ok","ok","",""
"Qiita13631ASD","ASD Dan 2020",27,"fourfold","Lachnospira",1,1,1,100,100,22603,TRUE,TRUE,FALSE,TRUE,TRUE,TRUE,TRUE,"no_observed_zeros","ok","",""
"Qiita13631ASD","ASD Dan 2020",27,"fourfold","Megamonas",0.97,0.94,1,94,100,17446,TRUE,TRUE,FALSE,TRUE,TRUE,TRUE,TRUE,"structural_absence_boundary_at_zero","ok","",""
"Qiita13631ASD","ASD Dan 2020",27,"fourfold","Megasphaera",0.78,0.64,0.92,64,92,3444,TRUE,TRUE,FALSE,TRUE,TRUE,TRUE,TRUE,"structural_absence_boundary_at_zero","ok","",""
"Qiita13631ASD","ASD Dan 2020",27,"fourfold","Oscillospira",1,1,1,100,100,9922,TRUE,TRUE,FALSE,TRUE,TRUE,TRUE,TRUE,"no_observed_zeros","ok","",""
"Qiita13631ASD","ASD Dan 2020",27,"fourfold","Parabacteroides",1,1,1,100,100,21675,TRUE,TRUE,FALSE,TRUE,TRUE,TRUE,TRUE,"no_observed_zeros","ok","",""
"Qiita13631ASD","ASD Dan 2020",27,"fourfold","Paraprevotella",0.735,0.67,0.8,67,80,1693,TRUE,TRUE,TRUE,FALSE,TRUE,TRUE,TRUE,"ok","ok","",""
"Qiita13631ASD","ASD Dan 2020",27,"fourfold","Phascolarctobacterium",0.975,0.95,1,95,100,9925,TRUE,TRUE,FALSE,TRUE,TRUE,TRUE,TRUE,"structural_absence_boundary_at_zero","ok","",""
"Qiita13631ASD","ASD Dan 2020",27,"fourfold","Prevotella",0.985,0.97,1,97,100,49242,TRUE,TRUE,FALSE,TRUE,TRUE,TRUE,TRUE,"structural_absence_boundary_at_zero","ok","",""
"Qiita13631ASD","ASD Dan 2020",27,"fourfold","Roseburia",1,1,1,100,100,11164,TRUE,TRUE,FALSE,TRUE,TRUE,TRUE,TRUE,"no_observed_zeros","ok","",""
"Qiita13631ASD","ASD Dan 2020",27,"fourfold","Ruminococcus",1,1,1,100,100,25087,TRUE,TRUE,FALSE,TRUE,TRUE,TRUE,TRUE,"no_observed_zeros","ok","",""
"Qiita13631ASD","ASD Dan 2020",27,"fourfold","Streptococcus",0.96,0.92,1,92,100,2111,TRUE,TRUE,FALSE,TRUE,TRUE,TRUE,TRUE,"structural_absence_boundary_at_zero","ok","",""
"Qiita13631ASD","ASD Dan 2020",27,"fourfold","Sutterella",1,1,1,100,100,12072,TRUE,TRUE,FALSE,TRUE,TRUE,TRUE,TRUE,"no_observed_zeros","ok","",""
"Qiita13631ASD","ASD Dan 2020",27,"fourfold","Veillonella",0.97,0.94,1,94,100,6617,TRUE,TRUE,FALSE,TRUE,TRUE,TRUE,TRUE,"structural_absence_boundary_at_zero","ok","",""
"Qiita13631ASD","ASD Dan 2020",28,"balanced","[Prevotella]",0.51,0.54,0.48,54,48,1411,TRUE,TRUE,TRUE,FALSE,TRUE,TRUE,TRUE,"ok","ok","",""
"Qiita13631ASD","ASD Dan 2020",28,"balanced","[Ruminococcus]",1,1,1,100,100,12292,TRUE,TRUE,FALSE,TRUE,TRUE,TRUE,TRUE,"no_observed_zeros","ok","",""
"Qiita13631ASD","ASD Dan 2020",28,"balanced","Akkermansia",0.8,0.78,0.82,78,82,3232,TRUE,TRUE,FALSE,TRUE,TRUE,TRUE,TRUE,"structural_absence_boundary_at_zero","ok","",""
"Qiita13631ASD","ASD Dan 2020",28,"balanced","Anaerostipes",0.98,0.97,0.99,97,99,2616,TRUE,TRUE,FALSE,TRUE,TRUE,TRUE,TRUE,"structural_absence_boundary_at_zero","ok","",""
"Qiita13631ASD","ASD Dan 2020",28,"balanced","Bacteroides",1,1,1,100,100,307482,TRUE,TRUE,FALSE,TRUE,TRUE,TRUE,TRUE,"no_observed_zeros","ok","",""
"Qiita13631ASD","ASD Dan 2020",28,"balanced","Bifidobacterium",0.975,0.99,0.96,99,96,9312,TRUE,TRUE,FALSE,TRUE,TRUE,TRUE,TRUE,"structural_absence_boundary_at_zero","ok","",""
"Qiita13631ASD","ASD Dan 2020",28,"balanced","Bilophila",0.98,0.97,0.99,97,99,1562,TRUE,TRUE,FALSE,TRUE,TRUE,TRUE,TRUE,"structural_absence_boundary_at_zero","ok","",""
"Qiita13631ASD","ASD Dan 2020",28,"balanced","Blautia",1,1,1,100,100,5637,TRUE,TRUE,FALSE,TRUE,TRUE,TRUE,TRUE,"no_observed_zeros","ok","",""
"Qiita13631ASD","ASD Dan 2020",28,"balanced","Clostridium",1,1,1,100,100,8398,TRUE,TRUE,FALSE,TRUE,TRUE,TRUE,TRUE,"no_observed_zeros","ok","",""
"Qiita13631ASD","ASD Dan 2020",28,"balanced","Collinsella",0.745,0.78,0.71,78,71,1044,TRUE,TRUE,FALSE,TRUE,TRUE,TRUE,TRUE,"structural_absence_boundary_at_zero","ok","",""
"Qiita13631ASD","ASD Dan 2020",28,"balanced","Coprococcus",1,1,1,100,100,6921,TRUE,TRUE,FALSE,TRUE,TRUE,TRUE,TRUE,"no_observed_zeros","ok","",""
"Qiita13631ASD","ASD Dan 2020",28,"balanced","Dialister",1,1,1,100,100,21301,TRUE,TRUE,FALSE,TRUE,TRUE,TRUE,TRUE,"no_observed_zeros","ok","",""
"Qiita13631ASD","ASD Dan 2020",28,"balanced","Dorea",1,1,1,100,100,5338,TRUE,TRUE,FALSE,TRUE,TRUE,TRUE,TRUE,"no_observed_zeros","ok","",""
"Qiita13631ASD","ASD Dan 2020",28,"balanced","Faecalibacterium",1,1,1,100,100,75134,TRUE,TRUE,FALSE,TRUE,TRUE,TRUE,TRUE,"no_observed_zeros","ok","",""
"Qiita13631ASD","ASD Dan 2020",28,"balanced","Fusobacterium",0.51,0.5,0.52,50,52,1957,TRUE,TRUE,FALSE,TRUE,TRUE,TRUE,TRUE,"structural_absence_boundary_at_zero","ok","",""
"Qiita13631ASD","ASD Dan 2020",28,"balanced","Haemophilus",0.98,0.99,0.97,99,97,5685,TRUE,TRUE,FALSE,TRUE,TRUE,TRUE,TRUE,"structural_absence_boundary_at_zero","ok","",""
"Qiita13631ASD","ASD Dan 2020",28,"balanced","Lachnobacterium",0.715,0.75,0.68,75,68,1149,TRUE,TRUE,TRUE,FALSE,TRUE,TRUE,TRUE,"ok","ok","",""
"Qiita13631ASD","ASD Dan 2020",28,"balanced","Lachnospira",1,1,1,100,100,25681,TRUE,TRUE,FALSE,TRUE,TRUE,TRUE,TRUE,"no_observed_zeros","ok","",""
"Qiita13631ASD","ASD Dan 2020",28,"balanced","Megamonas",0.99,0.99,0.99,99,99,17433,TRUE,TRUE,FALSE,TRUE,TRUE,TRUE,TRUE,"structural_absence_boundary_at_zero","ok","",""
"Qiita13631ASD","ASD Dan 2020",28,"balanced","Megasphaera",0.86,0.89,0.83,89,83,3565,TRUE,TRUE,FALSE,TRUE,TRUE,TRUE,TRUE,"structural_absence_boundary_at_zero","ok","",""
"Qiita13631ASD","ASD Dan 2020",28,"balanced","Oscillospira",1,1,1,100,100,10978,TRUE,TRUE,FALSE,TRUE,TRUE,TRUE,TRUE,"no_observed_zeros","ok","",""
"Qiita13631ASD","ASD Dan 2020",28,"balanced","Parabacteroides",1,1,1,100,100,23772,TRUE,TRUE,FALSE,TRUE,TRUE,TRUE,TRUE,"no_observed_zeros","ok","",""
"Qiita13631ASD","ASD Dan 2020",28,"balanced","Paraprevotella",0.805,0.79,0.82,79,82,2492,TRUE,TRUE,TRUE,FALSE,TRUE,TRUE,TRUE,"ok","ok","",""
"Qiita13631ASD","ASD Dan 2020",28,"balanced","Phascolarctobacterium",0.99,0.99,0.99,99,99,10141,TRUE,TRUE,FALSE,TRUE,TRUE,TRUE,TRUE,"structural_absence_boundary_at_zero","ok","",""
"Qiita13631ASD","ASD Dan 2020",28,"balanced","Prevotella",1,1,1,100,100,56571,TRUE,TRUE,FALSE,TRUE,TRUE,TRUE,TRUE,"no_observed_zeros","ok","",""
"Qiita13631ASD","ASD Dan 2020",28,"balanced","Roseburia",1,1,1,100,100,12954,TRUE,TRUE,FALSE,TRUE,TRUE,TRUE,TRUE,"no_observed_zeros","ok","",""
"Qiita13631ASD","ASD Dan 2020",28,"balanced","Ruminococcus",1,1,1,100,100,27287,TRUE,TRUE,FALSE,TRUE,TRUE,TRUE,TRUE,"no_observed_zeros","ok","",""
"Qiita13631ASD","ASD Dan 2020",28,"balanced","Streptococcus",0.975,0.98,0.97,98,97,2651,TRUE,TRUE,FALSE,TRUE,TRUE,TRUE,TRUE,"structural_absence_boundary_at_zero","ok","",""
"Qiita13631ASD","ASD Dan 2020",28,"balanced","Sutterella",1,1,1,100,100,13763,TRUE,TRUE,FALSE,TRUE,TRUE,TRUE,TRUE,"no_observed_zeros","ok","",""
"Qiita13631ASD","ASD Dan 2020",28,"balanced","Veillonella",0.985,0.99,0.98,99,98,6362,TRUE,TRUE,FALSE,TRUE,TRUE,TRUE,TRUE,"structural_absence_boundary_at_zero","ok","",""
"Qiita13631ASD","ASD Dan 2020",28,"fourfold","[Prevotella]",0.52,0.39,0.65,39,65,1555,TRUE,TRUE,TRUE,FALSE,TRUE,TRUE,TRUE,"ok","ok","",""
"Qiita13631ASD","ASD Dan 2020",28,"fourfold","[Ruminococcus]",1,1,1,100,100,11423,TRUE,TRUE,FALSE,TRUE,TRUE,TRUE,TRUE,"no_observed_zeros","ok","",""
"Qiita13631ASD","ASD Dan 2020",28,"fourfold","Akkermansia",0.705,0.58,0.83,58,83,3832,TRUE,TRUE,FALSE,TRUE,TRUE,TRUE,TRUE,"structural_absence_boundary_at_zero","ok","",""
"Qiita13631ASD","ASD Dan 2020",28,"fourfold","Anaerostipes",0.92,0.86,0.98,86,98,2945,TRUE,TRUE,TRUE,FALSE,TRUE,TRUE,TRUE,"ok","ok","",""
"Qiita13631ASD","ASD Dan 2020",28,"fourfold","Bacteroides",1,1,1,100,100,297182,TRUE,TRUE,FALSE,TRUE,TRUE,TRUE,TRUE,"no_observed_zeros","ok","",""
"Qiita13631ASD","ASD Dan 2020",28,"fourfold","Bifidobacterium",0.94,0.89,0.99,89,99,8312,TRUE,TRUE,FALSE,TRUE,TRUE,TRUE,TRUE,"structural_absence_boundary_at_zero","ok","",""
"Qiita13631ASD","ASD Dan 2020",28,"fourfold","Bilophila",0.89,0.79,0.99,79,99,1414,TRUE,TRUE,FALSE,TRUE,TRUE,TRUE,TRUE,"structural_absence_boundary_at_zero","ok","",""
"Qiita13631ASD","ASD Dan 2020",28,"fourfold","Blautia",0.99,0.98,1,98,100,4969,TRUE,TRUE,TRUE,FALSE,TRUE,TRUE,TRUE,"ok","ok","",""
"Qiita13631ASD","ASD Dan 2020",28,"fourfold","Clostridium",0.995,0.99,1,99,100,7805,TRUE,TRUE,FALSE,TRUE,TRUE,TRUE,TRUE,"structural_absence_boundary_at_zero","ok","",""
"Qiita13631ASD","ASD Dan 2020",28,"fourfold","Collinsella",0.65,0.56,0.74,56,74,814,TRUE,TRUE,FALSE,TRUE,TRUE,TRUE,TRUE,"structural_absence_boundary_at_zero","ok","",""
"Qiita13631ASD","ASD Dan 2020",28,"fourfold","Coprococcus",0.99,0.98,1,98,100,6360,TRUE,TRUE,FALSE,TRUE,TRUE,TRUE,TRUE,"structural_absence_boundary_at_zero","ok","",""
"Qiita13631ASD","ASD Dan 2020",28,"fourfold","Dialister",0.995,0.99,1,99,100,21300,TRUE,TRUE,FALSE,TRUE,TRUE,TRUE,TRUE,"structural_absence_boundary_at_zero","ok","",""
"Qiita13631ASD","ASD Dan 2020",28,"fourfold","Dorea",1,1,1,100,100,4762,TRUE,TRUE,FALSE,TRUE,TRUE,TRUE,TRUE,"no_observed_zeros","ok","",""
"Qiita13631ASD","ASD Dan 2020",28,"fourfold","Faecalibacterium",1,1,1,100,100,72333,TRUE,TRUE,FALSE,TRUE,TRUE,TRUE,TRUE,"no_observed_zeros","ok","",""
"Qiita13631ASD","ASD Dan 2020",28,"fourfold","Fusobacterium",0.495,0.36,0.63,36,63,1808,TRUE,TRUE,FALSE,TRUE,TRUE,TRUE,TRUE,"structural_absence_boundary_at_zero","ok","",""
"Qiita13631ASD","ASD Dan 2020",28,"fourfold","Haemophilus",0.92,0.85,0.99,85,99,3955,TRUE,TRUE,FALSE,TRUE,TRUE,TRUE,TRUE,"structural_absence_boundary_at_zero","ok","",""
"Qiita13631ASD","ASD Dan 2020",28,"fourfold","Lachnobacterium",0.705,0.61,0.8,61,80,1126,TRUE,TRUE,FALSE,TRUE,TRUE,TRUE,TRUE,"structural_absence_boundary_at_zero","ok","",""
"Qiita13631ASD","ASD Dan 2020",28,"fourfold","Lachnospira",1,1,1,100,100,24029,TRUE,TRUE,FALSE,TRUE,TRUE,TRUE,TRUE,"no_observed_zeros","ok","",""
"Qiita13631ASD","ASD Dan 2020",28,"fourfold","Megamonas",0.975,0.96,0.99,96,99,16582,TRUE,TRUE,FALSE,TRUE,TRUE,TRUE,TRUE,"structural_absence_boundary_at_zero","ok","",""
"Qiita13631ASD","ASD Dan 2020",28,"fourfold","Megasphaera",0.825,0.74,0.91,74,91,2508,TRUE,TRUE,FALSE,TRUE,TRUE,TRUE,TRUE,"structural_absence_boundary_at_zero","ok","",""
"Qiita13631ASD","ASD Dan 2020",28,"fourfold","Oscillospira",1,1,1,100,100,10480,TRUE,TRUE,FALSE,TRUE,TRUE,TRUE,TRUE,"no_observed_zeros","ok","",""
"Qiita13631ASD","ASD Dan 2020",28,"fourfold","Parabacteroides",1,1,1,100,100,21920,TRUE,TRUE,FALSE,TRUE,TRUE,TRUE,TRUE,"no_observed_zeros","ok","",""
"Qiita13631ASD","ASD Dan 2020",28,"fourfold","Paraprevotella",0.785,0.64,0.93,64,93,1785,TRUE,TRUE,FALSE,TRUE,TRUE,TRUE,TRUE,"structural_absence_boundary_at_zero","ok","",""
"Qiita13631ASD","ASD Dan 2020",28,"fourfold","Phascolarctobacterium",0.985,0.98,0.99,98,99,9221,TRUE,TRUE,TRUE,FALSE,TRUE,TRUE,TRUE,"ok","ok","",""
"Qiita13631ASD","ASD Dan 2020",28,"fourfold","Prevotella",0.99,0.98,1,98,100,46908,TRUE,TRUE,FALSE,TRUE,TRUE,TRUE,TRUE,"structural_absence_boundary_at_zero","ok","",""
"Qiita13631ASD","ASD Dan 2020",28,"fourfold","Roseburia",1,1,1,100,100,11973,TRUE,TRUE,FALSE,TRUE,TRUE,TRUE,TRUE,"no_observed_zeros","ok","",""
"Qiita13631ASD","ASD Dan 2020",28,"fourfold","Ruminococcus",0.995,0.99,1,99,100,25173,TRUE,TRUE,TRUE,FALSE,TRUE,TRUE,TRUE,"ok","ok","",""
"Qiita13631ASD","ASD Dan 2020",28,"fourfold","Streptococcus",0.935,0.88,0.99,88,99,2267,TRUE,TRUE,TRUE,FALSE,TRUE,TRUE,TRUE,"ok","ok","",""
"Qiita13631ASD","ASD Dan 2020",28,"fourfold","Sutterella",0.995,0.99,1,99,100,13063,TRUE,TRUE,FALSE,TRUE,TRUE,TRUE,TRUE,"structural_absence_boundary_at_zero","ok","",""
"Qiita13631ASD","ASD Dan 2020",28,"fourfold","Veillonella",0.96,0.93,0.99,93,99,6078,TRUE,TRUE,FALSE,TRUE,TRUE,TRUE,TRUE,"structural_absence_boundary_at_zero","ok","",""
"Qiita13631ASD","ASD Dan 2020",29,"balanced","[Prevotella]",0.555,0.54,0.57,54,57,1282,TRUE,TRUE,TRUE,FALSE,TRUE,TRUE,TRUE,"ok","ok","",""
"Qiita13631ASD","ASD Dan 2020",29,"balanced","[Ruminococcus]",1,1,1,100,100,11656,TRUE,TRUE,FALSE,TRUE,TRUE,TRUE,TRUE,"no_observed_zeros","ok","",""
"Qiita13631ASD","ASD Dan 2020",29,"balanced","Akkermansia",0.85,0.84,0.86,84,86,3441,TRUE,TRUE,FALSE,TRUE,TRUE,TRUE,TRUE,"structural_absence_boundary_at_zero","ok","",""
"Qiita13631ASD","ASD Dan 2020",29,"balanced","Anaerostipes",0.975,0.98,0.97,98,97,2661,TRUE,TRUE,TRUE,FALSE,TRUE,TRUE,TRUE,"ok","ok","",""
"Qiita13631ASD","ASD Dan 2020",29,"balanced","Bacteroides",1,1,1,100,100,304104,TRUE,TRUE,FALSE,TRUE,TRUE,TRUE,TRUE,"no_observed_zeros","ok","",""
"Qiita13631ASD","ASD Dan 2020",29,"balanced","Bifidobacterium",0.97,0.97,0.97,97,97,7584,TRUE,TRUE,FALSE,TRUE,TRUE,TRUE,TRUE,"structural_absence_boundary_at_zero","ok","",""
"Qiita13631ASD","ASD Dan 2020",29,"balanced","Bilophila",0.93,0.92,0.94,92,94,1472,TRUE,TRUE,TRUE,FALSE,TRUE,TRUE,TRUE,"ok","ok","",""
"Qiita13631ASD","ASD Dan 2020",29,"balanced","Blautia",1,1,1,100,100,5139,TRUE,TRUE,FALSE,TRUE,TRUE,TRUE,TRUE,"no_observed_zeros","ok","",""
"Qiita13631ASD","ASD Dan 2020",29,"balanced","Clostridium",1,1,1,100,100,7650,TRUE,TRUE,FALSE,TRUE,TRUE,TRUE,TRUE,"no_observed_zeros","ok","",""
"Qiita13631ASD","ASD Dan 2020",29,"balanced","Collinsella",0.705,0.66,0.75,66,75,804,TRUE,TRUE,FALSE,TRUE,TRUE,TRUE,TRUE,"structural_absence_boundary_at_zero","ok","",""
"Qiita13631ASD","ASD Dan 2020",29,"balanced","Coprococcus",1,1,1,100,100,6917,TRUE,TRUE,FALSE,TRUE,TRUE,TRUE,TRUE,"no_observed_zeros","ok","",""
"Qiita13631ASD","ASD Dan 2020",29,"balanced","Dialister",1,1,1,100,100,22460,TRUE,TRUE,FALSE,TRUE,TRUE,TRUE,TRUE,"no_observed_zeros","ok","",""
"Qiita13631ASD","ASD Dan 2020",29,"balanced","Dorea",0.99,0.98,1,98,100,5099,TRUE,TRUE,TRUE,FALSE,TRUE,TRUE,TRUE,"ok","ok","",""
"Qiita13631ASD","ASD Dan 2020",29,"balanced","Faecalibacterium",1,1,1,100,100,72810,TRUE,TRUE,FALSE,TRUE,TRUE,TRUE,TRUE,"no_observed_zeros","ok","",""
"Qiita13631ASD","ASD Dan 2020",29,"balanced","Fusobacterium",0.52,0.55,0.49,55,49,1906,TRUE,TRUE,FALSE,TRUE,TRUE,TRUE,TRUE,"structural_absence_boundary_at_zero","ok","",""
"Qiita13631ASD","ASD Dan 2020",29,"balanced","Haemophilus",0.96,0.95,0.97,95,97,5445,TRUE,TRUE,FALSE,TRUE,TRUE,TRUE,TRUE,"structural_absence_boundary_at_zero","ok","",""
"Qiita13631ASD","ASD Dan 2020",29,"balanced","Lachnobacterium",0.74,0.71,0.77,71,77,1130,TRUE,TRUE,TRUE,FALSE,TRUE,TRUE,TRUE,"ok","ok","",""
"Qiita13631ASD","ASD Dan 2020",29,"balanced","Lachnospira",1,1,1,100,100,24719,TRUE,TRUE,FALSE,TRUE,TRUE,TRUE,TRUE,"no_observed_zeros","ok","",""
"Qiita13631ASD","ASD Dan 2020",29,"balanced","Megamonas",1,1,1,100,100,16754,TRUE,TRUE,FALSE,TRUE,TRUE,TRUE,TRUE,"no_observed_zeros","ok","",""
"Qiita13631ASD","ASD Dan 2020",29,"balanced","Megasphaera",0.83,0.88,0.78,88,78,3525,TRUE,TRUE,TRUE,FALSE,TRUE,TRUE,TRUE,"ok","ok","",""
"Qiita13631ASD","ASD Dan 2020",29,"balanced","Oscillospira",1,1,1,100,100,10680,TRUE,TRUE,FALSE,TRUE,TRUE,TRUE,TRUE,"no_observed_zeros","ok","",""
"Qiita13631ASD","ASD Dan 2020",29,"balanced","Parabacteroides",1,1,1,100,100,23338,TRUE,TRUE,FALSE,TRUE,TRUE,TRUE,TRUE,"no_observed_zeros","ok","",""
"Qiita13631ASD","ASD Dan 2020",29,"balanced","Paraprevotella",0.775,0.78,0.77,78,77,2436,TRUE,TRUE,TRUE,FALSE,TRUE,TRUE,TRUE,"ok","ok","",""
"Qiita13631ASD","ASD Dan 2020",29,"balanced","Phascolarctobacterium",0.985,0.98,0.99,98,99,9653,TRUE,TRUE,TRUE,FALSE,TRUE,TRUE,TRUE,"ok","ok","",""
"Qiita13631ASD","ASD Dan 2020",29,"balanced","Prevotella",0.99,0.98,1,98,100,53700,TRUE,TRUE,FALSE,TRUE,TRUE,TRUE,TRUE,"structural_absence_boundary_at_zero","ok","",""
"Qiita13631ASD","ASD Dan 2020",29,"balanced","Roseburia",1,1,1,100,100,12929,TRUE,TRUE,FALSE,TRUE,TRUE,TRUE,TRUE,"no_observed_zeros","ok","",""
"Qiita13631ASD","ASD Dan 2020",29,"balanced","Ruminococcus",1,1,1,100,100,26486,TRUE,TRUE,FALSE,TRUE,TRUE,TRUE,TRUE,"no_observed_zeros","ok","",""
"Qiita13631ASD","ASD Dan 2020",29,"balanced","Streptococcus",0.98,0.98,0.98,98,98,2426,TRUE,TRUE,FALSE,TRUE,TRUE,TRUE,TRUE,"structural_absence_boundary_at_zero","ok","",""
"Qiita13631ASD","ASD Dan 2020",29,"balanced","Sutterella",1,1,1,100,100,14201,TRUE,TRUE,FALSE,TRUE,TRUE,TRUE,TRUE,"no_observed_zeros","ok","",""
"Qiita13631ASD","ASD Dan 2020",29,"balanced","Veillonella",0.985,0.99,0.98,99,98,6127,TRUE,TRUE,FALSE,TRUE,TRUE,TRUE,TRUE,"structural_absence_boundary_at_zero","ok","",""
"Qiita13631ASD","ASD Dan 2020",29,"fourfold","[Prevotella]",0.47,0.39,0.55,39,55,871,TRUE,TRUE,TRUE,FALSE,TRUE,TRUE,TRUE,"ok","ok","",""
"Qiita13631ASD","ASD Dan 2020",29,"fourfold","[Ruminococcus]",1,1,1,100,100,10319,TRUE,TRUE,FALSE,TRUE,TRUE,TRUE,TRUE,"no_observed_zeros","ok","",""
"Qiita13631ASD","ASD Dan 2020",29,"fourfold","Akkermansia",0.73,0.61,0.85,61,85,2698,TRUE,TRUE,FALSE,TRUE,TRUE,TRUE,TRUE,"structural_absence_boundary_at_zero","ok","",""
"Qiita13631ASD","ASD Dan 2020",29,"fourfold","Anaerostipes",0.945,0.9,0.99,90,99,2393,TRUE,TRUE,FALSE,TRUE,TRUE,TRUE,TRUE,"structural_absence_boundary_at_zero","ok","",""
"Qiita13631ASD","ASD Dan 2020",29,"fourfold","Bacteroides",1,1,1,100,100,259462,TRUE,TRUE,FALSE,TRUE,TRUE,TRUE,TRUE,"no_observed_zeros","ok","",""
"Qiita13631ASD","ASD Dan 2020",29,"fourfold","Bifidobacterium",0.915,0.83,1,83,100,9906,TRUE,TRUE,FALSE,TRUE,TRUE,TRUE,TRUE,"structural_absence_boundary_at_zero","ok","",""
"Qiita13631ASD","ASD Dan 2020",29,"fourfold","Bilophila",0.88,0.79,0.97,79,97,1285,TRUE,TRUE,FALSE,TRUE,TRUE,TRUE,TRUE,"structural_absence_boundary_at_zero","ok","",""
"Qiita13631ASD","ASD Dan 2020",29,"fourfold","Blautia",0.985,0.97,1,97,100,4546,TRUE,TRUE,TRUE,FALSE,TRUE,TRUE,TRUE,"ok","ok","",""
"Qiita13631ASD","ASD Dan 2020",29,"fourfold","Clostridium",0.995,0.99,1,99,100,8043,TRUE,TRUE,FALSE,TRUE,TRUE,TRUE,TRUE,"structural_absence_boundary_at_zero","ok","",""
"Qiita13631ASD","ASD Dan 2020",29,"fourfold","Collinsella",0.64,0.41,0.87,41,87,1138,TRUE,TRUE,FALSE,TRUE,TRUE,TRUE,TRUE,"structural_absence_boundary_at_zero","ok","",""
"Qiita13631ASD","ASD Dan 2020",29,"fourfold","Coprococcus",0.985,0.97,1,97,100,6067,TRUE,TRUE,TRUE,FALSE,TRUE,TRUE,TRUE,"ok","ok","",""
"Qiita13631ASD","ASD Dan 2020",29,"fourfold","Dialister",0.995,0.99,1,99,100,21121,TRUE,TRUE,FALSE,TRUE,TRUE,TRUE,TRUE,"structural_absence_boundary_at_zero","ok","",""
"Qiita13631ASD","ASD Dan 2020",29,"fourfold","Dorea",0.99,0.98,1,98,100,4750,TRUE,TRUE,FALSE,TRUE,TRUE,TRUE,TRUE,"structural_absence_boundary_at_zero","ok","",""
"Qiita13631ASD","ASD Dan 2020",29,"fourfold","Faecalibacterium",1,1,1,100,100,65043,TRUE,TRUE,FALSE,TRUE,TRUE,TRUE,TRUE,"no_observed_zeros","ok","",""
"Qiita13631ASD","ASD Dan 2020",29,"fourfold","Fusobacterium",0.455,0.35,0.56,35,56,835,TRUE,TRUE,FALSE,TRUE,TRUE,TRUE,TRUE,"structural_absence_boundary_at_zero","ok","",""
"Qiita13631ASD","ASD Dan 2020",29,"fourfold","Haemophilus",0.905,0.83,0.98,83,98,6031,TRUE,TRUE,FALSE,TRUE,TRUE,TRUE,TRUE,"structural_absence_boundary_at_zero","ok","",""
"Qiita13631ASD","ASD Dan 2020",29,"fourfold","Lachnobacterium",0.645,0.53,0.76,53,76,1075,TRUE,TRUE,TRUE,FALSE,TRUE,TRUE,TRUE,"ok","ok","",""
"Qiita13631ASD","ASD Dan 2020",29,"fourfold","Lachnospira",1,1,1,100,100,21773,TRUE,TRUE,FALSE,TRUE,TRUE,TRUE,TRUE,"no_observed_zeros","ok","",""
"Qiita13631ASD","ASD Dan 2020",29,"fourfold","Megamonas",0.96,0.93,0.99,93,99,16746,TRUE,TRUE,FALSE,TRUE,TRUE,TRUE,TRUE,"structural_absence_boundary_at_zero","ok","",""
"Qiita13631ASD","ASD Dan 2020",29,"fourfold","Megasphaera",0.8,0.69,0.91,69,91,3068,TRUE,TRUE,FALSE,TRUE,TRUE,TRUE,TRUE,"structural_absence_boundary_at_zero","ok","",""
"Qiita13631ASD","ASD Dan 2020",29,"fourfold","Oscillospira",1,1,1,100,100,9447,TRUE,TRUE,FALSE,TRUE,TRUE,TRUE,TRUE,"no_observed_zeros","ok","",""
"Qiita13631ASD","ASD Dan 2020",29,"fourfold","Parabacteroides",1,1,1,100,100,20957,TRUE,TRUE,FALSE,TRUE,TRUE,TRUE,TRUE,"no_observed_zeros","ok","",""
"Qiita13631ASD","ASD Dan 2020",29,"fourfold","Paraprevotella",0.75,0.65,0.85,65,85,1949,TRUE,TRUE,TRUE,FALSE,TRUE,TRUE,TRUE,"ok","ok","",""
"Qiita13631ASD","ASD Dan 2020",29,"fourfold","Phascolarctobacterium",0.985,0.97,1,97,100,8100,TRUE,TRUE,FALSE,TRUE,TRUE,TRUE,TRUE,"structural_absence_boundary_at_zero","ok","",""
"Qiita13631ASD","ASD Dan 2020",29,"fourfold","Prevotella",0.985,0.97,1,97,100,43694,TRUE,TRUE,FALSE,TRUE,TRUE,TRUE,TRUE,"structural_absence_boundary_at_zero","ok","",""
"Qiita13631ASD","ASD Dan 2020",29,"fourfold","Roseburia",1,1,1,100,100,12349,TRUE,TRUE,FALSE,TRUE,TRUE,TRUE,TRUE,"no_observed_zeros","ok","",""
"Qiita13631ASD","ASD Dan 2020",29,"fourfold","Ruminococcus",1,1,1,100,100,24144,TRUE,TRUE,FALSE,TRUE,TRUE,TRUE,TRUE,"no_observed_zeros","ok","",""
"Qiita13631ASD","ASD Dan 2020",29,"fourfold","Streptococcus",0.94,0.9,0.98,90,98,2351,TRUE,TRUE,FALSE,TRUE,TRUE,TRUE,TRUE,"structural_absence_boundary_at_zero","ok","",""
"Qiita13631ASD","ASD Dan 2020",29,"fourfold","Sutterella",1,1,1,100,100,12466,TRUE,TRUE,FALSE,TRUE,TRUE,TRUE,TRUE,"no_observed_zeros","ok","",""
"Qiita13631ASD","ASD Dan 2020",29,"fourfold","Veillonella",0.935,0.88,0.99,88,99,4503,TRUE,TRUE,FALSE,TRUE,TRUE,TRUE,TRUE,"structural_absence_boundary_at_zero","ok","",""
"Qiita13631ASD","ASD Dan 2020",30,"balanced","[Prevotella]",0.515,0.55,0.48,55,48,1581,TRUE,TRUE,TRUE,FALSE,TRUE,TRUE,TRUE,"ok","ok","",""
"Qiita13631ASD","ASD Dan 2020",30,"balanced","[Ruminococcus]",1,1,1,100,100,10876,TRUE,TRUE,FALSE,TRUE,TRUE,TRUE,TRUE,"no_observed_zeros","ok","",""
"Qiita13631ASD","ASD Dan 2020",30,"balanced","Akkermansia",0.785,0.73,0.84,73,84,2546,TRUE,TRUE,FALSE,TRUE,TRUE,TRUE,TRUE,"structural_absence_boundary_at_zero","ok","",""
"Qiita13631ASD","ASD Dan 2020",30,"balanced","Anaerostipes",0.985,0.98,0.99,98,99,2815,TRUE,TRUE,FALSE,TRUE,TRUE,TRUE,TRUE,"structural_absence_boundary_at_zero","ok","",""
"Qiita13631ASD","ASD Dan 2020",30,"balanced","Bacteroides",1,1,1,100,100,309941,TRUE,TRUE,FALSE,TRUE,TRUE,TRUE,TRUE,"no_observed_zeros","ok","",""
"Qiita13631ASD","ASD Dan 2020",30,"balanced","Bifidobacterium",0.97,0.97,0.97,97,97,7300,TRUE,TRUE,FALSE,TRUE,TRUE,TRUE,TRUE,"structural_absence_boundary_at_zero","ok","",""
"Qiita13631ASD","ASD Dan 2020",30,"balanced","Bilophila",0.95,0.95,0.95,95,95,1545,TRUE,TRUE,TRUE,FALSE,TRUE,TRUE,TRUE,"ok","ok","",""
"Qiita13631ASD","ASD Dan 2020",30,"balanced","Blautia",1,1,1,100,100,5502,TRUE,TRUE,FALSE,TRUE,TRUE,TRUE,TRUE,"no_observed_zeros","ok","",""
"Qiita13631ASD","ASD Dan 2020",30,"balanced","Clostridium",1,1,1,100,100,9182,TRUE,TRUE,FALSE,TRUE,TRUE,TRUE,TRUE,"no_observed_zeros","ok","",""
"Qiita13631ASD","ASD Dan 2020",30,"balanced","Collinsella",0.77,0.79,0.75,79,75,1133,TRUE,TRUE,FALSE,TRUE,TRUE,TRUE,TRUE,"structural_absence_boundary_at_zero","ok","",""
"Qiita13631ASD","ASD Dan 2020",30,"balanced","Coprococcus",1,1,1,100,100,7048,TRUE,TRUE,FALSE,TRUE,TRUE,TRUE,TRUE,"no_observed_zeros","ok","",""
"Qiita13631ASD","ASD Dan 2020",30,"balanced","Dialister",1,1,1,100,100,20203,TRUE,TRUE,FALSE,TRUE,TRUE,TRUE,TRUE,"no_observed_zeros","ok","",""
"Qiita13631ASD","ASD Dan 2020",30,"balanced","Dorea",0.995,0.99,1,99,100,5029,TRUE,TRUE,TRUE,FALSE,TRUE,TRUE,TRUE,"ok","ok","",""
"Qiita13631ASD","ASD Dan 2020",30,"balanced","Faecalibacterium",1,1,1,100,100,74290,TRUE,TRUE,FALSE,TRUE,TRUE,TRUE,TRUE,"no_observed_zeros","ok","",""
"Qiita13631ASD","ASD Dan 2020",30,"balanced","Fusobacterium",0.495,0.5,0.49,50,49,1148,TRUE,TRUE,FALSE,TRUE,TRUE,TRUE,TRUE,"structural_absence_boundary_at_zero","ok","",""
"Qiita13631ASD","ASD Dan 2020",30,"balanced","Haemophilus",0.965,0.95,0.98,95,98,4525,TRUE,TRUE,FALSE,TRUE,TRUE,TRUE,TRUE,"structural_absence_boundary_at_zero","ok","",""
"Qiita13631ASD","ASD Dan 2020",30,"balanced","Lachnobacterium",0.745,0.74,0.75,74,75,1243,TRUE,TRUE,TRUE,FALSE,TRUE,TRUE,TRUE,"ok","ok","",""
"Qiita13631ASD","ASD Dan 2020",30,"balanced","Lachnospira",1,1,1,100,100,24663,TRUE,TRUE,FALSE,TRUE,TRUE,TRUE,TRUE,"no_observed_zeros","ok","",""
"Qiita13631ASD","ASD Dan 2020",30,"balanced","Megamonas",0.985,0.97,1,97,100,18859,TRUE,TRUE,FALSE,TRUE,TRUE,TRUE,TRUE,"structural_absence_boundary_at_zero","ok","",""
"Qiita13631ASD","ASD Dan 2020",30,"balanced","Megasphaera",0.84,0.84,0.84,84,84,3543,TRUE,TRUE,FALSE,TRUE,TRUE,TRUE,TRUE,"structural_absence_boundary_at_zero","ok","",""
"Qiita13631ASD","ASD Dan 2020",30,"balanced","Oscillospira",1,1,1,100,100,10747,TRUE,TRUE,FALSE,TRUE,TRUE,TRUE,TRUE,"no_observed_zeros","ok","",""
"Qiita13631ASD","ASD Dan 2020",30,"balanced","Parabacteroides",1,1,1,100,100,23455,TRUE,TRUE,FALSE,TRUE,TRUE,TRUE,TRUE,"no_observed_zeros","ok","",""
"Qiita13631ASD","ASD Dan 2020",30,"balanced","Paraprevotella",0.835,0.84,0.83,84,83,2492,TRUE,TRUE,FALSE,TRUE,TRUE,TRUE,TRUE,"structural_absence_boundary_at_zero","ok","",""
"Qiita13631ASD","ASD Dan 2020",30,"balanced","Phascolarctobacterium",0.99,0.98,1,98,100,12456,TRUE,TRUE,TRUE,FALSE,TRUE,TRUE,TRUE,"ok","ok","",""
"Qiita13631ASD","ASD Dan 2020",30,"balanced","Prevotella",1,1,1,100,100,58330,TRUE,TRUE,FALSE,TRUE,TRUE,TRUE,TRUE,"no_observed_zeros","ok","",""
"Qiita13631ASD","ASD Dan 2020",30,"balanced","Roseburia",1,1,1,100,100,12214,TRUE,TRUE,FALSE,TRUE,TRUE,TRUE,TRUE,"no_observed_zeros","ok","",""
"Qiita13631ASD","ASD Dan 2020",30,"balanced","Ruminococcus",1,1,1,100,100,26098,TRUE,TRUE,FALSE,TRUE,TRUE,TRUE,TRUE,"no_observed_zeros","ok","",""
"Qiita13631ASD","ASD Dan 2020",30,"balanced","Streptococcus",0.975,0.97,0.98,97,98,2412,TRUE,TRUE,FALSE,TRUE,TRUE,TRUE,TRUE,"structural_absence_boundary_at_zero","ok","",""
"Qiita13631ASD","ASD Dan 2020",30,"balanced","Sutterella",1,1,1,100,100,14207,TRUE,TRUE,FALSE,TRUE,TRUE,TRUE,TRUE,"no_observed_zeros","ok","",""
"Qiita13631ASD","ASD Dan 2020",30,"balanced","Veillonella",0.995,0.99,1,99,100,6189,TRUE,TRUE,FALSE,TRUE,TRUE,TRUE,TRUE,"structural_absence_boundary_at_zero","ok","",""
"Qiita13631ASD","ASD Dan 2020",30,"fourfold","[Prevotella]",0.52,0.47,0.57,47,57,1009,TRUE,TRUE,TRUE,FALSE,TRUE,TRUE,TRUE,"ok","ok","",""
"Qiita13631ASD","ASD Dan 2020",30,"fourfold","[Ruminococcus]",1,1,1,100,100,10984,TRUE,TRUE,FALSE,TRUE,TRUE,TRUE,TRUE,"no_observed_zeros","ok","",""
"Qiita13631ASD","ASD Dan 2020",30,"fourfold","Akkermansia",0.7,0.52,0.88,52,88,2866,TRUE,TRUE,FALSE,TRUE,TRUE,TRUE,TRUE,"structural_absence_boundary_at_zero","ok","",""
"Qiita13631ASD","ASD Dan 2020",30,"fourfold","Anaerostipes",0.925,0.86,0.99,86,99,2687,TRUE,TRUE,FALSE,TRUE,TRUE,TRUE,TRUE,"structural_absence_boundary_at_zero","ok","",""
"Qiita13631ASD","ASD Dan 2020",30,"fourfold","Bacteroides",1,1,1,100,100,299813,TRUE,TRUE,FALSE,TRUE,TRUE,TRUE,TRUE,"no_observed_zeros","ok","",""
"Qiita13631ASD","ASD Dan 2020",30,"fourfold","Bifidobacterium",0.935,0.88,0.99,88,99,8141,TRUE,TRUE,FALSE,TRUE,TRUE,TRUE,TRUE,"structural_absence_boundary_at_zero","ok","",""
"Qiita13631ASD","ASD Dan 2020",30,"fourfold","Bilophila",0.91,0.84,0.98,84,98,1430,TRUE,TRUE,TRUE,FALSE,TRUE,TRUE,TRUE,"ok","ok","",""
"Qiita13631ASD","ASD Dan 2020",30,"fourfold","Blautia",1,1,1,100,100,5829,TRUE,TRUE,FALSE,TRUE,TRUE,TRUE,TRUE,"no_observed_zeros","ok","",""
"Qiita13631ASD","ASD Dan 2020",30,"fourfold","Clostridium",0.99,0.98,1,98,100,7951,TRUE,TRUE,FALSE,TRUE,TRUE,TRUE,TRUE,"structural_absence_boundary_at_zero","ok","",""
"Qiita13631ASD","ASD Dan 2020",30,"fourfold","Collinsella",0.695,0.56,0.83,56,83,716,TRUE,TRUE,FALSE,TRUE,TRUE,TRUE,TRUE,"structural_absence_boundary_at_zero","ok","",""
"Qiita13631ASD","ASD Dan 2020",30,"fourfold","Coprococcus",0.995,0.99,1,99,100,6558,TRUE,TRUE,FALSE,TRUE,TRUE,TRUE,TRUE,"structural_absence_boundary_at_zero","ok","",""
"Qiita13631ASD","ASD Dan 2020",30,"fourfold","Dialister",1,1,1,100,100,19293,TRUE,TRUE,FALSE,TRUE,TRUE,TRUE,TRUE,"no_observed_zeros","ok","",""
"Qiita13631ASD","ASD Dan 2020",30,"fourfold","Dorea",0.99,0.98,1,98,100,5171,TRUE,TRUE,TRUE,FALSE,TRUE,TRUE,TRUE,"ok","ok","",""
"Qiita13631ASD","ASD Dan 2020",30,"fourfold","Faecalibacterium",1,1,1,100,100,73422,TRUE,TRUE,FALSE,TRUE,TRUE,TRUE,TRUE,"no_observed_zeros","ok","",""
"Qiita13631ASD","ASD Dan 2020",30,"fourfold","Fusobacterium",0.415,0.32,0.51,32,51,1152,TRUE,TRUE,TRUE,FALSE,TRUE,TRUE,TRUE,"ok","ok","",""
"Qiita13631ASD","ASD Dan 2020",30,"fourfold","Haemophilus",0.91,0.85,0.97,85,97,4227,TRUE,TRUE,FALSE,TRUE,TRUE,TRUE,TRUE,"structural_absence_boundary_at_zero","ok","",""
"Qiita13631ASD","ASD Dan 2020",30,"fourfold","Lachnobacterium",0.705,0.59,0.82,59,82,1186,TRUE,TRUE,TRUE,FALSE,TRUE,TRUE,TRUE,"ok","ok","",""
"Qiita13631ASD","ASD Dan 2020",30,"fourfold","Lachnospira",1,1,1,100,100,25062,TRUE,TRUE,FALSE,TRUE,TRUE,TRUE,TRUE,"no_observed_zeros","ok","",""
"Qiita13631ASD","ASD Dan 2020",30,"fourfold","Megamonas",0.98,0.96,1,96,100,18029,TRUE,TRUE,FALSE,TRUE,TRUE,TRUE,TRUE,"structural_absence_boundary_at_zero","ok","",""
"Qiita13631ASD","ASD Dan 2020",30,"fourfold","Megasphaera",0.855,0.78,0.93,78,93,3028,TRUE,TRUE,FALSE,TRUE,TRUE,TRUE,TRUE,"structural_absence_boundary_at_zero","ok","",""
"Qiita13631ASD","ASD Dan 2020",30,"fourfold","Oscillospira",1,1,1,100,100,10374,TRUE,TRUE,FALSE,TRUE,TRUE,TRUE,TRUE,"no_observed_zeros","ok","",""
"Qiita13631ASD","ASD Dan 2020",30,"fourfold","Parabacteroides",1,1,1,100,100,22273,TRUE,TRUE,FALSE,TRUE,TRUE,TRUE,TRUE,"no_observed_zeros","ok","",""
"Qiita13631ASD","ASD Dan 2020",30,"fourfold","Paraprevotella",0.75,0.66,0.84,66,84,1762,TRUE,TRUE,TRUE,FALSE,TRUE,TRUE,TRUE,"ok","ok","",""
"Qiita13631ASD","ASD Dan 2020",30,"fourfold","Phascolarctobacterium",0.975,0.95,1,95,100,10411,TRUE,TRUE,FALSE,TRUE,TRUE,TRUE,TRUE,"structural_absence_boundary_at_zero","ok","",""
"Qiita13631ASD","ASD Dan 2020",30,"fourfold","Prevotella",0.99,0.99,0.99,99,99,44721,TRUE,TRUE,FALSE,TRUE,TRUE,TRUE,TRUE,"structural_absence_boundary_at_zero","ok","",""
"Qiita13631ASD","ASD Dan 2020",30,"fourfold","Roseburia",0.995,0.99,1,99,100,13302,TRUE,TRUE,TRUE,FALSE,TRUE,TRUE,TRUE,"ok","ok","",""
"Qiita13631ASD","ASD Dan 2020",30,"fourfold","Ruminococcus",1,1,1,100,100,26654,TRUE,TRUE,FALSE,TRUE,TRUE,TRUE,TRUE,"no_observed_zeros","ok","",""
"Qiita13631ASD","ASD Dan 2020",30,"fourfold","Streptococcus",0.96,0.92,1,92,100,2246,TRUE,TRUE,FALSE,TRUE,TRUE,TRUE,TRUE,"structural_absence_boundary_at_zero","ok","",""
"Qiita13631ASD","ASD Dan 2020",30,"fourfold","Sutterella",1,1,1,100,100,13465,TRUE,TRUE,FALSE,TRUE,TRUE,TRUE,TRUE,"no_observed_zeros","ok","",""
"Qiita13631ASD","ASD Dan 2020",30,"fourfold","Veillonella",0.965,0.93,1,93,100,5373,TRUE,TRUE,FALSE,TRUE,TRUE,TRUE,TRUE,"structural_absence_boundary_at_zero","ok","",""
"Qiita13631ASD","ASD Dan 2020",31,"balanced","[Prevotella]",0.525,0.6,0.45,60,45,1575,TRUE,TRUE,TRUE,FALSE,TRUE,TRUE,TRUE,"ok","ok","",""
"Qiita13631ASD","ASD Dan 2020",31,"balanced","[Ruminococcus]",1,1,1,100,100,11841,TRUE,TRUE,FALSE,TRUE,TRUE,TRUE,TRUE,"no_observed_zeros","ok","",""
"Qiita13631ASD","ASD Dan 2020",31,"balanced","Akkermansia",0.76,0.76,0.76,76,76,3715,TRUE,TRUE,FALSE,TRUE,TRUE,TRUE,TRUE,"structural_absence_boundary_at_zero","ok","",""
"Qiita13631ASD","ASD Dan 2020",31,"balanced","Anaerostipes",0.99,1,0.98,100,98,2550,TRUE,TRUE,FALSE,TRUE,TRUE,TRUE,TRUE,"structural_absence_boundary_at_zero","ok","",""
"Qiita13631ASD","ASD Dan 2020",31,"balanced","Bacteroides",1,1,1,100,100,303952,TRUE,TRUE,FALSE,TRUE,TRUE,TRUE,TRUE,"no_observed_zeros","ok","",""
"Qiita13631ASD","ASD Dan 2020",31,"balanced","Bifidobacterium",0.98,1,0.96,100,96,7633,TRUE,TRUE,FALSE,TRUE,TRUE,TRUE,TRUE,"structural_absence_boundary_at_zero","ok","",""
"Qiita13631ASD","ASD Dan 2020",31,"balanced","Bilophila",0.965,0.96,0.97,96,97,1478,TRUE,TRUE,FALSE,TRUE,TRUE,TRUE,TRUE,"structural_absence_boundary_at_zero","ok","",""
"Qiita13631ASD","ASD Dan 2020",31,"balanced","Blautia",1,1,1,100,100,5604,TRUE,TRUE,FALSE,TRUE,TRUE,TRUE,TRUE,"no_observed_zeros","ok","",""
"Qiita13631ASD","ASD Dan 2020",31,"balanced","Clostridium",1,1,1,100,100,9062,TRUE,TRUE,FALSE,TRUE,TRUE,TRUE,TRUE,"no_observed_zeros","ok","",""
"Qiita13631ASD","ASD Dan 2020",31,"balanced","Collinsella",0.75,0.74,0.76,74,76,831,TRUE,TRUE,FALSE,TRUE,TRUE,TRUE,TRUE,"structural_absence_boundary_at_zero","ok","",""
"Qiita13631ASD","ASD Dan 2020",31,"balanced","Coprococcus",0.995,0.99,1,99,100,6570,TRUE,TRUE,TRUE,FALSE,TRUE,TRUE,TRUE,"ok","ok","",""
"Qiita13631ASD","ASD Dan 2020",31,"balanced","Dialister",1,1,1,100,100,23062,TRUE,TRUE,FALSE,TRUE,TRUE,TRUE,TRUE,"no_observed_zeros","ok","",""
"Qiita13631ASD","ASD Dan 2020",31,"balanced","Dorea",0.995,0.99,1,99,100,5385,TRUE,TRUE,TRUE,FALSE,TRUE,TRUE,TRUE,"ok","ok","",""
"Qiita13631ASD","ASD Dan 2020",31,"balanced","Faecalibacterium",1,1,1,100,100,72109,TRUE,TRUE,FALSE,TRUE,TRUE,TRUE,TRUE,"no_observed_zeros","ok","",""
"Qiita13631ASD","ASD Dan 2020",31,"balanced","Fusobacterium",0.535,0.56,0.51,56,51,1305,TRUE,TRUE,FALSE,TRUE,TRUE,TRUE,TRUE,"structural_absence_boundary_at_zero","ok","",""
"Qiita13631ASD","ASD Dan 2020",31,"balanced","Haemophilus",0.965,0.96,0.97,96,97,4607,TRUE,TRUE,FALSE,TRUE,TRUE,TRUE,TRUE,"structural_absence_boundary_at_zero","ok","",""
"Qiita13631ASD","ASD Dan 2020",31,"balanced","Lachnobacterium",0.735,0.74,0.73,74,73,1177,TRUE,TRUE,TRUE,FALSE,TRUE,TRUE,TRUE,"ok","ok","",""
"Qiita13631ASD","ASD Dan 2020",31,"balanced","Lachnospira",1,1,1,100,100,22929,TRUE,TRUE,FALSE,TRUE,TRUE,TRUE,TRUE,"no_observed_zeros","ok","",""
"Qiita13631ASD","ASD Dan 2020",31,"balanced","Megamonas",0.985,0.99,0.98,99,98,18568,TRUE,TRUE,FALSE,TRUE,TRUE,TRUE,TRUE,"structural_absence_boundary_at_zero","ok","",""
"Qiita13631ASD","ASD Dan 2020",31,"balanced","Megasphaera",0.865,0.88,0.85,88,85,3939,TRUE,TRUE,FALSE,TRUE,TRUE,TRUE,TRUE,"structural_absence_boundary_at_zero","ok","",""
"Qiita13631ASD","ASD Dan 2020",31,"balanced","Oscillospira",1,1,1,100,100,10911,TRUE,TRUE,FALSE,TRUE,TRUE,TRUE,TRUE,"no_observed_zeros","ok","",""
"Qiita13631ASD","ASD Dan 2020",31,"balanced","Parabacteroides",1,1,1,100,100,23308,TRUE,TRUE,FALSE,TRUE,TRUE,TRUE,TRUE,"no_observed_zeros","ok","",""
"Qiita13631ASD","ASD Dan 2020",31,"balanced","Paraprevotella",0.785,0.77,0.8,77,80,2393,TRUE,TRUE,TRUE,FALSE,TRUE,TRUE,TRUE,"ok","ok","",""
"Qiita13631ASD","ASD Dan 2020",31,"balanced","Phascolarctobacterium",1,1,1,100,100,10068,TRUE,TRUE,FALSE,TRUE,TRUE,TRUE,TRUE,"no_observed_zeros","ok","",""
"Qiita13631ASD","ASD Dan 2020",31,"balanced","Prevotella",0.995,1,0.99,100,99,53761,TRUE,TRUE,FALSE,TRUE,TRUE,TRUE,TRUE,"structural_absence_boundary_at_zero","ok","",""
"Qiita13631ASD","ASD Dan 2020",31,"balanced","Roseburia",1,1,1,100,100,12737,TRUE,TRUE,FALSE,TRUE,TRUE,TRUE,TRUE,"no_observed_zeros","ok","",""
"Qiita13631ASD","ASD Dan 2020",31,"balanced","Ruminococcus",1,1,1,100,100,27273,TRUE,TRUE,FALSE,TRUE,TRUE,TRUE,TRUE,"no_observed_zeros","ok","",""
"Qiita13631ASD","ASD Dan 2020",31,"balanced","Streptococcus",0.985,1,0.97,100,97,2285,TRUE,TRUE,FALSE,TRUE,TRUE,TRUE,TRUE,"structural_absence_boundary_at_zero","ok","",""
"Qiita13631ASD","ASD Dan 2020",31,"balanced","Sutterella",1,1,1,100,100,13984,TRUE,TRUE,FALSE,TRUE,TRUE,TRUE,TRUE,"no_observed_zeros","ok","",""
"Qiita13631ASD","ASD Dan 2020",31,"balanced","Veillonella",1,1,1,100,100,5298,TRUE,TRUE,FALSE,TRUE,TRUE,TRUE,TRUE,"no_observed_zeros","ok","",""
"Qiita13631ASD","ASD Dan 2020",31,"fourfold","[Prevotella]",0.5,0.49,0.51,49,51,1319,TRUE,TRUE,TRUE,FALSE,TRUE,TRUE,TRUE,"ok","ok","",""
"Qiita13631ASD","ASD Dan 2020",31,"fourfold","[Ruminococcus]",0.995,0.99,1,99,100,11710,TRUE,TRUE,FALSE,TRUE,TRUE,TRUE,TRUE,"structural_absence_boundary_at_zero","ok","",""
"Qiita13631ASD","ASD Dan 2020",31,"fourfold","Akkermansia",0.725,0.59,0.86,59,86,3620,TRUE,TRUE,FALSE,TRUE,TRUE,TRUE,TRUE,"structural_absence_boundary_at_zero","ok","",""
"Qiita13631ASD","ASD Dan 2020",31,"fourfold","Anaerostipes",0.925,0.87,0.98,87,98,2712,TRUE,TRUE,TRUE,FALSE,TRUE,TRUE,TRUE,"ok","ok","",""
"Qiita13631ASD","ASD Dan 2020",31,"fourfold","Bacteroides",1,1,1,100,100,306250,TRUE,TRUE,FALSE,TRUE,TRUE,TRUE,TRUE,"no_observed_zeros","ok","",""
"Qiita13631ASD","ASD Dan 2020",31,"fourfold","Bifidobacterium",0.92,0.88,0.96,88,96,9531,TRUE,TRUE,FALSE,TRUE,TRUE,TRUE,TRUE,"structural_absence_boundary_at_zero","ok","",""
"Qiita13631ASD","ASD Dan 2020",31,"fourfold","Bilophila",0.915,0.86,0.97,86,97,1594,TRUE,TRUE,FALSE,TRUE,TRUE,TRUE,TRUE,"structural_absence_boundary_at_zero","ok","",""
"Qiita13631ASD","ASD Dan 2020",31,"fourfold","Blautia",0.995,0.99,1,99,100,5692,TRUE,TRUE,FALSE,TRUE,TRUE,TRUE,TRUE,"structural_absence_boundary_at_zero","ok","",""
"Qiita13631ASD","ASD Dan 2020",31,"fourfold","Clostridium",1,1,1,100,100,7919,TRUE,TRUE,FALSE,TRUE,TRUE,TRUE,TRUE,"no_observed_zeros","ok","",""
"Qiita13631ASD","ASD Dan 2020",31,"fourfold","Collinsella",0.685,0.47,0.9,47,90,756,TRUE,TRUE,FALSE,TRUE,TRUE,TRUE,TRUE,"structural_absence_boundary_at_zero","ok","",""
"Qiita13631ASD","ASD Dan 2020",31,"fourfold","Coprococcus",0.99,0.98,1,98,100,6546,TRUE,TRUE,FALSE,TRUE,TRUE,TRUE,TRUE,"structural_absence_boundary_at_zero","ok","",""
"Qiita13631ASD","ASD Dan 2020",31,"fourfold","Dialister",0.985,0.97,1,97,100,22362,TRUE,TRUE,TRUE,FALSE,TRUE,TRUE,TRUE,"ok","ok","",""
"Qiita13631ASD","ASD Dan 2020",31,"fourfold","Dorea",0.98,0.96,1,96,100,5494,TRUE,TRUE,FALSE,TRUE,TRUE,TRUE,TRUE,"structural_absence_boundary_at_zero","ok","",""
"Qiita13631ASD","ASD Dan 2020",31,"fourfold","Faecalibacterium",1,1,1,100,100,72408,TRUE,TRUE,FALSE,TRUE,TRUE,TRUE,TRUE,"no_observed_zeros","ok","",""
"Qiita13631ASD","ASD Dan 2020",31,"fourfold","Fusobacterium",0.415,0.26,0.57,26,57,1301,TRUE,TRUE,FALSE,TRUE,TRUE,TRUE,TRUE,"structural_absence_boundary_at_zero","ok","",""
"Qiita13631ASD","ASD Dan 2020",31,"fourfold","Haemophilus",0.93,0.86,1,86,100,5620,TRUE,TRUE,FALSE,TRUE,TRUE,TRUE,TRUE,"structural_absence_boundary_at_zero","ok","",""
"Qiita13631ASD","ASD Dan 2020",31,"fourfold","Lachnobacterium",0.655,0.54,0.77,54,77,1192,TRUE,TRUE,TRUE,FALSE,TRUE,TRUE,TRUE,"ok","ok","",""
"Qiita13631ASD","ASD Dan 2020",31,"fourfold","Lachnospira",1,1,1,100,100,23688,TRUE,TRUE,FALSE,TRUE,TRUE,TRUE,TRUE,"no_observed_zeros","ok","",""
"Qiita13631ASD","ASD Dan 2020",31,"fourfold","Megamonas",0.97,0.94,1,94,100,20536,TRUE,TRUE,FALSE,TRUE,TRUE,TRUE,TRUE,"structural_absence_boundary_at_zero","ok","",""
"Qiita13631ASD","ASD Dan 2020",31,"fourfold","Megasphaera",0.835,0.74,0.93,74,93,2830,TRUE,TRUE,FALSE,TRUE,TRUE,TRUE,TRUE,"structural_absence_boundary_at_zero","ok","",""
"Qiita13631ASD","ASD Dan 2020",31,"fourfold","Oscillospira",0.995,0.99,1,99,100,10871,TRUE,TRUE,TRUE,FALSE,TRUE,TRUE,TRUE,"ok","ok","",""
"Qiita13631ASD","ASD Dan 2020",31,"fourfold","Parabacteroides",0.995,0.99,1,99,100,24678,TRUE,TRUE,TRUE,FALSE,TRUE,TRUE,TRUE,"ok","ok","",""
"Qiita13631ASD","ASD Dan 2020",31,"fourfold","Paraprevotella",0.745,0.62,0.87,62,87,2191,TRUE,TRUE,TRUE,FALSE,TRUE,TRUE,TRUE,"ok","ok","",""
"Qiita13631ASD","ASD Dan 2020",31,"fourfold","Phascolarctobacterium",0.985,0.97,1,97,100,9175,TRUE,TRUE,FALSE,TRUE,TRUE,TRUE,TRUE,"structural_absence_boundary_at_zero","ok","",""
"Qiita13631ASD","ASD Dan 2020",31,"fourfold","Prevotella",0.99,0.98,1,98,100,40577,TRUE,TRUE,FALSE,TRUE,TRUE,TRUE,TRUE,"structural_absence_boundary_at_zero","ok","",""
"Qiita13631ASD","ASD Dan 2020",31,"fourfold","Roseburia",0.995,0.99,1,99,100,12088,TRUE,TRUE,FALSE,TRUE,TRUE,TRUE,TRUE,"structural_absence_boundary_at_zero","ok","",""
"Qiita13631ASD","ASD Dan 2020",31,"fourfold","Ruminococcus",0.995,0.99,1,99,100,26089,TRUE,TRUE,TRUE,FALSE,TRUE,TRUE,TRUE,"ok","ok","",""
"Qiita13631ASD","ASD Dan 2020",31,"fourfold","Streptococcus",0.94,0.89,0.99,89,99,2496,TRUE,TRUE,FALSE,TRUE,TRUE,TRUE,TRUE,"structural_absence_boundary_at_zero","ok","",""
"Qiita13631ASD","ASD Dan 2020",31,"fourfold","Sutterella",0.995,0.99,1,99,100,14504,TRUE,TRUE,TRUE,FALSE,TRUE,TRUE,TRUE,"ok","ok","",""
"Qiita13631ASD","ASD Dan 2020",31,"fourfold","Veillonella",0.94,0.88,1,88,100,4675,TRUE,TRUE,FALSE,TRUE,TRUE,TRUE,TRUE,"structural_absence_boundary_at_zero","ok","",""
"Qiita13631ASD","ASD Dan 2020",32,"balanced","[Prevotella]",0.535,0.54,0.53,54,53,1618,TRUE,TRUE,TRUE,FALSE,TRUE,TRUE,TRUE,"ok","ok","",""
"Qiita13631ASD","ASD Dan 2020",32,"balanced","[Ruminococcus]",1,1,1,100,100,11974,TRUE,TRUE,FALSE,TRUE,TRUE,TRUE,TRUE,"no_observed_zeros","ok","",""
"Qiita13631ASD","ASD Dan 2020",32,"balanced","Akkermansia",0.77,0.78,0.76,78,76,3543,TRUE,TRUE,FALSE,TRUE,TRUE,TRUE,TRUE,"structural_absence_boundary_at_zero","ok","",""
"Qiita13631ASD","ASD Dan 2020",32,"balanced","Anaerostipes",0.935,0.92,0.95,92,95,2475,TRUE,TRUE,TRUE,FALSE,TRUE,TRUE,TRUE,"ok","ok","",""
"Qiita13631ASD","ASD Dan 2020",32,"balanced","Bacteroides",1,1,1,100,100,298653,TRUE,TRUE,FALSE,TRUE,TRUE,TRUE,TRUE,"no_observed_zeros","ok","",""
"Qiita13631ASD","ASD Dan 2020",32,"balanced","Bifidobacterium",0.96,0.94,0.98,94,98,9019,TRUE,TRUE,FALSE,TRUE,TRUE,TRUE,TRUE,"structural_absence_boundary_at_zero","ok","",""
"Qiita13631ASD","ASD Dan 2020",32,"balanced","Bilophila",0.96,0.97,0.95,97,95,1549,TRUE,TRUE,FALSE,TRUE,TRUE,TRUE,TRUE,"structural_absence_boundary_at_zero","ok","",""
"Qiita13631ASD","ASD Dan 2020",32,"balanced","Blautia",1,1,1,100,100,5362,TRUE,TRUE,FALSE,TRUE,TRUE,TRUE,TRUE,"no_observed_zeros","ok","",""
"Qiita13631ASD","ASD Dan 2020",32,"balanced","Clostridium",1,1,1,100,100,8274,TRUE,TRUE,FALSE,TRUE,TRUE,TRUE,TRUE,"no_observed_zeros","ok","",""
"Qiita13631ASD","ASD Dan 2020",32,"balanced","Collinsella",0.775,0.78,0.77,78,77,1071,TRUE,TRUE,FALSE,TRUE,TRUE,TRUE,TRUE,"structural_absence_boundary_at_zero","ok","",""
"Qiita13631ASD","ASD Dan 2020",32,"balanced","Coprococcus",1,1,1,100,100,6607,TRUE,TRUE,FALSE,TRUE,TRUE,TRUE,TRUE,"no_observed_zeros","ok","",""
"Qiita13631ASD","ASD Dan 2020",32,"balanced","Dialister",1,1,1,100,100,21046,TRUE,TRUE,FALSE,TRUE,TRUE,TRUE,TRUE,"no_observed_zeros","ok","",""
"Qiita13631ASD","ASD Dan 2020",32,"balanced","Dorea",1,1,1,100,100,5190,TRUE,TRUE,FALSE,TRUE,TRUE,TRUE,TRUE,"no_observed_zeros","ok","",""
"Qiita13631ASD","ASD Dan 2020",32,"balanced","Faecalibacterium",1,1,1,100,100,74204,TRUE,TRUE,FALSE,TRUE,TRUE,TRUE,TRUE,"no_observed_zeros","ok","",""
"Qiita13631ASD","ASD Dan 2020",32,"balanced","Fusobacterium",0.495,0.52,0.47,52,47,1902,TRUE,TRUE,FALSE,TRUE,TRUE,TRUE,TRUE,"structural_absence_boundary_at_zero","ok","",""
"Qiita13631ASD","ASD Dan 2020",32,"balanced","Haemophilus",0.965,0.97,0.96,97,96,5275,TRUE,TRUE,FALSE,TRUE,TRUE,TRUE,TRUE,"structural_absence_boundary_at_zero","ok","",""
"Qiita13631ASD","ASD Dan 2020",32,"balanced","Lachnobacterium",0.71,0.76,0.66,76,66,1297,TRUE,TRUE,TRUE,FALSE,TRUE,TRUE,TRUE,"ok","ok","",""
"Qiita13631ASD","ASD Dan 2020",32,"balanced","Lachnospira",1,1,1,100,100,23628,TRUE,TRUE,FALSE,TRUE,TRUE,TRUE,TRUE,"no_observed_zeros","ok","",""
"Qiita13631ASD","ASD Dan 2020",32,"balanced","Megamonas",0.99,0.98,1,98,100,17793,TRUE,TRUE,FALSE,TRUE,TRUE,TRUE,TRUE,"structural_absence_boundary_at_zero","ok","",""
"Qiita13631ASD","ASD Dan 2020",32,"balanced","Megasphaera",0.86,0.88,0.84,88,84,3423,TRUE,TRUE,FALSE,TRUE,TRUE,TRUE,TRUE,"structural_absence_boundary_at_zero","ok","",""
"Qiita13631ASD","ASD Dan 2020",32,"balanced","Oscillospira",1,1,1,100,100,10799,TRUE,TRUE,FALSE,TRUE,TRUE,TRUE,TRUE,"no_observed_zeros","ok","",""
"Qiita13631ASD","ASD Dan 2020",32,"balanced","Parabacteroides",1,1,1,100,100,22635,TRUE,TRUE,FALSE,TRUE,TRUE,TRUE,TRUE,"no_observed_zeros","ok","",""
"Qiita13631ASD","ASD Dan 2020",32,"balanced","Paraprevotella",0.835,0.8,0.87,80,87,2123,TRUE,TRUE,FALSE,TRUE,TRUE,TRUE,TRUE,"structural_absence_boundary_at_zero","ok","",""
"Qiita13631ASD","ASD Dan 2020",32,"balanced","Phascolarctobacterium",0.995,1,0.99,100,99,9365,TRUE,TRUE,FALSE,TRUE,TRUE,TRUE,TRUE,"structural_absence_boundary_at_zero","ok","",""
"Qiita13631ASD","ASD Dan 2020",32,"balanced","Prevotella",1,1,1,100,100,51535,TRUE,TRUE,FALSE,TRUE,TRUE,TRUE,TRUE,"no_observed_zeros","ok","",""
"Qiita13631ASD","ASD Dan 2020",32,"balanced","Roseburia",1,1,1,100,100,13073,TRUE,TRUE,FALSE,TRUE,TRUE,TRUE,TRUE,"no_observed_zeros","ok","",""
"Qiita13631ASD","ASD Dan 2020",32,"balanced","Ruminococcus",0.995,1,0.99,100,99,26528,TRUE,TRUE,TRUE,FALSE,TRUE,TRUE,TRUE,"ok","ok","",""
"Qiita13631ASD","ASD Dan 2020",32,"balanced","Streptococcus",0.97,1,0.94,100,94,2460,TRUE,TRUE,FALSE,TRUE,TRUE,TRUE,TRUE,"structural_absence_boundary_at_zero","ok","",""
"Qiita13631ASD","ASD Dan 2020",32,"balanced","Sutterella",1,1,1,100,100,13876,TRUE,TRUE,FALSE,TRUE,TRUE,TRUE,TRUE,"no_observed_zeros","ok","",""
"Qiita13631ASD","ASD Dan 2020",32,"balanced","Veillonella",0.995,0.99,1,99,100,5710,TRUE,TRUE,FALSE,TRUE,TRUE,TRUE,TRUE,"structural_absence_boundary_at_zero","ok","",""
"Qiita13631ASD","ASD Dan 2020",32,"fourfold","[Prevotella]",0.495,0.41,0.58,41,58,1525,TRUE,TRUE,TRUE,FALSE,TRUE,TRUE,TRUE,"ok","ok","",""
"Qiita13631ASD","ASD Dan 2020",32,"fourfold","[Ruminococcus]",1,1,1,100,100,10705,TRUE,TRUE,FALSE,TRUE,TRUE,TRUE,TRUE,"no_observed_zeros","ok","",""
"Qiita13631ASD","ASD Dan 2020",32,"fourfold","Akkermansia",0.725,0.61,0.84,61,84,4730,TRUE,TRUE,FALSE,TRUE,TRUE,TRUE,TRUE,"structural_absence_boundary_at_zero","ok","",""
"Qiita13631ASD","ASD Dan 2020",32,"fourfold","Anaerostipes",0.925,0.85,1,85,100,2527,TRUE,TRUE,FALSE,TRUE,TRUE,TRUE,TRUE,"structural_absence_boundary_at_zero","ok","",""
"Qiita13631ASD","ASD Dan 2020",32,"fourfold","Bacteroides",1,1,1,100,100,299660,TRUE,TRUE,FALSE,TRUE,TRUE,TRUE,TRUE,"no_observed_zeros","ok","",""
"Qiita13631ASD","ASD Dan 2020",32,"fourfold","Bifidobacterium",0.95,0.91,0.99,91,99,6636,TRUE,TRUE,FALSE,TRUE,TRUE,TRUE,TRUE,"structural_absence_boundary_at_zero","ok","",""
"Qiita13631ASD","ASD Dan 2020",32,"fourfold","Bilophila",0.88,0.78,0.98,78,98,1417,TRUE,TRUE,FALSE,TRUE,TRUE,TRUE,TRUE,"structural_absence_boundary_at_zero","ok","",""
"Qiita13631ASD","ASD Dan 2020",32,"fourfold","Blautia",0.995,0.99,1,99,100,4760,TRUE,TRUE,FALSE,TRUE,TRUE,TRUE,TRUE,"structural_absence_boundary_at_zero","ok","",""
"Qiita13631ASD","ASD Dan 2020",32,"fourfold","Clostridium",1,1,1,100,100,7444,TRUE,TRUE,FALSE,TRUE,TRUE,TRUE,TRUE,"no_observed_zeros","ok","",""
"Qiita13631ASD","ASD Dan 2020",32,"fourfold","Collinsella",0.665,0.47,0.86,47,86,785,TRUE,TRUE,FALSE,TRUE,TRUE,TRUE,TRUE,"structural_absence_boundary_at_zero","ok","",""
"Qiita13631ASD","ASD Dan 2020",32,"fourfold","Coprococcus",0.995,0.99,1,99,100,6410,TRUE,TRUE,FALSE,TRUE,TRUE,TRUE,TRUE,"structural_absence_boundary_at_zero","ok","",""
"Qiita13631ASD","ASD Dan 2020",32,"fourfold","Dialister",1,1,1,100,100,18673,TRUE,TRUE,FALSE,TRUE,TRUE,TRUE,TRUE,"no_observed_zeros","ok","",""
"Qiita13631ASD","ASD Dan 2020",32,"fourfold","Dorea",0.99,0.98,1,98,100,4568,TRUE,TRUE,TRUE,FALSE,TRUE,TRUE,TRUE,"ok","ok","",""
"Qiita13631ASD","ASD Dan 2020",32,"fourfold","Faecalibacterium",1,1,1,100,100,69361,TRUE,TRUE,FALSE,TRUE,TRUE,TRUE,TRUE,"no_observed_zeros","ok","",""
"Qiita13631ASD","ASD Dan 2020",32,"fourfold","Fusobacterium",0.425,0.33,0.52,33,52,738,TRUE,TRUE,FALSE,TRUE,TRUE,TRUE,TRUE,"structural_absence_boundary_at_zero","ok","",""
"Qiita13631ASD","ASD Dan 2020",32,"fourfold","Haemophilus",0.94,0.92,0.96,92,96,4115,TRUE,TRUE,FALSE,TRUE,TRUE,TRUE,TRUE,"structural_absence_boundary_at_zero","ok","",""
"Qiita13631ASD","ASD Dan 2020",32,"fourfold","Lachnobacterium",0.665,0.59,0.74,59,74,948,TRUE,TRUE,TRUE,FALSE,TRUE,TRUE,TRUE,"ok","ok","",""
"Qiita13631ASD","ASD Dan 2020",32,"fourfold","Lachnospira",1,1,1,100,100,23881,TRUE,TRUE,FALSE,TRUE,TRUE,TRUE,TRUE,"no_observed_zeros","ok","",""
"Qiita13631ASD","ASD Dan 2020",32,"fourfold","Megamonas",0.975,0.95,1,95,100,14189,TRUE,TRUE,FALSE,TRUE,TRUE,TRUE,TRUE,"structural_absence_boundary_at_zero","ok","",""
"Qiita13631ASD","ASD Dan 2020",32,"fourfold","Megasphaera",0.83,0.74,0.92,74,92,2790,TRUE,TRUE,FALSE,TRUE,TRUE,TRUE,TRUE,"structural_absence_boundary_at_zero","ok","",""
"Qiita13631ASD","ASD Dan 2020",32,"fourfold","Oscillospira",1,1,1,100,100,10428,TRUE,TRUE,FALSE,TRUE,TRUE,TRUE,TRUE,"no_observed_zeros","ok","",""
"Qiita13631ASD","ASD Dan 2020",32,"fourfold","Parabacteroides",1,1,1,100,100,23092,TRUE,TRUE,FALSE,TRUE,TRUE,TRUE,TRUE,"no_observed_zeros","ok","",""
"Qiita13631ASD","ASD Dan 2020",32,"fourfold","Paraprevotella",0.79,0.69,0.89,69,89,2244,TRUE,TRUE,FALSE,TRUE,TRUE,TRUE,TRUE,"structural_absence_boundary_at_zero","ok","",""
"Qiita13631ASD","ASD Dan 2020",32,"fourfold","Phascolarctobacterium",0.99,0.98,1,98,100,9978,TRUE,TRUE,FALSE,TRUE,TRUE,TRUE,TRUE,"structural_absence_boundary_at_zero","ok","",""
"Qiita13631ASD","ASD Dan 2020",32,"fourfold","Prevotella",0.975,0.95,1,95,100,45422,TRUE,TRUE,TRUE,FALSE,TRUE,TRUE,TRUE,"ok","ok","",""
"Qiita13631ASD","ASD Dan 2020",32,"fourfold","Roseburia",0.99,0.98,1,98,100,11088,TRUE,TRUE,TRUE,FALSE,TRUE,TRUE,TRUE,"ok","ok","",""
"Qiita13631ASD","ASD Dan 2020",32,"fourfold","Ruminococcus",1,1,1,100,100,25795,TRUE,TRUE,FALSE,TRUE,TRUE,TRUE,TRUE,"no_observed_zeros","ok","",""
"Qiita13631ASD","ASD Dan 2020",32,"fourfold","Streptococcus",0.935,0.89,0.98,89,98,2220,TRUE,TRUE,FALSE,TRUE,TRUE,TRUE,TRUE,"structural_absence_boundary_at_zero","ok","",""
"Qiita13631ASD","ASD Dan 2020",32,"fourfold","Sutterella",0.995,0.99,1,99,100,13266,TRUE,TRUE,FALSE,TRUE,TRUE,TRUE,TRUE,"structural_absence_boundary_at_zero","ok","",""
"Qiita13631ASD","ASD Dan 2020",32,"fourfold","Veillonella",0.96,0.92,1,92,100,4981,TRUE,TRUE,FALSE,TRUE,TRUE,TRUE,TRUE,"structural_absence_boundary_at_zero","ok","",""
"Qiita13631ASD","ASD Dan 2020",33,"balanced","[Prevotella]",0.56,0.55,0.57,55,57,1800,TRUE,TRUE,TRUE,FALSE,TRUE,TRUE,TRUE,"ok","ok","",""
"Qiita13631ASD","ASD Dan 2020",33,"balanced","[Ruminococcus]",1,1,1,100,100,11534,TRUE,TRUE,FALSE,TRUE,TRUE,TRUE,TRUE,"no_observed_zeros","ok","",""
"Qiita13631ASD","ASD Dan 2020",33,"balanced","Akkermansia",0.775,0.79,0.76,79,76,3785,TRUE,TRUE,FALSE,TRUE,TRUE,TRUE,TRUE,"structural_absence_boundary_at_zero","ok","",""
"Qiita13631ASD","ASD Dan 2020",33,"balanced","Anaerostipes",0.945,0.95,0.94,95,94,2792,TRUE,TRUE,TRUE,FALSE,TRUE,TRUE,TRUE,"ok","ok","",""
"Qiita13631ASD","ASD Dan 2020",33,"balanced","Bacteroides",1,1,1,100,100,296867,TRUE,TRUE,FALSE,TRUE,TRUE,TRUE,TRUE,"no_observed_zeros","ok","",""
"Qiita13631ASD","ASD Dan 2020",33,"balanced","Bifidobacterium",0.975,0.96,0.99,96,99,9998,TRUE,TRUE,FALSE,TRUE,TRUE,TRUE,TRUE,"structural_absence_boundary_at_zero","ok","",""
"Qiita13631ASD","ASD Dan 2020",33,"balanced","Bilophila",0.97,0.95,0.99,95,99,1430,TRUE,TRUE,FALSE,TRUE,TRUE,TRUE,TRUE,"structural_absence_boundary_at_zero","ok","",""
"Qiita13631ASD","ASD Dan 2020",33,"balanced","Blautia",1,1,1,100,100,5542,TRUE,TRUE,FALSE,TRUE,TRUE,TRUE,TRUE,"no_observed_zeros","ok","",""
"Qiita13631ASD","ASD Dan 2020",33,"balanced","Clostridium",1,1,1,100,100,8864,TRUE,TRUE,FALSE,TRUE,TRUE,TRUE,TRUE,"no_observed_zeros","ok","",""
"Qiita13631ASD","ASD Dan 2020",33,"balanced","Collinsella",0.685,0.67,0.7,67,70,868,TRUE,TRUE,FALSE,TRUE,TRUE,TRUE,TRUE,"structural_absence_boundary_at_zero","ok","",""
"Qiita13631ASD","ASD Dan 2020",33,"balanced","Coprococcus",1,1,1,100,100,6510,TRUE,TRUE,FALSE,TRUE,TRUE,TRUE,TRUE,"no_observed_zeros","ok","",""
"Qiita13631ASD","ASD Dan 2020",33,"balanced","Dialister",1,1,1,100,100,21470,TRUE,TRUE,FALSE,TRUE,TRUE,TRUE,TRUE,"no_observed_zeros","ok","",""
"Qiita13631ASD","ASD Dan 2020",33,"balanced","Dorea",1,1,1,100,100,5083,TRUE,TRUE,FALSE,TRUE,TRUE,TRUE,TRUE,"no_observed_zeros","ok","",""
"Qiita13631ASD","ASD Dan 2020",33,"balanced","Faecalibacterium",1,1,1,100,100,71460,TRUE,TRUE,FALSE,TRUE,TRUE,TRUE,TRUE,"no_observed_zeros","ok","",""
"Qiita13631ASD","ASD Dan 2020",33,"balanced","Fusobacterium",0.57,0.57,0.57,57,57,1859,TRUE,TRUE,FALSE,TRUE,TRUE,TRUE,TRUE,"structural_absence_boundary_at_zero","ok","",""
"Qiita13631ASD","ASD Dan 2020",33,"balanced","Haemophilus",0.96,0.95,0.97,95,97,5108,TRUE,TRUE,FALSE,TRUE,TRUE,TRUE,TRUE,"structural_absence_boundary_at_zero","ok","",""
"Qiita13631ASD","ASD Dan 2020",33,"balanced","Lachnobacterium",0.64,0.73,0.55,73,55,1181,TRUE,TRUE,TRUE,FALSE,TRUE,TRUE,TRUE,"ok","ok","",""
"Qiita13631ASD","ASD Dan 2020",33,"balanced","Lachnospira",1,1,1,100,100,23664,TRUE,TRUE,FALSE,TRUE,TRUE,TRUE,TRUE,"no_observed_zeros","ok","",""
"Qiita13631ASD","ASD Dan 2020",33,"balanced","Megamonas",1,1,1,100,100,19068,TRUE,TRUE,FALSE,TRUE,TRUE,TRUE,TRUE,"no_observed_zeros","ok","",""
"Qiita13631ASD","ASD Dan 2020",33,"balanced","Megasphaera",0.865,0.87,0.86,87,86,3319,TRUE,TRUE,FALSE,TRUE,TRUE,TRUE,TRUE,"structural_absence_boundary_at_zero","ok","",""
"Qiita13631ASD","ASD Dan 2020",33,"balanced","Oscillospira",1,1,1,100,100,10724,TRUE,TRUE,FALSE,TRUE,TRUE,TRUE,TRUE,"no_observed_zeros","ok","",""
"Qiita13631ASD","ASD Dan 2020",33,"balanced","Parabacteroides",1,1,1,100,100,22989,TRUE,TRUE,FALSE,TRUE,TRUE,TRUE,TRUE,"no_observed_zeros","ok","",""
"Qiita13631ASD","ASD Dan 2020",33,"balanced","Paraprevotella",0.77,0.81,0.73,81,73,2008,TRUE,TRUE,TRUE,FALSE,TRUE,TRUE,TRUE,"ok","ok","",""
"Qiita13631ASD","ASD Dan 2020",33,"balanced","Phascolarctobacterium",0.99,0.98,1,98,100,10102,TRUE,TRUE,TRUE,FALSE,TRUE,TRUE,TRUE,"ok","ok","",""
"Qiita13631ASD","ASD Dan 2020",33,"balanced","Prevotella",1,1,1,100,100,53380,TRUE,TRUE,FALSE,TRUE,TRUE,TRUE,TRUE,"no_observed_zeros","ok","",""
"Qiita13631ASD","ASD Dan 2020",33,"balanced","Roseburia",1,1,1,100,100,13110,TRUE,TRUE,FALSE,TRUE,TRUE,TRUE,TRUE,"no_observed_zeros","ok","",""
"Qiita13631ASD","ASD Dan 2020",33,"balanced","Ruminococcus",1,1,1,100,100,27059,TRUE,TRUE,FALSE,TRUE,TRUE,TRUE,TRUE,"no_observed_zeros","ok","",""
"Qiita13631ASD","ASD Dan 2020",33,"balanced","Streptococcus",0.97,0.97,0.97,97,97,2440,TRUE,TRUE,TRUE,FALSE,TRUE,TRUE,TRUE,"ok","ok","",""
"Qiita13631ASD","ASD Dan 2020",33,"balanced","Sutterella",1,1,1,100,100,13987,TRUE,TRUE,FALSE,TRUE,TRUE,TRUE,TRUE,"no_observed_zeros","ok","",""
"Qiita13631ASD","ASD Dan 2020",33,"balanced","Veillonella",0.98,0.99,0.97,99,97,6232,TRUE,TRUE,FALSE,TRUE,TRUE,TRUE,TRUE,"structural_absence_boundary_at_zero","ok","",""
"Qiita13631ASD","ASD Dan 2020",33,"fourfold","[Prevotella]",0.5,0.4,0.6,40,60,1317,TRUE,TRUE,TRUE,FALSE,TRUE,TRUE,TRUE,"ok","ok","",""
"Qiita13631ASD","ASD Dan 2020",33,"fourfold","[Ruminococcus]",0.995,0.99,1,99,100,11185,TRUE,TRUE,FALSE,TRUE,TRUE,TRUE,TRUE,"structural_absence_boundary_at_zero","ok","",""
"Qiita13631ASD","ASD Dan 2020",33,"fourfold","Akkermansia",0.755,0.64,0.87,64,87,2998,TRUE,TRUE,FALSE,TRUE,TRUE,TRUE,TRUE,"structural_absence_boundary_at_zero","ok","",""
"Qiita13631ASD","ASD Dan 2020",33,"fourfold","Anaerostipes",0.935,0.89,0.98,89,98,2528,TRUE,TRUE,TRUE,FALSE,TRUE,TRUE,TRUE,"ok","ok","",""
"Qiita13631ASD","ASD Dan 2020",33,"fourfold","Bacteroides",1,1,1,100,100,271981,TRUE,TRUE,FALSE,TRUE,TRUE,TRUE,TRUE,"no_observed_zeros","ok","",""
"Qiita13631ASD","ASD Dan 2020",33,"fourfold","Bifidobacterium",0.94,0.89,0.99,89,99,9923,TRUE,TRUE,FALSE,TRUE,TRUE,TRUE,TRUE,"structural_absence_boundary_at_zero","ok","",""
"Qiita13631ASD","ASD Dan 2020",33,"fourfold","Bilophila",0.87,0.76,0.98,76,98,1301,TRUE,TRUE,TRUE,FALSE,TRUE,TRUE,TRUE,"ok","ok","",""
"Qiita13631ASD","ASD Dan 2020",33,"fourfold","Blautia",0.995,0.99,1,99,100,4738,TRUE,TRUE,FALSE,TRUE,TRUE,TRUE,TRUE,"structural_absence_boundary_at_zero","ok","",""
"Qiita13631ASD","ASD Dan 2020",33,"fourfold","Clostridium",0.995,0.99,1,99,100,7780,TRUE,TRUE,FALSE,TRUE,TRUE,TRUE,TRUE,"structural_absence_boundary_at_zero","ok","",""
"Qiita13631ASD","ASD Dan 2020",33,"fourfold","Collinsella",0.635,0.54,0.73,54,73,800,TRUE,TRUE,FALSE,TRUE,TRUE,TRUE,TRUE,"structural_absence_boundary_at_zero","ok","",""
"Qiita13631ASD","ASD Dan 2020",33,"fourfold","Coprococcus",0.995,0.99,1,99,100,5663,TRUE,TRUE,FALSE,TRUE,TRUE,TRUE,TRUE,"structural_absence_boundary_at_zero","ok","",""
"Qiita13631ASD","ASD Dan 2020",33,"fourfold","Dialister",0.99,0.98,1,98,100,21189,TRUE,TRUE,FALSE,TRUE,TRUE,TRUE,TRUE,"structural_absence_boundary_at_zero","ok","",""
"Qiita13631ASD","ASD Dan 2020",33,"fourfold","Dorea",0.99,0.98,1,98,100,5066,TRUE,TRUE,FALSE,TRUE,TRUE,TRUE,TRUE,"structural_absence_boundary_at_zero","ok","",""
"Qiita13631ASD","ASD Dan 2020",33,"fourfold","Faecalibacterium",1,1,1,100,100,72682,TRUE,TRUE,FALSE,TRUE,TRUE,TRUE,TRUE,"no_observed_zeros","ok","",""
"Qiita13631ASD","ASD Dan 2020",33,"fourfold","Fusobacterium",0.46,0.31,0.61,31,61,1354,TRUE,TRUE,FALSE,TRUE,TRUE,TRUE,TRUE,"structural_absence_boundary_at_zero","ok","",""
"Qiita13631ASD","ASD Dan 2020",33,"fourfold","Haemophilus",0.925,0.87,0.98,87,98,6575,TRUE,TRUE,FALSE,TRUE,TRUE,TRUE,TRUE,"structural_absence_boundary_at_zero","ok","",""
"Qiita13631ASD","ASD Dan 2020",33,"fourfold","Lachnobacterium",0.665,0.62,0.71,62,71,1026,TRUE,TRUE,TRUE,FALSE,TRUE,TRUE,TRUE,"ok","ok","",""
"Qiita13631ASD","ASD Dan 2020",33,"fourfold","Lachnospira",1,1,1,100,100,23185,TRUE,TRUE,FALSE,TRUE,TRUE,TRUE,TRUE,"no_observed_zeros","ok","",""
"Qiita13631ASD","ASD Dan 2020",33,"fourfold","Megamonas",0.96,0.92,1,92,100,14979,TRUE,TRUE,FALSE,TRUE,TRUE,TRUE,TRUE,"structural_absence_boundary_at_zero","ok","",""
"Qiita13631ASD","ASD Dan 2020",33,"fourfold","Megasphaera",0.825,0.77,0.88,77,88,2725,TRUE,TRUE,TRUE,FALSE,TRUE,TRUE,TRUE,"ok","ok","",""
"Qiita13631ASD","ASD Dan 2020",33,"fourfold","Oscillospira",1,1,1,100,100,9837,TRUE,TRUE,FALSE,TRUE,TRUE,TRUE,TRUE,"no_observed_zeros","ok","",""
"Qiita13631ASD","ASD Dan 2020",33,"fourfold","Parabacteroides",0.995,0.99,1,99,100,21548,TRUE,TRUE,TRUE,FALSE,TRUE,TRUE,TRUE,"ok","ok","",""
"Qiita13631ASD","ASD Dan 2020",33,"fourfold","Paraprevotella",0.745,0.67,0.82,67,82,1997,TRUE,TRUE,TRUE,FALSE,TRUE,TRUE,TRUE,"ok","ok","",""
"Qiita13631ASD","ASD Dan 2020",33,"fourfold","Phascolarctobacterium",0.99,0.98,1,98,100,9339,TRUE,TRUE,FALSE,TRUE,TRUE,TRUE,TRUE,"structural_absence_boundary_at_zero","ok","",""
"Qiita13631ASD","ASD Dan 2020",33,"fourfold","Prevotella",0.99,0.98,1,98,100,44602,TRUE,TRUE,FALSE,TRUE,TRUE,TRUE,TRUE,"structural_absence_boundary_at_zero","ok","",""
"Qiita13631ASD","ASD Dan 2020",33,"fourfold","Roseburia",1,1,1,100,100,10061,TRUE,TRUE,FALSE,TRUE,TRUE,TRUE,TRUE,"no_observed_zeros","ok","",""
"Qiita13631ASD","ASD Dan 2020",33,"fourfold","Ruminococcus",1,1,1,100,100,23421,TRUE,TRUE,FALSE,TRUE,TRUE,TRUE,TRUE,"no_observed_zeros","ok","",""
"Qiita13631ASD","ASD Dan 2020",33,"fourfold","Streptococcus",0.95,0.91,0.99,91,99,2175,TRUE,TRUE,FALSE,TRUE,TRUE,TRUE,TRUE,"structural_absence_boundary_at_zero","ok","",""
"Qiita13631ASD","ASD Dan 2020",33,"fourfold","Sutterella",1,1,1,100,100,11865,TRUE,TRUE,FALSE,TRUE,TRUE,TRUE,TRUE,"no_observed_zeros","ok","",""
"Qiita13631ASD","ASD Dan 2020",33,"fourfold","Veillonella",0.98,0.96,1,96,100,5405,TRUE,TRUE,FALSE,TRUE,TRUE,TRUE,TRUE,"structural_absence_boundary_at_zero","ok","",""
"Qiita13631ASD","ASD Dan 2020",34,"balanced","[Prevotella]",0.535,0.56,0.51,56,51,1323,TRUE,TRUE,TRUE,FALSE,TRUE,TRUE,TRUE,"ok","ok","",""
"Qiita13631ASD","ASD Dan 2020",34,"balanced","[Ruminococcus]",1,1,1,100,100,11135,TRUE,TRUE,FALSE,TRUE,TRUE,TRUE,TRUE,"no_observed_zeros","ok","",""
"Qiita13631ASD","ASD Dan 2020",34,"balanced","Akkermansia",0.735,0.75,0.72,75,72,4441,TRUE,TRUE,FALSE,TRUE,TRUE,TRUE,TRUE,"structural_absence_boundary_at_zero","ok","",""
"Qiita13631ASD","ASD Dan 2020",34,"balanced","Anaerostipes",0.98,0.97,0.99,97,99,2501,TRUE,TRUE,FALSE,TRUE,TRUE,TRUE,TRUE,"structural_absence_boundary_at_zero","ok","",""
"Qiita13631ASD","ASD Dan 2020",34,"balanced","Bacteroides",1,1,1,100,100,294734,TRUE,TRUE,FALSE,TRUE,TRUE,TRUE,TRUE,"no_observed_zeros","ok","",""
"Qiita13631ASD","ASD Dan 2020",34,"balanced","Bifidobacterium",0.98,0.99,0.97,99,97,9148,TRUE,TRUE,FALSE,TRUE,TRUE,TRUE,TRUE,"structural_absence_boundary_at_zero","ok","",""
"Qiita13631ASD","ASD Dan 2020",34,"balanced","Bilophila",0.96,0.96,0.96,96,96,1374,TRUE,TRUE,FALSE,TRUE,TRUE,TRUE,TRUE,"structural_absence_boundary_at_zero","ok","",""
"Qiita13631ASD","ASD Dan 2020",34,"balanced","Blautia",1,1,1,100,100,5146,TRUE,TRUE,FALSE,TRUE,TRUE,TRUE,TRUE,"no_observed_zeros","ok","",""
"Qiita13631ASD","ASD Dan 2020",34,"balanced","Clostridium",1,1,1,100,100,8590,TRUE,TRUE,FALSE,TRUE,TRUE,TRUE,TRUE,"no_observed_zeros","ok","",""
"Qiita13631ASD","ASD Dan 2020",34,"balanced","Collinsella",0.72,0.68,0.76,68,76,863,TRUE,TRUE,FALSE,TRUE,TRUE,TRUE,TRUE,"structural_absence_boundary_at_zero","ok","",""
"Qiita13631ASD","ASD Dan 2020",34,"balanced","Coprococcus",1,1,1,100,100,6437,TRUE,TRUE,FALSE,TRUE,TRUE,TRUE,TRUE,"no_observed_zeros","ok","",""
"Qiita13631ASD","ASD Dan 2020",34,"balanced","Dialister",1,1,1,100,100,20101,TRUE,TRUE,FALSE,TRUE,TRUE,TRUE,TRUE,"no_observed_zeros","ok","",""
"Qiita13631ASD","ASD Dan 2020",34,"balanced","Dorea",0.995,1,0.99,100,99,4886,TRUE,TRUE,TRUE,FALSE,TRUE,TRUE,TRUE,"ok","ok","",""
"Qiita13631ASD","ASD Dan 2020",34,"balanced","Faecalibacterium",1,1,1,100,100,71117,TRUE,TRUE,FALSE,TRUE,TRUE,TRUE,TRUE,"no_observed_zeros","ok","",""
"Qiita13631ASD","ASD Dan 2020",34,"balanced","Fusobacterium",0.505,0.47,0.54,47,54,1639,TRUE,TRUE,FALSE,TRUE,TRUE,TRUE,TRUE,"structural_absence_boundary_at_zero","ok","",""
"Qiita13631ASD","ASD Dan 2020",34,"balanced","Haemophilus",0.955,0.95,0.96,95,96,5460,TRUE,TRUE,FALSE,TRUE,TRUE,TRUE,TRUE,"structural_absence_boundary_at_zero","ok","",""
"Qiita13631ASD","ASD Dan 2020",34,"balanced","Lachnobacterium",0.71,0.7,0.72,70,72,1158,TRUE,TRUE,TRUE,FALSE,TRUE,TRUE,TRUE,"ok","ok","",""
"Qiita13631ASD","ASD Dan 2020",34,"balanced","Lachnospira",1,1,1,100,100,24019,TRUE,TRUE,FALSE,TRUE,TRUE,TRUE,TRUE,"no_observed_zeros","ok","",""
"Qiita13631ASD","ASD Dan 2020",34,"balanced","Megamonas",1,1,1,100,100,15345,TRUE,TRUE,FALSE,TRUE,TRUE,TRUE,TRUE,"no_observed_zeros","ok","",""
"Qiita13631ASD","ASD Dan 2020",34,"balanced","Megasphaera",0.86,0.83,0.89,83,89,2908,TRUE,TRUE,FALSE,TRUE,TRUE,TRUE,TRUE,"structural_absence_boundary_at_zero","ok","",""
"Qiita13631ASD","ASD Dan 2020",34,"balanced","Oscillospira",1,1,1,100,100,10612,TRUE,TRUE,FALSE,TRUE,TRUE,TRUE,TRUE,"no_observed_zeros","ok","",""
"Qiita13631ASD","ASD Dan 2020",34,"balanced","Parabacteroides",1,1,1,100,100,21848,TRUE,TRUE,FALSE,TRUE,TRUE,TRUE,TRUE,"no_observed_zeros","ok","",""
"Qiita13631ASD","ASD Dan 2020",34,"balanced","Paraprevotella",0.8,0.78,0.82,78,82,1857,TRUE,TRUE,FALSE,TRUE,TRUE,TRUE,TRUE,"structural_absence_boundary_at_zero","ok","",""
"Qiita13631ASD","ASD Dan 2020",34,"balanced","Phascolarctobacterium",0.985,0.99,0.98,99,98,10934,TRUE,TRUE,FALSE,TRUE,TRUE,TRUE,TRUE,"structural_absence_boundary_at_zero","ok","",""
"Qiita13631ASD","ASD Dan 2020",34,"balanced","Prevotella",1,1,1,100,100,50473,TRUE,TRUE,FALSE,TRUE,TRUE,TRUE,TRUE,"no_observed_zeros","ok","",""
"Qiita13631ASD","ASD Dan 2020",34,"balanced","Roseburia",1,1,1,100,100,12301,TRUE,TRUE,FALSE,TRUE,TRUE,TRUE,TRUE,"no_observed_zeros","ok","",""
"Qiita13631ASD","ASD Dan 2020",34,"balanced","Ruminococcus",1,1,1,100,100,25363,TRUE,TRUE,FALSE,TRUE,TRUE,TRUE,TRUE,"no_observed_zeros","ok","",""
"Qiita13631ASD","ASD Dan 2020",34,"balanced","Streptococcus",0.99,0.98,1,98,100,2259,TRUE,TRUE,FALSE,TRUE,TRUE,TRUE,TRUE,"structural_absence_boundary_at_zero","ok","",""
"Qiita13631ASD","ASD Dan 2020",34,"balanced","Sutterella",1,1,1,100,100,13391,TRUE,TRUE,FALSE,TRUE,TRUE,TRUE,TRUE,"no_observed_zeros","ok","",""
"Qiita13631ASD","ASD Dan 2020",34,"balanced","Veillonella",0.995,0.99,1,99,100,5437,TRUE,TRUE,FALSE,TRUE,TRUE,TRUE,TRUE,"structural_absence_boundary_at_zero","ok","",""
"Qiita13631ASD","ASD Dan 2020",34,"fourfold","[Prevotella]",0.485,0.43,0.54,43,54,1517,TRUE,TRUE,TRUE,FALSE,TRUE,TRUE,TRUE,"ok","ok","",""
"Qiita13631ASD","ASD Dan 2020",34,"fourfold","[Ruminococcus]",0.995,0.99,1,99,100,12167,TRUE,TRUE,FALSE,TRUE,TRUE,TRUE,TRUE,"structural_absence_boundary_at_zero","ok","",""
"Qiita13631ASD","ASD Dan 2020",34,"fourfold","Akkermansia",0.725,0.6,0.85,60,85,3578,TRUE,TRUE,FALSE,TRUE,TRUE,TRUE,TRUE,"structural_absence_boundary_at_zero","ok","",""
"Qiita13631ASD","ASD Dan 2020",34,"fourfold","Anaerostipes",0.915,0.84,0.99,84,99,2633,TRUE,TRUE,TRUE,FALSE,TRUE,TRUE,TRUE,"ok","ok","",""
"Qiita13631ASD","ASD Dan 2020",34,"fourfold","Bacteroides",1,1,1,100,100,281848,TRUE,TRUE,FALSE,TRUE,TRUE,TRUE,TRUE,"no_observed_zeros","ok","",""
"Qiita13631ASD","ASD Dan 2020",34,"fourfold","Bifidobacterium",0.915,0.86,0.97,86,97,9356,TRUE,TRUE,FALSE,TRUE,TRUE,TRUE,TRUE,"structural_absence_boundary_at_zero","ok","",""
"Qiita13631ASD","ASD Dan 2020",34,"fourfold","Bilophila",0.925,0.87,0.98,87,98,1499,TRUE,TRUE,FALSE,TRUE,TRUE,TRUE,TRUE,"structural_absence_boundary_at_zero","ok","",""
"Qiita13631ASD","ASD Dan 2020",34,"fourfold","Blautia",0.99,0.98,1,98,100,5394,TRUE,TRUE,FALSE,TRUE,TRUE,TRUE,TRUE,"structural_absence_boundary_at_zero","ok","",""
"Qiita13631ASD","ASD Dan 2020",34,"fourfold","Clostridium",0.99,0.98,1,98,100,10548,TRUE,TRUE,FALSE,TRUE,TRUE,TRUE,TRUE,"structural_absence_boundary_at_zero","ok","",""
"Qiita13631ASD","ASD Dan 2020",34,"fourfold","Collinsella",0.65,0.48,0.82,48,82,762,TRUE,TRUE,FALSE,TRUE,TRUE,TRUE,TRUE,"structural_absence_boundary_at_zero","ok","",""
"Qiita13631ASD","ASD Dan 2020",34,"fourfold","Coprococcus",0.99,0.98,1,98,100,6924,TRUE,TRUE,FALSE,TRUE,TRUE,TRUE,TRUE,"structural_absence_boundary_at_zero","ok","",""
"Qiita13631ASD","ASD Dan 2020",34,"fourfold","Dialister",0.995,0.99,1,99,100,24221,TRUE,TRUE,FALSE,TRUE,TRUE,TRUE,TRUE,"structural_absence_boundary_at_zero","ok","",""
"Qiita13631ASD","ASD Dan 2020",34,"fourfold","Dorea",0.995,0.99,1,99,100,5129,TRUE,TRUE,FALSE,TRUE,TRUE,TRUE,TRUE,"structural_absence_boundary_at_zero","ok","",""
"Qiita13631ASD","ASD Dan 2020",34,"fourfold","Faecalibacterium",1,1,1,100,100,73391,TRUE,TRUE,FALSE,TRUE,TRUE,TRUE,TRUE,"no_observed_zeros","ok","",""
"Qiita13631ASD","ASD Dan 2020",34,"fourfold","Fusobacterium",0.465,0.34,0.59,34,59,1870,TRUE,TRUE,TRUE,FALSE,TRUE,TRUE,TRUE,"ok","ok","",""
"Qiita13631ASD","ASD Dan 2020",34,"fourfold","Haemophilus",0.93,0.86,1,86,100,5488,TRUE,TRUE,FALSE,TRUE,TRUE,TRUE,TRUE,"structural_absence_boundary_at_zero","ok","",""
"Qiita13631ASD","ASD Dan 2020",34,"fourfold","Lachnobacterium",0.69,0.56,0.82,56,82,1031,TRUE,TRUE,TRUE,FALSE,TRUE,TRUE,TRUE,"ok","ok","",""
"Qiita13631ASD","ASD Dan 2020",34,"fourfold","Lachnospira",1,1,1,100,100,26113,TRUE,TRUE,FALSE,TRUE,TRUE,TRUE,TRUE,"no_observed_zeros","ok","",""
"Qiita13631ASD","ASD Dan 2020",34,"fourfold","Megamonas",0.96,0.92,1,92,100,13732,TRUE,TRUE,FALSE,TRUE,TRUE,TRUE,TRUE,"structural_absence_boundary_at_zero","ok","",""
"Qiita13631ASD","ASD Dan 2020",34,"fourfold","Megasphaera",0.795,0.67,0.92,67,92,3389,TRUE,TRUE,FALSE,TRUE,TRUE,TRUE,TRUE,"structural_absence_boundary_at_zero","ok","",""
"Qiita13631ASD","ASD Dan 2020",34,"fourfold","Oscillospira",1,1,1,100,100,10169,TRUE,TRUE,FALSE,TRUE,TRUE,TRUE,TRUE,"no_observed_zeros","ok","",""
"Qiita13631ASD","ASD Dan 2020",34,"fourfold","Parabacteroides",1,1,1,100,100,20794,TRUE,TRUE,FALSE,TRUE,TRUE,TRUE,TRUE,"no_observed_zeros","ok","",""
"Qiita13631ASD","ASD Dan 2020",34,"fourfold","Paraprevotella",0.73,0.6,0.86,60,86,2225,TRUE,TRUE,TRUE,FALSE,TRUE,TRUE,TRUE,"ok","ok","",""
"Qiita13631ASD","ASD Dan 2020",34,"fourfold","Phascolarctobacterium",0.975,0.96,0.99,96,99,10006,TRUE,TRUE,TRUE,FALSE,TRUE,TRUE,TRUE,"ok","ok","",""
"Qiita13631ASD","ASD Dan 2020",34,"fourfold","Prevotella",0.99,0.98,1,98,100,54667,TRUE,TRUE,FALSE,TRUE,TRUE,TRUE,TRUE,"structural_absence_boundary_at_zero","ok","",""
"Qiita13631ASD","ASD Dan 2020",34,"fourfold","Roseburia",1,1,1,100,100,12299,TRUE,TRUE,FALSE,TRUE,TRUE,TRUE,TRUE,"no_observed_zeros","ok","",""
"Qiita13631ASD","ASD Dan 2020",34,"fourfold","Ruminococcus",0.995,0.99,1,99,100,25838,TRUE,TRUE,TRUE,FALSE,TRUE,TRUE,TRUE,"ok","ok","",""
"Qiita13631ASD","ASD Dan 2020",34,"fourfold","Streptococcus",0.905,0.81,1,81,100,2433,TRUE,TRUE,FALSE,TRUE,TRUE,TRUE,TRUE,"structural_absence_boundary_at_zero","ok","",""
"Qiita13631ASD","ASD Dan 2020",34,"fourfold","Sutterella",1,1,1,100,100,13104,TRUE,TRUE,FALSE,TRUE,TRUE,TRUE,TRUE,"no_observed_zeros","ok","",""
"Qiita13631ASD","ASD Dan 2020",34,"fourfold","Veillonella",0.955,0.91,1,91,100,6140,TRUE,TRUE,FALSE,TRUE,TRUE,TRUE,TRUE,"structural_absence_boundary_at_zero","ok","",""
"Qiita13631ASD","ASD Dan 2020",35,"balanced","[Prevotella]",0.49,0.5,0.48,50,48,1500,TRUE,TRUE,TRUE,FALSE,TRUE,TRUE,TRUE,"ok","ok","",""
"Qiita13631ASD","ASD Dan 2020",35,"balanced","[Ruminococcus]",1,1,1,100,100,11600,TRUE,TRUE,FALSE,TRUE,TRUE,TRUE,TRUE,"no_observed_zeros","ok","",""
"Qiita13631ASD","ASD Dan 2020",35,"balanced","Akkermansia",0.75,0.75,0.75,75,75,2801,TRUE,TRUE,FALSE,TRUE,TRUE,TRUE,TRUE,"structural_absence_boundary_at_zero","ok","",""
"Qiita13631ASD","ASD Dan 2020",35,"balanced","Anaerostipes",0.96,0.93,0.99,93,99,2824,TRUE,TRUE,TRUE,FALSE,TRUE,TRUE,TRUE,"ok","ok","",""
"Qiita13631ASD","ASD Dan 2020",35,"balanced","Bacteroides",1,1,1,100,100,298004,TRUE,TRUE,FALSE,TRUE,TRUE,TRUE,TRUE,"no_observed_zeros","ok","",""
"Qiita13631ASD","ASD Dan 2020",35,"balanced","Bifidobacterium",0.97,0.96,0.98,96,98,9802,TRUE,TRUE,FALSE,TRUE,TRUE,TRUE,TRUE,"structural_absence_boundary_at_zero","ok","",""
"Qiita13631ASD","ASD Dan 2020",35,"balanced","Bilophila",0.96,0.97,0.95,97,95,1513,TRUE,TRUE,FALSE,TRUE,TRUE,TRUE,TRUE,"structural_absence_boundary_at_zero","ok","",""
"Qiita13631ASD","ASD Dan 2020",35,"balanced","Blautia",1,1,1,100,100,5393,TRUE,TRUE,FALSE,TRUE,TRUE,TRUE,TRUE,"no_observed_zeros","ok","",""
"Qiita13631ASD","ASD Dan 2020",35,"balanced","Clostridium",1,1,1,100,100,9095,TRUE,TRUE,FALSE,TRUE,TRUE,TRUE,TRUE,"no_observed_zeros","ok","",""
"Qiita13631ASD","ASD Dan 2020",35,"balanced","Collinsella",0.775,0.75,0.8,75,80,977,TRUE,TRUE,FALSE,TRUE,TRUE,TRUE,TRUE,"structural_absence_boundary_at_zero","ok","",""
"Qiita13631ASD","ASD Dan 2020",35,"balanced","Coprococcus",1,1,1,100,100,6788,TRUE,TRUE,FALSE,TRUE,TRUE,TRUE,TRUE,"no_observed_zeros","ok","",""
"Qiita13631ASD","ASD Dan 2020",35,"balanced","Dialister",0.995,0.99,1,99,100,23063,TRUE,TRUE,TRUE,FALSE,TRUE,TRUE,TRUE,"ok","ok","",""
"Qiita13631ASD","ASD Dan 2020",35,"balanced","Dorea",1,1,1,100,100,5357,TRUE,TRUE,FALSE,TRUE,TRUE,TRUE,TRUE,"no_observed_zeros","ok","",""
"Qiita13631ASD","ASD Dan 2020",35,"balanced","Faecalibacterium",1,1,1,100,100,71173,TRUE,TRUE,FALSE,TRUE,TRUE,TRUE,TRUE,"no_observed_zeros","ok","",""
"Qiita13631ASD","ASD Dan 2020",35,"balanced","Fusobacterium",0.54,0.49,0.59,49,59,1459,TRUE,TRUE,FALSE,TRUE,TRUE,TRUE,TRUE,"structural_absence_boundary_at_zero","ok","",""
"Qiita13631ASD","ASD Dan 2020",35,"balanced","Haemophilus",0.965,0.95,0.98,95,98,5371,TRUE,TRUE,FALSE,TRUE,TRUE,TRUE,TRUE,"structural_absence_boundary_at_zero","ok","",""
"Qiita13631ASD","ASD Dan 2020",35,"balanced","Lachnobacterium",0.705,0.7,0.71,70,71,1099,TRUE,TRUE,TRUE,FALSE,TRUE,TRUE,TRUE,"ok","ok","",""
"Qiita13631ASD","ASD Dan 2020",35,"balanced","Lachnospira",1,1,1,100,100,24889,TRUE,TRUE,FALSE,TRUE,TRUE,TRUE,TRUE,"no_observed_zeros","ok","",""
"Qiita13631ASD","ASD Dan 2020",35,"balanced","Megamonas",0.985,0.98,0.99,98,99,17345,TRUE,TRUE,FALSE,TRUE,TRUE,TRUE,TRUE,"structural_absence_boundary_at_zero","ok","",""
"Qiita13631ASD","ASD Dan 2020",35,"balanced","Megasphaera",0.86,0.83,0.89,83,89,3115,TRUE,TRUE,TRUE,FALSE,TRUE,TRUE,TRUE,"ok","ok","",""
"Qiita13631ASD","ASD Dan 2020",35,"balanced","Oscillospira",1,1,1,100,100,10932,TRUE,TRUE,FALSE,TRUE,TRUE,TRUE,TRUE,"no_observed_zeros","ok","",""
"Qiita13631ASD","ASD Dan 2020",35,"balanced","Parabacteroides",1,1,1,100,100,22802,TRUE,TRUE,FALSE,TRUE,TRUE,TRUE,TRUE,"no_observed_zeros","ok","",""
"Qiita13631ASD","ASD Dan 2020",35,"balanced","Paraprevotella",0.81,0.81,0.81,81,81,2676,TRUE,TRUE,TRUE,FALSE,TRUE,TRUE,TRUE,"ok","ok","",""
"Qiita13631ASD","ASD Dan 2020",35,"balanced","Phascolarctobacterium",0.995,1,0.99,100,99,9430,TRUE,TRUE,FALSE,TRUE,TRUE,TRUE,TRUE,"structural_absence_boundary_at_zero","ok","",""
"Qiita13631ASD","ASD Dan 2020",35,"balanced","Prevotella",1,1,1,100,100,51701,TRUE,TRUE,FALSE,TRUE,TRUE,TRUE,TRUE,"no_observed_zeros","ok","",""
"Qiita13631ASD","ASD Dan 2020",35,"balanced","Roseburia",1,1,1,100,100,12698,TRUE,TRUE,FALSE,TRUE,TRUE,TRUE,TRUE,"no_observed_zeros","ok","",""
"Qiita13631ASD","ASD Dan 2020",35,"balanced","Ruminococcus",1,1,1,100,100,27206,TRUE,TRUE,FALSE,TRUE,TRUE,TRUE,TRUE,"no_observed_zeros","ok","",""
"Qiita13631ASD","ASD Dan 2020",35,"balanced","Streptococcus",0.99,0.99,0.99,99,99,2651,TRUE,TRUE,FALSE,TRUE,TRUE,TRUE,TRUE,"structural_absence_boundary_at_zero","ok","",""
"Qiita13631ASD","ASD Dan 2020",35,"balanced","Sutterella",0.995,0.99,1,99,100,14388,TRUE,TRUE,TRUE,FALSE,TRUE,TRUE,TRUE,"ok","ok","",""
"Qiita13631ASD","ASD Dan 2020",35,"balanced","Veillonella",0.98,0.99,0.97,99,97,5950,TRUE,TRUE,TRUE,FALSE,TRUE,TRUE,TRUE,"ok","ok","",""
"Qiita13631ASD","ASD Dan 2020",35,"fourfold","[Prevotella]",0.475,0.39,0.56,39,56,1580,TRUE,TRUE,TRUE,FALSE,TRUE,TRUE,TRUE,"ok","ok","",""
"Qiita13631ASD","ASD Dan 2020",35,"fourfold","[Ruminococcus]",1,1,1,100,100,10783,TRUE,TRUE,FALSE,TRUE,TRUE,TRUE,TRUE,"no_observed_zeros","ok","",""
"Qiita13631ASD","ASD Dan 2020",35,"fourfold","Akkermansia",0.735,0.56,0.91,56,91,3235,TRUE,TRUE,FALSE,TRUE,TRUE,TRUE,TRUE,"structural_absence_boundary_at_zero","ok","",""
"Qiita13631ASD","ASD Dan 2020",35,"fourfold","Anaerostipes",0.935,0.88,0.99,88,99,2364,TRUE,TRUE,FALSE,TRUE,TRUE,TRUE,TRUE,"structural_absence_boundary_at_zero","ok","",""
"Qiita13631ASD","ASD Dan 2020",35,"fourfold","Bacteroides",1,1,1,100,100,264540,TRUE,TRUE,FALSE,TRUE,TRUE,TRUE,TRUE,"no_observed_zeros","ok","",""
"Qiita13631ASD","ASD Dan 2020",35,"fourfold","Bifidobacterium",0.94,0.9,0.98,90,98,6516,TRUE,TRUE,FALSE,TRUE,TRUE,TRUE,TRUE,"structural_absence_boundary_at_zero","ok","",""
"Qiita13631ASD","ASD Dan 2020",35,"fourfold","Bilophila",0.88,0.78,0.98,78,98,1386,TRUE,TRUE,FALSE,TRUE,TRUE,TRUE,TRUE,"structural_absence_boundary_at_zero","ok","",""
"Qiita13631ASD","ASD Dan 2020",35,"fourfold","Blautia",0.99,0.98,1,98,100,4691,TRUE,TRUE,TRUE,FALSE,TRUE,TRUE,TRUE,"ok","ok","",""
"Qiita13631ASD","ASD Dan 2020",35,"fourfold","Clostridium",0.995,0.99,1,99,100,8292,TRUE,TRUE,FALSE,TRUE,TRUE,TRUE,TRUE,"structural_absence_boundary_at_zero","ok","",""
"Qiita13631ASD","ASD Dan 2020",35,"fourfold","Collinsella",0.65,0.51,0.79,51,79,971,TRUE,TRUE,FALSE,TRUE,TRUE,TRUE,TRUE,"structural_absence_boundary_at_zero","ok","",""
"Qiita13631ASD","ASD Dan 2020",35,"fourfold","Coprococcus",0.99,0.98,1,98,100,6114,TRUE,TRUE,TRUE,FALSE,TRUE,TRUE,TRUE,"ok","ok","",""
"Qiita13631ASD","ASD Dan 2020",35,"fourfold","Dialister",0.99,0.98,1,98,100,22739,TRUE,TRUE,TRUE,FALSE,TRUE,TRUE,TRUE,"ok","ok","",""
"Qiita13631ASD","ASD Dan 2020",35,"fourfold","Dorea",0.98,0.96,1,96,100,5079,TRUE,TRUE,TRUE,FALSE,TRUE,TRUE,TRUE,"ok","ok","",""
"Qiita13631ASD","ASD Dan 2020",35,"fourfold","Faecalibacterium",1,1,1,100,100,69395,TRUE,TRUE,FALSE,TRUE,TRUE,TRUE,TRUE,"no_observed_zeros","ok","",""
"Qiita13631ASD","ASD Dan 2020",35,"fourfold","Fusobacterium",0.445,0.26,0.63,26,63,779,TRUE,TRUE,FALSE,TRUE,TRUE,TRUE,TRUE,"structural_absence_boundary_at_zero","ok","",""
"Qiita13631ASD","ASD Dan 2020",35,"fourfold","Haemophilus",0.945,0.9,0.99,90,99,5102,TRUE,TRUE,FALSE,TRUE,TRUE,TRUE,TRUE,"structural_absence_boundary_at_zero","ok","",""
"Qiita13631ASD","ASD Dan 2020",35,"fourfold","Lachnobacterium",0.67,0.55,0.79,55,79,1033,TRUE,TRUE,FALSE,TRUE,TRUE,TRUE,TRUE,"structural_absence_boundary_at_zero","ok","",""
"Qiita13631ASD","ASD Dan 2020",35,"fourfold","Lachnospira",0.995,0.99,1,99,100,22460,TRUE,TRUE,TRUE,FALSE,TRUE,TRUE,TRUE,"ok","ok","",""
"Qiita13631ASD","ASD Dan 2020",35,"fourfold","Megamonas",0.965,0.93,1,93,100,17139,TRUE,TRUE,FALSE,TRUE,TRUE,TRUE,TRUE,"structural_absence_boundary_at_zero","ok","",""
"Qiita13631ASD","ASD Dan 2020",35,"fourfold","Megasphaera",0.785,0.63,0.94,63,94,3160,TRUE,TRUE,FALSE,TRUE,TRUE,TRUE,TRUE,"structural_absence_boundary_at_zero","ok","",""
"Qiita13631ASD","ASD Dan 2020",35,"fourfold","Oscillospira",1,1,1,100,100,9873,TRUE,TRUE,FALSE,TRUE,TRUE,TRUE,TRUE,"no_observed_zeros","ok","",""
"Qiita13631ASD","ASD Dan 2020",35,"fourfold","Parabacteroides",0.995,0.99,1,99,100,19775,TRUE,TRUE,TRUE,FALSE,TRUE,TRUE,TRUE,"ok","ok","",""
"Qiita13631ASD","ASD Dan 2020",35,"fourfold","Paraprevotella",0.78,0.66,0.9,66,90,1692,TRUE,TRUE,FALSE,TRUE,TRUE,TRUE,TRUE,"structural_absence_boundary_at_zero","ok","",""
"Qiita13631ASD","ASD Dan 2020",35,"fourfold","Phascolarctobacterium",0.985,0.97,1,97,100,7330,TRUE,TRUE,FALSE,TRUE,TRUE,TRUE,TRUE,"structural_absence_boundary_at_zero","ok","",""
"Qiita13631ASD","ASD Dan 2020",35,"fourfold","Prevotella",0.985,0.97,1,97,100,49518,TRUE,TRUE,FALSE,TRUE,TRUE,TRUE,TRUE,"structural_absence_boundary_at_zero","ok","",""
"Qiita13631ASD","ASD Dan 2020",35,"fourfold","Roseburia",1,1,1,100,100,10853,TRUE,TRUE,FALSE,TRUE,TRUE,TRUE,TRUE,"no_observed_zeros","ok","",""
"Qiita13631ASD","ASD Dan 2020",35,"fourfold","Ruminococcus",1,1,1,100,100,26645,TRUE,TRUE,FALSE,TRUE,TRUE,TRUE,TRUE,"no_observed_zeros","ok","",""
"Qiita13631ASD","ASD Dan 2020",35,"fourfold","Streptococcus",0.945,0.9,0.99,90,99,2204,TRUE,TRUE,TRUE,FALSE,TRUE,TRUE,TRUE,"ok","ok","",""
"Qiita13631ASD","ASD Dan 2020",35,"fourfold","Sutterella",1,1,1,100,100,12167,TRUE,TRUE,FALSE,TRUE,TRUE,TRUE,TRUE,"no_observed_zeros","ok","",""
"Qiita13631ASD","ASD Dan 2020",35,"fourfold","Veillonella",0.955,0.92,0.99,92,99,5172,TRUE,TRUE,FALSE,TRUE,TRUE,TRUE,TRUE,"structural_absence_boundary_at_zero","ok","",""
"Qiita13631ASD","ASD Dan 2020",36,"balanced","[Prevotella]",0.505,0.51,0.5,51,50,1397,TRUE,TRUE,TRUE,FALSE,TRUE,TRUE,TRUE,"ok","ok","",""
"Qiita13631ASD","ASD Dan 2020",36,"balanced","[Ruminococcus]",0.995,0.99,1,99,100,10992,TRUE,TRUE,TRUE,FALSE,TRUE,TRUE,TRUE,"ok","ok","",""
"Qiita13631ASD","ASD Dan 2020",36,"balanced","Akkermansia",0.735,0.71,0.76,71,76,2882,TRUE,TRUE,FALSE,TRUE,TRUE,TRUE,TRUE,"structural_absence_boundary_at_zero","ok","",""
"Qiita13631ASD","ASD Dan 2020",36,"balanced","Anaerostipes",0.965,0.96,0.97,96,97,2628,TRUE,TRUE,TRUE,FALSE,TRUE,TRUE,TRUE,"ok","ok","",""
"Qiita13631ASD","ASD Dan 2020",36,"balanced","Bacteroides",1,1,1,100,100,301484,TRUE,TRUE,FALSE,TRUE,TRUE,TRUE,TRUE,"no_observed_zeros","ok","",""
"Qiita13631ASD","ASD Dan 2020",36,"balanced","Bifidobacterium",0.975,0.99,0.96,99,96,10720,TRUE,TRUE,FALSE,TRUE,TRUE,TRUE,TRUE,"structural_absence_boundary_at_zero","ok","",""
"Qiita13631ASD","ASD Dan 2020",36,"balanced","Bilophila",0.955,0.93,0.98,93,98,1476,TRUE,TRUE,FALSE,TRUE,TRUE,TRUE,TRUE,"structural_absence_boundary_at_zero","ok","",""
"Qiita13631ASD","ASD Dan 2020",36,"balanced","Blautia",0.995,1,0.99,100,99,5361,TRUE,TRUE,TRUE,FALSE,TRUE,TRUE,TRUE,"ok","ok","",""
"Qiita13631ASD","ASD Dan 2020",36,"balanced","Clostridium",1,1,1,100,100,8363,TRUE,TRUE,FALSE,TRUE,TRUE,TRUE,TRUE,"no_observed_zeros","ok","",""
"Qiita13631ASD","ASD Dan 2020",36,"balanced","Collinsella",0.755,0.71,0.8,71,80,973,TRUE,TRUE,FALSE,TRUE,TRUE,TRUE,TRUE,"structural_absence_boundary_at_zero","ok","",""
"Qiita13631ASD","ASD Dan 2020",36,"balanced","Coprococcus",1,1,1,100,100,7056,TRUE,TRUE,FALSE,TRUE,TRUE,TRUE,TRUE,"no_observed_zeros","ok","",""
"Qiita13631ASD","ASD Dan 2020",36,"balanced","Dialister",1,1,1,100,100,22529,TRUE,TRUE,FALSE,TRUE,TRUE,TRUE,TRUE,"no_observed_zeros","ok","",""
"Qiita13631ASD","ASD Dan 2020",36,"balanced","Dorea",1,1,1,100,100,5107,TRUE,TRUE,FALSE,TRUE,TRUE,TRUE,TRUE,"no_observed_zeros","ok","",""
"Qiita13631ASD","ASD Dan 2020",36,"balanced","Faecalibacterium",1,1,1,100,100,75860,TRUE,TRUE,FALSE,TRUE,TRUE,TRUE,TRUE,"no_observed_zeros","ok","",""
"Qiita13631ASD","ASD Dan 2020",36,"balanced","Fusobacterium",0.47,0.46,0.48,46,48,1362,TRUE,TRUE,FALSE,TRUE,TRUE,TRUE,TRUE,"structural_absence_boundary_at_zero","ok","",""
"Qiita13631ASD","ASD Dan 2020",36,"balanced","Haemophilus",0.97,0.97,0.97,97,97,4200,TRUE,TRUE,FALSE,TRUE,TRUE,TRUE,TRUE,"structural_absence_boundary_at_zero","ok","",""
"Qiita13631ASD","ASD Dan 2020",36,"balanced","Lachnobacterium",0.73,0.73,0.73,73,73,1256,TRUE,TRUE,TRUE,FALSE,TRUE,TRUE,TRUE,"ok","ok","",""
"Qiita13631ASD","ASD Dan 2020",36,"balanced","Lachnospira",1,1,1,100,100,24888,TRUE,TRUE,FALSE,TRUE,TRUE,TRUE,TRUE,"no_observed_zeros","ok","",""
"Qiita13631ASD","ASD Dan 2020",36,"balanced","Megamonas",0.99,0.99,0.99,99,99,17445,TRUE,TRUE,FALSE,TRUE,TRUE,TRUE,TRUE,"structural_absence_boundary_at_zero","ok","",""
"Qiita13631ASD","ASD Dan 2020",36,"balanced","Megasphaera",0.83,0.82,0.84,82,84,3311,TRUE,TRUE,TRUE,FALSE,TRUE,TRUE,TRUE,"ok","ok","",""
"Qiita13631ASD","ASD Dan 2020",36,"balanced","Oscillospira",1,1,1,100,100,10944,TRUE,TRUE,FALSE,TRUE,TRUE,TRUE,TRUE,"no_observed_zeros","ok","",""
"Qiita13631ASD","ASD Dan 2020",36,"balanced","Parabacteroides",1,1,1,100,100,23192,TRUE,TRUE,FALSE,TRUE,TRUE,TRUE,TRUE,"no_observed_zeros","ok","",""
"Qiita13631ASD","ASD Dan 2020",36,"balanced","Paraprevotella",0.81,0.76,0.86,76,86,2139,TRUE,TRUE,TRUE,FALSE,TRUE,TRUE,TRUE,"ok","ok","",""
"Qiita13631ASD","ASD Dan 2020",36,"balanced","Phascolarctobacterium",0.985,0.98,0.99,98,99,9978,TRUE,TRUE,FALSE,TRUE,TRUE,TRUE,TRUE,"structural_absence_boundary_at_zero","ok","",""
"Qiita13631ASD","ASD Dan 2020",36,"balanced","Prevotella",0.995,1,0.99,100,99,50004,TRUE,TRUE,FALSE,TRUE,TRUE,TRUE,TRUE,"structural_absence_boundary_at_zero","ok","",""
"Qiita13631ASD","ASD Dan 2020",36,"balanced","Roseburia",1,1,1,100,100,12874,TRUE,TRUE,FALSE,TRUE,TRUE,TRUE,TRUE,"no_observed_zeros","ok","",""
"Qiita13631ASD","ASD Dan 2020",36,"balanced","Ruminococcus",1,1,1,100,100,27801,TRUE,TRUE,FALSE,TRUE,TRUE,TRUE,TRUE,"no_observed_zeros","ok","",""
"Qiita13631ASD","ASD Dan 2020",36,"balanced","Streptococcus",0.985,0.97,1,97,100,2460,TRUE,TRUE,FALSE,TRUE,TRUE,TRUE,TRUE,"structural_absence_boundary_at_zero","ok","",""
"Qiita13631ASD","ASD Dan 2020",36,"balanced","Sutterella",1,1,1,100,100,13571,TRUE,TRUE,FALSE,TRUE,TRUE,TRUE,TRUE,"no_observed_zeros","ok","",""
"Qiita13631ASD","ASD Dan 2020",36,"balanced","Veillonella",0.98,0.98,0.98,98,98,5332,TRUE,TRUE,FALSE,TRUE,TRUE,TRUE,TRUE,"structural_absence_boundary_at_zero","ok","",""
"Qiita13631ASD","ASD Dan 2020",36,"fourfold","[Prevotella]",0.51,0.41,0.61,41,61,1207,TRUE,TRUE,TRUE,FALSE,TRUE,TRUE,TRUE,"ok","ok","",""
"Qiita13631ASD","ASD Dan 2020",36,"fourfold","[Ruminococcus]",1,1,1,100,100,10048,TRUE,TRUE,FALSE,TRUE,TRUE,TRUE,TRUE,"no_observed_zeros","ok","",""
"Qiita13631ASD","ASD Dan 2020",36,"fourfold","Akkermansia",0.71,0.6,0.82,60,82,2432,TRUE,TRUE,FALSE,TRUE,TRUE,TRUE,TRUE,"structural_absence_boundary_at_zero","ok","",""
"Qiita13631ASD","ASD Dan 2020",36,"fourfold","Anaerostipes",0.925,0.87,0.98,87,98,2284,TRUE,TRUE,TRUE,FALSE,TRUE,TRUE,TRUE,"ok","ok","",""
"Qiita13631ASD","ASD Dan 2020",36,"fourfold","Bacteroides",1,1,1,100,100,274930,TRUE,TRUE,FALSE,TRUE,TRUE,TRUE,TRUE,"no_observed_zeros","ok","",""
"Qiita13631ASD","ASD Dan 2020",36,"fourfold","Bifidobacterium",0.93,0.87,0.99,87,99,7283,TRUE,TRUE,FALSE,TRUE,TRUE,TRUE,TRUE,"structural_absence_boundary_at_zero","ok","",""
"Qiita13631ASD","ASD Dan 2020",36,"fourfold","Bilophila",0.86,0.75,0.97,75,97,1428,TRUE,TRUE,TRUE,FALSE,TRUE,TRUE,TRUE,"ok","ok","",""
"Qiita13631ASD","ASD Dan 2020",36,"fourfold","Blautia",0.99,0.98,1,98,100,4637,TRUE,TRUE,FALSE,TRUE,TRUE,TRUE,TRUE,"structural_absence_boundary_at_zero","ok","",""
"Qiita13631ASD","ASD Dan 2020",36,"fourfold","Clostridium",1,1,1,100,100,7632,TRUE,TRUE,FALSE,TRUE,TRUE,TRUE,TRUE,"no_observed_zeros","ok","",""
"Qiita13631ASD","ASD Dan 2020",36,"fourfold","Collinsella",0.665,0.48,0.85,48,85,1082,TRUE,TRUE,FALSE,TRUE,TRUE,TRUE,TRUE,"structural_absence_boundary_at_zero","ok","",""
"Qiita13631ASD","ASD Dan 2020",36,"fourfold","Coprococcus",0.995,0.99,1,99,100,6285,TRUE,TRUE,FALSE,TRUE,TRUE,TRUE,TRUE,"structural_absence_boundary_at_zero","ok","",""
"Qiita13631ASD","ASD Dan 2020",36,"fourfold","Dialister",0.99,0.98,1,98,100,18450,TRUE,TRUE,FALSE,TRUE,TRUE,TRUE,TRUE,"structural_absence_boundary_at_zero","ok","",""
"Qiita13631ASD","ASD Dan 2020",36,"fourfold","Dorea",0.98,0.97,0.99,97,99,4739,TRUE,TRUE,TRUE,FALSE,TRUE,TRUE,TRUE,"ok","ok","",""
"Qiita13631ASD","ASD Dan 2020",36,"fourfold","Faecalibacterium",1,1,1,100,100,66632,TRUE,TRUE,FALSE,TRUE,TRUE,TRUE,TRUE,"no_observed_zeros","ok","",""
"Qiita13631ASD","ASD Dan 2020",36,"fourfold","Fusobacterium",0.44,0.32,0.56,32,56,985,TRUE,TRUE,FALSE,TRUE,TRUE,TRUE,TRUE,"structural_absence_boundary_at_zero","ok","",""
"Qiita13631ASD","ASD Dan 2020",36,"fourfold","Haemophilus",0.91,0.82,1,82,100,5160,TRUE,TRUE,FALSE,TRUE,TRUE,TRUE,TRUE,"structural_absence_boundary_at_zero","ok","",""
"Qiita13631ASD","ASD Dan 2020",36,"fourfold","Lachnobacterium",0.68,0.55,0.81,55,81,988,TRUE,TRUE,TRUE,FALSE,TRUE,TRUE,TRUE,"ok","ok","",""
"Qiita13631ASD","ASD Dan 2020",36,"fourfold","Lachnospira",1,1,1,100,100,21641,TRUE,TRUE,FALSE,TRUE,TRUE,TRUE,TRUE,"no_observed_zeros","ok","",""
"Qiita13631ASD","ASD Dan 2020",36,"fourfold","Megamonas",0.97,0.95,0.99,95,99,16522,TRUE,TRUE,FALSE,TRUE,TRUE,TRUE,TRUE,"structural_absence_boundary_at_zero","ok","",""
"Qiita13631ASD","ASD Dan 2020",36,"fourfold","Megasphaera",0.78,0.63,0.93,63,93,2788,TRUE,TRUE,FALSE,TRUE,TRUE,TRUE,TRUE,"structural_absence_boundary_at_zero","ok","",""
"Qiita13631ASD","ASD Dan 2020",36,"fourfold","Oscillospira",1,1,1,100,100,9886,TRUE,TRUE,FALSE,TRUE,TRUE,TRUE,TRUE,"no_observed_zeros","ok","",""
"Qiita13631ASD","ASD Dan 2020",36,"fourfold","Parabacteroides",1,1,1,100,100,22663,TRUE,TRUE,FALSE,TRUE,TRUE,TRUE,TRUE,"no_observed_zeros","ok","",""
"Qiita13631ASD","ASD Dan 2020",36,"fourfold","Paraprevotella",0.72,0.57,0.87,57,87,2059,TRUE,TRUE,TRUE,FALSE,TRUE,TRUE,TRUE,"ok","ok","",""
"Qiita13631ASD","ASD Dan 2020",36,"fourfold","Phascolarctobacterium",0.98,0.96,1,96,100,8916,TRUE,TRUE,FALSE,TRUE,TRUE,TRUE,TRUE,"structural_absence_boundary_at_zero","ok","",""
"Qiita13631ASD","ASD Dan 2020",36,"fourfold","Prevotella",0.995,0.99,1,99,100,43366,TRUE,TRUE,FALSE,TRUE,TRUE,TRUE,TRUE,"structural_absence_boundary_at_zero","ok","",""
"Qiita13631ASD","ASD Dan 2020",36,"fourfold","Roseburia",0.995,0.99,1,99,100,11494,TRUE,TRUE,TRUE,FALSE,TRUE,TRUE,TRUE,"ok","ok","",""
"Qiita13631ASD","ASD Dan 2020",36,"fourfold","Ruminococcus",1,1,1,100,100,24589,TRUE,TRUE,FALSE,TRUE,TRUE,TRUE,TRUE,"no_observed_zeros","ok","",""
"Qiita13631ASD","ASD Dan 2020",36,"fourfold","Streptococcus",0.915,0.85,0.98,85,98,2176,TRUE,TRUE,FALSE,TRUE,TRUE,TRUE,TRUE,"structural_absence_boundary_at_zero","ok","",""
"Qiita13631ASD","ASD Dan 2020",36,"fourfold","Sutterella",1,1,1,100,100,13687,TRUE,TRUE,FALSE,TRUE,TRUE,TRUE,TRUE,"no_observed_zeros","ok","",""
"Qiita13631ASD","ASD Dan 2020",36,"fourfold","Veillonella",0.96,0.92,1,92,100,4973,TRUE,TRUE,FALSE,TRUE,TRUE,TRUE,TRUE,"structural_absence_boundary_at_zero","ok","",""
"Qiita13631ASD","ASD Dan 2020",37,"balanced","[Prevotella]",0.51,0.54,0.48,54,48,1590,TRUE,TRUE,TRUE,FALSE,TRUE,TRUE,TRUE,"ok","ok","",""
"Qiita13631ASD","ASD Dan 2020",37,"balanced","[Ruminococcus]",1,1,1,100,100,11623,TRUE,TRUE,FALSE,TRUE,TRUE,TRUE,TRUE,"no_observed_zeros","ok","",""
"Qiita13631ASD","ASD Dan 2020",37,"balanced","Akkermansia",0.75,0.74,0.76,74,76,2848,TRUE,TRUE,FALSE,TRUE,TRUE,TRUE,TRUE,"structural_absence_boundary_at_zero","ok","",""
"Qiita13631ASD","ASD Dan 2020",37,"balanced","Anaerostipes",0.965,0.96,0.97,96,97,2766,TRUE,TRUE,TRUE,FALSE,TRUE,TRUE,TRUE,"ok","ok","",""
"Qiita13631ASD","ASD Dan 2020",37,"balanced","Bacteroides",1,1,1,100,100,305277,TRUE,TRUE,FALSE,TRUE,TRUE,TRUE,TRUE,"no_observed_zeros","ok","",""
"Qiita13631ASD","ASD Dan 2020",37,"balanced","Bifidobacterium",0.965,0.96,0.97,96,97,7390,TRUE,TRUE,FALSE,TRUE,TRUE,TRUE,TRUE,"structural_absence_boundary_at_zero","ok","",""
"Qiita13631ASD","ASD Dan 2020",37,"balanced","Bilophila",0.96,0.95,0.97,95,97,1477,TRUE,TRUE,FALSE,TRUE,TRUE,TRUE,TRUE,"structural_absence_boundary_at_zero","ok","",""
"Qiita13631ASD","ASD Dan 2020",37,"balanced","Blautia",0.995,1,0.99,100,99,5405,TRUE,TRUE,TRUE,FALSE,TRUE,TRUE,TRUE,"ok","ok","",""
"Qiita13631ASD","ASD Dan 2020",37,"balanced","Clostridium",1,1,1,100,100,8113,TRUE,TRUE,FALSE,TRUE,TRUE,TRUE,TRUE,"no_observed_zeros","ok","",""
"Qiita13631ASD","ASD Dan 2020",37,"balanced","Collinsella",0.755,0.74,0.77,74,77,879,TRUE,TRUE,FALSE,TRUE,TRUE,TRUE,TRUE,"structural_absence_boundary_at_zero","ok","",""
"Qiita13631ASD","ASD Dan 2020",37,"balanced","Coprococcus",0.995,1,0.99,100,99,6672,TRUE,TRUE,TRUE,FALSE,TRUE,TRUE,TRUE,"ok","ok","",""
"Qiita13631ASD","ASD Dan 2020",37,"balanced","Dialister",1,1,1,100,100,22150,TRUE,TRUE,FALSE,TRUE,TRUE,TRUE,TRUE,"no_observed_zeros","ok","",""
"Qiita13631ASD","ASD Dan 2020",37,"balanced","Dorea",0.995,1,0.99,100,99,5367,TRUE,TRUE,TRUE,FALSE,TRUE,TRUE,TRUE,"ok","ok","",""
"Qiita13631ASD","ASD Dan 2020",37,"balanced","Faecalibacterium",1,1,1,100,100,75151,TRUE,TRUE,FALSE,TRUE,TRUE,TRUE,TRUE,"no_observed_zeros","ok","",""
"Qiita13631ASD","ASD Dan 2020",37,"balanced","Fusobacterium",0.515,0.47,0.56,47,56,1186,TRUE,TRUE,FALSE,TRUE,TRUE,TRUE,TRUE,"structural_absence_boundary_at_zero","ok","",""
"Qiita13631ASD","ASD Dan 2020",37,"balanced","Haemophilus",0.975,0.96,0.99,96,99,5718,TRUE,TRUE,FALSE,TRUE,TRUE,TRUE,TRUE,"structural_absence_boundary_at_zero","ok","",""
"Qiita13631ASD","ASD Dan 2020",37,"balanced","Lachnobacterium",0.735,0.73,0.74,73,74,1248,TRUE,TRUE,TRUE,FALSE,TRUE,TRUE,TRUE,"ok","ok","",""
"Qiita13631ASD","ASD Dan 2020",37,"balanced","Lachnospira",1,1,1,100,100,24432,TRUE,TRUE,FALSE,TRUE,TRUE,TRUE,TRUE,"no_observed_zeros","ok","",""
"Qiita13631ASD","ASD Dan 2020",37,"balanced","Megamonas",0.98,0.97,0.99,97,99,19037,TRUE,TRUE,FALSE,TRUE,TRUE,TRUE,TRUE,"structural_absence_boundary_at_zero","ok","",""
"Qiita13631ASD","ASD Dan 2020",37,"balanced","Megasphaera",0.865,0.83,0.9,83,90,3531,TRUE,TRUE,FALSE,TRUE,TRUE,TRUE,TRUE,"structural_absence_boundary_at_zero","ok","",""
"Qiita13631ASD","ASD Dan 2020",37,"balanced","Oscillospira",1,1,1,100,100,10729,TRUE,TRUE,FALSE,TRUE,TRUE,TRUE,TRUE,"no_observed_zeros","ok","",""
"Qiita13631ASD","ASD Dan 2020",37,"balanced","Parabacteroides",1,1,1,100,100,22806,TRUE,TRUE,FALSE,TRUE,TRUE,TRUE,TRUE,"no_observed_zeros","ok","",""
"Qiita13631ASD","ASD Dan 2020",37,"balanced","Paraprevotella",0.85,0.84,0.86,84,86,2284,TRUE,TRUE,FALSE,TRUE,TRUE,TRUE,TRUE,"structural_absence_boundary_at_zero","ok","",""
"Qiita13631ASD","ASD Dan 2020",37,"balanced","Phascolarctobacterium",1,1,1,100,100,8734,TRUE,TRUE,FALSE,TRUE,TRUE,TRUE,TRUE,"no_observed_zeros","ok","",""
"Qiita13631ASD","ASD Dan 2020",37,"balanced","Prevotella",0.995,0.99,1,99,100,46833,TRUE,TRUE,FALSE,TRUE,TRUE,TRUE,TRUE,"structural_absence_boundary_at_zero","ok","",""
"Qiita13631ASD","ASD Dan 2020",37,"balanced","Roseburia",1,1,1,100,100,12249,TRUE,TRUE,FALSE,TRUE,TRUE,TRUE,TRUE,"no_observed_zeros","ok","",""
"Qiita13631ASD","ASD Dan 2020",37,"balanced","Ruminococcus",0.995,1,0.99,100,99,26886,TRUE,TRUE,TRUE,FALSE,TRUE,TRUE,TRUE,"ok","ok","",""
"Qiita13631ASD","ASD Dan 2020",37,"balanced","Streptococcus",0.965,0.95,0.98,95,98,2574,TRUE,TRUE,TRUE,FALSE,TRUE,TRUE,TRUE,"ok","ok","",""
"Qiita13631ASD","ASD Dan 2020",37,"balanced","Sutterella",1,1,1,100,100,13695,TRUE,TRUE,FALSE,TRUE,TRUE,TRUE,TRUE,"no_observed_zeros","ok","",""
"Qiita13631ASD","ASD Dan 2020",37,"balanced","Veillonella",0.99,0.99,0.99,99,99,6086,TRUE,TRUE,FALSE,TRUE,TRUE,TRUE,TRUE,"structural_absence_boundary_at_zero","ok","",""
"Qiita13631ASD","ASD Dan 2020",37,"fourfold","[Prevotella]",0.46,0.41,0.51,41,51,1144,TRUE,TRUE,TRUE,FALSE,TRUE,TRUE,TRUE,"ok","ok","",""
"Qiita13631ASD","ASD Dan 2020",37,"fourfold","[Ruminococcus]",1,1,1,100,100,11818,TRUE,TRUE,FALSE,TRUE,TRUE,TRUE,TRUE,"no_observed_zeros","ok","",""
"Qiita13631ASD","ASD Dan 2020",37,"fourfold","Akkermansia",0.705,0.56,0.85,56,85,3813,TRUE,TRUE,FALSE,TRUE,TRUE,TRUE,TRUE,"structural_absence_boundary_at_zero","ok","",""
"Qiita13631ASD","ASD Dan 2020",37,"fourfold","Anaerostipes",0.9,0.81,0.99,81,99,2825,TRUE,TRUE,TRUE,FALSE,TRUE,TRUE,TRUE,"ok","ok","",""
"Qiita13631ASD","ASD Dan 2020",37,"fourfold","Bacteroides",1,1,1,100,100,295006,TRUE,TRUE,FALSE,TRUE,TRUE,TRUE,TRUE,"no_observed_zeros","ok","",""
"Qiita13631ASD","ASD Dan 2020",37,"fourfold","Bifidobacterium",0.935,0.87,1,87,100,6602,TRUE,TRUE,FALSE,TRUE,TRUE,TRUE,TRUE,"structural_absence_boundary_at_zero","ok","",""
"Qiita13631ASD","ASD Dan 2020",37,"fourfold","Bilophila",0.88,0.77,0.99,77,99,1384,TRUE,TRUE,FALSE,TRUE,TRUE,TRUE,TRUE,"structural_absence_boundary_at_zero","ok","",""
"Qiita13631ASD","ASD Dan 2020",37,"fourfold","Blautia",0.995,0.99,1,99,100,5586,TRUE,TRUE,FALSE,TRUE,TRUE,TRUE,TRUE,"structural_absence_boundary_at_zero","ok","",""
"Qiita13631ASD","ASD Dan 2020",37,"fourfold","Clostridium",0.99,0.98,1,98,100,8255,TRUE,TRUE,FALSE,TRUE,TRUE,TRUE,TRUE,"structural_absence_boundary_at_zero","ok","",""
"Qiita13631ASD","ASD Dan 2020",37,"fourfold","Collinsella",0.685,0.55,0.82,55,82,727,TRUE,TRUE,FALSE,TRUE,TRUE,TRUE,TRUE,"structural_absence_boundary_at_zero","ok","",""
"Qiita13631ASD","ASD Dan 2020",37,"fourfold","Coprococcus",0.98,0.96,1,96,100,6688,TRUE,TRUE,TRUE,FALSE,TRUE,TRUE,TRUE,"ok","ok","",""
"Qiita13631ASD","ASD Dan 2020",37,"fourfold","Dialister",0.995,0.99,1,99,100,20523,TRUE,TRUE,FALSE,TRUE,TRUE,TRUE,TRUE,"structural_absence_boundary_at_zero","ok","",""
"Qiita13631ASD","ASD Dan 2020",37,"fourfold","Dorea",0.985,0.97,1,97,100,5067,TRUE,TRUE,FALSE,TRUE,TRUE,TRUE,TRUE,"structural_absence_boundary_at_zero","ok","",""
"Qiita13631ASD","ASD Dan 2020",37,"fourfold","Faecalibacterium",1,1,1,100,100,70462,TRUE,TRUE,FALSE,TRUE,TRUE,TRUE,TRUE,"no_observed_zeros","ok","",""
"Qiita13631ASD","ASD Dan 2020",37,"fourfold","Fusobacterium",0.455,0.3,0.61,30,61,1242,TRUE,TRUE,FALSE,TRUE,TRUE,TRUE,TRUE,"structural_absence_boundary_at_zero","ok","",""
"Qiita13631ASD","ASD Dan 2020",37,"fourfold","Haemophilus",0.925,0.87,0.98,87,98,4101,TRUE,TRUE,FALSE,TRUE,TRUE,TRUE,TRUE,"structural_absence_boundary_at_zero","ok","",""
"Qiita13631ASD","ASD Dan 2020",37,"fourfold","Lachnobacterium",0.66,0.49,0.83,49,83,1248,TRUE,TRUE,TRUE,FALSE,TRUE,TRUE,TRUE,"ok","ok","",""
"Qiita13631ASD","ASD Dan 2020",37,"fourfold","Lachnospira",1,1,1,100,100,23013,TRUE,TRUE,FALSE,TRUE,TRUE,TRUE,TRUE,"no_observed_zeros","ok","",""
"Qiita13631ASD","ASD Dan 2020",37,"fourfold","Megamonas",0.965,0.93,1,93,100,17133,TRUE,TRUE,FALSE,TRUE,TRUE,TRUE,TRUE,"structural_absence_boundary_at_zero","ok","",""
"Qiita13631ASD","ASD Dan 2020",37,"fourfold","Megasphaera",0.82,0.71,0.93,71,93,2962,TRUE,TRUE,FALSE,TRUE,TRUE,TRUE,TRUE,"structural_absence_boundary_at_zero","ok","",""
"Qiita13631ASD","ASD Dan 2020",37,"fourfold","Oscillospira",0.995,1,0.99,100,99,10481,TRUE,TRUE,TRUE,FALSE,TRUE,TRUE,TRUE,"ok","ok","",""
"Qiita13631ASD","ASD Dan 2020",37,"fourfold","Parabacteroides",1,1,1,100,100,21404,TRUE,TRUE,FALSE,TRUE,TRUE,TRUE,TRUE,"no_observed_zeros","ok","",""
"Qiita13631ASD","ASD Dan 2020",37,"fourfold","Paraprevotella",0.77,0.68,0.86,68,86,2519,TRUE,TRUE,TRUE,FALSE,TRUE,TRUE,TRUE,"ok","ok","",""
"Qiita13631ASD","ASD Dan 2020",37,"fourfold","Phascolarctobacterium",0.99,0.98,1,98,100,10945,TRUE,TRUE,FALSE,TRUE,TRUE,TRUE,TRUE,"structural_absence_boundary_at_zero","ok","",""
"Qiita13631ASD","ASD Dan 2020",37,"fourfold","Prevotella",0.98,0.96,1,96,100,46229,TRUE,TRUE,FALSE,TRUE,TRUE,TRUE,TRUE,"structural_absence_boundary_at_zero","ok","",""
"Qiita13631ASD","ASD Dan 2020",37,"fourfold","Roseburia",0.99,0.98,1,98,100,11591,TRUE,TRUE,TRUE,FALSE,TRUE,TRUE,TRUE,"ok","ok","",""
"Qiita13631ASD","ASD Dan 2020",37,"fourfold","Ruminococcus",1,1,1,100,100,28661,TRUE,TRUE,FALSE,TRUE,TRUE,TRUE,TRUE,"no_observed_zeros","ok","",""
"Qiita13631ASD","ASD Dan 2020",37,"fourfold","Streptococcus",0.935,0.88,0.99,88,99,2318,TRUE,TRUE,FALSE,TRUE,TRUE,TRUE,TRUE,"structural_absence_boundary_at_zero","ok","",""
"Qiita13631ASD","ASD Dan 2020",37,"fourfold","Sutterella",1,1,1,100,100,13225,TRUE,TRUE,FALSE,TRUE,TRUE,TRUE,TRUE,"no_observed_zeros","ok","",""
"Qiita13631ASD","ASD Dan 2020",37,"fourfold","Veillonella",0.955,0.91,1,91,100,6246,TRUE,TRUE,FALSE,TRUE,TRUE,TRUE,TRUE,"structural_absence_boundary_at_zero","ok","",""
"Qiita13631ASD","ASD Dan 2020",38,"balanced","[Prevotella]",0.51,0.53,0.49,53,49,1438,TRUE,TRUE,TRUE,FALSE,TRUE,TRUE,TRUE,"ok","ok","",""
"Qiita13631ASD","ASD Dan 2020",38,"balanced","[Ruminococcus]",1,1,1,100,100,11214,TRUE,TRUE,FALSE,TRUE,TRUE,TRUE,TRUE,"no_observed_zeros","ok","",""
"Qiita13631ASD","ASD Dan 2020",38,"balanced","Akkermansia",0.765,0.81,0.72,81,72,3086,TRUE,TRUE,FALSE,TRUE,TRUE,TRUE,TRUE,"structural_absence_boundary_at_zero","ok","",""
"Qiita13631ASD","ASD Dan 2020",38,"balanced","Anaerostipes",0.975,0.98,0.97,98,97,2667,TRUE,TRUE,FALSE,TRUE,TRUE,TRUE,TRUE,"structural_absence_boundary_at_zero","ok","",""
"Qiita13631ASD","ASD Dan 2020",38,"balanced","Bacteroides",1,1,1,100,100,310766,TRUE,TRUE,FALSE,TRUE,TRUE,TRUE,TRUE,"no_observed_zeros","ok","",""
"Qiita13631ASD","ASD Dan 2020",38,"balanced","Bifidobacterium",0.985,0.99,0.98,99,98,9888,TRUE,TRUE,FALSE,TRUE,TRUE,TRUE,TRUE,"structural_absence_boundary_at_zero","ok","",""
"Qiita13631ASD","ASD Dan 2020",38,"balanced","Bilophila",0.975,0.99,0.96,99,96,1491,TRUE,TRUE,FALSE,TRUE,TRUE,TRUE,TRUE,"structural_absence_boundary_at_zero","ok","",""
"Qiita13631ASD","ASD Dan 2020",38,"balanced","Blautia",1,1,1,100,100,5341,TRUE,TRUE,FALSE,TRUE,TRUE,TRUE,TRUE,"no_observed_zeros","ok","",""
"Qiita13631ASD","ASD Dan 2020",38,"balanced","Clostridium",0.995,1,0.99,100,99,8094,TRUE,TRUE,TRUE,FALSE,TRUE,TRUE,TRUE,"ok","ok","",""
"Qiita13631ASD","ASD Dan 2020",38,"balanced","Collinsella",0.725,0.71,0.74,71,74,712,TRUE,TRUE,FALSE,TRUE,TRUE,TRUE,TRUE,"structural_absence_boundary_at_zero","ok","",""
"Qiita13631ASD","ASD Dan 2020",38,"balanced","Coprococcus",1,1,1,100,100,6920,TRUE,TRUE,FALSE,TRUE,TRUE,TRUE,TRUE,"no_observed_zeros","ok","",""
"Qiita13631ASD","ASD Dan 2020",38,"balanced","Dialister",1,1,1,100,100,24463,TRUE,TRUE,FALSE,TRUE,TRUE,TRUE,TRUE,"no_observed_zeros","ok","",""
"Qiita13631ASD","ASD Dan 2020",38,"balanced","Dorea",1,1,1,100,100,5151,TRUE,TRUE,FALSE,TRUE,TRUE,TRUE,TRUE,"no_observed_zeros","ok","",""
"Qiita13631ASD","ASD Dan 2020",38,"balanced","Faecalibacterium",1,1,1,100,100,75331,TRUE,TRUE,FALSE,TRUE,TRUE,TRUE,TRUE,"no_observed_zeros","ok","",""
"Qiita13631ASD","ASD Dan 2020",38,"balanced","Fusobacterium",0.535,0.58,0.49,58,49,1363,TRUE,TRUE,FALSE,TRUE,TRUE,TRUE,TRUE,"structural_absence_boundary_at_zero","ok","",""
"Qiita13631ASD","ASD Dan 2020",38,"balanced","Haemophilus",0.955,0.96,0.95,96,95,4588,TRUE,TRUE,FALSE,TRUE,TRUE,TRUE,TRUE,"structural_absence_boundary_at_zero","ok","",""
"Qiita13631ASD","ASD Dan 2020",38,"balanced","Lachnobacterium",0.735,0.69,0.78,69,78,1248,TRUE,TRUE,TRUE,FALSE,TRUE,TRUE,TRUE,"ok","ok","",""
"Qiita13631ASD","ASD Dan 2020",38,"balanced","Lachnospira",1,1,1,100,100,24250,TRUE,TRUE,FALSE,TRUE,TRUE,TRUE,TRUE,"no_observed_zeros","ok","",""
"Qiita13631ASD","ASD Dan 2020",38,"balanced","Megamonas",0.995,0.99,1,99,100,17010,TRUE,TRUE,FALSE,TRUE,TRUE,TRUE,TRUE,"structural_absence_boundary_at_zero","ok","",""
"Qiita13631ASD","ASD Dan 2020",38,"balanced","Megasphaera",0.89,0.88,0.9,88,90,4121,TRUE,TRUE,FALSE,TRUE,TRUE,TRUE,TRUE,"structural_absence_boundary_at_zero","ok","",""
"Qiita13631ASD","ASD Dan 2020",38,"balanced","Oscillospira",1,1,1,100,100,11095,TRUE,TRUE,FALSE,TRUE,TRUE,TRUE,TRUE,"no_observed_zeros","ok","",""
"Qiita13631ASD","ASD Dan 2020",38,"balanced","Parabacteroides",1,1,1,100,100,23129,TRUE,TRUE,FALSE,TRUE,TRUE,TRUE,TRUE,"no_observed_zeros","ok","",""
"Qiita13631ASD","ASD Dan 2020",38,"balanced","Paraprevotella",0.835,0.85,0.82,85,82,2236,TRUE,TRUE,FALSE,TRUE,TRUE,TRUE,TRUE,"structural_absence_boundary_at_zero","ok","",""
"Qiita13631ASD","ASD Dan 2020",38,"balanced","Phascolarctobacterium",1,1,1,100,100,9891,TRUE,TRUE,FALSE,TRUE,TRUE,TRUE,TRUE,"no_observed_zeros","ok","",""
"Qiita13631ASD","ASD Dan 2020",38,"balanced","Prevotella",0.995,1,0.99,100,99,52920,TRUE,TRUE,FALSE,TRUE,TRUE,TRUE,TRUE,"structural_absence_boundary_at_zero","ok","",""
"Qiita13631ASD","ASD Dan 2020",38,"balanced","Roseburia",1,1,1,100,100,12608,TRUE,TRUE,FALSE,TRUE,TRUE,TRUE,TRUE,"no_observed_zeros","ok","",""
"Qiita13631ASD","ASD Dan 2020",38,"balanced","Ruminococcus",1,1,1,100,100,26799,TRUE,TRUE,FALSE,TRUE,TRUE,TRUE,TRUE,"no_observed_zeros","ok","",""
"Qiita13631ASD","ASD Dan 2020",38,"balanced","Streptococcus",0.98,1,0.96,100,96,2459,TRUE,TRUE,FALSE,TRUE,TRUE,TRUE,TRUE,"structural_absence_boundary_at_zero","ok","",""
"Qiita13631ASD","ASD Dan 2020",38,"balanced","Sutterella",1,1,1,100,100,14031,TRUE,TRUE,FALSE,TRUE,TRUE,TRUE,TRUE,"no_observed_zeros","ok","",""
"Qiita13631ASD","ASD Dan 2020",38,"balanced","Veillonella",0.985,0.98,0.99,98,99,5129,TRUE,TRUE,FALSE,TRUE,TRUE,TRUE,TRUE,"structural_absence_boundary_at_zero","ok","",""
"Qiita13631ASD","ASD Dan 2020",38,"fourfold","[Prevotella]",0.48,0.4,0.56,40,56,1216,TRUE,TRUE,TRUE,FALSE,TRUE,TRUE,TRUE,"ok","ok","",""
"Qiita13631ASD","ASD Dan 2020",38,"fourfold","[Ruminococcus]",0.995,0.99,1,99,100,12086,TRUE,TRUE,FALSE,TRUE,TRUE,TRUE,TRUE,"structural_absence_boundary_at_zero","ok","",""
"Qiita13631ASD","ASD Dan 2020",38,"fourfold","Akkermansia",0.74,0.59,0.89,59,89,2237,TRUE,TRUE,FALSE,TRUE,TRUE,TRUE,TRUE,"structural_absence_boundary_at_zero","ok","",""
"Qiita13631ASD","ASD Dan 2020",38,"fourfold","Anaerostipes",0.925,0.87,0.98,87,98,2576,TRUE,TRUE,TRUE,FALSE,TRUE,TRUE,TRUE,"ok","ok","",""
"Qiita13631ASD","ASD Dan 2020",38,"fourfold","Bacteroides",1,1,1,100,100,276206,TRUE,TRUE,FALSE,TRUE,TRUE,TRUE,TRUE,"no_observed_zeros","ok","",""
"Qiita13631ASD","ASD Dan 2020",38,"fourfold","Bifidobacterium",0.935,0.88,0.99,88,99,6694,TRUE,TRUE,FALSE,TRUE,TRUE,TRUE,TRUE,"structural_absence_boundary_at_zero","ok","",""
"Qiita13631ASD","ASD Dan 2020",38,"fourfold","Bilophila",0.91,0.83,0.99,83,99,1395,TRUE,TRUE,FALSE,TRUE,TRUE,TRUE,TRUE,"structural_absence_boundary_at_zero","ok","",""
"Qiita13631ASD","ASD Dan 2020",38,"fourfold","Blautia",1,1,1,100,100,5316,TRUE,TRUE,FALSE,TRUE,TRUE,TRUE,TRUE,"no_observed_zeros","ok","",""
"Qiita13631ASD","ASD Dan 2020",38,"fourfold","Clostridium",0.99,0.98,1,98,100,8059,TRUE,TRUE,FALSE,TRUE,TRUE,TRUE,TRUE,"structural_absence_boundary_at_zero","ok","",""
"Qiita13631ASD","ASD Dan 2020",38,"fourfold","Collinsella",0.645,0.46,0.83,46,83,835,TRUE,TRUE,FALSE,TRUE,TRUE,TRUE,TRUE,"structural_absence_boundary_at_zero","ok","",""
"Qiita13631ASD","ASD Dan 2020",38,"fourfold","Coprococcus",0.985,0.98,0.99,98,99,6253,TRUE,TRUE,TRUE,FALSE,TRUE,TRUE,TRUE,"ok","ok","",""
"Qiita13631ASD","ASD Dan 2020",38,"fourfold","Dialister",0.99,0.98,1,98,100,20844,TRUE,TRUE,FALSE,TRUE,TRUE,TRUE,TRUE,"structural_absence_boundary_at_zero","ok","",""
"Qiita13631ASD","ASD Dan 2020",38,"fourfold","Dorea",0.98,0.96,1,96,100,5471,TRUE,TRUE,FALSE,TRUE,TRUE,TRUE,TRUE,"structural_absence_boundary_at_zero","ok","",""
"Qiita13631ASD","ASD Dan 2020",38,"fourfold","Faecalibacterium",1,1,1,100,100,68479,TRUE,TRUE,FALSE,TRUE,TRUE,TRUE,TRUE,"no_observed_zeros","ok","",""
"Qiita13631ASD","ASD Dan 2020",38,"fourfold","Fusobacterium",0.53,0.41,0.65,41,65,1148,TRUE,TRUE,FALSE,TRUE,TRUE,TRUE,TRUE,"structural_absence_boundary_at_zero","ok","",""
"Qiita13631ASD","ASD Dan 2020",38,"fourfold","Haemophilus",0.92,0.87,0.97,87,97,5094,TRUE,TRUE,FALSE,TRUE,TRUE,TRUE,TRUE,"structural_absence_boundary_at_zero","ok","",""
"Qiita13631ASD","ASD Dan 2020",38,"fourfold","Lachnobacterium",0.67,0.58,0.76,58,76,1143,TRUE,TRUE,TRUE,FALSE,TRUE,TRUE,TRUE,"ok","ok","",""
"Qiita13631ASD","ASD Dan 2020",38,"fourfold","Lachnospira",1,1,1,100,100,22587,TRUE,TRUE,FALSE,TRUE,TRUE,TRUE,TRUE,"no_observed_zeros","ok","",""
"Qiita13631ASD","ASD Dan 2020",38,"fourfold","Megamonas",0.98,0.97,0.99,97,99,17086,TRUE,TRUE,FALSE,TRUE,TRUE,TRUE,TRUE,"structural_absence_boundary_at_zero","ok","",""
"Qiita13631ASD","ASD Dan 2020",38,"fourfold","Megasphaera",0.77,0.65,0.89,65,89,2426,TRUE,TRUE,FALSE,TRUE,TRUE,TRUE,TRUE,"structural_absence_boundary_at_zero","ok","",""
"Qiita13631ASD","ASD Dan 2020",38,"fourfold","Oscillospira",0.995,0.99,1,99,100,10135,TRUE,TRUE,FALSE,TRUE,TRUE,TRUE,TRUE,"structural_absence_boundary_at_zero","ok","",""
"Qiita13631ASD","ASD Dan 2020",38,"fourfold","Parabacteroides",0.995,1,0.99,100,99,21122,TRUE,TRUE,TRUE,FALSE,TRUE,TRUE,TRUE,"ok","ok","",""
"Qiita13631ASD","ASD Dan 2020",38,"fourfold","Paraprevotella",0.745,0.68,0.81,68,81,1751,TRUE,TRUE,TRUE,FALSE,TRUE,TRUE,TRUE,"ok","ok","",""
"Qiita13631ASD","ASD Dan 2020",38,"fourfold","Phascolarctobacterium",0.975,0.95,1,95,100,11076,TRUE,TRUE,FALSE,TRUE,TRUE,TRUE,TRUE,"structural_absence_boundary_at_zero","ok","",""
"Qiita13631ASD","ASD Dan 2020",38,"fourfold","Prevotella",0.995,0.99,1,99,100,48680,TRUE,TRUE,FALSE,TRUE,TRUE,TRUE,TRUE,"structural_absence_boundary_at_zero","ok","",""
"Qiita13631ASD","ASD Dan 2020",38,"fourfold","Roseburia",1,1,1,100,100,11319,TRUE,TRUE,FALSE,TRUE,TRUE,TRUE,TRUE,"no_observed_zeros","ok","",""
"Qiita13631ASD","ASD Dan 2020",38,"fourfold","Ruminococcus",1,1,1,100,100,26013,TRUE,TRUE,FALSE,TRUE,TRUE,TRUE,TRUE,"no_observed_zeros","ok","",""
"Qiita13631ASD","ASD Dan 2020",38,"fourfold","Streptococcus",0.925,0.87,0.98,87,98,2371,TRUE,TRUE,TRUE,FALSE,TRUE,TRUE,TRUE,"ok","ok","",""
"Qiita13631ASD","ASD Dan 2020",38,"fourfold","Sutterella",0.985,0.97,1,97,100,12077,TRUE,TRUE,TRUE,FALSE,TRUE,TRUE,TRUE,"ok","ok","",""
"Qiita13631ASD","ASD Dan 2020",38,"fourfold","Veillonella",0.96,0.92,1,92,100,5959,TRUE,TRUE,FALSE,TRUE,TRUE,TRUE,TRUE,"structural_absence_boundary_at_zero","ok","",""
"Qiita13631ASD","ASD Dan 2020",39,"balanced","[Prevotella]",0.53,0.58,0.48,58,48,2054,TRUE,TRUE,TRUE,FALSE,TRUE,TRUE,TRUE,"ok","ok","",""
"Qiita13631ASD","ASD Dan 2020",39,"balanced","[Ruminococcus]",1,1,1,100,100,11110,TRUE,TRUE,FALSE,TRUE,TRUE,TRUE,TRUE,"no_observed_zeros","ok","",""
"Qiita13631ASD","ASD Dan 2020",39,"balanced","Akkermansia",0.765,0.78,0.75,78,75,3317,TRUE,TRUE,FALSE,TRUE,TRUE,TRUE,TRUE,"structural_absence_boundary_at_zero","ok","",""
"Qiita13631ASD","ASD Dan 2020",39,"balanced","Anaerostipes",0.96,0.96,0.96,96,96,2700,TRUE,TRUE,TRUE,FALSE,TRUE,TRUE,TRUE,"ok","ok","",""
"Qiita13631ASD","ASD Dan 2020",39,"balanced","Bacteroides",1,1,1,100,100,293556,TRUE,TRUE,FALSE,TRUE,TRUE,TRUE,TRUE,"no_observed_zeros","ok","",""
"Qiita13631ASD","ASD Dan 2020",39,"balanced","Bifidobacterium",0.975,0.98,0.97,98,97,8832,TRUE,TRUE,FALSE,TRUE,TRUE,TRUE,TRUE,"structural_absence_boundary_at_zero","ok","",""
"Qiita13631ASD","ASD Dan 2020",39,"balanced","Bilophila",0.955,0.96,0.95,96,95,1465,TRUE,TRUE,TRUE,FALSE,TRUE,TRUE,TRUE,"ok","ok","",""
"Qiita13631ASD","ASD Dan 2020",39,"balanced","Blautia",1,1,1,100,100,5242,TRUE,TRUE,FALSE,TRUE,TRUE,TRUE,TRUE,"no_observed_zeros","ok","",""
"Qiita13631ASD","ASD Dan 2020",39,"balanced","Clostridium",1,1,1,100,100,8500,TRUE,TRUE,FALSE,TRUE,TRUE,TRUE,TRUE,"no_observed_zeros","ok","",""
"Qiita13631ASD","ASD Dan 2020",39,"balanced","Collinsella",0.69,0.73,0.65,73,65,953,TRUE,TRUE,FALSE,TRUE,TRUE,TRUE,TRUE,"structural_absence_boundary_at_zero","ok","",""
"Qiita13631ASD","ASD Dan 2020",39,"balanced","Coprococcus",1,1,1,100,100,7092,TRUE,TRUE,FALSE,TRUE,TRUE,TRUE,TRUE,"no_observed_zeros","ok","",""
"Qiita13631ASD","ASD Dan 2020",39,"balanced","Dialister",1,1,1,100,100,22306,TRUE,TRUE,FALSE,TRUE,TRUE,TRUE,TRUE,"no_observed_zeros","ok","",""
"Qiita13631ASD","ASD Dan 2020",39,"balanced","Dorea",1,1,1,100,100,5015,TRUE,TRUE,FALSE,TRUE,TRUE,TRUE,TRUE,"no_observed_zeros","ok","",""
"Qiita13631ASD","ASD Dan 2020",39,"balanced","Faecalibacterium",1,1,1,100,100,73547,TRUE,TRUE,FALSE,TRUE,TRUE,TRUE,TRUE,"no_observed_zeros","ok","",""
"Qiita13631ASD","ASD Dan 2020",39,"balanced","Fusobacterium",0.525,0.57,0.48,57,48,1708,TRUE,TRUE,FALSE,TRUE,TRUE,TRUE,TRUE,"structural_absence_boundary_at_zero","ok","",""
"Qiita13631ASD","ASD Dan 2020",39,"balanced","Haemophilus",0.99,1,0.98,100,98,4625,TRUE,TRUE,FALSE,TRUE,TRUE,TRUE,TRUE,"structural_absence_boundary_at_zero","ok","",""
"Qiita13631ASD","ASD Dan 2020",39,"balanced","Lachnobacterium",0.7,0.71,0.69,71,69,1191,TRUE,TRUE,TRUE,FALSE,TRUE,TRUE,TRUE,"ok","ok","",""
"Qiita13631ASD","ASD Dan 2020",39,"balanced","Lachnospira",1,1,1,100,100,23890,TRUE,TRUE,FALSE,TRUE,TRUE,TRUE,TRUE,"no_observed_zeros","ok","",""
"Qiita13631ASD","ASD Dan 2020",39,"balanced","Megamonas",0.99,0.99,0.99,99,99,18897,TRUE,TRUE,FALSE,TRUE,TRUE,TRUE,TRUE,"structural_absence_boundary_at_zero","ok","",""
"Qiita13631ASD","ASD Dan 2020",39,"balanced","Megasphaera",0.855,0.9,0.81,90,81,3226,TRUE,TRUE,FALSE,TRUE,TRUE,TRUE,TRUE,"structural_absence_boundary_at_zero","ok","",""
"Qiita13631ASD","ASD Dan 2020",39,"balanced","Oscillospira",1,1,1,100,100,10676,TRUE,TRUE,FALSE,TRUE,TRUE,TRUE,TRUE,"no_observed_zeros","ok","",""
"Qiita13631ASD","ASD Dan 2020",39,"balanced","Parabacteroides",1,1,1,100,100,22955,TRUE,TRUE,FALSE,TRUE,TRUE,TRUE,TRUE,"no_observed_zeros","ok","",""
"Qiita13631ASD","ASD Dan 2020",39,"balanced","Paraprevotella",0.8,0.8,0.8,80,80,2224,TRUE,TRUE,TRUE,FALSE,TRUE,TRUE,TRUE,"ok","ok","",""
"Qiita13631ASD","ASD Dan 2020",39,"balanced","Phascolarctobacterium",0.99,0.99,0.99,99,99,9491,TRUE,TRUE,FALSE,TRUE,TRUE,TRUE,TRUE,"structural_absence_boundary_at_zero","ok","",""
"Qiita13631ASD","ASD Dan 2020",39,"balanced","Prevotella",0.995,1,0.99,100,99,48153,TRUE,TRUE,FALSE,TRUE,TRUE,TRUE,TRUE,"structural_absence_boundary_at_zero","ok","",""
"Qiita13631ASD","ASD Dan 2020",39,"balanced","Roseburia",1,1,1,100,100,11947,TRUE,TRUE,FALSE,TRUE,TRUE,TRUE,TRUE,"no_observed_zeros","ok","",""
"Qiita13631ASD","ASD Dan 2020",39,"balanced","Ruminococcus",1,1,1,100,100,26565,TRUE,TRUE,FALSE,TRUE,TRUE,TRUE,TRUE,"no_observed_zeros","ok","",""
"Qiita13631ASD","ASD Dan 2020",39,"balanced","Streptococcus",0.98,0.99,0.97,99,97,2314,TRUE,TRUE,FALSE,TRUE,TRUE,TRUE,TRUE,"structural_absence_boundary_at_zero","ok","",""
"Qiita13631ASD","ASD Dan 2020",39,"balanced","Sutterella",1,1,1,100,100,13245,TRUE,TRUE,FALSE,TRUE,TRUE,TRUE,TRUE,"no_observed_zeros","ok","",""
"Qiita13631ASD","ASD Dan 2020",39,"balanced","Veillonella",0.99,1,0.98,100,98,5112,TRUE,TRUE,FALSE,TRUE,TRUE,TRUE,TRUE,"structural_absence_boundary_at_zero","ok","",""
"Qiita13631ASD","ASD Dan 2020",39,"fourfold","[Prevotella]",0.525,0.49,0.56,49,56,1312,TRUE,TRUE,FALSE,TRUE,TRUE,TRUE,TRUE,"structural_absence_boundary_at_zero","ok","",""
"Qiita13631ASD","ASD Dan 2020",39,"fourfold","[Ruminococcus]",1,1,1,100,100,10165,TRUE,TRUE,FALSE,TRUE,TRUE,TRUE,TRUE,"no_observed_zeros","ok","",""
"Qiita13631ASD","ASD Dan 2020",39,"fourfold","Akkermansia",0.71,0.54,0.88,54,88,3366,TRUE,TRUE,FALSE,TRUE,TRUE,TRUE,TRUE,"structural_absence_boundary_at_zero","ok","",""
"Qiita13631ASD","ASD Dan 2020",39,"fourfold","Anaerostipes",0.91,0.84,0.98,84,98,2463,TRUE,TRUE,FALSE,TRUE,TRUE,TRUE,TRUE,"structural_absence_boundary_at_zero","ok","",""
"Qiita13631ASD","ASD Dan 2020",39,"fourfold","Bacteroides",1,1,1,100,100,261309,TRUE,TRUE,FALSE,TRUE,TRUE,TRUE,TRUE,"no_observed_zeros","ok","",""
"Qiita13631ASD","ASD Dan 2020",39,"fourfold","Bifidobacterium",0.935,0.89,0.98,89,98,6867,TRUE,TRUE,FALSE,TRUE,TRUE,TRUE,TRUE,"structural_absence_boundary_at_zero","ok","",""
"Qiita13631ASD","ASD Dan 2020",39,"fourfold","Bilophila",0.885,0.81,0.96,81,96,1286,TRUE,TRUE,TRUE,FALSE,TRUE,TRUE,TRUE,"ok","ok","",""
"Qiita13631ASD","ASD Dan 2020",39,"fourfold","Blautia",0.99,0.98,1,98,100,4837,TRUE,TRUE,FALSE,TRUE,TRUE,TRUE,TRUE,"structural_absence_boundary_at_zero","ok","",""
"Qiita13631ASD","ASD Dan 2020",39,"fourfold","Clostridium",0.99,0.98,1,98,100,8256,TRUE,TRUE,FALSE,TRUE,TRUE,TRUE,TRUE,"structural_absence_boundary_at_zero","ok","",""
"Qiita13631ASD","ASD Dan 2020",39,"fourfold","Collinsella",0.595,0.44,0.75,44,75,583,TRUE,TRUE,FALSE,TRUE,TRUE,TRUE,TRUE,"structural_absence_boundary_at_zero","ok","",""
"Qiita13631ASD","ASD Dan 2020",39,"fourfold","Coprococcus",0.99,0.98,1,98,100,6208,TRUE,TRUE,TRUE,FALSE,TRUE,TRUE,TRUE,"ok","ok","",""
"Qiita13631ASD","ASD Dan 2020",39,"fourfold","Dialister",1,1,1,100,100,21797,TRUE,TRUE,FALSE,TRUE,TRUE,TRUE,TRUE,"no_observed_zeros","ok","",""
"Qiita13631ASD","ASD Dan 2020",39,"fourfold","Dorea",0.975,0.95,1,95,100,4379,TRUE,TRUE,FALSE,TRUE,TRUE,TRUE,TRUE,"structural_absence_boundary_at_zero","ok","",""
"Qiita13631ASD","ASD Dan 2020",39,"fourfold","Faecalibacterium",1,1,1,100,100,68300,TRUE,TRUE,FALSE,TRUE,TRUE,TRUE,TRUE,"no_observed_zeros","ok","",""
"Qiita13631ASD","ASD Dan 2020",39,"fourfold","Fusobacterium",0.47,0.35,0.59,35,59,794,TRUE,TRUE,FALSE,TRUE,TRUE,TRUE,TRUE,"structural_absence_boundary_at_zero","ok","",""
"Qiita13631ASD","ASD Dan 2020",39,"fourfold","Haemophilus",0.93,0.88,0.98,88,98,3582,TRUE,TRUE,FALSE,TRUE,TRUE,TRUE,TRUE,"structural_absence_boundary_at_zero","ok","",""
"Qiita13631ASD","ASD Dan 2020",39,"fourfold","Lachnobacterium",0.66,0.56,0.76,56,76,930,TRUE,TRUE,TRUE,FALSE,TRUE,TRUE,TRUE,"ok","ok","",""
"Qiita13631ASD","ASD Dan 2020",39,"fourfold","Lachnospira",1,1,1,100,100,21893,TRUE,TRUE,FALSE,TRUE,TRUE,TRUE,TRUE,"no_observed_zeros","ok","",""
"Qiita13631ASD","ASD Dan 2020",39,"fourfold","Megamonas",0.975,0.95,1,95,100,18359,TRUE,TRUE,FALSE,TRUE,TRUE,TRUE,TRUE,"structural_absence_boundary_at_zero","ok","",""
"Qiita13631ASD","ASD Dan 2020",39,"fourfold","Megasphaera",0.81,0.8,0.82,80,82,2472,TRUE,TRUE,TRUE,FALSE,TRUE,TRUE,TRUE,"ok","ok","",""
"Qiita13631ASD","ASD Dan 2020",39,"fourfold","Oscillospira",1,1,1,100,100,9774,TRUE,TRUE,FALSE,TRUE,TRUE,TRUE,TRUE,"no_observed_zeros","ok","",""
"Qiita13631ASD","ASD Dan 2020",39,"fourfold","Parabacteroides",1,1,1,100,100,19244,TRUE,TRUE,FALSE,TRUE,TRUE,TRUE,TRUE,"no_observed_zeros","ok","",""
"Qiita13631ASD","ASD Dan 2020",39,"fourfold","Paraprevotella",0.745,0.62,0.87,62,87,2064,TRUE,TRUE,TRUE,FALSE,TRUE,TRUE,TRUE,"ok","ok","",""
"Qiita13631ASD","ASD Dan 2020",39,"fourfold","Phascolarctobacterium",0.975,0.95,1,95,100,10689,TRUE,TRUE,FALSE,TRUE,TRUE,TRUE,TRUE,"structural_absence_boundary_at_zero","ok","",""
"Qiita13631ASD","ASD Dan 2020",39,"fourfold","Prevotella",0.995,0.99,1,99,100,45305,TRUE,TRUE,FALSE,TRUE,TRUE,TRUE,TRUE,"structural_absence_boundary_at_zero","ok","",""
"Qiita13631ASD","ASD Dan 2020",39,"fourfold","Roseburia",1,1,1,100,100,10752,TRUE,TRUE,FALSE,TRUE,TRUE,TRUE,TRUE,"no_observed_zeros","ok","",""
"Qiita13631ASD","ASD Dan 2020",39,"fourfold","Ruminococcus",0.995,0.99,1,99,100,24279,TRUE,TRUE,TRUE,FALSE,TRUE,TRUE,TRUE,"ok","ok","",""
"Qiita13631ASD","ASD Dan 2020",39,"fourfold","Streptococcus",0.94,0.89,0.99,89,99,2038,TRUE,TRUE,TRUE,FALSE,TRUE,TRUE,TRUE,"ok","ok","",""
"Qiita13631ASD","ASD Dan 2020",39,"fourfold","Sutterella",1,1,1,100,100,11078,TRUE,TRUE,FALSE,TRUE,TRUE,TRUE,TRUE,"no_observed_zeros","ok","",""
"Qiita13631ASD","ASD Dan 2020",39,"fourfold","Veillonella",0.975,0.96,0.99,96,99,4892,TRUE,TRUE,FALSE,TRUE,TRUE,TRUE,TRUE,"structural_absence_boundary_at_zero","ok","",""
"Qiita13631ASD","ASD Dan 2020",40,"balanced","[Prevotella]",0.535,0.58,0.49,58,49,1512,TRUE,TRUE,TRUE,FALSE,TRUE,TRUE,TRUE,"ok","ok","",""
"Qiita13631ASD","ASD Dan 2020",40,"balanced","[Ruminococcus]",1,1,1,100,100,11757,TRUE,TRUE,FALSE,TRUE,TRUE,TRUE,TRUE,"no_observed_zeros","ok","",""
"Qiita13631ASD","ASD Dan 2020",40,"balanced","Akkermansia",0.815,0.85,0.78,85,78,3766,TRUE,TRUE,FALSE,TRUE,TRUE,TRUE,TRUE,"structural_absence_boundary_at_zero","ok","",""
"Qiita13631ASD","ASD Dan 2020",40,"balanced","Anaerostipes",0.95,0.93,0.97,93,97,2825,TRUE,TRUE,TRUE,FALSE,TRUE,TRUE,TRUE,"ok","ok","",""
"Qiita13631ASD","ASD Dan 2020",40,"balanced","Bacteroides",1,1,1,100,100,318826,TRUE,TRUE,FALSE,TRUE,TRUE,TRUE,TRUE,"no_observed_zeros","ok","",""
"Qiita13631ASD","ASD Dan 2020",40,"balanced","Bifidobacterium",0.97,0.97,0.97,97,97,8387,TRUE,TRUE,FALSE,TRUE,TRUE,TRUE,TRUE,"structural_absence_boundary_at_zero","ok","",""
"Qiita13631ASD","ASD Dan 2020",40,"balanced","Bilophila",0.935,0.91,0.96,91,96,1549,TRUE,TRUE,TRUE,FALSE,TRUE,TRUE,TRUE,"ok","ok","",""
"Qiita13631ASD","ASD Dan 2020",40,"balanced","Blautia",1,1,1,100,100,6036,TRUE,TRUE,FALSE,TRUE,TRUE,TRUE,TRUE,"no_observed_zeros","ok","",""
"Qiita13631ASD","ASD Dan 2020",40,"balanced","Clostridium",1,1,1,100,100,9109,TRUE,TRUE,FALSE,TRUE,TRUE,TRUE,TRUE,"no_observed_zeros","ok","",""
"Qiita13631ASD","ASD Dan 2020",40,"balanced","Collinsella",0.71,0.71,0.71,71,71,836,TRUE,TRUE,FALSE,TRUE,TRUE,TRUE,TRUE,"structural_absence_boundary_at_zero","ok","",""
"Qiita13631ASD","ASD Dan 2020",40,"balanced","Coprococcus",1,1,1,100,100,7162,TRUE,TRUE,FALSE,TRUE,TRUE,TRUE,TRUE,"no_observed_zeros","ok","",""
"Qiita13631ASD","ASD Dan 2020",40,"balanced","Dialister",0.995,0.99,1,99,100,24191,TRUE,TRUE,TRUE,FALSE,TRUE,TRUE,TRUE,"ok","ok","",""
"Qiita13631ASD","ASD Dan 2020",40,"balanced","Dorea",1,1,1,100,100,5367,TRUE,TRUE,FALSE,TRUE,TRUE,TRUE,TRUE,"no_observed_zeros","ok","",""
"Qiita13631ASD","ASD Dan 2020",40,"balanced","Faecalibacterium",1,1,1,100,100,78524,TRUE,TRUE,FALSE,TRUE,TRUE,TRUE,TRUE,"no_observed_zeros","ok","",""
"Qiita13631ASD","ASD Dan 2020",40,"balanced","Fusobacterium",0.515,0.5,0.53,50,53,1539,TRUE,TRUE,FALSE,TRUE,TRUE,TRUE,TRUE,"structural_absence_boundary_at_zero","ok","",""
"Qiita13631ASD","ASD Dan 2020",40,"balanced","Haemophilus",0.98,0.99,0.97,99,97,5121,TRUE,TRUE,FALSE,TRUE,TRUE,TRUE,TRUE,"structural_absence_boundary_at_zero","ok","",""
"Qiita13631ASD","ASD Dan 2020",40,"balanced","Lachnobacterium",0.695,0.7,0.69,70,69,1132,TRUE,TRUE,TRUE,FALSE,TRUE,TRUE,TRUE,"ok","ok","",""
"Qiita13631ASD","ASD Dan 2020",40,"balanced","Lachnospira",1,1,1,100,100,23681,TRUE,TRUE,FALSE,TRUE,TRUE,TRUE,TRUE,"no_observed_zeros","ok","",""
"Qiita13631ASD","ASD Dan 2020",40,"balanced","Megamonas",0.985,0.98,0.99,98,99,18993,TRUE,TRUE,FALSE,TRUE,TRUE,TRUE,TRUE,"structural_absence_boundary_at_zero","ok","",""
"Qiita13631ASD","ASD Dan 2020",40,"balanced","Megasphaera",0.85,0.88,0.82,88,82,3767,TRUE,TRUE,FALSE,TRUE,TRUE,TRUE,TRUE,"structural_absence_boundary_at_zero","ok","",""
"Qiita13631ASD","ASD Dan 2020",40,"balanced","Oscillospira",1,1,1,100,100,11465,TRUE,TRUE,FALSE,TRUE,TRUE,TRUE,TRUE,"no_observed_zeros","ok","",""
"Qiita13631ASD","ASD Dan 2020",40,"balanced","Parabacteroides",1,1,1,100,100,23448,TRUE,TRUE,FALSE,TRUE,TRUE,TRUE,TRUE,"no_observed_zeros","ok","",""
"Qiita13631ASD","ASD Dan 2020",40,"balanced","Paraprevotella",0.775,0.77,0.78,77,78,2365,TRUE,TRUE,TRUE,FALSE,TRUE,TRUE,TRUE,"ok","ok","",""
"Qiita13631ASD","ASD Dan 2020",40,"balanced","Phascolarctobacterium",0.995,0.99,1,99,100,8946,TRUE,TRUE,FALSE,TRUE,TRUE,TRUE,TRUE,"structural_absence_boundary_at_zero","ok","",""
"Qiita13631ASD","ASD Dan 2020",40,"balanced","Prevotella",0.99,0.99,0.99,99,99,56790,TRUE,TRUE,FALSE,TRUE,TRUE,TRUE,TRUE,"structural_absence_boundary_at_zero","ok","",""
"Qiita13631ASD","ASD Dan 2020",40,"balanced","Roseburia",1,1,1,100,100,13219,TRUE,TRUE,FALSE,TRUE,TRUE,TRUE,TRUE,"no_observed_zeros","ok","",""
"Qiita13631ASD","ASD Dan 2020",40,"balanced","Ruminococcus",1,1,1,100,100,32066,TRUE,TRUE,FALSE,TRUE,TRUE,TRUE,TRUE,"no_observed_zeros","ok","",""
"Qiita13631ASD","ASD Dan 2020",40,"balanced","Streptococcus",0.975,0.98,0.97,98,97,2444,TRUE,TRUE,FALSE,TRUE,TRUE,TRUE,TRUE,"structural_absence_boundary_at_zero","ok","",""
"Qiita13631ASD","ASD Dan 2020",40,"balanced","Sutterella",1,1,1,100,100,15243,TRUE,TRUE,FALSE,TRUE,TRUE,TRUE,TRUE,"no_observed_zeros","ok","",""
"Qiita13631ASD","ASD Dan 2020",40,"balanced","Veillonella",0.985,0.99,0.98,99,98,6298,TRUE,TRUE,FALSE,TRUE,TRUE,TRUE,TRUE,"structural_absence_boundary_at_zero","ok","",""
"Qiita13631ASD","ASD Dan 2020",40,"fourfold","[Prevotella]",0.48,0.32,0.64,32,64,1457,TRUE,TRUE,TRUE,FALSE,TRUE,TRUE,TRUE,"ok","ok","",""
"Qiita13631ASD","ASD Dan 2020",40,"fourfold","[Ruminococcus]",0.99,0.98,1,98,100,11469,TRUE,TRUE,TRUE,FALSE,TRUE,TRUE,TRUE,"ok","ok","",""
"Qiita13631ASD","ASD Dan 2020",40,"fourfold","Akkermansia",0.76,0.62,0.9,62,90,4110,TRUE,TRUE,FALSE,TRUE,TRUE,TRUE,TRUE,"structural_absence_boundary_at_zero","ok","",""
"Qiita13631ASD","ASD Dan 2020",40,"fourfold","Anaerostipes",0.95,0.9,1,90,100,2692,TRUE,TRUE,FALSE,TRUE,TRUE,TRUE,TRUE,"structural_absence_boundary_at_zero","ok","",""
"Qiita13631ASD","ASD Dan 2020",40,"fourfold","Bacteroides",1,1,1,100,100,289618,TRUE,TRUE,FALSE,TRUE,TRUE,TRUE,TRUE,"no_observed_zeros","ok","",""
"Qiita13631ASD","ASD Dan 2020",40,"fourfold","Bifidobacterium",0.94,0.89,0.99,89,99,7499,TRUE,TRUE,FALSE,TRUE,TRUE,TRUE,TRUE,"structural_absence_boundary_at_zero","ok","",""
"Qiita13631ASD","ASD Dan 2020",40,"fourfold","Bilophila",0.91,0.83,0.99,83,99,1477,TRUE,TRUE,FALSE,TRUE,TRUE,TRUE,TRUE,"structural_absence_boundary_at_zero","ok","",""
"Qiita13631ASD","ASD Dan 2020",40,"fourfold","Blautia",0.99,0.98,1,98,100,5272,TRUE,TRUE,FALSE,TRUE,TRUE,TRUE,TRUE,"structural_absence_boundary_at_zero","ok","",""
"Qiita13631ASD","ASD Dan 2020",40,"fourfold","Clostridium",1,1,1,100,100,7030,TRUE,TRUE,FALSE,TRUE,TRUE,TRUE,TRUE,"no_observed_zeros","ok","",""
"Qiita13631ASD","ASD Dan 2020",40,"fourfold","Collinsella",0.64,0.52,0.76,52,76,628,TRUE,TRUE,FALSE,TRUE,TRUE,TRUE,TRUE,"structural_absence_boundary_at_zero","ok","",""
"Qiita13631ASD","ASD Dan 2020",40,"fourfold","Coprococcus",0.995,0.99,1,99,100,6140,TRUE,TRUE,FALSE,TRUE,TRUE,TRUE,TRUE,"structural_absence_boundary_at_zero","ok","",""
"Qiita13631ASD","ASD Dan 2020",40,"fourfold","Dialister",1,1,1,100,100,21842,TRUE,TRUE,FALSE,TRUE,TRUE,TRUE,TRUE,"no_observed_zeros","ok","",""
"Qiita13631ASD","ASD Dan 2020",40,"fourfold","Dorea",1,1,1,100,100,4834,TRUE,TRUE,FALSE,TRUE,TRUE,TRUE,TRUE,"no_observed_zeros","ok","",""
"Qiita13631ASD","ASD Dan 2020",40,"fourfold","Faecalibacterium",1,1,1,100,100,68125,TRUE,TRUE,FALSE,TRUE,TRUE,TRUE,TRUE,"no_observed_zeros","ok","",""
"Qiita13631ASD","ASD Dan 2020",40,"fourfold","Fusobacterium",0.445,0.27,0.62,27,62,1167,TRUE,TRUE,FALSE,TRUE,TRUE,TRUE,TRUE,"structural_absence_boundary_at_zero","ok","",""
"Qiita13631ASD","ASD Dan 2020",40,"fourfold","Haemophilus",0.96,0.93,0.99,93,99,4868,TRUE,TRUE,FALSE,TRUE,TRUE,TRUE,TRUE,"structural_absence_boundary_at_zero","ok","",""
"Qiita13631ASD","ASD Dan 2020",40,"fourfold","Lachnobacterium",0.62,0.43,0.81,43,81,1022,TRUE,TRUE,TRUE,FALSE,TRUE,TRUE,TRUE,"ok","ok","",""
"Qiita13631ASD","ASD Dan 2020",40,"fourfold","Lachnospira",1,1,1,100,100,22729,TRUE,TRUE,FALSE,TRUE,TRUE,TRUE,TRUE,"no_observed_zeros","ok","",""
"Qiita13631ASD","ASD Dan 2020",40,"fourfold","Megamonas",0.985,0.97,1,97,100,19422,TRUE,TRUE,FALSE,TRUE,TRUE,TRUE,TRUE,"structural_absence_boundary_at_zero","ok","",""
"Qiita13631ASD","ASD Dan 2020",40,"fourfold","Megasphaera",0.795,0.71,0.88,71,88,3419,TRUE,TRUE,TRUE,FALSE,TRUE,TRUE,TRUE,"ok","ok","",""
"Qiita13631ASD","ASD Dan 2020",40,"fourfold","Oscillospira",1,1,1,100,100,10292,TRUE,TRUE,FALSE,TRUE,TRUE,TRUE,TRUE,"no_observed_zeros","ok","",""
"Qiita13631ASD","ASD Dan 2020",40,"fourfold","Parabacteroides",1,1,1,100,100,21050,TRUE,TRUE,FALSE,TRUE,TRUE,TRUE,TRUE,"no_observed_zeros","ok","",""
"Qiita13631ASD","ASD Dan 2020",40,"fourfold","Paraprevotella",0.755,0.63,0.88,63,88,2968,TRUE,TRUE,FALSE,TRUE,TRUE,TRUE,TRUE,"structural_absence_boundary_at_zero","ok","",""
"Qiita13631ASD","ASD Dan 2020",40,"fourfold","Phascolarctobacterium",0.975,0.95,1,95,100,7426,TRUE,TRUE,FALSE,TRUE,TRUE,TRUE,TRUE,"structural_absence_boundary_at_zero","ok","",""
"Qiita13631ASD","ASD Dan 2020",40,"fourfold","Prevotella",0.99,0.99,0.99,99,99,49844,TRUE,TRUE,FALSE,TRUE,TRUE,TRUE,TRUE,"structural_absence_boundary_at_zero","ok","",""
"Qiita13631ASD","ASD Dan 2020",40,"fourfold","Roseburia",1,1,1,100,100,11313,TRUE,TRUE,FALSE,TRUE,TRUE,TRUE,TRUE,"no_observed_zeros","ok","",""
"Qiita13631ASD","ASD Dan 2020",40,"fourfold","Ruminococcus",0.995,0.99,1,99,100,25046,TRUE,TRUE,TRUE,FALSE,TRUE,TRUE,TRUE,"ok","ok","",""
"Qiita13631ASD","ASD Dan 2020",40,"fourfold","Streptococcus",0.935,0.88,0.99,88,99,2044,TRUE,TRUE,FALSE,TRUE,TRUE,TRUE,TRUE,"structural_absence_boundary_at_zero","ok","",""
"Qiita13631ASD","ASD Dan 2020",40,"fourfold","Sutterella",0.99,0.98,1,98,100,12763,TRUE,TRUE,TRUE,FALSE,TRUE,TRUE,TRUE,"ok","ok","",""
"Qiita13631ASD","ASD Dan 2020",40,"fourfold","Veillonella",0.95,0.9,1,90,100,4990,TRUE,TRUE,FALSE,TRUE,TRUE,TRUE,TRUE,"structural_absence_boundary_at_zero","ok","",""
"Qiita13631ASD","ASD Dan 2020",41,"balanced","[Prevotella]",0.485,0.51,0.46,51,46,1566,TRUE,TRUE,TRUE,FALSE,TRUE,TRUE,TRUE,"ok","ok","",""
"Qiita13631ASD","ASD Dan 2020",41,"balanced","[Ruminococcus]",1,1,1,100,100,10977,TRUE,TRUE,FALSE,TRUE,TRUE,TRUE,TRUE,"no_observed_zeros","ok","",""
"Qiita13631ASD","ASD Dan 2020",41,"balanced","Akkermansia",0.77,0.78,0.76,78,76,3980,TRUE,TRUE,FALSE,TRUE,TRUE,TRUE,TRUE,"structural_absence_boundary_at_zero","ok","",""
"Qiita13631ASD","ASD Dan 2020",41,"balanced","Anaerostipes",0.975,0.97,0.98,97,98,2451,TRUE,TRUE,TRUE,FALSE,TRUE,TRUE,TRUE,"ok","ok","",""
"Qiita13631ASD","ASD Dan 2020",41,"balanced","Bacteroides",1,1,1,100,100,297871,TRUE,TRUE,FALSE,TRUE,TRUE,TRUE,TRUE,"no_observed_zeros","ok","",""
"Qiita13631ASD","ASD Dan 2020",41,"balanced","Bifidobacterium",0.98,0.99,0.97,99,97,8418,TRUE,TRUE,FALSE,TRUE,TRUE,TRUE,TRUE,"structural_absence_boundary_at_zero","ok","",""
"Qiita13631ASD","ASD Dan 2020",41,"balanced","Bilophila",0.96,0.96,0.96,96,96,1472,TRUE,TRUE,TRUE,FALSE,TRUE,TRUE,TRUE,"ok","ok","",""
"Qiita13631ASD","ASD Dan 2020",41,"balanced","Blautia",1,1,1,100,100,4998,TRUE,TRUE,FALSE,TRUE,TRUE,TRUE,TRUE,"no_observed_zeros","ok","",""
"Qiita13631ASD","ASD Dan 2020",41,"balanced","Clostridium",1,1,1,100,100,7681,TRUE,TRUE,FALSE,TRUE,TRUE,TRUE,TRUE,"no_observed_zeros","ok","",""
"Qiita13631ASD","ASD Dan 2020",41,"balanced","Collinsella",0.745,0.81,0.68,81,68,857,TRUE,TRUE,FALSE,TRUE,TRUE,TRUE,TRUE,"structural_absence_boundary_at_zero","ok","",""
"Qiita13631ASD","ASD Dan 2020",41,"balanced","Coprococcus",0.995,1,0.99,100,99,6485,TRUE,TRUE,FALSE,TRUE,TRUE,TRUE,TRUE,"structural_absence_boundary_at_zero","ok","",""
"Qiita13631ASD","ASD Dan 2020",41,"balanced","Dialister",1,1,1,100,100,20314,TRUE,TRUE,FALSE,TRUE,TRUE,TRUE,TRUE,"no_observed_zeros","ok","",""
"Qiita13631ASD","ASD Dan 2020",41,"balanced","Dorea",1,1,1,100,100,4993,TRUE,TRUE,FALSE,TRUE,TRUE,TRUE,TRUE,"no_observed_zeros","ok","",""
"Qiita13631ASD","ASD Dan 2020",41,"balanced","Faecalibacterium",1,1,1,100,100,71281,TRUE,TRUE,FALSE,TRUE,TRUE,TRUE,TRUE,"no_observed_zeros","ok","",""
"Qiita13631ASD","ASD Dan 2020",41,"balanced","Fusobacterium",0.525,0.55,0.5,55,50,1767,TRUE,TRUE,FALSE,TRUE,TRUE,TRUE,TRUE,"structural_absence_boundary_at_zero","ok","",""
"Qiita13631ASD","ASD Dan 2020",41,"balanced","Haemophilus",0.965,0.98,0.95,98,95,5206,TRUE,TRUE,FALSE,TRUE,TRUE,TRUE,TRUE,"structural_absence_boundary_at_zero","ok","",""
"Qiita13631ASD","ASD Dan 2020",41,"balanced","Lachnobacterium",0.745,0.79,0.7,79,70,1126,TRUE,TRUE,TRUE,FALSE,TRUE,TRUE,TRUE,"ok","ok","",""
"Qiita13631ASD","ASD Dan 2020",41,"balanced","Lachnospira",1,1,1,100,100,23459,TRUE,TRUE,FALSE,TRUE,TRUE,TRUE,TRUE,"no_observed_zeros","ok","",""
"Qiita13631ASD","ASD Dan 2020",41,"balanced","Megamonas",0.99,1,0.98,100,98,17510,TRUE,TRUE,FALSE,TRUE,TRUE,TRUE,TRUE,"structural_absence_boundary_at_zero","ok","",""
"Qiita13631ASD","ASD Dan 2020",41,"balanced","Megasphaera",0.85,0.9,0.8,90,80,2978,TRUE,TRUE,FALSE,TRUE,TRUE,TRUE,TRUE,"structural_absence_boundary_at_zero","ok","",""
"Qiita13631ASD","ASD Dan 2020",41,"balanced","Oscillospira",1,1,1,100,100,10428,TRUE,TRUE,FALSE,TRUE,TRUE,TRUE,TRUE,"no_observed_zeros","ok","",""
"Qiita13631ASD","ASD Dan 2020",41,"balanced","Parabacteroides",1,1,1,100,100,22146,TRUE,TRUE,FALSE,TRUE,TRUE,TRUE,TRUE,"no_observed_zeros","ok","",""
"Qiita13631ASD","ASD Dan 2020",41,"balanced","Paraprevotella",0.8,0.83,0.77,83,77,2007,TRUE,TRUE,TRUE,FALSE,TRUE,TRUE,TRUE,"ok","ok","",""
"Qiita13631ASD","ASD Dan 2020",41,"balanced","Phascolarctobacterium",0.995,0.99,1,99,100,10113,TRUE,TRUE,TRUE,FALSE,TRUE,TRUE,TRUE,"ok","ok","",""
"Qiita13631ASD","ASD Dan 2020",41,"balanced","Prevotella",0.985,0.97,1,97,100,56211,TRUE,TRUE,TRUE,FALSE,TRUE,TRUE,TRUE,"ok","ok","",""
"Qiita13631ASD","ASD Dan 2020",41,"balanced","Roseburia",1,1,1,100,100,11743,TRUE,TRUE,FALSE,TRUE,TRUE,TRUE,TRUE,"no_observed_zeros","ok","",""
"Qiita13631ASD","ASD Dan 2020",41,"balanced","Ruminococcus",1,1,1,100,100,26462,TRUE,TRUE,FALSE,TRUE,TRUE,TRUE,TRUE,"no_observed_zeros","ok","",""
"Qiita13631ASD","ASD Dan 2020",41,"balanced","Streptococcus",0.99,0.99,0.99,99,99,2510,TRUE,TRUE,FALSE,TRUE,TRUE,TRUE,TRUE,"structural_absence_boundary_at_zero","ok","",""
"Qiita13631ASD","ASD Dan 2020",41,"balanced","Sutterella",1,1,1,100,100,13651,TRUE,TRUE,FALSE,TRUE,TRUE,TRUE,TRUE,"no_observed_zeros","ok","",""
"Qiita13631ASD","ASD Dan 2020",41,"balanced","Veillonella",0.985,1,0.97,100,97,6012,TRUE,TRUE,FALSE,TRUE,TRUE,TRUE,TRUE,"structural_absence_boundary_at_zero","ok","",""
"Qiita13631ASD","ASD Dan 2020",41,"fourfold","[Prevotella]",0.52,0.43,0.61,43,61,1197,TRUE,TRUE,TRUE,FALSE,TRUE,TRUE,TRUE,"ok","ok","",""
"Qiita13631ASD","ASD Dan 2020",41,"fourfold","[Ruminococcus]",1,1,1,100,100,9777,TRUE,TRUE,FALSE,TRUE,TRUE,TRUE,TRUE,"no_observed_zeros","ok","",""
"Qiita13631ASD","ASD Dan 2020",41,"fourfold","Akkermansia",0.72,0.58,0.86,58,86,2458,TRUE,TRUE,FALSE,TRUE,TRUE,TRUE,TRUE,"structural_absence_boundary_at_zero","ok","",""
"Qiita13631ASD","ASD Dan 2020",41,"fourfold","Anaerostipes",0.945,0.92,0.97,92,97,2276,TRUE,TRUE,TRUE,FALSE,TRUE,TRUE,TRUE,"ok","ok","",""
"Qiita13631ASD","ASD Dan 2020",41,"fourfold","Bacteroides",1,1,1,100,100,272517,TRUE,TRUE,FALSE,TRUE,TRUE,TRUE,TRUE,"no_observed_zeros","ok","",""
"Qiita13631ASD","ASD Dan 2020",41,"fourfold","Bifidobacterium",0.92,0.86,0.98,86,98,11038,TRUE,TRUE,FALSE,TRUE,TRUE,TRUE,TRUE,"structural_absence_boundary_at_zero","ok","",""
"Qiita13631ASD","ASD Dan 2020",41,"fourfold","Bilophila",0.9,0.84,0.96,84,96,1327,TRUE,TRUE,TRUE,FALSE,TRUE,TRUE,TRUE,"ok","ok","",""
"Qiita13631ASD","ASD Dan 2020",41,"fourfold","Blautia",1,1,1,100,100,4836,TRUE,TRUE,FALSE,TRUE,TRUE,TRUE,TRUE,"no_observed_zeros","ok","",""
"Qiita13631ASD","ASD Dan 2020",41,"fourfold","Clostridium",0.99,0.98,1,98,100,6290,TRUE,TRUE,FALSE,TRUE,TRUE,TRUE,TRUE,"structural_absence_boundary_at_zero","ok","",""
"Qiita13631ASD","ASD Dan 2020",41,"fourfold","Collinsella",0.645,0.54,0.75,54,75,996,TRUE,TRUE,FALSE,TRUE,TRUE,TRUE,TRUE,"structural_absence_boundary_at_zero","ok","",""
"Qiita13631ASD","ASD Dan 2020",41,"fourfold","Coprococcus",0.995,0.99,1,99,100,5813,TRUE,TRUE,FALSE,TRUE,TRUE,TRUE,TRUE,"structural_absence_boundary_at_zero","ok","",""
"Qiita13631ASD","ASD Dan 2020",41,"fourfold","Dialister",0.99,0.98,1,98,100,19391,TRUE,TRUE,FALSE,TRUE,TRUE,TRUE,TRUE,"structural_absence_boundary_at_zero","ok","",""
"Qiita13631ASD","ASD Dan 2020",41,"fourfold","Dorea",0.995,0.99,1,99,100,4543,TRUE,TRUE,FALSE,TRUE,TRUE,TRUE,TRUE,"structural_absence_boundary_at_zero","ok","",""
"Qiita13631ASD","ASD Dan 2020",41,"fourfold","Faecalibacterium",1,1,1,100,100,66252,TRUE,TRUE,FALSE,TRUE,TRUE,TRUE,TRUE,"no_observed_zeros","ok","",""
"Qiita13631ASD","ASD Dan 2020",41,"fourfold","Fusobacterium",0.435,0.32,0.55,32,55,794,TRUE,TRUE,FALSE,TRUE,TRUE,TRUE,TRUE,"structural_absence_boundary_at_zero","ok","",""
"Qiita13631ASD","ASD Dan 2020",41,"fourfold","Haemophilus",0.91,0.84,0.98,84,98,4113,TRUE,TRUE,FALSE,TRUE,TRUE,TRUE,TRUE,"structural_absence_boundary_at_zero","ok","",""
"Qiita13631ASD","ASD Dan 2020",41,"fourfold","Lachnobacterium",0.66,0.55,0.77,55,77,1127,TRUE,TRUE,TRUE,FALSE,TRUE,TRUE,TRUE,"ok","ok","",""
"Qiita13631ASD","ASD Dan 2020",41,"fourfold","Lachnospira",1,1,1,100,100,20519,TRUE,TRUE,FALSE,TRUE,TRUE,TRUE,TRUE,"no_observed_zeros","ok","",""
"Qiita13631ASD","ASD Dan 2020",41,"fourfold","Megamonas",0.99,0.98,1,98,100,14303,TRUE,TRUE,FALSE,TRUE,TRUE,TRUE,TRUE,"structural_absence_boundary_at_zero","ok","",""
"Qiita13631ASD","ASD Dan 2020",41,"fourfold","Megasphaera",0.82,0.75,0.89,75,89,2668,TRUE,TRUE,FALSE,TRUE,TRUE,TRUE,TRUE,"structural_absence_boundary_at_zero","ok","",""
"Qiita13631ASD","ASD Dan 2020",41,"fourfold","Oscillospira",1,1,1,100,100,9752,TRUE,TRUE,FALSE,TRUE,TRUE,TRUE,TRUE,"no_observed_zeros","ok","",""
"Qiita13631ASD","ASD Dan 2020",41,"fourfold","Parabacteroides",1,1,1,100,100,21019,TRUE,TRUE,FALSE,TRUE,TRUE,TRUE,TRUE,"no_observed_zeros","ok","",""
"Qiita13631ASD","ASD Dan 2020",41,"fourfold","Paraprevotella",0.775,0.68,0.87,68,87,1768,TRUE,TRUE,FALSE,TRUE,TRUE,TRUE,TRUE,"structural_absence_boundary_at_zero","ok","",""
"Qiita13631ASD","ASD Dan 2020",41,"fourfold","Phascolarctobacterium",0.995,0.99,1,99,100,8916,TRUE,TRUE,FALSE,TRUE,TRUE,TRUE,TRUE,"structural_absence_boundary_at_zero","ok","",""
"Qiita13631ASD","ASD Dan 2020",41,"fourfold","Prevotella",0.995,0.99,1,99,100,44881,TRUE,TRUE,FALSE,TRUE,TRUE,TRUE,TRUE,"structural_absence_boundary_at_zero","ok","",""
"Qiita13631ASD","ASD Dan 2020",41,"fourfold","Roseburia",0.995,0.99,1,99,100,10511,TRUE,TRUE,TRUE,FALSE,TRUE,TRUE,TRUE,"ok","ok","",""
"Qiita13631ASD","ASD Dan 2020",41,"fourfold","Ruminococcus",1,1,1,100,100,25622,TRUE,TRUE,FALSE,TRUE,TRUE,TRUE,TRUE,"no_observed_zeros","ok","",""
"Qiita13631ASD","ASD Dan 2020",41,"fourfold","Streptococcus",0.925,0.86,0.99,86,99,2322,TRUE,TRUE,FALSE,TRUE,TRUE,TRUE,TRUE,"structural_absence_boundary_at_zero","ok","",""
"Qiita13631ASD","ASD Dan 2020",41,"fourfold","Sutterella",1,1,1,100,100,12760,TRUE,TRUE,FALSE,TRUE,TRUE,TRUE,TRUE,"no_observed_zeros","ok","",""
"Qiita13631ASD","ASD Dan 2020",41,"fourfold","Veillonella",0.935,0.87,1,87,100,5133,TRUE,TRUE,FALSE,TRUE,TRUE,TRUE,TRUE,"structural_absence_boundary_at_zero","ok","",""
"Qiita13631ASD","ASD Dan 2020",42,"balanced","[Prevotella]",0.53,0.54,0.52,54,52,1523,TRUE,TRUE,TRUE,FALSE,TRUE,TRUE,TRUE,"ok","ok","",""
"Qiita13631ASD","ASD Dan 2020",42,"balanced","[Ruminococcus]",1,1,1,100,100,12138,TRUE,TRUE,FALSE,TRUE,TRUE,TRUE,TRUE,"no_observed_zeros","ok","",""
"Qiita13631ASD","ASD Dan 2020",42,"balanced","Akkermansia",0.785,0.76,0.81,76,81,3713,TRUE,TRUE,FALSE,TRUE,TRUE,TRUE,TRUE,"structural_absence_boundary_at_zero","ok","",""
"Qiita13631ASD","ASD Dan 2020",42,"balanced","Anaerostipes",0.96,0.96,0.96,96,96,2610,TRUE,TRUE,FALSE,TRUE,TRUE,TRUE,TRUE,"structural_absence_boundary_at_zero","ok","",""
"Qiita13631ASD","ASD Dan 2020",42,"balanced","Bacteroides",1,1,1,100,100,311734,TRUE,TRUE,FALSE,TRUE,TRUE,TRUE,TRUE,"no_observed_zeros","ok","",""
"Qiita13631ASD","ASD Dan 2020",42,"balanced","Bifidobacterium",0.97,0.95,0.99,95,99,8739,TRUE,TRUE,FALSE,TRUE,TRUE,TRUE,TRUE,"structural_absence_boundary_at_zero","ok","",""
"Qiita13631ASD","ASD Dan 2020",42,"balanced","Bilophila",0.96,0.96,0.96,96,96,1554,TRUE,TRUE,FALSE,TRUE,TRUE,TRUE,TRUE,"structural_absence_boundary_at_zero","ok","",""
"Qiita13631ASD","ASD Dan 2020",42,"balanced","Blautia",1,1,1,100,100,5516,TRUE,TRUE,FALSE,TRUE,TRUE,TRUE,TRUE,"no_observed_zeros","ok","",""
"Qiita13631ASD","ASD Dan 2020",42,"balanced","Clostridium",1,1,1,100,100,9160,TRUE,TRUE,FALSE,TRUE,TRUE,TRUE,TRUE,"no_observed_zeros","ok","",""
"Qiita13631ASD","ASD Dan 2020",42,"balanced","Collinsella",0.725,0.68,0.77,68,77,830,TRUE,TRUE,FALSE,TRUE,TRUE,TRUE,TRUE,"structural_absence_boundary_at_zero","ok","",""
"Qiita13631ASD","ASD Dan 2020",42,"balanced","Coprococcus",0.995,0.99,1,99,100,6858,TRUE,TRUE,TRUE,FALSE,TRUE,TRUE,TRUE,"ok","ok","",""
"Qiita13631ASD","ASD Dan 2020",42,"balanced","Dialister",0.995,1,0.99,100,99,21480,TRUE,TRUE,TRUE,FALSE,TRUE,TRUE,TRUE,"ok","ok","",""
"Qiita13631ASD","ASD Dan 2020",42,"balanced","Dorea",1,1,1,100,100,5606,TRUE,TRUE,FALSE,TRUE,TRUE,TRUE,TRUE,"no_observed_zeros","ok","",""
"Qiita13631ASD","ASD Dan 2020",42,"balanced","Faecalibacterium",1,1,1,100,100,74298,TRUE,TRUE,FALSE,TRUE,TRUE,TRUE,TRUE,"no_observed_zeros","ok","",""
"Qiita13631ASD","ASD Dan 2020",42,"balanced","Fusobacterium",0.505,0.49,0.52,49,52,1087,TRUE,TRUE,FALSE,TRUE,TRUE,TRUE,TRUE,"structural_absence_boundary_at_zero","ok","",""
"Qiita13631ASD","ASD Dan 2020",42,"balanced","Haemophilus",0.96,0.97,0.95,97,95,5397,TRUE,TRUE,FALSE,TRUE,TRUE,TRUE,TRUE,"structural_absence_boundary_at_zero","ok","",""
"Qiita13631ASD","ASD Dan 2020",42,"balanced","Lachnobacterium",0.685,0.67,0.7,67,70,1356,TRUE,TRUE,TRUE,FALSE,TRUE,TRUE,TRUE,"ok","ok","",""
"Qiita13631ASD","ASD Dan 2020",42,"balanced","Lachnospira",1,1,1,100,100,25340,TRUE,TRUE,FALSE,TRUE,TRUE,TRUE,TRUE,"no_observed_zeros","ok","",""
"Qiita13631ASD","ASD Dan 2020",42,"balanced","Megamonas",0.99,0.98,1,98,100,20113,TRUE,TRUE,FALSE,TRUE,TRUE,TRUE,TRUE,"structural_absence_boundary_at_zero","ok","",""
"Qiita13631ASD","ASD Dan 2020",42,"balanced","Megasphaera",0.855,0.86,0.85,86,85,3463,TRUE,TRUE,FALSE,TRUE,TRUE,TRUE,TRUE,"structural_absence_boundary_at_zero","ok","",""
"Qiita13631ASD","ASD Dan 2020",42,"balanced","Oscillospira",1,1,1,100,100,11282,TRUE,TRUE,FALSE,TRUE,TRUE,TRUE,TRUE,"no_observed_zeros","ok","",""
"Qiita13631ASD","ASD Dan 2020",42,"balanced","Parabacteroides",1,1,1,100,100,24538,TRUE,TRUE,FALSE,TRUE,TRUE,TRUE,TRUE,"no_observed_zeros","ok","",""
"Qiita13631ASD","ASD Dan 2020",42,"balanced","Paraprevotella",0.825,0.82,0.83,82,83,2478,TRUE,TRUE,TRUE,FALSE,TRUE,TRUE,TRUE,"ok","ok","",""
"Qiita13631ASD","ASD Dan 2020",42,"balanced","Phascolarctobacterium",0.995,0.99,1,99,100,10404,TRUE,TRUE,FALSE,TRUE,TRUE,TRUE,TRUE,"structural_absence_boundary_at_zero","ok","",""
"Qiita13631ASD","ASD Dan 2020",42,"balanced","Prevotella",0.99,0.98,1,98,100,50698,TRUE,TRUE,TRUE,FALSE,TRUE,TRUE,TRUE,"ok","ok","",""
"Qiita13631ASD","ASD Dan 2020",42,"balanced","Roseburia",1,1,1,100,100,12619,TRUE,TRUE,FALSE,TRUE,TRUE,TRUE,TRUE,"no_observed_zeros","ok","",""
"Qiita13631ASD","ASD Dan 2020",42,"balanced","Ruminococcus",1,1,1,100,100,29538,TRUE,TRUE,FALSE,TRUE,TRUE,TRUE,TRUE,"no_observed_zeros","ok","",""
"Qiita13631ASD","ASD Dan 2020",42,"balanced","Streptococcus",0.975,0.97,0.98,97,98,2412,TRUE,TRUE,FALSE,TRUE,TRUE,TRUE,TRUE,"structural_absence_boundary_at_zero","ok","",""
"Qiita13631ASD","ASD Dan 2020",42,"balanced","Sutterella",1,1,1,100,100,14087,TRUE,TRUE,FALSE,TRUE,TRUE,TRUE,TRUE,"no_observed_zeros","ok","",""
"Qiita13631ASD","ASD Dan 2020",42,"balanced","Veillonella",0.985,0.98,0.99,98,99,6125,TRUE,TRUE,FALSE,TRUE,TRUE,TRUE,TRUE,"structural_absence_boundary_at_zero","ok","",""
"Qiita13631ASD","ASD Dan 2020",42,"fourfold","[Prevotella]",0.455,0.34,0.57,34,57,1211,TRUE,TRUE,TRUE,FALSE,TRUE,TRUE,TRUE,"ok","ok","",""
"Qiita13631ASD","ASD Dan 2020",42,"fourfold","[Ruminococcus]",1,1,1,100,100,11339,TRUE,TRUE,FALSE,TRUE,TRUE,TRUE,TRUE,"no_observed_zeros","ok","",""
"Qiita13631ASD","ASD Dan 2020",42,"fourfold","Akkermansia",0.705,0.52,0.89,52,89,3432,TRUE,TRUE,FALSE,TRUE,TRUE,TRUE,TRUE,"structural_absence_boundary_at_zero","ok","",""
"Qiita13631ASD","ASD Dan 2020",42,"fourfold","Anaerostipes",0.945,0.89,1,89,100,2500,TRUE,TRUE,FALSE,TRUE,TRUE,TRUE,TRUE,"structural_absence_boundary_at_zero","ok","",""
"Qiita13631ASD","ASD Dan 2020",42,"fourfold","Bacteroides",1,1,1,100,100,281662,TRUE,TRUE,FALSE,TRUE,TRUE,TRUE,TRUE,"no_observed_zeros","ok","",""
"Qiita13631ASD","ASD Dan 2020",42,"fourfold","Bifidobacterium",0.955,0.91,1,91,100,8108,TRUE,TRUE,FALSE,TRUE,TRUE,TRUE,TRUE,"structural_absence_boundary_at_zero","ok","",""
"Qiita13631ASD","ASD Dan 2020",42,"fourfold","Bilophila",0.885,0.79,0.98,79,98,1312,TRUE,TRUE,TRUE,FALSE,TRUE,TRUE,TRUE,"ok","ok","",""
"Qiita13631ASD","ASD Dan 2020",42,"fourfold","Blautia",0.99,0.98,1,98,100,5297,TRUE,TRUE,FALSE,TRUE,TRUE,TRUE,TRUE,"structural_absence_boundary_at_zero","ok","",""
"Qiita13631ASD","ASD Dan 2020",42,"fourfold","Clostridium",0.99,0.98,1,98,100,8141,TRUE,TRUE,FALSE,TRUE,TRUE,TRUE,TRUE,"structural_absence_boundary_at_zero","ok","",""
"Qiita13631ASD","ASD Dan 2020",42,"fourfold","Collinsella",0.67,0.53,0.81,53,81,544,TRUE,TRUE,FALSE,TRUE,TRUE,TRUE,TRUE,"structural_absence_boundary_at_zero","ok","",""
"Qiita13631ASD","ASD Dan 2020",42,"fourfold","Coprococcus",0.98,0.96,1,96,100,6382,TRUE,TRUE,TRUE,FALSE,TRUE,TRUE,TRUE,"ok","ok","",""
"Qiita13631ASD","ASD Dan 2020",42,"fourfold","Dialister",0.99,0.98,1,98,100,21010,TRUE,TRUE,FALSE,TRUE,TRUE,TRUE,TRUE,"structural_absence_boundary_at_zero","ok","",""
"Qiita13631ASD","ASD Dan 2020",42,"fourfold","Dorea",0.99,0.98,1,98,100,4984,TRUE,TRUE,TRUE,FALSE,TRUE,TRUE,TRUE,"ok","ok","",""
"Qiita13631ASD","ASD Dan 2020",42,"fourfold","Faecalibacterium",1,1,1,100,100,70660,TRUE,TRUE,FALSE,TRUE,TRUE,TRUE,TRUE,"no_observed_zeros","ok","",""
"Qiita13631ASD","ASD Dan 2020",42,"fourfold","Fusobacterium",0.455,0.34,0.57,34,57,1653,TRUE,TRUE,FALSE,TRUE,TRUE,TRUE,TRUE,"structural_absence_boundary_at_zero","ok","",""
"Qiita13631ASD","ASD Dan 2020",42,"fourfold","Haemophilus",0.91,0.84,0.98,84,98,4756,TRUE,TRUE,FALSE,TRUE,TRUE,TRUE,TRUE,"structural_absence_boundary_at_zero","ok","",""
"Qiita13631ASD","ASD Dan 2020",42,"fourfold","Lachnobacterium",0.605,0.43,0.78,43,78,1170,TRUE,TRUE,TRUE,FALSE,TRUE,TRUE,TRUE,"ok","ok","",""
"Qiita13631ASD","ASD Dan 2020",42,"fourfold","Lachnospira",1,1,1,100,100,22775,TRUE,TRUE,FALSE,TRUE,TRUE,TRUE,TRUE,"no_observed_zeros","ok","",""
"Qiita13631ASD","ASD Dan 2020",42,"fourfold","Megamonas",0.97,0.94,1,94,100,18542,TRUE,TRUE,FALSE,TRUE,TRUE,TRUE,TRUE,"structural_absence_boundary_at_zero","ok","",""
"Qiita13631ASD","ASD Dan 2020",42,"fourfold","Megasphaera",0.815,0.74,0.89,74,89,2650,TRUE,TRUE,FALSE,TRUE,TRUE,TRUE,TRUE,"structural_absence_boundary_at_zero","ok","",""
"Qiita13631ASD","ASD Dan 2020",42,"fourfold","Oscillospira",0.995,0.99,1,99,100,10421,TRUE,TRUE,TRUE,FALSE,TRUE,TRUE,TRUE,"ok","ok","",""
"Qiita13631ASD","ASD Dan 2020",42,"fourfold","Parabacteroides",1,1,1,100,100,21419,TRUE,TRUE,FALSE,TRUE,TRUE,TRUE,TRUE,"no_observed_zeros","ok","",""
"Qiita13631ASD","ASD Dan 2020",42,"fourfold","Paraprevotella",0.75,0.57,0.93,57,93,1925,TRUE,TRUE,FALSE,TRUE,TRUE,TRUE,TRUE,"structural_absence_boundary_at_zero","ok","",""
"Qiita13631ASD","ASD Dan 2020",42,"fourfold","Phascolarctobacterium",0.97,0.94,1,94,100,9835,TRUE,TRUE,FALSE,TRUE,TRUE,TRUE,TRUE,"structural_absence_boundary_at_zero","ok","",""
"Qiita13631ASD","ASD Dan 2020",42,"fourfold","Prevotella",0.965,0.94,0.99,94,99,48046,TRUE,TRUE,TRUE,FALSE,TRUE,TRUE,TRUE,"ok","ok","",""
"Qiita13631ASD","ASD Dan 2020",42,"fourfold","Roseburia",1,1,1,100,100,11587,TRUE,TRUE,FALSE,TRUE,TRUE,TRUE,TRUE,"no_observed_zeros","ok","",""
"Qiita13631ASD","ASD Dan 2020",42,"fourfold","Ruminococcus",0.995,0.99,1,99,100,26997,TRUE,TRUE,FALSE,TRUE,TRUE,TRUE,TRUE,"structural_absence_boundary_at_zero","ok","",""
"Qiita13631ASD","ASD Dan 2020",42,"fourfold","Streptococcus",0.945,0.9,0.99,90,99,2349,TRUE,TRUE,FALSE,TRUE,TRUE,TRUE,TRUE,"structural_absence_boundary_at_zero","ok","",""
"Qiita13631ASD","ASD Dan 2020",42,"fourfold","Sutterella",1,1,1,100,100,13545,TRUE,TRUE,FALSE,TRUE,TRUE,TRUE,TRUE,"no_observed_zeros","ok","",""
"Qiita13631ASD","ASD Dan 2020",42,"fourfold","Veillonella",0.97,0.94,1,94,100,4511,TRUE,TRUE,FALSE,TRUE,TRUE,TRUE,TRUE,"structural_absence_boundary_at_zero","ok","",""
"Qiita13631ASD","ASD Dan 2020",43,"balanced","[Prevotella]",0.505,0.51,0.5,51,50,1447,TRUE,TRUE,TRUE,FALSE,TRUE,TRUE,TRUE,"ok","ok","",""
"Qiita13631ASD","ASD Dan 2020",43,"balanced","[Ruminococcus]",1,1,1,100,100,11027,TRUE,TRUE,FALSE,TRUE,TRUE,TRUE,TRUE,"no_observed_zeros","ok","",""
"Qiita13631ASD","ASD Dan 2020",43,"balanced","Akkermansia",0.765,0.8,0.73,80,73,2906,TRUE,TRUE,FALSE,TRUE,TRUE,TRUE,TRUE,"structural_absence_boundary_at_zero","ok","",""
"Qiita13631ASD","ASD Dan 2020",43,"balanced","Anaerostipes",0.98,0.99,0.97,99,97,2754,TRUE,TRUE,FALSE,TRUE,TRUE,TRUE,TRUE,"structural_absence_boundary_at_zero","ok","",""
"Qiita13631ASD","ASD Dan 2020",43,"balanced","Bacteroides",1,1,1,100,100,295096,TRUE,TRUE,FALSE,TRUE,TRUE,TRUE,TRUE,"no_observed_zeros","ok","",""
"Qiita13631ASD","ASD Dan 2020",43,"balanced","Bifidobacterium",0.985,1,0.97,100,97,8080,TRUE,TRUE,FALSE,TRUE,TRUE,TRUE,TRUE,"structural_absence_boundary_at_zero","ok","",""
"Qiita13631ASD","ASD Dan 2020",43,"balanced","Bilophila",0.965,0.95,0.98,95,98,1448,TRUE,TRUE,FALSE,TRUE,TRUE,TRUE,TRUE,"structural_absence_boundary_at_zero","ok","",""
"Qiita13631ASD","ASD Dan 2020",43,"balanced","Blautia",1,1,1,100,100,5347,TRUE,TRUE,FALSE,TRUE,TRUE,TRUE,TRUE,"no_observed_zeros","ok","",""
"Qiita13631ASD","ASD Dan 2020",43,"balanced","Clostridium",1,1,1,100,100,9408,TRUE,TRUE,FALSE,TRUE,TRUE,TRUE,TRUE,"no_observed_zeros","ok","",""
"Qiita13631ASD","ASD Dan 2020",43,"balanced","Collinsella",0.805,0.74,0.87,74,87,787,TRUE,TRUE,FALSE,TRUE,TRUE,TRUE,TRUE,"structural_absence_boundary_at_zero","ok","",""
"Qiita13631ASD","ASD Dan 2020",43,"balanced","Coprococcus",1,1,1,100,100,6929,TRUE,TRUE,FALSE,TRUE,TRUE,TRUE,TRUE,"no_observed_zeros","ok","",""
"Qiita13631ASD","ASD Dan 2020",43,"balanced","Dialister",1,1,1,100,100,23325,TRUE,TRUE,FALSE,TRUE,TRUE,TRUE,TRUE,"no_observed_zeros","ok","",""
"Qiita13631ASD","ASD Dan 2020",43,"balanced","Dorea",1,1,1,100,100,5074,TRUE,TRUE,FALSE,TRUE,TRUE,TRUE,TRUE,"no_observed_zeros","ok","",""
"Qiita13631ASD","ASD Dan 2020",43,"balanced","Faecalibacterium",1,1,1,100,100,72511,TRUE,TRUE,FALSE,TRUE,TRUE,TRUE,TRUE,"no_observed_zeros","ok","",""
"Qiita13631ASD","ASD Dan 2020",43,"balanced","Fusobacterium",0.495,0.48,0.51,48,51,1462,TRUE,TRUE,FALSE,TRUE,TRUE,TRUE,TRUE,"structural_absence_boundary_at_zero","ok","",""
"Qiita13631ASD","ASD Dan 2020",43,"balanced","Haemophilus",0.935,0.94,0.93,94,93,4913,TRUE,TRUE,FALSE,TRUE,TRUE,TRUE,TRUE,"structural_absence_boundary_at_zero","ok","",""
"Qiita13631ASD","ASD Dan 2020",43,"balanced","Lachnobacterium",0.715,0.7,0.73,70,73,1123,TRUE,TRUE,TRUE,FALSE,TRUE,TRUE,TRUE,"ok","ok","",""
"Qiita13631ASD","ASD Dan 2020",43,"balanced","Lachnospira",1,1,1,100,100,24580,TRUE,TRUE,FALSE,TRUE,TRUE,TRUE,TRUE,"no_observed_zeros","ok","",""
"Qiita13631ASD","ASD Dan 2020",43,"balanced","Megamonas",1,1,1,100,100,16557,TRUE,TRUE,FALSE,TRUE,TRUE,TRUE,TRUE,"no_observed_zeros","ok","",""
"Qiita13631ASD","ASD Dan 2020",43,"balanced","Megasphaera",0.87,0.92,0.82,92,82,3384,TRUE,TRUE,FALSE,TRUE,TRUE,TRUE,TRUE,"structural_absence_boundary_at_zero","ok","",""
"Qiita13631ASD","ASD Dan 2020",43,"balanced","Oscillospira",1,1,1,100,100,10524,TRUE,TRUE,FALSE,TRUE,TRUE,TRUE,TRUE,"no_observed_zeros","ok","",""
"Qiita13631ASD","ASD Dan 2020",43,"balanced","Parabacteroides",1,1,1,100,100,21640,TRUE,TRUE,FALSE,TRUE,TRUE,TRUE,TRUE,"no_observed_zeros","ok","",""
"Qiita13631ASD","ASD Dan 2020",43,"balanced","Paraprevotella",0.815,0.83,0.8,83,80,2037,TRUE,TRUE,TRUE,FALSE,TRUE,TRUE,TRUE,"ok","ok","",""
"Qiita13631ASD","ASD Dan 2020",43,"balanced","Phascolarctobacterium",0.995,0.99,1,99,100,10374,TRUE,TRUE,FALSE,TRUE,TRUE,TRUE,TRUE,"structural_absence_boundary_at_zero","ok","",""
"Qiita13631ASD","ASD Dan 2020",43,"balanced","Prevotella",0.995,0.99,1,99,100,56343,TRUE,TRUE,FALSE,TRUE,TRUE,TRUE,TRUE,"structural_absence_boundary_at_zero","ok","",""
"Qiita13631ASD","ASD Dan 2020",43,"balanced","Roseburia",0.995,0.99,1,99,100,12198,TRUE,TRUE,TRUE,FALSE,TRUE,TRUE,TRUE,"ok","ok","",""
"Qiita13631ASD","ASD Dan 2020",43,"balanced","Ruminococcus",1,1,1,100,100,28365,TRUE,TRUE,FALSE,TRUE,TRUE,TRUE,TRUE,"no_observed_zeros","ok","",""
"Qiita13631ASD","ASD Dan 2020",43,"balanced","Streptococcus",0.99,0.98,1,98,100,2582,TRUE,TRUE,FALSE,TRUE,TRUE,TRUE,TRUE,"structural_absence_boundary_at_zero","ok","",""
"Qiita13631ASD","ASD Dan 2020",43,"balanced","Sutterella",1,1,1,100,100,13569,TRUE,TRUE,FALSE,TRUE,TRUE,TRUE,TRUE,"no_observed_zeros","ok","",""
"Qiita13631ASD","ASD Dan 2020",43,"balanced","Veillonella",0.99,0.98,1,98,100,5254,TRUE,TRUE,FALSE,TRUE,TRUE,TRUE,TRUE,"structural_absence_boundary_at_zero","ok","",""
"Qiita13631ASD","ASD Dan 2020",43,"fourfold","[Prevotella]",0.51,0.45,0.57,45,57,1303,TRUE,TRUE,TRUE,FALSE,TRUE,TRUE,TRUE,"ok","ok","",""
"Qiita13631ASD","ASD Dan 2020",43,"fourfold","[Ruminococcus]",1,1,1,100,100,13259,TRUE,TRUE,FALSE,TRUE,TRUE,TRUE,TRUE,"no_observed_zeros","ok","",""
"Qiita13631ASD","ASD Dan 2020",43,"fourfold","Akkermansia",0.745,0.63,0.86,63,86,4924,TRUE,TRUE,FALSE,TRUE,TRUE,TRUE,TRUE,"structural_absence_boundary_at_zero","ok","",""
"Qiita13631ASD","ASD Dan 2020",43,"fourfold","Anaerostipes",0.915,0.85,0.98,85,98,2523,TRUE,TRUE,FALSE,TRUE,TRUE,TRUE,TRUE,"structural_absence_boundary_at_zero","ok","",""
"Qiita13631ASD","ASD Dan 2020",43,"fourfold","Bacteroides",1,1,1,100,100,284261,TRUE,TRUE,FALSE,TRUE,TRUE,TRUE,TRUE,"no_observed_zeros","ok","",""
"Qiita13631ASD","ASD Dan 2020",43,"fourfold","Bifidobacterium",0.945,0.91,0.98,91,98,7611,TRUE,TRUE,FALSE,TRUE,TRUE,TRUE,TRUE,"structural_absence_boundary_at_zero","ok","",""
"Qiita13631ASD","ASD Dan 2020",43,"fourfold","Bilophila",0.885,0.79,0.98,79,98,1428,TRUE,TRUE,FALSE,TRUE,TRUE,TRUE,TRUE,"structural_absence_boundary_at_zero","ok","",""
"Qiita13631ASD","ASD Dan 2020",43,"fourfold","Blautia",0.995,0.99,1,99,100,5942,TRUE,TRUE,FALSE,TRUE,TRUE,TRUE,TRUE,"structural_absence_boundary_at_zero","ok","",""
"Qiita13631ASD","ASD Dan 2020",43,"fourfold","Clostridium",1,1,1,100,100,8496,TRUE,TRUE,FALSE,TRUE,TRUE,TRUE,TRUE,"no_observed_zeros","ok","",""
"Qiita13631ASD","ASD Dan 2020",43,"fourfold","Collinsella",0.605,0.46,0.75,46,75,759,TRUE,TRUE,FALSE,TRUE,TRUE,TRUE,TRUE,"structural_absence_boundary_at_zero","ok","",""
"Qiita13631ASD","ASD Dan 2020",43,"fourfold","Coprococcus",0.995,0.99,1,99,100,6455,TRUE,TRUE,FALSE,TRUE,TRUE,TRUE,TRUE,"structural_absence_boundary_at_zero","ok","",""
"Qiita13631ASD","ASD Dan 2020",43,"fourfold","Dialister",0.995,0.99,1,99,100,21370,TRUE,TRUE,FALSE,TRUE,TRUE,TRUE,TRUE,"structural_absence_boundary_at_zero","ok","",""
"Qiita13631ASD","ASD Dan 2020",43,"fourfold","Dorea",0.98,0.96,1,96,100,5713,TRUE,TRUE,FALSE,TRUE,TRUE,TRUE,TRUE,"structural_absence_boundary_at_zero","ok","",""
"Qiita13631ASD","ASD Dan 2020",43,"fourfold","Faecalibacterium",1,1,1,100,100,70322,TRUE,TRUE,FALSE,TRUE,TRUE,TRUE,TRUE,"no_observed_zeros","ok","",""
"Qiita13631ASD","ASD Dan 2020",43,"fourfold","Fusobacterium",0.485,0.32,0.65,32,65,1148,TRUE,TRUE,FALSE,TRUE,TRUE,TRUE,TRUE,"structural_absence_boundary_at_zero","ok","",""
"Qiita13631ASD","ASD Dan 2020",43,"fourfold","Haemophilus",0.905,0.82,0.99,82,99,5815,TRUE,TRUE,FALSE,TRUE,TRUE,TRUE,TRUE,"structural_absence_boundary_at_zero","ok","",""
"Qiita13631ASD","ASD Dan 2020",43,"fourfold","Lachnobacterium",0.635,0.47,0.8,47,80,1092,TRUE,TRUE,TRUE,FALSE,TRUE,TRUE,TRUE,"ok","ok","",""
"Qiita13631ASD","ASD Dan 2020",43,"fourfold","Lachnospira",1,1,1,100,100,24722,TRUE,TRUE,FALSE,TRUE,TRUE,TRUE,TRUE,"no_observed_zeros","ok","",""
"Qiita13631ASD","ASD Dan 2020",43,"fourfold","Megamonas",0.97,0.94,1,94,100,18645,TRUE,TRUE,FALSE,TRUE,TRUE,TRUE,TRUE,"structural_absence_boundary_at_zero","ok","",""
"Qiita13631ASD","ASD Dan 2020",43,"fourfold","Megasphaera",0.815,0.73,0.9,73,90,3512,TRUE,TRUE,FALSE,TRUE,TRUE,TRUE,TRUE,"structural_absence_boundary_at_zero","ok","",""
"Qiita13631ASD","ASD Dan 2020",43,"fourfold","Oscillospira",1,1,1,100,100,10318,TRUE,TRUE,FALSE,TRUE,TRUE,TRUE,TRUE,"no_observed_zeros","ok","",""
"Qiita13631ASD","ASD Dan 2020",43,"fourfold","Parabacteroides",1,1,1,100,100,19662,TRUE,TRUE,FALSE,TRUE,TRUE,TRUE,TRUE,"no_observed_zeros","ok","",""
"Qiita13631ASD","ASD Dan 2020",43,"fourfold","Paraprevotella",0.735,0.64,0.83,64,83,1862,TRUE,TRUE,TRUE,FALSE,TRUE,TRUE,TRUE,"ok","ok","",""
"Qiita13631ASD","ASD Dan 2020",43,"fourfold","Phascolarctobacterium",0.985,0.97,1,97,100,9319,TRUE,TRUE,FALSE,TRUE,TRUE,TRUE,TRUE,"structural_absence_boundary_at_zero","ok","",""
"Qiita13631ASD","ASD Dan 2020",43,"fourfold","Prevotella",0.99,0.98,1,98,100,54546,TRUE,TRUE,FALSE,TRUE,TRUE,TRUE,TRUE,"structural_absence_boundary_at_zero","ok","",""
"Qiita13631ASD","ASD Dan 2020",43,"fourfold","Roseburia",0.995,0.99,1,99,100,11868,TRUE,TRUE,FALSE,TRUE,TRUE,TRUE,TRUE,"structural_absence_boundary_at_zero","ok","",""
"Qiita13631ASD","ASD Dan 2020",43,"fourfold","Ruminococcus",1,1,1,100,100,28062,TRUE,TRUE,FALSE,TRUE,TRUE,TRUE,TRUE,"no_observed_zeros","ok","",""
"Qiita13631ASD","ASD Dan 2020",43,"fourfold","Streptococcus",0.92,0.86,0.98,86,98,2368,TRUE,TRUE,FALSE,TRUE,TRUE,TRUE,TRUE,"structural_absence_boundary_at_zero","ok","",""
"Qiita13631ASD","ASD Dan 2020",43,"fourfold","Sutterella",1,1,1,100,100,12773,TRUE,TRUE,FALSE,TRUE,TRUE,TRUE,TRUE,"no_observed_zeros","ok","",""
"Qiita13631ASD","ASD Dan 2020",43,"fourfold","Veillonella",0.93,0.86,1,86,100,5763,TRUE,TRUE,FALSE,TRUE,TRUE,TRUE,TRUE,"structural_absence_boundary_at_zero","ok","",""
"Qiita13631ASD","ASD Dan 2020",44,"balanced","[Prevotella]",0.54,0.57,0.51,57,51,1597,TRUE,TRUE,TRUE,FALSE,TRUE,TRUE,TRUE,"ok","ok","",""
"Qiita13631ASD","ASD Dan 2020",44,"balanced","[Ruminococcus]",1,1,1,100,100,11884,TRUE,TRUE,FALSE,TRUE,TRUE,TRUE,TRUE,"no_observed_zeros","ok","",""
"Qiita13631ASD","ASD Dan 2020",44,"balanced","Akkermansia",0.815,0.78,0.85,78,85,3592,TRUE,TRUE,FALSE,TRUE,TRUE,TRUE,TRUE,"structural_absence_boundary_at_zero","ok","",""
"Qiita13631ASD","ASD Dan 2020",44,"balanced","Anaerostipes",0.96,0.95,0.97,95,97,2670,TRUE,TRUE,TRUE,FALSE,TRUE,TRUE,TRUE,"ok","ok","",""
"Qiita13631ASD","ASD Dan 2020",44,"balanced","Bacteroides",1,1,1,100,100,306540,TRUE,TRUE,FALSE,TRUE,TRUE,TRUE,TRUE,"no_observed_zeros","ok","",""
"Qiita13631ASD","ASD Dan 2020",44,"balanced","Bifidobacterium",0.975,0.98,0.97,98,97,8435,TRUE,TRUE,FALSE,TRUE,TRUE,TRUE,TRUE,"structural_absence_boundary_at_zero","ok","",""
"Qiita13631ASD","ASD Dan 2020",44,"balanced","Bilophila",0.945,0.96,0.93,96,93,1563,TRUE,TRUE,TRUE,FALSE,TRUE,TRUE,TRUE,"ok","ok","",""
"Qiita13631ASD","ASD Dan 2020",44,"balanced","Blautia",1,1,1,100,100,5141,TRUE,TRUE,FALSE,TRUE,TRUE,TRUE,TRUE,"no_observed_zeros","ok","",""
"Qiita13631ASD","ASD Dan 2020",44,"balanced","Clostridium",1,1,1,100,100,8721,TRUE,TRUE,FALSE,TRUE,TRUE,TRUE,TRUE,"no_observed_zeros","ok","",""
"Qiita13631ASD","ASD Dan 2020",44,"balanced","Collinsella",0.74,0.69,0.79,69,79,958,TRUE,TRUE,FALSE,TRUE,TRUE,TRUE,TRUE,"structural_absence_boundary_at_zero","ok","",""
"Qiita13631ASD","ASD Dan 2020",44,"balanced","Coprococcus",0.995,0.99,1,99,100,6717,TRUE,TRUE,TRUE,FALSE,TRUE,TRUE,TRUE,"ok","ok","",""
"Qiita13631ASD","ASD Dan 2020",44,"balanced","Dialister",1,1,1,100,100,20514,TRUE,TRUE,FALSE,TRUE,TRUE,TRUE,TRUE,"no_observed_zeros","ok","",""
"Qiita13631ASD","ASD Dan 2020",44,"balanced","Dorea",1,1,1,100,100,5304,TRUE,TRUE,FALSE,TRUE,TRUE,TRUE,TRUE,"no_observed_zeros","ok","",""
"Qiita13631ASD","ASD Dan 2020",44,"balanced","Faecalibacterium",1,1,1,100,100,76975,TRUE,TRUE,FALSE,TRUE,TRUE,TRUE,TRUE,"no_observed_zeros","ok","",""
"Qiita13631ASD","ASD Dan 2020",44,"balanced","Fusobacterium",0.53,0.53,0.53,53,53,1860,TRUE,TRUE,FALSE,TRUE,TRUE,TRUE,TRUE,"structural_absence_boundary_at_zero","ok","",""
"Qiita13631ASD","ASD Dan 2020",44,"balanced","Haemophilus",0.985,0.99,0.98,99,98,5026,TRUE,TRUE,FALSE,TRUE,TRUE,TRUE,TRUE,"structural_absence_boundary_at_zero","ok","",""
"Qiita13631ASD","ASD Dan 2020",44,"balanced","Lachnobacterium",0.72,0.7,0.74,70,74,1078,TRUE,TRUE,TRUE,FALSE,TRUE,TRUE,TRUE,"ok","ok","",""
"Qiita13631ASD","ASD Dan 2020",44,"balanced","Lachnospira",1,1,1,100,100,25336,TRUE,TRUE,FALSE,TRUE,TRUE,TRUE,TRUE,"no_observed_zeros","ok","",""
"Qiita13631ASD","ASD Dan 2020",44,"balanced","Megamonas",0.995,1,0.99,100,99,18504,TRUE,TRUE,FALSE,TRUE,TRUE,TRUE,TRUE,"structural_absence_boundary_at_zero","ok","",""
"Qiita13631ASD","ASD Dan 2020",44,"balanced","Megasphaera",0.86,0.85,0.87,85,87,3074,TRUE,TRUE,TRUE,FALSE,TRUE,TRUE,TRUE,"ok","ok","",""
"Qiita13631ASD","ASD Dan 2020",44,"balanced","Oscillospira",1,1,1,100,100,11296,TRUE,TRUE,FALSE,TRUE,TRUE,TRUE,TRUE,"no_observed_zeros","ok","",""
"Qiita13631ASD","ASD Dan 2020",44,"balanced","Parabacteroides",1,1,1,100,100,22571,TRUE,TRUE,FALSE,TRUE,TRUE,TRUE,TRUE,"no_observed_zeros","ok","",""
"Qiita13631ASD","ASD Dan 2020",44,"balanced","Paraprevotella",0.835,0.84,0.83,84,83,2148,TRUE,TRUE,FALSE,TRUE,TRUE,TRUE,TRUE,"structural_absence_boundary_at_zero","ok","",""
"Qiita13631ASD","ASD Dan 2020",44,"balanced","Phascolarctobacterium",0.995,1,0.99,100,99,10074,TRUE,TRUE,FALSE,TRUE,TRUE,TRUE,TRUE,"structural_absence_boundary_at_zero","ok","",""
"Qiita13631ASD","ASD Dan 2020",44,"balanced","Prevotella",0.99,0.99,0.99,99,99,62098,TRUE,TRUE,TRUE,FALSE,TRUE,TRUE,TRUE,"ok","ok","",""
"Qiita13631ASD","ASD Dan 2020",44,"balanced","Roseburia",1,1,1,100,100,12553,TRUE,TRUE,FALSE,TRUE,TRUE,TRUE,TRUE,"no_observed_zeros","ok","",""
"Qiita13631ASD","ASD Dan 2020",44,"balanced","Ruminococcus",1,1,1,100,100,28406,TRUE,TRUE,FALSE,TRUE,TRUE,TRUE,TRUE,"no_observed_zeros","ok","",""
"Qiita13631ASD","ASD Dan 2020",44,"balanced","Streptococcus",0.97,0.97,0.97,97,97,2376,TRUE,TRUE,FALSE,TRUE,TRUE,TRUE,TRUE,"structural_absence_boundary_at_zero","ok","",""
"Qiita13631ASD","ASD Dan 2020",44,"balanced","Sutterella",1,1,1,100,100,14205,TRUE,TRUE,FALSE,TRUE,TRUE,TRUE,TRUE,"no_observed_zeros","ok","",""
"Qiita13631ASD","ASD Dan 2020",44,"balanced","Veillonella",0.99,0.99,0.99,99,99,5762,TRUE,TRUE,FALSE,TRUE,TRUE,TRUE,TRUE,"structural_absence_boundary_at_zero","ok","",""
"Qiita13631ASD","ASD Dan 2020",44,"fourfold","[Prevotella]",0.46,0.41,0.51,41,51,1448,TRUE,TRUE,TRUE,FALSE,TRUE,TRUE,TRUE,"ok","ok","",""
"Qiita13631ASD","ASD Dan 2020",44,"fourfold","[Ruminococcus]",1,1,1,100,100,9750,TRUE,TRUE,FALSE,TRUE,TRUE,TRUE,TRUE,"no_observed_zeros","ok","",""
"Qiita13631ASD","ASD Dan 2020",44,"fourfold","Akkermansia",0.74,0.6,0.88,60,88,5194,TRUE,TRUE,FALSE,TRUE,TRUE,TRUE,TRUE,"structural_absence_boundary_at_zero","ok","",""
"Qiita13631ASD","ASD Dan 2020",44,"fourfold","Anaerostipes",0.96,0.93,0.99,93,99,2480,TRUE,TRUE,FALSE,TRUE,TRUE,TRUE,TRUE,"structural_absence_boundary_at_zero","ok","",""
"Qiita13631ASD","ASD Dan 2020",44,"fourfold","Bacteroides",1,1,1,100,100,277611,TRUE,TRUE,FALSE,TRUE,TRUE,TRUE,TRUE,"no_observed_zeros","ok","",""
"Qiita13631ASD","ASD Dan 2020",44,"fourfold","Bifidobacterium",0.935,0.9,0.97,90,97,7719,TRUE,TRUE,FALSE,TRUE,TRUE,TRUE,TRUE,"structural_absence_boundary_at_zero","ok","",""
"Qiita13631ASD","ASD Dan 2020",44,"fourfold","Bilophila",0.885,0.79,0.98,79,98,1285,TRUE,TRUE,TRUE,FALSE,TRUE,TRUE,TRUE,"ok","ok","",""
"Qiita13631ASD","ASD Dan 2020",44,"fourfold","Blautia",0.965,0.93,1,93,100,4943,TRUE,TRUE,TRUE,FALSE,TRUE,TRUE,TRUE,"ok","ok","",""
"Qiita13631ASD","ASD Dan 2020",44,"fourfold","Clostridium",0.99,0.98,1,98,100,8241,TRUE,TRUE,FALSE,TRUE,TRUE,TRUE,TRUE,"structural_absence_boundary_at_zero","ok","",""
"Qiita13631ASD","ASD Dan 2020",44,"fourfold","Collinsella",0.615,0.43,0.8,43,80,980,TRUE,TRUE,FALSE,TRUE,TRUE,TRUE,TRUE,"structural_absence_boundary_at_zero","ok","",""
"Qiita13631ASD","ASD Dan 2020",44,"fourfold","Coprococcus",1,1,1,100,100,6061,TRUE,TRUE,FALSE,TRUE,TRUE,TRUE,TRUE,"no_observed_zeros","ok","",""
"Qiita13631ASD","ASD Dan 2020",44,"fourfold","Dialister",0.99,0.98,1,98,100,18073,TRUE,TRUE,FALSE,TRUE,TRUE,TRUE,TRUE,"structural_absence_boundary_at_zero","ok","",""
"Qiita13631ASD","ASD Dan 2020",44,"fourfold","Dorea",1,1,1,100,100,4750,TRUE,TRUE,FALSE,TRUE,TRUE,TRUE,TRUE,"no_observed_zeros","ok","",""
"Qiita13631ASD","ASD Dan 2020",44,"fourfold","Faecalibacterium",1,1,1,100,100,61486,TRUE,TRUE,FALSE,TRUE,TRUE,TRUE,TRUE,"no_observed_zeros","ok","",""
"Qiita13631ASD","ASD Dan 2020",44,"fourfold","Fusobacterium",0.445,0.31,0.58,31,58,948,TRUE,TRUE,FALSE,TRUE,TRUE,TRUE,TRUE,"structural_absence_boundary_at_zero","ok","",""
"Qiita13631ASD","ASD Dan 2020",44,"fourfold","Haemophilus",0.935,0.89,0.98,89,98,3986,TRUE,TRUE,FALSE,TRUE,TRUE,TRUE,TRUE,"structural_absence_boundary_at_zero","ok","",""
"Qiita13631ASD","ASD Dan 2020",44,"fourfold","Lachnobacterium",0.665,0.57,0.76,57,76,833,TRUE,TRUE,TRUE,FALSE,TRUE,TRUE,TRUE,"ok","ok","",""
"Qiita13631ASD","ASD Dan 2020",44,"fourfold","Lachnospira",1,1,1,100,100,22142,TRUE,TRUE,FALSE,TRUE,TRUE,TRUE,TRUE,"no_observed_zeros","ok","",""
"Qiita13631ASD","ASD Dan 2020",44,"fourfold","Megamonas",0.975,0.95,1,95,100,13624,TRUE,TRUE,FALSE,TRUE,TRUE,TRUE,TRUE,"structural_absence_boundary_at_zero","ok","",""
"Qiita13631ASD","ASD Dan 2020",44,"fourfold","Megasphaera",0.835,0.73,0.94,73,94,2441,TRUE,TRUE,FALSE,TRUE,TRUE,TRUE,TRUE,"structural_absence_boundary_at_zero","ok","",""
"Qiita13631ASD","ASD Dan 2020",44,"fourfold","Oscillospira",1,1,1,100,100,10336,TRUE,TRUE,FALSE,TRUE,TRUE,TRUE,TRUE,"no_observed_zeros","ok","",""
"Qiita13631ASD","ASD Dan 2020",44,"fourfold","Parabacteroides",1,1,1,100,100,21210,TRUE,TRUE,FALSE,TRUE,TRUE,TRUE,TRUE,"no_observed_zeros","ok","",""
"Qiita13631ASD","ASD Dan 2020",44,"fourfold","Paraprevotella",0.735,0.6,0.87,60,87,2073,TRUE,TRUE,TRUE,FALSE,TRUE,TRUE,TRUE,"ok","ok","",""
"Qiita13631ASD","ASD Dan 2020",44,"fourfold","Phascolarctobacterium",0.99,0.98,1,98,100,11288,TRUE,TRUE,FALSE,TRUE,TRUE,TRUE,TRUE,"structural_absence_boundary_at_zero","ok","",""
"Qiita13631ASD","ASD Dan 2020",44,"fourfold","Prevotella",0.98,0.96,1,96,100,54048,TRUE,TRUE,FALSE,TRUE,TRUE,TRUE,TRUE,"structural_absence_boundary_at_zero","ok","",""
"Qiita13631ASD","ASD Dan 2020",44,"fourfold","Roseburia",1,1,1,100,100,12297,TRUE,TRUE,FALSE,TRUE,TRUE,TRUE,TRUE,"no_observed_zeros","ok","",""
"Qiita13631ASD","ASD Dan 2020",44,"fourfold","Ruminococcus",1,1,1,100,100,24454,TRUE,TRUE,FALSE,TRUE,TRUE,TRUE,TRUE,"no_observed_zeros","ok","",""
"Qiita13631ASD","ASD Dan 2020",44,"fourfold","Streptococcus",0.93,0.86,1,86,100,2297,TRUE,TRUE,FALSE,TRUE,TRUE,TRUE,TRUE,"structural_absence_boundary_at_zero","ok","",""
"Qiita13631ASD","ASD Dan 2020",44,"fourfold","Sutterella",1,1,1,100,100,13737,TRUE,TRUE,FALSE,TRUE,TRUE,TRUE,TRUE,"no_observed_zeros","ok","",""
"Qiita13631ASD","ASD Dan 2020",44,"fourfold","Veillonella",0.97,0.94,1,94,100,5572,TRUE,TRUE,FALSE,TRUE,TRUE,TRUE,TRUE,"structural_absence_boundary_at_zero","ok","",""
"Qiita13631ASD","ASD Dan 2020",45,"balanced","[Prevotella]",0.495,0.53,0.46,53,46,1160,TRUE,TRUE,TRUE,FALSE,TRUE,TRUE,TRUE,"ok","ok","",""
"Qiita13631ASD","ASD Dan 2020",45,"balanced","[Ruminococcus]",1,1,1,100,100,10641,TRUE,TRUE,FALSE,TRUE,TRUE,TRUE,TRUE,"no_observed_zeros","ok","",""
"Qiita13631ASD","ASD Dan 2020",45,"balanced","Akkermansia",0.785,0.8,0.77,80,77,3240,TRUE,TRUE,FALSE,TRUE,TRUE,TRUE,TRUE,"structural_absence_boundary_at_zero","ok","",""
"Qiita13631ASD","ASD Dan 2020",45,"balanced","Anaerostipes",0.98,0.99,0.97,99,97,2666,TRUE,TRUE,FALSE,TRUE,TRUE,TRUE,TRUE,"structural_absence_boundary_at_zero","ok","",""
"Qiita13631ASD","ASD Dan 2020",45,"balanced","Bacteroides",1,1,1,100,100,290566,TRUE,TRUE,FALSE,TRUE,TRUE,TRUE,TRUE,"no_observed_zeros","ok","",""
"Qiita13631ASD","ASD Dan 2020",45,"balanced","Bifidobacterium",0.965,0.96,0.97,96,97,8321,TRUE,TRUE,FALSE,TRUE,TRUE,TRUE,TRUE,"structural_absence_boundary_at_zero","ok","",""
"Qiita13631ASD","ASD Dan 2020",45,"balanced","Bilophila",0.935,0.94,0.93,94,93,1372,TRUE,TRUE,TRUE,FALSE,TRUE,TRUE,TRUE,"ok","ok","",""
"Qiita13631ASD","ASD Dan 2020",45,"balanced","Blautia",1,1,1,100,100,5208,TRUE,TRUE,FALSE,TRUE,TRUE,TRUE,TRUE,"no_observed_zeros","ok","",""
"Qiita13631ASD","ASD Dan 2020",45,"balanced","Clostridium",1,1,1,100,100,7860,TRUE,TRUE,FALSE,TRUE,TRUE,TRUE,TRUE,"no_observed_zeros","ok","",""
"Qiita13631ASD","ASD Dan 2020",45,"balanced","Collinsella",0.74,0.74,0.74,74,74,951,TRUE,TRUE,FALSE,TRUE,TRUE,TRUE,TRUE,"structural_absence_boundary_at_zero","ok","",""
"Qiita13631ASD","ASD Dan 2020",45,"balanced","Coprococcus",1,1,1,100,100,6548,TRUE,TRUE,FALSE,TRUE,TRUE,TRUE,TRUE,"no_observed_zeros","ok","",""
"Qiita13631ASD","ASD Dan 2020",45,"balanced","Dialister",1,1,1,100,100,23072,TRUE,TRUE,FALSE,TRUE,TRUE,TRUE,TRUE,"no_observed_zeros","ok","",""
"Qiita13631ASD","ASD Dan 2020",45,"balanced","Dorea",0.995,1,0.99,100,99,4981,TRUE,TRUE,TRUE,FALSE,TRUE,TRUE,TRUE,"ok","ok","",""
"Qiita13631ASD","ASD Dan 2020",45,"balanced","Faecalibacterium",1,1,1,100,100,69339,TRUE,TRUE,FALSE,TRUE,TRUE,TRUE,TRUE,"no_observed_zeros","ok","",""
"Qiita13631ASD","ASD Dan 2020",45,"balanced","Fusobacterium",0.45,0.38,0.52,38,52,1171,TRUE,TRUE,TRUE,FALSE,TRUE,TRUE,TRUE,"ok","ok","",""
"Qiita13631ASD","ASD Dan 2020",45,"balanced","Haemophilus",0.965,0.96,0.97,96,97,5748,TRUE,TRUE,FALSE,TRUE,TRUE,TRUE,TRUE,"structural_absence_boundary_at_zero","ok","",""
"Qiita13631ASD","ASD Dan 2020",45,"balanced","Lachnobacterium",0.73,0.75,0.71,75,71,1284,TRUE,TRUE,TRUE,FALSE,TRUE,TRUE,TRUE,"ok","ok","",""
"Qiita13631ASD","ASD Dan 2020",45,"balanced","Lachnospira",1,1,1,100,100,25909,TRUE,TRUE,FALSE,TRUE,TRUE,TRUE,TRUE,"no_observed_zeros","ok","",""
"Qiita13631ASD","ASD Dan 2020",45,"balanced","Megamonas",0.975,0.98,0.97,98,97,18073,TRUE,TRUE,TRUE,FALSE,TRUE,TRUE,TRUE,"ok","ok","",""
"Qiita13631ASD","ASD Dan 2020",45,"balanced","Megasphaera",0.84,0.83,0.85,83,85,3028,TRUE,TRUE,TRUE,FALSE,TRUE,TRUE,TRUE,"ok","ok","",""
"Qiita13631ASD","ASD Dan 2020",45,"balanced","Oscillospira",1,1,1,100,100,10221,TRUE,TRUE,FALSE,TRUE,TRUE,TRUE,TRUE,"no_observed_zeros","ok","",""
"Qiita13631ASD","ASD Dan 2020",45,"balanced","Parabacteroides",1,1,1,100,100,21905,TRUE,TRUE,FALSE,TRUE,TRUE,TRUE,TRUE,"no_observed_zeros","ok","",""
"Qiita13631ASD","ASD Dan 2020",45,"balanced","Paraprevotella",0.79,0.81,0.77,81,77,2044,TRUE,TRUE,TRUE,FALSE,TRUE,TRUE,TRUE,"ok","ok","",""
"Qiita13631ASD","ASD Dan 2020",45,"balanced","Phascolarctobacterium",0.985,0.98,0.99,98,99,9023,TRUE,TRUE,FALSE,TRUE,TRUE,TRUE,TRUE,"structural_absence_boundary_at_zero","ok","",""
"Qiita13631ASD","ASD Dan 2020",45,"balanced","Prevotella",0.995,1,0.99,100,99,51065,TRUE,TRUE,FALSE,TRUE,TRUE,TRUE,TRUE,"structural_absence_boundary_at_zero","ok","",""
"Qiita13631ASD","ASD Dan 2020",45,"balanced","Roseburia",1,1,1,100,100,12226,TRUE,TRUE,FALSE,TRUE,TRUE,TRUE,TRUE,"no_observed_zeros","ok","",""
"Qiita13631ASD","ASD Dan 2020",45,"balanced","Ruminococcus",1,1,1,100,100,26005,TRUE,TRUE,FALSE,TRUE,TRUE,TRUE,TRUE,"no_observed_zeros","ok","",""
"Qiita13631ASD","ASD Dan 2020",45,"balanced","Streptococcus",0.975,0.97,0.98,97,98,2387,TRUE,TRUE,TRUE,FALSE,TRUE,TRUE,TRUE,"ok","ok","",""
"Qiita13631ASD","ASD Dan 2020",45,"balanced","Sutterella",0.995,0.99,1,99,100,13272,TRUE,TRUE,TRUE,FALSE,TRUE,TRUE,TRUE,"ok","ok","",""
"Qiita13631ASD","ASD Dan 2020",45,"balanced","Veillonella",0.995,1,0.99,100,99,5705,TRUE,TRUE,FALSE,TRUE,TRUE,TRUE,TRUE,"structural_absence_boundary_at_zero","ok","",""
"Qiita13631ASD","ASD Dan 2020",45,"fourfold","[Prevotella]",0.48,0.46,0.5,46,50,1074,TRUE,TRUE,TRUE,FALSE,TRUE,TRUE,TRUE,"ok","ok","",""
"Qiita13631ASD","ASD Dan 2020",45,"fourfold","[Ruminococcus]",1,1,1,100,100,10583,TRUE,TRUE,FALSE,TRUE,TRUE,TRUE,TRUE,"no_observed_zeros","ok","",""
"Qiita13631ASD","ASD Dan 2020",45,"fourfold","Akkermansia",0.705,0.52,0.89,52,89,4587,TRUE,TRUE,FALSE,TRUE,TRUE,TRUE,TRUE,"structural_absence_boundary_at_zero","ok","",""
"Qiita13631ASD","ASD Dan 2020",45,"fourfold","Anaerostipes",0.96,0.93,0.99,93,99,2182,TRUE,TRUE,FALSE,TRUE,TRUE,TRUE,TRUE,"structural_absence_boundary_at_zero","ok","",""
"Qiita13631ASD","ASD Dan 2020",45,"fourfold","Bacteroides",1,1,1,100,100,276670,TRUE,TRUE,FALSE,TRUE,TRUE,TRUE,TRUE,"no_observed_zeros","ok","",""
"Qiita13631ASD","ASD Dan 2020",45,"fourfold","Bifidobacterium",0.935,0.89,0.98,89,98,10860,TRUE,TRUE,FALSE,TRUE,TRUE,TRUE,TRUE,"structural_absence_boundary_at_zero","ok","",""
"Qiita13631ASD","ASD Dan 2020",45,"fourfold","Bilophila",0.93,0.87,0.99,87,99,1307,TRUE,TRUE,FALSE,TRUE,TRUE,TRUE,TRUE,"structural_absence_boundary_at_zero","ok","",""
"Qiita13631ASD","ASD Dan 2020",45,"fourfold","Blautia",0.995,0.99,1,99,100,5429,TRUE,TRUE,FALSE,TRUE,TRUE,TRUE,TRUE,"structural_absence_boundary_at_zero","ok","",""
"Qiita13631ASD","ASD Dan 2020",45,"fourfold","Clostridium",0.99,0.98,1,98,100,7228,TRUE,TRUE,FALSE,TRUE,TRUE,TRUE,TRUE,"structural_absence_boundary_at_zero","ok","",""
"Qiita13631ASD","ASD Dan 2020",45,"fourfold","Collinsella",0.625,0.49,0.76,49,76,798,TRUE,TRUE,TRUE,FALSE,TRUE,TRUE,TRUE,"ok","ok","",""
"Qiita13631ASD","ASD Dan 2020",45,"fourfold","Coprococcus",0.985,0.97,1,97,100,6088,TRUE,TRUE,TRUE,FALSE,TRUE,TRUE,TRUE,"ok","ok","",""
"Qiita13631ASD","ASD Dan 2020",45,"fourfold","Dialister",0.995,0.99,1,99,100,20286,TRUE,TRUE,FALSE,TRUE,TRUE,TRUE,TRUE,"structural_absence_boundary_at_zero","ok","",""
"Qiita13631ASD","ASD Dan 2020",45,"fourfold","Dorea",0.995,0.99,1,99,100,4571,TRUE,TRUE,FALSE,TRUE,TRUE,TRUE,TRUE,"structural_absence_boundary_at_zero","ok","",""
"Qiita13631ASD","ASD Dan 2020",45,"fourfold","Faecalibacterium",1,1,1,100,100,74432,TRUE,TRUE,FALSE,TRUE,TRUE,TRUE,TRUE,"no_observed_zeros","ok","",""
"Qiita13631ASD","ASD Dan 2020",45,"fourfold","Fusobacterium",0.46,0.26,0.66,26,66,1761,TRUE,TRUE,FALSE,TRUE,TRUE,TRUE,TRUE,"structural_absence_boundary_at_zero","ok","",""
"Qiita13631ASD","ASD Dan 2020",45,"fourfold","Haemophilus",0.91,0.82,1,82,100,3899,TRUE,TRUE,FALSE,TRUE,TRUE,TRUE,TRUE,"structural_absence_boundary_at_zero","ok","",""
"Qiita13631ASD","ASD Dan 2020",45,"fourfold","Lachnobacterium",0.665,0.55,0.78,55,78,1002,TRUE,TRUE,TRUE,FALSE,TRUE,TRUE,TRUE,"ok","ok","",""
"Qiita13631ASD","ASD Dan 2020",45,"fourfold","Lachnospira",1,1,1,100,100,22390,TRUE,TRUE,FALSE,TRUE,TRUE,TRUE,TRUE,"no_observed_zeros","ok","",""
"Qiita13631ASD","ASD Dan 2020",45,"fourfold","Megamonas",0.975,0.97,0.98,97,98,16573,TRUE,TRUE,FALSE,TRUE,TRUE,TRUE,TRUE,"structural_absence_boundary_at_zero","ok","",""
"Qiita13631ASD","ASD Dan 2020",45,"fourfold","Megasphaera",0.805,0.68,0.93,68,93,3725,TRUE,TRUE,FALSE,TRUE,TRUE,TRUE,TRUE,"structural_absence_boundary_at_zero","ok","",""
"Qiita13631ASD","ASD Dan 2020",45,"fourfold","Oscillospira",1,1,1,100,100,9382,TRUE,TRUE,FALSE,TRUE,TRUE,TRUE,TRUE,"no_observed_zeros","ok","",""
"Qiita13631ASD","ASD Dan 2020",45,"fourfold","Parabacteroides",1,1,1,100,100,21697,TRUE,TRUE,FALSE,TRUE,TRUE,TRUE,TRUE,"no_observed_zeros","ok","",""
"Qiita13631ASD","ASD Dan 2020",45,"fourfold","Paraprevotella",0.765,0.66,0.87,66,87,1799,TRUE,TRUE,FALSE,TRUE,TRUE,TRUE,TRUE,"structural_absence_boundary_at_zero","ok","",""
"Qiita13631ASD","ASD Dan 2020",45,"fourfold","Phascolarctobacterium",0.99,0.98,1,98,100,8618,TRUE,TRUE,FALSE,TRUE,TRUE,TRUE,TRUE,"structural_absence_boundary_at_zero","ok","",""
"Qiita13631ASD","ASD Dan 2020",45,"fourfold","Prevotella",0.995,0.99,1,99,100,43934,TRUE,TRUE,FALSE,TRUE,TRUE,TRUE,TRUE,"structural_absence_boundary_at_zero","ok","",""
"Qiita13631ASD","ASD Dan 2020",45,"fourfold","Roseburia",1,1,1,100,100,11788,TRUE,TRUE,FALSE,TRUE,TRUE,TRUE,TRUE,"no_observed_zeros","ok","",""
"Qiita13631ASD","ASD Dan 2020",45,"fourfold","Ruminococcus",1,1,1,100,100,26861,TRUE,TRUE,FALSE,TRUE,TRUE,TRUE,TRUE,"no_observed_zeros","ok","",""
"Qiita13631ASD","ASD Dan 2020",45,"fourfold","Streptococcus",0.92,0.86,0.98,86,98,2296,TRUE,TRUE,TRUE,FALSE,TRUE,TRUE,TRUE,"ok","ok","",""
"Qiita13631ASD","ASD Dan 2020",45,"fourfold","Sutterella",1,1,1,100,100,13202,TRUE,TRUE,FALSE,TRUE,TRUE,TRUE,TRUE,"no_observed_zeros","ok","",""
"Qiita13631ASD","ASD Dan 2020",45,"fourfold","Veillonella",0.95,0.91,0.99,91,99,6200,TRUE,TRUE,FALSE,TRUE,TRUE,TRUE,TRUE,"structural_absence_boundary_at_zero","ok","",""
"Qiita13631ASD","ASD Dan 2020",46,"balanced","[Prevotella]",0.56,0.6,0.52,60,52,1580,TRUE,TRUE,TRUE,FALSE,TRUE,TRUE,TRUE,"ok","ok","",""
"Qiita13631ASD","ASD Dan 2020",46,"balanced","[Ruminococcus]",1,1,1,100,100,12577,TRUE,TRUE,FALSE,TRUE,TRUE,TRUE,TRUE,"no_observed_zeros","ok","",""
"Qiita13631ASD","ASD Dan 2020",46,"balanced","Akkermansia",0.77,0.72,0.82,72,82,3526,TRUE,TRUE,FALSE,TRUE,TRUE,TRUE,TRUE,"structural_absence_boundary_at_zero","ok","",""
"Qiita13631ASD","ASD Dan 2020",46,"balanced","Anaerostipes",0.975,0.98,0.97,98,97,2839,TRUE,TRUE,FALSE,TRUE,TRUE,TRUE,TRUE,"structural_absence_boundary_at_zero","ok","",""
"Qiita13631ASD","ASD Dan 2020",46,"balanced","Bacteroides",1,1,1,100,100,324399,TRUE,TRUE,FALSE,TRUE,TRUE,TRUE,TRUE,"no_observed_zeros","ok","",""
"Qiita13631ASD","ASD Dan 2020",46,"balanced","Bifidobacterium",0.96,0.98,0.94,98,94,8263,TRUE,TRUE,FALSE,TRUE,TRUE,TRUE,TRUE,"structural_absence_boundary_at_zero","ok","",""
"Qiita13631ASD","ASD Dan 2020",46,"balanced","Bilophila",0.95,0.97,0.93,97,93,1620,TRUE,TRUE,TRUE,FALSE,TRUE,TRUE,TRUE,"ok","ok","",""
"Qiita13631ASD","ASD Dan 2020",46,"balanced","Blautia",1,1,1,100,100,5980,TRUE,TRUE,FALSE,TRUE,TRUE,TRUE,TRUE,"no_observed_zeros","ok","",""
"Qiita13631ASD","ASD Dan 2020",46,"balanced","Clostridium",1,1,1,100,100,9649,TRUE,TRUE,FALSE,TRUE,TRUE,TRUE,TRUE,"no_observed_zeros","ok","",""
"Qiita13631ASD","ASD Dan 2020",46,"balanced","Collinsella",0.72,0.71,0.73,71,73,880,TRUE,TRUE,FALSE,TRUE,TRUE,TRUE,TRUE,"structural_absence_boundary_at_zero","ok","",""
"Qiita13631ASD","ASD Dan 2020",46,"balanced","Coprococcus",1,1,1,100,100,7304,TRUE,TRUE,FALSE,TRUE,TRUE,TRUE,TRUE,"no_observed_zeros","ok","",""
"Qiita13631ASD","ASD Dan 2020",46,"balanced","Dialister",1,1,1,100,100,22575,TRUE,TRUE,FALSE,TRUE,TRUE,TRUE,TRUE,"no_observed_zeros","ok","",""
"Qiita13631ASD","ASD Dan 2020",46,"balanced","Dorea",0.995,1,0.99,100,99,5745,TRUE,TRUE,TRUE,FALSE,TRUE,TRUE,TRUE,"ok","ok","",""
"Qiita13631ASD","ASD Dan 2020",46,"balanced","Faecalibacterium",1,1,1,100,100,81519,TRUE,TRUE,FALSE,TRUE,TRUE,TRUE,TRUE,"no_observed_zeros","ok","",""
"Qiita13631ASD","ASD Dan 2020",46,"balanced","Fusobacterium",0.535,0.57,0.5,57,50,2205,TRUE,TRUE,FALSE,TRUE,TRUE,TRUE,TRUE,"structural_absence_boundary_at_zero","ok","",""
"Qiita13631ASD","ASD Dan 2020",46,"balanced","Haemophilus",0.98,0.98,0.98,98,98,5519,TRUE,TRUE,FALSE,TRUE,TRUE,TRUE,TRUE,"structural_absence_boundary_at_zero","ok","",""
"Qiita13631ASD","ASD Dan 2020",46,"balanced","Lachnobacterium",0.75,0.74,0.76,74,76,1140,TRUE,TRUE,TRUE,FALSE,TRUE,TRUE,TRUE,"ok","ok","",""
"Qiita13631ASD","ASD Dan 2020",46,"balanced","Lachnospira",1,1,1,100,100,24886,TRUE,TRUE,FALSE,TRUE,TRUE,TRUE,TRUE,"no_observed_zeros","ok","",""
"Qiita13631ASD","ASD Dan 2020",46,"balanced","Megamonas",1,1,1,100,100,19717,TRUE,TRUE,FALSE,TRUE,TRUE,TRUE,TRUE,"no_observed_zeros","ok","",""
"Qiita13631ASD","ASD Dan 2020",46,"balanced","Megasphaera",0.875,0.85,0.9,85,90,3368,TRUE,TRUE,FALSE,TRUE,TRUE,TRUE,TRUE,"structural_absence_boundary_at_zero","ok","",""
"Qiita13631ASD","ASD Dan 2020",46,"balanced","Oscillospira",1,1,1,100,100,11639,TRUE,TRUE,FALSE,TRUE,TRUE,TRUE,TRUE,"no_observed_zeros","ok","",""
"Qiita13631ASD","ASD Dan 2020",46,"balanced","Parabacteroides",1,1,1,100,100,24513,TRUE,TRUE,FALSE,TRUE,TRUE,TRUE,TRUE,"no_observed_zeros","ok","",""
"Qiita13631ASD","ASD Dan 2020",46,"balanced","Paraprevotella",0.805,0.81,0.8,81,80,2553,TRUE,TRUE,TRUE,FALSE,TRUE,TRUE,TRUE,"ok","ok","",""
"Qiita13631ASD","ASD Dan 2020",46,"balanced","Phascolarctobacterium",0.99,1,0.98,100,98,10959,TRUE,TRUE,FALSE,TRUE,TRUE,TRUE,TRUE,"structural_absence_boundary_at_zero","ok","",""
"Qiita13631ASD","ASD Dan 2020",46,"balanced","Prevotella",0.99,0.99,0.99,99,99,55594,TRUE,TRUE,FALSE,TRUE,TRUE,TRUE,TRUE,"structural_absence_boundary_at_zero","ok","",""
"Qiita13631ASD","ASD Dan 2020",46,"balanced","Roseburia",1,1,1,100,100,13085,TRUE,TRUE,FALSE,TRUE,TRUE,TRUE,TRUE,"no_observed_zeros","ok","",""
"Qiita13631ASD","ASD Dan 2020",46,"balanced","Ruminococcus",1,1,1,100,100,29366,TRUE,TRUE,FALSE,TRUE,TRUE,TRUE,TRUE,"no_observed_zeros","ok","",""
"Qiita13631ASD","ASD Dan 2020",46,"balanced","Streptococcus",0.99,0.99,0.99,99,99,2661,TRUE,TRUE,FALSE,TRUE,TRUE,TRUE,TRUE,"structural_absence_boundary_at_zero","ok","",""
"Qiita13631ASD","ASD Dan 2020",46,"balanced","Sutterella",1,1,1,100,100,15095,TRUE,TRUE,FALSE,TRUE,TRUE,TRUE,TRUE,"no_observed_zeros","ok","",""
"Qiita13631ASD","ASD Dan 2020",46,"balanced","Veillonella",0.975,0.96,0.99,96,99,6276,TRUE,TRUE,TRUE,FALSE,TRUE,TRUE,TRUE,"ok","ok","",""
"Qiita13631ASD","ASD Dan 2020",46,"fourfold","[Prevotella]",0.475,0.42,0.53,42,53,1225,TRUE,TRUE,TRUE,FALSE,TRUE,TRUE,TRUE,"ok","ok","",""
"Qiita13631ASD","ASD Dan 2020",46,"fourfold","[Ruminococcus]",1,1,1,100,100,10327,TRUE,TRUE,FALSE,TRUE,TRUE,TRUE,TRUE,"no_observed_zeros","ok","",""
"Qiita13631ASD","ASD Dan 2020",46,"fourfold","Akkermansia",0.68,0.56,0.8,56,80,3906,TRUE,TRUE,FALSE,TRUE,TRUE,TRUE,TRUE,"structural_absence_boundary_at_zero","ok","",""
"Qiita13631ASD","ASD Dan 2020",46,"fourfold","Anaerostipes",0.935,0.89,0.98,89,98,2350,TRUE,TRUE,TRUE,FALSE,TRUE,TRUE,TRUE,"ok","ok","",""
"Qiita13631ASD","ASD Dan 2020",46,"fourfold","Bacteroides",1,1,1,100,100,276673,TRUE,TRUE,FALSE,TRUE,TRUE,TRUE,TRUE,"no_observed_zeros","ok","",""
"Qiita13631ASD","ASD Dan 2020",46,"fourfold","Bifidobacterium",0.935,0.89,0.98,89,98,7224,TRUE,TRUE,FALSE,TRUE,TRUE,TRUE,TRUE,"structural_absence_boundary_at_zero","ok","",""
"Qiita13631ASD","ASD Dan 2020",46,"fourfold","Bilophila",0.925,0.86,0.99,86,99,1393,TRUE,TRUE,FALSE,TRUE,TRUE,TRUE,TRUE,"structural_absence_boundary_at_zero","ok","",""
"Qiita13631ASD","ASD Dan 2020",46,"fourfold","Blautia",0.99,0.98,1,98,100,4874,TRUE,TRUE,FALSE,TRUE,TRUE,TRUE,TRUE,"structural_absence_boundary_at_zero","ok","",""
"Qiita13631ASD","ASD Dan 2020",46,"fourfold","Clostridium",0.995,0.99,1,99,100,8017,TRUE,TRUE,FALSE,TRUE,TRUE,TRUE,TRUE,"structural_absence_boundary_at_zero","ok","",""
"Qiita13631ASD","ASD Dan 2020",46,"fourfold","Collinsella",0.66,0.49,0.83,49,83,743,TRUE,TRUE,FALSE,TRUE,TRUE,TRUE,TRUE,"structural_absence_boundary_at_zero","ok","",""
"Qiita13631ASD","ASD Dan 2020",46,"fourfold","Coprococcus",0.99,0.98,1,98,100,6348,TRUE,TRUE,FALSE,TRUE,TRUE,TRUE,TRUE,"structural_absence_boundary_at_zero","ok","",""
"Qiita13631ASD","ASD Dan 2020",46,"fourfold","Dialister",1,1,1,100,100,20432,TRUE,TRUE,FALSE,TRUE,TRUE,TRUE,TRUE,"no_observed_zeros","ok","",""
"Qiita13631ASD","ASD Dan 2020",46,"fourfold","Dorea",1,1,1,100,100,4755,TRUE,TRUE,FALSE,TRUE,TRUE,TRUE,TRUE,"no_observed_zeros","ok","",""
"Qiita13631ASD","ASD Dan 2020",46,"fourfold","Faecalibacterium",1,1,1,100,100,68111,TRUE,TRUE,FALSE,TRUE,TRUE,TRUE,TRUE,"no_observed_zeros","ok","",""
"Qiita13631ASD","ASD Dan 2020",46,"fourfold","Fusobacterium",0.49,0.42,0.56,42,56,998,TRUE,TRUE,FALSE,TRUE,TRUE,TRUE,TRUE,"structural_absence_boundary_at_zero","ok","",""
"Qiita13631ASD","ASD Dan 2020",46,"fourfold","Haemophilus",0.905,0.82,0.99,82,99,6594,TRUE,TRUE,FALSE,TRUE,TRUE,TRUE,TRUE,"structural_absence_boundary_at_zero","ok","",""
"Qiita13631ASD","ASD Dan 2020",46,"fourfold","Lachnobacterium",0.695,0.55,0.84,55,84,1053,TRUE,TRUE,TRUE,FALSE,TRUE,TRUE,TRUE,"ok","ok","",""
"Qiita13631ASD","ASD Dan 2020",46,"fourfold","Lachnospira",1,1,1,100,100,21908,TRUE,TRUE,FALSE,TRUE,TRUE,TRUE,TRUE,"no_observed_zeros","ok","",""
"Qiita13631ASD","ASD Dan 2020",46,"fourfold","Megamonas",0.98,0.97,0.99,97,99,17608,TRUE,TRUE,FALSE,TRUE,TRUE,TRUE,TRUE,"structural_absence_boundary_at_zero","ok","",""
"Qiita13631ASD","ASD Dan 2020",46,"fourfold","Megasphaera",0.8,0.69,0.91,69,91,2712,TRUE,TRUE,TRUE,FALSE,TRUE,TRUE,TRUE,"ok","ok","",""
"Qiita13631ASD","ASD Dan 2020",46,"fourfold","Oscillospira",1,1,1,100,100,10258,TRUE,TRUE,FALSE,TRUE,TRUE,TRUE,TRUE,"no_observed_zeros","ok","",""
"Qiita13631ASD","ASD Dan 2020",46,"fourfold","Parabacteroides",1,1,1,100,100,21621,TRUE,TRUE,FALSE,TRUE,TRUE,TRUE,TRUE,"no_observed_zeros","ok","",""
"Qiita13631ASD","ASD Dan 2020",46,"fourfold","Paraprevotella",0.745,0.62,0.87,62,87,1881,TRUE,TRUE,TRUE,FALSE,TRUE,TRUE,TRUE,"ok","ok","",""
"Qiita13631ASD","ASD Dan 2020",46,"fourfold","Phascolarctobacterium",0.98,0.97,0.99,97,99,10176,TRUE,TRUE,FALSE,TRUE,TRUE,TRUE,TRUE,"structural_absence_boundary_at_zero","ok","",""
"Qiita13631ASD","ASD Dan 2020",46,"fourfold","Prevotella",0.99,0.98,1,98,100,45000,TRUE,TRUE,FALSE,TRUE,TRUE,TRUE,TRUE,"structural_absence_boundary_at_zero","ok","",""
"Qiita13631ASD","ASD Dan 2020",46,"fourfold","Roseburia",1,1,1,100,100,11709,TRUE,TRUE,FALSE,TRUE,TRUE,TRUE,TRUE,"no_observed_zeros","ok","",""
"Qiita13631ASD","ASD Dan 2020",46,"fourfold","Ruminococcus",1,1,1,100,100,24522,TRUE,TRUE,FALSE,TRUE,TRUE,TRUE,TRUE,"no_observed_zeros","ok","",""
"Qiita13631ASD","ASD Dan 2020",46,"fourfold","Streptococcus",0.96,0.93,0.99,93,99,2180,TRUE,TRUE,FALSE,TRUE,TRUE,TRUE,TRUE,"structural_absence_boundary_at_zero","ok","",""
"Qiita13631ASD","ASD Dan 2020",46,"fourfold","Sutterella",1,1,1,100,100,12846,TRUE,TRUE,FALSE,TRUE,TRUE,TRUE,TRUE,"no_observed_zeros","ok","",""
"Qiita13631ASD","ASD Dan 2020",46,"fourfold","Veillonella",0.95,0.92,0.98,92,98,4931,TRUE,TRUE,FALSE,TRUE,TRUE,TRUE,TRUE,"structural_absence_boundary_at_zero","ok","",""
"Qiita13631ASD","ASD Dan 2020",47,"balanced","[Prevotella]",0.525,0.46,0.59,46,59,2012,TRUE,TRUE,TRUE,FALSE,TRUE,TRUE,TRUE,"ok","ok","",""
"Qiita13631ASD","ASD Dan 2020",47,"balanced","[Ruminococcus]",1,1,1,100,100,11772,TRUE,TRUE,FALSE,TRUE,TRUE,TRUE,TRUE,"no_observed_zeros","ok","",""
"Qiita13631ASD","ASD Dan 2020",47,"balanced","Akkermansia",0.79,0.83,0.75,83,75,3375,TRUE,TRUE,FALSE,TRUE,TRUE,TRUE,TRUE,"structural_absence_boundary_at_zero","ok","",""
"Qiita13631ASD","ASD Dan 2020",47,"balanced","Anaerostipes",0.96,0.95,0.97,95,97,2756,TRUE,TRUE,TRUE,FALSE,TRUE,TRUE,TRUE,"ok","ok","",""
"Qiita13631ASD","ASD Dan 2020",47,"balanced","Bacteroides",1,1,1,100,100,311384,TRUE,TRUE,FALSE,TRUE,TRUE,TRUE,TRUE,"no_observed_zeros","ok","",""
"Qiita13631ASD","ASD Dan 2020",47,"balanced","Bifidobacterium",0.995,1,0.99,100,99,8564,TRUE,TRUE,FALSE,TRUE,TRUE,TRUE,TRUE,"structural_absence_boundary_at_zero","ok","",""
"Qiita13631ASD","ASD Dan 2020",47,"balanced","Bilophila",0.965,0.96,0.97,96,97,1409,TRUE,TRUE,FALSE,TRUE,TRUE,TRUE,TRUE,"structural_absence_boundary_at_zero","ok","",""
"Qiita13631ASD","ASD Dan 2020",47,"balanced","Blautia",1,1,1,100,100,5975,TRUE,TRUE,FALSE,TRUE,TRUE,TRUE,TRUE,"no_observed_zeros","ok","",""
"Qiita13631ASD","ASD Dan 2020",47,"balanced","Clostridium",1,1,1,100,100,9451,TRUE,TRUE,FALSE,TRUE,TRUE,TRUE,TRUE,"no_observed_zeros","ok","",""
"Qiita13631ASD","ASD Dan 2020",47,"balanced","Collinsella",0.72,0.69,0.75,69,75,893,TRUE,TRUE,FALSE,TRUE,TRUE,TRUE,TRUE,"structural_absence_boundary_at_zero","ok","",""
"Qiita13631ASD","ASD Dan 2020",47,"balanced","Coprococcus",1,1,1,100,100,7154,TRUE,TRUE,FALSE,TRUE,TRUE,TRUE,TRUE,"no_observed_zeros","ok","",""
"Qiita13631ASD","ASD Dan 2020",47,"balanced","Dialister",1,1,1,100,100,23483,TRUE,TRUE,FALSE,TRUE,TRUE,TRUE,TRUE,"no_observed_zeros","ok","",""
"Qiita13631ASD","ASD Dan 2020",47,"balanced","Dorea",1,1,1,100,100,5398,TRUE,TRUE,FALSE,TRUE,TRUE,TRUE,TRUE,"no_observed_zeros","ok","",""
"Qiita13631ASD","ASD Dan 2020",47,"balanced","Faecalibacterium",1,1,1,100,100,75641,TRUE,TRUE,FALSE,TRUE,TRUE,TRUE,TRUE,"no_observed_zeros","ok","",""
"Qiita13631ASD","ASD Dan 2020",47,"balanced","Fusobacterium",0.54,0.49,0.59,49,59,2928,TRUE,TRUE,FALSE,TRUE,TRUE,TRUE,TRUE,"structural_absence_boundary_at_zero","ok","",""
"Qiita13631ASD","ASD Dan 2020",47,"balanced","Haemophilus",0.98,0.98,0.98,98,98,5174,TRUE,TRUE,FALSE,TRUE,TRUE,TRUE,TRUE,"structural_absence_boundary_at_zero","ok","",""
"Qiita13631ASD","ASD Dan 2020",47,"balanced","Lachnobacterium",0.725,0.72,0.73,72,73,1099,TRUE,TRUE,TRUE,FALSE,TRUE,TRUE,TRUE,"ok","ok","",""
"Qiita13631ASD","ASD Dan 2020",47,"balanced","Lachnospira",1,1,1,100,100,25736,TRUE,TRUE,FALSE,TRUE,TRUE,TRUE,TRUE,"no_observed_zeros","ok","",""
"Qiita13631ASD","ASD Dan 2020",47,"balanced","Megamonas",0.995,1,0.99,100,99,18653,TRUE,TRUE,FALSE,TRUE,TRUE,TRUE,TRUE,"structural_absence_boundary_at_zero","ok","",""
"Qiita13631ASD","ASD Dan 2020",47,"balanced","Megasphaera",0.895,0.94,0.85,94,85,3980,TRUE,TRUE,FALSE,TRUE,TRUE,TRUE,TRUE,"structural_absence_boundary_at_zero","ok","",""
"Qiita13631ASD","ASD Dan 2020",47,"balanced","Oscillospira",1,1,1,100,100,11348,TRUE,TRUE,FALSE,TRUE,TRUE,TRUE,TRUE,"no_observed_zeros","ok","",""
"Qiita13631ASD","ASD Dan 2020",47,"balanced","Parabacteroides",1,1,1,100,100,24811,TRUE,TRUE,FALSE,TRUE,TRUE,TRUE,TRUE,"no_observed_zeros","ok","",""
"Qiita13631ASD","ASD Dan 2020",47,"balanced","Paraprevotella",0.825,0.8,0.85,80,85,2321,TRUE,TRUE,TRUE,FALSE,TRUE,TRUE,TRUE,"ok","ok","",""
"Qiita13631ASD","ASD Dan 2020",47,"balanced","Phascolarctobacterium",1,1,1,100,100,9778,TRUE,TRUE,FALSE,TRUE,TRUE,TRUE,TRUE,"no_observed_zeros","ok","",""
"Qiita13631ASD","ASD Dan 2020",47,"balanced","Prevotella",1,1,1,100,100,55138,TRUE,TRUE,FALSE,TRUE,TRUE,TRUE,TRUE,"no_observed_zeros","ok","",""
"Qiita13631ASD","ASD Dan 2020",47,"balanced","Roseburia",1,1,1,100,100,12418,TRUE,TRUE,FALSE,TRUE,TRUE,TRUE,TRUE,"no_observed_zeros","ok","",""
"Qiita13631ASD","ASD Dan 2020",47,"balanced","Ruminococcus",1,1,1,100,100,27462,TRUE,TRUE,FALSE,TRUE,TRUE,TRUE,TRUE,"no_observed_zeros","ok","",""
"Qiita13631ASD","ASD Dan 2020",47,"balanced","Streptococcus",0.98,0.99,0.97,99,97,2599,TRUE,TRUE,FALSE,TRUE,TRUE,TRUE,TRUE,"structural_absence_boundary_at_zero","ok","",""
"Qiita13631ASD","ASD Dan 2020",47,"balanced","Sutterella",1,1,1,100,100,14326,TRUE,TRUE,FALSE,TRUE,TRUE,TRUE,TRUE,"no_observed_zeros","ok","",""
"Qiita13631ASD","ASD Dan 2020",47,"balanced","Veillonella",0.995,1,0.99,100,99,5714,TRUE,TRUE,FALSE,TRUE,TRUE,TRUE,TRUE,"structural_absence_boundary_at_zero","ok","",""
"Qiita13631ASD","ASD Dan 2020",47,"fourfold","[Prevotella]",0.505,0.39,0.62,39,62,1170,TRUE,TRUE,TRUE,FALSE,TRUE,TRUE,TRUE,"ok","ok","",""
"Qiita13631ASD","ASD Dan 2020",47,"fourfold","[Ruminococcus]",1,1,1,100,100,13379,TRUE,TRUE,FALSE,TRUE,TRUE,TRUE,TRUE,"no_observed_zeros","ok","",""
"Qiita13631ASD","ASD Dan 2020",47,"fourfold","Akkermansia",0.7,0.62,0.78,62,78,2293,TRUE,TRUE,FALSE,TRUE,TRUE,TRUE,TRUE,"structural_absence_boundary_at_zero","ok","",""
"Qiita13631ASD","ASD Dan 2020",47,"fourfold","Anaerostipes",0.93,0.88,0.98,88,98,2382,TRUE,TRUE,FALSE,TRUE,TRUE,TRUE,TRUE,"structural_absence_boundary_at_zero","ok","",""
"Qiita13631ASD","ASD Dan 2020",47,"fourfold","Bacteroides",1,1,1,100,100,290294,TRUE,TRUE,FALSE,TRUE,TRUE,TRUE,TRUE,"no_observed_zeros","ok","",""
"Qiita13631ASD","ASD Dan 2020",47,"fourfold","Bifidobacterium",0.93,0.87,0.99,87,99,7464,TRUE,TRUE,FALSE,TRUE,TRUE,TRUE,TRUE,"structural_absence_boundary_at_zero","ok","",""
"Qiita13631ASD","ASD Dan 2020",47,"fourfold","Bilophila",0.9,0.81,0.99,81,99,1457,TRUE,TRUE,FALSE,TRUE,TRUE,TRUE,TRUE,"structural_absence_boundary_at_zero","ok","",""
"Qiita13631ASD","ASD Dan 2020",47,"fourfold","Blautia",0.99,0.98,1,98,100,5503,TRUE,TRUE,FALSE,TRUE,TRUE,TRUE,TRUE,"structural_absence_boundary_at_zero","ok","",""
"Qiita13631ASD","ASD Dan 2020",47,"fourfold","Clostridium",0.995,0.99,1,99,100,8778,TRUE,TRUE,FALSE,TRUE,TRUE,TRUE,TRUE,"structural_absence_boundary_at_zero","ok","",""
"Qiita13631ASD","ASD Dan 2020",47,"fourfold","Collinsella",0.615,0.45,0.78,45,78,1249,TRUE,TRUE,FALSE,TRUE,TRUE,TRUE,TRUE,"structural_absence_boundary_at_zero","ok","",""
"Qiita13631ASD","ASD Dan 2020",47,"fourfold","Coprococcus",0.98,0.96,1,96,100,6600,TRUE,TRUE,FALSE,TRUE,TRUE,TRUE,TRUE,"structural_absence_boundary_at_zero","ok","",""
"Qiita13631ASD","ASD Dan 2020",47,"fourfold","Dialister",0.995,0.99,1,99,100,19762,TRUE,TRUE,FALSE,TRUE,TRUE,TRUE,TRUE,"structural_absence_boundary_at_zero","ok","",""
"Qiita13631ASD","ASD Dan 2020",47,"fourfold","Dorea",0.985,0.97,1,97,100,5584,TRUE,TRUE,FALSE,TRUE,TRUE,TRUE,TRUE,"structural_absence_boundary_at_zero","ok","",""
"Qiita13631ASD","ASD Dan 2020",47,"fourfold","Faecalibacterium",1,1,1,100,100,71782,TRUE,TRUE,FALSE,TRUE,TRUE,TRUE,TRUE,"no_observed_zeros","ok","",""
"Qiita13631ASD","ASD Dan 2020",47,"fourfold","Fusobacterium",0.47,0.36,0.58,36,58,1589,TRUE,TRUE,FALSE,TRUE,TRUE,TRUE,TRUE,"structural_absence_boundary_at_zero","ok","",""
"Qiita13631ASD","ASD Dan 2020",47,"fourfold","Haemophilus",0.905,0.86,0.95,86,95,5173,TRUE,TRUE,FALSE,TRUE,TRUE,TRUE,TRUE,"structural_absence_boundary_at_zero","ok","",""
"Qiita13631ASD","ASD Dan 2020",47,"fourfold","Lachnobacterium",0.645,0.54,0.75,54,75,962,TRUE,TRUE,TRUE,FALSE,TRUE,TRUE,TRUE,"ok","ok","",""
"Qiita13631ASD","ASD Dan 2020",47,"fourfold","Lachnospira",1,1,1,100,100,22237,TRUE,TRUE,FALSE,TRUE,TRUE,TRUE,TRUE,"no_observed_zeros","ok","",""
"Qiita13631ASD","ASD Dan 2020",47,"fourfold","Megamonas",0.975,0.95,1,95,100,15500,TRUE,TRUE,FALSE,TRUE,TRUE,TRUE,TRUE,"structural_absence_boundary_at_zero","ok","",""
"Qiita13631ASD","ASD Dan 2020",47,"fourfold","Megasphaera",0.83,0.76,0.9,76,90,2647,TRUE,TRUE,FALSE,TRUE,TRUE,TRUE,TRUE,"structural_absence_boundary_at_zero","ok","",""
"Qiita13631ASD","ASD Dan 2020",47,"fourfold","Oscillospira",1,1,1,100,100,9951,TRUE,TRUE,FALSE,TRUE,TRUE,TRUE,TRUE,"no_observed_zeros","ok","",""
"Qiita13631ASD","ASD Dan 2020",47,"fourfold","Parabacteroides",1,1,1,100,100,22025,TRUE,TRUE,FALSE,TRUE,TRUE,TRUE,TRUE,"no_observed_zeros","ok","",""
"Qiita13631ASD","ASD Dan 2020",47,"fourfold","Paraprevotella",0.785,0.68,0.89,68,89,2379,TRUE,TRUE,TRUE,FALSE,TRUE,TRUE,TRUE,"ok","ok","",""
"Qiita13631ASD","ASD Dan 2020",47,"fourfold","Phascolarctobacterium",0.99,0.98,1,98,100,9542,TRUE,TRUE,FALSE,TRUE,TRUE,TRUE,TRUE,"structural_absence_boundary_at_zero","ok","",""
"Qiita13631ASD","ASD Dan 2020",47,"fourfold","Prevotella",0.98,0.97,0.99,97,99,44256,TRUE,TRUE,TRUE,FALSE,TRUE,TRUE,TRUE,"ok","ok","",""
"Qiita13631ASD","ASD Dan 2020",47,"fourfold","Roseburia",0.995,0.99,1,99,100,12606,TRUE,TRUE,FALSE,TRUE,TRUE,TRUE,TRUE,"structural_absence_boundary_at_zero","ok","",""
"Qiita13631ASD","ASD Dan 2020",47,"fourfold","Ruminococcus",0.995,0.99,1,99,100,24491,TRUE,TRUE,TRUE,FALSE,TRUE,TRUE,TRUE,"ok","ok","",""
"Qiita13631ASD","ASD Dan 2020",47,"fourfold","Streptococcus",0.92,0.86,0.98,86,98,2410,TRUE,TRUE,FALSE,TRUE,TRUE,TRUE,TRUE,"structural_absence_boundary_at_zero","ok","",""
"Qiita13631ASD","ASD Dan 2020",47,"fourfold","Sutterella",0.995,0.99,1,99,100,12851,TRUE,TRUE,FALSE,TRUE,TRUE,TRUE,TRUE,"structural_absence_boundary_at_zero","ok","",""
"Qiita13631ASD","ASD Dan 2020",47,"fourfold","Veillonella",0.975,0.95,1,95,100,7884,TRUE,TRUE,FALSE,TRUE,TRUE,TRUE,TRUE,"structural_absence_boundary_at_zero","ok","",""
"Qiita13631ASD","ASD Dan 2020",48,"balanced","[Prevotella]",0.535,0.57,0.5,57,50,1349,TRUE,TRUE,TRUE,FALSE,TRUE,TRUE,TRUE,"ok","ok","",""
"Qiita13631ASD","ASD Dan 2020",48,"balanced","[Ruminococcus]",1,1,1,100,100,11432,TRUE,TRUE,FALSE,TRUE,TRUE,TRUE,TRUE,"no_observed_zeros","ok","",""
"Qiita13631ASD","ASD Dan 2020",48,"balanced","Akkermansia",0.795,0.79,0.8,79,80,4375,TRUE,TRUE,FALSE,TRUE,TRUE,TRUE,TRUE,"structural_absence_boundary_at_zero","ok","",""
"Qiita13631ASD","ASD Dan 2020",48,"balanced","Anaerostipes",0.975,0.98,0.97,98,97,2596,TRUE,TRUE,TRUE,FALSE,TRUE,TRUE,TRUE,"ok","ok","",""
"Qiita13631ASD","ASD Dan 2020",48,"balanced","Bacteroides",1,1,1,100,100,306238,TRUE,TRUE,FALSE,TRUE,TRUE,TRUE,TRUE,"no_observed_zeros","ok","",""
"Qiita13631ASD","ASD Dan 2020",48,"balanced","Bifidobacterium",0.96,0.98,0.94,98,94,8959,TRUE,TRUE,TRUE,FALSE,TRUE,TRUE,TRUE,"ok","ok","",""
"Qiita13631ASD","ASD Dan 2020",48,"balanced","Bilophila",0.97,0.98,0.96,98,96,1506,TRUE,TRUE,TRUE,FALSE,TRUE,TRUE,TRUE,"ok","ok","",""
"Qiita13631ASD","ASD Dan 2020",48,"balanced","Blautia",0.995,1,0.99,100,99,5308,TRUE,TRUE,TRUE,FALSE,TRUE,TRUE,TRUE,"ok","ok","",""
"Qiita13631ASD","ASD Dan 2020",48,"balanced","Clostridium",1,1,1,100,100,8538,TRUE,TRUE,FALSE,TRUE,TRUE,TRUE,TRUE,"no_observed_zeros","ok","",""
"Qiita13631ASD","ASD Dan 2020",48,"balanced","Collinsella",0.77,0.74,0.8,74,80,865,TRUE,TRUE,FALSE,TRUE,TRUE,TRUE,TRUE,"structural_absence_boundary_at_zero","ok","",""
"Qiita13631ASD","ASD Dan 2020",48,"balanced","Coprococcus",1,1,1,100,100,6458,TRUE,TRUE,FALSE,TRUE,TRUE,TRUE,TRUE,"no_observed_zeros","ok","",""
"Qiita13631ASD","ASD Dan 2020",48,"balanced","Dialister",1,1,1,100,100,21603,TRUE,TRUE,FALSE,TRUE,TRUE,TRUE,TRUE,"no_observed_zeros","ok","",""
"Qiita13631ASD","ASD Dan 2020",48,"balanced","Dorea",0.995,1,0.99,100,99,5200,TRUE,TRUE,TRUE,FALSE,TRUE,TRUE,TRUE,"ok","ok","",""
"Qiita13631ASD","ASD Dan 2020",48,"balanced","Faecalibacterium",1,1,1,100,100,74856,TRUE,TRUE,FALSE,TRUE,TRUE,TRUE,TRUE,"no_observed_zeros","ok","",""
"Qiita13631ASD","ASD Dan 2020",48,"balanced","Fusobacterium",0.565,0.53,0.6,53,60,1756,TRUE,TRUE,FALSE,TRUE,TRUE,TRUE,TRUE,"structural_absence_boundary_at_zero","ok","",""
"Qiita13631ASD","ASD Dan 2020",48,"balanced","Haemophilus",0.985,0.99,0.98,99,98,5487,TRUE,TRUE,FALSE,TRUE,TRUE,TRUE,TRUE,"structural_absence_boundary_at_zero","ok","",""
"Qiita13631ASD","ASD Dan 2020",48,"balanced","Lachnobacterium",0.725,0.73,0.72,73,72,1083,TRUE,TRUE,TRUE,FALSE,TRUE,TRUE,TRUE,"ok","ok","",""
"Qiita13631ASD","ASD Dan 2020",48,"balanced","Lachnospira",1,1,1,100,100,24620,TRUE,TRUE,FALSE,TRUE,TRUE,TRUE,TRUE,"no_observed_zeros","ok","",""
"Qiita13631ASD","ASD Dan 2020",48,"balanced","Megamonas",0.995,0.99,1,99,100,17708,TRUE,TRUE,FALSE,TRUE,TRUE,TRUE,TRUE,"structural_absence_boundary_at_zero","ok","",""
"Qiita13631ASD","ASD Dan 2020",48,"balanced","Megasphaera",0.875,0.89,0.86,89,86,3050,TRUE,TRUE,FALSE,TRUE,TRUE,TRUE,TRUE,"structural_absence_boundary_at_zero","ok","",""
"Qiita13631ASD","ASD Dan 2020",48,"balanced","Oscillospira",1,1,1,100,100,10800,TRUE,TRUE,FALSE,TRUE,TRUE,TRUE,TRUE,"no_observed_zeros","ok","",""
"Qiita13631ASD","ASD Dan 2020",48,"balanced","Parabacteroides",1,1,1,100,100,22943,TRUE,TRUE,FALSE,TRUE,TRUE,TRUE,TRUE,"no_observed_zeros","ok","",""
"Qiita13631ASD","ASD Dan 2020",48,"balanced","Paraprevotella",0.845,0.83,0.86,83,86,2333,TRUE,TRUE,FALSE,TRUE,TRUE,TRUE,TRUE,"structural_absence_boundary_at_zero","ok","",""
"Qiita13631ASD","ASD Dan 2020",48,"balanced","Phascolarctobacterium",1,1,1,100,100,10548,TRUE,TRUE,FALSE,TRUE,TRUE,TRUE,TRUE,"no_observed_zeros","ok","",""
"Qiita13631ASD","ASD Dan 2020",48,"balanced","Prevotella",1,1,1,100,100,51066,TRUE,TRUE,FALSE,TRUE,TRUE,TRUE,TRUE,"no_observed_zeros","ok","",""
"Qiita13631ASD","ASD Dan 2020",48,"balanced","Roseburia",1,1,1,100,100,12462,TRUE,TRUE,FALSE,TRUE,TRUE,TRUE,TRUE,"no_observed_zeros","ok","",""
"Qiita13631ASD","ASD Dan 2020",48,"balanced","Ruminococcus",1,1,1,100,100,26859,TRUE,TRUE,FALSE,TRUE,TRUE,TRUE,TRUE,"no_observed_zeros","ok","",""
"Qiita13631ASD","ASD Dan 2020",48,"balanced","Streptococcus",0.99,0.99,0.99,99,99,2571,TRUE,TRUE,FALSE,TRUE,TRUE,TRUE,TRUE,"structural_absence_boundary_at_zero","ok","",""
"Qiita13631ASD","ASD Dan 2020",48,"balanced","Sutterella",1,1,1,100,100,14037,TRUE,TRUE,FALSE,TRUE,TRUE,TRUE,TRUE,"no_observed_zeros","ok","",""
"Qiita13631ASD","ASD Dan 2020",48,"balanced","Veillonella",0.99,1,0.98,100,98,5828,TRUE,TRUE,FALSE,TRUE,TRUE,TRUE,TRUE,"structural_absence_boundary_at_zero","ok","",""
"Qiita13631ASD","ASD Dan 2020",48,"fourfold","[Prevotella]",0.47,0.38,0.56,38,56,1419,TRUE,TRUE,TRUE,FALSE,TRUE,TRUE,TRUE,"ok","ok","",""
"Qiita13631ASD","ASD Dan 2020",48,"fourfold","[Ruminococcus]",1,1,1,100,100,11773,TRUE,TRUE,FALSE,TRUE,TRUE,TRUE,TRUE,"no_observed_zeros","ok","",""
"Qiita13631ASD","ASD Dan 2020",48,"fourfold","Akkermansia",0.735,0.57,0.9,57,90,2678,TRUE,TRUE,FALSE,TRUE,TRUE,TRUE,TRUE,"structural_absence_boundary_at_zero","ok","",""
"Qiita13631ASD","ASD Dan 2020",48,"fourfold","Anaerostipes",0.925,0.88,0.97,88,97,2755,TRUE,TRUE,TRUE,FALSE,TRUE,TRUE,TRUE,"ok","ok","",""
"Qiita13631ASD","ASD Dan 2020",48,"fourfold","Bacteroides",1,1,1,100,100,297312,TRUE,TRUE,FALSE,TRUE,TRUE,TRUE,TRUE,"no_observed_zeros","ok","",""
"Qiita13631ASD","ASD Dan 2020",48,"fourfold","Bifidobacterium",0.93,0.87,0.99,87,99,7986,TRUE,TRUE,FALSE,TRUE,TRUE,TRUE,TRUE,"structural_absence_boundary_at_zero","ok","",""
"Qiita13631ASD","ASD Dan 2020",48,"fourfold","Bilophila",0.88,0.8,0.96,80,96,1515,TRUE,TRUE,TRUE,FALSE,TRUE,TRUE,TRUE,"ok","ok","",""
"Qiita13631ASD","ASD Dan 2020",48,"fourfold","Blautia",0.995,0.99,1,99,100,5610,TRUE,TRUE,TRUE,FALSE,TRUE,TRUE,TRUE,"ok","ok","",""
"Qiita13631ASD","ASD Dan 2020",48,"fourfold","Clostridium",0.99,0.98,1,98,100,9887,TRUE,TRUE,FALSE,TRUE,TRUE,TRUE,TRUE,"structural_absence_boundary_at_zero","ok","",""
"Qiita13631ASD","ASD Dan 2020",48,"fourfold","Collinsella",0.66,0.5,0.82,50,82,734,TRUE,TRUE,FALSE,TRUE,TRUE,TRUE,TRUE,"structural_absence_boundary_at_zero","ok","",""
"Qiita13631ASD","ASD Dan 2020",48,"fourfold","Coprococcus",0.995,0.99,1,99,100,6943,TRUE,TRUE,FALSE,TRUE,TRUE,TRUE,TRUE,"structural_absence_boundary_at_zero","ok","",""
"Qiita13631ASD","ASD Dan 2020",48,"fourfold","Dialister",0.99,0.98,1,98,100,19744,TRUE,TRUE,FALSE,TRUE,TRUE,TRUE,TRUE,"structural_absence_boundary_at_zero","ok","",""
"Qiita13631ASD","ASD Dan 2020",48,"fourfold","Dorea",0.98,0.96,1,96,100,5106,TRUE,TRUE,FALSE,TRUE,TRUE,TRUE,TRUE,"structural_absence_boundary_at_zero","ok","",""
"Qiita13631ASD","ASD Dan 2020",48,"fourfold","Faecalibacterium",1,1,1,100,100,72659,TRUE,TRUE,FALSE,TRUE,TRUE,TRUE,TRUE,"no_observed_zeros","ok","",""
"Qiita13631ASD","ASD Dan 2020",48,"fourfold","Fusobacterium",0.47,0.31,0.63,31,63,1847,TRUE,TRUE,FALSE,TRUE,TRUE,TRUE,TRUE,"structural_absence_boundary_at_zero","ok","",""
"Qiita13631ASD","ASD Dan 2020",48,"fourfold","Haemophilus",0.895,0.8,0.99,80,99,3837,TRUE,TRUE,FALSE,TRUE,TRUE,TRUE,TRUE,"structural_absence_boundary_at_zero","ok","",""
"Qiita13631ASD","ASD Dan 2020",48,"fourfold","Lachnobacterium",0.68,0.5,0.86,50,86,1223,TRUE,TRUE,TRUE,FALSE,TRUE,TRUE,TRUE,"ok","ok","",""
"Qiita13631ASD","ASD Dan 2020",48,"fourfold","Lachnospira",1,1,1,100,100,27302,TRUE,TRUE,FALSE,TRUE,TRUE,TRUE,TRUE,"no_observed_zeros","ok","",""
"Qiita13631ASD","ASD Dan 2020",48,"fourfold","Megamonas",0.96,0.93,0.99,93,99,16527,TRUE,TRUE,FALSE,TRUE,TRUE,TRUE,TRUE,"structural_absence_boundary_at_zero","ok","",""
"Qiita13631ASD","ASD Dan 2020",48,"fourfold","Megasphaera",0.795,0.72,0.87,72,87,2764,TRUE,TRUE,TRUE,FALSE,TRUE,TRUE,TRUE,"ok","ok","",""
"Qiita13631ASD","ASD Dan 2020",48,"fourfold","Oscillospira",1,1,1,100,100,10591,TRUE,TRUE,FALSE,TRUE,TRUE,TRUE,TRUE,"no_observed_zeros","ok","",""
"Qiita13631ASD","ASD Dan 2020",48,"fourfold","Parabacteroides",1,1,1,100,100,21650,TRUE,TRUE,FALSE,TRUE,TRUE,TRUE,TRUE,"no_observed_zeros","ok","",""
"Qiita13631ASD","ASD Dan 2020",48,"fourfold","Paraprevotella",0.76,0.63,0.89,63,89,1773,TRUE,TRUE,TRUE,FALSE,TRUE,TRUE,TRUE,"ok","ok","",""
"Qiita13631ASD","ASD Dan 2020",48,"fourfold","Phascolarctobacterium",0.965,0.95,0.98,95,98,12421,TRUE,TRUE,TRUE,FALSE,TRUE,TRUE,TRUE,"ok","ok","",""
"Qiita13631ASD","ASD Dan 2020",48,"fourfold","Prevotella",0.98,0.97,0.99,97,99,49391,TRUE,TRUE,FALSE,TRUE,TRUE,TRUE,TRUE,"structural_absence_boundary_at_zero","ok","",""
"Qiita13631ASD","ASD Dan 2020",48,"fourfold","Roseburia",1,1,1,100,100,12229,TRUE,TRUE,FALSE,TRUE,TRUE,TRUE,TRUE,"no_observed_zeros","ok","",""
"Qiita13631ASD","ASD Dan 2020",48,"fourfold","Ruminococcus",1,1,1,100,100,26705,TRUE,TRUE,FALSE,TRUE,TRUE,TRUE,TRUE,"no_observed_zeros","ok","",""
"Qiita13631ASD","ASD Dan 2020",48,"fourfold","Streptococcus",0.95,0.9,1,90,100,2721,TRUE,TRUE,FALSE,TRUE,TRUE,TRUE,TRUE,"structural_absence_boundary_at_zero","ok","",""
"Qiita13631ASD","ASD Dan 2020",48,"fourfold","Sutterella",1,1,1,100,100,14319,TRUE,TRUE,FALSE,TRUE,TRUE,TRUE,TRUE,"no_observed_zeros","ok","",""
"Qiita13631ASD","ASD Dan 2020",48,"fourfold","Veillonella",0.96,0.92,1,92,100,6550,TRUE,TRUE,FALSE,TRUE,TRUE,TRUE,TRUE,"structural_absence_boundary_at_zero","ok","",""
"Qiita13631ASD","ASD Dan 2020",49,"balanced","[Prevotella]",0.56,0.47,0.65,47,65,1579,TRUE,TRUE,TRUE,FALSE,TRUE,TRUE,TRUE,"ok","ok","",""
"Qiita13631ASD","ASD Dan 2020",49,"balanced","[Ruminococcus]",1,1,1,100,100,12218,TRUE,TRUE,FALSE,TRUE,TRUE,TRUE,TRUE,"no_observed_zeros","ok","",""
"Qiita13631ASD","ASD Dan 2020",49,"balanced","Akkermansia",0.78,0.77,0.79,77,79,3516,TRUE,TRUE,FALSE,TRUE,TRUE,TRUE,TRUE,"structural_absence_boundary_at_zero","ok","",""
"Qiita13631ASD","ASD Dan 2020",49,"balanced","Anaerostipes",0.985,0.99,0.98,99,98,2984,TRUE,TRUE,FALSE,TRUE,TRUE,TRUE,TRUE,"structural_absence_boundary_at_zero","ok","",""
"Qiita13631ASD","ASD Dan 2020",49,"balanced","Bacteroides",1,1,1,100,100,318327,TRUE,TRUE,FALSE,TRUE,TRUE,TRUE,TRUE,"no_observed_zeros","ok","",""
"Qiita13631ASD","ASD Dan 2020",49,"balanced","Bifidobacterium",0.965,0.96,0.97,96,97,8231,TRUE,TRUE,FALSE,TRUE,TRUE,TRUE,TRUE,"structural_absence_boundary_at_zero","ok","",""
"Qiita13631ASD","ASD Dan 2020",49,"balanced","Bilophila",0.975,0.97,0.98,97,98,1503,TRUE,TRUE,FALSE,TRUE,TRUE,TRUE,TRUE,"structural_absence_boundary_at_zero","ok","",""
"Qiita13631ASD","ASD Dan 2020",49,"balanced","Blautia",1,1,1,100,100,5668,TRUE,TRUE,FALSE,TRUE,TRUE,TRUE,TRUE,"no_observed_zeros","ok","",""
"Qiita13631ASD","ASD Dan 2020",49,"balanced","Clostridium",1,1,1,100,100,8515,TRUE,TRUE,FALSE,TRUE,TRUE,TRUE,TRUE,"no_observed_zeros","ok","",""
"Qiita13631ASD","ASD Dan 2020",49,"balanced","Collinsella",0.715,0.71,0.72,71,72,972,TRUE,TRUE,FALSE,TRUE,TRUE,TRUE,TRUE,"structural_absence_boundary_at_zero","ok","",""
"Qiita13631ASD","ASD Dan 2020",49,"balanced","Coprococcus",1,1,1,100,100,7092,TRUE,TRUE,FALSE,TRUE,TRUE,TRUE,TRUE,"no_observed_zeros","ok","",""
"Qiita13631ASD","ASD Dan 2020",49,"balanced","Dialister",1,1,1,100,100,24093,TRUE,TRUE,FALSE,TRUE,TRUE,TRUE,TRUE,"no_observed_zeros","ok","",""
"Qiita13631ASD","ASD Dan 2020",49,"balanced","Dorea",1,1,1,100,100,5400,TRUE,TRUE,FALSE,TRUE,TRUE,TRUE,TRUE,"no_observed_zeros","ok","",""
"Qiita13631ASD","ASD Dan 2020",49,"balanced","Faecalibacterium",1,1,1,100,100,75687,TRUE,TRUE,FALSE,TRUE,TRUE,TRUE,TRUE,"no_observed_zeros","ok","",""
"Qiita13631ASD","ASD Dan 2020",49,"balanced","Fusobacterium",0.515,0.52,0.51,52,51,1672,TRUE,TRUE,FALSE,TRUE,TRUE,TRUE,TRUE,"structural_absence_boundary_at_zero","ok","",""
"Qiita13631ASD","ASD Dan 2020",49,"balanced","Haemophilus",0.98,0.99,0.97,99,97,4672,TRUE,TRUE,FALSE,TRUE,TRUE,TRUE,TRUE,"structural_absence_boundary_at_zero","ok","",""
"Qiita13631ASD","ASD Dan 2020",49,"balanced","Lachnobacterium",0.7,0.74,0.66,74,66,1154,TRUE,TRUE,TRUE,FALSE,TRUE,TRUE,TRUE,"ok","ok","",""
"Qiita13631ASD","ASD Dan 2020",49,"balanced","Lachnospira",1,1,1,100,100,26748,TRUE,TRUE,FALSE,TRUE,TRUE,TRUE,TRUE,"no_observed_zeros","ok","",""
"Qiita13631ASD","ASD Dan 2020",49,"balanced","Megamonas",1,1,1,100,100,18654,TRUE,TRUE,FALSE,TRUE,TRUE,TRUE,TRUE,"no_observed_zeros","ok","",""
"Qiita13631ASD","ASD Dan 2020",49,"balanced","Megasphaera",0.875,0.88,0.87,88,87,3560,TRUE,TRUE,FALSE,TRUE,TRUE,TRUE,TRUE,"structural_absence_boundary_at_zero","ok","",""
"Qiita13631ASD","ASD Dan 2020",49,"balanced","Oscillospira",1,1,1,100,100,11208,TRUE,TRUE,FALSE,TRUE,TRUE,TRUE,TRUE,"no_observed_zeros","ok","",""
"Qiita13631ASD","ASD Dan 2020",49,"balanced","Parabacteroides",1,1,1,100,100,23394,TRUE,TRUE,FALSE,TRUE,TRUE,TRUE,TRUE,"no_observed_zeros","ok","",""
"Qiita13631ASD","ASD Dan 2020",49,"balanced","Paraprevotella",0.82,0.84,0.8,84,80,2440,TRUE,TRUE,TRUE,FALSE,TRUE,TRUE,TRUE,"ok","ok","",""
"Qiita13631ASD","ASD Dan 2020",49,"balanced","Phascolarctobacterium",0.995,0.99,1,99,100,9716,TRUE,TRUE,FALSE,TRUE,TRUE,TRUE,TRUE,"structural_absence_boundary_at_zero","ok","",""
"Qiita13631ASD","ASD Dan 2020",49,"balanced","Prevotella",0.995,0.99,1,99,100,53056,TRUE,TRUE,FALSE,TRUE,TRUE,TRUE,TRUE,"structural_absence_boundary_at_zero","ok","",""
"Qiita13631ASD","ASD Dan 2020",49,"balanced","Roseburia",1,1,1,100,100,14134,TRUE,TRUE,FALSE,TRUE,TRUE,TRUE,TRUE,"no_observed_zeros","ok","",""
"Qiita13631ASD","ASD Dan 2020",49,"balanced","Ruminococcus",1,1,1,100,100,28313,TRUE,TRUE,FALSE,TRUE,TRUE,TRUE,TRUE,"no_observed_zeros","ok","",""
"Qiita13631ASD","ASD Dan 2020",49,"balanced","Streptococcus",0.985,0.97,1,97,100,2736,TRUE,TRUE,FALSE,TRUE,TRUE,TRUE,TRUE,"structural_absence_boundary_at_zero","ok","",""
"Qiita13631ASD","ASD Dan 2020",49,"balanced","Sutterella",1,1,1,100,100,15144,TRUE,TRUE,FALSE,TRUE,TRUE,TRUE,TRUE,"no_observed_zeros","ok","",""
"Qiita13631ASD","ASD Dan 2020",49,"balanced","Veillonella",0.995,1,0.99,100,99,5748,TRUE,TRUE,FALSE,TRUE,TRUE,TRUE,TRUE,"structural_absence_boundary_at_zero","ok","",""
"Qiita13631ASD","ASD Dan 2020",49,"fourfold","[Prevotella]",0.46,0.28,0.64,28,64,1498,TRUE,TRUE,TRUE,FALSE,TRUE,TRUE,TRUE,"ok","ok","",""
"Qiita13631ASD","ASD Dan 2020",49,"fourfold","[Ruminococcus]",1,1,1,100,100,10290,TRUE,TRUE,FALSE,TRUE,TRUE,TRUE,TRUE,"no_observed_zeros","ok","",""
"Qiita13631ASD","ASD Dan 2020",49,"fourfold","Akkermansia",0.725,0.62,0.83,62,83,2366,TRUE,TRUE,FALSE,TRUE,TRUE,TRUE,TRUE,"structural_absence_boundary_at_zero","ok","",""
"Qiita13631ASD","ASD Dan 2020",49,"fourfold","Anaerostipes",0.93,0.88,0.98,88,98,2544,TRUE,TRUE,TRUE,FALSE,TRUE,TRUE,TRUE,"ok","ok","",""
"Qiita13631ASD","ASD Dan 2020",49,"fourfold","Bacteroides",1,1,1,100,100,292251,TRUE,TRUE,FALSE,TRUE,TRUE,TRUE,TRUE,"no_observed_zeros","ok","",""
"Qiita13631ASD","ASD Dan 2020",49,"fourfold","Bifidobacterium",0.92,0.87,0.97,87,97,8505,TRUE,TRUE,FALSE,TRUE,TRUE,TRUE,TRUE,"structural_absence_boundary_at_zero","ok","",""
"Qiita13631ASD","ASD Dan 2020",49,"fourfold","Bilophila",0.91,0.82,1,82,100,1539,TRUE,TRUE,FALSE,TRUE,TRUE,TRUE,TRUE,"structural_absence_boundary_at_zero","ok","",""
"Qiita13631ASD","ASD Dan 2020",49,"fourfold","Blautia",0.99,0.98,1,98,100,5263,TRUE,TRUE,TRUE,FALSE,TRUE,TRUE,TRUE,"ok","ok","",""
"Qiita13631ASD","ASD Dan 2020",49,"fourfold","Clostridium",1,1,1,100,100,7740,TRUE,TRUE,FALSE,TRUE,TRUE,TRUE,TRUE,"no_observed_zeros","ok","",""
"Qiita13631ASD","ASD Dan 2020",49,"fourfold","Collinsella",0.59,0.41,0.77,41,77,822,TRUE,TRUE,TRUE,FALSE,TRUE,TRUE,TRUE,"ok","ok","",""
"Qiita13631ASD","ASD Dan 2020",49,"fourfold","Coprococcus",0.99,0.98,1,98,100,6429,TRUE,TRUE,FALSE,TRUE,TRUE,TRUE,TRUE,"structural_absence_boundary_at_zero","ok","",""
"Qiita13631ASD","ASD Dan 2020",49,"fourfold","Dialister",0.985,0.97,1,97,100,18739,TRUE,TRUE,TRUE,FALSE,TRUE,TRUE,TRUE,"ok","ok","",""
"Qiita13631ASD","ASD Dan 2020",49,"fourfold","Dorea",0.995,0.99,1,99,100,5086,TRUE,TRUE,FALSE,TRUE,TRUE,TRUE,TRUE,"structural_absence_boundary_at_zero","ok","",""
"Qiita13631ASD","ASD Dan 2020",49,"fourfold","Faecalibacterium",1,1,1,100,100,69984,TRUE,TRUE,FALSE,TRUE,TRUE,TRUE,TRUE,"no_observed_zeros","ok","",""
"Qiita13631ASD","ASD Dan 2020",49,"fourfold","Fusobacterium",0.47,0.31,0.63,31,63,1559,TRUE,TRUE,FALSE,TRUE,TRUE,TRUE,TRUE,"structural_absence_boundary_at_zero","ok","",""
"Qiita13631ASD","ASD Dan 2020",49,"fourfold","Haemophilus",0.91,0.85,0.97,85,97,4795,TRUE,TRUE,FALSE,TRUE,TRUE,TRUE,TRUE,"structural_absence_boundary_at_zero","ok","",""
"Qiita13631ASD","ASD Dan 2020",49,"fourfold","Lachnobacterium",0.68,0.52,0.84,52,84,1293,TRUE,TRUE,FALSE,TRUE,TRUE,TRUE,TRUE,"structural_absence_boundary_at_zero","ok","",""
"Qiita13631ASD","ASD Dan 2020",49,"fourfold","Lachnospira",1,1,1,100,100,24223,TRUE,TRUE,FALSE,TRUE,TRUE,TRUE,TRUE,"no_observed_zeros","ok","",""
"Qiita13631ASD","ASD Dan 2020",49,"fourfold","Megamonas",0.98,0.96,1,96,100,16545,TRUE,TRUE,FALSE,TRUE,TRUE,TRUE,TRUE,"structural_absence_boundary_at_zero","ok","",""
"Qiita13631ASD","ASD Dan 2020",49,"fourfold","Megasphaera",0.82,0.76,0.88,76,88,3598,TRUE,TRUE,FALSE,TRUE,TRUE,TRUE,TRUE,"structural_absence_boundary_at_zero","ok","",""
"Qiita13631ASD","ASD Dan 2020",49,"fourfold","Oscillospira",1,1,1,100,100,11105,TRUE,TRUE,FALSE,TRUE,TRUE,TRUE,TRUE,"no_observed_zeros","ok","",""
"Qiita13631ASD","ASD Dan 2020",49,"fourfold","Parabacteroides",1,1,1,100,100,23999,TRUE,TRUE,FALSE,TRUE,TRUE,TRUE,TRUE,"no_observed_zeros","ok","",""
"Qiita13631ASD","ASD Dan 2020",49,"fourfold","Paraprevotella",0.78,0.68,0.88,68,88,1920,TRUE,TRUE,TRUE,FALSE,TRUE,TRUE,TRUE,"ok","ok","",""
"Qiita13631ASD","ASD Dan 2020",49,"fourfold","Phascolarctobacterium",0.985,0.98,0.99,98,99,9944,TRUE,TRUE,TRUE,FALSE,TRUE,TRUE,TRUE,"ok","ok","",""
"Qiita13631ASD","ASD Dan 2020",49,"fourfold","Prevotella",0.975,0.95,1,95,100,55311,TRUE,TRUE,FALSE,TRUE,TRUE,TRUE,TRUE,"structural_absence_boundary_at_zero","ok","",""
"Qiita13631ASD","ASD Dan 2020",49,"fourfold","Roseburia",0.995,0.99,1,99,100,11574,TRUE,TRUE,FALSE,TRUE,TRUE,TRUE,TRUE,"structural_absence_boundary_at_zero","ok","",""
"Qiita13631ASD","ASD Dan 2020",49,"fourfold","Ruminococcus",1,1,1,100,100,25270,TRUE,TRUE,FALSE,TRUE,TRUE,TRUE,TRUE,"no_observed_zeros","ok","",""
"Qiita13631ASD","ASD Dan 2020",49,"fourfold","Streptococcus",0.945,0.9,0.99,90,99,2508,TRUE,TRUE,FALSE,TRUE,TRUE,TRUE,TRUE,"structural_absence_boundary_at_zero","ok","",""
"Qiita13631ASD","ASD Dan 2020",49,"fourfold","Sutterella",1,1,1,100,100,13761,TRUE,TRUE,FALSE,TRUE,TRUE,TRUE,TRUE,"no_observed_zeros","ok","",""
"Qiita13631ASD","ASD Dan 2020",49,"fourfold","Veillonella",0.975,0.95,1,95,100,5707,TRUE,TRUE,FALSE,TRUE,TRUE,TRUE,TRUE,"structural_absence_boundary_at_zero","ok","",""
"Qiita13631ASD","ASD Dan 2020",50,"balanced","[Prevotella]",0.51,0.57,0.45,57,45,1286,TRUE,TRUE,TRUE,FALSE,TRUE,TRUE,TRUE,"ok","ok","",""
"Qiita13631ASD","ASD Dan 2020",50,"balanced","[Ruminococcus]",1,1,1,100,100,11224,TRUE,TRUE,FALSE,TRUE,TRUE,TRUE,TRUE,"no_observed_zeros","ok","",""
"Qiita13631ASD","ASD Dan 2020",50,"balanced","Akkermansia",0.775,0.83,0.72,83,72,4046,TRUE,TRUE,FALSE,TRUE,TRUE,TRUE,TRUE,"structural_absence_boundary_at_zero","ok","",""
"Qiita13631ASD","ASD Dan 2020",50,"balanced","Anaerostipes",0.965,0.98,0.95,98,95,2749,TRUE,TRUE,TRUE,FALSE,TRUE,TRUE,TRUE,"ok","ok","",""
"Qiita13631ASD","ASD Dan 2020",50,"balanced","Bacteroides",1,1,1,100,100,296453,TRUE,TRUE,FALSE,TRUE,TRUE,TRUE,TRUE,"no_observed_zeros","ok","",""
"Qiita13631ASD","ASD Dan 2020",50,"balanced","Bifidobacterium",0.945,0.96,0.93,96,93,9632,TRUE,TRUE,FALSE,TRUE,TRUE,TRUE,TRUE,"structural_absence_boundary_at_zero","ok","",""
"Qiita13631ASD","ASD Dan 2020",50,"balanced","Bilophila",0.955,0.96,0.95,96,95,1504,TRUE,TRUE,TRUE,FALSE,TRUE,TRUE,TRUE,"ok","ok","",""
"Qiita13631ASD","ASD Dan 2020",50,"balanced","Blautia",1,1,1,100,100,5586,TRUE,TRUE,FALSE,TRUE,TRUE,TRUE,TRUE,"no_observed_zeros","ok","",""
"Qiita13631ASD","ASD Dan 2020",50,"balanced","Clostridium",1,1,1,100,100,8909,TRUE,TRUE,FALSE,TRUE,TRUE,TRUE,TRUE,"no_observed_zeros","ok","",""
"Qiita13631ASD","ASD Dan 2020",50,"balanced","Collinsella",0.705,0.71,0.7,71,70,806,TRUE,TRUE,FALSE,TRUE,TRUE,TRUE,TRUE,"structural_absence_boundary_at_zero","ok","",""
"Qiita13631ASD","ASD Dan 2020",50,"balanced","Coprococcus",1,1,1,100,100,6998,TRUE,TRUE,FALSE,TRUE,TRUE,TRUE,TRUE,"no_observed_zeros","ok","",""
"Qiita13631ASD","ASD Dan 2020",50,"balanced","Dialister",1,1,1,100,100,21767,TRUE,TRUE,FALSE,TRUE,TRUE,TRUE,TRUE,"no_observed_zeros","ok","",""
"Qiita13631ASD","ASD Dan 2020",50,"balanced","Dorea",0.995,1,0.99,100,99,4947,TRUE,TRUE,TRUE,FALSE,TRUE,TRUE,TRUE,"ok","ok","",""
"Qiita13631ASD","ASD Dan 2020",50,"balanced","Faecalibacterium",1,1,1,100,100,75010,TRUE,TRUE,FALSE,TRUE,TRUE,TRUE,TRUE,"no_observed_zeros","ok","",""
"Qiita13631ASD","ASD Dan 2020",50,"balanced","Fusobacterium",0.465,0.46,0.47,46,47,1760,TRUE,TRUE,TRUE,FALSE,TRUE,TRUE,TRUE,"ok","ok","",""
"Qiita13631ASD","ASD Dan 2020",50,"balanced","Haemophilus",0.98,0.98,0.98,98,98,4543,TRUE,TRUE,FALSE,TRUE,TRUE,TRUE,TRUE,"structural_absence_boundary_at_zero","ok","",""
"Qiita13631ASD","ASD Dan 2020",50,"balanced","Lachnobacterium",0.675,0.66,0.69,66,69,1125,TRUE,TRUE,TRUE,FALSE,TRUE,TRUE,TRUE,"ok","ok","",""
"Qiita13631ASD","ASD Dan 2020",50,"balanced","Lachnospira",1,1,1,100,100,23492,TRUE,TRUE,FALSE,TRUE,TRUE,TRUE,TRUE,"no_observed_zeros","ok","",""
"Qiita13631ASD","ASD Dan 2020",50,"balanced","Megamonas",0.995,0.99,1,99,100,17854,TRUE,TRUE,FALSE,TRUE,TRUE,TRUE,TRUE,"structural_absence_boundary_at_zero","ok","",""
"Qiita13631ASD","ASD Dan 2020",50,"balanced","Megasphaera",0.875,0.9,0.85,90,85,2991,TRUE,TRUE,TRUE,FALSE,TRUE,TRUE,TRUE,"ok","ok","",""
"Qiita13631ASD","ASD Dan 2020",50,"balanced","Oscillospira",1,1,1,100,100,10871,TRUE,TRUE,FALSE,TRUE,TRUE,TRUE,TRUE,"no_observed_zeros","ok","",""
"Qiita13631ASD","ASD Dan 2020",50,"balanced","Parabacteroides",1,1,1,100,100,22325,TRUE,TRUE,FALSE,TRUE,TRUE,TRUE,TRUE,"no_observed_zeros","ok","",""
"Qiita13631ASD","ASD Dan 2020",50,"balanced","Paraprevotella",0.815,0.83,0.8,83,80,2197,TRUE,TRUE,TRUE,FALSE,TRUE,TRUE,TRUE,"ok","ok","",""
"Qiita13631ASD","ASD Dan 2020",50,"balanced","Phascolarctobacterium",0.99,0.99,0.99,99,99,11528,TRUE,TRUE,FALSE,TRUE,TRUE,TRUE,TRUE,"structural_absence_boundary_at_zero","ok","",""
"Qiita13631ASD","ASD Dan 2020",50,"balanced","Prevotella",1,1,1,100,100,50141,TRUE,TRUE,FALSE,TRUE,TRUE,TRUE,TRUE,"no_observed_zeros","ok","",""
"Qiita13631ASD","ASD Dan 2020",50,"balanced","Roseburia",1,1,1,100,100,12513,TRUE,TRUE,FALSE,TRUE,TRUE,TRUE,TRUE,"no_observed_zeros","ok","",""
"Qiita13631ASD","ASD Dan 2020",50,"balanced","Ruminococcus",1,1,1,100,100,26305,TRUE,TRUE,FALSE,TRUE,TRUE,TRUE,TRUE,"no_observed_zeros","ok","",""
"Qiita13631ASD","ASD Dan 2020",50,"balanced","Streptococcus",0.98,0.97,0.99,97,99,2403,TRUE,TRUE,FALSE,TRUE,TRUE,TRUE,TRUE,"structural_absence_boundary_at_zero","ok","",""
"Qiita13631ASD","ASD Dan 2020",50,"balanced","Sutterella",1,1,1,100,100,14054,TRUE,TRUE,FALSE,TRUE,TRUE,TRUE,TRUE,"no_observed_zeros","ok","",""
"Qiita13631ASD","ASD Dan 2020",50,"balanced","Veillonella",0.98,0.97,0.99,97,99,5441,TRUE,TRUE,FALSE,TRUE,TRUE,TRUE,TRUE,"structural_absence_boundary_at_zero","ok","",""
"Qiita13631ASD","ASD Dan 2020",50,"fourfold","[Prevotella]",0.47,0.43,0.51,43,51,1147,TRUE,TRUE,TRUE,FALSE,TRUE,TRUE,TRUE,"ok","ok","",""
"Qiita13631ASD","ASD Dan 2020",50,"fourfold","[Ruminococcus]",1,1,1,100,100,10864,TRUE,TRUE,FALSE,TRUE,TRUE,TRUE,TRUE,"no_observed_zeros","ok","",""
"Qiita13631ASD","ASD Dan 2020",50,"fourfold","Akkermansia",0.67,0.54,0.8,54,80,4880,TRUE,TRUE,FALSE,TRUE,TRUE,TRUE,TRUE,"structural_absence_boundary_at_zero","ok","",""
"Qiita13631ASD","ASD Dan 2020",50,"fourfold","Anaerostipes",0.95,0.91,0.99,91,99,2429,TRUE,TRUE,TRUE,FALSE,TRUE,TRUE,TRUE,"ok","ok","",""
"Qiita13631ASD","ASD Dan 2020",50,"fourfold","Bacteroides",1,1,1,100,100,298991,TRUE,TRUE,FALSE,TRUE,TRUE,TRUE,TRUE,"no_observed_zeros","ok","",""
"Qiita13631ASD","ASD Dan 2020",50,"fourfold","Bifidobacterium",0.97,0.95,0.99,95,99,7882,TRUE,TRUE,FALSE,TRUE,TRUE,TRUE,TRUE,"structural_absence_boundary_at_zero","ok","",""
"Qiita13631ASD","ASD Dan 2020",50,"fourfold","Bilophila",0.9,0.81,0.99,81,99,1521,TRUE,TRUE,FALSE,TRUE,TRUE,TRUE,TRUE,"structural_absence_boundary_at_zero","ok","",""
"Qiita13631ASD","ASD Dan 2020",50,"fourfold","Blautia",0.985,0.97,1,97,100,5427,TRUE,TRUE,FALSE,TRUE,TRUE,TRUE,TRUE,"structural_absence_boundary_at_zero","ok","",""
"Qiita13631ASD","ASD Dan 2020",50,"fourfold","Clostridium",0.995,0.99,1,99,100,11032,TRUE,TRUE,FALSE,TRUE,TRUE,TRUE,TRUE,"structural_absence_boundary_at_zero","ok","",""
"Qiita13631ASD","ASD Dan 2020",50,"fourfold","Collinsella",0.7,0.6,0.8,60,80,838,TRUE,TRUE,FALSE,TRUE,TRUE,TRUE,TRUE,"structural_absence_boundary_at_zero","ok","",""
"Qiita13631ASD","ASD Dan 2020",50,"fourfold","Coprococcus",0.985,0.98,0.99,98,99,6809,TRUE,TRUE,TRUE,FALSE,TRUE,TRUE,TRUE,"ok","ok","",""
"Qiita13631ASD","ASD Dan 2020",50,"fourfold","Dialister",0.995,0.99,1,99,100,19452,TRUE,TRUE,FALSE,TRUE,TRUE,TRUE,TRUE,"structural_absence_boundary_at_zero","ok","",""
"Qiita13631ASD","ASD Dan 2020",50,"fourfold","Dorea",0.99,0.99,0.99,99,99,4974,TRUE,TRUE,TRUE,FALSE,TRUE,TRUE,TRUE,"ok","ok","",""
"Qiita13631ASD","ASD Dan 2020",50,"fourfold","Faecalibacterium",1,1,1,100,100,70496,TRUE,TRUE,FALSE,TRUE,TRUE,TRUE,TRUE,"no_observed_zeros","ok","",""
"Qiita13631ASD","ASD Dan 2020",50,"fourfold","Fusobacterium",0.445,0.34,0.55,34,55,1142,TRUE,TRUE,TRUE,FALSE,TRUE,TRUE,TRUE,"ok","ok","",""
"Qiita13631ASD","ASD Dan 2020",50,"fourfold","Haemophilus",0.88,0.78,0.98,78,98,4442,TRUE,TRUE,FALSE,TRUE,TRUE,TRUE,TRUE,"structural_absence_boundary_at_zero","ok","",""
"Qiita13631ASD","ASD Dan 2020",50,"fourfold","Lachnobacterium",0.69,0.56,0.82,56,82,1145,TRUE,TRUE,TRUE,FALSE,TRUE,TRUE,TRUE,"ok","ok","",""
"Qiita13631ASD","ASD Dan 2020",50,"fourfold","Lachnospira",0.995,0.99,1,99,100,24048,TRUE,TRUE,TRUE,FALSE,TRUE,TRUE,TRUE,"ok","ok","",""
"Qiita13631ASD","ASD Dan 2020",50,"fourfold","Megamonas",0.96,0.92,1,92,100,17115,TRUE,TRUE,FALSE,TRUE,TRUE,TRUE,TRUE,"structural_absence_boundary_at_zero","ok","",""
"Qiita13631ASD","ASD Dan 2020",50,"fourfold","Megasphaera",0.76,0.63,0.89,63,89,2426,TRUE,TRUE,TRUE,FALSE,TRUE,TRUE,TRUE,"ok","ok","",""
"Qiita13631ASD","ASD Dan 2020",50,"fourfold","Oscillospira",1,1,1,100,100,10806,TRUE,TRUE,FALSE,TRUE,TRUE,TRUE,TRUE,"no_observed_zeros","ok","",""
"Qiita13631ASD","ASD Dan 2020",50,"fourfold","Parabacteroides",1,1,1,100,100,22605,TRUE,TRUE,FALSE,TRUE,TRUE,TRUE,TRUE,"no_observed_zeros","ok","",""
"Qiita13631ASD","ASD Dan 2020",50,"fourfold","Paraprevotella",0.805,0.71,0.9,71,90,1961,TRUE,TRUE,FALSE,TRUE,TRUE,TRUE,TRUE,"structural_absence_boundary_at_zero","ok","",""
"Qiita13631ASD","ASD Dan 2020",50,"fourfold","Phascolarctobacterium",0.97,0.94,1,94,100,11888,TRUE,TRUE,FALSE,TRUE,TRUE,TRUE,TRUE,"structural_absence_boundary_at_zero","ok","",""
"Qiita13631ASD","ASD Dan 2020",50,"fourfold","Prevotella",0.975,0.95,1,95,100,54215,TRUE,TRUE,FALSE,TRUE,TRUE,TRUE,TRUE,"structural_absence_boundary_at_zero","ok","",""
"Qiita13631ASD","ASD Dan 2020",50,"fourfold","Roseburia",0.995,0.99,1,99,100,12025,TRUE,TRUE,FALSE,TRUE,TRUE,TRUE,TRUE,"structural_absence_boundary_at_zero","ok","",""
"Qiita13631ASD","ASD Dan 2020",50,"fourfold","Ruminococcus",1,1,1,100,100,25658,TRUE,TRUE,FALSE,TRUE,TRUE,TRUE,TRUE,"no_observed_zeros","ok","",""
"Qiita13631ASD","ASD Dan 2020",50,"fourfold","Streptococcus",0.93,0.86,1,86,100,2371,TRUE,TRUE,FALSE,TRUE,TRUE,TRUE,TRUE,"structural_absence_boundary_at_zero","ok","",""
"Qiita13631ASD","ASD Dan 2020",50,"fourfold","Sutterella",1,1,1,100,100,15339,TRUE,TRUE,FALSE,TRUE,TRUE,TRUE,TRUE,"no_observed_zeros","ok","",""
"Qiita13631ASD","ASD Dan 2020",50,"fourfold","Veillonella",0.975,0.95,1,95,100,5304,TRUE,TRUE,FALSE,TRUE,TRUE,TRUE,TRUE,"structural_absence_boundary_at_zero","ok","",""
"Qiita13631ASD","ASD Dan 2020",51,"balanced","[Prevotella]",0.53,0.57,0.49,57,49,1209,TRUE,TRUE,TRUE,FALSE,TRUE,TRUE,TRUE,"ok","ok","",""
"Qiita13631ASD","ASD Dan 2020",51,"balanced","[Ruminococcus]",1,1,1,100,100,11516,TRUE,TRUE,FALSE,TRUE,TRUE,TRUE,TRUE,"no_observed_zeros","ok","",""
"Qiita13631ASD","ASD Dan 2020",51,"balanced","Akkermansia",0.755,0.72,0.79,72,79,3847,TRUE,TRUE,FALSE,TRUE,TRUE,TRUE,TRUE,"structural_absence_boundary_at_zero","ok","",""
"Qiita13631ASD","ASD Dan 2020",51,"balanced","Anaerostipes",0.99,0.99,0.99,99,99,2491,TRUE,TRUE,FALSE,TRUE,TRUE,TRUE,TRUE,"structural_absence_boundary_at_zero","ok","",""
"Qiita13631ASD","ASD Dan 2020",51,"balanced","Bacteroides",1,1,1,100,100,293306,TRUE,TRUE,FALSE,TRUE,TRUE,TRUE,TRUE,"no_observed_zeros","ok","",""
"Qiita13631ASD","ASD Dan 2020",51,"balanced","Bifidobacterium",0.975,0.96,0.99,96,99,8351,TRUE,TRUE,FALSE,TRUE,TRUE,TRUE,TRUE,"structural_absence_boundary_at_zero","ok","",""
"Qiita13631ASD","ASD Dan 2020",51,"balanced","Bilophila",0.94,0.92,0.96,92,96,1455,TRUE,TRUE,TRUE,FALSE,TRUE,TRUE,TRUE,"ok","ok","",""
"Qiita13631ASD","ASD Dan 2020",51,"balanced","Blautia",1,1,1,100,100,5313,TRUE,TRUE,FALSE,TRUE,TRUE,TRUE,TRUE,"no_observed_zeros","ok","",""
"Qiita13631ASD","ASD Dan 2020",51,"balanced","Clostridium",1,1,1,100,100,8827,TRUE,TRUE,FALSE,TRUE,TRUE,TRUE,TRUE,"no_observed_zeros","ok","",""
"Qiita13631ASD","ASD Dan 2020",51,"balanced","Collinsella",0.69,0.61,0.77,61,77,867,TRUE,TRUE,FALSE,TRUE,TRUE,TRUE,TRUE,"structural_absence_boundary_at_zero","ok","",""
"Qiita13631ASD","ASD Dan 2020",51,"balanced","Coprococcus",1,1,1,100,100,6718,TRUE,TRUE,FALSE,TRUE,TRUE,TRUE,TRUE,"no_observed_zeros","ok","",""
"Qiita13631ASD","ASD Dan 2020",51,"balanced","Dialister",0.995,0.99,1,99,100,20457,TRUE,TRUE,FALSE,TRUE,TRUE,TRUE,TRUE,"structural_absence_boundary_at_zero","ok","",""
"Qiita13631ASD","ASD Dan 2020",51,"balanced","Dorea",1,1,1,100,100,4892,TRUE,TRUE,FALSE,TRUE,TRUE,TRUE,TRUE,"no_observed_zeros","ok","",""
"Qiita13631ASD","ASD Dan 2020",51,"balanced","Faecalibacterium",1,1,1,100,100,74968,TRUE,TRUE,FALSE,TRUE,TRUE,TRUE,TRUE,"no_observed_zeros","ok","",""
"Qiita13631ASD","ASD Dan 2020",51,"balanced","Fusobacterium",0.555,0.55,0.56,55,56,1810,TRUE,TRUE,FALSE,TRUE,TRUE,TRUE,TRUE,"structural_absence_boundary_at_zero","ok","",""
"Qiita13631ASD","ASD Dan 2020",51,"balanced","Haemophilus",0.95,0.93,0.97,93,97,6077,TRUE,TRUE,FALSE,TRUE,TRUE,TRUE,TRUE,"structural_absence_boundary_at_zero","ok","",""
"Qiita13631ASD","ASD Dan 2020",51,"balanced","Lachnobacterium",0.69,0.62,0.76,62,76,1113,TRUE,TRUE,TRUE,FALSE,TRUE,TRUE,TRUE,"ok","ok","",""
"Qiita13631ASD","ASD Dan 2020",51,"balanced","Lachnospira",1,1,1,100,100,23561,TRUE,TRUE,FALSE,TRUE,TRUE,TRUE,TRUE,"no_observed_zeros","ok","",""
"Qiita13631ASD","ASD Dan 2020",51,"balanced","Megamonas",0.995,1,0.99,100,99,16653,TRUE,TRUE,FALSE,TRUE,TRUE,TRUE,TRUE,"structural_absence_boundary_at_zero","ok","",""
"Qiita13631ASD","ASD Dan 2020",51,"balanced","Megasphaera",0.87,0.85,0.89,85,89,3173,TRUE,TRUE,FALSE,TRUE,TRUE,TRUE,TRUE,"structural_absence_boundary_at_zero","ok","",""
"Qiita13631ASD","ASD Dan 2020",51,"balanced","Oscillospira",1,1,1,100,100,10288,TRUE,TRUE,FALSE,TRUE,TRUE,TRUE,TRUE,"no_observed_zeros","ok","",""
"Qiita13631ASD","ASD Dan 2020",51,"balanced","Parabacteroides",1,1,1,100,100,22644,TRUE,TRUE,FALSE,TRUE,TRUE,TRUE,TRUE,"no_observed_zeros","ok","",""
"Qiita13631ASD","ASD Dan 2020",51,"balanced","Paraprevotella",0.785,0.78,0.79,78,79,1961,TRUE,TRUE,TRUE,FALSE,TRUE,TRUE,TRUE,"ok","ok","",""
"Qiita13631ASD","ASD Dan 2020",51,"balanced","Phascolarctobacterium",1,1,1,100,100,9987,TRUE,TRUE,FALSE,TRUE,TRUE,TRUE,TRUE,"no_observed_zeros","ok","",""
"Qiita13631ASD","ASD Dan 2020",51,"balanced","Prevotella",0.995,1,0.99,100,99,49016,TRUE,TRUE,TRUE,FALSE,TRUE,TRUE,TRUE,"ok","ok","",""
"Qiita13631ASD","ASD Dan 2020",51,"balanced","Roseburia",1,1,1,100,100,12304,TRUE,TRUE,FALSE,TRUE,TRUE,TRUE,TRUE,"no_observed_zeros","ok","",""
"Qiita13631ASD","ASD Dan 2020",51,"balanced","Ruminococcus",1,1,1,100,100,25067,TRUE,TRUE,FALSE,TRUE,TRUE,TRUE,TRUE,"no_observed_zeros","ok","",""
"Qiita13631ASD","ASD Dan 2020",51,"balanced","Streptococcus",0.975,0.98,0.97,98,97,2483,TRUE,TRUE,FALSE,TRUE,TRUE,TRUE,TRUE,"structural_absence_boundary_at_zero","ok","",""
"Qiita13631ASD","ASD Dan 2020",51,"balanced","Sutterella",1,1,1,100,100,13288,TRUE,TRUE,FALSE,TRUE,TRUE,TRUE,TRUE,"no_observed_zeros","ok","",""
"Qiita13631ASD","ASD Dan 2020",51,"balanced","Veillonella",0.975,0.96,0.99,96,99,5976,TRUE,TRUE,FALSE,TRUE,TRUE,TRUE,TRUE,"structural_absence_boundary_at_zero","ok","",""
"Qiita13631ASD","ASD Dan 2020",51,"fourfold","[Prevotella]",0.495,0.43,0.56,43,56,1283,TRUE,TRUE,TRUE,FALSE,TRUE,TRUE,TRUE,"ok","ok","",""
"Qiita13631ASD","ASD Dan 2020",51,"fourfold","[Ruminococcus]",1,1,1,100,100,10356,TRUE,TRUE,FALSE,TRUE,TRUE,TRUE,TRUE,"no_observed_zeros","ok","",""
"Qiita13631ASD","ASD Dan 2020",51,"fourfold","Akkermansia",0.7,0.54,0.86,54,86,2843,TRUE,TRUE,FALSE,TRUE,TRUE,TRUE,TRUE,"structural_absence_boundary_at_zero","ok","",""
"Qiita13631ASD","ASD Dan 2020",51,"fourfold","Anaerostipes",0.91,0.85,0.97,85,97,2209,TRUE,TRUE,TRUE,FALSE,TRUE,TRUE,TRUE,"ok","ok","",""
"Qiita13631ASD","ASD Dan 2020",51,"fourfold","Bacteroides",1,1,1,100,100,261700,TRUE,TRUE,FALSE,TRUE,TRUE,TRUE,TRUE,"no_observed_zeros","ok","",""
"Qiita13631ASD","ASD Dan 2020",51,"fourfold","Bifidobacterium",0.925,0.87,0.98,87,98,6501,TRUE,TRUE,FALSE,TRUE,TRUE,TRUE,TRUE,"structural_absence_boundary_at_zero","ok","",""
"Qiita13631ASD","ASD Dan 2020",51,"fourfold","Bilophila",0.9,0.83,0.97,83,97,1285,TRUE,TRUE,FALSE,TRUE,TRUE,TRUE,TRUE,"structural_absence_boundary_at_zero","ok","",""
"Qiita13631ASD","ASD Dan 2020",51,"fourfold","Blautia",0.995,0.99,1,99,100,4641,TRUE,TRUE,FALSE,TRUE,TRUE,TRUE,TRUE,"structural_absence_boundary_at_zero","ok","",""
"Qiita13631ASD","ASD Dan 2020",51,"fourfold","Clostridium",0.99,0.98,1,98,100,9487,TRUE,TRUE,FALSE,TRUE,TRUE,TRUE,TRUE,"structural_absence_boundary_at_zero","ok","",""
"Qiita13631ASD","ASD Dan 2020",51,"fourfold","Collinsella",0.665,0.45,0.88,45,88,656,TRUE,TRUE,FALSE,TRUE,TRUE,TRUE,TRUE,"structural_absence_boundary_at_zero","ok","",""
"Qiita13631ASD","ASD Dan 2020",51,"fourfold","Coprococcus",0.99,0.98,1,98,100,5737,TRUE,TRUE,FALSE,TRUE,TRUE,TRUE,TRUE,"structural_absence_boundary_at_zero","ok","",""
"Qiita13631ASD","ASD Dan 2020",51,"fourfold","Dialister",0.985,0.97,1,97,100,19736,TRUE,TRUE,TRUE,FALSE,TRUE,TRUE,TRUE,"ok","ok","",""
"Qiita13631ASD","ASD Dan 2020",51,"fourfold","Dorea",0.99,0.98,1,98,100,4662,TRUE,TRUE,FALSE,TRUE,TRUE,TRUE,TRUE,"structural_absence_boundary_at_zero","ok","",""
"Qiita13631ASD","ASD Dan 2020",51,"fourfold","Faecalibacterium",1,1,1,100,100,69220,TRUE,TRUE,FALSE,TRUE,TRUE,TRUE,TRUE,"no_observed_zeros","ok","",""
"Qiita13631ASD","ASD Dan 2020",51,"fourfold","Fusobacterium",0.475,0.36,0.59,36,59,1280,TRUE,TRUE,FALSE,TRUE,TRUE,TRUE,TRUE,"structural_absence_boundary_at_zero","ok","",""
"Qiita13631ASD","ASD Dan 2020",51,"fourfold","Haemophilus",0.88,0.78,0.98,78,98,6380,TRUE,TRUE,FALSE,TRUE,TRUE,TRUE,TRUE,"structural_absence_boundary_at_zero","ok","",""
"Qiita13631ASD","ASD Dan 2020",51,"fourfold","Lachnobacterium",0.615,0.49,0.74,49,74,1073,TRUE,TRUE,TRUE,FALSE,TRUE,TRUE,TRUE,"ok","ok","",""
"Qiita13631ASD","ASD Dan 2020",51,"fourfold","Lachnospira",1,1,1,100,100,22805,TRUE,TRUE,FALSE,TRUE,TRUE,TRUE,TRUE,"no_observed_zeros","ok","",""
"Qiita13631ASD","ASD Dan 2020",51,"fourfold","Megamonas",0.955,0.91,1,91,100,17738,TRUE,TRUE,FALSE,TRUE,TRUE,TRUE,TRUE,"structural_absence_boundary_at_zero","ok","",""
"Qiita13631ASD","ASD Dan 2020",51,"fourfold","Megasphaera",0.76,0.62,0.9,62,90,2743,TRUE,TRUE,TRUE,FALSE,TRUE,TRUE,TRUE,"ok","ok","",""
"Qiita13631ASD","ASD Dan 2020",51,"fourfold","Oscillospira",1,1,1,100,100,9412,TRUE,TRUE,FALSE,TRUE,TRUE,TRUE,TRUE,"no_observed_zeros","ok","",""
"Qiita13631ASD","ASD Dan 2020",51,"fourfold","Parabacteroides",1,1,1,100,100,19987,TRUE,TRUE,FALSE,TRUE,TRUE,TRUE,TRUE,"no_observed_zeros","ok","",""
"Qiita13631ASD","ASD Dan 2020",51,"fourfold","Paraprevotella",0.76,0.67,0.85,67,85,2082,TRUE,TRUE,FALSE,TRUE,TRUE,TRUE,TRUE,"structural_absence_boundary_at_zero","ok","",""
"Qiita13631ASD","ASD Dan 2020",51,"fourfold","Phascolarctobacterium",0.975,0.96,0.99,96,99,7986,TRUE,TRUE,FALSE,TRUE,TRUE,TRUE,TRUE,"structural_absence_boundary_at_zero","ok","",""
"Qiita13631ASD","ASD Dan 2020",51,"fourfold","Prevotella",0.99,0.98,1,98,100,48405,TRUE,TRUE,FALSE,TRUE,TRUE,TRUE,TRUE,"structural_absence_boundary_at_zero","ok","",""
"Qiita13631ASD","ASD Dan 2020",51,"fourfold","Roseburia",1,1,1,100,100,10549,TRUE,TRUE,FALSE,TRUE,TRUE,TRUE,TRUE,"no_observed_zeros","ok","",""
"Qiita13631ASD","ASD Dan 2020",51,"fourfold","Ruminococcus",1,1,1,100,100,24238,TRUE,TRUE,FALSE,TRUE,TRUE,TRUE,TRUE,"no_observed_zeros","ok","",""
"Qiita13631ASD","ASD Dan 2020",51,"fourfold","Streptococcus",0.925,0.85,1,85,100,2137,TRUE,TRUE,FALSE,TRUE,TRUE,TRUE,TRUE,"structural_absence_boundary_at_zero","ok","",""
"Qiita13631ASD","ASD Dan 2020",51,"fourfold","Sutterella",0.995,0.99,1,99,100,11479,TRUE,TRUE,FALSE,TRUE,TRUE,TRUE,TRUE,"structural_absence_boundary_at_zero","ok","",""
"Qiita13631ASD","ASD Dan 2020",51,"fourfold","Veillonella",0.945,0.89,1,89,100,4790,TRUE,TRUE,FALSE,TRUE,TRUE,TRUE,TRUE,"structural_absence_boundary_at_zero","ok","",""
"Qiita13631ASD","ASD Dan 2020",52,"balanced","[Prevotella]",0.57,0.56,0.58,56,58,1473,TRUE,TRUE,TRUE,FALSE,TRUE,TRUE,TRUE,"ok","ok","",""
"Qiita13631ASD","ASD Dan 2020",52,"balanced","[Ruminococcus]",1,1,1,100,100,11743,TRUE,TRUE,FALSE,TRUE,TRUE,TRUE,TRUE,"no_observed_zeros","ok","",""
"Qiita13631ASD","ASD Dan 2020",52,"balanced","Akkermansia",0.8,0.78,0.82,78,82,3354,TRUE,TRUE,FALSE,TRUE,TRUE,TRUE,TRUE,"structural_absence_boundary_at_zero","ok","",""
"Qiita13631ASD","ASD Dan 2020",52,"balanced","Anaerostipes",0.96,0.96,0.96,96,96,2741,TRUE,TRUE,TRUE,FALSE,TRUE,TRUE,TRUE,"ok","ok","",""
"Qiita13631ASD","ASD Dan 2020",52,"balanced","Bacteroides",1,1,1,100,100,307683,TRUE,TRUE,FALSE,TRUE,TRUE,TRUE,TRUE,"no_observed_zeros","ok","",""
"Qiita13631ASD","ASD Dan 2020",52,"balanced","Bifidobacterium",0.97,0.97,0.97,97,97,10360,TRUE,TRUE,FALSE,TRUE,TRUE,TRUE,TRUE,"structural_absence_boundary_at_zero","ok","",""
"Qiita13631ASD","ASD Dan 2020",52,"balanced","Bilophila",0.96,0.97,0.95,97,95,1433,TRUE,TRUE,FALSE,TRUE,TRUE,TRUE,TRUE,"structural_absence_boundary_at_zero","ok","",""
"Qiita13631ASD","ASD Dan 2020",52,"balanced","Blautia",1,1,1,100,100,5844,TRUE,TRUE,FALSE,TRUE,TRUE,TRUE,TRUE,"no_observed_zeros","ok","",""
"Qiita13631ASD","ASD Dan 2020",52,"balanced","Clostridium",1,1,1,100,100,8617,TRUE,TRUE,FALSE,TRUE,TRUE,TRUE,TRUE,"no_observed_zeros","ok","",""
"Qiita13631ASD","ASD Dan 2020",52,"balanced","Collinsella",0.725,0.7,0.75,70,75,886,TRUE,TRUE,FALSE,TRUE,TRUE,TRUE,TRUE,"structural_absence_boundary_at_zero","ok","",""
"Qiita13631ASD","ASD Dan 2020",52,"balanced","Coprococcus",1,1,1,100,100,7035,TRUE,TRUE,FALSE,TRUE,TRUE,TRUE,TRUE,"no_observed_zeros","ok","",""
"Qiita13631ASD","ASD Dan 2020",52,"balanced","Dialister",1,1,1,100,100,22574,TRUE,TRUE,FALSE,TRUE,TRUE,TRUE,TRUE,"no_observed_zeros","ok","",""
"Qiita13631ASD","ASD Dan 2020",52,"balanced","Dorea",1,1,1,100,100,5162,TRUE,TRUE,FALSE,TRUE,TRUE,TRUE,TRUE,"no_observed_zeros","ok","",""
"Qiita13631ASD","ASD Dan 2020",52,"balanced","Faecalibacterium",1,1,1,100,100,76324,TRUE,TRUE,FALSE,TRUE,TRUE,TRUE,TRUE,"no_observed_zeros","ok","",""
"Qiita13631ASD","ASD Dan 2020",52,"balanced","Fusobacterium",0.54,0.6,0.48,60,48,2576,TRUE,TRUE,FALSE,TRUE,TRUE,TRUE,TRUE,"structural_absence_boundary_at_zero","ok","",""
"Qiita13631ASD","ASD Dan 2020",52,"balanced","Haemophilus",0.98,0.97,0.99,97,99,4942,TRUE,TRUE,FALSE,TRUE,TRUE,TRUE,TRUE,"structural_absence_boundary_at_zero","ok","",""
"Qiita13631ASD","ASD Dan 2020",52,"balanced","Lachnobacterium",0.735,0.79,0.68,79,68,1161,TRUE,TRUE,TRUE,FALSE,TRUE,TRUE,TRUE,"ok","ok","",""
"Qiita13631ASD","ASD Dan 2020",52,"balanced","Lachnospira",1,1,1,100,100,26484,TRUE,TRUE,FALSE,TRUE,TRUE,TRUE,TRUE,"no_observed_zeros","ok","",""
"Qiita13631ASD","ASD Dan 2020",52,"balanced","Megamonas",0.985,0.98,0.99,98,99,16748,TRUE,TRUE,FALSE,TRUE,TRUE,TRUE,TRUE,"structural_absence_boundary_at_zero","ok","",""
"Qiita13631ASD","ASD Dan 2020",52,"balanced","Megasphaera",0.86,0.88,0.84,88,84,3367,TRUE,TRUE,FALSE,TRUE,TRUE,TRUE,TRUE,"structural_absence_boundary_at_zero","ok","",""
"Qiita13631ASD","ASD Dan 2020",52,"balanced","Oscillospira",1,1,1,100,100,11383,TRUE,TRUE,FALSE,TRUE,TRUE,TRUE,TRUE,"no_observed_zeros","ok","",""
"Qiita13631ASD","ASD Dan 2020",52,"balanced","Parabacteroides",1,1,1,100,100,23765,TRUE,TRUE,FALSE,TRUE,TRUE,TRUE,TRUE,"no_observed_zeros","ok","",""
"Qiita13631ASD","ASD Dan 2020",52,"balanced","Paraprevotella",0.8,0.8,0.8,80,80,2010,TRUE,TRUE,TRUE,FALSE,TRUE,TRUE,TRUE,"ok","ok","",""
"Qiita13631ASD","ASD Dan 2020",52,"balanced","Phascolarctobacterium",0.995,0.99,1,99,100,10179,TRUE,TRUE,FALSE,TRUE,TRUE,TRUE,TRUE,"structural_absence_boundary_at_zero","ok","",""
"Qiita13631ASD","ASD Dan 2020",52,"balanced","Prevotella",1,1,1,100,100,49846,TRUE,TRUE,FALSE,TRUE,TRUE,TRUE,TRUE,"no_observed_zeros","ok","",""
"Qiita13631ASD","ASD Dan 2020",52,"balanced","Roseburia",1,1,1,100,100,12837,TRUE,TRUE,FALSE,TRUE,TRUE,TRUE,TRUE,"no_observed_zeros","ok","",""
"Qiita13631ASD","ASD Dan 2020",52,"balanced","Ruminococcus",1,1,1,100,100,27985,TRUE,TRUE,FALSE,TRUE,TRUE,TRUE,TRUE,"no_observed_zeros","ok","",""
"Qiita13631ASD","ASD Dan 2020",52,"balanced","Streptococcus",0.995,0.99,1,99,100,2433,TRUE,TRUE,FALSE,TRUE,TRUE,TRUE,TRUE,"structural_absence_boundary_at_zero","ok","",""
"Qiita13631ASD","ASD Dan 2020",52,"balanced","Sutterella",1,1,1,100,100,14007,TRUE,TRUE,FALSE,TRUE,TRUE,TRUE,TRUE,"no_observed_zeros","ok","",""
"Qiita13631ASD","ASD Dan 2020",52,"balanced","Veillonella",0.99,0.98,1,98,100,5684,TRUE,TRUE,FALSE,TRUE,TRUE,TRUE,TRUE,"structural_absence_boundary_at_zero","ok","",""
"Qiita13631ASD","ASD Dan 2020",52,"fourfold","[Prevotella]",0.49,0.4,0.58,40,58,1581,TRUE,TRUE,TRUE,FALSE,TRUE,TRUE,TRUE,"ok","ok","",""
"Qiita13631ASD","ASD Dan 2020",52,"fourfold","[Ruminococcus]",1,1,1,100,100,10660,TRUE,TRUE,FALSE,TRUE,TRUE,TRUE,TRUE,"no_observed_zeros","ok","",""
"Qiita13631ASD","ASD Dan 2020",52,"fourfold","Akkermansia",0.7,0.59,0.81,59,81,4244,TRUE,TRUE,FALSE,TRUE,TRUE,TRUE,TRUE,"structural_absence_boundary_at_zero","ok","",""
"Qiita13631ASD","ASD Dan 2020",52,"fourfold","Anaerostipes",0.92,0.87,0.97,87,97,2771,TRUE,TRUE,TRUE,FALSE,TRUE,TRUE,TRUE,"ok","ok","",""
"Qiita13631ASD","ASD Dan 2020",52,"fourfold","Bacteroides",1,1,1,100,100,288122,TRUE,TRUE,FALSE,TRUE,TRUE,TRUE,TRUE,"no_observed_zeros","ok","",""
"Qiita13631ASD","ASD Dan 2020",52,"fourfold","Bifidobacterium",0.945,0.91,0.98,91,98,8659,TRUE,TRUE,FALSE,TRUE,TRUE,TRUE,TRUE,"structural_absence_boundary_at_zero","ok","",""
"Qiita13631ASD","ASD Dan 2020",52,"fourfold","Bilophila",0.865,0.74,0.99,74,99,1347,TRUE,TRUE,FALSE,TRUE,TRUE,TRUE,TRUE,"structural_absence_boundary_at_zero","ok","",""
"Qiita13631ASD","ASD Dan 2020",52,"fourfold","Blautia",0.99,0.99,0.99,99,99,4874,TRUE,TRUE,TRUE,FALSE,TRUE,TRUE,TRUE,"ok","ok","",""
"Qiita13631ASD","ASD Dan 2020",52,"fourfold","Clostridium",0.99,0.98,1,98,100,7602,TRUE,TRUE,FALSE,TRUE,TRUE,TRUE,TRUE,"structural_absence_boundary_at_zero","ok","",""
"Qiita13631ASD","ASD Dan 2020",52,"fourfold","Collinsella",0.7,0.51,0.89,51,89,859,TRUE,TRUE,FALSE,TRUE,TRUE,TRUE,TRUE,"structural_absence_boundary_at_zero","ok","",""
"Qiita13631ASD","ASD Dan 2020",52,"fourfold","Coprococcus",0.995,0.99,1,99,100,6563,TRUE,TRUE,FALSE,TRUE,TRUE,TRUE,TRUE,"structural_absence_boundary_at_zero","ok","",""
"Qiita13631ASD","ASD Dan 2020",52,"fourfold","Dialister",1,1,1,100,100,20831,TRUE,TRUE,FALSE,TRUE,TRUE,TRUE,TRUE,"no_observed_zeros","ok","",""
"Qiita13631ASD","ASD Dan 2020",52,"fourfold","Dorea",0.985,0.97,1,97,100,4831,TRUE,TRUE,FALSE,TRUE,TRUE,TRUE,TRUE,"structural_absence_boundary_at_zero","ok","",""
"Qiita13631ASD","ASD Dan 2020",52,"fourfold","Faecalibacterium",1,1,1,100,100,72812,TRUE,TRUE,FALSE,TRUE,TRUE,TRUE,TRUE,"no_observed_zeros","ok","",""
"Qiita13631ASD","ASD Dan 2020",52,"fourfold","Fusobacterium",0.485,0.42,0.55,42,55,1441,TRUE,TRUE,FALSE,TRUE,TRUE,TRUE,TRUE,"structural_absence_boundary_at_zero","ok","",""
"Qiita13631ASD","ASD Dan 2020",52,"fourfold","Haemophilus",0.94,0.89,0.99,89,99,5693,TRUE,TRUE,FALSE,TRUE,TRUE,TRUE,TRUE,"structural_absence_boundary_at_zero","ok","",""
"Qiita13631ASD","ASD Dan 2020",52,"fourfold","Lachnobacterium",0.67,0.51,0.83,51,83,1302,TRUE,TRUE,FALSE,TRUE,TRUE,TRUE,TRUE,"structural_absence_boundary_at_zero","ok","",""
"Qiita13631ASD","ASD Dan 2020",52,"fourfold","Lachnospira",1,1,1,100,100,22769,TRUE,TRUE,FALSE,TRUE,TRUE,TRUE,TRUE,"no_observed_zeros","ok","",""
"Qiita13631ASD","ASD Dan 2020",52,"fourfold","Megamonas",0.95,0.93,0.97,93,97,15508,TRUE,TRUE,TRUE,FALSE,TRUE,TRUE,TRUE,"ok","ok","",""
"Qiita13631ASD","ASD Dan 2020",52,"fourfold","Megasphaera",0.815,0.77,0.86,77,86,3332,TRUE,TRUE,FALSE,TRUE,TRUE,TRUE,TRUE,"structural_absence_boundary_at_zero","ok","",""
"Qiita13631ASD","ASD Dan 2020",52,"fourfold","Oscillospira",1,1,1,100,100,10753,TRUE,TRUE,FALSE,TRUE,TRUE,TRUE,TRUE,"no_observed_zeros","ok","",""
"Qiita13631ASD","ASD Dan 2020",52,"fourfold","Parabacteroides",1,1,1,100,100,22601,TRUE,TRUE,FALSE,TRUE,TRUE,TRUE,TRUE,"no_observed_zeros","ok","",""
"Qiita13631ASD","ASD Dan 2020",52,"fourfold","Paraprevotella",0.79,0.66,0.92,66,92,2188,TRUE,TRUE,FALSE,TRUE,TRUE,TRUE,TRUE,"structural_absence_boundary_at_zero","ok","",""
"Qiita13631ASD","ASD Dan 2020",52,"fourfold","Phascolarctobacterium",0.96,0.93,0.99,93,99,9571,TRUE,TRUE,TRUE,FALSE,TRUE,TRUE,TRUE,"ok","ok","",""
"Qiita13631ASD","ASD Dan 2020",52,"fourfold","Prevotella",0.98,0.96,1,96,100,47627,TRUE,TRUE,FALSE,TRUE,TRUE,TRUE,TRUE,"structural_absence_boundary_at_zero","ok","",""
"Qiita13631ASD","ASD Dan 2020",52,"fourfold","Roseburia",1,1,1,100,100,11551,TRUE,TRUE,FALSE,TRUE,TRUE,TRUE,TRUE,"no_observed_zeros","ok","",""
"Qiita13631ASD","ASD Dan 2020",52,"fourfold","Ruminococcus",0.995,0.99,1,99,100,24821,TRUE,TRUE,TRUE,FALSE,TRUE,TRUE,TRUE,"ok","ok","",""
"Qiita13631ASD","ASD Dan 2020",52,"fourfold","Streptococcus",0.975,0.95,1,95,100,2451,TRUE,TRUE,FALSE,TRUE,TRUE,TRUE,TRUE,"structural_absence_boundary_at_zero","ok","",""
"Qiita13631ASD","ASD Dan 2020",52,"fourfold","Sutterella",0.995,0.99,1,99,100,12282,TRUE,TRUE,FALSE,TRUE,TRUE,TRUE,TRUE,"structural_absence_boundary_at_zero","ok","",""
"Qiita13631ASD","ASD Dan 2020",52,"fourfold","Veillonella",0.945,0.89,1,89,100,5216,TRUE,TRUE,FALSE,TRUE,TRUE,TRUE,TRUE,"structural_absence_boundary_at_zero","ok","",""
"Qiita13631ASD","ASD Dan 2020",53,"balanced","[Prevotella]",0.555,0.62,0.49,62,49,1580,TRUE,TRUE,TRUE,FALSE,TRUE,TRUE,TRUE,"ok","ok","",""
"Qiita13631ASD","ASD Dan 2020",53,"balanced","[Ruminococcus]",1,1,1,100,100,11429,TRUE,TRUE,FALSE,TRUE,TRUE,TRUE,TRUE,"no_observed_zeros","ok","",""
"Qiita13631ASD","ASD Dan 2020",53,"balanced","Akkermansia",0.755,0.73,0.78,73,78,3056,TRUE,TRUE,FALSE,TRUE,TRUE,TRUE,TRUE,"structural_absence_boundary_at_zero","ok","",""
"Qiita13631ASD","ASD Dan 2020",53,"balanced","Anaerostipes",0.975,0.98,0.97,98,97,2685,TRUE,TRUE,FALSE,TRUE,TRUE,TRUE,TRUE,"structural_absence_boundary_at_zero","ok","",""
"Qiita13631ASD","ASD Dan 2020",53,"balanced","Bacteroides",1,1,1,100,100,306682,TRUE,TRUE,FALSE,TRUE,TRUE,TRUE,TRUE,"no_observed_zeros","ok","",""
"Qiita13631ASD","ASD Dan 2020",53,"balanced","Bifidobacterium",0.955,0.97,0.94,97,94,7866,TRUE,TRUE,FALSE,TRUE,TRUE,TRUE,TRUE,"structural_absence_boundary_at_zero","ok","",""
"Qiita13631ASD","ASD Dan 2020",53,"balanced","Bilophila",0.98,0.99,0.97,99,97,1464,TRUE,TRUE,FALSE,TRUE,TRUE,TRUE,TRUE,"structural_absence_boundary_at_zero","ok","",""
"Qiita13631ASD","ASD Dan 2020",53,"balanced","Blautia",1,1,1,100,100,5175,TRUE,TRUE,FALSE,TRUE,TRUE,TRUE,TRUE,"no_observed_zeros","ok","",""
"Qiita13631ASD","ASD Dan 2020",53,"balanced","Clostridium",1,1,1,100,100,8386,TRUE,TRUE,FALSE,TRUE,TRUE,TRUE,TRUE,"no_observed_zeros","ok","",""
"Qiita13631ASD","ASD Dan 2020",53,"balanced","Collinsella",0.77,0.77,0.77,77,77,934,TRUE,TRUE,FALSE,TRUE,TRUE,TRUE,TRUE,"structural_absence_boundary_at_zero","ok","",""
"Qiita13631ASD","ASD Dan 2020",53,"balanced","Coprococcus",1,1,1,100,100,6913,TRUE,TRUE,FALSE,TRUE,TRUE,TRUE,TRUE,"no_observed_zeros","ok","",""
"Qiita13631ASD","ASD Dan 2020",53,"balanced","Dialister",1,1,1,100,100,24585,TRUE,TRUE,FALSE,TRUE,TRUE,TRUE,TRUE,"no_observed_zeros","ok","",""
"Qiita13631ASD","ASD Dan 2020",53,"balanced","Dorea",1,1,1,100,100,5243,TRUE,TRUE,FALSE,TRUE,TRUE,TRUE,TRUE,"no_observed_zeros","ok","",""
"Qiita13631ASD","ASD Dan 2020",53,"balanced","Faecalibacterium",1,1,1,100,100,74919,TRUE,TRUE,FALSE,TRUE,TRUE,TRUE,TRUE,"no_observed_zeros","ok","",""
"Qiita13631ASD","ASD Dan 2020",53,"balanced","Fusobacterium",0.53,0.53,0.53,53,53,2072,TRUE,TRUE,FALSE,TRUE,TRUE,TRUE,TRUE,"structural_absence_boundary_at_zero","ok","",""
"Qiita13631ASD","ASD Dan 2020",53,"balanced","Haemophilus",0.96,0.95,0.97,95,97,4799,TRUE,TRUE,FALSE,TRUE,TRUE,TRUE,TRUE,"structural_absence_boundary_at_zero","ok","",""
"Qiita13631ASD","ASD Dan 2020",53,"balanced","Lachnobacterium",0.71,0.67,0.75,67,75,1283,TRUE,TRUE,TRUE,FALSE,TRUE,TRUE,TRUE,"ok","ok","",""
"Qiita13631ASD","ASD Dan 2020",53,"balanced","Lachnospira",1,1,1,100,100,25222,TRUE,TRUE,FALSE,TRUE,TRUE,TRUE,TRUE,"no_observed_zeros","ok","",""
"Qiita13631ASD","ASD Dan 2020",53,"balanced","Megamonas",1,1,1,100,100,16642,TRUE,TRUE,FALSE,TRUE,TRUE,TRUE,TRUE,"no_observed_zeros","ok","",""
"Qiita13631ASD","ASD Dan 2020",53,"balanced","Megasphaera",0.885,0.91,0.86,91,86,3695,TRUE,TRUE,FALSE,TRUE,TRUE,TRUE,TRUE,"structural_absence_boundary_at_zero","ok","",""
"Qiita13631ASD","ASD Dan 2020",53,"balanced","Oscillospira",1,1,1,100,100,11077,TRUE,TRUE,FALSE,TRUE,TRUE,TRUE,TRUE,"no_observed_zeros","ok","",""
"Qiita13631ASD","ASD Dan 2020",53,"balanced","Parabacteroides",1,1,1,100,100,23775,TRUE,TRUE,FALSE,TRUE,TRUE,TRUE,TRUE,"no_observed_zeros","ok","",""
"Qiita13631ASD","ASD Dan 2020",53,"balanced","Paraprevotella",0.795,0.79,0.8,79,80,2559,TRUE,TRUE,TRUE,FALSE,TRUE,TRUE,TRUE,"ok","ok","",""
"Qiita13631ASD","ASD Dan 2020",53,"balanced","Phascolarctobacterium",0.995,0.99,1,99,100,8873,TRUE,TRUE,FALSE,TRUE,TRUE,TRUE,TRUE,"structural_absence_boundary_at_zero","ok","",""
"Qiita13631ASD","ASD Dan 2020",53,"balanced","Prevotella",1,1,1,100,100,53393,TRUE,TRUE,FALSE,TRUE,TRUE,TRUE,TRUE,"no_observed_zeros","ok","",""
"Qiita13631ASD","ASD Dan 2020",53,"balanced","Roseburia",1,1,1,100,100,13351,TRUE,TRUE,FALSE,TRUE,TRUE,TRUE,TRUE,"no_observed_zeros","ok","",""
"Qiita13631ASD","ASD Dan 2020",53,"balanced","Ruminococcus",1,1,1,100,100,27040,TRUE,TRUE,FALSE,TRUE,TRUE,TRUE,TRUE,"no_observed_zeros","ok","",""
"Qiita13631ASD","ASD Dan 2020",53,"balanced","Streptococcus",0.99,1,0.98,100,98,2506,TRUE,TRUE,FALSE,TRUE,TRUE,TRUE,TRUE,"structural_absence_boundary_at_zero","ok","",""
"Qiita13631ASD","ASD Dan 2020",53,"balanced","Sutterella",1,1,1,100,100,14057,TRUE,TRUE,FALSE,TRUE,TRUE,TRUE,TRUE,"no_observed_zeros","ok","",""
"Qiita13631ASD","ASD Dan 2020",53,"balanced","Veillonella",0.975,0.96,0.99,96,99,5896,TRUE,TRUE,FALSE,TRUE,TRUE,TRUE,TRUE,"structural_absence_boundary_at_zero","ok","",""
"Qiita13631ASD","ASD Dan 2020",53,"fourfold","[Prevotella]",0.485,0.42,0.55,42,55,1695,TRUE,TRUE,TRUE,FALSE,TRUE,TRUE,TRUE,"ok","ok","",""
"Qiita13631ASD","ASD Dan 2020",53,"fourfold","[Ruminococcus]",1,1,1,100,100,10961,TRUE,TRUE,FALSE,TRUE,TRUE,TRUE,TRUE,"no_observed_zeros","ok","",""
"Qiita13631ASD","ASD Dan 2020",53,"fourfold","Akkermansia",0.71,0.55,0.87,55,87,3679,TRUE,TRUE,FALSE,TRUE,TRUE,TRUE,TRUE,"structural_absence_boundary_at_zero","ok","",""
"Qiita13631ASD","ASD Dan 2020",53,"fourfold","Anaerostipes",0.925,0.88,0.97,88,97,2516,TRUE,TRUE,TRUE,FALSE,TRUE,TRUE,TRUE,"ok","ok","",""
"Qiita13631ASD","ASD Dan 2020",53,"fourfold","Bacteroides",1,1,1,100,100,273371,TRUE,TRUE,FALSE,TRUE,TRUE,TRUE,TRUE,"no_observed_zeros","ok","",""
"Qiita13631ASD","ASD Dan 2020",53,"fourfold","Bifidobacterium",0.94,0.9,0.98,90,98,8038,TRUE,TRUE,FALSE,TRUE,TRUE,TRUE,TRUE,"structural_absence_boundary_at_zero","ok","",""
"Qiita13631ASD","ASD Dan 2020",53,"fourfold","Bilophila",0.9,0.8,1,80,100,1226,TRUE,TRUE,FALSE,TRUE,TRUE,TRUE,TRUE,"structural_absence_boundary_at_zero","ok","",""
"Qiita13631ASD","ASD Dan 2020",53,"fourfold","Blautia",1,1,1,100,100,5014,TRUE,TRUE,FALSE,TRUE,TRUE,TRUE,TRUE,"no_observed_zeros","ok","",""
"Qiita13631ASD","ASD Dan 2020",53,"fourfold","Clostridium",0.995,0.99,1,99,100,10244,TRUE,TRUE,FALSE,TRUE,TRUE,TRUE,TRUE,"structural_absence_boundary_at_zero","ok","",""
"Qiita13631ASD","ASD Dan 2020",53,"fourfold","Collinsella",0.665,0.47,0.86,47,86,840,TRUE,TRUE,FALSE,TRUE,TRUE,TRUE,TRUE,"structural_absence_boundary_at_zero","ok","",""
"Qiita13631ASD","ASD Dan 2020",53,"fourfold","Coprococcus",0.99,0.98,1,98,100,6706,TRUE,TRUE,FALSE,TRUE,TRUE,TRUE,TRUE,"structural_absence_boundary_at_zero","ok","",""
"Qiita13631ASD","ASD Dan 2020",53,"fourfold","Dialister",0.99,0.98,1,98,100,21777,TRUE,TRUE,FALSE,TRUE,TRUE,TRUE,TRUE,"structural_absence_boundary_at_zero","ok","",""
"Qiita13631ASD","ASD Dan 2020",53,"fourfold","Dorea",0.985,0.97,1,97,100,5119,TRUE,TRUE,FALSE,TRUE,TRUE,TRUE,TRUE,"structural_absence_boundary_at_zero","ok","",""
"Qiita13631ASD","ASD Dan 2020",53,"fourfold","Faecalibacterium",1,1,1,100,100,64854,TRUE,TRUE,FALSE,TRUE,TRUE,TRUE,TRUE,"no_observed_zeros","ok","",""
"Qiita13631ASD","ASD Dan 2020",53,"fourfold","Fusobacterium",0.47,0.34,0.6,34,60,965,TRUE,TRUE,FALSE,TRUE,TRUE,TRUE,TRUE,"structural_absence_boundary_at_zero","ok","",""
"Qiita13631ASD","ASD Dan 2020",53,"fourfold","Haemophilus",0.93,0.89,0.97,89,97,3828,TRUE,TRUE,FALSE,TRUE,TRUE,TRUE,TRUE,"structural_absence_boundary_at_zero","ok","",""
"Qiita13631ASD","ASD Dan 2020",53,"fourfold","Lachnobacterium",0.65,0.57,0.73,57,73,1030,TRUE,TRUE,TRUE,FALSE,TRUE,TRUE,TRUE,"ok","ok","",""
"Qiita13631ASD","ASD Dan 2020",53,"fourfold","Lachnospira",1,1,1,100,100,23486,TRUE,TRUE,FALSE,TRUE,TRUE,TRUE,TRUE,"no_observed_zeros","ok","",""
"Qiita13631ASD","ASD Dan 2020",53,"fourfold","Megamonas",0.96,0.92,1,92,100,19078,TRUE,TRUE,FALSE,TRUE,TRUE,TRUE,TRUE,"structural_absence_boundary_at_zero","ok","",""
"Qiita13631ASD","ASD Dan 2020",53,"fourfold","Megasphaera",0.77,0.66,0.88,66,88,3310,TRUE,TRUE,TRUE,FALSE,TRUE,TRUE,TRUE,"ok","ok","",""
"Qiita13631ASD","ASD Dan 2020",53,"fourfold","Oscillospira",1,1,1,100,100,9730,TRUE,TRUE,FALSE,TRUE,TRUE,TRUE,TRUE,"no_observed_zeros","ok","",""
"Qiita13631ASD","ASD Dan 2020",53,"fourfold","Parabacteroides",1,1,1,100,100,21513,TRUE,TRUE,FALSE,TRUE,TRUE,TRUE,TRUE,"no_observed_zeros","ok","",""
"Qiita13631ASD","ASD Dan 2020",53,"fourfold","Paraprevotella",0.755,0.61,0.9,61,90,2038,TRUE,TRUE,TRUE,FALSE,TRUE,TRUE,TRUE,"ok","ok","",""
"Qiita13631ASD","ASD Dan 2020",53,"fourfold","Phascolarctobacterium",0.975,0.95,1,95,100,8268,TRUE,TRUE,FALSE,TRUE,TRUE,TRUE,TRUE,"structural_absence_boundary_at_zero","ok","",""
"Qiita13631ASD","ASD Dan 2020",53,"fourfold","Prevotella",0.99,0.98,1,98,100,57993,TRUE,TRUE,FALSE,TRUE,TRUE,TRUE,TRUE,"structural_absence_boundary_at_zero","ok","",""
"Qiita13631ASD","ASD Dan 2020",53,"fourfold","Roseburia",0.995,0.99,1,99,100,11269,TRUE,TRUE,TRUE,FALSE,TRUE,TRUE,TRUE,"ok","ok","",""
"Qiita13631ASD","ASD Dan 2020",53,"fourfold","Ruminococcus",1,1,1,100,100,24052,TRUE,TRUE,FALSE,TRUE,TRUE,TRUE,TRUE,"no_observed_zeros","ok","",""
"Qiita13631ASD","ASD Dan 2020",53,"fourfold","Streptococcus",0.92,0.84,1,84,100,2347,TRUE,TRUE,FALSE,TRUE,TRUE,TRUE,TRUE,"structural_absence_boundary_at_zero","ok","",""
"Qiita13631ASD","ASD Dan 2020",53,"fourfold","Sutterella",1,1,1,100,100,12344,TRUE,TRUE,FALSE,TRUE,TRUE,TRUE,TRUE,"no_observed_zeros","ok","",""
"Qiita13631ASD","ASD Dan 2020",53,"fourfold","Veillonella",0.935,0.87,1,87,100,5693,TRUE,TRUE,FALSE,TRUE,TRUE,TRUE,TRUE,"structural_absence_boundary_at_zero","ok","",""
"Qiita13631ASD","ASD Dan 2020",54,"balanced","[Prevotella]",0.55,0.56,0.54,56,54,1504,TRUE,TRUE,TRUE,FALSE,TRUE,TRUE,TRUE,"ok","ok","",""
"Qiita13631ASD","ASD Dan 2020",54,"balanced","[Ruminococcus]",1,1,1,100,100,11883,TRUE,TRUE,FALSE,TRUE,TRUE,TRUE,TRUE,"no_observed_zeros","ok","",""
"Qiita13631ASD","ASD Dan 2020",54,"balanced","Akkermansia",0.77,0.79,0.75,79,75,5067,TRUE,TRUE,FALSE,TRUE,TRUE,TRUE,TRUE,"structural_absence_boundary_at_zero","ok","",""
"Qiita13631ASD","ASD Dan 2020",54,"balanced","Anaerostipes",0.99,0.99,0.99,99,99,2598,TRUE,TRUE,FALSE,TRUE,TRUE,TRUE,TRUE,"structural_absence_boundary_at_zero","ok","",""
"Qiita13631ASD","ASD Dan 2020",54,"balanced","Bacteroides",1,1,1,100,100,319528,TRUE,TRUE,FALSE,TRUE,TRUE,TRUE,TRUE,"no_observed_zeros","ok","",""
"Qiita13631ASD","ASD Dan 2020",54,"balanced","Bifidobacterium",0.955,0.94,0.97,94,97,9115,TRUE,TRUE,FALSE,TRUE,TRUE,TRUE,TRUE,"structural_absence_boundary_at_zero","ok","",""
"Qiita13631ASD","ASD Dan 2020",54,"balanced","Bilophila",0.965,0.95,0.98,95,98,1529,TRUE,TRUE,TRUE,FALSE,TRUE,TRUE,TRUE,"ok","ok","",""
"Qiita13631ASD","ASD Dan 2020",54,"balanced","Blautia",1,1,1,100,100,5592,TRUE,TRUE,FALSE,TRUE,TRUE,TRUE,TRUE,"no_observed_zeros","ok","",""
"Qiita13631ASD","ASD Dan 2020",54,"balanced","Clostridium",1,1,1,100,100,8196,TRUE,TRUE,FALSE,TRUE,TRUE,TRUE,TRUE,"no_observed_zeros","ok","",""
"Qiita13631ASD","ASD Dan 2020",54,"balanced","Collinsella",0.745,0.69,0.8,69,80,979,TRUE,TRUE,FALSE,TRUE,TRUE,TRUE,TRUE,"structural_absence_boundary_at_zero","ok","",""
"Qiita13631ASD","ASD Dan 2020",54,"balanced","Coprococcus",1,1,1,100,100,6943,TRUE,TRUE,FALSE,TRUE,TRUE,TRUE,TRUE,"no_observed_zeros","ok","",""
"Qiita13631ASD","ASD Dan 2020",54,"balanced","Dialister",1,1,1,100,100,22705,TRUE,TRUE,FALSE,TRUE,TRUE,TRUE,TRUE,"no_observed_zeros","ok","",""
"Qiita13631ASD","ASD Dan 2020",54,"balanced","Dorea",1,1,1,100,100,5416,TRUE,TRUE,FALSE,TRUE,TRUE,TRUE,TRUE,"no_observed_zeros","ok","",""
"Qiita13631ASD","ASD Dan 2020",54,"balanced","Faecalibacterium",1,1,1,100,100,77147,TRUE,TRUE,FALSE,TRUE,TRUE,TRUE,TRUE,"no_observed_zeros","ok","",""
"Qiita13631ASD","ASD Dan 2020",54,"balanced","Fusobacterium",0.515,0.55,0.48,55,48,1269,TRUE,TRUE,FALSE,TRUE,TRUE,TRUE,TRUE,"structural_absence_boundary_at_zero","ok","",""
"Qiita13631ASD","ASD Dan 2020",54,"balanced","Haemophilus",0.975,0.97,0.98,97,98,5547,TRUE,TRUE,FALSE,TRUE,TRUE,TRUE,TRUE,"structural_absence_boundary_at_zero","ok","",""
"Qiita13631ASD","ASD Dan 2020",54,"balanced","Lachnobacterium",0.75,0.76,0.74,76,74,1217,TRUE,TRUE,FALSE,TRUE,TRUE,TRUE,TRUE,"structural_absence_boundary_at_zero","ok","",""
"Qiita13631ASD","ASD Dan 2020",54,"balanced","Lachnospira",1,1,1,100,100,24441,TRUE,TRUE,FALSE,TRUE,TRUE,TRUE,TRUE,"no_observed_zeros","ok","",""
"Qiita13631ASD","ASD Dan 2020",54,"balanced","Megamonas",0.98,0.98,0.98,98,98,20271,TRUE,TRUE,FALSE,TRUE,TRUE,TRUE,TRUE,"structural_absence_boundary_at_zero","ok","",""
"Qiita13631ASD","ASD Dan 2020",54,"balanced","Megasphaera",0.855,0.84,0.87,84,87,3276,TRUE,TRUE,TRUE,FALSE,TRUE,TRUE,TRUE,"ok","ok","",""
"Qiita13631ASD","ASD Dan 2020",54,"balanced","Oscillospira",1,1,1,100,100,11046,TRUE,TRUE,FALSE,TRUE,TRUE,TRUE,TRUE,"no_observed_zeros","ok","",""
"Qiita13631ASD","ASD Dan 2020",54,"balanced","Parabacteroides",1,1,1,100,100,23667,TRUE,TRUE,FALSE,TRUE,TRUE,TRUE,TRUE,"no_observed_zeros","ok","",""
"Qiita13631ASD","ASD Dan 2020",54,"balanced","Paraprevotella",0.825,0.82,0.83,82,83,2162,TRUE,TRUE,TRUE,FALSE,TRUE,TRUE,TRUE,"ok","ok","",""
"Qiita13631ASD","ASD Dan 2020",54,"balanced","Phascolarctobacterium",1,1,1,100,100,10119,TRUE,TRUE,FALSE,TRUE,TRUE,TRUE,TRUE,"no_observed_zeros","ok","",""
"Qiita13631ASD","ASD Dan 2020",54,"balanced","Prevotella",0.995,1,0.99,100,99,57333,TRUE,TRUE,FALSE,TRUE,TRUE,TRUE,TRUE,"structural_absence_boundary_at_zero","ok","",""
"Qiita13631ASD","ASD Dan 2020",54,"balanced","Roseburia",1,1,1,100,100,12889,TRUE,TRUE,FALSE,TRUE,TRUE,TRUE,TRUE,"no_observed_zeros","ok","",""
"Qiita13631ASD","ASD Dan 2020",54,"balanced","Ruminococcus",1,1,1,100,100,27131,TRUE,TRUE,FALSE,TRUE,TRUE,TRUE,TRUE,"no_observed_zeros","ok","",""
"Qiita13631ASD","ASD Dan 2020",54,"balanced","Streptococcus",1,1,1,100,100,2672,TRUE,TRUE,FALSE,TRUE,TRUE,TRUE,TRUE,"no_observed_zeros","ok","",""
"Qiita13631ASD","ASD Dan 2020",54,"balanced","Sutterella",1,1,1,100,100,14652,TRUE,TRUE,FALSE,TRUE,TRUE,TRUE,TRUE,"no_observed_zeros","ok","",""
"Qiita13631ASD","ASD Dan 2020",54,"balanced","Veillonella",0.995,0.99,1,99,100,6117,TRUE,TRUE,FALSE,TRUE,TRUE,TRUE,TRUE,"structural_absence_boundary_at_zero","ok","",""
"Qiita13631ASD","ASD Dan 2020",54,"fourfold","[Prevotella]",0.51,0.4,0.62,40,62,1504,TRUE,TRUE,TRUE,FALSE,TRUE,TRUE,TRUE,"ok","ok","",""
"Qiita13631ASD","ASD Dan 2020",54,"fourfold","[Ruminococcus]",1,1,1,100,100,10363,TRUE,TRUE,FALSE,TRUE,TRUE,TRUE,TRUE,"no_observed_zeros","ok","",""
"Qiita13631ASD","ASD Dan 2020",54,"fourfold","Akkermansia",0.705,0.56,0.85,56,85,2481,TRUE,TRUE,FALSE,TRUE,TRUE,TRUE,TRUE,"structural_absence_boundary_at_zero","ok","",""
"Qiita13631ASD","ASD Dan 2020",54,"fourfold","Anaerostipes",0.955,0.91,1,91,100,2581,TRUE,TRUE,FALSE,TRUE,TRUE,TRUE,TRUE,"structural_absence_boundary_at_zero","ok","",""
"Qiita13631ASD","ASD Dan 2020",54,"fourfold","Bacteroides",1,1,1,100,100,291120,TRUE,TRUE,FALSE,TRUE,TRUE,TRUE,TRUE,"no_observed_zeros","ok","",""
"Qiita13631ASD","ASD Dan 2020",54,"fourfold","Bifidobacterium",0.96,0.93,0.99,93,99,9664,TRUE,TRUE,FALSE,TRUE,TRUE,TRUE,TRUE,"structural_absence_boundary_at_zero","ok","",""
"Qiita13631ASD","ASD Dan 2020",54,"fourfold","Bilophila",0.875,0.75,1,75,100,1426,TRUE,TRUE,FALSE,TRUE,TRUE,TRUE,TRUE,"structural_absence_boundary_at_zero","ok","",""
"Qiita13631ASD","ASD Dan 2020",54,"fourfold","Blautia",0.99,0.98,1,98,100,4964,TRUE,TRUE,FALSE,TRUE,TRUE,TRUE,TRUE,"structural_absence_boundary_at_zero","ok","",""
"Qiita13631ASD","ASD Dan 2020",54,"fourfold","Clostridium",0.995,0.99,1,99,100,6796,TRUE,TRUE,FALSE,TRUE,TRUE,TRUE,TRUE,"structural_absence_boundary_at_zero","ok","",""
"Qiita13631ASD","ASD Dan 2020",54,"fourfold","Collinsella",0.675,0.54,0.81,54,81,1088,TRUE,TRUE,FALSE,TRUE,TRUE,TRUE,TRUE,"structural_absence_boundary_at_zero","ok","",""
"Qiita13631ASD","ASD Dan 2020",54,"fourfold","Coprococcus",1,1,1,100,100,6006,TRUE,TRUE,FALSE,TRUE,TRUE,TRUE,TRUE,"no_observed_zeros","ok","",""
"Qiita13631ASD","ASD Dan 2020",54,"fourfold","Dialister",1,1,1,100,100,17988,TRUE,TRUE,FALSE,TRUE,TRUE,TRUE,TRUE,"no_observed_zeros","ok","",""
"Qiita13631ASD","ASD Dan 2020",54,"fourfold","Dorea",0.99,0.98,1,98,100,4873,TRUE,TRUE,FALSE,TRUE,TRUE,TRUE,TRUE,"structural_absence_boundary_at_zero","ok","",""
"Qiita13631ASD","ASD Dan 2020",54,"fourfold","Faecalibacterium",1,1,1,100,100,68892,TRUE,TRUE,FALSE,TRUE,TRUE,TRUE,TRUE,"no_observed_zeros","ok","",""
"Qiita13631ASD","ASD Dan 2020",54,"fourfold","Fusobacterium",0.47,0.33,0.61,33,61,2394,TRUE,TRUE,FALSE,TRUE,TRUE,TRUE,TRUE,"structural_absence_boundary_at_zero","ok","",""
"Qiita13631ASD","ASD Dan 2020",54,"fourfold","Haemophilus",0.94,0.91,0.97,91,97,4764,TRUE,TRUE,FALSE,TRUE,TRUE,TRUE,TRUE,"structural_absence_boundary_at_zero","ok","",""
"Qiita13631ASD","ASD Dan 2020",54,"fourfold","Lachnobacterium",0.665,0.57,0.76,57,76,1065,TRUE,TRUE,TRUE,FALSE,TRUE,TRUE,TRUE,"ok","ok","",""
"Qiita13631ASD","ASD Dan 2020",54,"fourfold","Lachnospira",1,1,1,100,100,24033,TRUE,TRUE,FALSE,TRUE,TRUE,TRUE,TRUE,"no_observed_zeros","ok","",""
"Qiita13631ASD","ASD Dan 2020",54,"fourfold","Megamonas",0.975,0.95,1,95,100,16572,TRUE,TRUE,FALSE,TRUE,TRUE,TRUE,TRUE,"structural_absence_boundary_at_zero","ok","",""
"Qiita13631ASD","ASD Dan 2020",54,"fourfold","Megasphaera",0.77,0.62,0.92,62,92,2855,TRUE,TRUE,TRUE,FALSE,TRUE,TRUE,TRUE,"ok","ok","",""
"Qiita13631ASD","ASD Dan 2020",54,"fourfold","Oscillospira",1,1,1,100,100,9892,TRUE,TRUE,FALSE,TRUE,TRUE,TRUE,TRUE,"no_observed_zeros","ok","",""
"Qiita13631ASD","ASD Dan 2020",54,"fourfold","Parabacteroides",1,1,1,100,100,22702,TRUE,TRUE,FALSE,TRUE,TRUE,TRUE,TRUE,"no_observed_zeros","ok","",""
"Qiita13631ASD","ASD Dan 2020",54,"fourfold","Paraprevotella",0.76,0.67,0.85,67,85,2586,TRUE,TRUE,TRUE,FALSE,TRUE,TRUE,TRUE,"ok","ok","",""
"Qiita13631ASD","ASD Dan 2020",54,"fourfold","Phascolarctobacterium",0.985,0.97,1,97,100,10035,TRUE,TRUE,FALSE,TRUE,TRUE,TRUE,TRUE,"structural_absence_boundary_at_zero","ok","",""
"Qiita13631ASD","ASD Dan 2020",54,"fourfold","Prevotella",0.985,0.98,0.99,98,99,49448,TRUE,TRUE,TRUE,FALSE,TRUE,TRUE,TRUE,"ok","ok","",""
"Qiita13631ASD","ASD Dan 2020",54,"fourfold","Roseburia",1,1,1,100,100,11955,TRUE,TRUE,FALSE,TRUE,TRUE,TRUE,TRUE,"no_observed_zeros","ok","",""
"Qiita13631ASD","ASD Dan 2020",54,"fourfold","Ruminococcus",1,1,1,100,100,26805,TRUE,TRUE,FALSE,TRUE,TRUE,TRUE,TRUE,"no_observed_zeros","ok","",""
"Qiita13631ASD","ASD Dan 2020",54,"fourfold","Streptococcus",0.935,0.87,1,87,100,2621,TRUE,TRUE,FALSE,TRUE,TRUE,TRUE,TRUE,"structural_absence_boundary_at_zero","ok","",""
"Qiita13631ASD","ASD Dan 2020",54,"fourfold","Sutterella",1,1,1,100,100,13672,TRUE,TRUE,FALSE,TRUE,TRUE,TRUE,TRUE,"no_observed_zeros","ok","",""
"Qiita13631ASD","ASD Dan 2020",54,"fourfold","Veillonella",0.94,0.88,1,88,100,5959,TRUE,TRUE,FALSE,TRUE,TRUE,TRUE,TRUE,"structural_absence_boundary_at_zero","ok","",""
"Qiita13631ASD","ASD Dan 2020",55,"balanced","[Prevotella]",0.51,0.5,0.52,50,52,1290,TRUE,TRUE,TRUE,FALSE,TRUE,TRUE,TRUE,"ok","ok","",""
"Qiita13631ASD","ASD Dan 2020",55,"balanced","[Ruminococcus]",1,1,1,100,100,12411,TRUE,TRUE,FALSE,TRUE,TRUE,TRUE,TRUE,"no_observed_zeros","ok","",""
"Qiita13631ASD","ASD Dan 2020",55,"balanced","Akkermansia",0.76,0.73,0.79,73,79,2991,TRUE,TRUE,FALSE,TRUE,TRUE,TRUE,TRUE,"structural_absence_boundary_at_zero","ok","",""
"Qiita13631ASD","ASD Dan 2020",55,"balanced","Anaerostipes",0.97,0.94,1,94,100,2705,TRUE,TRUE,TRUE,FALSE,TRUE,TRUE,TRUE,"ok","ok","",""
"Qiita13631ASD","ASD Dan 2020",55,"balanced","Bacteroides",1,1,1,100,100,315886,TRUE,TRUE,FALSE,TRUE,TRUE,TRUE,TRUE,"no_observed_zeros","ok","",""
"Qiita13631ASD","ASD Dan 2020",55,"balanced","Bifidobacterium",0.97,0.97,0.97,97,97,11418,TRUE,TRUE,FALSE,TRUE,TRUE,TRUE,TRUE,"structural_absence_boundary_at_zero","ok","",""
"Qiita13631ASD","ASD Dan 2020",55,"balanced","Bilophila",0.97,0.97,0.97,97,97,1521,TRUE,TRUE,FALSE,TRUE,TRUE,TRUE,TRUE,"structural_absence_boundary_at_zero","ok","",""
"Qiita13631ASD","ASD Dan 2020",55,"balanced","Blautia",1,1,1,100,100,5739,TRUE,TRUE,FALSE,TRUE,TRUE,TRUE,TRUE,"no_observed_zeros","ok","",""
"Qiita13631ASD","ASD Dan 2020",55,"balanced","Clostridium",1,1,1,100,100,8603,TRUE,TRUE,FALSE,TRUE,TRUE,TRUE,TRUE,"no_observed_zeros","ok","",""
"Qiita13631ASD","ASD Dan 2020",55,"balanced","Collinsella",0.775,0.75,0.8,75,80,1011,TRUE,TRUE,FALSE,TRUE,TRUE,TRUE,TRUE,"structural_absence_boundary_at_zero","ok","",""
"Qiita13631ASD","ASD Dan 2020",55,"balanced","Coprococcus",1,1,1,100,100,6954,TRUE,TRUE,FALSE,TRUE,TRUE,TRUE,TRUE,"no_observed_zeros","ok","",""
"Qiita13631ASD","ASD Dan 2020",55,"balanced","Dialister",0.995,0.99,1,99,100,24754,TRUE,TRUE,FALSE,TRUE,TRUE,TRUE,TRUE,"structural_absence_boundary_at_zero","ok","",""
"Qiita13631ASD","ASD Dan 2020",55,"balanced","Dorea",0.99,0.99,0.99,99,99,5487,TRUE,TRUE,TRUE,FALSE,TRUE,TRUE,TRUE,"ok","ok","",""
"Qiita13631ASD","ASD Dan 2020",55,"balanced","Faecalibacterium",1,1,1,100,100,78102,TRUE,TRUE,FALSE,TRUE,TRUE,TRUE,TRUE,"no_observed_zeros","ok","",""
"Qiita13631ASD","ASD Dan 2020",55,"balanced","Fusobacterium",0.525,0.5,0.55,50,55,1326,TRUE,TRUE,FALSE,TRUE,TRUE,TRUE,TRUE,"structural_absence_boundary_at_zero","ok","",""
"Qiita13631ASD","ASD Dan 2020",55,"balanced","Haemophilus",0.97,0.96,0.98,96,98,5057,TRUE,TRUE,FALSE,TRUE,TRUE,TRUE,TRUE,"structural_absence_boundary_at_zero","ok","",""
"Qiita13631ASD","ASD Dan 2020",55,"balanced","Lachnobacterium",0.75,0.71,0.79,71,79,1223,TRUE,TRUE,TRUE,FALSE,TRUE,TRUE,TRUE,"ok","ok","",""
"Qiita13631ASD","ASD Dan 2020",55,"balanced","Lachnospira",1,1,1,100,100,24912,TRUE,TRUE,FALSE,TRUE,TRUE,TRUE,TRUE,"no_observed_zeros","ok","",""
"Qiita13631ASD","ASD Dan 2020",55,"balanced","Megamonas",0.995,0.99,1,99,100,17809,TRUE,TRUE,FALSE,TRUE,TRUE,TRUE,TRUE,"structural_absence_boundary_at_zero","ok","",""
"Qiita13631ASD","ASD Dan 2020",55,"balanced","Megasphaera",0.855,0.82,0.89,82,89,3130,TRUE,TRUE,FALSE,TRUE,TRUE,TRUE,TRUE,"structural_absence_boundary_at_zero","ok","",""
"Qiita13631ASD","ASD Dan 2020",55,"balanced","Oscillospira",1,1,1,100,100,11458,TRUE,TRUE,FALSE,TRUE,TRUE,TRUE,TRUE,"no_observed_zeros","ok","",""
"Qiita13631ASD","ASD Dan 2020",55,"balanced","Parabacteroides",0.995,0.99,1,99,100,23819,TRUE,TRUE,TRUE,FALSE,TRUE,TRUE,TRUE,"ok","ok","",""
"Qiita13631ASD","ASD Dan 2020",55,"balanced","Paraprevotella",0.805,0.81,0.8,81,80,2112,TRUE,TRUE,TRUE,FALSE,TRUE,TRUE,TRUE,"ok","ok","",""
"Qiita13631ASD","ASD Dan 2020",55,"balanced","Phascolarctobacterium",0.995,0.99,1,99,100,10790,TRUE,TRUE,FALSE,TRUE,TRUE,TRUE,TRUE,"structural_absence_boundary_at_zero","ok","",""
"Qiita13631ASD","ASD Dan 2020",55,"balanced","Prevotella",1,1,1,100,100,50886,TRUE,TRUE,FALSE,TRUE,TRUE,TRUE,TRUE,"no_observed_zeros","ok","",""
"Qiita13631ASD","ASD Dan 2020",55,"balanced","Roseburia",1,1,1,100,100,13268,TRUE,TRUE,FALSE,TRUE,TRUE,TRUE,TRUE,"no_observed_zeros","ok","",""
"Qiita13631ASD","ASD Dan 2020",55,"balanced","Ruminococcus",0.995,0.99,1,99,100,29300,TRUE,TRUE,TRUE,FALSE,TRUE,TRUE,TRUE,"ok","ok","",""
"Qiita13631ASD","ASD Dan 2020",55,"balanced","Streptococcus",0.985,0.97,1,97,100,2505,TRUE,TRUE,FALSE,TRUE,TRUE,TRUE,TRUE,"structural_absence_boundary_at_zero","ok","",""
"Qiita13631ASD","ASD Dan 2020",55,"balanced","Sutterella",1,1,1,100,100,14756,TRUE,TRUE,FALSE,TRUE,TRUE,TRUE,TRUE,"no_observed_zeros","ok","",""
"Qiita13631ASD","ASD Dan 2020",55,"balanced","Veillonella",0.985,0.99,0.98,99,98,6723,TRUE,TRUE,FALSE,TRUE,TRUE,TRUE,TRUE,"structural_absence_boundary_at_zero","ok","",""
"Qiita13631ASD","ASD Dan 2020",55,"fourfold","[Prevotella]",0.495,0.39,0.6,39,60,1287,TRUE,TRUE,TRUE,FALSE,TRUE,TRUE,TRUE,"ok","ok","",""
"Qiita13631ASD","ASD Dan 2020",55,"fourfold","[Ruminococcus]",0.995,0.99,1,99,100,11295,TRUE,TRUE,FALSE,TRUE,TRUE,TRUE,TRUE,"structural_absence_boundary_at_zero","ok","",""
"Qiita13631ASD","ASD Dan 2020",55,"fourfold","Akkermansia",0.715,0.59,0.84,59,84,2506,TRUE,TRUE,FALSE,TRUE,TRUE,TRUE,TRUE,"structural_absence_boundary_at_zero","ok","",""
"Qiita13631ASD","ASD Dan 2020",55,"fourfold","Anaerostipes",0.935,0.88,0.99,88,99,2657,TRUE,TRUE,FALSE,TRUE,TRUE,TRUE,TRUE,"structural_absence_boundary_at_zero","ok","",""
"Qiita13631ASD","ASD Dan 2020",55,"fourfold","Bacteroides",1,1,1,100,100,279792,TRUE,TRUE,FALSE,TRUE,TRUE,TRUE,TRUE,"no_observed_zeros","ok","",""
"Qiita13631ASD","ASD Dan 2020",55,"fourfold","Bifidobacterium",0.94,0.89,0.99,89,99,8590,TRUE,TRUE,FALSE,TRUE,TRUE,TRUE,TRUE,"structural_absence_boundary_at_zero","ok","",""
"Qiita13631ASD","ASD Dan 2020",55,"fourfold","Bilophila",0.875,0.77,0.98,77,98,1400,TRUE,TRUE,FALSE,TRUE,TRUE,TRUE,TRUE,"structural_absence_boundary_at_zero","ok","",""
"Qiita13631ASD","ASD Dan 2020",55,"fourfold","Blautia",0.995,0.99,1,99,100,5146,TRUE,TRUE,FALSE,TRUE,TRUE,TRUE,TRUE,"structural_absence_boundary_at_zero","ok","",""
"Qiita13631ASD","ASD Dan 2020",55,"fourfold","Clostridium",1,1,1,100,100,8184,TRUE,TRUE,FALSE,TRUE,TRUE,TRUE,TRUE,"no_observed_zeros","ok","",""
"Qiita13631ASD","ASD Dan 2020",55,"fourfold","Collinsella",0.63,0.47,0.79,47,79,642,TRUE,TRUE,FALSE,TRUE,TRUE,TRUE,TRUE,"structural_absence_boundary_at_zero","ok","",""
"Qiita13631ASD","ASD Dan 2020",55,"fourfold","Coprococcus",0.98,0.96,1,96,100,6802,TRUE,TRUE,TRUE,FALSE,TRUE,TRUE,TRUE,"ok","ok","",""
"Qiita13631ASD","ASD Dan 2020",55,"fourfold","Dialister",0.99,0.98,1,98,100,20738,TRUE,TRUE,FALSE,TRUE,TRUE,TRUE,TRUE,"structural_absence_boundary_at_zero","ok","",""
"Qiita13631ASD","ASD Dan 2020",55,"fourfold","Dorea",0.98,0.96,1,96,100,4632,TRUE,TRUE,FALSE,TRUE,TRUE,TRUE,TRUE,"structural_absence_boundary_at_zero","ok","",""
"Qiita13631ASD","ASD Dan 2020",55,"fourfold","Faecalibacterium",1,1,1,100,100,62473,TRUE,TRUE,FALSE,TRUE,TRUE,TRUE,TRUE,"no_observed_zeros","ok","",""
"Qiita13631ASD","ASD Dan 2020",55,"fourfold","Fusobacterium",0.475,0.31,0.64,31,64,1667,TRUE,TRUE,FALSE,TRUE,TRUE,TRUE,TRUE,"structural_absence_boundary_at_zero","ok","",""
"Qiita13631ASD","ASD Dan 2020",55,"fourfold","Haemophilus",0.93,0.87,0.99,87,99,4068,TRUE,TRUE,FALSE,TRUE,TRUE,TRUE,TRUE,"structural_absence_boundary_at_zero","ok","",""
"Qiita13631ASD","ASD Dan 2020",55,"fourfold","Lachnobacterium",0.66,0.57,0.75,57,75,1078,TRUE,TRUE,TRUE,FALSE,TRUE,TRUE,TRUE,"ok","ok","",""
"Qiita13631ASD","ASD Dan 2020",55,"fourfold","Lachnospira",1,1,1,100,100,23808,TRUE,TRUE,FALSE,TRUE,TRUE,TRUE,TRUE,"no_observed_zeros","ok","",""
"Qiita13631ASD","ASD Dan 2020",55,"fourfold","Megamonas",0.98,0.96,1,96,100,15960,TRUE,TRUE,FALSE,TRUE,TRUE,TRUE,TRUE,"structural_absence_boundary_at_zero","ok","",""
"Qiita13631ASD","ASD Dan 2020",55,"fourfold","Megasphaera",0.815,0.72,0.91,72,91,4455,TRUE,TRUE,FALSE,TRUE,TRUE,TRUE,TRUE,"structural_absence_boundary_at_zero","ok","",""
"Qiita13631ASD","ASD Dan 2020",55,"fourfold","Oscillospira",1,1,1,100,100,10180,TRUE,TRUE,FALSE,TRUE,TRUE,TRUE,TRUE,"no_observed_zeros","ok","",""
"Qiita13631ASD","ASD Dan 2020",55,"fourfold","Parabacteroides",0.995,0.99,1,99,100,21863,TRUE,TRUE,TRUE,FALSE,TRUE,TRUE,TRUE,"ok","ok","",""
"Qiita13631ASD","ASD Dan 2020",55,"fourfold","Paraprevotella",0.705,0.56,0.85,56,85,2110,TRUE,TRUE,TRUE,FALSE,TRUE,TRUE,TRUE,"ok","ok","",""
"Qiita13631ASD","ASD Dan 2020",55,"fourfold","Phascolarctobacterium",0.985,0.97,1,97,100,9487,TRUE,TRUE,FALSE,TRUE,TRUE,TRUE,TRUE,"structural_absence_boundary_at_zero","ok","",""
"Qiita13631ASD","ASD Dan 2020",55,"fourfold","Prevotella",0.99,0.98,1,98,100,44905,TRUE,TRUE,FALSE,TRUE,TRUE,TRUE,TRUE,"structural_absence_boundary_at_zero","ok","",""
"Qiita13631ASD","ASD Dan 2020",55,"fourfold","Roseburia",0.995,0.99,1,99,100,11051,TRUE,TRUE,TRUE,FALSE,TRUE,TRUE,TRUE,"ok","ok","",""
"Qiita13631ASD","ASD Dan 2020",55,"fourfold","Ruminococcus",0.995,0.99,1,99,100,23484,TRUE,TRUE,TRUE,FALSE,TRUE,TRUE,TRUE,"ok","ok","",""
"Qiita13631ASD","ASD Dan 2020",55,"fourfold","Streptococcus",0.925,0.86,0.99,86,99,2281,TRUE,TRUE,FALSE,TRUE,TRUE,TRUE,TRUE,"structural_absence_boundary_at_zero","ok","",""
"Qiita13631ASD","ASD Dan 2020",55,"fourfold","Sutterella",0.995,0.99,1,99,100,11932,TRUE,TRUE,TRUE,FALSE,TRUE,TRUE,TRUE,"ok","ok","",""
"Qiita13631ASD","ASD Dan 2020",55,"fourfold","Veillonella",0.965,0.95,0.98,95,98,6341,TRUE,TRUE,FALSE,TRUE,TRUE,TRUE,TRUE,"structural_absence_boundary_at_zero","ok","",""
"Qiita13631ASD","ASD Dan 2020",56,"balanced","[Prevotella]",0.54,0.58,0.5,58,50,1346,TRUE,TRUE,TRUE,FALSE,TRUE,TRUE,TRUE,"ok","ok","",""
"Qiita13631ASD","ASD Dan 2020",56,"balanced","[Ruminococcus]",1,1,1,100,100,11579,TRUE,TRUE,FALSE,TRUE,TRUE,TRUE,TRUE,"no_observed_zeros","ok","",""
"Qiita13631ASD","ASD Dan 2020",56,"balanced","Akkermansia",0.825,0.85,0.8,85,80,3653,TRUE,TRUE,FALSE,TRUE,TRUE,TRUE,TRUE,"structural_absence_boundary_at_zero","ok","",""
"Qiita13631ASD","ASD Dan 2020",56,"balanced","Anaerostipes",0.965,0.99,0.94,99,94,2770,TRUE,TRUE,TRUE,FALSE,TRUE,TRUE,TRUE,"ok","ok","",""
"Qiita13631ASD","ASD Dan 2020",56,"balanced","Bacteroides",1,1,1,100,100,312878,TRUE,TRUE,FALSE,TRUE,TRUE,TRUE,TRUE,"no_observed_zeros","ok","",""
"Qiita13631ASD","ASD Dan 2020",56,"balanced","Bifidobacterium",0.975,0.97,0.98,97,98,10649,TRUE,TRUE,FALSE,TRUE,TRUE,TRUE,TRUE,"structural_absence_boundary_at_zero","ok","",""
"Qiita13631ASD","ASD Dan 2020",56,"balanced","Bilophila",0.97,0.98,0.96,98,96,1536,TRUE,TRUE,FALSE,TRUE,TRUE,TRUE,TRUE,"structural_absence_boundary_at_zero","ok","",""
"Qiita13631ASD","ASD Dan 2020",56,"balanced","Blautia",1,1,1,100,100,5591,TRUE,TRUE,FALSE,TRUE,TRUE,TRUE,TRUE,"no_observed_zeros","ok","",""
"Qiita13631ASD","ASD Dan 2020",56,"balanced","Clostridium",1,1,1,100,100,9058,TRUE,TRUE,FALSE,TRUE,TRUE,TRUE,TRUE,"no_observed_zeros","ok","",""
"Qiita13631ASD","ASD Dan 2020",56,"balanced","Collinsella",0.75,0.78,0.72,78,72,1035,TRUE,TRUE,FALSE,TRUE,TRUE,TRUE,TRUE,"structural_absence_boundary_at_zero","ok","",""
"Qiita13631ASD","ASD Dan 2020",56,"balanced","Coprococcus",0.995,1,0.99,100,99,6767,TRUE,TRUE,TRUE,FALSE,TRUE,TRUE,TRUE,"ok","ok","",""
"Qiita13631ASD","ASD Dan 2020",56,"balanced","Dialister",0.995,1,0.99,100,99,21738,TRUE,TRUE,FALSE,TRUE,TRUE,TRUE,TRUE,"structural_absence_boundary_at_zero","ok","",""
"Qiita13631ASD","ASD Dan 2020",56,"balanced","Dorea",0.99,1,0.98,100,98,5063,TRUE,TRUE,TRUE,FALSE,TRUE,TRUE,TRUE,"ok","ok","",""
"Qiita13631ASD","ASD Dan 2020",56,"balanced","Faecalibacterium",1,1,1,100,100,80963,TRUE,TRUE,FALSE,TRUE,TRUE,TRUE,TRUE,"no_observed_zeros","ok","",""
"Qiita13631ASD","ASD Dan 2020",56,"balanced","Fusobacterium",0.48,0.54,0.42,54,42,1274,TRUE,TRUE,FALSE,TRUE,TRUE,TRUE,TRUE,"structural_absence_boundary_at_zero","ok","",""
"Qiita13631ASD","ASD Dan 2020",56,"balanced","Haemophilus",0.965,0.97,0.96,97,96,4819,TRUE,TRUE,FALSE,TRUE,TRUE,TRUE,TRUE,"structural_absence_boundary_at_zero","ok","",""
"Qiita13631ASD","ASD Dan 2020",56,"balanced","Lachnobacterium",0.745,0.8,0.69,80,69,1168,TRUE,TRUE,TRUE,FALSE,TRUE,TRUE,TRUE,"ok","ok","",""
"Qiita13631ASD","ASD Dan 2020",56,"balanced","Lachnospira",1,1,1,100,100,24755,TRUE,TRUE,FALSE,TRUE,TRUE,TRUE,TRUE,"no_observed_zeros","ok","",""
"Qiita13631ASD","ASD Dan 2020",56,"balanced","Megamonas",0.985,0.98,0.99,98,99,17096,TRUE,TRUE,FALSE,TRUE,TRUE,TRUE,TRUE,"structural_absence_boundary_at_zero","ok","",""
"Qiita13631ASD","ASD Dan 2020",56,"balanced","Megasphaera",0.885,0.87,0.9,87,90,3164,TRUE,TRUE,FALSE,TRUE,TRUE,TRUE,TRUE,"structural_absence_boundary_at_zero","ok","",""
"Qiita13631ASD","ASD Dan 2020",56,"balanced","Oscillospira",1,1,1,100,100,11250,TRUE,TRUE,FALSE,TRUE,TRUE,TRUE,TRUE,"no_observed_zeros","ok","",""
"Qiita13631ASD","ASD Dan 2020",56,"balanced","Parabacteroides",1,1,1,100,100,24485,TRUE,TRUE,FALSE,TRUE,TRUE,TRUE,TRUE,"no_observed_zeros","ok","",""
"Qiita13631ASD","ASD Dan 2020",56,"balanced","Paraprevotella",0.82,0.88,0.76,88,76,2217,TRUE,TRUE,TRUE,FALSE,TRUE,TRUE,TRUE,"ok","ok","",""
"Qiita13631ASD","ASD Dan 2020",56,"balanced","Phascolarctobacterium",1,1,1,100,100,9638,TRUE,TRUE,FALSE,TRUE,TRUE,TRUE,TRUE,"no_observed_zeros","ok","",""
"Qiita13631ASD","ASD Dan 2020",56,"balanced","Prevotella",1,1,1,100,100,51619,TRUE,TRUE,FALSE,TRUE,TRUE,TRUE,TRUE,"no_observed_zeros","ok","",""
"Qiita13631ASD","ASD Dan 2020",56,"balanced","Roseburia",1,1,1,100,100,13236,TRUE,TRUE,FALSE,TRUE,TRUE,TRUE,TRUE,"no_observed_zeros","ok","",""
"Qiita13631ASD","ASD Dan 2020",56,"balanced","Ruminococcus",1,1,1,100,100,27355,TRUE,TRUE,FALSE,TRUE,TRUE,TRUE,TRUE,"no_observed_zeros","ok","",""
"Qiita13631ASD","ASD Dan 2020",56,"balanced","Streptococcus",0.985,0.99,0.98,99,98,2685,TRUE,TRUE,FALSE,TRUE,TRUE,TRUE,TRUE,"structural_absence_boundary_at_zero","ok","",""
"Qiita13631ASD","ASD Dan 2020",56,"balanced","Sutterella",1,1,1,100,100,14285,TRUE,TRUE,FALSE,TRUE,TRUE,TRUE,TRUE,"no_observed_zeros","ok","",""
"Qiita13631ASD","ASD Dan 2020",56,"balanced","Veillonella",1,1,1,100,100,5723,TRUE,TRUE,FALSE,TRUE,TRUE,TRUE,TRUE,"no_observed_zeros","ok","",""
"Qiita13631ASD","ASD Dan 2020",56,"fourfold","[Prevotella]",0.45,0.41,0.49,41,49,1008,TRUE,TRUE,TRUE,FALSE,TRUE,TRUE,TRUE,"ok","ok","",""
"Qiita13631ASD","ASD Dan 2020",56,"fourfold","[Ruminococcus]",1,1,1,100,100,10113,TRUE,TRUE,FALSE,TRUE,TRUE,TRUE,TRUE,"no_observed_zeros","ok","",""
"Qiita13631ASD","ASD Dan 2020",56,"fourfold","Akkermansia",0.745,0.66,0.83,66,83,3197,TRUE,TRUE,FALSE,TRUE,TRUE,TRUE,TRUE,"structural_absence_boundary_at_zero","ok","",""
"Qiita13631ASD","ASD Dan 2020",56,"fourfold","Anaerostipes",0.95,0.91,0.99,91,99,2660,TRUE,TRUE,TRUE,FALSE,TRUE,TRUE,TRUE,"ok","ok","",""
"Qiita13631ASD","ASD Dan 2020",56,"fourfold","Bacteroides",1,1,1,100,100,278186,TRUE,TRUE,FALSE,TRUE,TRUE,TRUE,TRUE,"no_observed_zeros","ok","",""
"Qiita13631ASD","ASD Dan 2020",56,"fourfold","Bifidobacterium",0.91,0.84,0.98,84,98,8963,TRUE,TRUE,FALSE,TRUE,TRUE,TRUE,TRUE,"structural_absence_boundary_at_zero","ok","",""
"Qiita13631ASD","ASD Dan 2020",56,"fourfold","Bilophila",0.89,0.79,0.99,79,99,1443,TRUE,TRUE,FALSE,TRUE,TRUE,TRUE,TRUE,"structural_absence_boundary_at_zero","ok","",""
"Qiita13631ASD","ASD Dan 2020",56,"fourfold","Blautia",0.995,0.99,1,99,100,4866,TRUE,TRUE,FALSE,TRUE,TRUE,TRUE,TRUE,"structural_absence_boundary_at_zero","ok","",""
"Qiita13631ASD","ASD Dan 2020",56,"fourfold","Clostridium",0.99,0.98,1,98,100,7944,TRUE,TRUE,FALSE,TRUE,TRUE,TRUE,TRUE,"structural_absence_boundary_at_zero","ok","",""
"Qiita13631ASD","ASD Dan 2020",56,"fourfold","Collinsella",0.615,0.46,0.77,46,77,880,TRUE,TRUE,FALSE,TRUE,TRUE,TRUE,TRUE,"structural_absence_boundary_at_zero","ok","",""
"Qiita13631ASD","ASD Dan 2020",56,"fourfold","Coprococcus",1,1,1,100,100,6420,TRUE,TRUE,FALSE,TRUE,TRUE,TRUE,TRUE,"no_observed_zeros","ok","",""
"Qiita13631ASD","ASD Dan 2020",56,"fourfold","Dialister",0.995,0.99,1,99,100,20247,TRUE,TRUE,FALSE,TRUE,TRUE,TRUE,TRUE,"structural_absence_boundary_at_zero","ok","",""
"Qiita13631ASD","ASD Dan 2020",56,"fourfold","Dorea",0.995,0.99,1,99,100,4687,TRUE,TRUE,FALSE,TRUE,TRUE,TRUE,TRUE,"structural_absence_boundary_at_zero","ok","",""
"Qiita13631ASD","ASD Dan 2020",56,"fourfold","Faecalibacterium",1,1,1,100,100,71623,TRUE,TRUE,FALSE,TRUE,TRUE,TRUE,TRUE,"no_observed_zeros","ok","",""
"Qiita13631ASD","ASD Dan 2020",56,"fourfold","Fusobacterium",0.445,0.31,0.58,31,58,2307,TRUE,TRUE,FALSE,TRUE,TRUE,TRUE,TRUE,"structural_absence_boundary_at_zero","ok","",""
"Qiita13631ASD","ASD Dan 2020",56,"fourfold","Haemophilus",0.925,0.85,1,85,100,4727,TRUE,TRUE,FALSE,TRUE,TRUE,TRUE,TRUE,"structural_absence_boundary_at_zero","ok","",""
"Qiita13631ASD","ASD Dan 2020",56,"fourfold","Lachnobacterium",0.665,0.54,0.79,54,79,1103,TRUE,TRUE,TRUE,FALSE,TRUE,TRUE,TRUE,"ok","ok","",""
"Qiita13631ASD","ASD Dan 2020",56,"fourfold","Lachnospira",1,1,1,100,100,23793,TRUE,TRUE,FALSE,TRUE,TRUE,TRUE,TRUE,"no_observed_zeros","ok","",""
"Qiita13631ASD","ASD Dan 2020",56,"fourfold","Megamonas",0.96,0.92,1,92,100,19063,TRUE,TRUE,FALSE,TRUE,TRUE,TRUE,TRUE,"structural_absence_boundary_at_zero","ok","",""
"Qiita13631ASD","ASD Dan 2020",56,"fourfold","Megasphaera",0.82,0.73,0.91,73,91,3047,TRUE,TRUE,FALSE,TRUE,TRUE,TRUE,TRUE,"structural_absence_boundary_at_zero","ok","",""
"Qiita13631ASD","ASD Dan 2020",56,"fourfold","Oscillospira",1,1,1,100,100,9928,TRUE,TRUE,FALSE,TRUE,TRUE,TRUE,TRUE,"no_observed_zeros","ok","",""
"Qiita13631ASD","ASD Dan 2020",56,"fourfold","Parabacteroides",1,1,1,100,100,21071,TRUE,TRUE,FALSE,TRUE,TRUE,TRUE,TRUE,"no_observed_zeros","ok","",""
"Qiita13631ASD","ASD Dan 2020",56,"fourfold","Paraprevotella",0.77,0.67,0.87,67,87,1574,TRUE,TRUE,FALSE,TRUE,TRUE,TRUE,TRUE,"structural_absence_boundary_at_zero","ok","",""
"Qiita13631ASD","ASD Dan 2020",56,"fourfold","Phascolarctobacterium",0.96,0.92,1,92,100,10284,TRUE,TRUE,FALSE,TRUE,TRUE,TRUE,TRUE,"structural_absence_boundary_at_zero","ok","",""
"Qiita13631ASD","ASD Dan 2020",56,"fourfold","Prevotella",0.99,0.98,1,98,100,51618,TRUE,TRUE,FALSE,TRUE,TRUE,TRUE,TRUE,"structural_absence_boundary_at_zero","ok","",""
"Qiita13631ASD","ASD Dan 2020",56,"fourfold","Roseburia",1,1,1,100,100,11660,TRUE,TRUE,FALSE,TRUE,TRUE,TRUE,TRUE,"no_observed_zeros","ok","",""
"Qiita13631ASD","ASD Dan 2020",56,"fourfold","Ruminococcus",0.995,0.99,1,99,100,25730,TRUE,TRUE,TRUE,FALSE,TRUE,TRUE,TRUE,"ok","ok","",""
"Qiita13631ASD","ASD Dan 2020",56,"fourfold","Streptococcus",0.925,0.86,0.99,86,99,2209,TRUE,TRUE,FALSE,TRUE,TRUE,TRUE,TRUE,"structural_absence_boundary_at_zero","ok","",""
"Qiita13631ASD","ASD Dan 2020",56,"fourfold","Sutterella",1,1,1,100,100,13551,TRUE,TRUE,FALSE,TRUE,TRUE,TRUE,TRUE,"no_observed_zeros","ok","",""
"Qiita13631ASD","ASD Dan 2020",56,"fourfold","Veillonella",0.965,0.94,0.99,94,99,5331,TRUE,TRUE,FALSE,TRUE,TRUE,TRUE,TRUE,"structural_absence_boundary_at_zero","ok","",""
"Qiita13631ASD","ASD Dan 2020",57,"balanced","[Prevotella]",0.55,0.52,0.58,52,58,1102,TRUE,TRUE,TRUE,FALSE,TRUE,TRUE,TRUE,"ok","ok","",""
"Qiita13631ASD","ASD Dan 2020",57,"balanced","[Ruminococcus]",1,1,1,100,100,11942,TRUE,TRUE,FALSE,TRUE,TRUE,TRUE,TRUE,"no_observed_zeros","ok","",""
"Qiita13631ASD","ASD Dan 2020",57,"balanced","Akkermansia",0.765,0.79,0.74,79,74,3270,TRUE,TRUE,FALSE,TRUE,TRUE,TRUE,TRUE,"structural_absence_boundary_at_zero","ok","",""
"Qiita13631ASD","ASD Dan 2020",57,"balanced","Anaerostipes",0.99,0.99,0.99,99,99,2797,TRUE,TRUE,FALSE,TRUE,TRUE,TRUE,TRUE,"structural_absence_boundary_at_zero","ok","",""
"Qiita13631ASD","ASD Dan 2020",57,"balanced","Bacteroides",1,1,1,100,100,305956,TRUE,TRUE,FALSE,TRUE,TRUE,TRUE,TRUE,"no_observed_zeros","ok","",""
"Qiita13631ASD","ASD Dan 2020",57,"balanced","Bifidobacterium",0.975,0.96,0.99,96,99,8023,TRUE,TRUE,FALSE,TRUE,TRUE,TRUE,TRUE,"structural_absence_boundary_at_zero","ok","",""
"Qiita13631ASD","ASD Dan 2020",57,"balanced","Bilophila",0.955,0.93,0.98,93,98,1520,TRUE,TRUE,FALSE,TRUE,TRUE,TRUE,TRUE,"structural_absence_boundary_at_zero","ok","",""
"Qiita13631ASD","ASD Dan 2020",57,"balanced","Blautia",1,1,1,100,100,5320,TRUE,TRUE,FALSE,TRUE,TRUE,TRUE,TRUE,"no_observed_zeros","ok","",""
"Qiita13631ASD","ASD Dan 2020",57,"balanced","Clostridium",1,1,1,100,100,9463,TRUE,TRUE,FALSE,TRUE,TRUE,TRUE,TRUE,"no_observed_zeros","ok","",""
"Qiita13631ASD","ASD Dan 2020",57,"balanced","Collinsella",0.735,0.7,0.77,70,77,809,TRUE,TRUE,FALSE,TRUE,TRUE,TRUE,TRUE,"structural_absence_boundary_at_zero","ok","",""
"Qiita13631ASD","ASD Dan 2020",57,"balanced","Coprococcus",0.99,0.99,0.99,99,99,6721,TRUE,TRUE,TRUE,FALSE,TRUE,TRUE,TRUE,"ok","ok","",""
"Qiita13631ASD","ASD Dan 2020",57,"balanced","Dialister",1,1,1,100,100,21590,TRUE,TRUE,FALSE,TRUE,TRUE,TRUE,TRUE,"no_observed_zeros","ok","",""
"Qiita13631ASD","ASD Dan 2020",57,"balanced","Dorea",0.995,1,0.99,100,99,5129,TRUE,TRUE,FALSE,TRUE,TRUE,TRUE,TRUE,"structural_absence_boundary_at_zero","ok","",""
"Qiita13631ASD","ASD Dan 2020",57,"balanced","Faecalibacterium",1,1,1,100,100,74903,TRUE,TRUE,FALSE,TRUE,TRUE,TRUE,TRUE,"no_observed_zeros","ok","",""
"Qiita13631ASD","ASD Dan 2020",57,"balanced","Fusobacterium",0.52,0.54,0.5,54,50,2332,TRUE,TRUE,FALSE,TRUE,TRUE,TRUE,TRUE,"structural_absence_boundary_at_zero","ok","",""
"Qiita13631ASD","ASD Dan 2020",57,"balanced","Haemophilus",0.965,0.97,0.96,97,96,5281,TRUE,TRUE,FALSE,TRUE,TRUE,TRUE,TRUE,"structural_absence_boundary_at_zero","ok","",""
"Qiita13631ASD","ASD Dan 2020",57,"balanced","Lachnobacterium",0.705,0.66,0.75,66,75,1166,TRUE,TRUE,TRUE,FALSE,TRUE,TRUE,TRUE,"ok","ok","",""
"Qiita13631ASD","ASD Dan 2020",57,"balanced","Lachnospira",1,1,1,100,100,25029,TRUE,TRUE,FALSE,TRUE,TRUE,TRUE,TRUE,"no_observed_zeros","ok","",""
"Qiita13631ASD","ASD Dan 2020",57,"balanced","Megamonas",0.99,0.99,0.99,99,99,16583,TRUE,TRUE,FALSE,TRUE,TRUE,TRUE,TRUE,"structural_absence_boundary_at_zero","ok","",""
"Qiita13631ASD","ASD Dan 2020",57,"balanced","Megasphaera",0.82,0.86,0.78,86,78,3274,TRUE,TRUE,TRUE,FALSE,TRUE,TRUE,TRUE,"ok","ok","",""
"Qiita13631ASD","ASD Dan 2020",57,"balanced","Oscillospira",1,1,1,100,100,11201,TRUE,TRUE,FALSE,TRUE,TRUE,TRUE,TRUE,"no_observed_zeros","ok","",""
"Qiita13631ASD","ASD Dan 2020",57,"balanced","Parabacteroides",0.995,0.99,1,99,100,23741,TRUE,TRUE,TRUE,FALSE,TRUE,TRUE,TRUE,"ok","ok","",""
"Qiita13631ASD","ASD Dan 2020",57,"balanced","Paraprevotella",0.82,0.81,0.83,81,83,1845,TRUE,TRUE,TRUE,FALSE,TRUE,TRUE,TRUE,"ok","ok","",""
"Qiita13631ASD","ASD Dan 2020",57,"balanced","Phascolarctobacterium",0.995,0.99,1,99,100,10118,TRUE,TRUE,FALSE,TRUE,TRUE,TRUE,TRUE,"structural_absence_boundary_at_zero","ok","",""
"Qiita13631ASD","ASD Dan 2020",57,"balanced","Prevotella",1,1,1,100,100,48945,TRUE,TRUE,FALSE,TRUE,TRUE,TRUE,TRUE,"no_observed_zeros","ok","",""
"Qiita13631ASD","ASD Dan 2020",57,"balanced","Roseburia",1,1,1,100,100,13026,TRUE,TRUE,FALSE,TRUE,TRUE,TRUE,TRUE,"no_observed_zeros","ok","",""
"Qiita13631ASD","ASD Dan 2020",57,"balanced","Ruminococcus",1,1,1,100,100,27397,TRUE,TRUE,FALSE,TRUE,TRUE,TRUE,TRUE,"no_observed_zeros","ok","",""
"Qiita13631ASD","ASD Dan 2020",57,"balanced","Streptococcus",0.99,0.99,0.99,99,99,2408,TRUE,TRUE,TRUE,FALSE,TRUE,TRUE,TRUE,"ok","ok","",""
"Qiita13631ASD","ASD Dan 2020",57,"balanced","Sutterella",1,1,1,100,100,14138,TRUE,TRUE,FALSE,TRUE,TRUE,TRUE,TRUE,"no_observed_zeros","ok","",""
"Qiita13631ASD","ASD Dan 2020",57,"balanced","Veillonella",0.99,1,0.98,100,98,7452,TRUE,TRUE,FALSE,TRUE,TRUE,TRUE,TRUE,"structural_absence_boundary_at_zero","ok","",""
"Qiita13631ASD","ASD Dan 2020",57,"fourfold","[Prevotella]",0.485,0.34,0.63,34,63,1307,TRUE,TRUE,TRUE,FALSE,TRUE,TRUE,TRUE,"ok","ok","",""
"Qiita13631ASD","ASD Dan 2020",57,"fourfold","[Ruminococcus]",1,1,1,100,100,10730,TRUE,TRUE,FALSE,TRUE,TRUE,TRUE,TRUE,"no_observed_zeros","ok","",""
"Qiita13631ASD","ASD Dan 2020",57,"fourfold","Akkermansia",0.73,0.59,0.87,59,87,3570,TRUE,TRUE,FALSE,TRUE,TRUE,TRUE,TRUE,"structural_absence_boundary_at_zero","ok","",""
"Qiita13631ASD","ASD Dan 2020",57,"fourfold","Anaerostipes",0.895,0.81,0.98,81,98,2382,TRUE,TRUE,TRUE,FALSE,TRUE,TRUE,TRUE,"ok","ok","",""
"Qiita13631ASD","ASD Dan 2020",57,"fourfold","Bacteroides",1,1,1,100,100,292754,TRUE,TRUE,FALSE,TRUE,TRUE,TRUE,TRUE,"no_observed_zeros","ok","",""
"Qiita13631ASD","ASD Dan 2020",57,"fourfold","Bifidobacterium",0.955,0.92,0.99,92,99,8978,TRUE,TRUE,FALSE,TRUE,TRUE,TRUE,TRUE,"structural_absence_boundary_at_zero","ok","",""
"Qiita13631ASD","ASD Dan 2020",57,"fourfold","Bilophila",0.885,0.78,0.99,78,99,1368,TRUE,TRUE,FALSE,TRUE,TRUE,TRUE,TRUE,"structural_absence_boundary_at_zero","ok","",""
"Qiita13631ASD","ASD Dan 2020",57,"fourfold","Blautia",0.995,0.99,1,99,100,4737,TRUE,TRUE,FALSE,TRUE,TRUE,TRUE,TRUE,"structural_absence_boundary_at_zero","ok","",""
"Qiita13631ASD","ASD Dan 2020",57,"fourfold","Clostridium",0.99,0.98,1,98,100,7528,TRUE,TRUE,FALSE,TRUE,TRUE,TRUE,TRUE,"structural_absence_boundary_at_zero","ok","",""
"Qiita13631ASD","ASD Dan 2020",57,"fourfold","Collinsella",0.67,0.49,0.85,49,85,938,TRUE,TRUE,FALSE,TRUE,TRUE,TRUE,TRUE,"structural_absence_boundary_at_zero","ok","",""
"Qiita13631ASD","ASD Dan 2020",57,"fourfold","Coprococcus",0.99,0.98,1,98,100,6545,TRUE,TRUE,TRUE,FALSE,TRUE,TRUE,TRUE,"ok","ok","",""
"Qiita13631ASD","ASD Dan 2020",57,"fourfold","Dialister",0.99,0.98,1,98,100,23981,TRUE,TRUE,FALSE,TRUE,TRUE,TRUE,TRUE,"structural_absence_boundary_at_zero","ok","",""
"Qiita13631ASD","ASD Dan 2020",57,"fourfold","Dorea",0.99,0.98,1,98,100,4652,TRUE,TRUE,FALSE,TRUE,TRUE,TRUE,TRUE,"structural_absence_boundary_at_zero","ok","",""
"Qiita13631ASD","ASD Dan 2020",57,"fourfold","Faecalibacterium",1,1,1,100,100,72777,TRUE,TRUE,FALSE,TRUE,TRUE,TRUE,TRUE,"no_observed_zeros","ok","",""
"Qiita13631ASD","ASD Dan 2020",57,"fourfold","Fusobacterium",0.465,0.35,0.58,35,58,801,TRUE,TRUE,FALSE,TRUE,TRUE,TRUE,TRUE,"structural_absence_boundary_at_zero","ok","",""
"Qiita13631ASD","ASD Dan 2020",57,"fourfold","Haemophilus",0.875,0.76,0.99,76,99,3568,TRUE,TRUE,FALSE,TRUE,TRUE,TRUE,TRUE,"structural_absence_boundary_at_zero","ok","",""
"Qiita13631ASD","ASD Dan 2020",57,"fourfold","Lachnobacterium",0.645,0.5,0.79,50,79,1370,TRUE,TRUE,TRUE,FALSE,TRUE,TRUE,TRUE,"ok","ok","",""
"Qiita13631ASD","ASD Dan 2020",57,"fourfold","Lachnospira",1,1,1,100,100,22099,TRUE,TRUE,FALSE,TRUE,TRUE,TRUE,TRUE,"no_observed_zeros","ok","",""
"Qiita13631ASD","ASD Dan 2020",57,"fourfold","Megamonas",0.975,0.95,1,95,100,14528,TRUE,TRUE,FALSE,TRUE,TRUE,TRUE,TRUE,"structural_absence_boundary_at_zero","ok","",""
"Qiita13631ASD","ASD Dan 2020",57,"fourfold","Megasphaera",0.8,0.7,0.9,70,90,4409,TRUE,TRUE,FALSE,TRUE,TRUE,TRUE,TRUE,"structural_absence_boundary_at_zero","ok","",""
"Qiita13631ASD","ASD Dan 2020",57,"fourfold","Oscillospira",1,1,1,100,100,10393,TRUE,TRUE,FALSE,TRUE,TRUE,TRUE,TRUE,"no_observed_zeros","ok","",""
"Qiita13631ASD","ASD Dan 2020",57,"fourfold","Parabacteroides",1,1,1,100,100,20243,TRUE,TRUE,FALSE,TRUE,TRUE,TRUE,TRUE,"no_observed_zeros","ok","",""
"Qiita13631ASD","ASD Dan 2020",57,"fourfold","Paraprevotella",0.755,0.62,0.89,62,89,2344,TRUE,TRUE,TRUE,FALSE,TRUE,TRUE,TRUE,"ok","ok","",""
"Qiita13631ASD","ASD Dan 2020",57,"fourfold","Phascolarctobacterium",0.97,0.94,1,94,100,9616,TRUE,TRUE,FALSE,TRUE,TRUE,TRUE,TRUE,"structural_absence_boundary_at_zero","ok","",""
"Qiita13631ASD","ASD Dan 2020",57,"fourfold","Prevotella",0.985,0.98,0.99,98,99,50315,TRUE,TRUE,FALSE,TRUE,TRUE,TRUE,TRUE,"structural_absence_boundary_at_zero","ok","",""
"Qiita13631ASD","ASD Dan 2020",57,"fourfold","Roseburia",0.995,0.99,1,99,100,11492,TRUE,TRUE,FALSE,TRUE,TRUE,TRUE,TRUE,"structural_absence_boundary_at_zero","ok","",""
"Qiita13631ASD","ASD Dan 2020",57,"fourfold","Ruminococcus",0.995,0.99,1,99,100,26714,TRUE,TRUE,TRUE,FALSE,TRUE,TRUE,TRUE,"ok","ok","",""
"Qiita13631ASD","ASD Dan 2020",57,"fourfold","Streptococcus",0.915,0.83,1,83,100,2128,TRUE,TRUE,FALSE,TRUE,TRUE,TRUE,TRUE,"structural_absence_boundary_at_zero","ok","",""
"Qiita13631ASD","ASD Dan 2020",57,"fourfold","Sutterella",1,1,1,100,100,12966,TRUE,TRUE,FALSE,TRUE,TRUE,TRUE,TRUE,"no_observed_zeros","ok","",""
"Qiita13631ASD","ASD Dan 2020",57,"fourfold","Veillonella",0.97,0.94,1,94,100,5010,TRUE,TRUE,FALSE,TRUE,TRUE,TRUE,TRUE,"structural_absence_boundary_at_zero","ok","",""
"Qiita13631ASD","ASD Dan 2020",58,"balanced","[Prevotella]",0.52,0.54,0.5,54,50,1495,TRUE,TRUE,TRUE,FALSE,TRUE,TRUE,TRUE,"ok","ok","",""
"Qiita13631ASD","ASD Dan 2020",58,"balanced","[Ruminococcus]",1,1,1,100,100,12111,TRUE,TRUE,FALSE,TRUE,TRUE,TRUE,TRUE,"no_observed_zeros","ok","",""
"Qiita13631ASD","ASD Dan 2020",58,"balanced","Akkermansia",0.82,0.78,0.86,78,86,4268,TRUE,TRUE,FALSE,TRUE,TRUE,TRUE,TRUE,"structural_absence_boundary_at_zero","ok","",""
"Qiita13631ASD","ASD Dan 2020",58,"balanced","Anaerostipes",0.97,0.98,0.96,98,96,2811,TRUE,TRUE,TRUE,FALSE,TRUE,TRUE,TRUE,"ok","ok","",""
"Qiita13631ASD","ASD Dan 2020",58,"balanced","Bacteroides",1,1,1,100,100,324428,TRUE,TRUE,FALSE,TRUE,TRUE,TRUE,TRUE,"no_observed_zeros","ok","",""
"Qiita13631ASD","ASD Dan 2020",58,"balanced","Bifidobacterium",0.95,0.95,0.95,95,95,9044,TRUE,TRUE,FALSE,TRUE,TRUE,TRUE,TRUE,"structural_absence_boundary_at_zero","ok","",""
"Qiita13631ASD","ASD Dan 2020",58,"balanced","Bilophila",0.95,0.94,0.96,94,96,1556,TRUE,TRUE,TRUE,FALSE,TRUE,TRUE,TRUE,"ok","ok","",""
"Qiita13631ASD","ASD Dan 2020",58,"balanced","Blautia",1,1,1,100,100,5864,TRUE,TRUE,FALSE,TRUE,TRUE,TRUE,TRUE,"no_observed_zeros","ok","",""
"Qiita13631ASD","ASD Dan 2020",58,"balanced","Clostridium",1,1,1,100,100,9635,TRUE,TRUE,FALSE,TRUE,TRUE,TRUE,TRUE,"no_observed_zeros","ok","",""
"Qiita13631ASD","ASD Dan 2020",58,"balanced","Collinsella",0.8,0.83,0.77,83,77,759,TRUE,TRUE,FALSE,TRUE,TRUE,TRUE,TRUE,"structural_absence_boundary_at_zero","ok","",""
"Qiita13631ASD","ASD Dan 2020",58,"balanced","Coprococcus",1,1,1,100,100,7057,TRUE,TRUE,FALSE,TRUE,TRUE,TRUE,TRUE,"no_observed_zeros","ok","",""
"Qiita13631ASD","ASD Dan 2020",58,"balanced","Dialister",1,1,1,100,100,24471,TRUE,TRUE,FALSE,TRUE,TRUE,TRUE,TRUE,"no_observed_zeros","ok","",""
"Qiita13631ASD","ASD Dan 2020",58,"balanced","Dorea",1,1,1,100,100,5511,TRUE,TRUE,FALSE,TRUE,TRUE,TRUE,TRUE,"no_observed_zeros","ok","",""
"Qiita13631ASD","ASD Dan 2020",58,"balanced","Faecalibacterium",1,1,1,100,100,79693,TRUE,TRUE,FALSE,TRUE,TRUE,TRUE,TRUE,"no_observed_zeros","ok","",""
"Qiita13631ASD","ASD Dan 2020",58,"balanced","Fusobacterium",0.49,0.53,0.45,53,45,1517,TRUE,TRUE,FALSE,TRUE,TRUE,TRUE,TRUE,"structural_absence_boundary_at_zero","ok","",""
"Qiita13631ASD","ASD Dan 2020",58,"balanced","Haemophilus",0.955,0.95,0.96,95,96,6220,TRUE,TRUE,FALSE,TRUE,TRUE,TRUE,TRUE,"structural_absence_boundary_at_zero","ok","",""
"Qiita13631ASD","ASD Dan 2020",58,"balanced","Lachnobacterium",0.72,0.76,0.68,76,68,1259,TRUE,TRUE,TRUE,FALSE,TRUE,TRUE,TRUE,"ok","ok","",""
"Qiita13631ASD","ASD Dan 2020",58,"balanced","Lachnospira",1,1,1,100,100,26263,TRUE,TRUE,FALSE,TRUE,TRUE,TRUE,TRUE,"no_observed_zeros","ok","",""
"Qiita13631ASD","ASD Dan 2020",58,"balanced","Megamonas",0.995,1,0.99,100,99,18843,TRUE,TRUE,FALSE,TRUE,TRUE,TRUE,TRUE,"structural_absence_boundary_at_zero","ok","",""
"Qiita13631ASD","ASD Dan 2020",58,"balanced","Megasphaera",0.855,0.82,0.89,82,89,3234,TRUE,TRUE,TRUE,FALSE,TRUE,TRUE,TRUE,"ok","ok","",""
"Qiita13631ASD","ASD Dan 2020",58,"balanced","Oscillospira",1,1,1,100,100,11791,TRUE,TRUE,FALSE,TRUE,TRUE,TRUE,TRUE,"no_observed_zeros","ok","",""
"Qiita13631ASD","ASD Dan 2020",58,"balanced","Parabacteroides",1,1,1,100,100,24453,TRUE,TRUE,FALSE,TRUE,TRUE,TRUE,TRUE,"no_observed_zeros","ok","",""
"Qiita13631ASD","ASD Dan 2020",58,"balanced","Paraprevotella",0.805,0.81,0.8,81,80,2410,TRUE,TRUE,TRUE,FALSE,TRUE,TRUE,TRUE,"ok","ok","",""
"Qiita13631ASD","ASD Dan 2020",58,"balanced","Phascolarctobacterium",0.99,1,0.98,100,98,10905,TRUE,TRUE,FALSE,TRUE,TRUE,TRUE,TRUE,"structural_absence_boundary_at_zero","ok","",""
"Qiita13631ASD","ASD Dan 2020",58,"balanced","Prevotella",1,1,1,100,100,52231,TRUE,TRUE,FALSE,TRUE,TRUE,TRUE,TRUE,"no_observed_zeros","ok","",""
"Qiita13631ASD","ASD Dan 2020",58,"balanced","Roseburia",1,1,1,100,100,12724,TRUE,TRUE,FALSE,TRUE,TRUE,TRUE,TRUE,"no_observed_zeros","ok","",""
"Qiita13631ASD","ASD Dan 2020",58,"balanced","Ruminococcus",1,1,1,100,100,29103,TRUE,TRUE,FALSE,TRUE,TRUE,TRUE,TRUE,"no_observed_zeros","ok","",""
"Qiita13631ASD","ASD Dan 2020",58,"balanced","Streptococcus",0.97,0.99,0.95,99,95,2619,TRUE,TRUE,TRUE,FALSE,TRUE,TRUE,TRUE,"ok","ok","",""
"Qiita13631ASD","ASD Dan 2020",58,"balanced","Sutterella",1,1,1,100,100,14391,TRUE,TRUE,FALSE,TRUE,TRUE,TRUE,TRUE,"no_observed_zeros","ok","",""
"Qiita13631ASD","ASD Dan 2020",58,"balanced","Veillonella",0.995,1,0.99,100,99,6451,TRUE,TRUE,FALSE,TRUE,TRUE,TRUE,TRUE,"structural_absence_boundary_at_zero","ok","",""
"Qiita13631ASD","ASD Dan 2020",58,"fourfold","[Prevotella]",0.49,0.42,0.56,42,56,1580,TRUE,TRUE,TRUE,FALSE,TRUE,TRUE,TRUE,"ok","ok","",""
"Qiita13631ASD","ASD Dan 2020",58,"fourfold","[Ruminococcus]",1,1,1,100,100,12643,TRUE,TRUE,FALSE,TRUE,TRUE,TRUE,TRUE,"no_observed_zeros","ok","",""
"Qiita13631ASD","ASD Dan 2020",58,"fourfold","Akkermansia",0.635,0.46,0.81,46,81,2729,TRUE,TRUE,TRUE,FALSE,TRUE,TRUE,TRUE,"ok","ok","",""
"Qiita13631ASD","ASD Dan 2020",58,"fourfold","Anaerostipes",0.92,0.85,0.99,85,99,2726,TRUE,TRUE,FALSE,TRUE,TRUE,TRUE,TRUE,"structural_absence_boundary_at_zero","ok","",""
"Qiita13631ASD","ASD Dan 2020",58,"fourfold","Bacteroides",1,1,1,100,100,316746,TRUE,TRUE,FALSE,TRUE,TRUE,TRUE,TRUE,"no_observed_zeros","ok","",""
"Qiita13631ASD","ASD Dan 2020",58,"fourfold","Bifidobacterium",0.935,0.87,1,87,100,9226,TRUE,TRUE,FALSE,TRUE,TRUE,TRUE,TRUE,"structural_absence_boundary_at_zero","ok","",""
"Qiita13631ASD","ASD Dan 2020",58,"fourfold","Bilophila",0.905,0.81,1,81,100,1483,TRUE,TRUE,FALSE,TRUE,TRUE,TRUE,TRUE,"structural_absence_boundary_at_zero","ok","",""
"Qiita13631ASD","ASD Dan 2020",58,"fourfold","Blautia",0.995,0.99,1,99,100,5488,TRUE,TRUE,FALSE,TRUE,TRUE,TRUE,TRUE,"structural_absence_boundary_at_zero","ok","",""
"Qiita13631ASD","ASD Dan 2020",58,"fourfold","Clostridium",0.98,0.96,1,96,100,7656,TRUE,TRUE,FALSE,TRUE,TRUE,TRUE,TRUE,"structural_absence_boundary_at_zero","ok","",""
"Qiita13631ASD","ASD Dan 2020",58,"fourfold","Collinsella",0.67,0.53,0.81,53,81,1286,TRUE,TRUE,FALSE,TRUE,TRUE,TRUE,TRUE,"structural_absence_boundary_at_zero","ok","",""
"Qiita13631ASD","ASD Dan 2020",58,"fourfold","Coprococcus",0.995,0.99,1,99,100,7417,TRUE,TRUE,TRUE,FALSE,TRUE,TRUE,TRUE,"ok","ok","",""
"Qiita13631ASD","ASD Dan 2020",58,"fourfold","Dialister",0.995,1,0.99,100,99,25346,TRUE,TRUE,TRUE,FALSE,TRUE,TRUE,TRUE,"ok","ok","",""
"Qiita13631ASD","ASD Dan 2020",58,"fourfold","Dorea",0.995,0.99,1,99,100,5351,TRUE,TRUE,FALSE,TRUE,TRUE,TRUE,TRUE,"structural_absence_boundary_at_zero","ok","",""
"Qiita13631ASD","ASD Dan 2020",58,"fourfold","Faecalibacterium",1,1,1,100,100,76477,TRUE,TRUE,FALSE,TRUE,TRUE,TRUE,TRUE,"no_observed_zeros","ok","",""
"Qiita13631ASD","ASD Dan 2020",58,"fourfold","Fusobacterium",0.485,0.34,0.63,34,63,893,TRUE,TRUE,FALSE,TRUE,TRUE,TRUE,TRUE,"structural_absence_boundary_at_zero","ok","",""
"Qiita13631ASD","ASD Dan 2020",58,"fourfold","Haemophilus",0.875,0.77,0.98,77,98,4564,TRUE,TRUE,FALSE,TRUE,TRUE,TRUE,TRUE,"structural_absence_boundary_at_zero","ok","",""
"Qiita13631ASD","ASD Dan 2020",58,"fourfold","Lachnobacterium",0.63,0.49,0.77,49,77,1167,TRUE,TRUE,TRUE,FALSE,TRUE,TRUE,TRUE,"ok","ok","",""
"Qiita13631ASD","ASD Dan 2020",58,"fourfold","Lachnospira",1,1,1,100,100,24914,TRUE,TRUE,FALSE,TRUE,TRUE,TRUE,TRUE,"no_observed_zeros","ok","",""
"Qiita13631ASD","ASD Dan 2020",58,"fourfold","Megamonas",0.96,0.93,0.99,93,99,18932,TRUE,TRUE,FALSE,TRUE,TRUE,TRUE,TRUE,"structural_absence_boundary_at_zero","ok","",""
"Qiita13631ASD","ASD Dan 2020",58,"fourfold","Megasphaera",0.84,0.76,0.92,76,92,2652,TRUE,TRUE,FALSE,TRUE,TRUE,TRUE,TRUE,"structural_absence_boundary_at_zero","ok","",""
"Qiita13631ASD","ASD Dan 2020",58,"fourfold","Oscillospira",0.995,1,0.99,100,99,11393,TRUE,TRUE,TRUE,FALSE,TRUE,TRUE,TRUE,"ok","ok","",""
"Qiita13631ASD","ASD Dan 2020",58,"fourfold","Parabacteroides",1,1,1,100,100,25417,TRUE,TRUE,FALSE,TRUE,TRUE,TRUE,TRUE,"no_observed_zeros","ok","",""
"Qiita13631ASD","ASD Dan 2020",58,"fourfold","Paraprevotella",0.715,0.56,0.87,56,87,2247,TRUE,TRUE,TRUE,FALSE,TRUE,TRUE,TRUE,"ok","ok","",""
"Qiita13631ASD","ASD Dan 2020",58,"fourfold","Phascolarctobacterium",0.975,0.95,1,95,100,9520,TRUE,TRUE,FALSE,TRUE,TRUE,TRUE,TRUE,"structural_absence_boundary_at_zero","ok","",""
"Qiita13631ASD","ASD Dan 2020",58,"fourfold","Prevotella",0.985,0.98,0.99,98,99,41239,TRUE,TRUE,FALSE,TRUE,TRUE,TRUE,TRUE,"structural_absence_boundary_at_zero","ok","",""
"Qiita13631ASD","ASD Dan 2020",58,"fourfold","Roseburia",0.995,1,0.99,100,99,13065,TRUE,TRUE,TRUE,FALSE,TRUE,TRUE,TRUE,"ok","ok","",""
"Qiita13631ASD","ASD Dan 2020",58,"fourfold","Ruminococcus",1,1,1,100,100,27894,TRUE,TRUE,FALSE,TRUE,TRUE,TRUE,TRUE,"no_observed_zeros","ok","",""
"Qiita13631ASD","ASD Dan 2020",58,"fourfold","Streptococcus",0.965,0.93,1,93,100,2692,TRUE,TRUE,FALSE,TRUE,TRUE,TRUE,TRUE,"structural_absence_boundary_at_zero","ok","",""
"Qiita13631ASD","ASD Dan 2020",58,"fourfold","Sutterella",1,1,1,100,100,13940,TRUE,TRUE,FALSE,TRUE,TRUE,TRUE,TRUE,"no_observed_zeros","ok","",""
"Qiita13631ASD","ASD Dan 2020",58,"fourfold","Veillonella",0.94,0.88,1,88,100,5539,TRUE,TRUE,FALSE,TRUE,TRUE,TRUE,TRUE,"structural_absence_boundary_at_zero","ok","",""
"Qiita13631ASD","ASD Dan 2020",59,"balanced","[Prevotella]",0.505,0.55,0.46,55,46,1452,TRUE,TRUE,TRUE,FALSE,TRUE,TRUE,TRUE,"ok","ok","",""
"Qiita13631ASD","ASD Dan 2020",59,"balanced","[Ruminococcus]",1,1,1,100,100,12270,TRUE,TRUE,FALSE,TRUE,TRUE,TRUE,TRUE,"no_observed_zeros","ok","",""
"Qiita13631ASD","ASD Dan 2020",59,"balanced","Akkermansia",0.775,0.77,0.78,77,78,3265,TRUE,TRUE,FALSE,TRUE,TRUE,TRUE,TRUE,"structural_absence_boundary_at_zero","ok","",""
"Qiita13631ASD","ASD Dan 2020",59,"balanced","Anaerostipes",0.99,0.99,0.99,99,99,2785,TRUE,TRUE,FALSE,TRUE,TRUE,TRUE,TRUE,"structural_absence_boundary_at_zero","ok","",""
"Qiita13631ASD","ASD Dan 2020",59,"balanced","Bacteroides",1,1,1,100,100,318011,TRUE,TRUE,FALSE,TRUE,TRUE,TRUE,TRUE,"no_observed_zeros","ok","",""
"Qiita13631ASD","ASD Dan 2020",59,"balanced","Bifidobacterium",0.96,0.95,0.97,95,97,9110,TRUE,TRUE,FALSE,TRUE,TRUE,TRUE,TRUE,"structural_absence_boundary_at_zero","ok","",""
"Qiita13631ASD","ASD Dan 2020",59,"balanced","Bilophila",0.96,0.98,0.94,98,94,1577,TRUE,TRUE,FALSE,TRUE,TRUE,TRUE,TRUE,"structural_absence_boundary_at_zero","ok","",""
"Qiita13631ASD","ASD Dan 2020",59,"balanced","Blautia",1,1,1,100,100,5709,TRUE,TRUE,FALSE,TRUE,TRUE,TRUE,TRUE,"no_observed_zeros","ok","",""
"Qiita13631ASD","ASD Dan 2020",59,"balanced","Clostridium",1,1,1,100,100,8968,TRUE,TRUE,FALSE,TRUE,TRUE,TRUE,TRUE,"no_observed_zeros","ok","",""
"Qiita13631ASD","ASD Dan 2020",59,"balanced","Collinsella",0.77,0.74,0.8,74,80,908,TRUE,TRUE,FALSE,TRUE,TRUE,TRUE,TRUE,"structural_absence_boundary_at_zero","ok","",""
"Qiita13631ASD","ASD Dan 2020",59,"balanced","Coprococcus",0.995,0.99,1,99,100,7098,TRUE,TRUE,FALSE,TRUE,TRUE,TRUE,TRUE,"structural_absence_boundary_at_zero","ok","",""
"Qiita13631ASD","ASD Dan 2020",59,"balanced","Dialister",1,1,1,100,100,22755,TRUE,TRUE,FALSE,TRUE,TRUE,TRUE,TRUE,"no_observed_zeros","ok","",""
"Qiita13631ASD","ASD Dan 2020",59,"balanced","Dorea",1,1,1,100,100,5703,TRUE,TRUE,FALSE,TRUE,TRUE,TRUE,TRUE,"no_observed_zeros","ok","",""
"Qiita13631ASD","ASD Dan 2020",59,"balanced","Faecalibacterium",1,1,1,100,100,77505,TRUE,TRUE,FALSE,TRUE,TRUE,TRUE,TRUE,"no_observed_zeros","ok","",""
"Qiita13631ASD","ASD Dan 2020",59,"balanced","Fusobacterium",0.53,0.56,0.5,56,50,1222,TRUE,TRUE,FALSE,TRUE,TRUE,TRUE,TRUE,"structural_absence_boundary_at_zero","ok","",""
"Qiita13631ASD","ASD Dan 2020",59,"balanced","Haemophilus",0.975,0.97,0.98,97,98,5317,TRUE,TRUE,FALSE,TRUE,TRUE,TRUE,TRUE,"structural_absence_boundary_at_zero","ok","",""
"Qiita13631ASD","ASD Dan 2020",59,"balanced","Lachnobacterium",0.67,0.71,0.63,71,63,1125,TRUE,TRUE,TRUE,FALSE,TRUE,TRUE,TRUE,"ok","ok","",""
"Qiita13631ASD","ASD Dan 2020",59,"balanced","Lachnospira",1,1,1,100,100,24932,TRUE,TRUE,FALSE,TRUE,TRUE,TRUE,TRUE,"no_observed_zeros","ok","",""
"Qiita13631ASD","ASD Dan 2020",59,"balanced","Megamonas",0.985,0.99,0.98,99,98,19552,TRUE,TRUE,FALSE,TRUE,TRUE,TRUE,TRUE,"structural_absence_boundary_at_zero","ok","",""
"Qiita13631ASD","ASD Dan 2020",59,"balanced","Megasphaera",0.89,0.86,0.92,86,92,3652,TRUE,TRUE,FALSE,TRUE,TRUE,TRUE,TRUE,"structural_absence_boundary_at_zero","ok","",""
"Qiita13631ASD","ASD Dan 2020",59,"balanced","Oscillospira",1,1,1,100,100,11392,TRUE,TRUE,FALSE,TRUE,TRUE,TRUE,TRUE,"no_observed_zeros","ok","",""
"Qiita13631ASD","ASD Dan 2020",59,"balanced","Parabacteroides",1,1,1,100,100,24168,TRUE,TRUE,FALSE,TRUE,TRUE,TRUE,TRUE,"no_observed_zeros","ok","",""
"Qiita13631ASD","ASD Dan 2020",59,"balanced","Paraprevotella",0.805,0.77,0.84,77,84,2254,TRUE,TRUE,TRUE,FALSE,TRUE,TRUE,TRUE,"ok","ok","",""
"Qiita13631ASD","ASD Dan 2020",59,"balanced","Phascolarctobacterium",0.995,0.99,1,99,100,10278,TRUE,TRUE,FALSE,TRUE,TRUE,TRUE,TRUE,"structural_absence_boundary_at_zero","ok","",""
"Qiita13631ASD","ASD Dan 2020",59,"balanced","Prevotella",0.99,1,0.98,100,98,58226,TRUE,TRUE,FALSE,TRUE,TRUE,TRUE,TRUE,"structural_absence_boundary_at_zero","ok","",""
"Qiita13631ASD","ASD Dan 2020",59,"balanced","Roseburia",1,1,1,100,100,12876,TRUE,TRUE,FALSE,TRUE,TRUE,TRUE,TRUE,"no_observed_zeros","ok","",""
"Qiita13631ASD","ASD Dan 2020",59,"balanced","Ruminococcus",1,1,1,100,100,28044,TRUE,TRUE,FALSE,TRUE,TRUE,TRUE,TRUE,"no_observed_zeros","ok","",""
"Qiita13631ASD","ASD Dan 2020",59,"balanced","Streptococcus",0.975,0.98,0.97,98,97,2549,TRUE,TRUE,FALSE,TRUE,TRUE,TRUE,TRUE,"structural_absence_boundary_at_zero","ok","",""
"Qiita13631ASD","ASD Dan 2020",59,"balanced","Sutterella",1,1,1,100,100,14646,TRUE,TRUE,FALSE,TRUE,TRUE,TRUE,TRUE,"no_observed_zeros","ok","",""
"Qiita13631ASD","ASD Dan 2020",59,"balanced","Veillonella",0.985,1,0.97,100,97,6767,TRUE,TRUE,FALSE,TRUE,TRUE,TRUE,TRUE,"structural_absence_boundary_at_zero","ok","",""
"Qiita13631ASD","ASD Dan 2020",59,"fourfold","[Prevotella]",0.5,0.45,0.55,45,55,1974,TRUE,TRUE,TRUE,FALSE,TRUE,TRUE,TRUE,"ok","ok","",""
"Qiita13631ASD","ASD Dan 2020",59,"fourfold","[Ruminococcus]",1,1,1,100,100,12086,TRUE,TRUE,FALSE,TRUE,TRUE,TRUE,TRUE,"no_observed_zeros","ok","",""
"Qiita13631ASD","ASD Dan 2020",59,"fourfold","Akkermansia",0.725,0.62,0.83,62,83,2318,TRUE,TRUE,FALSE,TRUE,TRUE,TRUE,TRUE,"structural_absence_boundary_at_zero","ok","",""
"Qiita13631ASD","ASD Dan 2020",59,"fourfold","Anaerostipes",0.95,0.92,0.98,92,98,2731,TRUE,TRUE,TRUE,FALSE,TRUE,TRUE,TRUE,"ok","ok","",""
"Qiita13631ASD","ASD Dan 2020",59,"fourfold","Bacteroides",1,1,1,100,100,284607,TRUE,TRUE,FALSE,TRUE,TRUE,TRUE,TRUE,"no_observed_zeros","ok","",""
"Qiita13631ASD","ASD Dan 2020",59,"fourfold","Bifidobacterium",0.945,0.91,0.98,91,98,9153,TRUE,TRUE,FALSE,TRUE,TRUE,TRUE,TRUE,"structural_absence_boundary_at_zero","ok","",""
"Qiita13631ASD","ASD Dan 2020",59,"fourfold","Bilophila",0.9,0.81,0.99,81,99,1409,TRUE,TRUE,FALSE,TRUE,TRUE,TRUE,TRUE,"structural_absence_boundary_at_zero","ok","",""
"Qiita13631ASD","ASD Dan 2020",59,"fourfold","Blautia",1,1,1,100,100,5476,TRUE,TRUE,FALSE,TRUE,TRUE,TRUE,TRUE,"no_observed_zeros","ok","",""
"Qiita13631ASD","ASD Dan 2020",59,"fourfold","Clostridium",1,1,1,100,100,7540,TRUE,TRUE,FALSE,TRUE,TRUE,TRUE,TRUE,"no_observed_zeros","ok","",""
"Qiita13631ASD","ASD Dan 2020",59,"fourfold","Collinsella",0.67,0.49,0.85,49,85,974,TRUE,TRUE,FALSE,TRUE,TRUE,TRUE,TRUE,"structural_absence_boundary_at_zero","ok","",""
"Qiita13631ASD","ASD Dan 2020",59,"fourfold","Coprococcus",0.995,0.99,1,99,100,6290,TRUE,TRUE,TRUE,FALSE,TRUE,TRUE,TRUE,"ok","ok","",""
"Qiita13631ASD","ASD Dan 2020",59,"fourfold","Dialister",0.99,0.98,1,98,100,25589,TRUE,TRUE,FALSE,TRUE,TRUE,TRUE,TRUE,"structural_absence_boundary_at_zero","ok","",""
"Qiita13631ASD","ASD Dan 2020",59,"fourfold","Dorea",0.995,0.99,1,99,100,5255,TRUE,TRUE,TRUE,FALSE,TRUE,TRUE,TRUE,"ok","ok","",""
"Qiita13631ASD","ASD Dan 2020",59,"fourfold","Faecalibacterium",1,1,1,100,100,72888,TRUE,TRUE,FALSE,TRUE,TRUE,TRUE,TRUE,"no_observed_zeros","ok","",""
"Qiita13631ASD","ASD Dan 2020",59,"fourfold","Fusobacterium",0.47,0.37,0.57,37,57,693,TRUE,TRUE,FALSE,TRUE,TRUE,TRUE,TRUE,"structural_absence_boundary_at_zero","ok","",""
"Qiita13631ASD","ASD Dan 2020",59,"fourfold","Haemophilus",0.915,0.84,0.99,84,99,4752,TRUE,TRUE,FALSE,TRUE,TRUE,TRUE,TRUE,"structural_absence_boundary_at_zero","ok","",""
"Qiita13631ASD","ASD Dan 2020",59,"fourfold","Lachnobacterium",0.65,0.54,0.76,54,76,932,TRUE,TRUE,TRUE,FALSE,TRUE,TRUE,TRUE,"ok","ok","",""
"Qiita13631ASD","ASD Dan 2020",59,"fourfold","Lachnospira",1,1,1,100,100,24653,TRUE,TRUE,FALSE,TRUE,TRUE,TRUE,TRUE,"no_observed_zeros","ok","",""
"Qiita13631ASD","ASD Dan 2020",59,"fourfold","Megamonas",0.99,0.99,0.99,99,99,15042,TRUE,TRUE,FALSE,TRUE,TRUE,TRUE,TRUE,"structural_absence_boundary_at_zero","ok","",""
"Qiita13631ASD","ASD Dan 2020",59,"fourfold","Megasphaera",0.8,0.72,0.88,72,88,3114,TRUE,TRUE,FALSE,TRUE,TRUE,TRUE,TRUE,"structural_absence_boundary_at_zero","ok","",""
"Qiita13631ASD","ASD Dan 2020",59,"fourfold","Oscillospira",1,1,1,100,100,10396,TRUE,TRUE,FALSE,TRUE,TRUE,TRUE,TRUE,"no_observed_zeros","ok","",""
"Qiita13631ASD","ASD Dan 2020",59,"fourfold","Parabacteroides",0.995,0.99,1,99,100,22573,TRUE,TRUE,TRUE,FALSE,TRUE,TRUE,TRUE,"ok","ok","",""
"Qiita13631ASD","ASD Dan 2020",59,"fourfold","Paraprevotella",0.78,0.69,0.87,69,87,2387,TRUE,TRUE,FALSE,TRUE,TRUE,TRUE,TRUE,"structural_absence_boundary_at_zero","ok","",""
"Qiita13631ASD","ASD Dan 2020",59,"fourfold","Phascolarctobacterium",0.975,0.95,1,95,100,8015,TRUE,TRUE,TRUE,FALSE,TRUE,TRUE,TRUE,"ok","ok","",""
"Qiita13631ASD","ASD Dan 2020",59,"fourfold","Prevotella",0.99,0.98,1,98,100,47586,TRUE,TRUE,FALSE,TRUE,TRUE,TRUE,TRUE,"structural_absence_boundary_at_zero","ok","",""
"Qiita13631ASD","ASD Dan 2020",59,"fourfold","Roseburia",1,1,1,100,100,11516,TRUE,TRUE,FALSE,TRUE,TRUE,TRUE,TRUE,"no_observed_zeros","ok","",""
"Qiita13631ASD","ASD Dan 2020",59,"fourfold","Ruminococcus",1,1,1,100,100,28301,TRUE,TRUE,FALSE,TRUE,TRUE,TRUE,TRUE,"no_observed_zeros","ok","",""
"Qiita13631ASD","ASD Dan 2020",59,"fourfold","Streptococcus",0.94,0.88,1,88,100,2477,TRUE,TRUE,FALSE,TRUE,TRUE,TRUE,TRUE,"structural_absence_boundary_at_zero","ok","",""
"Qiita13631ASD","ASD Dan 2020",59,"fourfold","Sutterella",1,1,1,100,100,13571,TRUE,TRUE,FALSE,TRUE,TRUE,TRUE,TRUE,"no_observed_zeros","ok","",""
"Qiita13631ASD","ASD Dan 2020",59,"fourfold","Veillonella",0.99,0.98,1,98,100,4311,TRUE,TRUE,FALSE,TRUE,TRUE,TRUE,TRUE,"structural_absence_boundary_at_zero","ok","",""
"Qiita13631ASD","ASD Dan 2020",60,"balanced","[Prevotella]",0.545,0.52,0.57,52,57,1456,TRUE,TRUE,TRUE,FALSE,TRUE,TRUE,TRUE,"ok","ok","",""
"Qiita13631ASD","ASD Dan 2020",60,"balanced","[Ruminococcus]",1,1,1,100,100,11863,TRUE,TRUE,FALSE,TRUE,TRUE,TRUE,TRUE,"no_observed_zeros","ok","",""
"Qiita13631ASD","ASD Dan 2020",60,"balanced","Akkermansia",0.745,0.74,0.75,74,75,3442,TRUE,TRUE,FALSE,TRUE,TRUE,TRUE,TRUE,"structural_absence_boundary_at_zero","ok","",""
"Qiita13631ASD","ASD Dan 2020",60,"balanced","Anaerostipes",0.97,0.97,0.97,97,97,2705,TRUE,TRUE,FALSE,TRUE,TRUE,TRUE,TRUE,"structural_absence_boundary_at_zero","ok","",""
"Qiita13631ASD","ASD Dan 2020",60,"balanced","Bacteroides",1,1,1,100,100,315617,TRUE,TRUE,FALSE,TRUE,TRUE,TRUE,TRUE,"no_observed_zeros","ok","",""
"Qiita13631ASD","ASD Dan 2020",60,"balanced","Bifidobacterium",0.955,0.96,0.95,96,95,8855,TRUE,TRUE,FALSE,TRUE,TRUE,TRUE,TRUE,"structural_absence_boundary_at_zero","ok","",""
"Qiita13631ASD","ASD Dan 2020",60,"balanced","Bilophila",0.95,0.95,0.95,95,95,1503,TRUE,TRUE,TRUE,FALSE,TRUE,TRUE,TRUE,"ok","ok","",""
"Qiita13631ASD","ASD Dan 2020",60,"balanced","Blautia",0.995,0.99,1,99,100,5379,TRUE,TRUE,TRUE,FALSE,TRUE,TRUE,TRUE,"ok","ok","",""
"Qiita13631ASD","ASD Dan 2020",60,"balanced","Clostridium",1,1,1,100,100,9111,TRUE,TRUE,FALSE,TRUE,TRUE,TRUE,TRUE,"no_observed_zeros","ok","",""
"Qiita13631ASD","ASD Dan 2020",60,"balanced","Collinsella",0.755,0.74,0.77,74,77,916,TRUE,TRUE,FALSE,TRUE,TRUE,TRUE,TRUE,"structural_absence_boundary_at_zero","ok","",""
"Qiita13631ASD","ASD Dan 2020",60,"balanced","Coprococcus",1,1,1,100,100,6870,TRUE,TRUE,FALSE,TRUE,TRUE,TRUE,TRUE,"no_observed_zeros","ok","",""
"Qiita13631ASD","ASD Dan 2020",60,"balanced","Dialister",0.995,1,0.99,100,99,23534,TRUE,TRUE,FALSE,TRUE,TRUE,TRUE,TRUE,"structural_absence_boundary_at_zero","ok","",""
"Qiita13631ASD","ASD Dan 2020",60,"balanced","Dorea",1,1,1,100,100,5304,TRUE,TRUE,FALSE,TRUE,TRUE,TRUE,TRUE,"no_observed_zeros","ok","",""
"Qiita13631ASD","ASD Dan 2020",60,"balanced","Faecalibacterium",1,1,1,100,100,74601,TRUE,TRUE,FALSE,TRUE,TRUE,TRUE,TRUE,"no_observed_zeros","ok","",""
"Qiita13631ASD","ASD Dan 2020",60,"balanced","Fusobacterium",0.535,0.47,0.6,47,60,1644,TRUE,TRUE,FALSE,TRUE,TRUE,TRUE,TRUE,"structural_absence_boundary_at_zero","ok","",""
"Qiita13631ASD","ASD Dan 2020",60,"balanced","Haemophilus",0.975,0.97,0.98,97,98,5433,TRUE,TRUE,FALSE,TRUE,TRUE,TRUE,TRUE,"structural_absence_boundary_at_zero","ok","",""
"Qiita13631ASD","ASD Dan 2020",60,"balanced","Lachnobacterium",0.745,0.75,0.74,75,74,1291,TRUE,TRUE,FALSE,TRUE,TRUE,TRUE,TRUE,"structural_absence_boundary_at_zero","ok","",""
"Qiita13631ASD","ASD Dan 2020",60,"balanced","Lachnospira",1,1,1,100,100,24955,TRUE,TRUE,FALSE,TRUE,TRUE,TRUE,TRUE,"no_observed_zeros","ok","",""
"Qiita13631ASD","ASD Dan 2020",60,"balanced","Megamonas",0.985,0.99,0.98,99,98,15857,TRUE,TRUE,FALSE,TRUE,TRUE,TRUE,TRUE,"structural_absence_boundary_at_zero","ok","",""
"Qiita13631ASD","ASD Dan 2020",60,"balanced","Megasphaera",0.875,0.87,0.88,87,88,3623,TRUE,TRUE,TRUE,FALSE,TRUE,TRUE,TRUE,"ok","ok","",""
"Qiita13631ASD","ASD Dan 2020",60,"balanced","Oscillospira",1,1,1,100,100,11106,TRUE,TRUE,FALSE,TRUE,TRUE,TRUE,TRUE,"no_observed_zeros","ok","",""
"Qiita13631ASD","ASD Dan 2020",60,"balanced","Parabacteroides",1,1,1,100,100,24257,TRUE,TRUE,FALSE,TRUE,TRUE,TRUE,TRUE,"no_observed_zeros","ok","",""
"Qiita13631ASD","ASD Dan 2020",60,"balanced","Paraprevotella",0.795,0.76,0.83,76,83,2272,TRUE,TRUE,TRUE,FALSE,TRUE,TRUE,TRUE,"ok","ok","",""
"Qiita13631ASD","ASD Dan 2020",60,"balanced","Phascolarctobacterium",0.99,0.99,0.99,99,99,9111,TRUE,TRUE,TRUE,FALSE,TRUE,TRUE,TRUE,"ok","ok","",""
"Qiita13631ASD","ASD Dan 2020",60,"balanced","Prevotella",0.995,0.99,1,99,100,50727,TRUE,TRUE,FALSE,TRUE,TRUE,TRUE,TRUE,"structural_absence_boundary_at_zero","ok","",""
"Qiita13631ASD","ASD Dan 2020",60,"balanced","Roseburia",1,1,1,100,100,12900,TRUE,TRUE,FALSE,TRUE,TRUE,TRUE,TRUE,"no_observed_zeros","ok","",""
"Qiita13631ASD","ASD Dan 2020",60,"balanced","Ruminococcus",1,1,1,100,100,28019,TRUE,TRUE,FALSE,TRUE,TRUE,TRUE,TRUE,"no_observed_zeros","ok","",""
"Qiita13631ASD","ASD Dan 2020",60,"balanced","Streptococcus",0.99,0.99,0.99,99,99,2736,TRUE,TRUE,FALSE,TRUE,TRUE,TRUE,TRUE,"structural_absence_boundary_at_zero","ok","",""
"Qiita13631ASD","ASD Dan 2020",60,"balanced","Sutterella",1,1,1,100,100,14295,TRUE,TRUE,FALSE,TRUE,TRUE,TRUE,TRUE,"no_observed_zeros","ok","",""
"Qiita13631ASD","ASD Dan 2020",60,"balanced","Veillonella",0.985,0.98,0.99,98,99,6527,TRUE,TRUE,FALSE,TRUE,TRUE,TRUE,TRUE,"structural_absence_boundary_at_zero","ok","",""
"Qiita13631ASD","ASD Dan 2020",60,"fourfold","[Prevotella]",0.475,0.38,0.57,38,57,1239,TRUE,TRUE,TRUE,FALSE,TRUE,TRUE,TRUE,"ok","ok","",""
"Qiita13631ASD","ASD Dan 2020",60,"fourfold","[Ruminococcus]",0.995,0.99,1,99,100,11037,TRUE,TRUE,TRUE,FALSE,TRUE,TRUE,TRUE,"ok","ok","",""
"Qiita13631ASD","ASD Dan 2020",60,"fourfold","Akkermansia",0.675,0.53,0.82,53,82,3891,TRUE,TRUE,FALSE,TRUE,TRUE,TRUE,TRUE,"structural_absence_boundary_at_zero","ok","",""
"Qiita13631ASD","ASD Dan 2020",60,"fourfold","Anaerostipes",0.945,0.89,1,89,100,2324,TRUE,TRUE,FALSE,TRUE,TRUE,TRUE,TRUE,"structural_absence_boundary_at_zero","ok","",""
"Qiita13631ASD","ASD Dan 2020",60,"fourfold","Bacteroides",1,1,1,100,100,284084,TRUE,TRUE,FALSE,TRUE,TRUE,TRUE,TRUE,"no_observed_zeros","ok","",""
"Qiita13631ASD","ASD Dan 2020",60,"fourfold","Bifidobacterium",0.915,0.85,0.98,85,98,5523,TRUE,TRUE,FALSE,TRUE,TRUE,TRUE,TRUE,"structural_absence_boundary_at_zero","ok","",""
"Qiita13631ASD","ASD Dan 2020",60,"fourfold","Bilophila",0.91,0.82,1,82,100,1339,TRUE,TRUE,FALSE,TRUE,TRUE,TRUE,TRUE,"structural_absence_boundary_at_zero","ok","",""
"Qiita13631ASD","ASD Dan 2020",60,"fourfold","Blautia",0.995,0.99,1,99,100,4829,TRUE,TRUE,FALSE,TRUE,TRUE,TRUE,TRUE,"structural_absence_boundary_at_zero","ok","",""
"Qiita13631ASD","ASD Dan 2020",60,"fourfold","Clostridium",1,1,1,100,100,6893,TRUE,TRUE,FALSE,TRUE,TRUE,TRUE,TRUE,"no_observed_zeros","ok","",""
"Qiita13631ASD","ASD Dan 2020",60,"fourfold","Collinsella",0.615,0.53,0.7,53,70,593,TRUE,TRUE,FALSE,TRUE,TRUE,TRUE,TRUE,"structural_absence_boundary_at_zero","ok","",""
"Qiita13631ASD","ASD Dan 2020",60,"fourfold","Coprococcus",0.995,0.99,1,99,100,6364,TRUE,TRUE,TRUE,FALSE,TRUE,TRUE,TRUE,"ok","ok","",""
"Qiita13631ASD","ASD Dan 2020",60,"fourfold","Dialister",0.985,0.97,1,97,100,20960,TRUE,TRUE,FALSE,TRUE,TRUE,TRUE,TRUE,"structural_absence_boundary_at_zero","ok","",""
"Qiita13631ASD","ASD Dan 2020",60,"fourfold","Dorea",1,1,1,100,100,4794,TRUE,TRUE,FALSE,TRUE,TRUE,TRUE,TRUE,"no_observed_zeros","ok","",""
"Qiita13631ASD","ASD Dan 2020",60,"fourfold","Faecalibacterium",1,1,1,100,100,70859,TRUE,TRUE,FALSE,TRUE,TRUE,TRUE,TRUE,"no_observed_zeros","ok","",""
"Qiita13631ASD","ASD Dan 2020",60,"fourfold","Fusobacterium",0.47,0.32,0.62,32,62,1745,TRUE,TRUE,FALSE,TRUE,TRUE,TRUE,TRUE,"structural_absence_boundary_at_zero","ok","",""
"Qiita13631ASD","ASD Dan 2020",60,"fourfold","Haemophilus",0.945,0.91,0.98,91,98,5070,TRUE,TRUE,FALSE,TRUE,TRUE,TRUE,TRUE,"structural_absence_boundary_at_zero","ok","",""
"Qiita13631ASD","ASD Dan 2020",60,"fourfold","Lachnobacterium",0.7,0.62,0.78,62,78,869,TRUE,TRUE,TRUE,FALSE,TRUE,TRUE,TRUE,"ok","ok","",""
"Qiita13631ASD","ASD Dan 2020",60,"fourfold","Lachnospira",1,1,1,100,100,22664,TRUE,TRUE,FALSE,TRUE,TRUE,TRUE,TRUE,"no_observed_zeros","ok","",""
"Qiita13631ASD","ASD Dan 2020",60,"fourfold","Megamonas",0.98,0.96,1,96,100,14285,TRUE,TRUE,FALSE,TRUE,TRUE,TRUE,TRUE,"structural_absence_boundary_at_zero","ok","",""
"Qiita13631ASD","ASD Dan 2020",60,"fourfold","Megasphaera",0.84,0.74,0.94,74,94,2318,TRUE,TRUE,FALSE,TRUE,TRUE,TRUE,TRUE,"structural_absence_boundary_at_zero","ok","",""
"Qiita13631ASD","ASD Dan 2020",60,"fourfold","Oscillospira",0.995,0.99,1,99,100,9899,TRUE,TRUE,TRUE,FALSE,TRUE,TRUE,TRUE,"ok","ok","",""
"Qiita13631ASD","ASD Dan 2020",60,"fourfold","Parabacteroides",1,1,1,100,100,20528,TRUE,TRUE,FALSE,TRUE,TRUE,TRUE,TRUE,"no_observed_zeros","ok","",""
"Qiita13631ASD","ASD Dan 2020",60,"fourfold","Paraprevotella",0.735,0.58,0.89,58,89,2354,TRUE,TRUE,TRUE,FALSE,TRUE,TRUE,TRUE,"ok","ok","",""
"Qiita13631ASD","ASD Dan 2020",60,"fourfold","Phascolarctobacterium",0.98,0.96,1,96,100,9893,TRUE,TRUE,FALSE,TRUE,TRUE,TRUE,TRUE,"structural_absence_boundary_at_zero","ok","",""
"Qiita13631ASD","ASD Dan 2020",60,"fourfold","Prevotella",0.975,0.95,1,95,100,51082,TRUE,TRUE,FALSE,TRUE,TRUE,TRUE,TRUE,"structural_absence_boundary_at_zero","ok","",""
"Qiita13631ASD","ASD Dan 2020",60,"fourfold","Roseburia",0.995,0.99,1,99,100,10967,TRUE,TRUE,FALSE,TRUE,TRUE,TRUE,TRUE,"structural_absence_boundary_at_zero","ok","",""
"Qiita13631ASD","ASD Dan 2020",60,"fourfold","Ruminococcus",1,1,1,100,100,25474,TRUE,TRUE,FALSE,TRUE,TRUE,TRUE,TRUE,"no_observed_zeros","ok","",""
"Qiita13631ASD","ASD Dan 2020",60,"fourfold","Streptococcus",0.945,0.9,0.99,90,99,2321,TRUE,FALSE,FALSE,FALSE,TRUE,TRUE,FALSE,"structural_absence_nonoptimal_nuisance_fit","ok","",""
"Qiita13631ASD","ASD Dan 2020",60,"fourfold","Sutterella",1,1,1,100,100,12064,TRUE,TRUE,FALSE,TRUE,TRUE,TRUE,TRUE,"no_observed_zeros","ok","",""
"Qiita13631ASD","ASD Dan 2020",60,"fourfold","Veillonella",0.965,0.94,0.99,94,99,5824,TRUE,TRUE,TRUE,FALSE,TRUE,TRUE,TRUE,"ok","ok","",""
"Qiita13631ASD","ASD Dan 2020",61,"balanced","[Prevotella]",0.53,0.51,0.55,51,55,1284,TRUE,TRUE,TRUE,FALSE,TRUE,TRUE,TRUE,"ok","ok","",""
"Qiita13631ASD","ASD Dan 2020",61,"balanced","[Ruminococcus]",1,1,1,100,100,11433,TRUE,TRUE,FALSE,TRUE,TRUE,TRUE,TRUE,"no_observed_zeros","ok","",""
"Qiita13631ASD","ASD Dan 2020",61,"balanced","Akkermansia",0.775,0.73,0.82,73,82,3233,TRUE,TRUE,FALSE,TRUE,TRUE,TRUE,TRUE,"structural_absence_boundary_at_zero","ok","",""
"Qiita13631ASD","ASD Dan 2020",61,"balanced","Anaerostipes",0.96,0.96,0.96,96,96,2627,TRUE,TRUE,TRUE,FALSE,TRUE,TRUE,TRUE,"ok","ok","",""
"Qiita13631ASD","ASD Dan 2020",61,"balanced","Bacteroides",1,1,1,100,100,293648,TRUE,TRUE,FALSE,TRUE,TRUE,TRUE,TRUE,"no_observed_zeros","ok","",""
"Qiita13631ASD","ASD Dan 2020",61,"balanced","Bifidobacterium",0.975,0.96,0.99,96,99,9561,TRUE,TRUE,FALSE,TRUE,TRUE,TRUE,TRUE,"structural_absence_boundary_at_zero","ok","",""
"Qiita13631ASD","ASD Dan 2020",61,"balanced","Bilophila",0.93,0.94,0.92,94,92,1534,TRUE,TRUE,TRUE,FALSE,TRUE,TRUE,TRUE,"ok","ok","",""
"Qiita13631ASD","ASD Dan 2020",61,"balanced","Blautia",1,1,1,100,100,5139,TRUE,TRUE,FALSE,TRUE,TRUE,TRUE,TRUE,"no_observed_zeros","ok","",""
"Qiita13631ASD","ASD Dan 2020",61,"balanced","Clostridium",1,1,1,100,100,8203,TRUE,TRUE,FALSE,TRUE,TRUE,TRUE,TRUE,"no_observed_zeros","ok","",""
"Qiita13631ASD","ASD Dan 2020",61,"balanced","Collinsella",0.73,0.75,0.71,75,71,904,TRUE,TRUE,FALSE,TRUE,TRUE,TRUE,TRUE,"structural_absence_boundary_at_zero","ok","",""
"Qiita13631ASD","ASD Dan 2020",61,"balanced","Coprococcus",1,1,1,100,100,6488,TRUE,TRUE,FALSE,TRUE,TRUE,TRUE,TRUE,"no_observed_zeros","ok","",""
"Qiita13631ASD","ASD Dan 2020",61,"balanced","Dialister",0.995,1,0.99,100,99,19466,TRUE,TRUE,FALSE,TRUE,TRUE,TRUE,TRUE,"structural_absence_boundary_at_zero","ok","",""
"Qiita13631ASD","ASD Dan 2020",61,"balanced","Dorea",0.985,0.99,0.98,99,98,5070,TRUE,TRUE,TRUE,FALSE,TRUE,TRUE,TRUE,"ok","ok","",""
"Qiita13631ASD","ASD Dan 2020",61,"balanced","Faecalibacterium",1,1,1,100,100,73873,TRUE,TRUE,FALSE,TRUE,TRUE,TRUE,TRUE,"no_observed_zeros","ok","",""
"Qiita13631ASD","ASD Dan 2020",61,"balanced","Fusobacterium",0.495,0.46,0.53,46,53,1787,TRUE,TRUE,FALSE,TRUE,TRUE,TRUE,TRUE,"structural_absence_boundary_at_zero","ok","",""
"Qiita13631ASD","ASD Dan 2020",61,"balanced","Haemophilus",0.97,0.97,0.97,97,97,4719,TRUE,TRUE,FALSE,TRUE,TRUE,TRUE,TRUE,"structural_absence_boundary_at_zero","ok","",""
"Qiita13631ASD","ASD Dan 2020",61,"balanced","Lachnobacterium",0.755,0.76,0.75,76,75,1137,TRUE,TRUE,TRUE,FALSE,TRUE,TRUE,TRUE,"ok","ok","",""
"Qiita13631ASD","ASD Dan 2020",61,"balanced","Lachnospira",1,1,1,100,100,23928,TRUE,TRUE,FALSE,TRUE,TRUE,TRUE,TRUE,"no_observed_zeros","ok","",""
"Qiita13631ASD","ASD Dan 2020",61,"balanced","Megamonas",0.98,0.98,0.98,98,98,17305,TRUE,TRUE,FALSE,TRUE,TRUE,TRUE,TRUE,"structural_absence_boundary_at_zero","ok","",""
"Qiita13631ASD","ASD Dan 2020",61,"balanced","Megasphaera",0.86,0.89,0.83,89,83,3354,TRUE,TRUE,FALSE,TRUE,TRUE,TRUE,TRUE,"structural_absence_boundary_at_zero","ok","",""
"Qiita13631ASD","ASD Dan 2020",61,"balanced","Oscillospira",1,1,1,100,100,10506,TRUE,TRUE,FALSE,TRUE,TRUE,TRUE,TRUE,"no_observed_zeros","ok","",""
"Qiita13631ASD","ASD Dan 2020",61,"balanced","Parabacteroides",1,1,1,100,100,21763,TRUE,TRUE,FALSE,TRUE,TRUE,TRUE,TRUE,"no_observed_zeros","ok","",""
"Qiita13631ASD","ASD Dan 2020",61,"balanced","Paraprevotella",0.805,0.77,0.84,77,84,1936,TRUE,TRUE,TRUE,FALSE,TRUE,TRUE,TRUE,"ok","ok","",""
"Qiita13631ASD","ASD Dan 2020",61,"balanced","Phascolarctobacterium",0.995,0.99,1,99,100,9612,TRUE,TRUE,FALSE,TRUE,TRUE,TRUE,TRUE,"structural_absence_boundary_at_zero","ok","",""
"Qiita13631ASD","ASD Dan 2020",61,"balanced","Prevotella",0.995,1,0.99,100,99,47478,TRUE,TRUE,FALSE,TRUE,TRUE,TRUE,TRUE,"structural_absence_boundary_at_zero","ok","",""
"Qiita13631ASD","ASD Dan 2020",61,"balanced","Roseburia",1,1,1,100,100,12160,TRUE,TRUE,FALSE,TRUE,TRUE,TRUE,TRUE,"no_observed_zeros","ok","",""
"Qiita13631ASD","ASD Dan 2020",61,"balanced","Ruminococcus",1,1,1,100,100,26005,TRUE,TRUE,FALSE,TRUE,TRUE,TRUE,TRUE,"no_observed_zeros","ok","",""
"Qiita13631ASD","ASD Dan 2020",61,"balanced","Streptococcus",0.98,0.98,0.98,98,98,2443,TRUE,TRUE,FALSE,TRUE,TRUE,TRUE,TRUE,"structural_absence_boundary_at_zero","ok","",""
"Qiita13631ASD","ASD Dan 2020",61,"balanced","Sutterella",1,1,1,100,100,13182,TRUE,TRUE,FALSE,TRUE,TRUE,TRUE,TRUE,"no_observed_zeros","ok","",""
"Qiita13631ASD","ASD Dan 2020",61,"balanced","Veillonella",0.995,0.99,1,99,100,4853,TRUE,TRUE,FALSE,TRUE,TRUE,TRUE,TRUE,"structural_absence_boundary_at_zero","ok","",""
"Qiita13631ASD","ASD Dan 2020",61,"fourfold","[Prevotella]",0.5,0.44,0.56,44,56,1561,TRUE,TRUE,TRUE,FALSE,TRUE,TRUE,TRUE,"ok","ok","",""
"Qiita13631ASD","ASD Dan 2020",61,"fourfold","[Ruminococcus]",1,1,1,100,100,11256,TRUE,TRUE,FALSE,TRUE,TRUE,TRUE,TRUE,"no_observed_zeros","ok","",""
"Qiita13631ASD","ASD Dan 2020",61,"fourfold","Akkermansia",0.72,0.62,0.82,62,82,2745,TRUE,TRUE,FALSE,TRUE,TRUE,TRUE,TRUE,"structural_absence_boundary_at_zero","ok","",""
"Qiita13631ASD","ASD Dan 2020",61,"fourfold","Anaerostipes",0.925,0.86,0.99,86,99,2508,TRUE,TRUE,FALSE,TRUE,TRUE,TRUE,TRUE,"structural_absence_boundary_at_zero","ok","",""
"Qiita13631ASD","ASD Dan 2020",61,"fourfold","Bacteroides",1,1,1,100,100,289446,TRUE,TRUE,FALSE,TRUE,TRUE,TRUE,TRUE,"no_observed_zeros","ok","",""
"Qiita13631ASD","ASD Dan 2020",61,"fourfold","Bifidobacterium",0.945,0.9,0.99,90,99,6303,TRUE,TRUE,FALSE,TRUE,TRUE,TRUE,TRUE,"structural_absence_boundary_at_zero","ok","",""
"Qiita13631ASD","ASD Dan 2020",61,"fourfold","Bilophila",0.93,0.87,0.99,87,99,1353,TRUE,TRUE,FALSE,TRUE,TRUE,TRUE,TRUE,"structural_absence_boundary_at_zero","ok","",""
"Qiita13631ASD","ASD Dan 2020",61,"fourfold","Blautia",1,1,1,100,100,4780,TRUE,TRUE,FALSE,TRUE,TRUE,TRUE,TRUE,"no_observed_zeros","ok","",""
"Qiita13631ASD","ASD Dan 2020",61,"fourfold","Clostridium",0.99,0.98,1,98,100,7676,TRUE,TRUE,FALSE,TRUE,TRUE,TRUE,TRUE,"structural_absence_boundary_at_zero","ok","",""
"Qiita13631ASD","ASD Dan 2020",61,"fourfold","Collinsella",0.675,0.58,0.77,58,77,849,TRUE,TRUE,FALSE,TRUE,TRUE,TRUE,TRUE,"structural_absence_boundary_at_zero","ok","",""
"Qiita13631ASD","ASD Dan 2020",61,"fourfold","Coprococcus",1,1,1,100,100,6188,TRUE,TRUE,FALSE,TRUE,TRUE,TRUE,TRUE,"no_observed_zeros","ok","",""
"Qiita13631ASD","ASD Dan 2020",61,"fourfold","Dialister",0.995,0.99,1,99,100,24911,TRUE,TRUE,FALSE,TRUE,TRUE,TRUE,TRUE,"structural_absence_boundary_at_zero","ok","",""
"Qiita13631ASD","ASD Dan 2020",61,"fourfold","Dorea",0.99,0.99,0.99,99,99,4908,TRUE,TRUE,TRUE,FALSE,TRUE,TRUE,TRUE,"ok","ok","",""
"Qiita13631ASD","ASD Dan 2020",61,"fourfold","Faecalibacterium",1,1,1,100,100,69141,TRUE,TRUE,FALSE,TRUE,TRUE,TRUE,TRUE,"no_observed_zeros","ok","",""
"Qiita13631ASD","ASD Dan 2020",61,"fourfold","Fusobacterium",0.47,0.34,0.6,34,60,788,TRUE,TRUE,TRUE,FALSE,TRUE,TRUE,TRUE,"ok","ok","",""
"Qiita13631ASD","ASD Dan 2020",61,"fourfold","Haemophilus",0.93,0.87,0.99,87,99,3678,TRUE,TRUE,FALSE,TRUE,TRUE,TRUE,TRUE,"structural_absence_boundary_at_zero","ok","",""
"Qiita13631ASD","ASD Dan 2020",61,"fourfold","Lachnobacterium",0.62,0.53,0.71,53,71,922,TRUE,TRUE,TRUE,FALSE,TRUE,TRUE,TRUE,"ok","ok","",""
"Qiita13631ASD","ASD Dan 2020",61,"fourfold","Lachnospira",1,1,1,100,100,20438,TRUE,TRUE,FALSE,TRUE,TRUE,TRUE,TRUE,"no_observed_zeros","ok","",""
"Qiita13631ASD","ASD Dan 2020",61,"fourfold","Megamonas",0.98,0.96,1,96,100,16534,TRUE,TRUE,FALSE,TRUE,TRUE,TRUE,TRUE,"structural_absence_boundary_at_zero","ok","",""
"Qiita13631ASD","ASD Dan 2020",61,"fourfold","Megasphaera",0.785,0.67,0.9,67,90,3228,TRUE,TRUE,TRUE,FALSE,TRUE,TRUE,TRUE,"ok","ok","",""
"Qiita13631ASD","ASD Dan 2020",61,"fourfold","Oscillospira",1,1,1,100,100,10438,TRUE,TRUE,FALSE,TRUE,TRUE,TRUE,TRUE,"no_observed_zeros","ok","",""
"Qiita13631ASD","ASD Dan 2020",61,"fourfold","Parabacteroides",1,1,1,100,100,21727,TRUE,TRUE,FALSE,TRUE,TRUE,TRUE,TRUE,"no_observed_zeros","ok","",""
"Qiita13631ASD","ASD Dan 2020",61,"fourfold","Paraprevotella",0.77,0.65,0.89,65,89,2784,TRUE,TRUE,TRUE,FALSE,TRUE,TRUE,TRUE,"ok","ok","",""
"Qiita13631ASD","ASD Dan 2020",61,"fourfold","Phascolarctobacterium",0.985,0.97,1,97,100,7946,TRUE,TRUE,FALSE,TRUE,TRUE,TRUE,TRUE,"structural_absence_boundary_at_zero","ok","",""
"Qiita13631ASD","ASD Dan 2020",61,"fourfold","Prevotella",0.99,0.98,1,98,100,53055,TRUE,TRUE,FALSE,TRUE,TRUE,TRUE,TRUE,"structural_absence_boundary_at_zero","ok","",""
"Qiita13631ASD","ASD Dan 2020",61,"fourfold","Roseburia",1,1,1,100,100,11214,TRUE,TRUE,FALSE,TRUE,TRUE,TRUE,TRUE,"no_observed_zeros","ok","",""
"Qiita13631ASD","ASD Dan 2020",61,"fourfold","Ruminococcus",0.995,0.99,1,99,100,27049,TRUE,TRUE,FALSE,TRUE,TRUE,TRUE,TRUE,"structural_absence_boundary_at_zero","ok","",""
"Qiita13631ASD","ASD Dan 2020",61,"fourfold","Streptococcus",0.955,0.92,0.99,92,99,2339,TRUE,TRUE,FALSE,TRUE,TRUE,TRUE,TRUE,"structural_absence_boundary_at_zero","ok","",""
"Qiita13631ASD","ASD Dan 2020",61,"fourfold","Sutterella",0.995,0.99,1,99,100,12733,TRUE,TRUE,FALSE,TRUE,TRUE,TRUE,TRUE,"structural_absence_boundary_at_zero","ok","",""
"Qiita13631ASD","ASD Dan 2020",61,"fourfold","Veillonella",0.96,0.92,1,92,100,7440,TRUE,TRUE,FALSE,TRUE,TRUE,TRUE,TRUE,"structural_absence_boundary_at_zero","ok","",""
"Qiita13631ASD","ASD Dan 2020",62,"balanced","[Prevotella]",0.55,0.53,0.57,53,57,1309,TRUE,TRUE,TRUE,FALSE,TRUE,TRUE,TRUE,"ok","ok","",""
"Qiita13631ASD","ASD Dan 2020",62,"balanced","[Ruminococcus]",0.995,1,0.99,100,99,11968,TRUE,TRUE,TRUE,FALSE,TRUE,TRUE,TRUE,"ok","ok","",""
"Qiita13631ASD","ASD Dan 2020",62,"balanced","Akkermansia",0.735,0.76,0.71,76,71,3124,TRUE,TRUE,FALSE,TRUE,TRUE,TRUE,TRUE,"structural_absence_boundary_at_zero","ok","",""
"Qiita13631ASD","ASD Dan 2020",62,"balanced","Anaerostipes",0.97,1,0.94,100,94,2760,TRUE,TRUE,TRUE,FALSE,TRUE,TRUE,TRUE,"ok","ok","",""
"Qiita13631ASD","ASD Dan 2020",62,"balanced","Bacteroides",1,1,1,100,100,315450,TRUE,TRUE,FALSE,TRUE,TRUE,TRUE,TRUE,"no_observed_zeros","ok","",""
"Qiita13631ASD","ASD Dan 2020",62,"balanced","Bifidobacterium",0.965,0.96,0.97,96,97,8760,TRUE,TRUE,FALSE,TRUE,TRUE,TRUE,TRUE,"structural_absence_boundary_at_zero","ok","",""
"Qiita13631ASD","ASD Dan 2020",62,"balanced","Bilophila",0.97,0.99,0.95,99,95,1502,TRUE,TRUE,FALSE,TRUE,TRUE,TRUE,TRUE,"structural_absence_boundary_at_zero","ok","",""
"Qiita13631ASD","ASD Dan 2020",62,"balanced","Blautia",1,1,1,100,100,5725,TRUE,TRUE,FALSE,TRUE,TRUE,TRUE,TRUE,"no_observed_zeros","ok","",""
"Qiita13631ASD","ASD Dan 2020",62,"balanced","Clostridium",1,1,1,100,100,8637,TRUE,TRUE,FALSE,TRUE,TRUE,TRUE,TRUE,"no_observed_zeros","ok","",""
"Qiita13631ASD","ASD Dan 2020",62,"balanced","Collinsella",0.73,0.72,0.74,72,74,894,TRUE,TRUE,FALSE,TRUE,TRUE,TRUE,TRUE,"structural_absence_boundary_at_zero","ok","",""
"Qiita13631ASD","ASD Dan 2020",62,"balanced","Coprococcus",1,1,1,100,100,6969,TRUE,TRUE,FALSE,TRUE,TRUE,TRUE,TRUE,"no_observed_zeros","ok","",""
"Qiita13631ASD","ASD Dan 2020",62,"balanced","Dialister",1,1,1,100,100,24191,TRUE,TRUE,FALSE,TRUE,TRUE,TRUE,TRUE,"no_observed_zeros","ok","",""
"Qiita13631ASD","ASD Dan 2020",62,"balanced","Dorea",1,1,1,100,100,5652,TRUE,TRUE,FALSE,TRUE,TRUE,TRUE,TRUE,"no_observed_zeros","ok","",""
"Qiita13631ASD","ASD Dan 2020",62,"balanced","Faecalibacterium",1,1,1,100,100,78203,TRUE,TRUE,FALSE,TRUE,TRUE,TRUE,TRUE,"no_observed_zeros","ok","",""
"Qiita13631ASD","ASD Dan 2020",62,"balanced","Fusobacterium",0.475,0.48,0.47,48,47,1680,TRUE,TRUE,TRUE,FALSE,TRUE,TRUE,TRUE,"ok","ok","",""
"Qiita13631ASD","ASD Dan 2020",62,"balanced","Haemophilus",0.97,0.96,0.98,96,98,5459,TRUE,TRUE,FALSE,TRUE,TRUE,TRUE,TRUE,"structural_absence_boundary_at_zero","ok","",""
"Qiita13631ASD","ASD Dan 2020",62,"balanced","Lachnobacterium",0.72,0.7,0.74,70,74,1274,TRUE,TRUE,TRUE,FALSE,TRUE,TRUE,TRUE,"ok","ok","",""
"Qiita13631ASD","ASD Dan 2020",62,"balanced","Lachnospira",1,1,1,100,100,26326,TRUE,TRUE,FALSE,TRUE,TRUE,TRUE,TRUE,"no_observed_zeros","ok","",""
"Qiita13631ASD","ASD Dan 2020",62,"balanced","Megamonas",0.985,0.99,0.98,99,98,18311,TRUE,TRUE,FALSE,TRUE,TRUE,TRUE,TRUE,"structural_absence_boundary_at_zero","ok","",""
"Qiita13631ASD","ASD Dan 2020",62,"balanced","Megasphaera",0.84,0.84,0.84,84,84,3487,TRUE,TRUE,TRUE,FALSE,TRUE,TRUE,TRUE,"ok","ok","",""
"Qiita13631ASD","ASD Dan 2020",62,"balanced","Oscillospira",0.995,1,0.99,100,99,11494,TRUE,TRUE,TRUE,FALSE,TRUE,TRUE,TRUE,"ok","ok","",""
"Qiita13631ASD","ASD Dan 2020",62,"balanced","Parabacteroides",1,1,1,100,100,23929,TRUE,TRUE,FALSE,TRUE,TRUE,TRUE,TRUE,"no_observed_zeros","ok","",""
"Qiita13631ASD","ASD Dan 2020",62,"balanced","Paraprevotella",0.82,0.8,0.84,80,84,2462,TRUE,TRUE,TRUE,FALSE,TRUE,TRUE,TRUE,"ok","ok","",""
"Qiita13631ASD","ASD Dan 2020",62,"balanced","Phascolarctobacterium",0.995,1,0.99,100,99,9244,TRUE,TRUE,FALSE,TRUE,TRUE,TRUE,TRUE,"structural_absence_boundary_at_zero","ok","",""
"Qiita13631ASD","ASD Dan 2020",62,"balanced","Prevotella",1,1,1,100,100,46266,TRUE,TRUE,FALSE,TRUE,TRUE,TRUE,TRUE,"no_observed_zeros","ok","",""
"Qiita13631ASD","ASD Dan 2020",62,"balanced","Roseburia",1,1,1,100,100,13387,TRUE,TRUE,FALSE,TRUE,TRUE,TRUE,TRUE,"no_observed_zeros","ok","",""
"Qiita13631ASD","ASD Dan 2020",62,"balanced","Ruminococcus",1,1,1,100,100,28519,TRUE,TRUE,FALSE,TRUE,TRUE,TRUE,TRUE,"no_observed_zeros","ok","",""
"Qiita13631ASD","ASD Dan 2020",62,"balanced","Streptococcus",0.995,1,0.99,100,99,2755,TRUE,TRUE,FALSE,TRUE,TRUE,TRUE,TRUE,"structural_absence_boundary_at_zero","ok","",""
"Qiita13631ASD","ASD Dan 2020",62,"balanced","Sutterella",1,1,1,100,100,14378,TRUE,TRUE,FALSE,TRUE,TRUE,TRUE,TRUE,"no_observed_zeros","ok","",""
"Qiita13631ASD","ASD Dan 2020",62,"balanced","Veillonella",0.985,0.98,0.99,98,99,6482,TRUE,TRUE,FALSE,TRUE,TRUE,TRUE,TRUE,"structural_absence_boundary_at_zero","ok","",""
"Qiita13631ASD","ASD Dan 2020",62,"fourfold","[Prevotella]",0.52,0.42,0.62,42,62,1045,TRUE,TRUE,TRUE,FALSE,TRUE,TRUE,TRUE,"ok","ok","",""
"Qiita13631ASD","ASD Dan 2020",62,"fourfold","[Ruminococcus]",1,1,1,100,100,10359,TRUE,TRUE,FALSE,TRUE,TRUE,TRUE,TRUE,"no_observed_zeros","ok","",""
"Qiita13631ASD","ASD Dan 2020",62,"fourfold","Akkermansia",0.705,0.56,0.85,56,85,2245,TRUE,TRUE,FALSE,TRUE,TRUE,TRUE,TRUE,"structural_absence_boundary_at_zero","ok","",""
"Qiita13631ASD","ASD Dan 2020",62,"fourfold","Anaerostipes",0.94,0.92,0.96,92,96,2343,TRUE,TRUE,TRUE,FALSE,TRUE,TRUE,TRUE,"ok","ok","",""
"Qiita13631ASD","ASD Dan 2020",62,"fourfold","Bacteroides",1,1,1,100,100,273432,TRUE,TRUE,FALSE,TRUE,TRUE,TRUE,TRUE,"no_observed_zeros","ok","",""
"Qiita13631ASD","ASD Dan 2020",62,"fourfold","Bifidobacterium",0.955,0.94,0.97,94,97,6003,TRUE,TRUE,FALSE,TRUE,TRUE,TRUE,TRUE,"structural_absence_boundary_at_zero","ok","",""
"Qiita13631ASD","ASD Dan 2020",62,"fourfold","Bilophila",0.91,0.85,0.97,85,97,1332,TRUE,TRUE,FALSE,TRUE,TRUE,TRUE,TRUE,"structural_absence_boundary_at_zero","ok","",""
"Qiita13631ASD","ASD Dan 2020",62,"fourfold","Blautia",0.995,0.99,1,99,100,4833,TRUE,TRUE,FALSE,TRUE,TRUE,TRUE,TRUE,"structural_absence_boundary_at_zero","ok","",""
"Qiita13631ASD","ASD Dan 2020",62,"fourfold","Clostridium",0.995,0.99,1,99,100,7237,TRUE,TRUE,FALSE,TRUE,TRUE,TRUE,TRUE,"structural_absence_boundary_at_zero","ok","",""
"Qiita13631ASD","ASD Dan 2020",62,"fourfold","Collinsella",0.665,0.52,0.81,52,81,836,TRUE,TRUE,FALSE,TRUE,TRUE,TRUE,TRUE,"structural_absence_boundary_at_zero","ok","",""
"Qiita13631ASD","ASD Dan 2020",62,"fourfold","Coprococcus",0.985,0.98,0.99,98,99,5790,TRUE,TRUE,TRUE,FALSE,TRUE,TRUE,TRUE,"ok","ok","",""
"Qiita13631ASD","ASD Dan 2020",62,"fourfold","Dialister",1,1,1,100,100,24288,TRUE,TRUE,FALSE,TRUE,TRUE,TRUE,TRUE,"no_observed_zeros","ok","",""
"Qiita13631ASD","ASD Dan 2020",62,"fourfold","Dorea",0.995,0.99,1,99,100,4786,TRUE,TRUE,FALSE,TRUE,TRUE,TRUE,TRUE,"structural_absence_boundary_at_zero","ok","",""
"Qiita13631ASD","ASD Dan 2020",62,"fourfold","Faecalibacterium",1,1,1,100,100,68867,TRUE,TRUE,FALSE,TRUE,TRUE,TRUE,TRUE,"no_observed_zeros","ok","",""
"Qiita13631ASD","ASD Dan 2020",62,"fourfold","Fusobacterium",0.485,0.33,0.64,33,64,1101,TRUE,TRUE,FALSE,TRUE,TRUE,TRUE,TRUE,"structural_absence_boundary_at_zero","ok","",""
"Qiita13631ASD","ASD Dan 2020",62,"fourfold","Haemophilus",0.93,0.87,0.99,87,99,4171,TRUE,TRUE,FALSE,TRUE,TRUE,TRUE,TRUE,"structural_absence_boundary_at_zero","ok","",""
"Qiita13631ASD","ASD Dan 2020",62,"fourfold","Lachnobacterium",0.64,0.53,0.75,53,75,1015,TRUE,TRUE,TRUE,FALSE,TRUE,TRUE,TRUE,"ok","ok","",""
"Qiita13631ASD","ASD Dan 2020",62,"fourfold","Lachnospira",1,1,1,100,100,20233,TRUE,TRUE,FALSE,TRUE,TRUE,TRUE,TRUE,"no_observed_zeros","ok","",""
"Qiita13631ASD","ASD Dan 2020",62,"fourfold","Megamonas",0.975,0.95,1,95,100,18093,TRUE,TRUE,FALSE,TRUE,TRUE,TRUE,TRUE,"structural_absence_boundary_at_zero","ok","",""
"Qiita13631ASD","ASD Dan 2020",62,"fourfold","Megasphaera",0.805,0.73,0.88,73,88,3281,TRUE,TRUE,TRUE,FALSE,TRUE,TRUE,TRUE,"ok","ok","",""
"Qiita13631ASD","ASD Dan 2020",62,"fourfold","Oscillospira",1,1,1,100,100,9827,TRUE,TRUE,FALSE,TRUE,TRUE,TRUE,TRUE,"no_observed_zeros","ok","",""
"Qiita13631ASD","ASD Dan 2020",62,"fourfold","Parabacteroides",1,1,1,100,100,20901,TRUE,TRUE,FALSE,TRUE,TRUE,TRUE,TRUE,"no_observed_zeros","ok","",""
"Qiita13631ASD","ASD Dan 2020",62,"fourfold","Paraprevotella",0.73,0.61,0.85,61,85,1945,TRUE,TRUE,TRUE,FALSE,TRUE,TRUE,TRUE,"ok","ok","",""
"Qiita13631ASD","ASD Dan 2020",62,"fourfold","Phascolarctobacterium",0.965,0.93,1,93,100,10257,TRUE,TRUE,FALSE,TRUE,TRUE,TRUE,TRUE,"structural_absence_boundary_at_zero","ok","",""
"Qiita13631ASD","ASD Dan 2020",62,"fourfold","Prevotella",0.99,0.98,1,98,100,40262,TRUE,TRUE,FALSE,TRUE,TRUE,TRUE,TRUE,"structural_absence_boundary_at_zero","ok","",""
"Qiita13631ASD","ASD Dan 2020",62,"fourfold","Roseburia",0.995,0.99,1,99,100,10349,TRUE,TRUE,FALSE,TRUE,TRUE,TRUE,TRUE,"structural_absence_boundary_at_zero","ok","",""
"Qiita13631ASD","ASD Dan 2020",62,"fourfold","Ruminococcus",1,1,1,100,100,23821,TRUE,TRUE,FALSE,TRUE,TRUE,TRUE,TRUE,"no_observed_zeros","ok","",""
"Qiita13631ASD","ASD Dan 2020",62,"fourfold","Streptococcus",0.96,0.93,0.99,93,99,2398,TRUE,TRUE,FALSE,TRUE,TRUE,TRUE,TRUE,"structural_absence_boundary_at_zero","ok","",""
"Qiita13631ASD","ASD Dan 2020",62,"fourfold","Sutterella",0.995,0.99,1,99,100,12495,TRUE,TRUE,TRUE,FALSE,TRUE,TRUE,TRUE,"ok","ok","",""
"Qiita13631ASD","ASD Dan 2020",62,"fourfold","Veillonella",0.975,0.95,1,95,100,5155,TRUE,TRUE,FALSE,TRUE,TRUE,TRUE,TRUE,"structural_absence_boundary_at_zero","ok","",""
"Qiita13631ASD","ASD Dan 2020",63,"balanced","[Prevotella]",0.535,0.55,0.52,55,52,1411,TRUE,TRUE,TRUE,FALSE,TRUE,TRUE,TRUE,"ok","ok","",""
"Qiita13631ASD","ASD Dan 2020",63,"balanced","[Ruminococcus]",1,1,1,100,100,11297,TRUE,TRUE,FALSE,TRUE,TRUE,TRUE,TRUE,"no_observed_zeros","ok","",""
"Qiita13631ASD","ASD Dan 2020",63,"balanced","Akkermansia",0.795,0.82,0.77,82,77,3972,TRUE,TRUE,FALSE,TRUE,TRUE,TRUE,TRUE,"structural_absence_boundary_at_zero","ok","",""
"Qiita13631ASD","ASD Dan 2020",63,"balanced","Anaerostipes",0.965,0.96,0.97,96,97,2691,TRUE,TRUE,TRUE,FALSE,TRUE,TRUE,TRUE,"ok","ok","",""
"Qiita13631ASD","ASD Dan 2020",63,"balanced","Bacteroides",1,1,1,100,100,299850,TRUE,TRUE,FALSE,TRUE,TRUE,TRUE,TRUE,"no_observed_zeros","ok","",""
"Qiita13631ASD","ASD Dan 2020",63,"balanced","Bifidobacterium",0.98,0.97,0.99,97,99,7421,TRUE,TRUE,FALSE,TRUE,TRUE,TRUE,TRUE,"structural_absence_boundary_at_zero","ok","",""
"Qiita13631ASD","ASD Dan 2020",63,"balanced","Bilophila",0.97,0.98,0.96,98,96,1543,TRUE,TRUE,FALSE,TRUE,TRUE,TRUE,TRUE,"structural_absence_boundary_at_zero","ok","",""
"Qiita13631ASD","ASD Dan 2020",63,"balanced","Blautia",1,1,1,100,100,5625,TRUE,TRUE,FALSE,TRUE,TRUE,TRUE,TRUE,"no_observed_zeros","ok","",""
"Qiita13631ASD","ASD Dan 2020",63,"balanced","Clostridium",1,1,1,100,100,8605,TRUE,TRUE,FALSE,TRUE,TRUE,TRUE,TRUE,"no_observed_zeros","ok","",""
"Qiita13631ASD","ASD Dan 2020",63,"balanced","Collinsella",0.755,0.75,0.76,75,76,844,TRUE,TRUE,FALSE,TRUE,TRUE,TRUE,TRUE,"structural_absence_boundary_at_zero","ok","",""
"Qiita13631ASD","ASD Dan 2020",63,"balanced","Coprococcus",1,1,1,100,100,6706,TRUE,TRUE,FALSE,TRUE,TRUE,TRUE,TRUE,"no_observed_zeros","ok","",""
"Qiita13631ASD","ASD Dan 2020",63,"balanced","Dialister",1,1,1,100,100,21384,TRUE,TRUE,FALSE,TRUE,TRUE,TRUE,TRUE,"no_observed_zeros","ok","",""
"Qiita13631ASD","ASD Dan 2020",63,"balanced","Dorea",0.995,1,0.99,100,99,5221,TRUE,TRUE,TRUE,FALSE,TRUE,TRUE,TRUE,"ok","ok","",""
"Qiita13631ASD","ASD Dan 2020",63,"balanced","Faecalibacterium",1,1,1,100,100,74529,TRUE,TRUE,FALSE,TRUE,TRUE,TRUE,TRUE,"no_observed_zeros","ok","",""
"Qiita13631ASD","ASD Dan 2020",63,"balanced","Fusobacterium",0.54,0.57,0.51,57,51,2076,TRUE,TRUE,FALSE,TRUE,TRUE,TRUE,TRUE,"structural_absence_boundary_at_zero","ok","",""
"Qiita13631ASD","ASD Dan 2020",63,"balanced","Haemophilus",0.975,0.97,0.98,97,98,5460,TRUE,TRUE,FALSE,TRUE,TRUE,TRUE,TRUE,"structural_absence_boundary_at_zero","ok","",""
"Qiita13631ASD","ASD Dan 2020",63,"balanced","Lachnobacterium",0.7,0.69,0.71,69,71,1087,TRUE,TRUE,TRUE,FALSE,TRUE,TRUE,TRUE,"ok","ok","",""
"Qiita13631ASD","ASD Dan 2020",63,"balanced","Lachnospira",1,1,1,100,100,25485,TRUE,TRUE,FALSE,TRUE,TRUE,TRUE,TRUE,"no_observed_zeros","ok","",""
"Qiita13631ASD","ASD Dan 2020",63,"balanced","Megamonas",0.995,1,0.99,100,99,19360,TRUE,TRUE,FALSE,TRUE,TRUE,TRUE,TRUE,"structural_absence_boundary_at_zero","ok","",""
"Qiita13631ASD","ASD Dan 2020",63,"balanced","Megasphaera",0.83,0.84,0.82,84,82,3152,TRUE,TRUE,TRUE,FALSE,TRUE,TRUE,TRUE,"ok","ok","",""
"Qiita13631ASD","ASD Dan 2020",63,"balanced","Oscillospira",1,1,1,100,100,10619,TRUE,TRUE,FALSE,TRUE,TRUE,TRUE,TRUE,"no_observed_zeros","ok","",""
"Qiita13631ASD","ASD Dan 2020",63,"balanced","Parabacteroides",1,1,1,100,100,22165,TRUE,TRUE,FALSE,TRUE,TRUE,TRUE,TRUE,"no_observed_zeros","ok","",""
"Qiita13631ASD","ASD Dan 2020",63,"balanced","Paraprevotella",0.805,0.77,0.84,77,84,1940,TRUE,TRUE,TRUE,FALSE,TRUE,TRUE,TRUE,"ok","ok","",""
"Qiita13631ASD","ASD Dan 2020",63,"balanced","Phascolarctobacterium",0.995,1,0.99,100,99,9982,TRUE,TRUE,FALSE,TRUE,TRUE,TRUE,TRUE,"structural_absence_boundary_at_zero","ok","",""
"Qiita13631ASD","ASD Dan 2020",63,"balanced","Prevotella",1,1,1,100,100,50866,TRUE,TRUE,FALSE,TRUE,TRUE,TRUE,TRUE,"no_observed_zeros","ok","",""
"Qiita13631ASD","ASD Dan 2020",63,"balanced","Roseburia",1,1,1,100,100,12398,TRUE,TRUE,FALSE,TRUE,TRUE,TRUE,TRUE,"no_observed_zeros","ok","",""
"Qiita13631ASD","ASD Dan 2020",63,"balanced","Ruminococcus",1,1,1,100,100,26772,TRUE,TRUE,FALSE,TRUE,TRUE,TRUE,TRUE,"no_observed_zeros","ok","",""
"Qiita13631ASD","ASD Dan 2020",63,"balanced","Streptococcus",0.99,0.99,0.99,99,99,2412,TRUE,TRUE,FALSE,TRUE,TRUE,TRUE,TRUE,"structural_absence_boundary_at_zero","ok","",""
"Qiita13631ASD","ASD Dan 2020",63,"balanced","Sutterella",1,1,1,100,100,14095,TRUE,TRUE,FALSE,TRUE,TRUE,TRUE,TRUE,"no_observed_zeros","ok","",""
"Qiita13631ASD","ASD Dan 2020",63,"balanced","Veillonella",0.99,0.99,0.99,99,99,5810,TRUE,TRUE,FALSE,TRUE,TRUE,TRUE,TRUE,"structural_absence_boundary_at_zero","ok","",""
"Qiita13631ASD","ASD Dan 2020",63,"fourfold","[Prevotella]",0.51,0.44,0.58,44,58,1224,TRUE,TRUE,TRUE,FALSE,TRUE,TRUE,TRUE,"ok","ok","",""
"Qiita13631ASD","ASD Dan 2020",63,"fourfold","[Ruminococcus]",1,1,1,100,100,10033,TRUE,TRUE,FALSE,TRUE,TRUE,TRUE,TRUE,"no_observed_zeros","ok","",""
"Qiita13631ASD","ASD Dan 2020",63,"fourfold","Akkermansia",0.65,0.5,0.8,50,80,1880,TRUE,TRUE,FALSE,TRUE,TRUE,TRUE,TRUE,"structural_absence_boundary_at_zero","ok","",""
"Qiita13631ASD","ASD Dan 2020",63,"fourfold","Anaerostipes",0.945,0.9,0.99,90,99,2685,TRUE,TRUE,FALSE,TRUE,TRUE,TRUE,TRUE,"structural_absence_boundary_at_zero","ok","",""
"Qiita13631ASD","ASD Dan 2020",63,"fourfold","Bacteroides",1,1,1,100,100,264984,TRUE,TRUE,FALSE,TRUE,TRUE,TRUE,TRUE,"no_observed_zeros","ok","",""
"Qiita13631ASD","ASD Dan 2020",63,"fourfold","Bifidobacterium",0.96,0.92,1,92,100,6956,TRUE,TRUE,FALSE,TRUE,TRUE,TRUE,TRUE,"structural_absence_boundary_at_zero","ok","",""
"Qiita13631ASD","ASD Dan 2020",63,"fourfold","Bilophila",0.91,0.85,0.97,85,97,1327,TRUE,TRUE,FALSE,TRUE,TRUE,TRUE,TRUE,"structural_absence_boundary_at_zero","ok","",""
"Qiita13631ASD","ASD Dan 2020",63,"fourfold","Blautia",0.995,0.99,1,99,100,5238,TRUE,TRUE,FALSE,TRUE,TRUE,TRUE,TRUE,"structural_absence_boundary_at_zero","ok","",""
"Qiita13631ASD","ASD Dan 2020",63,"fourfold","Clostridium",0.99,0.98,1,98,100,6975,TRUE,TRUE,FALSE,TRUE,TRUE,TRUE,TRUE,"structural_absence_boundary_at_zero","ok","",""
"Qiita13631ASD","ASD Dan 2020",63,"fourfold","Collinsella",0.67,0.54,0.8,54,80,913,TRUE,TRUE,FALSE,TRUE,TRUE,TRUE,TRUE,"structural_absence_boundary_at_zero","ok","",""
"Qiita13631ASD","ASD Dan 2020",63,"fourfold","Coprococcus",0.98,0.96,1,96,100,6903,TRUE,TRUE,TRUE,FALSE,TRUE,TRUE,TRUE,"ok","ok","",""
"Qiita13631ASD","ASD Dan 2020",63,"fourfold","Dialister",0.99,0.98,1,98,100,22770,TRUE,TRUE,FALSE,TRUE,TRUE,TRUE,TRUE,"structural_absence_boundary_at_zero","ok","",""
"Qiita13631ASD","ASD Dan 2020",63,"fourfold","Dorea",0.99,0.98,1,98,100,4592,TRUE,TRUE,FALSE,TRUE,TRUE,TRUE,TRUE,"structural_absence_boundary_at_zero","ok","",""
"Qiita13631ASD","ASD Dan 2020",63,"fourfold","Faecalibacterium",1,1,1,100,100,63815,TRUE,TRUE,FALSE,TRUE,TRUE,TRUE,TRUE,"no_observed_zeros","ok","",""
"Qiita13631ASD","ASD Dan 2020",63,"fourfold","Fusobacterium",0.49,0.39,0.59,39,59,1422,TRUE,TRUE,FALSE,TRUE,TRUE,TRUE,TRUE,"structural_absence_boundary_at_zero","ok","",""
"Qiita13631ASD","ASD Dan 2020",63,"fourfold","Haemophilus",0.92,0.86,0.98,86,98,4718,TRUE,TRUE,FALSE,TRUE,TRUE,TRUE,TRUE,"structural_absence_boundary_at_zero","ok","",""
"Qiita13631ASD","ASD Dan 2020",63,"fourfold","Lachnobacterium",0.66,0.51,0.81,51,81,1077,TRUE,TRUE,TRUE,FALSE,TRUE,TRUE,TRUE,"ok","ok","",""
"Qiita13631ASD","ASD Dan 2020",63,"fourfold","Lachnospira",1,1,1,100,100,23482,TRUE,TRUE,FALSE,TRUE,TRUE,TRUE,TRUE,"no_observed_zeros","ok","",""
"Qiita13631ASD","ASD Dan 2020",63,"fourfold","Megamonas",0.99,0.98,1,98,100,21280,TRUE,TRUE,FALSE,TRUE,TRUE,TRUE,TRUE,"structural_absence_boundary_at_zero","ok","",""
"Qiita13631ASD","ASD Dan 2020",63,"fourfold","Megasphaera",0.77,0.65,0.89,65,89,3639,TRUE,TRUE,FALSE,TRUE,TRUE,TRUE,TRUE,"structural_absence_boundary_at_zero","ok","",""
"Qiita13631ASD","ASD Dan 2020",63,"fourfold","Oscillospira",1,1,1,100,100,9822,TRUE,TRUE,FALSE,TRUE,TRUE,TRUE,TRUE,"no_observed_zeros","ok","",""
"Qiita13631ASD","ASD Dan 2020",63,"fourfold","Parabacteroides",1,1,1,100,100,20693,TRUE,TRUE,FALSE,TRUE,TRUE,TRUE,TRUE,"no_observed_zeros","ok","",""
"Qiita13631ASD","ASD Dan 2020",63,"fourfold","Paraprevotella",0.72,0.62,0.82,62,82,2107,TRUE,TRUE,TRUE,FALSE,TRUE,TRUE,TRUE,"ok","ok","",""
"Qiita13631ASD","ASD Dan 2020",63,"fourfold","Phascolarctobacterium",0.975,0.95,1,95,100,8842,TRUE,TRUE,FALSE,TRUE,TRUE,TRUE,TRUE,"structural_absence_boundary_at_zero","ok","",""
"Qiita13631ASD","ASD Dan 2020",63,"fourfold","Prevotella",0.99,0.98,1,98,100,58612,TRUE,TRUE,FALSE,TRUE,TRUE,TRUE,TRUE,"structural_absence_boundary_at_zero","ok","",""
"Qiita13631ASD","ASD Dan 2020",63,"fourfold","Roseburia",1,1,1,100,100,12795,TRUE,TRUE,FALSE,TRUE,TRUE,TRUE,TRUE,"no_observed_zeros","ok","",""
"Qiita13631ASD","ASD Dan 2020",63,"fourfold","Ruminococcus",1,1,1,100,100,25574,TRUE,TRUE,FALSE,TRUE,TRUE,TRUE,TRUE,"no_observed_zeros","ok","",""
"Qiita13631ASD","ASD Dan 2020",63,"fourfold","Streptococcus",0.935,0.87,1,87,100,2405,TRUE,TRUE,FALSE,TRUE,TRUE,TRUE,TRUE,"structural_absence_boundary_at_zero","ok","",""
"Qiita13631ASD","ASD Dan 2020",63,"fourfold","Sutterella",1,1,1,100,100,13078,TRUE,TRUE,FALSE,TRUE,TRUE,TRUE,TRUE,"no_observed_zeros","ok","",""
"Qiita13631ASD","ASD Dan 2020",63,"fourfold","Veillonella",0.955,0.92,0.99,92,99,5246,TRUE,TRUE,TRUE,FALSE,TRUE,TRUE,TRUE,"ok","ok","",""
"Qiita13631ASD","ASD Dan 2020",64,"balanced","[Prevotella]",0.485,0.5,0.47,50,47,1439,TRUE,TRUE,TRUE,FALSE,TRUE,TRUE,TRUE,"ok","ok","",""
"Qiita13631ASD","ASD Dan 2020",64,"balanced","[Ruminococcus]",1,1,1,100,100,11923,TRUE,TRUE,FALSE,TRUE,TRUE,TRUE,TRUE,"no_observed_zeros","ok","",""
"Qiita13631ASD","ASD Dan 2020",64,"balanced","Akkermansia",0.8,0.83,0.77,83,77,3331,TRUE,TRUE,FALSE,TRUE,TRUE,TRUE,TRUE,"structural_absence_boundary_at_zero","ok","",""
"Qiita13631ASD","ASD Dan 2020",64,"balanced","Anaerostipes",0.975,0.99,0.96,99,96,3002,TRUE,TRUE,TRUE,FALSE,TRUE,TRUE,TRUE,"ok","ok","",""
"Qiita13631ASD","ASD Dan 2020",64,"balanced","Bacteroides",1,1,1,100,100,319460,TRUE,TRUE,FALSE,TRUE,TRUE,TRUE,TRUE,"no_observed_zeros","ok","",""
"Qiita13631ASD","ASD Dan 2020",64,"balanced","Bifidobacterium",0.96,0.98,0.94,98,94,10831,TRUE,TRUE,FALSE,TRUE,TRUE,TRUE,TRUE,"structural_absence_boundary_at_zero","ok","",""
"Qiita13631ASD","ASD Dan 2020",64,"balanced","Bilophila",0.965,0.97,0.96,97,96,1623,TRUE,TRUE,FALSE,TRUE,TRUE,TRUE,TRUE,"structural_absence_boundary_at_zero","ok","",""
"Qiita13631ASD","ASD Dan 2020",64,"balanced","Blautia",1,1,1,100,100,5504,TRUE,TRUE,FALSE,TRUE,TRUE,TRUE,TRUE,"no_observed_zeros","ok","",""
"Qiita13631ASD","ASD Dan 2020",64,"balanced","Clostridium",1,1,1,100,100,9149,TRUE,TRUE,FALSE,TRUE,TRUE,TRUE,TRUE,"no_observed_zeros","ok","",""
"Qiita13631ASD","ASD Dan 2020",64,"balanced","Collinsella",0.715,0.74,0.69,74,69,920,TRUE,TRUE,FALSE,TRUE,TRUE,TRUE,TRUE,"structural_absence_boundary_at_zero","ok","",""
"Qiita13631ASD","ASD Dan 2020",64,"balanced","Coprococcus",1,1,1,100,100,7175,TRUE,TRUE,FALSE,TRUE,TRUE,TRUE,TRUE,"no_observed_zeros","ok","",""
"Qiita13631ASD","ASD Dan 2020",64,"balanced","Dialister",1,1,1,100,100,25699,TRUE,TRUE,FALSE,TRUE,TRUE,TRUE,TRUE,"no_observed_zeros","ok","",""
"Qiita13631ASD","ASD Dan 2020",64,"balanced","Dorea",1,1,1,100,100,5500,TRUE,TRUE,FALSE,TRUE,TRUE,TRUE,TRUE,"no_observed_zeros","ok","",""
"Qiita13631ASD","ASD Dan 2020",64,"balanced","Faecalibacterium",1,1,1,100,100,76837,TRUE,TRUE,FALSE,TRUE,TRUE,TRUE,TRUE,"no_observed_zeros","ok","",""
"Qiita13631ASD","ASD Dan 2020",64,"balanced","Fusobacterium",0.545,0.54,0.55,54,55,1411,TRUE,TRUE,FALSE,TRUE,TRUE,TRUE,TRUE,"structural_absence_boundary_at_zero","ok","",""
"Qiita13631ASD","ASD Dan 2020",64,"balanced","Haemophilus",0.975,0.98,0.97,98,97,5226,TRUE,TRUE,FALSE,TRUE,TRUE,TRUE,TRUE,"structural_absence_boundary_at_zero","ok","",""
"Qiita13631ASD","ASD Dan 2020",64,"balanced","Lachnobacterium",0.725,0.71,0.74,71,74,1203,TRUE,TRUE,FALSE,TRUE,TRUE,TRUE,TRUE,"structural_absence_boundary_at_zero","ok","",""
"Qiita13631ASD","ASD Dan 2020",64,"balanced","Lachnospira",1,1,1,100,100,24710,TRUE,TRUE,FALSE,TRUE,TRUE,TRUE,TRUE,"no_observed_zeros","ok","",""
"Qiita13631ASD","ASD Dan 2020",64,"balanced","Megamonas",0.99,0.98,1,98,100,17637,TRUE,TRUE,FALSE,TRUE,TRUE,TRUE,TRUE,"structural_absence_boundary_at_zero","ok","",""
"Qiita13631ASD","ASD Dan 2020",64,"balanced","Megasphaera",0.855,0.84,0.87,84,87,3201,TRUE,TRUE,FALSE,TRUE,TRUE,TRUE,TRUE,"structural_absence_boundary_at_zero","ok","",""
"Qiita13631ASD","ASD Dan 2020",64,"balanced","Oscillospira",1,1,1,100,100,11940,TRUE,TRUE,FALSE,TRUE,TRUE,TRUE,TRUE,"no_observed_zeros","ok","",""
"Qiita13631ASD","ASD Dan 2020",64,"balanced","Parabacteroides",1,1,1,100,100,25361,TRUE,TRUE,FALSE,TRUE,TRUE,TRUE,TRUE,"no_observed_zeros","ok","",""
"Qiita13631ASD","ASD Dan 2020",64,"balanced","Paraprevotella",0.83,0.83,0.83,83,83,2567,TRUE,TRUE,TRUE,FALSE,TRUE,TRUE,TRUE,"ok","ok","",""
"Qiita13631ASD","ASD Dan 2020",64,"balanced","Phascolarctobacterium",0.98,0.98,0.98,98,98,10418,TRUE,TRUE,TRUE,FALSE,TRUE,TRUE,TRUE,"ok","ok","",""
"Qiita13631ASD","ASD Dan 2020",64,"balanced","Prevotella",0.995,1,0.99,100,99,54142,TRUE,TRUE,FALSE,TRUE,TRUE,TRUE,TRUE,"structural_absence_boundary_at_zero","ok","",""
"Qiita13631ASD","ASD Dan 2020",64,"balanced","Roseburia",1,1,1,100,100,13195,TRUE,TRUE,FALSE,TRUE,TRUE,TRUE,TRUE,"no_observed_zeros","ok","",""
"Qiita13631ASD","ASD Dan 2020",64,"balanced","Ruminococcus",1,1,1,100,100,29814,TRUE,TRUE,FALSE,TRUE,TRUE,TRUE,TRUE,"no_observed_zeros","ok","",""
"Qiita13631ASD","ASD Dan 2020",64,"balanced","Streptococcus",0.97,0.97,0.97,97,97,2618,TRUE,TRUE,FALSE,TRUE,TRUE,TRUE,TRUE,"structural_absence_boundary_at_zero","ok","",""
"Qiita13631ASD","ASD Dan 2020",64,"balanced","Sutterella",1,1,1,100,100,14496,TRUE,TRUE,FALSE,TRUE,TRUE,TRUE,TRUE,"no_observed_zeros","ok","",""
"Qiita13631ASD","ASD Dan 2020",64,"balanced","Veillonella",0.995,1,0.99,100,99,6627,TRUE,TRUE,FALSE,TRUE,TRUE,TRUE,TRUE,"structural_absence_boundary_at_zero","ok","",""
"Qiita13631ASD","ASD Dan 2020",64,"fourfold","[Prevotella]",0.505,0.44,0.57,44,57,1389,TRUE,TRUE,TRUE,FALSE,TRUE,TRUE,TRUE,"ok","ok","",""
"Qiita13631ASD","ASD Dan 2020",64,"fourfold","[Ruminococcus]",1,1,1,100,100,10509,TRUE,TRUE,FALSE,TRUE,TRUE,TRUE,TRUE,"no_observed_zeros","ok","",""
"Qiita13631ASD","ASD Dan 2020",64,"fourfold","Akkermansia",0.76,0.63,0.89,63,89,2592,TRUE,TRUE,FALSE,TRUE,TRUE,TRUE,TRUE,"structural_absence_boundary_at_zero","ok","",""
"Qiita13631ASD","ASD Dan 2020",64,"fourfold","Anaerostipes",0.94,0.92,0.96,92,96,2211,TRUE,TRUE,TRUE,FALSE,TRUE,TRUE,TRUE,"ok","ok","",""
"Qiita13631ASD","ASD Dan 2020",64,"fourfold","Bacteroides",1,1,1,100,100,291529,TRUE,TRUE,FALSE,TRUE,TRUE,TRUE,TRUE,"no_observed_zeros","ok","",""
"Qiita13631ASD","ASD Dan 2020",64,"fourfold","Bifidobacterium",0.925,0.86,0.99,86,99,6531,TRUE,TRUE,FALSE,TRUE,TRUE,TRUE,TRUE,"structural_absence_boundary_at_zero","ok","",""
"Qiita13631ASD","ASD Dan 2020",64,"fourfold","Bilophila",0.88,0.8,0.96,80,96,1406,TRUE,TRUE,TRUE,FALSE,TRUE,TRUE,TRUE,"ok","ok","",""
"Qiita13631ASD","ASD Dan 2020",64,"fourfold","Blautia",0.985,0.97,1,97,100,6076,TRUE,TRUE,TRUE,FALSE,TRUE,TRUE,TRUE,"ok","ok","",""
"Qiita13631ASD","ASD Dan 2020",64,"fourfold","Clostridium",0.99,0.98,1,98,100,10243,TRUE,TRUE,FALSE,TRUE,TRUE,TRUE,TRUE,"structural_absence_boundary_at_zero","ok","",""
"Qiita13631ASD","ASD Dan 2020",64,"fourfold","Collinsella",0.64,0.47,0.81,47,81,852,TRUE,TRUE,FALSE,TRUE,TRUE,TRUE,TRUE,"structural_absence_boundary_at_zero","ok","",""
"Qiita13631ASD","ASD Dan 2020",64,"fourfold","Coprococcus",0.99,0.98,1,98,100,6288,TRUE,TRUE,FALSE,TRUE,TRUE,TRUE,TRUE,"structural_absence_boundary_at_zero","ok","",""
"Qiita13631ASD","ASD Dan 2020",64,"fourfold","Dialister",1,1,1,100,100,20792,TRUE,TRUE,FALSE,TRUE,TRUE,TRUE,TRUE,"no_observed_zeros","ok","",""
"Qiita13631ASD","ASD Dan 2020",64,"fourfold","Dorea",1,1,1,100,100,5059,TRUE,TRUE,FALSE,TRUE,TRUE,TRUE,TRUE,"no_observed_zeros","ok","",""
"Qiita13631ASD","ASD Dan 2020",64,"fourfold","Faecalibacterium",1,1,1,100,100,71819,TRUE,TRUE,FALSE,TRUE,TRUE,TRUE,TRUE,"no_observed_zeros","ok","",""
"Qiita13631ASD","ASD Dan 2020",64,"fourfold","Fusobacterium",0.415,0.29,0.54,29,54,1323,TRUE,TRUE,FALSE,TRUE,TRUE,TRUE,TRUE,"structural_absence_boundary_at_zero","ok","",""
"Qiita13631ASD","ASD Dan 2020",64,"fourfold","Haemophilus",0.93,0.88,0.98,88,98,4529,TRUE,TRUE,FALSE,TRUE,TRUE,TRUE,TRUE,"structural_absence_boundary_at_zero","ok","",""
"Qiita13631ASD","ASD Dan 2020",64,"fourfold","Lachnobacterium",0.665,0.54,0.79,54,79,1203,TRUE,TRUE,TRUE,FALSE,TRUE,TRUE,TRUE,"ok","ok","",""
"Qiita13631ASD","ASD Dan 2020",64,"fourfold","Lachnospira",1,1,1,100,100,21301,TRUE,TRUE,FALSE,TRUE,TRUE,TRUE,TRUE,"no_observed_zeros","ok","",""
"Qiita13631ASD","ASD Dan 2020",64,"fourfold","Megamonas",0.975,0.96,0.99,96,99,18129,TRUE,TRUE,FALSE,TRUE,TRUE,TRUE,TRUE,"structural_absence_boundary_at_zero","ok","",""
"Qiita13631ASD","ASD Dan 2020",64,"fourfold","Megasphaera",0.745,0.63,0.86,63,86,4038,TRUE,TRUE,TRUE,FALSE,TRUE,TRUE,TRUE,"ok","ok","",""
"Qiita13631ASD","ASD Dan 2020",64,"fourfold","Oscillospira",1,1,1,100,100,10763,TRUE,TRUE,FALSE,TRUE,TRUE,TRUE,TRUE,"no_observed_zeros","ok","",""
"Qiita13631ASD","ASD Dan 2020",64,"fourfold","Parabacteroides",1,1,1,100,100,22220,TRUE,TRUE,FALSE,TRUE,TRUE,TRUE,TRUE,"no_observed_zeros","ok","",""
"Qiita13631ASD","ASD Dan 2020",64,"fourfold","Paraprevotella",0.75,0.67,0.83,67,83,2119,TRUE,TRUE,TRUE,FALSE,TRUE,TRUE,TRUE,"ok","ok","",""
"Qiita13631ASD","ASD Dan 2020",64,"fourfold","Phascolarctobacterium",0.975,0.95,1,95,100,7923,TRUE,TRUE,FALSE,TRUE,TRUE,TRUE,TRUE,"structural_absence_boundary_at_zero","ok","",""
"Qiita13631ASD","ASD Dan 2020",64,"fourfold","Prevotella",1,1,1,100,100,48374,TRUE,TRUE,FALSE,TRUE,TRUE,TRUE,TRUE,"no_observed_zeros","ok","",""
"Qiita13631ASD","ASD Dan 2020",64,"fourfold","Roseburia",1,1,1,100,100,11638,TRUE,TRUE,FALSE,TRUE,TRUE,TRUE,TRUE,"no_observed_zeros","ok","",""
"Qiita13631ASD","ASD Dan 2020",64,"fourfold","Ruminococcus",1,1,1,100,100,26380,TRUE,TRUE,FALSE,TRUE,TRUE,TRUE,TRUE,"no_observed_zeros","ok","",""
"Qiita13631ASD","ASD Dan 2020",64,"fourfold","Streptococcus",0.94,0.9,0.98,90,98,2288,TRUE,TRUE,FALSE,TRUE,TRUE,TRUE,TRUE,"structural_absence_boundary_at_zero","ok","",""
"Qiita13631ASD","ASD Dan 2020",64,"fourfold","Sutterella",0.995,0.99,1,99,100,14452,TRUE,TRUE,FALSE,TRUE,TRUE,TRUE,TRUE,"structural_absence_boundary_at_zero","ok","",""
"Qiita13631ASD","ASD Dan 2020",64,"fourfold","Veillonella",0.955,0.93,0.98,93,98,5869,TRUE,TRUE,FALSE,TRUE,TRUE,TRUE,TRUE,"structural_absence_boundary_at_zero","ok","",""
"Qiita13631ASD","ASD Dan 2020",65,"balanced","[Prevotella]",0.51,0.48,0.54,48,54,1460,TRUE,TRUE,TRUE,FALSE,TRUE,TRUE,TRUE,"ok","ok","",""
"Qiita13631ASD","ASD Dan 2020",65,"balanced","[Ruminococcus]",1,1,1,100,100,11588,TRUE,TRUE,FALSE,TRUE,TRUE,TRUE,TRUE,"no_observed_zeros","ok","",""
"Qiita13631ASD","ASD Dan 2020",65,"balanced","Akkermansia",0.77,0.79,0.75,79,75,3343,TRUE,TRUE,FALSE,TRUE,TRUE,TRUE,TRUE,"structural_absence_boundary_at_zero","ok","",""
"Qiita13631ASD","ASD Dan 2020",65,"balanced","Anaerostipes",0.98,0.96,1,96,100,2468,TRUE,TRUE,TRUE,FALSE,TRUE,TRUE,TRUE,"ok","ok","",""
"Qiita13631ASD","ASD Dan 2020",65,"balanced","Bacteroides",1,1,1,100,100,298982,TRUE,TRUE,FALSE,TRUE,TRUE,TRUE,TRUE,"no_observed_zeros","ok","",""
"Qiita13631ASD","ASD Dan 2020",65,"balanced","Bifidobacterium",0.98,0.97,0.99,97,99,9157,TRUE,TRUE,FALSE,TRUE,TRUE,TRUE,TRUE,"structural_absence_boundary_at_zero","ok","",""
"Qiita13631ASD","ASD Dan 2020",65,"balanced","Bilophila",0.965,0.94,0.99,94,99,1459,TRUE,TRUE,FALSE,TRUE,TRUE,TRUE,TRUE,"structural_absence_boundary_at_zero","ok","",""
"Qiita13631ASD","ASD Dan 2020",65,"balanced","Blautia",1,1,1,100,100,5661,TRUE,TRUE,FALSE,TRUE,TRUE,TRUE,TRUE,"no_observed_zeros","ok","",""
"Qiita13631ASD","ASD Dan 2020",65,"balanced","Clostridium",0.995,1,0.99,100,99,8620,TRUE,TRUE,FALSE,TRUE,TRUE,TRUE,TRUE,"structural_absence_boundary_at_zero","ok","",""
"Qiita13631ASD","ASD Dan 2020",65,"balanced","Collinsella",0.71,0.68,0.74,68,74,838,TRUE,TRUE,FALSE,TRUE,TRUE,TRUE,TRUE,"structural_absence_boundary_at_zero","ok","",""
"Qiita13631ASD","ASD Dan 2020",65,"balanced","Coprococcus",1,1,1,100,100,6745,TRUE,TRUE,FALSE,TRUE,TRUE,TRUE,TRUE,"no_observed_zeros","ok","",""
"Qiita13631ASD","ASD Dan 2020",65,"balanced","Dialister",1,1,1,100,100,23718,TRUE,TRUE,FALSE,TRUE,TRUE,TRUE,TRUE,"no_observed_zeros","ok","",""
"Qiita13631ASD","ASD Dan 2020",65,"balanced","Dorea",1,1,1,100,100,5182,TRUE,TRUE,FALSE,TRUE,TRUE,TRUE,TRUE,"no_observed_zeros","ok","",""
"Qiita13631ASD","ASD Dan 2020",65,"balanced","Faecalibacterium",1,1,1,100,100,73650,TRUE,TRUE,FALSE,TRUE,TRUE,TRUE,TRUE,"no_observed_zeros","ok","",""
"Qiita13631ASD","ASD Dan 2020",65,"balanced","Fusobacterium",0.48,0.47,0.49,47,49,1478,TRUE,TRUE,TRUE,FALSE,TRUE,TRUE,TRUE,"ok","ok","",""
"Qiita13631ASD","ASD Dan 2020",65,"balanced","Haemophilus",0.975,0.96,0.99,96,99,5478,TRUE,TRUE,FALSE,TRUE,TRUE,TRUE,TRUE,"structural_absence_boundary_at_zero","ok","",""
"Qiita13631ASD","ASD Dan 2020",65,"balanced","Lachnobacterium",0.72,0.68,0.76,68,76,1149,TRUE,TRUE,TRUE,FALSE,TRUE,TRUE,TRUE,"ok","ok","",""
"Qiita13631ASD","ASD Dan 2020",65,"balanced","Lachnospira",1,1,1,100,100,23571,TRUE,TRUE,FALSE,TRUE,TRUE,TRUE,TRUE,"no_observed_zeros","ok","",""
"Qiita13631ASD","ASD Dan 2020",65,"balanced","Megamonas",0.995,0.99,1,99,100,19123,TRUE,TRUE,FALSE,TRUE,TRUE,TRUE,TRUE,"structural_absence_boundary_at_zero","ok","",""
"Qiita13631ASD","ASD Dan 2020",65,"balanced","Megasphaera",0.845,0.86,0.83,86,83,3407,TRUE,TRUE,TRUE,FALSE,TRUE,TRUE,TRUE,"ok","ok","",""
"Qiita13631ASD","ASD Dan 2020",65,"balanced","Oscillospira",1,1,1,100,100,10830,TRUE,TRUE,FALSE,TRUE,TRUE,TRUE,TRUE,"no_observed_zeros","ok","",""
"Qiita13631ASD","ASD Dan 2020",65,"balanced","Parabacteroides",1,1,1,100,100,23095,TRUE,TRUE,FALSE,TRUE,TRUE,TRUE,TRUE,"no_observed_zeros","ok","",""
"Qiita13631ASD","ASD Dan 2020",65,"balanced","Paraprevotella",0.805,0.78,0.83,78,83,2176,TRUE,TRUE,TRUE,FALSE,TRUE,TRUE,TRUE,"ok","ok","",""
"Qiita13631ASD","ASD Dan 2020",65,"balanced","Phascolarctobacterium",1,1,1,100,100,10055,TRUE,TRUE,FALSE,TRUE,TRUE,TRUE,TRUE,"no_observed_zeros","ok","",""
"Qiita13631ASD","ASD Dan 2020",65,"balanced","Prevotella",1,1,1,100,100,51608,TRUE,TRUE,FALSE,TRUE,TRUE,TRUE,TRUE,"no_observed_zeros","ok","",""
"Qiita13631ASD","ASD Dan 2020",65,"balanced","Roseburia",1,1,1,100,100,12748,TRUE,TRUE,FALSE,TRUE,TRUE,TRUE,TRUE,"no_observed_zeros","ok","",""
"Qiita13631ASD","ASD Dan 2020",65,"balanced","Ruminococcus",1,1,1,100,100,29791,TRUE,TRUE,FALSE,TRUE,TRUE,TRUE,TRUE,"no_observed_zeros","ok","",""
"Qiita13631ASD","ASD Dan 2020",65,"balanced","Streptococcus",0.98,0.98,0.98,98,98,2641,TRUE,TRUE,FALSE,TRUE,TRUE,TRUE,TRUE,"structural_absence_boundary_at_zero","ok","",""
"Qiita13631ASD","ASD Dan 2020",65,"balanced","Sutterella",1,1,1,100,100,14062,TRUE,TRUE,FALSE,TRUE,TRUE,TRUE,TRUE,"no_observed_zeros","ok","",""
"Qiita13631ASD","ASD Dan 2020",65,"balanced","Veillonella",0.975,0.99,0.96,99,96,6370,TRUE,TRUE,TRUE,FALSE,TRUE,TRUE,TRUE,"ok","ok","",""
"Qiita13631ASD","ASD Dan 2020",65,"fourfold","[Prevotella]",0.485,0.35,0.62,35,62,1666,TRUE,TRUE,TRUE,FALSE,TRUE,TRUE,TRUE,"ok","ok","",""
"Qiita13631ASD","ASD Dan 2020",65,"fourfold","[Ruminococcus]",1,1,1,100,100,10842,TRUE,TRUE,FALSE,TRUE,TRUE,TRUE,TRUE,"no_observed_zeros","ok","",""
"Qiita13631ASD","ASD Dan 2020",65,"fourfold","Akkermansia",0.72,0.58,0.86,58,86,2482,TRUE,TRUE,FALSE,TRUE,TRUE,TRUE,TRUE,"structural_absence_boundary_at_zero","ok","",""
"Qiita13631ASD","ASD Dan 2020",65,"fourfold","Anaerostipes",0.935,0.9,0.97,90,97,2500,TRUE,TRUE,TRUE,FALSE,TRUE,TRUE,TRUE,"ok","ok","",""
"Qiita13631ASD","ASD Dan 2020",65,"fourfold","Bacteroides",1,1,1,100,100,291103,TRUE,TRUE,FALSE,TRUE,TRUE,TRUE,TRUE,"no_observed_zeros","ok","",""
"Qiita13631ASD","ASD Dan 2020",65,"fourfold","Bifidobacterium",0.93,0.88,0.98,88,98,7861,TRUE,TRUE,FALSE,TRUE,TRUE,TRUE,TRUE,"structural_absence_boundary_at_zero","ok","",""
"Qiita13631ASD","ASD Dan 2020",65,"fourfold","Bilophila",0.94,0.89,0.99,89,99,1423,TRUE,TRUE,FALSE,TRUE,TRUE,TRUE,TRUE,"structural_absence_boundary_at_zero","ok","",""
"Qiita13631ASD","ASD Dan 2020",65,"fourfold","Blautia",0.99,0.98,1,98,100,4867,TRUE,TRUE,FALSE,TRUE,TRUE,TRUE,TRUE,"structural_absence_boundary_at_zero","ok","",""
"Qiita13631ASD","ASD Dan 2020",65,"fourfold","Clostridium",1,1,1,100,100,7464,TRUE,TRUE,FALSE,TRUE,TRUE,TRUE,TRUE,"no_observed_zeros","ok","",""
"Qiita13631ASD","ASD Dan 2020",65,"fourfold","Collinsella",0.665,0.53,0.8,53,80,805,TRUE,TRUE,FALSE,TRUE,TRUE,TRUE,TRUE,"structural_absence_boundary_at_zero","ok","",""
"Qiita13631ASD","ASD Dan 2020",65,"fourfold","Coprococcus",0.99,0.98,1,98,100,5917,TRUE,TRUE,TRUE,FALSE,TRUE,TRUE,TRUE,"ok","ok","",""
"Qiita13631ASD","ASD Dan 2020",65,"fourfold","Dialister",0.995,0.99,1,99,100,21892,TRUE,TRUE,FALSE,TRUE,TRUE,TRUE,TRUE,"structural_absence_boundary_at_zero","ok","",""
"Qiita13631ASD","ASD Dan 2020",65,"fourfold","Dorea",1,1,1,100,100,4902,TRUE,TRUE,FALSE,TRUE,TRUE,TRUE,TRUE,"no_observed_zeros","ok","",""
"Qiita13631ASD","ASD Dan 2020",65,"fourfold","Faecalibacterium",1,1,1,100,100,68620,TRUE,TRUE,FALSE,TRUE,TRUE,TRUE,TRUE,"no_observed_zeros","ok","",""
"Qiita13631ASD","ASD Dan 2020",65,"fourfold","Fusobacterium",0.445,0.31,0.58,31,58,1241,TRUE,TRUE,FALSE,TRUE,TRUE,TRUE,TRUE,"structural_absence_boundary_at_zero","ok","",""
"Qiita13631ASD","ASD Dan 2020",65,"fourfold","Haemophilus",0.93,0.86,1,86,100,4288,TRUE,TRUE,FALSE,TRUE,TRUE,TRUE,TRUE,"structural_absence_boundary_at_zero","ok","",""
"Qiita13631ASD","ASD Dan 2020",65,"fourfold","Lachnobacterium",0.66,0.59,0.73,59,73,1062,TRUE,TRUE,TRUE,FALSE,TRUE,TRUE,TRUE,"ok","ok","",""
"Qiita13631ASD","ASD Dan 2020",65,"fourfold","Lachnospira",1,1,1,100,100,25254,TRUE,TRUE,FALSE,TRUE,TRUE,TRUE,TRUE,"no_observed_zeros","ok","",""
"Qiita13631ASD","ASD Dan 2020",65,"fourfold","Megamonas",0.975,0.95,1,95,100,16643,TRUE,TRUE,FALSE,TRUE,TRUE,TRUE,TRUE,"structural_absence_boundary_at_zero","ok","",""
"Qiita13631ASD","ASD Dan 2020",65,"fourfold","Megasphaera",0.82,0.74,0.9,74,90,2776,TRUE,TRUE,FALSE,TRUE,TRUE,TRUE,TRUE,"structural_absence_boundary_at_zero","ok","",""
"Qiita13631ASD","ASD Dan 2020",65,"fourfold","Oscillospira",1,1,1,100,100,10825,TRUE,TRUE,FALSE,TRUE,TRUE,TRUE,TRUE,"no_observed_zeros","ok","",""
"Qiita13631ASD","ASD Dan 2020",65,"fourfold","Parabacteroides",1,1,1,100,100,21386,TRUE,TRUE,FALSE,TRUE,TRUE,TRUE,TRUE,"no_observed_zeros","ok","",""
"Qiita13631ASD","ASD Dan 2020",65,"fourfold","Paraprevotella",0.76,0.66,0.86,66,86,2690,TRUE,TRUE,TRUE,FALSE,TRUE,TRUE,TRUE,"ok","ok","",""
"Qiita13631ASD","ASD Dan 2020",65,"fourfold","Phascolarctobacterium",0.975,0.95,1,95,100,9824,TRUE,TRUE,FALSE,TRUE,TRUE,TRUE,TRUE,"structural_absence_boundary_at_zero","ok","",""
"Qiita13631ASD","ASD Dan 2020",65,"fourfold","Prevotella",0.99,0.98,1,98,100,45433,TRUE,TRUE,FALSE,TRUE,TRUE,TRUE,TRUE,"structural_absence_boundary_at_zero","ok","",""
"Qiita13631ASD","ASD Dan 2020",65,"fourfold","Roseburia",1,1,1,100,100,11740,TRUE,TRUE,FALSE,TRUE,TRUE,TRUE,TRUE,"no_observed_zeros","ok","",""
"Qiita13631ASD","ASD Dan 2020",65,"fourfold","Ruminococcus",1,1,1,100,100,25893,TRUE,TRUE,FALSE,TRUE,TRUE,TRUE,TRUE,"no_observed_zeros","ok","",""
"Qiita13631ASD","ASD Dan 2020",65,"fourfold","Streptococcus",0.94,0.88,1,88,100,2199,TRUE,TRUE,FALSE,TRUE,TRUE,TRUE,TRUE,"structural_absence_boundary_at_zero","ok","",""
"Qiita13631ASD","ASD Dan 2020",65,"fourfold","Sutterella",1,1,1,100,100,13786,TRUE,TRUE,FALSE,TRUE,TRUE,TRUE,TRUE,"no_observed_zeros","ok","",""
"Qiita13631ASD","ASD Dan 2020",65,"fourfold","Veillonella",0.96,0.92,1,92,100,5876,TRUE,TRUE,FALSE,TRUE,TRUE,TRUE,TRUE,"structural_absence_boundary_at_zero","ok","",""
"Qiita13631ASD","ASD Dan 2020",66,"balanced","[Prevotella]",0.52,0.5,0.54,50,54,1714,TRUE,TRUE,TRUE,FALSE,TRUE,TRUE,TRUE,"ok","ok","",""
"Qiita13631ASD","ASD Dan 2020",66,"balanced","[Ruminococcus]",1,1,1,100,100,11934,TRUE,TRUE,FALSE,TRUE,TRUE,TRUE,TRUE,"no_observed_zeros","ok","",""
"Qiita13631ASD","ASD Dan 2020",66,"balanced","Akkermansia",0.81,0.82,0.8,82,80,3125,TRUE,TRUE,FALSE,TRUE,TRUE,TRUE,TRUE,"structural_absence_boundary_at_zero","ok","",""
"Qiita13631ASD","ASD Dan 2020",66,"balanced","Anaerostipes",0.98,0.98,0.98,98,98,2908,TRUE,TRUE,FALSE,TRUE,TRUE,TRUE,TRUE,"structural_absence_boundary_at_zero","ok","",""
"Qiita13631ASD","ASD Dan 2020",66,"balanced","Bacteroides",1,1,1,100,100,300426,TRUE,TRUE,FALSE,TRUE,TRUE,TRUE,TRUE,"no_observed_zeros","ok","",""
"Qiita13631ASD","ASD Dan 2020",66,"balanced","Bifidobacterium",0.955,0.96,0.95,96,95,8950,TRUE,TRUE,FALSE,TRUE,TRUE,TRUE,TRUE,"structural_absence_boundary_at_zero","ok","",""
"Qiita13631ASD","ASD Dan 2020",66,"balanced","Bilophila",0.95,0.95,0.95,95,95,1435,TRUE,TRUE,TRUE,FALSE,TRUE,TRUE,TRUE,"ok","ok","",""
"Qiita13631ASD","ASD Dan 2020",66,"balanced","Blautia",1,1,1,100,100,5945,TRUE,TRUE,FALSE,TRUE,TRUE,TRUE,TRUE,"no_observed_zeros","ok","",""
"Qiita13631ASD","ASD Dan 2020",66,"balanced","Clostridium",1,1,1,100,100,9320,TRUE,TRUE,FALSE,TRUE,TRUE,TRUE,TRUE,"no_observed_zeros","ok","",""
"Qiita13631ASD","ASD Dan 2020",66,"balanced","Collinsella",0.715,0.79,0.64,79,64,942,TRUE,TRUE,FALSE,TRUE,TRUE,TRUE,TRUE,"structural_absence_boundary_at_zero","ok","",""
"Qiita13631ASD","ASD Dan 2020",66,"balanced","Coprococcus",1,1,1,100,100,6977,TRUE,TRUE,FALSE,TRUE,TRUE,TRUE,TRUE,"no_observed_zeros","ok","",""
"Qiita13631ASD","ASD Dan 2020",66,"balanced","Dialister",1,1,1,100,100,23088,TRUE,TRUE,FALSE,TRUE,TRUE,TRUE,TRUE,"no_observed_zeros","ok","",""
"Qiita13631ASD","ASD Dan 2020",66,"balanced","Dorea",1,1,1,100,100,5132,TRUE,TRUE,FALSE,TRUE,TRUE,TRUE,TRUE,"no_observed_zeros","ok","",""
"Qiita13631ASD","ASD Dan 2020",66,"balanced","Faecalibacterium",1,1,1,100,100,80067,TRUE,TRUE,FALSE,TRUE,TRUE,TRUE,TRUE,"no_observed_zeros","ok","",""
"Qiita13631ASD","ASD Dan 2020",66,"balanced","Fusobacterium",0.51,0.57,0.45,57,45,1512,TRUE,TRUE,FALSE,TRUE,TRUE,TRUE,TRUE,"structural_absence_boundary_at_zero","ok","",""
"Qiita13631ASD","ASD Dan 2020",66,"balanced","Haemophilus",0.95,0.96,0.94,96,94,4993,TRUE,TRUE,FALSE,TRUE,TRUE,TRUE,TRUE,"structural_absence_boundary_at_zero","ok","",""
"Qiita13631ASD","ASD Dan 2020",66,"balanced","Lachnobacterium",0.755,0.77,0.74,77,74,1205,TRUE,TRUE,TRUE,FALSE,TRUE,TRUE,TRUE,"ok","ok","",""
"Qiita13631ASD","ASD Dan 2020",66,"balanced","Lachnospira",1,1,1,100,100,25725,TRUE,TRUE,FALSE,TRUE,TRUE,TRUE,TRUE,"no_observed_zeros","ok","",""
"Qiita13631ASD","ASD Dan 2020",66,"balanced","Megamonas",0.985,0.99,0.98,99,98,19755,TRUE,TRUE,FALSE,TRUE,TRUE,TRUE,TRUE,"structural_absence_boundary_at_zero","ok","",""
"Qiita13631ASD","ASD Dan 2020",66,"balanced","Megasphaera",0.875,0.9,0.85,90,85,3621,TRUE,TRUE,FALSE,TRUE,TRUE,TRUE,TRUE,"structural_absence_boundary_at_zero","ok","",""
"Qiita13631ASD","ASD Dan 2020",66,"balanced","Oscillospira",1,1,1,100,100,10806,TRUE,TRUE,FALSE,TRUE,TRUE,TRUE,TRUE,"no_observed_zeros","ok","",""
"Qiita13631ASD","ASD Dan 2020",66,"balanced","Parabacteroides",1,1,1,100,100,22254,TRUE,TRUE,FALSE,TRUE,TRUE,TRUE,TRUE,"no_observed_zeros","ok","",""
"Qiita13631ASD","ASD Dan 2020",66,"balanced","Paraprevotella",0.845,0.89,0.8,89,80,2407,TRUE,TRUE,TRUE,FALSE,TRUE,TRUE,TRUE,"ok","ok","",""
"Qiita13631ASD","ASD Dan 2020",66,"balanced","Phascolarctobacterium",1,1,1,100,100,9918,TRUE,TRUE,FALSE,TRUE,TRUE,TRUE,TRUE,"no_observed_zeros","ok","",""
"Qiita13631ASD","ASD Dan 2020",66,"balanced","Prevotella",0.99,1,0.98,100,98,52059,TRUE,TRUE,FALSE,TRUE,TRUE,TRUE,TRUE,"structural_absence_boundary_at_zero","ok","",""
"Qiita13631ASD","ASD Dan 2020",66,"balanced","Roseburia",1,1,1,100,100,13633,TRUE,TRUE,FALSE,TRUE,TRUE,TRUE,TRUE,"no_observed_zeros","ok","",""
"Qiita13631ASD","ASD Dan 2020",66,"balanced","Ruminococcus",1,1,1,100,100,28315,TRUE,TRUE,FALSE,TRUE,TRUE,TRUE,TRUE,"no_observed_zeros","ok","",""
"Qiita13631ASD","ASD Dan 2020",66,"balanced","Streptococcus",0.965,0.97,0.96,97,96,2518,TRUE,TRUE,TRUE,FALSE,TRUE,TRUE,TRUE,"ok","ok","",""
"Qiita13631ASD","ASD Dan 2020",66,"balanced","Sutterella",0.995,0.99,1,99,100,14141,TRUE,TRUE,FALSE,TRUE,TRUE,TRUE,TRUE,"structural_absence_boundary_at_zero","ok","",""
"Qiita13631ASD","ASD Dan 2020",66,"balanced","Veillonella",0.985,0.99,0.98,99,98,6161,TRUE,TRUE,FALSE,TRUE,TRUE,TRUE,TRUE,"structural_absence_boundary_at_zero","ok","",""
"Qiita13631ASD","ASD Dan 2020",66,"fourfold","[Prevotella]",0.505,0.43,0.58,43,58,1444,TRUE,TRUE,TRUE,FALSE,TRUE,TRUE,TRUE,"ok","ok","",""
"Qiita13631ASD","ASD Dan 2020",66,"fourfold","[Ruminococcus]",1,1,1,100,100,11683,TRUE,TRUE,FALSE,TRUE,TRUE,TRUE,TRUE,"no_observed_zeros","ok","",""
"Qiita13631ASD","ASD Dan 2020",66,"fourfold","Akkermansia",0.7,0.55,0.85,55,85,2556,TRUE,TRUE,FALSE,TRUE,TRUE,TRUE,TRUE,"structural_absence_boundary_at_zero","ok","",""
"Qiita13631ASD","ASD Dan 2020",66,"fourfold","Anaerostipes",0.935,0.89,0.98,89,98,2549,TRUE,TRUE,TRUE,FALSE,TRUE,TRUE,TRUE,"ok","ok","",""
"Qiita13631ASD","ASD Dan 2020",66,"fourfold","Bacteroides",1,1,1,100,100,295793,TRUE,TRUE,FALSE,TRUE,TRUE,TRUE,TRUE,"no_observed_zeros","ok","",""
"Qiita13631ASD","ASD Dan 2020",66,"fourfold","Bifidobacterium",0.95,0.92,0.98,92,98,7056,TRUE,TRUE,FALSE,TRUE,TRUE,TRUE,TRUE,"structural_absence_boundary_at_zero","ok","",""
"Qiita13631ASD","ASD Dan 2020",66,"fourfold","Bilophila",0.9,0.82,0.98,82,98,1376,TRUE,TRUE,FALSE,TRUE,TRUE,TRUE,TRUE,"structural_absence_boundary_at_zero","ok","",""
"Qiita13631ASD","ASD Dan 2020",66,"fourfold","Blautia",0.99,0.99,0.99,99,99,4792,TRUE,TRUE,TRUE,FALSE,TRUE,TRUE,TRUE,"ok","ok","",""
"Qiita13631ASD","ASD Dan 2020",66,"fourfold","Clostridium",0.99,0.98,1,98,100,8235,TRUE,TRUE,FALSE,TRUE,TRUE,TRUE,TRUE,"structural_absence_boundary_at_zero","ok","",""
"Qiita13631ASD","ASD Dan 2020",66,"fourfold","Collinsella",0.68,0.55,0.81,55,81,1016,TRUE,TRUE,FALSE,TRUE,TRUE,TRUE,TRUE,"structural_absence_boundary_at_zero","ok","",""
"Qiita13631ASD","ASD Dan 2020",66,"fourfold","Coprococcus",0.975,0.95,1,95,100,6758,TRUE,TRUE,TRUE,FALSE,TRUE,TRUE,TRUE,"ok","ok","",""
"Qiita13631ASD","ASD Dan 2020",66,"fourfold","Dialister",1,1,1,100,100,20489,TRUE,TRUE,FALSE,TRUE,TRUE,TRUE,TRUE,"no_observed_zeros","ok","",""
"Qiita13631ASD","ASD Dan 2020",66,"fourfold","Dorea",1,1,1,100,100,4726,TRUE,TRUE,FALSE,TRUE,TRUE,TRUE,TRUE,"no_observed_zeros","ok","",""
"Qiita13631ASD","ASD Dan 2020",66,"fourfold","Faecalibacterium",1,1,1,100,100,79952,TRUE,TRUE,FALSE,TRUE,TRUE,TRUE,TRUE,"no_observed_zeros","ok","",""
"Qiita13631ASD","ASD Dan 2020",66,"fourfold","Fusobacterium",0.44,0.28,0.6,28,60,1010,TRUE,TRUE,TRUE,FALSE,TRUE,TRUE,TRUE,"ok","ok","",""
"Qiita13631ASD","ASD Dan 2020",66,"fourfold","Haemophilus",0.94,0.9,0.98,90,98,4290,TRUE,TRUE,FALSE,TRUE,TRUE,TRUE,TRUE,"structural_absence_boundary_at_zero","ok","",""
"Qiita13631ASD","ASD Dan 2020",66,"fourfold","Lachnobacterium",0.7,0.58,0.82,58,82,1088,TRUE,TRUE,FALSE,TRUE,TRUE,TRUE,TRUE,"structural_absence_boundary_at_zero","ok","",""
"Qiita13631ASD","ASD Dan 2020",66,"fourfold","Lachnospira",1,1,1,100,100,24625,TRUE,TRUE,FALSE,TRUE,TRUE,TRUE,TRUE,"no_observed_zeros","ok","",""
"Qiita13631ASD","ASD Dan 2020",66,"fourfold","Megamonas",0.98,0.96,1,96,100,15710,TRUE,TRUE,FALSE,TRUE,TRUE,TRUE,TRUE,"structural_absence_boundary_at_zero","ok","",""
"Qiita13631ASD","ASD Dan 2020",66,"fourfold","Megasphaera",0.8,0.74,0.86,74,86,2706,TRUE,TRUE,FALSE,TRUE,TRUE,TRUE,TRUE,"structural_absence_boundary_at_zero","ok","",""
"Qiita13631ASD","ASD Dan 2020",66,"fourfold","Oscillospira",1,1,1,100,100,10332,TRUE,TRUE,FALSE,TRUE,TRUE,TRUE,TRUE,"no_observed_zeros","ok","",""
"Qiita13631ASD","ASD Dan 2020",66,"fourfold","Parabacteroides",1,1,1,100,100,22328,TRUE,TRUE,FALSE,TRUE,TRUE,TRUE,TRUE,"no_observed_zeros","ok","",""
"Qiita13631ASD","ASD Dan 2020",66,"fourfold","Paraprevotella",0.77,0.68,0.86,68,86,1962,TRUE,TRUE,TRUE,FALSE,TRUE,TRUE,TRUE,"ok","ok","",""
"Qiita13631ASD","ASD Dan 2020",66,"fourfold","Phascolarctobacterium",0.98,0.96,1,96,100,8915,TRUE,TRUE,FALSE,TRUE,TRUE,TRUE,TRUE,"structural_absence_boundary_at_zero","ok","",""
"Qiita13631ASD","ASD Dan 2020",66,"fourfold","Prevotella",0.98,0.96,1,96,100,41455,TRUE,TRUE,FALSE,TRUE,TRUE,TRUE,TRUE,"structural_absence_boundary_at_zero","ok","",""
"Qiita13631ASD","ASD Dan 2020",66,"fourfold","Roseburia",0.995,0.99,1,99,100,12447,TRUE,TRUE,FALSE,TRUE,TRUE,TRUE,TRUE,"structural_absence_boundary_at_zero","ok","",""
"Qiita13631ASD","ASD Dan 2020",66,"fourfold","Ruminococcus",0.995,0.99,1,99,100,24621,TRUE,TRUE,FALSE,TRUE,TRUE,TRUE,TRUE,"structural_absence_boundary_at_zero","ok","",""
"Qiita13631ASD","ASD Dan 2020",66,"fourfold","Streptococcus",0.945,0.89,1,89,100,2121,TRUE,TRUE,FALSE,TRUE,TRUE,TRUE,TRUE,"structural_absence_boundary_at_zero","ok","",""
"Qiita13631ASD","ASD Dan 2020",66,"fourfold","Sutterella",1,1,1,100,100,13156,TRUE,TRUE,FALSE,TRUE,TRUE,TRUE,TRUE,"no_observed_zeros","ok","",""
"Qiita13631ASD","ASD Dan 2020",66,"fourfold","Veillonella",0.985,0.97,1,97,100,5532,TRUE,TRUE,FALSE,TRUE,TRUE,TRUE,TRUE,"structural_absence_boundary_at_zero","ok","",""
"Qiita13631ASD","ASD Dan 2020",67,"balanced","[Prevotella]",0.51,0.55,0.47,55,47,1304,TRUE,TRUE,TRUE,FALSE,TRUE,TRUE,TRUE,"ok","ok","",""
"Qiita13631ASD","ASD Dan 2020",67,"balanced","[Ruminococcus]",1,1,1,100,100,11740,TRUE,TRUE,FALSE,TRUE,TRUE,TRUE,TRUE,"no_observed_zeros","ok","",""
"Qiita13631ASD","ASD Dan 2020",67,"balanced","Akkermansia",0.77,0.8,0.74,80,74,3420,TRUE,TRUE,FALSE,TRUE,TRUE,TRUE,TRUE,"structural_absence_boundary_at_zero","ok","",""
"Qiita13631ASD","ASD Dan 2020",67,"balanced","Anaerostipes",0.96,0.97,0.95,97,95,2762,TRUE,TRUE,TRUE,FALSE,TRUE,TRUE,TRUE,"ok","ok","",""
"Qiita13631ASD","ASD Dan 2020",67,"balanced","Bacteroides",1,1,1,100,100,303592,TRUE,TRUE,FALSE,TRUE,TRUE,TRUE,TRUE,"no_observed_zeros","ok","",""
"Qiita13631ASD","ASD Dan 2020",67,"balanced","Bifidobacterium",0.96,0.97,0.95,97,95,8342,TRUE,TRUE,FALSE,TRUE,TRUE,TRUE,TRUE,"structural_absence_boundary_at_zero","ok","",""
"Qiita13631ASD","ASD Dan 2020",67,"balanced","Bilophila",0.97,0.98,0.96,98,96,1432,TRUE,TRUE,FALSE,TRUE,TRUE,TRUE,TRUE,"structural_absence_boundary_at_zero","ok","",""
"Qiita13631ASD","ASD Dan 2020",67,"balanced","Blautia",1,1,1,100,100,6504,TRUE,TRUE,FALSE,TRUE,TRUE,TRUE,TRUE,"no_observed_zeros","ok","",""
"Qiita13631ASD","ASD Dan 2020",67,"balanced","Clostridium",1,1,1,100,100,8704,TRUE,TRUE,FALSE,TRUE,TRUE,TRUE,TRUE,"no_observed_zeros","ok","",""
"Qiita13631ASD","ASD Dan 2020",67,"balanced","Collinsella",0.73,0.8,0.66,80,66,850,TRUE,TRUE,FALSE,TRUE,TRUE,TRUE,TRUE,"structural_absence_boundary_at_zero","ok","",""
"Qiita13631ASD","ASD Dan 2020",67,"balanced","Coprococcus",1,1,1,100,100,6866,TRUE,TRUE,FALSE,TRUE,TRUE,TRUE,TRUE,"no_observed_zeros","ok","",""
"Qiita13631ASD","ASD Dan 2020",67,"balanced","Dialister",1,1,1,100,100,22928,TRUE,TRUE,FALSE,TRUE,TRUE,TRUE,TRUE,"no_observed_zeros","ok","",""
"Qiita13631ASD","ASD Dan 2020",67,"balanced","Dorea",1,1,1,100,100,5241,TRUE,TRUE,FALSE,TRUE,TRUE,TRUE,TRUE,"no_observed_zeros","ok","",""
"Qiita13631ASD","ASD Dan 2020",67,"balanced","Faecalibacterium",1,1,1,100,100,77315,TRUE,TRUE,FALSE,TRUE,TRUE,TRUE,TRUE,"no_observed_zeros","ok","",""
"Qiita13631ASD","ASD Dan 2020",67,"balanced","Fusobacterium",0.52,0.52,0.52,52,52,1577,TRUE,TRUE,FALSE,TRUE,TRUE,TRUE,TRUE,"structural_absence_boundary_at_zero","ok","",""
"Qiita13631ASD","ASD Dan 2020",67,"balanced","Haemophilus",0.97,0.99,0.95,99,95,4797,TRUE,TRUE,FALSE,TRUE,TRUE,TRUE,TRUE,"structural_absence_boundary_at_zero","ok","",""
"Qiita13631ASD","ASD Dan 2020",67,"balanced","Lachnobacterium",0.74,0.7,0.78,70,78,1279,TRUE,TRUE,TRUE,FALSE,TRUE,TRUE,TRUE,"ok","ok","",""
"Qiita13631ASD","ASD Dan 2020",67,"balanced","Lachnospira",1,1,1,100,100,24061,TRUE,TRUE,FALSE,TRUE,TRUE,TRUE,TRUE,"no_observed_zeros","ok","",""
"Qiita13631ASD","ASD Dan 2020",67,"balanced","Megamonas",0.995,0.99,1,99,100,17737,TRUE,TRUE,FALSE,TRUE,TRUE,TRUE,TRUE,"structural_absence_boundary_at_zero","ok","",""
"Qiita13631ASD","ASD Dan 2020",67,"balanced","Megasphaera",0.84,0.83,0.85,83,85,3807,TRUE,TRUE,TRUE,FALSE,TRUE,TRUE,TRUE,"ok","ok","",""
"Qiita13631ASD","ASD Dan 2020",67,"balanced","Oscillospira",1,1,1,100,100,10711,TRUE,TRUE,FALSE,TRUE,TRUE,TRUE,TRUE,"no_observed_zeros","ok","",""
"Qiita13631ASD","ASD Dan 2020",67,"balanced","Parabacteroides",1,1,1,100,100,23085,TRUE,TRUE,FALSE,TRUE,TRUE,TRUE,TRUE,"no_observed_zeros","ok","",""
"Qiita13631ASD","ASD Dan 2020",67,"balanced","Paraprevotella",0.825,0.83,0.82,83,82,2140,TRUE,TRUE,FALSE,TRUE,TRUE,TRUE,TRUE,"structural_absence_boundary_at_zero","ok","",""
"Qiita13631ASD","ASD Dan 2020",67,"balanced","Phascolarctobacterium",1,1,1,100,100,9943,TRUE,TRUE,FALSE,TRUE,TRUE,TRUE,TRUE,"no_observed_zeros","ok","",""
"Qiita13631ASD","ASD Dan 2020",67,"balanced","Prevotella",1,1,1,100,100,51726,TRUE,TRUE,FALSE,TRUE,TRUE,TRUE,TRUE,"no_observed_zeros","ok","",""
"Qiita13631ASD","ASD Dan 2020",67,"balanced","Roseburia",1,1,1,100,100,13289,TRUE,TRUE,FALSE,TRUE,TRUE,TRUE,TRUE,"no_observed_zeros","ok","",""
"Qiita13631ASD","ASD Dan 2020",67,"balanced","Ruminococcus",1,1,1,100,100,27171,TRUE,TRUE,FALSE,TRUE,TRUE,TRUE,TRUE,"no_observed_zeros","ok","",""
"Qiita13631ASD","ASD Dan 2020",67,"balanced","Streptococcus",0.965,0.97,0.96,97,96,2530,TRUE,TRUE,TRUE,FALSE,TRUE,TRUE,TRUE,"ok","ok","",""
"Qiita13631ASD","ASD Dan 2020",67,"balanced","Sutterella",1,1,1,100,100,14594,TRUE,TRUE,FALSE,TRUE,TRUE,TRUE,TRUE,"no_observed_zeros","ok","",""
"Qiita13631ASD","ASD Dan 2020",67,"balanced","Veillonella",0.995,1,0.99,100,99,6658,TRUE,TRUE,FALSE,TRUE,TRUE,TRUE,TRUE,"structural_absence_boundary_at_zero","ok","",""
"Qiita13631ASD","ASD Dan 2020",67,"fourfold","[Prevotella]",0.49,0.42,0.56,42,56,873,TRUE,TRUE,TRUE,FALSE,TRUE,TRUE,TRUE,"ok","ok","",""
"Qiita13631ASD","ASD Dan 2020",67,"fourfold","[Ruminococcus]",1,1,1,100,100,10689,TRUE,TRUE,FALSE,TRUE,TRUE,TRUE,TRUE,"no_observed_zeros","ok","",""
"Qiita13631ASD","ASD Dan 2020",67,"fourfold","Akkermansia",0.7,0.56,0.84,56,84,3275,TRUE,TRUE,FALSE,TRUE,TRUE,TRUE,TRUE,"structural_absence_boundary_at_zero","ok","",""
"Qiita13631ASD","ASD Dan 2020",67,"fourfold","Anaerostipes",0.945,0.9,0.99,90,99,2377,TRUE,TRUE,FALSE,TRUE,TRUE,TRUE,TRUE,"structural_absence_boundary_at_zero","ok","",""
"Qiita13631ASD","ASD Dan 2020",67,"fourfold","Bacteroides",1,1,1,100,100,288766,TRUE,TRUE,FALSE,TRUE,TRUE,TRUE,TRUE,"no_observed_zeros","ok","",""
"Qiita13631ASD","ASD Dan 2020",67,"fourfold","Bifidobacterium",0.955,0.92,0.99,92,99,8470,TRUE,TRUE,FALSE,TRUE,TRUE,TRUE,TRUE,"structural_absence_boundary_at_zero","ok","",""
"Qiita13631ASD","ASD Dan 2020",67,"fourfold","Bilophila",0.915,0.85,0.98,85,98,1311,TRUE,TRUE,FALSE,TRUE,TRUE,TRUE,TRUE,"structural_absence_boundary_at_zero","ok","",""
"Qiita13631ASD","ASD Dan 2020",67,"fourfold","Blautia",0.995,0.99,1,99,100,5348,TRUE,TRUE,FALSE,TRUE,TRUE,TRUE,TRUE,"structural_absence_boundary_at_zero","ok","",""
"Qiita13631ASD","ASD Dan 2020",67,"fourfold","Clostridium",1,1,1,100,100,7459,TRUE,TRUE,FALSE,TRUE,TRUE,TRUE,TRUE,"no_observed_zeros","ok","",""
"Qiita13631ASD","ASD Dan 2020",67,"fourfold","Collinsella",0.665,0.56,0.77,56,77,918,TRUE,TRUE,FALSE,TRUE,TRUE,TRUE,TRUE,"structural_absence_boundary_at_zero","ok","",""
"Qiita13631ASD","ASD Dan 2020",67,"fourfold","Coprococcus",0.99,0.98,1,98,100,6312,TRUE,TRUE,FALSE,TRUE,TRUE,TRUE,TRUE,"structural_absence_boundary_at_zero","ok","",""
"Qiita13631ASD","ASD Dan 2020",67,"fourfold","Dialister",0.995,0.99,1,99,100,20000,TRUE,TRUE,FALSE,TRUE,TRUE,TRUE,TRUE,"structural_absence_boundary_at_zero","ok","",""
"Qiita13631ASD","ASD Dan 2020",67,"fourfold","Dorea",0.995,0.99,1,99,100,4943,TRUE,TRUE,FALSE,TRUE,TRUE,TRUE,TRUE,"structural_absence_boundary_at_zero","ok","",""
"Qiita13631ASD","ASD Dan 2020",67,"fourfold","Faecalibacterium",1,1,1,100,100,71991,TRUE,TRUE,FALSE,TRUE,TRUE,TRUE,TRUE,"no_observed_zeros","ok","",""
"Qiita13631ASD","ASD Dan 2020",67,"fourfold","Fusobacterium",0.44,0.28,0.6,28,60,3053,TRUE,TRUE,FALSE,TRUE,TRUE,TRUE,TRUE,"structural_absence_boundary_at_zero","ok","",""
"Qiita13631ASD","ASD Dan 2020",67,"fourfold","Haemophilus",0.92,0.85,0.99,85,99,4612,TRUE,TRUE,FALSE,TRUE,TRUE,TRUE,TRUE,"structural_absence_boundary_at_zero","ok","",""
"Qiita13631ASD","ASD Dan 2020",67,"fourfold","Lachnobacterium",0.705,0.58,0.83,58,83,967,TRUE,TRUE,TRUE,FALSE,TRUE,TRUE,TRUE,"ok","ok","",""
"Qiita13631ASD","ASD Dan 2020",67,"fourfold","Lachnospira",1,1,1,100,100,24322,TRUE,TRUE,FALSE,TRUE,TRUE,TRUE,TRUE,"no_observed_zeros","ok","",""
"Qiita13631ASD","ASD Dan 2020",67,"fourfold","Megamonas",0.985,0.97,1,97,100,15873,TRUE,TRUE,FALSE,TRUE,TRUE,TRUE,TRUE,"structural_absence_boundary_at_zero","ok","",""
"Qiita13631ASD","ASD Dan 2020",67,"fourfold","Megasphaera",0.825,0.78,0.87,78,87,2656,TRUE,TRUE,TRUE,FALSE,TRUE,TRUE,TRUE,"ok","ok","",""
"Qiita13631ASD","ASD Dan 2020",67,"fourfold","Oscillospira",1,1,1,100,100,9965,TRUE,TRUE,FALSE,TRUE,TRUE,TRUE,TRUE,"no_observed_zeros","ok","",""
"Qiita13631ASD","ASD Dan 2020",67,"fourfold","Parabacteroides",1,1,1,100,100,22121,TRUE,TRUE,FALSE,TRUE,TRUE,TRUE,TRUE,"no_observed_zeros","ok","",""
"Qiita13631ASD","ASD Dan 2020",67,"fourfold","Paraprevotella",0.795,0.7,0.89,70,89,1616,TRUE,TRUE,TRUE,FALSE,TRUE,TRUE,TRUE,"ok","ok","",""
"Qiita13631ASD","ASD Dan 2020",67,"fourfold","Phascolarctobacterium",0.97,0.94,1,94,100,8992,TRUE,TRUE,FALSE,TRUE,TRUE,TRUE,TRUE,"structural_absence_boundary_at_zero","ok","",""
"Qiita13631ASD","ASD Dan 2020",67,"fourfold","Prevotella",0.995,0.99,1,99,100,49834,TRUE,TRUE,FALSE,TRUE,TRUE,TRUE,TRUE,"structural_absence_boundary_at_zero","ok","",""
"Qiita13631ASD","ASD Dan 2020",67,"fourfold","Roseburia",1,1,1,100,100,11577,TRUE,TRUE,FALSE,TRUE,TRUE,TRUE,TRUE,"no_observed_zeros","ok","",""
"Qiita13631ASD","ASD Dan 2020",67,"fourfold","Ruminococcus",0.995,0.99,1,99,100,22757,TRUE,TRUE,TRUE,FALSE,TRUE,TRUE,TRUE,"ok","ok","",""
"Qiita13631ASD","ASD Dan 2020",67,"fourfold","Streptococcus",0.935,0.88,0.99,88,99,2361,TRUE,TRUE,FALSE,TRUE,TRUE,TRUE,TRUE,"structural_absence_boundary_at_zero","ok","",""
"Qiita13631ASD","ASD Dan 2020",67,"fourfold","Sutterella",1,1,1,100,100,13131,TRUE,TRUE,FALSE,TRUE,TRUE,TRUE,TRUE,"no_observed_zeros","ok","",""
"Qiita13631ASD","ASD Dan 2020",67,"fourfold","Veillonella",0.96,0.92,1,92,100,6299,TRUE,TRUE,FALSE,TRUE,TRUE,TRUE,TRUE,"structural_absence_boundary_at_zero","ok","",""
"Qiita13631ASD","ASD Dan 2020",68,"balanced","[Prevotella]",0.525,0.53,0.52,53,52,1406,TRUE,TRUE,TRUE,FALSE,TRUE,TRUE,TRUE,"ok","ok","",""
"Qiita13631ASD","ASD Dan 2020",68,"balanced","[Ruminococcus]",1,1,1,100,100,11288,TRUE,TRUE,FALSE,TRUE,TRUE,TRUE,TRUE,"no_observed_zeros","ok","",""
"Qiita13631ASD","ASD Dan 2020",68,"balanced","Akkermansia",0.785,0.73,0.84,73,84,3151,TRUE,TRUE,FALSE,TRUE,TRUE,TRUE,TRUE,"structural_absence_boundary_at_zero","ok","",""
"Qiita13631ASD","ASD Dan 2020",68,"balanced","Anaerostipes",0.96,0.95,0.97,95,97,2667,TRUE,TRUE,TRUE,FALSE,TRUE,TRUE,TRUE,"ok","ok","",""
"Qiita13631ASD","ASD Dan 2020",68,"balanced","Bacteroides",1,1,1,100,100,295103,TRUE,TRUE,FALSE,TRUE,TRUE,TRUE,TRUE,"no_observed_zeros","ok","",""
"Qiita13631ASD","ASD Dan 2020",68,"balanced","Bifidobacterium",0.95,0.95,0.95,95,95,8425,TRUE,TRUE,FALSE,TRUE,TRUE,TRUE,TRUE,"structural_absence_boundary_at_zero","ok","",""
"Qiita13631ASD","ASD Dan 2020",68,"balanced","Bilophila",0.96,0.97,0.95,97,95,1472,TRUE,TRUE,TRUE,FALSE,TRUE,TRUE,TRUE,"ok","ok","",""
"Qiita13631ASD","ASD Dan 2020",68,"balanced","Blautia",1,1,1,100,100,5336,TRUE,TRUE,FALSE,TRUE,TRUE,TRUE,TRUE,"no_observed_zeros","ok","",""
"Qiita13631ASD","ASD Dan 2020",68,"balanced","Clostridium",1,1,1,100,100,9234,TRUE,TRUE,FALSE,TRUE,TRUE,TRUE,TRUE,"no_observed_zeros","ok","",""
"Qiita13631ASD","ASD Dan 2020",68,"balanced","Collinsella",0.74,0.77,0.71,77,71,993,TRUE,TRUE,FALSE,TRUE,TRUE,TRUE,TRUE,"structural_absence_boundary_at_zero","ok","",""
"Qiita13631ASD","ASD Dan 2020",68,"balanced","Coprococcus",1,1,1,100,100,6752,TRUE,TRUE,FALSE,TRUE,TRUE,TRUE,TRUE,"no_observed_zeros","ok","",""
"Qiita13631ASD","ASD Dan 2020",68,"balanced","Dialister",1,1,1,100,100,21110,TRUE,TRUE,FALSE,TRUE,TRUE,TRUE,TRUE,"no_observed_zeros","ok","",""
"Qiita13631ASD","ASD Dan 2020",68,"balanced","Dorea",1,1,1,100,100,5115,TRUE,TRUE,FALSE,TRUE,TRUE,TRUE,TRUE,"no_observed_zeros","ok","",""
"Qiita13631ASD","ASD Dan 2020",68,"balanced","Faecalibacterium",1,1,1,100,100,75145,TRUE,TRUE,FALSE,TRUE,TRUE,TRUE,TRUE,"no_observed_zeros","ok","",""
"Qiita13631ASD","ASD Dan 2020",68,"balanced","Fusobacterium",0.49,0.41,0.57,41,57,1877,TRUE,TRUE,FALSE,TRUE,TRUE,TRUE,TRUE,"structural_absence_boundary_at_zero","ok","",""
"Qiita13631ASD","ASD Dan 2020",68,"balanced","Haemophilus",0.945,0.95,0.94,95,94,5130,TRUE,TRUE,FALSE,TRUE,TRUE,TRUE,TRUE,"structural_absence_boundary_at_zero","ok","",""
"Qiita13631ASD","ASD Dan 2020",68,"balanced","Lachnobacterium",0.715,0.71,0.72,71,72,1071,TRUE,TRUE,TRUE,FALSE,TRUE,TRUE,TRUE,"ok","ok","",""
"Qiita13631ASD","ASD Dan 2020",68,"balanced","Lachnospira",1,1,1,100,100,24377,TRUE,TRUE,FALSE,TRUE,TRUE,TRUE,TRUE,"no_observed_zeros","ok","",""
"Qiita13631ASD","ASD Dan 2020",68,"balanced","Megamonas",0.985,0.97,1,97,100,18080,TRUE,TRUE,FALSE,TRUE,TRUE,TRUE,TRUE,"structural_absence_boundary_at_zero","ok","",""
"Qiita13631ASD","ASD Dan 2020",68,"balanced","Megasphaera",0.835,0.79,0.88,79,88,3293,TRUE,TRUE,TRUE,FALSE,TRUE,TRUE,TRUE,"ok","ok","",""
"Qiita13631ASD","ASD Dan 2020",68,"balanced","Oscillospira",1,1,1,100,100,11082,TRUE,TRUE,FALSE,TRUE,TRUE,TRUE,TRUE,"no_observed_zeros","ok","",""
"Qiita13631ASD","ASD Dan 2020",68,"balanced","Parabacteroides",1,1,1,100,100,23144,TRUE,TRUE,FALSE,TRUE,TRUE,TRUE,TRUE,"no_observed_zeros","ok","",""
"Qiita13631ASD","ASD Dan 2020",68,"balanced","Paraprevotella",0.805,0.81,0.8,81,80,2057,TRUE,TRUE,TRUE,FALSE,TRUE,TRUE,TRUE,"ok","ok","",""
"Qiita13631ASD","ASD Dan 2020",68,"balanced","Phascolarctobacterium",0.99,0.98,1,98,100,10077,TRUE,TRUE,TRUE,FALSE,TRUE,TRUE,TRUE,"ok","ok","",""
"Qiita13631ASD","ASD Dan 2020",68,"balanced","Prevotella",0.985,0.97,1,97,100,49045,TRUE,TRUE,TRUE,FALSE,TRUE,TRUE,TRUE,"ok","ok","",""
"Qiita13631ASD","ASD Dan 2020",68,"balanced","Roseburia",1,1,1,100,100,12976,TRUE,TRUE,FALSE,TRUE,TRUE,TRUE,TRUE,"no_observed_zeros","ok","",""
"Qiita13631ASD","ASD Dan 2020",68,"balanced","Ruminococcus",1,1,1,100,100,28901,TRUE,TRUE,FALSE,TRUE,TRUE,TRUE,TRUE,"no_observed_zeros","ok","",""
"Qiita13631ASD","ASD Dan 2020",68,"balanced","Streptococcus",0.97,0.96,0.98,96,98,2451,TRUE,TRUE,TRUE,FALSE,TRUE,TRUE,TRUE,"ok","ok","",""
"Qiita13631ASD","ASD Dan 2020",68,"balanced","Sutterella",1,1,1,100,100,13334,TRUE,TRUE,FALSE,TRUE,TRUE,TRUE,TRUE,"no_observed_zeros","ok","",""
"Qiita13631ASD","ASD Dan 2020",68,"balanced","Veillonella",0.99,0.98,1,98,100,5854,TRUE,TRUE,FALSE,TRUE,TRUE,TRUE,TRUE,"structural_absence_boundary_at_zero","ok","",""
"Qiita13631ASD","ASD Dan 2020",68,"fourfold","[Prevotella]",0.5,0.45,0.55,45,55,1229,TRUE,TRUE,TRUE,FALSE,TRUE,TRUE,TRUE,"ok","ok","",""
"Qiita13631ASD","ASD Dan 2020",68,"fourfold","[Ruminococcus]",1,1,1,100,100,11530,TRUE,TRUE,FALSE,TRUE,TRUE,TRUE,TRUE,"no_observed_zeros","ok","",""
"Qiita13631ASD","ASD Dan 2020",68,"fourfold","Akkermansia",0.725,0.59,0.86,59,86,3520,TRUE,TRUE,FALSE,TRUE,TRUE,TRUE,TRUE,"structural_absence_boundary_at_zero","ok","",""
"Qiita13631ASD","ASD Dan 2020",68,"fourfold","Anaerostipes",0.945,0.9,0.99,90,99,2285,TRUE,TRUE,FALSE,TRUE,TRUE,TRUE,TRUE,"structural_absence_boundary_at_zero","ok","",""
"Qiita13631ASD","ASD Dan 2020",68,"fourfold","Bacteroides",1,1,1,100,100,263232,TRUE,TRUE,FALSE,TRUE,TRUE,TRUE,TRUE,"no_observed_zeros","ok","",""
"Qiita13631ASD","ASD Dan 2020",68,"fourfold","Bifidobacterium",0.945,0.9,0.99,90,99,9868,TRUE,TRUE,FALSE,TRUE,TRUE,TRUE,TRUE,"structural_absence_boundary_at_zero","ok","",""
"Qiita13631ASD","ASD Dan 2020",68,"fourfold","Bilophila",0.92,0.87,0.97,87,97,1317,TRUE,TRUE,FALSE,TRUE,TRUE,TRUE,TRUE,"structural_absence_boundary_at_zero","ok","",""
"Qiita13631ASD","ASD Dan 2020",68,"fourfold","Blautia",0.995,0.99,1,99,100,4921,TRUE,TRUE,FALSE,TRUE,TRUE,TRUE,TRUE,"structural_absence_boundary_at_zero","ok","",""
"Qiita13631ASD","ASD Dan 2020",68,"fourfold","Clostridium",0.995,0.99,1,99,100,7802,TRUE,TRUE,FALSE,TRUE,TRUE,TRUE,TRUE,"structural_absence_boundary_at_zero","ok","",""
"Qiita13631ASD","ASD Dan 2020",68,"fourfold","Collinsella",0.64,0.51,0.77,51,77,822,TRUE,TRUE,FALSE,TRUE,TRUE,TRUE,TRUE,"structural_absence_boundary_at_zero","ok","",""
"Qiita13631ASD","ASD Dan 2020",68,"fourfold","Coprococcus",0.98,0.97,0.99,97,99,5827,TRUE,TRUE,TRUE,FALSE,TRUE,TRUE,TRUE,"ok","ok","",""
"Qiita13631ASD","ASD Dan 2020",68,"fourfold","Dialister",1,1,1,100,100,20119,TRUE,TRUE,FALSE,TRUE,TRUE,TRUE,TRUE,"no_observed_zeros","ok","",""
"Qiita13631ASD","ASD Dan 2020",68,"fourfold","Dorea",0.99,0.98,1,98,100,4938,TRUE,TRUE,FALSE,TRUE,TRUE,TRUE,TRUE,"structural_absence_boundary_at_zero","ok","",""
"Qiita13631ASD","ASD Dan 2020",68,"fourfold","Faecalibacterium",1,1,1,100,100,69502,TRUE,TRUE,FALSE,TRUE,TRUE,TRUE,TRUE,"no_observed_zeros","ok","",""
"Qiita13631ASD","ASD Dan 2020",68,"fourfold","Fusobacterium",0.47,0.33,0.61,33,61,2834,TRUE,TRUE,FALSE,TRUE,TRUE,TRUE,TRUE,"structural_absence_boundary_at_zero","ok","",""
"Qiita13631ASD","ASD Dan 2020",68,"fourfold","Haemophilus",0.92,0.87,0.97,87,97,6884,TRUE,TRUE,FALSE,TRUE,TRUE,TRUE,TRUE,"structural_absence_boundary_at_zero","ok","",""
"Qiita13631ASD","ASD Dan 2020",68,"fourfold","Lachnobacterium",0.67,0.58,0.76,58,76,999,TRUE,TRUE,TRUE,FALSE,TRUE,TRUE,TRUE,"ok","ok","",""
"Qiita13631ASD","ASD Dan 2020",68,"fourfold","Lachnospira",0.995,0.99,1,99,100,20782,TRUE,TRUE,TRUE,FALSE,TRUE,TRUE,TRUE,"ok","ok","",""
"Qiita13631ASD","ASD Dan 2020",68,"fourfold","Megamonas",0.965,0.94,0.99,94,99,16746,TRUE,TRUE,FALSE,TRUE,TRUE,TRUE,TRUE,"structural_absence_boundary_at_zero","ok","",""
"Qiita13631ASD","ASD Dan 2020",68,"fourfold","Megasphaera",0.805,0.7,0.91,70,91,3245,TRUE,TRUE,FALSE,TRUE,TRUE,TRUE,TRUE,"structural_absence_boundary_at_zero","ok","",""
"Qiita13631ASD","ASD Dan 2020",68,"fourfold","Oscillospira",1,1,1,100,100,9612,TRUE,TRUE,FALSE,TRUE,TRUE,TRUE,TRUE,"no_observed_zeros","ok","",""
"Qiita13631ASD","ASD Dan 2020",68,"fourfold","Parabacteroides",0.995,0.99,1,99,100,19903,TRUE,TRUE,TRUE,FALSE,TRUE,TRUE,TRUE,"ok","ok","",""
"Qiita13631ASD","ASD Dan 2020",68,"fourfold","Paraprevotella",0.77,0.66,0.88,66,88,2184,TRUE,TRUE,FALSE,TRUE,TRUE,TRUE,TRUE,"structural_absence_boundary_at_zero","ok","",""
"Qiita13631ASD","ASD Dan 2020",68,"fourfold","Phascolarctobacterium",0.98,0.96,1,96,100,8314,TRUE,TRUE,FALSE,TRUE,TRUE,TRUE,TRUE,"structural_absence_boundary_at_zero","ok","",""
"Qiita13631ASD","ASD Dan 2020",68,"fourfold","Prevotella",0.985,0.98,0.99,98,99,41856,TRUE,TRUE,FALSE,TRUE,TRUE,TRUE,TRUE,"structural_absence_boundary_at_zero","ok","",""
"Qiita13631ASD","ASD Dan 2020",68,"fourfold","Roseburia",1,1,1,100,100,11161,TRUE,TRUE,FALSE,TRUE,TRUE,TRUE,TRUE,"no_observed_zeros","ok","",""
"Qiita13631ASD","ASD Dan 2020",68,"fourfold","Ruminococcus",1,1,1,100,100,23022,TRUE,TRUE,FALSE,TRUE,TRUE,TRUE,TRUE,"no_observed_zeros","ok","",""
"Qiita13631ASD","ASD Dan 2020",68,"fourfold","Streptococcus",0.94,0.89,0.99,89,99,2248,TRUE,TRUE,FALSE,TRUE,TRUE,TRUE,TRUE,"structural_absence_boundary_at_zero","ok","",""
"Qiita13631ASD","ASD Dan 2020",68,"fourfold","Sutterella",1,1,1,100,100,11382,TRUE,TRUE,FALSE,TRUE,TRUE,TRUE,TRUE,"no_observed_zeros","ok","",""
"Qiita13631ASD","ASD Dan 2020",68,"fourfold","Veillonella",0.975,0.95,1,95,100,4512,TRUE,TRUE,FALSE,TRUE,TRUE,TRUE,TRUE,"structural_absence_boundary_at_zero","ok","",""
"Qiita13631ASD","ASD Dan 2020",69,"balanced","[Prevotella]",0.515,0.47,0.56,47,56,1453,TRUE,TRUE,TRUE,FALSE,TRUE,TRUE,TRUE,"ok","ok","",""
"Qiita13631ASD","ASD Dan 2020",69,"balanced","[Ruminococcus]",1,1,1,100,100,11169,TRUE,TRUE,FALSE,TRUE,TRUE,TRUE,TRUE,"no_observed_zeros","ok","",""
"Qiita13631ASD","ASD Dan 2020",69,"balanced","Akkermansia",0.78,0.78,0.78,78,78,3535,TRUE,TRUE,FALSE,TRUE,TRUE,TRUE,TRUE,"structural_absence_boundary_at_zero","ok","",""
"Qiita13631ASD","ASD Dan 2020",69,"balanced","Anaerostipes",0.95,0.97,0.93,97,93,2481,TRUE,TRUE,TRUE,FALSE,TRUE,TRUE,TRUE,"ok","ok","",""
"Qiita13631ASD","ASD Dan 2020",69,"balanced","Bacteroides",1,1,1,100,100,295012,TRUE,TRUE,FALSE,TRUE,TRUE,TRUE,TRUE,"no_observed_zeros","ok","",""
"Qiita13631ASD","ASD Dan 2020",69,"balanced","Bifidobacterium",0.97,0.97,0.97,97,97,9102,TRUE,TRUE,FALSE,TRUE,TRUE,TRUE,TRUE,"structural_absence_boundary_at_zero","ok","",""
"Qiita13631ASD","ASD Dan 2020",69,"balanced","Bilophila",0.945,0.97,0.92,97,92,1450,TRUE,TRUE,TRUE,FALSE,TRUE,TRUE,TRUE,"ok","ok","",""
"Qiita13631ASD","ASD Dan 2020",69,"balanced","Blautia",1,1,1,100,100,5268,TRUE,TRUE,FALSE,TRUE,TRUE,TRUE,TRUE,"no_observed_zeros","ok","",""
"Qiita13631ASD","ASD Dan 2020",69,"balanced","Clostridium",1,1,1,100,100,7949,TRUE,TRUE,FALSE,TRUE,TRUE,TRUE,TRUE,"no_observed_zeros","ok","",""
"Qiita13631ASD","ASD Dan 2020",69,"balanced","Collinsella",0.765,0.79,0.74,79,74,802,TRUE,TRUE,FALSE,TRUE,TRUE,TRUE,TRUE,"structural_absence_boundary_at_zero","ok","",""
"Qiita13631ASD","ASD Dan 2020",69,"balanced","Coprococcus",1,1,1,100,100,6843,TRUE,TRUE,FALSE,TRUE,TRUE,TRUE,TRUE,"no_observed_zeros","ok","",""
"Qiita13631ASD","ASD Dan 2020",69,"balanced","Dialister",1,1,1,100,100,22875,TRUE,TRUE,FALSE,TRUE,TRUE,TRUE,TRUE,"no_observed_zeros","ok","",""
"Qiita13631ASD","ASD Dan 2020",69,"balanced","Dorea",1,1,1,100,100,4968,TRUE,TRUE,FALSE,TRUE,TRUE,TRUE,TRUE,"no_observed_zeros","ok","",""
"Qiita13631ASD","ASD Dan 2020",69,"balanced","Faecalibacterium",1,1,1,100,100,75067,TRUE,TRUE,FALSE,TRUE,TRUE,TRUE,TRUE,"no_observed_zeros","ok","",""
"Qiita13631ASD","ASD Dan 2020",69,"balanced","Fusobacterium",0.495,0.5,0.49,50,49,1015,TRUE,TRUE,FALSE,TRUE,TRUE,TRUE,TRUE,"structural_absence_boundary_at_zero","ok","",""
"Qiita13631ASD","ASD Dan 2020",69,"balanced","Haemophilus",0.975,0.98,0.97,98,97,4437,TRUE,TRUE,FALSE,TRUE,TRUE,TRUE,TRUE,"structural_absence_boundary_at_zero","ok","",""
"Qiita13631ASD","ASD Dan 2020",69,"balanced","Lachnobacterium",0.71,0.73,0.69,73,69,1060,TRUE,TRUE,TRUE,FALSE,TRUE,TRUE,TRUE,"ok","ok","",""
"Qiita13631ASD","ASD Dan 2020",69,"balanced","Lachnospira",1,1,1,100,100,22017,TRUE,TRUE,FALSE,TRUE,TRUE,TRUE,TRUE,"no_observed_zeros","ok","",""
"Qiita13631ASD","ASD Dan 2020",69,"balanced","Megamonas",0.99,0.99,0.99,99,99,15706,TRUE,TRUE,FALSE,TRUE,TRUE,TRUE,TRUE,"structural_absence_boundary_at_zero","ok","",""
"Qiita13631ASD","ASD Dan 2020",69,"balanced","Megasphaera",0.86,0.89,0.83,89,83,3239,TRUE,TRUE,FALSE,TRUE,TRUE,TRUE,TRUE,"structural_absence_boundary_at_zero","ok","",""
"Qiita13631ASD","ASD Dan 2020",69,"balanced","Oscillospira",1,1,1,100,100,10479,TRUE,TRUE,FALSE,TRUE,TRUE,TRUE,TRUE,"no_observed_zeros","ok","",""
"Qiita13631ASD","ASD Dan 2020",69,"balanced","Parabacteroides",1,1,1,100,100,22230,TRUE,TRUE,FALSE,TRUE,TRUE,TRUE,TRUE,"no_observed_zeros","ok","",""
"Qiita13631ASD","ASD Dan 2020",69,"balanced","Paraprevotella",0.785,0.78,0.79,78,79,2102,TRUE,TRUE,TRUE,FALSE,TRUE,TRUE,TRUE,"ok","ok","",""
"Qiita13631ASD","ASD Dan 2020",69,"balanced","Phascolarctobacterium",0.985,0.98,0.99,98,99,9579,TRUE,TRUE,TRUE,FALSE,TRUE,TRUE,TRUE,"ok","ok","",""
"Qiita13631ASD","ASD Dan 2020",69,"balanced","Prevotella",1,1,1,100,100,49065,TRUE,TRUE,FALSE,TRUE,TRUE,TRUE,TRUE,"no_observed_zeros","ok","",""
"Qiita13631ASD","ASD Dan 2020",69,"balanced","Roseburia",1,1,1,100,100,11883,TRUE,TRUE,FALSE,TRUE,TRUE,TRUE,TRUE,"no_observed_zeros","ok","",""
"Qiita13631ASD","ASD Dan 2020",69,"balanced","Ruminococcus",1,1,1,100,100,27048,TRUE,TRUE,FALSE,TRUE,TRUE,TRUE,TRUE,"no_observed_zeros","ok","",""
"Qiita13631ASD","ASD Dan 2020",69,"balanced","Streptococcus",0.985,0.98,0.99,98,99,2268,TRUE,TRUE,FALSE,TRUE,TRUE,TRUE,TRUE,"structural_absence_boundary_at_zero","ok","",""
"Qiita13631ASD","ASD Dan 2020",69,"balanced","Sutterella",1,1,1,100,100,13101,TRUE,TRUE,FALSE,TRUE,TRUE,TRUE,TRUE,"no_observed_zeros","ok","",""
"Qiita13631ASD","ASD Dan 2020",69,"balanced","Veillonella",0.985,0.99,0.98,99,98,5464,TRUE,TRUE,FALSE,TRUE,TRUE,TRUE,TRUE,"structural_absence_boundary_at_zero","ok","",""
"Qiita13631ASD","ASD Dan 2020",69,"fourfold","[Prevotella]",0.51,0.38,0.64,38,64,1501,TRUE,TRUE,TRUE,FALSE,TRUE,TRUE,TRUE,"ok","ok","",""
"Qiita13631ASD","ASD Dan 2020",69,"fourfold","[Ruminococcus]",0.995,0.99,1,99,100,11838,TRUE,TRUE,FALSE,TRUE,TRUE,TRUE,TRUE,"structural_absence_boundary_at_zero","ok","",""
"Qiita13631ASD","ASD Dan 2020",69,"fourfold","Akkermansia",0.685,0.57,0.8,57,80,3642,TRUE,TRUE,FALSE,TRUE,TRUE,TRUE,TRUE,"structural_absence_boundary_at_zero","ok","",""
"Qiita13631ASD","ASD Dan 2020",69,"fourfold","Anaerostipes",0.935,0.89,0.98,89,98,2563,TRUE,TRUE,TRUE,FALSE,TRUE,TRUE,TRUE,"ok","ok","",""
"Qiita13631ASD","ASD Dan 2020",69,"fourfold","Bacteroides",1,1,1,100,100,300929,TRUE,TRUE,FALSE,TRUE,TRUE,TRUE,TRUE,"no_observed_zeros","ok","",""
"Qiita13631ASD","ASD Dan 2020",69,"fourfold","Bifidobacterium",0.95,0.9,1,90,100,13015,TRUE,TRUE,FALSE,TRUE,TRUE,TRUE,TRUE,"structural_absence_boundary_at_zero","ok","",""
"Qiita13631ASD","ASD Dan 2020",69,"fourfold","Bilophila",0.905,0.82,0.99,82,99,1394,TRUE,TRUE,FALSE,TRUE,TRUE,TRUE,TRUE,"structural_absence_boundary_at_zero","ok","",""
"Qiita13631ASD","ASD Dan 2020",69,"fourfold","Blautia",0.99,0.98,1,98,100,5962,TRUE,TRUE,FALSE,TRUE,TRUE,TRUE,TRUE,"structural_absence_boundary_at_zero","ok","",""
"Qiita13631ASD","ASD Dan 2020",69,"fourfold","Clostridium",0.99,0.98,1,98,100,8858,TRUE,TRUE,FALSE,TRUE,TRUE,TRUE,TRUE,"structural_absence_boundary_at_zero","ok","",""
"Qiita13631ASD","ASD Dan 2020",69,"fourfold","Collinsella",0.685,0.51,0.86,51,86,1056,TRUE,TRUE,FALSE,TRUE,TRUE,TRUE,TRUE,"structural_absence_boundary_at_zero","ok","",""
"Qiita13631ASD","ASD Dan 2020",69,"fourfold","Coprococcus",0.99,0.98,1,98,100,6462,TRUE,TRUE,FALSE,TRUE,TRUE,TRUE,TRUE,"structural_absence_boundary_at_zero","ok","",""
"Qiita13631ASD","ASD Dan 2020",69,"fourfold","Dialister",0.99,0.98,1,98,100,20706,TRUE,TRUE,FALSE,TRUE,TRUE,TRUE,TRUE,"structural_absence_boundary_at_zero","ok","",""
"Qiita13631ASD","ASD Dan 2020",69,"fourfold","Dorea",0.995,0.99,1,99,100,5293,TRUE,TRUE,FALSE,TRUE,TRUE,TRUE,TRUE,"structural_absence_boundary_at_zero","ok","",""
"Qiita13631ASD","ASD Dan 2020",69,"fourfold","Faecalibacterium",1,1,1,100,100,72401,TRUE,TRUE,FALSE,TRUE,TRUE,TRUE,TRUE,"no_observed_zeros","ok","",""
"Qiita13631ASD","ASD Dan 2020",69,"fourfold","Fusobacterium",0.505,0.35,0.66,35,66,2614,TRUE,TRUE,FALSE,TRUE,TRUE,TRUE,TRUE,"structural_absence_boundary_at_zero","ok","",""
"Qiita13631ASD","ASD Dan 2020",69,"fourfold","Haemophilus",0.875,0.75,1,75,100,6422,TRUE,TRUE,FALSE,TRUE,TRUE,TRUE,TRUE,"structural_absence_boundary_at_zero","ok","",""
"Qiita13631ASD","ASD Dan 2020",69,"fourfold","Lachnobacterium",0.67,0.59,0.75,59,75,1222,TRUE,TRUE,TRUE,FALSE,TRUE,TRUE,TRUE,"ok","ok","",""
"Qiita13631ASD","ASD Dan 2020",69,"fourfold","Lachnospira",1,1,1,100,100,25065,TRUE,TRUE,FALSE,TRUE,TRUE,TRUE,TRUE,"no_observed_zeros","ok","",""
"Qiita13631ASD","ASD Dan 2020",69,"fourfold","Megamonas",0.98,0.96,1,96,100,16285,TRUE,TRUE,FALSE,TRUE,TRUE,TRUE,TRUE,"structural_absence_boundary_at_zero","ok","",""
"Qiita13631ASD","ASD Dan 2020",69,"fourfold","Megasphaera",0.79,0.66,0.92,66,92,2876,TRUE,TRUE,FALSE,TRUE,TRUE,TRUE,TRUE,"structural_absence_boundary_at_zero","ok","",""
"Qiita13631ASD","ASD Dan 2020",69,"fourfold","Oscillospira",0.995,0.99,1,99,100,10473,TRUE,TRUE,FALSE,TRUE,TRUE,TRUE,TRUE,"structural_absence_boundary_at_zero","ok","",""
"Qiita13631ASD","ASD Dan 2020",69,"fourfold","Parabacteroides",1,1,1,100,100,22842,TRUE,TRUE,FALSE,TRUE,TRUE,TRUE,TRUE,"no_observed_zeros","ok","",""
"Qiita13631ASD","ASD Dan 2020",69,"fourfold","Paraprevotella",0.77,0.66,0.88,66,88,2258,TRUE,TRUE,TRUE,FALSE,TRUE,TRUE,TRUE,"ok","ok","",""
"Qiita13631ASD","ASD Dan 2020",69,"fourfold","Phascolarctobacterium",0.995,0.99,1,99,100,9633,TRUE,TRUE,FALSE,TRUE,TRUE,TRUE,TRUE,"structural_absence_boundary_at_zero","ok","",""
"Qiita13631ASD","ASD Dan 2020",69,"fourfold","Prevotella",0.995,0.99,1,99,100,53111,TRUE,TRUE,FALSE,TRUE,TRUE,TRUE,TRUE,"structural_absence_boundary_at_zero","ok","",""
"Qiita13631ASD","ASD Dan 2020",69,"fourfold","Roseburia",0.995,0.99,1,99,100,12968,TRUE,TRUE,FALSE,TRUE,TRUE,TRUE,TRUE,"structural_absence_boundary_at_zero","ok","",""
"Qiita13631ASD","ASD Dan 2020",69,"fourfold","Ruminococcus",0.995,0.99,1,99,100,26302,TRUE,TRUE,TRUE,FALSE,TRUE,TRUE,TRUE,"ok","ok","",""
"Qiita13631ASD","ASD Dan 2020",69,"fourfold","Streptococcus",0.915,0.83,1,83,100,2489,TRUE,TRUE,FALSE,TRUE,TRUE,TRUE,TRUE,"structural_absence_boundary_at_zero","ok","",""
"Qiita13631ASD","ASD Dan 2020",69,"fourfold","Sutterella",0.995,0.99,1,99,100,13647,TRUE,TRUE,FALSE,TRUE,TRUE,TRUE,TRUE,"structural_absence_boundary_at_zero","ok","",""
"Qiita13631ASD","ASD Dan 2020",69,"fourfold","Veillonella",0.94,0.89,0.99,89,99,6107,TRUE,TRUE,FALSE,TRUE,TRUE,TRUE,TRUE,"structural_absence_boundary_at_zero","ok","",""
"Qiita13631ASD","ASD Dan 2020",70,"balanced","[Prevotella]",0.5,0.46,0.54,46,54,1236,TRUE,TRUE,TRUE,FALSE,TRUE,TRUE,TRUE,"ok","ok","",""
"Qiita13631ASD","ASD Dan 2020",70,"balanced","[Ruminococcus]",1,1,1,100,100,11154,TRUE,TRUE,FALSE,TRUE,TRUE,TRUE,TRUE,"no_observed_zeros","ok","",""
"Qiita13631ASD","ASD Dan 2020",70,"balanced","Akkermansia",0.775,0.78,0.77,78,77,2825,TRUE,TRUE,FALSE,TRUE,TRUE,TRUE,TRUE,"structural_absence_boundary_at_zero","ok","",""
"Qiita13631ASD","ASD Dan 2020",70,"balanced","Anaerostipes",0.975,0.99,0.96,99,96,2450,TRUE,TRUE,FALSE,TRUE,TRUE,TRUE,TRUE,"structural_absence_boundary_at_zero","ok","",""
"Qiita13631ASD","ASD Dan 2020",70,"balanced","Bacteroides",1,1,1,100,100,288441,TRUE,TRUE,FALSE,TRUE,TRUE,TRUE,TRUE,"no_observed_zeros","ok","",""
"Qiita13631ASD","ASD Dan 2020",70,"balanced","Bifidobacterium",0.98,0.99,0.97,99,97,8056,TRUE,TRUE,FALSE,TRUE,TRUE,TRUE,TRUE,"structural_absence_boundary_at_zero","ok","",""
"Qiita13631ASD","ASD Dan 2020",70,"balanced","Bilophila",0.955,0.94,0.97,94,97,1358,TRUE,TRUE,TRUE,FALSE,TRUE,TRUE,TRUE,"ok","ok","",""
"Qiita13631ASD","ASD Dan 2020",70,"balanced","Blautia",1,1,1,100,100,5094,TRUE,TRUE,FALSE,TRUE,TRUE,TRUE,TRUE,"no_observed_zeros","ok","",""
"Qiita13631ASD","ASD Dan 2020",70,"balanced","Clostridium",1,1,1,100,100,7929,TRUE,TRUE,FALSE,TRUE,TRUE,TRUE,TRUE,"no_observed_zeros","ok","",""
"Qiita13631ASD","ASD Dan 2020",70,"balanced","Collinsella",0.74,0.72,0.76,72,76,832,TRUE,TRUE,FALSE,TRUE,TRUE,TRUE,TRUE,"structural_absence_boundary_at_zero","ok","",""
"Qiita13631ASD","ASD Dan 2020",70,"balanced","Coprococcus",1,1,1,100,100,6263,TRUE,TRUE,FALSE,TRUE,TRUE,TRUE,TRUE,"no_observed_zeros","ok","",""
"Qiita13631ASD","ASD Dan 2020",70,"balanced","Dialister",0.99,1,0.98,100,98,19575,TRUE,TRUE,TRUE,FALSE,TRUE,TRUE,TRUE,"ok","ok","",""
"Qiita13631ASD","ASD Dan 2020",70,"balanced","Dorea",1,1,1,100,100,4952,TRUE,TRUE,FALSE,TRUE,TRUE,TRUE,TRUE,"no_observed_zeros","ok","",""
"Qiita13631ASD","ASD Dan 2020",70,"balanced","Faecalibacterium",1,1,1,100,100,71484,TRUE,TRUE,FALSE,TRUE,TRUE,TRUE,TRUE,"no_observed_zeros","ok","",""
"Qiita13631ASD","ASD Dan 2020",70,"balanced","Fusobacterium",0.51,0.52,0.5,52,50,1635,TRUE,TRUE,FALSE,TRUE,TRUE,TRUE,TRUE,"structural_absence_boundary_at_zero","ok","",""
"Qiita13631ASD","ASD Dan 2020",70,"balanced","Haemophilus",0.975,0.97,0.98,97,98,4589,TRUE,TRUE,FALSE,TRUE,TRUE,TRUE,TRUE,"structural_absence_boundary_at_zero","ok","",""
"Qiita13631ASD","ASD Dan 2020",70,"balanced","Lachnobacterium",0.715,0.74,0.69,74,69,1157,TRUE,TRUE,TRUE,FALSE,TRUE,TRUE,TRUE,"ok","ok","",""
"Qiita13631ASD","ASD Dan 2020",70,"balanced","Lachnospira",1,1,1,100,100,23829,TRUE,TRUE,FALSE,TRUE,TRUE,TRUE,TRUE,"no_observed_zeros","ok","",""
"Qiita13631ASD","ASD Dan 2020",70,"balanced","Megamonas",0.995,0.99,1,99,100,17149,TRUE,TRUE,FALSE,TRUE,TRUE,TRUE,TRUE,"structural_absence_boundary_at_zero","ok","",""
"Qiita13631ASD","ASD Dan 2020",70,"balanced","Megasphaera",0.85,0.86,0.84,86,84,2987,TRUE,TRUE,TRUE,FALSE,TRUE,TRUE,TRUE,"ok","ok","",""
"Qiita13631ASD","ASD Dan 2020",70,"balanced","Oscillospira",1,1,1,100,100,9876,TRUE,TRUE,FALSE,TRUE,TRUE,TRUE,TRUE,"no_observed_zeros","ok","",""
"Qiita13631ASD","ASD Dan 2020",70,"balanced","Parabacteroides",1,1,1,100,100,22012,TRUE,TRUE,FALSE,TRUE,TRUE,TRUE,TRUE,"no_observed_zeros","ok","",""
"Qiita13631ASD","ASD Dan 2020",70,"balanced","Paraprevotella",0.815,0.85,0.78,85,78,2017,TRUE,TRUE,TRUE,FALSE,TRUE,TRUE,TRUE,"ok","ok","",""
"Qiita13631ASD","ASD Dan 2020",70,"balanced","Phascolarctobacterium",0.995,0.99,1,99,100,8928,TRUE,TRUE,FALSE,TRUE,TRUE,TRUE,TRUE,"structural_absence_boundary_at_zero","ok","",""
"Qiita13631ASD","ASD Dan 2020",70,"balanced","Prevotella",0.995,0.99,1,99,100,46464,TRUE,TRUE,FALSE,TRUE,TRUE,TRUE,TRUE,"structural_absence_boundary_at_zero","ok","",""
"Qiita13631ASD","ASD Dan 2020",70,"balanced","Roseburia",1,1,1,100,100,11394,TRUE,TRUE,FALSE,TRUE,TRUE,TRUE,TRUE,"no_observed_zeros","ok","",""
"Qiita13631ASD","ASD Dan 2020",70,"balanced","Ruminococcus",1,1,1,100,100,25506,TRUE,TRUE,FALSE,TRUE,TRUE,TRUE,TRUE,"no_observed_zeros","ok","",""
"Qiita13631ASD","ASD Dan 2020",70,"balanced","Streptococcus",0.98,0.98,0.98,98,98,2267,TRUE,TRUE,FALSE,TRUE,TRUE,TRUE,TRUE,"structural_absence_boundary_at_zero","ok","",""
"Qiita13631ASD","ASD Dan 2020",70,"balanced","Sutterella",1,1,1,100,100,13482,TRUE,TRUE,FALSE,TRUE,TRUE,TRUE,TRUE,"no_observed_zeros","ok","",""
"Qiita13631ASD","ASD Dan 2020",70,"balanced","Veillonella",0.99,0.99,0.99,99,99,5849,TRUE,TRUE,FALSE,TRUE,TRUE,TRUE,TRUE,"structural_absence_boundary_at_zero","ok","",""
"Qiita13631ASD","ASD Dan 2020",70,"fourfold","[Prevotella]",0.495,0.43,0.56,43,56,1305,TRUE,TRUE,TRUE,FALSE,TRUE,TRUE,TRUE,"ok","ok","",""
"Qiita13631ASD","ASD Dan 2020",70,"fourfold","[Ruminococcus]",1,1,1,100,100,11524,TRUE,TRUE,FALSE,TRUE,TRUE,TRUE,TRUE,"no_observed_zeros","ok","",""
"Qiita13631ASD","ASD Dan 2020",70,"fourfold","Akkermansia",0.73,0.6,0.86,60,86,3080,TRUE,TRUE,FALSE,TRUE,TRUE,TRUE,TRUE,"structural_absence_boundary_at_zero","ok","",""
"Qiita13631ASD","ASD Dan 2020",70,"fourfold","Anaerostipes",0.95,0.91,0.99,91,99,2107,TRUE,TRUE,FALSE,TRUE,TRUE,TRUE,TRUE,"structural_absence_boundary_at_zero","ok","",""
"Qiita13631ASD","ASD Dan 2020",70,"fourfold","Bacteroides",1,1,1,100,100,276750,TRUE,TRUE,FALSE,TRUE,TRUE,TRUE,TRUE,"no_observed_zeros","ok","",""
"Qiita13631ASD","ASD Dan 2020",70,"fourfold","Bifidobacterium",0.935,0.88,0.99,88,99,8856,TRUE,TRUE,FALSE,TRUE,TRUE,TRUE,TRUE,"structural_absence_boundary_at_zero","ok","",""
"Qiita13631ASD","ASD Dan 2020",70,"fourfold","Bilophila",0.875,0.75,1,75,100,1368,TRUE,TRUE,FALSE,TRUE,TRUE,TRUE,TRUE,"structural_absence_boundary_at_zero","ok","",""
"Qiita13631ASD","ASD Dan 2020",70,"fourfold","Blautia",1,1,1,100,100,5518,TRUE,TRUE,FALSE,TRUE,TRUE,TRUE,TRUE,"no_observed_zeros","ok","",""
"Qiita13631ASD","ASD Dan 2020",70,"fourfold","Clostridium",1,1,1,100,100,8767,TRUE,TRUE,FALSE,TRUE,TRUE,TRUE,TRUE,"no_observed_zeros","ok","",""
"Qiita13631ASD","ASD Dan 2020",70,"fourfold","Collinsella",0.69,0.57,0.81,57,81,1351,TRUE,TRUE,FALSE,TRUE,TRUE,TRUE,TRUE,"structural_absence_boundary_at_zero","ok","",""
"Qiita13631ASD","ASD Dan 2020",70,"fourfold","Coprococcus",0.99,0.98,1,98,100,5864,TRUE,TRUE,FALSE,TRUE,TRUE,TRUE,TRUE,"structural_absence_boundary_at_zero","ok","",""
"Qiita13631ASD","ASD Dan 2020",70,"fourfold","Dialister",0.995,0.99,1,99,100,19198,TRUE,TRUE,FALSE,TRUE,TRUE,TRUE,TRUE,"structural_absence_boundary_at_zero","ok","",""
"Qiita13631ASD","ASD Dan 2020",70,"fourfold","Dorea",1,1,1,100,100,5143,TRUE,TRUE,FALSE,TRUE,TRUE,TRUE,TRUE,"no_observed_zeros","ok","",""
"Qiita13631ASD","ASD Dan 2020",70,"fourfold","Faecalibacterium",1,1,1,100,100,69366,TRUE,TRUE,FALSE,TRUE,TRUE,TRUE,TRUE,"no_observed_zeros","ok","",""
"Qiita13631ASD","ASD Dan 2020",70,"fourfold","Fusobacterium",0.465,0.33,0.6,33,60,1629,TRUE,TRUE,FALSE,TRUE,TRUE,TRUE,TRUE,"structural_absence_boundary_at_zero","ok","",""
"Qiita13631ASD","ASD Dan 2020",70,"fourfold","Haemophilus",0.935,0.89,0.98,89,98,5508,TRUE,TRUE,FALSE,TRUE,TRUE,TRUE,TRUE,"structural_absence_boundary_at_zero","ok","",""
"Qiita13631ASD","ASD Dan 2020",70,"fourfold","Lachnobacterium",0.645,0.56,0.73,56,73,1050,TRUE,TRUE,TRUE,FALSE,TRUE,TRUE,TRUE,"ok","ok","",""
"Qiita13631ASD","ASD Dan 2020",70,"fourfold","Lachnospira",1,1,1,100,100,21575,TRUE,TRUE,FALSE,TRUE,TRUE,TRUE,TRUE,"no_observed_zeros","ok","",""
"Qiita13631ASD","ASD Dan 2020",70,"fourfold","Megamonas",0.96,0.92,1,92,100,15808,TRUE,TRUE,FALSE,TRUE,TRUE,TRUE,TRUE,"structural_absence_boundary_at_zero","ok","",""
"Qiita13631ASD","ASD Dan 2020",70,"fourfold","Megasphaera",0.8,0.72,0.88,72,88,3297,TRUE,TRUE,FALSE,TRUE,TRUE,TRUE,TRUE,"structural_absence_boundary_at_zero","ok","",""
"Qiita13631ASD","ASD Dan 2020",70,"fourfold","Oscillospira",1,1,1,100,100,10024,TRUE,TRUE,FALSE,TRUE,TRUE,TRUE,TRUE,"no_observed_zeros","ok","",""
"Qiita13631ASD","ASD Dan 2020",70,"fourfold","Parabacteroides",1,1,1,100,100,20159,TRUE,TRUE,FALSE,TRUE,TRUE,TRUE,TRUE,"no_observed_zeros","ok","",""
"Qiita13631ASD","ASD Dan 2020",70,"fourfold","Paraprevotella",0.755,0.66,0.85,66,85,1935,TRUE,TRUE,TRUE,FALSE,TRUE,TRUE,TRUE,"ok","ok","",""
"Qiita13631ASD","ASD Dan 2020",70,"fourfold","Phascolarctobacterium",0.97,0.96,0.98,96,98,9322,TRUE,TRUE,TRUE,FALSE,TRUE,TRUE,TRUE,"ok","ok","",""
"Qiita13631ASD","ASD Dan 2020",70,"fourfold","Prevotella",0.995,0.99,1,99,100,43128,TRUE,TRUE,FALSE,TRUE,TRUE,TRUE,TRUE,"structural_absence_boundary_at_zero","ok","",""
"Qiita13631ASD","ASD Dan 2020",70,"fourfold","Roseburia",0.99,0.98,1,98,100,12064,TRUE,TRUE,TRUE,FALSE,TRUE,TRUE,TRUE,"ok","ok","",""
"Qiita13631ASD","ASD Dan 2020",70,"fourfold","Ruminococcus",1,1,1,100,100,21813,TRUE,TRUE,FALSE,TRUE,TRUE,TRUE,TRUE,"no_observed_zeros","ok","",""
"Qiita13631ASD","ASD Dan 2020",70,"fourfold","Streptococcus",0.965,0.94,0.99,94,99,2471,TRUE,TRUE,FALSE,TRUE,TRUE,TRUE,TRUE,"structural_absence_boundary_at_zero","ok","",""
"Qiita13631ASD","ASD Dan 2020",70,"fourfold","Sutterella",1,1,1,100,100,12680,TRUE,TRUE,FALSE,TRUE,TRUE,TRUE,TRUE,"no_observed_zeros","ok","",""
"Qiita13631ASD","ASD Dan 2020",70,"fourfold","Veillonella",0.96,0.93,0.99,93,99,6190,TRUE,TRUE,FALSE,TRUE,TRUE,TRUE,TRUE,"structural_absence_boundary_at_zero","ok","",""
"Qiita13631ASD","ASD Dan 2020",71,"balanced","[Prevotella]",0.565,0.58,0.55,58,55,1555,TRUE,TRUE,TRUE,FALSE,TRUE,TRUE,TRUE,"ok","ok","",""
"Qiita13631ASD","ASD Dan 2020",71,"balanced","[Ruminococcus]",1,1,1,100,100,11525,TRUE,TRUE,FALSE,TRUE,TRUE,TRUE,TRUE,"no_observed_zeros","ok","",""
"Qiita13631ASD","ASD Dan 2020",71,"balanced","Akkermansia",0.83,0.87,0.79,87,79,3577,TRUE,TRUE,FALSE,TRUE,TRUE,TRUE,TRUE,"structural_absence_boundary_at_zero","ok","",""
"Qiita13631ASD","ASD Dan 2020",71,"balanced","Anaerostipes",0.97,0.99,0.95,99,95,2588,TRUE,TRUE,TRUE,FALSE,TRUE,TRUE,TRUE,"ok","ok","",""
"Qiita13631ASD","ASD Dan 2020",71,"balanced","Bacteroides",1,1,1,100,100,304383,TRUE,TRUE,FALSE,TRUE,TRUE,TRUE,TRUE,"no_observed_zeros","ok","",""
"Qiita13631ASD","ASD Dan 2020",71,"balanced","Bifidobacterium",0.985,0.99,0.98,99,98,8651,TRUE,TRUE,FALSE,TRUE,TRUE,TRUE,TRUE,"structural_absence_boundary_at_zero","ok","",""
"Qiita13631ASD","ASD Dan 2020",71,"balanced","Bilophila",0.955,0.96,0.95,96,95,1529,TRUE,TRUE,TRUE,FALSE,TRUE,TRUE,TRUE,"ok","ok","",""
"Qiita13631ASD","ASD Dan 2020",71,"balanced","Blautia",1,1,1,100,100,5608,TRUE,TRUE,FALSE,TRUE,TRUE,TRUE,TRUE,"no_observed_zeros","ok","",""
"Qiita13631ASD","ASD Dan 2020",71,"balanced","Clostridium",1,1,1,100,100,8118,TRUE,TRUE,FALSE,TRUE,TRUE,TRUE,TRUE,"no_observed_zeros","ok","",""
"Qiita13631ASD","ASD Dan 2020",71,"balanced","Collinsella",0.705,0.71,0.7,71,70,981,TRUE,TRUE,FALSE,TRUE,TRUE,TRUE,TRUE,"structural_absence_boundary_at_zero","ok","",""
"Qiita13631ASD","ASD Dan 2020",71,"balanced","Coprococcus",1,1,1,100,100,6543,TRUE,TRUE,FALSE,TRUE,TRUE,TRUE,TRUE,"no_observed_zeros","ok","",""
"Qiita13631ASD","ASD Dan 2020",71,"balanced","Dialister",1,1,1,100,100,21944,TRUE,TRUE,FALSE,TRUE,TRUE,TRUE,TRUE,"no_observed_zeros","ok","",""
"Qiita13631ASD","ASD Dan 2020",71,"balanced","Dorea",1,1,1,100,100,4852,TRUE,TRUE,FALSE,TRUE,TRUE,TRUE,TRUE,"no_observed_zeros","ok","",""
"Qiita13631ASD","ASD Dan 2020",71,"balanced","Faecalibacterium",1,1,1,100,100,76168,TRUE,TRUE,FALSE,TRUE,TRUE,TRUE,TRUE,"no_observed_zeros","ok","",""
"Qiita13631ASD","ASD Dan 2020",71,"balanced","Fusobacterium",0.525,0.56,0.49,56,49,1578,TRUE,TRUE,FALSE,TRUE,TRUE,TRUE,TRUE,"structural_absence_boundary_at_zero","ok","",""
"Qiita13631ASD","ASD Dan 2020",71,"balanced","Haemophilus",0.965,0.97,0.96,97,96,5375,TRUE,TRUE,FALSE,TRUE,TRUE,TRUE,TRUE,"structural_absence_boundary_at_zero","ok","",""
"Qiita13631ASD","ASD Dan 2020",71,"balanced","Lachnobacterium",0.72,0.75,0.69,75,69,1138,TRUE,TRUE,TRUE,FALSE,TRUE,TRUE,TRUE,"ok","ok","",""
"Qiita13631ASD","ASD Dan 2020",71,"balanced","Lachnospira",1,1,1,100,100,23553,TRUE,TRUE,FALSE,TRUE,TRUE,TRUE,TRUE,"no_observed_zeros","ok","",""
"Qiita13631ASD","ASD Dan 2020",71,"balanced","Megamonas",1,1,1,100,100,14353,TRUE,TRUE,FALSE,TRUE,TRUE,TRUE,TRUE,"no_observed_zeros","ok","",""
"Qiita13631ASD","ASD Dan 2020",71,"balanced","Megasphaera",0.875,0.87,0.88,87,88,3173,TRUE,TRUE,FALSE,TRUE,TRUE,TRUE,TRUE,"structural_absence_boundary_at_zero","ok","",""
"Qiita13631ASD","ASD Dan 2020",71,"balanced","Oscillospira",1,1,1,100,100,10527,TRUE,TRUE,FALSE,TRUE,TRUE,TRUE,TRUE,"no_observed_zeros","ok","",""
"Qiita13631ASD","ASD Dan 2020",71,"balanced","Parabacteroides",1,1,1,100,100,23104,TRUE,TRUE,FALSE,TRUE,TRUE,TRUE,TRUE,"no_observed_zeros","ok","",""
"Qiita13631ASD","ASD Dan 2020",71,"balanced","Paraprevotella",0.79,0.78,0.8,78,80,2150,TRUE,TRUE,TRUE,FALSE,TRUE,TRUE,TRUE,"ok","ok","",""
"Qiita13631ASD","ASD Dan 2020",71,"balanced","Phascolarctobacterium",0.995,1,0.99,100,99,9058,TRUE,TRUE,FALSE,TRUE,TRUE,TRUE,TRUE,"structural_absence_boundary_at_zero","ok","",""
"Qiita13631ASD","ASD Dan 2020",71,"balanced","Prevotella",1,1,1,100,100,53099,TRUE,TRUE,FALSE,TRUE,TRUE,TRUE,TRUE,"no_observed_zeros","ok","",""
"Qiita13631ASD","ASD Dan 2020",71,"balanced","Roseburia",1,1,1,100,100,12325,TRUE,TRUE,FALSE,TRUE,TRUE,TRUE,TRUE,"no_observed_zeros","ok","",""
"Qiita13631ASD","ASD Dan 2020",71,"balanced","Ruminococcus",1,1,1,100,100,26745,TRUE,TRUE,FALSE,TRUE,TRUE,TRUE,TRUE,"no_observed_zeros","ok","",""
"Qiita13631ASD","ASD Dan 2020",71,"balanced","Streptococcus",0.98,1,0.96,100,96,2419,TRUE,TRUE,TRUE,FALSE,TRUE,TRUE,TRUE,"ok","ok","",""
"Qiita13631ASD","ASD Dan 2020",71,"balanced","Sutterella",1,1,1,100,100,14245,TRUE,TRUE,FALSE,TRUE,TRUE,TRUE,TRUE,"no_observed_zeros","ok","",""
"Qiita13631ASD","ASD Dan 2020",71,"balanced","Veillonella",0.99,1,0.98,100,98,5767,TRUE,TRUE,FALSE,TRUE,TRUE,TRUE,TRUE,"structural_absence_boundary_at_zero","ok","",""
"Qiita13631ASD","ASD Dan 2020",71,"fourfold","[Prevotella]",0.485,0.39,0.58,39,58,1113,TRUE,TRUE,TRUE,FALSE,TRUE,TRUE,TRUE,"ok","ok","",""
"Qiita13631ASD","ASD Dan 2020",71,"fourfold","[Ruminococcus]",1,1,1,100,100,11306,TRUE,TRUE,FALSE,TRUE,TRUE,TRUE,TRUE,"no_observed_zeros","ok","",""
"Qiita13631ASD","ASD Dan 2020",71,"fourfold","Akkermansia",0.75,0.66,0.84,66,84,3559,TRUE,TRUE,FALSE,TRUE,TRUE,TRUE,TRUE,"structural_absence_boundary_at_zero","ok","",""
"Qiita13631ASD","ASD Dan 2020",71,"fourfold","Anaerostipes",0.95,0.93,0.97,93,97,2427,TRUE,TRUE,TRUE,FALSE,TRUE,TRUE,TRUE,"ok","ok","",""
"Qiita13631ASD","ASD Dan 2020",71,"fourfold","Bacteroides",1,1,1,100,100,279657,TRUE,TRUE,FALSE,TRUE,TRUE,TRUE,TRUE,"no_observed_zeros","ok","",""
"Qiita13631ASD","ASD Dan 2020",71,"fourfold","Bifidobacterium",0.91,0.83,0.99,83,99,7444,TRUE,TRUE,FALSE,TRUE,TRUE,TRUE,TRUE,"structural_absence_boundary_at_zero","ok","",""
"Qiita13631ASD","ASD Dan 2020",71,"fourfold","Bilophila",0.89,0.8,0.98,80,98,1347,TRUE,TRUE,FALSE,TRUE,TRUE,TRUE,TRUE,"structural_absence_boundary_at_zero","ok","",""
"Qiita13631ASD","ASD Dan 2020",71,"fourfold","Blautia",0.995,0.99,1,99,100,5553,TRUE,TRUE,FALSE,TRUE,TRUE,TRUE,TRUE,"structural_absence_boundary_at_zero","ok","",""
"Qiita13631ASD","ASD Dan 2020",71,"fourfold","Clostridium",0.995,0.99,1,99,100,7742,TRUE,TRUE,FALSE,TRUE,TRUE,TRUE,TRUE,"structural_absence_boundary_at_zero","ok","",""
"Qiita13631ASD","ASD Dan 2020",71,"fourfold","Collinsella",0.64,0.51,0.77,51,77,825,TRUE,TRUE,FALSE,TRUE,TRUE,TRUE,TRUE,"structural_absence_boundary_at_zero","ok","",""
"Qiita13631ASD","ASD Dan 2020",71,"fourfold","Coprococcus",0.985,0.97,1,97,100,6242,TRUE,TRUE,TRUE,FALSE,TRUE,TRUE,TRUE,"ok","ok","",""
"Qiita13631ASD","ASD Dan 2020",71,"fourfold","Dialister",0.995,0.99,1,99,100,21958,TRUE,TRUE,FALSE,TRUE,TRUE,TRUE,TRUE,"structural_absence_boundary_at_zero","ok","",""
"Qiita13631ASD","ASD Dan 2020",71,"fourfold","Dorea",1,1,1,100,100,5642,TRUE,TRUE,FALSE,TRUE,TRUE,TRUE,TRUE,"no_observed_zeros","ok","",""
"Qiita13631ASD","ASD Dan 2020",71,"fourfold","Faecalibacterium",1,1,1,100,100,68485,TRUE,TRUE,FALSE,TRUE,TRUE,TRUE,TRUE,"no_observed_zeros","ok","",""
"Qiita13631ASD","ASD Dan 2020",71,"fourfold","Fusobacterium",0.435,0.28,0.59,28,59,1145,TRUE,TRUE,TRUE,FALSE,TRUE,TRUE,TRUE,"ok","ok","",""
"Qiita13631ASD","ASD Dan 2020",71,"fourfold","Haemophilus",0.925,0.87,0.98,87,98,4703,TRUE,TRUE,FALSE,TRUE,TRUE,TRUE,TRUE,"structural_absence_boundary_at_zero","ok","",""
"Qiita13631ASD","ASD Dan 2020",71,"fourfold","Lachnobacterium",0.635,0.55,0.72,55,72,1136,TRUE,TRUE,TRUE,FALSE,TRUE,TRUE,TRUE,"ok","ok","",""
"Qiita13631ASD","ASD Dan 2020",71,"fourfold","Lachnospira",1,1,1,100,100,21091,TRUE,TRUE,FALSE,TRUE,TRUE,TRUE,TRUE,"no_observed_zeros","ok","",""
"Qiita13631ASD","ASD Dan 2020",71,"fourfold","Megamonas",0.97,0.94,1,94,100,18459,TRUE,TRUE,FALSE,TRUE,TRUE,TRUE,TRUE,"structural_absence_boundary_at_zero","ok","",""
"Qiita13631ASD","ASD Dan 2020",71,"fourfold","Megasphaera",0.805,0.72,0.89,72,89,2687,TRUE,TRUE,FALSE,TRUE,TRUE,TRUE,TRUE,"structural_absence_boundary_at_zero","ok","",""
"Qiita13631ASD","ASD Dan 2020",71,"fourfold","Oscillospira",1,1,1,100,100,10190,TRUE,TRUE,FALSE,TRUE,TRUE,TRUE,TRUE,"no_observed_zeros","ok","",""
"Qiita13631ASD","ASD Dan 2020",71,"fourfold","Parabacteroides",1,1,1,100,100,20330,TRUE,TRUE,FALSE,TRUE,TRUE,TRUE,TRUE,"no_observed_zeros","ok","",""
"Qiita13631ASD","ASD Dan 2020",71,"fourfold","Paraprevotella",0.745,0.62,0.87,62,87,2245,TRUE,TRUE,TRUE,FALSE,TRUE,TRUE,TRUE,"ok","ok","",""
"Qiita13631ASD","ASD Dan 2020",71,"fourfold","Phascolarctobacterium",0.99,0.98,1,98,100,8905,TRUE,TRUE,FALSE,TRUE,TRUE,TRUE,TRUE,"structural_absence_boundary_at_zero","ok","",""
"Qiita13631ASD","ASD Dan 2020",71,"fourfold","Prevotella",0.99,0.98,1,98,100,53979,TRUE,TRUE,FALSE,TRUE,TRUE,TRUE,TRUE,"structural_absence_boundary_at_zero","ok","",""
"Qiita13631ASD","ASD Dan 2020",71,"fourfold","Roseburia",0.995,0.99,1,99,100,11841,TRUE,TRUE,TRUE,FALSE,TRUE,TRUE,TRUE,"ok","ok","",""
"Qiita13631ASD","ASD Dan 2020",71,"fourfold","Ruminococcus",1,1,1,100,100,25633,TRUE,TRUE,FALSE,TRUE,TRUE,TRUE,TRUE,"no_observed_zeros","ok","",""
"Qiita13631ASD","ASD Dan 2020",71,"fourfold","Streptococcus",0.955,0.92,0.99,92,99,2791,TRUE,TRUE,FALSE,TRUE,TRUE,TRUE,TRUE,"structural_absence_boundary_at_zero","ok","",""
"Qiita13631ASD","ASD Dan 2020",71,"fourfold","Sutterella",0.99,0.98,1,98,100,13881,TRUE,TRUE,TRUE,FALSE,TRUE,TRUE,TRUE,"ok","ok","",""
"Qiita13631ASD","ASD Dan 2020",71,"fourfold","Veillonella",0.975,0.95,1,95,100,5691,TRUE,TRUE,FALSE,TRUE,TRUE,TRUE,TRUE,"structural_absence_boundary_at_zero","ok","",""
"Qiita13631ASD","ASD Dan 2020",72,"balanced","[Prevotella]",0.54,0.53,0.55,53,55,1467,TRUE,TRUE,TRUE,FALSE,TRUE,TRUE,TRUE,"ok","ok","",""
"Qiita13631ASD","ASD Dan 2020",72,"balanced","[Ruminococcus]",1,1,1,100,100,11867,TRUE,TRUE,FALSE,TRUE,TRUE,TRUE,TRUE,"no_observed_zeros","ok","",""
"Qiita13631ASD","ASD Dan 2020",72,"balanced","Akkermansia",0.78,0.75,0.81,75,81,3684,TRUE,TRUE,FALSE,TRUE,TRUE,TRUE,TRUE,"structural_absence_boundary_at_zero","ok","",""
"Qiita13631ASD","ASD Dan 2020",72,"balanced","Anaerostipes",0.98,0.98,0.98,98,98,2700,TRUE,TRUE,FALSE,TRUE,TRUE,TRUE,TRUE,"structural_absence_boundary_at_zero","ok","",""
"Qiita13631ASD","ASD Dan 2020",72,"balanced","Bacteroides",1,1,1,100,100,304459,TRUE,TRUE,FALSE,TRUE,TRUE,TRUE,TRUE,"no_observed_zeros","ok","",""
"Qiita13631ASD","ASD Dan 2020",72,"balanced","Bifidobacterium",0.96,0.97,0.95,97,95,7407,TRUE,TRUE,FALSE,TRUE,TRUE,TRUE,TRUE,"structural_absence_boundary_at_zero","ok","",""
"Qiita13631ASD","ASD Dan 2020",72,"balanced","Bilophila",0.93,0.92,0.94,92,94,1427,TRUE,TRUE,TRUE,FALSE,TRUE,TRUE,TRUE,"ok","ok","",""
"Qiita13631ASD","ASD Dan 2020",72,"balanced","Blautia",0.995,1,0.99,100,99,5568,TRUE,TRUE,FALSE,TRUE,TRUE,TRUE,TRUE,"structural_absence_boundary_at_zero","ok","",""
"Qiita13631ASD","ASD Dan 2020",72,"balanced","Clostridium",1,1,1,100,100,7896,TRUE,TRUE,FALSE,TRUE,TRUE,TRUE,TRUE,"no_observed_zeros","ok","",""
"Qiita13631ASD","ASD Dan 2020",72,"balanced","Collinsella",0.7,0.7,0.7,70,70,876,TRUE,TRUE,FALSE,TRUE,TRUE,TRUE,TRUE,"structural_absence_boundary_at_zero","ok","",""
"Qiita13631ASD","ASD Dan 2020",72,"balanced","Coprococcus",0.995,1,0.99,100,99,6973,TRUE,TRUE,TRUE,FALSE,TRUE,TRUE,TRUE,"ok","ok","",""
"Qiita13631ASD","ASD Dan 2020",72,"balanced","Dialister",0.995,1,0.99,100,99,22867,TRUE,TRUE,FALSE,TRUE,TRUE,TRUE,TRUE,"structural_absence_boundary_at_zero","ok","",""
"Qiita13631ASD","ASD Dan 2020",72,"balanced","Dorea",1,1,1,100,100,5158,TRUE,TRUE,FALSE,TRUE,TRUE,TRUE,TRUE,"no_observed_zeros","ok","",""
"Qiita13631ASD","ASD Dan 2020",72,"balanced","Faecalibacterium",1,1,1,100,100,76194,TRUE,TRUE,FALSE,TRUE,TRUE,TRUE,TRUE,"no_observed_zeros","ok","",""
"Qiita13631ASD","ASD Dan 2020",72,"balanced","Fusobacterium",0.56,0.58,0.54,58,54,1541,TRUE,TRUE,FALSE,TRUE,TRUE,TRUE,TRUE,"structural_absence_boundary_at_zero","ok","",""
"Qiita13631ASD","ASD Dan 2020",72,"balanced","Haemophilus",0.955,0.96,0.95,96,95,4879,TRUE,TRUE,FALSE,TRUE,TRUE,TRUE,TRUE,"structural_absence_boundary_at_zero","ok","",""
"Qiita13631ASD","ASD Dan 2020",72,"balanced","Lachnobacterium",0.72,0.75,0.69,75,69,1134,TRUE,TRUE,TRUE,FALSE,TRUE,TRUE,TRUE,"ok","ok","",""
"Qiita13631ASD","ASD Dan 2020",72,"balanced","Lachnospira",1,1,1,100,100,25206,TRUE,TRUE,FALSE,TRUE,TRUE,TRUE,TRUE,"no_observed_zeros","ok","",""
"Qiita13631ASD","ASD Dan 2020",72,"balanced","Megamonas",0.99,0.99,0.99,99,99,17743,TRUE,TRUE,FALSE,TRUE,TRUE,TRUE,TRUE,"structural_absence_boundary_at_zero","ok","",""
"Qiita13631ASD","ASD Dan 2020",72,"balanced","Megasphaera",0.83,0.82,0.84,82,84,3577,TRUE,TRUE,TRUE,FALSE,TRUE,TRUE,TRUE,"ok","ok","",""
"Qiita13631ASD","ASD Dan 2020",72,"balanced","Oscillospira",1,1,1,100,100,11099,TRUE,TRUE,FALSE,TRUE,TRUE,TRUE,TRUE,"no_observed_zeros","ok","",""
"Qiita13631ASD","ASD Dan 2020",72,"balanced","Parabacteroides",1,1,1,100,100,21750,TRUE,TRUE,FALSE,TRUE,TRUE,TRUE,TRUE,"no_observed_zeros","ok","",""
"Qiita13631ASD","ASD Dan 2020",72,"balanced","Paraprevotella",0.78,0.76,0.8,76,80,2237,TRUE,TRUE,TRUE,FALSE,TRUE,TRUE,TRUE,"ok","ok","",""
"Qiita13631ASD","ASD Dan 2020",72,"balanced","Phascolarctobacterium",0.99,0.99,0.99,99,99,9733,TRUE,TRUE,TRUE,FALSE,TRUE,TRUE,TRUE,"ok","ok","",""
"Qiita13631ASD","ASD Dan 2020",72,"balanced","Prevotella",1,1,1,100,100,49499,TRUE,TRUE,FALSE,TRUE,TRUE,TRUE,TRUE,"no_observed_zeros","ok","",""
"Qiita13631ASD","ASD Dan 2020",72,"balanced","Roseburia",1,1,1,100,100,12592,TRUE,TRUE,FALSE,TRUE,TRUE,TRUE,TRUE,"no_observed_zeros","ok","",""
"Qiita13631ASD","ASD Dan 2020",72,"balanced","Ruminococcus",1,1,1,100,100,26850,TRUE,TRUE,FALSE,TRUE,TRUE,TRUE,TRUE,"no_observed_zeros","ok","",""
"Qiita13631ASD","ASD Dan 2020",72,"balanced","Streptococcus",0.97,0.96,0.98,96,98,2404,TRUE,TRUE,FALSE,TRUE,TRUE,TRUE,TRUE,"structural_absence_boundary_at_zero","ok","",""
"Qiita13631ASD","ASD Dan 2020",72,"balanced","Sutterella",1,1,1,100,100,13575,TRUE,TRUE,FALSE,TRUE,TRUE,TRUE,TRUE,"no_observed_zeros","ok","",""
"Qiita13631ASD","ASD Dan 2020",72,"balanced","Veillonella",0.99,0.98,1,98,100,6588,TRUE,TRUE,FALSE,TRUE,TRUE,TRUE,TRUE,"structural_absence_boundary_at_zero","ok","",""
"Qiita13631ASD","ASD Dan 2020",72,"fourfold","[Prevotella]",0.5,0.38,0.62,38,62,1256,TRUE,TRUE,TRUE,FALSE,TRUE,TRUE,TRUE,"ok","ok","",""
"Qiita13631ASD","ASD Dan 2020",72,"fourfold","[Ruminococcus]",1,1,1,100,100,12357,TRUE,TRUE,FALSE,TRUE,TRUE,TRUE,TRUE,"no_observed_zeros","ok","",""
"Qiita13631ASD","ASD Dan 2020",72,"fourfold","Akkermansia",0.735,0.6,0.87,60,87,3368,TRUE,TRUE,FALSE,TRUE,TRUE,TRUE,TRUE,"structural_absence_boundary_at_zero","ok","",""
"Qiita13631ASD","ASD Dan 2020",72,"fourfold","Anaerostipes",0.945,0.93,0.96,93,96,2762,TRUE,TRUE,TRUE,FALSE,TRUE,TRUE,TRUE,"ok","ok","",""
"Qiita13631ASD","ASD Dan 2020",72,"fourfold","Bacteroides",1,1,1,100,100,307698,TRUE,TRUE,FALSE,TRUE,TRUE,TRUE,TRUE,"no_observed_zeros","ok","",""
"Qiita13631ASD","ASD Dan 2020",72,"fourfold","Bifidobacterium",0.93,0.87,0.99,87,99,10778,TRUE,TRUE,FALSE,TRUE,TRUE,TRUE,TRUE,"structural_absence_boundary_at_zero","ok","",""
"Qiita13631ASD","ASD Dan 2020",72,"fourfold","Bilophila",0.9,0.82,0.98,82,98,1644,TRUE,TRUE,TRUE,FALSE,TRUE,TRUE,TRUE,"ok","ok","",""
"Qiita13631ASD","ASD Dan 2020",72,"fourfold","Blautia",0.995,0.99,1,99,100,5412,TRUE,TRUE,FALSE,TRUE,TRUE,TRUE,TRUE,"structural_absence_boundary_at_zero","ok","",""
"Qiita13631ASD","ASD Dan 2020",72,"fourfold","Clostridium",0.995,0.99,1,99,100,9416,TRUE,TRUE,FALSE,TRUE,TRUE,TRUE,TRUE,"structural_absence_boundary_at_zero","ok","",""
"Qiita13631ASD","ASD Dan 2020",72,"fourfold","Collinsella",0.635,0.45,0.82,45,82,1194,TRUE,TRUE,FALSE,TRUE,TRUE,TRUE,TRUE,"structural_absence_boundary_at_zero","ok","",""
"Qiita13631ASD","ASD Dan 2020",72,"fourfold","Coprococcus",1,1,1,100,100,6648,TRUE,TRUE,FALSE,TRUE,TRUE,TRUE,TRUE,"no_observed_zeros","ok","",""
"Qiita13631ASD","ASD Dan 2020",72,"fourfold","Dialister",1,1,1,100,100,27290,TRUE,TRUE,FALSE,TRUE,TRUE,TRUE,TRUE,"no_observed_zeros","ok","",""
"Qiita13631ASD","ASD Dan 2020",72,"fourfold","Dorea",1,1,1,100,100,5470,TRUE,TRUE,FALSE,TRUE,TRUE,TRUE,TRUE,"no_observed_zeros","ok","",""
"Qiita13631ASD","ASD Dan 2020",72,"fourfold","Faecalibacterium",1,1,1,100,100,77146,TRUE,TRUE,FALSE,TRUE,TRUE,TRUE,TRUE,"no_observed_zeros","ok","",""
"Qiita13631ASD","ASD Dan 2020",72,"fourfold","Fusobacterium",0.47,0.36,0.58,36,58,1343,TRUE,TRUE,FALSE,TRUE,TRUE,TRUE,TRUE,"structural_absence_boundary_at_zero","ok","",""
"Qiita13631ASD","ASD Dan 2020",72,"fourfold","Haemophilus",0.925,0.86,0.99,86,99,6208,TRUE,TRUE,FALSE,TRUE,TRUE,TRUE,TRUE,"structural_absence_boundary_at_zero","ok","",""
"Qiita13631ASD","ASD Dan 2020",72,"fourfold","Lachnobacterium",0.67,0.54,0.8,54,80,1074,TRUE,TRUE,FALSE,TRUE,TRUE,TRUE,TRUE,"structural_absence_boundary_at_zero","ok","",""
"Qiita13631ASD","ASD Dan 2020",72,"fourfold","Lachnospira",1,1,1,100,100,24675,TRUE,TRUE,FALSE,TRUE,TRUE,TRUE,TRUE,"no_observed_zeros","ok","",""
"Qiita13631ASD","ASD Dan 2020",72,"fourfold","Megamonas",0.985,0.97,1,97,100,18035,TRUE,TRUE,FALSE,TRUE,TRUE,TRUE,TRUE,"structural_absence_boundary_at_zero","ok","",""
"Qiita13631ASD","ASD Dan 2020",72,"fourfold","Megasphaera",0.775,0.68,0.87,68,87,3144,TRUE,TRUE,TRUE,FALSE,TRUE,TRUE,TRUE,"ok","ok","",""
"Qiita13631ASD","ASD Dan 2020",72,"fourfold","Oscillospira",1,1,1,100,100,11171,TRUE,TRUE,FALSE,TRUE,TRUE,TRUE,TRUE,"no_observed_zeros","ok","",""
"Qiita13631ASD","ASD Dan 2020",72,"fourfold","Parabacteroides",1,1,1,100,100,24523,TRUE,TRUE,FALSE,TRUE,TRUE,TRUE,TRUE,"no_observed_zeros","ok","",""
"Qiita13631ASD","ASD Dan 2020",72,"fourfold","Paraprevotella",0.775,0.65,0.9,65,90,1767,TRUE,TRUE,TRUE,FALSE,TRUE,TRUE,TRUE,"ok","ok","",""
"Qiita13631ASD","ASD Dan 2020",72,"fourfold","Phascolarctobacterium",1,1,1,100,100,8651,TRUE,TRUE,FALSE,TRUE,TRUE,TRUE,TRUE,"no_observed_zeros","ok","",""
"Qiita13631ASD","ASD Dan 2020",72,"fourfold","Prevotella",0.995,0.99,1,99,100,49055,TRUE,TRUE,FALSE,TRUE,TRUE,TRUE,TRUE,"structural_absence_boundary_at_zero","ok","",""
"Qiita13631ASD","ASD Dan 2020",72,"fourfold","Roseburia",1,1,1,100,100,13722,TRUE,TRUE,FALSE,TRUE,TRUE,TRUE,TRUE,"no_observed_zeros","ok","",""
"Qiita13631ASD","ASD Dan 2020",72,"fourfold","Ruminococcus",1,1,1,100,100,26247,TRUE,TRUE,FALSE,TRUE,TRUE,TRUE,TRUE,"no_observed_zeros","ok","",""
"Qiita13631ASD","ASD Dan 2020",72,"fourfold","Streptococcus",0.92,0.84,1,84,100,2707,TRUE,TRUE,FALSE,TRUE,TRUE,TRUE,TRUE,"structural_absence_boundary_at_zero","ok","",""
"Qiita13631ASD","ASD Dan 2020",72,"fourfold","Sutterella",1,1,1,100,100,15248,TRUE,TRUE,FALSE,TRUE,TRUE,TRUE,TRUE,"no_observed_zeros","ok","",""
"Qiita13631ASD","ASD Dan 2020",72,"fourfold","Veillonella",0.94,0.88,1,88,100,6850,TRUE,TRUE,FALSE,TRUE,TRUE,TRUE,TRUE,"structural_absence_boundary_at_zero","ok","",""
"Qiita13631ASD","ASD Dan 2020",73,"balanced","[Prevotella]",0.51,0.48,0.54,48,54,1529,TRUE,TRUE,TRUE,FALSE,TRUE,TRUE,TRUE,"ok","ok","",""
"Qiita13631ASD","ASD Dan 2020",73,"balanced","[Ruminococcus]",1,1,1,100,100,11678,TRUE,TRUE,FALSE,TRUE,TRUE,TRUE,TRUE,"no_observed_zeros","ok","",""
"Qiita13631ASD","ASD Dan 2020",73,"balanced","Akkermansia",0.785,0.83,0.74,83,74,3561,TRUE,TRUE,FALSE,TRUE,TRUE,TRUE,TRUE,"structural_absence_boundary_at_zero","ok","",""
"Qiita13631ASD","ASD Dan 2020",73,"balanced","Anaerostipes",0.965,0.95,0.98,95,98,2551,TRUE,TRUE,TRUE,FALSE,TRUE,TRUE,TRUE,"ok","ok","",""
"Qiita13631ASD","ASD Dan 2020",73,"balanced","Bacteroides",1,1,1,100,100,308822,TRUE,TRUE,FALSE,TRUE,TRUE,TRUE,TRUE,"no_observed_zeros","ok","",""
"Qiita13631ASD","ASD Dan 2020",73,"balanced","Bifidobacterium",0.985,0.99,0.98,99,98,8627,TRUE,TRUE,FALSE,TRUE,TRUE,TRUE,TRUE,"structural_absence_boundary_at_zero","ok","",""
"Qiita13631ASD","ASD Dan 2020",73,"balanced","Bilophila",0.97,0.96,0.98,96,98,1375,TRUE,TRUE,FALSE,TRUE,TRUE,TRUE,TRUE,"structural_absence_boundary_at_zero","ok","",""
"Qiita13631ASD","ASD Dan 2020",73,"balanced","Blautia",1,1,1,100,100,5114,TRUE,TRUE,FALSE,TRUE,TRUE,TRUE,TRUE,"no_observed_zeros","ok","",""
"Qiita13631ASD","ASD Dan 2020",73,"balanced","Clostridium",1,1,1,100,100,9082,TRUE,TRUE,FALSE,TRUE,TRUE,TRUE,TRUE,"no_observed_zeros","ok","",""
"Qiita13631ASD","ASD Dan 2020",73,"balanced","Collinsella",0.705,0.71,0.7,71,70,1044,TRUE,TRUE,FALSE,TRUE,TRUE,TRUE,TRUE,"structural_absence_boundary_at_zero","ok","",""
"Qiita13631ASD","ASD Dan 2020",73,"balanced","Coprococcus",1,1,1,100,100,6732,TRUE,TRUE,FALSE,TRUE,TRUE,TRUE,TRUE,"no_observed_zeros","ok","",""
"Qiita13631ASD","ASD Dan 2020",73,"balanced","Dialister",1,1,1,100,100,22441,TRUE,TRUE,FALSE,TRUE,TRUE,TRUE,TRUE,"no_observed_zeros","ok","",""
"Qiita13631ASD","ASD Dan 2020",73,"balanced","Dorea",1,1,1,100,100,5142,TRUE,TRUE,FALSE,TRUE,TRUE,TRUE,TRUE,"no_observed_zeros","ok","",""
"Qiita13631ASD","ASD Dan 2020",73,"balanced","Faecalibacterium",1,1,1,100,100,72636,TRUE,TRUE,FALSE,TRUE,TRUE,TRUE,TRUE,"no_observed_zeros","ok","",""
"Qiita13631ASD","ASD Dan 2020",73,"balanced","Fusobacterium",0.49,0.51,0.47,51,47,2197,TRUE,TRUE,FALSE,TRUE,TRUE,TRUE,TRUE,"structural_absence_boundary_at_zero","ok","",""
"Qiita13631ASD","ASD Dan 2020",73,"balanced","Haemophilus",0.96,0.96,0.96,96,96,4684,TRUE,TRUE,FALSE,TRUE,TRUE,TRUE,TRUE,"structural_absence_boundary_at_zero","ok","",""
"Qiita13631ASD","ASD Dan 2020",73,"balanced","Lachnobacterium",0.73,0.75,0.71,75,71,1135,TRUE,TRUE,FALSE,TRUE,TRUE,TRUE,TRUE,"structural_absence_boundary_at_zero","ok","",""
"Qiita13631ASD","ASD Dan 2020",73,"balanced","Lachnospira",1,1,1,100,100,25510,TRUE,TRUE,FALSE,TRUE,TRUE,TRUE,TRUE,"no_observed_zeros","ok","",""
"Qiita13631ASD","ASD Dan 2020",73,"balanced","Megamonas",0.98,0.99,0.97,99,97,15507,TRUE,TRUE,FALSE,TRUE,TRUE,TRUE,TRUE,"structural_absence_boundary_at_zero","ok","",""
"Qiita13631ASD","ASD Dan 2020",73,"balanced","Megasphaera",0.875,0.9,0.85,90,85,3415,TRUE,TRUE,FALSE,TRUE,TRUE,TRUE,TRUE,"structural_absence_boundary_at_zero","ok","",""
"Qiita13631ASD","ASD Dan 2020",73,"balanced","Oscillospira",1,1,1,100,100,10591,TRUE,TRUE,FALSE,TRUE,TRUE,TRUE,TRUE,"no_observed_zeros","ok","",""
"Qiita13631ASD","ASD Dan 2020",73,"balanced","Parabacteroides",1,1,1,100,100,23974,TRUE,TRUE,FALSE,TRUE,TRUE,TRUE,TRUE,"no_observed_zeros","ok","",""
"Qiita13631ASD","ASD Dan 2020",73,"balanced","Paraprevotella",0.815,0.85,0.78,85,78,2475,TRUE,TRUE,TRUE,FALSE,TRUE,TRUE,TRUE,"ok","ok","",""
"Qiita13631ASD","ASD Dan 2020",73,"balanced","Phascolarctobacterium",0.995,1,0.99,100,99,9877,TRUE,TRUE,FALSE,TRUE,TRUE,TRUE,TRUE,"structural_absence_boundary_at_zero","ok","",""
"Qiita13631ASD","ASD Dan 2020",73,"balanced","Prevotella",0.995,0.99,1,99,100,49111,TRUE,TRUE,FALSE,TRUE,TRUE,TRUE,TRUE,"structural_absence_boundary_at_zero","ok","",""
"Qiita13631ASD","ASD Dan 2020",73,"balanced","Roseburia",1,1,1,100,100,12571,TRUE,TRUE,FALSE,TRUE,TRUE,TRUE,TRUE,"no_observed_zeros","ok","",""
"Qiita13631ASD","ASD Dan 2020",73,"balanced","Ruminococcus",1,1,1,100,100,26447,TRUE,TRUE,FALSE,TRUE,TRUE,TRUE,TRUE,"no_observed_zeros","ok","",""
"Qiita13631ASD","ASD Dan 2020",73,"balanced","Streptococcus",0.98,1,0.96,100,96,2491,TRUE,TRUE,FALSE,TRUE,TRUE,TRUE,TRUE,"structural_absence_boundary_at_zero","ok","",""
"Qiita13631ASD","ASD Dan 2020",73,"balanced","Sutterella",1,1,1,100,100,13639,TRUE,TRUE,FALSE,TRUE,TRUE,TRUE,TRUE,"no_observed_zeros","ok","",""
"Qiita13631ASD","ASD Dan 2020",73,"balanced","Veillonella",0.99,0.99,0.99,99,99,5786,TRUE,TRUE,FALSE,TRUE,TRUE,TRUE,TRUE,"structural_absence_boundary_at_zero","ok","",""
"Qiita13631ASD","ASD Dan 2020",73,"fourfold","[Prevotella]",0.465,0.38,0.55,38,55,1724,TRUE,TRUE,TRUE,FALSE,TRUE,TRUE,TRUE,"ok","ok","",""
"Qiita13631ASD","ASD Dan 2020",73,"fourfold","[Ruminococcus]",0.99,0.98,1,98,100,11150,TRUE,TRUE,TRUE,FALSE,TRUE,TRUE,TRUE,"ok","ok","",""
"Qiita13631ASD","ASD Dan 2020",73,"fourfold","Akkermansia",0.685,0.56,0.81,56,81,2457,TRUE,TRUE,FALSE,TRUE,TRUE,TRUE,TRUE,"structural_absence_boundary_at_zero","ok","",""
"Qiita13631ASD","ASD Dan 2020",73,"fourfold","Anaerostipes",0.935,0.9,0.97,90,97,2444,TRUE,TRUE,TRUE,FALSE,TRUE,TRUE,TRUE,"ok","ok","",""
"Qiita13631ASD","ASD Dan 2020",73,"fourfold","Bacteroides",1,1,1,100,100,268382,TRUE,TRUE,FALSE,TRUE,TRUE,TRUE,TRUE,"no_observed_zeros","ok","",""
"Qiita13631ASD","ASD Dan 2020",73,"fourfold","Bifidobacterium",0.935,0.87,1,87,100,7591,TRUE,TRUE,FALSE,TRUE,TRUE,TRUE,TRUE,"structural_absence_boundary_at_zero","ok","",""
"Qiita13631ASD","ASD Dan 2020",73,"fourfold","Bilophila",0.89,0.81,0.97,81,97,1496,TRUE,TRUE,TRUE,FALSE,TRUE,TRUE,TRUE,"ok","ok","",""
"Qiita13631ASD","ASD Dan 2020",73,"fourfold","Blautia",0.985,0.97,1,97,100,5162,TRUE,TRUE,FALSE,TRUE,TRUE,TRUE,TRUE,"structural_absence_boundary_at_zero","ok","",""
"Qiita13631ASD","ASD Dan 2020",73,"fourfold","Clostridium",0.995,0.99,1,99,100,5940,TRUE,TRUE,FALSE,TRUE,TRUE,TRUE,TRUE,"structural_absence_boundary_at_zero","ok","",""
"Qiita13631ASD","ASD Dan 2020",73,"fourfold","Collinsella",0.61,0.47,0.75,47,75,663,TRUE,TRUE,FALSE,TRUE,TRUE,TRUE,TRUE,"structural_absence_boundary_at_zero","ok","",""
"Qiita13631ASD","ASD Dan 2020",73,"fourfold","Coprococcus",0.985,0.97,1,97,100,5916,TRUE,TRUE,FALSE,TRUE,TRUE,TRUE,TRUE,"structural_absence_boundary_at_zero","ok","",""
"Qiita13631ASD","ASD Dan 2020",73,"fourfold","Dialister",0.985,0.97,1,97,100,18452,TRUE,TRUE,FALSE,TRUE,TRUE,TRUE,TRUE,"structural_absence_boundary_at_zero","ok","",""
"Qiita13631ASD","ASD Dan 2020",73,"fourfold","Dorea",0.985,0.97,1,97,100,4958,TRUE,TRUE,FALSE,TRUE,TRUE,TRUE,TRUE,"structural_absence_boundary_at_zero","ok","",""
"Qiita13631ASD","ASD Dan 2020",73,"fourfold","Faecalibacterium",1,1,1,100,100,67867,TRUE,TRUE,FALSE,TRUE,TRUE,TRUE,TRUE,"no_observed_zeros","ok","",""
"Qiita13631ASD","ASD Dan 2020",73,"fourfold","Fusobacterium",0.475,0.33,0.62,33,62,2239,TRUE,TRUE,FALSE,TRUE,TRUE,TRUE,TRUE,"structural_absence_boundary_at_zero","ok","",""
"Qiita13631ASD","ASD Dan 2020",73,"fourfold","Haemophilus",0.93,0.86,1,86,100,5093,TRUE,TRUE,FALSE,TRUE,TRUE,TRUE,TRUE,"structural_absence_boundary_at_zero","ok","",""
"Qiita13631ASD","ASD Dan 2020",73,"fourfold","Lachnobacterium",0.67,0.55,0.79,55,79,1010,TRUE,TRUE,TRUE,FALSE,TRUE,TRUE,TRUE,"ok","ok","",""
"Qiita13631ASD","ASD Dan 2020",73,"fourfold","Lachnospira",1,1,1,100,100,21338,TRUE,TRUE,FALSE,TRUE,TRUE,TRUE,TRUE,"no_observed_zeros","ok","",""
"Qiita13631ASD","ASD Dan 2020",73,"fourfold","Megamonas",0.965,0.94,0.99,94,99,16351,TRUE,TRUE,FALSE,TRUE,TRUE,TRUE,TRUE,"structural_absence_boundary_at_zero","ok","",""
"Qiita13631ASD","ASD Dan 2020",73,"fourfold","Megasphaera",0.77,0.67,0.87,67,87,2941,TRUE,TRUE,FALSE,TRUE,TRUE,TRUE,TRUE,"structural_absence_boundary_at_zero","ok","",""
"Qiita13631ASD","ASD Dan 2020",73,"fourfold","Oscillospira",0.995,0.99,1,99,100,9791,TRUE,TRUE,TRUE,FALSE,TRUE,TRUE,TRUE,"ok","ok","",""
"Qiita13631ASD","ASD Dan 2020",73,"fourfold","Parabacteroides",1,1,1,100,100,20034,TRUE,TRUE,FALSE,TRUE,TRUE,TRUE,TRUE,"no_observed_zeros","ok","",""
"Qiita13631ASD","ASD Dan 2020",73,"fourfold","Paraprevotella",0.71,0.62,0.8,62,80,2106,TRUE,TRUE,TRUE,FALSE,TRUE,TRUE,TRUE,"ok","ok","",""
"Qiita13631ASD","ASD Dan 2020",73,"fourfold","Phascolarctobacterium",0.965,0.93,1,93,100,8557,TRUE,TRUE,FALSE,TRUE,TRUE,TRUE,TRUE,"structural_absence_boundary_at_zero","ok","",""
"Qiita13631ASD","ASD Dan 2020",73,"fourfold","Prevotella",0.995,0.99,1,99,100,43817,TRUE,TRUE,FALSE,TRUE,TRUE,TRUE,TRUE,"structural_absence_boundary_at_zero","ok","",""
"Qiita13631ASD","ASD Dan 2020",73,"fourfold","Roseburia",0.995,0.99,1,99,100,11234,TRUE,TRUE,FALSE,TRUE,TRUE,TRUE,TRUE,"structural_absence_boundary_at_zero","ok","",""
"Qiita13631ASD","ASD Dan 2020",73,"fourfold","Ruminococcus",0.995,0.99,1,99,100,23273,TRUE,TRUE,TRUE,FALSE,TRUE,TRUE,TRUE,"ok","ok","",""
"Qiita13631ASD","ASD Dan 2020",73,"fourfold","Streptococcus",0.93,0.86,1,86,100,2241,TRUE,TRUE,FALSE,TRUE,TRUE,TRUE,TRUE,"structural_absence_boundary_at_zero","ok","",""
"Qiita13631ASD","ASD Dan 2020",73,"fourfold","Sutterella",0.995,0.99,1,99,100,12933,TRUE,TRUE,FALSE,TRUE,TRUE,TRUE,TRUE,"structural_absence_boundary_at_zero","ok","",""
"Qiita13631ASD","ASD Dan 2020",73,"fourfold","Veillonella",0.955,0.93,0.98,93,98,5800,TRUE,TRUE,FALSE,TRUE,TRUE,TRUE,TRUE,"structural_absence_boundary_at_zero","ok","",""
"Qiita13631ASD","ASD Dan 2020",74,"balanced","[Prevotella]",0.545,0.51,0.58,51,58,1318,TRUE,TRUE,TRUE,FALSE,TRUE,TRUE,TRUE,"ok","ok","",""
"Qiita13631ASD","ASD Dan 2020",74,"balanced","[Ruminococcus]",1,1,1,100,100,11863,TRUE,TRUE,FALSE,TRUE,TRUE,TRUE,TRUE,"no_observed_zeros","ok","",""
"Qiita13631ASD","ASD Dan 2020",74,"balanced","Akkermansia",0.785,0.76,0.81,76,81,3850,TRUE,TRUE,FALSE,TRUE,TRUE,TRUE,TRUE,"structural_absence_boundary_at_zero","ok","",""
"Qiita13631ASD","ASD Dan 2020",74,"balanced","Anaerostipes",0.97,0.98,0.96,98,96,2904,TRUE,TRUE,TRUE,FALSE,TRUE,TRUE,TRUE,"ok","ok","",""
"Qiita13631ASD","ASD Dan 2020",74,"balanced","Bacteroides",1,1,1,100,100,313001,TRUE,TRUE,FALSE,TRUE,TRUE,TRUE,TRUE,"no_observed_zeros","ok","",""
"Qiita13631ASD","ASD Dan 2020",74,"balanced","Bifidobacterium",0.96,0.95,0.97,95,97,9366,TRUE,TRUE,FALSE,TRUE,TRUE,TRUE,TRUE,"structural_absence_boundary_at_zero","ok","",""
"Qiita13631ASD","ASD Dan 2020",74,"balanced","Bilophila",0.97,0.98,0.96,98,96,1406,TRUE,TRUE,FALSE,TRUE,TRUE,TRUE,TRUE,"structural_absence_boundary_at_zero","ok","",""
"Qiita13631ASD","ASD Dan 2020",74,"balanced","Blautia",0.995,1,0.99,100,99,5351,TRUE,TRUE,FALSE,TRUE,TRUE,TRUE,TRUE,"structural_absence_boundary_at_zero","ok","",""
"Qiita13631ASD","ASD Dan 2020",74,"balanced","Clostridium",1,1,1,100,100,8023,TRUE,TRUE,FALSE,TRUE,TRUE,TRUE,TRUE,"no_observed_zeros","ok","",""
"Qiita13631ASD","ASD Dan 2020",74,"balanced","Collinsella",0.765,0.76,0.77,76,77,825,TRUE,TRUE,FALSE,TRUE,TRUE,TRUE,TRUE,"structural_absence_boundary_at_zero","ok","",""
"Qiita13631ASD","ASD Dan 2020",74,"balanced","Coprococcus",0.995,1,0.99,100,99,6626,TRUE,TRUE,FALSE,TRUE,TRUE,TRUE,TRUE,"structural_absence_boundary_at_zero","ok","",""
"Qiita13631ASD","ASD Dan 2020",74,"balanced","Dialister",0.995,0.99,1,99,100,20696,TRUE,TRUE,FALSE,TRUE,TRUE,TRUE,TRUE,"structural_absence_boundary_at_zero","ok","",""
"Qiita13631ASD","ASD Dan 2020",74,"balanced","Dorea",0.995,1,0.99,100,99,5086,TRUE,TRUE,FALSE,TRUE,TRUE,TRUE,TRUE,"structural_absence_boundary_at_zero","ok","",""
"Qiita13631ASD","ASD Dan 2020",74,"balanced","Faecalibacterium",1,1,1,100,100,76282,TRUE,TRUE,FALSE,TRUE,TRUE,TRUE,TRUE,"no_observed_zeros","ok","",""
"Qiita13631ASD","ASD Dan 2020",74,"balanced","Fusobacterium",0.53,0.44,0.62,44,62,1085,TRUE,TRUE,FALSE,TRUE,TRUE,TRUE,TRUE,"structural_absence_boundary_at_zero","ok","",""
"Qiita13631ASD","ASD Dan 2020",74,"balanced","Haemophilus",0.97,0.99,0.95,99,95,5209,TRUE,TRUE,FALSE,TRUE,TRUE,TRUE,TRUE,"structural_absence_boundary_at_zero","ok","",""
"Qiita13631ASD","ASD Dan 2020",74,"balanced","Lachnobacterium",0.74,0.79,0.69,79,69,1016,TRUE,TRUE,FALSE,TRUE,TRUE,TRUE,TRUE,"structural_absence_boundary_at_zero","ok","",""
"Qiita13631ASD","ASD Dan 2020",74,"balanced","Lachnospira",1,1,1,100,100,24166,TRUE,TRUE,FALSE,TRUE,TRUE,TRUE,TRUE,"no_observed_zeros","ok","",""
"Qiita13631ASD","ASD Dan 2020",74,"balanced","Megamonas",0.985,0.98,0.99,98,99,18355,TRUE,TRUE,FALSE,TRUE,TRUE,TRUE,TRUE,"structural_absence_boundary_at_zero","ok","",""
"Qiita13631ASD","ASD Dan 2020",74,"balanced","Megasphaera",0.855,0.85,0.86,85,86,3503,TRUE,TRUE,FALSE,TRUE,TRUE,TRUE,TRUE,"structural_absence_boundary_at_zero","ok","",""
"Qiita13631ASD","ASD Dan 2020",74,"balanced","Oscillospira",1,1,1,100,100,10922,TRUE,TRUE,FALSE,TRUE,TRUE,TRUE,TRUE,"no_observed_zeros","ok","",""
"Qiita13631ASD","ASD Dan 2020",74,"balanced","Parabacteroides",1,1,1,100,100,24230,TRUE,TRUE,FALSE,TRUE,TRUE,TRUE,TRUE,"no_observed_zeros","ok","",""
"Qiita13631ASD","ASD Dan 2020",74,"balanced","Paraprevotella",0.835,0.84,0.83,84,83,2206,TRUE,TRUE,FALSE,TRUE,TRUE,TRUE,TRUE,"structural_absence_boundary_at_zero","ok","",""
"Qiita13631ASD","ASD Dan 2020",74,"balanced","Phascolarctobacterium",0.995,1,0.99,100,99,9647,TRUE,TRUE,FALSE,TRUE,TRUE,TRUE,TRUE,"structural_absence_boundary_at_zero","ok","",""
"Qiita13631ASD","ASD Dan 2020",74,"balanced","Prevotella",1,1,1,100,100,49029,TRUE,TRUE,FALSE,TRUE,TRUE,TRUE,TRUE,"no_observed_zeros","ok","",""
"Qiita13631ASD","ASD Dan 2020",74,"balanced","Roseburia",0.995,1,0.99,100,99,12577,TRUE,TRUE,TRUE,FALSE,TRUE,TRUE,TRUE,"ok","ok","",""
"Qiita13631ASD","ASD Dan 2020",74,"balanced","Ruminococcus",1,1,1,100,100,26543,TRUE,TRUE,FALSE,TRUE,TRUE,TRUE,TRUE,"no_observed_zeros","ok","",""
"Qiita13631ASD","ASD Dan 2020",74,"balanced","Streptococcus",0.985,0.98,0.99,98,99,2617,TRUE,TRUE,FALSE,TRUE,TRUE,TRUE,TRUE,"structural_absence_boundary_at_zero","ok","",""
"Qiita13631ASD","ASD Dan 2020",74,"balanced","Sutterella",1,1,1,100,100,13933,TRUE,TRUE,FALSE,TRUE,TRUE,TRUE,TRUE,"no_observed_zeros","ok","",""
"Qiita13631ASD","ASD Dan 2020",74,"balanced","Veillonella",0.995,1,0.99,100,99,6156,TRUE,TRUE,FALSE,TRUE,TRUE,TRUE,TRUE,"structural_absence_boundary_at_zero","ok","",""
"Qiita13631ASD","ASD Dan 2020",74,"fourfold","[Prevotella]",0.475,0.33,0.62,33,62,1641,TRUE,TRUE,TRUE,FALSE,TRUE,TRUE,TRUE,"ok","ok","",""
"Qiita13631ASD","ASD Dan 2020",74,"fourfold","[Ruminococcus]",1,1,1,100,100,10555,TRUE,TRUE,FALSE,TRUE,TRUE,TRUE,TRUE,"no_observed_zeros","ok","",""
"Qiita13631ASD","ASD Dan 2020",74,"fourfold","Akkermansia",0.68,0.59,0.77,59,77,3969,TRUE,TRUE,FALSE,TRUE,TRUE,TRUE,TRUE,"structural_absence_boundary_at_zero","ok","",""
"Qiita13631ASD","ASD Dan 2020",74,"fourfold","Anaerostipes",0.965,0.94,0.99,94,99,2611,TRUE,TRUE,FALSE,TRUE,TRUE,TRUE,TRUE,"structural_absence_boundary_at_zero","ok","",""
"Qiita13631ASD","ASD Dan 2020",74,"fourfold","Bacteroides",1,1,1,100,100,280569,TRUE,TRUE,FALSE,TRUE,TRUE,TRUE,TRUE,"no_observed_zeros","ok","",""
"Qiita13631ASD","ASD Dan 2020",74,"fourfold","Bifidobacterium",0.94,0.88,1,88,100,10595,TRUE,TRUE,FALSE,TRUE,TRUE,TRUE,TRUE,"structural_absence_boundary_at_zero","ok","",""
"Qiita13631ASD","ASD Dan 2020",74,"fourfold","Bilophila",0.88,0.78,0.98,78,98,1350,TRUE,TRUE,TRUE,FALSE,TRUE,TRUE,TRUE,"ok","ok","",""
"Qiita13631ASD","ASD Dan 2020",74,"fourfold","Blautia",0.995,0.99,1,99,100,4743,TRUE,TRUE,FALSE,TRUE,TRUE,TRUE,TRUE,"structural_absence_boundary_at_zero","ok","",""
"Qiita13631ASD","ASD Dan 2020",74,"fourfold","Clostridium",1,1,1,100,100,8033,TRUE,TRUE,FALSE,TRUE,TRUE,TRUE,TRUE,"no_observed_zeros","ok","",""
"Qiita13631ASD","ASD Dan 2020",74,"fourfold","Collinsella",0.64,0.48,0.8,48,80,779,TRUE,TRUE,FALSE,TRUE,TRUE,TRUE,TRUE,"structural_absence_boundary_at_zero","ok","",""
"Qiita13631ASD","ASD Dan 2020",74,"fourfold","Coprococcus",1,1,1,100,100,5988,TRUE,TRUE,FALSE,TRUE,TRUE,TRUE,TRUE,"no_observed_zeros","ok","",""
"Qiita13631ASD","ASD Dan 2020",74,"fourfold","Dialister",1,1,1,100,100,22820,TRUE,TRUE,FALSE,TRUE,TRUE,TRUE,TRUE,"no_observed_zeros","ok","",""
"Qiita13631ASD","ASD Dan 2020",74,"fourfold","Dorea",1,1,1,100,100,4641,TRUE,TRUE,FALSE,TRUE,TRUE,TRUE,TRUE,"no_observed_zeros","ok","",""
"Qiita13631ASD","ASD Dan 2020",74,"fourfold","Faecalibacterium",1,1,1,100,100,64398,TRUE,TRUE,FALSE,TRUE,TRUE,TRUE,TRUE,"no_observed_zeros","ok","",""
"Qiita13631ASD","ASD Dan 2020",74,"fourfold","Fusobacterium",0.5,0.36,0.64,36,64,1524,TRUE,TRUE,FALSE,TRUE,TRUE,TRUE,TRUE,"structural_absence_boundary_at_zero","ok","",""
"Qiita13631ASD","ASD Dan 2020",74,"fourfold","Haemophilus",0.895,0.81,0.98,81,98,5347,TRUE,TRUE,FALSE,TRUE,TRUE,TRUE,TRUE,"structural_absence_boundary_at_zero","ok","",""
"Qiita13631ASD","ASD Dan 2020",74,"fourfold","Lachnobacterium",0.69,0.57,0.81,57,81,987,TRUE,TRUE,FALSE,TRUE,TRUE,TRUE,TRUE,"structural_absence_boundary_at_zero","ok","",""
"Qiita13631ASD","ASD Dan 2020",74,"fourfold","Lachnospira",1,1,1,100,100,23456,TRUE,TRUE,FALSE,TRUE,TRUE,TRUE,TRUE,"no_observed_zeros","ok","",""
"Qiita13631ASD","ASD Dan 2020",74,"fourfold","Megamonas",0.98,0.96,1,96,100,15186,TRUE,TRUE,FALSE,TRUE,TRUE,TRUE,TRUE,"structural_absence_boundary_at_zero","ok","",""
"Qiita13631ASD","ASD Dan 2020",74,"fourfold","Megasphaera",0.805,0.74,0.87,74,87,4042,TRUE,TRUE,TRUE,FALSE,TRUE,TRUE,TRUE,"ok","ok","",""
"Qiita13631ASD","ASD Dan 2020",74,"fourfold","Oscillospira",1,1,1,100,100,10032,TRUE,TRUE,FALSE,TRUE,TRUE,TRUE,TRUE,"no_observed_zeros","ok","",""
"Qiita13631ASD","ASD Dan 2020",74,"fourfold","Parabacteroides",1,1,1,100,100,21514,TRUE,TRUE,FALSE,TRUE,TRUE,TRUE,TRUE,"no_observed_zeros","ok","",""
"Qiita13631ASD","ASD Dan 2020",74,"fourfold","Paraprevotella",0.79,0.72,0.86,72,86,2086,TRUE,TRUE,TRUE,FALSE,TRUE,TRUE,TRUE,"ok","ok","",""
"Qiita13631ASD","ASD Dan 2020",74,"fourfold","Phascolarctobacterium",0.985,0.97,1,97,100,10422,TRUE,TRUE,FALSE,TRUE,TRUE,TRUE,TRUE,"structural_absence_boundary_at_zero","ok","",""
"Qiita13631ASD","ASD Dan 2020",74,"fourfold","Prevotella",0.99,0.98,1,98,100,53504,TRUE,TRUE,FALSE,TRUE,TRUE,TRUE,TRUE,"structural_absence_boundary_at_zero","ok","",""
"Qiita13631ASD","ASD Dan 2020",74,"fourfold","Roseburia",1,1,1,100,100,10867,TRUE,TRUE,FALSE,TRUE,TRUE,TRUE,TRUE,"no_observed_zeros","ok","",""
"Qiita13631ASD","ASD Dan 2020",74,"fourfold","Ruminococcus",0.995,0.99,1,99,100,23310,TRUE,TRUE,TRUE,FALSE,TRUE,TRUE,TRUE,"ok","ok","",""
"Qiita13631ASD","ASD Dan 2020",74,"fourfold","Streptococcus",0.94,0.88,1,88,100,2305,TRUE,TRUE,FALSE,TRUE,TRUE,TRUE,TRUE,"structural_absence_boundary_at_zero","ok","",""
"Qiita13631ASD","ASD Dan 2020",74,"fourfold","Sutterella",1,1,1,100,100,13265,TRUE,TRUE,FALSE,TRUE,TRUE,TRUE,TRUE,"no_observed_zeros","ok","",""
"Qiita13631ASD","ASD Dan 2020",74,"fourfold","Veillonella",0.97,0.94,1,94,100,4826,TRUE,TRUE,FALSE,TRUE,TRUE,TRUE,TRUE,"structural_absence_boundary_at_zero","ok","",""
"Qiita13631ASD","ASD Dan 2020",75,"balanced","[Prevotella]",0.525,0.56,0.49,56,49,1513,TRUE,TRUE,TRUE,FALSE,TRUE,TRUE,TRUE,"ok","ok","",""
"Qiita13631ASD","ASD Dan 2020",75,"balanced","[Ruminococcus]",1,1,1,100,100,12244,TRUE,TRUE,FALSE,TRUE,TRUE,TRUE,TRUE,"no_observed_zeros","ok","",""
"Qiita13631ASD","ASD Dan 2020",75,"balanced","Akkermansia",0.82,0.8,0.84,80,84,3868,TRUE,TRUE,FALSE,TRUE,TRUE,TRUE,TRUE,"structural_absence_boundary_at_zero","ok","",""
"Qiita13631ASD","ASD Dan 2020",75,"balanced","Anaerostipes",0.965,0.96,0.97,96,97,2516,TRUE,TRUE,TRUE,FALSE,TRUE,TRUE,TRUE,"ok","ok","",""
"Qiita13631ASD","ASD Dan 2020",75,"balanced","Bacteroides",1,1,1,100,100,306242,TRUE,TRUE,FALSE,TRUE,TRUE,TRUE,TRUE,"no_observed_zeros","ok","",""
"Qiita13631ASD","ASD Dan 2020",75,"balanced","Bifidobacterium",0.98,0.99,0.97,99,97,10976,TRUE,TRUE,FALSE,TRUE,TRUE,TRUE,TRUE,"structural_absence_boundary_at_zero","ok","",""
"Qiita13631ASD","ASD Dan 2020",75,"balanced","Bilophila",0.96,0.97,0.95,97,95,1491,TRUE,TRUE,TRUE,FALSE,TRUE,TRUE,TRUE,"ok","ok","",""
"Qiita13631ASD","ASD Dan 2020",75,"balanced","Blautia",1,1,1,100,100,5973,TRUE,TRUE,FALSE,TRUE,TRUE,TRUE,TRUE,"no_observed_zeros","ok","",""
"Qiita13631ASD","ASD Dan 2020",75,"balanced","Clostridium",1,1,1,100,100,8443,TRUE,TRUE,FALSE,TRUE,TRUE,TRUE,TRUE,"no_observed_zeros","ok","",""
"Qiita13631ASD","ASD Dan 2020",75,"balanced","Collinsella",0.705,0.71,0.7,71,70,1107,TRUE,TRUE,FALSE,TRUE,TRUE,TRUE,TRUE,"structural_absence_boundary_at_zero","ok","",""
"Qiita13631ASD","ASD Dan 2020",75,"balanced","Coprococcus",0.995,1,0.99,100,99,6820,TRUE,TRUE,TRUE,FALSE,TRUE,TRUE,TRUE,"ok","ok","",""
"Qiita13631ASD","ASD Dan 2020",75,"balanced","Dialister",1,1,1,100,100,21422,TRUE,TRUE,FALSE,TRUE,TRUE,TRUE,TRUE,"no_observed_zeros","ok","",""
"Qiita13631ASD","ASD Dan 2020",75,"balanced","Dorea",0.995,1,0.99,100,99,5337,TRUE,TRUE,TRUE,FALSE,TRUE,TRUE,TRUE,"ok","ok","",""
"Qiita13631ASD","ASD Dan 2020",75,"balanced","Faecalibacterium",1,1,1,100,100,74920,TRUE,TRUE,FALSE,TRUE,TRUE,TRUE,TRUE,"no_observed_zeros","ok","",""
"Qiita13631ASD","ASD Dan 2020",75,"balanced","Fusobacterium",0.49,0.53,0.45,53,45,2295,TRUE,TRUE,FALSE,TRUE,TRUE,TRUE,TRUE,"structural_absence_boundary_at_zero","ok","",""
"Qiita13631ASD","ASD Dan 2020",75,"balanced","Haemophilus",0.97,0.95,0.99,95,99,4867,TRUE,TRUE,FALSE,TRUE,TRUE,TRUE,TRUE,"structural_absence_boundary_at_zero","ok","",""
"Qiita13631ASD","ASD Dan 2020",75,"balanced","Lachnobacterium",0.715,0.74,0.69,74,69,1200,TRUE,TRUE,TRUE,FALSE,TRUE,TRUE,TRUE,"ok","ok","",""
"Qiita13631ASD","ASD Dan 2020",75,"balanced","Lachnospira",1,1,1,100,100,25758,TRUE,TRUE,FALSE,TRUE,TRUE,TRUE,TRUE,"no_observed_zeros","ok","",""
"Qiita13631ASD","ASD Dan 2020",75,"balanced","Megamonas",0.995,1,0.99,100,99,18483,TRUE,TRUE,FALSE,TRUE,TRUE,TRUE,TRUE,"structural_absence_boundary_at_zero","ok","",""
"Qiita13631ASD","ASD Dan 2020",75,"balanced","Megasphaera",0.84,0.86,0.82,86,82,3590,TRUE,TRUE,FALSE,TRUE,TRUE,TRUE,TRUE,"structural_absence_boundary_at_zero","ok","",""
"Qiita13631ASD","ASD Dan 2020",75,"balanced","Oscillospira",1,1,1,100,100,10649,TRUE,TRUE,FALSE,TRUE,TRUE,TRUE,TRUE,"no_observed_zeros","ok","",""
"Qiita13631ASD","ASD Dan 2020",75,"balanced","Parabacteroides",1,1,1,100,100,22616,TRUE,TRUE,FALSE,TRUE,TRUE,TRUE,TRUE,"no_observed_zeros","ok","",""
"Qiita13631ASD","ASD Dan 2020",75,"balanced","Paraprevotella",0.825,0.82,0.83,82,83,2267,TRUE,TRUE,FALSE,TRUE,TRUE,TRUE,TRUE,"structural_absence_boundary_at_zero","ok","",""
"Qiita13631ASD","ASD Dan 2020",75,"balanced","Phascolarctobacterium",0.995,1,0.99,100,99,9010,TRUE,TRUE,FALSE,TRUE,TRUE,TRUE,TRUE,"structural_absence_boundary_at_zero","ok","",""
"Qiita13631ASD","ASD Dan 2020",75,"balanced","Prevotella",1,1,1,100,100,45350,TRUE,TRUE,FALSE,TRUE,TRUE,TRUE,TRUE,"no_observed_zeros","ok","",""
"Qiita13631ASD","ASD Dan 2020",75,"balanced","Roseburia",1,1,1,100,100,12956,TRUE,TRUE,FALSE,TRUE,TRUE,TRUE,TRUE,"no_observed_zeros","ok","",""
"Qiita13631ASD","ASD Dan 2020",75,"balanced","Ruminococcus",1,1,1,100,100,26162,TRUE,TRUE,FALSE,TRUE,TRUE,TRUE,TRUE,"no_observed_zeros","ok","",""
"Qiita13631ASD","ASD Dan 2020",75,"balanced","Streptococcus",0.975,0.99,0.96,99,96,2389,TRUE,TRUE,FALSE,TRUE,TRUE,TRUE,TRUE,"structural_absence_boundary_at_zero","ok","",""
"Qiita13631ASD","ASD Dan 2020",75,"balanced","Sutterella",1,1,1,100,100,14217,TRUE,TRUE,FALSE,TRUE,TRUE,TRUE,TRUE,"no_observed_zeros","ok","",""
"Qiita13631ASD","ASD Dan 2020",75,"balanced","Veillonella",0.98,0.99,0.97,99,97,6225,TRUE,TRUE,FALSE,TRUE,TRUE,TRUE,TRUE,"structural_absence_boundary_at_zero","ok","",""
"Qiita13631ASD","ASD Dan 2020",75,"fourfold","[Prevotella]",0.495,0.45,0.54,45,54,1088,TRUE,TRUE,TRUE,FALSE,TRUE,TRUE,TRUE,"ok","ok","",""
"Qiita13631ASD","ASD Dan 2020",75,"fourfold","[Ruminococcus]",1,1,1,100,100,10422,TRUE,TRUE,FALSE,TRUE,TRUE,TRUE,TRUE,"no_observed_zeros","ok","",""
"Qiita13631ASD","ASD Dan 2020",75,"fourfold","Akkermansia",0.685,0.47,0.9,47,90,3853,TRUE,TRUE,FALSE,TRUE,TRUE,TRUE,TRUE,"structural_absence_boundary_at_zero","ok","",""
"Qiita13631ASD","ASD Dan 2020",75,"fourfold","Anaerostipes",0.935,0.89,0.98,89,98,2708,TRUE,TRUE,FALSE,TRUE,TRUE,TRUE,TRUE,"structural_absence_boundary_at_zero","ok","",""
"Qiita13631ASD","ASD Dan 2020",75,"fourfold","Bacteroides",1,1,1,100,100,296944,TRUE,TRUE,FALSE,TRUE,TRUE,TRUE,TRUE,"no_observed_zeros","ok","",""
"Qiita13631ASD","ASD Dan 2020",75,"fourfold","Bifidobacterium",0.915,0.86,0.97,86,97,8187,TRUE,TRUE,FALSE,TRUE,TRUE,TRUE,TRUE,"structural_absence_boundary_at_zero","ok","",""
"Qiita13631ASD","ASD Dan 2020",75,"fourfold","Bilophila",0.835,0.71,0.96,71,96,1565,TRUE,TRUE,TRUE,FALSE,TRUE,TRUE,TRUE,"ok","ok","",""
"Qiita13631ASD","ASD Dan 2020",75,"fourfold","Blautia",0.99,0.98,1,98,100,4993,TRUE,TRUE,FALSE,TRUE,TRUE,TRUE,TRUE,"structural_absence_boundary_at_zero","ok","",""
"Qiita13631ASD","ASD Dan 2020",75,"fourfold","Clostridium",1,1,1,100,100,7452,TRUE,TRUE,FALSE,TRUE,TRUE,TRUE,TRUE,"no_observed_zeros","ok","",""
"Qiita13631ASD","ASD Dan 2020",75,"fourfold","Collinsella",0.69,0.51,0.87,51,87,1029,TRUE,TRUE,FALSE,TRUE,TRUE,TRUE,TRUE,"structural_absence_boundary_at_zero","ok","",""
"Qiita13631ASD","ASD Dan 2020",75,"fourfold","Coprococcus",0.99,0.98,1,98,100,6697,TRUE,TRUE,FALSE,TRUE,TRUE,TRUE,TRUE,"structural_absence_boundary_at_zero","ok","",""
"Qiita13631ASD","ASD Dan 2020",75,"fourfold","Dialister",0.985,0.97,1,97,100,22600,TRUE,TRUE,FALSE,TRUE,TRUE,TRUE,TRUE,"structural_absence_boundary_at_zero","ok","",""
"Qiita13631ASD","ASD Dan 2020",75,"fourfold","Dorea",1,1,1,100,100,5082,TRUE,TRUE,FALSE,TRUE,TRUE,TRUE,TRUE,"no_observed_zeros","ok","",""
"Qiita13631ASD","ASD Dan 2020",75,"fourfold","Faecalibacterium",1,1,1,100,100,70791,TRUE,TRUE,FALSE,TRUE,TRUE,TRUE,TRUE,"no_observed_zeros","ok","",""
"Qiita13631ASD","ASD Dan 2020",75,"fourfold","Fusobacterium",0.45,0.31,0.59,31,59,1806,TRUE,TRUE,FALSE,TRUE,TRUE,TRUE,TRUE,"structural_absence_boundary_at_zero","ok","",""
"Qiita13631ASD","ASD Dan 2020",75,"fourfold","Haemophilus",0.92,0.87,0.97,87,97,3770,TRUE,TRUE,FALSE,TRUE,TRUE,TRUE,TRUE,"structural_absence_boundary_at_zero","ok","",""
"Qiita13631ASD","ASD Dan 2020",75,"fourfold","Lachnobacterium",0.68,0.54,0.82,54,82,944,TRUE,TRUE,TRUE,FALSE,TRUE,TRUE,TRUE,"ok","ok","",""
"Qiita13631ASD","ASD Dan 2020",75,"fourfold","Lachnospira",1,1,1,100,100,22271,TRUE,TRUE,FALSE,TRUE,TRUE,TRUE,TRUE,"no_observed_zeros","ok","",""
"Qiita13631ASD","ASD Dan 2020",75,"fourfold","Megamonas",0.965,0.94,0.99,94,99,16574,TRUE,TRUE,TRUE,FALSE,TRUE,TRUE,TRUE,"ok","ok","",""
"Qiita13631ASD","ASD Dan 2020",75,"fourfold","Megasphaera",0.765,0.63,0.9,63,90,2999,TRUE,TRUE,FALSE,TRUE,TRUE,TRUE,TRUE,"structural_absence_boundary_at_zero","ok","",""
"Qiita13631ASD","ASD Dan 2020",75,"fourfold","Oscillospira",0.995,1,0.99,100,99,10650,TRUE,TRUE,TRUE,FALSE,TRUE,TRUE,TRUE,"ok","ok","",""
"Qiita13631ASD","ASD Dan 2020",75,"fourfold","Parabacteroides",1,1,1,100,100,24458,TRUE,TRUE,FALSE,TRUE,TRUE,TRUE,TRUE,"no_observed_zeros","ok","",""
"Qiita13631ASD","ASD Dan 2020",75,"fourfold","Paraprevotella",0.75,0.65,0.85,65,85,2197,TRUE,TRUE,TRUE,FALSE,TRUE,TRUE,TRUE,"ok","ok","",""
"Qiita13631ASD","ASD Dan 2020",75,"fourfold","Phascolarctobacterium",0.995,1,0.99,100,99,8835,TRUE,TRUE,FALSE,TRUE,TRUE,TRUE,TRUE,"structural_absence_boundary_at_zero","ok","",""
"Qiita13631ASD","ASD Dan 2020",75,"fourfold","Prevotella",0.99,0.98,1,98,100,47558,TRUE,TRUE,FALSE,TRUE,TRUE,TRUE,TRUE,"structural_absence_boundary_at_zero","ok","",""
"Qiita13631ASD","ASD Dan 2020",75,"fourfold","Roseburia",1,1,1,100,100,12330,TRUE,TRUE,FALSE,TRUE,TRUE,TRUE,TRUE,"no_observed_zeros","ok","",""
"Qiita13631ASD","ASD Dan 2020",75,"fourfold","Ruminococcus",1,1,1,100,100,26263,TRUE,TRUE,FALSE,TRUE,TRUE,TRUE,TRUE,"no_observed_zeros","ok","",""
"Qiita13631ASD","ASD Dan 2020",75,"fourfold","Streptococcus",0.945,0.9,0.99,90,99,2253,TRUE,TRUE,FALSE,TRUE,TRUE,TRUE,TRUE,"structural_absence_boundary_at_zero","ok","",""
"Qiita13631ASD","ASD Dan 2020",75,"fourfold","Sutterella",0.995,0.99,1,99,100,14060,TRUE,TRUE,FALSE,TRUE,TRUE,TRUE,TRUE,"structural_absence_boundary_at_zero","ok","",""
"Qiita13631ASD","ASD Dan 2020",75,"fourfold","Veillonella",0.975,0.96,0.99,96,99,5076,TRUE,TRUE,FALSE,TRUE,TRUE,TRUE,TRUE,"structural_absence_boundary_at_zero","ok","",""
"Qiita13631ASD","ASD Dan 2020",76,"balanced","[Prevotella]",0.505,0.57,0.44,57,44,1589,TRUE,TRUE,TRUE,FALSE,TRUE,TRUE,TRUE,"ok","ok","",""
"Qiita13631ASD","ASD Dan 2020",76,"balanced","[Ruminococcus]",1,1,1,100,100,12476,TRUE,TRUE,FALSE,TRUE,TRUE,TRUE,TRUE,"no_observed_zeros","ok","",""
"Qiita13631ASD","ASD Dan 2020",76,"balanced","Akkermansia",0.8,0.81,0.79,81,79,4107,TRUE,TRUE,FALSE,TRUE,TRUE,TRUE,TRUE,"structural_absence_boundary_at_zero","ok","",""
"Qiita13631ASD","ASD Dan 2020",76,"balanced","Anaerostipes",0.98,0.99,0.97,99,97,2695,TRUE,TRUE,FALSE,TRUE,TRUE,TRUE,TRUE,"structural_absence_boundary_at_zero","ok","",""
"Qiita13631ASD","ASD Dan 2020",76,"balanced","Bacteroides",1,1,1,100,100,309693,TRUE,TRUE,FALSE,TRUE,TRUE,TRUE,TRUE,"no_observed_zeros","ok","",""
"Qiita13631ASD","ASD Dan 2020",76,"balanced","Bifidobacterium",0.97,0.98,0.96,98,96,7484,TRUE,TRUE,FALSE,TRUE,TRUE,TRUE,TRUE,"structural_absence_boundary_at_zero","ok","",""
"Qiita13631ASD","ASD Dan 2020",76,"balanced","Bilophila",0.975,0.96,0.99,96,99,1549,TRUE,TRUE,TRUE,FALSE,TRUE,TRUE,TRUE,"ok","ok","",""
"Qiita13631ASD","ASD Dan 2020",76,"balanced","Blautia",1,1,1,100,100,5937,TRUE,TRUE,FALSE,TRUE,TRUE,TRUE,TRUE,"no_observed_zeros","ok","",""
"Qiita13631ASD","ASD Dan 2020",76,"balanced","Clostridium",1,1,1,100,100,9036,TRUE,TRUE,FALSE,TRUE,TRUE,TRUE,TRUE,"no_observed_zeros","ok","",""
"Qiita13631ASD","ASD Dan 2020",76,"balanced","Collinsella",0.735,0.76,0.71,76,71,975,TRUE,TRUE,FALSE,TRUE,TRUE,TRUE,TRUE,"structural_absence_boundary_at_zero","ok","",""
"Qiita13631ASD","ASD Dan 2020",76,"balanced","Coprococcus",1,1,1,100,100,7351,TRUE,TRUE,FALSE,TRUE,TRUE,TRUE,TRUE,"no_observed_zeros","ok","",""
"Qiita13631ASD","ASD Dan 2020",76,"balanced","Dialister",1,1,1,100,100,22531,TRUE,TRUE,FALSE,TRUE,TRUE,TRUE,TRUE,"no_observed_zeros","ok","",""
"Qiita13631ASD","ASD Dan 2020",76,"balanced","Dorea",1,1,1,100,100,5602,TRUE,TRUE,FALSE,TRUE,TRUE,TRUE,TRUE,"no_observed_zeros","ok","",""
"Qiita13631ASD","ASD Dan 2020",76,"balanced","Faecalibacterium",1,1,1,100,100,75249,TRUE,TRUE,FALSE,TRUE,TRUE,TRUE,TRUE,"no_observed_zeros","ok","",""
"Qiita13631ASD","ASD Dan 2020",76,"balanced","Fusobacterium",0.485,0.51,0.46,51,46,2164,TRUE,TRUE,FALSE,TRUE,TRUE,TRUE,TRUE,"structural_absence_boundary_at_zero","ok","",""
"Qiita13631ASD","ASD Dan 2020",76,"balanced","Haemophilus",0.95,0.98,0.92,98,92,5278,TRUE,TRUE,FALSE,TRUE,TRUE,TRUE,TRUE,"structural_absence_boundary_at_zero","ok","",""
"Qiita13631ASD","ASD Dan 2020",76,"balanced","Lachnobacterium",0.745,0.79,0.7,79,70,1123,TRUE,TRUE,FALSE,TRUE,TRUE,TRUE,TRUE,"structural_absence_boundary_at_zero","ok","",""
"Qiita13631ASD","ASD Dan 2020",76,"balanced","Lachnospira",1,1,1,100,100,26077,TRUE,TRUE,FALSE,TRUE,TRUE,TRUE,TRUE,"no_observed_zeros","ok","",""
"Qiita13631ASD","ASD Dan 2020",76,"balanced","Megamonas",0.975,0.97,0.98,97,98,19404,TRUE,TRUE,FALSE,TRUE,TRUE,TRUE,TRUE,"structural_absence_boundary_at_zero","ok","",""
"Qiita13631ASD","ASD Dan 2020",76,"balanced","Megasphaera",0.87,0.9,0.84,90,84,4615,TRUE,TRUE,FALSE,TRUE,TRUE,TRUE,TRUE,"structural_absence_boundary_at_zero","ok","",""
"Qiita13631ASD","ASD Dan 2020",76,"balanced","Oscillospira",0.995,1,0.99,100,99,11230,TRUE,TRUE,TRUE,FALSE,TRUE,TRUE,TRUE,"ok","ok","",""
"Qiita13631ASD","ASD Dan 2020",76,"balanced","Parabacteroides",0.995,1,0.99,100,99,22895,TRUE,TRUE,TRUE,FALSE,TRUE,TRUE,TRUE,"ok","ok","",""
"Qiita13631ASD","ASD Dan 2020",76,"balanced","Paraprevotella",0.82,0.8,0.84,80,84,2375,TRUE,TRUE,TRUE,FALSE,TRUE,TRUE,TRUE,"ok","ok","",""
"Qiita13631ASD","ASD Dan 2020",76,"balanced","Phascolarctobacterium",0.995,0.99,1,99,100,10804,TRUE,TRUE,FALSE,TRUE,TRUE,TRUE,TRUE,"structural_absence_boundary_at_zero","ok","",""
"Qiita13631ASD","ASD Dan 2020",76,"balanced","Prevotella",1,1,1,100,100,54761,TRUE,TRUE,FALSE,TRUE,TRUE,TRUE,TRUE,"no_observed_zeros","ok","",""
"Qiita13631ASD","ASD Dan 2020",76,"balanced","Roseburia",1,1,1,100,100,13300,TRUE,TRUE,FALSE,TRUE,TRUE,TRUE,TRUE,"no_observed_zeros","ok","",""
"Qiita13631ASD","ASD Dan 2020",76,"balanced","Ruminococcus",1,1,1,100,100,29318,TRUE,TRUE,FALSE,TRUE,TRUE,TRUE,TRUE,"no_observed_zeros","ok","",""
"Qiita13631ASD","ASD Dan 2020",76,"balanced","Streptococcus",0.985,0.98,0.99,98,99,2553,TRUE,TRUE,FALSE,TRUE,TRUE,TRUE,TRUE,"structural_absence_boundary_at_zero","ok","",""
"Qiita13631ASD","ASD Dan 2020",76,"balanced","Sutterella",1,1,1,100,100,13981,TRUE,TRUE,FALSE,TRUE,TRUE,TRUE,TRUE,"no_observed_zeros","ok","",""
"Qiita13631ASD","ASD Dan 2020",76,"balanced","Veillonella",0.975,0.97,0.98,97,98,6448,TRUE,TRUE,FALSE,TRUE,TRUE,TRUE,TRUE,"structural_absence_boundary_at_zero","ok","",""
"Qiita13631ASD","ASD Dan 2020",76,"fourfold","[Prevotella]",0.5,0.45,0.55,45,55,1232,TRUE,TRUE,TRUE,FALSE,TRUE,TRUE,TRUE,"ok","ok","",""
"Qiita13631ASD","ASD Dan 2020",76,"fourfold","[Ruminococcus]",1,1,1,100,100,12666,TRUE,TRUE,FALSE,TRUE,TRUE,TRUE,TRUE,"no_observed_zeros","ok","",""
"Qiita13631ASD","ASD Dan 2020",76,"fourfold","Akkermansia",0.73,0.62,0.84,62,84,3343,TRUE,TRUE,FALSE,TRUE,TRUE,TRUE,TRUE,"structural_absence_boundary_at_zero","ok","",""
"Qiita13631ASD","ASD Dan 2020",76,"fourfold","Anaerostipes",0.93,0.88,0.98,88,98,2196,TRUE,TRUE,TRUE,FALSE,TRUE,TRUE,TRUE,"ok","ok","",""
"Qiita13631ASD","ASD Dan 2020",76,"fourfold","Bacteroides",1,1,1,100,100,294300,TRUE,TRUE,FALSE,TRUE,TRUE,TRUE,TRUE,"no_observed_zeros","ok","",""
"Qiita13631ASD","ASD Dan 2020",76,"fourfold","Bifidobacterium",0.955,0.91,1,91,100,7312,TRUE,TRUE,FALSE,TRUE,TRUE,TRUE,TRUE,"structural_absence_boundary_at_zero","ok","",""
"Qiita13631ASD","ASD Dan 2020",76,"fourfold","Bilophila",0.885,0.79,0.98,79,98,1499,TRUE,TRUE,FALSE,TRUE,TRUE,TRUE,TRUE,"structural_absence_boundary_at_zero","ok","",""
"Qiita13631ASD","ASD Dan 2020",76,"fourfold","Blautia",0.99,0.98,1,98,100,5198,TRUE,TRUE,FALSE,TRUE,TRUE,TRUE,TRUE,"structural_absence_boundary_at_zero","ok","",""
"Qiita13631ASD","ASD Dan 2020",76,"fourfold","Clostridium",1,1,1,100,100,8751,TRUE,TRUE,FALSE,TRUE,TRUE,TRUE,TRUE,"no_observed_zeros","ok","",""
"Qiita13631ASD","ASD Dan 2020",76,"fourfold","Collinsella",0.63,0.5,0.76,50,76,917,TRUE,TRUE,FALSE,TRUE,TRUE,TRUE,TRUE,"structural_absence_boundary_at_zero","ok","",""
"Qiita13631ASD","ASD Dan 2020",76,"fourfold","Coprococcus",1,1,1,100,100,6009,TRUE,TRUE,FALSE,TRUE,TRUE,TRUE,TRUE,"no_observed_zeros","ok","",""
"Qiita13631ASD","ASD Dan 2020",76,"fourfold","Dialister",0.995,0.99,1,99,100,18858,TRUE,TRUE,FALSE,TRUE,TRUE,TRUE,TRUE,"structural_absence_boundary_at_zero","ok","",""
"Qiita13631ASD","ASD Dan 2020",76,"fourfold","Dorea",0.99,0.98,1,98,100,5411,TRUE,TRUE,FALSE,TRUE,TRUE,TRUE,TRUE,"structural_absence_boundary_at_zero","ok","",""
"Qiita13631ASD","ASD Dan 2020",76,"fourfold","Faecalibacterium",1,1,1,100,100,69086,TRUE,TRUE,FALSE,TRUE,TRUE,TRUE,TRUE,"no_observed_zeros","ok","",""
"Qiita13631ASD","ASD Dan 2020",76,"fourfold","Fusobacterium",0.505,0.43,0.58,43,58,1481,TRUE,TRUE,FALSE,TRUE,TRUE,TRUE,TRUE,"structural_absence_boundary_at_zero","ok","",""
"Qiita13631ASD","ASD Dan 2020",76,"fourfold","Haemophilus",0.94,0.91,0.97,91,97,4637,TRUE,TRUE,FALSE,TRUE,TRUE,TRUE,TRUE,"structural_absence_boundary_at_zero","ok","",""
"Qiita13631ASD","ASD Dan 2020",76,"fourfold","Lachnobacterium",0.65,0.56,0.74,56,74,986,TRUE,TRUE,TRUE,FALSE,TRUE,TRUE,TRUE,"ok","ok","",""
"Qiita13631ASD","ASD Dan 2020",76,"fourfold","Lachnospira",1,1,1,100,100,22588,TRUE,TRUE,FALSE,TRUE,TRUE,TRUE,TRUE,"no_observed_zeros","ok","",""
"Qiita13631ASD","ASD Dan 2020",76,"fourfold","Megamonas",0.97,0.94,1,94,100,17975,TRUE,TRUE,FALSE,TRUE,TRUE,TRUE,TRUE,"structural_absence_boundary_at_zero","ok","",""
"Qiita13631ASD","ASD Dan 2020",76,"fourfold","Megasphaera",0.775,0.68,0.87,68,87,2173,TRUE,TRUE,TRUE,FALSE,TRUE,TRUE,TRUE,"ok","ok","",""
"Qiita13631ASD","ASD Dan 2020",76,"fourfold","Oscillospira",1,1,1,100,100,10396,TRUE,TRUE,FALSE,TRUE,TRUE,TRUE,TRUE,"no_observed_zeros","ok","",""
"Qiita13631ASD","ASD Dan 2020",76,"fourfold","Parabacteroides",1,1,1,100,100,23577,TRUE,TRUE,FALSE,TRUE,TRUE,TRUE,TRUE,"no_observed_zeros","ok","",""
"Qiita13631ASD","ASD Dan 2020",76,"fourfold","Paraprevotella",0.775,0.67,0.88,67,88,2127,TRUE,TRUE,TRUE,FALSE,TRUE,TRUE,TRUE,"ok","ok","",""
"Qiita13631ASD","ASD Dan 2020",76,"fourfold","Phascolarctobacterium",0.975,0.95,1,95,100,10316,TRUE,TRUE,FALSE,TRUE,TRUE,TRUE,TRUE,"structural_absence_boundary_at_zero","ok","",""
"Qiita13631ASD","ASD Dan 2020",76,"fourfold","Prevotella",0.995,0.99,1,99,100,47353,TRUE,TRUE,FALSE,TRUE,TRUE,TRUE,TRUE,"structural_absence_boundary_at_zero","ok","",""
"Qiita13631ASD","ASD Dan 2020",76,"fourfold","Roseburia",1,1,1,100,100,12967,TRUE,TRUE,FALSE,TRUE,TRUE,TRUE,TRUE,"no_observed_zeros","ok","",""
"Qiita13631ASD","ASD Dan 2020",76,"fourfold","Ruminococcus",1,1,1,100,100,25058,TRUE,TRUE,FALSE,TRUE,TRUE,TRUE,TRUE,"no_observed_zeros","ok","",""
"Qiita13631ASD","ASD Dan 2020",76,"fourfold","Streptococcus",0.96,0.92,1,92,100,2596,TRUE,TRUE,FALSE,TRUE,TRUE,TRUE,TRUE,"structural_absence_boundary_at_zero","ok","",""
"Qiita13631ASD","ASD Dan 2020",76,"fourfold","Sutterella",1,1,1,100,100,13198,TRUE,TRUE,FALSE,TRUE,TRUE,TRUE,TRUE,"no_observed_zeros","ok","",""
"Qiita13631ASD","ASD Dan 2020",76,"fourfold","Veillonella",0.945,0.91,0.98,91,98,5502,TRUE,TRUE,FALSE,TRUE,TRUE,TRUE,TRUE,"structural_absence_boundary_at_zero","ok","",""
"Qiita13631ASD","ASD Dan 2020",77,"balanced","[Prevotella]",0.54,0.53,0.55,53,55,1348,TRUE,TRUE,TRUE,FALSE,TRUE,TRUE,TRUE,"ok","ok","",""
"Qiita13631ASD","ASD Dan 2020",77,"balanced","[Ruminococcus]",0.995,0.99,1,99,100,10837,TRUE,TRUE,TRUE,FALSE,TRUE,TRUE,TRUE,"ok","ok","",""
"Qiita13631ASD","ASD Dan 2020",77,"balanced","Akkermansia",0.745,0.73,0.76,73,76,3213,TRUE,TRUE,FALSE,TRUE,TRUE,TRUE,TRUE,"structural_absence_boundary_at_zero","ok","",""
"Qiita13631ASD","ASD Dan 2020",77,"balanced","Anaerostipes",0.96,0.97,0.95,97,95,2547,TRUE,TRUE,TRUE,FALSE,TRUE,TRUE,TRUE,"ok","ok","",""
"Qiita13631ASD","ASD Dan 2020",77,"balanced","Bacteroides",1,1,1,100,100,291697,TRUE,TRUE,FALSE,TRUE,TRUE,TRUE,TRUE,"no_observed_zeros","ok","",""
"Qiita13631ASD","ASD Dan 2020",77,"balanced","Bifidobacterium",0.98,0.99,0.97,99,97,8449,TRUE,TRUE,FALSE,TRUE,TRUE,TRUE,TRUE,"structural_absence_boundary_at_zero","ok","",""
"Qiita13631ASD","ASD Dan 2020",77,"balanced","Bilophila",0.955,0.97,0.94,97,94,1395,TRUE,TRUE,FALSE,TRUE,TRUE,TRUE,TRUE,"structural_absence_boundary_at_zero","ok","",""
"Qiita13631ASD","ASD Dan 2020",77,"balanced","Blautia",0.995,0.99,1,99,100,5243,TRUE,TRUE,TRUE,FALSE,TRUE,TRUE,TRUE,"ok","ok","",""
"Qiita13631ASD","ASD Dan 2020",77,"balanced","Clostridium",1,1,1,100,100,7484,TRUE,TRUE,FALSE,TRUE,TRUE,TRUE,TRUE,"no_observed_zeros","ok","",""
"Qiita13631ASD","ASD Dan 2020",77,"balanced","Collinsella",0.74,0.75,0.73,75,73,957,TRUE,TRUE,FALSE,TRUE,TRUE,TRUE,TRUE,"structural_absence_boundary_at_zero","ok","",""
"Qiita13631ASD","ASD Dan 2020",77,"balanced","Coprococcus",0.995,0.99,1,99,100,6485,TRUE,TRUE,TRUE,FALSE,TRUE,TRUE,TRUE,"ok","ok","",""
"Qiita13631ASD","ASD Dan 2020",77,"balanced","Dialister",1,1,1,100,100,23396,TRUE,TRUE,FALSE,TRUE,TRUE,TRUE,TRUE,"no_observed_zeros","ok","",""
"Qiita13631ASD","ASD Dan 2020",77,"balanced","Dorea",0.995,0.99,1,99,100,4832,TRUE,TRUE,TRUE,FALSE,TRUE,TRUE,TRUE,"ok","ok","",""
"Qiita13631ASD","ASD Dan 2020",77,"balanced","Faecalibacterium",1,1,1,100,100,73026,TRUE,TRUE,FALSE,TRUE,TRUE,TRUE,TRUE,"no_observed_zeros","ok","",""
"Qiita13631ASD","ASD Dan 2020",77,"balanced","Fusobacterium",0.48,0.49,0.47,49,47,1721,TRUE,TRUE,TRUE,FALSE,TRUE,TRUE,TRUE,"ok","ok","",""
"Qiita13631ASD","ASD Dan 2020",77,"balanced","Haemophilus",0.98,0.99,0.97,99,97,4695,TRUE,TRUE,FALSE,TRUE,TRUE,TRUE,TRUE,"structural_absence_boundary_at_zero","ok","",""
"Qiita13631ASD","ASD Dan 2020",77,"balanced","Lachnobacterium",0.685,0.7,0.67,70,67,1153,TRUE,TRUE,TRUE,FALSE,TRUE,TRUE,TRUE,"ok","ok","",""
"Qiita13631ASD","ASD Dan 2020",77,"balanced","Lachnospira",1,1,1,100,100,23509,TRUE,TRUE,FALSE,TRUE,TRUE,TRUE,TRUE,"no_observed_zeros","ok","",""
"Qiita13631ASD","ASD Dan 2020",77,"balanced","Megamonas",0.98,0.98,0.98,98,98,16174,TRUE,TRUE,FALSE,TRUE,TRUE,TRUE,TRUE,"structural_absence_boundary_at_zero","ok","",""
"Qiita13631ASD","ASD Dan 2020",77,"balanced","Megasphaera",0.845,0.88,0.81,88,81,3395,TRUE,TRUE,TRUE,FALSE,TRUE,TRUE,TRUE,"ok","ok","",""
"Qiita13631ASD","ASD Dan 2020",77,"balanced","Oscillospira",1,1,1,100,100,10501,TRUE,TRUE,FALSE,TRUE,TRUE,TRUE,TRUE,"no_observed_zeros","ok","",""
"Qiita13631ASD","ASD Dan 2020",77,"balanced","Parabacteroides",1,1,1,100,100,22182,TRUE,TRUE,FALSE,TRUE,TRUE,TRUE,TRUE,"no_observed_zeros","ok","",""
"Qiita13631ASD","ASD Dan 2020",77,"balanced","Paraprevotella",0.79,0.78,0.8,78,80,2268,TRUE,TRUE,TRUE,FALSE,TRUE,TRUE,TRUE,"ok","ok","",""
"Qiita13631ASD","ASD Dan 2020",77,"balanced","Phascolarctobacterium",0.99,0.99,0.99,99,99,10366,TRUE,TRUE,FALSE,TRUE,TRUE,TRUE,TRUE,"structural_absence_boundary_at_zero","ok","",""
"Qiita13631ASD","ASD Dan 2020",77,"balanced","Prevotella",0.995,0.99,1,99,100,46723,TRUE,TRUE,FALSE,TRUE,TRUE,TRUE,TRUE,"structural_absence_boundary_at_zero","ok","",""
"Qiita13631ASD","ASD Dan 2020",77,"balanced","Roseburia",1,1,1,100,100,12869,TRUE,TRUE,FALSE,TRUE,TRUE,TRUE,TRUE,"no_observed_zeros","ok","",""
"Qiita13631ASD","ASD Dan 2020",77,"balanced","Ruminococcus",1,1,1,100,100,26296,TRUE,TRUE,FALSE,TRUE,TRUE,TRUE,TRUE,"no_observed_zeros","ok","",""
"Qiita13631ASD","ASD Dan 2020",77,"balanced","Streptococcus",0.98,0.98,0.98,98,98,2496,TRUE,TRUE,FALSE,TRUE,TRUE,TRUE,TRUE,"structural_absence_boundary_at_zero","ok","",""
"Qiita13631ASD","ASD Dan 2020",77,"balanced","Sutterella",1,1,1,100,100,13578,TRUE,TRUE,FALSE,TRUE,TRUE,TRUE,TRUE,"no_observed_zeros","ok","",""
"Qiita13631ASD","ASD Dan 2020",77,"balanced","Veillonella",1,1,1,100,100,5439,TRUE,TRUE,FALSE,TRUE,TRUE,TRUE,TRUE,"no_observed_zeros","ok","",""
"Qiita13631ASD","ASD Dan 2020",77,"fourfold","[Prevotella]",0.505,0.4,0.61,40,61,1163,TRUE,TRUE,TRUE,FALSE,TRUE,TRUE,TRUE,"ok","ok","",""
"Qiita13631ASD","ASD Dan 2020",77,"fourfold","[Ruminococcus]",1,1,1,100,100,10569,TRUE,TRUE,FALSE,TRUE,TRUE,TRUE,TRUE,"no_observed_zeros","ok","",""
"Qiita13631ASD","ASD Dan 2020",77,"fourfold","Akkermansia",0.69,0.54,0.84,54,84,4503,TRUE,TRUE,FALSE,TRUE,TRUE,TRUE,TRUE,"structural_absence_boundary_at_zero","ok","",""
"Qiita13631ASD","ASD Dan 2020",77,"fourfold","Anaerostipes",0.93,0.87,0.99,87,99,2372,TRUE,TRUE,TRUE,FALSE,TRUE,TRUE,TRUE,"ok","ok","",""
"Qiita13631ASD","ASD Dan 2020",77,"fourfold","Bacteroides",1,1,1,100,100,276812,TRUE,TRUE,FALSE,TRUE,TRUE,TRUE,TRUE,"no_observed_zeros","ok","",""
"Qiita13631ASD","ASD Dan 2020",77,"fourfold","Bifidobacterium",0.925,0.87,0.98,87,98,9242,TRUE,TRUE,FALSE,TRUE,TRUE,TRUE,TRUE,"structural_absence_boundary_at_zero","ok","",""
"Qiita13631ASD","ASD Dan 2020",77,"fourfold","Bilophila",0.905,0.83,0.98,83,98,1442,TRUE,TRUE,FALSE,TRUE,TRUE,TRUE,TRUE,"structural_absence_boundary_at_zero","ok","",""
"Qiita13631ASD","ASD Dan 2020",77,"fourfold","Blautia",0.985,0.97,1,97,100,5610,TRUE,TRUE,FALSE,TRUE,TRUE,TRUE,TRUE,"structural_absence_boundary_at_zero","ok","",""
"Qiita13631ASD","ASD Dan 2020",77,"fourfold","Clostridium",1,1,1,100,100,7415,TRUE,TRUE,FALSE,TRUE,TRUE,TRUE,TRUE,"no_observed_zeros","ok","",""
"Qiita13631ASD","ASD Dan 2020",77,"fourfold","Collinsella",0.68,0.51,0.85,51,85,853,TRUE,TRUE,FALSE,TRUE,TRUE,TRUE,TRUE,"structural_absence_boundary_at_zero","ok","",""
"Qiita13631ASD","ASD Dan 2020",77,"fourfold","Coprococcus",0.995,0.99,1,99,100,6212,TRUE,TRUE,FALSE,TRUE,TRUE,TRUE,TRUE,"structural_absence_boundary_at_zero","ok","",""
"Qiita13631ASD","ASD Dan 2020",77,"fourfold","Dialister",0.99,0.98,1,98,100,20931,TRUE,TRUE,FALSE,TRUE,TRUE,TRUE,TRUE,"structural_absence_boundary_at_zero","ok","",""
"Qiita13631ASD","ASD Dan 2020",77,"fourfold","Dorea",0.99,0.98,1,98,100,4717,TRUE,TRUE,FALSE,TRUE,TRUE,TRUE,TRUE,"structural_absence_boundary_at_zero","ok","",""
"Qiita13631ASD","ASD Dan 2020",77,"fourfold","Faecalibacterium",1,1,1,100,100,69809,TRUE,TRUE,FALSE,TRUE,TRUE,TRUE,TRUE,"no_observed_zeros","ok","",""
"Qiita13631ASD","ASD Dan 2020",77,"fourfold","Fusobacterium",0.465,0.37,0.56,37,56,895,TRUE,TRUE,FALSE,TRUE,TRUE,TRUE,TRUE,"structural_absence_boundary_at_zero","ok","",""
"Qiita13631ASD","ASD Dan 2020",77,"fourfold","Haemophilus",0.905,0.83,0.98,83,98,4253,TRUE,TRUE,FALSE,TRUE,TRUE,TRUE,TRUE,"structural_absence_boundary_at_zero","ok","",""
"Qiita13631ASD","ASD Dan 2020",77,"fourfold","Lachnobacterium",0.675,0.57,0.78,57,78,1026,TRUE,TRUE,TRUE,FALSE,TRUE,TRUE,TRUE,"ok","ok","",""
"Qiita13631ASD","ASD Dan 2020",77,"fourfold","Lachnospira",1,1,1,100,100,22534,TRUE,TRUE,FALSE,TRUE,TRUE,TRUE,TRUE,"no_observed_zeros","ok","",""
"Qiita13631ASD","ASD Dan 2020",77,"fourfold","Megamonas",0.98,0.96,1,96,100,15150,TRUE,TRUE,FALSE,TRUE,TRUE,TRUE,TRUE,"structural_absence_boundary_at_zero","ok","",""
"Qiita13631ASD","ASD Dan 2020",77,"fourfold","Megasphaera",0.83,0.74,0.92,74,92,3708,TRUE,TRUE,FALSE,TRUE,TRUE,TRUE,TRUE,"structural_absence_boundary_at_zero","ok","",""
"Qiita13631ASD","ASD Dan 2020",77,"fourfold","Oscillospira",1,1,1,100,100,10263,TRUE,TRUE,FALSE,TRUE,TRUE,TRUE,TRUE,"no_observed_zeros","ok","",""
"Qiita13631ASD","ASD Dan 2020",77,"fourfold","Parabacteroides",0.995,0.99,1,99,100,20474,TRUE,TRUE,TRUE,FALSE,TRUE,TRUE,TRUE,"ok","ok","",""
"Qiita13631ASD","ASD Dan 2020",77,"fourfold","Paraprevotella",0.78,0.63,0.93,63,93,1729,TRUE,TRUE,TRUE,FALSE,TRUE,TRUE,TRUE,"ok","ok","",""
"Qiita13631ASD","ASD Dan 2020",77,"fourfold","Phascolarctobacterium",0.97,0.95,0.99,95,99,9302,TRUE,TRUE,FALSE,TRUE,TRUE,TRUE,TRUE,"structural_absence_boundary_at_zero","ok","",""
"Qiita13631ASD","ASD Dan 2020",77,"fourfold","Prevotella",0.995,0.99,1,99,100,46270,TRUE,TRUE,FALSE,TRUE,TRUE,TRUE,TRUE,"structural_absence_boundary_at_zero","ok","",""
"Qiita13631ASD","ASD Dan 2020",77,"fourfold","Roseburia",0.995,0.99,1,99,100,11192,TRUE,TRUE,TRUE,FALSE,TRUE,TRUE,TRUE,"ok","ok","",""
"Qiita13631ASD","ASD Dan 2020",77,"fourfold","Ruminococcus",1,1,1,100,100,25664,TRUE,TRUE,FALSE,TRUE,TRUE,TRUE,TRUE,"no_observed_zeros","ok","",""
"Qiita13631ASD","ASD Dan 2020",77,"fourfold","Streptococcus",0.925,0.85,1,85,100,2221,TRUE,TRUE,FALSE,TRUE,TRUE,TRUE,TRUE,"structural_absence_boundary_at_zero","ok","",""
"Qiita13631ASD","ASD Dan 2020",77,"fourfold","Sutterella",1,1,1,100,100,13032,TRUE,TRUE,FALSE,TRUE,TRUE,TRUE,TRUE,"no_observed_zeros","ok","",""
"Qiita13631ASD","ASD Dan 2020",77,"fourfold","Veillonella",0.96,0.92,1,92,100,5937,TRUE,TRUE,FALSE,TRUE,TRUE,TRUE,TRUE,"structural_absence_boundary_at_zero","ok","",""
"Qiita13631ASD","ASD Dan 2020",78,"balanced","[Prevotella]",0.535,0.53,0.54,53,54,1528,TRUE,TRUE,TRUE,FALSE,TRUE,TRUE,TRUE,"ok","ok","",""
"Qiita13631ASD","ASD Dan 2020",78,"balanced","[Ruminococcus]",1,1,1,100,100,12292,TRUE,TRUE,FALSE,TRUE,TRUE,TRUE,TRUE,"no_observed_zeros","ok","",""
"Qiita13631ASD","ASD Dan 2020",78,"balanced","Akkermansia",0.795,0.76,0.83,76,83,6181,TRUE,TRUE,FALSE,TRUE,TRUE,TRUE,TRUE,"structural_absence_boundary_at_zero","ok","",""
"Qiita13631ASD","ASD Dan 2020",78,"balanced","Anaerostipes",0.985,0.98,0.99,98,99,2782,TRUE,TRUE,TRUE,FALSE,TRUE,TRUE,TRUE,"ok","ok","",""
"Qiita13631ASD","ASD Dan 2020",78,"balanced","Bacteroides",1,1,1,100,100,317531,TRUE,TRUE,FALSE,TRUE,TRUE,TRUE,TRUE,"no_observed_zeros","ok","",""
"Qiita13631ASD","ASD Dan 2020",78,"balanced","Bifidobacterium",0.975,0.96,0.99,96,99,11375,TRUE,TRUE,FALSE,TRUE,TRUE,TRUE,TRUE,"structural_absence_boundary_at_zero","ok","",""
"Qiita13631ASD","ASD Dan 2020",78,"balanced","Bilophila",0.975,0.98,0.97,98,97,1543,TRUE,TRUE,TRUE,FALSE,TRUE,TRUE,TRUE,"ok","ok","",""
"Qiita13631ASD","ASD Dan 2020",78,"balanced","Blautia",1,1,1,100,100,5806,TRUE,TRUE,FALSE,TRUE,TRUE,TRUE,TRUE,"no_observed_zeros","ok","",""
"Qiita13631ASD","ASD Dan 2020",78,"balanced","Clostridium",1,1,1,100,100,9405,TRUE,TRUE,FALSE,TRUE,TRUE,TRUE,TRUE,"no_observed_zeros","ok","",""
"Qiita13631ASD","ASD Dan 2020",78,"balanced","Collinsella",0.75,0.78,0.72,78,72,836,TRUE,TRUE,FALSE,TRUE,TRUE,TRUE,TRUE,"structural_absence_boundary_at_zero","ok","",""
"Qiita13631ASD","ASD Dan 2020",78,"balanced","Coprococcus",1,1,1,100,100,7127,TRUE,TRUE,FALSE,TRUE,TRUE,TRUE,TRUE,"no_observed_zeros","ok","",""
"Qiita13631ASD","ASD Dan 2020",78,"balanced","Dialister",1,1,1,100,100,23785,TRUE,TRUE,FALSE,TRUE,TRUE,TRUE,TRUE,"no_observed_zeros","ok","",""
"Qiita13631ASD","ASD Dan 2020",78,"balanced","Dorea",1,1,1,100,100,5121,TRUE,TRUE,FALSE,TRUE,TRUE,TRUE,TRUE,"no_observed_zeros","ok","",""
"Qiita13631ASD","ASD Dan 2020",78,"balanced","Faecalibacterium",1,1,1,100,100,78707,TRUE,TRUE,FALSE,TRUE,TRUE,TRUE,TRUE,"no_observed_zeros","ok","",""
"Qiita13631ASD","ASD Dan 2020",78,"balanced","Fusobacterium",0.515,0.51,0.52,51,52,1016,TRUE,TRUE,FALSE,TRUE,TRUE,TRUE,TRUE,"structural_absence_boundary_at_zero","ok","",""
"Qiita13631ASD","ASD Dan 2020",78,"balanced","Haemophilus",0.99,1,0.98,100,98,4869,TRUE,TRUE,FALSE,TRUE,TRUE,TRUE,TRUE,"structural_absence_boundary_at_zero","ok","",""
"Qiita13631ASD","ASD Dan 2020",78,"balanced","Lachnobacterium",0.71,0.7,0.72,70,72,1097,TRUE,TRUE,TRUE,FALSE,TRUE,TRUE,TRUE,"ok","ok","",""
"Qiita13631ASD","ASD Dan 2020",78,"balanced","Lachnospira",1,1,1,100,100,25513,TRUE,TRUE,FALSE,TRUE,TRUE,TRUE,TRUE,"no_observed_zeros","ok","",""
"Qiita13631ASD","ASD Dan 2020",78,"balanced","Megamonas",1,1,1,100,100,17293,TRUE,TRUE,FALSE,TRUE,TRUE,TRUE,TRUE,"no_observed_zeros","ok","",""
"Qiita13631ASD","ASD Dan 2020",78,"balanced","Megasphaera",0.905,0.9,0.91,90,91,3298,TRUE,TRUE,FALSE,TRUE,TRUE,TRUE,TRUE,"structural_absence_boundary_at_zero","ok","",""
"Qiita13631ASD","ASD Dan 2020",78,"balanced","Oscillospira",1,1,1,100,100,11308,TRUE,TRUE,FALSE,TRUE,TRUE,TRUE,TRUE,"no_observed_zeros","ok","",""
"Qiita13631ASD","ASD Dan 2020",78,"balanced","Parabacteroides",1,1,1,100,100,23534,TRUE,TRUE,FALSE,TRUE,TRUE,TRUE,TRUE,"no_observed_zeros","ok","",""
"Qiita13631ASD","ASD Dan 2020",78,"balanced","Paraprevotella",0.86,0.89,0.83,89,83,2063,TRUE,TRUE,FALSE,TRUE,TRUE,TRUE,TRUE,"structural_absence_boundary_at_zero","ok","",""
"Qiita13631ASD","ASD Dan 2020",78,"balanced","Phascolarctobacterium",0.995,1,0.99,100,99,10412,TRUE,TRUE,FALSE,TRUE,TRUE,TRUE,TRUE,"structural_absence_boundary_at_zero","ok","",""
"Qiita13631ASD","ASD Dan 2020",78,"balanced","Prevotella",0.99,0.98,1,98,100,57600,TRUE,TRUE,TRUE,FALSE,TRUE,TRUE,TRUE,"ok","ok","",""
"Qiita13631ASD","ASD Dan 2020",78,"balanced","Roseburia",1,1,1,100,100,13623,TRUE,TRUE,FALSE,TRUE,TRUE,TRUE,TRUE,"no_observed_zeros","ok","",""
"Qiita13631ASD","ASD Dan 2020",78,"balanced","Ruminococcus",1,1,1,100,100,30369,TRUE,TRUE,FALSE,TRUE,TRUE,TRUE,TRUE,"no_observed_zeros","ok","",""
"Qiita13631ASD","ASD Dan 2020",78,"balanced","Streptococcus",0.965,0.98,0.95,98,95,2537,TRUE,TRUE,TRUE,FALSE,TRUE,TRUE,TRUE,"ok","ok","",""
"Qiita13631ASD","ASD Dan 2020",78,"balanced","Sutterella",1,1,1,100,100,14224,TRUE,TRUE,FALSE,TRUE,TRUE,TRUE,TRUE,"no_observed_zeros","ok","",""
"Qiita13631ASD","ASD Dan 2020",78,"balanced","Veillonella",1,1,1,100,100,5623,TRUE,TRUE,FALSE,TRUE,TRUE,TRUE,TRUE,"no_observed_zeros","ok","",""
"Qiita13631ASD","ASD Dan 2020",78,"fourfold","[Prevotella]",0.43,0.34,0.52,34,52,1067,TRUE,TRUE,TRUE,FALSE,TRUE,TRUE,TRUE,"ok","ok","",""
"Qiita13631ASD","ASD Dan 2020",78,"fourfold","[Ruminococcus]",0.995,0.99,1,99,100,10589,TRUE,TRUE,FALSE,TRUE,TRUE,TRUE,TRUE,"structural_absence_boundary_at_zero","ok","",""
"Qiita13631ASD","ASD Dan 2020",78,"fourfold","Akkermansia",0.705,0.57,0.84,57,84,4093,TRUE,TRUE,FALSE,TRUE,TRUE,TRUE,TRUE,"structural_absence_boundary_at_zero","ok","",""
"Qiita13631ASD","ASD Dan 2020",78,"fourfold","Anaerostipes",0.965,0.93,1,93,100,2360,TRUE,TRUE,FALSE,TRUE,TRUE,TRUE,TRUE,"structural_absence_boundary_at_zero","ok","",""
"Qiita13631ASD","ASD Dan 2020",78,"fourfold","Bacteroides",1,1,1,100,100,263857,TRUE,TRUE,FALSE,TRUE,TRUE,TRUE,TRUE,"no_observed_zeros","ok","",""
"Qiita13631ASD","ASD Dan 2020",78,"fourfold","Bifidobacterium",0.93,0.87,0.99,87,99,6718,TRUE,TRUE,FALSE,TRUE,TRUE,TRUE,TRUE,"structural_absence_boundary_at_zero","ok","",""
"Qiita13631ASD","ASD Dan 2020",78,"fourfold","Bilophila",0.885,0.81,0.96,81,96,1344,TRUE,TRUE,FALSE,TRUE,TRUE,TRUE,TRUE,"structural_absence_boundary_at_zero","ok","",""
"Qiita13631ASD","ASD Dan 2020",78,"fourfold","Blautia",0.99,0.98,1,98,100,4692,TRUE,TRUE,FALSE,TRUE,TRUE,TRUE,TRUE,"structural_absence_boundary_at_zero","ok","",""
"Qiita13631ASD","ASD Dan 2020",78,"fourfold","Clostridium",1,1,1,100,100,9444,TRUE,TRUE,FALSE,TRUE,TRUE,TRUE,TRUE,"no_observed_zeros","ok","",""
"Qiita13631ASD","ASD Dan 2020",78,"fourfold","Collinsella",0.64,0.49,0.79,49,79,631,TRUE,TRUE,TRUE,FALSE,TRUE,TRUE,TRUE,"ok","ok","",""
"Qiita13631ASD","ASD Dan 2020",78,"fourfold","Coprococcus",1,1,1,100,100,6296,TRUE,TRUE,FALSE,TRUE,TRUE,TRUE,TRUE,"no_observed_zeros","ok","",""
"Qiita13631ASD","ASD Dan 2020",78,"fourfold","Dialister",0.995,0.99,1,99,100,22501,TRUE,TRUE,FALSE,TRUE,TRUE,TRUE,TRUE,"structural_absence_boundary_at_zero","ok","",""
"Qiita13631ASD","ASD Dan 2020",78,"fourfold","Dorea",0.995,0.99,1,99,100,4694,TRUE,TRUE,FALSE,TRUE,TRUE,TRUE,TRUE,"structural_absence_boundary_at_zero","ok","",""
"Qiita13631ASD","ASD Dan 2020",78,"fourfold","Faecalibacterium",1,1,1,100,100,65805,TRUE,TRUE,FALSE,TRUE,TRUE,TRUE,TRUE,"no_observed_zeros","ok","",""
"Qiita13631ASD","ASD Dan 2020",78,"fourfold","Fusobacterium",0.475,0.36,0.59,36,59,1620,TRUE,TRUE,FALSE,TRUE,TRUE,TRUE,TRUE,"structural_absence_boundary_at_zero","ok","",""
"Qiita13631ASD","ASD Dan 2020",78,"fourfold","Haemophilus",0.925,0.87,0.98,87,98,5736,TRUE,TRUE,FALSE,TRUE,TRUE,TRUE,TRUE,"structural_absence_boundary_at_zero","ok","",""
"Qiita13631ASD","ASD Dan 2020",78,"fourfold","Lachnobacterium",0.665,0.57,0.76,57,76,1110,TRUE,TRUE,TRUE,FALSE,TRUE,TRUE,TRUE,"ok","ok","",""
"Qiita13631ASD","ASD Dan 2020",78,"fourfold","Lachnospira",1,1,1,100,100,23825,TRUE,TRUE,FALSE,TRUE,TRUE,TRUE,TRUE,"no_observed_zeros","ok","",""
"Qiita13631ASD","ASD Dan 2020",78,"fourfold","Megamonas",0.95,0.92,0.98,92,98,14160,TRUE,TRUE,TRUE,FALSE,TRUE,TRUE,TRUE,"ok","ok","",""
"Qiita13631ASD","ASD Dan 2020",78,"fourfold","Megasphaera",0.805,0.71,0.9,71,90,2900,TRUE,TRUE,FALSE,TRUE,TRUE,TRUE,TRUE,"structural_absence_boundary_at_zero","ok","",""
"Qiita13631ASD","ASD Dan 2020",78,"fourfold","Oscillospira",1,1,1,100,100,9694,TRUE,TRUE,FALSE,TRUE,TRUE,TRUE,TRUE,"no_observed_zeros","ok","",""
"Qiita13631ASD","ASD Dan 2020",78,"fourfold","Parabacteroides",1,1,1,100,100,20418,TRUE,TRUE,FALSE,TRUE,TRUE,TRUE,TRUE,"no_observed_zeros","ok","",""
"Qiita13631ASD","ASD Dan 2020",78,"fourfold","Paraprevotella",0.765,0.64,0.89,64,89,1626,TRUE,TRUE,TRUE,FALSE,TRUE,TRUE,TRUE,"ok","ok","",""
"Qiita13631ASD","ASD Dan 2020",78,"fourfold","Phascolarctobacterium",0.985,0.97,1,97,100,8511,TRUE,TRUE,FALSE,TRUE,TRUE,TRUE,TRUE,"structural_absence_boundary_at_zero","ok","",""
"Qiita13631ASD","ASD Dan 2020",78,"fourfold","Prevotella",0.98,0.96,1,96,100,47461,TRUE,TRUE,FALSE,TRUE,TRUE,TRUE,TRUE,"structural_absence_boundary_at_zero","ok","",""
"Qiita13631ASD","ASD Dan 2020",78,"fourfold","Roseburia",1,1,1,100,100,11286,TRUE,TRUE,FALSE,TRUE,TRUE,TRUE,TRUE,"no_observed_zeros","ok","",""
"Qiita13631ASD","ASD Dan 2020",78,"fourfold","Ruminococcus",0.995,0.99,1,99,100,25188,TRUE,TRUE,TRUE,FALSE,TRUE,TRUE,TRUE,"ok","ok","",""
"Qiita13631ASD","ASD Dan 2020",78,"fourfold","Streptococcus",0.95,0.9,1,90,100,1952,TRUE,TRUE,FALSE,TRUE,TRUE,TRUE,TRUE,"structural_absence_boundary_at_zero","ok","",""
"Qiita13631ASD","ASD Dan 2020",78,"fourfold","Sutterella",1,1,1,100,100,12192,TRUE,TRUE,FALSE,TRUE,TRUE,TRUE,TRUE,"no_observed_zeros","ok","",""
"Qiita13631ASD","ASD Dan 2020",78,"fourfold","Veillonella",0.96,0.93,0.99,93,99,5844,TRUE,TRUE,FALSE,TRUE,TRUE,TRUE,TRUE,"structural_absence_boundary_at_zero","ok","",""
"Qiita13631ASD","ASD Dan 2020",79,"balanced","[Prevotella]",0.5,0.52,0.48,52,48,1716,TRUE,TRUE,TRUE,FALSE,TRUE,TRUE,TRUE,"ok","ok","",""
"Qiita13631ASD","ASD Dan 2020",79,"balanced","[Ruminococcus]",1,1,1,100,100,10690,TRUE,TRUE,FALSE,TRUE,TRUE,TRUE,TRUE,"no_observed_zeros","ok","",""
"Qiita13631ASD","ASD Dan 2020",79,"balanced","Akkermansia",0.785,0.78,0.79,78,79,5007,TRUE,TRUE,FALSE,TRUE,TRUE,TRUE,TRUE,"structural_absence_boundary_at_zero","ok","",""
"Qiita13631ASD","ASD Dan 2020",79,"balanced","Anaerostipes",0.975,0.99,0.96,99,96,2475,TRUE,TRUE,TRUE,FALSE,TRUE,TRUE,TRUE,"ok","ok","",""
"Qiita13631ASD","ASD Dan 2020",79,"balanced","Bacteroides",1,1,1,100,100,295900,TRUE,TRUE,FALSE,TRUE,TRUE,TRUE,TRUE,"no_observed_zeros","ok","",""
"Qiita13631ASD","ASD Dan 2020",79,"balanced","Bifidobacterium",0.96,0.95,0.97,95,97,9244,TRUE,TRUE,FALSE,TRUE,TRUE,TRUE,TRUE,"structural_absence_boundary_at_zero","ok","",""
"Qiita13631ASD","ASD Dan 2020",79,"balanced","Bilophila",0.96,0.94,0.98,94,98,1435,TRUE,TRUE,TRUE,FALSE,TRUE,TRUE,TRUE,"ok","ok","",""
"Qiita13631ASD","ASD Dan 2020",79,"balanced","Blautia",0.995,1,0.99,100,99,5296,TRUE,TRUE,FALSE,TRUE,TRUE,TRUE,TRUE,"structural_absence_boundary_at_zero","ok","",""
"Qiita13631ASD","ASD Dan 2020",79,"balanced","Clostridium",1,1,1,100,100,9265,TRUE,TRUE,FALSE,TRUE,TRUE,TRUE,TRUE,"no_observed_zeros","ok","",""
"Qiita13631ASD","ASD Dan 2020",79,"balanced","Collinsella",0.73,0.79,0.67,79,67,783,TRUE,TRUE,FALSE,TRUE,TRUE,TRUE,TRUE,"structural_absence_boundary_at_zero","ok","",""
"Qiita13631ASD","ASD Dan 2020",79,"balanced","Coprococcus",1,1,1,100,100,6454,TRUE,TRUE,FALSE,TRUE,TRUE,TRUE,TRUE,"no_observed_zeros","ok","",""
"Qiita13631ASD","ASD Dan 2020",79,"balanced","Dialister",1,1,1,100,100,22008,TRUE,TRUE,FALSE,TRUE,TRUE,TRUE,TRUE,"no_observed_zeros","ok","",""
"Qiita13631ASD","ASD Dan 2020",79,"balanced","Dorea",1,1,1,100,100,4886,TRUE,TRUE,FALSE,TRUE,TRUE,TRUE,TRUE,"no_observed_zeros","ok","",""
"Qiita13631ASD","ASD Dan 2020",79,"balanced","Faecalibacterium",1,1,1,100,100,72263,TRUE,TRUE,FALSE,TRUE,TRUE,TRUE,TRUE,"no_observed_zeros","ok","",""
"Qiita13631ASD","ASD Dan 2020",79,"balanced","Fusobacterium",0.525,0.55,0.5,55,50,1463,TRUE,TRUE,FALSE,TRUE,TRUE,TRUE,TRUE,"structural_absence_boundary_at_zero","ok","",""
"Qiita13631ASD","ASD Dan 2020",79,"balanced","Haemophilus",0.955,0.95,0.96,95,96,5628,TRUE,TRUE,FALSE,TRUE,TRUE,TRUE,TRUE,"structural_absence_boundary_at_zero","ok","",""
"Qiita13631ASD","ASD Dan 2020",79,"balanced","Lachnobacterium",0.725,0.7,0.75,70,75,1266,TRUE,TRUE,TRUE,FALSE,TRUE,TRUE,TRUE,"ok","ok","",""
"Qiita13631ASD","ASD Dan 2020",79,"balanced","Lachnospira",1,1,1,100,100,23383,TRUE,TRUE,FALSE,TRUE,TRUE,TRUE,TRUE,"no_observed_zeros","ok","",""
"Qiita13631ASD","ASD Dan 2020",79,"balanced","Megamonas",0.98,0.99,0.97,99,97,15773,TRUE,TRUE,FALSE,TRUE,TRUE,TRUE,TRUE,"structural_absence_boundary_at_zero","ok","",""
"Qiita13631ASD","ASD Dan 2020",79,"balanced","Megasphaera",0.84,0.8,0.88,80,88,3219,TRUE,TRUE,FALSE,TRUE,TRUE,TRUE,TRUE,"structural_absence_boundary_at_zero","ok","",""
"Qiita13631ASD","ASD Dan 2020",79,"balanced","Oscillospira",0.995,0.99,1,99,100,10677,TRUE,TRUE,TRUE,FALSE,TRUE,TRUE,TRUE,"ok","ok","",""
"Qiita13631ASD","ASD Dan 2020",79,"balanced","Parabacteroides",1,1,1,100,100,22441,TRUE,TRUE,FALSE,TRUE,TRUE,TRUE,TRUE,"no_observed_zeros","ok","",""
"Qiita13631ASD","ASD Dan 2020",79,"balanced","Paraprevotella",0.83,0.84,0.82,84,82,2150,TRUE,TRUE,TRUE,FALSE,TRUE,TRUE,TRUE,"ok","ok","",""
"Qiita13631ASD","ASD Dan 2020",79,"balanced","Phascolarctobacterium",1,1,1,100,100,9626,TRUE,TRUE,FALSE,TRUE,TRUE,TRUE,TRUE,"no_observed_zeros","ok","",""
"Qiita13631ASD","ASD Dan 2020",79,"balanced","Prevotella",0.995,1,0.99,100,99,47950,TRUE,TRUE,FALSE,TRUE,TRUE,TRUE,TRUE,"structural_absence_boundary_at_zero","ok","",""
"Qiita13631ASD","ASD Dan 2020",79,"balanced","Roseburia",0.995,0.99,1,99,100,11901,TRUE,TRUE,TRUE,FALSE,TRUE,TRUE,TRUE,"ok","ok","",""
"Qiita13631ASD","ASD Dan 2020",79,"balanced","Ruminococcus",1,1,1,100,100,27250,TRUE,TRUE,FALSE,TRUE,TRUE,TRUE,TRUE,"no_observed_zeros","ok","",""
"Qiita13631ASD","ASD Dan 2020",79,"balanced","Streptococcus",0.98,0.98,0.98,98,98,2575,TRUE,TRUE,FALSE,TRUE,TRUE,TRUE,TRUE,"structural_absence_boundary_at_zero","ok","",""
"Qiita13631ASD","ASD Dan 2020",79,"balanced","Sutterella",1,1,1,100,100,13392,TRUE,TRUE,FALSE,TRUE,TRUE,TRUE,TRUE,"no_observed_zeros","ok","",""
"Qiita13631ASD","ASD Dan 2020",79,"balanced","Veillonella",0.995,1,0.99,100,99,5704,TRUE,TRUE,FALSE,TRUE,TRUE,TRUE,TRUE,"structural_absence_boundary_at_zero","ok","",""
"Qiita13631ASD","ASD Dan 2020",79,"fourfold","[Prevotella]",0.495,0.42,0.57,42,57,1259,TRUE,TRUE,TRUE,FALSE,TRUE,TRUE,TRUE,"ok","ok","",""
"Qiita13631ASD","ASD Dan 2020",79,"fourfold","[Ruminococcus]",1,1,1,100,100,11047,TRUE,TRUE,FALSE,TRUE,TRUE,TRUE,TRUE,"no_observed_zeros","ok","",""
"Qiita13631ASD","ASD Dan 2020",79,"fourfold","Akkermansia",0.705,0.5,0.91,50,91,4393,TRUE,TRUE,FALSE,TRUE,TRUE,TRUE,TRUE,"structural_absence_boundary_at_zero","ok","",""
"Qiita13631ASD","ASD Dan 2020",79,"fourfold","Anaerostipes",0.94,0.91,0.97,91,97,2621,TRUE,TRUE,TRUE,FALSE,TRUE,TRUE,TRUE,"ok","ok","",""
"Qiita13631ASD","ASD Dan 2020",79,"fourfold","Bacteroides",1,1,1,100,100,299405,TRUE,TRUE,FALSE,TRUE,TRUE,TRUE,TRUE,"no_observed_zeros","ok","",""
"Qiita13631ASD","ASD Dan 2020",79,"fourfold","Bifidobacterium",0.95,0.91,0.99,91,99,7432,TRUE,TRUE,FALSE,TRUE,TRUE,TRUE,TRUE,"structural_absence_boundary_at_zero","ok","",""
"Qiita13631ASD","ASD Dan 2020",79,"fourfold","Bilophila",0.89,0.81,0.97,81,97,1572,TRUE,TRUE,TRUE,FALSE,TRUE,TRUE,TRUE,"ok","ok","",""
"Qiita13631ASD","ASD Dan 2020",79,"fourfold","Blautia",0.99,0.98,1,98,100,5326,TRUE,TRUE,FALSE,TRUE,TRUE,TRUE,TRUE,"structural_absence_boundary_at_zero","ok","",""
"Qiita13631ASD","ASD Dan 2020",79,"fourfold","Clostridium",1,1,1,100,100,6884,TRUE,TRUE,FALSE,TRUE,TRUE,TRUE,TRUE,"no_observed_zeros","ok","",""
"Qiita13631ASD","ASD Dan 2020",79,"fourfold","Collinsella",0.62,0.45,0.79,45,79,1401,TRUE,TRUE,FALSE,TRUE,TRUE,TRUE,TRUE,"structural_absence_boundary_at_zero","ok","",""
"Qiita13631ASD","ASD Dan 2020",79,"fourfold","Coprococcus",1,1,1,100,100,7127,TRUE,TRUE,FALSE,TRUE,TRUE,TRUE,TRUE,"no_observed_zeros","ok","",""
"Qiita13631ASD","ASD Dan 2020",79,"fourfold","Dialister",1,1,1,100,100,26447,TRUE,TRUE,FALSE,TRUE,TRUE,TRUE,TRUE,"no_observed_zeros","ok","",""
"Qiita13631ASD","ASD Dan 2020",79,"fourfold","Dorea",0.99,0.98,1,98,100,4913,TRUE,TRUE,TRUE,FALSE,TRUE,TRUE,TRUE,"ok","ok","",""
"Qiita13631ASD","ASD Dan 2020",79,"fourfold","Faecalibacterium",1,1,1,100,100,72984,TRUE,TRUE,FALSE,TRUE,TRUE,TRUE,TRUE,"no_observed_zeros","ok","",""
"Qiita13631ASD","ASD Dan 2020",79,"fourfold","Fusobacterium",0.5,0.41,0.59,41,59,1084,TRUE,TRUE,FALSE,TRUE,TRUE,TRUE,TRUE,"structural_absence_boundary_at_zero","ok","",""
"Qiita13631ASD","ASD Dan 2020",79,"fourfold","Haemophilus",0.94,0.9,0.98,90,98,3786,TRUE,TRUE,FALSE,TRUE,TRUE,TRUE,TRUE,"structural_absence_boundary_at_zero","ok","",""
"Qiita13631ASD","ASD Dan 2020",79,"fourfold","Lachnobacterium",0.675,0.53,0.82,53,82,1246,TRUE,TRUE,TRUE,FALSE,TRUE,TRUE,TRUE,"ok","ok","",""
"Qiita13631ASD","ASD Dan 2020",79,"fourfold","Lachnospira",1,1,1,100,100,26935,TRUE,TRUE,FALSE,TRUE,TRUE,TRUE,TRUE,"no_observed_zeros","ok","",""
"Qiita13631ASD","ASD Dan 2020",79,"fourfold","Megamonas",0.985,0.98,0.99,98,99,15300,TRUE,TRUE,FALSE,TRUE,TRUE,TRUE,TRUE,"structural_absence_boundary_at_zero","ok","",""
"Qiita13631ASD","ASD Dan 2020",79,"fourfold","Megasphaera",0.835,0.74,0.93,74,93,3087,TRUE,TRUE,FALSE,TRUE,TRUE,TRUE,TRUE,"structural_absence_boundary_at_zero","ok","",""
"Qiita13631ASD","ASD Dan 2020",79,"fourfold","Oscillospira",1,1,1,100,100,10627,TRUE,TRUE,FALSE,TRUE,TRUE,TRUE,TRUE,"no_observed_zeros","ok","",""
"Qiita13631ASD","ASD Dan 2020",79,"fourfold","Parabacteroides",1,1,1,100,100,22823,TRUE,TRUE,FALSE,TRUE,TRUE,TRUE,TRUE,"no_observed_zeros","ok","",""
"Qiita13631ASD","ASD Dan 2020",79,"fourfold","Paraprevotella",0.785,0.69,0.88,69,88,2199,TRUE,TRUE,FALSE,TRUE,TRUE,TRUE,TRUE,"structural_absence_boundary_at_zero","ok","",""
"Qiita13631ASD","ASD Dan 2020",79,"fourfold","Phascolarctobacterium",0.995,0.99,1,99,100,9150,TRUE,TRUE,FALSE,TRUE,TRUE,TRUE,TRUE,"structural_absence_boundary_at_zero","ok","",""
"Qiita13631ASD","ASD Dan 2020",79,"fourfold","Prevotella",0.99,0.99,0.99,99,99,47722,TRUE,TRUE,FALSE,TRUE,TRUE,TRUE,TRUE,"structural_absence_boundary_at_zero","ok","",""
"Qiita13631ASD","ASD Dan 2020",79,"fourfold","Roseburia",1,1,1,100,100,13140,TRUE,TRUE,FALSE,TRUE,TRUE,TRUE,TRUE,"no_observed_zeros","ok","",""
"Qiita13631ASD","ASD Dan 2020",79,"fourfold","Ruminococcus",1,1,1,100,100,27576,TRUE,TRUE,FALSE,TRUE,TRUE,TRUE,TRUE,"no_observed_zeros","ok","",""
"Qiita13631ASD","ASD Dan 2020",79,"fourfold","Streptococcus",0.935,0.88,0.99,88,99,2522,TRUE,TRUE,FALSE,TRUE,TRUE,TRUE,TRUE,"structural_absence_boundary_at_zero","ok","",""
"Qiita13631ASD","ASD Dan 2020",79,"fourfold","Sutterella",0.995,0.99,1,99,100,13913,TRUE,TRUE,TRUE,FALSE,TRUE,TRUE,TRUE,"ok","ok","",""
"Qiita13631ASD","ASD Dan 2020",79,"fourfold","Veillonella",0.965,0.94,0.99,94,99,5581,TRUE,TRUE,FALSE,TRUE,TRUE,TRUE,TRUE,"structural_absence_boundary_at_zero","ok","",""
"Qiita13631ASD","ASD Dan 2020",80,"balanced","[Prevotella]",0.53,0.55,0.51,55,51,1371,TRUE,TRUE,TRUE,FALSE,TRUE,TRUE,TRUE,"ok","ok","",""
"Qiita13631ASD","ASD Dan 2020",80,"balanced","[Ruminococcus]",1,1,1,100,100,11378,TRUE,TRUE,FALSE,TRUE,TRUE,TRUE,TRUE,"no_observed_zeros","ok","",""
"Qiita13631ASD","ASD Dan 2020",80,"balanced","Akkermansia",0.835,0.84,0.83,84,83,3723,TRUE,TRUE,FALSE,TRUE,TRUE,TRUE,TRUE,"structural_absence_boundary_at_zero","ok","",""
"Qiita13631ASD","ASD Dan 2020",80,"balanced","Anaerostipes",0.985,0.99,0.98,99,98,2839,TRUE,TRUE,FALSE,TRUE,TRUE,TRUE,TRUE,"structural_absence_boundary_at_zero","ok","",""
"Qiita13631ASD","ASD Dan 2020",80,"balanced","Bacteroides",1,1,1,100,100,322150,TRUE,TRUE,FALSE,TRUE,TRUE,TRUE,TRUE,"no_observed_zeros","ok","",""
"Qiita13631ASD","ASD Dan 2020",80,"balanced","Bifidobacterium",0.98,0.97,0.99,97,99,8421,TRUE,TRUE,FALSE,TRUE,TRUE,TRUE,TRUE,"structural_absence_boundary_at_zero","ok","",""
"Qiita13631ASD","ASD Dan 2020",80,"balanced","Bilophila",0.93,0.94,0.92,94,92,1495,TRUE,TRUE,TRUE,FALSE,TRUE,TRUE,TRUE,"ok","ok","",""
"Qiita13631ASD","ASD Dan 2020",80,"balanced","Blautia",1,1,1,100,100,5873,TRUE,TRUE,FALSE,TRUE,TRUE,TRUE,TRUE,"no_observed_zeros","ok","",""
"Qiita13631ASD","ASD Dan 2020",80,"balanced","Clostridium",1,1,1,100,100,8936,TRUE,TRUE,FALSE,TRUE,TRUE,TRUE,TRUE,"no_observed_zeros","ok","",""
"Qiita13631ASD","ASD Dan 2020",80,"balanced","Collinsella",0.73,0.78,0.68,78,68,1115,TRUE,TRUE,FALSE,TRUE,TRUE,TRUE,TRUE,"structural_absence_boundary_at_zero","ok","",""
"Qiita13631ASD","ASD Dan 2020",80,"balanced","Coprococcus",0.995,1,0.99,100,99,7148,TRUE,TRUE,TRUE,FALSE,TRUE,TRUE,TRUE,"ok","ok","",""
"Qiita13631ASD","ASD Dan 2020",80,"balanced","Dialister",1,1,1,100,100,21537,TRUE,TRUE,FALSE,TRUE,TRUE,TRUE,TRUE,"no_observed_zeros","ok","",""
"Qiita13631ASD","ASD Dan 2020",80,"balanced","Dorea",1,1,1,100,100,5241,TRUE,TRUE,FALSE,TRUE,TRUE,TRUE,TRUE,"no_observed_zeros","ok","",""
"Qiita13631ASD","ASD Dan 2020",80,"balanced","Faecalibacterium",1,1,1,100,100,79522,TRUE,TRUE,FALSE,TRUE,TRUE,TRUE,TRUE,"no_observed_zeros","ok","",""
"Qiita13631ASD","ASD Dan 2020",80,"balanced","Fusobacterium",0.525,0.56,0.49,56,49,1381,TRUE,TRUE,FALSE,TRUE,TRUE,TRUE,TRUE,"structural_absence_boundary_at_zero","ok","",""
"Qiita13631ASD","ASD Dan 2020",80,"balanced","Haemophilus",0.975,0.97,0.98,97,98,5053,TRUE,TRUE,FALSE,TRUE,TRUE,TRUE,TRUE,"structural_absence_boundary_at_zero","ok","",""
"Qiita13631ASD","ASD Dan 2020",80,"balanced","Lachnobacterium",0.72,0.8,0.64,80,64,1359,TRUE,TRUE,TRUE,FALSE,TRUE,TRUE,TRUE,"ok","ok","",""
"Qiita13631ASD","ASD Dan 2020",80,"balanced","Lachnospira",1,1,1,100,100,25274,TRUE,TRUE,FALSE,TRUE,TRUE,TRUE,TRUE,"no_observed_zeros","ok","",""
"Qiita13631ASD","ASD Dan 2020",80,"balanced","Megamonas",1,1,1,100,100,21132,TRUE,TRUE,FALSE,TRUE,TRUE,TRUE,TRUE,"no_observed_zeros","ok","",""
"Qiita13631ASD","ASD Dan 2020",80,"balanced","Megasphaera",0.875,0.9,0.85,90,85,4070,TRUE,TRUE,FALSE,TRUE,TRUE,TRUE,TRUE,"structural_absence_boundary_at_zero","ok","",""
"Qiita13631ASD","ASD Dan 2020",80,"balanced","Oscillospira",1,1,1,100,100,11361,TRUE,TRUE,FALSE,TRUE,TRUE,TRUE,TRUE,"no_observed_zeros","ok","",""
"Qiita13631ASD","ASD Dan 2020",80,"balanced","Parabacteroides",1,1,1,100,100,23116,TRUE,TRUE,FALSE,TRUE,TRUE,TRUE,TRUE,"no_observed_zeros","ok","",""
"Qiita13631ASD","ASD Dan 2020",80,"balanced","Paraprevotella",0.835,0.85,0.82,85,82,2841,TRUE,TRUE,TRUE,FALSE,TRUE,TRUE,TRUE,"ok","ok","",""
"Qiita13631ASD","ASD Dan 2020",80,"balanced","Phascolarctobacterium",1,1,1,100,100,11294,TRUE,TRUE,FALSE,TRUE,TRUE,TRUE,TRUE,"no_observed_zeros","ok","",""
"Qiita13631ASD","ASD Dan 2020",80,"balanced","Prevotella",0.995,0.99,1,99,100,49354,TRUE,TRUE,FALSE,TRUE,TRUE,TRUE,TRUE,"structural_absence_boundary_at_zero","ok","",""
"Qiita13631ASD","ASD Dan 2020",80,"balanced","Roseburia",1,1,1,100,100,13521,TRUE,TRUE,FALSE,TRUE,TRUE,TRUE,TRUE,"no_observed_zeros","ok","",""
"Qiita13631ASD","ASD Dan 2020",80,"balanced","Ruminococcus",1,1,1,100,100,27980,TRUE,TRUE,FALSE,TRUE,TRUE,TRUE,TRUE,"no_observed_zeros","ok","",""
"Qiita13631ASD","ASD Dan 2020",80,"balanced","Streptococcus",0.98,0.98,0.98,98,98,2429,TRUE,TRUE,FALSE,TRUE,TRUE,TRUE,TRUE,"structural_absence_boundary_at_zero","ok","",""
"Qiita13631ASD","ASD Dan 2020",80,"balanced","Sutterella",1,1,1,100,100,14593,TRUE,TRUE,FALSE,TRUE,TRUE,TRUE,TRUE,"no_observed_zeros","ok","",""
"Qiita13631ASD","ASD Dan 2020",80,"balanced","Veillonella",0.985,0.99,0.98,99,98,5474,TRUE,TRUE,FALSE,TRUE,TRUE,TRUE,TRUE,"structural_absence_boundary_at_zero","ok","",""
"Qiita13631ASD","ASD Dan 2020",80,"fourfold","[Prevotella]",0.49,0.48,0.5,48,50,1398,TRUE,TRUE,TRUE,FALSE,TRUE,TRUE,TRUE,"ok","ok","",""
"Qiita13631ASD","ASD Dan 2020",80,"fourfold","[Ruminococcus]",1,1,1,100,100,9601,TRUE,TRUE,FALSE,TRUE,TRUE,TRUE,TRUE,"no_observed_zeros","ok","",""
"Qiita13631ASD","ASD Dan 2020",80,"fourfold","Akkermansia",0.71,0.59,0.83,59,83,2756,TRUE,TRUE,FALSE,TRUE,TRUE,TRUE,TRUE,"structural_absence_boundary_at_zero","ok","",""
"Qiita13631ASD","ASD Dan 2020",80,"fourfold","Anaerostipes",0.94,0.91,0.97,91,97,2404,TRUE,TRUE,TRUE,FALSE,TRUE,TRUE,TRUE,"ok","ok","",""
"Qiita13631ASD","ASD Dan 2020",80,"fourfold","Bacteroides",1,1,1,100,100,273004,TRUE,TRUE,FALSE,TRUE,TRUE,TRUE,TRUE,"no_observed_zeros","ok","",""
"Qiita13631ASD","ASD Dan 2020",80,"fourfold","Bifidobacterium",0.945,0.89,1,89,100,7284,TRUE,TRUE,FALSE,TRUE,TRUE,TRUE,TRUE,"structural_absence_boundary_at_zero","ok","",""
"Qiita13631ASD","ASD Dan 2020",80,"fourfold","Bilophila",0.88,0.78,0.98,78,98,1266,TRUE,TRUE,FALSE,TRUE,TRUE,TRUE,TRUE,"structural_absence_boundary_at_zero","ok","",""
"Qiita13631ASD","ASD Dan 2020",80,"fourfold","Blautia",0.99,0.98,1,98,100,5024,TRUE,TRUE,FALSE,TRUE,TRUE,TRUE,TRUE,"structural_absence_boundary_at_zero","ok","",""
"Qiita13631ASD","ASD Dan 2020",80,"fourfold","Clostridium",1,1,1,100,100,6495,TRUE,TRUE,FALSE,TRUE,TRUE,TRUE,TRUE,"no_observed_zeros","ok","",""
"Qiita13631ASD","ASD Dan 2020",80,"fourfold","Collinsella",0.64,0.45,0.83,45,83,839,TRUE,TRUE,FALSE,TRUE,TRUE,TRUE,TRUE,"structural_absence_boundary_at_zero","ok","",""
"Qiita13631ASD","ASD Dan 2020",80,"fourfold","Coprococcus",1,1,1,100,100,6548,TRUE,TRUE,FALSE,TRUE,TRUE,TRUE,TRUE,"no_observed_zeros","ok","",""
"Qiita13631ASD","ASD Dan 2020",80,"fourfold","Dialister",0.99,0.98,1,98,100,23316,TRUE,TRUE,FALSE,TRUE,TRUE,TRUE,TRUE,"structural_absence_boundary_at_zero","ok","",""
"Qiita13631ASD","ASD Dan 2020",80,"fourfold","Dorea",1,1,1,100,100,4543,TRUE,TRUE,FALSE,TRUE,TRUE,TRUE,TRUE,"no_observed_zeros","ok","",""
"Qiita13631ASD","ASD Dan 2020",80,"fourfold","Faecalibacterium",1,1,1,100,100,70396,TRUE,TRUE,FALSE,TRUE,TRUE,TRUE,TRUE,"no_observed_zeros","ok","",""
"Qiita13631ASD","ASD Dan 2020",80,"fourfold","Fusobacterium",0.44,0.35,0.53,35,53,1006,TRUE,TRUE,FALSE,TRUE,TRUE,TRUE,TRUE,"structural_absence_boundary_at_zero","ok","",""
"Qiita13631ASD","ASD Dan 2020",80,"fourfold","Haemophilus",0.925,0.88,0.97,88,97,3945,TRUE,TRUE,FALSE,TRUE,TRUE,TRUE,TRUE,"structural_absence_boundary_at_zero","ok","",""
"Qiita13631ASD","ASD Dan 2020",80,"fourfold","Lachnobacterium",0.645,0.52,0.77,52,77,965,TRUE,TRUE,TRUE,FALSE,TRUE,TRUE,TRUE,"ok","ok","",""
"Qiita13631ASD","ASD Dan 2020",80,"fourfold","Lachnospira",1,1,1,100,100,20874,TRUE,TRUE,FALSE,TRUE,TRUE,TRUE,TRUE,"no_observed_zeros","ok","",""
"Qiita13631ASD","ASD Dan 2020",80,"fourfold","Megamonas",0.995,0.99,1,99,100,14224,TRUE,TRUE,FALSE,TRUE,TRUE,TRUE,TRUE,"structural_absence_boundary_at_zero","ok","",""
"Qiita13631ASD","ASD Dan 2020",80,"fourfold","Megasphaera",0.825,0.77,0.88,77,88,2769,TRUE,TRUE,FALSE,TRUE,TRUE,TRUE,TRUE,"structural_absence_boundary_at_zero","ok","",""
"Qiita13631ASD","ASD Dan 2020",80,"fourfold","Oscillospira",1,1,1,100,100,9998,TRUE,TRUE,FALSE,TRUE,TRUE,TRUE,TRUE,"no_observed_zeros","ok","",""
"Qiita13631ASD","ASD Dan 2020",80,"fourfold","Parabacteroides",1,1,1,100,100,19468,TRUE,TRUE,FALSE,TRUE,TRUE,TRUE,TRUE,"no_observed_zeros","ok","",""
"Qiita13631ASD","ASD Dan 2020",80,"fourfold","Paraprevotella",0.75,0.66,0.84,66,84,2839,TRUE,TRUE,TRUE,FALSE,TRUE,TRUE,TRUE,"ok","ok","",""
"Qiita13631ASD","ASD Dan 2020",80,"fourfold","Phascolarctobacterium",0.97,0.94,1,94,100,9544,TRUE,TRUE,FALSE,TRUE,TRUE,TRUE,TRUE,"structural_absence_boundary_at_zero","ok","",""
"Qiita13631ASD","ASD Dan 2020",80,"fourfold","Prevotella",0.99,0.98,1,98,100,50761,TRUE,TRUE,FALSE,TRUE,TRUE,TRUE,TRUE,"structural_absence_boundary_at_zero","ok","",""
"Qiita13631ASD","ASD Dan 2020",80,"fourfold","Roseburia",1,1,1,100,100,11685,TRUE,TRUE,FALSE,TRUE,TRUE,TRUE,TRUE,"no_observed_zeros","ok","",""
"Qiita13631ASD","ASD Dan 2020",80,"fourfold","Ruminococcus",1,1,1,100,100,23792,TRUE,TRUE,FALSE,TRUE,TRUE,TRUE,TRUE,"no_observed_zeros","ok","",""
"Qiita13631ASD","ASD Dan 2020",80,"fourfold","Streptococcus",0.925,0.86,0.99,86,99,2284,TRUE,TRUE,FALSE,TRUE,TRUE,TRUE,TRUE,"structural_absence_boundary_at_zero","ok","",""
"Qiita13631ASD","ASD Dan 2020",80,"fourfold","Sutterella",1,1,1,100,100,13009,TRUE,TRUE,FALSE,TRUE,TRUE,TRUE,TRUE,"no_observed_zeros","ok","",""
"Qiita13631ASD","ASD Dan 2020",80,"fourfold","Veillonella",0.945,0.92,0.97,92,97,6451,TRUE,TRUE,FALSE,TRUE,TRUE,TRUE,TRUE,"structural_absence_boundary_at_zero","ok","",""
"Qiita13631ASD","ASD Dan 2020",81,"balanced","[Prevotella]",0.53,0.53,0.53,53,53,1256,TRUE,TRUE,TRUE,FALSE,TRUE,TRUE,TRUE,"ok","ok","",""
"Qiita13631ASD","ASD Dan 2020",81,"balanced","[Ruminococcus]",1,1,1,100,100,11455,TRUE,TRUE,FALSE,TRUE,TRUE,TRUE,TRUE,"no_observed_zeros","ok","",""
"Qiita13631ASD","ASD Dan 2020",81,"balanced","Akkermansia",0.775,0.74,0.81,74,81,3993,TRUE,TRUE,FALSE,TRUE,TRUE,TRUE,TRUE,"structural_absence_boundary_at_zero","ok","",""
"Qiita13631ASD","ASD Dan 2020",81,"balanced","Anaerostipes",0.98,0.98,0.98,98,98,2516,TRUE,TRUE,FALSE,TRUE,TRUE,TRUE,TRUE,"structural_absence_boundary_at_zero","ok","",""
"Qiita13631ASD","ASD Dan 2020",81,"balanced","Bacteroides",1,1,1,100,100,308839,TRUE,TRUE,FALSE,TRUE,TRUE,TRUE,TRUE,"no_observed_zeros","ok","",""
"Qiita13631ASD","ASD Dan 2020",81,"balanced","Bifidobacterium",0.975,0.96,0.99,96,99,8962,TRUE,TRUE,FALSE,TRUE,TRUE,TRUE,TRUE,"structural_absence_boundary_at_zero","ok","",""
"Qiita13631ASD","ASD Dan 2020",81,"balanced","Bilophila",0.93,0.95,0.91,95,91,1570,TRUE,TRUE,TRUE,FALSE,TRUE,TRUE,TRUE,"ok","ok","",""
"Qiita13631ASD","ASD Dan 2020",81,"balanced","Blautia",0.995,1,0.99,100,99,5762,TRUE,TRUE,FALSE,TRUE,TRUE,TRUE,TRUE,"structural_absence_boundary_at_zero","ok","",""
"Qiita13631ASD","ASD Dan 2020",81,"balanced","Clostridium",1,1,1,100,100,8100,TRUE,TRUE,FALSE,TRUE,TRUE,TRUE,TRUE,"no_observed_zeros","ok","",""
"Qiita13631ASD","ASD Dan 2020",81,"balanced","Collinsella",0.685,0.64,0.73,64,73,855,TRUE,TRUE,FALSE,TRUE,TRUE,TRUE,TRUE,"structural_absence_boundary_at_zero","ok","",""
"Qiita13631ASD","ASD Dan 2020",81,"balanced","Coprococcus",1,1,1,100,100,7096,TRUE,TRUE,FALSE,TRUE,TRUE,TRUE,TRUE,"no_observed_zeros","ok","",""
"Qiita13631ASD","ASD Dan 2020",81,"balanced","Dialister",1,1,1,100,100,21597,TRUE,TRUE,FALSE,TRUE,TRUE,TRUE,TRUE,"no_observed_zeros","ok","",""
"Qiita13631ASD","ASD Dan 2020",81,"balanced","Dorea",1,1,1,100,100,5580,TRUE,TRUE,FALSE,TRUE,TRUE,TRUE,TRUE,"no_observed_zeros","ok","",""
"Qiita13631ASD","ASD Dan 2020",81,"balanced","Faecalibacterium",1,1,1,100,100,75223,TRUE,TRUE,FALSE,TRUE,TRUE,TRUE,TRUE,"no_observed_zeros","ok","",""
"Qiita13631ASD","ASD Dan 2020",81,"balanced","Fusobacterium",0.515,0.52,0.51,52,51,1579,TRUE,TRUE,FALSE,TRUE,TRUE,TRUE,TRUE,"structural_absence_boundary_at_zero","ok","",""
"Qiita13631ASD","ASD Dan 2020",81,"balanced","Haemophilus",0.97,0.97,0.97,97,97,4675,TRUE,TRUE,FALSE,TRUE,TRUE,TRUE,TRUE,"structural_absence_boundary_at_zero","ok","",""
"Qiita13631ASD","ASD Dan 2020",81,"balanced","Lachnobacterium",0.7,0.71,0.69,71,69,1086,TRUE,TRUE,TRUE,FALSE,TRUE,TRUE,TRUE,"ok","ok","",""
"Qiita13631ASD","ASD Dan 2020",81,"balanced","Lachnospira",1,1,1,100,100,23702,TRUE,TRUE,FALSE,TRUE,TRUE,TRUE,TRUE,"no_observed_zeros","ok","",""
"Qiita13631ASD","ASD Dan 2020",81,"balanced","Megamonas",1,1,1,100,100,19287,TRUE,TRUE,FALSE,TRUE,TRUE,TRUE,TRUE,"no_observed_zeros","ok","",""
"Qiita13631ASD","ASD Dan 2020",81,"balanced","Megasphaera",0.85,0.85,0.85,85,85,3188,TRUE,TRUE,TRUE,FALSE,TRUE,TRUE,TRUE,"ok","ok","",""
"Qiita13631ASD","ASD Dan 2020",81,"balanced","Oscillospira",1,1,1,100,100,11006,TRUE,TRUE,FALSE,TRUE,TRUE,TRUE,TRUE,"no_observed_zeros","ok","",""
"Qiita13631ASD","ASD Dan 2020",81,"balanced","Parabacteroides",1,1,1,100,100,23658,TRUE,TRUE,FALSE,TRUE,TRUE,TRUE,TRUE,"no_observed_zeros","ok","",""
"Qiita13631ASD","ASD Dan 2020",81,"balanced","Paraprevotella",0.765,0.82,0.71,82,71,2285,TRUE,TRUE,TRUE,FALSE,TRUE,TRUE,TRUE,"ok","ok","",""
"Qiita13631ASD","ASD Dan 2020",81,"balanced","Phascolarctobacterium",0.995,1,0.99,100,99,10530,TRUE,TRUE,FALSE,TRUE,TRUE,TRUE,TRUE,"structural_absence_boundary_at_zero","ok","",""
"Qiita13631ASD","ASD Dan 2020",81,"balanced","Prevotella",0.995,1,0.99,100,99,53205,TRUE,TRUE,FALSE,TRUE,TRUE,TRUE,TRUE,"structural_absence_boundary_at_zero","ok","",""
"Qiita13631ASD","ASD Dan 2020",81,"balanced","Roseburia",1,1,1,100,100,13269,TRUE,TRUE,FALSE,TRUE,TRUE,TRUE,TRUE,"no_observed_zeros","ok","",""
"Qiita13631ASD","ASD Dan 2020",81,"balanced","Ruminococcus",1,1,1,100,100,28573,TRUE,TRUE,FALSE,TRUE,TRUE,TRUE,TRUE,"no_observed_zeros","ok","",""
"Qiita13631ASD","ASD Dan 2020",81,"balanced","Streptococcus",0.98,0.96,1,96,100,2321,TRUE,TRUE,TRUE,FALSE,TRUE,TRUE,TRUE,"ok","ok","",""
"Qiita13631ASD","ASD Dan 2020",81,"balanced","Sutterella",1,1,1,100,100,14224,TRUE,TRUE,FALSE,TRUE,TRUE,TRUE,TRUE,"no_observed_zeros","ok","",""
"Qiita13631ASD","ASD Dan 2020",81,"balanced","Veillonella",0.98,0.98,0.98,98,98,5583,TRUE,TRUE,FALSE,TRUE,TRUE,TRUE,TRUE,"structural_absence_boundary_at_zero","ok","",""
"Qiita13631ASD","ASD Dan 2020",81,"fourfold","[Prevotella]",0.475,0.37,0.58,37,58,1580,TRUE,TRUE,TRUE,FALSE,TRUE,TRUE,TRUE,"ok","ok","",""
"Qiita13631ASD","ASD Dan 2020",81,"fourfold","[Ruminococcus]",1,1,1,100,100,10930,TRUE,TRUE,FALSE,TRUE,TRUE,TRUE,TRUE,"no_observed_zeros","ok","",""
"Qiita13631ASD","ASD Dan 2020",81,"fourfold","Akkermansia",0.725,0.57,0.88,57,88,4560,TRUE,TRUE,FALSE,TRUE,TRUE,TRUE,TRUE,"structural_absence_boundary_at_zero","ok","",""
"Qiita13631ASD","ASD Dan 2020",81,"fourfold","Anaerostipes",0.925,0.89,0.96,89,96,2366,TRUE,TRUE,TRUE,FALSE,TRUE,TRUE,TRUE,"ok","ok","",""
"Qiita13631ASD","ASD Dan 2020",81,"fourfold","Bacteroides",1,1,1,100,100,285912,TRUE,TRUE,FALSE,TRUE,TRUE,TRUE,TRUE,"no_observed_zeros","ok","",""
"Qiita13631ASD","ASD Dan 2020",81,"fourfold","Bifidobacterium",0.96,0.92,1,92,100,8677,TRUE,TRUE,FALSE,TRUE,TRUE,TRUE,TRUE,"structural_absence_boundary_at_zero","ok","",""
"Qiita13631ASD","ASD Dan 2020",81,"fourfold","Bilophila",0.91,0.83,0.99,83,99,1479,TRUE,TRUE,FALSE,TRUE,TRUE,TRUE,TRUE,"structural_absence_boundary_at_zero","ok","",""
"Qiita13631ASD","ASD Dan 2020",81,"fourfold","Blautia",0.995,0.99,1,99,100,5006,TRUE,TRUE,FALSE,TRUE,TRUE,TRUE,TRUE,"structural_absence_boundary_at_zero","ok","",""
"Qiita13631ASD","ASD Dan 2020",81,"fourfold","Clostridium",0.99,0.98,1,98,100,8082,TRUE,TRUE,FALSE,TRUE,TRUE,TRUE,TRUE,"structural_absence_boundary_at_zero","ok","",""
"Qiita13631ASD","ASD Dan 2020",81,"fourfold","Collinsella",0.665,0.44,0.89,44,89,931,TRUE,TRUE,FALSE,TRUE,TRUE,TRUE,TRUE,"structural_absence_boundary_at_zero","ok","",""
"Qiita13631ASD","ASD Dan 2020",81,"fourfold","Coprococcus",0.995,0.99,1,99,100,6184,TRUE,TRUE,FALSE,TRUE,TRUE,TRUE,TRUE,"structural_absence_boundary_at_zero","ok","",""
"Qiita13631ASD","ASD Dan 2020",81,"fourfold","Dialister",0.995,0.99,1,99,100,19953,TRUE,TRUE,FALSE,TRUE,TRUE,TRUE,TRUE,"structural_absence_boundary_at_zero","ok","",""
"Qiita13631ASD","ASD Dan 2020",81,"fourfold","Dorea",0.99,0.98,1,98,100,5127,TRUE,TRUE,FALSE,TRUE,TRUE,TRUE,TRUE,"structural_absence_boundary_at_zero","ok","",""
"Qiita13631ASD","ASD Dan 2020",81,"fourfold","Faecalibacterium",1,1,1,100,100,69917,TRUE,TRUE,FALSE,TRUE,TRUE,TRUE,TRUE,"no_observed_zeros","ok","",""
"Qiita13631ASD","ASD Dan 2020",81,"fourfold","Fusobacterium",0.46,0.32,0.6,32,60,1444,TRUE,TRUE,FALSE,TRUE,TRUE,TRUE,TRUE,"structural_absence_boundary_at_zero","ok","",""
"Qiita13631ASD","ASD Dan 2020",81,"fourfold","Haemophilus",0.92,0.86,0.98,86,98,5245,TRUE,TRUE,FALSE,TRUE,TRUE,TRUE,TRUE,"structural_absence_boundary_at_zero","ok","",""
"Qiita13631ASD","ASD Dan 2020",81,"fourfold","Lachnobacterium",0.68,0.6,0.76,60,76,1144,TRUE,TRUE,TRUE,FALSE,TRUE,TRUE,TRUE,"ok","ok","",""
"Qiita13631ASD","ASD Dan 2020",81,"fourfold","Lachnospira",1,1,1,100,100,26407,TRUE,TRUE,FALSE,TRUE,TRUE,TRUE,TRUE,"no_observed_zeros","ok","",""
"Qiita13631ASD","ASD Dan 2020",81,"fourfold","Megamonas",0.94,0.89,0.99,89,99,18681,TRUE,TRUE,FALSE,TRUE,TRUE,TRUE,TRUE,"structural_absence_boundary_at_zero","ok","",""
"Qiita13631ASD","ASD Dan 2020",81,"fourfold","Megasphaera",0.805,0.68,0.93,68,93,3595,TRUE,TRUE,FALSE,TRUE,TRUE,TRUE,TRUE,"structural_absence_boundary_at_zero","ok","",""
"Qiita13631ASD","ASD Dan 2020",81,"fourfold","Oscillospira",1,1,1,100,100,10215,TRUE,TRUE,FALSE,TRUE,TRUE,TRUE,TRUE,"no_observed_zeros","ok","",""
"Qiita13631ASD","ASD Dan 2020",81,"fourfold","Parabacteroides",1,1,1,100,100,21522,TRUE,TRUE,FALSE,TRUE,TRUE,TRUE,TRUE,"no_observed_zeros","ok","",""
"Qiita13631ASD","ASD Dan 2020",81,"fourfold","Paraprevotella",0.745,0.65,0.84,65,84,1856,TRUE,TRUE,TRUE,FALSE,TRUE,TRUE,TRUE,"ok","ok","",""
"Qiita13631ASD","ASD Dan 2020",81,"fourfold","Phascolarctobacterium",0.96,0.92,1,92,100,12209,TRUE,TRUE,TRUE,FALSE,TRUE,TRUE,TRUE,"ok","ok","",""
"Qiita13631ASD","ASD Dan 2020",81,"fourfold","Prevotella",0.98,0.96,1,96,100,41858,TRUE,TRUE,FALSE,TRUE,TRUE,TRUE,TRUE,"structural_absence_boundary_at_zero","ok","",""
"Qiita13631ASD","ASD Dan 2020",81,"fourfold","Roseburia",1,1,1,100,100,13398,TRUE,TRUE,FALSE,TRUE,TRUE,TRUE,TRUE,"no_observed_zeros","ok","",""
"Qiita13631ASD","ASD Dan 2020",81,"fourfold","Ruminococcus",1,1,1,100,100,25951,TRUE,TRUE,FALSE,TRUE,TRUE,TRUE,TRUE,"no_observed_zeros","ok","",""
"Qiita13631ASD","ASD Dan 2020",81,"fourfold","Streptococcus",0.945,0.89,1,89,100,2436,TRUE,TRUE,FALSE,TRUE,TRUE,TRUE,TRUE,"structural_absence_boundary_at_zero","ok","",""
"Qiita13631ASD","ASD Dan 2020",81,"fourfold","Sutterella",1,1,1,100,100,14772,TRUE,TRUE,FALSE,TRUE,TRUE,TRUE,TRUE,"no_observed_zeros","ok","",""
"Qiita13631ASD","ASD Dan 2020",81,"fourfold","Veillonella",0.965,0.94,0.99,94,99,6348,TRUE,TRUE,FALSE,TRUE,TRUE,TRUE,TRUE,"structural_absence_boundary_at_zero","ok","",""
"Qiita13631ASD","ASD Dan 2020",82,"balanced","[Prevotella]",0.565,0.57,0.56,57,56,1310,TRUE,TRUE,TRUE,FALSE,TRUE,TRUE,TRUE,"ok","ok","",""
"Qiita13631ASD","ASD Dan 2020",82,"balanced","[Ruminococcus]",1,1,1,100,100,12638,TRUE,TRUE,FALSE,TRUE,TRUE,TRUE,TRUE,"no_observed_zeros","ok","",""
"Qiita13631ASD","ASD Dan 2020",82,"balanced","Akkermansia",0.83,0.87,0.79,87,79,4395,TRUE,TRUE,FALSE,TRUE,TRUE,TRUE,TRUE,"structural_absence_boundary_at_zero","ok","",""
"Qiita13631ASD","ASD Dan 2020",82,"balanced","Anaerostipes",0.96,0.94,0.98,94,98,3019,TRUE,TRUE,TRUE,FALSE,TRUE,TRUE,TRUE,"ok","ok","",""
"Qiita13631ASD","ASD Dan 2020",82,"balanced","Bacteroides",1,1,1,100,100,334638,TRUE,TRUE,FALSE,TRUE,TRUE,TRUE,TRUE,"no_observed_zeros","ok","",""
"Qiita13631ASD","ASD Dan 2020",82,"balanced","Bifidobacterium",0.98,0.98,0.98,98,98,10411,TRUE,TRUE,FALSE,TRUE,TRUE,TRUE,TRUE,"structural_absence_boundary_at_zero","ok","",""
"Qiita13631ASD","ASD Dan 2020",82,"balanced","Bilophila",0.96,0.95,0.97,95,97,1615,TRUE,TRUE,TRUE,FALSE,TRUE,TRUE,TRUE,"ok","ok","",""
"Qiita13631ASD","ASD Dan 2020",82,"balanced","Blautia",1,1,1,100,100,5704,TRUE,TRUE,FALSE,TRUE,TRUE,TRUE,TRUE,"no_observed_zeros","ok","",""
"Qiita13631ASD","ASD Dan 2020",82,"balanced","Clostridium",1,1,1,100,100,9065,TRUE,TRUE,FALSE,TRUE,TRUE,TRUE,TRUE,"no_observed_zeros","ok","",""
"Qiita13631ASD","ASD Dan 2020",82,"balanced","Collinsella",0.73,0.78,0.68,78,68,1089,TRUE,TRUE,FALSE,TRUE,TRUE,TRUE,TRUE,"structural_absence_boundary_at_zero","ok","",""
"Qiita13631ASD","ASD Dan 2020",82,"balanced","Coprococcus",1,1,1,100,100,7275,TRUE,TRUE,FALSE,TRUE,TRUE,TRUE,TRUE,"no_observed_zeros","ok","",""
"Qiita13631ASD","ASD Dan 2020",82,"balanced","Dialister",1,1,1,100,100,23840,TRUE,TRUE,FALSE,TRUE,TRUE,TRUE,TRUE,"no_observed_zeros","ok","",""
"Qiita13631ASD","ASD Dan 2020",82,"balanced","Dorea",1,1,1,100,100,5610,TRUE,TRUE,FALSE,TRUE,TRUE,TRUE,TRUE,"no_observed_zeros","ok","",""
"Qiita13631ASD","ASD Dan 2020",82,"balanced","Faecalibacterium",1,1,1,100,100,79329,TRUE,TRUE,FALSE,TRUE,TRUE,TRUE,TRUE,"no_observed_zeros","ok","",""
"Qiita13631ASD","ASD Dan 2020",82,"balanced","Fusobacterium",0.55,0.62,0.48,62,48,1357,TRUE,TRUE,FALSE,TRUE,TRUE,TRUE,TRUE,"structural_absence_boundary_at_zero","ok","",""
"Qiita13631ASD","ASD Dan 2020",82,"balanced","Haemophilus",1,1,1,100,100,5008,TRUE,TRUE,FALSE,TRUE,TRUE,TRUE,TRUE,"no_observed_zeros","ok","",""
"Qiita13631ASD","ASD Dan 2020",82,"balanced","Lachnobacterium",0.67,0.58,0.76,58,76,1126,TRUE,TRUE,TRUE,FALSE,TRUE,TRUE,TRUE,"ok","ok","",""
"Qiita13631ASD","ASD Dan 2020",82,"balanced","Lachnospira",1,1,1,100,100,26930,TRUE,TRUE,FALSE,TRUE,TRUE,TRUE,TRUE,"no_observed_zeros","ok","",""
"Qiita13631ASD","ASD Dan 2020",82,"balanced","Megamonas",0.99,0.99,0.99,99,99,16885,TRUE,TRUE,FALSE,TRUE,TRUE,TRUE,TRUE,"structural_absence_boundary_at_zero","ok","",""
"Qiita13631ASD","ASD Dan 2020",82,"balanced","Megasphaera",0.85,0.86,0.84,86,84,3251,TRUE,TRUE,TRUE,FALSE,TRUE,TRUE,TRUE,"ok","ok","",""
"Qiita13631ASD","ASD Dan 2020",82,"balanced","Oscillospira",1,1,1,100,100,12021,TRUE,TRUE,FALSE,TRUE,TRUE,TRUE,TRUE,"no_observed_zeros","ok","",""
"Qiita13631ASD","ASD Dan 2020",82,"balanced","Parabacteroides",1,1,1,100,100,25499,TRUE,TRUE,FALSE,TRUE,TRUE,TRUE,TRUE,"no_observed_zeros","ok","",""
"Qiita13631ASD","ASD Dan 2020",82,"balanced","Paraprevotella",0.82,0.79,0.85,79,85,2568,TRUE,TRUE,TRUE,FALSE,TRUE,TRUE,TRUE,"ok","ok","",""
"Qiita13631ASD","ASD Dan 2020",82,"balanced","Phascolarctobacterium",1,1,1,100,100,10484,TRUE,TRUE,FALSE,TRUE,TRUE,TRUE,TRUE,"no_observed_zeros","ok","",""
"Qiita13631ASD","ASD Dan 2020",82,"balanced","Prevotella",1,1,1,100,100,56058,TRUE,TRUE,FALSE,TRUE,TRUE,TRUE,TRUE,"no_observed_zeros","ok","",""
"Qiita13631ASD","ASD Dan 2020",82,"balanced","Roseburia",1,1,1,100,100,13602,TRUE,TRUE,FALSE,TRUE,TRUE,TRUE,TRUE,"no_observed_zeros","ok","",""
"Qiita13631ASD","ASD Dan 2020",82,"balanced","Ruminococcus",1,1,1,100,100,27978,TRUE,TRUE,FALSE,TRUE,TRUE,TRUE,TRUE,"no_observed_zeros","ok","",""
"Qiita13631ASD","ASD Dan 2020",82,"balanced","Streptococcus",0.985,0.97,1,97,100,2731,TRUE,TRUE,FALSE,TRUE,TRUE,TRUE,TRUE,"structural_absence_boundary_at_zero","ok","",""
"Qiita13631ASD","ASD Dan 2020",82,"balanced","Sutterella",1,1,1,100,100,14568,TRUE,TRUE,FALSE,TRUE,TRUE,TRUE,TRUE,"no_observed_zeros","ok","",""
"Qiita13631ASD","ASD Dan 2020",82,"balanced","Veillonella",0.995,0.99,1,99,100,6746,TRUE,TRUE,FALSE,TRUE,TRUE,TRUE,TRUE,"structural_absence_boundary_at_zero","ok","",""
"Qiita13631ASD","ASD Dan 2020",82,"fourfold","[Prevotella]",0.485,0.42,0.55,42,55,1876,TRUE,TRUE,TRUE,FALSE,TRUE,TRUE,TRUE,"ok","ok","",""
"Qiita13631ASD","ASD Dan 2020",82,"fourfold","[Ruminococcus]",1,1,1,100,100,11318,TRUE,TRUE,FALSE,TRUE,TRUE,TRUE,TRUE,"no_observed_zeros","ok","",""
"Qiita13631ASD","ASD Dan 2020",82,"fourfold","Akkermansia",0.73,0.64,0.82,64,82,3741,TRUE,TRUE,FALSE,TRUE,TRUE,TRUE,TRUE,"structural_absence_boundary_at_zero","ok","",""
"Qiita13631ASD","ASD Dan 2020",82,"fourfold","Anaerostipes",0.94,0.88,1,88,100,2636,TRUE,TRUE,FALSE,TRUE,TRUE,TRUE,TRUE,"structural_absence_boundary_at_zero","ok","",""
"Qiita13631ASD","ASD Dan 2020",82,"fourfold","Bacteroides",1,1,1,100,100,304660,TRUE,TRUE,FALSE,TRUE,TRUE,TRUE,TRUE,"no_observed_zeros","ok","",""
"Qiita13631ASD","ASD Dan 2020",82,"fourfold","Bifidobacterium",0.925,0.86,0.99,86,99,7739,TRUE,TRUE,FALSE,TRUE,TRUE,TRUE,TRUE,"structural_absence_boundary_at_zero","ok","",""
"Qiita13631ASD","ASD Dan 2020",82,"fourfold","Bilophila",0.91,0.84,0.98,84,98,1473,TRUE,TRUE,FALSE,TRUE,TRUE,TRUE,TRUE,"structural_absence_boundary_at_zero","ok","",""
"Qiita13631ASD","ASD Dan 2020",82,"fourfold","Blautia",0.985,0.97,1,97,100,5247,TRUE,TRUE,FALSE,TRUE,TRUE,TRUE,TRUE,"structural_absence_boundary_at_zero","ok","",""
"Qiita13631ASD","ASD Dan 2020",82,"fourfold","Clostridium",0.995,0.99,1,99,100,10863,TRUE,TRUE,FALSE,TRUE,TRUE,TRUE,TRUE,"structural_absence_boundary_at_zero","ok","",""
"Qiita13631ASD","ASD Dan 2020",82,"fourfold","Collinsella",0.675,0.51,0.84,51,84,824,TRUE,TRUE,FALSE,TRUE,TRUE,TRUE,TRUE,"structural_absence_boundary_at_zero","ok","",""
"Qiita13631ASD","ASD Dan 2020",82,"fourfold","Coprococcus",0.985,0.97,1,97,100,7342,TRUE,TRUE,FALSE,TRUE,TRUE,TRUE,TRUE,"structural_absence_boundary_at_zero","ok","",""
"Qiita13631ASD","ASD Dan 2020",82,"fourfold","Dialister",0.995,0.99,1,99,100,21740,TRUE,TRUE,FALSE,TRUE,TRUE,TRUE,TRUE,"structural_absence_boundary_at_zero","ok","",""
"Qiita13631ASD","ASD Dan 2020",82,"fourfold","Dorea",0.99,0.98,1,98,100,5154,TRUE,TRUE,FALSE,TRUE,TRUE,TRUE,TRUE,"structural_absence_boundary_at_zero","ok","",""
"Qiita13631ASD","ASD Dan 2020",82,"fourfold","Faecalibacterium",1,1,1,100,100,70853,TRUE,TRUE,FALSE,TRUE,TRUE,TRUE,TRUE,"no_observed_zeros","ok","",""
"Qiita13631ASD","ASD Dan 2020",82,"fourfold","Fusobacterium",0.44,0.36,0.52,36,52,950,TRUE,TRUE,TRUE,FALSE,TRUE,TRUE,TRUE,"ok","ok","",""
"Qiita13631ASD","ASD Dan 2020",82,"fourfold","Haemophilus",0.925,0.85,1,85,100,5122,TRUE,TRUE,FALSE,TRUE,TRUE,TRUE,TRUE,"structural_absence_boundary_at_zero","ok","",""
"Qiita13631ASD","ASD Dan 2020",82,"fourfold","Lachnobacterium",0.675,0.46,0.89,46,89,1050,TRUE,TRUE,FALSE,TRUE,TRUE,TRUE,TRUE,"structural_absence_boundary_at_zero","ok","",""
"Qiita13631ASD","ASD Dan 2020",82,"fourfold","Lachnospira",1,1,1,100,100,23328,TRUE,TRUE,FALSE,TRUE,TRUE,TRUE,TRUE,"no_observed_zeros","ok","",""
"Qiita13631ASD","ASD Dan 2020",82,"fourfold","Megamonas",0.98,0.96,1,96,100,17253,TRUE,TRUE,FALSE,TRUE,TRUE,TRUE,TRUE,"structural_absence_boundary_at_zero","ok","",""
"Qiita13631ASD","ASD Dan 2020",82,"fourfold","Megasphaera",0.795,0.73,0.86,73,86,2998,TRUE,TRUE,TRUE,FALSE,TRUE,TRUE,TRUE,"ok","ok","",""
"Qiita13631ASD","ASD Dan 2020",82,"fourfold","Oscillospira",1,1,1,100,100,11354,TRUE,TRUE,FALSE,TRUE,TRUE,TRUE,TRUE,"no_observed_zeros","ok","",""
"Qiita13631ASD","ASD Dan 2020",82,"fourfold","Parabacteroides",0.995,0.99,1,99,100,23044,TRUE,TRUE,TRUE,FALSE,TRUE,TRUE,TRUE,"ok","ok","",""
"Qiita13631ASD","ASD Dan 2020",82,"fourfold","Paraprevotella",0.76,0.68,0.84,68,84,2248,TRUE,TRUE,TRUE,FALSE,TRUE,TRUE,TRUE,"ok","ok","",""
"Qiita13631ASD","ASD Dan 2020",82,"fourfold","Phascolarctobacterium",0.98,0.96,1,96,100,9197,TRUE,TRUE,FALSE,TRUE,TRUE,TRUE,TRUE,"structural_absence_boundary_at_zero","ok","",""
"Qiita13631ASD","ASD Dan 2020",82,"fourfold","Prevotella",0.99,0.98,1,98,100,49238,TRUE,TRUE,FALSE,TRUE,TRUE,TRUE,TRUE,"structural_absence_boundary_at_zero","ok","",""
"Qiita13631ASD","ASD Dan 2020",82,"fourfold","Roseburia",0.995,0.99,1,99,100,12235,TRUE,TRUE,FALSE,TRUE,TRUE,TRUE,TRUE,"structural_absence_boundary_at_zero","ok","",""
"Qiita13631ASD","ASD Dan 2020",82,"fourfold","Ruminococcus",1,1,1,100,100,29901,TRUE,TRUE,FALSE,TRUE,TRUE,TRUE,TRUE,"no_observed_zeros","ok","",""
"Qiita13631ASD","ASD Dan 2020",82,"fourfold","Streptococcus",0.915,0.84,0.99,84,99,2281,TRUE,TRUE,FALSE,TRUE,TRUE,TRUE,TRUE,"structural_absence_boundary_at_zero","ok","",""
"Qiita13631ASD","ASD Dan 2020",82,"fourfold","Sutterella",1,1,1,100,100,15407,TRUE,TRUE,FALSE,TRUE,TRUE,TRUE,TRUE,"no_observed_zeros","ok","",""
"Qiita13631ASD","ASD Dan 2020",82,"fourfold","Veillonella",0.965,0.93,1,93,100,5482,TRUE,TRUE,FALSE,TRUE,TRUE,TRUE,TRUE,"structural_absence_boundary_at_zero","ok","",""
"Qiita13631ASD","ASD Dan 2020",83,"balanced","[Prevotella]",0.525,0.46,0.59,46,59,1293,TRUE,TRUE,TRUE,FALSE,TRUE,TRUE,TRUE,"ok","ok","",""
"Qiita13631ASD","ASD Dan 2020",83,"balanced","[Ruminococcus]",1,1,1,100,100,11110,TRUE,TRUE,FALSE,TRUE,TRUE,TRUE,TRUE,"no_observed_zeros","ok","",""
"Qiita13631ASD","ASD Dan 2020",83,"balanced","Akkermansia",0.755,0.76,0.75,76,75,3098,TRUE,TRUE,FALSE,TRUE,TRUE,TRUE,TRUE,"structural_absence_boundary_at_zero","ok","",""
"Qiita13631ASD","ASD Dan 2020",83,"balanced","Anaerostipes",0.97,0.96,0.98,96,98,2575,TRUE,TRUE,FALSE,TRUE,TRUE,TRUE,TRUE,"structural_absence_boundary_at_zero","ok","",""
"Qiita13631ASD","ASD Dan 2020",83,"balanced","Bacteroides",1,1,1,100,100,297232,TRUE,TRUE,FALSE,TRUE,TRUE,TRUE,TRUE,"no_observed_zeros","ok","",""
"Qiita13631ASD","ASD Dan 2020",83,"balanced","Bifidobacterium",0.975,0.98,0.97,98,97,9216,TRUE,TRUE,FALSE,TRUE,TRUE,TRUE,TRUE,"structural_absence_boundary_at_zero","ok","",""
"Qiita13631ASD","ASD Dan 2020",83,"balanced","Bilophila",0.94,0.92,0.96,92,96,1470,TRUE,TRUE,TRUE,FALSE,TRUE,TRUE,TRUE,"ok","ok","",""
"Qiita13631ASD","ASD Dan 2020",83,"balanced","Blautia",1,1,1,100,100,5627,TRUE,TRUE,FALSE,TRUE,TRUE,TRUE,TRUE,"no_observed_zeros","ok","",""
"Qiita13631ASD","ASD Dan 2020",83,"balanced","Clostridium",1,1,1,100,100,8229,TRUE,TRUE,FALSE,TRUE,TRUE,TRUE,TRUE,"no_observed_zeros","ok","",""
"Qiita13631ASD","ASD Dan 2020",83,"balanced","Collinsella",0.69,0.67,0.71,67,71,754,TRUE,TRUE,FALSE,TRUE,TRUE,TRUE,TRUE,"structural_absence_boundary_at_zero","ok","",""
"Qiita13631ASD","ASD Dan 2020",83,"balanced","Coprococcus",1,1,1,100,100,6462,TRUE,TRUE,FALSE,TRUE,TRUE,TRUE,TRUE,"no_observed_zeros","ok","",""
"Qiita13631ASD","ASD Dan 2020",83,"balanced","Dialister",0.995,0.99,1,99,100,22465,TRUE,TRUE,TRUE,FALSE,TRUE,TRUE,TRUE,"ok","ok","",""
"Qiita13631ASD","ASD Dan 2020",83,"balanced","Dorea",0.995,1,0.99,100,99,4671,TRUE,TRUE,TRUE,FALSE,TRUE,TRUE,TRUE,"ok","ok","",""
"Qiita13631ASD","ASD Dan 2020",83,"balanced","Faecalibacterium",1,1,1,100,100,70786,TRUE,TRUE,FALSE,TRUE,TRUE,TRUE,TRUE,"no_observed_zeros","ok","",""
"Qiita13631ASD","ASD Dan 2020",83,"balanced","Fusobacterium",0.535,0.51,0.56,51,56,1078,TRUE,TRUE,FALSE,TRUE,TRUE,TRUE,TRUE,"structural_absence_boundary_at_zero","ok","",""
"Qiita13631ASD","ASD Dan 2020",83,"balanced","Haemophilus",0.945,0.96,0.93,96,93,4384,TRUE,TRUE,FALSE,TRUE,TRUE,TRUE,TRUE,"structural_absence_boundary_at_zero","ok","",""
"Qiita13631ASD","ASD Dan 2020",83,"balanced","Lachnobacterium",0.725,0.7,0.75,70,75,1048,TRUE,TRUE,TRUE,FALSE,TRUE,TRUE,TRUE,"ok","ok","",""
"Qiita13631ASD","ASD Dan 2020",83,"balanced","Lachnospira",1,1,1,100,100,22441,TRUE,TRUE,FALSE,TRUE,TRUE,TRUE,TRUE,"no_observed_zeros","ok","",""
"Qiita13631ASD","ASD Dan 2020",83,"balanced","Megamonas",0.995,1,0.99,100,99,16507,TRUE,TRUE,FALSE,TRUE,TRUE,TRUE,TRUE,"structural_absence_boundary_at_zero","ok","",""
"Qiita13631ASD","ASD Dan 2020",83,"balanced","Megasphaera",0.825,0.83,0.82,83,82,3197,TRUE,TRUE,TRUE,FALSE,TRUE,TRUE,TRUE,"ok","ok","",""
"Qiita13631ASD","ASD Dan 2020",83,"balanced","Oscillospira",1,1,1,100,100,10621,TRUE,TRUE,FALSE,TRUE,TRUE,TRUE,TRUE,"no_observed_zeros","ok","",""
"Qiita13631ASD","ASD Dan 2020",83,"balanced","Parabacteroides",1,1,1,100,100,22181,TRUE,TRUE,FALSE,TRUE,TRUE,TRUE,TRUE,"no_observed_zeros","ok","",""
"Qiita13631ASD","ASD Dan 2020",83,"balanced","Paraprevotella",0.83,0.86,0.8,86,80,2219,TRUE,TRUE,TRUE,FALSE,TRUE,TRUE,TRUE,"ok","ok","",""
"Qiita13631ASD","ASD Dan 2020",83,"balanced","Phascolarctobacterium",0.985,0.98,0.99,98,99,8938,TRUE,TRUE,TRUE,FALSE,TRUE,TRUE,TRUE,"ok","ok","",""
"Qiita13631ASD","ASD Dan 2020",83,"balanced","Prevotella",0.995,1,0.99,100,99,44586,TRUE,TRUE,FALSE,TRUE,TRUE,TRUE,TRUE,"structural_absence_boundary_at_zero","ok","",""
"Qiita13631ASD","ASD Dan 2020",83,"balanced","Roseburia",1,1,1,100,100,12062,TRUE,TRUE,FALSE,TRUE,TRUE,TRUE,TRUE,"no_observed_zeros","ok","",""
"Qiita13631ASD","ASD Dan 2020",83,"balanced","Ruminococcus",1,1,1,100,100,26383,TRUE,TRUE,FALSE,TRUE,TRUE,TRUE,TRUE,"no_observed_zeros","ok","",""
"Qiita13631ASD","ASD Dan 2020",83,"balanced","Streptococcus",0.985,0.99,0.98,99,98,2248,TRUE,TRUE,FALSE,TRUE,TRUE,TRUE,TRUE,"structural_absence_boundary_at_zero","ok","",""
"Qiita13631ASD","ASD Dan 2020",83,"balanced","Sutterella",1,1,1,100,100,13707,TRUE,TRUE,FALSE,TRUE,TRUE,TRUE,TRUE,"no_observed_zeros","ok","",""
"Qiita13631ASD","ASD Dan 2020",83,"balanced","Veillonella",0.98,0.99,0.97,99,97,5617,TRUE,TRUE,FALSE,TRUE,TRUE,TRUE,TRUE,"structural_absence_boundary_at_zero","ok","",""
"Qiita13631ASD","ASD Dan 2020",83,"fourfold","[Prevotella]",0.45,0.33,0.57,33,57,1221,TRUE,TRUE,TRUE,FALSE,TRUE,TRUE,TRUE,"ok","ok","",""
"Qiita13631ASD","ASD Dan 2020",83,"fourfold","[Ruminococcus]",1,1,1,100,100,10941,TRUE,TRUE,FALSE,TRUE,TRUE,TRUE,TRUE,"no_observed_zeros","ok","",""
"Qiita13631ASD","ASD Dan 2020",83,"fourfold","Akkermansia",0.705,0.56,0.85,56,85,3482,TRUE,TRUE,FALSE,TRUE,TRUE,TRUE,TRUE,"structural_absence_boundary_at_zero","ok","",""
"Qiita13631ASD","ASD Dan 2020",83,"fourfold","Anaerostipes",0.94,0.9,0.98,90,98,2359,TRUE,TRUE,TRUE,FALSE,TRUE,TRUE,TRUE,"ok","ok","",""
"Qiita13631ASD","ASD Dan 2020",83,"fourfold","Bacteroides",1,1,1,100,100,278856,TRUE,TRUE,FALSE,TRUE,TRUE,TRUE,TRUE,"no_observed_zeros","ok","",""
"Qiita13631ASD","ASD Dan 2020",83,"fourfold","Bifidobacterium",0.93,0.87,0.99,87,99,7216,TRUE,TRUE,FALSE,TRUE,TRUE,TRUE,TRUE,"structural_absence_boundary_at_zero","ok","",""
"Qiita13631ASD","ASD Dan 2020",83,"fourfold","Bilophila",0.91,0.83,0.99,83,99,1358,TRUE,TRUE,TRUE,FALSE,TRUE,TRUE,TRUE,"ok","ok","",""
"Qiita13631ASD","ASD Dan 2020",83,"fourfold","Blautia",0.98,0.96,1,96,100,5040,TRUE,TRUE,TRUE,FALSE,TRUE,TRUE,TRUE,"ok","ok","",""
"Qiita13631ASD","ASD Dan 2020",83,"fourfold","Clostridium",1,1,1,100,100,8241,TRUE,TRUE,FALSE,TRUE,TRUE,TRUE,TRUE,"no_observed_zeros","ok","",""
"Qiita13631ASD","ASD Dan 2020",83,"fourfold","Collinsella",0.67,0.52,0.82,52,82,902,TRUE,TRUE,FALSE,TRUE,TRUE,TRUE,TRUE,"structural_absence_boundary_at_zero","ok","",""
"Qiita13631ASD","ASD Dan 2020",83,"fourfold","Coprococcus",0.985,0.97,1,97,100,6387,TRUE,TRUE,TRUE,FALSE,TRUE,TRUE,TRUE,"ok","ok","",""
"Qiita13631ASD","ASD Dan 2020",83,"fourfold","Dialister",0.99,0.98,1,98,100,20162,TRUE,TRUE,FALSE,TRUE,TRUE,TRUE,TRUE,"structural_absence_boundary_at_zero","ok","",""
"Qiita13631ASD","ASD Dan 2020",83,"fourfold","Dorea",0.995,0.99,1,99,100,4871,TRUE,TRUE,FALSE,TRUE,TRUE,TRUE,TRUE,"structural_absence_boundary_at_zero","ok","",""
"Qiita13631ASD","ASD Dan 2020",83,"fourfold","Faecalibacterium",1,1,1,100,100,74817,TRUE,TRUE,FALSE,TRUE,TRUE,TRUE,TRUE,"no_observed_zeros","ok","",""
"Qiita13631ASD","ASD Dan 2020",83,"fourfold","Fusobacterium",0.435,0.31,0.56,31,56,1701,TRUE,TRUE,FALSE,TRUE,TRUE,TRUE,TRUE,"structural_absence_boundary_at_zero","ok","",""
"Qiita13631ASD","ASD Dan 2020",83,"fourfold","Haemophilus",0.915,0.85,0.98,85,98,5154,TRUE,TRUE,FALSE,TRUE,TRUE,TRUE,TRUE,"structural_absence_boundary_at_zero","ok","",""
"Qiita13631ASD","ASD Dan 2020",83,"fourfold","Lachnobacterium",0.675,0.56,0.79,56,79,1000,TRUE,TRUE,TRUE,FALSE,TRUE,TRUE,TRUE,"ok","ok","",""
"Qiita13631ASD","ASD Dan 2020",83,"fourfold","Lachnospira",1,1,1,100,100,23816,TRUE,TRUE,FALSE,TRUE,TRUE,TRUE,TRUE,"no_observed_zeros","ok","",""
"Qiita13631ASD","ASD Dan 2020",83,"fourfold","Megamonas",0.985,0.97,1,97,100,14768,TRUE,TRUE,FALSE,TRUE,TRUE,TRUE,TRUE,"structural_absence_boundary_at_zero","ok","",""
"Qiita13631ASD","ASD Dan 2020",83,"fourfold","Megasphaera",0.785,0.66,0.91,66,91,2859,TRUE,TRUE,TRUE,FALSE,TRUE,TRUE,TRUE,"ok","ok","",""
"Qiita13631ASD","ASD Dan 2020",83,"fourfold","Oscillospira",1,1,1,100,100,10034,TRUE,TRUE,FALSE,TRUE,TRUE,TRUE,TRUE,"no_observed_zeros","ok","",""
"Qiita13631ASD","ASD Dan 2020",83,"fourfold","Parabacteroides",1,1,1,100,100,21824,TRUE,TRUE,FALSE,TRUE,TRUE,TRUE,TRUE,"no_observed_zeros","ok","",""
"Qiita13631ASD","ASD Dan 2020",83,"fourfold","Paraprevotella",0.79,0.68,0.9,68,90,2167,TRUE,TRUE,FALSE,TRUE,TRUE,TRUE,TRUE,"structural_absence_boundary_at_zero","ok","",""
"Qiita13631ASD","ASD Dan 2020",83,"fourfold","Phascolarctobacterium",0.995,0.99,1,99,100,8945,TRUE,TRUE,FALSE,TRUE,TRUE,TRUE,TRUE,"structural_absence_boundary_at_zero","ok","",""
"Qiita13631ASD","ASD Dan 2020",83,"fourfold","Prevotella",0.995,0.99,1,99,100,44178,TRUE,TRUE,FALSE,TRUE,TRUE,TRUE,TRUE,"structural_absence_boundary_at_zero","ok","",""
"Qiita13631ASD","ASD Dan 2020",83,"fourfold","Roseburia",1,1,1,100,100,10711,TRUE,TRUE,FALSE,TRUE,TRUE,TRUE,TRUE,"no_observed_zeros","ok","",""
"Qiita13631ASD","ASD Dan 2020",83,"fourfold","Ruminococcus",0.995,0.99,1,99,100,25893,TRUE,TRUE,TRUE,FALSE,TRUE,TRUE,TRUE,"ok","ok","",""
"Qiita13631ASD","ASD Dan 2020",83,"fourfold","Streptococcus",0.9,0.81,0.99,81,99,2396,TRUE,TRUE,FALSE,TRUE,TRUE,TRUE,TRUE,"structural_absence_boundary_at_zero","ok","",""
"Qiita13631ASD","ASD Dan 2020",83,"fourfold","Sutterella",1,1,1,100,100,13041,TRUE,TRUE,FALSE,TRUE,TRUE,TRUE,TRUE,"no_observed_zeros","ok","",""
"Qiita13631ASD","ASD Dan 2020",83,"fourfold","Veillonella",0.96,0.93,0.99,93,99,5956,TRUE,TRUE,FALSE,TRUE,TRUE,TRUE,TRUE,"structural_absence_boundary_at_zero","ok","",""
"Qiita13631ASD","ASD Dan 2020",84,"balanced","[Prevotella]",0.56,0.56,0.56,56,56,1259,TRUE,TRUE,TRUE,FALSE,TRUE,TRUE,TRUE,"ok","ok","",""
"Qiita13631ASD","ASD Dan 2020",84,"balanced","[Ruminococcus]",1,1,1,100,100,12505,TRUE,TRUE,FALSE,TRUE,TRUE,TRUE,TRUE,"no_observed_zeros","ok","",""
"Qiita13631ASD","ASD Dan 2020",84,"balanced","Akkermansia",0.795,0.78,0.81,78,81,4665,TRUE,TRUE,FALSE,TRUE,TRUE,TRUE,TRUE,"structural_absence_boundary_at_zero","ok","",""
"Qiita13631ASD","ASD Dan 2020",84,"balanced","Anaerostipes",0.985,0.99,0.98,99,98,2758,TRUE,TRUE,TRUE,FALSE,TRUE,TRUE,TRUE,"ok","ok","",""
"Qiita13631ASD","ASD Dan 2020",84,"balanced","Bacteroides",1,1,1,100,100,319812,TRUE,TRUE,FALSE,TRUE,TRUE,TRUE,TRUE,"no_observed_zeros","ok","",""
"Qiita13631ASD","ASD Dan 2020",84,"balanced","Bifidobacterium",0.98,0.98,0.98,98,98,13188,TRUE,TRUE,FALSE,TRUE,TRUE,TRUE,TRUE,"structural_absence_boundary_at_zero","ok","",""
"Qiita13631ASD","ASD Dan 2020",84,"balanced","Bilophila",0.985,0.99,0.98,99,98,1495,TRUE,TRUE,FALSE,TRUE,TRUE,TRUE,TRUE,"structural_absence_boundary_at_zero","ok","",""
"Qiita13631ASD","ASD Dan 2020",84,"balanced","Blautia",1,1,1,100,100,5886,TRUE,TRUE,FALSE,TRUE,TRUE,TRUE,TRUE,"no_observed_zeros","ok","",""
"Qiita13631ASD","ASD Dan 2020",84,"balanced","Clostridium",1,1,1,100,100,8257,TRUE,TRUE,FALSE,TRUE,TRUE,TRUE,TRUE,"no_observed_zeros","ok","",""
"Qiita13631ASD","ASD Dan 2020",84,"balanced","Collinsella",0.73,0.7,0.76,70,76,816,TRUE,TRUE,FALSE,TRUE,TRUE,TRUE,TRUE,"structural_absence_boundary_at_zero","ok","",""
"Qiita13631ASD","ASD Dan 2020",84,"balanced","Coprococcus",1,1,1,100,100,6656,TRUE,TRUE,FALSE,TRUE,TRUE,TRUE,TRUE,"no_observed_zeros","ok","",""
"Qiita13631ASD","ASD Dan 2020",84,"balanced","Dialister",1,1,1,100,100,22474,TRUE,TRUE,FALSE,TRUE,TRUE,TRUE,TRUE,"no_observed_zeros","ok","",""
"Qiita13631ASD","ASD Dan 2020",84,"balanced","Dorea",1,1,1,100,100,5457,TRUE,TRUE,FALSE,TRUE,TRUE,TRUE,TRUE,"no_observed_zeros","ok","",""
"Qiita13631ASD","ASD Dan 2020",84,"balanced","Faecalibacterium",1,1,1,100,100,75837,TRUE,TRUE,FALSE,TRUE,TRUE,TRUE,TRUE,"no_observed_zeros","ok","",""
"Qiita13631ASD","ASD Dan 2020",84,"balanced","Fusobacterium",0.52,0.51,0.53,51,53,1776,TRUE,TRUE,FALSE,TRUE,TRUE,TRUE,TRUE,"structural_absence_boundary_at_zero","ok","",""
"Qiita13631ASD","ASD Dan 2020",84,"balanced","Haemophilus",0.975,0.98,0.97,98,97,4886,TRUE,TRUE,FALSE,TRUE,TRUE,TRUE,TRUE,"structural_absence_boundary_at_zero","ok","",""
"Qiita13631ASD","ASD Dan 2020",84,"balanced","Lachnobacterium",0.725,0.75,0.7,75,70,1058,TRUE,TRUE,TRUE,FALSE,TRUE,TRUE,TRUE,"ok","ok","",""
"Qiita13631ASD","ASD Dan 2020",84,"balanced","Lachnospira",1,1,1,100,100,24336,TRUE,TRUE,FALSE,TRUE,TRUE,TRUE,TRUE,"no_observed_zeros","ok","",""
"Qiita13631ASD","ASD Dan 2020",84,"balanced","Megamonas",1,1,1,100,100,17928,TRUE,TRUE,FALSE,TRUE,TRUE,TRUE,TRUE,"no_observed_zeros","ok","",""
"Qiita13631ASD","ASD Dan 2020",84,"balanced","Megasphaera",0.89,0.88,0.9,88,90,3910,TRUE,TRUE,FALSE,TRUE,TRUE,TRUE,TRUE,"structural_absence_boundary_at_zero","ok","",""
"Qiita13631ASD","ASD Dan 2020",84,"balanced","Oscillospira",1,1,1,100,100,11230,TRUE,TRUE,FALSE,TRUE,TRUE,TRUE,TRUE,"no_observed_zeros","ok","",""
"Qiita13631ASD","ASD Dan 2020",84,"balanced","Parabacteroides",1,1,1,100,100,23821,TRUE,TRUE,FALSE,TRUE,TRUE,TRUE,TRUE,"no_observed_zeros","ok","",""
"Qiita13631ASD","ASD Dan 2020",84,"balanced","Paraprevotella",0.79,0.76,0.82,76,82,2066,TRUE,TRUE,TRUE,FALSE,TRUE,TRUE,TRUE,"ok","ok","",""
"Qiita13631ASD","ASD Dan 2020",84,"balanced","Phascolarctobacterium",0.995,1,0.99,100,99,9753,TRUE,TRUE,FALSE,TRUE,TRUE,TRUE,TRUE,"structural_absence_boundary_at_zero","ok","",""
"Qiita13631ASD","ASD Dan 2020",84,"balanced","Prevotella",0.995,0.99,1,99,100,55522,TRUE,TRUE,FALSE,TRUE,TRUE,TRUE,TRUE,"structural_absence_boundary_at_zero","ok","",""
"Qiita13631ASD","ASD Dan 2020",84,"balanced","Roseburia",1,1,1,100,100,12267,TRUE,TRUE,FALSE,TRUE,TRUE,TRUE,TRUE,"no_observed_zeros","ok","",""
"Qiita13631ASD","ASD Dan 2020",84,"balanced","Ruminococcus",1,1,1,100,100,27905,TRUE,TRUE,FALSE,TRUE,TRUE,TRUE,TRUE,"no_observed_zeros","ok","",""
"Qiita13631ASD","ASD Dan 2020",84,"balanced","Streptococcus",0.99,0.99,0.99,99,99,2484,TRUE,TRUE,FALSE,TRUE,TRUE,TRUE,TRUE,"structural_absence_boundary_at_zero","ok","",""
"Qiita13631ASD","ASD Dan 2020",84,"balanced","Sutterella",1,1,1,100,100,14363,TRUE,TRUE,FALSE,TRUE,TRUE,TRUE,TRUE,"no_observed_zeros","ok","",""
"Qiita13631ASD","ASD Dan 2020",84,"balanced","Veillonella",0.99,0.99,0.99,99,99,6617,TRUE,TRUE,FALSE,TRUE,TRUE,TRUE,TRUE,"structural_absence_boundary_at_zero","ok","",""
"Qiita13631ASD","ASD Dan 2020",84,"fourfold","[Prevotella]",0.49,0.39,0.59,39,59,1868,TRUE,TRUE,TRUE,FALSE,TRUE,TRUE,TRUE,"ok","ok","",""
"Qiita13631ASD","ASD Dan 2020",84,"fourfold","[Ruminococcus]",0.99,0.99,0.99,99,99,11560,TRUE,TRUE,TRUE,FALSE,TRUE,TRUE,TRUE,"ok","ok","",""
"Qiita13631ASD","ASD Dan 2020",84,"fourfold","Akkermansia",0.695,0.51,0.88,51,88,2758,TRUE,TRUE,FALSE,TRUE,TRUE,TRUE,TRUE,"structural_absence_boundary_at_zero","ok","",""
"Qiita13631ASD","ASD Dan 2020",84,"fourfold","Anaerostipes",0.92,0.85,0.99,85,99,2353,TRUE,TRUE,TRUE,FALSE,TRUE,TRUE,TRUE,"ok","ok","",""
"Qiita13631ASD","ASD Dan 2020",84,"fourfold","Bacteroides",1,1,1,100,100,292281,TRUE,TRUE,FALSE,TRUE,TRUE,TRUE,TRUE,"no_observed_zeros","ok","",""
"Qiita13631ASD","ASD Dan 2020",84,"fourfold","Bifidobacterium",0.935,0.88,0.99,88,99,9921,TRUE,TRUE,FALSE,TRUE,TRUE,TRUE,TRUE,"structural_absence_boundary_at_zero","ok","",""
"Qiita13631ASD","ASD Dan 2020",84,"fourfold","Bilophila",0.87,0.78,0.96,78,96,1583,TRUE,TRUE,TRUE,FALSE,TRUE,TRUE,TRUE,"ok","ok","",""
"Qiita13631ASD","ASD Dan 2020",84,"fourfold","Blautia",0.995,0.99,1,99,100,4919,TRUE,TRUE,FALSE,TRUE,TRUE,TRUE,TRUE,"structural_absence_boundary_at_zero","ok","",""
"Qiita13631ASD","ASD Dan 2020",84,"fourfold","Clostridium",1,1,1,100,100,8814,TRUE,TRUE,FALSE,TRUE,TRUE,TRUE,TRUE,"no_observed_zeros","ok","",""
"Qiita13631ASD","ASD Dan 2020",84,"fourfold","Collinsella",0.65,0.45,0.85,45,85,744,TRUE,TRUE,FALSE,TRUE,TRUE,TRUE,TRUE,"structural_absence_boundary_at_zero","ok","",""
"Qiita13631ASD","ASD Dan 2020",84,"fourfold","Coprococcus",0.995,0.99,1,99,100,6008,TRUE,TRUE,FALSE,TRUE,TRUE,TRUE,TRUE,"structural_absence_boundary_at_zero","ok","",""
"Qiita13631ASD","ASD Dan 2020",84,"fourfold","Dialister",0.99,0.99,0.99,99,99,22105,TRUE,TRUE,TRUE,FALSE,TRUE,TRUE,TRUE,"ok","ok","",""
"Qiita13631ASD","ASD Dan 2020",84,"fourfold","Dorea",0.99,0.98,1,98,100,5130,TRUE,TRUE,FALSE,TRUE,TRUE,TRUE,TRUE,"structural_absence_boundary_at_zero","ok","",""
"Qiita13631ASD","ASD Dan 2020",84,"fourfold","Faecalibacterium",1,1,1,100,100,73171,TRUE,TRUE,FALSE,TRUE,TRUE,TRUE,TRUE,"no_observed_zeros","ok","",""
"Qiita13631ASD","ASD Dan 2020",84,"fourfold","Fusobacterium",0.445,0.35,0.54,35,54,1018,TRUE,TRUE,FALSE,TRUE,TRUE,TRUE,TRUE,"structural_absence_boundary_at_zero","ok","",""
"Qiita13631ASD","ASD Dan 2020",84,"fourfold","Haemophilus",0.9,0.84,0.96,84,96,5226,TRUE,TRUE,FALSE,TRUE,TRUE,TRUE,TRUE,"structural_absence_boundary_at_zero","ok","",""
"Qiita13631ASD","ASD Dan 2020",84,"fourfold","Lachnobacterium",0.645,0.52,0.77,52,77,1060,TRUE,TRUE,TRUE,FALSE,TRUE,TRUE,TRUE,"ok","ok","",""
"Qiita13631ASD","ASD Dan 2020",84,"fourfold","Lachnospira",1,1,1,100,100,25031,TRUE,TRUE,FALSE,TRUE,TRUE,TRUE,TRUE,"no_observed_zeros","ok","",""
"Qiita13631ASD","ASD Dan 2020",84,"fourfold","Megamonas",0.97,0.94,1,94,100,23234,TRUE,TRUE,FALSE,TRUE,TRUE,TRUE,TRUE,"structural_absence_boundary_at_zero","ok","",""
"Qiita13631ASD","ASD Dan 2020",84,"fourfold","Megasphaera",0.805,0.68,0.93,68,93,3118,TRUE,TRUE,FALSE,TRUE,TRUE,TRUE,TRUE,"structural_absence_boundary_at_zero","ok","",""
"Qiita13631ASD","ASD Dan 2020",84,"fourfold","Oscillospira",1,1,1,100,100,10580,TRUE,TRUE,FALSE,TRUE,TRUE,TRUE,TRUE,"no_observed_zeros","ok","",""
"Qiita13631ASD","ASD Dan 2020",84,"fourfold","Parabacteroides",1,1,1,100,100,22529,TRUE,TRUE,FALSE,TRUE,TRUE,TRUE,TRUE,"no_observed_zeros","ok","",""
"Qiita13631ASD","ASD Dan 2020",84,"fourfold","Paraprevotella",0.76,0.64,0.88,64,88,1961,TRUE,TRUE,TRUE,FALSE,TRUE,TRUE,TRUE,"ok","ok","",""
"Qiita13631ASD","ASD Dan 2020",84,"fourfold","Phascolarctobacterium",0.985,0.98,0.99,98,99,7909,TRUE,TRUE,FALSE,TRUE,TRUE,TRUE,TRUE,"structural_absence_boundary_at_zero","ok","",""
"Qiita13631ASD","ASD Dan 2020",84,"fourfold","Prevotella",0.97,0.96,0.98,96,98,45565,TRUE,TRUE,TRUE,FALSE,TRUE,TRUE,TRUE,"ok","ok","",""
"Qiita13631ASD","ASD Dan 2020",84,"fourfold","Roseburia",1,1,1,100,100,12061,TRUE,TRUE,FALSE,TRUE,TRUE,TRUE,TRUE,"no_observed_zeros","ok","",""
"Qiita13631ASD","ASD Dan 2020",84,"fourfold","Ruminococcus",1,1,1,100,100,27060,TRUE,TRUE,FALSE,TRUE,TRUE,TRUE,TRUE,"no_observed_zeros","ok","",""
"Qiita13631ASD","ASD Dan 2020",84,"fourfold","Streptococcus",0.93,0.9,0.96,90,96,2468,TRUE,TRUE,TRUE,FALSE,TRUE,TRUE,TRUE,"ok","ok","",""
"Qiita13631ASD","ASD Dan 2020",84,"fourfold","Sutterella",1,1,1,100,100,13176,TRUE,TRUE,FALSE,TRUE,TRUE,TRUE,TRUE,"no_observed_zeros","ok","",""
"Qiita13631ASD","ASD Dan 2020",84,"fourfold","Veillonella",0.965,0.94,0.99,94,99,5851,TRUE,TRUE,FALSE,TRUE,TRUE,TRUE,TRUE,"structural_absence_boundary_at_zero","ok","",""
"Qiita13631ASD","ASD Dan 2020",85,"balanced","[Prevotella]",0.55,0.5,0.6,50,60,1504,TRUE,TRUE,TRUE,FALSE,TRUE,TRUE,TRUE,"ok","ok","",""
"Qiita13631ASD","ASD Dan 2020",85,"balanced","[Ruminococcus]",1,1,1,100,100,11831,TRUE,TRUE,FALSE,TRUE,TRUE,TRUE,TRUE,"no_observed_zeros","ok","",""
"Qiita13631ASD","ASD Dan 2020",85,"balanced","Akkermansia",0.73,0.78,0.68,78,68,2843,TRUE,TRUE,FALSE,TRUE,TRUE,TRUE,TRUE,"structural_absence_boundary_at_zero","ok","",""
"Qiita13631ASD","ASD Dan 2020",85,"balanced","Anaerostipes",0.965,0.96,0.97,96,97,2553,TRUE,TRUE,TRUE,FALSE,TRUE,TRUE,TRUE,"ok","ok","",""
"Qiita13631ASD","ASD Dan 2020",85,"balanced","Bacteroides",1,1,1,100,100,299162,TRUE,TRUE,FALSE,TRUE,TRUE,TRUE,TRUE,"no_observed_zeros","ok","",""
"Qiita13631ASD","ASD Dan 2020",85,"balanced","Bifidobacterium",0.975,1,0.95,100,95,9141,TRUE,TRUE,FALSE,TRUE,TRUE,TRUE,TRUE,"structural_absence_boundary_at_zero","ok","",""
"Qiita13631ASD","ASD Dan 2020",85,"balanced","Bilophila",0.97,0.97,0.97,97,97,1447,TRUE,TRUE,FALSE,TRUE,TRUE,TRUE,TRUE,"structural_absence_boundary_at_zero","ok","",""
"Qiita13631ASD","ASD Dan 2020",85,"balanced","Blautia",0.995,0.99,1,99,100,5174,TRUE,TRUE,TRUE,FALSE,TRUE,TRUE,TRUE,"ok","ok","",""
"Qiita13631ASD","ASD Dan 2020",85,"balanced","Clostridium",1,1,1,100,100,9376,TRUE,TRUE,FALSE,TRUE,TRUE,TRUE,TRUE,"no_observed_zeros","ok","",""
"Qiita13631ASD","ASD Dan 2020",85,"balanced","Collinsella",0.68,0.7,0.66,70,66,1064,TRUE,TRUE,FALSE,TRUE,TRUE,TRUE,TRUE,"structural_absence_boundary_at_zero","ok","",""
"Qiita13631ASD","ASD Dan 2020",85,"balanced","Coprococcus",0.995,0.99,1,99,100,6654,TRUE,TRUE,TRUE,FALSE,TRUE,TRUE,TRUE,"ok","ok","",""
"Qiita13631ASD","ASD Dan 2020",85,"balanced","Dialister",1,1,1,100,100,21497,TRUE,TRUE,FALSE,TRUE,TRUE,TRUE,TRUE,"no_observed_zeros","ok","",""
"Qiita13631ASD","ASD Dan 2020",85,"balanced","Dorea",0.995,0.99,1,99,100,5118,TRUE,TRUE,TRUE,FALSE,TRUE,TRUE,TRUE,"ok","ok","",""
"Qiita13631ASD","ASD Dan 2020",85,"balanced","Faecalibacterium",1,1,1,100,100,74671,TRUE,TRUE,FALSE,TRUE,TRUE,TRUE,TRUE,"no_observed_zeros","ok","",""
"Qiita13631ASD","ASD Dan 2020",85,"balanced","Fusobacterium",0.5,0.51,0.49,51,49,1662,TRUE,TRUE,FALSE,TRUE,TRUE,TRUE,TRUE,"structural_absence_boundary_at_zero","ok","",""
"Qiita13631ASD","ASD Dan 2020",85,"balanced","Haemophilus",0.97,0.96,0.98,96,98,6151,TRUE,TRUE,FALSE,TRUE,TRUE,TRUE,TRUE,"structural_absence_boundary_at_zero","ok","",""
"Qiita13631ASD","ASD Dan 2020",85,"balanced","Lachnobacterium",0.755,0.74,0.77,74,77,1091,TRUE,TRUE,FALSE,TRUE,TRUE,TRUE,TRUE,"structural_absence_boundary_at_zero","ok","",""
"Qiita13631ASD","ASD Dan 2020",85,"balanced","Lachnospira",1,1,1,100,100,25239,TRUE,TRUE,FALSE,TRUE,TRUE,TRUE,TRUE,"no_observed_zeros","ok","",""
"Qiita13631ASD","ASD Dan 2020",85,"balanced","Megamonas",1,1,1,100,100,17188,TRUE,TRUE,FALSE,TRUE,TRUE,TRUE,TRUE,"no_observed_zeros","ok","",""
"Qiita13631ASD","ASD Dan 2020",85,"balanced","Megasphaera",0.865,0.89,0.84,89,84,2863,TRUE,TRUE,FALSE,TRUE,TRUE,TRUE,TRUE,"structural_absence_boundary_at_zero","ok","",""
"Qiita13631ASD","ASD Dan 2020",85,"balanced","Oscillospira",1,1,1,100,100,10631,TRUE,TRUE,FALSE,TRUE,TRUE,TRUE,TRUE,"no_observed_zeros","ok","",""
"Qiita13631ASD","ASD Dan 2020",85,"balanced","Parabacteroides",1,1,1,100,100,23988,TRUE,TRUE,FALSE,TRUE,TRUE,TRUE,TRUE,"no_observed_zeros","ok","",""
"Qiita13631ASD","ASD Dan 2020",85,"balanced","Paraprevotella",0.84,0.81,0.87,81,87,2148,TRUE,TRUE,FALSE,TRUE,TRUE,TRUE,TRUE,"structural_absence_boundary_at_zero","ok","",""
"Qiita13631ASD","ASD Dan 2020",85,"balanced","Phascolarctobacterium",0.985,0.99,0.98,99,98,9212,TRUE,TRUE,FALSE,TRUE,TRUE,TRUE,TRUE,"structural_absence_boundary_at_zero","ok","",""
"Qiita13631ASD","ASD Dan 2020",85,"balanced","Prevotella",0.99,0.98,1,98,100,54995,TRUE,TRUE,FALSE,TRUE,TRUE,TRUE,TRUE,"structural_absence_boundary_at_zero","ok","",""
"Qiita13631ASD","ASD Dan 2020",85,"balanced","Roseburia",1,1,1,100,100,13134,TRUE,TRUE,FALSE,TRUE,TRUE,TRUE,TRUE,"no_observed_zeros","ok","",""
"Qiita13631ASD","ASD Dan 2020",85,"balanced","Ruminococcus",1,1,1,100,100,27429,TRUE,TRUE,FALSE,TRUE,TRUE,TRUE,TRUE,"no_observed_zeros","ok","",""
"Qiita13631ASD","ASD Dan 2020",85,"balanced","Streptococcus",0.98,0.98,0.98,98,98,2765,TRUE,TRUE,FALSE,TRUE,TRUE,TRUE,TRUE,"structural_absence_boundary_at_zero","ok","",""
"Qiita13631ASD","ASD Dan 2020",85,"balanced","Sutterella",1,1,1,100,100,13193,TRUE,TRUE,FALSE,TRUE,TRUE,TRUE,TRUE,"no_observed_zeros","ok","",""
"Qiita13631ASD","ASD Dan 2020",85,"balanced","Veillonella",0.985,0.98,0.99,98,99,5887,TRUE,TRUE,FALSE,TRUE,TRUE,TRUE,TRUE,"structural_absence_boundary_at_zero","ok","",""
"Qiita13631ASD","ASD Dan 2020",85,"fourfold","[Prevotella]",0.475,0.31,0.64,31,64,1526,TRUE,TRUE,TRUE,FALSE,TRUE,TRUE,TRUE,"ok","ok","",""
"Qiita13631ASD","ASD Dan 2020",85,"fourfold","[Ruminococcus]",1,1,1,100,100,10898,TRUE,TRUE,FALSE,TRUE,TRUE,TRUE,TRUE,"no_observed_zeros","ok","",""
"Qiita13631ASD","ASD Dan 2020",85,"fourfold","Akkermansia",0.755,0.66,0.85,66,85,2069,TRUE,TRUE,FALSE,TRUE,TRUE,TRUE,TRUE,"structural_absence_boundary_at_zero","ok","",""
"Qiita13631ASD","ASD Dan 2020",85,"fourfold","Anaerostipes",0.965,0.93,1,93,100,2476,TRUE,TRUE,FALSE,TRUE,TRUE,TRUE,TRUE,"structural_absence_boundary_at_zero","ok","",""
"Qiita13631ASD","ASD Dan 2020",85,"fourfold","Bacteroides",1,1,1,100,100,285716,TRUE,TRUE,FALSE,TRUE,TRUE,TRUE,TRUE,"no_observed_zeros","ok","",""
"Qiita13631ASD","ASD Dan 2020",85,"fourfold","Bifidobacterium",0.92,0.86,0.98,86,98,8078,TRUE,TRUE,FALSE,TRUE,TRUE,TRUE,TRUE,"structural_absence_boundary_at_zero","ok","",""
"Qiita13631ASD","ASD Dan 2020",85,"fourfold","Bilophila",0.875,0.77,0.98,77,98,1363,TRUE,TRUE,FALSE,TRUE,TRUE,TRUE,TRUE,"structural_absence_boundary_at_zero","ok","",""
"Qiita13631ASD","ASD Dan 2020",85,"fourfold","Blautia",0.99,0.98,1,98,100,4800,TRUE,TRUE,TRUE,FALSE,TRUE,TRUE,TRUE,"ok","ok","",""
"Qiita13631ASD","ASD Dan 2020",85,"fourfold","Clostridium",0.995,0.99,1,99,100,9465,TRUE,TRUE,FALSE,TRUE,TRUE,TRUE,TRUE,"structural_absence_boundary_at_zero","ok","",""
"Qiita13631ASD","ASD Dan 2020",85,"fourfold","Collinsella",0.69,0.52,0.86,52,86,1063,TRUE,TRUE,FALSE,TRUE,TRUE,TRUE,TRUE,"structural_absence_boundary_at_zero","ok","",""
"Qiita13631ASD","ASD Dan 2020",85,"fourfold","Coprococcus",0.99,0.98,1,98,100,6396,TRUE,TRUE,FALSE,TRUE,TRUE,TRUE,TRUE,"structural_absence_boundary_at_zero","ok","",""
"Qiita13631ASD","ASD Dan 2020",85,"fourfold","Dialister",1,1,1,100,100,19244,TRUE,TRUE,FALSE,TRUE,TRUE,TRUE,TRUE,"no_observed_zeros","ok","",""
"Qiita13631ASD","ASD Dan 2020",85,"fourfold","Dorea",0.99,0.98,1,98,100,4721,TRUE,TRUE,FALSE,TRUE,TRUE,TRUE,TRUE,"structural_absence_boundary_at_zero","ok","",""
"Qiita13631ASD","ASD Dan 2020",85,"fourfold","Faecalibacterium",1,1,1,100,100,70643,TRUE,TRUE,FALSE,TRUE,TRUE,TRUE,TRUE,"no_observed_zeros","ok","",""
"Qiita13631ASD","ASD Dan 2020",85,"fourfold","Fusobacterium",0.495,0.35,0.64,35,64,1934,TRUE,TRUE,FALSE,TRUE,TRUE,TRUE,TRUE,"structural_absence_boundary_at_zero","ok","",""
"Qiita13631ASD","ASD Dan 2020",85,"fourfold","Haemophilus",0.905,0.82,0.99,82,99,4611,TRUE,TRUE,FALSE,TRUE,TRUE,TRUE,TRUE,"structural_absence_boundary_at_zero","ok","",""
"Qiita13631ASD","ASD Dan 2020",85,"fourfold","Lachnobacterium",0.635,0.5,0.77,50,77,1014,TRUE,TRUE,TRUE,FALSE,TRUE,TRUE,TRUE,"ok","ok","",""
"Qiita13631ASD","ASD Dan 2020",85,"fourfold","Lachnospira",1,1,1,100,100,24135,TRUE,TRUE,FALSE,TRUE,TRUE,TRUE,TRUE,"no_observed_zeros","ok","",""
"Qiita13631ASD","ASD Dan 2020",85,"fourfold","Megamonas",0.965,0.93,1,93,100,15437,TRUE,TRUE,FALSE,TRUE,TRUE,TRUE,TRUE,"structural_absence_boundary_at_zero","ok","",""
"Qiita13631ASD","ASD Dan 2020",85,"fourfold","Megasphaera",0.805,0.73,0.88,73,88,2433,TRUE,TRUE,FALSE,TRUE,TRUE,TRUE,TRUE,"structural_absence_boundary_at_zero","ok","",""
"Qiita13631ASD","ASD Dan 2020",85,"fourfold","Oscillospira",1,1,1,100,100,10201,TRUE,TRUE,FALSE,TRUE,TRUE,TRUE,TRUE,"no_observed_zeros","ok","",""
"Qiita13631ASD","ASD Dan 2020",85,"fourfold","Parabacteroides",1,1,1,100,100,21275,TRUE,TRUE,FALSE,TRUE,TRUE,TRUE,TRUE,"no_observed_zeros","ok","",""
"Qiita13631ASD","ASD Dan 2020",85,"fourfold","Paraprevotella",0.75,0.62,0.88,62,88,2072,TRUE,TRUE,FALSE,TRUE,TRUE,TRUE,TRUE,"structural_absence_boundary_at_zero","ok","",""
"Qiita13631ASD","ASD Dan 2020",85,"fourfold","Phascolarctobacterium",0.98,0.96,1,96,100,8622,TRUE,TRUE,FALSE,TRUE,TRUE,TRUE,TRUE,"structural_absence_boundary_at_zero","ok","",""
"Qiita13631ASD","ASD Dan 2020",85,"fourfold","Prevotella",0.985,0.98,0.99,98,99,49332,TRUE,TRUE,FALSE,TRUE,TRUE,TRUE,TRUE,"structural_absence_boundary_at_zero","ok","",""
"Qiita13631ASD","ASD Dan 2020",85,"fourfold","Roseburia",1,1,1,100,100,10559,TRUE,TRUE,FALSE,TRUE,TRUE,TRUE,TRUE,"no_observed_zeros","ok","",""
"Qiita13631ASD","ASD Dan 2020",85,"fourfold","Ruminococcus",1,1,1,100,100,27417,TRUE,TRUE,FALSE,TRUE,TRUE,TRUE,TRUE,"no_observed_zeros","ok","",""
"Qiita13631ASD","ASD Dan 2020",85,"fourfold","Streptococcus",0.945,0.9,0.99,90,99,2230,TRUE,TRUE,FALSE,TRUE,TRUE,TRUE,TRUE,"structural_absence_boundary_at_zero","ok","",""
"Qiita13631ASD","ASD Dan 2020",85,"fourfold","Sutterella",1,1,1,100,100,13058,TRUE,TRUE,FALSE,TRUE,TRUE,TRUE,TRUE,"no_observed_zeros","ok","",""
"Qiita13631ASD","ASD Dan 2020",85,"fourfold","Veillonella",0.975,0.96,0.99,96,99,5262,TRUE,TRUE,FALSE,TRUE,TRUE,TRUE,TRUE,"structural_absence_boundary_at_zero","ok","",""
"Qiita13631ASD","ASD Dan 2020",86,"balanced","[Prevotella]",0.56,0.56,0.56,56,56,1563,TRUE,TRUE,TRUE,FALSE,TRUE,TRUE,TRUE,"ok","ok","",""
"Qiita13631ASD","ASD Dan 2020",86,"balanced","[Ruminococcus]",1,1,1,100,100,11938,TRUE,TRUE,FALSE,TRUE,TRUE,TRUE,TRUE,"no_observed_zeros","ok","",""
"Qiita13631ASD","ASD Dan 2020",86,"balanced","Akkermansia",0.77,0.82,0.72,82,72,3877,TRUE,TRUE,FALSE,TRUE,TRUE,TRUE,TRUE,"structural_absence_boundary_at_zero","ok","",""
"Qiita13631ASD","ASD Dan 2020",86,"balanced","Anaerostipes",0.975,0.98,0.97,98,97,2574,TRUE,TRUE,TRUE,FALSE,TRUE,TRUE,TRUE,"ok","ok","",""
"Qiita13631ASD","ASD Dan 2020",86,"balanced","Bacteroides",1,1,1,100,100,311162,TRUE,TRUE,FALSE,TRUE,TRUE,TRUE,TRUE,"no_observed_zeros","ok","",""
"Qiita13631ASD","ASD Dan 2020",86,"balanced","Bifidobacterium",0.975,0.99,0.96,99,96,9271,TRUE,TRUE,FALSE,TRUE,TRUE,TRUE,TRUE,"structural_absence_boundary_at_zero","ok","",""
"Qiita13631ASD","ASD Dan 2020",86,"balanced","Bilophila",0.96,0.94,0.98,94,98,1517,TRUE,TRUE,FALSE,TRUE,TRUE,TRUE,TRUE,"structural_absence_boundary_at_zero","ok","",""
"Qiita13631ASD","ASD Dan 2020",86,"balanced","Blautia",1,1,1,100,100,5589,TRUE,TRUE,FALSE,TRUE,TRUE,TRUE,TRUE,"no_observed_zeros","ok","",""
"Qiita13631ASD","ASD Dan 2020",86,"balanced","Clostridium",1,1,1,100,100,8439,TRUE,TRUE,FALSE,TRUE,TRUE,TRUE,TRUE,"no_observed_zeros","ok","",""
"Qiita13631ASD","ASD Dan 2020",86,"balanced","Collinsella",0.74,0.76,0.72,76,72,979,TRUE,TRUE,FALSE,TRUE,TRUE,TRUE,TRUE,"structural_absence_boundary_at_zero","ok","",""
"Qiita13631ASD","ASD Dan 2020",86,"balanced","Coprococcus",1,1,1,100,100,7045,TRUE,TRUE,FALSE,TRUE,TRUE,TRUE,TRUE,"no_observed_zeros","ok","",""
"Qiita13631ASD","ASD Dan 2020",86,"balanced","Dialister",1,1,1,100,100,22997,TRUE,TRUE,FALSE,TRUE,TRUE,TRUE,TRUE,"no_observed_zeros","ok","",""
"Qiita13631ASD","ASD Dan 2020",86,"balanced","Dorea",1,1,1,100,100,5601,TRUE,TRUE,FALSE,TRUE,TRUE,TRUE,TRUE,"no_observed_zeros","ok","",""
"Qiita13631ASD","ASD Dan 2020",86,"balanced","Faecalibacterium",1,1,1,100,100,75871,TRUE,TRUE,FALSE,TRUE,TRUE,TRUE,TRUE,"no_observed_zeros","ok","",""
"Qiita13631ASD","ASD Dan 2020",86,"balanced","Fusobacterium",0.505,0.54,0.47,54,47,1682,TRUE,TRUE,FALSE,TRUE,TRUE,TRUE,TRUE,"structural_absence_boundary_at_zero","ok","",""
"Qiita13631ASD","ASD Dan 2020",86,"balanced","Haemophilus",0.97,0.97,0.97,97,97,5661,TRUE,TRUE,FALSE,TRUE,TRUE,TRUE,TRUE,"structural_absence_boundary_at_zero","ok","",""
"Qiita13631ASD","ASD Dan 2020",86,"balanced","Lachnobacterium",0.705,0.74,0.67,74,67,1304,TRUE,TRUE,TRUE,FALSE,TRUE,TRUE,TRUE,"ok","ok","",""
"Qiita13631ASD","ASD Dan 2020",86,"balanced","Lachnospira",1,1,1,100,100,26074,TRUE,TRUE,FALSE,TRUE,TRUE,TRUE,TRUE,"no_observed_zeros","ok","",""
"Qiita13631ASD","ASD Dan 2020",86,"balanced","Megamonas",1,1,1,100,100,21362,TRUE,TRUE,FALSE,TRUE,TRUE,TRUE,TRUE,"no_observed_zeros","ok","",""
"Qiita13631ASD","ASD Dan 2020",86,"balanced","Megasphaera",0.85,0.88,0.82,88,82,3593,TRUE,TRUE,FALSE,TRUE,TRUE,TRUE,TRUE,"structural_absence_boundary_at_zero","ok","",""
"Qiita13631ASD","ASD Dan 2020",86,"balanced","Oscillospira",1,1,1,100,100,11322,TRUE,TRUE,FALSE,TRUE,TRUE,TRUE,TRUE,"no_observed_zeros","ok","",""
"Qiita13631ASD","ASD Dan 2020",86,"balanced","Parabacteroides",1,1,1,100,100,24075,TRUE,TRUE,FALSE,TRUE,TRUE,TRUE,TRUE,"no_observed_zeros","ok","",""
"Qiita13631ASD","ASD Dan 2020",86,"balanced","Paraprevotella",0.79,0.81,0.77,81,77,2463,TRUE,TRUE,TRUE,FALSE,TRUE,TRUE,TRUE,"ok","ok","",""
"Qiita13631ASD","ASD Dan 2020",86,"balanced","Phascolarctobacterium",0.995,1,0.99,100,99,9409,TRUE,TRUE,FALSE,TRUE,TRUE,TRUE,TRUE,"structural_absence_boundary_at_zero","ok","",""
"Qiita13631ASD","ASD Dan 2020",86,"balanced","Prevotella",0.995,1,0.99,100,99,55899,TRUE,TRUE,FALSE,TRUE,TRUE,TRUE,TRUE,"structural_absence_boundary_at_zero","ok","",""
"Qiita13631ASD","ASD Dan 2020",86,"balanced","Roseburia",1,1,1,100,100,12840,TRUE,TRUE,FALSE,TRUE,TRUE,TRUE,TRUE,"no_observed_zeros","ok","",""
"Qiita13631ASD","ASD Dan 2020",86,"balanced","Ruminococcus",1,1,1,100,100,28987,TRUE,TRUE,FALSE,TRUE,TRUE,TRUE,TRUE,"no_observed_zeros","ok","",""
"Qiita13631ASD","ASD Dan 2020",86,"balanced","Streptococcus",0.96,0.94,0.98,94,98,2669,TRUE,TRUE,TRUE,FALSE,TRUE,TRUE,TRUE,"ok","ok","",""
"Qiita13631ASD","ASD Dan 2020",86,"balanced","Sutterella",1,1,1,100,100,14303,TRUE,TRUE,FALSE,TRUE,TRUE,TRUE,TRUE,"no_observed_zeros","ok","",""
"Qiita13631ASD","ASD Dan 2020",86,"balanced","Veillonella",0.99,0.99,0.99,99,99,6056,TRUE,TRUE,FALSE,TRUE,TRUE,TRUE,TRUE,"structural_absence_boundary_at_zero","ok","",""
"Qiita13631ASD","ASD Dan 2020",86,"fourfold","[Prevotella]",0.475,0.42,0.53,42,53,1385,TRUE,TRUE,TRUE,FALSE,TRUE,TRUE,TRUE,"ok","ok","",""
"Qiita13631ASD","ASD Dan 2020",86,"fourfold","[Ruminococcus]",1,1,1,100,100,11401,TRUE,TRUE,FALSE,TRUE,TRUE,TRUE,TRUE,"no_observed_zeros","ok","",""
"Qiita13631ASD","ASD Dan 2020",86,"fourfold","Akkermansia",0.715,0.63,0.8,63,80,1961,TRUE,TRUE,FALSE,TRUE,TRUE,TRUE,TRUE,"structural_absence_boundary_at_zero","ok","",""
"Qiita13631ASD","ASD Dan 2020",86,"fourfold","Anaerostipes",0.915,0.88,0.95,88,95,2719,TRUE,TRUE,TRUE,FALSE,TRUE,TRUE,TRUE,"ok","ok","",""
"Qiita13631ASD","ASD Dan 2020",86,"fourfold","Bacteroides",1,1,1,100,100,286406,TRUE,TRUE,FALSE,TRUE,TRUE,TRUE,TRUE,"no_observed_zeros","ok","",""
"Qiita13631ASD","ASD Dan 2020",86,"fourfold","Bifidobacterium",0.925,0.86,0.99,86,99,7228,TRUE,TRUE,FALSE,TRUE,TRUE,TRUE,TRUE,"structural_absence_boundary_at_zero","ok","",""
"Qiita13631ASD","ASD Dan 2020",86,"fourfold","Bilophila",0.905,0.85,0.96,85,96,1465,TRUE,TRUE,TRUE,FALSE,TRUE,TRUE,TRUE,"ok","ok","",""
"Qiita13631ASD","ASD Dan 2020",86,"fourfold","Blautia",1,1,1,100,100,5324,TRUE,TRUE,FALSE,TRUE,TRUE,TRUE,TRUE,"no_observed_zeros","ok","",""
"Qiita13631ASD","ASD Dan 2020",86,"fourfold","Clostridium",0.995,0.99,1,99,100,8876,TRUE,TRUE,FALSE,TRUE,TRUE,TRUE,TRUE,"structural_absence_boundary_at_zero","ok","",""
"Qiita13631ASD","ASD Dan 2020",86,"fourfold","Collinsella",0.62,0.49,0.75,49,75,917,TRUE,TRUE,FALSE,TRUE,TRUE,TRUE,TRUE,"structural_absence_boundary_at_zero","ok","",""
"Qiita13631ASD","ASD Dan 2020",86,"fourfold","Coprococcus",0.995,0.99,1,99,100,6833,TRUE,TRUE,FALSE,TRUE,TRUE,TRUE,TRUE,"structural_absence_boundary_at_zero","ok","",""
"Qiita13631ASD","ASD Dan 2020",86,"fourfold","Dialister",0.995,0.99,1,99,100,19870,TRUE,TRUE,FALSE,TRUE,TRUE,TRUE,TRUE,"structural_absence_boundary_at_zero","ok","",""
"Qiita13631ASD","ASD Dan 2020",86,"fourfold","Dorea",0.995,0.99,1,99,100,4955,TRUE,TRUE,FALSE,TRUE,TRUE,TRUE,TRUE,"structural_absence_boundary_at_zero","ok","",""
"Qiita13631ASD","ASD Dan 2020",86,"fourfold","Faecalibacterium",1,1,1,100,100,69639,TRUE,TRUE,FALSE,TRUE,TRUE,TRUE,TRUE,"no_observed_zeros","ok","",""
"Qiita13631ASD","ASD Dan 2020",86,"fourfold","Fusobacterium",0.46,0.38,0.54,38,54,704,TRUE,TRUE,FALSE,TRUE,TRUE,TRUE,TRUE,"structural_absence_boundary_at_zero","ok","",""
"Qiita13631ASD","ASD Dan 2020",86,"fourfold","Haemophilus",0.91,0.83,0.99,83,99,6096,TRUE,TRUE,FALSE,TRUE,TRUE,TRUE,TRUE,"structural_absence_boundary_at_zero","ok","",""
"Qiita13631ASD","ASD Dan 2020",86,"fourfold","Lachnobacterium",0.66,0.5,0.82,50,82,1516,TRUE,TRUE,TRUE,FALSE,TRUE,TRUE,TRUE,"ok","ok","",""
"Qiita13631ASD","ASD Dan 2020",86,"fourfold","Lachnospira",1,1,1,100,100,24915,TRUE,TRUE,FALSE,TRUE,TRUE,TRUE,TRUE,"no_observed_zeros","ok","",""
"Qiita13631ASD","ASD Dan 2020",86,"fourfold","Megamonas",0.98,0.96,1,96,100,16742,TRUE,TRUE,FALSE,TRUE,TRUE,TRUE,TRUE,"structural_absence_boundary_at_zero","ok","",""
"Qiita13631ASD","ASD Dan 2020",86,"fourfold","Megasphaera",0.795,0.7,0.89,70,89,3285,TRUE,TRUE,FALSE,TRUE,TRUE,TRUE,TRUE,"structural_absence_boundary_at_zero","ok","",""
"Qiita13631ASD","ASD Dan 2020",86,"fourfold","Oscillospira",1,1,1,100,100,9871,TRUE,TRUE,FALSE,TRUE,TRUE,TRUE,TRUE,"no_observed_zeros","ok","",""
"Qiita13631ASD","ASD Dan 2020",86,"fourfold","Parabacteroides",1,1,1,100,100,22702,TRUE,TRUE,FALSE,TRUE,TRUE,TRUE,TRUE,"no_observed_zeros","ok","",""
"Qiita13631ASD","ASD Dan 2020",86,"fourfold","Paraprevotella",0.76,0.65,0.87,65,87,2058,TRUE,TRUE,FALSE,TRUE,TRUE,TRUE,TRUE,"structural_absence_boundary_at_zero","ok","",""
"Qiita13631ASD","ASD Dan 2020",86,"fourfold","Phascolarctobacterium",0.985,0.97,1,97,100,9158,TRUE,TRUE,FALSE,TRUE,TRUE,TRUE,TRUE,"structural_absence_boundary_at_zero","ok","",""
"Qiita13631ASD","ASD Dan 2020",86,"fourfold","Prevotella",0.995,0.99,1,99,100,50615,TRUE,TRUE,FALSE,TRUE,TRUE,TRUE,TRUE,"structural_absence_boundary_at_zero","ok","",""
"Qiita13631ASD","ASD Dan 2020",86,"fourfold","Roseburia",1,1,1,100,100,12228,TRUE,TRUE,FALSE,TRUE,TRUE,TRUE,TRUE,"no_observed_zeros","ok","",""
"Qiita13631ASD","ASD Dan 2020",86,"fourfold","Ruminococcus",1,1,1,100,100,23917,TRUE,TRUE,FALSE,TRUE,TRUE,TRUE,TRUE,"no_observed_zeros","ok","",""
"Qiita13631ASD","ASD Dan 2020",86,"fourfold","Streptococcus",0.915,0.84,0.99,84,99,2521,TRUE,TRUE,FALSE,TRUE,TRUE,TRUE,TRUE,"structural_absence_boundary_at_zero","ok","",""
"Qiita13631ASD","ASD Dan 2020",86,"fourfold","Sutterella",1,1,1,100,100,13643,TRUE,TRUE,FALSE,TRUE,TRUE,TRUE,TRUE,"no_observed_zeros","ok","",""
"Qiita13631ASD","ASD Dan 2020",86,"fourfold","Veillonella",0.985,0.97,1,97,100,6088,TRUE,TRUE,FALSE,TRUE,TRUE,TRUE,TRUE,"structural_absence_boundary_at_zero","ok","",""
"Qiita13631ASD","ASD Dan 2020",87,"balanced","[Prevotella]",0.515,0.57,0.46,57,46,1333,TRUE,TRUE,TRUE,FALSE,TRUE,TRUE,TRUE,"ok","ok","",""
"Qiita13631ASD","ASD Dan 2020",87,"balanced","[Ruminococcus]",1,1,1,100,100,12545,TRUE,TRUE,FALSE,TRUE,TRUE,TRUE,TRUE,"no_observed_zeros","ok","",""
"Qiita13631ASD","ASD Dan 2020",87,"balanced","Akkermansia",0.78,0.79,0.77,79,77,4219,TRUE,TRUE,FALSE,TRUE,TRUE,TRUE,TRUE,"structural_absence_boundary_at_zero","ok","",""
"Qiita13631ASD","ASD Dan 2020",87,"balanced","Anaerostipes",0.96,0.95,0.97,95,97,2821,TRUE,TRUE,TRUE,FALSE,TRUE,TRUE,TRUE,"ok","ok","",""
"Qiita13631ASD","ASD Dan 2020",87,"balanced","Bacteroides",1,1,1,100,100,309252,TRUE,TRUE,FALSE,TRUE,TRUE,TRUE,TRUE,"no_observed_zeros","ok","",""
"Qiita13631ASD","ASD Dan 2020",87,"balanced","Bifidobacterium",0.97,0.98,0.96,98,96,10444,TRUE,TRUE,FALSE,TRUE,TRUE,TRUE,TRUE,"structural_absence_boundary_at_zero","ok","",""
"Qiita13631ASD","ASD Dan 2020",87,"balanced","Bilophila",0.955,0.94,0.97,94,97,1591,TRUE,TRUE,TRUE,FALSE,TRUE,TRUE,TRUE,"ok","ok","",""
"Qiita13631ASD","ASD Dan 2020",87,"balanced","Blautia",1,1,1,100,100,5372,TRUE,TRUE,FALSE,TRUE,TRUE,TRUE,TRUE,"no_observed_zeros","ok","",""
"Qiita13631ASD","ASD Dan 2020",87,"balanced","Clostridium",1,1,1,100,100,8255,TRUE,TRUE,FALSE,TRUE,TRUE,TRUE,TRUE,"no_observed_zeros","ok","",""
"Qiita13631ASD","ASD Dan 2020",87,"balanced","Collinsella",0.72,0.69,0.75,69,75,904,TRUE,TRUE,FALSE,TRUE,TRUE,TRUE,TRUE,"structural_absence_boundary_at_zero","ok","",""
"Qiita13631ASD","ASD Dan 2020",87,"balanced","Coprococcus",1,1,1,100,100,6788,TRUE,TRUE,FALSE,TRUE,TRUE,TRUE,TRUE,"no_observed_zeros","ok","",""
"Qiita13631ASD","ASD Dan 2020",87,"balanced","Dialister",1,1,1,100,100,21399,TRUE,TRUE,FALSE,TRUE,TRUE,TRUE,TRUE,"no_observed_zeros","ok","",""
"Qiita13631ASD","ASD Dan 2020",87,"balanced","Dorea",1,1,1,100,100,5516,TRUE,TRUE,FALSE,TRUE,TRUE,TRUE,TRUE,"no_observed_zeros","ok","",""
"Qiita13631ASD","ASD Dan 2020",87,"balanced","Faecalibacterium",1,1,1,100,100,74715,TRUE,TRUE,FALSE,TRUE,TRUE,TRUE,TRUE,"no_observed_zeros","ok","",""
"Qiita13631ASD","ASD Dan 2020",87,"balanced","Fusobacterium",0.47,0.55,0.39,55,39,2419,TRUE,TRUE,TRUE,FALSE,TRUE,TRUE,TRUE,"ok","ok","",""
"Qiita13631ASD","ASD Dan 2020",87,"balanced","Haemophilus",0.95,0.95,0.95,95,95,5991,TRUE,TRUE,FALSE,TRUE,TRUE,TRUE,TRUE,"structural_absence_boundary_at_zero","ok","",""
"Qiita13631ASD","ASD Dan 2020",87,"balanced","Lachnobacterium",0.725,0.7,0.75,70,75,1114,TRUE,TRUE,TRUE,FALSE,TRUE,TRUE,TRUE,"ok","ok","",""
"Qiita13631ASD","ASD Dan 2020",87,"balanced","Lachnospira",1,1,1,100,100,25436,TRUE,TRUE,FALSE,TRUE,TRUE,TRUE,TRUE,"no_observed_zeros","ok","",""
"Qiita13631ASD","ASD Dan 2020",87,"balanced","Megamonas",0.995,0.99,1,99,100,16807,TRUE,TRUE,FALSE,TRUE,TRUE,TRUE,TRUE,"structural_absence_boundary_at_zero","ok","",""
"Qiita13631ASD","ASD Dan 2020",87,"balanced","Megasphaera",0.845,0.83,0.86,83,86,3462,TRUE,TRUE,FALSE,TRUE,TRUE,TRUE,TRUE,"structural_absence_boundary_at_zero","ok","",""
"Qiita13631ASD","ASD Dan 2020",87,"balanced","Oscillospira",1,1,1,100,100,10955,TRUE,TRUE,FALSE,TRUE,TRUE,TRUE,TRUE,"no_observed_zeros","ok","",""
"Qiita13631ASD","ASD Dan 2020",87,"balanced","Parabacteroides",1,1,1,100,100,23203,TRUE,TRUE,FALSE,TRUE,TRUE,TRUE,TRUE,"no_observed_zeros","ok","",""
"Qiita13631ASD","ASD Dan 2020",87,"balanced","Paraprevotella",0.82,0.84,0.8,84,80,2053,TRUE,TRUE,TRUE,FALSE,TRUE,TRUE,TRUE,"ok","ok","",""
"Qiita13631ASD","ASD Dan 2020",87,"balanced","Phascolarctobacterium",0.995,0.99,1,99,100,10357,TRUE,TRUE,FALSE,TRUE,TRUE,TRUE,TRUE,"structural_absence_boundary_at_zero","ok","",""
"Qiita13631ASD","ASD Dan 2020",87,"balanced","Prevotella",1,1,1,100,100,48876,TRUE,TRUE,FALSE,TRUE,TRUE,TRUE,TRUE,"no_observed_zeros","ok","",""
"Qiita13631ASD","ASD Dan 2020",87,"balanced","Roseburia",1,1,1,100,100,11990,TRUE,TRUE,FALSE,TRUE,TRUE,TRUE,TRUE,"no_observed_zeros","ok","",""
"Qiita13631ASD","ASD Dan 2020",87,"balanced","Ruminococcus",1,1,1,100,100,26153,TRUE,TRUE,FALSE,TRUE,TRUE,TRUE,TRUE,"no_observed_zeros","ok","",""
"Qiita13631ASD","ASD Dan 2020",87,"balanced","Streptococcus",0.975,0.99,0.96,99,96,2762,TRUE,TRUE,FALSE,TRUE,TRUE,TRUE,TRUE,"structural_absence_boundary_at_zero","ok","",""
"Qiita13631ASD","ASD Dan 2020",87,"balanced","Sutterella",1,1,1,100,100,14257,TRUE,TRUE,FALSE,TRUE,TRUE,TRUE,TRUE,"no_observed_zeros","ok","",""
"Qiita13631ASD","ASD Dan 2020",87,"balanced","Veillonella",0.995,0.99,1,99,100,6004,TRUE,TRUE,FALSE,TRUE,TRUE,TRUE,TRUE,"structural_absence_boundary_at_zero","ok","",""
"Qiita13631ASD","ASD Dan 2020",87,"fourfold","[Prevotella]",0.465,0.44,0.49,44,49,920,TRUE,TRUE,TRUE,FALSE,TRUE,TRUE,TRUE,"ok","ok","",""
"Qiita13631ASD","ASD Dan 2020",87,"fourfold","[Ruminococcus]",0.995,0.99,1,99,100,10183,TRUE,TRUE,FALSE,TRUE,TRUE,TRUE,TRUE,"structural_absence_boundary_at_zero","ok","",""
"Qiita13631ASD","ASD Dan 2020",87,"fourfold","Akkermansia",0.71,0.59,0.83,59,83,2952,TRUE,TRUE,FALSE,TRUE,TRUE,TRUE,TRUE,"structural_absence_boundary_at_zero","ok","",""
"Qiita13631ASD","ASD Dan 2020",87,"fourfold","Anaerostipes",0.91,0.86,0.96,86,96,2330,TRUE,TRUE,TRUE,FALSE,TRUE,TRUE,TRUE,"ok","ok","",""
"Qiita13631ASD","ASD Dan 2020",87,"fourfold","Bacteroides",1,1,1,100,100,277129,TRUE,TRUE,FALSE,TRUE,TRUE,TRUE,TRUE,"no_observed_zeros","ok","",""
"Qiita13631ASD","ASD Dan 2020",87,"fourfold","Bifidobacterium",0.94,0.9,0.98,90,98,7000,TRUE,TRUE,FALSE,TRUE,TRUE,TRUE,TRUE,"structural_absence_boundary_at_zero","ok","",""
"Qiita13631ASD","ASD Dan 2020",87,"fourfold","Bilophila",0.88,0.79,0.97,79,97,1292,TRUE,TRUE,FALSE,TRUE,TRUE,TRUE,TRUE,"structural_absence_boundary_at_zero","ok","",""
"Qiita13631ASD","ASD Dan 2020",87,"fourfold","Blautia",0.985,0.97,1,97,100,4534,TRUE,TRUE,TRUE,FALSE,TRUE,TRUE,TRUE,"ok","ok","",""
"Qiita13631ASD","ASD Dan 2020",87,"fourfold","Clostridium",0.995,0.99,1,99,100,6797,TRUE,TRUE,FALSE,TRUE,TRUE,TRUE,TRUE,"structural_absence_boundary_at_zero","ok","",""
"Qiita13631ASD","ASD Dan 2020",87,"fourfold","Collinsella",0.64,0.48,0.8,48,80,1032,TRUE,TRUE,FALSE,TRUE,TRUE,TRUE,TRUE,"structural_absence_boundary_at_zero","ok","",""
"Qiita13631ASD","ASD Dan 2020",87,"fourfold","Coprococcus",0.985,0.97,1,97,100,6089,TRUE,TRUE,TRUE,FALSE,TRUE,TRUE,TRUE,"ok","ok","",""
"Qiita13631ASD","ASD Dan 2020",87,"fourfold","Dialister",0.995,0.99,1,99,100,19924,TRUE,TRUE,FALSE,TRUE,TRUE,TRUE,TRUE,"structural_absence_boundary_at_zero","ok","",""
"Qiita13631ASD","ASD Dan 2020",87,"fourfold","Dorea",0.995,0.99,1,99,100,4323,TRUE,TRUE,FALSE,TRUE,TRUE,TRUE,TRUE,"structural_absence_boundary_at_zero","ok","",""
"Qiita13631ASD","ASD Dan 2020",87,"fourfold","Faecalibacterium",1,1,1,100,100,67062,TRUE,TRUE,FALSE,TRUE,TRUE,TRUE,TRUE,"no_observed_zeros","ok","",""
"Qiita13631ASD","ASD Dan 2020",87,"fourfold","Fusobacterium",0.46,0.37,0.55,37,55,1020,TRUE,TRUE,FALSE,TRUE,TRUE,TRUE,TRUE,"structural_absence_boundary_at_zero","ok","",""
"Qiita13631ASD","ASD Dan 2020",87,"fourfold","Haemophilus",0.935,0.88,0.99,88,99,5402,TRUE,TRUE,FALSE,TRUE,TRUE,TRUE,TRUE,"structural_absence_boundary_at_zero","ok","",""
"Qiita13631ASD","ASD Dan 2020",87,"fourfold","Lachnobacterium",0.63,0.5,0.76,50,76,1234,TRUE,TRUE,TRUE,FALSE,TRUE,TRUE,TRUE,"ok","ok","",""
"Qiita13631ASD","ASD Dan 2020",87,"fourfold","Lachnospira",1,1,1,100,100,22980,TRUE,TRUE,FALSE,TRUE,TRUE,TRUE,TRUE,"no_observed_zeros","ok","",""
"Qiita13631ASD","ASD Dan 2020",87,"fourfold","Megamonas",0.97,0.94,1,94,100,13838,TRUE,TRUE,FALSE,TRUE,TRUE,TRUE,TRUE,"structural_absence_boundary_at_zero","ok","",""
"Qiita13631ASD","ASD Dan 2020",87,"fourfold","Megasphaera",0.765,0.65,0.88,65,88,3279,TRUE,TRUE,TRUE,FALSE,TRUE,TRUE,TRUE,"ok","ok","",""
"Qiita13631ASD","ASD Dan 2020",87,"fourfold","Oscillospira",1,1,1,100,100,9493,TRUE,TRUE,FALSE,TRUE,TRUE,TRUE,TRUE,"no_observed_zeros","ok","",""
"Qiita13631ASD","ASD Dan 2020",87,"fourfold","Parabacteroides",0.995,0.99,1,99,100,20913,TRUE,TRUE,TRUE,FALSE,TRUE,TRUE,TRUE,"ok","ok","",""
"Qiita13631ASD","ASD Dan 2020",87,"fourfold","Paraprevotella",0.77,0.7,0.84,70,84,1602,TRUE,TRUE,FALSE,TRUE,TRUE,TRUE,TRUE,"structural_absence_boundary_at_zero","ok","",""
"Qiita13631ASD","ASD Dan 2020",87,"fourfold","Phascolarctobacterium",0.97,0.94,1,94,100,9434,TRUE,TRUE,FALSE,TRUE,TRUE,TRUE,TRUE,"structural_absence_boundary_at_zero","ok","",""
"Qiita13631ASD","ASD Dan 2020",87,"fourfold","Prevotella",0.99,0.98,1,98,100,44737,TRUE,TRUE,FALSE,TRUE,TRUE,TRUE,TRUE,"structural_absence_boundary_at_zero","ok","",""
"Qiita13631ASD","ASD Dan 2020",87,"fourfold","Roseburia",1,1,1,100,100,11181,TRUE,TRUE,FALSE,TRUE,TRUE,TRUE,TRUE,"no_observed_zeros","ok","",""
"Qiita13631ASD","ASD Dan 2020",87,"fourfold","Ruminococcus",0.995,0.99,1,99,100,25310,TRUE,TRUE,TRUE,FALSE,TRUE,TRUE,TRUE,"ok","ok","",""
"Qiita13631ASD","ASD Dan 2020",87,"fourfold","Streptococcus",0.94,0.89,0.99,89,99,1997,TRUE,TRUE,FALSE,TRUE,TRUE,TRUE,TRUE,"structural_absence_boundary_at_zero","ok","",""
"Qiita13631ASD","ASD Dan 2020",87,"fourfold","Sutterella",1,1,1,100,100,11728,TRUE,TRUE,FALSE,TRUE,TRUE,TRUE,TRUE,"no_observed_zeros","ok","",""
"Qiita13631ASD","ASD Dan 2020",87,"fourfold","Veillonella",0.96,0.94,0.98,94,98,5786,TRUE,TRUE,FALSE,TRUE,TRUE,TRUE,TRUE,"structural_absence_boundary_at_zero","ok","",""
"Qiita13631ASD","ASD Dan 2020",88,"balanced","[Prevotella]",0.535,0.54,0.53,54,53,1513,TRUE,TRUE,TRUE,FALSE,TRUE,TRUE,TRUE,"ok","ok","",""
"Qiita13631ASD","ASD Dan 2020",88,"balanced","[Ruminococcus]",1,1,1,100,100,11990,TRUE,TRUE,FALSE,TRUE,TRUE,TRUE,TRUE,"no_observed_zeros","ok","",""
"Qiita13631ASD","ASD Dan 2020",88,"balanced","Akkermansia",0.85,0.81,0.89,81,89,3485,TRUE,TRUE,FALSE,TRUE,TRUE,TRUE,TRUE,"structural_absence_boundary_at_zero","ok","",""
"Qiita13631ASD","ASD Dan 2020",88,"balanced","Anaerostipes",0.975,0.96,0.99,96,99,2772,TRUE,TRUE,FALSE,TRUE,TRUE,TRUE,TRUE,"structural_absence_boundary_at_zero","ok","",""
"Qiita13631ASD","ASD Dan 2020",88,"balanced","Bacteroides",1,1,1,100,100,316121,TRUE,TRUE,FALSE,TRUE,TRUE,TRUE,TRUE,"no_observed_zeros","ok","",""
"Qiita13631ASD","ASD Dan 2020",88,"balanced","Bifidobacterium",0.965,0.94,0.99,94,99,9994,TRUE,TRUE,FALSE,TRUE,TRUE,TRUE,TRUE,"structural_absence_boundary_at_zero","ok","",""
"Qiita13631ASD","ASD Dan 2020",88,"balanced","Bilophila",0.94,0.93,0.95,93,95,1537,TRUE,TRUE,TRUE,FALSE,TRUE,TRUE,TRUE,"ok","ok","",""
"Qiita13631ASD","ASD Dan 2020",88,"balanced","Blautia",1,1,1,100,100,5704,TRUE,TRUE,FALSE,TRUE,TRUE,TRUE,TRUE,"no_observed_zeros","ok","",""
"Qiita13631ASD","ASD Dan 2020",88,"balanced","Clostridium",1,1,1,100,100,10054,TRUE,TRUE,FALSE,TRUE,TRUE,TRUE,TRUE,"no_observed_zeros","ok","",""
"Qiita13631ASD","ASD Dan 2020",88,"balanced","Collinsella",0.795,0.75,0.84,75,84,1000,TRUE,TRUE,FALSE,TRUE,TRUE,TRUE,TRUE,"structural_absence_boundary_at_zero","ok","",""
"Qiita13631ASD","ASD Dan 2020",88,"balanced","Coprococcus",1,1,1,100,100,7347,TRUE,TRUE,FALSE,TRUE,TRUE,TRUE,TRUE,"no_observed_zeros","ok","",""
"Qiita13631ASD","ASD Dan 2020",88,"balanced","Dialister",1,1,1,100,100,23548,TRUE,TRUE,FALSE,TRUE,TRUE,TRUE,TRUE,"no_observed_zeros","ok","",""
"Qiita13631ASD","ASD Dan 2020",88,"balanced","Dorea",1,1,1,100,100,5269,TRUE,TRUE,FALSE,TRUE,TRUE,TRUE,TRUE,"no_observed_zeros","ok","",""
"Qiita13631ASD","ASD Dan 2020",88,"balanced","Faecalibacterium",1,1,1,100,100,76402,TRUE,TRUE,FALSE,TRUE,TRUE,TRUE,TRUE,"no_observed_zeros","ok","",""
"Qiita13631ASD","ASD Dan 2020",88,"balanced","Fusobacterium",0.49,0.48,0.5,48,50,1547,TRUE,TRUE,FALSE,TRUE,TRUE,TRUE,TRUE,"structural_absence_boundary_at_zero","ok","",""
"Qiita13631ASD","ASD Dan 2020",88,"balanced","Haemophilus",0.985,0.99,0.98,99,98,4826,TRUE,TRUE,FALSE,TRUE,TRUE,TRUE,TRUE,"structural_absence_boundary_at_zero","ok","",""
"Qiita13631ASD","ASD Dan 2020",88,"balanced","Lachnobacterium",0.725,0.7,0.75,70,75,1269,TRUE,TRUE,TRUE,FALSE,TRUE,TRUE,TRUE,"ok","ok","",""
"Qiita13631ASD","ASD Dan 2020",88,"balanced","Lachnospira",1,1,1,100,100,25341,TRUE,TRUE,FALSE,TRUE,TRUE,TRUE,TRUE,"no_observed_zeros","ok","",""
"Qiita13631ASD","ASD Dan 2020",88,"balanced","Megamonas",0.99,0.99,0.99,99,99,19179,TRUE,TRUE,FALSE,TRUE,TRUE,TRUE,TRUE,"structural_absence_boundary_at_zero","ok","",""
"Qiita13631ASD","ASD Dan 2020",88,"balanced","Megasphaera",0.895,0.9,0.89,90,89,3858,TRUE,TRUE,FALSE,TRUE,TRUE,TRUE,TRUE,"structural_absence_boundary_at_zero","ok","",""
"Qiita13631ASD","ASD Dan 2020",88,"balanced","Oscillospira",1,1,1,100,100,11439,TRUE,TRUE,FALSE,TRUE,TRUE,TRUE,TRUE,"no_observed_zeros","ok","",""
"Qiita13631ASD","ASD Dan 2020",88,"balanced","Parabacteroides",1,1,1,100,100,23239,TRUE,TRUE,FALSE,TRUE,TRUE,TRUE,TRUE,"no_observed_zeros","ok","",""
"Qiita13631ASD","ASD Dan 2020",88,"balanced","Paraprevotella",0.815,0.82,0.81,82,81,2189,TRUE,TRUE,TRUE,FALSE,TRUE,TRUE,TRUE,"ok","ok","",""
"Qiita13631ASD","ASD Dan 2020",88,"balanced","Phascolarctobacterium",1,1,1,100,100,10275,TRUE,TRUE,FALSE,TRUE,TRUE,TRUE,TRUE,"no_observed_zeros","ok","",""
"Qiita13631ASD","ASD Dan 2020",88,"balanced","Prevotella",0.99,0.99,0.99,99,99,56973,TRUE,TRUE,FALSE,TRUE,TRUE,TRUE,TRUE,"structural_absence_boundary_at_zero","ok","",""
"Qiita13631ASD","ASD Dan 2020",88,"balanced","Roseburia",1,1,1,100,100,13388,TRUE,TRUE,FALSE,TRUE,TRUE,TRUE,TRUE,"no_observed_zeros","ok","",""
"Qiita13631ASD","ASD Dan 2020",88,"balanced","Ruminococcus",1,1,1,100,100,29124,TRUE,TRUE,FALSE,TRUE,TRUE,TRUE,TRUE,"no_observed_zeros","ok","",""
"Qiita13631ASD","ASD Dan 2020",88,"balanced","Streptococcus",0.97,0.94,1,94,100,2633,TRUE,TRUE,TRUE,FALSE,TRUE,TRUE,TRUE,"ok","ok","",""
"Qiita13631ASD","ASD Dan 2020",88,"balanced","Sutterella",1,1,1,100,100,13466,TRUE,TRUE,FALSE,TRUE,TRUE,TRUE,TRUE,"no_observed_zeros","ok","",""
"Qiita13631ASD","ASD Dan 2020",88,"balanced","Veillonella",0.99,0.99,0.99,99,99,5572,TRUE,TRUE,FALSE,TRUE,TRUE,TRUE,TRUE,"structural_absence_boundary_at_zero","ok","",""
"Qiita13631ASD","ASD Dan 2020",88,"fourfold","[Prevotella]",0.47,0.39,0.55,39,55,1328,TRUE,TRUE,TRUE,FALSE,TRUE,TRUE,TRUE,"ok","ok","",""
"Qiita13631ASD","ASD Dan 2020",88,"fourfold","[Ruminococcus]",1,1,1,100,100,10112,TRUE,TRUE,FALSE,TRUE,TRUE,TRUE,TRUE,"no_observed_zeros","ok","",""
"Qiita13631ASD","ASD Dan 2020",88,"fourfold","Akkermansia",0.65,0.5,0.8,50,80,3583,TRUE,TRUE,FALSE,TRUE,TRUE,TRUE,TRUE,"structural_absence_boundary_at_zero","ok","",""
"Qiita13631ASD","ASD Dan 2020",88,"fourfold","Anaerostipes",0.925,0.86,0.99,86,99,2587,TRUE,TRUE,TRUE,FALSE,TRUE,TRUE,TRUE,"ok","ok","",""
"Qiita13631ASD","ASD Dan 2020",88,"fourfold","Bacteroides",1,1,1,100,100,260511,TRUE,TRUE,FALSE,TRUE,TRUE,TRUE,TRUE,"no_observed_zeros","ok","",""
"Qiita13631ASD","ASD Dan 2020",88,"fourfold","Bifidobacterium",0.94,0.89,0.99,89,99,8238,TRUE,TRUE,FALSE,TRUE,TRUE,TRUE,TRUE,"structural_absence_boundary_at_zero","ok","",""
"Qiita13631ASD","ASD Dan 2020",88,"fourfold","Bilophila",0.91,0.84,0.98,84,98,1293,TRUE,TRUE,FALSE,TRUE,TRUE,TRUE,TRUE,"structural_absence_boundary_at_zero","ok","",""
"Qiita13631ASD","ASD Dan 2020",88,"fourfold","Blautia",0.985,0.97,1,97,100,5100,TRUE,TRUE,FALSE,TRUE,TRUE,TRUE,TRUE,"structural_absence_boundary_at_zero","ok","",""
"Qiita13631ASD","ASD Dan 2020",88,"fourfold","Clostridium",0.995,0.99,1,99,100,9399,TRUE,TRUE,FALSE,TRUE,TRUE,TRUE,TRUE,"structural_absence_boundary_at_zero","ok","",""
"Qiita13631ASD","ASD Dan 2020",88,"fourfold","Collinsella",0.65,0.48,0.82,48,82,685,TRUE,TRUE,FALSE,TRUE,TRUE,TRUE,TRUE,"structural_absence_boundary_at_zero","ok","",""
"Qiita13631ASD","ASD Dan 2020",88,"fourfold","Coprococcus",0.97,0.94,1,94,100,5897,TRUE,TRUE,TRUE,FALSE,TRUE,TRUE,TRUE,"ok","ok","",""
"Qiita13631ASD","ASD Dan 2020",88,"fourfold","Dialister",0.99,0.98,1,98,100,19205,TRUE,TRUE,FALSE,TRUE,TRUE,TRUE,TRUE,"structural_absence_boundary_at_zero","ok","",""
"Qiita13631ASD","ASD Dan 2020",88,"fourfold","Dorea",0.99,0.98,1,98,100,4742,TRUE,TRUE,FALSE,TRUE,TRUE,TRUE,TRUE,"structural_absence_boundary_at_zero","ok","",""
"Qiita13631ASD","ASD Dan 2020",88,"fourfold","Faecalibacterium",1,1,1,100,100,68252,TRUE,TRUE,FALSE,TRUE,TRUE,TRUE,TRUE,"no_observed_zeros","ok","",""
"Qiita13631ASD","ASD Dan 2020",88,"fourfold","Fusobacterium",0.465,0.4,0.53,40,53,1374,TRUE,TRUE,FALSE,TRUE,TRUE,TRUE,TRUE,"structural_absence_boundary_at_zero","ok","",""
"Qiita13631ASD","ASD Dan 2020",88,"fourfold","Haemophilus",0.915,0.86,0.97,86,97,4041,TRUE,TRUE,FALSE,TRUE,TRUE,TRUE,TRUE,"structural_absence_boundary_at_zero","ok","",""
"Qiita13631ASD","ASD Dan 2020",88,"fourfold","Lachnobacterium",0.635,0.55,0.72,55,72,944,TRUE,TRUE,TRUE,FALSE,TRUE,TRUE,TRUE,"ok","ok","",""
"Qiita13631ASD","ASD Dan 2020",88,"fourfold","Lachnospira",1,1,1,100,100,21065,TRUE,TRUE,FALSE,TRUE,TRUE,TRUE,TRUE,"no_observed_zeros","ok","",""
"Qiita13631ASD","ASD Dan 2020",88,"fourfold","Megamonas",0.985,0.97,1,97,100,16100,TRUE,TRUE,FALSE,TRUE,TRUE,TRUE,TRUE,"structural_absence_boundary_at_zero","ok","",""
"Qiita13631ASD","ASD Dan 2020",88,"fourfold","Megasphaera",0.8,0.69,0.91,69,91,2920,TRUE,TRUE,FALSE,TRUE,TRUE,TRUE,TRUE,"structural_absence_boundary_at_zero","ok","",""
"Qiita13631ASD","ASD Dan 2020",88,"fourfold","Oscillospira",1,1,1,100,100,9708,TRUE,TRUE,FALSE,TRUE,TRUE,TRUE,TRUE,"no_observed_zeros","ok","",""
"Qiita13631ASD","ASD Dan 2020",88,"fourfold","Parabacteroides",1,1,1,100,100,20626,TRUE,TRUE,FALSE,TRUE,TRUE,TRUE,TRUE,"no_observed_zeros","ok","",""
"Qiita13631ASD","ASD Dan 2020",88,"fourfold","Paraprevotella",0.755,0.71,0.8,71,80,2050,TRUE,TRUE,TRUE,FALSE,TRUE,TRUE,TRUE,"ok","ok","",""
"Qiita13631ASD","ASD Dan 2020",88,"fourfold","Phascolarctobacterium",0.97,0.94,1,94,100,8940,TRUE,TRUE,FALSE,TRUE,TRUE,TRUE,TRUE,"structural_absence_boundary_at_zero","ok","",""
"Qiita13631ASD","ASD Dan 2020",88,"fourfold","Prevotella",0.99,0.98,1,98,100,40182,TRUE,TRUE,FALSE,TRUE,TRUE,TRUE,TRUE,"structural_absence_boundary_at_zero","ok","",""
"Qiita13631ASD","ASD Dan 2020",88,"fourfold","Roseburia",0.99,0.98,1,98,100,10780,TRUE,TRUE,FALSE,TRUE,TRUE,TRUE,TRUE,"structural_absence_boundary_at_zero","ok","",""
"Qiita13631ASD","ASD Dan 2020",88,"fourfold","Ruminococcus",1,1,1,100,100,23738,TRUE,TRUE,FALSE,TRUE,TRUE,TRUE,TRUE,"no_observed_zeros","ok","",""
"Qiita13631ASD","ASD Dan 2020",88,"fourfold","Streptococcus",0.94,0.88,1,88,100,2142,TRUE,TRUE,FALSE,TRUE,TRUE,TRUE,TRUE,"structural_absence_boundary_at_zero","ok","",""
"Qiita13631ASD","ASD Dan 2020",88,"fourfold","Sutterella",1,1,1,100,100,11738,TRUE,TRUE,FALSE,TRUE,TRUE,TRUE,TRUE,"no_observed_zeros","ok","",""
"Qiita13631ASD","ASD Dan 2020",88,"fourfold","Veillonella",0.965,0.93,1,93,100,5204,TRUE,TRUE,FALSE,TRUE,TRUE,TRUE,TRUE,"structural_absence_boundary_at_zero","ok","",""
"Qiita13631ASD","ASD Dan 2020",89,"balanced","[Prevotella]",0.56,0.52,0.6,52,60,1404,TRUE,TRUE,TRUE,FALSE,TRUE,TRUE,TRUE,"ok","ok","",""
"Qiita13631ASD","ASD Dan 2020",89,"balanced","[Ruminococcus]",1,1,1,100,100,11272,TRUE,TRUE,FALSE,TRUE,TRUE,TRUE,TRUE,"no_observed_zeros","ok","",""
"Qiita13631ASD","ASD Dan 2020",89,"balanced","Akkermansia",0.795,0.75,0.84,75,84,3430,TRUE,TRUE,FALSE,TRUE,TRUE,TRUE,TRUE,"structural_absence_boundary_at_zero","ok","",""
"Qiita13631ASD","ASD Dan 2020",89,"balanced","Anaerostipes",0.965,0.97,0.96,97,96,2875,TRUE,TRUE,TRUE,FALSE,TRUE,TRUE,TRUE,"ok","ok","",""
"Qiita13631ASD","ASD Dan 2020",89,"balanced","Bacteroides",1,1,1,100,100,314387,TRUE,TRUE,FALSE,TRUE,TRUE,TRUE,TRUE,"no_observed_zeros","ok","",""
"Qiita13631ASD","ASD Dan 2020",89,"balanced","Bifidobacterium",0.965,0.96,0.97,96,97,7873,TRUE,TRUE,FALSE,TRUE,TRUE,TRUE,TRUE,"structural_absence_boundary_at_zero","ok","",""
"Qiita13631ASD","ASD Dan 2020",89,"balanced","Bilophila",0.93,0.93,0.93,93,93,1471,TRUE,TRUE,TRUE,FALSE,TRUE,TRUE,TRUE,"ok","ok","",""
"Qiita13631ASD","ASD Dan 2020",89,"balanced","Blautia",1,1,1,100,100,5657,TRUE,TRUE,FALSE,TRUE,TRUE,TRUE,TRUE,"no_observed_zeros","ok","",""
"Qiita13631ASD","ASD Dan 2020",89,"balanced","Clostridium",1,1,1,100,100,8240,TRUE,TRUE,FALSE,TRUE,TRUE,TRUE,TRUE,"no_observed_zeros","ok","",""
"Qiita13631ASD","ASD Dan 2020",89,"balanced","Collinsella",0.755,0.76,0.75,76,75,877,TRUE,TRUE,FALSE,TRUE,TRUE,TRUE,TRUE,"structural_absence_boundary_at_zero","ok","",""
"Qiita13631ASD","ASD Dan 2020",89,"balanced","Coprococcus",0.995,0.99,1,99,100,6844,TRUE,TRUE,TRUE,FALSE,TRUE,TRUE,TRUE,"ok","ok","",""
"Qiita13631ASD","ASD Dan 2020",89,"balanced","Dialister",1,1,1,100,100,23782,TRUE,TRUE,FALSE,TRUE,TRUE,TRUE,TRUE,"no_observed_zeros","ok","",""
"Qiita13631ASD","ASD Dan 2020",89,"balanced","Dorea",0.995,1,0.99,100,99,5019,TRUE,TRUE,TRUE,FALSE,TRUE,TRUE,TRUE,"ok","ok","",""
"Qiita13631ASD","ASD Dan 2020",89,"balanced","Faecalibacterium",1,1,1,100,100,77523,TRUE,TRUE,FALSE,TRUE,TRUE,TRUE,TRUE,"no_observed_zeros","ok","",""
"Qiita13631ASD","ASD Dan 2020",89,"balanced","Fusobacterium",0.535,0.53,0.54,53,54,1580,TRUE,TRUE,FALSE,TRUE,TRUE,TRUE,TRUE,"structural_absence_boundary_at_zero","ok","",""
"Qiita13631ASD","ASD Dan 2020",89,"balanced","Haemophilus",0.975,0.97,0.98,97,98,5361,TRUE,TRUE,FALSE,TRUE,TRUE,TRUE,TRUE,"structural_absence_boundary_at_zero","ok","",""
"Qiita13631ASD","ASD Dan 2020",89,"balanced","Lachnobacterium",0.69,0.72,0.66,72,66,1247,TRUE,TRUE,TRUE,FALSE,TRUE,TRUE,TRUE,"ok","ok","",""
"Qiita13631ASD","ASD Dan 2020",89,"balanced","Lachnospira",1,1,1,100,100,25197,TRUE,TRUE,FALSE,TRUE,TRUE,TRUE,TRUE,"no_observed_zeros","ok","",""
"Qiita13631ASD","ASD Dan 2020",89,"balanced","Megamonas",0.985,0.98,0.99,98,99,17261,TRUE,TRUE,FALSE,TRUE,TRUE,TRUE,TRUE,"structural_absence_boundary_at_zero","ok","",""
"Qiita13631ASD","ASD Dan 2020",89,"balanced","Megasphaera",0.875,0.89,0.86,89,86,4395,TRUE,TRUE,FALSE,TRUE,TRUE,TRUE,TRUE,"structural_absence_boundary_at_zero","ok","",""
"Qiita13631ASD","ASD Dan 2020",89,"balanced","Oscillospira",1,1,1,100,100,10953,TRUE,TRUE,FALSE,TRUE,TRUE,TRUE,TRUE,"no_observed_zeros","ok","",""
"Qiita13631ASD","ASD Dan 2020",89,"balanced","Parabacteroides",1,1,1,100,100,23568,TRUE,TRUE,FALSE,TRUE,TRUE,TRUE,TRUE,"no_observed_zeros","ok","",""
"Qiita13631ASD","ASD Dan 2020",89,"balanced","Paraprevotella",0.795,0.76,0.83,76,83,2260,TRUE,TRUE,TRUE,FALSE,TRUE,TRUE,TRUE,"ok","ok","",""
"Qiita13631ASD","ASD Dan 2020",89,"balanced","Phascolarctobacterium",1,1,1,100,100,10199,TRUE,TRUE,FALSE,TRUE,TRUE,TRUE,TRUE,"no_observed_zeros","ok","",""
"Qiita13631ASD","ASD Dan 2020",89,"balanced","Prevotella",1,1,1,100,100,50689,TRUE,TRUE,FALSE,TRUE,TRUE,TRUE,TRUE,"no_observed_zeros","ok","",""
"Qiita13631ASD","ASD Dan 2020",89,"balanced","Roseburia",1,1,1,100,100,12368,TRUE,TRUE,FALSE,TRUE,TRUE,TRUE,TRUE,"no_observed_zeros","ok","",""
"Qiita13631ASD","ASD Dan 2020",89,"balanced","Ruminococcus",1,1,1,100,100,28144,TRUE,TRUE,FALSE,TRUE,TRUE,TRUE,TRUE,"no_observed_zeros","ok","",""
"Qiita13631ASD","ASD Dan 2020",89,"balanced","Streptococcus",0.98,0.98,0.98,98,98,2461,TRUE,TRUE,TRUE,FALSE,TRUE,TRUE,TRUE,"ok","ok","",""
"Qiita13631ASD","ASD Dan 2020",89,"balanced","Sutterella",1,1,1,100,100,13896,TRUE,TRUE,FALSE,TRUE,TRUE,TRUE,TRUE,"no_observed_zeros","ok","",""
"Qiita13631ASD","ASD Dan 2020",89,"balanced","Veillonella",0.98,0.99,0.97,99,97,5557,TRUE,TRUE,FALSE,TRUE,TRUE,TRUE,TRUE,"structural_absence_boundary_at_zero","ok","",""
"Qiita13631ASD","ASD Dan 2020",89,"fourfold","[Prevotella]",0.465,0.34,0.59,34,59,1091,TRUE,TRUE,TRUE,FALSE,TRUE,TRUE,TRUE,"ok","ok","",""
"Qiita13631ASD","ASD Dan 2020",89,"fourfold","[Ruminococcus]",1,1,1,100,100,9795,TRUE,TRUE,FALSE,TRUE,TRUE,TRUE,TRUE,"no_observed_zeros","ok","",""
"Qiita13631ASD","ASD Dan 2020",89,"fourfold","Akkermansia",0.71,0.59,0.83,59,83,2667,TRUE,TRUE,FALSE,TRUE,TRUE,TRUE,TRUE,"structural_absence_boundary_at_zero","ok","",""
"Qiita13631ASD","ASD Dan 2020",89,"fourfold","Anaerostipes",0.92,0.85,0.99,85,99,2202,TRUE,TRUE,TRUE,FALSE,TRUE,TRUE,TRUE,"ok","ok","",""
"Qiita13631ASD","ASD Dan 2020",89,"fourfold","Bacteroides",1,1,1,100,100,272959,TRUE,TRUE,FALSE,TRUE,TRUE,TRUE,TRUE,"no_observed_zeros","ok","",""
"Qiita13631ASD","ASD Dan 2020",89,"fourfold","Bifidobacterium",0.92,0.85,0.99,85,99,6830,TRUE,TRUE,FALSE,TRUE,TRUE,TRUE,TRUE,"structural_absence_boundary_at_zero","ok","",""
"Qiita13631ASD","ASD Dan 2020",89,"fourfold","Bilophila",0.89,0.79,0.99,79,99,1273,TRUE,TRUE,TRUE,FALSE,TRUE,TRUE,TRUE,"ok","ok","",""
"Qiita13631ASD","ASD Dan 2020",89,"fourfold","Blautia",0.985,0.97,1,97,100,4402,TRUE,TRUE,FALSE,TRUE,TRUE,TRUE,TRUE,"structural_absence_boundary_at_zero","ok","",""
"Qiita13631ASD","ASD Dan 2020",89,"fourfold","Clostridium",1,1,1,100,100,7360,TRUE,TRUE,FALSE,TRUE,TRUE,TRUE,TRUE,"no_observed_zeros","ok","",""
"Qiita13631ASD","ASD Dan 2020",89,"fourfold","Collinsella",0.615,0.45,0.78,45,78,798,TRUE,TRUE,FALSE,TRUE,TRUE,TRUE,TRUE,"structural_absence_boundary_at_zero","ok","",""
"Qiita13631ASD","ASD Dan 2020",89,"fourfold","Coprococcus",0.99,0.98,1,98,100,5071,TRUE,TRUE,TRUE,FALSE,TRUE,TRUE,TRUE,"ok","ok","",""
"Qiita13631ASD","ASD Dan 2020",89,"fourfold","Dialister",1,1,1,100,100,20835,TRUE,TRUE,FALSE,TRUE,TRUE,TRUE,TRUE,"no_observed_zeros","ok","",""
"Qiita13631ASD","ASD Dan 2020",89,"fourfold","Dorea",1,1,1,100,100,4313,TRUE,TRUE,FALSE,TRUE,TRUE,TRUE,TRUE,"no_observed_zeros","ok","",""
"Qiita13631ASD","ASD Dan 2020",89,"fourfold","Faecalibacterium",1,1,1,100,100,59923,TRUE,TRUE,FALSE,TRUE,TRUE,TRUE,TRUE,"no_observed_zeros","ok","",""
"Qiita13631ASD","ASD Dan 2020",89,"fourfold","Fusobacterium",0.465,0.34,0.59,34,59,884,TRUE,TRUE,FALSE,TRUE,TRUE,TRUE,TRUE,"structural_absence_boundary_at_zero","ok","",""
"Qiita13631ASD","ASD Dan 2020",89,"fourfold","Haemophilus",0.92,0.87,0.97,87,97,4947,TRUE,TRUE,FALSE,TRUE,TRUE,TRUE,TRUE,"structural_absence_boundary_at_zero","ok","",""
"Qiita13631ASD","ASD Dan 2020",89,"fourfold","Lachnobacterium",0.645,0.54,0.75,54,75,955,TRUE,TRUE,TRUE,FALSE,TRUE,TRUE,TRUE,"ok","ok","",""
"Qiita13631ASD","ASD Dan 2020",89,"fourfold","Lachnospira",1,1,1,100,100,21311,TRUE,TRUE,FALSE,TRUE,TRUE,TRUE,TRUE,"no_observed_zeros","ok","",""
"Qiita13631ASD","ASD Dan 2020",89,"fourfold","Megamonas",0.965,0.94,0.99,94,99,15138,TRUE,TRUE,FALSE,TRUE,TRUE,TRUE,TRUE,"structural_absence_boundary_at_zero","ok","",""
"Qiita13631ASD","ASD Dan 2020",89,"fourfold","Megasphaera",0.815,0.71,0.92,71,92,3247,TRUE,TRUE,FALSE,TRUE,TRUE,TRUE,TRUE,"structural_absence_boundary_at_zero","ok","",""
"Qiita13631ASD","ASD Dan 2020",89,"fourfold","Oscillospira",1,1,1,100,100,9434,TRUE,TRUE,FALSE,TRUE,TRUE,TRUE,TRUE,"no_observed_zeros","ok","",""
"Qiita13631ASD","ASD Dan 2020",89,"fourfold","Parabacteroides",1,1,1,100,100,22402,TRUE,TRUE,FALSE,TRUE,TRUE,TRUE,TRUE,"no_observed_zeros","ok","",""
"Qiita13631ASD","ASD Dan 2020",89,"fourfold","Paraprevotella",0.745,0.63,0.86,63,86,2398,TRUE,TRUE,TRUE,FALSE,TRUE,TRUE,TRUE,"ok","ok","",""
"Qiita13631ASD","ASD Dan 2020",89,"fourfold","Phascolarctobacterium",0.99,0.98,1,98,100,7618,TRUE,TRUE,FALSE,TRUE,TRUE,TRUE,TRUE,"structural_absence_boundary_at_zero","ok","",""
"Qiita13631ASD","ASD Dan 2020",89,"fourfold","Prevotella",0.99,0.98,1,98,100,45095,TRUE,TRUE,FALSE,TRUE,TRUE,TRUE,TRUE,"structural_absence_boundary_at_zero","ok","",""
"Qiita13631ASD","ASD Dan 2020",89,"fourfold","Roseburia",1,1,1,100,100,10317,TRUE,TRUE,FALSE,TRUE,TRUE,TRUE,TRUE,"no_observed_zeros","ok","",""
"Qiita13631ASD","ASD Dan 2020",89,"fourfold","Ruminococcus",1,1,1,100,100,20655,TRUE,TRUE,FALSE,TRUE,TRUE,TRUE,TRUE,"no_observed_zeros","ok","",""
"Qiita13631ASD","ASD Dan 2020",89,"fourfold","Streptococcus",0.94,0.9,0.98,90,98,2041,TRUE,TRUE,FALSE,TRUE,TRUE,TRUE,TRUE,"structural_absence_boundary_at_zero","ok","",""
"Qiita13631ASD","ASD Dan 2020",89,"fourfold","Sutterella",0.995,0.99,1,99,100,11420,TRUE,TRUE,FALSE,TRUE,TRUE,TRUE,TRUE,"structural_absence_boundary_at_zero","ok","",""
"Qiita13631ASD","ASD Dan 2020",89,"fourfold","Veillonella",0.96,0.92,1,92,100,5472,TRUE,TRUE,FALSE,TRUE,TRUE,TRUE,TRUE,"structural_absence_boundary_at_zero","ok","",""
"Qiita13631ASD","ASD Dan 2020",90,"balanced","[Prevotella]",0.53,0.47,0.59,47,59,1600,TRUE,TRUE,TRUE,FALSE,TRUE,TRUE,TRUE,"ok","ok","",""
"Qiita13631ASD","ASD Dan 2020",90,"balanced","[Ruminococcus]",1,1,1,100,100,11657,TRUE,TRUE,FALSE,TRUE,TRUE,TRUE,TRUE,"no_observed_zeros","ok","",""
"Qiita13631ASD","ASD Dan 2020",90,"balanced","Akkermansia",0.775,0.78,0.77,78,77,3318,TRUE,TRUE,FALSE,TRUE,TRUE,TRUE,TRUE,"structural_absence_boundary_at_zero","ok","",""
"Qiita13631ASD","ASD Dan 2020",90,"balanced","Anaerostipes",0.95,0.94,0.96,94,96,2736,TRUE,TRUE,TRUE,FALSE,TRUE,TRUE,TRUE,"ok","ok","",""
"Qiita13631ASD","ASD Dan 2020",90,"balanced","Bacteroides",1,1,1,100,100,301321,TRUE,TRUE,FALSE,TRUE,TRUE,TRUE,TRUE,"no_observed_zeros","ok","",""
"Qiita13631ASD","ASD Dan 2020",90,"balanced","Bifidobacterium",0.985,0.99,0.98,99,98,8141,TRUE,TRUE,FALSE,TRUE,TRUE,TRUE,TRUE,"structural_absence_boundary_at_zero","ok","",""
"Qiita13631ASD","ASD Dan 2020",90,"balanced","Bilophila",0.96,0.97,0.95,97,95,1552,TRUE,TRUE,FALSE,TRUE,TRUE,TRUE,TRUE,"structural_absence_boundary_at_zero","ok","",""
"Qiita13631ASD","ASD Dan 2020",90,"balanced","Blautia",1,1,1,100,100,5487,TRUE,TRUE,FALSE,TRUE,TRUE,TRUE,TRUE,"no_observed_zeros","ok","",""
"Qiita13631ASD","ASD Dan 2020",90,"balanced","Clostridium",1,1,1,100,100,9646,TRUE,TRUE,FALSE,TRUE,TRUE,TRUE,TRUE,"no_observed_zeros","ok","",""
"Qiita13631ASD","ASD Dan 2020",90,"balanced","Collinsella",0.735,0.74,0.73,74,73,1094,TRUE,TRUE,FALSE,TRUE,TRUE,TRUE,TRUE,"structural_absence_boundary_at_zero","ok","",""
"Qiita13631ASD","ASD Dan 2020",90,"balanced","Coprococcus",0.995,1,0.99,100,99,6824,TRUE,TRUE,TRUE,FALSE,TRUE,TRUE,TRUE,"ok","ok","",""
"Qiita13631ASD","ASD Dan 2020",90,"balanced","Dialister",0.995,0.99,1,99,100,24351,TRUE,TRUE,FALSE,TRUE,TRUE,TRUE,TRUE,"structural_absence_boundary_at_zero","ok","",""
"Qiita13631ASD","ASD Dan 2020",90,"balanced","Dorea",1,1,1,100,100,5214,TRUE,TRUE,FALSE,TRUE,TRUE,TRUE,TRUE,"no_observed_zeros","ok","",""
"Qiita13631ASD","ASD Dan 2020",90,"balanced","Faecalibacterium",1,1,1,100,100,73721,TRUE,TRUE,FALSE,TRUE,TRUE,TRUE,TRUE,"no_observed_zeros","ok","",""
"Qiita13631ASD","ASD Dan 2020",90,"balanced","Fusobacterium",0.51,0.54,0.48,54,48,1441,TRUE,TRUE,FALSE,TRUE,TRUE,TRUE,TRUE,"structural_absence_boundary_at_zero","ok","",""
"Qiita13631ASD","ASD Dan 2020",90,"balanced","Haemophilus",0.97,0.98,0.96,98,96,4811,TRUE,TRUE,FALSE,TRUE,TRUE,TRUE,TRUE,"structural_absence_boundary_at_zero","ok","",""
"Qiita13631ASD","ASD Dan 2020",90,"balanced","Lachnobacterium",0.715,0.73,0.7,73,70,1133,TRUE,TRUE,TRUE,FALSE,TRUE,TRUE,TRUE,"ok","ok","",""
"Qiita13631ASD","ASD Dan 2020",90,"balanced","Lachnospira",1,1,1,100,100,23746,TRUE,TRUE,FALSE,TRUE,TRUE,TRUE,TRUE,"no_observed_zeros","ok","",""
"Qiita13631ASD","ASD Dan 2020",90,"balanced","Megamonas",1,1,1,100,100,17410,TRUE,TRUE,FALSE,TRUE,TRUE,TRUE,TRUE,"no_observed_zeros","ok","",""
"Qiita13631ASD","ASD Dan 2020",90,"balanced","Megasphaera",0.875,0.91,0.84,91,84,3295,TRUE,TRUE,FALSE,TRUE,TRUE,TRUE,TRUE,"structural_absence_boundary_at_zero","ok","",""
"Qiita13631ASD","ASD Dan 2020",90,"balanced","Oscillospira",1,1,1,100,100,10692,TRUE,TRUE,FALSE,TRUE,TRUE,TRUE,TRUE,"no_observed_zeros","ok","",""
"Qiita13631ASD","ASD Dan 2020",90,"balanced","Parabacteroides",1,1,1,100,100,23077,TRUE,TRUE,FALSE,TRUE,TRUE,TRUE,TRUE,"no_observed_zeros","ok","",""
"Qiita13631ASD","ASD Dan 2020",90,"balanced","Paraprevotella",0.79,0.76,0.82,76,82,2125,TRUE,TRUE,TRUE,FALSE,TRUE,TRUE,TRUE,"ok","ok","",""
"Qiita13631ASD","ASD Dan 2020",90,"balanced","Phascolarctobacterium",1,1,1,100,100,9625,TRUE,TRUE,FALSE,TRUE,TRUE,TRUE,TRUE,"no_observed_zeros","ok","",""
"Qiita13631ASD","ASD Dan 2020",90,"balanced","Prevotella",0.995,1,0.99,100,99,52507,TRUE,TRUE,FALSE,TRUE,TRUE,TRUE,TRUE,"structural_absence_boundary_at_zero","ok","",""
"Qiita13631ASD","ASD Dan 2020",90,"balanced","Roseburia",1,1,1,100,100,12687,TRUE,TRUE,FALSE,TRUE,TRUE,TRUE,TRUE,"no_observed_zeros","ok","",""
"Qiita13631ASD","ASD Dan 2020",90,"balanced","Ruminococcus",1,1,1,100,100,27433,TRUE,TRUE,FALSE,TRUE,TRUE,TRUE,TRUE,"no_observed_zeros","ok","",""
"Qiita13631ASD","ASD Dan 2020",90,"balanced","Streptococcus",0.98,0.99,0.97,99,97,2603,TRUE,TRUE,FALSE,TRUE,TRUE,TRUE,TRUE,"structural_absence_boundary_at_zero","ok","",""
"Qiita13631ASD","ASD Dan 2020",90,"balanced","Sutterella",1,1,1,100,100,13550,TRUE,TRUE,FALSE,TRUE,TRUE,TRUE,TRUE,"no_observed_zeros","ok","",""
"Qiita13631ASD","ASD Dan 2020",90,"balanced","Veillonella",0.985,0.99,0.98,99,98,5636,TRUE,TRUE,FALSE,TRUE,TRUE,TRUE,TRUE,"structural_absence_boundary_at_zero","ok","",""
"Qiita13631ASD","ASD Dan 2020",90,"fourfold","[Prevotella]",0.47,0.34,0.6,34,60,1570,TRUE,TRUE,TRUE,FALSE,TRUE,TRUE,TRUE,"ok","ok","",""
"Qiita13631ASD","ASD Dan 2020",90,"fourfold","[Ruminococcus]",1,1,1,100,100,11051,TRUE,TRUE,FALSE,TRUE,TRUE,TRUE,TRUE,"no_observed_zeros","ok","",""
"Qiita13631ASD","ASD Dan 2020",90,"fourfold","Akkermansia",0.695,0.54,0.85,54,85,2884,TRUE,TRUE,FALSE,TRUE,TRUE,TRUE,TRUE,"structural_absence_boundary_at_zero","ok","",""
"Qiita13631ASD","ASD Dan 2020",90,"fourfold","Anaerostipes",0.955,0.94,0.97,94,97,2263,TRUE,TRUE,TRUE,FALSE,TRUE,TRUE,TRUE,"ok","ok","",""
"Qiita13631ASD","ASD Dan 2020",90,"fourfold","Bacteroides",1,1,1,100,100,271122,TRUE,TRUE,FALSE,TRUE,TRUE,TRUE,TRUE,"no_observed_zeros","ok","",""
"Qiita13631ASD","ASD Dan 2020",90,"fourfold","Bifidobacterium",0.92,0.86,0.98,86,98,7371,TRUE,TRUE,FALSE,TRUE,TRUE,TRUE,TRUE,"structural_absence_boundary_at_zero","ok","",""
"Qiita13631ASD","ASD Dan 2020",90,"fourfold","Bilophila",0.935,0.89,0.98,89,98,1323,TRUE,TRUE,TRUE,FALSE,TRUE,TRUE,TRUE,"ok","ok","",""
"Qiita13631ASD","ASD Dan 2020",90,"fourfold","Blautia",0.99,0.98,1,98,100,5322,TRUE,TRUE,FALSE,TRUE,TRUE,TRUE,TRUE,"structural_absence_boundary_at_zero","ok","",""
"Qiita13631ASD","ASD Dan 2020",90,"fourfold","Clostridium",0.995,0.99,1,99,100,8106,TRUE,TRUE,FALSE,TRUE,TRUE,TRUE,TRUE,"structural_absence_boundary_at_zero","ok","",""
"Qiita13631ASD","ASD Dan 2020",90,"fourfold","Collinsella",0.645,0.46,0.83,46,83,766,TRUE,TRUE,FALSE,TRUE,TRUE,TRUE,TRUE,"structural_absence_boundary_at_zero","ok","",""
"Qiita13631ASD","ASD Dan 2020",90,"fourfold","Coprococcus",0.995,0.99,1,99,100,6194,TRUE,TRUE,FALSE,TRUE,TRUE,TRUE,TRUE,"structural_absence_boundary_at_zero","ok","",""
"Qiita13631ASD","ASD Dan 2020",90,"fourfold","Dialister",0.99,0.98,1,98,100,21269,TRUE,TRUE,FALSE,TRUE,TRUE,TRUE,TRUE,"structural_absence_boundary_at_zero","ok","",""
"Qiita13631ASD","ASD Dan 2020",90,"fourfold","Dorea",0.985,0.97,1,97,100,5092,TRUE,TRUE,FALSE,TRUE,TRUE,TRUE,TRUE,"structural_absence_boundary_at_zero","ok","",""
"Qiita13631ASD","ASD Dan 2020",90,"fourfold","Faecalibacterium",1,1,1,100,100,68912,TRUE,TRUE,FALSE,TRUE,TRUE,TRUE,TRUE,"no_observed_zeros","ok","",""
"Qiita13631ASD","ASD Dan 2020",90,"fourfold","Fusobacterium",0.48,0.37,0.59,37,59,848,TRUE,TRUE,FALSE,TRUE,TRUE,TRUE,TRUE,"structural_absence_boundary_at_zero","ok","",""
"Qiita13631ASD","ASD Dan 2020",90,"fourfold","Haemophilus",0.935,0.89,0.98,89,98,4448,TRUE,TRUE,FALSE,TRUE,TRUE,TRUE,TRUE,"structural_absence_boundary_at_zero","ok","",""
"Qiita13631ASD","ASD Dan 2020",90,"fourfold","Lachnobacterium",0.65,0.55,0.75,55,75,942,TRUE,TRUE,TRUE,FALSE,TRUE,TRUE,TRUE,"ok","ok","",""
"Qiita13631ASD","ASD Dan 2020",90,"fourfold","Lachnospira",1,1,1,100,100,23045,TRUE,TRUE,FALSE,TRUE,TRUE,TRUE,TRUE,"no_observed_zeros","ok","",""
"Qiita13631ASD","ASD Dan 2020",90,"fourfold","Megamonas",0.98,0.96,1,96,100,15513,TRUE,TRUE,FALSE,TRUE,TRUE,TRUE,TRUE,"structural_absence_boundary_at_zero","ok","",""
"Qiita13631ASD","ASD Dan 2020",90,"fourfold","Megasphaera",0.795,0.74,0.85,74,85,3187,TRUE,TRUE,TRUE,FALSE,TRUE,TRUE,TRUE,"ok","ok","",""
"Qiita13631ASD","ASD Dan 2020",90,"fourfold","Oscillospira",1,1,1,100,100,10337,TRUE,TRUE,FALSE,TRUE,TRUE,TRUE,TRUE,"no_observed_zeros","ok","",""
"Qiita13631ASD","ASD Dan 2020",90,"fourfold","Parabacteroides",1,1,1,100,100,21667,TRUE,TRUE,FALSE,TRUE,TRUE,TRUE,TRUE,"no_observed_zeros","ok","",""
"Qiita13631ASD","ASD Dan 2020",90,"fourfold","Paraprevotella",0.73,0.57,0.89,57,89,2017,TRUE,TRUE,TRUE,FALSE,TRUE,TRUE,TRUE,"ok","ok","",""
"Qiita13631ASD","ASD Dan 2020",90,"fourfold","Phascolarctobacterium",0.96,0.92,1,92,100,9400,TRUE,TRUE,FALSE,TRUE,TRUE,TRUE,TRUE,"structural_absence_boundary_at_zero","ok","",""
"Qiita13631ASD","ASD Dan 2020",90,"fourfold","Prevotella",0.99,0.98,1,98,100,48004,TRUE,TRUE,FALSE,TRUE,TRUE,TRUE,TRUE,"structural_absence_boundary_at_zero","ok","",""
"Qiita13631ASD","ASD Dan 2020",90,"fourfold","Roseburia",1,1,1,100,100,12049,TRUE,TRUE,FALSE,TRUE,TRUE,TRUE,TRUE,"no_observed_zeros","ok","",""
"Qiita13631ASD","ASD Dan 2020",90,"fourfold","Ruminococcus",1,1,1,100,100,28204,TRUE,TRUE,FALSE,TRUE,TRUE,TRUE,TRUE,"no_observed_zeros","ok","",""
"Qiita13631ASD","ASD Dan 2020",90,"fourfold","Streptococcus",0.935,0.87,1,87,100,2428,TRUE,TRUE,FALSE,TRUE,TRUE,TRUE,TRUE,"structural_absence_boundary_at_zero","ok","",""
"Qiita13631ASD","ASD Dan 2020",90,"fourfold","Sutterella",1,1,1,100,100,13380,TRUE,TRUE,FALSE,TRUE,TRUE,TRUE,TRUE,"no_observed_zeros","ok","",""
"Qiita13631ASD","ASD Dan 2020",90,"fourfold","Veillonella",0.945,0.89,1,89,100,5320,TRUE,TRUE,FALSE,TRUE,TRUE,TRUE,TRUE,"structural_absence_boundary_at_zero","ok","",""
"Qiita13631ASD","ASD Dan 2020",91,"balanced","[Prevotella]",0.56,0.56,0.56,56,56,1243,TRUE,TRUE,TRUE,FALSE,TRUE,TRUE,TRUE,"ok","ok","",""
"Qiita13631ASD","ASD Dan 2020",91,"balanced","[Ruminococcus]",1,1,1,100,100,11417,TRUE,TRUE,FALSE,TRUE,TRUE,TRUE,TRUE,"no_observed_zeros","ok","",""
"Qiita13631ASD","ASD Dan 2020",91,"balanced","Akkermansia",0.74,0.75,0.73,75,73,3893,TRUE,TRUE,FALSE,TRUE,TRUE,TRUE,TRUE,"structural_absence_boundary_at_zero","ok","",""
"Qiita13631ASD","ASD Dan 2020",91,"balanced","Anaerostipes",0.975,0.99,0.96,99,96,2626,TRUE,TRUE,FALSE,TRUE,TRUE,TRUE,TRUE,"structural_absence_boundary_at_zero","ok","",""
"Qiita13631ASD","ASD Dan 2020",91,"balanced","Bacteroides",1,1,1,100,100,298738,TRUE,TRUE,FALSE,TRUE,TRUE,TRUE,TRUE,"no_observed_zeros","ok","",""
"Qiita13631ASD","ASD Dan 2020",91,"balanced","Bifidobacterium",0.975,0.98,0.97,98,97,10571,TRUE,TRUE,FALSE,TRUE,TRUE,TRUE,TRUE,"structural_absence_boundary_at_zero","ok","",""
"Qiita13631ASD","ASD Dan 2020",91,"balanced","Bilophila",0.945,0.95,0.94,95,94,1470,TRUE,TRUE,TRUE,FALSE,TRUE,TRUE,TRUE,"ok","ok","",""
"Qiita13631ASD","ASD Dan 2020",91,"balanced","Blautia",1,1,1,100,100,5632,TRUE,TRUE,FALSE,TRUE,TRUE,TRUE,TRUE,"no_observed_zeros","ok","",""
"Qiita13631ASD","ASD Dan 2020",91,"balanced","Clostridium",1,1,1,100,100,8692,TRUE,TRUE,FALSE,TRUE,TRUE,TRUE,TRUE,"no_observed_zeros","ok","",""
"Qiita13631ASD","ASD Dan 2020",91,"balanced","Collinsella",0.72,0.73,0.71,73,71,844,TRUE,TRUE,FALSE,TRUE,TRUE,TRUE,TRUE,"structural_absence_boundary_at_zero","ok","",""
"Qiita13631ASD","ASD Dan 2020",91,"balanced","Coprococcus",0.995,0.99,1,99,100,6473,TRUE,TRUE,TRUE,FALSE,TRUE,TRUE,TRUE,"ok","ok","",""
"Qiita13631ASD","ASD Dan 2020",91,"balanced","Dialister",1,1,1,100,100,22711,TRUE,TRUE,FALSE,TRUE,TRUE,TRUE,TRUE,"no_observed_zeros","ok","",""
"Qiita13631ASD","ASD Dan 2020",91,"balanced","Dorea",1,1,1,100,100,5122,TRUE,TRUE,FALSE,TRUE,TRUE,TRUE,TRUE,"no_observed_zeros","ok","",""
"Qiita13631ASD","ASD Dan 2020",91,"balanced","Faecalibacterium",1,1,1,100,100,71963,TRUE,TRUE,FALSE,TRUE,TRUE,TRUE,TRUE,"no_observed_zeros","ok","",""
"Qiita13631ASD","ASD Dan 2020",91,"balanced","Fusobacterium",0.5,0.54,0.46,54,46,1740,TRUE,TRUE,FALSE,TRUE,TRUE,TRUE,TRUE,"structural_absence_boundary_at_zero","ok","",""
"Qiita13631ASD","ASD Dan 2020",91,"balanced","Haemophilus",0.98,0.98,0.98,98,98,4618,TRUE,TRUE,FALSE,TRUE,TRUE,TRUE,TRUE,"structural_absence_boundary_at_zero","ok","",""
"Qiita13631ASD","ASD Dan 2020",91,"balanced","Lachnobacterium",0.75,0.69,0.81,69,81,1099,TRUE,TRUE,FALSE,TRUE,TRUE,TRUE,TRUE,"structural_absence_boundary_at_zero","ok","",""
"Qiita13631ASD","ASD Dan 2020",91,"balanced","Lachnospira",1,1,1,100,100,24109,TRUE,TRUE,FALSE,TRUE,TRUE,TRUE,TRUE,"no_observed_zeros","ok","",""
"Qiita13631ASD","ASD Dan 2020",91,"balanced","Megamonas",0.985,0.98,0.99,98,99,18045,TRUE,TRUE,FALSE,TRUE,TRUE,TRUE,TRUE,"structural_absence_boundary_at_zero","ok","",""
"Qiita13631ASD","ASD Dan 2020",91,"balanced","Megasphaera",0.87,0.89,0.85,89,85,3033,TRUE,TRUE,FALSE,TRUE,TRUE,TRUE,TRUE,"structural_absence_boundary_at_zero","ok","",""
"Qiita13631ASD","ASD Dan 2020",91,"balanced","Oscillospira",1,1,1,100,100,10652,TRUE,TRUE,FALSE,TRUE,TRUE,TRUE,TRUE,"no_observed_zeros","ok","",""
"Qiita13631ASD","ASD Dan 2020",91,"balanced","Parabacteroides",1,1,1,100,100,22461,TRUE,TRUE,FALSE,TRUE,TRUE,TRUE,TRUE,"no_observed_zeros","ok","",""
"Qiita13631ASD","ASD Dan 2020",91,"balanced","Paraprevotella",0.82,0.82,0.82,82,82,2220,TRUE,TRUE,TRUE,FALSE,TRUE,TRUE,TRUE,"ok","ok","",""
"Qiita13631ASD","ASD Dan 2020",91,"balanced","Phascolarctobacterium",1,1,1,100,100,10063,TRUE,TRUE,FALSE,TRUE,TRUE,TRUE,TRUE,"no_observed_zeros","ok","",""
"Qiita13631ASD","ASD Dan 2020",91,"balanced","Prevotella",1,1,1,100,100,49849,TRUE,TRUE,FALSE,TRUE,TRUE,TRUE,TRUE,"no_observed_zeros","ok","",""
"Qiita13631ASD","ASD Dan 2020",91,"balanced","Roseburia",1,1,1,100,100,12259,TRUE,TRUE,FALSE,TRUE,TRUE,TRUE,TRUE,"no_observed_zeros","ok","",""
"Qiita13631ASD","ASD Dan 2020",91,"balanced","Ruminococcus",1,1,1,100,100,26330,TRUE,TRUE,FALSE,TRUE,TRUE,TRUE,TRUE,"no_observed_zeros","ok","",""
"Qiita13631ASD","ASD Dan 2020",91,"balanced","Streptococcus",0.98,0.99,0.97,99,97,2388,TRUE,TRUE,FALSE,TRUE,TRUE,TRUE,TRUE,"structural_absence_boundary_at_zero","ok","",""
"Qiita13631ASD","ASD Dan 2020",91,"balanced","Sutterella",1,1,1,100,100,13824,TRUE,TRUE,FALSE,TRUE,TRUE,TRUE,TRUE,"no_observed_zeros","ok","",""
"Qiita13631ASD","ASD Dan 2020",91,"balanced","Veillonella",0.99,0.98,1,98,100,5655,TRUE,TRUE,FALSE,TRUE,TRUE,TRUE,TRUE,"structural_absence_boundary_at_zero","ok","",""
"Qiita13631ASD","ASD Dan 2020",91,"fourfold","[Prevotella]",0.465,0.38,0.55,38,55,1573,TRUE,TRUE,TRUE,FALSE,TRUE,TRUE,TRUE,"ok","ok","",""
"Qiita13631ASD","ASD Dan 2020",91,"fourfold","[Ruminococcus]",0.995,0.99,1,99,100,10963,TRUE,TRUE,TRUE,FALSE,TRUE,TRUE,TRUE,"ok","ok","",""
"Qiita13631ASD","ASD Dan 2020",91,"fourfold","Akkermansia",0.77,0.63,0.91,63,91,5626,TRUE,TRUE,FALSE,TRUE,TRUE,TRUE,TRUE,"structural_absence_boundary_at_zero","ok","",""
"Qiita13631ASD","ASD Dan 2020",91,"fourfold","Anaerostipes",0.95,0.9,1,90,100,2673,TRUE,TRUE,FALSE,TRUE,TRUE,TRUE,TRUE,"structural_absence_boundary_at_zero","ok","",""
"Qiita13631ASD","ASD Dan 2020",91,"fourfold","Bacteroides",1,1,1,100,100,304045,TRUE,TRUE,FALSE,TRUE,TRUE,TRUE,TRUE,"no_observed_zeros","ok","",""
"Qiita13631ASD","ASD Dan 2020",91,"fourfold","Bifidobacterium",0.93,0.86,1,86,100,9869,TRUE,TRUE,FALSE,TRUE,TRUE,TRUE,TRUE,"structural_absence_boundary_at_zero","ok","",""
"Qiita13631ASD","ASD Dan 2020",91,"fourfold","Bilophila",0.92,0.88,0.96,88,96,1404,TRUE,TRUE,TRUE,FALSE,TRUE,TRUE,TRUE,"ok","ok","",""
"Qiita13631ASD","ASD Dan 2020",91,"fourfold","Blautia",0.995,0.99,1,99,100,5752,TRUE,TRUE,FALSE,TRUE,TRUE,TRUE,TRUE,"structural_absence_boundary_at_zero","ok","",""
"Qiita13631ASD","ASD Dan 2020",91,"fourfold","Clostridium",0.995,0.99,1,99,100,10653,TRUE,TRUE,FALSE,TRUE,TRUE,TRUE,TRUE,"structural_absence_boundary_at_zero","ok","",""
"Qiita13631ASD","ASD Dan 2020",91,"fourfold","Collinsella",0.68,0.51,0.85,51,85,675,TRUE,TRUE,FALSE,TRUE,TRUE,TRUE,TRUE,"structural_absence_boundary_at_zero","ok","",""
"Qiita13631ASD","ASD Dan 2020",91,"fourfold","Coprococcus",1,1,1,100,100,6964,TRUE,TRUE,FALSE,TRUE,TRUE,TRUE,TRUE,"no_observed_zeros","ok","",""
"Qiita13631ASD","ASD Dan 2020",91,"fourfold","Dialister",0.99,0.98,1,98,100,21354,TRUE,TRUE,FALSE,TRUE,TRUE,TRUE,TRUE,"structural_absence_boundary_at_zero","ok","",""
"Qiita13631ASD","ASD Dan 2020",91,"fourfold","Dorea",0.985,0.97,1,97,100,4775,TRUE,TRUE,FALSE,TRUE,TRUE,TRUE,TRUE,"structural_absence_boundary_at_zero","ok","",""
"Qiita13631ASD","ASD Dan 2020",91,"fourfold","Faecalibacterium",1,1,1,100,100,65930,TRUE,TRUE,FALSE,TRUE,TRUE,TRUE,TRUE,"no_observed_zeros","ok","",""
"Qiita13631ASD","ASD Dan 2020",91,"fourfold","Fusobacterium",0.505,0.45,0.56,45,56,788,TRUE,TRUE,FALSE,TRUE,TRUE,TRUE,TRUE,"structural_absence_boundary_at_zero","ok","",""
"Qiita13631ASD","ASD Dan 2020",91,"fourfold","Haemophilus",0.91,0.84,0.98,84,98,3177,TRUE,TRUE,FALSE,TRUE,TRUE,TRUE,TRUE,"structural_absence_boundary_at_zero","ok","",""
"Qiita13631ASD","ASD Dan 2020",91,"fourfold","Lachnobacterium",0.695,0.57,0.82,57,82,1253,TRUE,TRUE,TRUE,FALSE,TRUE,TRUE,TRUE,"ok","ok","",""
"Qiita13631ASD","ASD Dan 2020",91,"fourfold","Lachnospira",1,1,1,100,100,21050,TRUE,TRUE,FALSE,TRUE,TRUE,TRUE,TRUE,"no_observed_zeros","ok","",""
"Qiita13631ASD","ASD Dan 2020",91,"fourfold","Megamonas",0.98,0.97,0.99,97,99,13483,TRUE,TRUE,FALSE,TRUE,TRUE,TRUE,TRUE,"structural_absence_boundary_at_zero","ok","",""
"Qiita13631ASD","ASD Dan 2020",91,"fourfold","Megasphaera",0.825,0.73,0.92,73,92,3593,TRUE,TRUE,FALSE,TRUE,TRUE,TRUE,TRUE,"structural_absence_boundary_at_zero","ok","",""
"Qiita13631ASD","ASD Dan 2020",91,"fourfold","Oscillospira",1,1,1,100,100,11062,TRUE,TRUE,FALSE,TRUE,TRUE,TRUE,TRUE,"no_observed_zeros","ok","",""
"Qiita13631ASD","ASD Dan 2020",91,"fourfold","Parabacteroides",1,1,1,100,100,22986,TRUE,TRUE,FALSE,TRUE,TRUE,TRUE,TRUE,"no_observed_zeros","ok","",""
"Qiita13631ASD","ASD Dan 2020",91,"fourfold","Paraprevotella",0.765,0.65,0.88,65,88,2210,TRUE,TRUE,TRUE,FALSE,TRUE,TRUE,TRUE,"ok","ok","",""
"Qiita13631ASD","ASD Dan 2020",91,"fourfold","Phascolarctobacterium",0.98,0.96,1,96,100,8325,TRUE,TRUE,FALSE,TRUE,TRUE,TRUE,TRUE,"structural_absence_boundary_at_zero","ok","",""
"Qiita13631ASD","ASD Dan 2020",91,"fourfold","Prevotella",0.96,0.93,0.99,93,99,51802,TRUE,TRUE,TRUE,FALSE,TRUE,TRUE,TRUE,"ok","ok","",""
"Qiita13631ASD","ASD Dan 2020",91,"fourfold","Roseburia",1,1,1,100,100,11934,TRUE,TRUE,FALSE,TRUE,TRUE,TRUE,TRUE,"no_observed_zeros","ok","",""
"Qiita13631ASD","ASD Dan 2020",91,"fourfold","Ruminococcus",1,1,1,100,100,27260,TRUE,TRUE,FALSE,TRUE,TRUE,TRUE,TRUE,"no_observed_zeros","ok","",""
"Qiita13631ASD","ASD Dan 2020",91,"fourfold","Streptococcus",0.935,0.89,0.98,89,98,2225,TRUE,TRUE,TRUE,FALSE,TRUE,TRUE,TRUE,"ok","ok","",""
"Qiita13631ASD","ASD Dan 2020",91,"fourfold","Sutterella",1,1,1,100,100,13846,TRUE,TRUE,FALSE,TRUE,TRUE,TRUE,TRUE,"no_observed_zeros","ok","",""
"Qiita13631ASD","ASD Dan 2020",91,"fourfold","Veillonella",0.94,0.92,0.96,92,96,5355,TRUE,TRUE,FALSE,TRUE,TRUE,TRUE,TRUE,"structural_absence_boundary_at_zero","ok","",""
"Qiita13631ASD","ASD Dan 2020",92,"balanced","[Prevotella]",0.525,0.53,0.52,53,52,1531,TRUE,TRUE,TRUE,FALSE,TRUE,TRUE,TRUE,"ok","ok","",""
"Qiita13631ASD","ASD Dan 2020",92,"balanced","[Ruminococcus]",1,1,1,100,100,11598,TRUE,TRUE,FALSE,TRUE,TRUE,TRUE,TRUE,"no_observed_zeros","ok","",""
"Qiita13631ASD","ASD Dan 2020",92,"balanced","Akkermansia",0.78,0.76,0.8,76,80,3675,TRUE,TRUE,FALSE,TRUE,TRUE,TRUE,TRUE,"structural_absence_boundary_at_zero","ok","",""
"Qiita13631ASD","ASD Dan 2020",92,"balanced","Anaerostipes",0.98,0.98,0.98,98,98,2648,TRUE,TRUE,FALSE,TRUE,TRUE,TRUE,TRUE,"structural_absence_boundary_at_zero","ok","",""
"Qiita13631ASD","ASD Dan 2020",92,"balanced","Bacteroides",1,1,1,100,100,294353,TRUE,TRUE,FALSE,TRUE,TRUE,TRUE,TRUE,"no_observed_zeros","ok","",""
"Qiita13631ASD","ASD Dan 2020",92,"balanced","Bifidobacterium",0.97,0.97,0.97,97,97,8048,TRUE,TRUE,FALSE,TRUE,TRUE,TRUE,TRUE,"structural_absence_boundary_at_zero","ok","",""
"Qiita13631ASD","ASD Dan 2020",92,"balanced","Bilophila",0.97,0.97,0.97,97,97,1394,TRUE,TRUE,TRUE,FALSE,TRUE,TRUE,TRUE,"ok","ok","",""
"Qiita13631ASD","ASD Dan 2020",92,"balanced","Blautia",1,1,1,100,100,5572,TRUE,TRUE,FALSE,TRUE,TRUE,TRUE,TRUE,"no_observed_zeros","ok","",""
"Qiita13631ASD","ASD Dan 2020",92,"balanced","Clostridium",0.995,1,0.99,100,99,8387,TRUE,TRUE,FALSE,TRUE,TRUE,TRUE,TRUE,"structural_absence_boundary_at_zero","ok","",""
"Qiita13631ASD","ASD Dan 2020",92,"balanced","Collinsella",0.75,0.75,0.75,75,75,946,TRUE,TRUE,FALSE,TRUE,TRUE,TRUE,TRUE,"structural_absence_boundary_at_zero","ok","",""
"Qiita13631ASD","ASD Dan 2020",92,"balanced","Coprococcus",1,1,1,100,100,6592,TRUE,TRUE,FALSE,TRUE,TRUE,TRUE,TRUE,"no_observed_zeros","ok","",""
"Qiita13631ASD","ASD Dan 2020",92,"balanced","Dialister",1,1,1,100,100,22491,TRUE,TRUE,FALSE,TRUE,TRUE,TRUE,TRUE,"no_observed_zeros","ok","",""
"Qiita13631ASD","ASD Dan 2020",92,"balanced","Dorea",1,1,1,100,100,5311,TRUE,TRUE,FALSE,TRUE,TRUE,TRUE,TRUE,"no_observed_zeros","ok","",""
"Qiita13631ASD","ASD Dan 2020",92,"balanced","Faecalibacterium",1,1,1,100,100,72584,TRUE,TRUE,FALSE,TRUE,TRUE,TRUE,TRUE,"no_observed_zeros","ok","",""
"Qiita13631ASD","ASD Dan 2020",92,"balanced","Fusobacterium",0.525,0.51,0.54,51,54,1504,TRUE,TRUE,FALSE,TRUE,TRUE,TRUE,TRUE,"structural_absence_boundary_at_zero","ok","",""
"Qiita13631ASD","ASD Dan 2020",92,"balanced","Haemophilus",0.97,0.98,0.96,98,96,4983,TRUE,TRUE,FALSE,TRUE,TRUE,TRUE,TRUE,"structural_absence_boundary_at_zero","ok","",""
"Qiita13631ASD","ASD Dan 2020",92,"balanced","Lachnobacterium",0.68,0.71,0.65,71,65,1131,TRUE,TRUE,TRUE,FALSE,TRUE,TRUE,TRUE,"ok","ok","",""
"Qiita13631ASD","ASD Dan 2020",92,"balanced","Lachnospira",1,1,1,100,100,24840,TRUE,TRUE,FALSE,TRUE,TRUE,TRUE,TRUE,"no_observed_zeros","ok","",""
"Qiita13631ASD","ASD Dan 2020",92,"balanced","Megamonas",0.995,1,0.99,100,99,23365,TRUE,TRUE,FALSE,TRUE,TRUE,TRUE,TRUE,"structural_absence_boundary_at_zero","ok","",""
"Qiita13631ASD","ASD Dan 2020",92,"balanced","Megasphaera",0.85,0.84,0.86,84,86,3802,TRUE,TRUE,FALSE,TRUE,TRUE,TRUE,TRUE,"structural_absence_boundary_at_zero","ok","",""
"Qiita13631ASD","ASD Dan 2020",92,"balanced","Oscillospira",1,1,1,100,100,10632,TRUE,TRUE,FALSE,TRUE,TRUE,TRUE,TRUE,"no_observed_zeros","ok","",""
"Qiita13631ASD","ASD Dan 2020",92,"balanced","Parabacteroides",1,1,1,100,100,22942,TRUE,TRUE,FALSE,TRUE,TRUE,TRUE,TRUE,"no_observed_zeros","ok","",""
"Qiita13631ASD","ASD Dan 2020",92,"balanced","Paraprevotella",0.84,0.84,0.84,84,84,2303,TRUE,TRUE,FALSE,TRUE,TRUE,TRUE,TRUE,"structural_absence_boundary_at_zero","ok","",""
"Qiita13631ASD","ASD Dan 2020",92,"balanced","Phascolarctobacterium",0.99,0.98,1,98,100,10180,TRUE,TRUE,TRUE,FALSE,TRUE,TRUE,TRUE,"ok","ok","",""
"Qiita13631ASD","ASD Dan 2020",92,"balanced","Prevotella",0.99,0.98,1,98,100,51565,TRUE,TRUE,FALSE,TRUE,TRUE,TRUE,TRUE,"structural_absence_boundary_at_zero","ok","",""
"Qiita13631ASD","ASD Dan 2020",92,"balanced","Roseburia",1,1,1,100,100,13064,TRUE,TRUE,FALSE,TRUE,TRUE,TRUE,TRUE,"no_observed_zeros","ok","",""
"Qiita13631ASD","ASD Dan 2020",92,"balanced","Ruminococcus",1,1,1,100,100,26900,TRUE,TRUE,FALSE,TRUE,TRUE,TRUE,TRUE,"no_observed_zeros","ok","",""
"Qiita13631ASD","ASD Dan 2020",92,"balanced","Streptococcus",0.985,0.99,0.98,99,98,2605,TRUE,TRUE,FALSE,TRUE,TRUE,TRUE,TRUE,"structural_absence_boundary_at_zero","ok","",""
"Qiita13631ASD","ASD Dan 2020",92,"balanced","Sutterella",1,1,1,100,100,14245,TRUE,TRUE,FALSE,TRUE,TRUE,TRUE,TRUE,"no_observed_zeros","ok","",""
"Qiita13631ASD","ASD Dan 2020",92,"balanced","Veillonella",0.985,0.98,0.99,98,99,5975,TRUE,TRUE,FALSE,TRUE,TRUE,TRUE,TRUE,"structural_absence_boundary_at_zero","ok","",""
"Qiita13631ASD","ASD Dan 2020",92,"fourfold","[Prevotella]",0.52,0.43,0.61,43,61,1424,TRUE,TRUE,TRUE,FALSE,TRUE,TRUE,TRUE,"ok","ok","",""
"Qiita13631ASD","ASD Dan 2020",92,"fourfold","[Ruminococcus]",1,1,1,100,100,10123,TRUE,TRUE,FALSE,TRUE,TRUE,TRUE,TRUE,"no_observed_zeros","ok","",""
"Qiita13631ASD","ASD Dan 2020",92,"fourfold","Akkermansia",0.7,0.63,0.77,63,77,2129,TRUE,TRUE,FALSE,TRUE,TRUE,TRUE,TRUE,"structural_absence_boundary_at_zero","ok","",""
"Qiita13631ASD","ASD Dan 2020",92,"fourfold","Anaerostipes",0.95,0.9,1,90,100,2537,TRUE,TRUE,FALSE,TRUE,TRUE,TRUE,TRUE,"structural_absence_boundary_at_zero","ok","",""
"Qiita13631ASD","ASD Dan 2020",92,"fourfold","Bacteroides",1,1,1,100,100,279062,TRUE,TRUE,FALSE,TRUE,TRUE,TRUE,TRUE,"no_observed_zeros","ok","",""
"Qiita13631ASD","ASD Dan 2020",92,"fourfold","Bifidobacterium",0.95,0.91,0.99,91,99,9380,TRUE,TRUE,FALSE,TRUE,TRUE,TRUE,TRUE,"structural_absence_boundary_at_zero","ok","",""
"Qiita13631ASD","ASD Dan 2020",92,"fourfold","Bilophila",0.91,0.83,0.99,83,99,1296,TRUE,TRUE,FALSE,TRUE,TRUE,TRUE,TRUE,"structural_absence_boundary_at_zero","ok","",""
"Qiita13631ASD","ASD Dan 2020",92,"fourfold","Blautia",1,1,1,100,100,5359,TRUE,TRUE,FALSE,TRUE,TRUE,TRUE,TRUE,"no_observed_zeros","ok","",""
"Qiita13631ASD","ASD Dan 2020",92,"fourfold","Clostridium",0.995,0.99,1,99,100,8734,TRUE,TRUE,FALSE,TRUE,TRUE,TRUE,TRUE,"structural_absence_boundary_at_zero","ok","",""
"Qiita13631ASD","ASD Dan 2020",92,"fourfold","Collinsella",0.665,0.5,0.83,50,83,765,TRUE,TRUE,FALSE,TRUE,TRUE,TRUE,TRUE,"structural_absence_boundary_at_zero","ok","",""
"Qiita13631ASD","ASD Dan 2020",92,"fourfold","Coprococcus",0.975,0.95,1,95,100,6149,TRUE,TRUE,TRUE,FALSE,TRUE,TRUE,TRUE,"ok","ok","",""
"Qiita13631ASD","ASD Dan 2020",92,"fourfold","Dialister",0.995,0.99,1,99,100,22734,TRUE,TRUE,FALSE,TRUE,TRUE,TRUE,TRUE,"structural_absence_boundary_at_zero","ok","",""
"Qiita13631ASD","ASD Dan 2020",92,"fourfold","Dorea",0.99,0.98,1,98,100,4621,TRUE,TRUE,FALSE,TRUE,TRUE,TRUE,TRUE,"structural_absence_boundary_at_zero","ok","",""
"Qiita13631ASD","ASD Dan 2020",92,"fourfold","Faecalibacterium",1,1,1,100,100,64327,TRUE,TRUE,FALSE,TRUE,TRUE,TRUE,TRUE,"no_observed_zeros","ok","",""
"Qiita13631ASD","ASD Dan 2020",92,"fourfold","Fusobacterium",0.475,0.39,0.56,39,56,946,TRUE,TRUE,FALSE,TRUE,TRUE,TRUE,TRUE,"structural_absence_boundary_at_zero","ok","",""
"Qiita13631ASD","ASD Dan 2020",92,"fourfold","Haemophilus",0.91,0.82,1,82,100,4859,TRUE,TRUE,FALSE,TRUE,TRUE,TRUE,TRUE,"structural_absence_boundary_at_zero","ok","",""
"Qiita13631ASD","ASD Dan 2020",92,"fourfold","Lachnobacterium",0.695,0.57,0.82,57,82,942,TRUE,TRUE,FALSE,TRUE,TRUE,TRUE,TRUE,"structural_absence_boundary_at_zero","ok","",""
"Qiita13631ASD","ASD Dan 2020",92,"fourfold","Lachnospira",1,1,1,100,100,21631,TRUE,TRUE,FALSE,TRUE,TRUE,TRUE,TRUE,"no_observed_zeros","ok","",""
"Qiita13631ASD","ASD Dan 2020",92,"fourfold","Megamonas",0.94,0.89,0.99,89,99,17078,TRUE,TRUE,TRUE,FALSE,TRUE,TRUE,TRUE,"ok","ok","",""
"Qiita13631ASD","ASD Dan 2020",92,"fourfold","Megasphaera",0.825,0.74,0.91,74,91,3510,TRUE,TRUE,FALSE,TRUE,TRUE,TRUE,TRUE,"structural_absence_boundary_at_zero","ok","",""
"Qiita13631ASD","ASD Dan 2020",92,"fourfold","Oscillospira",1,1,1,100,100,9821,TRUE,TRUE,FALSE,TRUE,TRUE,TRUE,TRUE,"no_observed_zeros","ok","",""
"Qiita13631ASD","ASD Dan 2020",92,"fourfold","Parabacteroides",1,1,1,100,100,19960,TRUE,TRUE,FALSE,TRUE,TRUE,TRUE,TRUE,"no_observed_zeros","ok","",""
"Qiita13631ASD","ASD Dan 2020",92,"fourfold","Paraprevotella",0.795,0.76,0.83,76,83,1688,TRUE,TRUE,FALSE,TRUE,TRUE,TRUE,TRUE,"structural_absence_boundary_at_zero","ok","",""
"Qiita13631ASD","ASD Dan 2020",92,"fourfold","Phascolarctobacterium",0.985,0.97,1,97,100,8590,TRUE,TRUE,FALSE,TRUE,TRUE,TRUE,TRUE,"structural_absence_boundary_at_zero","ok","",""
"Qiita13631ASD","ASD Dan 2020",92,"fourfold","Prevotella",0.985,0.97,1,97,100,55001,TRUE,TRUE,FALSE,TRUE,TRUE,TRUE,TRUE,"structural_absence_boundary_at_zero","ok","",""
"Qiita13631ASD","ASD Dan 2020",92,"fourfold","Roseburia",0.995,0.99,1,99,100,11769,TRUE,TRUE,FALSE,TRUE,TRUE,TRUE,TRUE,"structural_absence_boundary_at_zero","ok","",""
"Qiita13631ASD","ASD Dan 2020",92,"fourfold","Ruminococcus",1,1,1,100,100,26631,TRUE,TRUE,FALSE,TRUE,TRUE,TRUE,TRUE,"no_observed_zeros","ok","",""
"Qiita13631ASD","ASD Dan 2020",92,"fourfold","Streptococcus",0.95,0.91,0.99,91,99,2425,TRUE,TRUE,FALSE,TRUE,TRUE,TRUE,TRUE,"structural_absence_boundary_at_zero","ok","",""
"Qiita13631ASD","ASD Dan 2020",92,"fourfold","Sutterella",1,1,1,100,100,12877,TRUE,TRUE,FALSE,TRUE,TRUE,TRUE,TRUE,"no_observed_zeros","ok","",""
"Qiita13631ASD","ASD Dan 2020",92,"fourfold","Veillonella",0.975,0.95,1,95,100,4265,TRUE,TRUE,FALSE,TRUE,TRUE,TRUE,TRUE,"structural_absence_boundary_at_zero","ok","",""
"Qiita13631ASD","ASD Dan 2020",93,"balanced","[Prevotella]",0.54,0.54,0.54,54,54,1855,TRUE,TRUE,TRUE,FALSE,TRUE,TRUE,TRUE,"ok","ok","",""
"Qiita13631ASD","ASD Dan 2020",93,"balanced","[Ruminococcus]",1,1,1,100,100,12040,TRUE,TRUE,FALSE,TRUE,TRUE,TRUE,TRUE,"no_observed_zeros","ok","",""
"Qiita13631ASD","ASD Dan 2020",93,"balanced","Akkermansia",0.81,0.8,0.82,80,82,3430,TRUE,TRUE,FALSE,TRUE,TRUE,TRUE,TRUE,"structural_absence_boundary_at_zero","ok","",""
"Qiita13631ASD","ASD Dan 2020",93,"balanced","Anaerostipes",0.975,0.99,0.96,99,96,2825,TRUE,TRUE,TRUE,FALSE,TRUE,TRUE,TRUE,"ok","ok","",""
"Qiita13631ASD","ASD Dan 2020",93,"balanced","Bacteroides",1,1,1,100,100,315668,TRUE,TRUE,FALSE,TRUE,TRUE,TRUE,TRUE,"no_observed_zeros","ok","",""
"Qiita13631ASD","ASD Dan 2020",93,"balanced","Bifidobacterium",0.945,0.94,0.95,94,95,7918,TRUE,TRUE,FALSE,TRUE,TRUE,TRUE,TRUE,"structural_absence_boundary_at_zero","ok","",""
"Qiita13631ASD","ASD Dan 2020",93,"balanced","Bilophila",0.965,0.99,0.94,99,94,1516,TRUE,TRUE,FALSE,TRUE,TRUE,TRUE,TRUE,"structural_absence_boundary_at_zero","ok","",""
"Qiita13631ASD","ASD Dan 2020",93,"balanced","Blautia",0.995,0.99,1,99,100,5727,TRUE,TRUE,TRUE,FALSE,TRUE,TRUE,TRUE,"ok","ok","",""
"Qiita13631ASD","ASD Dan 2020",93,"balanced","Clostridium",1,1,1,100,100,9052,TRUE,TRUE,FALSE,TRUE,TRUE,TRUE,TRUE,"no_observed_zeros","ok","",""
"Qiita13631ASD","ASD Dan 2020",93,"balanced","Collinsella",0.72,0.76,0.68,76,68,948,TRUE,TRUE,FALSE,TRUE,TRUE,TRUE,TRUE,"structural_absence_boundary_at_zero","ok","",""
"Qiita13631ASD","ASD Dan 2020",93,"balanced","Coprococcus",0.995,0.99,1,99,100,7290,TRUE,TRUE,TRUE,FALSE,TRUE,TRUE,TRUE,"ok","ok","",""
"Qiita13631ASD","ASD Dan 2020",93,"balanced","Dialister",1,1,1,100,100,21777,TRUE,TRUE,FALSE,TRUE,TRUE,TRUE,TRUE,"no_observed_zeros","ok","",""
"Qiita13631ASD","ASD Dan 2020",93,"balanced","Dorea",0.995,0.99,1,99,100,5456,TRUE,TRUE,TRUE,FALSE,TRUE,TRUE,TRUE,"ok","ok","",""
"Qiita13631ASD","ASD Dan 2020",93,"balanced","Faecalibacterium",1,1,1,100,100,78402,TRUE,TRUE,FALSE,TRUE,TRUE,TRUE,TRUE,"no_observed_zeros","ok","",""
"Qiita13631ASD","ASD Dan 2020",93,"balanced","Fusobacterium",0.565,0.51,0.62,51,62,2557,TRUE,TRUE,FALSE,TRUE,TRUE,TRUE,TRUE,"structural_absence_boundary_at_zero","ok","",""
"Qiita13631ASD","ASD Dan 2020",93,"balanced","Haemophilus",0.975,0.98,0.97,98,97,5576,TRUE,TRUE,FALSE,TRUE,TRUE,TRUE,TRUE,"structural_absence_boundary_at_zero","ok","",""
"Qiita13631ASD","ASD Dan 2020",93,"balanced","Lachnobacterium",0.73,0.75,0.71,75,71,1088,TRUE,TRUE,FALSE,TRUE,TRUE,TRUE,TRUE,"structural_absence_boundary_at_zero","ok","",""
"Qiita13631ASD","ASD Dan 2020",93,"balanced","Lachnospira",1,1,1,100,100,26860,TRUE,TRUE,FALSE,TRUE,TRUE,TRUE,TRUE,"no_observed_zeros","ok","",""
"Qiita13631ASD","ASD Dan 2020",93,"balanced","Megamonas",1,1,1,100,100,18874,TRUE,TRUE,FALSE,TRUE,TRUE,TRUE,TRUE,"no_observed_zeros","ok","",""
"Qiita13631ASD","ASD Dan 2020",93,"balanced","Megasphaera",0.865,0.87,0.86,87,86,3648,TRUE,TRUE,FALSE,TRUE,TRUE,TRUE,TRUE,"structural_absence_boundary_at_zero","ok","",""
"Qiita13631ASD","ASD Dan 2020",93,"balanced","Oscillospira",1,1,1,100,100,11440,TRUE,TRUE,FALSE,TRUE,TRUE,TRUE,TRUE,"no_observed_zeros","ok","",""
"Qiita13631ASD","ASD Dan 2020",93,"balanced","Parabacteroides",1,1,1,100,100,24609,TRUE,TRUE,FALSE,TRUE,TRUE,TRUE,TRUE,"no_observed_zeros","ok","",""
"Qiita13631ASD","ASD Dan 2020",93,"balanced","Paraprevotella",0.81,0.78,0.84,78,84,2524,TRUE,TRUE,TRUE,FALSE,TRUE,TRUE,TRUE,"ok","ok","",""
"Qiita13631ASD","ASD Dan 2020",93,"balanced","Phascolarctobacterium",0.995,1,0.99,100,99,10960,TRUE,TRUE,TRUE,FALSE,TRUE,TRUE,TRUE,"ok","ok","",""
"Qiita13631ASD","ASD Dan 2020",93,"balanced","Prevotella",1,1,1,100,100,49308,TRUE,TRUE,FALSE,TRUE,TRUE,TRUE,TRUE,"no_observed_zeros","ok","",""
"Qiita13631ASD","ASD Dan 2020",93,"balanced","Roseburia",0.995,0.99,1,99,100,13269,TRUE,TRUE,TRUE,FALSE,TRUE,TRUE,TRUE,"ok","ok","",""
"Qiita13631ASD","ASD Dan 2020",93,"balanced","Ruminococcus",1,1,1,100,100,28161,TRUE,TRUE,FALSE,TRUE,TRUE,TRUE,TRUE,"no_observed_zeros","ok","",""
"Qiita13631ASD","ASD Dan 2020",93,"balanced","Streptococcus",0.965,0.96,0.97,96,97,2648,TRUE,TRUE,TRUE,FALSE,TRUE,TRUE,TRUE,"ok","ok","",""
"Qiita13631ASD","ASD Dan 2020",93,"balanced","Sutterella",1,1,1,100,100,14912,TRUE,TRUE,FALSE,TRUE,TRUE,TRUE,TRUE,"no_observed_zeros","ok","",""
"Qiita13631ASD","ASD Dan 2020",93,"balanced","Veillonella",0.985,0.98,0.99,98,99,6163,TRUE,TRUE,FALSE,TRUE,TRUE,TRUE,TRUE,"structural_absence_boundary_at_zero","ok","",""
"Qiita13631ASD","ASD Dan 2020",93,"fourfold","[Prevotella]",0.51,0.46,0.56,46,56,1206,TRUE,TRUE,TRUE,FALSE,TRUE,TRUE,TRUE,"ok","ok","",""
"Qiita13631ASD","ASD Dan 2020",93,"fourfold","[Ruminococcus]",1,1,1,100,100,9866,TRUE,TRUE,FALSE,TRUE,TRUE,TRUE,TRUE,"no_observed_zeros","ok","",""
"Qiita13631ASD","ASD Dan 2020",93,"fourfold","Akkermansia",0.71,0.56,0.86,56,86,4050,TRUE,TRUE,FALSE,TRUE,TRUE,TRUE,TRUE,"structural_absence_boundary_at_zero","ok","",""
"Qiita13631ASD","ASD Dan 2020",93,"fourfold","Anaerostipes",0.935,0.9,0.97,90,97,2284,TRUE,TRUE,TRUE,FALSE,TRUE,TRUE,TRUE,"ok","ok","",""
"Qiita13631ASD","ASD Dan 2020",93,"fourfold","Bacteroides",1,1,1,100,100,281797,TRUE,TRUE,FALSE,TRUE,TRUE,TRUE,TRUE,"no_observed_zeros","ok","",""
"Qiita13631ASD","ASD Dan 2020",93,"fourfold","Bifidobacterium",0.955,0.93,0.98,93,98,5717,TRUE,TRUE,FALSE,TRUE,TRUE,TRUE,TRUE,"structural_absence_boundary_at_zero","ok","",""
"Qiita13631ASD","ASD Dan 2020",93,"fourfold","Bilophila",0.88,0.77,0.99,77,99,1269,TRUE,TRUE,FALSE,TRUE,TRUE,TRUE,TRUE,"structural_absence_boundary_at_zero","ok","",""
"Qiita13631ASD","ASD Dan 2020",93,"fourfold","Blautia",1,1,1,100,100,5024,TRUE,TRUE,FALSE,TRUE,TRUE,TRUE,TRUE,"no_observed_zeros","ok","",""
"Qiita13631ASD","ASD Dan 2020",93,"fourfold","Clostridium",1,1,1,100,100,7102,TRUE,TRUE,FALSE,TRUE,TRUE,TRUE,TRUE,"no_observed_zeros","ok","",""
"Qiita13631ASD","ASD Dan 2020",93,"fourfold","Collinsella",0.675,0.5,0.85,50,85,1036,TRUE,TRUE,FALSE,TRUE,TRUE,TRUE,TRUE,"structural_absence_boundary_at_zero","ok","",""
"Qiita13631ASD","ASD Dan 2020",93,"fourfold","Coprococcus",1,1,1,100,100,6311,TRUE,TRUE,FALSE,TRUE,TRUE,TRUE,TRUE,"no_observed_zeros","ok","",""
"Qiita13631ASD","ASD Dan 2020",93,"fourfold","Dialister",1,1,1,100,100,21451,TRUE,TRUE,FALSE,TRUE,TRUE,TRUE,TRUE,"no_observed_zeros","ok","",""
"Qiita13631ASD","ASD Dan 2020",93,"fourfold","Dorea",0.995,0.99,1,99,100,4433,TRUE,TRUE,FALSE,TRUE,TRUE,TRUE,TRUE,"structural_absence_boundary_at_zero","ok","",""
"Qiita13631ASD","ASD Dan 2020",93,"fourfold","Faecalibacterium",1,1,1,100,100,68800,TRUE,TRUE,FALSE,TRUE,TRUE,TRUE,TRUE,"no_observed_zeros","ok","",""
"Qiita13631ASD","ASD Dan 2020",93,"fourfold","Fusobacterium",0.44,0.27,0.61,27,61,2762,TRUE,TRUE,FALSE,TRUE,TRUE,TRUE,TRUE,"structural_absence_boundary_at_zero","ok","",""
"Qiita13631ASD","ASD Dan 2020",93,"fourfold","Haemophilus",0.905,0.81,1,81,100,4691,TRUE,TRUE,FALSE,TRUE,TRUE,TRUE,TRUE,"structural_absence_boundary_at_zero","ok","",""
"Qiita13631ASD","ASD Dan 2020",93,"fourfold","Lachnobacterium",0.625,0.51,0.74,51,74,1005,TRUE,TRUE,TRUE,FALSE,TRUE,TRUE,TRUE,"ok","ok","",""
"Qiita13631ASD","ASD Dan 2020",93,"fourfold","Lachnospira",1,1,1,100,100,22132,TRUE,TRUE,FALSE,TRUE,TRUE,TRUE,TRUE,"no_observed_zeros","ok","",""
"Qiita13631ASD","ASD Dan 2020",93,"fourfold","Megamonas",0.97,0.94,1,94,100,14540,TRUE,TRUE,FALSE,TRUE,TRUE,TRUE,TRUE,"structural_absence_boundary_at_zero","ok","",""
"Qiita13631ASD","ASD Dan 2020",93,"fourfold","Megasphaera",0.805,0.7,0.91,70,91,2913,TRUE,TRUE,FALSE,TRUE,TRUE,TRUE,TRUE,"structural_absence_boundary_at_zero","ok","",""
"Qiita13631ASD","ASD Dan 2020",93,"fourfold","Oscillospira",1,1,1,100,100,9726,TRUE,TRUE,FALSE,TRUE,TRUE,TRUE,TRUE,"no_observed_zeros","ok","",""
"Qiita13631ASD","ASD Dan 2020",93,"fourfold","Parabacteroides",1,1,1,100,100,20889,TRUE,TRUE,FALSE,TRUE,TRUE,TRUE,TRUE,"no_observed_zeros","ok","",""
"Qiita13631ASD","ASD Dan 2020",93,"fourfold","Paraprevotella",0.76,0.63,0.89,63,89,1883,TRUE,TRUE,TRUE,FALSE,TRUE,TRUE,TRUE,"ok","ok","",""
"Qiita13631ASD","ASD Dan 2020",93,"fourfold","Phascolarctobacterium",0.965,0.93,1,93,100,8528,TRUE,TRUE,FALSE,TRUE,TRUE,TRUE,TRUE,"structural_absence_boundary_at_zero","ok","",""
"Qiita13631ASD","ASD Dan 2020",93,"fourfold","Prevotella",0.99,0.98,1,98,100,51112,TRUE,TRUE,FALSE,TRUE,TRUE,TRUE,TRUE,"structural_absence_boundary_at_zero","ok","",""
"Qiita13631ASD","ASD Dan 2020",93,"fourfold","Roseburia",0.995,0.99,1,99,100,11934,TRUE,TRUE,FALSE,TRUE,TRUE,TRUE,TRUE,"structural_absence_boundary_at_zero","ok","",""
"Qiita13631ASD","ASD Dan 2020",93,"fourfold","Ruminococcus",1,1,1,100,100,23234,TRUE,TRUE,FALSE,TRUE,TRUE,TRUE,TRUE,"no_observed_zeros","ok","",""
"Qiita13631ASD","ASD Dan 2020",93,"fourfold","Streptococcus",0.94,0.88,1,88,100,2412,TRUE,TRUE,FALSE,TRUE,TRUE,TRUE,TRUE,"structural_absence_boundary_at_zero","ok","",""
"Qiita13631ASD","ASD Dan 2020",93,"fourfold","Sutterella",0.995,0.99,1,99,100,12191,TRUE,TRUE,FALSE,TRUE,TRUE,TRUE,TRUE,"structural_absence_boundary_at_zero","ok","",""
"Qiita13631ASD","ASD Dan 2020",93,"fourfold","Veillonella",0.935,0.87,1,87,100,4712,TRUE,TRUE,FALSE,TRUE,TRUE,TRUE,TRUE,"structural_absence_boundary_at_zero","ok","",""
"Qiita13631ASD","ASD Dan 2020",94,"balanced","[Prevotella]",0.58,0.57,0.59,57,59,1553,TRUE,TRUE,TRUE,FALSE,TRUE,TRUE,TRUE,"ok","ok","",""
"Qiita13631ASD","ASD Dan 2020",94,"balanced","[Ruminococcus]",1,1,1,100,100,12390,TRUE,TRUE,FALSE,TRUE,TRUE,TRUE,TRUE,"no_observed_zeros","ok","",""
"Qiita13631ASD","ASD Dan 2020",94,"balanced","Akkermansia",0.83,0.8,0.86,80,86,2965,TRUE,TRUE,FALSE,TRUE,TRUE,TRUE,TRUE,"structural_absence_boundary_at_zero","ok","",""
"Qiita13631ASD","ASD Dan 2020",94,"balanced","Anaerostipes",0.97,0.98,0.96,98,96,2797,TRUE,TRUE,TRUE,FALSE,TRUE,TRUE,TRUE,"ok","ok","",""
"Qiita13631ASD","ASD Dan 2020",94,"balanced","Bacteroides",1,1,1,100,100,325093,TRUE,TRUE,FALSE,TRUE,TRUE,TRUE,TRUE,"no_observed_zeros","ok","",""
"Qiita13631ASD","ASD Dan 2020",94,"balanced","Bifidobacterium",0.98,0.97,0.99,97,99,8911,TRUE,TRUE,FALSE,TRUE,TRUE,TRUE,TRUE,"structural_absence_boundary_at_zero","ok","",""
"Qiita13631ASD","ASD Dan 2020",94,"balanced","Bilophila",0.97,0.97,0.97,97,97,1604,TRUE,TRUE,FALSE,TRUE,TRUE,TRUE,TRUE,"structural_absence_boundary_at_zero","ok","",""
"Qiita13631ASD","ASD Dan 2020",94,"balanced","Blautia",0.995,0.99,1,99,100,5916,TRUE,TRUE,TRUE,FALSE,TRUE,TRUE,TRUE,"ok","ok","",""
"Qiita13631ASD","ASD Dan 2020",94,"balanced","Clostridium",1,1,1,100,100,9057,TRUE,TRUE,FALSE,TRUE,TRUE,TRUE,TRUE,"no_observed_zeros","ok","",""
"Qiita13631ASD","ASD Dan 2020",94,"balanced","Collinsella",0.74,0.74,0.74,74,74,926,TRUE,TRUE,FALSE,TRUE,TRUE,TRUE,TRUE,"structural_absence_boundary_at_zero","ok","",""
"Qiita13631ASD","ASD Dan 2020",94,"balanced","Coprococcus",1,1,1,100,100,7080,TRUE,TRUE,FALSE,TRUE,TRUE,TRUE,TRUE,"no_observed_zeros","ok","",""
"Qiita13631ASD","ASD Dan 2020",94,"balanced","Dialister",1,1,1,100,100,25464,TRUE,TRUE,FALSE,TRUE,TRUE,TRUE,TRUE,"no_observed_zeros","ok","",""
"Qiita13631ASD","ASD Dan 2020",94,"balanced","Dorea",0.995,0.99,1,99,100,5315,TRUE,TRUE,TRUE,FALSE,TRUE,TRUE,TRUE,"ok","ok","",""
"Qiita13631ASD","ASD Dan 2020",94,"balanced","Faecalibacterium",1,1,1,100,100,81413,TRUE,TRUE,FALSE,TRUE,TRUE,TRUE,TRUE,"no_observed_zeros","ok","",""
"Qiita13631ASD","ASD Dan 2020",94,"balanced","Fusobacterium",0.61,0.64,0.58,64,58,1420,TRUE,TRUE,FALSE,TRUE,TRUE,TRUE,TRUE,"structural_absence_boundary_at_zero","ok","",""
"Qiita13631ASD","ASD Dan 2020",94,"balanced","Haemophilus",0.985,0.97,1,97,100,5201,TRUE,TRUE,FALSE,TRUE,TRUE,TRUE,TRUE,"structural_absence_boundary_at_zero","ok","",""
"Qiita13631ASD","ASD Dan 2020",94,"balanced","Lachnobacterium",0.73,0.7,0.76,70,76,1183,TRUE,TRUE,TRUE,FALSE,TRUE,TRUE,TRUE,"ok","ok","",""
"Qiita13631ASD","ASD Dan 2020",94,"balanced","Lachnospira",1,1,1,100,100,24735,TRUE,TRUE,FALSE,TRUE,TRUE,TRUE,TRUE,"no_observed_zeros","ok","",""
"Qiita13631ASD","ASD Dan 2020",94,"balanced","Megamonas",0.995,1,0.99,100,99,19014,TRUE,TRUE,FALSE,TRUE,TRUE,TRUE,TRUE,"structural_absence_boundary_at_zero","ok","",""
"Qiita13631ASD","ASD Dan 2020",94,"balanced","Megasphaera",0.87,0.92,0.82,92,82,3453,TRUE,TRUE,FALSE,TRUE,TRUE,TRUE,TRUE,"structural_absence_boundary_at_zero","ok","",""
"Qiita13631ASD","ASD Dan 2020",94,"balanced","Oscillospira",0.995,0.99,1,99,100,11606,TRUE,TRUE,TRUE,FALSE,TRUE,TRUE,TRUE,"ok","ok","",""
"Qiita13631ASD","ASD Dan 2020",94,"balanced","Parabacteroides",1,1,1,100,100,24782,TRUE,TRUE,FALSE,TRUE,TRUE,TRUE,TRUE,"no_observed_zeros","ok","",""
"Qiita13631ASD","ASD Dan 2020",94,"balanced","Paraprevotella",0.85,0.88,0.82,88,82,2270,TRUE,TRUE,TRUE,FALSE,TRUE,TRUE,TRUE,"ok","ok","",""
"Qiita13631ASD","ASD Dan 2020",94,"balanced","Phascolarctobacterium",0.985,0.98,0.99,98,99,11709,TRUE,TRUE,TRUE,FALSE,TRUE,TRUE,TRUE,"ok","ok","",""
"Qiita13631ASD","ASD Dan 2020",94,"balanced","Prevotella",0.99,0.99,0.99,99,99,56057,TRUE,TRUE,TRUE,FALSE,TRUE,TRUE,TRUE,"ok","ok","",""
"Qiita13631ASD","ASD Dan 2020",94,"balanced","Roseburia",1,1,1,100,100,13320,TRUE,TRUE,FALSE,TRUE,TRUE,TRUE,TRUE,"no_observed_zeros","ok","",""
"Qiita13631ASD","ASD Dan 2020",94,"balanced","Ruminococcus",1,1,1,100,100,30763,TRUE,TRUE,FALSE,TRUE,TRUE,TRUE,TRUE,"no_observed_zeros","ok","",""
"Qiita13631ASD","ASD Dan 2020",94,"balanced","Streptococcus",0.98,0.97,0.99,97,99,2522,TRUE,TRUE,FALSE,TRUE,TRUE,TRUE,TRUE,"structural_absence_boundary_at_zero","ok","",""
"Qiita13631ASD","ASD Dan 2020",94,"balanced","Sutterella",1,1,1,100,100,14867,TRUE,TRUE,FALSE,TRUE,TRUE,TRUE,TRUE,"no_observed_zeros","ok","",""
"Qiita13631ASD","ASD Dan 2020",94,"balanced","Veillonella",1,1,1,100,100,7101,TRUE,TRUE,FALSE,TRUE,TRUE,TRUE,TRUE,"no_observed_zeros","ok","",""
"Qiita13631ASD","ASD Dan 2020",94,"fourfold","[Prevotella]",0.505,0.45,0.56,45,56,1155,TRUE,TRUE,TRUE,FALSE,TRUE,TRUE,TRUE,"ok","ok","",""
"Qiita13631ASD","ASD Dan 2020",94,"fourfold","[Ruminococcus]",1,1,1,100,100,10337,TRUE,TRUE,FALSE,TRUE,TRUE,TRUE,TRUE,"no_observed_zeros","ok","",""
"Qiita13631ASD","ASD Dan 2020",94,"fourfold","Akkermansia",0.74,0.59,0.89,59,89,2884,TRUE,TRUE,FALSE,TRUE,TRUE,TRUE,TRUE,"structural_absence_boundary_at_zero","ok","",""
"Qiita13631ASD","ASD Dan 2020",94,"fourfold","Anaerostipes",0.94,0.89,0.99,89,99,2615,TRUE,TRUE,TRUE,FALSE,TRUE,TRUE,TRUE,"ok","ok","",""
"Qiita13631ASD","ASD Dan 2020",94,"fourfold","Bacteroides",1,1,1,100,100,293764,TRUE,TRUE,FALSE,TRUE,TRUE,TRUE,TRUE,"no_observed_zeros","ok","",""
"Qiita13631ASD","ASD Dan 2020",94,"fourfold","Bifidobacterium",0.975,0.96,0.99,96,99,6435,TRUE,TRUE,FALSE,TRUE,TRUE,TRUE,TRUE,"structural_absence_boundary_at_zero","ok","",""
"Qiita13631ASD","ASD Dan 2020",94,"fourfold","Bilophila",0.9,0.83,0.97,83,97,1385,TRUE,TRUE,TRUE,FALSE,TRUE,TRUE,TRUE,"ok","ok","",""
"Qiita13631ASD","ASD Dan 2020",94,"fourfold","Blautia",0.99,0.98,1,98,100,5016,TRUE,TRUE,FALSE,TRUE,TRUE,TRUE,TRUE,"structural_absence_boundary_at_zero","ok","",""
"Qiita13631ASD","ASD Dan 2020",94,"fourfold","Clostridium",0.995,0.99,1,99,100,7930,TRUE,TRUE,FALSE,TRUE,TRUE,TRUE,TRUE,"structural_absence_boundary_at_zero","ok","",""
"Qiita13631ASD","ASD Dan 2020",94,"fourfold","Collinsella",0.665,0.54,0.79,54,79,620,TRUE,TRUE,FALSE,TRUE,TRUE,TRUE,TRUE,"structural_absence_boundary_at_zero","ok","",""
"Qiita13631ASD","ASD Dan 2020",94,"fourfold","Coprococcus",0.99,0.98,1,98,100,6623,TRUE,TRUE,TRUE,FALSE,TRUE,TRUE,TRUE,"ok","ok","",""
"Qiita13631ASD","ASD Dan 2020",94,"fourfold","Dialister",1,1,1,100,100,20307,TRUE,TRUE,FALSE,TRUE,TRUE,TRUE,TRUE,"no_observed_zeros","ok","",""
"Qiita13631ASD","ASD Dan 2020",94,"fourfold","Dorea",0.995,0.99,1,99,100,4782,TRUE,TRUE,FALSE,TRUE,TRUE,TRUE,TRUE,"structural_absence_boundary_at_zero","ok","",""
"Qiita13631ASD","ASD Dan 2020",94,"fourfold","Faecalibacterium",1,1,1,100,100,67926,TRUE,TRUE,FALSE,TRUE,TRUE,TRUE,TRUE,"no_observed_zeros","ok","",""
"Qiita13631ASD","ASD Dan 2020",94,"fourfold","Fusobacterium",0.525,0.46,0.59,46,59,2037,TRUE,TRUE,FALSE,TRUE,TRUE,TRUE,TRUE,"structural_absence_boundary_at_zero","ok","",""
"Qiita13631ASD","ASD Dan 2020",94,"fourfold","Haemophilus",0.925,0.86,0.99,86,99,5218,TRUE,TRUE,FALSE,TRUE,TRUE,TRUE,TRUE,"structural_absence_boundary_at_zero","ok","",""
"Qiita13631ASD","ASD Dan 2020",94,"fourfold","Lachnobacterium",0.68,0.58,0.78,58,78,1226,TRUE,TRUE,TRUE,FALSE,TRUE,TRUE,TRUE,"ok","ok","",""
"Qiita13631ASD","ASD Dan 2020",94,"fourfold","Lachnospira",1,1,1,100,100,24824,TRUE,TRUE,FALSE,TRUE,TRUE,TRUE,TRUE,"no_observed_zeros","ok","",""
"Qiita13631ASD","ASD Dan 2020",94,"fourfold","Megamonas",0.96,0.94,0.98,94,98,19328,TRUE,TRUE,FALSE,TRUE,TRUE,TRUE,TRUE,"structural_absence_boundary_at_zero","ok","",""
"Qiita13631ASD","ASD Dan 2020",94,"fourfold","Megasphaera",0.825,0.74,0.91,74,91,3093,TRUE,TRUE,FALSE,TRUE,TRUE,TRUE,TRUE,"structural_absence_boundary_at_zero","ok","",""
"Qiita13631ASD","ASD Dan 2020",94,"fourfold","Oscillospira",1,1,1,100,100,10132,TRUE,TRUE,FALSE,TRUE,TRUE,TRUE,TRUE,"no_observed_zeros","ok","",""
"Qiita13631ASD","ASD Dan 2020",94,"fourfold","Parabacteroides",0.995,0.99,1,99,100,23460,TRUE,TRUE,TRUE,FALSE,TRUE,TRUE,TRUE,"ok","ok","",""
"Qiita13631ASD","ASD Dan 2020",94,"fourfold","Paraprevotella",0.74,0.59,0.89,59,89,2079,TRUE,TRUE,TRUE,FALSE,TRUE,TRUE,TRUE,"ok","ok","",""
"Qiita13631ASD","ASD Dan 2020",94,"fourfold","Phascolarctobacterium",0.975,0.95,1,95,100,11756,TRUE,TRUE,FALSE,TRUE,TRUE,TRUE,TRUE,"structural_absence_boundary_at_zero","ok","",""
"Qiita13631ASD","ASD Dan 2020",94,"fourfold","Prevotella",0.995,0.99,1,99,100,59337,TRUE,TRUE,FALSE,TRUE,TRUE,TRUE,TRUE,"structural_absence_boundary_at_zero","ok","",""
"Qiita13631ASD","ASD Dan 2020",94,"fourfold","Roseburia",0.995,0.99,1,99,100,13372,TRUE,TRUE,FALSE,TRUE,TRUE,TRUE,TRUE,"structural_absence_boundary_at_zero","ok","",""
"Qiita13631ASD","ASD Dan 2020",94,"fourfold","Ruminococcus",1,1,1,100,100,25431,TRUE,TRUE,FALSE,TRUE,TRUE,TRUE,TRUE,"no_observed_zeros","ok","",""
"Qiita13631ASD","ASD Dan 2020",94,"fourfold","Streptococcus",0.935,0.87,1,87,100,2490,TRUE,TRUE,FALSE,TRUE,TRUE,TRUE,TRUE,"structural_absence_boundary_at_zero","ok","",""
"Qiita13631ASD","ASD Dan 2020",94,"fourfold","Sutterella",1,1,1,100,100,13868,TRUE,TRUE,FALSE,TRUE,TRUE,TRUE,TRUE,"no_observed_zeros","ok","",""
"Qiita13631ASD","ASD Dan 2020",94,"fourfold","Veillonella",0.965,0.93,1,93,100,5078,TRUE,TRUE,FALSE,TRUE,TRUE,TRUE,TRUE,"structural_absence_boundary_at_zero","ok","",""
"Qiita13631ASD","ASD Dan 2020",95,"balanced","[Prevotella]",0.555,0.6,0.51,60,51,1293,TRUE,TRUE,TRUE,FALSE,TRUE,TRUE,TRUE,"ok","ok","",""
"Qiita13631ASD","ASD Dan 2020",95,"balanced","[Ruminococcus]",1,1,1,100,100,11355,TRUE,TRUE,FALSE,TRUE,TRUE,TRUE,TRUE,"no_observed_zeros","ok","",""
"Qiita13631ASD","ASD Dan 2020",95,"balanced","Akkermansia",0.76,0.77,0.75,77,75,3011,TRUE,TRUE,FALSE,TRUE,TRUE,TRUE,TRUE,"structural_absence_boundary_at_zero","ok","",""
"Qiita13631ASD","ASD Dan 2020",95,"balanced","Anaerostipes",0.965,0.95,0.98,95,98,2609,TRUE,TRUE,TRUE,FALSE,TRUE,TRUE,TRUE,"ok","ok","",""
"Qiita13631ASD","ASD Dan 2020",95,"balanced","Bacteroides",1,1,1,100,100,289388,TRUE,TRUE,FALSE,TRUE,TRUE,TRUE,TRUE,"no_observed_zeros","ok","",""
"Qiita13631ASD","ASD Dan 2020",95,"balanced","Bifidobacterium",0.98,0.97,0.99,97,99,7398,TRUE,TRUE,FALSE,TRUE,TRUE,TRUE,TRUE,"structural_absence_boundary_at_zero","ok","",""
"Qiita13631ASD","ASD Dan 2020",95,"balanced","Bilophila",0.975,0.97,0.98,97,98,1496,TRUE,TRUE,FALSE,TRUE,TRUE,TRUE,TRUE,"structural_absence_boundary_at_zero","ok","",""
"Qiita13631ASD","ASD Dan 2020",95,"balanced","Blautia",0.995,0.99,1,99,100,5170,TRUE,TRUE,TRUE,FALSE,TRUE,TRUE,TRUE,"ok","ok","",""
"Qiita13631ASD","ASD Dan 2020",95,"balanced","Clostridium",1,1,1,100,100,8310,TRUE,TRUE,FALSE,TRUE,TRUE,TRUE,TRUE,"no_observed_zeros","ok","",""
"Qiita13631ASD","ASD Dan 2020",95,"balanced","Collinsella",0.73,0.78,0.68,78,68,1058,TRUE,TRUE,FALSE,TRUE,TRUE,TRUE,TRUE,"structural_absence_boundary_at_zero","ok","",""
"Qiita13631ASD","ASD Dan 2020",95,"balanced","Coprococcus",1,1,1,100,100,6585,TRUE,TRUE,FALSE,TRUE,TRUE,TRUE,TRUE,"no_observed_zeros","ok","",""
"Qiita13631ASD","ASD Dan 2020",95,"balanced","Dialister",1,1,1,100,100,20393,TRUE,TRUE,FALSE,TRUE,TRUE,TRUE,TRUE,"no_observed_zeros","ok","",""
"Qiita13631ASD","ASD Dan 2020",95,"balanced","Dorea",1,1,1,100,100,5280,TRUE,TRUE,FALSE,TRUE,TRUE,TRUE,TRUE,"no_observed_zeros","ok","",""
"Qiita13631ASD","ASD Dan 2020",95,"balanced","Faecalibacterium",1,1,1,100,100,71030,TRUE,TRUE,FALSE,TRUE,TRUE,TRUE,TRUE,"no_observed_zeros","ok","",""
"Qiita13631ASD","ASD Dan 2020",95,"balanced","Fusobacterium",0.51,0.53,0.49,53,49,1248,TRUE,TRUE,FALSE,TRUE,TRUE,TRUE,TRUE,"structural_absence_boundary_at_zero","ok","",""
"Qiita13631ASD","ASD Dan 2020",95,"balanced","Haemophilus",0.945,0.94,0.95,94,95,5072,TRUE,TRUE,FALSE,TRUE,TRUE,TRUE,TRUE,"structural_absence_boundary_at_zero","ok","",""
"Qiita13631ASD","ASD Dan 2020",95,"balanced","Lachnobacterium",0.71,0.7,0.72,70,72,1234,TRUE,TRUE,TRUE,FALSE,TRUE,TRUE,TRUE,"ok","ok","",""
"Qiita13631ASD","ASD Dan 2020",95,"balanced","Lachnospira",1,1,1,100,100,22961,TRUE,TRUE,FALSE,TRUE,TRUE,TRUE,TRUE,"no_observed_zeros","ok","",""
"Qiita13631ASD","ASD Dan 2020",95,"balanced","Megamonas",0.985,0.99,0.98,99,98,16918,TRUE,TRUE,FALSE,TRUE,TRUE,TRUE,TRUE,"structural_absence_boundary_at_zero","ok","",""
"Qiita13631ASD","ASD Dan 2020",95,"balanced","Megasphaera",0.87,0.86,0.88,86,88,2979,TRUE,TRUE,FALSE,TRUE,TRUE,TRUE,TRUE,"structural_absence_boundary_at_zero","ok","",""
"Qiita13631ASD","ASD Dan 2020",95,"balanced","Oscillospira",1,1,1,100,100,10156,TRUE,TRUE,FALSE,TRUE,TRUE,TRUE,TRUE,"no_observed_zeros","ok","",""
"Qiita13631ASD","ASD Dan 2020",95,"balanced","Parabacteroides",1,1,1,100,100,21552,TRUE,TRUE,FALSE,TRUE,TRUE,TRUE,TRUE,"no_observed_zeros","ok","",""
"Qiita13631ASD","ASD Dan 2020",95,"balanced","Paraprevotella",0.74,0.79,0.69,79,69,2091,TRUE,TRUE,TRUE,FALSE,TRUE,TRUE,TRUE,"ok","ok","",""
"Qiita13631ASD","ASD Dan 2020",95,"balanced","Phascolarctobacterium",1,1,1,100,100,8866,TRUE,TRUE,FALSE,TRUE,TRUE,TRUE,TRUE,"no_observed_zeros","ok","",""
"Qiita13631ASD","ASD Dan 2020",95,"balanced","Prevotella",1,1,1,100,100,51803,TRUE,TRUE,FALSE,TRUE,TRUE,TRUE,TRUE,"no_observed_zeros","ok","",""
"Qiita13631ASD","ASD Dan 2020",95,"balanced","Roseburia",1,1,1,100,100,12134,TRUE,TRUE,FALSE,TRUE,TRUE,TRUE,TRUE,"no_observed_zeros","ok","",""
"Qiita13631ASD","ASD Dan 2020",95,"balanced","Ruminococcus",1,1,1,100,100,25275,TRUE,TRUE,FALSE,TRUE,TRUE,TRUE,TRUE,"no_observed_zeros","ok","",""
"Qiita13631ASD","ASD Dan 2020",95,"balanced","Streptococcus",0.98,0.98,0.98,98,98,2279,TRUE,TRUE,FALSE,TRUE,TRUE,TRUE,TRUE,"structural_absence_boundary_at_zero","ok","",""
"Qiita13631ASD","ASD Dan 2020",95,"balanced","Sutterella",1,1,1,100,100,12716,TRUE,TRUE,FALSE,TRUE,TRUE,TRUE,TRUE,"no_observed_zeros","ok","",""
"Qiita13631ASD","ASD Dan 2020",95,"balanced","Veillonella",0.99,1,0.98,100,98,5939,TRUE,TRUE,FALSE,TRUE,TRUE,TRUE,TRUE,"structural_absence_boundary_at_zero","ok","",""
"Qiita13631ASD","ASD Dan 2020",95,"fourfold","[Prevotella]",0.54,0.46,0.62,46,62,1199,TRUE,TRUE,TRUE,FALSE,TRUE,TRUE,TRUE,"ok","ok","",""
"Qiita13631ASD","ASD Dan 2020",95,"fourfold","[Ruminococcus]",1,1,1,100,100,9989,TRUE,TRUE,FALSE,TRUE,TRUE,TRUE,TRUE,"no_observed_zeros","ok","",""
"Qiita13631ASD","ASD Dan 2020",95,"fourfold","Akkermansia",0.735,0.62,0.85,62,85,1976,TRUE,TRUE,FALSE,TRUE,TRUE,TRUE,TRUE,"structural_absence_boundary_at_zero","ok","",""
"Qiita13631ASD","ASD Dan 2020",95,"fourfold","Anaerostipes",0.915,0.83,1,83,100,2570,TRUE,TRUE,TRUE,FALSE,TRUE,TRUE,TRUE,"ok","ok","",""
"Qiita13631ASD","ASD Dan 2020",95,"fourfold","Bacteroides",1,1,1,100,100,267548,TRUE,TRUE,FALSE,TRUE,TRUE,TRUE,TRUE,"no_observed_zeros","ok","",""
"Qiita13631ASD","ASD Dan 2020",95,"fourfold","Bifidobacterium",0.915,0.83,1,83,100,7778,TRUE,TRUE,FALSE,TRUE,TRUE,TRUE,TRUE,"structural_absence_boundary_at_zero","ok","",""
"Qiita13631ASD","ASD Dan 2020",95,"fourfold","Bilophila",0.89,0.79,0.99,79,99,1305,TRUE,TRUE,FALSE,TRUE,TRUE,TRUE,TRUE,"structural_absence_boundary_at_zero","ok","",""
"Qiita13631ASD","ASD Dan 2020",95,"fourfold","Blautia",0.985,0.97,1,97,100,5484,TRUE,TRUE,FALSE,TRUE,TRUE,TRUE,TRUE,"structural_absence_boundary_at_zero","ok","",""
"Qiita13631ASD","ASD Dan 2020",95,"fourfold","Clostridium",0.99,0.98,1,98,100,9164,TRUE,TRUE,FALSE,TRUE,TRUE,TRUE,TRUE,"structural_absence_boundary_at_zero","ok","",""
"Qiita13631ASD","ASD Dan 2020",95,"fourfold","Collinsella",0.63,0.47,0.79,47,79,621,TRUE,TRUE,TRUE,FALSE,TRUE,TRUE,TRUE,"ok","ok","",""
"Qiita13631ASD","ASD Dan 2020",95,"fourfold","Coprococcus",0.985,0.97,1,97,100,6352,TRUE,TRUE,FALSE,TRUE,TRUE,TRUE,TRUE,"structural_absence_boundary_at_zero","ok","",""
"Qiita13631ASD","ASD Dan 2020",95,"fourfold","Dialister",0.995,0.99,1,99,100,19371,TRUE,TRUE,FALSE,TRUE,TRUE,TRUE,TRUE,"structural_absence_boundary_at_zero","ok","",""
"Qiita13631ASD","ASD Dan 2020",95,"fourfold","Dorea",0.985,0.97,1,97,100,4639,TRUE,TRUE,TRUE,FALSE,TRUE,TRUE,TRUE,"ok","ok","",""
"Qiita13631ASD","ASD Dan 2020",95,"fourfold","Faecalibacterium",1,1,1,100,100,64684,TRUE,TRUE,FALSE,TRUE,TRUE,TRUE,TRUE,"no_observed_zeros","ok","",""
"Qiita13631ASD","ASD Dan 2020",95,"fourfold","Fusobacterium",0.48,0.36,0.6,36,60,684,TRUE,TRUE,FALSE,TRUE,TRUE,TRUE,TRUE,"structural_absence_boundary_at_zero","ok","",""
"Qiita13631ASD","ASD Dan 2020",95,"fourfold","Haemophilus",0.89,0.79,0.99,79,99,3666,TRUE,TRUE,FALSE,TRUE,TRUE,TRUE,TRUE,"structural_absence_boundary_at_zero","ok","",""
"Qiita13631ASD","ASD Dan 2020",95,"fourfold","Lachnobacterium",0.65,0.48,0.82,48,82,971,TRUE,TRUE,TRUE,FALSE,TRUE,TRUE,TRUE,"ok","ok","",""
"Qiita13631ASD","ASD Dan 2020",95,"fourfold","Lachnospira",1,1,1,100,100,20702,TRUE,TRUE,FALSE,TRUE,TRUE,TRUE,TRUE,"no_observed_zeros","ok","",""
"Qiita13631ASD","ASD Dan 2020",95,"fourfold","Megamonas",0.975,0.96,0.99,96,99,15812,TRUE,TRUE,FALSE,TRUE,TRUE,TRUE,TRUE,"structural_absence_boundary_at_zero","ok","",""
"Qiita13631ASD","ASD Dan 2020",95,"fourfold","Megasphaera",0.77,0.67,0.87,67,87,3409,TRUE,TRUE,TRUE,FALSE,TRUE,TRUE,TRUE,"ok","ok","",""
"Qiita13631ASD","ASD Dan 2020",95,"fourfold","Oscillospira",0.995,0.99,1,99,100,9863,TRUE,TRUE,TRUE,FALSE,TRUE,TRUE,TRUE,"ok","ok","",""
"Qiita13631ASD","ASD Dan 2020",95,"fourfold","Parabacteroides",1,1,1,100,100,20119,TRUE,TRUE,FALSE,TRUE,TRUE,TRUE,TRUE,"no_observed_zeros","ok","",""
"Qiita13631ASD","ASD Dan 2020",95,"fourfold","Paraprevotella",0.785,0.71,0.86,71,86,1923,TRUE,TRUE,FALSE,TRUE,TRUE,TRUE,TRUE,"structural_absence_boundary_at_zero","ok","",""
"Qiita13631ASD","ASD Dan 2020",95,"fourfold","Phascolarctobacterium",0.96,0.92,1,92,100,7749,TRUE,TRUE,TRUE,FALSE,TRUE,TRUE,TRUE,"ok","ok","",""
"Qiita13631ASD","ASD Dan 2020",95,"fourfold","Prevotella",0.99,0.98,1,98,100,42205,TRUE,TRUE,FALSE,TRUE,TRUE,TRUE,TRUE,"structural_absence_boundary_at_zero","ok","",""
"Qiita13631ASD","ASD Dan 2020",95,"fourfold","Roseburia",0.99,0.98,1,98,100,12375,TRUE,TRUE,TRUE,FALSE,TRUE,TRUE,TRUE,"ok","ok","",""
"Qiita13631ASD","ASD Dan 2020",95,"fourfold","Ruminococcus",0.995,0.99,1,99,100,26270,TRUE,TRUE,FALSE,TRUE,TRUE,TRUE,TRUE,"structural_absence_boundary_at_zero","ok","",""
"Qiita13631ASD","ASD Dan 2020",95,"fourfold","Streptococcus",0.94,0.89,0.99,89,99,2174,TRUE,TRUE,FALSE,TRUE,TRUE,TRUE,TRUE,"structural_absence_boundary_at_zero","ok","",""
"Qiita13631ASD","ASD Dan 2020",95,"fourfold","Sutterella",1,1,1,100,100,13298,TRUE,TRUE,FALSE,TRUE,TRUE,TRUE,TRUE,"no_observed_zeros","ok","",""
"Qiita13631ASD","ASD Dan 2020",95,"fourfold","Veillonella",0.955,0.91,1,91,100,6379,TRUE,TRUE,FALSE,TRUE,TRUE,TRUE,TRUE,"structural_absence_boundary_at_zero","ok","",""
"Qiita13631ASD","ASD Dan 2020",96,"balanced","[Prevotella]",0.56,0.57,0.55,57,55,1423,TRUE,TRUE,TRUE,FALSE,TRUE,TRUE,TRUE,"ok","ok","",""
"Qiita13631ASD","ASD Dan 2020",96,"balanced","[Ruminococcus]",1,1,1,100,100,12172,TRUE,TRUE,FALSE,TRUE,TRUE,TRUE,TRUE,"no_observed_zeros","ok","",""
"Qiita13631ASD","ASD Dan 2020",96,"balanced","Akkermansia",0.82,0.81,0.83,81,83,3692,TRUE,TRUE,FALSE,TRUE,TRUE,TRUE,TRUE,"structural_absence_boundary_at_zero","ok","",""
"Qiita13631ASD","ASD Dan 2020",96,"balanced","Anaerostipes",0.98,0.98,0.98,98,98,2910,TRUE,TRUE,TRUE,FALSE,TRUE,TRUE,TRUE,"ok","ok","",""
"Qiita13631ASD","ASD Dan 2020",96,"balanced","Bacteroides",1,1,1,100,100,315854,TRUE,TRUE,FALSE,TRUE,TRUE,TRUE,TRUE,"no_observed_zeros","ok","",""
"Qiita13631ASD","ASD Dan 2020",96,"balanced","Bifidobacterium",0.97,0.96,0.98,96,98,8866,TRUE,TRUE,FALSE,TRUE,TRUE,TRUE,TRUE,"structural_absence_boundary_at_zero","ok","",""
"Qiita13631ASD","ASD Dan 2020",96,"balanced","Bilophila",0.97,0.96,0.98,96,98,1437,TRUE,TRUE,FALSE,TRUE,TRUE,TRUE,TRUE,"structural_absence_boundary_at_zero","ok","",""
"Qiita13631ASD","ASD Dan 2020",96,"balanced","Blautia",1,1,1,100,100,5504,TRUE,TRUE,FALSE,TRUE,TRUE,TRUE,TRUE,"no_observed_zeros","ok","",""
"Qiita13631ASD","ASD Dan 2020",96,"balanced","Clostridium",0.995,1,0.99,100,99,8540,TRUE,TRUE,TRUE,FALSE,TRUE,TRUE,TRUE,"ok","ok","",""
"Qiita13631ASD","ASD Dan 2020",96,"balanced","Collinsella",0.745,0.72,0.77,72,77,960,TRUE,TRUE,FALSE,TRUE,TRUE,TRUE,TRUE,"structural_absence_boundary_at_zero","ok","",""
"Qiita13631ASD","ASD Dan 2020",96,"balanced","Coprococcus",1,1,1,100,100,7015,TRUE,TRUE,FALSE,TRUE,TRUE,TRUE,TRUE,"no_observed_zeros","ok","",""
"Qiita13631ASD","ASD Dan 2020",96,"balanced","Dialister",1,1,1,100,100,22901,TRUE,TRUE,FALSE,TRUE,TRUE,TRUE,TRUE,"no_observed_zeros","ok","",""
"Qiita13631ASD","ASD Dan 2020",96,"balanced","Dorea",1,1,1,100,100,5287,TRUE,TRUE,FALSE,TRUE,TRUE,TRUE,TRUE,"no_observed_zeros","ok","",""
"Qiita13631ASD","ASD Dan 2020",96,"balanced","Faecalibacterium",1,1,1,100,100,79245,TRUE,TRUE,FALSE,TRUE,TRUE,TRUE,TRUE,"no_observed_zeros","ok","",""
"Qiita13631ASD","ASD Dan 2020",96,"balanced","Fusobacterium",0.53,0.52,0.54,52,54,1306,TRUE,TRUE,FALSE,TRUE,TRUE,TRUE,TRUE,"structural_absence_boundary_at_zero","ok","",""
"Qiita13631ASD","ASD Dan 2020",96,"balanced","Haemophilus",0.955,0.95,0.96,95,96,5124,TRUE,TRUE,FALSE,TRUE,TRUE,TRUE,TRUE,"structural_absence_boundary_at_zero","ok","",""
"Qiita13631ASD","ASD Dan 2020",96,"balanced","Lachnobacterium",0.725,0.72,0.73,72,73,1305,TRUE,TRUE,TRUE,FALSE,TRUE,TRUE,TRUE,"ok","ok","",""
"Qiita13631ASD","ASD Dan 2020",96,"balanced","Lachnospira",1,1,1,100,100,26093,TRUE,TRUE,FALSE,TRUE,TRUE,TRUE,TRUE,"no_observed_zeros","ok","",""
"Qiita13631ASD","ASD Dan 2020",96,"balanced","Megamonas",0.985,0.99,0.98,99,98,16618,TRUE,TRUE,FALSE,TRUE,TRUE,TRUE,TRUE,"structural_absence_boundary_at_zero","ok","",""
"Qiita13631ASD","ASD Dan 2020",96,"balanced","Megasphaera",0.86,0.85,0.87,85,87,2898,TRUE,TRUE,FALSE,TRUE,TRUE,TRUE,TRUE,"structural_absence_boundary_at_zero","ok","",""
"Qiita13631ASD","ASD Dan 2020",96,"balanced","Oscillospira",1,1,1,100,100,11281,TRUE,TRUE,FALSE,TRUE,TRUE,TRUE,TRUE,"no_observed_zeros","ok","",""
"Qiita13631ASD","ASD Dan 2020",96,"balanced","Parabacteroides",1,1,1,100,100,25883,TRUE,TRUE,FALSE,TRUE,TRUE,TRUE,TRUE,"no_observed_zeros","ok","",""
"Qiita13631ASD","ASD Dan 2020",96,"balanced","Paraprevotella",0.835,0.83,0.84,83,84,2437,TRUE,TRUE,TRUE,FALSE,TRUE,TRUE,TRUE,"ok","ok","",""
"Qiita13631ASD","ASD Dan 2020",96,"balanced","Phascolarctobacterium",0.99,0.99,0.99,99,99,9944,TRUE,TRUE,FALSE,TRUE,TRUE,TRUE,TRUE,"structural_absence_boundary_at_zero","ok","",""
"Qiita13631ASD","ASD Dan 2020",96,"balanced","Prevotella",1,1,1,100,100,49109,TRUE,TRUE,FALSE,TRUE,TRUE,TRUE,TRUE,"no_observed_zeros","ok","",""
"Qiita13631ASD","ASD Dan 2020",96,"balanced","Roseburia",1,1,1,100,100,12731,TRUE,TRUE,FALSE,TRUE,TRUE,TRUE,TRUE,"no_observed_zeros","ok","",""
"Qiita13631ASD","ASD Dan 2020",96,"balanced","Ruminococcus",1,1,1,100,100,27629,TRUE,TRUE,FALSE,TRUE,TRUE,TRUE,TRUE,"no_observed_zeros","ok","",""
"Qiita13631ASD","ASD Dan 2020",96,"balanced","Streptococcus",0.97,0.98,0.96,98,96,2715,TRUE,TRUE,FALSE,TRUE,TRUE,TRUE,TRUE,"structural_absence_boundary_at_zero","ok","",""
"Qiita13631ASD","ASD Dan 2020",96,"balanced","Sutterella",1,1,1,100,100,14612,TRUE,TRUE,FALSE,TRUE,TRUE,TRUE,TRUE,"no_observed_zeros","ok","",""
"Qiita13631ASD","ASD Dan 2020",96,"balanced","Veillonella",0.98,0.99,0.97,99,97,6865,TRUE,TRUE,FALSE,TRUE,TRUE,TRUE,TRUE,"structural_absence_boundary_at_zero","ok","",""
"Qiita13631ASD","ASD Dan 2020",96,"fourfold","[Prevotella]",0.49,0.44,0.54,44,54,1589,TRUE,TRUE,TRUE,FALSE,TRUE,TRUE,TRUE,"ok","ok","",""
"Qiita13631ASD","ASD Dan 2020",96,"fourfold","[Ruminococcus]",1,1,1,100,100,10393,TRUE,TRUE,FALSE,TRUE,TRUE,TRUE,TRUE,"no_observed_zeros","ok","",""
"Qiita13631ASD","ASD Dan 2020",96,"fourfold","Akkermansia",0.665,0.48,0.85,48,85,3354,TRUE,TRUE,FALSE,TRUE,TRUE,TRUE,TRUE,"structural_absence_boundary_at_zero","ok","",""
"Qiita13631ASD","ASD Dan 2020",96,"fourfold","Anaerostipes",0.94,0.88,1,88,100,2397,TRUE,TRUE,FALSE,TRUE,TRUE,TRUE,TRUE,"structural_absence_boundary_at_zero","ok","",""
"Qiita13631ASD","ASD Dan 2020",96,"fourfold","Bacteroides",1,1,1,100,100,276624,TRUE,TRUE,FALSE,TRUE,TRUE,TRUE,TRUE,"no_observed_zeros","ok","",""
"Qiita13631ASD","ASD Dan 2020",96,"fourfold","Bifidobacterium",0.925,0.86,0.99,86,99,8572,TRUE,TRUE,FALSE,TRUE,TRUE,TRUE,TRUE,"structural_absence_boundary_at_zero","ok","",""
"Qiita13631ASD","ASD Dan 2020",96,"fourfold","Bilophila",0.92,0.85,0.99,85,99,1391,TRUE,TRUE,FALSE,TRUE,TRUE,TRUE,TRUE,"structural_absence_boundary_at_zero","ok","",""
"Qiita13631ASD","ASD Dan 2020",96,"fourfold","Blautia",0.99,0.98,1,98,100,5010,TRUE,TRUE,TRUE,FALSE,TRUE,TRUE,TRUE,"ok","ok","",""
"Qiita13631ASD","ASD Dan 2020",96,"fourfold","Clostridium",1,1,1,100,100,8624,TRUE,TRUE,FALSE,TRUE,TRUE,TRUE,TRUE,"no_observed_zeros","ok","",""
"Qiita13631ASD","ASD Dan 2020",96,"fourfold","Collinsella",0.655,0.47,0.84,47,84,721,TRUE,TRUE,FALSE,TRUE,TRUE,TRUE,TRUE,"structural_absence_boundary_at_zero","ok","",""
"Qiita13631ASD","ASD Dan 2020",96,"fourfold","Coprococcus",0.985,0.97,1,97,100,6106,TRUE,TRUE,TRUE,FALSE,TRUE,TRUE,TRUE,"ok","ok","",""
"Qiita13631ASD","ASD Dan 2020",96,"fourfold","Dialister",0.99,0.98,1,98,100,18881,TRUE,TRUE,FALSE,TRUE,TRUE,TRUE,TRUE,"structural_absence_boundary_at_zero","ok","",""
"Qiita13631ASD","ASD Dan 2020",96,"fourfold","Dorea",0.99,0.98,1,98,100,4578,TRUE,TRUE,TRUE,FALSE,TRUE,TRUE,TRUE,"ok","ok","",""
"Qiita13631ASD","ASD Dan 2020",96,"fourfold","Faecalibacterium",1,1,1,100,100,71924,TRUE,TRUE,FALSE,TRUE,TRUE,TRUE,TRUE,"no_observed_zeros","ok","",""
"Qiita13631ASD","ASD Dan 2020",96,"fourfold","Fusobacterium",0.5,0.47,0.53,47,53,1980,TRUE,TRUE,FALSE,TRUE,TRUE,TRUE,TRUE,"structural_absence_boundary_at_zero","ok","",""
"Qiita13631ASD","ASD Dan 2020",96,"fourfold","Haemophilus",0.93,0.86,1,86,100,3582,TRUE,TRUE,FALSE,TRUE,TRUE,TRUE,TRUE,"structural_absence_boundary_at_zero","ok","",""
"Qiita13631ASD","ASD Dan 2020",96,"fourfold","Lachnobacterium",0.665,0.55,0.78,55,78,1047,TRUE,TRUE,TRUE,FALSE,TRUE,TRUE,TRUE,"ok","ok","",""
"Qiita13631ASD","ASD Dan 2020",96,"fourfold","Lachnospira",1,1,1,100,100,22087,TRUE,TRUE,FALSE,TRUE,TRUE,TRUE,TRUE,"no_observed_zeros","ok","",""
"Qiita13631ASD","ASD Dan 2020",96,"fourfold","Megamonas",0.985,0.98,0.99,98,99,16327,TRUE,TRUE,FALSE,TRUE,TRUE,TRUE,TRUE,"structural_absence_boundary_at_zero","ok","",""
"Qiita13631ASD","ASD Dan 2020",96,"fourfold","Megasphaera",0.835,0.74,0.93,74,93,2036,TRUE,TRUE,FALSE,TRUE,TRUE,TRUE,TRUE,"structural_absence_boundary_at_zero","ok","",""
"Qiita13631ASD","ASD Dan 2020",96,"fourfold","Oscillospira",0.995,0.99,1,99,100,10300,TRUE,TRUE,TRUE,FALSE,TRUE,TRUE,TRUE,"ok","ok","",""
"Qiita13631ASD","ASD Dan 2020",96,"fourfold","Parabacteroides",1,1,1,100,100,21332,TRUE,TRUE,FALSE,TRUE,TRUE,TRUE,TRUE,"no_observed_zeros","ok","",""
"Qiita13631ASD","ASD Dan 2020",96,"fourfold","Paraprevotella",0.8,0.72,0.88,72,88,1779,TRUE,TRUE,FALSE,TRUE,TRUE,TRUE,TRUE,"structural_absence_boundary_at_zero","ok","",""
"Qiita13631ASD","ASD Dan 2020",96,"fourfold","Phascolarctobacterium",0.975,0.95,1,95,100,8109,TRUE,TRUE,FALSE,TRUE,TRUE,TRUE,TRUE,"structural_absence_boundary_at_zero","ok","",""
"Qiita13631ASD","ASD Dan 2020",96,"fourfold","Prevotella",0.985,0.97,1,97,100,42346,TRUE,TRUE,FALSE,TRUE,TRUE,TRUE,TRUE,"structural_absence_boundary_at_zero","ok","",""
"Qiita13631ASD","ASD Dan 2020",96,"fourfold","Roseburia",1,1,1,100,100,11998,TRUE,TRUE,FALSE,TRUE,TRUE,TRUE,TRUE,"no_observed_zeros","ok","",""
"Qiita13631ASD","ASD Dan 2020",96,"fourfold","Ruminococcus",1,1,1,100,100,24275,TRUE,TRUE,FALSE,TRUE,TRUE,TRUE,TRUE,"no_observed_zeros","ok","",""
"Qiita13631ASD","ASD Dan 2020",96,"fourfold","Streptococcus",0.945,0.89,1,89,100,2015,TRUE,TRUE,FALSE,TRUE,TRUE,TRUE,TRUE,"structural_absence_boundary_at_zero","ok","",""
"Qiita13631ASD","ASD Dan 2020",96,"fourfold","Sutterella",1,1,1,100,100,12786,TRUE,TRUE,FALSE,TRUE,TRUE,TRUE,TRUE,"no_observed_zeros","ok","",""
"Qiita13631ASD","ASD Dan 2020",96,"fourfold","Veillonella",0.97,0.94,1,94,100,4822,TRUE,TRUE,FALSE,TRUE,TRUE,TRUE,TRUE,"structural_absence_boundary_at_zero","ok","",""
"Qiita13631ASD","ASD Dan 2020",97,"balanced","[Prevotella]",0.515,0.48,0.55,48,55,1591,TRUE,TRUE,TRUE,FALSE,TRUE,TRUE,TRUE,"ok","ok","",""
"Qiita13631ASD","ASD Dan 2020",97,"balanced","[Ruminococcus]",1,1,1,100,100,11962,TRUE,TRUE,FALSE,TRUE,TRUE,TRUE,TRUE,"no_observed_zeros","ok","",""
"Qiita13631ASD","ASD Dan 2020",97,"balanced","Akkermansia",0.83,0.84,0.82,84,82,3719,TRUE,TRUE,FALSE,TRUE,TRUE,TRUE,TRUE,"structural_absence_boundary_at_zero","ok","",""
"Qiita13631ASD","ASD Dan 2020",97,"balanced","Anaerostipes",0.97,0.98,0.96,98,96,2638,TRUE,TRUE,TRUE,FALSE,TRUE,TRUE,TRUE,"ok","ok","",""
"Qiita13631ASD","ASD Dan 2020",97,"balanced","Bacteroides",1,1,1,100,100,304490,TRUE,TRUE,FALSE,TRUE,TRUE,TRUE,TRUE,"no_observed_zeros","ok","",""
"Qiita13631ASD","ASD Dan 2020",97,"balanced","Bifidobacterium",0.99,0.99,0.99,99,99,8122,TRUE,TRUE,FALSE,TRUE,TRUE,TRUE,TRUE,"structural_absence_boundary_at_zero","ok","",""
"Qiita13631ASD","ASD Dan 2020",97,"balanced","Bilophila",0.965,0.96,0.97,96,97,1470,TRUE,TRUE,FALSE,TRUE,TRUE,TRUE,TRUE,"structural_absence_boundary_at_zero","ok","",""
"Qiita13631ASD","ASD Dan 2020",97,"balanced","Blautia",1,1,1,100,100,5679,TRUE,TRUE,FALSE,TRUE,TRUE,TRUE,TRUE,"no_observed_zeros","ok","",""
"Qiita13631ASD","ASD Dan 2020",97,"balanced","Clostridium",1,1,1,100,100,8247,TRUE,TRUE,FALSE,TRUE,TRUE,TRUE,TRUE,"no_observed_zeros","ok","",""
"Qiita13631ASD","ASD Dan 2020",97,"balanced","Collinsella",0.67,0.69,0.65,69,65,1063,TRUE,TRUE,TRUE,FALSE,TRUE,TRUE,TRUE,"ok","ok","",""
"Qiita13631ASD","ASD Dan 2020",97,"balanced","Coprococcus",1,1,1,100,100,7111,TRUE,TRUE,FALSE,TRUE,TRUE,TRUE,TRUE,"no_observed_zeros","ok","",""
"Qiita13631ASD","ASD Dan 2020",97,"balanced","Dialister",1,1,1,100,100,25091,TRUE,TRUE,FALSE,TRUE,TRUE,TRUE,TRUE,"no_observed_zeros","ok","",""
"Qiita13631ASD","ASD Dan 2020",97,"balanced","Dorea",1,1,1,100,100,5309,TRUE,TRUE,FALSE,TRUE,TRUE,TRUE,TRUE,"no_observed_zeros","ok","",""
"Qiita13631ASD","ASD Dan 2020",97,"balanced","Faecalibacterium",1,1,1,100,100,73478,TRUE,TRUE,FALSE,TRUE,TRUE,TRUE,TRUE,"no_observed_zeros","ok","",""
"Qiita13631ASD","ASD Dan 2020",97,"balanced","Fusobacterium",0.545,0.56,0.53,56,53,1804,TRUE,TRUE,FALSE,TRUE,TRUE,TRUE,TRUE,"structural_absence_boundary_at_zero","ok","",""
"Qiita13631ASD","ASD Dan 2020",97,"balanced","Haemophilus",0.96,0.94,0.98,94,98,5952,TRUE,TRUE,FALSE,TRUE,TRUE,TRUE,TRUE,"structural_absence_boundary_at_zero","ok","",""
"Qiita13631ASD","ASD Dan 2020",97,"balanced","Lachnobacterium",0.725,0.7,0.75,70,75,1096,TRUE,TRUE,TRUE,FALSE,TRUE,TRUE,TRUE,"ok","ok","",""
"Qiita13631ASD","ASD Dan 2020",97,"balanced","Lachnospira",1,1,1,100,100,25665,TRUE,TRUE,FALSE,TRUE,TRUE,TRUE,TRUE,"no_observed_zeros","ok","",""
"Qiita13631ASD","ASD Dan 2020",97,"balanced","Megamonas",0.99,0.99,0.99,99,99,16287,TRUE,TRUE,FALSE,TRUE,TRUE,TRUE,TRUE,"structural_absence_boundary_at_zero","ok","",""
"Qiita13631ASD","ASD Dan 2020",97,"balanced","Megasphaera",0.865,0.84,0.89,84,89,3642,TRUE,TRUE,FALSE,TRUE,TRUE,TRUE,TRUE,"structural_absence_boundary_at_zero","ok","",""
"Qiita13631ASD","ASD Dan 2020",97,"balanced","Oscillospira",1,1,1,100,100,10839,TRUE,TRUE,FALSE,TRUE,TRUE,TRUE,TRUE,"no_observed_zeros","ok","",""
"Qiita13631ASD","ASD Dan 2020",97,"balanced","Parabacteroides",1,1,1,100,100,23840,TRUE,TRUE,FALSE,TRUE,TRUE,TRUE,TRUE,"no_observed_zeros","ok","",""
"Qiita13631ASD","ASD Dan 2020",97,"balanced","Paraprevotella",0.78,0.77,0.79,77,79,2037,TRUE,TRUE,TRUE,FALSE,TRUE,TRUE,TRUE,"ok","ok","",""
"Qiita13631ASD","ASD Dan 2020",97,"balanced","Phascolarctobacterium",0.995,1,0.99,100,99,10007,TRUE,TRUE,FALSE,TRUE,TRUE,TRUE,TRUE,"structural_absence_boundary_at_zero","ok","",""
"Qiita13631ASD","ASD Dan 2020",97,"balanced","Prevotella",1,1,1,100,100,52404,TRUE,TRUE,FALSE,TRUE,TRUE,TRUE,TRUE,"no_observed_zeros","ok","",""
"Qiita13631ASD","ASD Dan 2020",97,"balanced","Roseburia",1,1,1,100,100,12835,TRUE,TRUE,FALSE,TRUE,TRUE,TRUE,TRUE,"no_observed_zeros","ok","",""
"Qiita13631ASD","ASD Dan 2020",97,"balanced","Ruminococcus",1,1,1,100,100,26523,TRUE,TRUE,FALSE,TRUE,TRUE,TRUE,TRUE,"no_observed_zeros","ok","",""
"Qiita13631ASD","ASD Dan 2020",97,"balanced","Streptococcus",0.99,1,0.98,100,98,2434,TRUE,TRUE,FALSE,TRUE,TRUE,TRUE,TRUE,"structural_absence_boundary_at_zero","ok","",""
"Qiita13631ASD","ASD Dan 2020",97,"balanced","Sutterella",1,1,1,100,100,14187,TRUE,TRUE,FALSE,TRUE,TRUE,TRUE,TRUE,"no_observed_zeros","ok","",""
"Qiita13631ASD","ASD Dan 2020",97,"balanced","Veillonella",0.985,0.98,0.99,98,99,6524,TRUE,TRUE,FALSE,TRUE,TRUE,TRUE,TRUE,"structural_absence_boundary_at_zero","ok","",""
"Qiita13631ASD","ASD Dan 2020",97,"fourfold","[Prevotella]",0.495,0.42,0.57,42,57,1365,TRUE,TRUE,TRUE,FALSE,TRUE,TRUE,TRUE,"ok","ok","",""
"Qiita13631ASD","ASD Dan 2020",97,"fourfold","[Ruminococcus]",1,1,1,100,100,10680,TRUE,TRUE,FALSE,TRUE,TRUE,TRUE,TRUE,"no_observed_zeros","ok","",""
"Qiita13631ASD","ASD Dan 2020",97,"fourfold","Akkermansia",0.705,0.6,0.81,60,81,3871,TRUE,TRUE,FALSE,TRUE,TRUE,TRUE,TRUE,"structural_absence_boundary_at_zero","ok","",""
"Qiita13631ASD","ASD Dan 2020",97,"fourfold","Anaerostipes",0.945,0.92,0.97,92,97,2292,TRUE,TRUE,TRUE,FALSE,TRUE,TRUE,TRUE,"ok","ok","",""
"Qiita13631ASD","ASD Dan 2020",97,"fourfold","Bacteroides",1,1,1,100,100,277927,TRUE,TRUE,FALSE,TRUE,TRUE,TRUE,TRUE,"no_observed_zeros","ok","",""
"Qiita13631ASD","ASD Dan 2020",97,"fourfold","Bifidobacterium",0.915,0.85,0.98,85,98,7878,TRUE,TRUE,FALSE,TRUE,TRUE,TRUE,TRUE,"structural_absence_boundary_at_zero","ok","",""
"Qiita13631ASD","ASD Dan 2020",97,"fourfold","Bilophila",0.865,0.76,0.97,76,97,1348,TRUE,TRUE,TRUE,FALSE,TRUE,TRUE,TRUE,"ok","ok","",""
"Qiita13631ASD","ASD Dan 2020",97,"fourfold","Blautia",0.99,0.98,1,98,100,5430,TRUE,TRUE,FALSE,TRUE,TRUE,TRUE,TRUE,"structural_absence_boundary_at_zero","ok","",""
"Qiita13631ASD","ASD Dan 2020",97,"fourfold","Clostridium",0.99,0.98,1,98,100,8347,TRUE,TRUE,FALSE,TRUE,TRUE,TRUE,TRUE,"structural_absence_boundary_at_zero","ok","",""
"Qiita13631ASD","ASD Dan 2020",97,"fourfold","Collinsella",0.66,0.51,0.81,51,81,587,TRUE,TRUE,FALSE,TRUE,TRUE,TRUE,TRUE,"structural_absence_boundary_at_zero","ok","",""
"Qiita13631ASD","ASD Dan 2020",97,"fourfold","Coprococcus",0.995,0.99,1,99,100,7542,TRUE,TRUE,FALSE,TRUE,TRUE,TRUE,TRUE,"structural_absence_boundary_at_zero","ok","",""
"Qiita13631ASD","ASD Dan 2020",97,"fourfold","Dialister",0.99,0.98,1,98,100,18453,TRUE,TRUE,TRUE,FALSE,TRUE,TRUE,TRUE,"ok","ok","",""
"Qiita13631ASD","ASD Dan 2020",97,"fourfold","Dorea",0.99,0.98,1,98,100,5022,TRUE,TRUE,FALSE,TRUE,TRUE,TRUE,TRUE,"structural_absence_boundary_at_zero","ok","",""
"Qiita13631ASD","ASD Dan 2020",97,"fourfold","Faecalibacterium",1,1,1,100,100,73163,TRUE,TRUE,FALSE,TRUE,TRUE,TRUE,TRUE,"no_observed_zeros","ok","",""
"Qiita13631ASD","ASD Dan 2020",97,"fourfold","Fusobacterium",0.445,0.33,0.56,33,56,2628,TRUE,TRUE,TRUE,FALSE,TRUE,TRUE,TRUE,"ok","ok","",""
"Qiita13631ASD","ASD Dan 2020",97,"fourfold","Haemophilus",0.94,0.89,0.99,89,99,4270,TRUE,TRUE,FALSE,TRUE,TRUE,TRUE,TRUE,"structural_absence_boundary_at_zero","ok","",""
"Qiita13631ASD","ASD Dan 2020",97,"fourfold","Lachnobacterium",0.645,0.54,0.75,54,75,1277,TRUE,TRUE,TRUE,FALSE,TRUE,TRUE,TRUE,"ok","ok","",""
"Qiita13631ASD","ASD Dan 2020",97,"fourfold","Lachnospira",1,1,1,100,100,24669,TRUE,TRUE,FALSE,TRUE,TRUE,TRUE,TRUE,"no_observed_zeros","ok","",""
"Qiita13631ASD","ASD Dan 2020",97,"fourfold","Megamonas",0.965,0.93,1,93,100,17461,TRUE,TRUE,FALSE,TRUE,TRUE,TRUE,TRUE,"structural_absence_boundary_at_zero","ok","",""
"Qiita13631ASD","ASD Dan 2020",97,"fourfold","Megasphaera",0.775,0.65,0.9,65,90,3253,TRUE,TRUE,TRUE,FALSE,TRUE,TRUE,TRUE,"ok","ok","",""
"Qiita13631ASD","ASD Dan 2020",97,"fourfold","Oscillospira",0.995,1,0.99,100,99,10278,TRUE,TRUE,TRUE,FALSE,TRUE,TRUE,TRUE,"ok","ok","",""
"Qiita13631ASD","ASD Dan 2020",97,"fourfold","Parabacteroides",1,1,1,100,100,21187,TRUE,TRUE,FALSE,TRUE,TRUE,TRUE,TRUE,"no_observed_zeros","ok","",""
"Qiita13631ASD","ASD Dan 2020",97,"fourfold","Paraprevotella",0.755,0.68,0.83,68,83,1724,TRUE,TRUE,FALSE,TRUE,TRUE,TRUE,TRUE,"structural_absence_boundary_at_zero","ok","",""
"Qiita13631ASD","ASD Dan 2020",97,"fourfold","Phascolarctobacterium",0.98,0.96,1,96,100,8400,TRUE,TRUE,FALSE,TRUE,TRUE,TRUE,TRUE,"structural_absence_boundary_at_zero","ok","",""
"Qiita13631ASD","ASD Dan 2020",97,"fourfold","Prevotella",0.975,0.96,0.99,96,99,40760,TRUE,TRUE,TRUE,FALSE,TRUE,TRUE,TRUE,"ok","ok","",""
"Qiita13631ASD","ASD Dan 2020",97,"fourfold","Roseburia",0.995,0.99,1,99,100,11619,TRUE,TRUE,FALSE,TRUE,TRUE,TRUE,TRUE,"structural_absence_boundary_at_zero","ok","",""
"Qiita13631ASD","ASD Dan 2020",97,"fourfold","Ruminococcus",1,1,1,100,100,24688,TRUE,TRUE,FALSE,TRUE,TRUE,TRUE,TRUE,"no_observed_zeros","ok","",""
"Qiita13631ASD","ASD Dan 2020",97,"fourfold","Streptococcus",0.94,0.89,0.99,89,99,2348,TRUE,TRUE,FALSE,TRUE,TRUE,TRUE,TRUE,"structural_absence_boundary_at_zero","ok","",""
"Qiita13631ASD","ASD Dan 2020",97,"fourfold","Sutterella",0.995,0.99,1,99,100,14218,TRUE,TRUE,FALSE,TRUE,TRUE,TRUE,TRUE,"structural_absence_boundary_at_zero","ok","",""
"Qiita13631ASD","ASD Dan 2020",97,"fourfold","Veillonella",0.955,0.91,1,91,100,5441,TRUE,TRUE,FALSE,TRUE,TRUE,TRUE,TRUE,"structural_absence_boundary_at_zero","ok","",""
"Qiita13631ASD","ASD Dan 2020",98,"balanced","[Prevotella]",0.53,0.54,0.52,54,52,1633,TRUE,TRUE,TRUE,FALSE,TRUE,TRUE,TRUE,"ok","ok","",""
"Qiita13631ASD","ASD Dan 2020",98,"balanced","[Ruminococcus]",1,1,1,100,100,12205,TRUE,TRUE,FALSE,TRUE,TRUE,TRUE,TRUE,"no_observed_zeros","ok","",""
"Qiita13631ASD","ASD Dan 2020",98,"balanced","Akkermansia",0.73,0.68,0.78,68,78,3967,TRUE,TRUE,FALSE,TRUE,TRUE,TRUE,TRUE,"structural_absence_boundary_at_zero","ok","",""
"Qiita13631ASD","ASD Dan 2020",98,"balanced","Anaerostipes",0.965,0.96,0.97,96,97,2885,TRUE,TRUE,FALSE,TRUE,TRUE,TRUE,TRUE,"structural_absence_boundary_at_zero","ok","",""
"Qiita13631ASD","ASD Dan 2020",98,"balanced","Bacteroides",1,1,1,100,100,315558,TRUE,TRUE,FALSE,TRUE,TRUE,TRUE,TRUE,"no_observed_zeros","ok","",""
"Qiita13631ASD","ASD Dan 2020",98,"balanced","Bifidobacterium",0.955,0.93,0.98,93,98,8380,TRUE,TRUE,FALSE,TRUE,TRUE,TRUE,TRUE,"structural_absence_boundary_at_zero","ok","",""
"Qiita13631ASD","ASD Dan 2020",98,"balanced","Bilophila",0.945,0.96,0.93,96,93,1449,TRUE,TRUE,FALSE,TRUE,TRUE,TRUE,TRUE,"structural_absence_boundary_at_zero","ok","",""
"Qiita13631ASD","ASD Dan 2020",98,"balanced","Blautia",1,1,1,100,100,5556,TRUE,TRUE,FALSE,TRUE,TRUE,TRUE,TRUE,"no_observed_zeros","ok","",""
"Qiita13631ASD","ASD Dan 2020",98,"balanced","Clostridium",1,1,1,100,100,8852,TRUE,TRUE,FALSE,TRUE,TRUE,TRUE,TRUE,"no_observed_zeros","ok","",""
"Qiita13631ASD","ASD Dan 2020",98,"balanced","Collinsella",0.745,0.7,0.79,70,79,905,TRUE,TRUE,FALSE,TRUE,TRUE,TRUE,TRUE,"structural_absence_boundary_at_zero","ok","",""
"Qiita13631ASD","ASD Dan 2020",98,"balanced","Coprococcus",1,1,1,100,100,6778,TRUE,TRUE,FALSE,TRUE,TRUE,TRUE,TRUE,"no_observed_zeros","ok","",""
"Qiita13631ASD","ASD Dan 2020",98,"balanced","Dialister",1,1,1,100,100,23672,TRUE,TRUE,FALSE,TRUE,TRUE,TRUE,TRUE,"no_observed_zeros","ok","",""
"Qiita13631ASD","ASD Dan 2020",98,"balanced","Dorea",1,1,1,100,100,5491,TRUE,TRUE,FALSE,TRUE,TRUE,TRUE,TRUE,"no_observed_zeros","ok","",""
"Qiita13631ASD","ASD Dan 2020",98,"balanced","Faecalibacterium",1,1,1,100,100,73724,TRUE,TRUE,FALSE,TRUE,TRUE,TRUE,TRUE,"no_observed_zeros","ok","",""
"Qiita13631ASD","ASD Dan 2020",98,"balanced","Fusobacterium",0.52,0.5,0.54,50,54,1719,TRUE,TRUE,FALSE,TRUE,TRUE,TRUE,TRUE,"structural_absence_boundary_at_zero","ok","",""
"Qiita13631ASD","ASD Dan 2020",98,"balanced","Haemophilus",0.975,0.98,0.97,98,97,5279,TRUE,TRUE,FALSE,TRUE,TRUE,TRUE,TRUE,"structural_absence_boundary_at_zero","ok","",""
"Qiita13631ASD","ASD Dan 2020",98,"balanced","Lachnobacterium",0.78,0.8,0.76,80,76,1203,TRUE,TRUE,FALSE,TRUE,TRUE,TRUE,TRUE,"structural_absence_boundary_at_zero","ok","",""
"Qiita13631ASD","ASD Dan 2020",98,"balanced","Lachnospira",1,1,1,100,100,25469,TRUE,TRUE,FALSE,TRUE,TRUE,TRUE,TRUE,"no_observed_zeros","ok","",""
"Qiita13631ASD","ASD Dan 2020",98,"balanced","Megamonas",0.985,0.98,0.99,98,99,17621,TRUE,TRUE,FALSE,TRUE,TRUE,TRUE,TRUE,"structural_absence_boundary_at_zero","ok","",""
"Qiita13631ASD","ASD Dan 2020",98,"balanced","Megasphaera",0.84,0.82,0.86,82,86,3264,TRUE,TRUE,TRUE,FALSE,TRUE,TRUE,TRUE,"ok","ok","",""
"Qiita13631ASD","ASD Dan 2020",98,"balanced","Oscillospira",1,1,1,100,100,11357,TRUE,TRUE,FALSE,TRUE,TRUE,TRUE,TRUE,"no_observed_zeros","ok","",""
"Qiita13631ASD","ASD Dan 2020",98,"balanced","Parabacteroides",1,1,1,100,100,24810,TRUE,TRUE,FALSE,TRUE,TRUE,TRUE,TRUE,"no_observed_zeros","ok","",""
"Qiita13631ASD","ASD Dan 2020",98,"balanced","Paraprevotella",0.835,0.86,0.81,86,81,2257,TRUE,TRUE,TRUE,FALSE,TRUE,TRUE,TRUE,"ok","ok","",""
"Qiita13631ASD","ASD Dan 2020",98,"balanced","Phascolarctobacterium",0.995,1,0.99,100,99,10677,TRUE,TRUE,FALSE,TRUE,TRUE,TRUE,TRUE,"structural_absence_boundary_at_zero","ok","",""
"Qiita13631ASD","ASD Dan 2020",98,"balanced","Prevotella",0.995,1,0.99,100,99,54921,TRUE,TRUE,FALSE,TRUE,TRUE,TRUE,TRUE,"structural_absence_boundary_at_zero","ok","",""
"Qiita13631ASD","ASD Dan 2020",98,"balanced","Roseburia",1,1,1,100,100,13424,TRUE,TRUE,FALSE,TRUE,TRUE,TRUE,TRUE,"no_observed_zeros","ok","",""
"Qiita13631ASD","ASD Dan 2020",98,"balanced","Ruminococcus",1,1,1,100,100,29145,TRUE,TRUE,FALSE,TRUE,TRUE,TRUE,TRUE,"no_observed_zeros","ok","",""
"Qiita13631ASD","ASD Dan 2020",98,"balanced","Streptococcus",0.995,0.99,1,99,100,2605,TRUE,TRUE,FALSE,TRUE,TRUE,TRUE,TRUE,"structural_absence_boundary_at_zero","ok","",""
"Qiita13631ASD","ASD Dan 2020",98,"balanced","Sutterella",1,1,1,100,100,14195,TRUE,TRUE,FALSE,TRUE,TRUE,TRUE,TRUE,"no_observed_zeros","ok","",""
"Qiita13631ASD","ASD Dan 2020",98,"balanced","Veillonella",0.985,0.97,1,97,100,6225,TRUE,TRUE,FALSE,TRUE,TRUE,TRUE,TRUE,"structural_absence_boundary_at_zero","ok","",""
"Qiita13631ASD","ASD Dan 2020",98,"fourfold","[Prevotella]",0.465,0.37,0.56,37,56,1212,TRUE,TRUE,TRUE,FALSE,TRUE,TRUE,TRUE,"ok","ok","",""
"Qiita13631ASD","ASD Dan 2020",98,"fourfold","[Ruminococcus]",0.995,0.99,1,99,100,10901,TRUE,TRUE,FALSE,TRUE,TRUE,TRUE,TRUE,"structural_absence_boundary_at_zero","ok","",""
"Qiita13631ASD","ASD Dan 2020",98,"fourfold","Akkermansia",0.655,0.52,0.79,52,79,2132,TRUE,TRUE,FALSE,TRUE,TRUE,TRUE,TRUE,"structural_absence_boundary_at_zero","ok","",""
"Qiita13631ASD","ASD Dan 2020",98,"fourfold","Anaerostipes",0.915,0.86,0.97,86,97,2424,TRUE,TRUE,TRUE,FALSE,TRUE,TRUE,TRUE,"ok","ok","",""
"Qiita13631ASD","ASD Dan 2020",98,"fourfold","Bacteroides",1,1,1,100,100,265398,TRUE,TRUE,FALSE,TRUE,TRUE,TRUE,TRUE,"no_observed_zeros","ok","",""
"Qiita13631ASD","ASD Dan 2020",98,"fourfold","Bifidobacterium",0.935,0.9,0.97,90,97,8766,TRUE,TRUE,FALSE,TRUE,TRUE,TRUE,TRUE,"structural_absence_boundary_at_zero","ok","",""
"Qiita13631ASD","ASD Dan 2020",98,"fourfold","Bilophila",0.875,0.78,0.97,78,97,1299,TRUE,TRUE,FALSE,TRUE,TRUE,TRUE,TRUE,"structural_absence_boundary_at_zero","ok","",""
"Qiita13631ASD","ASD Dan 2020",98,"fourfold","Blautia",0.99,0.99,0.99,99,99,4812,TRUE,TRUE,TRUE,FALSE,TRUE,TRUE,TRUE,"ok","ok","",""
"Qiita13631ASD","ASD Dan 2020",98,"fourfold","Clostridium",0.98,0.96,1,96,100,8033,TRUE,TRUE,FALSE,TRUE,TRUE,TRUE,TRUE,"structural_absence_boundary_at_zero","ok","",""
"Qiita13631ASD","ASD Dan 2020",98,"fourfold","Collinsella",0.66,0.52,0.8,52,80,660,TRUE,TRUE,FALSE,TRUE,TRUE,TRUE,TRUE,"structural_absence_boundary_at_zero","ok","",""
"Qiita13631ASD","ASD Dan 2020",98,"fourfold","Coprococcus",0.985,0.97,1,97,100,5855,TRUE,TRUE,TRUE,FALSE,TRUE,TRUE,TRUE,"ok","ok","",""
"Qiita13631ASD","ASD Dan 2020",98,"fourfold","Dialister",0.995,0.99,1,99,100,20199,TRUE,TRUE,FALSE,TRUE,TRUE,TRUE,TRUE,"structural_absence_boundary_at_zero","ok","",""
"Qiita13631ASD","ASD Dan 2020",98,"fourfold","Dorea",0.995,0.99,1,99,100,4608,TRUE,TRUE,FALSE,TRUE,TRUE,TRUE,TRUE,"structural_absence_boundary_at_zero","ok","",""
"Qiita13631ASD","ASD Dan 2020",98,"fourfold","Faecalibacterium",1,1,1,100,100,68611,TRUE,TRUE,FALSE,TRUE,TRUE,TRUE,TRUE,"no_observed_zeros","ok","",""
"Qiita13631ASD","ASD Dan 2020",98,"fourfold","Fusobacterium",0.445,0.29,0.6,29,60,1312,TRUE,TRUE,FALSE,TRUE,TRUE,TRUE,TRUE,"structural_absence_boundary_at_zero","ok","",""
"Qiita13631ASD","ASD Dan 2020",98,"fourfold","Haemophilus",0.9,0.82,0.98,82,98,4678,TRUE,TRUE,FALSE,TRUE,TRUE,TRUE,TRUE,"structural_absence_boundary_at_zero","ok","",""
"Qiita13631ASD","ASD Dan 2020",98,"fourfold","Lachnobacterium",0.65,0.51,0.79,51,79,908,TRUE,TRUE,TRUE,FALSE,TRUE,TRUE,TRUE,"ok","ok","",""
"Qiita13631ASD","ASD Dan 2020",98,"fourfold","Lachnospira",0.995,0.99,1,99,100,22817,TRUE,TRUE,TRUE,FALSE,TRUE,TRUE,TRUE,"ok","ok","",""
"Qiita13631ASD","ASD Dan 2020",98,"fourfold","Megamonas",0.985,0.98,0.99,98,99,14900,TRUE,TRUE,FALSE,TRUE,TRUE,TRUE,TRUE,"structural_absence_boundary_at_zero","ok","",""
"Qiita13631ASD","ASD Dan 2020",98,"fourfold","Megasphaera",0.795,0.68,0.91,68,91,2875,TRUE,TRUE,FALSE,TRUE,TRUE,TRUE,TRUE,"structural_absence_boundary_at_zero","ok","",""
"Qiita13631ASD","ASD Dan 2020",98,"fourfold","Oscillospira",1,1,1,100,100,9720,TRUE,TRUE,FALSE,TRUE,TRUE,TRUE,TRUE,"no_observed_zeros","ok","",""
"Qiita13631ASD","ASD Dan 2020",98,"fourfold","Parabacteroides",1,1,1,100,100,19397,TRUE,TRUE,FALSE,TRUE,TRUE,TRUE,TRUE,"no_observed_zeros","ok","",""
"Qiita13631ASD","ASD Dan 2020",98,"fourfold","Paraprevotella",0.76,0.62,0.9,62,90,1929,TRUE,TRUE,TRUE,FALSE,TRUE,TRUE,TRUE,"ok","ok","",""
"Qiita13631ASD","ASD Dan 2020",98,"fourfold","Phascolarctobacterium",0.965,0.93,1,93,100,8531,TRUE,TRUE,FALSE,TRUE,TRUE,TRUE,TRUE,"structural_absence_boundary_at_zero","ok","",""
"Qiita13631ASD","ASD Dan 2020",98,"fourfold","Prevotella",0.99,0.98,1,98,100,44676,TRUE,TRUE,FALSE,TRUE,TRUE,TRUE,TRUE,"structural_absence_boundary_at_zero","ok","",""
"Qiita13631ASD","ASD Dan 2020",98,"fourfold","Roseburia",1,1,1,100,100,11193,TRUE,TRUE,FALSE,TRUE,TRUE,TRUE,TRUE,"no_observed_zeros","ok","",""
"Qiita13631ASD","ASD Dan 2020",98,"fourfold","Ruminococcus",1,1,1,100,100,24268,TRUE,TRUE,FALSE,TRUE,TRUE,TRUE,TRUE,"no_observed_zeros","ok","",""
"Qiita13631ASD","ASD Dan 2020",98,"fourfold","Streptococcus",0.925,0.86,0.99,86,99,2275,TRUE,TRUE,FALSE,TRUE,TRUE,TRUE,TRUE,"structural_absence_boundary_at_zero","ok","",""
"Qiita13631ASD","ASD Dan 2020",98,"fourfold","Sutterella",1,1,1,100,100,11984,TRUE,TRUE,FALSE,TRUE,TRUE,TRUE,TRUE,"no_observed_zeros","ok","",""
"Qiita13631ASD","ASD Dan 2020",98,"fourfold","Veillonella",0.965,0.93,1,93,100,6259,TRUE,TRUE,FALSE,TRUE,TRUE,TRUE,TRUE,"structural_absence_boundary_at_zero","ok","",""
"Qiita13631ASD","ASD Dan 2020",99,"balanced","[Prevotella]",0.525,0.5,0.55,50,55,1547,TRUE,TRUE,TRUE,FALSE,TRUE,TRUE,TRUE,"ok","ok","",""
"Qiita13631ASD","ASD Dan 2020",99,"balanced","[Ruminococcus]",1,1,1,100,100,11638,TRUE,TRUE,FALSE,TRUE,TRUE,TRUE,TRUE,"no_observed_zeros","ok","",""
"Qiita13631ASD","ASD Dan 2020",99,"balanced","Akkermansia",0.78,0.79,0.77,79,77,3525,TRUE,TRUE,FALSE,TRUE,TRUE,TRUE,TRUE,"structural_absence_boundary_at_zero","ok","",""
"Qiita13631ASD","ASD Dan 2020",99,"balanced","Anaerostipes",0.965,0.96,0.97,96,97,2766,TRUE,TRUE,TRUE,FALSE,TRUE,TRUE,TRUE,"ok","ok","",""
"Qiita13631ASD","ASD Dan 2020",99,"balanced","Bacteroides",1,1,1,100,100,308467,TRUE,TRUE,FALSE,TRUE,TRUE,TRUE,TRUE,"no_observed_zeros","ok","",""
"Qiita13631ASD","ASD Dan 2020",99,"balanced","Bifidobacterium",0.965,0.96,0.97,96,97,8351,TRUE,TRUE,FALSE,TRUE,TRUE,TRUE,TRUE,"structural_absence_boundary_at_zero","ok","",""
"Qiita13631ASD","ASD Dan 2020",99,"balanced","Bilophila",0.98,0.97,0.99,97,99,1546,TRUE,TRUE,FALSE,TRUE,TRUE,TRUE,TRUE,"structural_absence_boundary_at_zero","ok","",""
"Qiita13631ASD","ASD Dan 2020",99,"balanced","Blautia",1,1,1,100,100,5450,TRUE,TRUE,FALSE,TRUE,TRUE,TRUE,TRUE,"no_observed_zeros","ok","",""
"Qiita13631ASD","ASD Dan 2020",99,"balanced","Clostridium",1,1,1,100,100,9008,TRUE,TRUE,FALSE,TRUE,TRUE,TRUE,TRUE,"no_observed_zeros","ok","",""
"Qiita13631ASD","ASD Dan 2020",99,"balanced","Collinsella",0.755,0.77,0.74,77,74,1097,TRUE,TRUE,FALSE,TRUE,TRUE,TRUE,TRUE,"structural_absence_boundary_at_zero","ok","",""
"Qiita13631ASD","ASD Dan 2020",99,"balanced","Coprococcus",0.99,0.99,0.99,99,99,7151,TRUE,TRUE,TRUE,FALSE,TRUE,TRUE,TRUE,"ok","ok","",""
"Qiita13631ASD","ASD Dan 2020",99,"balanced","Dialister",0.995,0.99,1,99,100,21722,TRUE,TRUE,TRUE,FALSE,TRUE,TRUE,TRUE,"ok","ok","",""
"Qiita13631ASD","ASD Dan 2020",99,"balanced","Dorea",1,1,1,100,100,5415,TRUE,TRUE,FALSE,TRUE,TRUE,TRUE,TRUE,"no_observed_zeros","ok","",""
"Qiita13631ASD","ASD Dan 2020",99,"balanced","Faecalibacterium",1,1,1,100,100,76100,TRUE,TRUE,FALSE,TRUE,TRUE,TRUE,TRUE,"no_observed_zeros","ok","",""
"Qiita13631ASD","ASD Dan 2020",99,"balanced","Fusobacterium",0.53,0.53,0.53,53,53,1219,TRUE,TRUE,FALSE,TRUE,TRUE,TRUE,TRUE,"structural_absence_boundary_at_zero","ok","",""
"Qiita13631ASD","ASD Dan 2020",99,"balanced","Haemophilus",0.99,0.99,0.99,99,99,4401,TRUE,TRUE,FALSE,TRUE,TRUE,TRUE,TRUE,"structural_absence_boundary_at_zero","ok","",""
"Qiita13631ASD","ASD Dan 2020",99,"balanced","Lachnobacterium",0.715,0.71,0.72,71,72,1115,TRUE,TRUE,TRUE,FALSE,TRUE,TRUE,TRUE,"ok","ok","",""
"Qiita13631ASD","ASD Dan 2020",99,"balanced","Lachnospira",1,1,1,100,100,24508,TRUE,TRUE,FALSE,TRUE,TRUE,TRUE,TRUE,"no_observed_zeros","ok","",""
"Qiita13631ASD","ASD Dan 2020",99,"balanced","Megamonas",0.995,0.99,1,99,100,16728,TRUE,TRUE,FALSE,TRUE,TRUE,TRUE,TRUE,"structural_absence_boundary_at_zero","ok","",""
"Qiita13631ASD","ASD Dan 2020",99,"balanced","Megasphaera",0.89,0.91,0.87,91,87,3395,TRUE,TRUE,FALSE,TRUE,TRUE,TRUE,TRUE,"structural_absence_boundary_at_zero","ok","",""
"Qiita13631ASD","ASD Dan 2020",99,"balanced","Oscillospira",1,1,1,100,100,11131,TRUE,TRUE,FALSE,TRUE,TRUE,TRUE,TRUE,"no_observed_zeros","ok","",""
"Qiita13631ASD","ASD Dan 2020",99,"balanced","Parabacteroides",1,1,1,100,100,24174,TRUE,TRUE,FALSE,TRUE,TRUE,TRUE,TRUE,"no_observed_zeros","ok","",""
"Qiita13631ASD","ASD Dan 2020",99,"balanced","Paraprevotella",0.805,0.78,0.83,78,83,2207,TRUE,TRUE,TRUE,FALSE,TRUE,TRUE,TRUE,"ok","ok","",""
"Qiita13631ASD","ASD Dan 2020",99,"balanced","Phascolarctobacterium",1,1,1,100,100,9827,TRUE,TRUE,FALSE,TRUE,TRUE,TRUE,TRUE,"no_observed_zeros","ok","",""
"Qiita13631ASD","ASD Dan 2020",99,"balanced","Prevotella",1,1,1,100,100,53866,TRUE,TRUE,FALSE,TRUE,TRUE,TRUE,TRUE,"no_observed_zeros","ok","",""
"Qiita13631ASD","ASD Dan 2020",99,"balanced","Roseburia",1,1,1,100,100,12932,TRUE,TRUE,FALSE,TRUE,TRUE,TRUE,TRUE,"no_observed_zeros","ok","",""
"Qiita13631ASD","ASD Dan 2020",99,"balanced","Ruminococcus",1,1,1,100,100,27543,TRUE,TRUE,FALSE,TRUE,TRUE,TRUE,TRUE,"no_observed_zeros","ok","",""
"Qiita13631ASD","ASD Dan 2020",99,"balanced","Streptococcus",0.99,1,0.98,100,98,2512,TRUE,TRUE,FALSE,TRUE,TRUE,TRUE,TRUE,"structural_absence_boundary_at_zero","ok","",""
"Qiita13631ASD","ASD Dan 2020",99,"balanced","Sutterella",1,1,1,100,100,14154,TRUE,TRUE,FALSE,TRUE,TRUE,TRUE,TRUE,"no_observed_zeros","ok","",""
"Qiita13631ASD","ASD Dan 2020",99,"balanced","Veillonella",0.99,0.98,1,98,100,5568,TRUE,TRUE,FALSE,TRUE,TRUE,TRUE,TRUE,"structural_absence_boundary_at_zero","ok","",""
"Qiita13631ASD","ASD Dan 2020",99,"fourfold","[Prevotella]",0.46,0.32,0.6,32,60,1100,TRUE,TRUE,TRUE,FALSE,TRUE,TRUE,TRUE,"ok","ok","",""
"Qiita13631ASD","ASD Dan 2020",99,"fourfold","[Ruminococcus]",1,1,1,100,100,10349,TRUE,TRUE,FALSE,TRUE,TRUE,TRUE,TRUE,"no_observed_zeros","ok","",""
"Qiita13631ASD","ASD Dan 2020",99,"fourfold","Akkermansia",0.71,0.54,0.88,54,88,3356,TRUE,TRUE,FALSE,TRUE,TRUE,TRUE,TRUE,"structural_absence_boundary_at_zero","ok","",""
"Qiita13631ASD","ASD Dan 2020",99,"fourfold","Anaerostipes",0.9,0.81,0.99,81,99,2348,TRUE,TRUE,TRUE,FALSE,TRUE,TRUE,TRUE,"ok","ok","",""
"Qiita13631ASD","ASD Dan 2020",99,"fourfold","Bacteroides",1,1,1,100,100,274294,TRUE,TRUE,FALSE,TRUE,TRUE,TRUE,TRUE,"no_observed_zeros","ok","",""
"Qiita13631ASD","ASD Dan 2020",99,"fourfold","Bifidobacterium",0.93,0.87,0.99,87,99,9031,TRUE,TRUE,FALSE,TRUE,TRUE,TRUE,TRUE,"structural_absence_boundary_at_zero","ok","",""
"Qiita13631ASD","ASD Dan 2020",99,"fourfold","Bilophila",0.875,0.76,0.99,76,99,1435,TRUE,TRUE,TRUE,FALSE,TRUE,TRUE,TRUE,"ok","ok","",""
"Qiita13631ASD","ASD Dan 2020",99,"fourfold","Blautia",0.985,0.97,1,97,100,4865,TRUE,TRUE,TRUE,FALSE,TRUE,TRUE,TRUE,"ok","ok","",""
"Qiita13631ASD","ASD Dan 2020",99,"fourfold","Clostridium",0.99,0.98,1,98,100,8539,TRUE,TRUE,FALSE,TRUE,TRUE,TRUE,TRUE,"structural_absence_boundary_at_zero","ok","",""
"Qiita13631ASD","ASD Dan 2020",99,"fourfold","Collinsella",0.66,0.53,0.79,53,79,653,TRUE,TRUE,FALSE,TRUE,TRUE,TRUE,TRUE,"structural_absence_boundary_at_zero","ok","",""
"Qiita13631ASD","ASD Dan 2020",99,"fourfold","Coprococcus",0.995,0.99,1,99,100,6150,TRUE,TRUE,FALSE,TRUE,TRUE,TRUE,TRUE,"structural_absence_boundary_at_zero","ok","",""
"Qiita13631ASD","ASD Dan 2020",99,"fourfold","Dialister",0.99,0.98,1,98,100,20376,TRUE,TRUE,FALSE,TRUE,TRUE,TRUE,TRUE,"structural_absence_boundary_at_zero","ok","",""
"Qiita13631ASD","ASD Dan 2020",99,"fourfold","Dorea",0.99,0.98,1,98,100,4853,TRUE,TRUE,FALSE,TRUE,TRUE,TRUE,TRUE,"structural_absence_boundary_at_zero","ok","",""
"Qiita13631ASD","ASD Dan 2020",99,"fourfold","Faecalibacterium",1,1,1,100,100,69359,TRUE,TRUE,FALSE,TRUE,TRUE,TRUE,TRUE,"no_observed_zeros","ok","",""
"Qiita13631ASD","ASD Dan 2020",99,"fourfold","Fusobacterium",0.475,0.35,0.6,35,60,1000,TRUE,TRUE,FALSE,TRUE,TRUE,TRUE,TRUE,"structural_absence_boundary_at_zero","ok","",""
"Qiita13631ASD","ASD Dan 2020",99,"fourfold","Haemophilus",0.92,0.85,0.99,85,99,4728,TRUE,TRUE,FALSE,TRUE,TRUE,TRUE,TRUE,"structural_absence_boundary_at_zero","ok","",""
"Qiita13631ASD","ASD Dan 2020",99,"fourfold","Lachnobacterium",0.69,0.58,0.8,58,80,1013,TRUE,TRUE,TRUE,FALSE,TRUE,TRUE,TRUE,"ok","ok","",""
"Qiita13631ASD","ASD Dan 2020",99,"fourfold","Lachnospira",0.995,0.99,1,99,100,21988,TRUE,TRUE,TRUE,FALSE,TRUE,TRUE,TRUE,"ok","ok","",""
"Qiita13631ASD","ASD Dan 2020",99,"fourfold","Megamonas",0.98,0.96,1,96,100,19619,TRUE,TRUE,FALSE,TRUE,TRUE,TRUE,TRUE,"structural_absence_boundary_at_zero","ok","",""
"Qiita13631ASD","ASD Dan 2020",99,"fourfold","Megasphaera",0.77,0.68,0.86,68,86,3135,TRUE,TRUE,TRUE,FALSE,TRUE,TRUE,TRUE,"ok","ok","",""
"Qiita13631ASD","ASD Dan 2020",99,"fourfold","Oscillospira",1,1,1,100,100,9760,TRUE,TRUE,FALSE,TRUE,TRUE,TRUE,TRUE,"no_observed_zeros","ok","",""
"Qiita13631ASD","ASD Dan 2020",99,"fourfold","Parabacteroides",1,1,1,100,100,21448,TRUE,TRUE,FALSE,TRUE,TRUE,TRUE,TRUE,"no_observed_zeros","ok","",""
"Qiita13631ASD","ASD Dan 2020",99,"fourfold","Paraprevotella",0.745,0.6,0.89,60,89,1893,TRUE,TRUE,TRUE,FALSE,TRUE,TRUE,TRUE,"ok","ok","",""
"Qiita13631ASD","ASD Dan 2020",99,"fourfold","Phascolarctobacterium",0.99,0.98,1,98,100,10585,TRUE,TRUE,FALSE,TRUE,TRUE,TRUE,TRUE,"structural_absence_boundary_at_zero","ok","",""
"Qiita13631ASD","ASD Dan 2020",99,"fourfold","Prevotella",0.985,0.97,1,97,100,45307,TRUE,TRUE,FALSE,TRUE,TRUE,TRUE,TRUE,"structural_absence_boundary_at_zero","ok","",""
"Qiita13631ASD","ASD Dan 2020",99,"fourfold","Roseburia",1,1,1,100,100,11258,TRUE,TRUE,FALSE,TRUE,TRUE,TRUE,TRUE,"no_observed_zeros","ok","",""
"Qiita13631ASD","ASD Dan 2020",99,"fourfold","Ruminococcus",1,1,1,100,100,26642,TRUE,TRUE,FALSE,TRUE,TRUE,TRUE,TRUE,"no_observed_zeros","ok","",""
"Qiita13631ASD","ASD Dan 2020",99,"fourfold","Streptococcus",0.92,0.84,1,84,100,2263,TRUE,TRUE,FALSE,TRUE,TRUE,TRUE,TRUE,"structural_absence_boundary_at_zero","ok","",""
"Qiita13631ASD","ASD Dan 2020",99,"fourfold","Sutterella",1,1,1,100,100,13480,TRUE,TRUE,FALSE,TRUE,TRUE,TRUE,TRUE,"no_observed_zeros","ok","",""
"Qiita13631ASD","ASD Dan 2020",99,"fourfold","Veillonella",0.965,0.93,1,93,100,4445,TRUE,TRUE,FALSE,TRUE,TRUE,TRUE,TRUE,"structural_absence_boundary_at_zero","ok","",""
"Qiita13631ASD","ASD Dan 2020",100,"balanced","[Prevotella]",0.52,0.51,0.53,51,53,1639,TRUE,TRUE,TRUE,FALSE,TRUE,TRUE,TRUE,"ok","ok","",""
"Qiita13631ASD","ASD Dan 2020",100,"balanced","[Ruminococcus]",1,1,1,100,100,11937,TRUE,TRUE,FALSE,TRUE,TRUE,TRUE,TRUE,"no_observed_zeros","ok","",""
"Qiita13631ASD","ASD Dan 2020",100,"balanced","Akkermansia",0.765,0.78,0.75,78,75,2928,TRUE,TRUE,FALSE,TRUE,TRUE,TRUE,TRUE,"structural_absence_boundary_at_zero","ok","",""
"Qiita13631ASD","ASD Dan 2020",100,"balanced","Anaerostipes",0.975,0.98,0.97,98,97,2743,TRUE,TRUE,FALSE,TRUE,TRUE,TRUE,TRUE,"structural_absence_boundary_at_zero","ok","",""
"Qiita13631ASD","ASD Dan 2020",100,"balanced","Bacteroides",1,1,1,100,100,304541,TRUE,TRUE,FALSE,TRUE,TRUE,TRUE,TRUE,"no_observed_zeros","ok","",""
"Qiita13631ASD","ASD Dan 2020",100,"balanced","Bifidobacterium",0.965,0.99,0.94,99,94,7031,TRUE,TRUE,FALSE,TRUE,TRUE,TRUE,TRUE,"structural_absence_boundary_at_zero","ok","",""
"Qiita13631ASD","ASD Dan 2020",100,"balanced","Bilophila",0.955,0.95,0.96,95,96,1439,TRUE,TRUE,FALSE,TRUE,TRUE,TRUE,TRUE,"structural_absence_boundary_at_zero","ok","",""
"Qiita13631ASD","ASD Dan 2020",100,"balanced","Blautia",1,1,1,100,100,5199,TRUE,TRUE,FALSE,TRUE,TRUE,TRUE,TRUE,"no_observed_zeros","ok","",""
"Qiita13631ASD","ASD Dan 2020",100,"balanced","Clostridium",1,1,1,100,100,8636,TRUE,TRUE,FALSE,TRUE,TRUE,TRUE,TRUE,"no_observed_zeros","ok","",""
"Qiita13631ASD","ASD Dan 2020",100,"balanced","Collinsella",0.71,0.71,0.71,71,71,1029,TRUE,TRUE,FALSE,TRUE,TRUE,TRUE,TRUE,"structural_absence_boundary_at_zero","ok","",""
"Qiita13631ASD","ASD Dan 2020",100,"balanced","Coprococcus",1,1,1,100,100,6414,TRUE,TRUE,FALSE,TRUE,TRUE,TRUE,TRUE,"no_observed_zeros","ok","",""
"Qiita13631ASD","ASD Dan 2020",100,"balanced","Dialister",0.995,0.99,1,99,100,24839,TRUE,TRUE,TRUE,FALSE,TRUE,TRUE,TRUE,"ok","ok","",""
"Qiita13631ASD","ASD Dan 2020",100,"balanced","Dorea",1,1,1,100,100,5478,TRUE,TRUE,FALSE,TRUE,TRUE,TRUE,TRUE,"no_observed_zeros","ok","",""
"Qiita13631ASD","ASD Dan 2020",100,"balanced","Faecalibacterium",1,1,1,100,100,77816,TRUE,TRUE,FALSE,TRUE,TRUE,TRUE,TRUE,"no_observed_zeros","ok","",""
"Qiita13631ASD","ASD Dan 2020",100,"balanced","Fusobacterium",0.495,0.51,0.48,51,48,1286,TRUE,TRUE,FALSE,TRUE,TRUE,TRUE,TRUE,"structural_absence_boundary_at_zero","ok","",""
"Qiita13631ASD","ASD Dan 2020",100,"balanced","Haemophilus",0.975,0.98,0.97,98,97,5761,TRUE,TRUE,FALSE,TRUE,TRUE,TRUE,TRUE,"structural_absence_boundary_at_zero","ok","",""
"Qiita13631ASD","ASD Dan 2020",100,"balanced","Lachnobacterium",0.7,0.7,0.7,70,70,930,TRUE,TRUE,TRUE,FALSE,TRUE,TRUE,TRUE,"ok","ok","",""
"Qiita13631ASD","ASD Dan 2020",100,"balanced","Lachnospira",1,1,1,100,100,26279,TRUE,TRUE,FALSE,TRUE,TRUE,TRUE,TRUE,"no_observed_zeros","ok","",""
"Qiita13631ASD","ASD Dan 2020",100,"balanced","Megamonas",0.99,0.98,1,98,100,17788,TRUE,TRUE,FALSE,TRUE,TRUE,TRUE,TRUE,"structural_absence_boundary_at_zero","ok","",""
"Qiita13631ASD","ASD Dan 2020",100,"balanced","Megasphaera",0.875,0.88,0.87,88,87,3399,TRUE,TRUE,FALSE,TRUE,TRUE,TRUE,TRUE,"structural_absence_boundary_at_zero","ok","",""
"Qiita13631ASD","ASD Dan 2020",100,"balanced","Oscillospira",1,1,1,100,100,10824,TRUE,TRUE,FALSE,TRUE,TRUE,TRUE,TRUE,"no_observed_zeros","ok","",""
"Qiita13631ASD","ASD Dan 2020",100,"balanced","Parabacteroides",0.995,0.99,1,99,100,23231,TRUE,TRUE,TRUE,FALSE,TRUE,TRUE,TRUE,"ok","ok","",""
"Qiita13631ASD","ASD Dan 2020",100,"balanced","Paraprevotella",0.835,0.81,0.86,81,86,2545,TRUE,TRUE,TRUE,FALSE,TRUE,TRUE,TRUE,"ok","ok","",""
"Qiita13631ASD","ASD Dan 2020",100,"balanced","Phascolarctobacterium",1,1,1,100,100,9945,TRUE,TRUE,FALSE,TRUE,TRUE,TRUE,TRUE,"no_observed_zeros","ok","",""
"Qiita13631ASD","ASD Dan 2020",100,"balanced","Prevotella",1,1,1,100,100,52360,TRUE,TRUE,FALSE,TRUE,TRUE,TRUE,TRUE,"no_observed_zeros","ok","",""
"Qiita13631ASD","ASD Dan 2020",100,"balanced","Roseburia",1,1,1,100,100,12389,TRUE,TRUE,FALSE,TRUE,TRUE,TRUE,TRUE,"no_observed_zeros","ok","",""
"Qiita13631ASD","ASD Dan 2020",100,"balanced","Ruminococcus",1,1,1,100,100,28500,TRUE,TRUE,FALSE,TRUE,TRUE,TRUE,TRUE,"no_observed_zeros","ok","",""
"Qiita13631ASD","ASD Dan 2020",100,"balanced","Streptococcus",0.985,0.99,0.98,99,98,2711,TRUE,TRUE,FALSE,TRUE,TRUE,TRUE,TRUE,"structural_absence_boundary_at_zero","ok","",""
"Qiita13631ASD","ASD Dan 2020",100,"balanced","Sutterella",1,1,1,100,100,13800,TRUE,TRUE,FALSE,TRUE,TRUE,TRUE,TRUE,"no_observed_zeros","ok","",""
"Qiita13631ASD","ASD Dan 2020",100,"balanced","Veillonella",0.995,1,0.99,100,99,7557,TRUE,TRUE,FALSE,TRUE,TRUE,TRUE,TRUE,"structural_absence_boundary_at_zero","ok","",""
"Qiita13631ASD","ASD Dan 2020",100,"fourfold","[Prevotella]",0.505,0.43,0.58,43,58,1094,TRUE,TRUE,TRUE,FALSE,TRUE,TRUE,TRUE,"ok","ok","",""
"Qiita13631ASD","ASD Dan 2020",100,"fourfold","[Ruminococcus]",1,1,1,100,100,10913,TRUE,TRUE,FALSE,TRUE,TRUE,TRUE,TRUE,"no_observed_zeros","ok","",""
"Qiita13631ASD","ASD Dan 2020",100,"fourfold","Akkermansia",0.7,0.55,0.85,55,85,2810,TRUE,TRUE,FALSE,TRUE,TRUE,TRUE,TRUE,"structural_absence_boundary_at_zero","ok","",""
"Qiita13631ASD","ASD Dan 2020",100,"fourfold","Anaerostipes",0.945,0.91,0.98,91,98,2974,TRUE,TRUE,TRUE,FALSE,TRUE,TRUE,TRUE,"ok","ok","",""
"Qiita13631ASD","ASD Dan 2020",100,"fourfold","Bacteroides",1,1,1,100,100,295914,TRUE,TRUE,FALSE,TRUE,TRUE,TRUE,TRUE,"no_observed_zeros","ok","",""
"Qiita13631ASD","ASD Dan 2020",100,"fourfold","Bifidobacterium",0.94,0.89,0.99,89,99,7249,TRUE,TRUE,FALSE,TRUE,TRUE,TRUE,TRUE,"structural_absence_boundary_at_zero","ok","",""
"Qiita13631ASD","ASD Dan 2020",100,"fourfold","Bilophila",0.935,0.88,0.99,88,99,1437,TRUE,TRUE,FALSE,TRUE,TRUE,TRUE,TRUE,"structural_absence_boundary_at_zero","ok","",""
"Qiita13631ASD","ASD Dan 2020",100,"fourfold","Blautia",0.99,0.98,1,98,100,5894,TRUE,TRUE,FALSE,TRUE,TRUE,TRUE,TRUE,"structural_absence_boundary_at_zero","ok","",""
"Qiita13631ASD","ASD Dan 2020",100,"fourfold","Clostridium",0.995,0.99,1,99,100,8096,TRUE,TRUE,FALSE,TRUE,TRUE,TRUE,TRUE,"structural_absence_boundary_at_zero","ok","",""
"Qiita13631ASD","ASD Dan 2020",100,"fourfold","Collinsella",0.665,0.54,0.79,54,79,697,TRUE,TRUE,FALSE,TRUE,TRUE,TRUE,TRUE,"structural_absence_boundary_at_zero","ok","",""
"Qiita13631ASD","ASD Dan 2020",100,"fourfold","Coprococcus",0.985,0.98,0.99,98,99,7154,TRUE,TRUE,TRUE,FALSE,TRUE,TRUE,TRUE,"ok","ok","",""
"Qiita13631ASD","ASD Dan 2020",100,"fourfold","Dialister",0.99,0.98,1,98,100,21661,TRUE,TRUE,FALSE,TRUE,TRUE,TRUE,TRUE,"structural_absence_boundary_at_zero","ok","",""
"Qiita13631ASD","ASD Dan 2020",100,"fourfold","Dorea",0.995,0.99,1,99,100,4882,TRUE,TRUE,FALSE,TRUE,TRUE,TRUE,TRUE,"structural_absence_boundary_at_zero","ok","",""
"Qiita13631ASD","ASD Dan 2020",100,"fourfold","Faecalibacterium",1,1,1,100,100,73104,TRUE,TRUE,FALSE,TRUE,TRUE,TRUE,TRUE,"no_observed_zeros","ok","",""
"Qiita13631ASD","ASD Dan 2020",100,"fourfold","Fusobacterium",0.475,0.34,0.61,34,61,808,TRUE,TRUE,FALSE,TRUE,TRUE,TRUE,TRUE,"structural_absence_boundary_at_zero","ok","",""
"Qiita13631ASD","ASD Dan 2020",100,"fourfold","Haemophilus",0.95,0.92,0.98,92,98,4103,TRUE,TRUE,FALSE,TRUE,TRUE,TRUE,TRUE,"structural_absence_boundary_at_zero","ok","",""
"Qiita13631ASD","ASD Dan 2020",100,"fourfold","Lachnobacterium",0.635,0.45,0.82,45,82,1145,TRUE,TRUE,TRUE,FALSE,TRUE,TRUE,TRUE,"ok","ok","",""
"Qiita13631ASD","ASD Dan 2020",100,"fourfold","Lachnospira",1,1,1,100,100,25882,TRUE,TRUE,FALSE,TRUE,TRUE,TRUE,TRUE,"no_observed_zeros","ok","",""
"Qiita13631ASD","ASD Dan 2020",100,"fourfold","Megamonas",0.99,0.99,0.99,99,99,15928,TRUE,TRUE,FALSE,TRUE,TRUE,TRUE,TRUE,"structural_absence_boundary_at_zero","ok","",""
"Qiita13631ASD","ASD Dan 2020",100,"fourfold","Megasphaera",0.805,0.67,0.94,67,94,3418,TRUE,TRUE,TRUE,FALSE,TRUE,TRUE,TRUE,"ok","ok","",""
"Qiita13631ASD","ASD Dan 2020",100,"fourfold","Oscillospira",0.995,0.99,1,99,100,10533,TRUE,TRUE,TRUE,FALSE,TRUE,TRUE,TRUE,"ok","ok","",""
"Qiita13631ASD","ASD Dan 2020",100,"fourfold","Parabacteroides",1,1,1,100,100,21894,TRUE,TRUE,FALSE,TRUE,TRUE,TRUE,TRUE,"no_observed_zeros","ok","",""
"Qiita13631ASD","ASD Dan 2020",100,"fourfold","Paraprevotella",0.76,0.61,0.91,61,91,2213,TRUE,TRUE,FALSE,TRUE,TRUE,TRUE,TRUE,"structural_absence_boundary_at_zero","ok","",""
"Qiita13631ASD","ASD Dan 2020",100,"fourfold","Phascolarctobacterium",0.985,0.97,1,97,100,11173,TRUE,TRUE,FALSE,TRUE,TRUE,TRUE,TRUE,"structural_absence_boundary_at_zero","ok","",""
"Qiita13631ASD","ASD Dan 2020",100,"fourfold","Prevotella",0.99,0.98,1,98,100,40410,TRUE,TRUE,FALSE,TRUE,TRUE,TRUE,TRUE,"structural_absence_boundary_at_zero","ok","",""
"Qiita13631ASD","ASD Dan 2020",100,"fourfold","Roseburia",0.995,0.99,1,99,100,12392,TRUE,TRUE,FALSE,TRUE,TRUE,TRUE,TRUE,"structural_absence_boundary_at_zero","ok","",""
"Qiita13631ASD","ASD Dan 2020",100,"fourfold","Ruminococcus",0.99,0.98,1,98,100,26940,TRUE,TRUE,TRUE,FALSE,TRUE,TRUE,TRUE,"ok","ok","",""
"Qiita13631ASD","ASD Dan 2020",100,"fourfold","Streptococcus",0.945,0.89,1,89,100,2662,TRUE,TRUE,FALSE,TRUE,TRUE,TRUE,TRUE,"structural_absence_boundary_at_zero","ok","",""
"Qiita13631ASD","ASD Dan 2020",100,"fourfold","Sutterella",1,1,1,100,100,13754,TRUE,TRUE,FALSE,TRUE,TRUE,TRUE,TRUE,"no_observed_zeros","ok","",""
"Qiita13631ASD","ASD Dan 2020",100,"fourfold","Veillonella",0.96,0.93,0.99,93,99,5343,TRUE,TRUE,FALSE,TRUE,TRUE,TRUE,TRUE,"structural_absence_boundary_at_zero","ok","",""
